age,workclass,fnlwgt,education,education.num,marital.status,occupation,relationship,race,sex,capital.gain,capital.loss,hours.per.week,native.country,income
,?,189484.39, HS-grad,,?,?,?,?,?,,87.670456,, United-States,?
38.579506,?,,?,, Married-civ-spouse, Craft-repair,?,?,?,,,,?,?
,?,189484.39,?,,?,?,?,?,?,,,,?,?
,?,, HS-grad,,?,?,?, White,?,1082.9701,,,?, <=50K
, Private,189484.39,?,,?, Craft-repair,?,?, Male,,,,?,?
,?,,?,,?,?,?,?,?,,,, United-States,?
,?,189484.39,?,,?, Craft-repair,?,?,?,,,,?,?
,?,, HS-grad,,?, Craft-repair,?, White,?,,,40.425713,?, <=50K
,?,,?,,?,?,?, White,?,,,,?,?
,?,,?,,?,?,?, White,?,,87.670456,,?,?
38.579506,?,189484.39,?,,?,?, Husband,?, Male,,,,?,?
,?,,?,,?,?,?, White,?,,,,?,?
,?,189484.39,?,, Married-civ-spouse,?,?,?,?,1082.9701,,, United-States,?
, Private,,?,,?, Craft-repair,?, White,?,,,40.425713,?,?
38.579506,?,189484.39,?,10.067414,?,?,?,?,?,,87.670456,40.425713, United-States,?
,?,189484.39,?,,?,?,?,?, Male,,87.670456,,?,?
38.579506,?,,?,,?,?,?, White,?,,,,?,?
,?,189484.39,?,,?,?,?,?,?,,,40.425713,?, <=50K
,?,189484.39,?,,?,?,?,?,?,,,,?,?
,?,,?,10.067414,?, Craft-repair,?,?,?,,87.670456,,?,?
,?,189484.39,?,,?,?,?,?,?,1082.9701,,,?,?
38.579506,?,, HS-grad,,?,?,?, White,?,,87.670456,,?,?
, Private,, HS-grad,10.067414,?,?,?,?,?,1082.9701,,,?,?
38.579506,?,,?,,?, Craft-repair,?,?, Male,,,,?,?
,?,,?,10.067414, Married-civ-spouse,?, Husband,?, Male,,,,?,?
, Private,,?,, Married-civ-spouse, Craft-repair,?, White,?,,,,?,?
,?,,?,, Married-civ-spouse,?, Husband,?,?,,,40.425713, United-States,?
,?,, HS-grad,,?,?,?,?,?,,,,?,?
,?,, HS-grad,,?,?,?, White,?,,,,?,?
,?,,?,,?, Craft-repair,?,?,?,,,,?, <=50K
,?,,?,,?,?,?, White,?,,87.670456,40.425713,?,?
, Private,189484.39,?,,?, Craft-repair,?, White, Male,,,,?,?
,?,,?,,?,?,?,?,?,,,,?,?
,?,,?,, Married-civ-spouse,?,?,?, Male,,87.670456,,?,?
,?,,?,,?,?,?,?, Male,,,40.425713, United-States,?
,?,,?,,?,?,?,?, Male,1082.9701,,, United-States,?
,?,,?,, Married-civ-spouse,?,?,?,?,,,,?,?
,?,,?,,?,?, Husband, White, Male,1082.9701,,40.425713,?, <=50K
,?,,?,,?,?,?,?,?,,,40.425713,?,?
,?,189484.39, HS-grad,,?,?,?,?,?,,,,?,?
38.579506,?,,?,,?, Craft-repair,?, White, Male,,,40.425713,?,?
,?,, HS-grad,,?,?, Husband,?,?,1082.9701,,,?,?
,?,189484.39, HS-grad,,?,?,?,?,?,1082.9701,,,?,?
,?,189484.39,?,,?,?,?, White,?,,87.670456,40.425713,?,?
, Private,,?,10.067414,?,?,?,?,?,,,, United-States, <=50K
38.579506,?,,?,,?,?,?,?, Male,1082.9701,,,?,?
38.579506,?,,?,,?,?,?,?,?,,87.670456,,?,?
38.579506,?,189484.39,?,,?,?,?,?,?,,,,?, <=50K
38.579506,?,,?,10.067414,?,?, Husband,?,?,,,,?,?
,?,, HS-grad,,?,?,?, White, Male,,,40.425713,?,?
,?,,?,10.067414,?,?,?,?,?,,87.670456,,?,?
, Private,,?,10.067414,?,?,?,?,?,,,40.425713, United-States, <=50K
, Private,,?,,?,?,?,?,?,,,40.425713,?,?
,?,,?,,?,?, Husband,?,?,1082.9701,,,?,?
38.579506,?,, HS-grad,,?,?,?,?,?,,,,?,?
, Private,189484.39,?,,?,?,?, White, Male,,87.670456,, United-States,?
,?,,?,10.067414,?,?,?,?,?,1082.9701,,,?,?
38.579506,?,,?,,?,?,?, White,?,,,,?,?
,?,, HS-grad,,?,?,?,?,?,,,,?,?
,?,,?,,?, Craft-repair,?,?,?,,87.670456,,?,?
,?,,?,,?,?, Husband,?,?,,,,?,?
,?,,?,10.067414,?, Craft-repair,?,?, Male,,,,?,?
,?,,?,, Married-civ-spouse, Craft-repair,?,?,?,,,40.425713, United-States,?
,?,,?,10.067414,?, Craft-repair,?,?,?,,,40.425713,?,?
,?,,?,10.067414,?, Craft-repair,?,?,?,,,,?,?
,?,,?,,?,?,?, White,?,,,40.425713,?,?
,?,, HS-grad,,?, Craft-repair,?, White,?,1082.9701,,,?,?
,?,, HS-grad,, Married-civ-spouse, Craft-repair,?, White, Male,,87.670456,40.425713,?,?
,?,189484.39,?,,?, Craft-repair, Husband,?,?,,,,?,?
,?,,?,, Married-civ-spouse, Craft-repair, Husband,?,?,,,, United-States,?
,?,,?,,?,?,?, White,?,1082.9701,,,?,?
,?,,?,, Married-civ-spouse,?,?, White,?,,,,?,?
, Private,,?,,?,?,?,?,?,,,,?, <=50K
38.579506,?,,?,, Married-civ-spouse,?, Husband, White,?,,87.670456,, United-States, <=50K
,?,,?,, Married-civ-spouse, Craft-repair,?,?,?,,,,?,?
,?,, HS-grad,,?,?,?,?,?,1082.9701,,40.425713,?,?
38.579506, Private,,?,,?,?,?, White,?,,87.670456,,?,?
38.579506, Private,,?,10.067414,?,?,?,?,?,,,,?,?
,?,,?,,?,?, Husband,?,?,,87.670456,,?,?
38.579506,?,,?,, Married-civ-spouse,?,?,?,?,,,40.425713,?, <=50K
,?,,?,,?,?,?, White,?,,,,?, <=50K
,?,,?,10.067414, Married-civ-spouse,?,?,?,?,,,,?,?
, Private,,?,,?,?, Husband,?, Male,,,,?,?
, Private,, HS-grad,10.067414,?, Craft-repair,?, White,?,1082.9701,,,?,?
,?,,?,,?,?,?,?, Male,,87.670456,, United-States,?
, Private,,?,,?,?,?,?,?,,87.670456,,?,?
, Private,,?,10.067414, Married-civ-spouse,?,?,?,?,,,,?, <=50K
38.579506,?,, HS-grad,,?,?,?,?,?,,,,?, <=50K
38.579506,?,189484.39, HS-grad,10.067414,?,?, Husband, White,?,,87.670456,,?,?
,?,,?,,?, Craft-repair,?,?, Male,1082.9701,,,?, <=50K
, Private,,?,, Married-civ-spouse,?,?,?,?,,,, United-States,?
,?,, HS-grad,,?,?, Husband,?,?,,,,?, <=50K
38.579506,?,,?,,?,?,?,?,?,,,,?,?
, Private,,?,,?,?,?,?,?,,,, United-States,?
,?,,?,10.067414,?,?,?,?,?,,87.670456,,?,?
,?,,?,,?, Craft-repair,?, White, Male,,,40.425713,?,?
, Private,189484.39,?,, Married-civ-spouse, Craft-repair,?,?,?,,87.670456,, United-States,?
,?,, HS-grad,10.067414, Married-civ-spouse,?,?, White, Male,,,,?,?
,?,189484.39,?,,?,?, Husband,?,?,,,, United-States,?
,?,189484.39,?,,?,?,?,?,?,,,,?,?
38.579506,?,189484.39, HS-grad,10.067414,?,?, Husband,?,?,,,,?,?
,?,,?,,?,?, Husband, White,?,,87.670456,40.425713,?,?
,?,,?,,?,?,?, White,?,1082.9701,,, United-States,?
38.579506,?,, HS-grad,,?,?,?,?,?,1082.9701,,40.425713,?,?
,?,189484.39,?,,?,?,?,?,?,,,,?,?
,?,,?,, Married-civ-spouse,?,?,?,?,,,40.425713, United-States,?
,?,,?,,?,?,?,?, Male,,,,?,?
,?,189484.39,?,,?,?,?,?,?,1082.9701,87.670456,,?,?
38.579506, Private,,?,,?,?, Husband,?,?,,87.670456,,?, <=50K
38.579506, Private,,?,,?, Craft-repair,?,?, Male,,,,?,?
,?,,?,,?, Craft-repair,?,?,?,,,40.425713,?,?
38.579506,?,,?,,?,?,?,?,?,,87.670456,, United-States,?
,?,, HS-grad,,?, Craft-repair,?,?,?,,87.670456,40.425713,?,?
,?,,?,,?, Craft-repair,?,?,?,,87.670456,,?,?
,?,, HS-grad,,?,?, Husband,?,?,,,,?,?
, Private,, HS-grad,,?, Craft-repair,?,?,?,,,,?, <=50K
,?,,?,,?,?, Husband,?,?,,,,?,?
,?,,?,,?,?,?,?,?,,,, United-States,?
,?,189484.39, HS-grad,,?, Craft-repair,?,?,?,,,40.425713,?,?
,?,, HS-grad,,?,?,?,?,?,1082.9701,,, United-States,?
38.579506,?,189484.39,?,, Married-civ-spouse, Craft-repair,?, White,?,,,, United-States,?
38.579506,?,, HS-grad,,?, Craft-repair,?, White,?,1082.9701,,,?,?
, Private,189484.39,?,10.067414, Married-civ-spouse,?,?,?, Male,,,40.425713,?,?
, Private,189484.39,?,,?, Craft-repair,?,?,?,,,,?,?
,?,, HS-grad,10.067414,?,?,?,?,?,1082.9701,87.670456,,?,?
,?,189484.39,?,, Married-civ-spouse,?,?,?, Male,,,,?,?
,?,,?,, Married-civ-spouse, Craft-repair,?,?,?,,87.670456,40.425713,?,?
,?,,?,, Married-civ-spouse,?,?,?,?,1082.9701,,, United-States,?
38.579506,?,,?,,?,?, Husband,?,?,1082.9701,,,?,?
38.579506,?,,?,,?, Craft-repair,?,?,?,1082.9701,87.670456,,?,?
,?,189484.39,?,,?,?,?, White, Male,,,40.425713,?, <=50K
, Private,, HS-grad,,?,?,?, White,?,,,40.425713, United-States,?
,?,,?,,?,?,?, White,?,,87.670456,,?,?
38.579506,?,, HS-grad,,?, Craft-repair,?,?, Male,,,,?,?
, Private,,?,10.067414,?,?,?, White,?,,,40.425713,?, <=50K
,?,,?,,?, Craft-repair, Husband,?,?,,,,?,?
38.579506,?,189484.39,?,, Married-civ-spouse,?,?,?,?,1082.9701,,,?,?
, Private,,?,, Married-civ-spouse,?, Husband,?,?,,87.670456,, United-States,?
,?,,?,,?, Craft-repair,?, White,?,,,40.425713,?, <=50K
,?,,?,,?, Craft-repair, Husband,?, Male,1082.9701,,,?, <=50K
38.579506,?,, HS-grad,10.067414,?,?,?,?,?,,,,?, <=50K
,?,, HS-grad,,?,?,?,?, Male,,87.670456,,?,?
38.579506,?,, HS-grad,,?,?,?,?,?,,,,?,?
38.579506, Private,,?,10.067414,?, Craft-repair, Husband,?,?,,,,?, <=50K
,?,,?,10.067414, Married-civ-spouse,?, Husband,?,?,,,40.425713,?,?
,?,,?,, Married-civ-spouse,?,?,?, Male,,,, United-States,?
,?,,?,10.067414,?,?, Husband,?,?,,,,?,?
,?,, HS-grad,,?,?,?, White,?,,,, United-States, <=50K
,?,,?,,?, Craft-repair,?, White,?,,,,?,?
,?,, HS-grad,,?,?,?,?, Male,,,,?,?
38.579506, Private,,?,,?, Craft-repair,?,?, Male,,,,?,?
,?,189484.39,?,,?,?, Husband,?,?,,,40.425713,?, <=50K
,?,,?,,?,?,?,?,?,,,,?,?
,?,,?,,?,?, Husband, White,?,,,,?,?
38.579506,?,,?,,?,?,?, White, Male,,87.670456,,?,?
,?,,?,, Married-civ-spouse,?, Husband,?, Male,,,, United-States,?
, Private,189484.39,?,10.067414,?,?,?,?,?,1082.9701,,40.425713,?,?
,?,,?,,?,?,?,?, Male,,,40.425713,?,?
,?,,?,10.067414,?,?,?,?,?,,,, United-States,?
,?,, HS-grad,,?,?,?,?,?,1082.9701,,40.425713,?,?
, Private,,?,,?,?,?,?, Male,1082.9701,87.670456,40.425713,?,?
,?,, HS-grad,,?,?,?,?, Male,,,,?,?
,?,,?,, Married-civ-spouse,?,?,?,?,,87.670456,,?,?
,?,,?,,?,?,?,?, Male,,,,?,?
,?,,?,, Married-civ-spouse,?,?,?, Male,,87.670456,,?,?
,?,,?,,?, Craft-repair, Husband,?, Male,,,,?,?
, Private,,?,10.067414,?,?,?,?, Male,,87.670456,,?,?
38.579506, Private,, HS-grad,10.067414, Married-civ-spouse, Craft-repair,?,?,?,,87.670456,,?,?
,?,,?,,?, Craft-repair, Husband,?,?,,,,?,?
38.579506,?,,?,, Married-civ-spouse,?, Husband, White,?,1082.9701,,,?,?
,?,,?,,?, Craft-repair,?,?,?,,,40.425713,?,?
38.579506,?,,?,,?, Craft-repair,?,?,?,,,, United-States,?
, Private,,?,10.067414,?,?,?,?,?,,87.670456,, United-States,?
, Private,,?,,?,?, Husband,?,?,,,,?,?
,?,,?,,?,?, Husband,?,?,,,,?,?
,?,189484.39,?,10.067414,?,?, Husband,?,?,,,,?,?
,?,,?,10.067414,?, Craft-repair,?,?, Male,,87.670456,,?,?
,?,,?,,?,?, Husband,?,?,,,,?,?
, Private,, HS-grad,,?,?,?,?, Male,,,,?,?
38.579506, Private,189484.39,?,, Married-civ-spouse,?,?, White,?,,,,?,?
38.579506, Private,,?,,?, Craft-repair,?,?,?,1082.9701,87.670456,,?,?
,?,,?,,?,?,?,?,?,,,40.425713, United-States,?
38.579506,?,,?,, Married-civ-spouse,?,?, White,?,,,,?,?
38.579506, Private,,?,,?,?,?,?, Male,,,40.425713,?,?
, Private,,?,10.067414,?,?,?,?,?,1082.9701,,,?,?
,?,189484.39, HS-grad,,?,?, Husband,?,?,,,,?,?
,?,189484.39,?,,?,?,?,?,?,,,,?,?
38.579506,?,,?,,?,?,?,?,?,,87.670456,, United-States,?
,?,, HS-grad,,?,?,?,?, Male,,,, United-States,?
38.579506,?,,?,,?,?,?,?,?,,,,?,?
,?,,?,, Married-civ-spouse,?,?,?,?,,,40.425713,?,?
,?,,?,,?,?,?,?,?,1082.9701,,,?,?
, Private,,?,,?,?,?,?,?,1082.9701,,,?,?
,?,189484.39,?,, Married-civ-spouse,?,?,?,?,,,,?,?
38.579506,?,,?,,?, Craft-repair,?,?,?,,,,?,?
,?,189484.39,?,10.067414,?,?,?,?, Male,,,, United-States,?
,?,,?,,?,?, Husband,?, Male,,,, United-States,?
, Private,,?,,?,?,?, White,?,,87.670456,, United-States,?
,?,,?,,?,?, Husband,?,?,1082.9701,,, United-States, <=50K
, Private,189484.39,?,,?, Craft-repair,?,?,?,1082.9701,,40.425713,?,?
38.579506,?,189484.39,?,10.067414,?,?, Husband, White,?,,,,?,?
,?,,?,,?,?,?,?,?,,87.670456,,?,?
, Private,,?,10.067414,?,?,?, White,?,1082.9701,,40.425713,?,?
,?,,?,,?, Craft-repair,?,?, Male,,,,?,?
,?,,?,,?, Craft-repair,?,?, Male,,87.670456,,?,?
,?,, HS-grad,10.067414,?,?,?,?,?,,,, United-States,?
,?,,?,,?,?,?,?,?,1082.9701,87.670456,,?,?
,?,, HS-grad,,?, Craft-repair,?,?,?,,,,?,?
,?,189484.39,?,,?,?, Husband, White, Male,,,,?,?
, Private,,?,,?,?, Husband,?,?,,,,?,?
,?,,?,, Married-civ-spouse, Craft-repair,?,?,?,,87.670456,, United-States,?
,?,,?,,?,?, Husband,?,?,,,40.425713,?,?
,?,,?,,?, Craft-repair,?,?,?,,,, United-States,?
,?,189484.39,?,,?,?,?,?,?,,87.670456,,?,?
38.579506,?,189484.39,?,,?,?,?,?,?,1082.9701,,,?,?
,?,,?,,?,?,?,?,?,,,,?,?
,?,189484.39,?,,?,?,?,?,?,,,, United-States,?
38.579506,?,,?,,?,?,?,?,?,,87.670456,, United-States,?
38.579506,?,,?,10.067414,?,?, Husband,?,?,,,40.425713,?,?
,?,,?,,?, Craft-repair,?,?,?,,87.670456,,?,?
,?,189484.39,?,10.067414,?,?,?,?, Male,,,,?,?
,?,,?,10.067414, Married-civ-spouse,?, Husband,?, Male,1082.9701,,40.425713,?,?
,?,189484.39,?,,?,?,?,?,?,,,,?,?
, Private,, HS-grad,10.067414, Married-civ-spouse,?,?,?, Male,,,, United-States,?
38.579506,?,,?,,?,?,?,?,?,,,40.425713,?,?
,?,189484.39,?,,?, Craft-repair,?,?,?,1082.9701,87.670456,, United-States,?
,?,189484.39,?,, Married-civ-spouse,?, Husband,?,?,,,,?,?
,?,,?,10.067414,?,?, Husband,?,?,,,40.425713,?,?
,?,189484.39, HS-grad,,?,?,?,?,?,,,,?,?
,?,189484.39, HS-grad,,?,?,?, White,?,1082.9701,87.670456,,?,?
,?,,?,,?, Craft-repair, Husband, White,?,,,,?, <=50K
,?,,?,, Married-civ-spouse,?,?,?,?,,,40.425713, United-States,?
38.579506,?,, HS-grad,,?,?,?,?,?,,87.670456,,?,?
,?,,?,10.067414,?,?, Husband,?, Male,,87.670456,,?,?
, Private,,?,10.067414,?,?,?,?,?,,,,?,?
,?,,?,,?,?,?,?,?,1082.9701,,, United-States,?
, Private,189484.39,?,, Married-civ-spouse, Craft-repair,?,?,?,,,,?,?
,?,,?,,?,?,?,?,?,,,,?,?
,?,189484.39,?,,?,?, Husband,?,?,,,,?,?
,?,,?,,?,?, Husband,?,?,,,,?, <=50K
,?,, HS-grad,10.067414,?,?, Husband, White,?,1082.9701,,,?,?
,?,,?,,?, Craft-repair,?, White,?,,87.670456,, United-States,?
, Private,,?,,?,?,?, White, Male,,87.670456,,?,?
,?,189484.39,?,10.067414, Married-civ-spouse,?,?,?,?,,,,?,?
38.579506,?,,?,,?,?, Husband,?, Male,,87.670456,, United-States, <=50K
,?,189484.39,?,, Married-civ-spouse,?, Husband,?,?,,,,?,?
,?,,?,,?, Craft-repair, Husband,?,?,,,,?,?
38.579506,?,,?,10.067414,?,?,?,?, Male,,,,?, <=50K
,?,, HS-grad,10.067414,?,?, Husband,?,?,,,,?, <=50K
,?,, HS-grad,,?,?, Husband, White, Male,,,, United-States,?
,?,,?,10.067414,?,?,?,?,?,,,,?, <=50K
,?,, HS-grad,, Married-civ-spouse,?,?,?,?,,87.670456,,?,?
,?,189484.39,?,,?,?,?,?,?,1082.9701,87.670456,,?,?
,?,,?,,?,?,?,?,?,1082.9701,,,?,?
, Private,189484.39,?,,?, Craft-repair,?,?,?,1082.9701,,,?,?
,?,,?,,?,?,?,?,?,1082.9701,,,?,?
,?,,?,10.067414,?,?, Husband,?,?,,,,?,?
38.579506,?,,?,10.067414,?,?,?,?,?,,87.670456,,?,?
38.579506,?,,?,10.067414,?,?,?,?,?,,,40.425713,?,?
, Private,189484.39,?,, Married-civ-spouse, Craft-repair,?,?,?,1082.9701,87.670456,,?, <=50K
, Private,,?,,?,?,?, White,?,,87.670456,,?,?
38.579506,?,189484.39,?,10.067414,?, Craft-repair, Husband,?,?,1082.9701,87.670456,,?,?
, Private,,?,,?,?,?,?,?,,,,?,?
38.579506,?,,?,,?,?,?,?,?,,,,?,?
,?,,?,, Married-civ-spouse,?,?, White,?,1082.9701,,,?,?
,?,,?,,?, Craft-repair,?, White,?,,,, United-States,?
,?,189484.39, HS-grad,,?,?,?, White, Male,,,,?,?
,?,189484.39,?,, Married-civ-spouse,?, Husband,?, Male,,,,?,?
,?,,?,, Married-civ-spouse,?,?,?,?,,,,?,?
,?,,?,, Married-civ-spouse, Craft-repair, Husband,?,?,,,,?,?
,?,189484.39,?,,?,?, Husband,?,?,,,40.425713,?,?
,?,,?,, Married-civ-spouse,?,?, White,?,,,40.425713,?,?
,?,,?,,?,?,?, White,?,,87.670456,,?,?
, Private,,?,,?,?, Husband,?, Male,1082.9701,,,?,?
,?,, HS-grad,10.067414,?, Craft-repair,?,?,?,,,,?,?
,?,,?,,?,?,?,?, Male,,,40.425713, United-States, <=50K
,?,,?,,?,?,?, White, Male,,,,?,?
38.579506,?,,?,, Married-civ-spouse,?,?,?, Male,,,, United-States,?
,?,,?,10.067414,?,?,?,?,?,,87.670456,, United-States,?
,?,, HS-grad,, Married-civ-spouse,?,?,?,?,,,,?,?
,?,, HS-grad,,?, Craft-repair, Husband,?, Male,,,40.425713, United-States,?
,?,, HS-grad,, Married-civ-spouse,?,?,?, Male,,,40.425713,?,?
, Private,189484.39,?,,?,?,?, White,?,,,40.425713,?,?
,?,,?,10.067414, Married-civ-spouse,?,?,?,?,1082.9701,,,?,?
, Private,,?,10.067414,?,?,?,?,?,,87.670456,40.425713, United-States,?
,?,,?,,?,?,?,?,?,1082.9701,,, United-States, <=50K
, Private,189484.39,?,,?,?, Husband,?,?,,,,?,?
38.579506,?,,?,,?,?, Husband,?,?,1082.9701,,,?,?
, Private,189484.39,?,,?,?,?,?, Male,1082.9701,,,?,?
, Private,,?,10.067414,?,?, Husband,?,?,,,,?,?
,?,,?,,?,?,?,?,?,,,,?,?
, Private,,?,,?,?,?, White,?,,87.670456,,?,?
38.579506,?,189484.39,?,,?,?,?,?,?,,87.670456,,?,?
, Private,, HS-grad,10.067414,?, Craft-repair,?,?,?,,,,?,?
,?,, HS-grad,,?,?, Husband,?, Male,1082.9701,,,?, <=50K
, Private,,?,, Married-civ-spouse,?, Husband,?,?,,,,?, <=50K
,?,,?,, Married-civ-spouse,?,?,?,?,,,, United-States,?
,?,,?,,?,?,?,?, Male,,,,?,?
,?,, HS-grad,10.067414,?,?,?,?,?,,,, United-States,?
,?,,?,,?,?,?,?, Male,,87.670456,,?,?
38.579506,?,,?,,?,?,?,?,?,1082.9701,,,?,?
, Private,,?,,?,?,?, White,?,,,, United-States, <=50K
, Private,,?,,?,?,?,?, Male,1082.9701,,,?,?
,?,,?,,?,?,?,?,?,,,, United-States,?
,?,,?,,?,?,?,?,?,,,, United-States,?
38.579506,?,189484.39,?,10.067414, Married-civ-spouse,?, Husband, White, Male,1082.9701,,,?,?
38.579506,?,,?,, Married-civ-spouse,?,?,?,?,,,40.425713,?,?
,?,,?,,?,?,?,?, Male,,,,?,?
38.579506,?,,?,, Married-civ-spouse,?,?,?,?,,,, United-States,?
,?,,?,,?,?,?,?,?,,,,?,?
,?,,?,10.067414,?,?,?,?, Male,,87.670456,40.425713,?,?
, Private,189484.39,?,, Married-civ-spouse, Craft-repair,?, White,?,1082.9701,,, United-States,?
,?,189484.39,?,10.067414,?,?,?,?, Male,,,,?, <=50K
,?,,?,10.067414,?,?,?,?,?,1082.9701,,,?,?
38.579506,?,189484.39,?,,?,?,?,?,?,,,, United-States,?
38.579506,?,,?,, Married-civ-spouse,?,?,?,?,1082.9701,,,?, <=50K
,?,, HS-grad,,?,?,?,?,?,,87.670456,40.425713,?,?
, Private,,?,10.067414,?,?, Husband,?,?,,,,?,?
,?,189484.39,?,,?,?,?,?,?,,,,?,?
, Private,189484.39, HS-grad,, Married-civ-spouse,?,?,?, Male,,,,?,?
,?,,?,,?,?, Husband,?, Male,,87.670456,,?,?
,?,189484.39, HS-grad,,?,?, Husband,?,?,,,, United-States,?
38.579506, Private,, HS-grad,10.067414,?,?,?,?,?,,,40.425713,?,?
,?,,?,,?,?,?,?,?,,,,?,?
,?,,?,, Married-civ-spouse,?,?, White,?,,87.670456,40.425713, United-States,?
,?,189484.39,?,,?,?,?,?,?,1082.9701,,,?, <=50K
38.579506, Private,,?,,?,?,?,?,?,,,,?,?
, Private,,?,,?,?,?,?,?,1082.9701,,40.425713,?, <=50K
38.579506,?,,?,10.067414, Married-civ-spouse, Craft-repair,?, White,?,,,,?, <=50K
,?,,?,,?, Craft-repair,?,?, Male,,87.670456,40.425713, United-States,?
, Private,189484.39,?,10.067414,?, Craft-repair,?,?,?,,87.670456,40.425713,?,?
,?,,?,,?, Craft-repair,?,?,?,,,40.425713,?,?
, Private,,?,10.067414,?,?,?, White,?,,,,?,?
,?,, HS-grad,,?,?,?,?,?,1082.9701,,,?,?
,?,,?,, Married-civ-spouse,?,?, White,?,,,,?,?
,?,,?,,?,?,?,?,?,,,,?,?
,?,, HS-grad,, Married-civ-spouse,?,?,?, Male,,,,?, <=50K
,?,189484.39,?,,?,?,?,?,?,,,40.425713,?, <=50K
, Private,189484.39,?,,?,?,?,?,?,,,,?,?
, Private,,?,,?, Craft-repair, Husband,?,?,,,40.425713,?,?
, Private,, HS-grad,, Married-civ-spouse, Craft-repair,?,?,?,,,,?, <=50K
, Private,189484.39,?,,?,?,?,?, Male,,87.670456,40.425713,?, <=50K
,?,,?,,?,?,?,?,?,,,,?, <=50K
,?,, HS-grad,10.067414,?,?,?,?,?,,87.670456,,?,?
,?,189484.39,?,,?,?,?,?,?,,,, United-States,?
38.579506,?,,?,,?,?,?,?,?,,,, United-States,?
,?,189484.39,?,,?,?,?,?, Male,,,40.425713,?,?
38.579506,?,, HS-grad,,?,?, Husband,?,?,,87.670456,,?,?
,?,,?,10.067414,?,?,?,?,?,1082.9701,,40.425713,?,?
,?,,?,, Married-civ-spouse,?,?,?,?,,,, United-States,?
,?,,?,, Married-civ-spouse,?, Husband,?,?,,,,?,?
,?,,?,,?,?,?,?,?,1082.9701,87.670456,40.425713,?,?
,?,,?,,?,?,?,?, Male,,,,?,?
38.579506,?,,?,10.067414,?,?,?, White,?,,,,?,?
,?,,?,,?, Craft-repair,?,?,?,,87.670456,,?,?
, Private,,?,,?,?,?,?,?,,,,?,?
,?,,?,,?,?,?,?,?,,,40.425713,?,?
,?,, HS-grad,,?,?, Husband,?,?,,87.670456,40.425713,?, <=50K
38.579506,?,,?,, Married-civ-spouse,?,?,?,?,,87.670456,,?,?
,?,,?,, Married-civ-spouse, Craft-repair,?,?,?,,,,?,?
,?,,?,, Married-civ-spouse,?,?, White,?,,,,?, <=50K
,?,, HS-grad,,?,?,?,?,?,,,,?, <=50K
,?,,?,10.067414,?,?,?,?,?,,,40.425713,?,?
, Private,,?,10.067414,?, Craft-repair,?,?, Male,,87.670456,,?,?
,?,,?,,?, Craft-repair,?, White,?,,,,?,?
,?,,?,, Married-civ-spouse,?, Husband,?,?,,87.670456,,?,?
,?,,?,, Married-civ-spouse,?,?, White,?,,87.670456,,?, <=50K
38.579506,?,, HS-grad,,?, Craft-repair, Husband,?,?,,,,?,?
, Private,,?,,?,?,?,?, Male,,87.670456,,?,?
, Private,,?,,?,?,?, White, Male,,,, United-States,?
, Private,189484.39,?,10.067414,?,?, Husband,?,?,1082.9701,87.670456,,?, <=50K
, Private,189484.39,?,,?, Craft-repair,?,?,?,,,,?,?
,?,189484.39,?,,?,?,?,?,?,,,,?, <=50K
, Private,, HS-grad,,?, Craft-repair,?,?,?,1082.9701,,, United-States,?
38.579506, Private,,?,,?,?,?,?,?,,,,?,?
,?,,?,,?,?,?,?,?,1082.9701,87.670456,,?,?
,?,,?,,?, Craft-repair,?,?,?,1082.9701,,,?,?
,?,, HS-grad,,?, Craft-repair,?, White, Male,,,,?,?
, Private,,?,10.067414, Married-civ-spouse,?,?, White,?,,,, United-States, <=50K
,?,,?,,?,?,?, White,?,,,,?,?
,?,,?,10.067414,?,?,?,?,?,,,,?,?
,?,,?,10.067414, Married-civ-spouse,?,?, White,?,,,,?,?
,?,, HS-grad,,?,?,?, White,?,,,, United-States,?
,?,,?,,?,?,?, White,?,,87.670456,,?,?
38.579506, Private,,?,,?,?, Husband, White,?,1082.9701,,,?,?
,?,, HS-grad,,?,?,?,?,?,,87.670456,,?,?
, Private,,?,,?,?, Husband,?,?,1082.9701,,40.425713,?,?
,?,,?,, Married-civ-spouse,?,?,?,?,,,, United-States,?
,?,,?,,?, Craft-repair,?, White, Male,,,, United-States,?
,?,,?,,?, Craft-repair,?,?,?,,87.670456,,?,?
,?,,?,,?, Craft-repair,?,?,?,,,, United-States,?
,?,,?,, Married-civ-spouse,?,?,?,?,1082.9701,87.670456,,?, <=50K
, Private,189484.39,?,, Married-civ-spouse,?, Husband,?,?,,,,?,?
,?,,?,,?, Craft-repair,?,?, Male,,,,?,?
,?,, HS-grad,10.067414,?,?,?, White,?,,,,?, <=50K
,?,189484.39, HS-grad,,?,?,?,?,?,,,,?,?
,?,,?,,?, Craft-repair,?,?,?,1082.9701,87.670456,,?,?
,?,,?,,?,?,?,?,?,,,40.425713,?,?
,?,,?,10.067414, Married-civ-spouse, Craft-repair, Husband,?,?,,87.670456,, United-States, <=50K
,?,,?,10.067414,?,?,?,?,?,1082.9701,,,?,?
,?,189484.39, HS-grad,,?,?,?, White,?,1082.9701,,40.425713,?,?
, Private,, HS-grad,,?,?,?,?, Male,,,,?,?
, Private,,?,10.067414, Married-civ-spouse,?, Husband, White, Male,,87.670456,,?,?
38.579506,?,189484.39,?,, Married-civ-spouse,?,?,?,?,,,, United-States, <=50K
, Private,,?,, Married-civ-spouse, Craft-repair, Husband,?, Male,,,,?, <=50K
, Private,,?,10.067414, Married-civ-spouse,?,?,?, Male,,87.670456,40.425713,?,?
, Private,,?,,?,?,?,?,?,,,,?,?
,?,,?,,?,?, Husband,?,?,,87.670456,40.425713,?,?
,?,,?,,?,?,?,?,?,,,, United-States,?
38.579506,?,,?,,?,?,?,?,?,,,, United-States, <=50K
,?,, HS-grad,,?,?, Husband,?,?,,,,?,?
,?,,?,,?,?,?, White, Male,,,,?,?
,?,189484.39,?,,?,?,?,?, Male,,,,?,?
, Private,,?,,?, Craft-repair,?,?,?,,,, United-States,?
,?,,?,,?,?,?,?,?,1082.9701,,, United-States, <=50K
,?,,?,, Married-civ-spouse,?,?, White,?,,,, United-States,?
,?,,?,,?,?,?,?, Male,,87.670456,, United-States,?
,?,,?,,?,?,?,?,?,,,,?,?
, Private,,?,10.067414,?, Craft-repair,?,?, Male,,,40.425713,?,?
, Private,189484.39, HS-grad,,?,?,?, White,?,,87.670456,,?,?
38.579506,?,189484.39,?,, Married-civ-spouse,?,?,?,?,1082.9701,87.670456,,?, <=50K
,?,, HS-grad,10.067414,?,?, Husband,?,?,,,,?,?
, Private,189484.39,?,,?,?,?,?,?,,,,?,?
,?,,?,10.067414,?,?,?, White, Male,,87.670456,,?,?
,?,,?,,?, Craft-repair,?,?,?,,,40.425713,?,?
38.579506,?,, HS-grad,, Married-civ-spouse,?, Husband,?,?,,,,?,?
,?,,?,, Married-civ-spouse, Craft-repair,?,?, Male,,87.670456,,?,?
,?,,?,,?,?,?, White, Male,1082.9701,,40.425713, United-States,?
,?,,?,,?,?,?,?, Male,1082.9701,,,?,?
, Private,, HS-grad,, Married-civ-spouse,?, Husband, White,?,1082.9701,,40.425713,?,?
,?,,?,,?, Craft-repair,?,?,?,,,, United-States,?
, Private,, HS-grad,10.067414,?,?,?,?,?,,87.670456,, United-States,?
,?,189484.39,?,,?,?,?,?, Male,,87.670456,40.425713,?,?
,?,,?,,?, Craft-repair,?, White,?,,87.670456,40.425713,?,?
,?,,?,,?,?, Husband,?,?,1082.9701,,, United-States,?
38.579506,?,,?,, Married-civ-spouse,?,?, White,?,,,,?,?
,?,,?,10.067414, Married-civ-spouse,?, Husband,?,?,,,, United-States,?
,?,189484.39,?,,?,?,?, White,?,,,,?,?
,?,,?,, Married-civ-spouse, Craft-repair,?, White,?,,,,?,?
38.579506,?,,?,,?,?,?,?,?,,87.670456,,?,?
, Private,,?,,?,?, Husband,?,?,,,40.425713, United-States,?
,?,189484.39,?,,?,?, Husband,?,?,1082.9701,87.670456,,?,?
,?,,?,,?,?,?,?,?,,,,?,?
38.579506,?,, HS-grad,, Married-civ-spouse, Craft-repair,?,?,?,,,,?,?
38.579506,?,,?,,?,?,?,?,?,,,,?,?
,?,,?,,?,?, Husband,?,?,1082.9701,,,?,?
38.579506,?,,?,10.067414,?,?,?,?,?,,,,?,?
,?,189484.39,?,,?, Craft-repair,?,?,?,,,,?, <=50K
38.579506, Private,189484.39,?,,?,?, Husband,?, Male,,87.670456,,?,?
,?,,?,10.067414,?,?,?,?, Male,,,, United-States,?
,?,,?,,?,?, Husband,?,?,,,,?,?
,?,189484.39,?,, Married-civ-spouse,?,?,?,?,,,40.425713,?,?
,?,,?,,?,?,?, White, Male,,,40.425713, United-States,?
,?,, HS-grad,, Married-civ-spouse,?, Husband,?,?,,87.670456,,?,?
,?,, HS-grad,10.067414,?,?,?, White,?,,,,?,?
,?,,?,10.067414, Married-civ-spouse,?,?,?,?,,,, United-States,?
, Private,, HS-grad,, Married-civ-spouse,?,?,?,?,,,,?, <=50K
,?,189484.39,?,,?,?,?,?,?,1082.9701,,40.425713,?, <=50K
, Private,,?,,?,?, Husband,?, Male,1082.9701,,,?,?
38.579506,?,, HS-grad,,?,?,?,?,?,,,40.425713,?,?
,?,189484.39,?,,?,?, Husband,?,?,,87.670456,,?,?
,?,,?,,?, Craft-repair, Husband,?,?,,,, United-States, <=50K
,?,189484.39,?,,?,?,?,?,?,,,40.425713,?,?
,?,,?,,?,?, Husband,?, Male,,,,?,?
38.579506,?,,?,,?,?,?,?,?,,,40.425713,?,?
,?,, HS-grad,, Married-civ-spouse,?,?,?, Male,,,,?,?
,?,,?,,?,?, Husband, White,?,,,,?, <=50K
38.579506,?,,?,10.067414,?,?,?,?,?,,,,?, <=50K
,?,,?,,?, Craft-repair, Husband,?,?,,87.670456,40.425713,?,?
,?,,?,,?, Craft-repair, Husband,?,?,,,40.425713,?,?
, Private,,?,,?,?,?,?,?,,,,?,?
,?,, HS-grad,,?, Craft-repair,?,?,?,,,,?,?
,?,,?,,?,?, Husband,?,?,1082.9701,,,?,?
,?,,?,,?, Craft-repair,?,?, Male,,,,?,?
, Private,,?,10.067414,?,?, Husband, White,?,,87.670456,, United-States,?
38.579506,?,, HS-grad,,?,?,?,?,?,,,,?,?
,?,, HS-grad,,?,?,?, White,?,,,,?,?
, Private,,?,,?, Craft-repair,?,?,?,,,, United-States,?
,?,189484.39,?,,?,?,?,?, Male,,,,?,?
38.579506,?,,?,,?, Craft-repair,?,?, Male,,87.670456,,?,?
,?,,?,, Married-civ-spouse,?, Husband,?, Male,,,, United-States,?
,?,, HS-grad,,?,?, Husband,?,?,,,, United-States,?
,?,, HS-grad,,?,?,?,?, Male,,87.670456,,?,?
,?,,?,,?,?,?, White,?,1082.9701,,40.425713, United-States, <=50K
38.579506,?,,?,10.067414,?,?,?,?,?,,,,?,?
38.579506,?,,?,,?,?,?,?,?,,87.670456,,?,?
,?,, HS-grad,,?,?,?,?,?,1082.9701,,,?,?
,?,,?,,?,?,?,?,?,,,, United-States,?
,?,,?,,?, Craft-repair,?, White,?,,,40.425713,?, <=50K
,?,,?,10.067414,?, Craft-repair,?,?,?,,,, United-States,?
,?,,?,,?,?,?,?,?,,,, United-States,?
38.579506,?,189484.39,?,,?,?,?,?,?,,87.670456,,?,?
, Private,, HS-grad,10.067414,?,?, Husband, White, Male,,,,?, <=50K
38.579506,?,,?,,?,?,?, White,?,,87.670456,40.425713,?, <=50K
38.579506,?,,?,10.067414,?,?,?,?,?,,87.670456,40.425713,?,?
38.579506,?,,?,,?,?,?,?,?,,,,?,?
,?,189484.39, HS-grad,,?,?,?,?,?,,,,?,?
, Private,,?,, Married-civ-spouse,?,?,?,?,,,,?,?
,?,,?,10.067414,?,?,?,?,?,,,, United-States,?
,?,, HS-grad,, Married-civ-spouse,?,?,?,?,,87.670456,, United-States, <=50K
,?,,?,,?, Craft-repair, Husband,?, Male,,,40.425713,?,?
,?,189484.39,?,,?,?,?,?,?,,,,?,?
, Private,, HS-grad,,?,?,?,?,?,,,40.425713,?,?
,?,,?,,?,?,?,?, Male,,,40.425713,?, <=50K
,?,,?,,?, Craft-repair,?,?, Male,,,,?, <=50K
, Private,189484.39,?,,?,?,?, White, Male,,,, United-States,?
,?,,?,10.067414,?, Craft-repair,?,?,?,1082.9701,,,?,?
38.579506,?,,?,,?, Craft-repair,?,?,?,,87.670456,,?,?
,?,,?,, Married-civ-spouse,?,?,?,?,,87.670456,, United-States,?
, Private,189484.39,?,10.067414, Married-civ-spouse,?,?,?,?,,,,?,?
38.579506,?,, HS-grad,,?,?,?,?,?,,,40.425713, United-States,?
38.579506,?,189484.39,?,, Married-civ-spouse,?,?,?,?,,,40.425713,?,?
38.579506,?,,?,10.067414,?,?,?, White,?,,,40.425713,?,?
, Private,, HS-grad,,?,?,?,?,?,1082.9701,,40.425713,?,?
,?,189484.39,?,, Married-civ-spouse,?,?,?,?,,87.670456,, United-States,?
,?,,?,, Married-civ-spouse,?,?,?,?,,87.670456,,?,?
,?,,?,10.067414,?,?,?, White,?,1082.9701,,,?, <=50K
,?,,?,,?,?,?,?,?,,,40.425713,?,?
,?,,?,,?,?, Husband,?,?,,,,?,?
,?,,?,10.067414, Married-civ-spouse, Craft-repair,?,?,?,,,,?,?
,?,,?,, Married-civ-spouse,?,?,?,?,,,,?, <=50K
,?,,?,,?,?,?,?, Male,,,,?,?
,?,,?,,?,?,?, White,?,,,,?,?
38.579506,?,,?,,?,?,?,?,?,,,,?,?
38.579506,?,,?,,?,?,?,?,?,,,,?, <=50K
,?,,?,, Married-civ-spouse,?,?,?,?,,,40.425713, United-States,?
38.579506,?,,?,10.067414,?,?,?,?,?,,,, United-States,?
,?,, HS-grad,,?,?,?, White,?,,,,?,?
,?,,?,,?,?,?,?,?,,,,?,?
,?,189484.39,?,,?,?,?, White, Male,,87.670456,,?,?
38.579506,?,,?,10.067414, Married-civ-spouse,?,?,?,?,1082.9701,,,?,?
38.579506,?,,?,, Married-civ-spouse,?,?, White,?,1082.9701,,,?,?
,?,,?,,?,?, Husband,?, Male,,,, United-States,?
,?,, HS-grad,,?,?,?,?,?,,,,?,?
, Private,,?,,?,?, Husband,?, Male,1082.9701,,, United-States, <=50K
,?,,?,,?,?, Husband,?,?,,87.670456,,?, <=50K
,?,, HS-grad,,?,?, Husband,?,?,,,40.425713, United-States,?
,?,189484.39,?,,?, Craft-repair,?,?,?,,,40.425713,?,?
38.579506,?,189484.39,?,, Married-civ-spouse,?, Husband,?,?,,,40.425713,?,?
,?,,?,,?,?, Husband,?,?,,,,?,?
,?,,?,10.067414,?,?,?, White,?,1082.9701,,40.425713,?,?
,?,, HS-grad,,?,?,?,?,?,,,, United-States,?
38.579506,?,,?,, Married-civ-spouse,?,?,?,?,,87.670456,, United-States,?
,?,, HS-grad,,?,?,?, White,?,,,,?,?
, Private,, HS-grad,,?,?, Husband, White,?,1082.9701,,,?,?
,?,,?,10.067414,?, Craft-repair, Husband,?,?,,87.670456,, United-States,?
,?,,?,,?,?,?,?,?,,,,?, <=50K
,?,,?,, Married-civ-spouse,?,?,?,?,,,40.425713,?,?
38.579506, Private,189484.39,?,, Married-civ-spouse,?,?,?,?,,87.670456,,?,?
,?,,?,,?,?,?,?,?,,87.670456,,?,?
,?,,?,,?,?,?,?,?,1082.9701,,, United-States,?
,?,189484.39,?,10.067414,?,?,?,?,?,1082.9701,,40.425713,?,?
,?,,?,,?, Craft-repair,?, White,?,,,, United-States, <=50K
,?,,?,,?,?,?,?,?,,,40.425713,?,?
,?,, HS-grad,, Married-civ-spouse,?,?, White, Male,1082.9701,87.670456,,?,?
,?,,?,,?,?,?,?,?,,87.670456,,?,?
,?,,?,,?,?,?,?,?,,,,?, <=50K
,?,189484.39,?,, Married-civ-spouse, Craft-repair,?,?,?,1082.9701,87.670456,,?, <=50K
,?,,?,10.067414,?,?,?,?,?,,87.670456,,?, <=50K
,?,189484.39,?,,?,?, Husband,?, Male,,,,?,?
, Private,,?,10.067414,?, Craft-repair,?,?,?,,,40.425713,?,?
,?,, HS-grad,,?,?,?,?,?,,,40.425713,?,?
,?,189484.39, HS-grad,,?, Craft-repair,?,?,?,,,, United-States,?
38.579506,?,189484.39,?,,?, Craft-repair,?,?, Male,,,,?,?
, Private,,?,,?,?,?, White,?,1082.9701,,,?, <=50K
,?,, HS-grad,,?, Craft-repair,?,?,?,,,40.425713, United-States,?
,?,189484.39,?,,?,?,?, White,?,,87.670456,,?,?
,?,, HS-grad,,?,?,?,?,?,,,, United-States,?
,?,189484.39,?,,?, Craft-repair,?,?,?,,,40.425713,?, <=50K
38.579506,?,, HS-grad,, Married-civ-spouse,?,?,?,?,1082.9701,,,?,?
38.579506,?,, HS-grad,,?,?,?,?,?,,,,?,?
,?,,?,,?,?,?, White,?,,,40.425713,?,?
38.579506,?,,?,,?,?, Husband,?,?,,,, United-States,?
, Private,,?,,?,?, Husband,?,?,,,, United-States, <=50K
,?,,?,,?,?,?,?,?,,87.670456,,?,?
,?,189484.39,?,10.067414,?,?,?,?,?,,,,?,?
,?,,?,,?,?, Husband,?,?,1082.9701,,,?,?
,?,189484.39,?,,?, Craft-repair,?,?, Male,,,, United-States,?
,?,189484.39,?,, Married-civ-spouse,?,?,?,?,,,40.425713, United-States,?
,?,,?,,?,?,?,?,?,,,,?, <=50K
,?,,?,10.067414,?,?,?,?,?,,,,?,?
,?,,?,,?,?,?,?, Male,,,, United-States, <=50K
,?,189484.39, HS-grad,10.067414,?,?,?, White,?,,,,?, <=50K
,?,189484.39, HS-grad,10.067414,?,?,?, White,?,,,,?,?
38.579506,?,189484.39,?,,?, Craft-repair, Husband, White,?,1082.9701,,,?,?
,?,,?,,?,?,?, White,?,1082.9701,,,?,?
, Private,,?,10.067414,?,?,?,?, Male,,87.670456,, United-States, <=50K
, Private,,?,10.067414,?,?, Husband,?,?,,,,?, <=50K
,?,189484.39, HS-grad,,?,?,?,?,?,,,,?,?
, Private,, HS-grad,,?,?,?,?,?,,,,?,?
38.579506,?,,?,,?,?,?,?,?,,,,?,?
,?,,?,,?,?,?,?, Male,1082.9701,,40.425713,?,?
38.579506,?,,?,,?,?,?,?,?,,,,?, <=50K
,?,,?,,?,?,?, White,?,,,40.425713,?,?
,?,,?,,?,?, Husband,?,?,,,, United-States,?
,?,189484.39,?,,?,?,?,?,?,,,, United-States,?
38.579506,?,189484.39,?,,?, Craft-repair,?,?,?,,,,?, <=50K
,?,, HS-grad,10.067414,?,?,?, White,?,,,,?,?
,?,189484.39,?,,?,?,?, White,?,,,,?,?
,?,189484.39, HS-grad,, Married-civ-spouse,?,?,?,?,,,,?, <=50K
,?,,?,10.067414,?,?,?,?,?,,,,?,?
,?,, HS-grad,10.067414,?,?,?,?,?,1082.9701,,,?,?
,?,,?,,?, Craft-repair,?,?,?,,,,?,?
,?,,?,,?,?,?,?,?,,,,?,?
,?,,?,10.067414,?,?, Husband,?,?,,87.670456,,?,?
38.579506,?,,?,,?,?,?,?,?,,,,?,?
,?,,?,,?, Craft-repair,?,?,?,,,,?,?
,?,189484.39,?,,?,?, Husband, White,?,1082.9701,,,?,?
,?,,?,10.067414,?,?, Husband,?,?,,87.670456,,?,?
,?,,?,,?,?,?,?,?,,,,?,?
38.579506,?,,?,,?, Craft-repair,?,?, Male,,87.670456,40.425713, United-States,?
, Private,,?,,?,?,?, White,?,,,40.425713,?,?
,?,,?,,?,?,?,?,?,,,,?,?
, Private,189484.39,?,, Married-civ-spouse,?,?,?,?,,,,?,?
38.579506,?,,?,,?,?,?,?,?,,,,?,?
38.579506, Private,,?,,?,?,?,?,?,,,40.425713,?,?
, Private,,?,,?,?,?, White,?,,,,?, <=50K
, Private,,?,,?,?, Husband,?, Male,,,40.425713,?,?
, Private,,?,10.067414,?,?,?,?, Male,,,, United-States,?
38.579506, Private,,?,,?,?, Husband, White,?,,,,?,?
,?,, HS-grad,,?,?,?,?,?,1082.9701,,40.425713,?,?
38.579506, Private,, HS-grad,,?,?,?,?,?,,,, United-States, <=50K
38.579506,?,,?,, Married-civ-spouse,?,?, White,?,,,,?,?
,?,189484.39, HS-grad,,?,?,?,?,?,1082.9701,,40.425713, United-States,?
, Private,189484.39,?,,?,?,?,?,?,,,,?,?
,?,189484.39,?,10.067414, Married-civ-spouse,?,?, White,?,,,,?,?
,?,,?,, Married-civ-spouse,?,?,?,?,,87.670456,40.425713,?,?
38.579506,?,,?,, Married-civ-spouse, Craft-repair,?, White,?,1082.9701,,,?,?
, Private,189484.39,?,,?,?,?,?,?,,,40.425713,?, <=50K
,?,,?,10.067414,?,?,?,?,?,,,40.425713,?,?
38.579506, Private,,?,, Married-civ-spouse, Craft-repair,?,?,?,,87.670456,40.425713,?,?
38.579506,?,,?,,?,?,?,?, Male,,87.670456,,?, <=50K
,?,189484.39, HS-grad,,?,?,?,?, Male,1082.9701,,,?, <=50K
,?,,?,,?,?,?,?,?,,,40.425713, United-States,?
38.579506,?,,?,,?, Craft-repair, Husband,?, Male,,,,?,?
,?,,?,,?,?,?, White,?,,,,?,?
,?,,?,,?,?,?,?,?,1082.9701,,40.425713,?,?
,?,,?,10.067414,?,?,?,?,?,,,,?,?
38.579506,?,,?,,?,?,?,?, Male,,,,?,?
,?,,?,,?,?,?,?,?,,,,?,?
, Private,,?,,?,?,?,?,?,,,40.425713,?,?
,?,,?,10.067414,?,?,?,?,?,,,,?,?
38.579506,?,189484.39,?,,?,?,?, White, Male,,,,?,?
,?,,?,,?,?,?, White,?,1082.9701,,,?,?
38.579506,?,,?,,?,?,?,?,?,,87.670456,, United-States,?
,?,,?,,?,?, Husband,?,?,,87.670456,, United-States,?
,?,, HS-grad,,?, Craft-repair,?,?,?,1082.9701,,, United-States,?
,?,189484.39,?,, Married-civ-spouse,?,?,?,?,,,, United-States, <=50K
,?,,?,,?,?,?, White,?,,,, United-States,?
38.579506,?,,?,10.067414, Married-civ-spouse,?,?,?,?,,,,?, <=50K
,?,189484.39,?,, Married-civ-spouse,?,?,?,?,,,,?, <=50K
,?,189484.39, HS-grad,,?,?,?,?,?,,,,?,?
,?,189484.39,?,10.067414,?,?,?,?,?,1082.9701,,,?,?
38.579506, Private,189484.39,?,,?, Craft-repair,?, White,?,,87.670456,, United-States,?
,?,, HS-grad,,?,?, Husband,?, Male,,,,?,?
,?,,?,,?,?, Husband,?,?,,,,?,?
,?,, HS-grad,10.067414,?,?,?,?,?,,,,?,?
,?,, HS-grad,,?, Craft-repair,?,?,?,,,40.425713,?, <=50K
, Private,,?,,?,?, Husband,?, Male,,87.670456,,?,?
38.579506, Private,, HS-grad,,?,?,?,?,?,1082.9701,,,?,?
, Private,189484.39, HS-grad,,?,?, Husband,?,?,,,,?, <=50K
,?,,?,,?,?,?,?, Male,,,,?,?
,?,, HS-grad,,?, Craft-repair,?,?,?,,,,?,?
, Private,,?,,?, Craft-repair, Husband,?,?,,,40.425713, United-States,?
,?,,?,,?,?, Husband, White,?,,,,?,?
,?,, HS-grad,,?,?,?,?,?,,87.670456,,?,?
,?,,?,,?,?, Husband,?, Male,,,,?,?
,?,,?,,?,?,?,?,?,,,, United-States,?
,?,, HS-grad,,?,?,?,?,?,,87.670456,,?, <=50K
,?,,?,10.067414,?,?,?, White,?,,,,?,?
,?,,?,,?,?,?, White,?,,,40.425713,?,?
,?,,?,,?, Craft-repair,?,?,?,,,,?,?
,?,, HS-grad,,?,?,?,?,?,,87.670456,, United-States,?
,?,,?,, Married-civ-spouse,?,?,?, Male,,,, United-States, <=50K
,?,,?,, Married-civ-spouse,?, Husband,?, Male,,,,?,?
,?,189484.39, HS-grad,,?,?,?,?,?,,,,?,?
,?,,?,10.067414,?,?,?, White, Male,,,,?, <=50K
38.579506,?,,?,,?,?,?,?,?,,,40.425713,?, <=50K
,?,,?,,?,?, Husband,?, Male,1082.9701,87.670456,,?,?
38.579506,?,189484.39, HS-grad,, Married-civ-spouse,?,?,?,?,,,,?,?
,?,,?,,?,?,?,?, Male,,,,?, <=50K
, Private,,?,,?,?,?,?,?,,,,?,?
,?,,?,10.067414,?,?, Husband,?, Male,,,40.425713,?,?
, Private,,?,,?,?, Husband, White,?,,,,?,?
, Private,,?,, Married-civ-spouse,?,?,?,?,,87.670456,40.425713,?, <=50K
,?,,?,10.067414,?,?,?,?,?,,,,?,?
,?,,?,, Married-civ-spouse,?,?,?, Male,,,,?,?
,?,,?,,?,?,?, White,?,,87.670456,,?, <=50K
,?,189484.39,?,,?,?,?,?,?,,,,?,?
38.579506,?,189484.39,?,,?, Craft-repair,?,?,?,,,,?, <=50K
,?,189484.39,?,,?,?,?,?,?,,,40.425713,?,?
,?,189484.39,?,, Married-civ-spouse,?,?,?,?,,,,?,?
,?,,?,10.067414,?, Craft-repair,?,?,?,1082.9701,,,?,?
38.579506,?,,?,,?,?,?,?,?,,,, United-States, <=50K
,?,,?,,?,?,?, White,?,,,,?,?
,?,189484.39, HS-grad,,?, Craft-repair,?,?,?,1082.9701,87.670456,, United-States,?
, Private,,?,, Married-civ-spouse,?,?, White,?,,,40.425713, United-States,?
,?,, HS-grad,,?,?,?,?,?,,,,?,?
,?,,?,10.067414,?,?,?, White,?,,,,?, <=50K
,?,,?,10.067414,?,?,?,?,?,,87.670456,,?,?
,?,189484.39, HS-grad,,?, Craft-repair,?, White,?,1082.9701,,,?,?
, Private,,?,,?,?,?,?,?,1082.9701,,,?,?
,?,,?,, Married-civ-spouse,?, Husband,?, Male,,,,?,?
,?,,?,,?,?,?,?,?,,87.670456,40.425713, United-States, <=50K
,?,,?,, Married-civ-spouse,?, Husband,?, Male,,,,?,?
,?,, HS-grad,,?,?,?, White, Male,,,,?,?
38.579506,?,,?,,?,?, Husband,?,?,,,, United-States, <=50K
,?,189484.39,?,,?,?, Husband, White,?,,,,?, <=50K
, Private,,?,10.067414,?, Craft-repair,?,?,?,1082.9701,,,?,?
38.579506,?,,?,,?, Craft-repair,?,?,?,,,,?,?
,?,,?,,?,?, Husband,?,?,1082.9701,,,?,?
,?,,?,10.067414,?,?, Husband,?,?,,,,?,?
,?,,?,,?, Craft-repair,?,?,?,,,,?,?
38.579506,?,,?,10.067414,?,?,?,?,?,1082.9701,,,?,?
,?,189484.39,?,,?, Craft-repair,?, White,?,1082.9701,87.670456,40.425713,?,?
,?,,?,,?,?,?,?, Male,,,40.425713,?,?
,?,,?,,?,?,?,?,?,1082.9701,87.670456,,?,?
,?,,?,,?,?,?,?,?,,,40.425713,?, <=50K
,?,,?,,?,?,?, White,?,,,40.425713,?,?
38.579506,?,, HS-grad,10.067414,?,?,?,?,?,,87.670456,,?, <=50K
,?,,?,,?,?,?,?, Male,,87.670456,40.425713,?,?
38.579506, Private,189484.39,?,,?,?,?, White,?,,,,?,?
,?,, HS-grad,, Married-civ-spouse,?, Husband,?,?,,,,?,?
,?,, HS-grad,,?, Craft-repair, Husband,?, Male,,,,?,?
,?,189484.39,?,,?,?,?,?, Male,,87.670456,,?, <=50K
, Private,,?,, Married-civ-spouse,?, Husband,?,?,,,,?,?
,?,,?,, Married-civ-spouse,?,?,?, Male,,,,?,?
,?,189484.39,?,,?,?, Husband,?,?,,,40.425713,?, <=50K
,?,189484.39, HS-grad,, Married-civ-spouse,?,?,?,?,,,40.425713,?,?
,?,,?,,?,?, Husband,?,?,,,40.425713,?,?
,?,,?,, Married-civ-spouse,?,?,?,?,,,40.425713,?,?
38.579506,?,,?,, Married-civ-spouse,?,?, White,?,,,,?,?
,?,, HS-grad,,?,?,?,?,?,,87.670456,,?,?
,?,,?,, Married-civ-spouse,?, Husband,?, Male,1082.9701,,,?,?
38.579506,?,,?,,?, Craft-repair,?,?,?,,,,?,?
,?,,?,,?, Craft-repair,?,?,?,1082.9701,,,?,?
,?,,?,10.067414,?,?,?,?,?,,,, United-States,?
,?,,?,, Married-civ-spouse,?, Husband,?,?,,,,?,?
38.579506,?,,?,, Married-civ-spouse,?,?,?,?,,,40.425713,?,?
,?,,?,,?,?,?,?,?,,,,?,?
, Private,,?,, Married-civ-spouse,?,?, White,?,1082.9701,,,?,?
,?,189484.39,?,,?,?,?,?,?,,,,?,?
,?,, HS-grad,, Married-civ-spouse,?,?, White,?,,,, United-States, <=50K
,?,189484.39, HS-grad,,?,?,?,?, Male,1082.9701,,,?,?
,?,189484.39,?,10.067414,?,?,?, White, Male,,,, United-States, <=50K
, Private,,?,,?,?,?,?,?,,,,?,?
,?,,?,10.067414,?, Craft-repair,?, White, Male,,,,?,?
,?,,?,, Married-civ-spouse,?,?,?,?,,,40.425713,?,?
,?,,?,, Married-civ-spouse,?, Husband,?,?,,87.670456,,?, <=50K
,?,189484.39,?,10.067414, Married-civ-spouse, Craft-repair,?,?,?,1082.9701,,,?,?
,?,,?,,?,?,?,?,?,1082.9701,,,?,?
,?,,?,,?,?,?,?,?,,,,?,?
, Private,,?,10.067414,?,?, Husband, White,?,,87.670456,,?,?
,?,,?,10.067414,?,?, Husband,?,?,,87.670456,,?,?
,?,,?,,?,?,?,?, Male,,,,?,?
, Private,189484.39, HS-grad,,?,?, Husband, White,?,,,,?,?
38.579506,?,189484.39, HS-grad,10.067414,?,?,?, White,?,,,,?,?
, Private,,?,10.067414,?,?,?,?,?,,,40.425713,?,?
,?,,?,, Married-civ-spouse,?, Husband,?,?,,,,?,?
38.579506,?,, HS-grad,, Married-civ-spouse,?,?,?,?,,,, United-States,?
, Private,,?,,?,?,?,?,?,,,,?,?
,?,, HS-grad,,?,?,?,?,?,,,40.425713,?,?
38.579506,?,, HS-grad,,?, Craft-repair,?,?,?,,,,?,?
,?,,?,10.067414, Married-civ-spouse,?,?,?,?,,87.670456,,?,?
, Private,189484.39,?,10.067414,?,?,?,?,?,,87.670456,40.425713, United-States,?
,?,,?,, Married-civ-spouse, Craft-repair,?,?,?,,,,?,?
,?,,?,,?,?,?,?,?,,87.670456,,?,?
,?,,?,,?,?,?,?,?,,,,?,?
,?,,?,10.067414,?,?,?, White,?,,,40.425713,?,?
,?,,?,,?,?,?,?,?,,,,?, <=50K
,?,,?,,?,?, Husband, White,?,,,,?,?
38.579506,?,,?,,?, Craft-repair, Husband,?,?,,87.670456,40.425713,?, <=50K
,?,, HS-grad,10.067414,?,?,?, White,?,1082.9701,87.670456,,?,?
, Private,,?,,?,?,?,?, Male,,87.670456,40.425713,?,?
,?,,?,,?, Craft-repair,?, White, Male,,87.670456,,?, <=50K
,?,189484.39,?,,?,?, Husband,?,?,,,,?,?
, Private,,?,, Married-civ-spouse,?,?,?,?,,,,?, <=50K
,?,,?,,?,?,?,?, Male,,87.670456,, United-States,?
38.579506,?,,?,10.067414,?, Craft-repair,?,?, Male,,,, United-States,?
,?,189484.39,?,,?,?,?,?,?,,,,?, <=50K
38.579506,?,, HS-grad,,?,?,?, White,?,,,,?,?
, Private,,?,,?,?, Husband,?,?,,,,?,?
,?,, HS-grad,, Married-civ-spouse, Craft-repair,?,?,?,,,,?, <=50K
,?,,?,, Married-civ-spouse,?,?,?, Male,,,40.425713,?,?
,?,,?,,?,?,?, White, Male,,,,?,?
,?,,?,,?,?,?,?,?,,87.670456,,?,?
,?,,?,10.067414,?,?,?,?, Male,1082.9701,,, United-States, <=50K
, Private,,?,,?,?,?,?,?,,,,?,?
, Private,, HS-grad,,?,?, Husband,?,?,1082.9701,,,?,?
,?,,?,10.067414,?,?,?,?,?,,87.670456,, United-States,?
,?,,?,10.067414,?,?,?, White,?,,,, United-States,?
,?,189484.39,?,,?,?,?,?,?,,,40.425713,?, <=50K
38.579506,?,,?,, Married-civ-spouse,?,?,?,?,,87.670456,, United-States, <=50K
,?,, HS-grad,,?,?,?,?,?,,,, United-States,?
,?,,?,,?, Craft-repair,?,?,?,,,40.425713,?, <=50K
, Private,, HS-grad,,?,?,?,?,?,,,,?,?
, Private,,?,,?,?,?, White,?,1082.9701,87.670456,, United-States,?
,?,,?,,?,?,?, White,?,,,,?,?
, Private,,?,,?,?,?,?,?,1082.9701,87.670456,,?,?
,?,,?,,?,?,?,?,?,,,, United-States, <=50K
,?,,?,,?, Craft-repair,?,?, Male,1082.9701,,,?,?
,?,,?,10.067414,?,?,?,?,?,,,,?,?
,?,, HS-grad,10.067414,?, Craft-repair,?,?,?,,,,?,?
,?,, HS-grad,10.067414,?,?,?,?,?,,,,?,?
, Private,189484.39,?,,?,?,?,?, Male,,87.670456,,?, <=50K
,?,,?,,?,?,?, White,?,,,40.425713,?,?
,?,,?,10.067414,?, Craft-repair,?,?,?,,,,?,?
,?,,?,,?, Craft-repair,?,?,?,1082.9701,87.670456,, United-States,?
, Private,,?,10.067414,?, Craft-repair,?,?,?,,87.670456,,?, <=50K
,?,,?,,?,?,?,?, Male,,,,?,?
, Private,189484.39,?,,?,?,?,?,?,,,, United-States,?
,?,,?,,?,?,?,?,?,,,,?,?
, Private,,?,,?,?,?,?, Male,,,40.425713,?, <=50K
,?,,?,10.067414,?, Craft-repair,?,?,?,,,,?, <=50K
, Private,189484.39,?,,?,?,?,?,?,,87.670456,40.425713,?, <=50K
,?,,?,,?,?,?,?,?,1082.9701,,,?,?
,?,,?,,?,?,?,?,?,,,,?,?
,?,,?,,?,?, Husband,?,?,,,,?, <=50K
,?,,?,,?, Craft-repair,?,?,?,,,,?,?
,?,189484.39, HS-grad,, Married-civ-spouse,?,?,?,?,,87.670456,,?,?
, Private,189484.39,?,,?,?,?,?,?,,,,?,?
,?,,?,, Married-civ-spouse,?,?,?,?,1082.9701,87.670456,,?,?
, Private,,?,,?, Craft-repair,?,?,?,,,40.425713,?,?
, Private,,?,,?, Craft-repair,?, White, Male,1082.9701,,,?, <=50K
,?,189484.39,?,,?,?,?, White,?,,,,?, <=50K
38.579506,?,,?,,?,?, Husband,?,?,,,,?,?
38.579506,?,,?,10.067414,?,?,?,?, Male,,87.670456,,?,?
, Private,,?,,?,?, Husband, White,?,1082.9701,,,?,?
,?,,?,10.067414, Married-civ-spouse,?, Husband,?,?,,87.670456,,?,?
38.579506,?,,?,,?,?,?,?,?,,,,?,?
,?,,?,,?,?,?, White,?,,,40.425713, United-States,?
,?,189484.39,?,, Married-civ-spouse, Craft-repair,?,?,?,,,,?,?
,?,,?,,?,?,?,?, Male,,,,?,?
,?,189484.39,?,,?,?,?,?,?,,,,?, <=50K
, Private,, HS-grad,10.067414, Married-civ-spouse,?,?, White,?,,,,?,?
,?,, HS-grad,,?,?,?,?,?,,87.670456,,?,?
, Private,,?,10.067414, Married-civ-spouse,?,?, White,?,,,, United-States,?
,?,, HS-grad,10.067414,?,?,?, White,?,,,,?,?
,?,, HS-grad,,?,?,?,?, Male,,,,?,?
, Private,,?,,?,?,?,?,?,,,,?,?
,?,,?,,?,?,?,?,?,,,,?, <=50K
, Private,,?,,?,?,?,?,?,1082.9701,,,?,?
, Private,,?,, Married-civ-spouse,?,?,?,?,,,,?,?
,?,,?,10.067414, Married-civ-spouse,?,?,?,?,,,40.425713,?,?
, Private,189484.39,?,,?,?,?,?, Male,,87.670456,,?,?
, Private,,?,,?, Craft-repair,?,?,?,1082.9701,,, United-States,?
,?,,?,,?,?,?,?, Male,,,, United-States, <=50K
,?,,?,,?,?, Husband,?,?,,,,?,?
,?,,?,,?,?,?,?,?,,,,?,?
,?,,?,,?,?,?,?,?,,,, United-States,?
,?,,?,,?,?, Husband, White,?,,,,?,?
38.579506,?,, HS-grad,, Married-civ-spouse,?, Husband,?,?,,,,?,?
,?,, HS-grad,,?, Craft-repair,?, White,?,,,,?,?
,?,,?,,?,?,?,?, Male,,,,?,?
38.579506, Private,,?,,?, Craft-repair, Husband,?,?,,,,?,?
,?,,?,10.067414,?,?,?, White, Male,1082.9701,87.670456,,?,?
,?,,?,,?,?, Husband,?, Male,,,,?,?
,?,,?,10.067414,?,?,?,?, Male,1082.9701,,40.425713,?,?
38.579506,?,,?,,?,?,?, White,?,,,,?,?
,?,,?,,?,?, Husband,?,?,1082.9701,,,?,?
,?,, HS-grad,,?,?,?,?,?,,,40.425713, United-States,?
, Private,189484.39,?,10.067414,?,?,?,?,?,,,,?,?
, Private,189484.39,?,, Married-civ-spouse,?, Husband,?,?,,87.670456,40.425713,?,?
,?,189484.39,?,,?, Craft-repair,?, White,?,,,,?,?
, Private,, HS-grad,,?,?,?, White,?,,,,?, <=50K
,?,189484.39,?,,?,?,?,?,?,1082.9701,,,?,?
,?,189484.39,?,,?,?, Husband,?, Male,,87.670456,40.425713,?,?
38.579506,?,,?,,?, Craft-repair, Husband, White, Male,1082.9701,,,?,?
,?,,?,,?, Craft-repair,?,?,?,,,, United-States,?
,?,189484.39,?,,?,?, Husband,?, Male,,87.670456,,?,?
, Private,,?,,?,?, Husband,?,?,,,40.425713,?,?
,?,,?,10.067414, Married-civ-spouse,?,?,?,?,,,, United-States, <=50K
,?,,?,10.067414, Married-civ-spouse,?,?, White,?,,87.670456,40.425713,?,?
,?,,?,,?,?,?, White,?,,,,?,?
,?,189484.39,?,,?,?, Husband,?,?,1082.9701,,,?,?
,?,,?,10.067414,?,?,?,?,?,,,,?, <=50K
,?,,?,,?,?, Husband,?, Male,1082.9701,87.670456,,?,?
,?,, HS-grad,,?, Craft-repair, Husband,?,?,,87.670456,, United-States,?
,?,189484.39, HS-grad,,?,?, Husband,?,?,,,,?,?
38.579506,?,,?,,?,?, Husband,?,?,,87.670456,40.425713,?,?
,?,,?,,?,?,?,?,?,,87.670456,, United-States, <=50K
, Private,,?,,?,?,?,?,?,1082.9701,,, United-States,?
,?,,?,,?,?,?, White,?,,,,?,?
,?,, HS-grad,,?,?,?,?,?,1082.9701,87.670456,,?,?
,?,, HS-grad,, Married-civ-spouse,?,?,?,?,,,,?,?
,?,, HS-grad,,?, Craft-repair,?,?,?,,,40.425713,?,?
,?,,?,,?, Craft-repair, Husband, White,?,,,,?,?
,?,,?,,?,?, Husband, White, Male,,,40.425713,?,?
,?,,?,,?,?,?,?,?,,,40.425713,?,?
, Private,,?,10.067414,?,?,?,?,?,,,,?,?
,?,,?,, Married-civ-spouse,?, Husband,?,?,,,40.425713,?, <=50K
, Private,,?,10.067414,?,?,?,?,?,1082.9701,,, United-States, <=50K
,?,,?,10.067414, Married-civ-spouse,?,?,?,?,,,, United-States,?
38.579506,?,,?,, Married-civ-spouse,?,?, White,?,,,,?,?
,?,,?,,?,?,?,?, Male,,87.670456,,?, <=50K
,?,,?,,?,?,?,?,?,,,,?,?
,?,,?,,?,?,?, White,?,,,, United-States,?
,?,, HS-grad,,?,?,?,?, Male,,,,?,?
38.579506,?,189484.39,?,,?,?, Husband,?,?,,,,?,?
, Private,189484.39, HS-grad,, Married-civ-spouse, Craft-repair,?,?,?,,87.670456,, United-States,?
38.579506, Private,189484.39, HS-grad,,?,?,?,?,?,,,,?,?
, Private,,?,10.067414, Married-civ-spouse, Craft-repair,?,?,?,,87.670456,,?,?
38.579506,?,,?,,?, Craft-repair,?, White,?,1082.9701,,, United-States,?
, Private,189484.39, HS-grad,,?,?,?,?,?,1082.9701,87.670456,, United-States,?
,?,189484.39,?,,?, Craft-repair, Husband,?,?,,,,?,?
38.579506,?,,?,,?, Craft-repair,?,?,?,1082.9701,,,?,?
,?,,?,, Married-civ-spouse,?,?, White,?,,,,?,?
,?,,?,,?,?, Husband,?,?,,,40.425713,?,?
,?,189484.39,?,, Married-civ-spouse,?,?,?,?,,87.670456,,?, <=50K
,?,,?,,?,?,?,?,?,,,,?,?
,?,189484.39, HS-grad,10.067414,?,?, Husband,?, Male,,,, United-States, <=50K
, Private,,?,10.067414,?,?,?, White,?,,,40.425713,?,?
38.579506,?,,?,10.067414,?,?,?,?,?,,,,?, <=50K
, Private,,?,,?, Craft-repair,?,?,?,,87.670456,,?,?
,?,,?,, Married-civ-spouse,?, Husband,?,?,,,,?, <=50K
,?,,?,, Married-civ-spouse, Craft-repair,?,?,?,,87.670456,,?,?
,?,, HS-grad,, Married-civ-spouse,?,?,?, Male,,,,?,?
, Private,,?,10.067414, Married-civ-spouse,?,?,?,?,,87.670456,,?,?
,?,,?,,?,?,?,?,?,,,,?, <=50K
,?,,?,,?,?, Husband,?,?,1082.9701,,,?,?
,?,, HS-grad,,?,?,?,?,?,,,,?,?
,?,,?,,?,?, Husband,?,?,,,40.425713,?,?
,?,189484.39,?,,?, Craft-repair,?,?, Male,,,, United-States,?
,?,,?,,?,?,?,?,?,,,,?,?
,?,,?,,?,?,?,?,?,,87.670456,,?, <=50K
,?,,?,,?,?,?,?, Male,,,,?,?
,?,189484.39,?,10.067414, Married-civ-spouse,?,?,?, Male,,,,?,?
,?,,?,, Married-civ-spouse, Craft-repair,?, White,?,1082.9701,,, United-States,?
,?,189484.39,?,,?,?,?, White,?,,,40.425713,?,?
,?,,?,10.067414,?,?,?,?,?,,87.670456,40.425713,?,?
,?,,?,,?,?, Husband,?,?,,,,?,?
,?,,?,10.067414,?,?,?,?, Male,,87.670456,, United-States,?
,?,,?,10.067414,?,?,?, White,?,,,,?, <=50K
,?,,?,,?,?, Husband,?,?,,,40.425713,?,?
,?,,?,,?,?,?,?,?,,87.670456,,?, <=50K
38.579506,?,,?,,?,?, Husband,?, Male,,,,?, <=50K
,?,,?,,?,?,?, White,?,,,,?, <=50K
,?,,?,, Married-civ-spouse,?,?,?,?,,,, United-States,?
, Private,,?,, Married-civ-spouse,?,?,?,?,,,,?, <=50K
,?,189484.39,?,10.067414, Married-civ-spouse,?,?,?,?,,,,?,?
,?,,?,,?,?,?, White,?,,,,?,?
,?,,?,,?, Craft-repair, Husband,?,?,1082.9701,,40.425713,?,?
, Private,,?,,?,?,?, White,?,,87.670456,,?, <=50K
,?,,?,,?,?, Husband,?,?,1082.9701,87.670456,40.425713, United-States, <=50K
,?,,?,, Married-civ-spouse,?,?, White,?,,,,?,?
,?,,?,,?,?,?,?,?,,,,?, <=50K
,?,,?,,?,?,?,?,?,,,,?,?
,?,189484.39,?,,?, Craft-repair,?,?,?,,,,?,?
38.579506, Private,,?,,?,?,?,?,?,,,, United-States,?
,?,,?,,?,?,?, White,?,1082.9701,,,?,?
,?,,?,10.067414, Married-civ-spouse,?,?,?,?,1082.9701,,,?,?
38.579506,?,, HS-grad,,?,?,?,?,?,,,,?,?
,?,,?,10.067414,?,?,?, White, Male,,,,?, <=50K
,?,,?,,?,?,?,?,?,,,40.425713,?,?
,?,189484.39,?,,?,?,?,?,?,,,40.425713,?,?
,?,189484.39,?,,?,?,?,?, Male,,87.670456,, United-States,?
38.579506, Private,,?,, Married-civ-spouse,?,?,?,?,,,, United-States,?
,?,, HS-grad,,?,?,?, White,?,,87.670456,, United-States,?
,?,,?,10.067414,?,?, Husband,?, Male,,87.670456,,?,?
,?,,?,,?,?,?, White,?,,,,?,?
38.579506, Private,,?,,?,?,?,?, Male,,,, United-States, <=50K
38.579506,?,,?,, Married-civ-spouse,?,?,?,?,,,,?,?
, Private,,?,,?,?,?,?,?,,87.670456,, United-States,?
,?,, HS-grad,,?,?,?, White,?,1082.9701,87.670456,, United-States,?
,?,,?,,?,?, Husband,?, Male,,,40.425713,?,?
, Private,,?,,?,?,?,?,?,,,, United-States,?
38.579506,?,189484.39, HS-grad,,?, Craft-repair,?,?,?,,,,?,?
,?,189484.39,?,10.067414, Married-civ-spouse,?,?, White,?,,,40.425713,?,?
,?,189484.39,?,,?,?,?, White,?,,,, United-States,?
,?,,?,,?,?,?,?,?,,87.670456,, United-States, <=50K
,?,,?,,?,?,?,?,?,,,40.425713,?,?
,?,,?,, Married-civ-spouse,?,?,?,?,,,,?,?
,?,,?,,?,?,?,?, Male,,,,?, <=50K
38.579506,?,189484.39,?,10.067414,?, Craft-repair,?,?,?,1082.9701,,,?,?
,?,,?,,?,?,?,?,?,,,, United-States,?
38.579506,?,,?,, Married-civ-spouse,?, Husband,?,?,,87.670456,,?,?
,?,,?,10.067414,?,?,?,?,?,,,,?, <=50K
,?,, HS-grad,,?,?, Husband,?,?,,87.670456,, United-States,?
,?,,?,10.067414,?, Craft-repair,?,?, Male,1082.9701,,,?,?
,?,,?,,?,?,?, White, Male,,,,?,?
, Private,,?,,?, Craft-repair,?,?,?,,87.670456,, United-States,?
,?,,?,,?,?,?,?,?,,,, United-States,?
,?,,?,,?,?,?,?, Male,,,,?,?
,?,,?,,?,?,?,?,?,,,,?,?
,?,189484.39,?,10.067414,?,?,?,?,?,,,,?,?
, Private,,?,10.067414, Married-civ-spouse,?,?,?,?,1082.9701,,,?,?
,?,, HS-grad,, Married-civ-spouse, Craft-repair,?, White, Male,1082.9701,,,?,?
,?,,?,,?,?,?,?,?,,87.670456,,?,?
,?,,?,, Married-civ-spouse, Craft-repair,?,?,?,,,40.425713, United-States,?
,?,,?,,?,?,?,?,?,,,,?,?
,?,,?,,?,?,?,?,?,,,,?,?
, Private,189484.39, HS-grad,, Married-civ-spouse,?,?,?,?,,87.670456,,?,?
,?,, HS-grad,,?,?,?,?,?,1082.9701,,,?,?
, Private,,?,,?, Craft-repair,?,?,?,,,,?,?
,?,,?,,?,?,?,?,?,,87.670456,40.425713,?,?
, Private,, HS-grad,,?,?,?,?,?,1082.9701,,,?,?
38.579506, Private,,?,10.067414,?, Craft-repair,?, White,?,,,,?, <=50K
,?,, HS-grad,10.067414,?,?,?, White,?,,87.670456,,?,?
38.579506,?,, HS-grad,,?,?,?,?,?,,,40.425713,?,?
,?,, HS-grad,,?, Craft-repair,?,?,?,,,,?, <=50K
38.579506,?,,?,10.067414,?,?,?,?,?,,,,?,?
,?,,?,,?,?,?, White,?,,,, United-States,?
,?,,?,,?,?,?,?,?,,,,?,?
,?,,?,10.067414,?,?, Husband,?,?,,,, United-States,?
,?,189484.39,?,,?,?,?, White,?,,,, United-States,?
,?,,?,10.067414,?,?,?,?, Male,1082.9701,,,?,?
, Private,,?,,?,?,?,?,?,,,,?,?
, Private,,?,10.067414,?,?,?,?,?,1082.9701,87.670456,,?,?
,?,,?,, Married-civ-spouse,?,?,?,?,,,,?,?
,?,,?,,?, Craft-repair,?,?,?,1082.9701,,,?,?
,?,,?,,?,?,?,?,?,,87.670456,,?, <=50K
,?,,?,,?,?,?,?,?,1082.9701,,,?,?
,?,, HS-grad,10.067414,?,?,?,?, Male,,,,?,?
38.579506,?,,?,10.067414,?,?,?, White,?,1082.9701,,, United-States,?
38.579506, Private,,?,,?,?,?,?,?,,87.670456,,?,?
,?,189484.39,?,,?,?,?,?, Male,,,, United-States,?
, Private,,?,,?,?, Husband,?,?,,,,?,?
,?,,?,,?,?,?, White,?,,87.670456,,?,?
38.579506, Private,189484.39,?,10.067414,?,?,?,?, Male,,,,?,?
,?,,?,,?, Craft-repair,?, White,?,,,,?,?
,?,,?,,?, Craft-repair,?,?,?,,87.670456,,?,?
,?,189484.39,?,, Married-civ-spouse,?,?, White, Male,,87.670456,, United-States,?
38.579506, Private,, HS-grad,,?, Craft-repair,?,?,?,,,,?,?
,?,,?,,?,?,?, White,?,,,,?,?
,?,,?,,?,?,?, White,?,1082.9701,,,?, <=50K
,?,,?,,?, Craft-repair, Husband,?,?,1082.9701,,, United-States,?
, Private,,?,,?, Craft-repair,?,?,?,,,, United-States,?
,?,,?,,?, Craft-repair,?,?,?,1082.9701,,, United-States,?
,?,, HS-grad,,?,?,?, White,?,,,,?,?
,?,,?,,?,?,?,?,?,,87.670456,,?,?
,?,,?,10.067414,?,?, Husband,?,?,,,, United-States,?
38.579506,?,,?,,?,?, Husband,?,?,,87.670456,,?,?
,?,,?,,?, Craft-repair,?,?,?,,,,?,?
,?,,?,10.067414,?, Craft-repair,?,?,?,,,,?,?
,?,189484.39,?,,?,?,?,?,?,,,,?,?
,?,,?,,?,?, Husband, White, Male,,87.670456,40.425713,?,?
,?,,?,10.067414,?,?,?,?, Male,,,40.425713, United-States,?
,?,, HS-grad,,?,?,?,?, Male,,,,?, <=50K
,?,, HS-grad,,?,?,?,?, Male,,,,?, <=50K
38.579506,?,,?,, Married-civ-spouse,?,?,?,?,1082.9701,,40.425713,?,?
,?,189484.39,?,,?,?,?, White,?,,,40.425713, United-States,?
,?,189484.39,?,,?,?,?,?,?,,,40.425713,?,?
, Private,189484.39,?,,?, Craft-repair, Husband,?,?,,,40.425713,?,?
,?,, HS-grad,,?,?, Husband, White,?,,,40.425713,?,?
,?,, HS-grad,10.067414,?,?, Husband, White,?,,,,?,?
38.579506,?,, HS-grad,, Married-civ-spouse, Craft-repair,?,?,?,,,,?,?
,?,,?,, Married-civ-spouse, Craft-repair,?,?, Male,,87.670456,, United-States, <=50K
,?,,?,, Married-civ-spouse,?,?,?, Male,,87.670456,40.425713,?,?
,?,,?,,?,?,?,?,?,,87.670456,,?,?
38.579506,?,,?,10.067414,?, Craft-repair,?, White,?,,,,?,?
,?,,?,,?,?,?,?,?,,,40.425713, United-States,?
,?,189484.39,?,,?,?,?,?,?,,87.670456,,?,?
38.579506,?,,?,,?,?,?,?,?,,,,?,?
,?,, HS-grad,,?,?,?,?,?,,87.670456,40.425713,?,?
, Private,189484.39, HS-grad,,?, Craft-repair,?,?, Male,1082.9701,87.670456,,?,?
,?,,?,,?,?,?,?,?,,,,?,?
,?,,?,,?,?,?,?,?,,,,?,?
38.579506,?,189484.39,?,,?,?, Husband,?,?,,,,?,?
,?,,?,,?,?,?,?,?,,,,?,?
,?,189484.39,?,,?,?,?,?,?,,,,?,?
,?,189484.39, HS-grad,10.067414,?,?,?,?,?,,,,?,?
,?,,?,10.067414,?,?,?, White,?,,,, United-States,?
,?,,?,10.067414, Married-civ-spouse,?, Husband,?,?,,,40.425713,?, <=50K
,?,,?,,?, Craft-repair,?,?,?,,87.670456,,?,?
,?,,?,, Married-civ-spouse,?,?, White,?,,,,?, <=50K
,?,,?,,?,?,?,?,?,,,40.425713,?,?
,?,189484.39,?,10.067414, Married-civ-spouse,?,?, White,?,,87.670456,,?,?
, Private,189484.39, HS-grad,10.067414,?, Craft-repair,?,?,?,1082.9701,87.670456,,?,?
,?,,?,, Married-civ-spouse, Craft-repair,?,?, Male,,,,?,?
, Private,,?,10.067414,?,?,?,?,?,,,40.425713,?,?
38.579506,?,,?,,?, Craft-repair, Husband,?,?,1082.9701,,,?,?
,?,,?,,?, Craft-repair,?,?,?,1082.9701,87.670456,,?,?
,?,189484.39,?,,?,?,?,?,?,,,40.425713,?,?
,?,189484.39,?,,?, Craft-repair, Husband,?,?,,,,?,?
,?,,?,10.067414,?, Craft-repair,?,?,?,,,, United-States,?
,?,, HS-grad,, Married-civ-spouse,?,?,?,?,,,, United-States,?
,?,,?,,?,?,?, White,?,,87.670456,40.425713,?,?
,?,,?,,?,?, Husband,?,?,,,,?,?
,?,, HS-grad,,?,?,?,?,?,1082.9701,,40.425713,?,?
38.579506,?,,?,,?,?,?,?,?,,,,?, <=50K
38.579506,?,, HS-grad,,?, Craft-repair,?, White,?,,,,?,?
,?,,?,,?,?,?, White, Male,,,40.425713,?, <=50K
,?,,?,,?,?,?,?,?,,,,?,?
, Private,,?,,?,?,?,?,?,,,,?,?
,?,,?,,?,?,?,?, Male,,,,?,?
38.579506,?,,?,10.067414,?,?,?,?,?,,,,?,?
,?,, HS-grad,, Married-civ-spouse,?,?,?,?,,,,?, <=50K
,?,,?,, Married-civ-spouse,?,?,?, Male,,,40.425713,?,?
, Private,,?,,?,?,?,?,?,,,,?, <=50K
,?,,?,,?,?, Husband,?,?,,,40.425713,?,?
,?,,?,10.067414,?,?,?, White,?,1082.9701,,,?, <=50K
,?,,?,10.067414,?,?,?,?,?,,87.670456,,?,?
, Private,,?,,?,?, Husband, White,?,,,,?,?
,?,,?,10.067414, Married-civ-spouse,?,?,?,?,,,40.425713,?,?
38.579506,?,,?,, Married-civ-spouse,?,?,?,?,,,,?,?
,?,,?,,?, Craft-repair,?,?,?,,,,?,?
38.579506,?,,?,,?,?,?, White,?,,,40.425713,?,?
, Private,,?,,?,?,?,?,?,1082.9701,,,?,?
, Private,,?,10.067414,?, Craft-repair, Husband,?, Male,,,40.425713,?,?
,?,,?,,?,?, Husband,?, Male,,,,?,?
,?,,?,,?,?,?,?,?,,,40.425713,?, <=50K
,?,,?,, Married-civ-spouse,?,?,?,?,,87.670456,,?, <=50K
,?,,?,,?,?,?,?,?,,,,?,?
,?,,?,, Married-civ-spouse,?,?,?,?,1082.9701,,40.425713, United-States,?
,?,,?,, Married-civ-spouse,?,?,?, Male,,87.670456,,?,?
,?,,?,10.067414, Married-civ-spouse,?,?,?,?,,,,?,?
,?,189484.39,?,,?,?,?,?,?,,,,?, <=50K
,?,,?,, Married-civ-spouse,?,?, White,?,,,40.425713, United-States,?
, Private,, HS-grad,,?, Craft-repair, Husband,?,?,1082.9701,,, United-States, <=50K
38.579506,?,,?,,?,?, Husband,?,?,,,40.425713,?,?
38.579506,?,,?,,?,?,?,?,?,,,,?,?
, Private,, HS-grad,,?,?,?,?,?,,,,?,?
,?,, HS-grad,,?,?, Husband, White,?,,,,?,?
,?,189484.39,?,,?,?, Husband,?, Male,,,,?,?
, Private,,?,, Married-civ-spouse,?,?,?,?,,,,?,?
,?,189484.39, HS-grad,10.067414,?, Craft-repair,?,?,?,,87.670456,,?,?
,?,, HS-grad,,?,?,?,?,?,,,40.425713,?, <=50K
,?,189484.39,?,, Married-civ-spouse,?, Husband,?,?,,87.670456,40.425713,?,?
,?,,?,,?,?,?,?,?,,,,?,?
38.579506,?,,?,10.067414,?,?,?,?,?,,87.670456,,?,?
,?,,?,,?,?,?,?,?,1082.9701,,,?,?
,?,189484.39,?,,?,?,?, White,?,,,,?,?
,?,, HS-grad,,?,?,?,?,?,,,, United-States,?
,?,,?,, Married-civ-spouse,?,?,?,?,,,40.425713,?,?
,?,,?,, Married-civ-spouse,?,?,?, Male,1082.9701,,,?, <=50K
,?,,?,, Married-civ-spouse, Craft-repair,?, White, Male,,,40.425713,?,?
, Private,,?,10.067414,?,?,?,?,?,,,,?,?
38.579506,?,,?,,?,?,?,?,?,,87.670456,,?,?
38.579506,?,,?,,?,?, Husband,?,?,1082.9701,,40.425713,?, <=50K
38.579506,?,,?,,?,?, Husband, White,?,,87.670456,,?,?
38.579506, Private,, HS-grad,, Married-civ-spouse,?,?, White,?,,,40.425713,?,?
,?,,?,,?,?,?, White,?,1082.9701,87.670456,,?,?
, Private,, HS-grad,,?,?, Husband,?, Male,,,,?,?
, Private,, HS-grad,, Married-civ-spouse,?,?,?,?,,,,?,?
,?,189484.39,?,10.067414,?,?,?,?,?,,87.670456,40.425713,?,?
,?,,?,10.067414,?,?,?,?,?,,,40.425713, United-States,?
38.579506,?,,?,,?,?,?, White,?,,,,?, <=50K
,?,, HS-grad,10.067414,?,?, Husband,?,?,,87.670456,,?,?
38.579506,?,,?,,?,?, Husband,?,?,,,, United-States,?
38.579506, Private,189484.39,?,, Married-civ-spouse,?,?,?,?,1082.9701,,,?,?
38.579506, Private,,?,10.067414,?,?,?,?,?,,,40.425713,?,?
,?,189484.39,?,, Married-civ-spouse,?, Husband,?,?,,,,?,?
38.579506,?,,?,, Married-civ-spouse, Craft-repair,?, White,?,1082.9701,,, United-States,?
,?,189484.39,?,,?, Craft-repair,?, White,?,1082.9701,,40.425713,?,?
,?,,?,,?,?,?,?,?,,,,?, <=50K
,?,,?,,?, Craft-repair, Husband, White,?,,,40.425713, United-States, <=50K
,?,189484.39,?,, Married-civ-spouse,?, Husband,?,?,1082.9701,,,?,?
, Private,,?,,?,?, Husband,?,?,,87.670456,40.425713,?,?
,?,,?,, Married-civ-spouse,?,?,?,?,,,,?,?
38.579506,?,, HS-grad,,?,?,?,?,?,1082.9701,,,?,?
,?,,?,10.067414,?,?, Husband,?,?,,,,?, <=50K
,?,,?,, Married-civ-spouse,?,?,?,?,,,,?,?
,?,,?,,?,?, Husband,?,?,,87.670456,40.425713,?,?
,?,,?,,?,?,?,?,?,,,,?,?
, Private,,?,,?,?, Husband,?,?,,,, United-States, <=50K
,?,, HS-grad,, Married-civ-spouse,?,?,?, Male,,,, United-States,?
,?,,?,,?,?,?,?, Male,,,40.425713,?,?
, Private,,?,,?, Craft-repair,?,?,?,1082.9701,,40.425713,?, <=50K
,?,,?,,?,?,?,?, Male,,,40.425713,?,?
, Private,,?,, Married-civ-spouse, Craft-repair,?,?,?,1082.9701,87.670456,,?,?
, Private,,?,10.067414, Married-civ-spouse, Craft-repair,?, White,?,1082.9701,,,?,?
,?,189484.39,?,, Married-civ-spouse,?,?,?, Male,,,, United-States, <=50K
,?,,?,,?,?,?,?,?,,87.670456,40.425713,?,?
38.579506,?,,?,,?,?,?,?,?,1082.9701,,,?,?
, Private,,?,10.067414,?, Craft-repair,?,?,?,,,,?,?
38.579506,?,,?,,?,?, Husband,?,?,,87.670456,, United-States, <=50K
,?,189484.39, HS-grad,,?, Craft-repair,?,?,?,,,,?,?
,?,189484.39,?,, Married-civ-spouse,?, Husband,?,?,1082.9701,,,?,?
,?,,?,10.067414,?,?,?,?, Male,,,40.425713,?,?
, Private,,?,,?,?,?,?,?,,87.670456,,?,?
,?,,?,,?,?, Husband, White,?,,,, United-States,?
38.579506, Private,,?,,?,?, Husband,?,?,1082.9701,,, United-States,?
,?,, HS-grad,,?,?,?,?, Male,,,,?,?
, Private,189484.39,?,,?,?, Husband,?,?,1082.9701,,,?, <=50K
, Private,, HS-grad,, Married-civ-spouse,?, Husband,?,?,1082.9701,,,?,?
, Private,189484.39,?,10.067414,?,?,?, White, Male,,,40.425713,?,?
, Private,,?,,?, Craft-repair, Husband,?, Male,,,40.425713,?,?
,?,,?,,?,?,?,?,?,,,,?, <=50K
,?,,?,10.067414,?,?,?,?,?,1082.9701,,,?,?
, Private,,?,,?,?, Husband,?,?,,,,?,?
, Private,,?,,?,?,?,?,?,,87.670456,40.425713, United-States,?
,?,, HS-grad,, Married-civ-spouse,?, Husband,?,?,1082.9701,,, United-States,?
,?,,?,,?,?,?,?,?,1082.9701,,,?, <=50K
,?,, HS-grad,,?,?,?, White,?,,,,?,?
, Private,, HS-grad,10.067414,?,?,?,?,?,,,,?,?
,?,, HS-grad,10.067414,?,?,?,?,?,,,,?,?
,?,,?,,?,?,?,?,?,,87.670456,,?,?
,?,189484.39, HS-grad,,?,?,?,?,?,,87.670456,,?,?
,?,,?,,?,?, Husband,?,?,,,,?,?
,?,189484.39, HS-grad,,?,?,?,?,?,,,,?,?
,?,,?,,?,?,?,?, Male,,,,?, <=50K
,?,,?,,?, Craft-repair,?,?,?,,,, United-States,?
,?,, HS-grad,10.067414,?, Craft-repair,?,?,?,,87.670456,, United-States,?
,?,, HS-grad,,?,?, Husband,?,?,,,, United-States,?
,?,,?,,?,?,?,?,?,,87.670456,,?, <=50K
,?,,?,,?,?,?,?,?,,,,?, <=50K
,?,189484.39,?,,?,?,?,?,?,,,,?,?
38.579506,?,,?,,?,?,?,?,?,,87.670456,,?,?
,?,,?,,?,?,?,?, Male,1082.9701,,, United-States,?
38.579506,?,,?,,?,?, Husband,?,?,,,40.425713,?,?
,?,, HS-grad,, Married-civ-spouse,?,?,?,?,,87.670456,,?, <=50K
, Private,, HS-grad,,?, Craft-repair,?,?,?,,,40.425713, United-States, <=50K
, Private,,?,,?, Craft-repair,?,?, Male,1082.9701,,,?,?
,?,, HS-grad,, Married-civ-spouse,?,?,?,?,,,,?,?
,?,189484.39,?,,?,?,?,?, Male,1082.9701,,,?,?
,?,,?,, Married-civ-spouse, Craft-repair,?,?,?,,87.670456,,?,?
,?,,?,, Married-civ-spouse,?,?,?, Male,,87.670456,40.425713,?,?
38.579506, Private,,?,,?,?,?,?,?,,,,?,?
,?,189484.39,?,,?,?,?,?,?,,,40.425713,?,?
,?,,?,,?,?,?,?,?,,,, United-States,?
,?,,?,,?,?,?, White,?,,87.670456,40.425713,?,?
,?,,?,10.067414,?,?,?,?, Male,1082.9701,,,?, <=50K
,?,, HS-grad,, Married-civ-spouse,?,?,?,?,1082.9701,87.670456,,?, <=50K
,?,,?,, Married-civ-spouse,?,?,?,?,,,40.425713, United-States, <=50K
,?,,?,,?, Craft-repair,?,?,?,,,,?,?
, Private,,?,,?,?,?,?, Male,,,,?,?
, Private,189484.39,?,, Married-civ-spouse,?,?,?, Male,,87.670456,,?,?
, Private,189484.39, HS-grad,,?,?,?,?,?,,,40.425713, United-States, <=50K
,?,,?,10.067414, Married-civ-spouse, Craft-repair,?,?, Male,1082.9701,,40.425713,?,?
,?,189484.39,?,,?, Craft-repair,?,?,?,,,,?,?
,?,189484.39,?,,?,?, Husband,?, Male,,,,?,?
38.579506, Private,,?,, Married-civ-spouse,?,?, White,?,,,, United-States,?
,?,,?,,?, Craft-repair,?,?,?,,,, United-States,?
,?,,?,,?, Craft-repair,?,?,?,,,40.425713,?,?
38.579506,?,,?,, Married-civ-spouse,?,?,?,?,,,,?,?
,?,,?,10.067414,?,?,?,?,?,,,, United-States,?
38.579506, Private,,?,, Married-civ-spouse,?,?,?,?,,,,?,?
,?,,?,,?,?,?,?,?,,,40.425713,?,?
,?,,?,,?,?,?,?,?,,,40.425713,?, <=50K
, Private,189484.39, HS-grad,,?,?, Husband,?,?,,,,?,?
,?,,?,,?,?,?,?, Male,,87.670456,,?,?
,?,,?,,?, Craft-repair,?,?,?,,,,?,?
,?,,?,,?,?,?,?, Male,,,,?, <=50K
38.579506,?,,?,,?,?,?,?,?,,,40.425713,?,?
,?,,?,, Married-civ-spouse,?, Husband,?,?,1082.9701,,,?,?
,?,,?,,?,?,?,?,?,,,,?, <=50K
,?,, HS-grad,,?, Craft-repair, Husband,?,?,1082.9701,87.670456,40.425713,?,?
38.579506,?,,?,,?,?,?,?,?,,,40.425713,?,?
,?,,?,,?, Craft-repair,?,?, Male,,,,?,?
,?,,?,10.067414,?,?,?,?,?,1082.9701,,,?,?
,?,,?,,?,?,?,?, Male,1082.9701,87.670456,,?,?
,?,,?,, Married-civ-spouse,?,?,?,?,,,,?, <=50K
,?,189484.39,?,,?,?,?,?,?,,,, United-States,?
,?,,?,10.067414,?,?, Husband,?,?,1082.9701,,,?,?
,?,, HS-grad,,?,?,?,?,?,,,,?, <=50K
38.579506,?,,?,,?,?,?,?,?,,,,?,?
,?,189484.39, HS-grad,,?,?,?,?, Male,,,,?,?
,?,,?,,?,?,?,?, Male,,,40.425713,?,?
38.579506,?,,?,, Married-civ-spouse,?,?,?,?,,,,?,?
,?,,?,,?,?,?,?,?,,,40.425713,?,?
, Private,,?,,?,?, Husband,?, Male,1082.9701,,,?,?
,?,, HS-grad,,?, Craft-repair, Husband,?,?,,,,?,?
38.579506,?,,?,,?,?,?,?,?,,,40.425713,?, <=50K
,?,,?,, Married-civ-spouse, Craft-repair,?,?,?,,,,?,?
,?,,?,,?, Craft-repair, Husband, White,?,1082.9701,,,?,?
,?,, HS-grad,,?,?,?,?,?,,87.670456,40.425713,?,?
,?,,?,,?, Craft-repair,?,?,?,1082.9701,,,?,?
,?,, HS-grad,10.067414,?,?, Husband,?,?,,,,?, <=50K
38.579506,?,, HS-grad,,?, Craft-repair, Husband, White,?,,,,?,?
38.579506,?,,?,,?,?,?,?,?,,,,?,?
38.579506,?,,?,,?, Craft-repair,?,?,?,,87.670456,40.425713,?,?
,?,, HS-grad,,?,?,?,?,?,,,,?,?
,?,,?,,?,?, Husband,?,?,,87.670456,40.425713,?,?
38.579506,?,,?,,?,?,?,?,?,,87.670456,,?,?
,?,,?,,?,?,?,?,?,,,,?, <=50K
,?,189484.39,?,,?,?,?,?,?,,,,?,?
,?,,?,,?,?,?, White,?,,,,?,?
38.579506,?,189484.39,?,10.067414,?,?,?,?,?,,,,?,?
,?,,?,,?,?,?,?,?,,,,?,?
38.579506,?,, HS-grad,, Married-civ-spouse, Craft-repair,?,?,?,,,,?,?
,?,,?,,?, Craft-repair,?,?,?,1082.9701,,,?, <=50K
,?,,?,,?,?,?,?, Male,,,,?,?
,?,,?,,?,?,?,?, Male,,,40.425713,?,?
,?,,?,10.067414,?,?,?,?,?,,,,?,?
,?,, HS-grad,10.067414,?,?,?,?, Male,,,40.425713,?,?
, Private,,?,,?,?,?, White, Male,1082.9701,,,?,?
,?,189484.39,?,,?,?,?,?, Male,,87.670456,40.425713,?,?
,?,189484.39,?,10.067414, Married-civ-spouse,?,?,?,?,1082.9701,,,?,?
,?,,?,10.067414,?,?,?,?,?,,,, United-States, <=50K
,?,,?,10.067414,?,?,?,?,?,,,,?,?
,?,189484.39, HS-grad,,?,?,?, White,?,,,, United-States,?
,?,,?,,?,?,?,?,?,,87.670456,40.425713, United-States,?
,?,189484.39,?,, Married-civ-spouse,?, Husband,?,?,,,40.425713,?, <=50K
,?,,?,,?,?, Husband,?,?,1082.9701,,,?, <=50K
,?,,?,, Married-civ-spouse,?,?,?,?,,,40.425713,?, <=50K
38.579506,?,,?,10.067414,?, Craft-repair,?,?,?,,,,?, <=50K
,?,, HS-grad,, Married-civ-spouse, Craft-repair, Husband,?,?,,,,?,?
38.579506,?,,?,,?,?,?,?,?,,,,?,?
,?,,?,10.067414,?,?,?,?,?,1082.9701,,,?,?
,?,,?,, Married-civ-spouse,?,?,?,?,,,,?,?
,?,189484.39,?,10.067414,?,?,?, White, Male,,,, United-States,?
38.579506,?,189484.39,?,10.067414, Married-civ-spouse,?,?,?,?,1082.9701,,,?,?
,?,,?,, Married-civ-spouse,?,?,?,?,,,,?,?
,?,,?,, Married-civ-spouse,?,?,?, Male,,,,?,?
,?,,?,,?,?,?, White,?,,,,?,?
,?,189484.39,?,, Married-civ-spouse,?,?,?,?,,,, United-States, <=50K
,?,,?,,?,?,?, White,?,1082.9701,87.670456,,?,?
,?,,?,,?,?,?,?,?,,,, United-States,?
, Private,,?,,?, Craft-repair,?,?,?,1082.9701,,,?,?
,?,,?,,?, Craft-repair,?,?, Male,1082.9701,,,?,?
, Private,,?,,?,?,?, White,?,,87.670456,,?, <=50K
,?,189484.39,?,,?,?,?,?,?,,,, United-States,?
,?,, HS-grad,, Married-civ-spouse,?,?,?,?,,,, United-States,?
,?,,?,,?,?,?,?, Male,,,40.425713, United-States,?
,?,, HS-grad,10.067414,?,?,?,?,?,,,,?,?
,?,,?,10.067414,?, Craft-repair, Husband,?,?,,,,?,?
, Private,,?,10.067414, Married-civ-spouse,?, Husband,?,?,,,40.425713,?,?
, Private,,?,,?,?,?,?,?,,,,?,?
38.579506,?,, HS-grad,,?, Craft-repair,?,?, Male,,,,?,?
,?,,?,10.067414,?,?, Husband,?,?,1082.9701,87.670456,,?,?
38.579506,?,,?,,?,?,?,?,?,,,40.425713, United-States,?
,?,,?,,?,?,?,?,?,,,, United-States, <=50K
38.579506,?,,?,,?, Craft-repair,?,?,?,,,,?,?
,?,,?,,?,?, Husband,?,?,,,,?,?
,?,189484.39,?,10.067414,?,?,?,?,?,,,,?,?
,?,,?,, Married-civ-spouse,?, Husband,?,?,,,, United-States,?
,?,,?,,?, Craft-repair,?,?, Male,,87.670456,, United-States,?
,?,, HS-grad,,?,?,?,?,?,,,40.425713, United-States,?
,?,,?,,?, Craft-repair,?,?,?,,,,?,?
,?,, HS-grad,,?,?,?,?, Male,,87.670456,,?,?
,?,,?,10.067414, Married-civ-spouse, Craft-repair,?,?,?,,,,?,?
,?,189484.39,?,,?,?,?,?,?,,,,?,?
38.579506,?,, HS-grad,,?,?,?,?,?,1082.9701,,,?,?
,?,,?,10.067414,?,?,?,?,?,,,, United-States,?
,?,,?,,?,?,?,?,?,,,,?,?
,?,,?,,?, Craft-repair,?,?, Male,,,,?,?
38.579506,?,,?,, Married-civ-spouse,?, Husband,?,?,,87.670456,,?, <=50K
,?,189484.39,?,,?, Craft-repair,?,?,?,,,,?,?
,?,,?,,?,?,?,?,?,,,,?,?
,?,,?,10.067414,?,?,?, White,?,,,40.425713,?, <=50K
,?,, HS-grad,10.067414,?,?,?,?,?,,87.670456,40.425713,?,?
,?,,?,, Married-civ-spouse,?,?,?,?,,,,?,?
, Private,,?,, Married-civ-spouse, Craft-repair,?,?, Male,,87.670456,40.425713,?,?
,?,,?,,?,?,?,?,?,,87.670456,,?,?
,?,,?,,?,?,?,?,?,,87.670456,,?,?
, Private,,?,, Married-civ-spouse,?,?,?,?,,,,?,?
,?,,?,,?,?, Husband,?,?,,,,?,?
,?,,?,,?,?,?,?,?,,,,?,?
,?,, HS-grad,,?,?, Husband, White,?,,,,?,?
38.579506,?,189484.39,?,10.067414,?,?,?,?,?,1082.9701,,,?, <=50K
,?,,?,, Married-civ-spouse,?, Husband,?,?,1082.9701,,, United-States,?
, Private,189484.39,?,,?,?,?, White,?,,,,?,?
,?,189484.39,?,,?, Craft-repair,?,?,?,1082.9701,,,?,?
,?,,?,, Married-civ-spouse,?,?,?, Male,,,, United-States,?
,?,,?,, Married-civ-spouse,?,?,?,?,,,,?,?
,?,, HS-grad,10.067414,?,?,?,?,?,,,,?, <=50K
,?,,?,,?,?,?,?,?,,,,?,?
,?,189484.39, HS-grad,,?,?,?, White,?,,87.670456,, United-States,?
,?,189484.39,?,,?,?,?, White,?,,,,?,?
,?,,?,10.067414,?,?,?,?,?,,,,?,?
,?,, HS-grad,10.067414,?,?, Husband,?,?,,,,?,?
,?,,?,,?, Craft-repair,?,?,?,,,,?,?
,?,,?,10.067414, Married-civ-spouse,?, Husband, White,?,,,,?,?
38.579506,?,,?,10.067414, Married-civ-spouse,?,?, White,?,,,,?,?
,?,189484.39,?,,?,?,?, White,?,1082.9701,,, United-States,?
,?,, HS-grad,,?,?,?,?,?,,,,?,?
38.579506,?,, HS-grad,, Married-civ-spouse,?,?, White,?,,,,?,?
,?,,?,10.067414,?,?,?,?,?,,87.670456,,?,?
,?,189484.39,?,,?,?,?,?,?,1082.9701,,,?,?
38.579506,?,189484.39, HS-grad,,?,?,?,?,?,,,,?, <=50K
,?,,?,,?,?,?, White,?,,87.670456,,?,?
38.579506,?,,?,,?,?, Husband,?, Male,,,,?,?
,?,189484.39,?,,?,?,?,?, Male,,,, United-States,?
, Private,189484.39,?,10.067414,?,?, Husband,?,?,,,,?,?
38.579506,?,189484.39,?,,?,?,?,?, Male,1082.9701,,,?,?
38.579506,?,,?,,?, Craft-repair, Husband,?,?,,,, United-States,?
, Private,189484.39, HS-grad,,?,?,?, White, Male,,,,?, <=50K
,?,,?,, Married-civ-spouse,?,?,?, Male,1082.9701,,,?, <=50K
, Private,,?,,?,?,?,?,?,,,, United-States,?
, Private,,?,,?,?,?,?, Male,,,,?,?
, Private,,?,10.067414, Married-civ-spouse,?, Husband,?,?,,,,?, <=50K
, Private,,?,, Married-civ-spouse,?,?,?,?,,,,?,?
38.579506,?,,?,,?,?,?,?,?,1082.9701,,,?, <=50K
38.579506,?,,?,,?, Craft-repair,?,?, Male,,,,?,?
, Private,,?,,?, Craft-repair,?,?,?,,,,?,?
38.579506,?,,?,,?,?,?,?, Male,,,,?,?
,?,,?,,?,?, Husband,?,?,,87.670456,,?,?
38.579506,?,189484.39,?,,?,?, Husband,?,?,,,,?, <=50K
, Private,,?,,?, Craft-repair,?,?,?,,87.670456,,?,?
,?,,?,,?,?,?,?, Male,,87.670456,,?, <=50K
, Private,,?,,?, Craft-repair,?,?, Male,1082.9701,,,?,?
38.579506, Private,189484.39,?,,?,?,?,?,?,,87.670456,40.425713,?,?
,?,,?,,?, Craft-repair,?,?, Male,,,,?,?
,?,189484.39, HS-grad,,?,?,?, White,?,,,, United-States,?
,?,,?,10.067414,?, Craft-repair,?,?,?,,87.670456,,?,?
,?,,?,,?,?,?,?,?,,,,?,?
,?,, HS-grad,,?,?,?, White,?,,,,?,?
, Private,, HS-grad,,?, Craft-repair,?,?,?,,,,?,?
38.579506,?,,?,,?, Craft-repair,?,?,?,,,, United-States,?
38.579506, Private,,?,,?,?,?,?,?,,87.670456,,?,?
38.579506, Private,,?,,?,?,?,?, Male,,,,?, <=50K
,?,,?,,?, Craft-repair,?, White,?,,87.670456,,?, <=50K
,?,,?,10.067414,?,?,?,?, Male,,,40.425713,?,?
,?,, HS-grad,,?, Craft-repair,?,?,?,,,40.425713, United-States,?
,?,,?,,?,?,?,?,?,,,,?,?
,?,,?,,?,?,?,?,?,1082.9701,87.670456,,?,?
,?,,?,,?,?,?,?, Male,,,40.425713,?, <=50K
, Private,, HS-grad,,?,?,?,?,?,,,,?,?
,?,, HS-grad,,?,?,?,?,?,,,,?,?
,?,,?,10.067414,?,?,?,?,?,,,40.425713, United-States, <=50K
,?,, HS-grad,, Married-civ-spouse, Craft-repair, Husband,?,?,,,, United-States, <=50K
,?,,?,,?,?, Husband,?,?,1082.9701,,, United-States,?
,?,, HS-grad,,?,?,?, White,?,,87.670456,,?, <=50K
, Private,189484.39,?,10.067414,?,?,?, White,?,,87.670456,,?,?
,?,,?,,?,?,?, White,?,,,,?,?
38.579506,?,,?,,?,?,?, White,?,,,,?, <=50K
38.579506,?,,?,,?, Craft-repair,?,?,?,,,,?,?
,?,, HS-grad,,?,?,?,?,?,,,40.425713, United-States,?
, Private,189484.39,?,,?,?, Husband,?,?,1082.9701,87.670456,,?,?
,?,189484.39,?,, Married-civ-spouse,?,?,?,?,,,,?,?
38.579506,?,189484.39,?,,?,?,?,?,?,,87.670456,,?,?
,?,189484.39,?,,?, Craft-repair,?, White,?,1082.9701,,,?,?
,?,, HS-grad,10.067414,?,?,?, White, Male,,,,?, <=50K
38.579506, Private,, HS-grad,, Married-civ-spouse, Craft-repair,?,?,?,,87.670456,,?, <=50K
, Private,,?,10.067414,?,?,?,?,?,,,,?,?
,?,,?,,?, Craft-repair,?,?,?,1082.9701,87.670456,,?,?
38.579506,?,,?,,?,?, Husband, White,?,1082.9701,,,?,?
, Private,189484.39,?,,?,?,?,?,?,1082.9701,,,?,?
38.579506, Private,189484.39,?,,?, Craft-repair,?,?,?,1082.9701,,,?,?
,?,,?,,?,?, Husband,?,?,,,40.425713,?,?
,?,, HS-grad,, Married-civ-spouse,?,?, White,?,1082.9701,,,?,?
, Private,,?,10.067414,?,?,?,?,?,,,,?,?
,?,,?,, Married-civ-spouse,?, Husband, White, Male,,,,?,?
, Private,189484.39, HS-grad,,?,?,?,?,?,,87.670456,, United-States,?
,?,,?,,?,?,?,?,?,1082.9701,,, United-States,?
,?,,?,, Married-civ-spouse,?,?,?, Male,,,,?,?
,?,,?,10.067414,?,?,?,?,?,,,,?,?
,?,,?,,?,?,?,?,?,,87.670456,,?, <=50K
38.579506,?,189484.39,?,,?,?,?,?, Male,,,40.425713,?,?
,?,, HS-grad,10.067414,?, Craft-repair,?,?,?,1082.9701,,40.425713,?, <=50K
,?,,?,,?,?, Husband,?,?,1082.9701,,,?,?
,?,,?,, Married-civ-spouse, Craft-repair,?,?,?,,,,?,?
38.579506,?,,?,,?,?,?,?,?,,,,?,?
, Private,, HS-grad,10.067414,?,?, Husband,?,?,,,, United-States,?
,?,,?,, Married-civ-spouse,?,?, White,?,,,,?,?
,?,,?,, Married-civ-spouse, Craft-repair,?,?,?,,,40.425713,?,?
,?,,?,10.067414,?,?,?, White,?,,,, United-States,?
,?,,?,,?,?,?,?,?,,,40.425713,?,?
,?,, HS-grad,10.067414,?,?, Husband,?,?,,87.670456,,?,?
38.579506,?,,?,,?,?,?,?,?,,,,?, <=50K
,?,,?,,?,?, Husband,?,?,,,,?, <=50K
,?,,?,,?,?, Husband,?,?,1082.9701,,40.425713, United-States,?
,?,, HS-grad,,?,?,?, White,?,1082.9701,,40.425713, United-States,?
,?,,?,,?,?,?,?,?,1082.9701,,40.425713,?, <=50K
,?,,?,,?,?, Husband,?,?,,,,?,?
,?,,?,10.067414,?,?,?,?,?,,,, United-States,?
,?,,?,,?, Craft-repair,?,?,?,1082.9701,,,?,?
,?,,?,,?,?,?,?,?,,,, United-States,?
,?,189484.39,?,, Married-civ-spouse, Craft-repair,?,?,?,1082.9701,87.670456,40.425713,?, <=50K
, Private,, HS-grad,10.067414,?,?,?,?,?,,,40.425713,?, <=50K
,?,189484.39,?,10.067414,?,?,?, White,?,,,,?,?
,?,,?,,?,?, Husband,?,?,,,, United-States,?
,?,,?,10.067414, Married-civ-spouse,?, Husband,?,?,,,,?,?
,?,189484.39,?,,?,?,?,?,?,,,40.425713,?,?
,?,, HS-grad,,?,?,?,?,?,1082.9701,87.670456,,?,?
38.579506,?,,?,,?,?, Husband,?,?,,,40.425713,?,?
,?,,?,,?,?, Husband,?,?,,,,?,?
, Private,,?,, Married-civ-spouse,?,?, White,?,,87.670456,,?, <=50K
,?,,?,,?,?,?,?, Male,,,,?,?
,?,189484.39,?,10.067414,?,?,?,?,?,,,, United-States,?
,?,, HS-grad,,?, Craft-repair,?, White, Male,,87.670456,,?,?
,?,,?,,?,?,?,?,?,1082.9701,87.670456,40.425713,?, <=50K
,?,,?,,?,?, Husband,?, Male,,,,?,?
,?,,?,,?, Craft-repair,?,?,?,,,, United-States,?
38.579506,?,,?,,?,?, Husband, White,?,,,,?, <=50K
,?,189484.39,?,10.067414, Married-civ-spouse,?,?,?,?,,87.670456,,?,?
38.579506, Private,, HS-grad,, Married-civ-spouse,?,?,?, Male,,,, United-States, <=50K
, Private,189484.39,?,,?,?, Husband,?,?,,,, United-States,?
, Private,,?,, Married-civ-spouse, Craft-repair,?, White,?,,87.670456,,?,?
, Private,,?,,?,?,?,?,?,,,,?,?
,?,189484.39,?,,?,?, Husband,?,?,,,,?, <=50K
,?,,?,,?, Craft-repair, Husband,?,?,,,40.425713, United-States,?
, Private,,?,,?,?, Husband,?, Male,,87.670456,,?,?
38.579506,?,189484.39,?,10.067414,?,?, Husband, White, Male,,,,?,?
38.579506,?,189484.39,?,,?,?,?,?,?,,87.670456,,?,?
, Private,189484.39, HS-grad,,?,?, Husband,?,?,,87.670456,40.425713,?,?
38.579506,?,,?,,?,?,?,?, Male,1082.9701,,40.425713,?,?
,?,,?,,?, Craft-repair, Husband,?, Male,,,,?,?
,?,,?,,?,?, Husband, White,?,,,40.425713,?, <=50K
,?,189484.39,?,,?,?, Husband,?, Male,,,,?,?
38.579506,?,,?,,?,?,?,?, Male,,,40.425713,?,?
,?,, HS-grad,10.067414,?,?,?,?,?,1082.9701,,,?,?
,?,,?,10.067414,?,?,?,?,?,,,,?,?
,?,,?,,?,?,?,?, Male,,,,?,?
38.579506, Private,, HS-grad,,?,?,?, White, Male,,,40.425713,?,?
,?,, HS-grad,,?,?,?,?,?,,,,?,?
,?,,?,,?,?,?,?, Male,,,,?,?
,?,,?,,?,?,?, White,?,1082.9701,87.670456,,?,?
,?,,?,,?,?,?,?,?,,,,?,?
38.579506,?,,?,,?,?,?,?,?,,,40.425713,?,?
38.579506,?,, HS-grad,, Married-civ-spouse,?,?,?, Male,,,,?, <=50K
38.579506,?,189484.39,?,,?,?,?,?,?,,,,?,?
,?,,?,,?,?, Husband,?, Male,1082.9701,,,?,?
,?,,?,,?,?,?,?,?,,,40.425713, United-States, <=50K
,?,,?,10.067414,?,?, Husband,?,?,1082.9701,,,?,?
,?,,?,, Married-civ-spouse, Craft-repair,?, White, Male,,,, United-States,?
38.579506,?,189484.39,?,10.067414, Married-civ-spouse, Craft-repair,?,?, Male,,87.670456,, United-States,?
,?,,?,,?,?,?, White, Male,1082.9701,,,?,?
, Private,,?,,?,?,?,?, Male,,,,?,?
,?,,?,,?, Craft-repair,?,?, Male,,,,?,?
38.579506,?,,?,,?,?,?,?, Male,,,,?,?
,?,,?,10.067414,?,?, Husband,?,?,,,40.425713,?, <=50K
,?,,?,,?,?, Husband,?,?,1082.9701,87.670456,, United-States,?
,?,189484.39,?,,?,?,?,?, Male,,87.670456,,?, <=50K
38.579506,?,,?,, Married-civ-spouse,?, Husband, White,?,,,40.425713,?, <=50K
,?,,?,,?, Craft-repair,?, White,?,,,, United-States,?
,?,,?,, Married-civ-spouse, Craft-repair,?,?, Male,,,,?,?
,?,,?,,?,?,?,?, Male,,,,?, <=50K
,?,, HS-grad,10.067414,?,?,?, White,?,,,,?,?
,?,,?,,?,?,?,?, Male,,,,?,?
38.579506,?,,?,,?, Craft-repair,?,?,?,,,,?,?
,?,,?,,?, Craft-repair,?,?,?,,,,?,?
, Private,189484.39, HS-grad,10.067414,?, Craft-repair,?,?, Male,,,,?,?
,?,,?,,?,?,?,?,?,,,,?,?
,?,,?,,?,?, Husband,?,?,,87.670456,,?,?
, Private,,?,,?,?,?,?, Male,1082.9701,,,?, <=50K
, Private,189484.39,?,,?, Craft-repair,?,?,?,1082.9701,,40.425713, United-States,?
38.579506,?,, HS-grad,,?,?, Husband, White, Male,,,,?,?
38.579506,?,189484.39,?,,?,?,?, White, Male,,,, United-States,?
,?,189484.39, HS-grad,,?,?,?,?,?,,,, United-States, <=50K
38.579506,?,,?,, Married-civ-spouse, Craft-repair,?,?,?,,,,?,?
,?,189484.39,?,,?,?,?,?,?,,,,?, <=50K
,?,, HS-grad,,?,?, Husband,?,?,1082.9701,,40.425713, United-States,?
38.579506, Private,,?,,?,?, Husband,?,?,,,40.425713,?, <=50K
,?,,?,, Married-civ-spouse,?,?,?,?,,,,?,?
,?,, HS-grad,,?,?,?,?, Male,,,,?, <=50K
38.579506,?,,?,,?,?, Husband,?, Male,,87.670456,,?,?
38.579506,?,,?,,?,?, Husband,?, Male,,,,?,?
,?,,?,,?,?,?,?,?,,,,?,?
,?,189484.39,?,10.067414,?,?,?,?,?,,,,?, <=50K
,?,, HS-grad,,?,?,?,?,?,,,40.425713,?,?
38.579506, Private,189484.39,?,10.067414,?,?, Husband,?,?,,,,?,?
38.579506, Private,,?,,?,?,?, White,?,1082.9701,,40.425713,?,?
,?,, HS-grad,,?,?, Husband,?, Male,,,, United-States,?
,?,,?,,?,?,?,?,?,1082.9701,,,?,?
38.579506,?,189484.39,?,,?,?, Husband, White,?,1082.9701,87.670456,,?,?
, Private,, HS-grad,10.067414, Married-civ-spouse,?,?,?,?,,87.670456,,?, <=50K
, Private,, HS-grad,,?,?,?,?,?,,87.670456,, United-States,?
, Private,,?,, Married-civ-spouse,?,?,?,?,,87.670456,,?, <=50K
38.579506,?,,?,,?,?,?, White,?,,,,?,?
,?,,?,,?, Craft-repair,?,?, Male,,,,?,?
,?,,?,,?,?,?,?,?,,,,?,?
,?,,?,,?,?,?,?,?,1082.9701,,40.425713,?,?
38.579506, Private,,?,,?,?,?,?,?,,,40.425713,?, <=50K
,?,189484.39,?,,?, Craft-repair, Husband,?,?,,,40.425713,?,?
,?,189484.39,?,,?,?, Husband,?,?,,,,?,?
,?,,?,, Married-civ-spouse,?,?,?,?,,,,?,?
,?,,?,10.067414, Married-civ-spouse,?, Husband,?, Male,,,,?, <=50K
, Private,,?,,?,?,?, White,?,,,,?,?
,?,,?,10.067414,?,?, Husband,?,?,,,,?,?
,?,,?,,?,?,?,?,?,,,,?,?
,?,,?,,?, Craft-repair,?,?,?,,,, United-States,?
,?,,?,,?,?,?,?,?,,87.670456,,?, <=50K
,?,,?,, Married-civ-spouse,?,?,?,?,,,,?,?
38.579506,?,, HS-grad,,?,?,?,?,?,,,,?,?
,?,,?,,?,?,?,?,?,,87.670456,, United-States, <=50K
,?,,?,,?,?, Husband,?,?,,,,?, <=50K
,?,,?,,?,?,?, White, Male,1082.9701,,,?,?
,?,,?,,?,?, Husband,?,?,,,, United-States, <=50K
,?,,?,,?,?,?,?,?,1082.9701,,,?,?
,?,,?,,?, Craft-repair, Husband,?,?,1082.9701,,, United-States,?
,?,,?,, Married-civ-spouse, Craft-repair, Husband, White, Male,,,,?,?
,?,,?,,?,?, Husband,?,?,,,,?,?
,?,189484.39,?,, Married-civ-spouse,?,?,?,?,,87.670456,40.425713, United-States, <=50K
,?,, HS-grad,,?,?,?,?, Male,,,,?,?
,?,,?,,?,?,?,?,?,,,,?, <=50K
38.579506,?,,?,,?,?,?, White,?,,,,?,?
,?,,?,,?,?,?,?, Male,1082.9701,,,?,?
, Private,, HS-grad,,?,?,?,?,?,,,,?,?
,?,,?,, Married-civ-spouse,?,?,?,?,,,40.425713,?,?
, Private,,?,, Married-civ-spouse,?,?,?,?,,,,?,?
38.579506,?,,?,,?,?,?, White,?,,87.670456,,?,?
,?,,?,,?,?,?,?,?,,87.670456,, United-States, <=50K
38.579506, Private,,?,10.067414,?,?,?,?,?,,87.670456,, United-States,?
,?,,?,10.067414,?,?, Husband,?,?,,,,?,?
,?,,?,,?,?,?,?,?,1082.9701,87.670456,40.425713,?,?
38.579506,?,,?,,?,?,?,?,?,,,,?,?
,?,, HS-grad,10.067414,?,?,?,?,?,,,,?,?
38.579506,?,,?,,?,?,?,?,?,,,40.425713,?, <=50K
38.579506,?,,?,10.067414,?,?,?,?,?,,87.670456,40.425713,?, <=50K
,?,,?,, Married-civ-spouse,?, Husband,?, Male,,,,?,?
,?,,?,, Married-civ-spouse,?,?,?,?,1082.9701,,, United-States,?
,?,,?,,?,?,?, White,?,,,,?,?
38.579506,?,,?,10.067414,?,?, Husband,?,?,1082.9701,,40.425713,?,?
38.579506,?,,?,,?,?, Husband,?,?,,,40.425713,?,?
,?,,?,,?,?,?,?,?,,,,?,?
, Private,, HS-grad,,?,?,?,?,?,,,,?, <=50K
,?,, HS-grad,,?,?,?,?,?,,87.670456,, United-States,?
, Private,,?,, Married-civ-spouse,?,?,?,?,1082.9701,,,?,?
, Private,189484.39,?,, Married-civ-spouse,?, Husband,?, Male,,,, United-States,?
,?,,?,10.067414, Married-civ-spouse,?,?,?, Male,,,,?, <=50K
,?,,?,,?, Craft-repair,?,?,?,1082.9701,,,?,?
,?,,?,,?,?,?,?,?,,,,?,?
,?,, HS-grad,,?,?, Husband,?,?,,,40.425713,?, <=50K
,?,,?,, Married-civ-spouse,?,?,?, Male,,,,?, <=50K
,?,,?,,?,?,?,?,?,,,,?,?
,?,,?,,?,?,?,?,?,,,,?, <=50K
,?,, HS-grad,10.067414,?, Craft-repair,?,?,?,,,, United-States, <=50K
,?,, HS-grad,10.067414,?,?,?,?,?,1082.9701,87.670456,40.425713,?,?
, Private,,?,,?,?,?, White,?,,87.670456,, United-States,?
, Private,,?,,?,?, Husband,?,?,1082.9701,,40.425713,?, <=50K
,?,,?,,?,?,?,?,?,,,,?,?
,?,,?,,?,?,?,?,?,,87.670456,40.425713, United-States,?
,?,, HS-grad,,?, Craft-repair,?,?,?,1082.9701,,40.425713,?,?
,?,189484.39,?,,?,?, Husband, White, Male,,87.670456,40.425713,?,?
,?,189484.39,?,,?,?,?,?,?,1082.9701,,,?, <=50K
, Private,, HS-grad,, Married-civ-spouse,?,?,?,?,,87.670456,, United-States,?
,?,,?,10.067414,?,?,?,?,?,1082.9701,87.670456,,?,?
,?,189484.39, HS-grad,,?,?, Husband,?,?,1082.9701,87.670456,, United-States,?
38.579506,?,, HS-grad,10.067414,?,?,?,?,?,,87.670456,,?,?
,?,,?,,?,?,?,?,?,,87.670456,,?,?
,?,,?,,?,?,?,?,?,,,,?, <=50K
,?,,?,,?,?,?,?, Male,,,,?,?
,?,, HS-grad,, Married-civ-spouse,?,?, White,?,,87.670456,,?,?
,?,, HS-grad,,?,?,?,?,?,,,, United-States,?
,?,189484.39,?,,?,?,?, White, Male,,,,?,?
,?,, HS-grad,, Married-civ-spouse,?,?,?,?,1082.9701,,,?,?
,?,,?,,?,?,?,?,?,,87.670456,40.425713,?, <=50K
38.579506, Private,189484.39,?,10.067414, Married-civ-spouse,?,?,?, Male,,,40.425713,?,?
,?,,?,,?,?, Husband,?,?,,,,?, <=50K
,?,, HS-grad,,?, Craft-repair, Husband,?,?,,,,?, <=50K
,?,,?,,?,?, Husband,?, Male,,,40.425713, United-States,?
38.579506,?,,?,10.067414,?,?,?,?,?,1082.9701,,,?,?
,?,, HS-grad,,?,?,?, White,?,,87.670456,40.425713,?,?
,?,, HS-grad,, Married-civ-spouse,?, Husband,?,?,,,, United-States,?
,?,,?,,?,?,?,?,?,1082.9701,87.670456,,?,?
,?,,?,,?,?, Husband,?,?,,,40.425713,?,?
, Private,,?,10.067414,?,?,?,?,?,,,,?,?
, Private,,?,,?,?,?, White,?,,,,?,?
38.579506,?,,?,,?,?,?,?,?,,,,?,?
38.579506,?,,?,10.067414, Married-civ-spouse,?,?, White,?,,,,?,?
, Private,,?,,?,?,?, White,?,,,,?,?
,?,,?,10.067414,?,?, Husband, White,?,1082.9701,,,?, <=50K
, Private,,?,, Married-civ-spouse,?,?,?, Male,,87.670456,,?,?
, Private,,?,, Married-civ-spouse,?,?,?,?,,,, United-States,?
38.579506,?,189484.39, HS-grad,, Married-civ-spouse,?, Husband,?,?,,,, United-States,?
38.579506,?,,?,10.067414, Married-civ-spouse,?,?,?, Male,,,,?,?
,?,,?,,?,?,?,?,?,,,40.425713,?, <=50K
38.579506,?,, HS-grad,,?,?,?, White,?,,,,?, <=50K
,?,,?,,?, Craft-repair,?,?,?,1082.9701,,,?,?
, Private,, HS-grad,10.067414,?, Craft-repair,?,?, Male,,,,?,?
,?,,?,,?, Craft-repair, Husband,?,?,,87.670456,,?,?
,?,,?,,?,?,?,?,?,,,,?, <=50K
38.579506,?,,?,,?,?,?, White,?,1082.9701,,,?,?
,?,,?,,?,?,?,?,?,,,,?,?
,?,189484.39,?,, Married-civ-spouse,?,?,?, Male,,,,?,?
,?,,?,,?,?,?,?,?,,87.670456,,?,?
,?,,?,,?,?,?,?, Male,,87.670456,, United-States,?
,?,, HS-grad,, Married-civ-spouse, Craft-repair,?,?,?,,87.670456,,?,?
,?,, HS-grad,10.067414,?,?,?,?,?,,,,?,?
,?,,?,,?,?,?,?, Male,1082.9701,,,?,?
38.579506,?,,?,, Married-civ-spouse,?, Husband,?,?,,,40.425713, United-States,?
38.579506, Private,,?,,?,?,?,?, Male,,,, United-States,?
38.579506,?,189484.39,?,,?, Craft-repair,?,?,?,,,40.425713,?, <=50K
,?,,?,, Married-civ-spouse,?,?, White,?,,87.670456,,?,?
,?,,?,,?,?, Husband,?,?,,87.670456,40.425713,?,?
,?,189484.39,?,, Married-civ-spouse,?,?,?, Male,,87.670456,,?, <=50K
,?,, HS-grad,,?,?,?,?,?,,,,?,?
,?,,?,,?,?,?,?,?,1082.9701,,40.425713,?,?
,?,,?,,?,?, Husband,?, Male,,,,?,?
,?,,?,,?, Craft-repair,?,?, Male,,,,?,?
, Private,,?,10.067414,?,?,?,?,?,,,40.425713,?,?
, Private,,?,,?, Craft-repair,?,?, Male,,,,?,?
, Private,,?,,?, Craft-repair,?,?,?,,87.670456,,?, <=50K
,?,,?,,?,?, Husband,?,?,1082.9701,87.670456,,?, <=50K
,?,, HS-grad,,?,?,?,?,?,,87.670456,40.425713,?,?
,?,,?,,?,?,?, White,?,,,,?,?
,?,, HS-grad,,?, Craft-repair,?,?,?,,,,?,?
38.579506, Private,189484.39,?,,?, Craft-repair,?,?,?,1082.9701,,,?,?
,?,,?,,?,?,?,?,?,,,,?,?
,?,,?,,?, Craft-repair,?,?, Male,,87.670456,, United-States,?
38.579506,?,,?,,?,?,?, White, Male,1082.9701,,,?, <=50K
,?,, HS-grad,,?,?,?,?, Male,1082.9701,,, United-States,?
,?,,?,,?, Craft-repair, Husband, White,?,,,40.425713, United-States,?
38.579506,?,,?,,?,?,?,?,?,,,40.425713,?,?
,?,,?,,?,?,?, White, Male,,,,?,?
,?,,?,,?,?,?,?, Male,,,,?,?
,?,,?,10.067414,?,?,?, White, Male,,,40.425713,?, <=50K
, Private,, HS-grad,,?,?,?,?,?,,,,?,?
,?,,?,, Married-civ-spouse, Craft-repair,?,?,?,,,40.425713,?,?
,?,,?,,?,?,?,?,?,,,,?,?
38.579506,?,,?,,?,?,?,?,?,,87.670456,40.425713,?,?
, Private,,?,,?,?,?,?,?,1082.9701,87.670456,,?, <=50K
,?,189484.39,?,,?, Craft-repair, Husband, White, Male,,,,?,?
,?,,?,,?,?,?,?,?,,87.670456,,?,?
, Private,,?,,?,?,?, White,?,1082.9701,,,?,?
,?,189484.39,?,,?,?,?,?,?,,,40.425713, United-States,?
,?,,?,10.067414,?,?,?, White,?,1082.9701,,40.425713,?,?
,?,,?,,?,?,?,?,?,1082.9701,,,?,?
,?,189484.39, HS-grad,,?,?,?,?, Male,,87.670456,, United-States, <=50K
,?,,?,,?, Craft-repair, Husband,?,?,,,,?,?
,?,,?,,?,?,?, White,?,,,,?,?
38.579506,?,,?,,?,?,?, White, Male,1082.9701,,40.425713,?,?
,?,,?,10.067414,?,?,?,?, Male,,,, United-States,?
,?,,?,, Married-civ-spouse,?,?,?,?,,,, United-States,?
,?,, HS-grad,, Married-civ-spouse,?,?,?,?,,,,?,?
, Private,189484.39, HS-grad,, Married-civ-spouse,?,?,?, Male,,,,?,?
,?,,?,, Married-civ-spouse,?,?,?,?,,,,?,?
,?,189484.39,?,10.067414,?,?,?,?,?,,,,?, <=50K
,?,189484.39,?,,?,?,?,?,?,,,,?,?
,?,189484.39,?,,?, Craft-repair,?,?,?,,,,?,?
, Private,, HS-grad,,?,?, Husband, White,?,,,, United-States,?
,?,,?,10.067414,?, Craft-repair, Husband,?, Male,,87.670456,, United-States,?
, Private,,?,,?,?,?,?, Male,,87.670456,40.425713,?,?
38.579506,?,,?,,?,?, Husband, White,?,,87.670456,, United-States,?
, Private,,?,,?, Craft-repair,?,?,?,,,,?,?
, Private,189484.39,?,,?,?,?,?,?,,,, United-States,?
,?,,?,,?,?,?,?,?,,,40.425713,?,?
38.579506,?,,?,,?,?,?,?,?,,,, United-States, <=50K
38.579506,?,,?,,?,?, Husband,?,?,,,,?,?
,?,,?,,?,?, Husband, White,?,,,,?, <=50K
,?,,?,,?,?,?,?,?,,,,?,?
,?,,?,,?,?, Husband,?,?,1082.9701,,,?,?
,?,189484.39, HS-grad,, Married-civ-spouse,?,?,?, Male,,,,?, <=50K
38.579506, Private,,?,10.067414, Married-civ-spouse,?,?,?,?,1082.9701,,, United-States,?
,?,,?,, Married-civ-spouse,?,?, White,?,,,,?, <=50K
,?,189484.39,?,10.067414, Married-civ-spouse,?,?,?,?,,,,?,?
,?,,?,, Married-civ-spouse,?, Husband, White,?,,,,?,?
,?,,?,,?,?,?,?,?,,,, United-States, <=50K
, Private,189484.39, HS-grad,,?, Craft-repair,?,?,?,,87.670456,,?,?
,?,189484.39,?,,?,?,?,?, Male,1082.9701,,40.425713,?, <=50K
38.579506,?,189484.39, HS-grad,,?,?,?,?,?,,87.670456,,?, <=50K
,?,,?,, Married-civ-spouse, Craft-repair, Husband,?,?,,,, United-States,?
,?,,?,,?,?,?,?,?,1082.9701,,, United-States,?
, Private,,?,,?,?,?,?,?,1082.9701,87.670456,40.425713,?,?
,?,,?,,?, Craft-repair, Husband,?, Male,,87.670456,,?,?
,?,,?,10.067414,?,?,?, White,?,1082.9701,,40.425713,?,?
, Private,,?,10.067414,?,?,?, White,?,,87.670456,,?,?
,?,189484.39,?,10.067414,?,?,?,?,?,,,, United-States,?
,?,189484.39,?,,?,?,?, White,?,1082.9701,,40.425713,?,?
,?,189484.39,?,,?,?, Husband, White, Male,,,,?,?
,?,,?,,?,?,?, White,?,,,, United-States,?
,?,189484.39,?,10.067414, Married-civ-spouse,?,?,?,?,,,40.425713,?,?
,?,189484.39,?,10.067414,?,?,?,?,?,,,,?,?
,?,,?,,?, Craft-repair,?,?,?,,,, United-States,?
,?,,?,10.067414,?, Craft-repair,?,?,?,,,,?,?
,?,,?,,?,?,?,?,?,,,, United-States,?
,?,189484.39,?,,?,?,?,?,?,,,,?,?
,?,,?,,?,?,?,?,?,,87.670456,, United-States,?
,?,189484.39, HS-grad,,?,?, Husband,?,?,1082.9701,87.670456,,?,?
, Private,189484.39,?,,?,?,?,?,?,,87.670456,, United-States,?
38.579506,?,, HS-grad,10.067414,?,?,?,?, Male,,,,?,?
,?,,?,, Married-civ-spouse,?,?,?,?,,,,?,?
38.579506, Private,,?,,?,?,?,?,?,,,40.425713,?,?
, Private,189484.39,?,,?,?,?,?,?,1082.9701,,, United-States,?
,?,,?,,?, Craft-repair,?,?,?,,,,?,?
,?,189484.39,?,,?,?,?,?, Male,,,,?,?
,?,, HS-grad,,?,?, Husband, White,?,,,,?,?
,?,,?,,?, Craft-repair, Husband,?,?,,,, United-States,?
38.579506,?,,?,, Married-civ-spouse, Craft-repair,?,?,?,1082.9701,,, United-States,?
38.579506,?,,?,10.067414, Married-civ-spouse, Craft-repair,?,?,?,,87.670456,40.425713, United-States,?
38.579506,?,,?,,?,?,?,?,?,,,,?,?
,?,,?,,?,?,?,?,?,,,,?,?
, Private,,?,,?,?,?,?,?,,,,?,?
,?,189484.39,?,,?,?,?,?,?,,,,?,?
,?,,?,,?, Craft-repair,?, White,?,,,,?,?
,?,,?,10.067414,?,?,?, White,?,,87.670456,,?,?
,?,,?,10.067414,?,?,?,?,?,,,,?,?
,?,, HS-grad,, Married-civ-spouse,?, Husband,?,?,,,,?,?
,?,,?,,?,?,?,?,?,,,,?,?
,?,,?,10.067414,?, Craft-repair,?, White,?,,,,?,?
,?,,?,,?,?,?, White,?,,,,?, <=50K
,?,189484.39,?,,?,?, Husband,?,?,,87.670456,,?, <=50K
,?,189484.39,?,10.067414,?, Craft-repair,?,?,?,1082.9701,87.670456,,?,?
,?,,?,,?,?,?,?,?,,,, United-States,?
,?,,?,,?, Craft-repair,?,?,?,1082.9701,,,?,?
,?,,?,,?,?,?,?,?,,,40.425713,?,?
,?,189484.39, HS-grad,10.067414,?, Craft-repair,?,?,?,,,,?,?
,?,189484.39,?,10.067414,?,?,?,?,?,,87.670456,,?,?
,?,,?,,?,?,?,?,?,1082.9701,,,?,?
,?,,?,, Married-civ-spouse, Craft-repair,?,?,?,,87.670456,,?,?
,?,,?,,?,?, Husband,?,?,,87.670456,,?,?
,?,,?,,?, Craft-repair,?, White, Male,,87.670456,,?, <=50K
,?,, HS-grad,,?,?,?,?,?,,,, United-States,?
,?,,?,, Married-civ-spouse,?, Husband,?,?,1082.9701,,,?,?
38.579506,?,,?,, Married-civ-spouse,?,?,?, Male,1082.9701,87.670456,,?,?
,?,, HS-grad,,?,?,?, White,?,1082.9701,,40.425713, United-States,?
, Private,,?,, Married-civ-spouse,?,?, White,?,,87.670456,40.425713,?,?
,?,,?,10.067414, Married-civ-spouse,?,?,?, Male,,,,?,?
38.579506,?,,?,,?,?, Husband,?,?,,87.670456,40.425713,?,?
,?,,?,,?,?,?,?,?,1082.9701,,40.425713,?,?
, Private,,?,10.067414, Married-civ-spouse,?,?,?,?,1082.9701,,,?,?
38.579506, Private,,?,,?,?,?,?,?,,,40.425713, United-States,?
, Private,, HS-grad,,?,?,?,?,?,,,40.425713,?, <=50K
,?,, HS-grad,, Married-civ-spouse,?,?,?,?,,87.670456,,?,?
,?,189484.39, HS-grad,,?, Craft-repair, Husband,?,?,1082.9701,,,?,?
,?,, HS-grad,,?,?,?,?,?,,,,?,?
38.579506, Private,,?,,?, Craft-repair,?, White, Male,,,, United-States, <=50K
, Private,,?,,?,?,?,?,?,,,,?,?
,?,, HS-grad,,?,?,?,?,?,,,40.425713,?,?
,?,,?,10.067414,?,?,?, White, Male,,87.670456,40.425713,?,?
,?,,?,,?,?,?,?,?,,,,?, <=50K
38.579506,?,,?,,?,?,?,?,?,1082.9701,,,?,?
,?,,?,,?, Craft-repair,?,?,?,,,,?, <=50K
,?,,?,,?, Craft-repair,?,?,?,,87.670456,40.425713,?,?
,?,, HS-grad,,?,?,?,?,?,,,,?,?
38.579506,?,, HS-grad,10.067414,?,?, Husband,?,?,,,, United-States,?
, Private,,?,10.067414,?, Craft-repair,?, White,?,,,, United-States, <=50K
,?,,?,,?, Craft-repair,?,?,?,,,,?,?
38.579506,?,189484.39, HS-grad,10.067414,?,?,?,?,?,,,,?,?
,?,,?,,?, Craft-repair,?,?,?,,,,?, <=50K
,?,,?,,?,?,?,?,?,,,,?,?
38.579506,?,189484.39,?,,?,?,?,?,?,,,,?,?
,?,, HS-grad,,?,?, Husband,?,?,,87.670456,,?, <=50K
,?,,?,,?,?,?,?, Male,1082.9701,,,?,?
,?,,?,,?, Craft-repair,?,?,?,,87.670456,,?,?
,?,,?,,?,?,?,?,?,,,,?,?
,?,189484.39,?,10.067414,?,?,?,?,?,1082.9701,,,?,?
,?,,?,,?,?, Husband,?,?,,,,?, <=50K
,?,,?,10.067414, Married-civ-spouse,?,?,?,?,,,,?,?
,?,189484.39,?,, Married-civ-spouse,?,?,?,?,,,,?,?
,?,, HS-grad,,?,?,?,?, Male,1082.9701,,,?, <=50K
,?,189484.39, HS-grad,,?,?,?,?,?,,,,?,?
, Private,189484.39,?,, Married-civ-spouse,?,?, White,?,1082.9701,,40.425713,?,?
38.579506, Private,,?,10.067414,?,?,?, White,?,,,,?,?
38.579506,?,189484.39,?,, Married-civ-spouse,?,?,?,?,1082.9701,,,?,?
, Private,,?,10.067414,?,?,?, White,?,1082.9701,,,?,?
,?,,?,,?,?, Husband,?,?,1082.9701,,40.425713,?,?
, Private,,?,,?, Craft-repair,?, White,?,1082.9701,,40.425713,?,?
,?,, HS-grad,,?,?,?,?,?,,,,?,?
,?,189484.39,?,, Married-civ-spouse,?,?,?,?,,87.670456,,?,?
38.579506,?,189484.39,?,10.067414,?, Craft-repair,?,?, Male,,87.670456,,?,?
,?,, HS-grad,,?,?,?,?,?,,,,?, <=50K
,?,,?,,?, Craft-repair,?, White,?,,87.670456,,?, <=50K
, Private,, HS-grad,,?, Craft-repair,?,?,?,1082.9701,,,?,?
,?,189484.39,?,,?, Craft-repair,?, White,?,1082.9701,,,?,?
, Private,,?,10.067414,?, Craft-repair,?,?,?,,,,?,?
,?,,?,,?,?,?,?,?,,,,?,?
38.579506,?,,?,10.067414,?,?,?,?, Male,,,,?,?
,?,,?,, Married-civ-spouse,?,?,?,?,,87.670456,,?,?
,?,,?,, Married-civ-spouse,?,?,?,?,,,,?,?
,?,189484.39,?,, Married-civ-spouse, Craft-repair,?,?,?,,,40.425713,?,?
,?,189484.39,?,,?,?, Husband,?,?,,,, United-States, <=50K
38.579506,?,, HS-grad,10.067414, Married-civ-spouse, Craft-repair,?,?,?,1082.9701,,,?,?
,?,189484.39,?,,?,?,?,?,?,,,,?,?
38.579506,?,, HS-grad,,?,?,?,?,?,,87.670456,, United-States,?
,?,,?,,?,?,?,?,?,,87.670456,,?,?
,?,,?,, Married-civ-spouse,?,?,?,?,,,,?, <=50K
38.579506,?,,?,,?,?, Husband,?, Male,1082.9701,,,?,?
38.579506,?,,?,, Married-civ-spouse,?,?,?,?,1082.9701,,,?,?
, Private,,?,,?,?,?, White,?,1082.9701,,, United-States,?
,?,, HS-grad,,?,?,?, White,?,,,,?,?
,?,,?,,?,?,?,?,?,,87.670456,,?,?
,?,,?,10.067414, Married-civ-spouse,?,?, White,?,,,,?,?
,?,,?,,?,?,?,?,?,1082.9701,,, United-States,?
, Private,,?,, Married-civ-spouse,?,?,?,?,,87.670456,,?,?
,?,,?,, Married-civ-spouse,?,?,?,?,,,, United-States, <=50K
38.579506,?,,?,, Married-civ-spouse,?,?,?,?,,87.670456,,?,?
, Private,,?,10.067414, Married-civ-spouse,?,?, White,?,,,,?,?
,?,189484.39,?,,?,?, Husband,?, Male,1082.9701,,,?,?
,?,,?,,?,?,?,?,?,,,,?,?
,?,,?,, Married-civ-spouse,?,?,?,?,,,,?,?
,?,,?,10.067414,?,?, Husband,?,?,,87.670456,40.425713,?,?
,?,189484.39, HS-grad,,?,?,?,?, Male,,,,?, <=50K
,?,,?,10.067414,?,?,?,?,?,,,,?, <=50K
, Private,,?,, Married-civ-spouse,?, Husband,?,?,1082.9701,,,?, <=50K
,?,, HS-grad,,?, Craft-repair,?, White,?,,,,?,?
38.579506,?,,?,,?,?,?, White,?,,,,?,?
,?,189484.39,?,,?,?,?,?,?,,,,?, <=50K
38.579506, Private,,?,10.067414,?,?,?, White,?,,,,?,?
,?,,?,10.067414,?,?, Husband,?,?,,,,?,?
,?,,?,, Married-civ-spouse,?,?,?,?,1082.9701,,,?,?
,?,189484.39, HS-grad,,?,?,?,?,?,,,, United-States, <=50K
,?,189484.39,?,, Married-civ-spouse,?, Husband,?,?,,87.670456,,?,?
,?,,?,,?,?, Husband,?, Male,,,40.425713,?,?
38.579506,?,189484.39,?,,?,?,?,?,?,1082.9701,87.670456,, United-States, <=50K
,?,189484.39, HS-grad,,?,?, Husband,?, Male,,,40.425713, United-States,?
38.579506,?,,?,10.067414,?,?,?,?,?,,87.670456,,?,?
38.579506,?,,?,,?, Craft-repair,?,?,?,1082.9701,,,?,?
,?,, HS-grad,,?, Craft-repair, Husband, White, Male,,,40.425713,?, <=50K
,?,,?,,?,?,?,?, Male,,,40.425713,?,?
,?,189484.39,?,,?,?,?,?,?,,87.670456,,?, <=50K
, Private,,?,,?, Craft-repair,?,?,?,1082.9701,,, United-States,?
,?,,?,,?,?,?,?,?,,,40.425713,?,?
, Private,189484.39,?,,?,?,?,?,?,1082.9701,,,?,?
,?,, HS-grad,,?,?,?,?,?,1082.9701,,,?,?
,?,189484.39, HS-grad,,?, Craft-repair,?,?,?,1082.9701,,,?, <=50K
,?,,?,10.067414, Married-civ-spouse,?,?,?,?,,87.670456,, United-States,?
,?,,?,, Married-civ-spouse,?,?,?,?,,,,?,?
, Private,, HS-grad,,?, Craft-repair,?,?, Male,,,,?, <=50K
,?,, HS-grad,, Married-civ-spouse, Craft-repair, Husband,?,?,,,,?,?
, Private,,?,,?,?, Husband,?,?,,,,?,?
,?,,?,,?, Craft-repair, Husband,?, Male,,,,?, <=50K
,?,,?,10.067414,?,?,?,?,?,,,,?,?
, Private,, HS-grad,,?,?,?,?,?,,,, United-States,?
,?,,?,,?,?,?,?,?,,,40.425713,?, <=50K
,?,, HS-grad,,?,?,?,?,?,,,40.425713,?,?
,?,189484.39, HS-grad,10.067414,?,?,?,?,?,,,,?, <=50K
,?,, HS-grad,,?,?,?,?,?,,,40.425713,?,?
, Private,,?,,?,?,?,?,?,,,40.425713, United-States,?
, Private,, HS-grad,,?,?,?,?,?,,,,?,?
,?,,?,,?,?, Husband,?,?,,87.670456,,?, <=50K
38.579506,?,, HS-grad,,?,?,?,?,?,,,,?,?
38.579506,?,,?,,?, Craft-repair,?,?,?,,,,?,?
, Private,,?,,?, Craft-repair,?,?,?,,,, United-States,?
,?,,?,, Married-civ-spouse,?,?,?,?,,,,?, <=50K
,?,189484.39,?,10.067414,?, Craft-repair,?,?,?,1082.9701,87.670456,,?, <=50K
38.579506,?,,?,,?,?,?, White,?,1082.9701,87.670456,,?,?
, Private,,?,, Married-civ-spouse,?,?, White, Male,,,,?,?
,?,,?,,?,?,?,?,?,1082.9701,,,?,?
,?,,?,, Married-civ-spouse,?,?, White,?,1082.9701,87.670456,,?, <=50K
38.579506,?,, HS-grad,10.067414,?, Craft-repair,?,?,?,,87.670456,,?,?
38.579506,?,,?,10.067414,?,?,?,?, Male,1082.9701,,40.425713,?,?
,?,189484.39,?,10.067414,?,?,?,?,?,,,,?,?
,?,,?,10.067414, Married-civ-spouse,?,?, White,?,,,,?,?
,?,,?,, Married-civ-spouse, Craft-repair,?,?,?,1082.9701,,,?,?
,?,,?,, Married-civ-spouse,?, Husband,?,?,,87.670456,,?,?
,?,,?,,?,?, Husband,?,?,1082.9701,,,?, <=50K
,?,,?,,?,?, Husband,?,?,,,,?, <=50K
,?,189484.39,?,,?,?,?,?,?,,,40.425713,?,?
, Private,,?,10.067414,?,?,?,?,?,,,40.425713,?,?
,?,189484.39, HS-grad,10.067414,?,?,?,?,?,,,,?, <=50K
,?,,?,10.067414,?, Craft-repair,?,?,?,,,40.425713,?, <=50K
, Private,189484.39,?,,?,?,?,?,?,1082.9701,,,?,?
,?,,?,, Married-civ-spouse,?, Husband,?,?,1082.9701,,,?,?
, Private,189484.39,?,,?,?, Husband,?,?,,,,?, <=50K
,?,,?,10.067414,?, Craft-repair,?,?,?,1082.9701,,, United-States,?
, Private,189484.39,?,,?,?, Husband,?,?,,,,?,?
, Private,,?,,?,?,?,?,?,,,,?,?
,?,, HS-grad,, Married-civ-spouse,?,?, White, Male,1082.9701,87.670456,,?,?
,?,189484.39, HS-grad,,?,?,?,?,?,,,,?,?
,?,,?,,?,?, Husband,?,?,,87.670456,,?,?
,?,,?,,?,?,?,?, Male,,,40.425713,?, <=50K
, Private,,?,,?, Craft-repair,?,?,?,,,,?,?
,?,189484.39, HS-grad,,?,?,?, White,?,,,,?,?
, Private,,?,,?,?,?,?,?,1082.9701,87.670456,, United-States, <=50K
,?,,?,10.067414,?,?,?,?,?,,,,?,?
,?,,?,,?,?, Husband,?, Male,1082.9701,,, United-States,?
,?,,?,10.067414,?, Craft-repair,?, White,?,,,,?,?
,?,,?,,?,?,?,?,?,,,,?, <=50K
,?,189484.39,?,,?,?,?,?,?,,,, United-States,?
,?,189484.39,?,,?,?,?, White,?,1082.9701,,, United-States,?
,?,189484.39,?,10.067414,?,?, Husband,?,?,,,40.425713,?, <=50K
38.579506, Private,189484.39, HS-grad,10.067414,?,?,?, White,?,1082.9701,,, United-States,?
,?,189484.39, HS-grad,,?,?,?,?, Male,,,,?,?
,?,,?,,?,?,?,?,?,,,,?,?
,?,,?,,?,?, Husband,?,?,,,,?,?
,?,,?,, Married-civ-spouse,?,?,?,?,,,, United-States, <=50K
, Private,189484.39, HS-grad,,?,?,?,?,?,,,,?,?
38.579506,?,,?,,?,?,?, White,?,1082.9701,,,?, <=50K
38.579506,?,189484.39,?,,?,?,?,?, Male,1082.9701,,,?, <=50K
,?,,?,,?,?,?,?,?,1082.9701,,40.425713,?,?
, Private,189484.39,?,,?, Craft-repair,?,?,?,1082.9701,,40.425713, United-States,?
,?,,?,10.067414,?,?,?,?,?,,87.670456,,?, <=50K
,?,,?,,?, Craft-repair,?, White,?,,,40.425713,?,?
,?,,?,,?,?,?, White,?,,87.670456,,?,?
38.579506, Private,,?,10.067414, Married-civ-spouse,?, Husband,?,?,1082.9701,,,?,?
,?,,?,,?,?,?,?,?,,,40.425713, United-States,?
,?,,?,, Married-civ-spouse,?,?,?,?,,,,?,?
,?,189484.39,?,10.067414, Married-civ-spouse,?,?,?,?,,87.670456,,?,?
, Private,,?,, Married-civ-spouse,?,?, White,?,,,,?,?
,?,,?,,?,?,?,?, Male,1082.9701,,,?,?
,?,,?,,?, Craft-repair,?,?,?,,,,?,?
,?,, HS-grad,,?, Craft-repair,?,?,?,,,,?,?
,?,,?,,?,?,?, White,?,,,40.425713,?,?
,?,, HS-grad,,?,?,?,?,?,,,40.425713, United-States,?
38.579506, Private,189484.39,?,10.067414,?, Craft-repair, Husband,?,?,1082.9701,,, United-States,?
,?,,?,10.067414,?,?,?,?,?,,,, United-States,?
, Private,,?,10.067414,?, Craft-repair,?,?, Male,,,,?,?
,?,, HS-grad,,?,?, Husband,?,?,,,40.425713,?,?
38.579506,?,, HS-grad,,?,?,?,?,?,,,, United-States,?
,?,,?,,?,?,?,?, Male,,,,?,?
, Private,,?,10.067414,?,?,?,?, Male,,,, United-States, <=50K
,?,, HS-grad,,?,?,?,?,?,,,,?,?
,?,,?,, Married-civ-spouse, Craft-repair,?,?,?,,,,?, <=50K
,?,, HS-grad,10.067414, Married-civ-spouse, Craft-repair,?,?,?,1082.9701,,, United-States,?
38.579506,?,,?,, Married-civ-spouse,?,?,?,?,,87.670456,,?,?
,?,,?,,?,?,?,?,?,,,,?,?
38.579506,?,189484.39,?,10.067414,?,?,?, White,?,,,,?,?
,?,, HS-grad,10.067414,?,?,?, White,?,,,,?,?
,?,,?,,?,?,?,?,?,,87.670456,, United-States,?
,?,,?,,?,?,?,?,?,,,, United-States, <=50K
, Private,,?,,?,?,?,?,?,,,,?,?
,?,,?,,?,?, Husband,?,?,,,,?,?
38.579506,?,,?,,?,?,?, White,?,,,, United-States,?
,?,189484.39,?,10.067414,?,?,?,?,?,,87.670456,, United-States,?
38.579506,?,,?,,?,?, Husband, White,?,,,,?, <=50K
,?,,?,,?,?,?, White,?,1082.9701,,, United-States, <=50K
, Private,,?,10.067414,?, Craft-repair, Husband, White, Male,,,,?,?
, Private,,?,,?, Craft-repair,?,?,?,,,,?,?
,?,,?,,?,?,?,?,?,,,,?,?
,?,,?,10.067414,?, Craft-repair,?, White, Male,,,40.425713, United-States,?
38.579506,?,, HS-grad,,?,?,?,?, Male,,,,?,?
, Private,, HS-grad,10.067414,?,?,?,?,?,,,,?,?
38.579506,?,,?,,?,?,?,?,?,,,,?, <=50K
,?,,?,10.067414,?,?,?,?,?,,87.670456,,?,?
, Private,189484.39,?,,?,?,?,?,?,,,, United-States,?
,?,,?,,?,?,?,?, Male,,,,?, <=50K
,?,,?,,?,?,?,?,?,,,,?,?
,?,,?,10.067414,?, Craft-repair,?,?,?,1082.9701,87.670456,, United-States, <=50K
,?,,?,,?,?,?,?,?,1082.9701,,,?,?
38.579506,?,,?,10.067414,?,?, Husband, White,?,,,, United-States,?
,?,,?,,?,?,?,?, Male,,,,?,?
, Private,,?,,?,?,?,?,?,,87.670456,,?, <=50K
,?,,?,,?,?,?,?,?,,,, United-States,?
,?,189484.39,?,10.067414,?,?,?,?, Male,,,, United-States, <=50K
,?,, HS-grad,,?,?,?,?,?,1082.9701,87.670456,,?, <=50K
,?,189484.39,?,,?,?,?, White,?,1082.9701,,,?,?
,?,,?,,?,?,?,?, Male,,,, United-States, <=50K
,?,,?,, Married-civ-spouse,?, Husband,?,?,,,,?,?
,?,,?,,?,?,?,?,?,1082.9701,,,?,?
, Private,189484.39,?,,?,?,?,?,?,,,,?,?
38.579506, Private,189484.39, HS-grad,,?,?,?,?,?,1082.9701,,, United-States, <=50K
, Private,,?,,?,?, Husband, White, Male,,,40.425713,?,?
, Private,,?,,?,?, Husband,?, Male,1082.9701,87.670456,40.425713,?,?
38.579506,?,,?,,?,?,?, White, Male,,,,?,?
,?,, HS-grad,,?,?,?, White, Male,,,,?,?
,?,, HS-grad,10.067414, Married-civ-spouse,?,?,?,?,,,,?,?
,?,, HS-grad,,?,?,?, White,?,1082.9701,,,?,?
,?,,?,,?,?, Husband,?,?,1082.9701,,,?, <=50K
, Private,,?,10.067414,?,?, Husband,?,?,,87.670456,, United-States,?
38.579506,?,,?,, Married-civ-spouse,?,?,?, Male,,,,?, <=50K
,?,,?,,?, Craft-repair, Husband,?,?,1082.9701,,40.425713,?, <=50K
,?,,?,10.067414,?,?,?,?,?,,,40.425713,?, <=50K
,?,,?,,?,?,?,?,?,,87.670456,,?,?
, Private,,?,10.067414,?,?,?, White,?,,,, United-States, <=50K
38.579506, Private,189484.39, HS-grad,,?,?,?, White, Male,,87.670456,,?,?
,?,,?,,?,?, Husband,?,?,1082.9701,87.670456,,?,?
,?,,?,, Married-civ-spouse,?,?, White,?,,87.670456,40.425713,?,?
38.579506,?,,?,10.067414,?,?,?,?,?,,,40.425713, United-States,?
,?,,?,,?,?,?,?, Male,1082.9701,87.670456,,?,?
,?,189484.39,?,,?,?,?,?, Male,,,,?,?
,?,,?,,?, Craft-repair,?,?, Male,,,40.425713,?,?
,?,,?,, Married-civ-spouse,?,?, White,?,,,40.425713,?,?
38.579506,?,,?,,?,?,?,?,?,,,,?,?
, Private,, HS-grad,,?,?, Husband,?,?,,,,?,?
,?,, HS-grad,,?,?,?, White, Male,,,,?, <=50K
,?,, HS-grad,,?,?,?, White,?,,,, United-States,?
,?,,?,,?, Craft-repair,?,?,?,,,, United-States,?
, Private,189484.39,?,,?,?,?,?,?,,87.670456,,?,?
38.579506,?,189484.39,?,10.067414,?,?,?,?,?,,,,?,?
,?,,?,,?,?,?,?,?,,87.670456,,?, <=50K
,?,,?,10.067414,?,?,?,?,?,,,,?,?
,?,,?,, Married-civ-spouse,?,?,?,?,,,40.425713,?,?
,?,189484.39,?,,?,?,?,?, Male,1082.9701,,,?,?
38.579506, Private,189484.39, HS-grad,10.067414,?,?,?,?,?,,,,?,?
38.579506,?,189484.39,?,,?,?,?,?, Male,,,, United-States,?
38.579506, Private,,?,10.067414,?,?,?,?,?,,87.670456,,?,?
38.579506,?,,?,10.067414,?,?, Husband,?, Male,,87.670456,,?,?
,?,,?,, Married-civ-spouse,?, Husband,?,?,,,,?, <=50K
,?,, HS-grad,10.067414,?, Craft-repair, Husband,?,?,,87.670456,40.425713, United-States,?
,?,189484.39,?,,?,?,?,?,?,,,,?,?
,?,,?,,?, Craft-repair,?,?,?,,87.670456,, United-States,?
,?,189484.39,?,10.067414,?,?,?,?,?,,,40.425713,?,?
, Private,, HS-grad,, Married-civ-spouse, Craft-repair,?,?,?,,,, United-States,?
,?,189484.39,?,,?,?,?,?,?,,,40.425713,?,?
,?,,?,,?,?,?,?,?,,,,?, <=50K
,?,189484.39,?,,?,?,?,?,?,,87.670456,,?,?
, Private,189484.39, HS-grad,, Married-civ-spouse,?,?,?,?,,,,?, <=50K
,?,,?,10.067414,?,?,?, White, Male,,87.670456,, United-States,?
,?,, HS-grad,,?,?,?,?, Male,,,,?, <=50K
,?,, HS-grad,,?,?,?,?,?,,,40.425713,?,?
38.579506,?,,?,,?, Craft-repair, Husband,?,?,,,40.425713,?,?
,?,189484.39,?,, Married-civ-spouse,?, Husband, White,?,,,,?,?
,?,, HS-grad,,?,?,?,?,?,,,,?,?
,?,,?,,?, Craft-repair, Husband, White,?,,,,?,?
,?,,?,,?,?, Husband,?,?,1082.9701,87.670456,,?,?
, Private,, HS-grad,, Married-civ-spouse, Craft-repair,?, White, Male,,87.670456,, United-States,?
,?,,?,,?, Craft-repair,?, White,?,,,40.425713, United-States,?
38.579506,?,,?,10.067414, Married-civ-spouse,?, Husband,?, Male,,,,?,?
,?,,?,,?, Craft-repair,?, White,?,,,,?, <=50K
, Private,189484.39,?,,?,?, Husband,?,?,,,,?, <=50K
,?,, HS-grad,,?,?,?, White,?,,,40.425713,?,?
,?,189484.39,?,10.067414, Married-civ-spouse,?,?,?,?,,,40.425713,?,?
,?,,?,, Married-civ-spouse,?,?,?,?,,,40.425713,?,?
, Private,189484.39,?,10.067414,?, Craft-repair,?,?,?,,,,?,?
,?,,?,,?,?,?, White,?,,87.670456,,?,?
38.579506,?,189484.39,?,,?,?,?,?,?,,,, United-States,?
,?,,?,,?,?,?, White,?,,,,?,?
,?,,?,,?,?,?, White,?,,,40.425713,?,?
, Private,189484.39,?,, Married-civ-spouse,?,?,?,?,,,,?,?
38.579506,?,,?,,?,?,?,?,?,,,,?,?
,?,,?,, Married-civ-spouse,?,?,?,?,,,,?,?
,?,189484.39,?,, Married-civ-spouse,?,?,?,?,,87.670456,,?,?
,?,,?,,?,?,?,?, Male,,,, United-States,?
,?,, HS-grad,,?,?,?, White,?,,87.670456,40.425713,?, <=50K
, Private,,?,10.067414,?,?,?,?,?,,,40.425713,?,?
,?,,?,, Married-civ-spouse, Craft-repair,?,?,?,,,, United-States,?
,?,, HS-grad,10.067414,?,?,?,?,?,1082.9701,,, United-States,?
,?,,?,,?,?, Husband, White,?,1082.9701,,,?, <=50K
,?,, HS-grad,, Married-civ-spouse,?,?, White,?,,,,?,?
,?,,?,,?,?,?,?,?,,87.670456,, United-States,?
,?,,?,, Married-civ-spouse, Craft-repair,?,?,?,1082.9701,,,?, <=50K
38.579506,?,, HS-grad,10.067414,?,?,?, White,?,,,,?,?
,?,189484.39,?,,?, Craft-repair,?,?,?,,,40.425713,?,?
,?,, HS-grad,,?,?, Husband,?,?,,,,?,?
, Private,189484.39,?,,?,?,?,?,?,,,,?,?
,?,189484.39,?,10.067414,?,?,?,?,?,,87.670456,,?,?
,?,,?,,?, Craft-repair, Husband,?, Male,,,40.425713,?,?
, Private,, HS-grad,,?, Craft-repair,?,?,?,,,,?,?
, Private,189484.39,?,10.067414,?,?,?,?,?,1082.9701,,, United-States, <=50K
,?,,?,, Married-civ-spouse, Craft-repair,?,?,?,,,40.425713,?, <=50K
,?,,?,,?,?,?,?,?,,,,?,?
, Private,,?,,?,?,?,?,?,,,40.425713,?,?
,?,,?,10.067414, Married-civ-spouse,?,?, White, Male,,,,?,?
,?,,?,,?,?,?,?,?,1082.9701,,40.425713, United-States,?
,?,189484.39,?,,?,?,?,?,?,,,,?,?
,?,,?,,?,?,?,?,?,,,,?, <=50K
,?,189484.39,?,,?,?,?,?,?,,,,?,?
, Private,, HS-grad,,?,?,?, White, Male,,87.670456,, United-States,?
,?,, HS-grad,, Married-civ-spouse,?, Husband,?,?,,87.670456,40.425713,?,?
38.579506,?,, HS-grad,, Married-civ-spouse,?,?,?,?,,87.670456,, United-States, <=50K
,?,,?,,?, Craft-repair, Husband,?,?,1082.9701,,,?,?
,?,189484.39,?,,?,?,?,?, Male,1082.9701,87.670456,,?,?
,?,,?,,?, Craft-repair,?,?,?,,,, United-States,?
38.579506,?,,?,,?,?,?,?,?,,,,?,?
,?,,?,,?, Craft-repair,?,?,?,,87.670456,40.425713, United-States,?
,?,,?,10.067414, Married-civ-spouse,?, Husband,?,?,,,,?,?
38.579506,?,,?,,?,?,?,?,?,,,, United-States,?
,?,, HS-grad,,?,?, Husband,?, Male,,,,?, <=50K
38.579506,?,,?,, Married-civ-spouse,?, Husband, White,?,1082.9701,,,?,?
,?,,?,, Married-civ-spouse, Craft-repair,?, White,?,,,,?, <=50K
,?,,?,,?,?,?,?,?,1082.9701,87.670456,,?,?
38.579506,?,189484.39, HS-grad,,?,?,?,?, Male,,,,?,?
,?,,?,10.067414,?,?, Husband,?,?,,,,?,?
,?,,?,,?, Craft-repair, Husband,?,?,,,,?,?
,?,,?,,?,?, Husband,?,?,,,,?,?
,?,,?,,?,?, Husband,?,?,,,,?,?
38.579506,?,189484.39, HS-grad,,?,?,?,?,?,,,,?,?
38.579506,?,189484.39,?,,?,?,?,?,?,1082.9701,,, United-States,?
,?,,?,,?,?,?, White,?,1082.9701,,,?,?
,?,, HS-grad,, Married-civ-spouse,?,?,?,?,1082.9701,87.670456,,?,?
,?,,?,10.067414,?,?,?,?, Male,,87.670456,40.425713,?, <=50K
,?,,?,,?, Craft-repair,?,?,?,,,,?, <=50K
38.579506,?,,?,10.067414,?, Craft-repair,?, White, Male,,,40.425713,?, <=50K
,?,, HS-grad,,?,?,?,?,?,,,,?,?
,?,,?,,?,?,?,?,?,,,,?,?
, Private,,?,,?, Craft-repair,?,?,?,,87.670456,,?,?
38.579506, Private,, HS-grad,,?,?,?,?,?,,87.670456,,?,?
38.579506,?,,?,,?,?,?,?, Male,,,,?,?
,?,,?,10.067414,?,?, Husband,?,?,,,40.425713,?, <=50K
,?,189484.39,?,,?,?,?,?,?,,,, United-States, <=50K
,?,,?,,?,?,?,?,?,,,,?,?
38.579506,?,,?,,?,?,?,?,?,,,40.425713,?, <=50K
,?,, HS-grad,,?,?, Husband, White,?,1082.9701,,,?,?
,?,, HS-grad,,?,?,?, White, Male,,,40.425713, United-States,?
38.579506,?,,?,,?,?, Husband,?,?,,,40.425713,?, <=50K
38.579506,?,,?,,?, Craft-repair, Husband, White,?,1082.9701,,,?, <=50K
,?,,?,,?,?,?,?, Male,1082.9701,,,?, <=50K
38.579506, Private,,?,,?,?,?, White,?,,87.670456,40.425713,?,?
,?,,?,10.067414,?,?,?,?,?,,,,?,?
, Private,, HS-grad,, Married-civ-spouse,?,?, White,?,,87.670456,,?,?
,?,, HS-grad,,?,?,?, White,?,,,,?,?
,?,189484.39,?,10.067414, Married-civ-spouse, Craft-repair,?,?,?,1082.9701,,,?,?
38.579506, Private,,?,, Married-civ-spouse,?,?,?,?,,,, United-States,?
, Private,,?,,?, Craft-repair,?,?,?,1082.9701,,,?,?
,?,,?,,?,?,?,?,?,,,,?,?
38.579506,?,,?,,?,?,?,?,?,,,,?,?
,?,,?,10.067414, Married-civ-spouse,?,?,?,?,,,,?,?
,?,,?,,?, Craft-repair,?,?,?,,,,?,?
,?,, HS-grad,,?, Craft-repair,?,?,?,,,40.425713,?,?
,?,,?,,?,?,?,?, Male,,,,?,?
,?,,?,,?,?, Husband,?, Male,,,,?, <=50K
38.579506,?,189484.39,?,, Married-civ-spouse,?,?,?,?,,,,?,?
38.579506,?,189484.39,?,, Married-civ-spouse,?,?,?,?,,,,?,?
38.579506,?,,?,,?,?,?,?, Male,1082.9701,,,?,?
, Private,189484.39,?,10.067414,?, Craft-repair,?,?,?,,,,?,?
38.579506, Private,,?,,?,?, Husband,?,?,,,,?, <=50K
,?,,?,,?,?, Husband, White,?,1082.9701,,40.425713,?,?
,?,189484.39,?,, Married-civ-spouse,?,?,?,?,,,, United-States,?
,?,,?,,?,?, Husband, White, Male,,87.670456,,?,?
,?,189484.39,?,10.067414,?,?, Husband, White,?,1082.9701,,, United-States,?
,?,,?,10.067414,?,?,?,?,?,,,,?,?
, Private,189484.39,?,,?,?,?,?, Male,,,40.425713,?,?
, Private,, HS-grad,,?,?,?,?,?,,,,?,?
,?,189484.39,?,,?,?,?, White,?,,87.670456,,?,?
, Private,,?,, Married-civ-spouse,?,?,?,?,1082.9701,,40.425713,?, <=50K
,?,,?,,?,?,?,?,?,,,, United-States,?
,?,,?,, Married-civ-spouse,?, Husband, White,?,,87.670456,,?,?
,?,, HS-grad,,?,?, Husband,?,?,,,,?, <=50K
,?,, HS-grad,, Married-civ-spouse, Craft-repair, Husband,?,?,,,, United-States,?
38.579506, Private,189484.39, HS-grad,10.067414,?, Craft-repair, Husband,?, Male,,87.670456,,?,?
38.579506,?,,?,10.067414,?,?,?,?,?,,87.670456,, United-States, <=50K
, Private,,?,, Married-civ-spouse,?,?,?,?,,,,?,?
38.579506,?,,?,, Married-civ-spouse,?,?, White,?,1082.9701,,, United-States,?
,?,,?,10.067414,?, Craft-repair,?,?,?,,,, United-States,?
,?,,?,, Married-civ-spouse, Craft-repair,?,?,?,,,40.425713,?,?
38.579506,?,,?,, Married-civ-spouse,?,?,?,?,,,, United-States,?
38.579506,?,,?,,?,?,?,?,?,,,,?,?
,?,189484.39,?,,?, Craft-repair, Husband,?, Male,,,40.425713,?,?
,?,,?,,?,?,?,?,?,,87.670456,,?,?
38.579506, Private,189484.39,?,,?,?,?,?,?,,,,?, <=50K
,?,,?,,?,?,?, White,?,,87.670456,,?, <=50K
, Private,,?,10.067414, Married-civ-spouse,?,?, White,?,,,40.425713,?,?
,?,, HS-grad,,?, Craft-repair,?,?, Male,1082.9701,,,?,?
38.579506, Private,,?,,?,?,?,?,?,,,40.425713,?,?
,?,189484.39,?,,?, Craft-repair,?,?, Male,,,,?, <=50K
,?,,?,10.067414, Married-civ-spouse,?,?,?,?,,,,?,?
,?,,?,,?,?,?,?,?,,,,?,?
,?,, HS-grad,, Married-civ-spouse,?, Husband,?,?,,,,?,?
,?,, HS-grad,,?,?,?,?,?,,,, United-States,?
, Private,,?,,?,?,?,?,?,,,40.425713, United-States, <=50K
,?,,?,, Married-civ-spouse,?,?,?,?,,,, United-States,?
,?,,?,,?,?, Husband,?,?,,,,?,?
,?,,?,, Married-civ-spouse, Craft-repair,?,?, Male,,,,?,?
,?,189484.39,?,,?,?,?,?,?,1082.9701,,, United-States,?
,?,189484.39,?,,?,?, Husband,?,?,,87.670456,,?,?
38.579506,?,,?,, Married-civ-spouse,?,?,?,?,,,,?,?
38.579506, Private,,?,,?, Craft-repair,?,?,?,,,40.425713,?,?
38.579506, Private,,?,,?, Craft-repair, Husband,?,?,,,40.425713,?,?
,?,,?,,?,?, Husband,?,?,,,,?,?
38.579506,?,,?,,?,?,?, White,?,1082.9701,,40.425713, United-States,?
,?,,?,,?,?,?,?,?,,,40.425713,?,?
,?,,?,,?,?,?, White,?,,87.670456,40.425713,?,?
,?,,?,,?,?,?,?,?,,87.670456,40.425713,?,?
38.579506,?,,?,, Married-civ-spouse,?, Husband, White,?,,,,?, <=50K
,?,, HS-grad,,?,?,?, White, Male,,,,?,?
,?,,?,, Married-civ-spouse,?,?,?,?,,,,?,?
,?,189484.39,?,,?,?,?,?, Male,1082.9701,,,?,?
, Private,, HS-grad,,?,?,?, White,?,,,,?,?
,?,189484.39,?,,?,?,?,?,?,1082.9701,,,?,?
,?,, HS-grad,,?, Craft-repair, Husband,?,?,,87.670456,,?,?
38.579506,?,,?,, Married-civ-spouse,?,?,?,?,,87.670456,,?, <=50K
,?,,?,, Married-civ-spouse, Craft-repair,?, White,?,,,,?,?
,?,189484.39,?,,?,?, Husband,?, Male,,,, United-States, <=50K
,?,,?,,?, Craft-repair, Husband,?,?,,87.670456,,?, <=50K
,?,,?,,?, Craft-repair,?,?,?,,,,?, <=50K
, Private,189484.39,?,10.067414,?,?,?,?,?,,,40.425713, United-States,?
,?,,?,,?, Craft-repair,?,?, Male,1082.9701,,40.425713, United-States,?
38.579506,?,,?,,?,?,?,?,?,,,,?,?
,?,,?,10.067414,?,?,?,?,?,,,,?,?
, Private,,?,,?,?,?,?,?,,87.670456,,?,?
,?,, HS-grad,,?, Craft-repair,?,?,?,1082.9701,,,?,?
38.579506,?,,?,,?,?,?,?,?,,,, United-States,?
,?,,?,,?,?,?,?,?,,,, United-States,?
,?,,?,, Married-civ-spouse,?,?,?,?,,,,?, <=50K
38.579506,?,,?,,?,?,?,?,?,,,,?, <=50K
, Private,,?,, Married-civ-spouse,?,?,?,?,,,, United-States,?
,?,,?,10.067414,?,?,?,?,?,,,,?,?
,?,,?,10.067414,?,?,?,?,?,,,, United-States,?
38.579506,?,,?,,?, Craft-repair, Husband,?, Male,,,,?,?
38.579506,?,,?,,?, Craft-repair,?,?,?,,,,?, <=50K
,?,,?,, Married-civ-spouse,?,?,?,?,1082.9701,87.670456,,?,?
,?,,?,,?,?, Husband,?,?,,,40.425713,?,?
, Private,,?,,?, Craft-repair,?,?,?,1082.9701,,, United-States,?
, Private,,?,,?,?, Husband,?,?,,,,?, <=50K
38.579506,?,,?,10.067414, Married-civ-spouse, Craft-repair,?,?, Male,1082.9701,,,?,?
,?,,?,,?,?,?,?,?,,,,?, <=50K
,?,,?,,?,?,?,?, Male,,,,?,?
,?,189484.39,?,,?,?,?, White,?,1082.9701,87.670456,40.425713,?,?
,?,, HS-grad,,?,?,?,?,?,,,,?, <=50K
,?,189484.39,?,,?, Craft-repair, Husband,?, Male,,87.670456,,?, <=50K
,?,, HS-grad,,?,?,?,?,?,,,40.425713, United-States, <=50K
,?,,?,, Married-civ-spouse,?,?,?,?,,,40.425713,?,?
, Private,189484.39,?,10.067414,?,?, Husband,?, Male,,,,?,?
, Private,,?,,?,?,?, White,?,,,,?,?
, Private,,?,,?,?,?,?,?,,,40.425713,?,?
,?,189484.39, HS-grad,,?,?,?,?,?,,,,?, <=50K
38.579506, Private,, HS-grad,, Married-civ-spouse,?,?,?,?,,,, United-States,?
,?,, HS-grad,,?,?, Husband,?,?,,,,?,?
,?,, HS-grad,,?, Craft-repair, Husband, White,?,,87.670456,, United-States,?
,?,189484.39,?,10.067414, Married-civ-spouse,?,?,?,?,,87.670456,, United-States, <=50K
,?,189484.39, HS-grad,,?,?,?,?, Male,1082.9701,87.670456,40.425713,?,?
, Private,, HS-grad,10.067414,?,?, Husband,?,?,1082.9701,,,?,?
,?,, HS-grad,,?,?,?,?, Male,,,,?,?
, Private,189484.39,?,, Married-civ-spouse,?,?, White,?,,,, United-States,?
,?,,?,,?,?, Husband,?,?,1082.9701,,,?,?
, Private,, HS-grad,,?,?,?,?,?,1082.9701,87.670456,, United-States,?
,?,,?,,?,?,?,?, Male,,,,?,?
,?,,?,,?, Craft-repair,?,?,?,,,,?,?
38.579506, Private,,?,, Married-civ-spouse,?,?,?, Male,,,,?,?
, Private,,?,10.067414,?,?,?,?, Male,,,,?,?
,?,,?,10.067414,?,?,?, White,?,,87.670456,40.425713,?,?
,?,, HS-grad,,?,?,?,?,?,1082.9701,87.670456,, United-States,?
, Private,,?,10.067414, Married-civ-spouse,?,?,?,?,,87.670456,, United-States,?
,?,189484.39, HS-grad,,?, Craft-repair,?,?,?,,87.670456,,?, <=50K
38.579506,?,, HS-grad,,?, Craft-repair,?,?,?,,,,?,?
38.579506, Private,,?,,?,?,?,?,?,,,,?,?
38.579506, Private,,?,,?,?,?,?,?,,,40.425713, United-States,?
,?,,?,, Married-civ-spouse, Craft-repair,?, White,?,,87.670456,,?,?
, Private,,?,,?,?,?, White,?,,,,?,?
,?,,?,,?,?,?,?, Male,,,,?,?
,?,, HS-grad,,?,?,?,?, Male,,87.670456,,?,?
,?,,?,10.067414,?,?,?,?,?,,,,?,?
, Private,,?,, Married-civ-spouse,?,?, White,?,,,,?,?
,?,, HS-grad,,?, Craft-repair, Husband, White,?,,87.670456,,?,?
38.579506, Private,,?,,?, Craft-repair,?, White,?,,,,?, <=50K
,?,,?,, Married-civ-spouse,?,?,?,?,,,40.425713,?,?
,?,,?,,?,?,?,?,?,,,,?,?
, Private,,?,,?,?,?,?,?,,,,?, <=50K
,?,,?,,?,?,?,?,?,1082.9701,,,?,?
,?,,?,,?, Craft-repair,?,?,?,1082.9701,,,?, <=50K
38.579506,?,189484.39,?,,?,?, Husband,?, Male,1082.9701,,40.425713,?,?
,?,,?,,?,?,?,?,?,,,,?,?
,?,,?,,?,?,?,?,?,1082.9701,,,?,?
38.579506,?,, HS-grad,,?,?,?, White,?,,,,?,?
,?,, HS-grad,, Married-civ-spouse, Craft-repair,?,?,?,1082.9701,,40.425713,?,?
, Private,,?,10.067414, Married-civ-spouse,?,?, White,?,,,,?, <=50K
38.579506,?,189484.39,?,, Married-civ-spouse,?,?,?,?,,,,?,?
, Private,,?,, Married-civ-spouse, Craft-repair,?,?,?,,,,?,?
,?,, HS-grad,,?,?, Husband,?,?,,,,?,?
,?,,?,,?,?,?, White,?,,,40.425713,?,?
,?,189484.39,?,,?,?,?, White,?,,,40.425713,?, <=50K
,?,,?,,?,?,?,?,?,,,,?,?
,?,,?,,?,?,?,?, Male,,,,?,?
,?,,?,,?, Craft-repair, Husband,?,?,,,, United-States,?
38.579506,?,,?,,?,?,?,?, Male,,,,?, <=50K
,?,,?,,?, Craft-repair,?,?,?,,,,?,?
,?,,?,,?,?,?,?, Male,,87.670456,, United-States,?
38.579506,?,, HS-grad,,?,?, Husband,?,?,1082.9701,,, United-States, <=50K
, Private,,?,10.067414,?, Craft-repair,?,?,?,,,,?,?
,?,, HS-grad,,?, Craft-repair, Husband,?,?,,87.670456,,?,?
38.579506, Private,,?,,?,?,?, White,?,1082.9701,,,?,?
38.579506,?,, HS-grad,,?,?, Husband,?,?,,87.670456,,?,?
,?,, HS-grad,,?,?,?,?, Male,,,, United-States,?
38.579506,?,189484.39,?,,?, Craft-repair,?,?,?,1082.9701,87.670456,,?,?
, Private,,?,,?,?,?,?,?,,87.670456,40.425713,?,?
,?,,?,,?,?,?, White,?,1082.9701,,40.425713, United-States,?
,?,,?,,?, Craft-repair,?,?,?,,87.670456,40.425713, United-States,?
,?,, HS-grad,,?,?, Husband, White,?,,87.670456,, United-States, <=50K
,?,189484.39,?,,?,?,?,?, Male,1082.9701,,,?, <=50K
,?,,?,,?,?,?, White, Male,,,,?, <=50K
38.579506,?,,?,,?,?,?,?,?,,,,?,?
38.579506,?,189484.39,?,,?, Craft-repair,?,?,?,,,, United-States,?
, Private,189484.39,?,,?,?,?,?,?,,,,?,?
,?,,?,,?,?,?,?,?,,,,?,?
,?,189484.39,?,, Married-civ-spouse,?,?,?, Male,,,40.425713,?,?
,?,,?,,?,?,?,?,?,,,,?, <=50K
38.579506,?,, HS-grad,, Married-civ-spouse,?,?,?, Male,,,,?,?
38.579506, Private,,?,,?,?,?,?, Male,,,40.425713, United-States,?
,?,,?,,?,?,?,?,?,1082.9701,,40.425713,?,?
, Private,189484.39,?,,?,?,?,?,?,,,,?,?
38.579506,?,, HS-grad,,?, Craft-repair,?,?, Male,,,40.425713,?,?
,?,,?,10.067414,?,?,?,?,?,,,,?,?
38.579506,?,,?,,?,?,?,?,?,,,,?,?
,?,,?,,?,?,?,?,?,,87.670456,,?,?
, Private,189484.39,?,10.067414, Married-civ-spouse,?, Husband, White,?,,,,?, <=50K
,?,,?,,?,?,?,?,?,1082.9701,87.670456,40.425713,?,?
,?,, HS-grad,,?,?, Husband,?,?,,,,?,?
38.579506,?,,?,, Married-civ-spouse, Craft-repair, Husband, White,?,1082.9701,,,?,?
,?,,?,,?,?,?,?,?,,87.670456,,?,?
, Private,, HS-grad,10.067414,?,?, Husband, White,?,1082.9701,,40.425713, United-States,?
,?,,?,, Married-civ-spouse,?,?,?,?,,,,?,?
, Private,,?,,?,?,?,?,?,,87.670456,40.425713,?,?
38.579506,?,189484.39,?,,?,?,?, White,?,,,,?,?
,?,189484.39,?,,?,?,?,?,?,,87.670456,,?, <=50K
,?,189484.39,?,,?,?,?,?,?,,,, United-States,?
,?,189484.39,?,,?,?,?,?,?,,87.670456,,?,?
,?,189484.39,?,,?,?,?, White,?,,,, United-States,?
,?,,?,,?,?,?,?,?,,,40.425713,?,?
, Private,,?,,?,?,?,?,?,1082.9701,,,?, <=50K
,?,,?,,?,?,?, White,?,,87.670456,, United-States,?
, Private,189484.39,?,,?, Craft-repair,?, White,?,1082.9701,,, United-States, <=50K
, Private,,?,,?,?, Husband,?,?,1082.9701,,,?, <=50K
,?,,?,,?,?,?,?,?,,87.670456,,?,?
38.579506,?,,?,,?,?, Husband, White, Male,,,,?,?
,?,, HS-grad,,?,?,?, White,?,1082.9701,,,?,?
,?,, HS-grad,,?,?,?,?,?,,,,?,?
,?,189484.39, HS-grad,10.067414,?,?,?,?,?,,,,?,?
,?,189484.39,?,,?,?,?,?,?,,,,?, <=50K
,?,,?,,?,?,?,?, Male,,,,?,?
,?,,?,,?, Craft-repair,?, White,?,1082.9701,87.670456,,?, <=50K
,?,, HS-grad,,?,?, Husband,?, Male,1082.9701,,40.425713, United-States,?
,?,,?,,?,?,?, White,?,,,, United-States,?
,?,189484.39,?,10.067414,?,?,?, White,?,,,,?,?
38.579506, Private,,?,, Married-civ-spouse,?,?, White,?,,,, United-States,?
,?,189484.39,?,,?,?, Husband,?,?,,,,?,?
38.579506,?,,?,, Married-civ-spouse, Craft-repair,?,?,?,,,40.425713,?,?
, Private,,?,,?,?,?,?,?,,,,?, <=50K
,?,,?,,?,?, Husband, White,?,,87.670456,,?,?
,?,, HS-grad,, Married-civ-spouse,?, Husband,?,?,,,,?, <=50K
,?,,?,,?,?,?,?,?,,,,?,?
,?,, HS-grad,,?,?,?,?,?,,87.670456,,?,?
,?,,?,,?, Craft-repair, Husband,?,?,1082.9701,,,?,?
,?,,?,10.067414, Married-civ-spouse,?,?,?, Male,1082.9701,,40.425713,?,?
,?,,?,, Married-civ-spouse,?,?,?,?,,,,?,?
,?,189484.39,?,,?,?,?, White,?,,,,?,?
, Private,,?,, Married-civ-spouse,?,?,?,?,,,,?,?
,?,,?,,?,?,?, White,?,,,,?,?
,?,189484.39,?,,?, Craft-repair,?,?,?,,87.670456,,?,?
,?,,?,,?,?,?, White, Male,,87.670456,, United-States,?
,?,,?,10.067414,?,?, Husband,?,?,,87.670456,,?,?
,?,189484.39,?,10.067414, Married-civ-spouse, Craft-repair,?, White,?,,,, United-States,?
,?,189484.39,?,,?, Craft-repair, Husband,?,?,,,,?,?
38.579506,?,189484.39,?,,?,?,?,?,?,,,,?,?
38.579506, Private,189484.39,?,,?,?, Husband, White, Male,,87.670456,,?,?
,?,, HS-grad,,?,?,?,?, Male,,,,?,?
38.579506,?,,?,10.067414,?,?,?,?,?,,87.670456,40.425713,?,?
, Private,,?,,?,?, Husband,?,?,,,40.425713,?,?
,?,,?,,?,?,?,?,?,,,40.425713,?, <=50K
,?,,?,10.067414,?, Craft-repair,?, White, Male,1082.9701,,, United-States,?
38.579506,?,,?,10.067414,?,?, Husband,?,?,,,,?,?
,?,,?,,?,?,?,?,?,,87.670456,,?,?
,?,189484.39,?,,?,?,?,?,?,,87.670456,,?,?
,?,,?,,?,?,?,?,?,,87.670456,,?,?
, Private,189484.39,?,,?,?,?, White,?,,,, United-States,?
,?,,?,,?,?, Husband,?,?,,87.670456,40.425713,?,?
,?,,?,, Married-civ-spouse, Craft-repair, Husband,?, Male,1082.9701,,, United-States,?
,?,, HS-grad,,?,?,?, White,?,,,,?,?
,?,,?,,?, Craft-repair,?, White,?,1082.9701,,,?,?
,?,, HS-grad,10.067414,?,?,?,?,?,1082.9701,,40.425713,?,?
,?,189484.39, HS-grad,10.067414, Married-civ-spouse, Craft-repair,?,?,?,,,40.425713, United-States,?
,?,,?,,?,?,?,?,?,,,40.425713, United-States, <=50K
,?,,?,,?,?,?,?,?,,,,?,?
,?,, HS-grad,,?,?,?,?,?,,87.670456,,?,?
,?,, HS-grad,10.067414,?,?,?,?,?,1082.9701,,,?,?
,?,, HS-grad,10.067414,?,?,?,?,?,,,,?,?
, Private,189484.39,?,10.067414,?, Craft-repair,?, White, Male,,,, United-States,?
,?,,?,,?,?,?,?,?,,,,?,?
38.579506,?,,?,,?, Craft-repair,?,?,?,,,,?,?
,?,,?,,?,?, Husband, White,?,1082.9701,,40.425713, United-States,?
,?,,?,, Married-civ-spouse,?,?,?,?,,87.670456,,?,?
,?,, HS-grad,,?,?,?,?,?,,,,?,?
38.579506,?,, HS-grad,,?,?,?,?,?,1082.9701,,,?, <=50K
38.579506,?,189484.39,?,, Married-civ-spouse, Craft-repair, Husband,?,?,,,,?,?
38.579506,?,, HS-grad,,?, Craft-repair,?, White,?,,87.670456,,?,?
,?,189484.39,?,,?,?,?,?,?,,,,?,?
, Private,,?,,?,?,?,?,?,,,, United-States,?
,?,,?,,?,?,?,?,?,,,,?,?
,?,,?,,?,?,?,?,?,1082.9701,,,?,?
,?,,?,10.067414,?, Craft-repair,?,?,?,,,, United-States,?
,?,,?,, Married-civ-spouse, Craft-repair,?,?,?,,,,?,?
,?,,?,,?, Craft-repair,?,?,?,,87.670456,,?, <=50K
,?,189484.39,?,,?,?,?,?, Male,,,, United-States,?
38.579506,?,,?,10.067414,?, Craft-repair,?,?, Male,,,40.425713,?,?
,?,189484.39, HS-grad,10.067414,?,?,?,?,?,,,,?,?
, Private,,?,,?, Craft-repair,?,?,?,,,,?,?
38.579506,?,,?,10.067414,?,?,?, White,?,,,40.425713,?,?
,?,189484.39, HS-grad,10.067414,?,?,?,?,?,1082.9701,,, United-States,?
, Private,,?,,?,?,?, White,?,,87.670456,, United-States, <=50K
,?,,?,,?,?,?,?,?,,87.670456,,?,?
,?,,?,,?,?,?,?, Male,,,,?,?
, Private,,?,10.067414,?,?,?, White,?,,,40.425713,?,?
,?,,?,, Married-civ-spouse, Craft-repair,?,?, Male,,,, United-States,?
38.579506,?,,?,,?,?,?, White,?,,87.670456,,?,?
,?,189484.39,?,,?,?, Husband,?,?,,,,?,?
,?,,?,,?,?,?,?,?,,,,?,?
, Private,,?,, Married-civ-spouse,?, Husband, White, Male,1082.9701,,, United-States,?
,?,,?,,?,?,?,?,?,,,, United-States, <=50K
,?,,?,10.067414, Married-civ-spouse,?, Husband, White, Male,1082.9701,,,?,?
38.579506,?,,?,,?,?,?,?,?,,87.670456,, United-States,?
,?,189484.39,?,,?,?, Husband, White, Male,,87.670456,,?,?
,?,189484.39, HS-grad,,?,?, Husband, White, Male,,,,?,?
,?,,?,,?,?,?,?, Male,,,40.425713,?,?
,?,,?,,?,?,?,?,?,,87.670456,,?, <=50K
, Private,,?,,?,?,?,?,?,,,,?,?
38.579506,?,,?,,?,?,?,?,?,,,,?,?
38.579506,?,,?,, Married-civ-spouse,?, Husband,?,?,,87.670456,,?,?
,?,,?,,?, Craft-repair,?, White,?,,,, United-States,?
,?,,?,,?,?,?,?,?,,,,?, <=50K
,?,, HS-grad,10.067414,?, Craft-repair,?,?,?,,,,?,?
, Private,,?,10.067414,?,?,?,?,?,,87.670456,,?,?
, Private,,?,,?,?,?,?,?,,,,?, <=50K
38.579506,?,,?,,?, Craft-repair,?,?,?,,,,?,?
,?,,?,, Married-civ-spouse, Craft-repair,?,?,?,1082.9701,,,?,?
, Private,,?,, Married-civ-spouse,?,?,?,?,,,40.425713,?, <=50K
38.579506,?,189484.39,?,,?,?,?, White, Male,,87.670456,,?,?
,?,,?,,?, Craft-repair,?,?, Male,,,,?,?
, Private,,?,10.067414,?,?,?,?,?,,,,?, <=50K
38.579506,?,,?,,?,?,?,?,?,,,,?,?
,?,,?,,?,?,?,?,?,,,,?,?
38.579506,?,,?,10.067414,?,?,?,?,?,,,40.425713,?,?
,?,189484.39, HS-grad,10.067414,?,?,?,?, Male,,87.670456,,?, <=50K
,?,,?,,?,?,?,?,?,,87.670456,,?,?
,?,,?,,?,?, Husband,?,?,,,,?,?
, Private,,?,, Married-civ-spouse,?,?, White, Male,1082.9701,,,?, <=50K
,?,, HS-grad,,?,?, Husband,?,?,1082.9701,,, United-States,?
, Private,,?,,?,?,?,?,?,,87.670456,,?,?
,?,,?,, Married-civ-spouse, Craft-repair,?,?,?,,,, United-States,?
,?,,?,10.067414, Married-civ-spouse, Craft-repair,?,?,?,1082.9701,,,?,?
,?,,?,10.067414,?,?,?,?,?,1082.9701,,, United-States,?
,?,,?,,?,?,?, White,?,,,,?,?
,?,189484.39,?,,?, Craft-repair,?, White,?,,,,?,?
,?,,?,, Married-civ-spouse,?,?,?,?,,,, United-States,?
38.579506, Private,, HS-grad,,?, Craft-repair,?,?,?,,,,?,?
, Private,, HS-grad,,?,?,?,?, Male,,,,?,?
,?,189484.39,?,, Married-civ-spouse,?,?,?, Male,,87.670456,,?,?
,?,, HS-grad,, Married-civ-spouse,?,?,?,?,,,40.425713,?, <=50K
,?,,?,10.067414,?, Craft-repair,?, White,?,,87.670456,40.425713, United-States,?
,?,, HS-grad,,?,?,?,?,?,,87.670456,,?,?
, Private,,?,, Married-civ-spouse,?,?,?,?,,,,?, <=50K
,?,,?,10.067414,?,?,?,?,?,,,,?,?
,?,,?,,?,?,?,?,?,,,, United-States,?
,?,,?,,?, Craft-repair,?,?,?,1082.9701,,,?, <=50K
,?,189484.39,?,,?, Craft-repair,?,?, Male,,87.670456,40.425713, United-States,?
,?,,?,,?,?,?,?,?,,,, United-States,?
,?,,?,,?,?, Husband,?,?,,,, United-States,?
,?,, HS-grad,10.067414,?,?, Husband,?,?,,,,?,?
38.579506, Private,,?,10.067414,?,?,?,?,?,,,,?,?
,?,,?,10.067414,?, Craft-repair,?,?,?,,87.670456,, United-States,?
,?,,?,,?,?,?,?,?,,,,?, <=50K
,?,,?,,?,?, Husband, White,?,,,40.425713,?,?
,?,,?,,?,?,?,?, Male,1082.9701,,,?,?
, Private,,?,,?,?,?,?,?,,,,?,?
,?,189484.39,?,,?,?,?,?, Male,1082.9701,,, United-States,?
,?,,?,,?, Craft-repair, Husband,?,?,,,40.425713,?,?
, Private,,?,,?,?,?,?,?,1082.9701,,,?, <=50K
,?,,?,,?,?,?,?,?,,,40.425713,?,?
,?,,?,,?,?, Husband,?, Male,,,,?, <=50K
, Private,,?,10.067414, Married-civ-spouse,?,?,?,?,1082.9701,,,?,?
,?,189484.39, HS-grad,,?,?,?,?,?,,,,?,?
, Private,189484.39,?,, Married-civ-spouse,?,?, White,?,1082.9701,,,?,?
,?,,?,,?,?,?,?,?,1082.9701,87.670456,,?, <=50K
,?,,?,,?,?,?,?,?,1082.9701,,,?,?
,?,,?,,?,?,?,?,?,,,,?,?
,?,,?,, Married-civ-spouse,?,?,?,?,,87.670456,,?, <=50K
,?,, HS-grad,10.067414,?, Craft-repair,?,?,?,,,, United-States, <=50K
,?,,?,10.067414,?,?,?,?,?,,87.670456,,?,?
,?,,?,10.067414,?,?,?, White,?,,87.670456,40.425713,?,?
38.579506,?,,?,10.067414,?,?, Husband,?,?,,,,?,?
,?,, HS-grad,,?, Craft-repair, Husband,?,?,,,40.425713,?,?
,?,,?,,?,?,?,?,?,,,,?,?
,?,,?,,?,?,?,?,?,,,,?,?
38.579506,?,, HS-grad,10.067414,?,?,?,?,?,,,,?,?
,?,,?,, Married-civ-spouse,?, Husband, White, Male,,,40.425713,?,?
,?,,?,,?,?,?,?, Male,,,, United-States,?
38.579506,?,189484.39, HS-grad,,?,?, Husband,?,?,,,,?, <=50K
,?,189484.39,?,10.067414,?,?,?,?, Male,,,,?,?
,?,189484.39,?,10.067414, Married-civ-spouse,?,?, White,?,,,,?, <=50K
38.579506,?,,?,,?, Craft-repair, Husband, White, Male,,,,?,?
,?,,?,,?,?,?, White, Male,,87.670456,,?,?
, Private,,?,10.067414,?,?, Husband,?,?,,,, United-States,?
,?,189484.39,?,,?, Craft-repair,?, White,?,,,,?,?
,?,,?,,?,?, Husband,?,?,,87.670456,40.425713,?,?
,?,,?,,?,?,?,?,?,,,, United-States,?
,?,, HS-grad,,?,?,?,?,?,,,,?,?
, Private,189484.39,?,10.067414,?,?, Husband,?,?,1082.9701,,,?,?
, Private,, HS-grad,,?,?, Husband, White,?,,,,?,?
38.579506, Private,189484.39, HS-grad,,?,?,?,?,?,,,,?,?
, Private,,?,10.067414, Married-civ-spouse,?,?,?,?,,,,?, <=50K
, Private,,?,,?,?,?,?, Male,,87.670456,,?, <=50K
,?,,?,, Married-civ-spouse,?,?,?,?,,,,?,?
38.579506,?,,?,,?, Craft-repair,?,?,?,1082.9701,,,?,?
38.579506,?,189484.39,?,10.067414,?,?,?,?,?,1082.9701,87.670456,,?,?
38.579506,?,189484.39, HS-grad,, Married-civ-spouse,?,?,?,?,1082.9701,87.670456,,?,?
,?,,?,, Married-civ-spouse, Craft-repair,?,?,?,,,,?,?
,?,,?,,?,?,?,?, Male,1082.9701,87.670456,,?,?
,?,189484.39, HS-grad,,?,?, Husband,?,?,,,40.425713, United-States,?
38.579506,?,,?,,?,?,?,?,?,,,, United-States, <=50K
,?,189484.39,?,,?, Craft-repair,?, White,?,1082.9701,,, United-States,?
38.579506,?,, HS-grad,10.067414,?,?,?, White,?,,,,?,?
,?,189484.39,?,,?, Craft-repair, Husband,?,?,,,,?,?
,?,, HS-grad,,?,?,?,?,?,,87.670456,,?,?
, Private,,?,10.067414,?,?,?,?,?,,,,?,?
,?,,?,,?,?,?, White,?,,,,?,?
,?,, HS-grad,, Married-civ-spouse,?, Husband,?,?,1082.9701,,,?,?
,?,,?,,?,?, Husband, White,?,,,,?,?
38.579506,?,,?,, Married-civ-spouse,?,?,?, Male,,,,?, <=50K
,?,, HS-grad,,?,?,?,?,?,,,40.425713,?,?
,?,,?,,?,?,?,?, Male,,,,?,?
,?,,?,10.067414, Married-civ-spouse,?,?,?,?,1082.9701,,,?,?
,?,,?,10.067414,?, Craft-repair,?,?,?,,,,?,?
,?,,?,, Married-civ-spouse,?,?,?,?,,,,?,?
,?,,?,,?,?,?,?,?,,,40.425713,?, <=50K
,?,189484.39,?,, Married-civ-spouse,?,?,?,?,1082.9701,,,?,?
,?,, HS-grad,10.067414,?,?,?, White,?,,,,?,?
, Private,,?,,?,?,?,?,?,,,, United-States,?
,?,,?,,?,?,?,?,?,,,,?,?
,?,,?,,?,?,?,?,?,,87.670456,, United-States,?
, Private,,?,,?,?, Husband, White,?,,,,?,?
, Private,,?,,?,?,?, White,?,,,,?,?
, Private,,?,,?,?, Husband, White,?,,,,?,?
,?,,?,,?,?,?,?,?,,87.670456,,?, <=50K
,?,189484.39,?,, Married-civ-spouse,?,?, White,?,,,,?,?
,?,,?,10.067414,?, Craft-repair,?,?, Male,,87.670456,, United-States,?
38.579506,?,189484.39,?,,?,?,?,?,?,1082.9701,,,?, <=50K
,?,,?,,?,?, Husband, White, Male,,,, United-States,?
,?,,?,,?,?, Husband,?,?,,87.670456,,?,?
,?,,?,, Married-civ-spouse,?,?,?,?,,87.670456,,?,?
38.579506, Private,,?,, Married-civ-spouse,?, Husband, White,?,,87.670456,40.425713,?,?
,?,,?,,?,?,?, White,?,,87.670456,,?,?
,?,,?,,?,?,?,?, Male,,,,?,?
,?,,?,,?,?, Husband,?, Male,,,,?,?
, Private,, HS-grad,, Married-civ-spouse,?, Husband,?,?,,,,?, <=50K
,?,,?,10.067414, Married-civ-spouse,?,?,?,?,,,,?,?
,?,,?,,?,?,?,?,?,,,40.425713,?,?
,?,,?,,?,?,?,?,?,,,,?,?
,?,,?,,?,?, Husband,?,?,1082.9701,87.670456,40.425713,?,?
,?,,?,,?, Craft-repair, Husband,?,?,,,40.425713,?,?
38.579506,?,189484.39, HS-grad,,?,?,?,?,?,1082.9701,87.670456,,?, <=50K
, Private,,?,,?,?,?,?,?,,87.670456,,?,?
,?,,?,,?, Craft-repair, Husband, White,?,,,,?,?
38.579506,?,,?,, Married-civ-spouse,?,?, White,?,,,,?,?
, Private,189484.39,?,10.067414,?,?,?, White,?,,87.670456,40.425713,?,?
,?,,?,10.067414, Married-civ-spouse,?,?,?,?,,,, United-States,?
,?,, HS-grad,,?,?,?,?,?,1082.9701,87.670456,40.425713, United-States,?
38.579506, Private,189484.39,?,,?,?, Husband,?,?,,87.670456,,?,?
,?,,?,,?,?,?,?,?,,,,?,?
,?,,?,,?, Craft-repair,?,?,?,,87.670456,,?,?
,?,, HS-grad,,?,?,?,?,?,,,, United-States,?
, Private,,?,10.067414, Married-civ-spouse, Craft-repair,?,?,?,,,, United-States,?
, Private,,?,,?,?, Husband,?,?,,,40.425713,?,?
,?,, HS-grad,10.067414, Married-civ-spouse,?,?,?, Male,,,,?,?
,?,,?,10.067414,?,?, Husband,?,?,,,,?,?
,?,, HS-grad,, Married-civ-spouse,?, Husband, White,?,,,40.425713,?,?
, Private,,?,,?,?,?, White,?,,,,?,?
,?,,?,,?, Craft-repair,?,?,?,,,,?,?
, Private,,?,,?,?,?,?,?,,,40.425713, United-States,?
,?,189484.39, HS-grad,,?,?,?,?,?,1082.9701,,, United-States,?
, Private,,?,,?,?,?, White,?,,,,?,?
, Private,,?,,?,?,?, White,?,,,,?,?
,?,,?,10.067414,?,?,?,?,?,,,,?,?
,?,,?,, Married-civ-spouse,?,?, White,?,,,40.425713,?,?
,?,,?,,?,?, Husband,?, Male,,,,?,?
,?,,?,,?,?,?, White, Male,,,,?, <=50K
38.579506, Private,,?,,?,?,?,?,?,,,,?,?
,?,,?,,?,?,?,?,?,,,,?,?
,?,189484.39,?,,?, Craft-repair,?,?,?,,,,?,?
,?,,?,, Married-civ-spouse,?,?,?,?,,,, United-States,?
38.579506,?,189484.39,?,,?,?,?, White,?,1082.9701,,40.425713,?,?
38.579506,?,,?,10.067414,?,?,?,?,?,,,40.425713, United-States,?
, Private,,?,, Married-civ-spouse,?, Husband,?, Male,,87.670456,, United-States,?
,?,,?,10.067414,?,?,?,?,?,,,,?,?
,?,,?,10.067414,?,?, Husband, White, Male,,,, United-States,?
38.579506,?,, HS-grad,,?,?,?,?, Male,1082.9701,,,?,?
,?,,?,,?,?,?,?,?,,87.670456,,?,?
38.579506,?,189484.39,?,10.067414, Married-civ-spouse, Craft-repair,?,?,?,,,,?,?
,?,, HS-grad,,?, Craft-repair,?,?,?,,,,?, <=50K
,?,189484.39,?,10.067414,?,?,?,?,?,,,, United-States,?
,?,,?,,?,?, Husband,?,?,,87.670456,,?, <=50K
,?,,?,,?,?,?, White,?,1082.9701,,,?,?
, Private,,?,,?,?, Husband,?,?,,,40.425713,?,?
,?,, HS-grad,,?, Craft-repair,?,?,?,1082.9701,,40.425713,?,?
,?,, HS-grad,,?,?,?,?,?,,,40.425713,?, <=50K
,?,,?,10.067414,?,?,?,?,?,,,,?,?
,?,,?,, Married-civ-spouse,?,?,?,?,,,,?, <=50K
, Private,,?,,?,?,?,?,?,,,, United-States,?
,?,,?,, Married-civ-spouse, Craft-repair,?,?,?,,,40.425713,?, <=50K
,?,,?,,?, Craft-repair,?, White,?,,,40.425713, United-States,?
,?,,?,,?,?, Husband,?,?,1082.9701,87.670456,40.425713,?,?
,?,,?,,?,?, Husband,?,?,1082.9701,87.670456,,?,?
, Private,,?,,?,?,?,?,?,,,, United-States,?
,?,,?,,?, Craft-repair,?,?,?,,,,?, <=50K
,?,,?,10.067414,?,?,?, White, Male,,,,?,?
, Private,, HS-grad,,?,?,?,?,?,1082.9701,,, United-States,?
,?,,?,,?,?,?, White,?,,,, United-States,?
,?,,?,,?,?,?,?,?,1082.9701,,,?,?
,?,,?,,?,?,?,?,?,1082.9701,,,?,?
,?,189484.39,?,10.067414, Married-civ-spouse, Craft-repair,?,?,?,1082.9701,,,?,?
38.579506,?,189484.39,?,,?,?,?,?,?,1082.9701,,,?,?
, Private,,?,,?,?,?,?, Male,,,,?,?
,?,,?,, Married-civ-spouse,?,?,?,?,,,,?, <=50K
,?,189484.39,?,, Married-civ-spouse,?,?,?, Male,,,,?, <=50K
,?,,?,,?,?, Husband,?,?,,,,?, <=50K
,?,,?,10.067414,?, Craft-repair, Husband,?,?,,,40.425713, United-States,?
,?,189484.39,?,, Married-civ-spouse, Craft-repair,?,?,?,,87.670456,,?,?
38.579506,?,,?,,?,?,?,?,?,,,,?, <=50K
,?,,?,,?, Craft-repair,?,?,?,1082.9701,,, United-States,?
38.579506,?,,?,10.067414,?,?, Husband,?,?,,,40.425713,?,?
,?,,?,,?, Craft-repair,?, White,?,1082.9701,,,?, <=50K
,?,,?,,?, Craft-repair, Husband,?,?,,,, United-States, <=50K
38.579506,?,, HS-grad,,?,?,?,?,?,1082.9701,,,?, <=50K
38.579506,?,, HS-grad,,?,?,?,?,?,,,40.425713,?, <=50K
38.579506, Private,,?,,?,?, Husband, White,?,,87.670456,,?,?
, Private,189484.39,?,10.067414,?, Craft-repair,?,?,?,,,, United-States,?
, Private,,?,,?,?,?,?,?,1082.9701,,,?,?
,?,189484.39,?,, Married-civ-spouse, Craft-repair,?, White,?,,,,?, <=50K
,?,,?,,?, Craft-repair,?,?,?,,,,?,?
,?,,?,,?,?,?,?,?,,,,?,?
,?,,?,,?,?,?,?,?,,,40.425713,?,?
,?,,?,,?,?,?, White,?,,87.670456,,?, <=50K
,?,189484.39,?,,?,?,?,?,?,,,,?, <=50K
, Private,,?,, Married-civ-spouse,?,?,?, Male,,,40.425713,?,?
,?,189484.39,?,,?,?,?,?,?,,87.670456,,?,?
,?,,?,,?,?,?, White,?,,,, United-States,?
,?,,?,,?,?, Husband,?, Male,,87.670456,,?,?
, Private,,?,,?,?, Husband,?,?,,,,?,?
, Private,,?,,?, Craft-repair,?,?,?,,87.670456,, United-States,?
, Private,, HS-grad,,?,?,?,?,?,,,,?, <=50K
38.579506,?,,?,,?, Craft-repair,?,?,?,,,,?,?
,?,, HS-grad,10.067414,?,?, Husband,?,?,,,, United-States, <=50K
,?,,?,,?, Craft-repair,?,?,?,,87.670456,,?,?
,?,,?,10.067414, Married-civ-spouse, Craft-repair,?,?,?,,,40.425713,?,?
,?,189484.39,?,10.067414,?,?,?,?,?,,,,?,?
, Private,189484.39,?,,?, Craft-repair, Husband,?,?,,,,?,?
,?,,?,, Married-civ-spouse,?,?,?,?,,,,?,?
, Private,,?,,?,?,?,?,?,1082.9701,,, United-States, <=50K
,?,,?,,?,?,?, White,?,,,, United-States,?
,?,189484.39,?,, Married-civ-spouse,?, Husband,?,?,1082.9701,,40.425713,?,?
,?,,?,,?, Craft-repair,?,?, Male,,,,?,?
38.579506,?,,?,,?,?,?,?,?,,,, United-States, <=50K
,?,189484.39,?,, Married-civ-spouse,?, Husband,?,?,1082.9701,,40.425713, United-States,?
,?,189484.39,?,10.067414,?,?, Husband,?,?,1082.9701,87.670456,,?,?
,?,, HS-grad,,?,?,?, White,?,,,, United-States,?
38.579506,?,189484.39,?,,?, Craft-repair,?, White,?,,87.670456,,?,?
,?,,?,,?,?, Husband,?,?,,,, United-States,?
, Private,,?,10.067414,?,?,?,?,?,,,40.425713,?,?
38.579506,?,, HS-grad,10.067414,?,?, Husband,?,?,1082.9701,87.670456,,?,?
,?,,?,10.067414,?, Craft-repair,?,?,?,1082.9701,,,?,?
,?,,?,10.067414,?,?,?,?,?,,,40.425713,?, <=50K
,?,,?,10.067414,?,?,?, White,?,1082.9701,,, United-States,?
, Private,,?,10.067414,?,?,?,?, Male,,87.670456,40.425713,?,?
,?,,?,,?,?,?, White,?,,,,?,?
,?,, HS-grad,,?,?,?, White,?,1082.9701,,,?,?
,?,,?,10.067414,?,?,?,?,?,,,,?,?
,?,,?,,?,?,?, White,?,,,,?,?
,?,,?,,?, Craft-repair,?, White,?,,87.670456,,?,?
38.579506,?,189484.39,?,, Married-civ-spouse,?,?,?,?,,,,?, <=50K
,?,,?,,?,?,?,?,?,,87.670456,,?,?
,?,,?,10.067414,?, Craft-repair,?,?, Male,,,,?,?
38.579506,?,,?,, Married-civ-spouse,?,?,?,?,,87.670456,,?,?
38.579506,?,,?,,?,?, Husband,?,?,1082.9701,,,?, <=50K
,?,189484.39,?,,?,?,?, White,?,,,,?,?
,?,,?,, Married-civ-spouse,?,?,?,?,1082.9701,,,?, <=50K
, Private,, HS-grad,, Married-civ-spouse,?,?,?,?,,,,?,?
, Private,, HS-grad,10.067414,?,?,?,?,?,,,, United-States,?
, Private,189484.39,?,,?,?,?,?,?,,,,?,?
38.579506,?,, HS-grad,,?,?, Husband,?,?,,,,?, <=50K
38.579506,?,,?,,?,?, Husband,?, Male,,87.670456,,?,?
, Private,,?,,?,?,?,?,?,,,40.425713,?,?
,?,,?,, Married-civ-spouse,?,?,?,?,,,,?,?
,?,, HS-grad,, Married-civ-spouse,?, Husband,?,?,,,,?,?
,?,,?,,?,?,?,?, Male,,87.670456,,?,?
,?,, HS-grad,,?,?,?,?,?,1082.9701,,,?,?
38.579506,?,,?,,?,?, Husband,?, Male,,,,?, <=50K
,?,, HS-grad,,?,?,?,?, Male,,87.670456,,?,?
,?,189484.39,?,, Married-civ-spouse,?,?,?, Male,1082.9701,,,?,?
,?,, HS-grad,, Married-civ-spouse,?,?,?,?,1082.9701,,, United-States,?
,?,,?,,?,?, Husband, White,?,,,, United-States,?
,?,,?,,?,?,?,?,?,,,,?,?
,?,,?,,?, Craft-repair,?, White,?,,,,?,?
,?,,?,,?,?,?,?,?,1082.9701,,,?,?
38.579506,?,,?,,?,?,?,?, Male,,87.670456,40.425713,?,?
,?,189484.39, HS-grad,,?,?,?,?,?,,,,?,?
,?,,?,,?, Craft-repair,?,?, Male,1082.9701,,40.425713, United-States,?
,?,189484.39,?,10.067414,?,?,?,?, Male,,,,?,?
,?,, HS-grad,10.067414,?,?, Husband,?,?,,,,?,?
,?,,?,, Married-civ-spouse, Craft-repair,?,?,?,,,40.425713,?,?
,?,,?,,?,?, Husband,?,?,,,, United-States,?
,?,,?,,?, Craft-repair,?,?,?,1082.9701,87.670456,,?,?
,?,,?,,?,?, Husband,?, Male,,87.670456,,?,?
38.579506,?,,?,,?,?, Husband, White,?,1082.9701,,,?,?
,?,,?,10.067414,?,?,?,?,?,,,, United-States,?
,?,,?,, Married-civ-spouse,?,?,?, Male,1082.9701,,40.425713,?,?
38.579506,?,, HS-grad,10.067414,?,?, Husband,?, Male,1082.9701,,,?,?
,?,189484.39,?,, Married-civ-spouse,?,?,?,?,,,, United-States,?
,?,,?,10.067414,?,?,?,?,?,1082.9701,,,?,?
38.579506, Private,,?,, Married-civ-spouse, Craft-repair,?,?,?,1082.9701,,,?,?
,?,,?,10.067414,?,?, Husband,?,?,,,,?,?
, Private,189484.39,?,10.067414,?, Craft-repair,?,?,?,,,, United-States,?
,?,, HS-grad,,?,?,?, White,?,,,, United-States,?
,?,,?,,?,?, Husband,?,?,,,,?,?
,?,189484.39, HS-grad,10.067414, Married-civ-spouse, Craft-repair,?,?,?,,87.670456,, United-States,?
,?,189484.39,?,,?, Craft-repair, Husband, White,?,1082.9701,,,?,?
, Private,,?,,?, Craft-repair,?,?,?,,,,?,?
, Private,,?,, Married-civ-spouse,?,?, White, Male,,87.670456,40.425713,?,?
38.579506,?,,?,10.067414,?,?,?,?,?,,,, United-States, <=50K
38.579506,?,,?,,?,?,?,?,?,,87.670456,40.425713,?,?
38.579506,?,,?,,?,?,?,?, Male,,,,?,?
,?,, HS-grad,10.067414,?,?, Husband, White,?,,,, United-States,?
,?,,?,10.067414,?,?,?,?,?,,,40.425713,?,?
,?,,?,,?,?,?,?,?,,,,?,?
,?,189484.39,?,,?, Craft-repair,?,?,?,,87.670456,,?,?
,?,, HS-grad,,?,?,?,?,?,,,,?,?
,?,,?,,?,?,?, White,?,,,,?,?
,?,,?,10.067414,?,?,?,?,?,,87.670456,, United-States,?
,?,189484.39,?,,?,?,?,?,?,,,40.425713,?,?
,?,, HS-grad,,?,?,?,?,?,,,, United-States,?
, Private,,?,10.067414,?,?,?,?,?,,,,?, <=50K
,?,189484.39, HS-grad,,?,?, Husband,?,?,,87.670456,,?,?
,?,189484.39,?,,?,?,?,?,?,,,,?, <=50K
,?,,?,10.067414,?,?,?,?,?,,,,?, <=50K
, Private,, HS-grad,,?,?,?,?,?,,,,?,?
38.579506,?,,?,,?, Craft-repair,?,?,?,,,,?,?
, Private,, HS-grad,10.067414,?, Craft-repair,?, White,?,,,,?,?
38.579506,?,,?,, Married-civ-spouse,?,?,?,?,,87.670456,,?,?
,?,,?,,?,?,?,?,?,,,,?,?
38.579506,?,189484.39,?,, Married-civ-spouse,?,?,?, Male,,,40.425713,?,?
, Private,,?,,?,?,?,?,?,,,,?,?
,?,189484.39,?,,?,?,?,?, Male,,,,?, <=50K
38.579506,?,189484.39, HS-grad,,?, Craft-repair,?,?,?,,,,?,?
, Private,,?,,?,?,?,?,?,,,,?,?
,?,, HS-grad,10.067414,?,?,?,?,?,1082.9701,,40.425713,?,?
38.579506, Private,, HS-grad,, Married-civ-spouse, Craft-repair,?,?,?,,87.670456,, United-States,?
, Private,,?,10.067414,?,?,?,?,?,,,,?,?
, Private,,?,, Married-civ-spouse,?,?,?, Male,,,,?,?
,?,,?,,?,?,?,?,?,,,40.425713,?,?
38.579506,?,,?,,?, Craft-repair,?,?,?,,87.670456,,?, <=50K
,?,189484.39,?,,?,?,?,?,?,,,40.425713, United-States,?
,?,,?,, Married-civ-spouse, Craft-repair,?, White, Male,,,, United-States,?
,?,,?,10.067414,?,?,?,?, Male,,,,?,?
, Private,,?,, Married-civ-spouse,?,?,?,?,1082.9701,87.670456,,?,?
,?,,?,,?,?, Husband,?,?,,,,?,?
, Private,,?,,?,?,?,?,?,,87.670456,, United-States,?
,?,,?,10.067414,?,?,?,?,?,,,,?, <=50K
, Private,, HS-grad,, Married-civ-spouse,?,?,?,?,,,40.425713,?,?
38.579506,?,,?,10.067414,?,?, Husband,?,?,1082.9701,87.670456,,?, <=50K
,?,, HS-grad,,?,?,?,?,?,1082.9701,,, United-States,?
,?,189484.39,?,, Married-civ-spouse,?, Husband, White,?,,,,?,?
,?,,?,,?,?,?, White,?,,,,?, <=50K
, Private,189484.39,?,,?, Craft-repair,?, White,?,,,,?,?
,?,,?,,?,?,?,?,?,,,,?,?
, Private,,?,,?,?,?,?,?,,,,?,?
,?,,?,,?,?,?, White,?,1082.9701,,,?,?
, Private,,?,,?,?,?,?,?,1082.9701,87.670456,,?,?
,?,189484.39,?,10.067414, Married-civ-spouse,?,?, White,?,,,,?,?
, Private,,?,,?,?,?,?,?,1082.9701,,,?,?
38.579506,?,,?,10.067414,?,?,?,?,?,,,40.425713, United-States, <=50K
38.579506,?,189484.39,?,10.067414,?,?,?,?,?,,87.670456,,?,?
,?,, HS-grad,10.067414, Married-civ-spouse,?,?,?,?,,,,?,?
,?,,?,,?,?,?, White, Male,,,,?,?
, Private,,?,,?, Craft-repair,?,?,?,,,,?,?
38.579506,?,,?,, Married-civ-spouse,?,?,?,?,1082.9701,,,?,?
,?,189484.39,?,10.067414,?, Craft-repair,?,?,?,,,,?,?
,?,,?,,?,?,?,?, Male,,,,?, <=50K
, Private,,?,,?,?,?, White,?,,,40.425713, United-States,?
,?,189484.39,?,,?,?, Husband,?,?,,,,?,?
,?,189484.39, HS-grad,,?,?,?, White,?,,,40.425713,?,?
38.579506,?,, HS-grad,,?,?,?,?,?,,,,?, <=50K
,?,,?,,?,?,?, White,?,1082.9701,,,?,?
,?,, HS-grad,,?,?,?,?,?,1082.9701,,,?,?
,?,189484.39,?,,?,?,?,?,?,,,,?,?
,?,,?,, Married-civ-spouse,?,?,?,?,,,,?, <=50K
38.579506,?,189484.39,?,,?,?, Husband,?,?,1082.9701,,,?,?
, Private,189484.39,?,, Married-civ-spouse,?,?,?,?,,87.670456,,?,?
,?,,?,, Married-civ-spouse,?,?,?,?,,,40.425713,?,?
,?,, HS-grad,,?,?,?,?,?,,,,?,?
,?,,?,,?,?,?,?,?,,,,?, <=50K
,?,189484.39,?,,?,?,?, White,?,1082.9701,,,?,?
, Private,189484.39,?,, Married-civ-spouse, Craft-repair,?,?,?,,,, United-States,?
, Private,, HS-grad,, Married-civ-spouse,?,?,?,?,1082.9701,,, United-States,?
,?,,?,,?,?, Husband, White,?,,87.670456,,?, <=50K
,?,,?,10.067414,?,?, Husband,?, Male,,87.670456,,?,?
,?,, HS-grad,, Married-civ-spouse,?,?, White,?,,,,?,?
, Private,,?,,?,?,?,?,?,,,,?,?
,?,, HS-grad,,?, Craft-repair, Husband,?, Male,,87.670456,,?,?
,?,,?,,?, Craft-repair,?,?,?,,,,?,?
,?,,?,10.067414,?, Craft-repair,?,?,?,,,,?, <=50K
, Private,, HS-grad,,?,?,?,?,?,,,,?,?
, Private,,?,, Married-civ-spouse,?,?,?,?,,,,?,?
,?,,?,, Married-civ-spouse,?,?,?,?,,,, United-States,?
, Private,, HS-grad,,?,?,?,?, Male,,,,?, <=50K
38.579506,?,,?,,?, Craft-repair, Husband,?, Male,,,, United-States,?
,?,,?,,?,?, Husband, White,?,,,, United-States,?
, Private,,?,,?, Craft-repair,?,?, Male,,,,?,?
,?,,?,,?, Craft-repair,?,?, Male,,87.670456,, United-States, <=50K
,?,,?,,?,?,?,?,?,,,,?,?
,?,,?,,?,?,?,?,?,,,40.425713,?,?
,?,,?,,?,?,?,?,?,,,,?, <=50K
38.579506,?,189484.39,?,,?,?,?,?,?,,87.670456,40.425713,?,?
,?,,?,,?,?,?,?,?,,,,?,?
, Private,,?,,?,?,?,?,?,,,40.425713,?,?
, Private,,?,,?, Craft-repair, Husband, White, Male,,,,?, <=50K
,?,189484.39, HS-grad,, Married-civ-spouse, Craft-repair,?,?,?,,,,?,?
, Private,, HS-grad,,?,?, Husband,?, Male,,,,?,?
,?,,?,,?,?,?,?,?,,,40.425713,?,?
,?,, HS-grad,,?,?,?, White,?,,,,?,?
,?,,?,,?,?,?,?, Male,,,,?, <=50K
,?,,?,, Married-civ-spouse,?,?,?,?,1082.9701,,,?,?
,?,,?,,?, Craft-repair, Husband,?,?,,87.670456,, United-States,?
,?,,?,,?,?,?,?,?,,,,?,?
, Private,,?,,?,?,?, White,?,,,,?,?
38.579506,?,,?,10.067414,?, Craft-repair,?, White, Male,,,,?,?
38.579506, Private,189484.39, HS-grad,10.067414,?,?,?,?,?,,,, United-States,?
, Private,189484.39, HS-grad,10.067414,?,?,?, White,?,,,,?,?
,?,189484.39, HS-grad,,?,?,?, White,?,,,, United-States,?
, Private,,?,,?,?,?,?,?,,,,?,?
,?,,?,,?,?,?,?, Male,,,,?,?
,?,, HS-grad,10.067414,?,?,?,?,?,,,, United-States,?
,?,,?,,?,?, Husband,?,?,,,,?,?
38.579506,?,, HS-grad,,?,?,?,?,?,,,,?,?
38.579506,?,,?,,?,?, Husband,?,?,,,,?,?
,?,189484.39,?,,?,?, Husband,?,?,,,,?,?
,?,,?,,?,?,?,?,?,1082.9701,,,?, <=50K
,?,,?,, Married-civ-spouse,?,?, White,?,,,,?, <=50K
,?,,?,,?, Craft-repair, Husband,?, Male,,,, United-States,?
, Private,189484.39,?,,?,?,?, White,?,1082.9701,,40.425713,?,?
,?,,?,10.067414,?,?,?,?,?,,,,?,?
38.579506,?,189484.39,?,10.067414,?,?,?, White,?,,,,?,?
,?,,?,10.067414,?,?,?,?,?,,,, United-States,?
,?,,?,10.067414,?, Craft-repair,?,?,?,1082.9701,,, United-States,?
38.579506,?,,?,, Married-civ-spouse,?, Husband,?,?,,,,?, <=50K
,?,,?,,?,?,?,?, Male,1082.9701,,, United-States,?
,?,, HS-grad,,?, Craft-repair,?, White,?,,87.670456,40.425713,?,?
,?,,?,, Married-civ-spouse,?, Husband,?, Male,,,,?,?
, Private,,?,,?,?,?,?,?,,,,?,?
,?,,?,,?,?, Husband,?,?,,,,?,?
, Private,189484.39,?,,?,?,?,?, Male,1082.9701,,40.425713, United-States,?
,?,189484.39, HS-grad,,?,?,?,?,?,,,40.425713,?, <=50K
,?,,?,10.067414,?,?,?,?,?,,,,?,?
,?,,?,,?,?,?,?,?,1082.9701,,,?,?
38.579506,?,,?,,?, Craft-repair,?,?,?,,,,?, <=50K
,?,189484.39,?,,?, Craft-repair,?,?,?,1082.9701,,40.425713,?,?
,?,, HS-grad,10.067414, Married-civ-spouse, Craft-repair, Husband,?,?,,87.670456,,?,?
,?,,?,,?,?,?,?,?,,,,?,?
,?,,?,,?,?,?,?,?,1082.9701,87.670456,,?,?
, Private,,?,,?,?,?, White,?,,87.670456,,?, <=50K
,?,189484.39, HS-grad,,?,?, Husband, White,?,,,,?,?
,?,,?,10.067414,?,?,?,?, Male,,87.670456,,?,?
,?,,?,,?,?,?,?,?,,87.670456,40.425713,?,?
38.579506,?,,?,10.067414,?,?,?,?,?,,,,?, <=50K
38.579506,?,189484.39,?,, Married-civ-spouse, Craft-repair,?,?,?,,,, United-States,?
,?,,?,,?,?,?, White,?,,,40.425713,?,?
,?,189484.39, HS-grad,,?,?,?,?,?,,,40.425713,?,?
, Private,,?,,?,?,?,?,?,,,40.425713, United-States,?
,?,, HS-grad,10.067414, Married-civ-spouse,?,?,?,?,,,, United-States,?
38.579506,?,, HS-grad,,?,?,?,?,?,,,40.425713,?,?
,?,,?,,?,?, Husband, White,?,,,,?,?
,?,,?,10.067414,?,?,?, White,?,,,40.425713,?,?
, Private,189484.39,?,10.067414,?,?,?,?, Male,,87.670456,,?,?
,?,, HS-grad,,?,?,?,?,?,,,,?,?
,?,,?,,?,?,?,?,?,,,,?,?
,?,189484.39,?,10.067414,?,?,?,?, Male,,87.670456,40.425713,?,?
,?,189484.39,?,,?,?,?,?,?,,,,?, <=50K
,?,,?,10.067414,?,?,?,?,?,1082.9701,,,?,?
,?,,?,,?,?,?,?,?,,,,?, <=50K
,?,,?,10.067414,?,?,?,?,?,,,,?,?
38.579506, Private,189484.39,?,,?,?,?,?,?,,,,?,?
, Private,, HS-grad,10.067414, Married-civ-spouse, Craft-repair, Husband,?,?,,,,?,?
38.579506,?,,?,,?, Craft-repair,?,?, Male,,,,?,?
,?,,?,,?, Craft-repair,?, White,?,,,40.425713,?,?
,?,,?,, Married-civ-spouse, Craft-repair,?,?,?,1082.9701,,40.425713,?, <=50K
,?,,?,,?,?,?, White,?,,,40.425713,?,?
,?,,?,10.067414,?,?, Husband,?,?,,,40.425713, United-States,?
,?,189484.39,?,10.067414,?, Craft-repair,?,?, Male,,,,?,?
,?,189484.39,?,,?,?,?,?,?,,87.670456,,?, <=50K
,?,,?,,?,?,?,?, Male,,,,?,?
38.579506,?,, HS-grad,,?,?, Husband, White, Male,1082.9701,,,?,?
,?,,?,10.067414,?,?,?,?,?,,87.670456,,?,?
,?,, HS-grad,10.067414,?,?,?,?,?,,,40.425713,?,?
,?,,?,,?,?,?,?,?,1082.9701,,,?, <=50K
,?,,?,, Married-civ-spouse, Craft-repair, Husband,?, Male,1082.9701,,,?,?
38.579506,?,189484.39,?,,?,?,?,?,?,,,, United-States,?
, Private,,?,, Married-civ-spouse,?,?,?,?,,,40.425713,?,?
,?,189484.39, HS-grad,10.067414,?,?,?,?,?,,87.670456,,?,?
38.579506,?,,?,,?,?,?,?,?,,,,?,?
,?,,?,, Married-civ-spouse, Craft-repair,?, White,?,,,,?,?
, Private,,?,,?,?, Husband,?,?,,,40.425713,?,?
,?,189484.39,?,10.067414,?,?,?, White,?,,87.670456,,?, <=50K
, Private,, HS-grad,,?, Craft-repair,?,?, Male,,,,?,?
,?,,?,,?,?,?, White, Male,,,40.425713,?,?
38.579506,?,,?,10.067414,?, Craft-repair,?, White,?,,87.670456,40.425713, United-States,?
,?,,?,,?,?,?, White,?,,,, United-States,?
,?,,?,10.067414,?,?,?,?,?,1082.9701,,40.425713,?,?
,?,189484.39,?,,?,?,?,?,?,,87.670456,,?, <=50K
, Private,,?,,?,?,?,?, Male,,87.670456,,?, <=50K
38.579506,?,189484.39,?,,?, Craft-repair,?,?,?,,,,?,?
, Private,189484.39,?,,?,?,?, White,?,,,,?,?
,?,,?,,?, Craft-repair,?, White,?,,87.670456,,?,?
,?,,?,, Married-civ-spouse, Craft-repair, Husband,?,?,,,,?,?
,?,,?,10.067414,?,?,?,?,?,,,,?,?
,?,,?,, Married-civ-spouse,?,?, White,?,,,,?,?
, Private,, HS-grad,10.067414,?,?,?,?,?,1082.9701,,,?,?
,?,,?,,?, Craft-repair,?,?,?,,,, United-States,?
, Private,,?,,?,?, Husband,?, Male,,,,?,?
,?,,?,,?,?,?,?,?,,,, United-States,?
,?,, HS-grad,,?,?,?,?,?,,,40.425713,?,?
,?,,?,,?,?,?,?,?,1082.9701,,,?, <=50K
38.579506,?,, HS-grad,, Married-civ-spouse,?,?,?,?,,,, United-States, <=50K
,?,,?,,?, Craft-repair,?,?,?,,,,?,?
, Private,,?,,?, Craft-repair,?, White,?,,,,?,?
, Private,189484.39, HS-grad,,?,?,?,?,?,,87.670456,40.425713,?,?
38.579506,?,, HS-grad,,?,?,?,?,?,,,,?,?
38.579506, Private,,?,,?,?,?,?, Male,,,,?,?
,?,,?,,?, Craft-repair,?,?,?,,,40.425713, United-States,?
,?,,?,, Married-civ-spouse,?, Husband,?,?,,,,?,?
,?,,?,, Married-civ-spouse,?, Husband,?,?,,,,?,?
,?,,?,,?,?,?, White,?,,87.670456,,?,?
38.579506, Private,,?,,?,?,?,?,?,,87.670456,, United-States,?
,?,, HS-grad,,?,?,?, White,?,1082.9701,87.670456,,?,?
,?,189484.39,?,,?,?,?,?, Male,,,,?,?
,?,,?,,?,?, Husband,?,?,,,,?,?
,?,,?,, Married-civ-spouse,?,?, White,?,1082.9701,,40.425713,?,?
,?,,?,,?,?,?,?,?,,,,?,?
38.579506, Private,, HS-grad,,?,?,?,?,?,,,,?,?
, Private,,?,, Married-civ-spouse,?,?,?,?,,,,?,?
,?,,?,,?, Craft-repair,?,?,?,,,40.425713,?,?
38.579506,?,,?,,?,?,?, White,?,,,40.425713,?,?
,?,189484.39, HS-grad,10.067414,?,?,?,?,?,,,40.425713, United-States, <=50K
38.579506,?,189484.39, HS-grad,,?,?,?,?,?,1082.9701,,, United-States,?
38.579506,?,,?,, Married-civ-spouse,?,?, White,?,1082.9701,,,?, <=50K
,?,189484.39,?,,?, Craft-repair,?,?,?,,,, United-States,?
,?,,?,,?, Craft-repair,?,?,?,1082.9701,87.670456,,?,?
, Private,,?,,?, Craft-repair,?,?,?,,,, United-States,?
38.579506, Private,189484.39,?,,?,?,?,?,?,1082.9701,,40.425713, United-States,?
, Private,189484.39,?,,?,?,?,?, Male,,,,?,?
,?,,?,, Married-civ-spouse,?,?,?, Male,,,, United-States, <=50K
, Private,,?,, Married-civ-spouse, Craft-repair,?,?, Male,1082.9701,,,?,?
38.579506,?,,?,, Married-civ-spouse,?, Husband,?, Male,1082.9701,,, United-States,?
, Private,,?,,?,?,?, White,?,1082.9701,,, United-States,?
38.579506,?,,?,,?,?,?,?,?,,,,?,?
,?,, HS-grad,,?,?,?, White,?,1082.9701,,, United-States,?
,?,,?,10.067414, Married-civ-spouse, Craft-repair,?,?,?,1082.9701,,40.425713,?,?
,?,,?,,?,?,?, White,?,,87.670456,40.425713,?, <=50K
,?,, HS-grad,,?,?,?,?, Male,1082.9701,,40.425713, United-States,?
,?,,?,10.067414,?,?,?, White, Male,,,40.425713,?,?
,?,, HS-grad,,?,?,?,?, Male,,87.670456,,?,?
, Private,189484.39,?,,?,?,?,?,?,,,, United-States,?
,?,,?,10.067414,?,?,?,?, Male,,,,?, <=50K
,?,,?,,?,?, Husband,?, Male,,87.670456,40.425713,?,?
38.579506,?,,?,, Married-civ-spouse,?,?,?, Male,,,,?,?
,?,,?,,?,?, Husband,?,?,,,40.425713,?,?
38.579506,?,,?,, Married-civ-spouse,?,?,?,?,1082.9701,,, United-States, <=50K
,?,189484.39,?,,?,?,?,?,?,,,40.425713,?,?
38.579506,?,,?,,?, Craft-repair,?,?,?,,,40.425713,?,?
,?,, HS-grad,,?, Craft-repair,?, White,?,1082.9701,,,?,?
38.579506,?,,?,,?,?,?,?,?,,,,?,?
38.579506, Private,,?,, Married-civ-spouse,?, Husband,?, Male,,,40.425713,?,?
,?,189484.39, HS-grad,10.067414,?,?,?,?,?,,,40.425713,?,?
,?,,?,,?,?,?, White,?,,,,?,?
,?,,?,10.067414,?,?,?,?,?,1082.9701,,,?, <=50K
,?,,?,10.067414,?,?,?,?,?,,,,?,?
38.579506,?,,?,,?,?,?, White,?,,87.670456,,?, <=50K
, Private,,?,, Married-civ-spouse,?,?, White,?,,,, United-States,?
,?,,?,,?,?,?, White, Male,1082.9701,,40.425713,?,?
, Private,,?,10.067414, Married-civ-spouse,?,?,?,?,,87.670456,,?,?
,?,,?,,?,?,?,?,?,1082.9701,87.670456,,?,?
,?,,?,,?,?, Husband, White,?,,,,?,?
, Private,,?,,?,?,?, White,?,,,,?, <=50K
38.579506,?,,?,,?,?, Husband,?,?,,,,?, <=50K
,?,189484.39,?,,?,?,?,?,?,,,,?,?
,?,,?,,?,?,?,?, Male,,,,?,?
,?,, HS-grad,,?,?,?,?,?,,,40.425713,?,?
, Private,,?,,?,?,?,?,?,,,,?,?
,?,,?,,?, Craft-repair,?,?,?,,,,?,?
,?,189484.39,?,,?,?,?,?,?,,,, United-States,?
,?,,?,,?, Craft-repair,?,?,?,,,,?,?
, Private,, HS-grad,, Married-civ-spouse,?,?, White,?,,,, United-States,?
, Private,,?,, Married-civ-spouse,?,?, White,?,,,,?, <=50K
,?,189484.39,?,,?,?,?,?,?,,87.670456,,?,?
, Private,,?,,?,?, Husband,?,?,,,,?,?
38.579506, Private,,?,,?,?,?,?,?,,87.670456,40.425713,?,?
,?,, HS-grad,, Married-civ-spouse, Craft-repair,?, White,?,,,,?,?
, Private,,?,,?,?,?,?,?,,,40.425713, United-States,?
38.579506, Private,,?,, Married-civ-spouse,?,?, White,?,,,40.425713,?, <=50K
,?,,?,,?,?,?,?,?,,,40.425713,?,?
,?,,?,,?,?,?,?,?,,,,?,?
38.579506, Private,,?,,?,?,?,?,?,,,40.425713, United-States, <=50K
,?,189484.39,?,,?,?,?,?,?,,,,?,?
, Private,189484.39,?,,?,?, Husband,?,?,,,,?,?
38.579506,?,189484.39,?,,?,?,?,?, Male,,,,?,?
38.579506,?,189484.39, HS-grad,,?,?,?, White,?,,87.670456,, United-States,?
, Private,189484.39,?,,?,?, Husband,?,?,,,,?,?
,?,,?,,?, Craft-repair, Husband,?,?,,,,?,?
,?,, HS-grad,10.067414,?,?,?,?,?,,,40.425713,?, <=50K
, Private,189484.39,?,,?,?,?,?,?,,87.670456,40.425713,?, <=50K
, Private,, HS-grad,,?,?, Husband,?,?,,,,?,?
,?,,?,, Married-civ-spouse,?,?,?,?,,,,?,?
,?,,?,, Married-civ-spouse,?,?,?,?,,87.670456,, United-States,?
,?,, HS-grad,10.067414,?,?,?, White,?,,,,?, <=50K
38.579506,?,189484.39,?,,?, Craft-repair,?,?,?,1082.9701,,,?,?
,?,,?,,?, Craft-repair,?, White,?,,,,?,?
,?,,?,,?,?,?,?,?,,,,?, <=50K
38.579506,?,,?,,?,?,?,?,?,,87.670456,,?,?
,?,189484.39,?,10.067414,?,?,?,?,?,1082.9701,,,?,?
38.579506, Private,,?,,?,?,?,?,?,,,,?,?
,?,, HS-grad,,?,?,?, White,?,,87.670456,,?, <=50K
, Private,,?,10.067414,?,?,?,?,?,1082.9701,,,?, <=50K
,?,,?,10.067414,?,?, Husband,?,?,,,,?,?
,?,,?,,?,?,?,?,?,,,,?, <=50K
38.579506,?,,?,,?,?,?,?, Male,,87.670456,,?,?
, Private,189484.39,?,,?,?, Husband,?,?,,,,?, <=50K
,?,,?,,?,?,?,?,?,,,,?,?
38.579506,?,189484.39,?,, Married-civ-spouse, Craft-repair,?,?, Male,,,,?,?
,?,189484.39,?,10.067414,?,?, Husband,?,?,,,40.425713,?,?
,?,,?,,?, Craft-repair,?,?,?,,,, United-States,?
,?,189484.39, HS-grad,,?,?,?, White,?,,,, United-States,?
,?,189484.39,?,,?,?,?,?,?,1082.9701,,40.425713, United-States, <=50K
,?,,?,,?,?, Husband,?,?,,87.670456,,?, <=50K
,?,,?,,?, Craft-repair, Husband,?,?,,,40.425713,?,?
38.579506, Private,189484.39,?,,?,?,?, White,?,,,,?,?
,?,,?,10.067414,?,?,?,?,?,,,,?,?
38.579506,?,,?,,?, Craft-repair,?, White,?,,,,?,?
,?,, HS-grad,,?, Craft-repair,?, White, Male,,,,?,?
,?,,?,10.067414,?,?,?,?,?,,,,?,?
,?,,?,,?, Craft-repair,?,?,?,1082.9701,,40.425713,?,?
,?,,?,,?,?, Husband,?, Male,,,, United-States,?
,?,,?,10.067414,?,?,?, White, Male,,,, United-States,?
,?,,?,,?,?,?,?,?,,,,?,?
,?,,?,,?, Craft-repair,?,?,?,,,, United-States,?
, Private,,?,,?,?,?, White,?,1082.9701,,,?,?
,?,189484.39,?,,?,?,?, White,?,,,,?,?
,?,189484.39,?,,?, Craft-repair, Husband,?,?,,,40.425713,?, <=50K
,?,, HS-grad,,?,?, Husband,?, Male,,,40.425713,?,?
38.579506,?,,?,,?,?, Husband,?, Male,,,,?, <=50K
,?,,?,10.067414,?,?,?,?,?,,,,?,?
,?,,?,,?, Craft-repair,?, White, Male,1082.9701,,,?,?
,?,,?,,?,?,?, White,?,1082.9701,,,?,?
, Private,189484.39,?,,?,?,?,?, Male,1082.9701,,,?,?
,?,,?,, Married-civ-spouse,?, Husband, White,?,,,,?, <=50K
, Private,,?,,?,?,?, White, Male,,,40.425713,?,?
,?,189484.39,?,, Married-civ-spouse,?,?,?,?,,,,?, <=50K
,?,189484.39,?,,?,?, Husband,?,?,,,,?,?
, Private,,?,,?,?,?,?,?,,,,?,?
,?,, HS-grad,, Married-civ-spouse,?,?, White, Male,,,,?,?
,?,, HS-grad,,?, Craft-repair, Husband, White,?,,87.670456,,?,?
,?,,?,,?, Craft-repair, Husband,?,?,1082.9701,,40.425713,?,?
, Private,,?,,?,?,?,?,?,,,,?,?
,?,189484.39,?,,?,?,?,?,?,,,40.425713,?,?
,?,,?,10.067414,?, Craft-repair,?,?,?,1082.9701,87.670456,40.425713,?,?
, Private,,?,10.067414,?,?,?, White,?,,,40.425713,?, <=50K
,?,,?,,?,?, Husband, White,?,,,,?,?
,?,,?,,?,?,?,?,?,,,,?,?
, Private,,?,,?,?,?,?,?,,,,?, <=50K
,?,, HS-grad,, Married-civ-spouse, Craft-repair, Husband,?,?,,,,?, <=50K
,?,189484.39,?,,?,?,?,?,?,1082.9701,,,?,?
,?,189484.39, HS-grad,,?,?, Husband,?, Male,,87.670456,,?, <=50K
,?,,?,, Married-civ-spouse,?,?,?,?,,,,?,?
38.579506, Private,,?,,?,?,?,?,?,,,,?,?
,?,, HS-grad,,?,?,?,?, Male,,,,?,?
, Private,,?,,?,?,?, White,?,,,40.425713,?, <=50K
38.579506, Private,,?,, Married-civ-spouse,?,?,?, Male,1082.9701,87.670456,,?,?
,?,,?,,?,?,?, White,?,,87.670456,,?,?
,?,, HS-grad,10.067414,?, Craft-repair,?, White,?,,,,?,?
38.579506,?,,?,, Married-civ-spouse,?,?,?,?,,,,?,?
38.579506, Private,189484.39,?,10.067414,?,?,?, White,?,1082.9701,,,?,?
,?,,?,,?, Craft-repair, Husband, White,?,1082.9701,,40.425713,?,?
, Private,189484.39, HS-grad,,?,?, Husband, White,?,,,,?,?
,?,189484.39,?,, Married-civ-spouse, Craft-repair,?,?,?,,,,?,?
38.579506,?,,?,, Married-civ-spouse,?,?,?,?,1082.9701,,,?,?
,?,,?,,?,?, Husband, White,?,,,40.425713,?, <=50K
, Private,189484.39,?,10.067414,?,?, Husband,?,?,,,,?, <=50K
,?,189484.39,?,,?,?, Husband,?,?,,87.670456,,?, <=50K
38.579506,?,, HS-grad,10.067414, Married-civ-spouse,?,?,?,?,1082.9701,,,?,?
,?,,?,,?,?,?,?, Male,,,,?,?
,?,,?,,?,?,?,?,?,,,,?, <=50K
,?,189484.39,?,,?,?,?,?,?,,,,?,?
,?,189484.39,?,10.067414,?,?,?,?,?,,,,?,?
,?,,?,,?, Craft-repair,?,?,?,1082.9701,,,?,?
,?,189484.39,?,, Married-civ-spouse,?,?, White,?,,,40.425713,?,?
, Private,,?,10.067414, Married-civ-spouse,?, Husband,?,?,1082.9701,87.670456,,?,?
,?,,?,,?, Craft-repair,?,?,?,,,,?,?
,?,,?,10.067414, Married-civ-spouse,?,?,?,?,,,,?,?
,?,,?,10.067414,?, Craft-repair,?, White,?,1082.9701,,,?, <=50K
,?,,?,10.067414,?, Craft-repair,?, White,?,,,40.425713,?,?
,?,,?,,?,?,?,?,?,1082.9701,87.670456,40.425713, United-States,?
,?,,?,,?,?,?,?, Male,,,40.425713, United-States,?
, Private,,?,,?,?,?,?,?,,87.670456,,?, <=50K
,?,,?,,?,?,?,?,?,,,40.425713,?,?
38.579506,?,,?,,?,?, Husband, White,?,1082.9701,,, United-States,?
, Private,189484.39, HS-grad,,?,?,?,?, Male,,,,?, <=50K
,?,,?,,?,?,?,?,?,,,40.425713, United-States,?
38.579506, Private,,?,,?,?,?,?,?,1082.9701,87.670456,,?,?
,?,,?,10.067414,?, Craft-repair,?,?,?,1082.9701,87.670456,,?,?
, Private,189484.39,?,,?,?,?,?,?,,,, United-States,?
,?,,?,, Married-civ-spouse,?,?,?, Male,,,,?,?
,?,,?,,?,?,?,?,?,,87.670456,,?, <=50K
,?,,?,, Married-civ-spouse,?,?, White,?,,,,?,?
,?,,?,10.067414, Married-civ-spouse, Craft-repair, Husband, White,?,,,, United-States, <=50K
,?,189484.39,?,,?,?,?,?,?,,,,?, <=50K
,?,189484.39,?,,?,?,?,?,?,,,,?,?
, Private,189484.39,?,, Married-civ-spouse,?, Husband,?,?,,,,?,?
,?,, HS-grad,,?,?,?,?,?,,,40.425713,?, <=50K
,?,,?,,?, Craft-repair,?,?,?,,87.670456,40.425713,?,?
,?,,?,,?,?, Husband,?,?,,,,?,?
38.579506,?,,?,, Married-civ-spouse,?,?,?,?,,,40.425713,?,?
,?,189484.39,?,,?, Craft-repair,?,?,?,1082.9701,,,?, <=50K
, Private,189484.39,?,,?,?,?,?,?,,,,?,?
, Private,,?,,?, Craft-repair,?, White,?,,,, United-States,?
38.579506, Private,,?,10.067414,?,?,?, White,?,1082.9701,87.670456,,?,?
38.579506,?,,?,,?,?, Husband, White,?,,,,?,?
,?,, HS-grad,,?,?, Husband, White, Male,,87.670456,40.425713,?,?
38.579506,?,,?,,?,?, Husband, White,?,,,40.425713,?,?
, Private,,?,, Married-civ-spouse,?,?,?,?,,,40.425713,?,?
,?,189484.39, HS-grad,, Married-civ-spouse,?,?,?,?,1082.9701,,,?, <=50K
, Private,,?,,?,?, Husband, White,?,,,,?, <=50K
38.579506, Private,, HS-grad,,?,?,?, White, Male,1082.9701,87.670456,40.425713,?, <=50K
,?,,?,,?, Craft-repair,?, White, Male,,,,?,?
,?,, HS-grad,,?, Craft-repair,?,?,?,,,40.425713, United-States, <=50K
, Private,,?,,?, Craft-repair,?,?,?,,,,?,?
,?,, HS-grad,,?,?, Husband, White,?,1082.9701,,, United-States,?
,?,,?,,?, Craft-repair, Husband,?,?,,,, United-States, <=50K
,?,,?,10.067414,?,?,?, White,?,,,40.425713, United-States, <=50K
,?,189484.39,?,,?,?,?,?,?,,87.670456,,?,?
38.579506,?,,?,, Married-civ-spouse, Craft-repair,?,?,?,,87.670456,,?,?
,?,189484.39, HS-grad,10.067414,?,?,?,?,?,1082.9701,,40.425713, United-States, <=50K
,?,,?,,?,?,?,?,?,,,,?,?
,?,,?,10.067414,?,?,?,?,?,,,40.425713,?,?
,?,189484.39,?,,?,?,?, White, Male,,87.670456,,?, <=50K
38.579506,?,,?,,?,?,?,?,?,,,,?,?
,?,,?,,?,?, Husband,?,?,,,,?, <=50K
38.579506,?,,?,,?,?, Husband, White, Male,1082.9701,,,?,?
,?,,?,,?, Craft-repair,?, White,?,,,,?,?
38.579506,?,, HS-grad,,?,?,?,?, Male,1082.9701,,,?,?
,?,, HS-grad,,?,?,?,?,?,,,40.425713, United-States,?
,?,,?,, Married-civ-spouse,?,?,?,?,,,,?,?
,?,, HS-grad,,?,?,?,?,?,,,,?,?
,?,,?,,?,?,?,?,?,,,,?,?
, Private,189484.39,?,10.067414,?,?,?, White,?,,,40.425713,?,?
,?,,?,,?,?,?,?,?,,,,?, <=50K
,?,,?,,?,?,?,?, Male,,,,?,?
,?,,?,,?,?,?,?, Male,,,, United-States,?
,?,,?,, Married-civ-spouse, Craft-repair,?, White,?,,,40.425713,?,?
,?,,?,,?,?,?,?,?,1082.9701,,,?,?
,?,, HS-grad,,?,?,?, White, Male,,,, United-States,?
,?,, HS-grad,,?,?,?,?, Male,,,,?,?
,?,,?,10.067414, Married-civ-spouse,?,?, White,?,,,, United-States,?
,?,,?,10.067414,?,?,?, White, Male,,,, United-States,?
, Private,189484.39,?,,?, Craft-repair,?, White,?,,,40.425713,?,?
38.579506,?,189484.39,?,, Married-civ-spouse,?,?, White,?,,,,?,?
38.579506,?,,?,10.067414,?,?,?,?,?,,,,?,?
38.579506,?,189484.39,?,10.067414,?,?, Husband, White,?,1082.9701,,, United-States,?
,?,189484.39,?,,?,?,?,?,?,,,,?,?
,?,189484.39, HS-grad,, Married-civ-spouse,?,?,?,?,,,,?,?
, Private,,?,10.067414, Married-civ-spouse,?,?,?,?,,,,?, <=50K
,?,, HS-grad,,?,?, Husband, White,?,,,,?,?
, Private,,?,10.067414, Married-civ-spouse,?,?, White, Male,,,,?,?
,?,,?,10.067414, Married-civ-spouse,?, Husband,?,?,,,, United-States,?
,?,189484.39,?,10.067414, Married-civ-spouse,?,?,?, Male,,,40.425713,?,?
,?,,?,,?,?,?,?,?,,,,?,?
,?,189484.39,?,,?, Craft-repair, Husband,?,?,1082.9701,,,?,?
,?,189484.39,?,10.067414, Married-civ-spouse,?,?,?, Male,1082.9701,87.670456,,?,?
38.579506,?,,?,,?,?,?,?,?,,,40.425713,?, <=50K
,?,,?,,?,?,?, White,?,,87.670456,,?,?
, Private,189484.39,?,,?, Craft-repair,?,?,?,,,40.425713,?, <=50K
,?,,?,,?,?,?,?,?,,,40.425713, United-States, <=50K
,?,,?,,?, Craft-repair,?,?, Male,,,, United-States,?
, Private,,?,,?,?,?,?,?,1082.9701,,,?,?
38.579506,?,,?,, Married-civ-spouse,?, Husband, White,?,1082.9701,,,?,?
38.579506, Private,,?,,?,?,?,?,?,,,,?,?
,?,,?,,?,?,?,?,?,,,,?,?
,?,,?,10.067414, Married-civ-spouse,?,?,?,?,1082.9701,87.670456,,?,?
38.579506,?,, HS-grad,,?,?,?,?,?,,,,?, <=50K
,?,, HS-grad,10.067414, Married-civ-spouse, Craft-repair, Husband,?,?,,,40.425713,?,?
,?,,?,10.067414,?,?, Husband,?, Male,,,40.425713, United-States, <=50K
,?,,?,,?,?,?,?,?,,,,?, <=50K
,?,,?,,?,?,?,?, Male,,,,?,?
,?,, HS-grad,10.067414,?, Craft-repair, Husband, White,?,,,,?, <=50K
,?,, HS-grad,,?,?,?,?, Male,,,,?,?
,?,,?,10.067414,?,?,?,?, Male,,,,?,?
,?,, HS-grad,,?,?,?,?,?,,,,?, <=50K
38.579506,?,189484.39,?,,?, Craft-repair,?,?,?,,87.670456,,?,?
,?,,?,,?,?,?,?,?,,87.670456,,?,?
,?,,?,,?,?,?,?,?,,,,?,?
,?,189484.39,?,10.067414, Married-civ-spouse,?,?, White,?,,,, United-States,?
,?,189484.39,?,,?,?,?,?,?,,,,?, <=50K
,?,,?,,?,?,?,?,?,,,,?,?
,?,, HS-grad,,?,?,?, White,?,,,,?,?
,?,,?,,?,?, Husband,?, Male,,,, United-States,?
,?,,?,,?,?,?,?,?,,87.670456,,?,?
,?,,?,,?,?,?,?,?,,,,?,?
,?,,?,,?,?,?,?,?,,,,?,?
,?,,?,,?,?,?, White,?,,,,?,?
,?,189484.39,?,,?,?,?,?,?,,,,?,?
38.579506, Private,,?,,?,?,?,?, Male,,,, United-States,?
,?,,?,,?,?,?,?,?,,,,?,?
,?,,?,,?,?,?,?,?,1082.9701,,,?,?
,?,,?,,?,?,?,?, Male,1082.9701,,,?,?
38.579506,?,189484.39,?,,?,?,?, White, Male,1082.9701,,,?,?
, Private,,?,,?,?,?,?,?,,,,?,?
,?,,?,,?,?,?,?,?,,,, United-States,?
,?,, HS-grad,10.067414, Married-civ-spouse,?,?,?,?,,,40.425713,?,?
,?,,?,,?,?,?,?,?,,,,?,?
38.579506, Private,,?,,?,?,?,?,?,,87.670456,40.425713,?,?
,?,189484.39,?,10.067414, Married-civ-spouse,?,?,?,?,,,40.425713, United-States,?
,?,,?,,?,?,?,?, Male,,,,?,?
, Private,189484.39,?,, Married-civ-spouse, Craft-repair,?,?,?,,,,?, <=50K
,?,, HS-grad,10.067414,?,?,?,?,?,,,,?,?
,?,,?,,?,?,?,?,?,,,40.425713, United-States,?
,?,,?,,?,?,?,?,?,,,,?,?
, Private,, HS-grad,,?, Craft-repair, Husband, White,?,,,, United-States,?
,?,, HS-grad,,?,?, Husband,?,?,,87.670456,40.425713,?,?
,?,189484.39,?,,?,?,?,?,?,,,,?,?
, Private,,?,, Married-civ-spouse,?,?,?,?,,,,?, <=50K
,?,, HS-grad,, Married-civ-spouse,?, Husband, White,?,,,,?,?
38.579506, Private,,?,,?,?,?,?,?,,87.670456,,?,?
38.579506,?,,?,,?,?, Husband,?,?,,,,?,?
, Private,189484.39,?,,?,?,?, White,?,,87.670456,,?,?
38.579506,?,,?,,?,?,?,?,?,1082.9701,,,?,?
38.579506,?,,?,10.067414,?,?,?,?,?,1082.9701,,,?, <=50K
, Private,,?,,?,?,?,?,?,1082.9701,,40.425713,?,?
,?,,?,10.067414,?,?,?, White,?,1082.9701,87.670456,,?,?
,?,189484.39, HS-grad,,?,?, Husband, White,?,,87.670456,, United-States,?
,?,, HS-grad,,?, Craft-repair, Husband,?,?,1082.9701,,40.425713, United-States,?
38.579506,?,189484.39,?,10.067414, Married-civ-spouse,?,?,?,?,,,, United-States,?
,?,,?,,?, Craft-repair,?,?,?,,,,?,?
, Private,, HS-grad,, Married-civ-spouse,?,?,?, Male,,,,?,?
38.579506, Private,,?,,?,?,?,?,?,,,,?,?
38.579506,?,,?,,?,?,?, White, Male,,,, United-States,?
38.579506,?,189484.39,?,,?,?, Husband,?, Male,,,,?,?
,?,,?,, Married-civ-spouse,?,?,?,?,,,,?,?
,?,,?,, Married-civ-spouse, Craft-repair,?,?,?,,,, United-States,?
,?,189484.39,?,,?,?, Husband,?, Male,,,,?, <=50K
,?,,?,,?, Craft-repair,?, White,?,,,, United-States,?
38.579506,?,189484.39,?,10.067414,?,?,?,?,?,,,,?,?
38.579506,?,189484.39,?,,?, Craft-repair,?,?,?,,,, United-States,?
,?,189484.39, HS-grad,,?,?,?,?,?,,,,?,?
,?,189484.39,?,,?,?,?,?,?,,87.670456,,?,?
, Private,189484.39,?,,?,?, Husband, White, Male,,,,?, <=50K
, Private,,?,10.067414, Married-civ-spouse,?,?, White,?,,,40.425713,?,?
,?,189484.39,?,10.067414, Married-civ-spouse,?,?,?, Male,1082.9701,,,?,?
,?,,?,, Married-civ-spouse,?,?,?,?,,,40.425713,?,?
,?,, HS-grad,,?,?,?,?, Male,1082.9701,,,?,?
38.579506,?,189484.39,?,,?,?,?,?,?,,,,?,?
, Private,, HS-grad,,?, Craft-repair,?,?,?,,,,?,?
,?,,?,,?,?,?,?,?,,,40.425713,?,?
,?,, HS-grad,,?,?,?,?,?,,,,?,?
,?,,?,,?, Craft-repair, Husband, White,?,,,, United-States,?
38.579506, Private,, HS-grad,10.067414,?,?, Husband,?,?,,,,?,?
, Private,,?,, Married-civ-spouse,?,?,?,?,1082.9701,,,?,?
, Private,,?,,?,?,?,?,?,,,40.425713,?,?
38.579506,?,,?,,?,?,?,?,?,,87.670456,,?, <=50K
,?,189484.39,?,,?, Craft-repair,?,?,?,,87.670456,,?,?
,?,,?,,?,?,?,?,?,,,,?,?
38.579506,?,189484.39, HS-grad,,?,?,?,?,?,,,,?,?
,?,,?,,?,?,?,?,?,1082.9701,,,?, <=50K
,?,,?,,?, Craft-repair,?,?,?,,,,?,?
,?,,?,,?, Craft-repair,?,?, Male,1082.9701,,,?,?
38.579506,?,, HS-grad,,?,?, Husband,?,?,,,,?,?
,?,, HS-grad,,?,?,?,?,?,,,,?,?
,?,,?,,?,?,?,?,?,,,40.425713,?,?
,?,189484.39,?,,?, Craft-repair,?, White,?,1082.9701,,,?,?
, Private,,?,,?,?,?,?,?,1082.9701,,,?,?
, Private,189484.39,?,10.067414,?,?, Husband,?, Male,,,, United-States,?
,?,189484.39,?,, Married-civ-spouse,?,?, White,?,1082.9701,87.670456,,?,?
,?,, HS-grad,10.067414,?,?,?,?,?,,,,?,?
,?,, HS-grad,,?, Craft-repair, Husband,?,?,,87.670456,,?, <=50K
,?,,?,,?,?,?,?,?,1082.9701,,40.425713,?, <=50K
,?,,?,,?,?,?,?,?,,87.670456,,?,?
,?,,?,,?,?,?,?,?,,,40.425713, United-States,?
,?,,?,,?, Craft-repair,?,?,?,,,,?,?
38.579506,?,, HS-grad,10.067414,?, Craft-repair,?, White, Male,,,,?, <=50K
,?,,?,,?,?,?,?,?,1082.9701,87.670456,40.425713,?, <=50K
,?,,?,10.067414, Married-civ-spouse,?, Husband,?,?,,,, United-States,?
,?,,?,,?, Craft-repair,?,?,?,1082.9701,,,?,?
,?,189484.39,?,, Married-civ-spouse, Craft-repair,?,?,?,,,, United-States,?
,?,,?,,?,?,?,?,?,,87.670456,40.425713,?,?
,?,189484.39,?,,?, Craft-repair,?,?,?,,,40.425713, United-States,?
,?,, HS-grad,,?,?,?,?,?,,,40.425713,?, <=50K
,?,, HS-grad,,?,?,?,?,?,,,,?,?
,?,189484.39,?,,?,?, Husband, White,?,1082.9701,,,?,?
,?,189484.39,?,, Married-civ-spouse, Craft-repair,?,?, Male,,87.670456,,?, <=50K
,?,,?,,?,?,?, White,?,,,, United-States,?
,?,189484.39,?,,?,?, Husband,?, Male,,,,?, <=50K
38.579506, Private,,?,,?,?,?,?,?,,,,?, <=50K
,?,, HS-grad,,?,?,?,?,?,1082.9701,87.670456,, United-States,?
, Private,,?,,?,?,?,?,?,,,,?, <=50K
,?,,?,, Married-civ-spouse,?,?,?,?,,,40.425713,?,?
, Private,189484.39, HS-grad,, Married-civ-spouse, Craft-repair,?,?,?,,,,?,?
,?,189484.39,?,10.067414,?,?, Husband,?,?,,87.670456,,?,?
38.579506,?,, HS-grad,10.067414, Married-civ-spouse,?,?,?,?,,,,?,?
,?,,?,, Married-civ-spouse,?,?,?,?,,,,?,?
38.579506, Private,,?,,?,?,?,?, Male,,,,?,?
38.579506, Private,,?,,?,?,?,?, Male,,,,?,?
38.579506, Private,, HS-grad,,?,?,?,?,?,,,,?, <=50K
38.579506,?,, HS-grad,,?, Craft-repair,?,?,?,,,,?,?
, Private,,?,10.067414,?,?, Husband,?,?,,,,?,?
,?,,?,,?,?,?,?,?,,,,?,?
,?,,?,, Married-civ-spouse, Craft-repair, Husband, White,?,,87.670456,, United-States, <=50K
,?,, HS-grad,,?,?, Husband,?,?,,,,?,?
, Private,,?,, Married-civ-spouse,?,?,?,?,,87.670456,,?,?
,?,,?,, Married-civ-spouse,?, Husband,?,?,1082.9701,,,?, <=50K
,?,,?,10.067414, Married-civ-spouse,?, Husband,?,?,1082.9701,87.670456,,?,?
,?,, HS-grad,10.067414,?,?,?,?,?,,,,?,?
,?,189484.39, HS-grad,,?,?,?,?,?,,,,?,?
,?,,?,,?,?, Husband,?,?,1082.9701,,,?,?
, Private,, HS-grad,,?, Craft-repair,?,?, Male,,,,?,?
38.579506,?,, HS-grad,, Married-civ-spouse,?, Husband,?, Male,,87.670456,,?,?
,?,,?,10.067414,?,?,?,?,?,,,,?,?
,?,,?,10.067414, Married-civ-spouse,?,?,?, Male,,,,?,?
,?,189484.39,?,10.067414,?,?,?, White,?,,,40.425713,?, <=50K
38.579506,?,, HS-grad,,?, Craft-repair,?,?,?,,,40.425713,?,?
,?,,?,10.067414,?, Craft-repair,?,?,?,,,,?,?
,?,,?,,?,?,?,?,?,1082.9701,,,?,?
, Private,,?,,?,?,?, White,?,,,40.425713,?, <=50K
,?,,?,, Married-civ-spouse, Craft-repair, Husband,?,?,1082.9701,,,?,?
38.579506,?,, HS-grad,,?,?, Husband,?,?,,87.670456,,?,?
38.579506,?,,?,10.067414,?,?,?,?,?,,,, United-States, <=50K
,?,,?,,?,?,?,?,?,,,40.425713,?,?
,?,,?,,?, Craft-repair, Husband,?, Male,,,40.425713,?,?
38.579506,?,,?,10.067414,?,?,?,?,?,1082.9701,,,?,?
, Private,,?,,?,?,?,?,?,,,,?,?
38.579506, Private,,?,10.067414,?,?, Husband,?, Male,,,,?,?
,?,,?,,?,?,?,?,?,,,,?,?
,?,189484.39,?,10.067414,?,?,?, White, Male,,,,?,?
,?,, HS-grad,,?,?,?,?,?,,,, United-States, <=50K
38.579506,?,,?,,?,?, Husband,?, Male,,,, United-States,?
38.579506,?,,?,,?,?, Husband,?,?,,,,?,?
,?,,?,,?,?,?,?, Male,,87.670456,,?,?
,?,, HS-grad,10.067414,?, Craft-repair,?,?,?,,,,?,?
38.579506,?,189484.39,?,,?,?, Husband,?,?,,,,?,?
38.579506,?,, HS-grad,,?,?,?,?,?,,,,?, <=50K
, Private,, HS-grad,10.067414,?,?,?,?,?,,,,?, <=50K
,?,189484.39,?,,?,?,?,?,?,1082.9701,,,?,?
,?,,?,,?,?,?,?,?,,,,?,?
,?,,?,, Married-civ-spouse,?,?, White, Male,,87.670456,,?,?
38.579506, Private,,?,,?,?,?,?,?,,,,?,?
,?,,?,,?, Craft-repair,?,?,?,,,,?, <=50K
,?,,?,,?,?,?,?,?,,,,?,?
,?,,?,, Married-civ-spouse,?,?,?,?,,87.670456,,?,?
,?,189484.39,?,,?,?,?,?, Male,1082.9701,,40.425713,?,?
,?,189484.39,?,10.067414,?,?,?, White, Male,,,40.425713,?,?
,?,,?,,?, Craft-repair,?,?, Male,,,,?,?
,?,,?,,?,?,?,?,?,,,40.425713,?,?
,?,189484.39, HS-grad,,?, Craft-repair,?,?,?,,,,?, <=50K
38.579506,?,,?,,?,?,?,?,?,,,40.425713,?,?
,?,,?,,?,?,?,?,?,,87.670456,, United-States,?
, Private,,?,,?,?,?,?,?,1082.9701,,, United-States,?
,?,,?,,?,?,?, White, Male,,87.670456,,?,?
,?,,?,,?,?, Husband,?, Male,,,, United-States,?
38.579506,?,, HS-grad,,?,?,?,?, Male,,,40.425713,?,?
,?,,?,10.067414,?,?,?, White,?,,,,?, <=50K
38.579506,?,189484.39, HS-grad,,?, Craft-repair, Husband,?, Male,,87.670456,40.425713,?,?
,?,,?,,?,?,?,?,?,,,, United-States,?
,?,,?,,?,?,?, White,?,1082.9701,,40.425713,?,?
, Private,,?,,?,?,?,?,?,,,,?,?
,?,,?,,?,?,?, White,?,,,,?,?
,?,,?,, Married-civ-spouse,?, Husband, White, Male,1082.9701,87.670456,,?,?
,?,,?,,?,?,?, White, Male,,,,?,?
,?,,?,10.067414, Married-civ-spouse,?,?,?,?,,,,?,?
,?,189484.39,?,,?,?, Husband,?,?,1082.9701,,,?,?
,?,,?,10.067414,?,?,?,?,?,,,, United-States,?
,?,,?,,?,?,?,?,?,,,,?,?
38.579506,?,,?,10.067414,?,?,?, White,?,,,,?,?
, Private,189484.39,?,10.067414, Married-civ-spouse,?,?,?,?,1082.9701,,,?, <=50K
,?,, HS-grad,10.067414,?,?, Husband, White,?,,,,?,?
,?,,?,10.067414,?,?,?, White,?,,87.670456,,?,?
,?,,?,,?, Craft-repair,?, White,?,1082.9701,,,?, <=50K
38.579506, Private,, HS-grad,10.067414, Married-civ-spouse, Craft-repair,?,?,?,,,40.425713,?,?
,?,, HS-grad,,?,?,?,?,?,,,, United-States,?
38.579506,?,189484.39,?,,?,?,?,?, Male,1082.9701,,, United-States, <=50K
,?,, HS-grad,, Married-civ-spouse,?,?, White,?,,,,?,?
38.579506,?,,?,10.067414, Married-civ-spouse, Craft-repair,?, White,?,,,,?,?
, Private,189484.39, HS-grad,,?,?,?,?, Male,,,,?,?
38.579506,?,,?,10.067414,?, Craft-repair,?,?,?,1082.9701,,,?,?
,?,, HS-grad,,?, Craft-repair, Husband,?, Male,,87.670456,,?,?
, Private,,?,,?, Craft-repair,?,?, Male,,,40.425713, United-States,?
38.579506,?,189484.39,?,,?,?,?,?,?,,,40.425713,?,?
,?,,?,10.067414,?,?,?,?,?,,87.670456,,?,?
,?,,?,, Married-civ-spouse,?,?,?,?,,,,?,?
,?,189484.39,?,,?,?, Husband,?,?,,,40.425713,?,?
, Private,189484.39,?,,?, Craft-repair,?,?, Male,,,,?,?
,?,,?,,?, Craft-repair,?,?,?,,,,?,?
,?,,?,,?,?,?,?,?,,,,?,?
,?,,?,, Married-civ-spouse,?,?,?,?,,,,?,?
,?,,?,,?,?, Husband,?,?,1082.9701,,,?,?
, Private,189484.39,?,10.067414,?,?, Husband,?, Male,,,,?,?
,?,189484.39,?,10.067414,?,?,?,?,?,,,, United-States,?
,?,,?,10.067414,?,?, Husband, White,?,,,,?,?
38.579506,?,,?,,?,?,?,?,?,,,40.425713,?, <=50K
,?,,?,, Married-civ-spouse, Craft-repair,?,?,?,,,,?,?
,?,,?,,?,?,?,?, Male,1082.9701,,,?,?
38.579506,?,,?,,?,?,?, White,?,,,,?,?
,?,,?,,?, Craft-repair,?, White,?,1082.9701,87.670456,, United-States,?
38.579506,?,, HS-grad,,?,?,?,?,?,,,, United-States,?
38.579506,?,189484.39,?,,?, Craft-repair,?,?,?,,,, United-States, <=50K
38.579506,?,,?,,?, Craft-repair,?,?,?,,87.670456,40.425713, United-States,?
, Private,,?,, Married-civ-spouse,?,?,?,?,1082.9701,87.670456,40.425713,?,?
38.579506, Private,,?,,?, Craft-repair, Husband,?,?,1082.9701,,,?,?
,?,,?,10.067414,?,?,?,?,?,,87.670456,,?,?
,?,189484.39,?,,?,?,?,?,?,,,40.425713, United-States,?
, Private,189484.39, HS-grad,,?,?,?,?,?,1082.9701,,,?, <=50K
,?,,?,,?,?,?,?,?,,87.670456,40.425713,?,?
,?,189484.39,?,, Married-civ-spouse,?,?,?,?,,,, United-States, <=50K
,?,189484.39, HS-grad,10.067414, Married-civ-spouse,?,?,?, Male,,,,?,?
, Private,, HS-grad,,?, Craft-repair,?,?,?,,,,?,?
38.579506,?,,?,10.067414,?,?,?,?,?,,,,?,?
,?,, HS-grad,10.067414,?,?,?,?,?,,87.670456,, United-States,?
,?,189484.39, HS-grad,,?,?, Husband,?,?,,,,?, <=50K
, Private,,?,,?,?, Husband,?,?,,,,?,?
,?,, HS-grad,10.067414,?,?,?,?,?,,,,?,?
38.579506,?,189484.39,?,,?, Craft-repair, Husband,?, Male,,,40.425713,?,?
,?,189484.39,?,,?,?,?,?,?,,,,?,?
, Private,,?,,?,?,?,?,?,,,,?,?
38.579506,?,, HS-grad,,?,?,?,?,?,,,,?,?
38.579506,?,189484.39, HS-grad,10.067414,?,?,?,?,?,1082.9701,87.670456,,?,?
, Private,189484.39,?,, Married-civ-spouse,?,?, White,?,1082.9701,,,?,?
, Private,,?,,?,?, Husband, White,?,,,,?,?
, Private,189484.39,?,,?,?,?,?, Male,1082.9701,,,?, <=50K
,?,,?,,?, Craft-repair,?,?,?,,,40.425713,?,?
,?,189484.39,?,10.067414, Married-civ-spouse, Craft-repair,?,?, Male,,,40.425713,?, <=50K
,?,,?,10.067414,?,?,?,?,?,1082.9701,,40.425713,?,?
38.579506,?,189484.39,?,,?,?,?,?,?,,,,?,?
,?,,?,10.067414,?,?,?, White,?,,,40.425713,?,?
,?,,?,, Married-civ-spouse,?,?,?,?,,87.670456,,?,?
,?,189484.39,?,10.067414,?,?,?,?,?,,,, United-States,?
,?,,?,,?,?,?, White,?,,,, United-States,?
,?,,?,, Married-civ-spouse,?,?,?,?,,,,?,?
,?,,?,,?,?,?,?,?,,,40.425713,?,?
,?,,?,,?, Craft-repair,?,?,?,,,,?,?
,?,189484.39,?,,?,?,?,?,?,1082.9701,,40.425713,?,?
,?,,?,, Married-civ-spouse,?, Husband,?,?,,,,?, <=50K
,?,,?,,?,?,?, White,?,,,,?,?
,?,189484.39,?,,?,?,?,?,?,,,,?, <=50K
,?,,?,,?,?,?,?,?,,87.670456,40.425713, United-States,?
,?,,?,,?,?, Husband,?,?,1082.9701,,, United-States,?
,?,, HS-grad,,?, Craft-repair,?,?,?,,,,?,?
38.579506,?,,?,,?,?, Husband, White,?,,,40.425713,?, <=50K
,?,,?,,?,?, Husband, White, Male,1082.9701,,40.425713, United-States, <=50K
,?,,?,,?,?,?,?,?,,,,?,?
,?,,?,10.067414,?,?, Husband,?,?,,,40.425713,?,?
,?,,?,,?,?, Husband, White,?,,87.670456,, United-States,?
,?,, HS-grad,10.067414, Married-civ-spouse,?,?,?, Male,,,,?,?
,?,,?,,?, Craft-repair,?,?,?,,,,?,?
,?,,?,10.067414, Married-civ-spouse, Craft-repair,?,?,?,,,40.425713,?,?
38.579506,?,, HS-grad,,?, Craft-repair,?,?,?,,,, United-States,?
,?,,?,, Married-civ-spouse,?,?,?, Male,,87.670456,, United-States,?
38.579506,?,189484.39,?,10.067414,?,?,?,?,?,,,40.425713,?, <=50K
,?,,?,10.067414,?,?,?, White,?,,,,?,?
,?,189484.39, HS-grad,,?,?,?, White,?,,,,?, <=50K
,?,189484.39,?,,?,?,?,?, Male,,87.670456,,?,?
,?,,?,, Married-civ-spouse,?, Husband,?,?,,,,?,?
38.579506, Private,,?,,?,?,?, White,?,,87.670456,,?,?
,?,,?,,?,?, Husband,?, Male,,,,?,?
,?,, HS-grad,,?,?,?,?,?,,,, United-States,?
38.579506,?,189484.39,?,,?,?,?,?, Male,,,,?,?
,?,189484.39,?,10.067414,?, Craft-repair,?, White,?,,,,?,?
,?,189484.39,?,10.067414, Married-civ-spouse,?,?,?,?,,,, United-States,?
,?,,?,,?,?,?,?,?,,,40.425713,?, <=50K
,?,189484.39, HS-grad,,?,?,?, White, Male,,,,?,?
,?,,?,,?, Craft-repair,?,?,?,,,40.425713,?, <=50K
,?,,?,,?, Craft-repair,?, White,?,,,, United-States,?
,?,189484.39,?,,?,?,?, White,?,,,,?,?
,?,,?,,?,?,?,?,?,,,,?, <=50K
,?,,?,,?,?,?,?,?,,,,?,?
, Private,, HS-grad,10.067414,?,?,?,?, Male,,,, United-States,?
38.579506,?,,?,,?, Craft-repair,?,?,?,,,,?,?
, Private,,?,,?,?,?, White,?,,,, United-States,?
,?,, HS-grad,10.067414, Married-civ-spouse,?,?,?,?,,,,?,?
, Private,,?,10.067414,?,?,?,?,?,,,, United-States,?
38.579506,?,,?,,?,?,?,?, Male,,,,?,?
,?,, HS-grad,,?,?,?,?,?,,,40.425713, United-States, <=50K
,?,,?,,?,?, Husband,?, Male,1082.9701,87.670456,, United-States,?
,?,, HS-grad,,?,?,?,?,?,,87.670456,, United-States,?
,?,189484.39,?,,?,?,?,?, Male,,87.670456,,?,?
38.579506,?,,?,,?,?,?,?, Male,,,,?,?
,?,,?,,?,?,?,?, Male,,87.670456,,?,?
,?,,?,,?,?,?, White,?,,,40.425713,?,?
, Private,, HS-grad,,?,?, Husband,?,?,,,40.425713,?,?
,?,,?,,?,?,?, White,?,,,,?,?
,?,,?,,?,?,?, White, Male,,,,?,?
,?,189484.39, HS-grad,,?,?,?,?,?,,,40.425713,?,?
38.579506,?,189484.39,?,,?,?,?,?,?,,,40.425713,?,?
,?,,?,,?,?, Husband,?,?,,87.670456,,?,?
38.579506,?,189484.39, HS-grad,,?,?,?, White,?,1082.9701,,,?, <=50K
38.579506,?,,?,10.067414,?,?,?,?,?,1082.9701,,,?,?
,?,,?,,?,?,?,?,?,,,,?,?
,?,,?,,?,?,?,?,?,,,,?, <=50K
,?,,?,,?,?,?, White, Male,1082.9701,,,?, <=50K
,?,,?,,?,?,?, White,?,,,40.425713,?,?
,?,, HS-grad,10.067414,?,?,?,?,?,,87.670456,40.425713,?,?
,?,, HS-grad,,?, Craft-repair,?, White, Male,,,, United-States,?
,?,189484.39,?,10.067414,?,?,?, White,?,,,,?, <=50K
,?,,?,,?, Craft-repair,?,?,?,1082.9701,,, United-States,?
,?,, HS-grad,, Married-civ-spouse,?,?,?,?,,,,?,?
38.579506,?,,?,,?,?,?,?, Male,,,, United-States,?
,?,,?,,?,?,?, White,?,,,, United-States, <=50K
,?,, HS-grad,, Married-civ-spouse, Craft-repair,?,?,?,,,,?,?
, Private,189484.39, HS-grad,10.067414,?,?,?,?, Male,,87.670456,,?,?
,?,,?,,?,?,?,?,?,,,,?,?
38.579506,?,189484.39,?,,?, Craft-repair, Husband, White,?,,,,?,?
, Private,,?,, Married-civ-spouse,?,?,?, Male,,,,?, <=50K
,?,,?,,?,?,?,?,?,,,,?,?
, Private,,?,,?,?,?,?,?,,,,?,?
,?,,?,,?,?,?,?,?,,,,?,?
,?,,?,10.067414,?,?,?,?,?,,,,?,?
,?,, HS-grad,,?,?,?,?,?,,,40.425713, United-States,?
, Private,, HS-grad,,?,?,?,?,?,1082.9701,,,?, <=50K
38.579506,?,,?,,?,?,?,?,?,1082.9701,,,?, <=50K
,?,, HS-grad,,?,?,?,?, Male,,,,?,?
,?,,?,,?,?,?, White, Male,1082.9701,,, United-States,?
,?,189484.39,?,,?,?,?,?,?,,,,?, <=50K
,?,189484.39, HS-grad,,?, Craft-repair,?, White,?,,,40.425713,?, <=50K
,?,,?,,?,?,?, White,?,,,,?,?
38.579506,?,, HS-grad,10.067414, Married-civ-spouse,?,?,?, Male,,,, United-States,?
,?,,?,, Married-civ-spouse, Craft-repair,?,?,?,,,,?,?
,?,,?,,?,?,?, White,?,,,,?,?
,?,,?,,?,?, Husband, White,?,,,, United-States,?
,?,,?,,?,?,?,?,?,1082.9701,,,?,?
,?,,?,,?,?,?,?,?,,,,?,?
38.579506, Private,,?,,?,?, Husband,?,?,,87.670456,, United-States,?
,?,,?,10.067414,?,?,?, White, Male,,,,?,?
,?,,?,10.067414,?,?, Husband, White,?,,,, United-States,?
,?,,?,,?, Craft-repair,?,?,?,,87.670456,40.425713,?,?
,?,,?,,?,?,?,?, Male,,,,?,?
,?,,?,,?,?,?, White,?,,,,?,?
, Private,,?,10.067414, Married-civ-spouse, Craft-repair,?,?,?,,,,?,?
,?,,?,,?,?,?,?,?,,,,?,?
38.579506,?,, HS-grad,,?,?,?,?,?,,,,?,?
,?,,?,,?,?,?,?, Male,,,,?,?
,?,,?,, Married-civ-spouse,?,?,?,?,,,40.425713, United-States,?
38.579506,?,,?,,?,?,?,?,?,1082.9701,,,?, <=50K
38.579506,?,,?,10.067414,?,?,?, White,?,,,, United-States,?
,?,189484.39,?,,?,?,?,?,?,,,,?,?
,?,,?,10.067414,?,?,?,?,?,,87.670456,40.425713,?,?
,?,,?,,?, Craft-repair,?, White, Male,,87.670456,,?,?
,?,,?,,?, Craft-repair,?, White, Male,,,40.425713,?, <=50K
, Private,,?,, Married-civ-spouse, Craft-repair, Husband, White,?,,,, United-States,?
,?,189484.39,?,,?,?,?, White,?,,,,?,?
,?,,?,, Married-civ-spouse, Craft-repair,?, White,?,,,40.425713, United-States,?
,?,,?,, Married-civ-spouse,?, Husband,?,?,1082.9701,,40.425713,?,?
38.579506,?,,?,,?, Craft-repair,?,?,?,,,,?,?
, Private,,?,,?, Craft-repair,?,?,?,,87.670456,,?,?
,?,, HS-grad,, Married-civ-spouse,?,?,?,?,1082.9701,,,?, <=50K
,?,,?,,?,?,?, White,?,,,,?,?
38.579506,?,,?,,?,?,?,?,?,,,,?,?
,?,,?,,?,?, Husband,?,?,,,,?,?
, Private,,?,10.067414,?,?,?, White, Male,,,, United-States,?
,?,189484.39,?,10.067414,?,?,?,?, Male,,87.670456,40.425713,?,?
,?,,?,,?,?,?, White,?,,,,?,?
,?,,?,,?,?,?,?,?,,,, United-States,?
38.579506,?,,?,,?,?,?,?, Male,,,,?,?
38.579506,?,,?,, Married-civ-spouse, Craft-repair,?,?,?,,,,?,?
38.579506,?,189484.39,?,,?, Craft-repair, Husband,?, Male,,,, United-States,?
,?,,?,, Married-civ-spouse,?,?,?,?,1082.9701,,, United-States,?
,?,189484.39, HS-grad,,?,?, Husband,?, Male,,,40.425713,?, <=50K
38.579506,?,,?,10.067414,?, Craft-repair, Husband, White,?,1082.9701,,,?,?
,?,,?,,?,?, Husband,?,?,,,,?,?
38.579506,?,,?,,?,?,?,?,?,,87.670456,, United-States,?
,?,189484.39, HS-grad,,?,?,?,?,?,1082.9701,,, United-States, <=50K
, Private,,?,,?,?,?,?,?,,,40.425713,?,?
,?,189484.39,?,,?,?, Husband,?,?,,87.670456,40.425713,?,?
,?,,?,10.067414, Married-civ-spouse,?, Husband,?,?,,,,?,?
,?,,?,,?,?,?,?,?,1082.9701,87.670456,,?, <=50K
, Private,,?,,?,?,?,?, Male,,,,?, <=50K
, Private,,?,,?,?,?,?,?,,87.670456,,?,?
,?,189484.39, HS-grad,10.067414,?,?,?,?,?,1082.9701,,,?,?
,?,, HS-grad,,?, Craft-repair,?, White,?,,,,?,?
38.579506,?,, HS-grad,, Married-civ-spouse,?,?,?,?,,,, United-States, <=50K
38.579506,?,,?,, Married-civ-spouse,?,?,?, Male,,,40.425713,?,?
,?,,?,10.067414,?,?, Husband,?,?,,,, United-States, <=50K
, Private,189484.39,?,10.067414,?,?,?,?, Male,,,40.425713,?,?
,?,189484.39,?,,?,?, Husband,?,?,,,,?,?
38.579506, Private,189484.39,?,,?, Craft-repair,?,?, Male,1082.9701,,40.425713, United-States,?
38.579506,?,,?,10.067414, Married-civ-spouse,?,?,?,?,1082.9701,87.670456,,?,?
38.579506,?,,?,,?,?,?,?,?,1082.9701,,,?,?
,?,189484.39,?,,?, Craft-repair,?,?,?,,,,?, <=50K
,?,,?,, Married-civ-spouse, Craft-repair,?, White,?,,,,?,?
,?,,?,,?, Craft-repair,?,?,?,1082.9701,,,?,?
, Private,,?,,?,?, Husband, White,?,,,, United-States,?
38.579506,?,,?,,?,?,?,?, Male,,,40.425713,?,?
,?,, HS-grad,, Married-civ-spouse,?,?,?,?,,87.670456,,?,?
38.579506,?,, HS-grad,,?, Craft-repair,?,?,?,,,, United-States,?
,?,,?,,?,?, Husband,?,?,,,,?,?
,?,,?,,?,?, Husband, White,?,,87.670456,,?,?
,?,,?,,?,?,?,?,?,,,, United-States,?
,?,,?,10.067414, Married-civ-spouse,?,?, White,?,1082.9701,,,?,?
,?,,?,, Married-civ-spouse,?,?,?,?,1082.9701,,, United-States,?
,?,189484.39,?,,?,?, Husband,?, Male,,,40.425713,?,?
38.579506,?,,?,10.067414,?, Craft-repair,?,?, Male,,87.670456,,?,?
38.579506,?,,?,,?,?, Husband, White, Male,,,,?,?
,?,,?,,?,?,?,?,?,,87.670456,, United-States,?
,?,,?,,?,?,?,?,?,,,40.425713,?,?
,?,,?,,?,?,?,?, Male,1082.9701,,40.425713,?, <=50K
,?,,?,,?,?,?,?,?,,87.670456,,?,?
,?,189484.39,?,,?,?,?,?,?,,87.670456,, United-States, <=50K
,?,,?,10.067414,?, Craft-repair,?,?,?,,,,?,?
38.579506,?,189484.39,?,,?,?,?,?,?,,,,?,?
,?,,?,10.067414, Married-civ-spouse,?, Husband,?, Male,,,40.425713, United-States,?
,?,,?,,?, Craft-repair,?,?, Male,,,40.425713,?, <=50K
,?,,?,, Married-civ-spouse,?, Husband, White,?,,,,?,?
,?,, HS-grad,,?,?,?,?,?,,,,?,?
, Private,,?,,?,?,?, White,?,,,,?,?
,?,,?,,?,?,?,?,?,,87.670456,,?,?
,?,, HS-grad,,?,?,?,?, Male,,,,?,?
,?,189484.39,?,,?,?, Husband,?,?,,,,?, <=50K
, Private,,?,10.067414, Married-civ-spouse, Craft-repair,?,?,?,,,,?,?
, Private,189484.39,?,,?,?,?,?, Male,,,,?,?
,?,189484.39,?,,?,?,?,?,?,,,,?,?
, Private,, HS-grad,10.067414,?,?, Husband, White,?,,87.670456,,?,?
38.579506,?,,?,, Married-civ-spouse,?,?, White, Male,,,40.425713,?,?
,?,,?,,?,?,?,?,?,,,, United-States,?
,?,,?,,?,?,?,?,?,,,,?,?
,?,,?,,?,?,?,?,?,,,40.425713,?,?
,?,189484.39,?,, Married-civ-spouse,?,?,?,?,,,,?,?
38.579506,?,189484.39,?,,?,?,?,?,?,,,,?,?
,?,,?,,?,?,?,?,?,,,,?,?
,?,,?,, Married-civ-spouse,?,?,?,?,,87.670456,,?,?
,?,,?,,?, Craft-repair,?,?,?,,,,?,?
,?,,?,10.067414,?,?,?,?,?,,87.670456,,?, <=50K
, Private,, HS-grad,,?,?,?,?,?,,,, United-States,?
,?,189484.39, HS-grad,,?,?,?, White, Male,,,,?,?
38.579506,?,189484.39,?,10.067414,?,?,?,?, Male,,,,?, <=50K
, Private,,?,,?,?,?,?, Male,,,,?,?
,?,,?,,?, Craft-repair, Husband,?,?,,,,?,?
,?,,?,,?,?,?, White,?,,,40.425713,?,?
, Private,189484.39,?,, Married-civ-spouse,?,?,?,?,,87.670456,, United-States,?
38.579506,?,, HS-grad,,?,?,?, White, Male,,,,?,?
, Private,,?,,?,?,?,?,?,,,, United-States,?
,?,189484.39,?,,?,?,?, White,?,,,,?, <=50K
38.579506,?,,?,, Married-civ-spouse, Craft-repair,?,?,?,,,, United-States,?
,?,,?,,?, Craft-repair,?,?, Male,,,,?,?
,?,,?,,?,?, Husband,?,?,,,,?, <=50K
,?,,?,,?,?,?,?,?,,87.670456,,?,?
,?,,?,,?, Craft-repair, Husband,?,?,,,, United-States, <=50K
38.579506,?,,?,,?,?,?,?,?,,,,?,?
, Private,,?,,?,?, Husband,?,?,1082.9701,87.670456,,?,?
,?,,?,,?,?,?,?,?,,,40.425713,?,?
,?,,?,10.067414, Married-civ-spouse, Craft-repair, Husband, White,?,,87.670456,40.425713,?, <=50K
,?,,?,,?,?,?,?,?,1082.9701,,,?,?
,?,,?,,?,?,?,?,?,,,,?,?
,?,,?,,?,?,?,?,?,,,,?,?
,?,, HS-grad,,?,?,?,?,?,,87.670456,,?,?
,?,189484.39,?,,?, Craft-repair,?,?,?,,,,?,?
, Private,,?,,?,?,?,?,?,1082.9701,,,?,?
,?,189484.39,?,, Married-civ-spouse,?,?,?,?,,,40.425713,?,?
,?,189484.39,?,,?,?,?, White,?,1082.9701,,,?,?
, Private,,?,,?, Craft-repair,?,?,?,,,,?,?
38.579506,?,,?,,?, Craft-repair,?,?,?,,87.670456,,?,?
,?,,?,10.067414,?,?,?,?,?,,,,?,?
,?,,?,,?, Craft-repair, Husband,?,?,,,,?,?
, Private,, HS-grad,,?,?, Husband, White, Male,,,,?,?
,?,,?,,?, Craft-repair,?,?,?,,87.670456,,?,?
,?,,?,,?,?,?,?,?,,,,?, <=50K
,?,,?,,?,?,?,?,?,,,,?,?
,?,, HS-grad,, Married-civ-spouse,?,?, White, Male,,,, United-States,?
, Private,,?,,?,?,?,?,?,,,,?,?
38.579506, Private,,?,,?,?,?,?,?,,,,?,?
,?,,?,10.067414, Married-civ-spouse,?,?,?,?,,,40.425713,?,?
,?,,?,10.067414, Married-civ-spouse,?,?,?,?,,,,?,?
38.579506,?,,?,, Married-civ-spouse, Craft-repair,?,?,?,,,40.425713,?,?
,?,189484.39, HS-grad,,?,?, Husband,?, Male,,87.670456,,?,?
38.579506,?,189484.39,?,, Married-civ-spouse,?,?,?,?,,,,?,?
,?,189484.39,?,, Married-civ-spouse,?,?,?,?,,,,?,?
,?,,?,,?,?,?, White,?,1082.9701,,,?,?
,?,,?,,?,?,?,?,?,,,,?,?
,?,,?,,?,?,?,?,?,,,40.425713, United-States,?
,?,,?,,?, Craft-repair,?,?, Male,1082.9701,,40.425713,?,?
,?,189484.39,?,,?,?,?, White, Male,,87.670456,,?,?
,?,189484.39,?,10.067414,?,?,?, White,?,1082.9701,,,?,?
,?,,?,,?, Craft-repair, Husband,?,?,,87.670456,40.425713, United-States,?
,?,189484.39,?,,?,?,?,?,?,,,,?,?
38.579506,?,,?,,?,?,?,?,?,,,40.425713, United-States,?
, Private,189484.39,?,10.067414,?, Craft-repair,?,?, Male,1082.9701,,,?,?
, Private,,?,, Married-civ-spouse,?,?, White,?,1082.9701,,,?,?
38.579506, Private,,?,,?,?,?,?,?,,,, United-States,?
38.579506,?,,?,,?, Craft-repair, Husband,?, Male,1082.9701,87.670456,,?,?
,?,,?,, Married-civ-spouse,?,?,?,?,,,,?, <=50K
38.579506,?,,?,,?,?,?,?,?,,,40.425713, United-States,?
,?,189484.39,?,, Married-civ-spouse,?,?,?,?,,,40.425713,?,?
, Private,,?,, Married-civ-spouse,?,?, White,?,1082.9701,,,?,?
,?,,?,,?,?,?, White, Male,,,,?,?
,?,, HS-grad,10.067414, Married-civ-spouse,?,?,?,?,,,,?,?
,?,, HS-grad,,?,?, Husband,?,?,,,,?,?
,?,,?,,?, Craft-repair, Husband,?,?,,,, United-States, <=50K
, Private,, HS-grad,,?,?, Husband,?,?,,,,?,?
,?,, HS-grad,,?, Craft-repair,?,?,?,,,, United-States,?
38.579506,?,,?,,?,?,?,?,?,,,,?,?
, Private,,?,,?,?,?,?,?,,,,?,?
38.579506, Private,,?,10.067414,?, Craft-repair,?,?,?,,,,?,?
,?,189484.39,?,,?, Craft-repair,?, White,?,,,40.425713,?, <=50K
,?,, HS-grad,,?,?,?,?,?,,,,?,?
38.579506,?,, HS-grad,10.067414,?,?,?,?,?,1082.9701,,,?,?
, Private,,?,, Married-civ-spouse, Craft-repair, Husband,?,?,,87.670456,40.425713, United-States,?
,?,189484.39,?,, Married-civ-spouse, Craft-repair,?,?, Male,,,40.425713,?,?
,?,,?,,?, Craft-repair,?,?, Male,1082.9701,,,?, <=50K
,?,,?,10.067414,?,?, Husband, White,?,,87.670456,,?,?
,?,,?,,?,?,?,?,?,1082.9701,87.670456,,?,?
,?,, HS-grad,,?,?,?,?,?,1082.9701,,40.425713,?,?
38.579506, Private,,?,,?,?,?,?, Male,,,40.425713,?,?
,?,,?,,?,?,?,?,?,,,,?,?
38.579506, Private,189484.39,?,,?, Craft-repair,?, White, Male,,,40.425713,?,?
,?,,?,,?,?,?,?,?,,87.670456,, United-States,?
, Private,,?,,?,?, Husband,?,?,,,,?, <=50K
,?,,?,, Married-civ-spouse,?,?,?,?,,87.670456,,?,?
,?,,?,,?,?,?,?,?,,,40.425713,?,?
,?,,?,,?,?,?, White, Male,,,,?,?
,?,,?,10.067414,?,?,?,?, Male,,,,?,?
38.579506, Private,189484.39,?,,?,?,?,?,?,,87.670456,,?,?
,?,189484.39,?,, Married-civ-spouse, Craft-repair,?,?,?,,,,?,?
,?,,?,,?,?,?,?, Male,1082.9701,,40.425713, United-States, <=50K
,?,,?,,?,?,?,?,?,,87.670456,,?,?
,?,189484.39,?,,?,?,?, White,?,,,, United-States,?
,?,, HS-grad,,?,?,?,?,?,,87.670456,40.425713,?,?
38.579506,?,,?,,?,?,?,?,?,,,,?, <=50K
,?,,?,,?,?,?,?,?,1082.9701,87.670456,,?, <=50K
,?,,?,,?,?,?,?,?,,,40.425713,?,?
, Private,,?,10.067414,?,?,?,?,?,,,,?,?
,?,189484.39,?,,?, Craft-repair,?,?,?,,,, United-States, <=50K
,?,,?,,?, Craft-repair,?,?,?,,,, United-States,?
, Private,,?,10.067414,?,?,?,?,?,,,, United-States,?
38.579506,?,189484.39,?,,?,?,?,?, Male,1082.9701,,40.425713,?,?
, Private,189484.39,?,,?,?,?, White,?,,,, United-States,?
38.579506, Private,,?,, Married-civ-spouse,?,?,?,?,,,40.425713,?,?
,?,,?,, Married-civ-spouse,?,?,?,?,1082.9701,,,?,?
, Private,,?,10.067414,?,?,?,?,?,,87.670456,,?,?
, Private,189484.39, HS-grad,10.067414, Married-civ-spouse,?,?,?,?,,,, United-States,?
,?,,?,,?, Craft-repair,?,?,?,,,,?,?
,?,,?,,?,?, Husband, White,?,,,,?,?
,?,, HS-grad,,?,?,?,?,?,,,,?,?
,?,, HS-grad,, Married-civ-spouse,?,?,?,?,,87.670456,,?,?
,?,189484.39,?,,?, Craft-repair,?,?,?,,,40.425713,?,?
, Private,, HS-grad,,?, Craft-repair,?, White,?,,,,?,?
,?,,?,, Married-civ-spouse, Craft-repair,?,?,?,,,,?,?
,?,,?,,?,?,?,?,?,,,,?,?
38.579506,?,,?,,?, Craft-repair,?,?,?,,87.670456,,?,?
38.579506,?,,?,,?, Craft-repair,?, White,?,,,,?,?
, Private,,?,,?,?, Husband,?,?,,,,?,?
, Private,,?,,?, Craft-repair,?,?,?,,,,?,?
38.579506,?,,?,,?,?,?, White,?,,,,?,?
38.579506,?,,?,,?,?,?,?,?,,,, United-States,?
,?,, HS-grad,,?,?,?,?,?,,,,?, <=50K
,?,,?,10.067414,?,?,?,?,?,1082.9701,,, United-States,?
,?,189484.39,?,,?,?,?,?,?,,87.670456,,?,?
,?,,?,,?,?, Husband,?,?,1082.9701,,,?,?
, Private,,?,, Married-civ-spouse,?, Husband, White,?,,,,?, <=50K
, Private,, HS-grad,10.067414,?,?,?,?,?,,,40.425713,?,?
,?,, HS-grad,,?,?, Husband,?,?,,87.670456,,?, <=50K
,?,,?,, Married-civ-spouse,?,?,?,?,1082.9701,87.670456,,?,?
38.579506,?,,?,, Married-civ-spouse, Craft-repair,?,?,?,,,,?,?
,?,,?,,?,?,?,?,?,1082.9701,,,?,?
,?,,?,, Married-civ-spouse,?,?,?,?,,,,?,?
,?,,?,,?,?,?, White,?,1082.9701,,,?,?
,?,,?,10.067414,?,?, Husband,?,?,,,, United-States,?
,?,,?,, Married-civ-spouse,?,?,?,?,,87.670456,40.425713,?,?
, Private,,?,,?, Craft-repair,?,?, Male,,,,?,?
,?,,?,,?,?,?,?,?,1082.9701,87.670456,,?,?
,?,,?,, Married-civ-spouse,?,?,?,?,1082.9701,87.670456,,?,?
38.579506,?,189484.39, HS-grad,, Married-civ-spouse,?,?,?, Male,,87.670456,40.425713,?,?
,?,,?,,?,?,?,?,?,,,,?,?
,?,,?,,?,?,?,?,?,,,40.425713,?,?
38.579506,?,,?,10.067414,?,?,?,?,?,,,, United-States,?
38.579506, Private,189484.39,?,10.067414,?,?,?, White,?,,,40.425713,?,?
,?,,?,, Married-civ-spouse,?,?,?,?,,,40.425713,?,?
,?,,?,,?,?,?,?,?,,,,?,?
,?,,?,10.067414,?,?,?,?,?,1082.9701,,, United-States, <=50K
,?,,?,,?,?,?, White,?,,,,?, <=50K
,?,, HS-grad,,?,?,?,?,?,,,,?, <=50K
, Private,189484.39,?,,?,?,?, White, Male,,,40.425713,?,?
,?,, HS-grad,,?,?,?,?,?,,,,?,?
,?,,?,,?,?,?,?,?,1082.9701,,40.425713,?, <=50K
,?,,?,, Married-civ-spouse, Craft-repair,?,?,?,,87.670456,40.425713,?,?
38.579506,?,189484.39,?,,?,?, Husband,?,?,,,40.425713,?,?
,?,,?,10.067414,?,?,?, White,?,,,,?,?
, Private,,?,,?,?,?, White,?,,87.670456,, United-States, <=50K
, Private,,?,, Married-civ-spouse,?,?,?,?,1082.9701,,40.425713,?,?
, Private,,?,, Married-civ-spouse,?,?,?,?,1082.9701,87.670456,,?,?
, Private,,?,,?,?,?, White,?,,,,?,?
,?,,?,,?,?,?,?,?,,,40.425713,?, <=50K
38.579506,?,, HS-grad,, Married-civ-spouse,?, Husband, White,?,,87.670456,,?,?
,?,,?,10.067414,?,?,?, White,?,,,40.425713,?,?
,?,,?,,?,?,?,?, Male,,,40.425713, United-States,?
,?,,?,10.067414,?,?,?,?,?,,,,?,?
,?,,?,,?, Craft-repair,?,?,?,1082.9701,,40.425713,?,?
38.579506,?,, HS-grad,10.067414,?,?,?,?,?,1082.9701,,40.425713,?,?
,?,,?,,?,?,?,?,?,,,,?,?
,?,,?,, Married-civ-spouse,?,?,?,?,,,, United-States,?
,?,,?,, Married-civ-spouse,?,?,?, Male,,87.670456,40.425713,?,?
38.579506,?,189484.39,?,,?,?,?,?,?,1082.9701,,40.425713, United-States,?
,?,,?,,?,?,?,?,?,1082.9701,,,?,?
38.579506,?,189484.39,?,,?,?,?,?, Male,,,,?,?
, Private,,?,,?,?,?,?,?,,,,?,?
,?,, HS-grad,10.067414,?,?,?,?,?,,,,?, <=50K
,?,,?,,?,?,?,?, Male,,87.670456,40.425713, United-States,?
,?,189484.39,?,10.067414, Married-civ-spouse, Craft-repair,?, White,?,,,40.425713, United-States, <=50K
, Private,189484.39,?,10.067414,?, Craft-repair, Husband,?,?,,,,?,?
, Private,,?,, Married-civ-spouse, Craft-repair,?,?,?,,,,?,?
, Private,189484.39,?,,?, Craft-repair, Husband,?, Male,,,, United-States,?
38.579506,?,189484.39,?,,?,?,?,?,?,1082.9701,,,?,?
38.579506,?,,?,10.067414,?,?,?,?,?,1082.9701,87.670456,40.425713,?,?
,?,,?,,?,?,?,?, Male,,,,?,?
,?,,?,10.067414, Married-civ-spouse,?,?,?,?,,,,?,?
,?,189484.39,?,,?,?,?,?,?,,87.670456,,?, <=50K
38.579506,?,,?,,?, Craft-repair,?,?,?,,87.670456,,?, <=50K
,?,189484.39,?,,?,?,?,?,?,,,,?,?
,?,,?,,?,?,?, White, Male,1082.9701,87.670456,, United-States,?
,?,, HS-grad,10.067414,?,?,?,?,?,,,,?,?
,?,189484.39,?,10.067414,?,?,?,?,?,,,,?, <=50K
, Private,, HS-grad,,?,?,?, White,?,,87.670456,40.425713,?,?
,?,,?,,?,?,?,?,?,,,, United-States,?
,?,, HS-grad,,?, Craft-repair,?,?,?,,87.670456,40.425713, United-States,?
,?,, HS-grad,10.067414,?,?,?,?,?,,,40.425713,?, <=50K
,?,,?,,?,?,?,?,?,,,,?, <=50K
, Private,,?,,?,?,?,?,?,,,,?,?
, Private,,?,,?,?,?,?,?,,,40.425713,?,?
,?,,?,,?,?,?,?,?,1082.9701,,40.425713, United-States, <=50K
, Private,,?,,?,?,?, White,?,,,, United-States,?
,?,,?,10.067414, Married-civ-spouse,?,?,?,?,,87.670456,,?, <=50K
,?,,?,,?,?,?,?,?,1082.9701,,, United-States,?
, Private,,?,10.067414,?,?,?,?,?,,,,?,?
,?,,?,,?,?,?, White,?,,,40.425713, United-States,?
,?,,?,,?,?,?,?,?,,,, United-States,?
,?,,?,,?, Craft-repair,?, White, Male,,,40.425713,?, <=50K
,?,,?,,?,?,?,?,?,,,,?,?
38.579506,?,,?,,?,?,?,?,?,,87.670456,, United-States,?
38.579506,?,,?,,?,?,?,?,?,,,,?, <=50K
,?,,?,10.067414, Married-civ-spouse, Craft-repair,?,?,?,,,, United-States,?
38.579506,?,189484.39,?,,?,?,?,?,?,,,, United-States,?
,?,,?,, Married-civ-spouse,?,?, White, Male,,,,?, <=50K
,?,,?,, Married-civ-spouse, Craft-repair,?, White,?,,,,?,?
,?,, HS-grad,, Married-civ-spouse,?,?,?,?,1082.9701,,, United-States,?
, Private,,?,,?,?,?, White,?,1082.9701,,,?,?
, Private,,?,,?,?,?,?,?,,,,?,?
,?,,?,,?,?, Husband, White,?,,,, United-States,?
,?,,?,,?,?,?,?,?,1082.9701,,40.425713,?, <=50K
,?,,?,, Married-civ-spouse,?,?,?,?,,,, United-States,?
,?,189484.39, HS-grad,10.067414, Married-civ-spouse,?, Husband,?,?,,87.670456,, United-States,?
38.579506,?,,?,,?,?,?,?, Male,,,,?,?
, Private,,?,, Married-civ-spouse,?,?,?,?,1082.9701,,,?,?
,?,, HS-grad,, Married-civ-spouse,?,?,?, Male,,,,?,?
,?,,?,,?,?,?,?,?,,,40.425713,?,?
,?,,?,,?, Craft-repair,?,?,?,,,40.425713,?, <=50K
,?,189484.39,?,,?, Craft-repair, Husband,?, Male,,87.670456,, United-States,?
, Private,,?,,?,?, Husband,?, Male,,,,?,?
,?,,?,, Married-civ-spouse,?,?, White,?,,,,?,?
,?,, HS-grad,, Married-civ-spouse,?,?,?,?,,,40.425713,?, <=50K
,?,189484.39,?,,?,?,?,?,?,,87.670456,,?,?
38.579506,?,,?,,?, Craft-repair,?,?, Male,,,40.425713, United-States, <=50K
,?,189484.39,?,,?, Craft-repair,?,?, Male,,87.670456,40.425713,?,?
, Private,,?,,?,?,?, White,?,1082.9701,,, United-States, <=50K
,?,,?,10.067414,?, Craft-repair,?, White, Male,,,,?,?
,?,,?,, Married-civ-spouse, Craft-repair,?,?,?,,87.670456,,?,?
,?,,?,,?,?,?,?,?,,,40.425713,?,?
,?,, HS-grad,, Married-civ-spouse,?,?,?,?,,,,?,?
,?,189484.39,?,10.067414, Married-civ-spouse,?, Husband,?,?,,,,?, <=50K
38.579506,?,189484.39, HS-grad,,?,?,?,?,?,,87.670456,,?,?
,?,,?,10.067414,?,?,?,?,?,,,,?,?
,?,,?,, Married-civ-spouse,?,?,?,?,1082.9701,,40.425713,?, <=50K
,?,,?,, Married-civ-spouse,?,?,?,?,,,,?,?
, Private,,?,,?,?,?,?,?,,,, United-States, <=50K
,?,,?,,?,?,?, White, Male,,,, United-States,?
, Private,,?,,?,?,?,?,?,,,,?, <=50K
,?,189484.39,?,,?,?,?,?, Male,1082.9701,,,?,?
,?,,?,10.067414,?,?,?,?,?,,87.670456,, United-States,?
,?,189484.39,?,,?,?,?,?,?,,,,?,?
,?,,?,,?,?,?,?,?,,,40.425713,?,?
,?,, HS-grad,,?, Craft-repair, Husband,?, Male,,87.670456,,?,?
,?,,?,,?,?, Husband, White,?,,,,?,?
, Private,,?,10.067414,?,?,?,?,?,,,,?, <=50K
, Private,, HS-grad,, Married-civ-spouse,?,?,?,?,,,40.425713,?, <=50K
,?,,?,,?, Craft-repair,?, White,?,1082.9701,,,?,?
, Private,,?,, Married-civ-spouse, Craft-repair,?,?, Male,,,,?,?
,?,,?,,?,?, Husband,?,?,,,40.425713,?, <=50K
,?,,?,,?,?,?,?,?,,,,?,?
,?,, HS-grad,,?,?,?,?,?,,,,?,?
,?,,?,,?,?,?,?,?,,,,?, <=50K
,?,189484.39,?,10.067414,?,?,?,?,?,1082.9701,,, United-States,?
, Private,189484.39, HS-grad,, Married-civ-spouse,?,?, White,?,,,,?,?
,?,,?,,?,?,?,?,?,,,,?, <=50K
,?,,?,,?,?,?,?,?,,,, United-States,?
38.579506,?,,?,,?, Craft-repair,?,?, Male,,,,?,?
,?,, HS-grad,,?,?, Husband,?,?,1082.9701,,,?,?
38.579506, Private,189484.39,?,,?,?, Husband,?,?,,,,?,?
,?,,?,, Married-civ-spouse,?, Husband,?, Male,1082.9701,,, United-States,?
, Private,,?,,?, Craft-repair, Husband,?,?,1082.9701,,, United-States,?
38.579506, Private,,?,,?,?,?,?, Male,,,,?,?
, Private,,?,,?,?,?,?,?,1082.9701,,40.425713,?, <=50K
38.579506,?,,?,10.067414,?, Craft-repair, Husband,?,?,,,, United-States,?
, Private,,?,10.067414,?,?,?, White,?,,87.670456,,?,?
,?,,?,,?,?,?, White,?,,,,?, <=50K
38.579506, Private,,?,,?, Craft-repair,?,?, Male,,,,?,?
, Private,,?,,?,?, Husband,?,?,,,40.425713,?,?
,?,, HS-grad,10.067414,?, Craft-repair,?,?, Male,,,,?,?
,?,189484.39,?,, Married-civ-spouse,?, Husband,?, Male,,,,?,?
,?,,?,,?,?,?,?,?,,,,?,?
38.579506, Private,, HS-grad,10.067414,?,?,?,?,?,,,40.425713,?,?
, Private,, HS-grad,,?,?,?,?,?,,87.670456,,?, <=50K
,?,,?,, Married-civ-spouse,?,?,?,?,1082.9701,,, United-States,?
, Private,,?,,?,?,?,?,?,,,,?,?
,?,,?,,?,?,?, White, Male,,,,?, <=50K
,?,,?,10.067414,?,?,?,?,?,,,40.425713,?,?
,?,,?,,?,?,?,?, Male,,,,?,?
, Private,,?,,?,?,?,?,?,,,,?,?
,?,189484.39,?,, Married-civ-spouse, Craft-repair,?,?,?,,,,?,?
,?,189484.39,?,,?,?,?,?,?,,,40.425713,?,?
,?,, HS-grad,,?,?,?,?,?,,87.670456,40.425713,?,?
,?,189484.39, HS-grad,,?,?,?,?, Male,,87.670456,,?,?
38.579506,?,, HS-grad,, Married-civ-spouse, Craft-repair, Husband,?,?,,,,?,?
, Private,,?,10.067414,?,?,?,?,?,1082.9701,87.670456,, United-States,?
,?,,?,,?,?, Husband, White, Male,1082.9701,,, United-States,?
38.579506,?,,?,,?,?,?,?,?,,87.670456,40.425713,?,?
,?,,?,,?, Craft-repair, Husband, White,?,1082.9701,,, United-States,?
, Private,,?,,?,?,?,?,?,,,,?,?
,?,,?,,?,?, Husband, White,?,1082.9701,,,?,?
, Private,,?,,?,?,?,?,?,,,,?,?
, Private,,?,,?,?,?,?, Male,1082.9701,,,?,?
,?,,?,,?,?,?,?,?,,87.670456,,?,?
, Private,,?,,?,?, Husband,?,?,1082.9701,87.670456,,?,?
38.579506,?,, HS-grad,, Married-civ-spouse,?,?, White, Male,1082.9701,,,?, <=50K
,?,189484.39,?,,?,?,?, White,?,,,40.425713,?,?
,?,, HS-grad,,?,?,?, White,?,,,,?,?
,?,,?,,?,?,?, White, Male,,,,?,?
,?,,?,,?, Craft-repair,?,?,?,,,,?,?
, Private,,?,,?,?, Husband,?,?,,,,?,?
,?,189484.39, HS-grad,,?, Craft-repair,?, White,?,,87.670456,, United-States,?
38.579506,?,189484.39,?,,?,?,?,?,?,1082.9701,,,?,?
,?,189484.39,?,, Married-civ-spouse,?,?,?,?,,,,?,?
,?,,?,,?,?,?,?,?,,,,?, <=50K
,?,,?,, Married-civ-spouse,?,?,?,?,1082.9701,,40.425713,?,?
,?,,?,,?,?,?,?, Male,1082.9701,,,?,?
,?,, HS-grad,, Married-civ-spouse,?,?, White,?,,,40.425713,?,?
,?,,?,,?,?,?,?,?,,,40.425713,?,?
, Private,,?,,?,?, Husband,?, Male,1082.9701,,,?,?
,?,,?,,?,?, Husband,?,?,,87.670456,40.425713,?,?
, Private,189484.39, HS-grad,,?,?,?,?, Male,,,,?,?
,?,,?,,?,?,?,?,?,,87.670456,, United-States,?
,?,, HS-grad,, Married-civ-spouse,?,?,?,?,,,,?,?
,?,,?,,?,?,?, White,?,,87.670456,,?,?
,?,,?,10.067414,?,?,?,?,?,,,,?,?
, Private,, HS-grad,,?,?,?,?,?,,,,?, <=50K
,?,189484.39,?,,?,?,?,?,?,,,, United-States,?
, Private,,?,,?,?,?,?,?,,87.670456,,?, <=50K
38.579506,?,,?,10.067414,?,?,?,?,?,,,40.425713,?,?
38.579506,?,,?,,?, Craft-repair,?,?, Male,,,,?,?
, Private,,?,,?,?,?,?,?,,,,?, <=50K
,?,,?,,?,?, Husband,?, Male,,87.670456,, United-States, <=50K
,?,,?,,?,?,?,?,?,,,,?, <=50K
38.579506,?,,?,,?, Craft-repair,?,?,?,,87.670456,,?,?
, Private,,?,,?,?,?,?, Male,1082.9701,,,?,?
38.579506,?,, HS-grad,,?, Craft-repair,?,?,?,,,40.425713,?,?
,?,,?,, Married-civ-spouse,?, Husband,?,?,,87.670456,,?,?
,?,,?,, Married-civ-spouse,?,?,?,?,,,,?,?
38.579506,?,189484.39, HS-grad,,?, Craft-repair,?,?,?,,,,?,?
, Private,,?,, Married-civ-spouse, Craft-repair,?,?,?,,,, United-States,?
,?,,?,10.067414,?,?,?,?,?,,,,?,?
, Private,,?,,?,?,?,?,?,,,,?,?
,?,189484.39,?,10.067414,?,?,?,?,?,,,40.425713,?,?
, Private,189484.39,?,,?,?,?, White,?,1082.9701,87.670456,,?,?
,?,,?,,?,?, Husband,?,?,,,40.425713,?,?
, Private,, HS-grad,10.067414,?,?, Husband, White,?,,87.670456,40.425713,?,?
,?,189484.39,?,10.067414, Married-civ-spouse,?,?,?,?,,,,?,?
38.579506,?,189484.39,?,,?,?, Husband, White,?,,,40.425713,?,?
,?,, HS-grad,10.067414, Married-civ-spouse,?,?,?,?,,,, United-States,?
,?,189484.39, HS-grad,, Married-civ-spouse, Craft-repair,?,?,?,,,40.425713,?, <=50K
,?,,?,,?, Craft-repair,?,?,?,,87.670456,,?, <=50K
,?,, HS-grad,,?,?,?,?,?,1082.9701,,,?,?
, Private,,?,,?,?,?,?,?,,,,?,?
,?,,?,10.067414,?,?, Husband,?, Male,,87.670456,, United-States,?
38.579506,?,,?,,?,?,?,?,?,,,, United-States,?
,?,,?,,?,?,?,?,?,1082.9701,,, United-States, <=50K
,?,,?,,?,?,?,?,?,,,,?,?
,?,,?,,?,?,?,?,?,,87.670456,,?,?
, Private,, HS-grad,, Married-civ-spouse,?, Husband,?,?,,87.670456,,?,?
,?,,?,,?,?, Husband,?,?,,,, United-States,?
, Private,189484.39,?,10.067414, Married-civ-spouse,?, Husband,?,?,1082.9701,87.670456,,?,?
, Private,,?,10.067414,?,?, Husband,?,?,,87.670456,40.425713,?, <=50K
,?,,?,10.067414,?, Craft-repair, Husband,?,?,,,,?, <=50K
,?,,?,10.067414,?,?,?,?, Male,,,,?,?
,?,, HS-grad,10.067414,?,?,?,?,?,,,,?,?
,?,189484.39,?,10.067414,?,?,?,?,?,,,,?,?
,?,,?,10.067414,?,?,?, White,?,,87.670456,,?, <=50K
,?,,?,, Married-civ-spouse,?,?, White,?,,,,?,?
,?,,?,, Married-civ-spouse,?, Husband,?, Male,1082.9701,,,?,?
38.579506,?,189484.39, HS-grad,,?, Craft-repair,?,?,?,,87.670456,,?,?
,?,189484.39,?,, Married-civ-spouse, Craft-repair,?,?,?,1082.9701,,, United-States,?
,?,,?,,?,?,?,?, Male,,,,?,?
38.579506,?,,?,,?,?,?, White,?,1082.9701,,,?,?
, Private,,?,,?,?,?,?, Male,,,,?,?
,?,,?,, Married-civ-spouse,?, Husband,?,?,,,,?,?
,?,,?,, Married-civ-spouse, Craft-repair,?,?, Male,,87.670456,,?, <=50K
,?,,?,,?,?,?,?, Male,,,,?,?
38.579506, Private,,?,,?,?,?,?,?,,87.670456,40.425713,?,?
, Private,, HS-grad,,?,?,?,?,?,,87.670456,,?,?
,?,,?,10.067414,?, Craft-repair,?,?,?,,87.670456,,?,?
, Private,,?,, Married-civ-spouse,?, Husband, White,?,,,, United-States,?
38.579506,?,189484.39, HS-grad,,?,?,?,?,?,,,40.425713,?,?
,?,, HS-grad,10.067414, Married-civ-spouse, Craft-repair,?, White,?,1082.9701,87.670456,40.425713,?,?
38.579506, Private,189484.39,?,,?,?,?,?, Male,1082.9701,,,?, <=50K
,?,,?,,?,?,?,?, Male,1082.9701,,,?,?
,?,189484.39,?,,?,?,?,?,?,1082.9701,,40.425713,?,?
38.579506,?,189484.39,?,,?,?,?, White,?,,87.670456,,?, <=50K
38.579506,?,189484.39,?,,?,?,?, White,?,,,,?,?
,?,189484.39,?,,?,?,?,?,?,,,, United-States,?
38.579506,?,,?,,?,?,?, White,?,1082.9701,,,?,?
,?,189484.39,?,, Married-civ-spouse, Craft-repair,?,?,?,,,40.425713,?,?
38.579506,?,189484.39,?,,?,?,?,?,?,,87.670456,,?,?
,?,,?,,?,?,?, White,?,,,40.425713,?,?
38.579506,?,,?,10.067414,?,?, Husband,?, Male,,,,?, <=50K
, Private,189484.39,?,, Married-civ-spouse,?, Husband, White,?,,,,?, <=50K
,?,, HS-grad,,?,?,?,?,?,1082.9701,,, United-States,?
38.579506, Private,189484.39,?,, Married-civ-spouse,?,?,?,?,,,,?,?
,?,,?,,?, Craft-repair,?, White,?,,,,?, <=50K
,?,189484.39,?,, Married-civ-spouse,?,?, White, Male,,,,?, <=50K
,?,, HS-grad,,?,?, Husband, White,?,,,,?,?
,?,, HS-grad,,?,?,?,?,?,1082.9701,,,?,?
,?,,?,,?, Craft-repair,?, White,?,,,,?,?
,?,,?,,?,?,?,?,?,,,40.425713,?,?
, Private,,?,,?,?,?,?,?,1082.9701,,40.425713,?,?
, Private,, HS-grad,, Married-civ-spouse,?,?,?,?,,,,?,?
38.579506,?,,?,10.067414,?,?, Husband,?,?,,87.670456,, United-States, <=50K
,?,,?,,?, Craft-repair,?,?,?,,87.670456,,?,?
,?,,?,,?, Craft-repair,?,?,?,,,,?, <=50K
,?,189484.39,?,,?,?,?,?,?,1082.9701,,,?,?
,?,,?,,?,?,?,?,?,,,, United-States, <=50K
,?,189484.39,?,,?, Craft-repair,?, White,?,,87.670456,,?, <=50K
,?,,?,10.067414,?,?,?,?,?,,,,?,?
38.579506, Private,, HS-grad,,?, Craft-repair,?,?,?,,,40.425713,?,?
,?,,?,10.067414,?,?,?, White,?,1082.9701,,, United-States,?
,?,,?,10.067414,?,?,?,?, Male,,,,?,?
,?,,?,,?,?,?, White,?,,,,?,?
,?,,?,10.067414,?,?,?, White,?,1082.9701,,40.425713,?,?
, Private,189484.39,?,,?,?,?,?, Male,,87.670456,,?,?
, Private,,?,,?,?,?, White,?,,,,?,?
,?,,?,,?,?,?,?,?,,,40.425713,?,?
,?,, HS-grad,,?, Craft-repair,?,?,?,,,,?,?
38.579506, Private,,?,,?, Craft-repair,?,?, Male,,,,?,?
,?,,?,10.067414,?,?,?,?,?,,87.670456,, United-States, <=50K
,?,,?,10.067414,?,?,?,?, Male,,,,?,?
,?,, HS-grad,, Married-civ-spouse, Craft-repair,?,?,?,,,, United-States,?
,?,, HS-grad,,?, Craft-repair, Husband, White,?,1082.9701,,,?,?
,?,,?,,?,?,?, White,?,,87.670456,40.425713,?,?
,?,,?,10.067414,?,?, Husband, White,?,,87.670456,40.425713,?, <=50K
, Private,189484.39,?,, Married-civ-spouse,?, Husband, White,?,,87.670456,,?,?
, Private,189484.39,?,10.067414,?,?,?,?,?,,,40.425713,?, <=50K
,?,,?,10.067414,?,?,?,?,?,,,,?,?
,?,189484.39,?,10.067414,?,?,?,?,?,,,,?, <=50K
,?,,?,,?,?, Husband, White,?,,,, United-States, <=50K
,?,, HS-grad,10.067414,?,?,?,?,?,,,40.425713,?,?
,?,, HS-grad,10.067414,?,?,?,?,?,,,,?,?
38.579506, Private,189484.39,?,, Married-civ-spouse,?,?,?,?,,,, United-States, <=50K
,?,189484.39,?,, Married-civ-spouse, Craft-repair,?,?,?,,87.670456,,?, <=50K
,?,,?,10.067414,?, Craft-repair, Husband,?,?,1082.9701,,,?,?
, Private,,?,, Married-civ-spouse, Craft-repair,?, White,?,,,,?,?
38.579506,?,,?,,?,?,?,?, Male,,,40.425713,?,?
,?,, HS-grad,10.067414,?,?,?,?, Male,,,40.425713, United-States, <=50K
38.579506,?,189484.39,?,,?, Craft-repair,?,?, Male,,87.670456,,?,?
,?,,?,,?,?, Husband, White,?,,,,?,?
,?,,?,,?,?, Husband,?,?,,87.670456,,?, <=50K
, Private,,?,, Married-civ-spouse,?,?,?,?,1082.9701,87.670456,,?, <=50K
38.579506,?,,?,,?,?, Husband,?, Male,,,40.425713,?,?
,?,,?,10.067414,?, Craft-repair,?,?,?,1082.9701,,,?,?
, Private,,?,,?,?,?,?,?,,,,?,?
,?,,?,,?,?,?, White, Male,,,,?, <=50K
,?,189484.39,?,10.067414, Married-civ-spouse,?, Husband,?,?,1082.9701,87.670456,,?,?
,?,,?,,?,?,?,?,?,,,40.425713,?,?
38.579506,?,,?,,?, Craft-repair,?,?,?,,,,?,?
,?,,?,10.067414,?,?, Husband, White, Male,,87.670456,,?, <=50K
38.579506,?,,?,, Married-civ-spouse,?, Husband,?,?,,,,?, <=50K
,?,,?,,?, Craft-repair, Husband,?,?,1082.9701,87.670456,,?,?
,?,189484.39,?,10.067414,?,?, Husband,?, Male,,,40.425713,?, <=50K
, Private,,?,, Married-civ-spouse,?,?,?,?,1082.9701,87.670456,40.425713,?,?
,?,189484.39,?,,?, Craft-repair,?, White,?,,87.670456,,?,?
38.579506,?,,?,,?,?,?,?,?,,,,?,?
38.579506,?,,?,,?,?,?,?,?,,87.670456,,?,?
,?,189484.39,?,10.067414,?, Craft-repair,?,?,?,,,,?,?
,?,189484.39,?,,?,?, Husband,?,?,,,,?,?
,?,, HS-grad,,?,?, Husband, White, Male,,,, United-States,?
,?,,?,, Married-civ-spouse,?, Husband,?,?,,,40.425713,?, <=50K
,?,,?,, Married-civ-spouse, Craft-repair,?,?, Male,,87.670456,, United-States,?
38.579506,?,,?,10.067414,?,?, Husband, White,?,,,40.425713,?, <=50K
,?,,?,,?,?,?,?, Male,,87.670456,,?,?
,?,,?,,?,?, Husband, White,?,1082.9701,87.670456,, United-States,?
,?,189484.39,?,, Married-civ-spouse,?,?,?,?,,87.670456,,?,?
,?,,?,,?,?,?,?,?,1082.9701,,,?,?
,?,189484.39,?,,?,?,?,?, Male,,,,?,?
, Private,,?,10.067414,?,?,?,?,?,,87.670456,,?, <=50K
,?,,?,, Married-civ-spouse,?,?,?,?,,,40.425713,?,?
,?,,?,,?,?,?,?,?,,87.670456,,?,?
38.579506,?,, HS-grad,,?, Craft-repair, Husband,?,?,,,40.425713, United-States,?
,?,189484.39,?,,?,?,?,?,?,1082.9701,,,?, <=50K
38.579506, Private,,?,,?,?,?,?,?,,,,?,?
,?,,?,,?,?,?,?,?,,,,?, <=50K
,?,,?,,?, Craft-repair,?,?, Male,,,40.425713,?,?
,?,,?,10.067414,?,?,?, White,?,1082.9701,,,?,?
,?,,?,10.067414,?,?,?,?, Male,,,,?,?
,?,,?,,?,?,?,?,?,,,,?,?
, Private,189484.39,?,,?,?,?,?,?,1082.9701,,,?,?
, Private,,?,, Married-civ-spouse,?,?,?,?,,,,?,?
,?,189484.39, HS-grad,,?,?,?,?,?,1082.9701,,,?, <=50K
38.579506,?,, HS-grad,10.067414, Married-civ-spouse,?,?,?, Male,1082.9701,,40.425713, United-States,?
,?,189484.39,?,,?, Craft-repair,?,?,?,,,40.425713,?,?
,?,,?,, Married-civ-spouse,?,?,?,?,,,,?,?
,?,189484.39,?,,?,?,?,?,?,1082.9701,87.670456,,?,?
38.579506,?,,?,,?, Craft-repair,?,?, Male,,,, United-States, <=50K
, Private,,?,,?, Craft-repair,?,?,?,,87.670456,,?,?
,?,,?,,?,?, Husband,?,?,1082.9701,,,?,?
,?,,?,, Married-civ-spouse,?,?, White, Male,,,, United-States,?
38.579506,?,189484.39,?,,?,?,?,?,?,,,,?,?
, Private,,?,10.067414,?,?,?,?,?,1082.9701,,40.425713,?,?
,?,, HS-grad,,?, Craft-repair, Husband,?,?,,,,?, <=50K
,?,,?,,?,?, Husband,?, Male,,87.670456,,?,?
,?,,?,,?,?,?,?,?,,87.670456,, United-States,?
,?,,?,,?,?,?,?,?,,87.670456,,?,?
, Private,,?,, Married-civ-spouse,?,?,?,?,1082.9701,,,?,?
,?,,?,, Married-civ-spouse,?,?,?,?,,87.670456,,?,?
,?,,?,, Married-civ-spouse,?,?, White,?,,87.670456,,?,?
38.579506,?,189484.39,?,,?, Craft-repair,?,?,?,,87.670456,,?,?
38.579506,?,189484.39,?,,?,?,?,?,?,,,, United-States,?
,?,, HS-grad,10.067414, Married-civ-spouse, Craft-repair,?,?,?,1082.9701,87.670456,40.425713,?,?
, Private,,?,, Married-civ-spouse,?,?,?,?,,,,?, <=50K
38.579506,?,,?,,?,?,?,?,?,,,40.425713, United-States,?
,?,189484.39, HS-grad,,?,?,?,?,?,1082.9701,87.670456,40.425713, United-States,?
,?,,?,,?,?,?,?,?,,,,?,?
,?,189484.39,?,,?,?,?,?,?,,,40.425713, United-States,?
, Private,189484.39,?,10.067414,?,?,?,?,?,1082.9701,,,?,?
,?,189484.39, HS-grad,,?, Craft-repair,?,?,?,,,,?,?
,?,,?,,?,?,?,?,?,,,,?,?
,?,189484.39,?,10.067414,?,?,?,?,?,,,,?,?
38.579506,?,, HS-grad,, Married-civ-spouse,?,?,?,?,1082.9701,87.670456,40.425713,?,?
,?,,?,,?,?,?,?, Male,,,,?,?
38.579506,?,, HS-grad,,?,?,?,?,?,,87.670456,40.425713,?, <=50K
38.579506,?,,?,,?,?,?,?,?,,87.670456,, United-States,?
,?,,?,,?,?, Husband,?,?,,87.670456,,?, <=50K
,?,,?,10.067414, Married-civ-spouse,?,?,?,?,1082.9701,,,?, <=50K
,?,,?,,?, Craft-repair,?,?,?,,,,?,?
,?,, HS-grad,, Married-civ-spouse,?,?,?,?,,,,?,?
,?,,?,,?,?,?,?,?,,,,?,?
,?,189484.39, HS-grad,10.067414,?,?,?, White,?,,,40.425713,?,?
,?,,?,10.067414,?,?,?,?,?,,,, United-States, <=50K
, Private,189484.39,?,,?,?,?,?,?,,,,?,?
,?,189484.39,?,,?,?,?,?,?,,,,?, <=50K
38.579506,?,,?,,?,?,?,?, Male,1082.9701,,,?,?
, Private,,?,,?,?,?,?, Male,,,,?,?
,?,189484.39,?,10.067414,?,?,?, White,?,,,, United-States,?
,?,,?,,?,?,?,?, Male,,87.670456,, United-States, <=50K
, Private,,?,10.067414,?, Craft-repair,?, White,?,,87.670456,,?,?
,?,,?,, Married-civ-spouse,?,?,?,?,1082.9701,,, United-States,?
,?,,?,,?,?,?,?,?,,,,?,?
, Private,189484.39,?,,?,?,?,?,?,,,,?, <=50K
38.579506,?,,?,,?,?,?, White,?,,87.670456,, United-States,?
,?,,?,,?,?,?,?, Male,1082.9701,,,?,?
,?,189484.39,?,, Married-civ-spouse,?,?,?,?,,87.670456,40.425713,?,?
,?,,?,, Married-civ-spouse,?,?, White,?,,,,?, <=50K
,?,,?,10.067414,?, Craft-repair,?,?,?,,,,?,?
38.579506,?,, HS-grad,,?,?,?,?,?,,,,?,?
,?,,?,,?,?,?,?, Male,1082.9701,,,?,?
,?,189484.39,?,, Married-civ-spouse,?,?,?,?,,87.670456,,?, <=50K
38.579506,?,,?,,?, Craft-repair,?,?, Male,,,,?,?
,?,,?,10.067414,?,?, Husband, White,?,,,,?,?
,?,189484.39,?,,?,?,?,?, Male,,87.670456,, United-States, <=50K
38.579506,?,,?,,?,?,?,?,?,,,,?,?
, Private,,?,,?, Craft-repair,?, White, Male,1082.9701,87.670456,,?,?
,?,,?,,?,?,?, White,?,,87.670456,40.425713,?,?
,?,,?,, Married-civ-spouse,?,?,?,?,,,,?,?
38.579506,?,,?,,?,?,?,?,?,1082.9701,87.670456,,?,?
38.579506,?,,?,,?,?,?,?,?,,87.670456,40.425713, United-States,?
, Private,,?,,?,?, Husband,?,?,,87.670456,, United-States,?
,?,,?,, Married-civ-spouse,?,?,?,?,,87.670456,,?,?
38.579506, Private,189484.39,?,,?,?,?,?,?,,87.670456,,?,?
,?,, HS-grad,,?, Craft-repair,?,?,?,,87.670456,, United-States,?
,?,189484.39,?,, Married-civ-spouse,?,?, White,?,1082.9701,,,?,?
, Private,189484.39,?,10.067414, Married-civ-spouse,?, Husband,?,?,,,,?,?
,?,,?,,?, Craft-repair,?,?, Male,,,,?,?
,?,,?,,?,?, Husband,?,?,,,,?,?
,?,, HS-grad,,?, Craft-repair,?,?,?,1082.9701,,40.425713,?,?
,?,, HS-grad,10.067414, Married-civ-spouse,?,?,?,?,,,,?,?
38.579506,?,,?,,?,?,?,?, Male,,,,?,?
,?,,?,, Married-civ-spouse, Craft-repair, Husband,?,?,,,40.425713,?,?
, Private,,?,,?,?,?,?,?,,87.670456,,?,?
,?,,?,,?, Craft-repair,?,?, Male,,,,?,?
,?,189484.39,?,,?,?,?,?,?,,,,?,?
,?,,?,,?,?,?,?, Male,1082.9701,,,?,?
,?,,?,,?, Craft-repair, Husband, White,?,1082.9701,87.670456,40.425713,?,?
,?,, HS-grad,10.067414,?,?, Husband,?,?,1082.9701,,,?, <=50K
38.579506,?,,?,,?,?,?,?,?,,,,?,?
,?,, HS-grad,,?,?, Husband,?, Male,,,,?,?
38.579506,?,,?,10.067414,?,?,?,?,?,1082.9701,,40.425713,?,?
,?,,?,, Married-civ-spouse,?,?,?,?,,,,?, <=50K
38.579506,?,,?,10.067414,?,?,?,?, Male,,,,?,?
,?,,?,,?,?,?,?,?,,,40.425713,?,?
,?,, HS-grad,,?,?,?,?, Male,,,, United-States,?
38.579506,?,,?,,?, Craft-repair,?,?,?,1082.9701,,,?,?
, Private,,?,10.067414,?,?,?, White, Male,,,,?,?
,?,,?,,?, Craft-repair,?, White,?,1082.9701,,,?, <=50K
,?,,?,10.067414, Married-civ-spouse,?, Husband,?,?,,87.670456,,?,?
,?,,?,10.067414, Married-civ-spouse,?, Husband,?, Male,,,, United-States,?
38.579506,?,,?,,?,?, Husband,?,?,1082.9701,87.670456,,?,?
,?,,?,,?,?,?, White,?,,87.670456,,?,?
,?,,?,, Married-civ-spouse,?,?,?,?,,,, United-States,?
,?,,?,,?,?, Husband,?,?,,,,?,?
, Private,,?,10.067414,?,?,?,?,?,,,,?,?
,?,,?,,?,?, Husband,?,?,,,,?,?
38.579506,?,,?,,?, Craft-repair,?,?, Male,1082.9701,,,?,?
,?,,?,, Married-civ-spouse,?,?,?,?,,,, United-States, <=50K
,?,,?,, Married-civ-spouse,?,?,?,?,1082.9701,,,?,?
, Private,,?,10.067414,?,?,?,?,?,,,,?,?
38.579506,?,, HS-grad,10.067414,?,?,?,?,?,,,,?, <=50K
,?,,?,, Married-civ-spouse,?,?,?, Male,1082.9701,,, United-States,?
,?,, HS-grad,,?,?,?,?,?,,,,?,?
38.579506, Private,,?,,?, Craft-repair,?,?,?,,,,?,?
, Private,,?,, Married-civ-spouse,?,?,?, Male,,,40.425713, United-States,?
, Private,189484.39,?,,?,?, Husband,?,?,,,,?, <=50K
,?,189484.39,?,,?,?, Husband, White,?,,87.670456,,?, <=50K
,?,,?,,?,?,?, White,?,,,,?, <=50K
38.579506,?,,?,,?,?, Husband, White, Male,,87.670456,40.425713,?,?
, Private,189484.39,?,,?,?,?,?,?,,,40.425713, United-States,?
, Private,,?,,?, Craft-repair,?,?,?,,,40.425713,?, <=50K
,?,, HS-grad,10.067414,?,?,?,?, Male,,87.670456,,?,?
, Private,,?,,?,?, Husband,?,?,,,40.425713,?,?
,?,, HS-grad,,?,?,?,?,?,1082.9701,87.670456,,?, <=50K
38.579506,?,,?,, Married-civ-spouse,?,?,?,?,,,,?,?
,?,189484.39,?,,?,?,?, White, Male,,87.670456,, United-States, <=50K
,?,189484.39,?,,?,?,?,?,?,,,40.425713,?,?
,?,189484.39,?,,?,?,?,?,?,,,,?,?
,?,,?,,?,?,?, White,?,,87.670456,,?,?
,?,,?,, Married-civ-spouse,?,?,?,?,,,, United-States,?
,?,,?,,?,?,?,?,?,,,, United-States,?
,?,189484.39,?,10.067414,?,?, Husband,?, Male,,,,?,?
, Private,,?,, Married-civ-spouse,?,?,?,?,,,,?,?
, Private,,?,,?,?, Husband, White,?,,87.670456,40.425713,?,?
38.579506,?,,?,10.067414,?,?,?,?, Male,,87.670456,,?,?
,?,,?,, Married-civ-spouse,?,?,?,?,,,,?,?
38.579506,?,189484.39, HS-grad,, Married-civ-spouse,?,?,?, Male,,,,?, <=50K
38.579506,?,189484.39,?,,?, Craft-repair,?, White,?,,,,?,?
38.579506,?,,?,10.067414,?,?,?,?,?,,,,?, <=50K
,?,,?,,?,?,?,?,?,,,, United-States,?
,?,,?,,?,?,?,?,?,,,,?,?
,?,, HS-grad,,?,?,?,?,?,,,, United-States,?
,?,,?,,?, Craft-repair,?,?,?,1082.9701,,,?,?
,?,,?,, Married-civ-spouse,?,?,?, Male,,87.670456,,?,?
, Private,189484.39,?,10.067414,?,?,?,?,?,,,, United-States, <=50K
38.579506,?,189484.39,?,, Married-civ-spouse,?, Husband,?,?,1082.9701,,,?,?
, Private,,?,,?,?,?,?,?,,87.670456,40.425713,?,?
,?,,?,10.067414, Married-civ-spouse,?,?,?,?,,87.670456,,?,?
38.579506,?,189484.39,?,,?,?,?,?,?,,87.670456,40.425713,?, <=50K
38.579506,?,,?,,?,?,?,?,?,,,, United-States,?
38.579506,?,,?,,?,?,?,?,?,1082.9701,87.670456,, United-States,?
38.579506,?,,?,,?,?, Husband,?,?,,,,?,?
,?,189484.39,?,, Married-civ-spouse,?,?,?,?,1082.9701,,,?,?
38.579506,?,, HS-grad,,?,?,?, White,?,,,,?,?
,?,,?,,?,?,?,?, Male,1082.9701,,40.425713,?,?
,?,,?,,?,?, Husband,?,?,1082.9701,,40.425713, United-States,?
,?,,?,,?,?, Husband, White,?,,,,?,?
,?,189484.39,?,,?, Craft-repair,?,?,?,1082.9701,87.670456,,?,?
38.579506,?,,?,,?, Craft-repair, Husband, White,?,,87.670456,,?,?
,?,, HS-grad,,?,?, Husband,?,?,,87.670456,,?,?
,?,189484.39,?,,?,?,?, White,?,,,40.425713,?,?
,?,,?,,?,?, Husband, White,?,,,,?,?
38.579506, Private,,?,,?,?,?,?,?,,,,?,?
,?,,?,,?,?,?,?,?,,,, United-States,?
, Private,189484.39, HS-grad,,?,?, Husband,?, Male,,,,?,?
38.579506,?,, HS-grad,, Married-civ-spouse,?,?, White,?,,,,?,?
,?,,?,10.067414,?,?,?,?, Male,1082.9701,87.670456,,?,?
,?,,?,,?,?,?,?,?,,,,?,?
38.579506,?,,?,,?,?,?,?, Male,,,40.425713,?,?
,?,,?,10.067414,?,?,?, White,?,1082.9701,,,?,?
, Private,, HS-grad,,?, Craft-repair,?, White,?,,,,?,?
,?,189484.39,?,,?,?, Husband, White,?,,87.670456,,?, <=50K
,?,,?,,?,?,?,?, Male,,,,?, <=50K
,?,,?,, Married-civ-spouse,?,?,?,?,,,40.425713,?,?
38.579506,?,,?,,?,?, Husband,?,?,1082.9701,,40.425713,?,?
,?,, HS-grad,,?,?, Husband,?,?,,,,?,?
,?,,?,,?,?,?,?,?,1082.9701,,40.425713,?, <=50K
38.579506,?,189484.39,?,,?,?,?,?,?,,,,?,?
, Private,,?,,?,?, Husband,?, Male,,87.670456,,?,?
, Private,,?,10.067414,?,?,?,?,?,,87.670456,40.425713,?,?
38.579506, Private,,?,,?,?,?, White,?,1082.9701,87.670456,,?,?
,?,,?,,?,?,?,?,?,,,,?,?
, Private,189484.39,?,10.067414,?,?, Husband, White,?,,,40.425713,?,?
,?,,?,,?,?,?,?,?,,,,?,?
,?,189484.39,?,,?,?, Husband,?,?,1082.9701,,, United-States,?
, Private,,?,,?,?,?,?, Male,,87.670456,,?, <=50K
,?,189484.39, HS-grad,,?, Craft-repair,?,?,?,,,, United-States,?
,?,, HS-grad,,?,?,?,?,?,,,,?,?
,?,,?,,?,?,?,?,?,1082.9701,87.670456,,?,?
, Private,,?,,?,?,?,?,?,,,40.425713, United-States, <=50K
, Private,189484.39,?,,?,?, Husband, White,?,,,,?,?
,?,189484.39,?,10.067414,?,?,?,?,?,,87.670456,,?, <=50K
,?,, HS-grad,,?, Craft-repair,?,?,?,,,, United-States,?
,?,,?,, Married-civ-spouse,?,?,?, Male,,,,?,?
,?,189484.39, HS-grad,10.067414, Married-civ-spouse,?,?,?, Male,,,,?,?
,?,,?,, Married-civ-spouse,?,?,?,?,,,40.425713,?,?
38.579506, Private,,?,,?, Craft-repair,?,?,?,,,,?,?
,?,,?,,?,?,?,?,?,,,,?,?
,?,,?,,?,?,?,?,?,1082.9701,87.670456,,?,?
,?,, HS-grad,, Married-civ-spouse, Craft-repair,?,?,?,,,,?,?
,?,,?,,?, Craft-repair,?,?,?,,,40.425713,?,?
,?,,?,, Married-civ-spouse,?,?,?,?,,87.670456,, United-States,?
,?,189484.39,?,,?,?,?,?,?,,,40.425713,?,?
,?,,?,,?,?,?, White,?,,87.670456,40.425713,?,?
,?,,?,, Married-civ-spouse,?,?,?,?,,,40.425713,?,?
,?,,?,,?, Craft-repair,?,?,?,1082.9701,,40.425713,?,?
, Private,189484.39,?,10.067414,?,?,?, White, Male,,,,?,?
,?,189484.39,?,, Married-civ-spouse,?,?,?,?,,,,?,?
,?,, HS-grad,,?,?,?,?,?,,,,?,?
, Private,,?,,?,?,?, White,?,1082.9701,,40.425713, United-States, <=50K
,?,189484.39,?,, Married-civ-spouse,?,?,?,?,,,,?,?
,?,,?,,?,?,?,?,?,,,,?, <=50K
,?,, HS-grad,,?,?,?,?,?,1082.9701,,,?,?
,?,189484.39, HS-grad,, Married-civ-spouse,?,?,?,?,,87.670456,,?,?
,?,, HS-grad,,?,?,?,?,?,,87.670456,,?,?
,?,,?,,?,?,?,?,?,1082.9701,87.670456,40.425713, United-States,?
,?,,?,,?,?,?,?,?,1082.9701,,,?,?
38.579506,?,,?,, Married-civ-spouse,?, Husband,?,?,,87.670456,,?, <=50K
, Private,,?,10.067414,?,?,?,?, Male,1082.9701,87.670456,,?,?
38.579506,?,189484.39,?,,?,?,?, White,?,,,, United-States,?
,?,189484.39,?,,?, Craft-repair,?, White,?,,,,?,?
, Private,, HS-grad,,?,?,?, White,?,1082.9701,87.670456,40.425713, United-States,?
,?,, HS-grad,, Married-civ-spouse,?,?,?,?,,,,?,?
38.579506,?,,?,,?,?,?,?,?,,,,?,?
,?,,?,,?,?,?,?,?,,,,?,?
,?,, HS-grad,, Married-civ-spouse, Craft-repair,?, White,?,1082.9701,,,?,?
,?,,?,,?,?,?,?,?,1082.9701,,,?, <=50K
,?,,?,, Married-civ-spouse, Craft-repair,?,?,?,,,,?,?
, Private,,?,10.067414,?,?,?,?,?,1082.9701,,40.425713,?,?
38.579506,?,, HS-grad,10.067414,?,?,?,?,?,,,, United-States,?
,?,, HS-grad,,?, Craft-repair,?,?,?,,,,?,?
,?,,?,10.067414, Married-civ-spouse,?,?, White,?,,87.670456,,?, <=50K
,?,,?,, Married-civ-spouse,?,?,?,?,,,,?,?
,?,, HS-grad,,?,?,?,?, Male,1082.9701,,,?,?
,?,,?,,?,?,?,?, Male,,,,?,?
,?,,?,10.067414,?,?,?, White,?,,,,?,?
,?,,?,,?,?,?,?,?,,,, United-States, <=50K
,?,, HS-grad,,?,?,?,?,?,,,40.425713, United-States,?
,?,,?,,?,?,?,?,?,,,40.425713,?,?
38.579506, Private,,?,,?,?,?,?,?,,,, United-States,?
38.579506,?,,?,,?,?,?,?,?,1082.9701,,,?,?
,?,,?,10.067414,?,?,?,?,?,,,,?,?
,?,, HS-grad,,?, Craft-repair,?,?, Male,,87.670456,,?, <=50K
,?,,?,,?, Craft-repair,?,?,?,,,,?,?
, Private,189484.39,?,10.067414,?,?,?, White, Male,,87.670456,,?,?
,?,,?,,?,?,?,?, Male,1082.9701,,,?,?
38.579506,?,189484.39, HS-grad,,?,?,?,?,?,,87.670456,,?,?
, Private,,?,,?,?,?,?,?,,,40.425713,?,?
,?,,?,, Married-civ-spouse, Craft-repair,?,?,?,,,,?,?
38.579506, Private,189484.39,?,,?,?,?, White,?,,,,?,?
,?,,?,10.067414, Married-civ-spouse,?,?,?,?,,87.670456,,?,?
,?,, HS-grad,,?,?, Husband, White,?,1082.9701,,,?,?
38.579506,?,, HS-grad,, Married-civ-spouse,?, Husband,?,?,,87.670456,,?,?
,?,,?,,?,?,?,?,?,1082.9701,,,?,?
,?,,?,,?,?,?, White,?,,,,?,?
38.579506,?,,?,,?,?, Husband,?,?,,,40.425713,?,?
,?,,?,, Married-civ-spouse,?,?,?,?,1082.9701,,40.425713,?,?
,?,,?,,?, Craft-repair,?,?,?,,,, United-States,?
,?,,?,,?,?, Husband,?,?,,,,?,?
,?,,?,,?,?,?,?,?,,87.670456,, United-States,?
,?,189484.39,?,10.067414, Married-civ-spouse,?, Husband,?,?,,,,?,?
,?,,?,,?,?,?,?,?,1082.9701,87.670456,,?,?
,?,,?,10.067414, Married-civ-spouse,?, Husband,?,?,,,,?,?
,?,, HS-grad,, Married-civ-spouse,?,?, White,?,,,40.425713,?,?
,?,,?,,?,?,?,?,?,,,40.425713,?,?
,?,,?,,?,?,?,?,?,,,,?,?
,?,189484.39,?,,?,?, Husband,?,?,1082.9701,,40.425713,?,?
38.579506,?,189484.39,?,10.067414,?,?,?,?,?,,,40.425713,?,?
, Private,189484.39,?,,?,?,?,?,?,,,,?,?
,?,,?,,?,?, Husband,?, Male,,,,?,?
, Private,,?,10.067414,?,?,?,?,?,,,, United-States,?
,?,,?,,?,?,?,?,?,,,, United-States, <=50K
38.579506,?,,?,,?,?, Husband, White, Male,,,,?,?
,?,189484.39,?,,?,?, Husband, White, Male,,87.670456,,?,?
,?,,?,,?,?,?, White, Male,,87.670456,,?,?
,?,,?,,?,?,?,?,?,,87.670456,,?,?
,?,,?,, Married-civ-spouse, Craft-repair,?,?, Male,,,,?,?
38.579506,?,,?,,?,?,?, White,?,1082.9701,,40.425713, United-States,?
38.579506,?,189484.39,?,,?,?,?,?, Male,,,, United-States,?
, Private,,?,,?,?,?, White, Male,,,,?,?
, Private,,?,,?,?,?,?,?,1082.9701,87.670456,,?,?
,?,,?,10.067414,?,?,?,?,?,,,, United-States,?
,?,189484.39,?,10.067414, Married-civ-spouse,?,?, White, Male,1082.9701,,,?, <=50K
38.579506,?,,?,,?,?,?, White,?,,,,?, <=50K
,?,,?,10.067414, Married-civ-spouse,?,?,?,?,,,40.425713,?,?
38.579506,?,,?,,?,?, Husband,?,?,,,40.425713, United-States,?
, Private,189484.39,?,,?, Craft-repair,?, White,?,,87.670456,, United-States, <=50K
,?,,?,,?, Craft-repair,?,?,?,,,,?,?
,?,189484.39, HS-grad,10.067414,?, Craft-repair,?,?,?,,,,?,?
,?,, HS-grad,,?,?,?,?,?,1082.9701,,, United-States,?
,?,,?,,?,?,?,?,?,,87.670456,40.425713,?,?
38.579506,?,,?,,?,?,?,?,?,,87.670456,,?,?
,?,,?,10.067414,?,?,?, White,?,,,,?, <=50K
,?,189484.39,?,,?,?,?,?,?,1082.9701,,,?,?
38.579506,?,,?,,?,?,?,?,?,,87.670456,,?,?
,?,,?,10.067414,?,?, Husband,?,?,1082.9701,87.670456,, United-States,?
,?,,?,,?,?, Husband,?,?,,,,?, <=50K
,?,,?,,?,?,?,?,?,,,40.425713,?,?
,?,, HS-grad,, Married-civ-spouse,?,?,?,?,,,, United-States,?
38.579506,?,,?,10.067414,?,?,?,?,?,,87.670456,,?, <=50K
,?,,?,,?,?,?,?,?,,,,?,?
38.579506, Private,,?,, Married-civ-spouse,?,?,?, Male,,,, United-States,?
,?,,?,,?,?, Husband,?,?,,,,?,?
, Private,189484.39, HS-grad,,?,?,?,?,?,,,40.425713,?,?
,?,,?,,?,?,?,?,?,,,, United-States,?
,?,,?,, Married-civ-spouse, Craft-repair,?, White, Male,1082.9701,,,?,?
38.579506,?,189484.39,?,,?,?,?,?,?,,,40.425713,?, <=50K
38.579506,?,, HS-grad,10.067414,?,?,?,?,?,,,,?,?
,?,,?,,?,?,?,?,?,,,,?,?
, Private,, HS-grad,,?, Craft-repair,?, White,?,1082.9701,,,?, <=50K
,?,,?,,?,?, Husband,?,?,,87.670456,40.425713,?,?
38.579506,?,, HS-grad,,?,?,?, White,?,1082.9701,,, United-States,?
,?,, HS-grad,,?,?,?, White,?,,,,?,?
, Private,,?,,?,?, Husband,?,?,,,,?,?
,?,, HS-grad,,?,?,?,?, Male,,,,?, <=50K
,?,,?,, Married-civ-spouse,?,?,?, Male,,87.670456,,?,?
,?,,?,,?, Craft-repair, Husband,?, Male,,,,?,?
, Private,,?,,?,?,?,?,?,,,,?,?
,?,,?,,?,?, Husband,?,?,,,, United-States,?
,?,,?,,?,?, Husband,?,?,1082.9701,,40.425713,?,?
,?,,?,, Married-civ-spouse, Craft-repair,?,?,?,,,40.425713,?, <=50K
38.579506,?,, HS-grad,10.067414,?, Craft-repair,?,?,?,,,,?,?
,?,,?,,?,?, Husband,?,?,,,,?,?
,?,,?,,?,?,?,?,?,,87.670456,, United-States,?
,?,, HS-grad,,?,?,?,?,?,,,,?,?
38.579506, Private,,?,,?,?,?, White,?,,,40.425713,?,?
,?,,?,10.067414,?,?,?, White, Male,,87.670456,,?,?
,?,189484.39,?,,?,?,?,?,?,1082.9701,,,?,?
,?,189484.39,?,,?,?, Husband, White,?,1082.9701,,40.425713,?, <=50K
,?,, HS-grad,,?,?, Husband,?,?,1082.9701,87.670456,,?,?
,?,,?,,?,?,?,?,?,1082.9701,,40.425713,?,?
,?,,?,,?,?,?,?,?,,87.670456,40.425713,?,?
, Private,,?,,?,?,?,?,?,1082.9701,,, United-States,?
,?,, HS-grad,, Married-civ-spouse,?, Husband,?,?,,,40.425713, United-States,?
,?,,?,,?, Craft-repair, Husband,?,?,,,40.425713, United-States,?
,?,189484.39,?,10.067414,?, Craft-repair,?,?,?,1082.9701,,,?,?
,?,, HS-grad,,?,?,?,?,?,,,40.425713,?, <=50K
,?,, HS-grad,,?,?,?,?,?,,87.670456,,?,?
,?,,?,,?,?, Husband,?, Male,,,, United-States, <=50K
,?,,?,10.067414,?,?,?,?,?,,87.670456,,?,?
,?,,?,,?,?,?,?, Male,,,40.425713,?,?
, Private,,?,,?,?,?,?,?,,,, United-States, <=50K
,?,,?,10.067414,?,?,?,?,?,,,,?, <=50K
,?,,?,, Married-civ-spouse,?,?,?,?,,87.670456,,?, <=50K
,?,, HS-grad,,?,?, Husband,?, Male,,,, United-States,?
,?,,?,,?,?,?,?,?,,,,?,?
,?,,?,,?,?,?,?,?,,,,?, <=50K
,?,189484.39,?,,?,?, Husband,?,?,,,, United-States,?
38.579506,?,, HS-grad,,?,?,?,?, Male,,87.670456,, United-States,?
, Private,, HS-grad,,?,?, Husband,?, Male,,,,?,?
,?,,?,10.067414,?,?,?,?,?,,87.670456,,?, <=50K
,?,,?,, Married-civ-spouse,?,?, White, Male,,,, United-States,?
,?,,?,10.067414, Married-civ-spouse,?,?,?,?,1082.9701,,, United-States,?
, Private,,?,,?,?,?,?, Male,1082.9701,,,?, <=50K
,?,,?,,?,?,?,?,?,,,,?,?
,?,,?,, Married-civ-spouse,?,?, White,?,,87.670456,,?, <=50K
,?,, HS-grad,,?,?,?,?,?,,,,?, <=50K
,?,,?,, Married-civ-spouse, Craft-repair,?,?,?,,87.670456,,?, <=50K
, Private,,?,,?,?,?,?,?,1082.9701,,,?,?
,?,,?,,?,?,?,?, Male,,87.670456,,?,?
38.579506, Private,,?,, Married-civ-spouse,?,?, White,?,,,,?, <=50K
,?,,?,,?,?,?,?,?,,,,?, <=50K
,?,,?,10.067414,?,?, Husband,?,?,,,,?, <=50K
,?,,?,,?,?,?,?,?,,,,?,?
38.579506,?,189484.39,?,,?, Craft-repair, Husband,?,?,1082.9701,,, United-States, <=50K
38.579506,?,,?,,?,?,?,?,?,,,,?,?
38.579506,?,,?,10.067414, Married-civ-spouse, Craft-repair,?,?,?,1082.9701,,40.425713,?,?
,?,, HS-grad,,?, Craft-repair, Husband,?,?,,,,?,?
,?,, HS-grad,,?,?, Husband,?,?,1082.9701,,40.425713,?, <=50K
,?,,?,,?,?,?, White, Male,,87.670456,,?,?
38.579506,?,189484.39,?,,?,?, Husband,?,?,,,,?, <=50K
38.579506,?,,?,10.067414, Married-civ-spouse, Craft-repair,?, White,?,1082.9701,,, United-States,?
,?,,?,,?, Craft-repair,?, White,?,1082.9701,,,?,?
38.579506, Private,,?,10.067414,?,?,?,?,?,,,,?,?
38.579506,?,189484.39,?,,?,?,?,?, Male,,,,?,?
,?,,?,,?,?,?, White,?,,,, United-States,?
, Private,,?,,?,?,?,?,?,,,,?, <=50K
,?,,?,10.067414,?,?,?,?,?,,,40.425713, United-States,?
38.579506,?,,?,,?,?, Husband,?,?,,,40.425713,?, <=50K
,?,,?,,?,?, Husband,?,?,,87.670456,40.425713,?,?
38.579506,?,, HS-grad,,?,?, Husband,?,?,,,,?,?
38.579506,?,189484.39,?,,?,?,?,?, Male,,87.670456,,?,?
,?,,?,,?,?,?,?,?,,,,?, <=50K
,?,,?,,?,?,?,?,?,,87.670456,,?,?
,?,,?,, Married-civ-spouse, Craft-repair, Husband,?,?,,,,?,?
,?,,?,,?,?,?, White,?,,,40.425713,?, <=50K
,?,,?,10.067414,?, Craft-repair,?,?,?,,,,?, <=50K
38.579506,?,,?,,?,?,?,?,?,,,, United-States, <=50K
,?,189484.39,?,10.067414, Married-civ-spouse, Craft-repair,?, White,?,,,40.425713,?,?
,?,,?,,?,?,?,?, Male,,,40.425713,?,?
, Private,,?,,?, Craft-repair,?,?,?,,,, United-States,?
,?,,?,,?,?,?,?,?,,87.670456,40.425713,?,?
,?,189484.39,?,, Married-civ-spouse,?,?,?,?,,,,?,?
38.579506,?,,?,10.067414,?,?,?,?,?,,,, United-States,?
,?,,?,10.067414,?, Craft-repair,?,?,?,1082.9701,,, United-States, <=50K
,?,189484.39, HS-grad,,?,?,?,?, Male,,,,?,?
,?,,?,,?,?,?,?,?,,,40.425713,?,?
,?,,?,, Married-civ-spouse, Craft-repair,?, White,?,,,, United-States,?
38.579506,?,,?,10.067414,?,?,?,?, Male,,87.670456,40.425713, United-States, <=50K
,?,, HS-grad,10.067414,?, Craft-repair,?,?, Male,1082.9701,,, United-States, <=50K
, Private,,?,,?, Craft-repair,?, White,?,,,,?,?
,?,,?,, Married-civ-spouse, Craft-repair,?, White, Male,,,,?,?
,?,,?,,?, Craft-repair,?,?,?,,,,?,?
,?,,?,10.067414,?,?,?,?,?,1082.9701,,,?,?
, Private,,?,,?, Craft-repair,?,?, Male,,,,?,?
,?,189484.39,?,,?,?,?,?,?,1082.9701,,,?,?
,?,189484.39,?,,?,?,?,?, Male,,,, United-States,?
, Private,,?,, Married-civ-spouse,?,?,?,?,1082.9701,,,?,?
,?,189484.39, HS-grad,,?,?,?, White,?,1082.9701,87.670456,,?,?
,?,,?,,?,?,?,?,?,1082.9701,,,?,?
,?,,?,,?,?,?,?,?,1082.9701,,, United-States,?
, Private,,?,,?,?,?, White,?,,,,?,?
,?,189484.39, HS-grad,,?,?,?,?,?,,,40.425713,?, <=50K
, Private,, HS-grad,10.067414, Married-civ-spouse,?,?,?,?,1082.9701,,,?,?
,?,,?,,?,?,?, White,?,,,,?, <=50K
, Private,, HS-grad,,?,?,?,?,?,1082.9701,,,?,?
, Private,,?,,?,?,?, White,?,,,,?,?
,?,,?,,?, Craft-repair,?,?,?,,,, United-States,?
, Private,, HS-grad,,?, Craft-repair,?,?,?,,,40.425713,?,?
, Private,,?,10.067414,?,?,?,?,?,,87.670456,40.425713,?,?
,?,189484.39,?,,?,?,?,?, Male,,87.670456,40.425713, United-States, <=50K
,?,,?,,?,?,?,?,?,,,40.425713,?,?
38.579506,?,189484.39,?,,?,?,?,?,?,,,40.425713, United-States,?
,?,,?,,?,?,?,?,?,,,,?,?
, Private,,?,10.067414,?,?,?,?,?,1082.9701,,,?, <=50K
, Private,,?,,?,?,?, White,?,1082.9701,,,?,?
,?,,?,,?, Craft-repair, Husband,?,?,,,40.425713,?,?
,?,189484.39,?,, Married-civ-spouse, Craft-repair,?,?,?,,,,?, <=50K
,?,,?,,?,?,?,?,?,1082.9701,,,?,?
38.579506,?,,?,,?,?, Husband,?,?,1082.9701,,,?,?
38.579506, Private,, HS-grad,,?,?, Husband,?,?,,,40.425713,?,?
,?,,?,10.067414,?,?, Husband,?,?,,,, United-States,?
38.579506,?,, HS-grad,,?, Craft-repair,?,?,?,,,,?,?
, Private,189484.39,?,,?, Craft-repair,?, White, Male,,,,?,?
,?,,?,,?,?,?, White, Male,1082.9701,,, United-States,?
,?,,?,, Married-civ-spouse, Craft-repair,?, White,?,,,40.425713, United-States,?
, Private,,?,10.067414,?,?,?,?,?,1082.9701,,,?,?
38.579506,?,,?,10.067414,?, Craft-repair,?,?,?,1082.9701,,,?, <=50K
, Private,, HS-grad,,?,?,?,?,?,,,,?,?
,?,,?,,?,?,?,?,?,1082.9701,,,?,?
38.579506,?,, HS-grad,,?,?,?,?,?,,87.670456,,?,?
,?,,?,10.067414,?,?,?,?,?,,,,?,?
,?,,?,,?,?,?,?,?,,,40.425713,?,?
,?,,?,,?,?, Husband,?,?,,87.670456,40.425713,?,?
, Private,,?,,?,?,?,?,?,,,40.425713,?,?
,?,,?,,?,?,?,?,?,,,,?,?
,?,, HS-grad,,?,?, Husband, White,?,,,40.425713,?, <=50K
38.579506, Private,, HS-grad,,?,?,?,?,?,,,, United-States,?
38.579506,?,189484.39,?,, Married-civ-spouse,?,?,?,?,,,,?, <=50K
, Private,,?,10.067414,?,?,?,?,?,1082.9701,,,?, <=50K
,?,189484.39,?,,?,?, Husband,?,?,,,,?,?
,?,,?,10.067414,?,?,?,?,?,,,,?, <=50K
,?,189484.39,?,,?,?,?,?,?,,,,?,?
,?,,?,10.067414,?,?,?,?,?,,,40.425713, United-States,?
,?,,?,,?,?, Husband,?,?,,87.670456,40.425713,?,?
,?,,?,, Married-civ-spouse,?,?,?, Male,,,, United-States,?
38.579506,?,, HS-grad,, Married-civ-spouse,?,?,?,?,,,, United-States,?
,?,,?,,?, Craft-repair,?,?,?,,,40.425713,?,?
38.579506, Private,,?,,?,?,?,?,?,,,,?,?
, Private,,?,,?,?,?, White,?,,,, United-States,?
38.579506,?,,?,, Married-civ-spouse,?, Husband,?,?,,,40.425713, United-States,?
,?,, HS-grad,10.067414, Married-civ-spouse,?,?,?,?,,,,?,?
, Private,,?,10.067414,?,?,?, White, Male,,,,?, <=50K
,?,189484.39, HS-grad,10.067414,?,?,?,?,?,,,40.425713,?,?
,?,189484.39,?,,?,?, Husband,?,?,,,40.425713,?,?
,?,,?,,?,?,?,?,?,,,,?,?
,?,,?,,?,?,?, White,?,,87.670456,,?,?
,?,189484.39,?,,?,?,?,?,?,,,,?,?
, Private,, HS-grad,, Married-civ-spouse, Craft-repair,?,?,?,,,,?,?
,?,,?,,?,?,?,?,?,,,, United-States, <=50K
, Private,189484.39,?,,?,?,?, White, Male,,,,?,?
,?,, HS-grad,,?,?,?,?,?,,,, United-States, <=50K
38.579506,?,,?,,?,?,?,?,?,1082.9701,,40.425713,?,?
,?,189484.39,?,10.067414,?,?,?,?,?,1082.9701,,,?,?
,?,189484.39,?,,?,?,?,?,?,,,40.425713,?,?
,?,189484.39,?,10.067414,?,?, Husband,?,?,,87.670456,,?,?
38.579506,?,,?,,?,?,?, White, Male,,,,?,?
,?,,?,,?, Craft-repair, Husband,?,?,1082.9701,,,?,?
38.579506,?,, HS-grad,,?,?,?,?, Male,1082.9701,,,?,?
,?,,?,,?,?,?,?, Male,,,,?,?
,?,,?,, Married-civ-spouse,?, Husband,?,?,1082.9701,,,?,?
,?,, HS-grad,,?,?,?,?,?,,,,?,?
,?,,?,, Married-civ-spouse,?,?,?,?,,87.670456,,?, <=50K
,?,189484.39,?,,?,?,?,?, Male,,,,?,?
,?,,?,10.067414,?,?,?,?,?,,,,?, <=50K
,?,, HS-grad,,?,?,?,?,?,1082.9701,,, United-States,?
,?,,?,,?,?,?,?,?,,87.670456,,?,?
,?,189484.39,?,,?,?, Husband,?,?,,,,?,?
,?,,?,,?,?,?,?,?,,,40.425713,?,?
38.579506,?,,?,,?,?, Husband,?,?,,,40.425713,?,?
38.579506, Private,,?,,?,?,?,?,?,,,,?,?
,?,,?,, Married-civ-spouse,?,?,?, Male,,,,?,?
38.579506,?,,?,, Married-civ-spouse,?,?,?,?,,,,?,?
, Private,,?,10.067414,?,?,?,?,?,,,,?,?
,?,,?,, Married-civ-spouse,?,?, White,?,,,40.425713,?,?
,?,,?,10.067414,?,?,?, White,?,,87.670456,,?,?
, Private,,?,, Married-civ-spouse,?,?,?,?,1082.9701,,40.425713,?, <=50K
38.579506,?,,?,,?,?, Husband,?,?,,,,?, <=50K
, Private,,?,,?, Craft-repair,?,?,?,,,,?, <=50K
,?,189484.39, HS-grad,,?,?,?,?, Male,,,40.425713, United-States,?
,?,,?,10.067414,?,?, Husband,?, Male,,,,?,?
,?,,?,,?,?,?,?,?,,,,?,?
, Private,,?,, Married-civ-spouse,?, Husband,?,?,,,,?,?
,?,,?,,?, Craft-repair,?,?, Male,,,,?,?
,?,, HS-grad,,?, Craft-repair,?,?,?,,87.670456,40.425713,?,?
, Private,,?,, Married-civ-spouse,?,?,?,?,1082.9701,,,?,?
,?,,?,,?, Craft-repair,?,?,?,,,,?,?
38.579506,?,,?,,?,?,?,?,?,,,,?,?
,?,,?,,?,?, Husband,?, Male,,,, United-States,?
,?,,?,,?, Craft-repair,?,?,?,1082.9701,,,?, <=50K
,?,,?,10.067414,?,?,?,?,?,,,,?,?
,?,,?,, Married-civ-spouse,?,?,?,?,1082.9701,,,?,?
, Private,189484.39,?,, Married-civ-spouse,?,?,?,?,,,40.425713, United-States,?
38.579506, Private,,?,,?,?,?,?,?,,,40.425713,?,?
,?,189484.39,?,10.067414,?,?, Husband,?,?,,,,?,?
,?,,?,10.067414,?,?, Husband,?,?,,,,?,?
38.579506,?,,?,,?,?, Husband,?,?,,,, United-States, <=50K
,?,189484.39,?,,?,?,?,?,?,,,,?, <=50K
,?,189484.39, HS-grad,10.067414,?,?,?,?,?,,,40.425713,?,?
,?,,?,, Married-civ-spouse,?, Husband, White,?,1082.9701,87.670456,, United-States,?
,?,, HS-grad,,?,?,?, White,?,,,,?,?
,?,, HS-grad,,?,?, Husband,?,?,,87.670456,,?,?
38.579506,?,, HS-grad,,?,?,?,?,?,,,40.425713,?,?
38.579506, Private,,?,, Married-civ-spouse, Craft-repair,?, White, Male,1082.9701,,,?,?
,?,,?,, Married-civ-spouse,?,?,?,?,,,,?,?
38.579506, Private,,?,,?,?, Husband,?,?,,,,?,?
, Private,189484.39,?,,?, Craft-repair,?,?,?,,,40.425713,?,?
,?,, HS-grad,, Married-civ-spouse,?,?,?,?,,,,?,?
38.579506,?,,?,,?,?,?,?,?,,,,?,?
,?,,?,,?,?, Husband,?,?,,87.670456,,?,?
, Private,,?,,?,?,?,?,?,,,, United-States,?
,?,,?,,?,?, Husband,?,?,,,, United-States,?
, Private,189484.39,?,10.067414,?,?,?,?,?,,,, United-States,?
, Private,,?,10.067414,?, Craft-repair, Husband,?,?,,,,?,?
,?,,?,10.067414,?,?,?,?,?,,,,?,?
38.579506,?,189484.39, HS-grad,,?,?,?, White,?,,,,?,?
,?,,?,,?,?,?,?,?,,87.670456,,?, <=50K
, Private,,?,,?,?,?,?,?,,,,?,?
, Private,,?,,?,?,?,?,?,,,,?,?
,?,,?,, Married-civ-spouse,?,?, White,?,,,,?,?
,?,,?,10.067414,?,?,?, White,?,,87.670456,40.425713,?, <=50K
,?,189484.39,?,,?, Craft-repair,?,?,?,,,40.425713,?,?
,?,, HS-grad,10.067414, Married-civ-spouse,?, Husband,?,?,,,, United-States,?
, Private,, HS-grad,10.067414,?,?,?,?,?,,,, United-States,?
,?,,?,10.067414,?,?,?,?, Male,,,,?,?
,?,,?,,?,?,?,?,?,,,,?, <=50K
,?,,?,,?,?,?,?,?,,,40.425713,?,?
,?,, HS-grad,, Married-civ-spouse,?, Husband,?,?,,,,?,?
,?,,?,,?,?, Husband,?,?,,87.670456,,?,?
,?,,?,10.067414,?,?,?,?,?,1082.9701,,,?,?
,?,,?,,?,?,?, White,?,,,,?, <=50K
38.579506,?,,?,, Married-civ-spouse,?, Husband,?, Male,1082.9701,,, United-States,?
,?,,?,10.067414,?,?,?,?,?,,,,?,?
,?,,?,,?,?,?,?, Male,,,,?, <=50K
38.579506,?,, HS-grad,,?,?, Husband,?,?,1082.9701,,, United-States,?
38.579506,?,,?,,?,?,?,?,?,,,,?,?
38.579506,?,, HS-grad,,?,?, Husband,?,?,,87.670456,, United-States,?
,?,,?,10.067414,?,?,?,?,?,,,,?,?
,?,,?,,?,?,?,?,?,,,,?, <=50K
38.579506,?,189484.39,?,,?,?, Husband,?, Male,,,,?,?
38.579506,?,,?,,?,?,?,?, Male,,,,?,?
38.579506,?,,?,,?,?,?,?, Male,1082.9701,,,?,?
,?,, HS-grad,,?, Craft-repair,?,?,?,,,,?, <=50K
,?,,?,10.067414,?, Craft-repair,?,?, Male,,,,?,?
, Private,,?,,?, Craft-repair,?,?,?,,,40.425713,?, <=50K
,?,,?,,?, Craft-repair, Husband,?, Male,,87.670456,,?,?
, Private,,?,,?,?,?,?,?,,87.670456,40.425713,?,?
38.579506,?,, HS-grad,,?,?,?, White,?,,,,?,?
,?,189484.39, HS-grad,,?,?,?, White,?,1082.9701,,,?,?
,?,,?,10.067414,?,?, Husband,?,?,1082.9701,,,?, <=50K
38.579506,?,,?,,?,?,?,?, Male,,,,?,?
,?,, HS-grad,, Married-civ-spouse,?,?,?,?,,,,?,?
,?,,?,,?,?,?, White,?,1082.9701,,,?,?
38.579506,?,,?,,?,?, Husband, White,?,,,40.425713, United-States,?
38.579506, Private,, HS-grad,,?, Craft-repair,?,?,?,,87.670456,, United-States,?
,?,,?,,?,?, Husband,?,?,,,,?,?
,?,189484.39,?,,?, Craft-repair,?,?, Male,1082.9701,,,?,?
,?,189484.39,?,,?,?,?,?, Male,,,, United-States,?
, Private,, HS-grad,,?, Craft-repair,?,?,?,,,40.425713,?, <=50K
,?,,?,, Married-civ-spouse,?,?,?,?,1082.9701,,,?,?
,?,,?,,?,?,?,?,?,,,,?,?
, Private,,?,,?,?, Husband,?,?,1082.9701,,,?,?
,?,,?,, Married-civ-spouse,?,?,?,?,,87.670456,,?,?
, Private,,?,,?,?, Husband,?,?,,,, United-States,?
,?,,?,,?,?,?,?, Male,,,, United-States,?
,?,,?,10.067414,?, Craft-repair,?, White,?,1082.9701,,,?,?
38.579506, Private,,?,10.067414,?,?,?,?,?,,,,?, <=50K
,?,189484.39,?,,?,?,?, White,?,,87.670456,,?,?
,?,,?,10.067414,?,?,?,?, Male,,,,?,?
,?,, HS-grad,,?,?,?,?,?,,,,?, <=50K
,?,, HS-grad,,?,?, Husband, White,?,,,,?, <=50K
38.579506,?,,?,,?,?,?, White,?,,,,?,?
38.579506,?,,?,, Married-civ-spouse,?,?,?,?,,,,?,?
38.579506,?,, HS-grad,,?,?,?, White,?,1082.9701,87.670456,40.425713, United-States,?
,?,,?,,?,?,?,?,?,,,,?,?
,?,,?,,?,?,?,?,?,,87.670456,,?,?
, Private,,?,,?,?,?,?,?,,,40.425713,?,?
38.579506,?,,?,,?,?, Husband,?,?,,,40.425713,?, <=50K
,?,, HS-grad,, Married-civ-spouse, Craft-repair,?, White,?,1082.9701,,,?, <=50K
38.579506,?,, HS-grad,,?,?,?,?,?,,87.670456,40.425713,?,?
, Private,,?,10.067414, Married-civ-spouse,?, Husband,?,?,,,,?,?
,?,,?,,?,?, Husband,?,?,,,, United-States,?
,?,,?,,?,?,?,?,?,,,,?,?
,?,, HS-grad,10.067414,?,?,?,?,?,1082.9701,,,?,?
,?,,?,10.067414,?,?, Husband, White,?,,87.670456,,?,?
, Private,,?,10.067414,?,?,?,?,?,,87.670456,,?,?
,?,,?,,?,?,?,?,?,,,, United-States,?
,?,189484.39,?,,?,?,?,?, Male,,,,?,?
38.579506, Private,,?,,?,?, Husband,?,?,,,,?,?
,?,189484.39,?,10.067414,?,?,?,?, Male,,87.670456,40.425713,?,?
,?,,?,,?,?,?,?, Male,,,,?,?
,?,189484.39,?,,?, Craft-repair,?,?,?,1082.9701,,,?,?
38.579506, Private,,?,, Married-civ-spouse, Craft-repair,?,?,?,,87.670456,40.425713,?,?
38.579506,?,,?,10.067414, Married-civ-spouse, Craft-repair,?,?, Male,,,40.425713,?,?
,?,,?,,?,?,?, White,?,,,,?,?
,?,189484.39,?,10.067414,?,?,?,?,?,1082.9701,,,?,?
,?,,?,, Married-civ-spouse,?,?,?,?,,,,?,?
,?,,?,10.067414,?,?,?, White,?,,,,?, <=50K
, Private,,?,,?, Craft-repair, Husband, White, Male,,87.670456,40.425713, United-States,?
, Private,,?,,?, Craft-repair,?,?,?,,,,?,?
,?,,?,10.067414, Married-civ-spouse,?,?,?,?,,87.670456,,?,?
,?,,?,,?,?, Husband,?, Male,,,,?,?
,?,,?,,?,?,?,?,?,,,40.425713,?, <=50K
,?,189484.39,?,10.067414,?,?,?,?,?,,,,?,?
,?,189484.39,?,,?, Craft-repair,?, White,?,,,, United-States, <=50K
,?,,?,,?,?,?,?, Male,,,,?,?
38.579506,?,, HS-grad,,?,?,?,?,?,,87.670456,,?, <=50K
,?,,?,,?,?,?,?,?,,,,?,?
,?,, HS-grad,10.067414,?, Craft-repair, Husband,?,?,,,40.425713,?,?
, Private,,?,,?, Craft-repair, Husband, White,?,,,,?,?
38.579506,?,,?,,?, Craft-repair,?, White,?,,,40.425713,?,?
,?,189484.39, HS-grad,,?,?,?,?,?,,,40.425713,?,?
, Private,, HS-grad,,?,?,?, White,?,,,,?,?
,?,,?,10.067414,?,?,?,?,?,1082.9701,,, United-States,?
38.579506, Private,189484.39,?,10.067414,?, Craft-repair,?,?,?,,,, United-States,?
,?,,?,,?,?,?,?,?,1082.9701,,,?,?
,?,,?,,?, Craft-repair,?, White,?,,,,?,?
,?,,?,,?,?,?,?, Male,,87.670456,,?,?
,?,,?,,?,?,?, White, Male,1082.9701,,,?,?
,?,189484.39,?,10.067414,?,?,?,?,?,,,40.425713,?,?
,?,,?,,?,?,?,?,?,1082.9701,,,?, <=50K
38.579506,?,,?,,?,?,?,?,?,1082.9701,,,?,?
,?,,?,,?,?,?,?,?,,,, United-States,?
,?,189484.39,?,, Married-civ-spouse,?,?,?,?,,,,?,?
,?,189484.39, HS-grad,,?,?,?,?,?,1082.9701,,40.425713, United-States,?
,?,189484.39,?,,?,?,?,?,?,,,,?,?
,?,, HS-grad,,?, Craft-repair,?,?, Male,,,, United-States,?
,?,,?,10.067414, Married-civ-spouse,?,?,?,?,1082.9701,,,?, <=50K
,?,189484.39,?,,?,?,?,?,?,,,,?,?
,?,,?,,?,?,?,?,?,,,,?, <=50K
,?,, HS-grad,,?,?,?,?,?,,,, United-States,?
,?,,?,,?,?,?,?,?,,,, United-States,?
38.579506,?,189484.39,?,,?, Craft-repair, Husband,?,?,,,,?,?
, Private,, HS-grad,,?,?,?,?,?,,,,?,?
,?,,?,,?,?,?, White,?,1082.9701,,40.425713,?,?
,?,,?,,?,?,?,?,?,,,,?,?
,?,, HS-grad,,?,?,?,?, Male,,,,?,?
,?,,?,,?,?,?,?,?,,87.670456,,?, <=50K
,?,,?,, Married-civ-spouse,?,?,?,?,,,40.425713,?,?
, Private,189484.39,?,, Married-civ-spouse, Craft-repair,?,?, Male,,,,?, <=50K
38.579506,?,189484.39, HS-grad,10.067414,?,?,?,?,?,,,,?, <=50K
,?,,?,,?,?,?,?,?,,87.670456,, United-States, <=50K
,?,,?,,?, Craft-repair,?, White,?,,,, United-States, <=50K
,?,189484.39,?,,?,?,?,?,?,1082.9701,,,?, <=50K
,?,,?,10.067414, Married-civ-spouse,?,?,?,?,,87.670456,, United-States,?
, Private,189484.39,?,,?,?,?,?,?,1082.9701,,40.425713,?,?
, Private,,?,,?,?,?,?,?,,,, United-States,?
, Private,,?,,?,?,?, White,?,,,,?,?
,?,,?,, Married-civ-spouse, Craft-repair,?, White,?,,87.670456,,?,?
, Private,, HS-grad,, Married-civ-spouse,?, Husband, White,?,,,,?,?
,?,,?,,?, Craft-repair, Husband, White,?,,,,?,?
38.579506,?,189484.39,?,, Married-civ-spouse,?, Husband,?,?,,,,?,?
,?,189484.39,?,,?,?,?,?, Male,,87.670456,, United-States,?
, Private,189484.39, HS-grad,, Married-civ-spouse,?,?,?,?,,,,?, <=50K
,?,, HS-grad,10.067414, Married-civ-spouse,?,?, White,?,,,,?,?
, Private,,?,10.067414,?,?, Husband, White, Male,1082.9701,,,?,?
,?,189484.39,?,,?,?,?,?,?,,,40.425713,?,?
,?,, HS-grad,,?,?,?, White,?,,,, United-States,?
38.579506, Private,, HS-grad,,?,?,?,?,?,,,,?, <=50K
38.579506,?,,?,,?,?,?,?,?,,,,?, <=50K
38.579506,?,,?,,?,?,?,?,?,,,40.425713,?,?
,?,,?,10.067414,?,?,?,?,?,,,40.425713,?,?
,?,, HS-grad,, Married-civ-spouse,?,?,?,?,,,, United-States,?
38.579506,?,189484.39,?,,?,?, Husband,?,?,1082.9701,,40.425713,?,?
38.579506, Private,,?,, Married-civ-spouse, Craft-repair,?,?, Male,,87.670456,,?,?
,?,189484.39, HS-grad,10.067414,?,?,?,?,?,,,, United-States,?
,?,,?,,?,?,?, White,?,1082.9701,,,?, <=50K
, Private,, HS-grad,,?,?,?,?, Male,,,, United-States,?
,?,189484.39,?,10.067414,?,?,?, White,?,1082.9701,,,?, <=50K
, Private,, HS-grad,,?,?,?,?,?,1082.9701,,,?,?
,?,,?,,?, Craft-repair,?,?, Male,,,, United-States,?
,?,189484.39, HS-grad,10.067414,?,?,?,?,?,,,,?, <=50K
,?,, HS-grad,,?, Craft-repair,?,?,?,,,,?, <=50K
,?,,?,, Married-civ-spouse,?,?,?,?,,,, United-States, <=50K
,?,189484.39,?,,?,?,?, White,?,,,,?,?
,?,189484.39,?,10.067414,?,?,?,?,?,,,,?,?
38.579506,?,, HS-grad,,?, Craft-repair,?, White,?,,87.670456,40.425713, United-States, <=50K
38.579506,?,, HS-grad,,?,?,?,?,?,,,, United-States,?
,?,, HS-grad,,?,?, Husband,?,?,,87.670456,, United-States, <=50K
,?,,?,,?,?, Husband, White,?,,,40.425713,?, <=50K
,?,,?,,?,?,?,?,?,,87.670456,,?,?
,?,,?,10.067414,?,?,?,?,?,1082.9701,87.670456,,?, <=50K
,?,,?,10.067414,?,?,?,?,?,,87.670456,, United-States,?
,?,189484.39, HS-grad,,?, Craft-repair, Husband,?,?,,,,?, <=50K
,?,,?,,?,?, Husband,?,?,1082.9701,,40.425713,?, <=50K
,?,,?,,?,?,?,?,?,,87.670456,, United-States,?
,?,, HS-grad,,?,?,?,?,?,1082.9701,,, United-States, <=50K
,?,,?,,?,?,?,?, Male,,,,?,?
, Private,,?,,?,?,?,?,?,1082.9701,,, United-States,?
38.579506,?,, HS-grad,,?,?,?,?, Male,,,,?,?
, Private,189484.39, HS-grad,,?,?,?,?,?,1082.9701,87.670456,,?, <=50K
,?,,?,,?,?,?, White, Male,,,, United-States,?
,?,189484.39,?,, Married-civ-spouse,?,?,?,?,,,40.425713,?,?
, Private,,?,,?,?, Husband,?,?,,87.670456,,?,?
,?,,?,10.067414,?,?, Husband,?,?,,,,?,?
38.579506, Private,,?,10.067414,?,?,?,?,?,,87.670456,,?,?
,?,,?,, Married-civ-spouse,?,?,?,?,,,,?,?
38.579506, Private,,?,,?,?,?,?,?,,,,?, <=50K
38.579506, Private,,?,, Married-civ-spouse,?, Husband,?, Male,,,,?,?
,?,, HS-grad,,?, Craft-repair,?, White,?,,,,?,?
,?,,?,,?,?,?,?,?,1082.9701,,,?,?
38.579506,?,,?,,?,?,?,?,?,,,,?,?
, Private,,?,,?,?,?,?,?,1082.9701,,,?,?
, Private,,?,, Married-civ-spouse,?,?,?, Male,1082.9701,,40.425713,?,?
, Private,,?,,?, Craft-repair,?,?,?,1082.9701,87.670456,,?, <=50K
,?,,?,,?,?,?,?,?,,,,?,?
,?,,?,10.067414,?,?, Husband,?,?,1082.9701,87.670456,,?,?
38.579506,?,,?,,?,?,?,?,?,,87.670456,, United-States, <=50K
38.579506,?,,?,,?,?,?,?,?,,,,?,?
38.579506,?,189484.39, HS-grad,, Married-civ-spouse, Craft-repair,?,?,?,,,40.425713,?, <=50K
,?,,?,,?,?,?,?,?,,,,?,?
,?,,?,,?, Craft-repair,?,?,?,1082.9701,,,?,?
,?,,?,,?, Craft-repair,?,?, Male,1082.9701,,, United-States, <=50K
, Private,,?,,?,?,?,?,?,,,40.425713,?, <=50K
, Private,, HS-grad,10.067414,?,?,?,?,?,1082.9701,,,?,?
, Private,,?,,?,?,?,?,?,,,40.425713,?, <=50K
, Private,,?,, Married-civ-spouse,?,?, White,?,,,,?,?
,?,,?,,?,?,?,?,?,,,,?, <=50K
,?,,?,, Married-civ-spouse,?,?,?, Male,,,,?, <=50K
,?,189484.39,?,,?, Craft-repair,?,?, Male,,,, United-States, <=50K
38.579506,?,,?,,?,?,?,?,?,,,40.425713,?,?
,?,189484.39,?,,?,?,?,?,?,,,,?,?
,?,,?,, Married-civ-spouse,?, Husband,?,?,,87.670456,,?, <=50K
,?,,?,, Married-civ-spouse,?,?,?, Male,1082.9701,,,?,?
, Private,,?,,?, Craft-repair,?,?,?,,,,?,?
38.579506,?,,?,,?,?,?, White,?,,,, United-States,?
,?,,?,,?,?,?,?, Male,,,40.425713,?,?
,?,189484.39,?,,?,?,?,?,?,,,40.425713,?,?
38.579506,?,,?,, Married-civ-spouse,?,?, White, Male,1082.9701,,40.425713,?,?
,?,,?,10.067414,?,?, Husband,?,?,,,,?,?
,?,189484.39,?,, Married-civ-spouse,?,?,?,?,1082.9701,,,?,?
,?,,?,10.067414, Married-civ-spouse,?,?, White, Male,,,,?,?
38.579506,?,,?,,?,?, Husband,?,?,,,40.425713,?,?
, Private,,?,,?,?, Husband, White,?,,,,?,?
,?,189484.39,?,10.067414,?, Craft-repair, Husband, White,?,,,,?,?
,?,,?,,?,?,?, White,?,1082.9701,87.670456,,?,?
,?,, HS-grad,,?,?, Husband,?,?,,87.670456,, United-States,?
,?,,?,,?,?,?,?,?,,,, United-States,?
38.579506, Private,,?,,?,?,?, White,?,,87.670456,,?, <=50K
,?,189484.39, HS-grad,,?, Craft-repair,?,?,?,,,,?,?
38.579506,?,,?,,?,?,?,?, Male,,,,?,?
38.579506,?,,?,,?,?,?,?,?,,,,?, <=50K
38.579506,?,189484.39,?,,?,?,?,?,?,,,, United-States,?
,?,,?,,?,?, Husband,?,?,,87.670456,,?,?
,?,189484.39,?,,?,?, Husband,?,?,1082.9701,,, United-States,?
,?,189484.39,?,,?,?,?,?,?,1082.9701,,,?,?
,?,,?,,?,?,?,?,?,,,40.425713,?,?
38.579506,?,,?,,?,?,?,?,?,,,,?, <=50K
,?,, HS-grad,,?,?,?, White,?,,87.670456,,?,?
,?,,?,10.067414,?, Craft-repair,?,?,?,,,,?,?
,?,,?,10.067414, Married-civ-spouse, Craft-repair,?, White, Male,,,40.425713,?,?
,?,, HS-grad,,?,?,?,?,?,1082.9701,,,?,?
,?,,?,,?,?,?, White,?,,87.670456,,?,?
,?,,?,,?,?, Husband,?,?,,,,?,?
,?,,?,,?, Craft-repair, Husband, White,?,,,, United-States, <=50K
38.579506,?,,?,,?,?,?,?,?,,,, United-States,?
,?,,?,,?, Craft-repair, Husband,?,?,,87.670456,,?,?
38.579506, Private,,?,,?,?,?,?,?,,,40.425713, United-States,?
,?,189484.39,?,10.067414,?,?,?,?,?,1082.9701,,,?,?
,?,,?,10.067414,?,?,?,?, Male,,87.670456,, United-States,?
,?,,?,10.067414,?,?,?, White,?,,,40.425713,?,?
,?,,?,,?,?,?,?,?,1082.9701,,,?,?
,?,,?,,?,?,?,?,?,1082.9701,,,?,?
,?,,?,,?, Craft-repair,?,?,?,,,, United-States,?
,?,,?,10.067414,?, Craft-repair, Husband,?,?,,87.670456,,?,?
38.579506,?,,?,,?,?,?,?,?,1082.9701,,,?,?
,?,,?,10.067414,?,?,?,?, Male,,87.670456,,?,?
,?,,?,,?,?,?, White,?,,,,?,?
38.579506,?,,?,, Married-civ-spouse, Craft-repair,?,?,?,,,,?,?
,?,,?,10.067414,?, Craft-repair,?,?,?,1082.9701,,,?,?
,?,,?,,?, Craft-repair,?,?,?,,,,?,?
,?,189484.39,?,,?, Craft-repair, Husband,?,?,1082.9701,,, United-States,?
,?,,?,,?, Craft-repair,?,?,?,,,40.425713,?,?
,?,,?,,?,?,?,?,?,1082.9701,,,?,?
,?,,?,,?,?,?,?,?,,,,?,?
,?,189484.39,?,,?,?,?,?,?,,87.670456,,?,?
, Private,,?,,?,?,?,?,?,,,,?, <=50K
,?,,?,10.067414,?, Craft-repair,?, White,?,,,40.425713, United-States,?
,?,,?,,?, Craft-repair, Husband,?,?,1082.9701,87.670456,, United-States,?
38.579506,?,, HS-grad,10.067414,?,?,?, White,?,1082.9701,,,?,?
,?,,?,,?,?,?,?,?,,,40.425713,?,?
,?,,?,,?,?,?,?,?,,,,?, <=50K
38.579506, Private,, HS-grad,,?,?,?,?,?,,,,?,?
,?,,?,10.067414,?,?,?,?,?,,,,?,?
,?,189484.39,?,,?,?,?,?, Male,,,,?,?
,?,189484.39,?,10.067414,?, Craft-repair,?,?,?,,,,?,?
,?,,?,,?,?,?,?, Male,1082.9701,,, United-States,?
,?,,?,, Married-civ-spouse,?,?,?,?,,,, United-States,?
,?,,?,10.067414,?, Craft-repair,?,?,?,,,40.425713,?,?
,?,189484.39,?,,?,?,?,?,?,,,,?, <=50K
,?,,?,10.067414,?,?,?,?,?,,,,?,?
,?,,?,,?,?,?, White, Male,,87.670456,40.425713,?,?
38.579506,?,,?,,?,?,?,?, Male,,,40.425713, United-States,?
,?,189484.39,?,10.067414,?,?,?,?,?,,,,?,?
,?,,?,,?,?,?,?,?,1082.9701,,,?,?
,?,,?,,?, Craft-repair,?,?,?,,,,?,?
,?,189484.39,?,, Married-civ-spouse,?,?, White, Male,,,, United-States, <=50K
,?,,?,,?,?,?,?, Male,,,,?,?
,?,,?,,?,?,?,?,?,,,,?,?
,?,,?,,?,?,?,?, Male,,,,?,?
,?,189484.39,?,,?,?, Husband,?,?,,,,?,?
,?,,?,,?,?, Husband,?,?,1082.9701,,, United-States,?
38.579506, Private,189484.39,?,,?,?,?, White,?,,,,?,?
,?,189484.39,?,,?, Craft-repair, Husband, White, Male,,,,?,?
,?,189484.39, HS-grad,,?,?,?,?,?,,87.670456,,?, <=50K
,?,,?,10.067414, Married-civ-spouse,?,?, White,?,,,,?,?
, Private,,?,,?,?,?,?,?,1082.9701,,, United-States,?
,?,,?,,?,?,?, White,?,1082.9701,,,?, <=50K
, Private,,?,,?,?,?,?,?,1082.9701,,,?,?
,?,189484.39,?,,?,?,?,?,?,1082.9701,,,?,?
38.579506, Private,,?,,?,?,?,?, Male,,,,?,?
,?,, HS-grad,, Married-civ-spouse,?,?, White,?,,,40.425713,?,?
,?,,?,,?,?,?,?,?,,87.670456,, United-States, <=50K
, Private,, HS-grad,,?,?,?,?,?,1082.9701,,40.425713, United-States, <=50K
,?,,?,,?, Craft-repair,?,?, Male,1082.9701,87.670456,, United-States,?
38.579506,?,,?,,?,?,?, White, Male,,,, United-States, <=50K
, Private,,?,10.067414,?,?, Husband, White,?,1082.9701,,,?,?
,?,,?,, Married-civ-spouse,?,?,?,?,1082.9701,87.670456,,?,?
38.579506,?,,?,, Married-civ-spouse,?,?, White,?,,,,?,?
,?,189484.39,?,,?, Craft-repair,?,?,?,,,,?,?
,?,,?,,?,?,?,?, Male,1082.9701,,40.425713, United-States,?
,?,,?,,?,?,?,?,?,,,,?, <=50K
38.579506,?,,?,,?,?,?,?,?,,,,?,?
,?,,?,,?,?,?,?,?,,,, United-States,?
, Private,189484.39,?,,?,?,?,?,?,,,,?,?
,?,,?,, Married-civ-spouse, Craft-repair, Husband,?,?,,,,?,?
, Private,,?,, Married-civ-spouse,?,?,?,?,,,,?,?
,?,, HS-grad,,?,?, Husband, White,?,,87.670456,,?,?
,?,189484.39,?,,?, Craft-repair,?,?,?,1082.9701,,,?, <=50K
,?,,?,10.067414,?,?, Husband,?,?,,87.670456,,?,?
,?,,?,, Married-civ-spouse,?, Husband, White,?,,,,?, <=50K
,?,,?,,?,?,?,?, Male,,,,?,?
,?,,?,,?,?, Husband,?,?,,,40.425713,?, <=50K
,?,,?,,?,?,?,?,?,,,,?,?
,?,,?,10.067414,?,?,?,?, Male,1082.9701,,, United-States,?
,?,,?,,?, Craft-repair, Husband,?,?,,,,?,?
38.579506,?,,?,,?, Craft-repair, Husband, White,?,1082.9701,,,?,?
,?,189484.39,?,,?,?,?, White,?,,,,?,?
,?,189484.39,?,10.067414, Married-civ-spouse,?,?,?, Male,1082.9701,87.670456,, United-States,?
,?,189484.39,?,10.067414,?, Craft-repair,?,?,?,,,, United-States,?
, Private,189484.39,?,,?, Craft-repair,?,?,?,,,,?,?
,?,,?,,?,?,?, White,?,,87.670456,,?,?
, Private,189484.39,?,,?,?,?, White,?,,87.670456,, United-States,?
38.579506,?,,?,10.067414,?,?,?, White,?,,,,?, <=50K
38.579506,?,,?,,?,?, Husband,?,?,,,40.425713,?,?
38.579506,?,,?,,?,?,?,?,?,,,, United-States,?
,?,,?,10.067414, Married-civ-spouse, Craft-repair,?,?, Male,,87.670456,,?,?
,?,, HS-grad,, Married-civ-spouse,?,?,?,?,1082.9701,87.670456,,?,?
, Private,189484.39,?,,?,?,?, White, Male,,,,?,?
,?,,?,, Married-civ-spouse,?,?,?,?,,,,?,?
38.579506,?,,?,, Married-civ-spouse, Craft-repair, Husband,?,?,,87.670456,,?,?
,?,,?,,?,?,?, White,?,,,, United-States,?
,?,,?,,?,?,?,?,?,1082.9701,,,?,?
,?,,?,10.067414,?,?,?,?,?,,,,?, <=50K
, Private,189484.39,?,,?,?,?,?, Male,,,,?,?
,?,, HS-grad,, Married-civ-spouse,?,?,?,?,,,40.425713,?,?
,?,,?,,?,?,?,?,?,1082.9701,,,?,?
,?,,?,10.067414,?,?, Husband,?,?,1082.9701,,,?,?
,?,,?,,?,?,?,?,?,,87.670456,, United-States, <=50K
,?,,?,,?,?,?,?,?,,,,?,?
,?,,?,,?, Craft-repair, Husband,?,?,,,,?,?
,?,189484.39,?,, Married-civ-spouse,?,?,?,?,,,40.425713,?, <=50K
,?,189484.39,?,,?,?,?,?,?,,,,?, <=50K
,?,,?,, Married-civ-spouse,?,?,?,?,,,,?, <=50K
38.579506,?,, HS-grad,,?,?, Husband,?, Male,,,40.425713,?,?
,?,189484.39,?,10.067414,?,?, Husband,?,?,1082.9701,,,?,?
,?,,?,,?,?,?,?,?,1082.9701,,,?,?
38.579506,?,,?,,?,?,?,?,?,1082.9701,,,?,?
,?,,?,,?,?,?,?,?,1082.9701,,40.425713, United-States,?
38.579506,?,,?,,?,?,?, White,?,1082.9701,,,?,?
,?,, HS-grad,, Married-civ-spouse,?, Husband,?,?,,87.670456,40.425713,?,?
,?,,?,,?, Craft-repair,?,?,?,,,, United-States,?
38.579506,?,189484.39,?,, Married-civ-spouse, Craft-repair,?,?,?,,,, United-States, <=50K
,?,,?,,?,?,?,?, Male,,,,?,?
,?,,?,,?,?,?,?,?,,,40.425713, United-States, <=50K
,?,,?,10.067414,?,?,?,?,?,,,40.425713, United-States,?
,?,,?,,?,?,?,?,?,,,40.425713,?,?
38.579506,?,189484.39,?,10.067414,?,?,?,?, Male,,,,?,?
,?,,?,10.067414,?,?,?,?,?,,,, United-States,?
,?,, HS-grad,,?,?,?,?,?,1082.9701,,,?,?
,?,,?,,?,?,?,?,?,,,40.425713,?, <=50K
,?,,?,,?,?, Husband,?,?,1082.9701,,,?,?
,?,, HS-grad,,?,?,?,?,?,,87.670456,,?,?
,?,189484.39,?,,?,?, Husband, White,?,,,, United-States,?
, Private,,?,, Married-civ-spouse, Craft-repair,?,?,?,,,,?,?
38.579506,?,189484.39,?,,?, Craft-repair, Husband,?,?,,,,?,?
,?,,?,,?,?,?, White,?,,,,?, <=50K
, Private,,?,,?, Craft-repair,?,?,?,,,, United-States,?
,?,,?,,?,?,?,?,?,,,40.425713,?,?
,?,,?,,?,?,?,?,?,,,,?,?
,?,, HS-grad,,?,?, Husband,?,?,,,, United-States,?
,?,,?,,?,?, Husband,?,?,,,40.425713, United-States,?
38.579506,?,, HS-grad,,?, Craft-repair, Husband, White,?,,,,?,?
,?,,?,,?,?,?,?,?,,,,?,?
38.579506,?,189484.39,?,,?,?,?,?, Male,,,40.425713,?, <=50K
, Private,,?,,?,?,?,?,?,,,,?,?
38.579506,?,, HS-grad,,?,?,?,?,?,,,40.425713,?, <=50K
, Private,,?,,?, Craft-repair,?,?,?,,,,?,?
,?,,?,,?, Craft-repair,?,?,?,1082.9701,87.670456,,?,?
,?,,?,,?,?, Husband,?, Male,,87.670456,,?, <=50K
38.579506,?,,?,,?,?,?,?,?,,,,?, <=50K
38.579506,?,,?,,?,?,?,?,?,,,,?, <=50K
,?,,?,10.067414,?,?,?,?,?,,,40.425713, United-States,?
,?,,?,,?,?,?,?,?,,,,?,?
,?,,?,,?,?,?,?,?,,,,?,?
,?,,?,10.067414,?,?, Husband,?,?,,,,?,?
, Private,,?,,?,?,?,?, Male,,,,?, <=50K
,?,,?,,?,?, Husband,?, Male,,,,?,?
, Private,,?,10.067414,?, Craft-repair,?,?,?,,87.670456,,?,?
,?,,?,,?,?, Husband,?, Male,1082.9701,,,?,?
,?,,?,,?,?,?,?, Male,,87.670456,40.425713,?,?
,?,,?,10.067414, Married-civ-spouse, Craft-repair, Husband,?,?,,87.670456,,?, <=50K
,?,,?,,?,?,?,?, Male,,,40.425713,?,?
38.579506,?,,?,, Married-civ-spouse,?,?, White,?,,,40.425713,?,?
,?,,?,,?, Craft-repair,?,?,?,1082.9701,,,?,?
, Private,,?,,?,?,?, White,?,,,,?,?
, Private,189484.39,?,, Married-civ-spouse,?,?,?,?,,,,?,?
,?,,?,,?,?,?,?, Male,,,,?,?
38.579506,?,,?,, Married-civ-spouse,?,?,?, Male,,,,?,?
,?,,?,, Married-civ-spouse,?,?, White,?,,,,?, <=50K
,?,, HS-grad,,?,?, Husband,?,?,,,,?,?
,?,, HS-grad,,?,?,?,?,?,,,,?, <=50K
,?,,?,,?,?,?, White,?,,87.670456,, United-States,?
38.579506,?,,?,,?,?, Husband,?, Male,,,40.425713,?,?
38.579506,?,, HS-grad,,?,?,?,?,?,,,,?,?
,?,, HS-grad,,?,?,?,?,?,,,,?, <=50K
,?,,?,, Married-civ-spouse,?,?,?,?,,,,?, <=50K
,?,,?,,?,?,?,?,?,,,40.425713,?, <=50K
,?,,?,10.067414, Married-civ-spouse,?, Husband,?, Male,,,,?,?
,?,,?,,?,?,?, White,?,,87.670456,,?, <=50K
38.579506,?,189484.39,?,,?,?,?,?,?,1082.9701,,40.425713,?,?
, Private,,?,,?,?,?,?,?,,87.670456,, United-States, <=50K
,?,,?,10.067414,?,?,?, White,?,1082.9701,,,?,?
,?,189484.39,?,10.067414,?, Craft-repair, Husband,?,?,1082.9701,87.670456,,?,?
,?,,?,,?, Craft-repair,?,?, Male,1082.9701,,40.425713,?,?
, Private,,?,,?,?,?,?,?,,87.670456,,?,?
,?,, HS-grad,10.067414,?,?,?,?,?,1082.9701,,,?, <=50K
,?,,?,,?, Craft-repair,?,?, Male,,,,?, <=50K
,?,,?,,?,?,?,?,?,,87.670456,,?, <=50K
,?,,?,10.067414,?,?, Husband,?,?,,,40.425713,?,?
, Private,, HS-grad,,?,?, Husband,?,?,1082.9701,,,?,?
,?,,?,,?,?, Husband,?,?,1082.9701,,, United-States, <=50K
, Private,189484.39,?,,?,?,?, White,?,1082.9701,,,?,?
,?,,?,, Married-civ-spouse, Craft-repair,?,?,?,,87.670456,, United-States,?
,?,,?,10.067414,?,?,?, White,?,1082.9701,,40.425713,?,?
,?,, HS-grad,,?,?,?, White, Male,1082.9701,,,?,?
38.579506, Private,,?,, Married-civ-spouse,?,?, White,?,,87.670456,, United-States,?
,?,,?,,?,?,?,?,?,1082.9701,,,?, <=50K
,?,, HS-grad,,?,?,?,?,?,1082.9701,,,?,?
,?,,?,,?,?,?,?, Male,,87.670456,, United-States,?
, Private,,?,,?,?,?, White,?,,,,?,?
38.579506,?,,?,,?,?,?,?,?,,,,?,?
,?,,?,, Married-civ-spouse,?,?, White,?,,,40.425713,?, <=50K
,?,, HS-grad,,?,?,?,?,?,,87.670456,,?,?
,?,,?,,?,?, Husband,?,?,,87.670456,,?,?
38.579506,?,, HS-grad,, Married-civ-spouse,?,?, White,?,,,,?,?
38.579506,?,, HS-grad,,?,?,?,?, Male,1082.9701,87.670456,40.425713,?, <=50K
,?,,?,,?,?, Husband, White,?,,,,?,?
, Private,189484.39, HS-grad,,?,?,?, White, Male,,,,?, <=50K
38.579506, Private,,?,,?,?,?,?, Male,,,,?,?
, Private,,?,10.067414,?,?, Husband,?,?,,,,?,?
, Private,,?,,?, Craft-repair,?,?,?,,,,?,?
38.579506,?,,?,,?,?,?,?,?,,87.670456,,?,?
,?,, HS-grad,,?, Craft-repair,?,?,?,,,,?, <=50K
38.579506,?,, HS-grad,,?,?,?,?, Male,,87.670456,,?,?
38.579506,?,, HS-grad,10.067414,?,?,?,?,?,,87.670456,40.425713,?, <=50K
,?,,?,,?,?,?, White,?,,,,?,?
38.579506,?,189484.39, HS-grad,, Married-civ-spouse, Craft-repair,?,?,?,,,,?,?
,?,, HS-grad,,?,?,?,?,?,,87.670456,, United-States, <=50K
38.579506,?,189484.39,?,,?, Craft-repair,?,?, Male,,87.670456,40.425713,?,?
,?,,?,,?,?, Husband,?,?,,87.670456,,?,?
,?,189484.39,?,, Married-civ-spouse,?, Husband,?,?,,87.670456,,?,?
,?,,?,,?,?, Husband,?,?,,,,?,?
, Private,, HS-grad,,?,?,?,?, Male,,,,?, <=50K
,?,189484.39,?,,?,?,?,?, Male,,,,?,?
,?,,?,,?, Craft-repair,?,?,?,1082.9701,,,?,?
, Private,189484.39,?,10.067414, Married-civ-spouse, Craft-repair,?,?,?,,,,?,?
,?,, HS-grad,,?,?,?,?,?,,,,?, <=50K
,?,, HS-grad,,?,?,?, White,?,,,,?,?
38.579506,?,189484.39,?,,?, Craft-repair,?,?,?,,,,?, <=50K
, Private,189484.39,?,10.067414,?,?,?,?,?,1082.9701,,,?, <=50K
38.579506,?,,?,, Married-civ-spouse,?,?,?,?,,87.670456,,?,?
, Private,,?,,?,?,?,?, Male,1082.9701,,, United-States,?
,?,,?,,?,?,?, White,?,,,40.425713,?, <=50K
,?,,?,,?,?, Husband, White, Male,,87.670456,,?,?
38.579506, Private,, HS-grad,,?,?,?,?,?,,87.670456,40.425713,?,?
, Private,, HS-grad,,?, Craft-repair,?,?,?,,87.670456,, United-States,?
,?,,?,,?,?, Husband,?,?,,87.670456,, United-States,?
,?,189484.39, HS-grad,10.067414,?,?, Husband,?,?,,87.670456,, United-States,?
38.579506,?,,?,,?, Craft-repair, Husband,?,?,,,40.425713,?, <=50K
,?,,?,,?,?,?,?,?,1082.9701,,40.425713,?,?
,?,189484.39,?,, Married-civ-spouse, Craft-repair,?,?,?,,,40.425713,?,?
,?,,?,,?,?, Husband,?,?,1082.9701,87.670456,,?,?
,?,, HS-grad,,?,?,?,?,?,,,40.425713,?,?
38.579506, Private,, HS-grad,,?,?,?, White,?,1082.9701,,,?,?
38.579506,?,,?,,?,?,?,?,?,,,, United-States,?
,?,,?,, Married-civ-spouse,?, Husband,?,?,,,,?, <=50K
38.579506,?,,?,, Married-civ-spouse, Craft-repair,?,?,?,1082.9701,,, United-States, <=50K
,?,189484.39,?,,?,?,?,?,?,1082.9701,,,?,?
,?,,?,10.067414,?,?, Husband,?,?,,,,?,?
,?,,?,10.067414,?,?,?, White,?,,,, United-States,?
,?,,?,,?,?, Husband, White,?,,,,?,?
,?,,?,, Married-civ-spouse,?,?,?, Male,1082.9701,,40.425713,?,?
38.579506,?,189484.39, HS-grad,,?,?,?, White, Male,,87.670456,,?, <=50K
,?,,?,,?,?,?,?,?,,,,?,?
38.579506,?,189484.39, HS-grad,,?,?, Husband,?,?,1082.9701,87.670456,,?,?
,?,,?,,?,?,?,?,?,,,,?,?
,?,,?,,?, Craft-repair,?, White,?,1082.9701,,,?,?
,?,189484.39,?,,?,?,?,?,?,,,40.425713,?,?
,?,,?,10.067414,?,?,?,?,?,1082.9701,87.670456,,?,?
,?,,?,,?,?, Husband,?,?,,,,?,?
, Private,,?,, Married-civ-spouse, Craft-repair,?,?,?,,87.670456,,?, <=50K
,?,189484.39,?,, Married-civ-spouse,?,?, White,?,,,,?, <=50K
,?,189484.39,?,,?,?,?, White,?,1082.9701,,40.425713,?,?
,?,,?,,?, Craft-repair,?,?,?,,87.670456,, United-States,?
38.579506,?,189484.39,?,,?,?,?,?,?,,,,?,?
38.579506,?,,?,10.067414,?,?,?,?,?,1082.9701,,, United-States, <=50K
,?,, HS-grad,, Married-civ-spouse,?,?, White, Male,1082.9701,,,?,?
,?,,?,,?,?, Husband,?,?,1082.9701,,,?,?
38.579506,?,189484.39,?,,?, Craft-repair, Husband,?,?,,,,?,?
,?,,?,, Married-civ-spouse,?,?,?,?,,,,?,?
,?,189484.39,?,, Married-civ-spouse, Craft-repair,?,?,?,,,,?, <=50K
,?,,?,,?,?, Husband,?,?,,,,?,?
,?,,?,,?,?, Husband,?,?,,,,?, <=50K
38.579506,?,,?,,?,?,?,?,?,1082.9701,,40.425713,?,?
,?,, HS-grad,,?,?,?,?,?,,,,?, <=50K
,?,, HS-grad,,?,?,?,?, Male,,,, United-States, <=50K
,?,189484.39,?,,?,?,?,?,?,,,,?,?
,?,,?,,?,?,?,?,?,,87.670456,, United-States, <=50K
,?,,?,10.067414, Married-civ-spouse, Craft-repair,?,?,?,,,,?,?
,?,,?,,?,?,?,?,?,,,,?, <=50K
, Private,,?,10.067414, Married-civ-spouse, Craft-repair,?,?,?,,,, United-States,?
,?,189484.39,?,,?,?,?,?,?,,,,?,?
38.579506,?,, HS-grad,,?,?,?,?, Male,,87.670456,,?, <=50K
,?,, HS-grad,,?,?,?,?,?,,87.670456,,?,?
38.579506,?,189484.39,?,, Married-civ-spouse,?, Husband,?, Male,,,,?,?
,?,, HS-grad,10.067414,?,?, Husband,?,?,,,,?,?
,?,,?,,?,?,?,?,?,,,,?, <=50K
,?,,?,,?,?,?, White,?,1082.9701,,40.425713,?,?
,?,, HS-grad,, Married-civ-spouse,?,?,?,?,,,,?,?
,?,, HS-grad,,?,?,?,?, Male,1082.9701,87.670456,,?,?
,?,, HS-grad,10.067414,?,?,?,?,?,,87.670456,40.425713,?,?
, Private,189484.39,?,10.067414, Married-civ-spouse,?,?,?, Male,,,,?,?
,?,,?,10.067414,?,?,?,?, Male,1082.9701,,,?, <=50K
38.579506,?,,?,,?,?, Husband,?,?,,,, United-States, <=50K
,?,, HS-grad,,?,?, Husband,?,?,,87.670456,,?,?
38.579506,?,189484.39, HS-grad,,?, Craft-repair,?,?,?,,,40.425713,?,?
,?,,?,,?,?,?, White,?,,,, United-States,?
38.579506, Private,, HS-grad,10.067414,?,?,?, White, Male,,,,?,?
,?,, HS-grad,,?,?,?,?, Male,,87.670456,,?,?
,?,,?,, Married-civ-spouse, Craft-repair,?,?,?,,87.670456,40.425713,?,?
,?,,?,,?,?, Husband,?, Male,,,,?,?
,?,,?,,?, Craft-repair,?, White,?,,87.670456,, United-States,?
,?,189484.39, HS-grad,,?,?,?,?, Male,,,,?,?
38.579506,?,189484.39,?,, Married-civ-spouse,?,?,?,?,,,, United-States,?
38.579506,?,,?,10.067414,?,?,?, White,?,,,40.425713,?,?
,?,,?,, Married-civ-spouse,?, Husband, White, Male,,87.670456,,?,?
,?,189484.39,?,,?,?,?,?,?,1082.9701,,,?,?
38.579506,?,,?,,?,?,?,?, Male,1082.9701,,,?,?
, Private,189484.39, HS-grad,, Married-civ-spouse,?,?,?,?,,,, United-States,?
,?,189484.39,?,,?,?, Husband,?,?,,,,?,?
,?,,?,,?, Craft-repair,?,?,?,,,40.425713,?,?
, Private,,?,,?,?,?,?,?,,87.670456,,?,?
,?,, HS-grad,,?,?,?,?,?,1082.9701,87.670456,,?,?
, Private,, HS-grad,,?, Craft-repair,?,?,?,,,,?,?
,?,,?,,?,?,?,?, Male,,,40.425713,?,?
,?,,?,,?, Craft-repair, Husband,?,?,,,, United-States,?
,?,,?,,?,?,?,?,?,1082.9701,,,?,?
38.579506,?,,?,,?,?, Husband,?,?,,87.670456,40.425713,?, <=50K
,?,, HS-grad,,?,?, Husband, White, Male,,,,?,?
,?,,?,,?,?, Husband,?,?,,,,?,?
,?,, HS-grad,,?,?,?,?,?,,,40.425713,?,?
38.579506,?,189484.39,?,10.067414,?,?,?,?,?,,87.670456,,?, <=50K
,?,,?,,?, Craft-repair,?,?,?,,,, United-States,?
38.579506, Private,189484.39, HS-grad,10.067414, Married-civ-spouse,?,?, White,?,,,, United-States,?
,?,,?,,?,?,?,?,?,,87.670456,,?, <=50K
,?,189484.39,?,,?,?,?,?,?,,,, United-States,?
,?,,?,10.067414,?,?,?,?, Male,1082.9701,,,?,?
38.579506,?,,?,,?, Craft-repair, Husband,?,?,,,,?, <=50K
,?,189484.39,?,,?,?, Husband,?,?,,87.670456,, United-States,?
,?,,?,, Married-civ-spouse,?,?,?,?,,,40.425713,?,?
,?,,?,,?,?,?,?,?,1082.9701,87.670456,, United-States,?
,?,,?,, Married-civ-spouse, Craft-repair, Husband,?,?,,87.670456,,?,?
,?,,?,,?, Craft-repair,?, White,?,,,,?,?
,?,, HS-grad,,?,?,?,?,?,,87.670456,,?,?
,?,,?,,?,?, Husband,?,?,,87.670456,,?,?
38.579506, Private,, HS-grad,,?,?,?,?,?,,,,?,?
,?,,?,10.067414,?,?,?,?,?,,,,?,?
,?,,?,, Married-civ-spouse,?,?,?,?,,,,?,?
,?,,?,,?, Craft-repair, Husband,?,?,1082.9701,,, United-States,?
,?,,?,,?,?, Husband,?,?,1082.9701,,40.425713,?,?
38.579506,?,189484.39,?,,?,?,?,?,?,,,, United-States, <=50K
, Private,, HS-grad,,?,?, Husband,?,?,1082.9701,,,?,?
,?,,?,,?, Craft-repair,?, White, Male,1082.9701,,,?,?
, Private,,?,10.067414,?,?,?, White,?,1082.9701,,40.425713,?,?
, Private,,?,,?,?,?,?,?,,,,?,?
,?,, HS-grad,, Married-civ-spouse, Craft-repair,?,?,?,,,, United-States,?
, Private,,?,,?,?,?,?,?,,,,?,?
38.579506,?,189484.39, HS-grad,, Married-civ-spouse,?,?,?, Male,,,,?,?
,?,,?,,?,?,?, White,?,,,,?,?
,?,189484.39,?,10.067414,?,?,?,?,?,,,,?, <=50K
,?,189484.39,?,10.067414, Married-civ-spouse,?, Husband,?,?,,,, United-States, <=50K
,?,,?,10.067414, Married-civ-spouse,?,?,?, Male,,,,?,?
, Private,,?,, Married-civ-spouse,?, Husband,?,?,1082.9701,87.670456,40.425713,?, <=50K
,?,189484.39,?,,?,?,?, White,?,,,,?,?
,?,,?,, Married-civ-spouse,?, Husband,?,?,,,,?,?
,?,,?,,?,?,?,?,?,1082.9701,,, United-States, <=50K
38.579506,?,,?,,?, Craft-repair,?,?,?,,,,?, <=50K
38.579506,?,, HS-grad,,?,?, Husband,?,?,,,,?,?
,?,,?,,?,?,?,?, Male,,,,?,?
38.579506,?,189484.39,?,,?, Craft-repair,?,?, Male,,,,?,?
,?,,?,, Married-civ-spouse,?,?, White,?,,,,?,?
38.579506, Private,, HS-grad,,?,?,?,?,?,,,,?, <=50K
,?,,?,10.067414, Married-civ-spouse,?,?,?,?,,,40.425713,?,?
38.579506,?,189484.39,?,, Married-civ-spouse,?,?,?,?,1082.9701,,,?,?
,?,,?,, Married-civ-spouse,?,?,?,?,,,, United-States,?
,?,, HS-grad,,?,?,?,?,?,,,, United-States, <=50K
, Private,, HS-grad,,?,?, Husband, White,?,,,,?,?
,?,,?,,?, Craft-repair,?,?,?,1082.9701,87.670456,,?, <=50K
,?,,?,, Married-civ-spouse,?, Husband, White,?,,87.670456,,?,?
38.579506,?,, HS-grad,,?,?,?,?,?,,,,?,?
38.579506,?,,?,,?,?,?, White,?,,,,?,?
38.579506,?,189484.39,?,,?,?, Husband, White,?,1082.9701,,,?,?
,?,,?,, Married-civ-spouse, Craft-repair, Husband, White,?,,87.670456,,?,?
,?,,?,10.067414,?, Craft-repair,?,?,?,,,40.425713,?, <=50K
,?,,?,10.067414,?, Craft-repair, Husband, White,?,1082.9701,,, United-States,?
,?,, HS-grad,,?,?,?,?,?,1082.9701,87.670456,, United-States,?
,?,189484.39,?,,?, Craft-repair,?,?,?,,,,?,?
,?,,?,10.067414,?, Craft-repair, Husband,?,?,,,40.425713,?,?
,?,,?,10.067414,?,?,?, White, Male,,,,?,?
, Private,,?,,?,?,?,?,?,,,,?,?
,?,,?,, Married-civ-spouse,?,?,?, Male,,,,?,?
,?,,?,,?,?, Husband,?,?,,,,?,?
,?,189484.39,?,10.067414,?, Craft-repair, Husband,?,?,,87.670456,, United-States, <=50K
, Private,,?,,?,?, Husband,?,?,,,40.425713,?,?
,?,,?,,?,?, Husband,?, Male,1082.9701,,,?, <=50K
,?,,?,,?,?, Husband,?, Male,,87.670456,,?,?
,?,,?,,?,?,?,?,?,,,,?, <=50K
, Private,,?,10.067414, Married-civ-spouse, Craft-repair,?,?,?,,,,?, <=50K
38.579506,?,,?,10.067414,?,?,?,?, Male,1082.9701,87.670456,,?,?
,?,189484.39,?,,?, Craft-repair,?, White,?,,87.670456,,?,?
,?,, HS-grad,,?,?, Husband,?,?,,87.670456,,?,?
, Private,,?,,?, Craft-repair, Husband, White,?,,87.670456,,?,?
, Private,,?,10.067414, Married-civ-spouse,?,?,?,?,1082.9701,87.670456,,?,?
,?,,?,,?,?,?,?, Male,,,,?,?
,?,,?,10.067414,?,?,?,?,?,1082.9701,,,?,?
,?,,?,,?,?,?,?, Male,,,,?,?
,?,,?,,?, Craft-repair,?,?, Male,,87.670456,,?,?
,?,,?,, Married-civ-spouse,?,?,?,?,,,,?,?
38.579506, Private,,?,,?, Craft-repair,?,?,?,,,,?,?
,?,, HS-grad,,?,?, Husband,?,?,1082.9701,87.670456,, United-States,?
,?,189484.39,?,,?,?,?,?,?,,,,?,?
38.579506,?,, HS-grad,,?,?,?, White,?,1082.9701,87.670456,,?,?
,?,,?,,?, Craft-repair,?,?,?,,,,?,?
38.579506,?,,?,,?,?,?,?,?,,,,?,?
, Private,,?,,?, Craft-repair, Husband, White,?,,,,?, <=50K
,?,189484.39, HS-grad,,?,?,?,?,?,,,, United-States,?
,?,,?,,?, Craft-repair,?,?,?,,,40.425713,?,?
,?,,?,,?,?,?,?,?,1082.9701,87.670456,40.425713,?,?
, Private,189484.39,?,,?,?,?,?,?,,87.670456,40.425713,?, <=50K
,?,, HS-grad,,?, Craft-repair,?,?,?,,87.670456,, United-States,?
,?,,?,,?,?,?,?,?,,,,?,?
, Private,189484.39,?,,?,?,?,?,?,,,,?,?
,?,189484.39,?,,?,?,?,?,?,,,, United-States,?
, Private,,?,,?,?, Husband,?, Male,,87.670456,40.425713,?,?
,?,,?,,?,?,?,?, Male,1082.9701,,,?,?
,?,,?,,?,?, Husband, White, Male,,,,?, <=50K
,?,,?,,?,?,?,?,?,,,, United-States,?
,?,189484.39,?,,?,?,?,?,?,,,40.425713,?,?
,?,189484.39,?,,?,?, Husband, White,?,,,,?, <=50K
, Private,,?,10.067414,?,?,?,?,?,,,, United-States,?
,?,,?,10.067414,?,?,?,?,?,,,,?,?
,?,,?,,?,?,?,?,?,,87.670456,,?,?
, Private,, HS-grad,,?,?, Husband,?,?,,,,?,?
, Private,,?,,?,?, Husband,?,?,,,,?,?
,?,,?,,?, Craft-repair,?,?,?,1082.9701,87.670456,, United-States,?
38.579506,?,189484.39,?,,?,?,?,?, Male,1082.9701,,,?,?
,?,, HS-grad,,?, Craft-repair,?,?,?,,,,?,?
38.579506, Private,, HS-grad,10.067414, Married-civ-spouse, Craft-repair,?, White,?,,87.670456,, United-States,?
38.579506,?,,?,,?,?,?,?,?,1082.9701,,,?,?
,?,, HS-grad,,?,?,?, White,?,,,40.425713,?,?
,?,,?,10.067414,?,?,?,?,?,,,,?,?
38.579506,?,, HS-grad,,?, Craft-repair,?,?, Male,,,,?, <=50K
, Private,,?,,?,?,?,?,?,,,,?,?
, Private,, HS-grad,,?,?,?,?,?,,87.670456,40.425713,?,?
, Private,,?,,?,?,?,?,?,1082.9701,,40.425713,?,?
,?,,?,,?,?,?,?,?,,,,?, <=50K
38.579506,?,189484.39,?,, Married-civ-spouse,?,?,?,?,1082.9701,,,?,?
,?,189484.39,?,10.067414,?, Craft-repair, Husband,?,?,,87.670456,,?,?
,?,,?,,?,?, Husband, White,?,,87.670456,,?,?
,?,,?,,?,?,?, White,?,,,40.425713,?,?
38.579506, Private,,?,,?,?, Husband, White, Male,,,40.425713, United-States, <=50K
38.579506,?,189484.39,?,,?,?,?,?,?,1082.9701,,,?,?
, Private,,?,10.067414,?,?, Husband,?, Male,1082.9701,,40.425713,?,?
,?,,?,,?,?,?, White,?,,,,?, <=50K
,?,189484.39,?,,?,?, Husband,?,?,1082.9701,87.670456,40.425713,?,?
,?,,?,,?,?, Husband,?, Male,,87.670456,, United-States,?
38.579506, Private,189484.39,?,, Married-civ-spouse, Craft-repair,?, White,?,,87.670456,40.425713, United-States,?
,?,189484.39, HS-grad,,?,?,?, White,?,,,, United-States, <=50K
,?,,?,10.067414,?, Craft-repair,?,?,?,1082.9701,,,?, <=50K
,?,, HS-grad,,?, Craft-repair,?,?,?,,,,?,?
,?,,?,,?,?, Husband,?,?,,87.670456,,?,?
, Private,,?,10.067414,?,?, Husband, White,?,,,, United-States,?
,?,189484.39,?,,?, Craft-repair,?,?, Male,1082.9701,,,?,?
,?,,?,10.067414,?, Craft-repair,?,?,?,,,,?,?
,?,,?,, Married-civ-spouse,?,?,?, Male,,,,?,?
, Private,189484.39,?,,?,?,?,?,?,,,,?,?
38.579506, Private,,?,,?,?,?,?, Male,,87.670456,,?,?
,?,,?,,?,?,?,?,?,,,,?,?
,?,, HS-grad,,?,?, Husband,?,?,,,,?,?
, Private,,?,, Married-civ-spouse,?,?,?,?,1082.9701,,, United-States,?
, Private,189484.39,?,10.067414, Married-civ-spouse, Craft-repair,?, White,?,,,,?,?
, Private,,?,,?,?,?,?,?,,87.670456,,?, <=50K
38.579506, Private,,?,,?,?,?,?,?,,,,?, <=50K
,?,189484.39,?,,?,?,?,?,?,1082.9701,,,?,?
,?,,?,,?,?, Husband,?,?,,87.670456,40.425713,?,?
,?,,?,,?,?,?,?, Male,1082.9701,,,?,?
, Private,,?,,?,?,?,?,?,,,,?,?
,?,,?,10.067414, Married-civ-spouse,?, Husband,?, Male,,,, United-States, <=50K
,?,,?,, Married-civ-spouse,?,?, White,?,1082.9701,,,?, <=50K
, Private,,?,10.067414,?,?,?,?,?,,87.670456,40.425713, United-States,?
,?,, HS-grad,10.067414,?, Craft-repair,?,?,?,,,,?, <=50K
, Private,,?,,?, Craft-repair,?,?,?,,,40.425713,?,?
,?,,?,,?, Craft-repair,?,?,?,,,40.425713,?,?
,?,,?,, Married-civ-spouse,?,?,?,?,,,,?,?
,?,,?,,?,?,?,?, Male,,,,?,?
,?,, HS-grad,,?,?,?,?,?,,,, United-States, <=50K
, Private,,?,,?,?,?,?,?,,,,?,?
, Private,, HS-grad,, Married-civ-spouse,?,?,?,?,,,, United-States, <=50K
, Private,, HS-grad,,?,?,?,?,?,,,40.425713,?,?
,?,,?,,?, Craft-repair,?,?,?,,,,?,?
,?,,?,,?,?,?, White,?,,,40.425713,?, <=50K
,?,,?,10.067414,?,?,?, White,?,,87.670456,,?,?
,?,189484.39,?,,?, Craft-repair,?,?,?,1082.9701,,,?,?
,?,,?,10.067414,?,?,?,?,?,,,,?,?
,?,189484.39,?,,?,?,?, White,?,,87.670456,40.425713,?,?
,?,,?,,?,?,?,?,?,,87.670456,,?,?
,?,,?,,?, Craft-repair,?,?,?,1082.9701,,, United-States,?
,?,189484.39,?,10.067414,?,?,?, White,?,,,, United-States,?
38.579506, Private,, HS-grad,, Married-civ-spouse,?,?,?,?,,,,?,?
38.579506,?,, HS-grad,,?,?, Husband,?, Male,1082.9701,,,?,?
38.579506,?,,?,,?,?,?, White,?,,,,?,?
,?,,?,,?,?, Husband,?,?,,,,?, <=50K
,?,, HS-grad,, Married-civ-spouse,?,?,?,?,,87.670456,,?,?
,?,,?,10.067414,?,?,?, White, Male,,,,?,?
,?,189484.39,?,,?, Craft-repair,?, White, Male,,,,?,?
,?,, HS-grad,10.067414,?,?, Husband, White, Male,,,,?,?
, Private,189484.39,?,,?,?, Husband, White, Male,,,,?,?
38.579506,?,,?,,?,?,?,?,?,,,, United-States,?
,?,,?,,?,?,?, White,?,,,40.425713,?, <=50K
,?,,?,,?,?,?,?, Male,1082.9701,,40.425713,?,?
,?,,?,,?,?, Husband,?,?,,,40.425713,?,?
,?,,?,,?,?,?, White,?,,,,?,?
,?,,?,10.067414, Married-civ-spouse,?,?,?,?,,,,?, <=50K
,?,,?,,?, Craft-repair,?,?,?,,,,?,?
,?,,?,,?,?, Husband, White,?,,,40.425713,?,?
,?,,?,,?,?, Husband,?,?,1082.9701,,,?,?
,?,,?,,?,?,?,?,?,,,,?, <=50K
, Private,,?,, Married-civ-spouse,?, Husband,?,?,,,,?,?
,?,189484.39,?,,?,?,?,?,?,,,,?,?
38.579506,?,189484.39, HS-grad,10.067414,?, Craft-repair, Husband,?,?,,,40.425713,?,?
, Private,,?,,?,?,?,?,?,,,,?,?
38.579506,?,, HS-grad,,?,?,?,?,?,1082.9701,,,?,?
38.579506, Private,, HS-grad,, Married-civ-spouse,?,?, White,?,,,40.425713,?, <=50K
,?,,?,, Married-civ-spouse,?,?,?,?,,,,?,?
38.579506,?,189484.39,?,10.067414, Married-civ-spouse,?,?,?, Male,,87.670456,,?,?
,?,189484.39, HS-grad,,?,?, Husband,?,?,1082.9701,87.670456,,?,?
, Private,,?,,?,?,?,?,?,,,,?,?
,?,, HS-grad,,?,?,?,?, Male,,,,?, <=50K
, Private,,?,, Married-civ-spouse,?,?,?, Male,,,, United-States,?
,?,,?,10.067414,?, Craft-repair,?,?,?,,,, United-States,?
,?,, HS-grad,,?,?,?,?,?,,,,?, <=50K
38.579506,?,,?,10.067414, Married-civ-spouse,?, Husband,?,?,,,,?,?
, Private,,?,,?,?,?,?,?,1082.9701,,,?,?
,?,,?,10.067414,?,?,?,?,?,1082.9701,,,?, <=50K
,?,,?,10.067414,?,?,?,?,?,,87.670456,,?,?
, Private,,?,,?,?,?, White,?,1082.9701,,,?,?
,?,,?,,?,?,?,?, Male,1082.9701,,,?,?
, Private,, HS-grad,,?,?, Husband, White,?,,,,?, <=50K
, Private,189484.39,?,,?,?,?,?,?,,,,?,?
, Private,,?,10.067414,?,?,?,?,?,,,,?, <=50K
,?,, HS-grad,,?,?,?, White, Male,,,, United-States,?
,?,,?,,?,?,?,?,?,,,40.425713,?,?
,?,, HS-grad,,?,?,?,?, Male,1082.9701,,,?,?
,?,,?,, Married-civ-spouse,?,?,?,?,,,,?, <=50K
,?,, HS-grad,,?,?,?,?,?,,,,?,?
,?,,?,,?,?,?,?,?,,,40.425713,?, <=50K
, Private,,?,,?,?,?, White,?,,87.670456,, United-States,?
,?,189484.39, HS-grad,,?,?, Husband, White,?,,,,?,?
,?,,?,, Married-civ-spouse,?,?,?,?,,87.670456,, United-States,?
38.579506, Private,189484.39,?,10.067414, Married-civ-spouse,?,?,?,?,,,,?,?
38.579506,?,189484.39,?,,?,?,?,?,?,,,,?,?
, Private,,?,,?,?,?,?,?,,,,?,?
,?,, HS-grad,,?, Craft-repair,?,?,?,,87.670456,,?,?
38.579506,?,,?,10.067414,?,?, Husband,?, Male,,,,?,?
,?,,?,,?, Craft-repair,?,?,?,,87.670456,, United-States,?
38.579506, Private,,?,10.067414,?,?,?,?,?,,,40.425713,?,?
,?,, HS-grad,,?, Craft-repair,?,?,?,,,,?,?
,?,,?,10.067414,?,?, Husband,?,?,1082.9701,,40.425713, United-States,?
, Private,189484.39,?,,?, Craft-repair, Husband,?,?,1082.9701,,,?,?
,?,189484.39,?,,?,?,?,?, Male,,,,?, <=50K
,?,,?,,?, Craft-repair,?,?,?,1082.9701,,, United-States,?
38.579506,?,189484.39,?,,?, Craft-repair,?,?, Male,,,, United-States,?
,?,, HS-grad,,?,?,?,?,?,,87.670456,,?,?
38.579506, Private,,?,,?, Craft-repair,?,?, Male,,,, United-States,?
,?,189484.39,?,10.067414, Married-civ-spouse,?,?,?,?,,,, United-States, <=50K
,?,,?,10.067414, Married-civ-spouse,?,?,?,?,,,,?,?
,?,, HS-grad,, Married-civ-spouse,?,?,?,?,,87.670456,,?,?
,?,,?,10.067414, Married-civ-spouse,?,?,?,?,,,, United-States,?
, Private,,?,10.067414, Married-civ-spouse,?,?,?,?,1082.9701,,,?,?
, Private,,?,, Married-civ-spouse,?,?, White,?,1082.9701,,,?, <=50K
,?,, HS-grad,,?,?,?,?,?,,,, United-States,?
, Private,,?,, Married-civ-spouse, Craft-repair,?, White,?,,87.670456,40.425713, United-States,?
, Private,,?,,?,?,?,?, Male,,87.670456,,?,?
, Private,,?,, Married-civ-spouse,?, Husband,?,?,1082.9701,87.670456,,?, <=50K
,?,,?,,?,?,?,?,?,,87.670456,40.425713,?,?
, Private,,?,,?,?, Husband, White,?,,87.670456,,?,?
38.579506,?,189484.39,?,10.067414,?, Craft-repair,?,?,?,1082.9701,,, United-States,?
,?,189484.39,?,,?, Craft-repair,?,?, Male,,,40.425713, United-States, <=50K
,?,,?,, Married-civ-spouse,?,?,?,?,,,40.425713, United-States,?
38.579506,?,,?,,?,?,?,?,?,,,,?, <=50K
,?,,?,,?,?,?,?,?,,,,?,?
38.579506,?,,?,,?,?,?,?,?,,87.670456,40.425713,?,?
, Private,,?,, Married-civ-spouse,?,?,?,?,,,40.425713,?,?
, Private,,?,,?,?, Husband,?,?,,,,?,?
, Private,189484.39, HS-grad,, Married-civ-spouse,?,?,?,?,,87.670456,,?,?
,?,, HS-grad,,?,?,?,?,?,,,,?,?
38.579506,?,,?,,?,?, Husband,?, Male,,87.670456,,?,?
,?,,?,, Married-civ-spouse,?,?,?,?,,,,?,?
,?,,?,,?,?,?,?,?,,,,?,?
,?,,?,,?,?,?,?,?,,87.670456,,?,?
,?,,?,,?,?, Husband,?,?,,,,?,?
, Private,189484.39,?,,?,?,?,?,?,,,40.425713,?,?
,?,,?,,?,?,?,?,?,1082.9701,,,?,?
,?,, HS-grad,, Married-civ-spouse,?,?,?,?,,87.670456,,?,?
, Private,,?,, Married-civ-spouse,?,?,?,?,,,40.425713,?,?
,?,,?,,?,?,?,?,?,,87.670456,,?,?
,?,,?,,?, Craft-repair,?,?,?,,,40.425713,?,?
,?,,?,10.067414,?,?,?,?,?,,,40.425713,?,?
,?,,?,, Married-civ-spouse,?,?,?, Male,,87.670456,40.425713, United-States, <=50K
,?,,?,,?,?, Husband,?,?,,,,?, <=50K
38.579506,?,, HS-grad,10.067414,?, Craft-repair,?,?, Male,,,,?, <=50K
,?,, HS-grad,,?,?,?, White, Male,1082.9701,,,?,?
,?,,?,10.067414, Married-civ-spouse,?,?,?,?,,,,?,?
,?,,?,,?,?,?,?,?,1082.9701,,,?,?
38.579506,?,,?,, Married-civ-spouse, Craft-repair,?,?,?,,87.670456,,?,?
,?,189484.39,?,,?,?,?,?,?,,87.670456,40.425713,?,?
, Private,,?,,?,?,?,?, Male,1082.9701,,40.425713,?,?
,?,, HS-grad,,?,?, Husband,?,?,,,40.425713,?,?
,?,,?,,?,?,?,?,?,,87.670456,40.425713,?,?
38.579506, Private,,?,,?, Craft-repair,?, White,?,1082.9701,,,?,?
38.579506,?,,?,, Married-civ-spouse,?, Husband,?,?,1082.9701,87.670456,,?,?
,?,,?,,?,?, Husband,?, Male,,,40.425713, United-States,?
,?,,?,,?,?,?,?,?,1082.9701,,,?,?
,?,,?,, Married-civ-spouse, Craft-repair,?,?,?,,,,?,?
,?,,?,, Married-civ-spouse,?, Husband,?,?,1082.9701,,, United-States,?
38.579506,?,,?,,?,?,?,?,?,,87.670456,,?, <=50K
,?,,?,,?,?,?,?,?,,87.670456,, United-States,?
38.579506, Private,,?,,?,?,?,?,?,,87.670456,,?, <=50K
38.579506,?,,?,, Married-civ-spouse,?,?,?,?,,,, United-States,?
38.579506,?,,?,,?,?,?,?, Male,,,40.425713,?,?
,?,,?,, Married-civ-spouse,?,?,?,?,,,,?,?
,?,, HS-grad,,?,?,?,?,?,,,,?,?
,?,,?,,?,?,?,?,?,,87.670456,,?,?
,?,189484.39,?,,?,?,?,?,?,,,,?,?
, Private,,?,, Married-civ-spouse,?,?,?,?,,87.670456,,?,?
,?,, HS-grad,,?,?,?,?,?,,,,?,?
,?,,?,,?, Craft-repair,?, White,?,1082.9701,,,?, <=50K
,?,189484.39,?,,?,?,?,?,?,,87.670456,,?,?
,?,189484.39, HS-grad,,?,?, Husband, White,?,,,40.425713,?,?
, Private,,?,,?,?, Husband,?,?,,,40.425713,?,?
38.579506,?,,?,,?,?,?, White,?,,,40.425713,?, <=50K
,?,,?,10.067414,?, Craft-repair, Husband,?,?,,87.670456,40.425713,?,?
,?,,?,10.067414,?,?,?,?,?,,87.670456,,?, <=50K
38.579506, Private,189484.39,?,,?, Craft-repair,?, White,?,,,40.425713,?,?
,?,, HS-grad,,?,?,?,?, Male,,,,?,?
,?,189484.39,?,, Married-civ-spouse,?,?,?,?,,,,?,?
38.579506, Private,,?,,?,?,?, White,?,,,,?,?
,?,, HS-grad,,?,?,?,?,?,,,,?,?
,?,189484.39,?,,?,?,?,?,?,,,, United-States,?
,?,, HS-grad,,?,?,?,?,?,,,, United-States,?
38.579506,?,,?,,?,?,?,?, Male,,,40.425713,?,?
,?,,?,, Married-civ-spouse,?,?,?,?,,,, United-States,?
,?,, HS-grad,,?, Craft-repair,?, White,?,1082.9701,,,?, <=50K
,?,, HS-grad,10.067414,?,?,?, White,?,1082.9701,87.670456,,?,?
38.579506,?,,?,,?,?, Husband,?,?,1082.9701,87.670456,,?,?
,?,189484.39,?,10.067414, Married-civ-spouse, Craft-repair,?,?, Male,,,40.425713,?,?
,?,,?,,?, Craft-repair,?,?,?,,,,?, <=50K
, Private,,?,, Married-civ-spouse, Craft-repair,?,?, Male,,87.670456,40.425713,?,?
, Private,, HS-grad,,?,?,?,?,?,,,, United-States,?
,?,,?,10.067414,?,?,?, White,?,1082.9701,,,?,?
,?,,?,,?,?,?,?,?,,,,?,?
,?,, HS-grad,,?,?,?,?,?,,,, United-States,?
,?,,?,,?,?,?, White,?,1082.9701,,,?,?
,?,, HS-grad,, Married-civ-spouse, Craft-repair,?,?,?,,,,?,?
, Private,,?,,?,?, Husband,?,?,1082.9701,,,?,?
38.579506, Private,, HS-grad,10.067414, Married-civ-spouse,?,?,?,?,,,,?,?
,?,,?,,?,?, Husband,?,?,,,,?, <=50K
,?,,?,,?,?,?,?,?,,,,?,?
,?,,?,,?,?,?,?,?,,,, United-States,?
,?,,?,10.067414,?,?,?,?,?,,,, United-States,?
,?,,?,,?, Craft-repair,?,?,?,,,,?, <=50K
,?,, HS-grad,10.067414, Married-civ-spouse,?,?,?,?,1082.9701,87.670456,,?, <=50K
38.579506, Private,189484.39,?,10.067414,?,?, Husband,?,?,,,,?,?
,?,189484.39, HS-grad,,?,?,?, White,?,,,40.425713,?,?
,?,,?,,?,?,?,?, Male,,,40.425713,?,?
38.579506,?,,?,,?,?,?,?,?,1082.9701,,,?,?
38.579506,?,,?,,?, Craft-repair,?,?,?,1082.9701,,,?,?
38.579506, Private,,?,10.067414,?,?,?,?,?,,87.670456,,?,?
,?,, HS-grad,10.067414,?, Craft-repair,?,?,?,,,,?,?
,?,, HS-grad,,?,?,?,?,?,,,,?,?
,?,,?,,?,?,?,?,?,,87.670456,,?,?
,?,189484.39,?,10.067414,?,?,?,?,?,,,,?, <=50K
,?,, HS-grad,,?,?, Husband, White,?,,,,?, <=50K
, Private,,?,,?,?,?,?, Male,,,,?,?
, Private,,?,,?,?,?,?,?,,,,?, <=50K
,?,,?,10.067414, Married-civ-spouse,?,?,?,?,,,,?,?
38.579506,?,189484.39, HS-grad,,?,?,?,?,?,,,, United-States,?
38.579506,?,,?,,?,?, Husband,?,?,,,,?,?
38.579506,?,,?,,?,?, Husband,?,?,,,40.425713,?,?
, Private,,?,,?,?,?,?,?,,,,?,?
,?,,?,10.067414,?, Craft-repair,?,?,?,,,40.425713,?, <=50K
,?,,?,,?,?,?,?,?,1082.9701,,,?,?
38.579506,?,189484.39,?,, Married-civ-spouse, Craft-repair,?,?,?,,87.670456,,?,?
,?,,?,10.067414, Married-civ-spouse,?,?, White,?,,,40.425713,?,?
38.579506,?,,?,,?,?, Husband, White, Male,,87.670456,,?, <=50K
38.579506,?,189484.39, HS-grad,,?, Craft-repair,?, White,?,,87.670456,40.425713, United-States, <=50K
,?,,?,,?,?,?,?,?,,,,?,?
,?,,?,,?,?,?,?,?,1082.9701,,,?,?
,?,,?,,?,?,?,?, Male,,,,?,?
,?,189484.39,?,,?,?,?,?,?,,,, United-States, <=50K
,?,,?,10.067414,?,?,?,?,?,1082.9701,87.670456,40.425713,?,?
,?,189484.39,?,, Married-civ-spouse,?,?,?,?,,,,?,?
, Private,,?,10.067414,?,?,?, White,?,,,,?,?
,?,, HS-grad,10.067414,?,?,?,?,?,,,, United-States, <=50K
, Private,, HS-grad,,?,?,?, White, Male,,,, United-States,?
38.579506,?,,?,10.067414,?,?,?,?,?,,87.670456,,?,?
,?,189484.39,?,,?, Craft-repair,?,?,?,,,, United-States,?
,?,,?,10.067414,?,?,?,?,?,,87.670456,,?,?
, Private,189484.39,?,,?,?,?,?,?,1082.9701,,,?, <=50K
,?,,?,,?,?,?,?,?,,,,?,?
38.579506,?,,?,,?, Craft-repair,?,?,?,,,,?, <=50K
38.579506, Private,,?,, Married-civ-spouse,?,?,?,?,,,,?,?
,?,189484.39,?,,?,?,?,?,?,1082.9701,87.670456,,?,?
,?,, HS-grad,10.067414,?,?, Husband,?,?,,,,?, <=50K
38.579506,?,,?,,?, Craft-repair,?,?,?,,,, United-States,?
,?,, HS-grad,,?, Craft-repair,?,?,?,,,,?,?
, Private,,?,,?,?,?,?,?,,,,?,?
,?,,?,10.067414, Married-civ-spouse,?, Husband,?,?,,,,?,?
, Private,,?,,?, Craft-repair,?,?,?,,87.670456,,?,?
, Private,,?,,?,?,?,?, Male,,87.670456,, United-States, <=50K
, Private,,?,,?,?,?,?,?,1082.9701,87.670456,, United-States,?
38.579506,?,,?,10.067414,?, Craft-repair,?, White,?,1082.9701,,,?,?
, Private,,?,,?,?,?, White,?,,,40.425713,?,?
,?,,?,,?,?,?,?,?,,,,?,?
,?,, HS-grad,,?,?,?,?,?,1082.9701,,,?,?
,?,,?,,?,?,?,?,?,,87.670456,, United-States,?
,?,,?,10.067414,?, Craft-repair,?,?,?,,,,?,?
, Private,,?,,?,?,?,?, Male,1082.9701,,,?,?
38.579506,?,189484.39,?,,?,?,?, White, Male,,,,?,?
38.579506,?,,?,10.067414,?, Craft-repair,?,?, Male,1082.9701,,,?,?
, Private,189484.39, HS-grad,,?,?,?,?,?,,,,?,?
, Private,,?,10.067414, Married-civ-spouse,?,?,?,?,1082.9701,,,?,?
38.579506,?,,?,, Married-civ-spouse,?,?,?,?,1082.9701,87.670456,40.425713, United-States,?
,?,,?,10.067414,?,?, Husband,?,?,,,,?,?
,?,,?,,?,?,?,?,?,,,,?,?
38.579506,?,, HS-grad,,?,?, Husband,?,?,,,, United-States, <=50K
,?,,?,,?,?,?,?,?,,,,?,?
,?,,?,,?,?, Husband,?,?,,87.670456,,?, <=50K
,?,,?,,?,?,?,?,?,,87.670456,,?,?
,?,,?,,?,?,?,?, Male,,,,?,?
,?,,?,, Married-civ-spouse, Craft-repair,?,?, Male,,,,?,?
38.579506,?,189484.39,?,,?,?,?, White,?,,,,?,?
,?,,?,,?,?,?,?,?,,,,?,?
,?,,?,,?,?,?,?,?,,,,?,?
,?,189484.39,?,,?,?,?, White, Male,,,, United-States,?
38.579506,?,189484.39,?,,?,?, Husband,?,?,,,,?,?
38.579506,?,189484.39, HS-grad,,?,?,?,?,?,,,40.425713,?,?
,?,,?,,?, Craft-repair,?,?, Male,1082.9701,87.670456,,?,?
,?,,?,,?,?,?,?,?,1082.9701,,40.425713, United-States, <=50K
38.579506,?,,?,,?,?, Husband, White, Male,,,,?,?
,?,,?,,?,?,?,?,?,,,40.425713,?,?
38.579506,?,,?,, Married-civ-spouse,?,?,?,?,,,, United-States, <=50K
,?,,?,,?,?,?, White, Male,,,, United-States, <=50K
,?,,?,, Married-civ-spouse,?, Husband,?,?,,,,?,?
,?,,?,,?,?,?,?,?,,,, United-States,?
, Private,,?,, Married-civ-spouse,?,?, White, Male,,87.670456,40.425713,?,?
, Private,,?,,?,?,?,?,?,,,,?, <=50K
,?,189484.39,?,,?, Craft-repair, Husband,?,?,,,,?, <=50K
,?,,?,10.067414,?,?, Husband,?,?,1082.9701,,,?,?
, Private,,?,,?,?,?,?,?,1082.9701,,,?,?
,?,,?,, Married-civ-spouse,?,?, White,?,,87.670456,, United-States,?
,?,,?,,?,?,?,?,?,1082.9701,,,?,?
,?,,?,10.067414,?,?, Husband,?,?,,,,?,?
,?,, HS-grad,10.067414,?,?,?,?,?,,,,?,?
, Private,,?,,?, Craft-repair,?,?,?,,,40.425713,?,?
38.579506,?,,?,,?, Craft-repair,?,?,?,,,,?,?
38.579506,?,, HS-grad,,?,?, Husband,?,?,,87.670456,,?,?
, Private,,?,,?,?,?,?, Male,,,40.425713,?,?
38.579506,?,, HS-grad,10.067414,?,?,?,?,?,,,,?,?
,?,, HS-grad,10.067414,?,?, Husband,?,?,,,40.425713,?,?
,?,,?,,?,?,?,?,?,,,,?,?
,?,,?,,?,?,?,?,?,1082.9701,87.670456,,?, <=50K
,?,,?,,?, Craft-repair, Husband,?,?,,,40.425713, United-States,?
,?,189484.39,?,10.067414,?,?, Husband,?, Male,,,40.425713,?, <=50K
,?,,?,10.067414,?,?,?,?,?,,,,?,?
, Private,,?,,?, Craft-repair,?,?,?,,,,?,?
,?,, HS-grad,,?,?, Husband, White,?,,,,?,?
,?,189484.39,?,,?, Craft-repair, Husband,?,?,,87.670456,, United-States,?
38.579506,?,,?,,?,?, Husband,?,?,1082.9701,,40.425713,?,?
,?,189484.39,?,, Married-civ-spouse,?, Husband,?, Male,,,,?,?
, Private,,?,10.067414,?,?,?,?,?,1082.9701,,, United-States,?
, Private,, HS-grad,, Married-civ-spouse,?,?, White,?,,,,?,?
,?,,?,, Married-civ-spouse, Craft-repair, Husband,?,?,,,, United-States,?
,?,,?,10.067414,?, Craft-repair, Husband,?,?,1082.9701,,,?, <=50K
,?,,?,10.067414,?,?, Husband, White, Male,,87.670456,40.425713,?,?
,?,, HS-grad,,?,?,?,?,?,1082.9701,,,?,?
,?,189484.39,?,,?,?, Husband, White,?,,,,?, <=50K
,?,189484.39,?,,?,?,?, White,?,,,, United-States,?
,?,189484.39,?,,?,?, Husband,?, Male,,,,?, <=50K
38.579506,?,,?,, Married-civ-spouse, Craft-repair,?,?,?,,87.670456,,?,?
38.579506,?,,?,,?,?,?, White, Male,,,,?,?
,?,, HS-grad,, Married-civ-spouse,?,?, White, Male,,,,?,?
,?,, HS-grad,,?,?,?,?,?,,,,?,?
,?,,?,10.067414,?, Craft-repair,?,?,?,,,40.425713, United-States,?
, Private,,?,,?,?,?, White,?,,,,?,?
,?,, HS-grad,10.067414,?, Craft-repair,?, White,?,,87.670456,, United-States,?
,?,189484.39,?,,?, Craft-repair,?,?,?,,,,?,?
, Private,,?,,?,?,?,?, Male,1082.9701,,,?,?
,?,189484.39, HS-grad,,?, Craft-repair,?, White, Male,,,,?,?
,?,, HS-grad,,?,?, Husband,?,?,,,,?,?
, Private,,?,,?,?,?,?,?,,,, United-States,?
,?,,?,,?,?, Husband,?, Male,,,,?,?
,?,,?,, Married-civ-spouse, Craft-repair,?,?,?,1082.9701,87.670456,40.425713,?,?
,?,,?,,?,?,?,?,?,,,,?,?
38.579506,?,189484.39, HS-grad,, Married-civ-spouse,?,?,?, Male,,87.670456,,?,?
,?,,?,10.067414,?,?,?,?,?,,,,?,?
,?,, HS-grad,, Married-civ-spouse, Craft-repair,?,?,?,1082.9701,,, United-States,?
,?,,?,,?,?,?,?,?,,87.670456,,?, <=50K
, Private,,?,,?, Craft-repair,?,?,?,,,,?,?
,?,, HS-grad,,?, Craft-repair,?,?,?,,,,?, <=50K
, Private,, HS-grad,,?,?, Husband,?, Male,,,,?, <=50K
,?,,?,,?,?,?,?,?,,,, United-States,?
,?,,?,10.067414,?,?,?,?, Male,,,, United-States,?
,?,189484.39,?,,?, Craft-repair, Husband,?, Male,,,,?,?
,?,,?,, Married-civ-spouse,?,?,?,?,1082.9701,,,?,?
,?,,?,,?,?,?, White,?,,87.670456,,?,?
,?,,?,10.067414,?,?,?,?,?,,,40.425713,?,?
,?,, HS-grad,10.067414,?,?,?,?,?,,,,?, <=50K
,?,,?,,?,?,?,?,?,,,40.425713,?,?
,?,,?,10.067414,?,?,?, White, Male,1082.9701,,,?,?
,?,,?,10.067414,?,?,?,?, Male,,,,?,?
,?,,?,,?,?,?, White, Male,,,,?, <=50K
,?,,?,10.067414,?, Craft-repair,?, White,?,1082.9701,,,?,?
,?,,?,10.067414,?,?,?, White,?,1082.9701,,,?,?
,?,,?,, Married-civ-spouse,?,?, White,?,,,,?, <=50K
,?,,?,,?,?,?, White,?,1082.9701,,,?,?
,?,,?,,?,?,?,?,?,,,, United-States,?
,?,,?,, Married-civ-spouse,?, Husband,?,?,1082.9701,,, United-States,?
,?,189484.39,?,,?,?, Husband,?,?,,,,?,?
,?,,?,, Married-civ-spouse,?,?, White,?,,,,?,?
, Private,,?,,?,?,?,?,?,,,40.425713, United-States,?
,?,,?,, Married-civ-spouse, Craft-repair,?,?,?,,,,?,?
,?,,?,,?,?,?,?,?,,,,?,?
38.579506,?,189484.39,?,,?,?,?, White,?,,,40.425713,?,?
,?,, HS-grad,, Married-civ-spouse, Craft-repair, Husband,?, Male,1082.9701,,,?,?
,?,,?,,?, Craft-repair,?,?, Male,,,40.425713,?,?
38.579506, Private,,?,10.067414,?,?,?,?,?,,,, United-States, <=50K
, Private,, HS-grad,,?,?,?,?,?,,87.670456,,?,?
, Private,,?,, Married-civ-spouse,?,?,?, Male,,87.670456,,?,?
,?,189484.39,?,10.067414,?,?,?,?, Male,,,40.425713,?,?
,?,189484.39,?,,?, Craft-repair,?,?,?,,,40.425713,?, <=50K
,?,,?,,?,?, Husband,?,?,,,,?,?
,?,189484.39,?,,?,?, Husband, White, Male,,,40.425713, United-States,?
,?,,?,,?,?,?,?,?,,,,?,?
38.579506, Private,, HS-grad,, Married-civ-spouse,?,?,?,?,,,,?,?
, Private,189484.39,?,,?, Craft-repair,?,?,?,1082.9701,,,?,?
,?,, HS-grad,,?,?, Husband, White,?,,,40.425713,?, <=50K
,?,, HS-grad,,?,?,?,?,?,,,,?, <=50K
,?,189484.39,?,,?,?,?,?,?,,,,?,?
38.579506, Private,,?,,?,?, Husband,?,?,1082.9701,,,?,?
, Private,,?,,?,?,?,?,?,,,,?,?
,?,,?,10.067414, Married-civ-spouse,?, Husband, White, Male,,,,?,?
38.579506, Private,,?,,?,?,?,?,?,,,,?,?
,?,,?,, Married-civ-spouse,?,?,?, Male,,,,?,?
,?,, HS-grad,,?,?,?,?,?,,,40.425713,?, <=50K
,?,,?,,?,?,?,?,?,,87.670456,,?,?
, Private,189484.39,?,10.067414,?,?,?,?,?,,,40.425713,?,?
38.579506,?,189484.39,?,,?,?,?, White,?,,,,?,?
,?,,?,10.067414,?,?, Husband,?, Male,,,,?, <=50K
38.579506,?,,?,,?,?,?,?, Male,,,,?, <=50K
, Private,,?,,?,?,?,?,?,,,40.425713,?,?
,?,,?,10.067414, Married-civ-spouse,?,?,?, Male,,,,?,?
38.579506,?,,?,,?,?,?,?, Male,1082.9701,87.670456,, United-States,?
, Private,, HS-grad,,?,?, Husband,?,?,,,,?,?
,?,189484.39,?,, Married-civ-spouse,?,?,?,?,,,, United-States,?
,?,189484.39, HS-grad,, Married-civ-spouse,?, Husband, White, Male,,,,?,?
,?,189484.39, HS-grad,10.067414,?,?, Husband,?,?,,,40.425713,?,?
,?,,?,, Married-civ-spouse,?,?, White,?,,,,?,?
,?,,?,, Married-civ-spouse, Craft-repair,?,?,?,,,40.425713, United-States,?
,?,,?,, Married-civ-spouse,?,?,?, Male,,87.670456,,?,?
,?,, HS-grad,,?, Craft-repair,?,?, Male,1082.9701,,, United-States,?
,?,189484.39,?,,?,?,?,?,?,,87.670456,,?,?
,?,189484.39,?,, Married-civ-spouse, Craft-repair,?,?,?,,87.670456,,?,?
,?,, HS-grad,,?,?,?,?, Male,,,,?,?
, Private,,?,,?,?,?,?,?,,,40.425713,?, <=50K
,?,,?,,?,?,?,?,?,,87.670456,,?,?
,?,189484.39,?,,?,?,?,?,?,,,,?, <=50K
,?,,?,,?,?,?,?,?,,87.670456,40.425713,?,?
, Private,, HS-grad,,?,?,?,?,?,1082.9701,,,?,?
,?,,?,,?,?, Husband,?,?,,,,?,?
,?,, HS-grad,10.067414, Married-civ-spouse, Craft-repair, Husband,?,?,1082.9701,87.670456,,?,?
, Private,189484.39,?,,?,?, Husband,?,?,,,,?,?
,?,,?,, Married-civ-spouse,?,?,?,?,,,,?, <=50K
,?,189484.39,?,10.067414,?,?,?, White,?,,,, United-States, <=50K
,?,,?,,?,?,?,?, Male,,,, United-States,?
,?,, HS-grad,,?,?,?,?,?,,,40.425713,?, <=50K
, Private,, HS-grad,,?,?,?,?,?,,,,?,?
,?,189484.39,?,10.067414, Married-civ-spouse, Craft-repair,?,?,?,,,,?,?
,?,,?,,?,?,?,?,?,1082.9701,,, United-States, <=50K
38.579506,?,, HS-grad,,?,?,?,?,?,,,,?,?
38.579506, Private,, HS-grad,, Married-civ-spouse, Craft-repair,?,?,?,1082.9701,,, United-States, <=50K
,?,,?,,?,?,?,?,?,,87.670456,40.425713,?,?
,?,,?,,?,?, Husband,?,?,,,40.425713,?, <=50K
38.579506, Private,,?,,?, Craft-repair,?,?,?,,,,?,?
, Private,189484.39,?,,?, Craft-repair,?, White,?,1082.9701,,40.425713,?, <=50K
,?,,?,, Married-civ-spouse,?,?,?,?,,,,?,?
38.579506,?,,?,, Married-civ-spouse,?, Husband, White, Male,,,40.425713,?, <=50K
38.579506,?,,?,, Married-civ-spouse,?,?,?, Male,,,,?,?
,?,, HS-grad,,?, Craft-repair,?, White,?,,,,?,?
38.579506,?,,?,,?,?,?,?,?,,,,?,?
38.579506,?,,?,,?,?,?,?,?,,,,?,?
,?,189484.39,?,,?, Craft-repair,?, White, Male,1082.9701,87.670456,,?, <=50K
,?,, HS-grad,,?,?,?,?,?,,,,?,?
,?,,?,, Married-civ-spouse,?,?, White,?,,,,?, <=50K
,?,,?,,?,?,?,?,?,,,,?, <=50K
,?,, HS-grad,,?, Craft-repair, Husband,?,?,1082.9701,87.670456,,?,?
,?,,?,10.067414, Married-civ-spouse, Craft-repair,?,?,?,,,,?,?
,?,, HS-grad,,?,?,?,?,?,,,,?,?
,?,,?,,?,?,?,?,?,1082.9701,,,?,?
,?,,?,10.067414, Married-civ-spouse,?,?, White,?,,,,?,?
38.579506,?,,?,,?,?,?,?,?,,,,?,?
,?,,?,,?,?,?,?,?,1082.9701,,40.425713, United-States, <=50K
,?,,?,10.067414,?, Craft-repair,?,?,?,,,,?,?
,?,,?,10.067414,?,?,?,?,?,1082.9701,87.670456,,?,?
,?,189484.39,?,,?,?, Husband,?, Male,,,,?,?
,?,,?,10.067414,?,?,?,?, Male,,,,?,?
,?,,?,,?,?, Husband, White,?,,,,?,?
,?,,?,,?,?,?,?,?,1082.9701,,,?,?
38.579506,?,189484.39,?,,?,?,?,?,?,,87.670456,40.425713,?,?
38.579506,?,, HS-grad,10.067414,?, Craft-repair, Husband,?,?,1082.9701,87.670456,,?, <=50K
,?,,?,,?,?,?,?,?,1082.9701,,,?,?
,?,189484.39,?,,?,?,?,?, Male,,,, United-States,?
,?,, HS-grad,,?,?, Husband,?,?,,87.670456,,?, <=50K
38.579506,?,, HS-grad,10.067414,?,?,?,?,?,,,, United-States,?
,?,189484.39,?,10.067414,?,?,?, White,?,1082.9701,87.670456,,?,?
38.579506, Private,,?,, Married-civ-spouse, Craft-repair, Husband, White,?,1082.9701,87.670456,, United-States, <=50K
, Private,,?,,?,?,?,?,?,,,, United-States,?
, Private,,?,10.067414, Married-civ-spouse,?,?, White,?,,,40.425713,?,?
,?,,?,,?,?,?,?,?,,,,?,?
,?,, HS-grad,,?,?,?,?,?,,87.670456,40.425713,?,?
,?,,?,10.067414,?,?, Husband,?,?,,,,?,?
38.579506,?,, HS-grad,,?,?,?,?,?,1082.9701,,,?,?
38.579506,?,189484.39,?,,?,?,?,?,?,,87.670456,,?,?
, Private,189484.39,?,, Married-civ-spouse,?, Husband,?,?,,,40.425713,?,?
,?,, HS-grad,,?,?,?,?, Male,,,40.425713, United-States,?
,?,,?,,?, Craft-repair,?,?,?,,,40.425713,?,?
, Private,, HS-grad,, Married-civ-spouse,?,?, White,?,1082.9701,87.670456,,?,?
38.579506,?,,?,,?, Craft-repair, Husband,?,?,,,,?,?
38.579506,?,189484.39,?,,?, Craft-repair,?, White,?,,,40.425713,?,?
,?,, HS-grad,,?, Craft-repair,?, White, Male,1082.9701,,,?,?
, Private,,?,10.067414,?,?,?, White,?,,87.670456,,?, <=50K
38.579506,?,,?,,?,?,?,?,?,1082.9701,87.670456,,?,?
38.579506,?,,?,, Married-civ-spouse,?,?,?, Male,1082.9701,87.670456,,?, <=50K
, Private,,?,10.067414,?,?, Husband,?,?,,,40.425713,?, <=50K
,?,, HS-grad,10.067414,?, Craft-repair,?,?,?,,,40.425713,?,?
,?,,?,,?,?,?,?,?,,87.670456,,?,?
,?,,?,10.067414,?,?, Husband, White,?,,,,?,?
,?,, HS-grad,, Married-civ-spouse,?,?, White,?,,,,?,?
,?,,?,,?, Craft-repair,?,?,?,,,,?,?
,?,, HS-grad,, Married-civ-spouse,?,?, White,?,,,40.425713,?,?
,?,189484.39,?,,?,?, Husband,?,?,1082.9701,,, United-States,?
,?,,?,,?,?,?,?,?,,87.670456,40.425713,?, <=50K
,?,,?,, Married-civ-spouse,?,?,?,?,,,,?,?
38.579506, Private,,?,, Married-civ-spouse,?,?,?,?,1082.9701,,,?,?
,?,,?,, Married-civ-spouse,?,?,?,?,,87.670456,,?,?
38.579506, Private,189484.39,?,,?, Craft-repair,?,?,?,,87.670456,, United-States,?
,?,189484.39, HS-grad,,?,?,?, White,?,,,,?,?
38.579506,?,,?,,?, Craft-repair, Husband,?,?,,87.670456,,?, <=50K
,?,, HS-grad,,?,?, Husband,?, Male,,,,?,?
,?,189484.39,?,,?,?,?,?,?,,,,?,?
,?,189484.39,?,, Married-civ-spouse, Craft-repair,?,?,?,,,40.425713,?,?
38.579506,?,, HS-grad,,?,?,?,?,?,,,,?,?
, Private,189484.39,?,,?, Craft-repair,?,?,?,1082.9701,,,?, <=50K
38.579506, Private,,?,10.067414,?,?,?,?,?,,,,?,?
38.579506,?,189484.39,?,10.067414,?,?,?,?,?,,,,?,?
,?,,?,,?,?,?,?, Male,,,,?, <=50K
,?,,?,,?,?,?,?,?,,,, United-States, <=50K
,?,,?,,?,?,?,?,?,,,,?, <=50K
38.579506,?,,?,10.067414,?, Craft-repair,?,?,?,,,40.425713,?, <=50K
38.579506, Private,,?,10.067414,?,?, Husband,?,?,,,,?, <=50K
,?,,?,10.067414,?,?,?,?,?,,87.670456,40.425713, United-States, <=50K
,?,,?,10.067414,?,?, Husband,?,?,,,,?,?
38.579506,?,,?,,?,?,?,?, Male,,,,?,?
,?,,?,,?, Craft-repair,?,?,?,,,,?,?
,?,,?,,?,?,?, White,?,,87.670456,,?,?
38.579506,?,189484.39,?,, Married-civ-spouse,?,?,?, Male,,,, United-States,?
,?,,?,,?,?, Husband,?,?,,,,?,?
38.579506,?,,?,,?,?,?,?,?,,,,?,?
38.579506,?,,?,,?,?,?, White,?,,,, United-States,?
,?,,?,,?,?,?,?,?,,,40.425713,?,?
, Private,,?,,?, Craft-repair,?,?,?,1082.9701,,,?,?
38.579506, Private,,?,10.067414,?,?,?,?,?,,,,?,?
,?,,?,10.067414, Married-civ-spouse,?,?,?,?,,,,?,?
,?,,?,, Married-civ-spouse, Craft-repair,?,?,?,1082.9701,,40.425713,?,?
,?,,?,,?,?, Husband, White,?,,,, United-States,?
,?,,?,10.067414, Married-civ-spouse,?,?,?, Male,,,, United-States,?
,?,,?,,?,?, Husband,?,?,,,,?, <=50K
,?,, HS-grad,,?,?,?,?,?,,,40.425713,?,?
,?,,?,,?,?,?,?,?,,,40.425713, United-States,?
,?,189484.39,?,,?,?,?,?,?,,87.670456,, United-States,?
, Private,,?,,?,?,?,?,?,,87.670456,,?,?
,?,,?,,?,?,?,?, Male,1082.9701,87.670456,,?,?
,?,,?,,?,?,?,?,?,,,,?,?
38.579506,?,,?,10.067414,?,?,?,?,?,,,,?,?
38.579506,?,,?,,?,?,?,?,?,,,40.425713,?,?
38.579506,?,189484.39,?,,?,?, Husband,?,?,,87.670456,,?,?
, Private,, HS-grad,,?,?, Husband,?,?,,87.670456,,?, <=50K
38.579506,?,189484.39,?,, Married-civ-spouse,?,?,?,?,,87.670456,,?,?
,?,,?,, Married-civ-spouse,?,?,?, Male,,87.670456,,?,?
,?,,?,10.067414,?,?,?,?,?,,87.670456,, United-States,?
,?,,?,,?,?, Husband,?, Male,,,, United-States,?
,?,,?,, Married-civ-spouse,?,?,?, Male,,87.670456,,?,?
, Private,,?,,?,?,?,?, Male,,,,?, <=50K
, Private,189484.39, HS-grad,,?,?,?,?, Male,1082.9701,,,?,?
, Private,189484.39,?,,?,?,?,?,?,,,,?,?
, Private,,?,,?,?, Husband,?,?,,,,?,?
38.579506,?,,?,,?,?,?,?, Male,,,,?,?
,?,, HS-grad,, Married-civ-spouse, Craft-repair,?, White, Male,,,40.425713,?, <=50K
,?,,?,,?,?,?,?,?,,,,?,?
,?,189484.39, HS-grad,10.067414, Married-civ-spouse,?,?,?, Male,,,,?, <=50K
,?,,?,,?, Craft-repair,?,?,?,,,40.425713,?,?
,?,,?,,?,?,?,?,?,1082.9701,,,?, <=50K
,?,,?,,?,?, Husband,?,?,,,,?, <=50K
,?,,?,, Married-civ-spouse, Craft-repair,?,?,?,,,,?,?
38.579506,?,,?,, Married-civ-spouse, Craft-repair,?,?,?,,,,?,?
,?,,?,,?,?,?, White,?,1082.9701,87.670456,,?,?
, Private,,?,,?, Craft-repair,?, White,?,1082.9701,,,?,?
, Private,,?,,?, Craft-repair,?,?,?,,87.670456,,?,?
38.579506,?,,?,, Married-civ-spouse,?,?,?, Male,,,, United-States,?
,?,,?,,?,?, Husband,?,?,,,,?,?
,?,189484.39,?,,?,?,?,?,?,1082.9701,87.670456,,?,?
38.579506,?,189484.39,?,,?, Craft-repair, Husband,?,?,,,,?,?
,?,,?,10.067414,?,?,?, White,?,,87.670456,, United-States,?
38.579506,?,,?,10.067414,?,?,?,?,?,,,,?,?
,?,, HS-grad,,?,?,?,?, Male,,,,?,?
,?,,?,,?,?,?,?,?,,87.670456,40.425713,?,?
,?,,?,,?,?, Husband,?,?,1082.9701,,,?,?
,?,,?,,?,?,?,?,?,,,,?,?
,?,,?,,?,?,?, White,?,1082.9701,,,?,?
38.579506,?,,?,,?,?,?, White,?,,,,?, <=50K
,?,,?,,?, Craft-repair,?, White, Male,,87.670456,,?,?
,?,,?,,?,?,?,?,?,1082.9701,,,?,?
,?,,?,,?,?,?,?,?,,,,?,?
,?,, HS-grad,,?,?,?,?,?,,,40.425713,?, <=50K
38.579506,?,,?,, Married-civ-spouse,?,?,?,?,,,40.425713, United-States,?
38.579506,?,189484.39,?,, Married-civ-spouse,?,?,?,?,,,,?,?
,?,,?,,?,?,?,?,?,,,,?,?
,?,, HS-grad,,?,?,?, White, Male,,,,?,?
,?,,?,, Married-civ-spouse,?,?, White,?,,87.670456,,?,?
38.579506,?,,?,10.067414,?,?, Husband,?, Male,,,40.425713,?, <=50K
,?,,?,,?,?,?,?,?,,,,?,?
38.579506,?,,?,,?,?,?,?,?,,,, United-States,?
38.579506,?,,?,,?,?, Husband,?,?,,,, United-States,?
,?,,?,, Married-civ-spouse,?,?,?,?,,,40.425713, United-States, <=50K
,?,,?,,?,?,?,?,?,,,,?, <=50K
38.579506,?,,?,,?, Craft-repair,?,?,?,1082.9701,,,?,?
,?,,?,,?,?,?, White,?,,,,?,?
, Private,,?,,?, Craft-repair, Husband, White,?,,,,?, <=50K
,?,189484.39,?,,?,?,?, White,?,,,40.425713,?,?
,?,189484.39,?,,?,?,?,?, Male,,87.670456,,?,?
,?,, HS-grad,10.067414,?,?,?,?,?,,87.670456,,?,?
,?,, HS-grad,,?,?,?,?,?,,,,?,?
,?,, HS-grad,,?, Craft-repair, Husband,?,?,,,, United-States,?
38.579506, Private,,?,,?,?,?,?,?,,,,?,?
,?,, HS-grad,,?,?, Husband,?,?,,,40.425713,?,?
,?,, HS-grad,,?, Craft-repair, Husband,?,?,,87.670456,,?,?
38.579506,?,, HS-grad,, Married-civ-spouse,?, Husband,?,?,,,,?,?
, Private,,?,,?,?, Husband,?,?,1082.9701,,,?,?
,?,,?,10.067414,?, Craft-repair,?,?, Male,,,,?,?
,?,189484.39,?,,?,?,?, White,?,,,,?, <=50K
, Private,,?,,?,?,?,?,?,,,,?,?
,?,189484.39,?,10.067414,?,?,?,?,?,,,,?,?
38.579506, Private,,?,, Married-civ-spouse,?,?,?,?,1082.9701,,, United-States,?
,?,,?,,?,?,?,?,?,,,, United-States,?
,?,,?,,?,?,?,?,?,,,40.425713,?,?
, Private,,?,10.067414,?,?,?,?, Male,,87.670456,,?, <=50K
, Private,,?,,?,?,?,?,?,,,,?,?
, Private,189484.39,?,,?, Craft-repair, Husband,?,?,,,,?,?
,?,189484.39,?,10.067414,?,?,?,?, Male,,,,?, <=50K
,?,,?,,?,?,?,?,?,,,,?,?
,?,,?,,?,?,?,?,?,1082.9701,87.670456,,?,?
,?,,?,,?,?, Husband,?,?,,87.670456,, United-States,?
,?,,?,, Married-civ-spouse, Craft-repair,?,?,?,,,,?,?
,?,,?,,?,?,?, White,?,1082.9701,,, United-States,?
38.579506,?,,?,10.067414, Married-civ-spouse, Craft-repair, Husband,?, Male,,,,?,?
,?,189484.39,?,,?,?,?,?,?,,,,?,?
,?,, HS-grad,, Married-civ-spouse,?,?,?,?,,,,?, <=50K
,?,,?,10.067414,?,?,?,?, Male,,87.670456,,?,?
,?,,?,,?,?,?,?,?,,,,?,?
38.579506, Private,,?,10.067414,?, Craft-repair,?,?, Male,,87.670456,,?, <=50K
,?,,?,10.067414,?, Craft-repair,?,?,?,,,40.425713,?,?
38.579506,?,,?,,?, Craft-repair, Husband,?,?,1082.9701,,,?,?
,?,189484.39,?,,?,?,?, White, Male,,,,?, <=50K
,?,,?,, Married-civ-spouse,?, Husband,?,?,,,,?,?
,?,,?,,?,?,?,?,?,,,, United-States,?
38.579506,?,,?,10.067414,?,?,?,?,?,1082.9701,,40.425713,?,?
38.579506,?,,?,10.067414, Married-civ-spouse,?, Husband,?,?,,,40.425713, United-States,?
, Private,,?,10.067414,?,?,?,?,?,,,,?,?
,?,,?,,?,?,?,?,?,,,,?,?
,?,,?,,?,?,?,?, Male,,,,?,?
,?,,?,10.067414, Married-civ-spouse,?,?,?,?,,,40.425713,?,?
,?,,?,, Married-civ-spouse, Craft-repair, Husband,?,?,1082.9701,,,?,?
,?,,?,,?,?,?,?, Male,,,40.425713,?,?
38.579506,?,,?,,?,?,?,?,?,,,40.425713,?,?
38.579506,?,,?,,?,?,?,?,?,,,, United-States,?
, Private,,?,,?,?,?,?,?,,,,?,?
38.579506, Private,, HS-grad,, Married-civ-spouse, Craft-repair, Husband, White,?,,,,?,?
,?,,?,,?,?,?,?, Male,1082.9701,,40.425713,?,?
38.579506,?,,?,, Married-civ-spouse,?, Husband, White,?,,,,?,?
,?,,?,,?, Craft-repair,?,?,?,,,40.425713,?,?
,?,,?,10.067414,?,?,?, White, Male,,,,?,?
,?,189484.39,?,,?,?,?,?,?,,,, United-States,?
,?,, HS-grad,, Married-civ-spouse,?, Husband,?, Male,1082.9701,,,?, <=50K
,?,,?,,?, Craft-repair,?,?,?,,,, United-States,?
38.579506,?,,?,,?, Craft-repair, Husband,?,?,1082.9701,,, United-States,?
,?,189484.39,?,,?,?,?,?,?,,,,?,?
,?,,?,,?,?,?, White,?,,,,?,?
,?,,?,,?,?,?,?,?,,,,?,?
, Private,, HS-grad,,?,?,?,?,?,,,40.425713,?, <=50K
, Private,,?,,?,?, Husband,?, Male,,,, United-States, <=50K
,?,,?,,?,?,?, White,?,,,, United-States,?
,?,, HS-grad,10.067414,?,?,?, White,?,,,,?,?
,?,,?,,?,?, Husband, White,?,,,,?,?
,?,, HS-grad,,?,?, Husband,?,?,,87.670456,,?,?
,?,189484.39,?,,?,?, Husband,?,?,1082.9701,87.670456,,?,?
,?,,?,,?,?,?,?,?,,,,?,?
38.579506,?,,?,,?,?,?,?,?,,,, United-States,?
,?,189484.39,?,,?,?,?,?,?,1082.9701,,, United-States, <=50K
38.579506,?,,?,,?,?,?,?, Male,,,40.425713,?,?
38.579506, Private,189484.39,?,,?,?,?, White,?,,87.670456,,?,?
,?,, HS-grad,,?,?,?,?,?,,,,?, <=50K
, Private,,?,,?,?,?,?,?,,,40.425713,?,?
, Private,, HS-grad,, Married-civ-spouse,?, Husband,?,?,,,,?,?
,?,, HS-grad,,?, Craft-repair,?,?,?,,,,?,?
,?,, HS-grad,, Married-civ-spouse,?, Husband,?, Male,,87.670456,40.425713, United-States,?
,?,,?,10.067414,?,?,?, White,?,,,, United-States,?
,?,189484.39,?,10.067414, Married-civ-spouse, Craft-repair,?,?, Male,,,40.425713,?,?
,?,,?,,?,?, Husband,?,?,,,,?,?
,?,, HS-grad,,?,?,?,?, Male,,87.670456,,?,?
,?,, HS-grad,,?,?,?,?,?,,,,?,?
, Private,, HS-grad,, Married-civ-spouse,?, Husband,?,?,1082.9701,,,?,?
,?,, HS-grad,,?,?,?,?,?,,87.670456,, United-States,?
,?,189484.39,?,,?, Craft-repair,?,?,?,,,40.425713,?,?
38.579506,?,, HS-grad,,?,?,?,?,?,1082.9701,,,?, <=50K
,?,,?,, Married-civ-spouse,?,?,?,?,,,40.425713,?,?
,?,,?,,?,?,?,?, Male,,,,?,?
,?,,?,,?,?,?, White, Male,,,40.425713,?, <=50K
,?,189484.39,?,,?,?,?,?,?,,,, United-States,?
,?,, HS-grad,,?,?,?,?, Male,1082.9701,87.670456,,?,?
,?,,?,, Married-civ-spouse,?,?,?, Male,,,,?,?
,?,189484.39, HS-grad,, Married-civ-spouse,?,?,?,?,,,, United-States,?
,?,,?,,?, Craft-repair, Husband,?,?,1082.9701,,, United-States,?
,?,,?,,?,?, Husband,?, Male,,,,?,?
, Private,,?,,?,?, Husband,?,?,,87.670456,,?, <=50K
,?,,?,, Married-civ-spouse,?,?,?,?,,87.670456,, United-States,?
,?,189484.39,?,,?,?, Husband,?,?,1082.9701,,40.425713,?,?
, Private,189484.39,?,,?, Craft-repair,?,?,?,,87.670456,, United-States,?
,?,189484.39,?,,?,?, Husband, White,?,1082.9701,,,?, <=50K
,?,189484.39,?,,?, Craft-repair,?, White,?,,,,?, <=50K
, Private,,?,,?,?,?,?,?,,,40.425713,?, <=50K
, Private,189484.39,?,10.067414,?,?, Husband,?,?,,,40.425713,?,?
,?,,?,,?, Craft-repair,?,?,?,1082.9701,,, United-States, <=50K
,?,,?,,?,?,?,?,?,,,, United-States,?
,?,,?,, Married-civ-spouse,?, Husband,?,?,,,, United-States,?
,?,, HS-grad,10.067414,?, Craft-repair,?,?,?,,,40.425713, United-States,?
,?,,?,, Married-civ-spouse,?,?,?,?,,87.670456,,?,?
,?,,?,10.067414,?, Craft-repair,?,?,?,,,,?, <=50K
38.579506,?,,?,,?,?,?,?,?,,87.670456,40.425713,?,?
,?,,?,,?,?, Husband,?,?,,,,?,?
,?,,?,10.067414,?,?,?,?,?,,87.670456,,?,?
,?,,?,,?,?,?,?,?,,,,?,?
,?,189484.39, HS-grad,,?,?,?,?,?,,,,?,?
, Private,,?,,?,?,?,?, Male,,,, United-States, <=50K
, Private,,?,,?, Craft-repair, Husband,?,?,,87.670456,40.425713,?,?
,?,, HS-grad,,?,?,?,?,?,,87.670456,40.425713, United-States,?
, Private,,?,,?, Craft-repair,?,?,?,,,,?, <=50K
, Private,,?,, Married-civ-spouse, Craft-repair,?,?, Male,,,40.425713,?, <=50K
, Private,,?,10.067414,?,?, Husband,?, Male,,87.670456,, United-States,?
,?,,?,,?,?, Husband,?,?,,87.670456,,?,?
,?,,?,,?, Craft-repair, Husband,?, Male,,,, United-States,?
,?,,?,10.067414,?, Craft-repair,?,?,?,,,, United-States,?
,?,, HS-grad,10.067414,?,?,?,?,?,,,,?,?
38.579506,?,,?,,?,?,?,?,?,,,,?,?
,?,,?,,?,?,?, White, Male,,,, United-States,?
,?,, HS-grad,10.067414, Married-civ-spouse,?,?,?,?,1082.9701,,,?,?
,?,,?,,?,?,?, White,?,1082.9701,87.670456,,?,?
38.579506,?,, HS-grad,,?,?,?,?,?,,87.670456,,?,?
, Private,,?,10.067414, Married-civ-spouse,?, Husband, White,?,,,,?, <=50K
,?,, HS-grad,10.067414, Married-civ-spouse,?, Husband,?,?,,,,?,?
,?,,?,,?, Craft-repair,?, White,?,,,,?,?
,?,,?,,?, Craft-repair,?,?, Male,,,40.425713,?, <=50K
38.579506,?,,?,,?, Craft-repair,?,?,?,,,,?,?
,?,189484.39,?,,?,?,?,?,?,,,40.425713, United-States,?
,?,,?,,?,?,?, White,?,,,40.425713,?,?
,?,,?,,?,?,?, White,?,1082.9701,,,?,?
,?,,?,10.067414,?,?,?,?,?,1082.9701,,,?, <=50K
,?,,?,,?,?,?, White,?,,,,?,?
38.579506,?,, HS-grad,,?,?,?,?,?,,,,?,?
,?,, HS-grad,,?,?,?,?, Male,1082.9701,,,?,?
,?,,?,10.067414,?,?, Husband,?, Male,,,,?,?
,?,,?,,?,?,?,?,?,,87.670456,, United-States,?
,?,189484.39,?,, Married-civ-spouse,?,?,?,?,,87.670456,, United-States,?
, Private,189484.39,?,10.067414,?,?,?,?,?,1082.9701,,40.425713,?,?
38.579506,?,,?,10.067414,?,?,?, White,?,1082.9701,,,?,?
,?,189484.39, HS-grad,, Married-civ-spouse,?,?,?,?,,,,?,?
,?,, HS-grad,, Married-civ-spouse,?,?,?,?,,87.670456,,?,?
,?,, HS-grad,,?,?,?,?, Male,,,,?,?
38.579506,?,,?,, Married-civ-spouse,?, Husband,?,?,,87.670456,,?,?
38.579506,?,,?,,?,?,?,?,?,,,,?,?
,?,189484.39,?,,?,?,?,?,?,,,,?,?
,?,,?,,?,?,?,?,?,,,,?,?
,?,, HS-grad,,?,?, Husband,?,?,,,, United-States,?
,?,,?,10.067414,?,?, Husband,?,?,1082.9701,,40.425713,?,?
,?,189484.39,?,,?,?,?,?,?,1082.9701,,,?,?
,?,,?,,?,?, Husband,?, Male,1082.9701,,40.425713,?, <=50K
, Private,,?,10.067414,?,?,?,?,?,,,,?, <=50K
,?,189484.39, HS-grad,10.067414,?,?,?,?,?,,87.670456,40.425713,?,?
,?,,?,,?,?, Husband,?,?,,,40.425713,?,?
38.579506,?,,?,,?,?,?,?,?,,,,?, <=50K
,?,,?,,?,?, Husband,?,?,,,,?, <=50K
, Private,,?,, Married-civ-spouse,?, Husband,?, Male,,87.670456,,?, <=50K
38.579506,?,,?,,?,?,?,?,?,,87.670456,,?,?
38.579506, Private,,?,,?,?,?,?, Male,,,40.425713,?,?
, Private,,?,,?,?,?,?,?,,87.670456,,?,?
,?,,?,,?,?,?,?,?,,,,?,?
,?,,?,,?,?,?,?, Male,,,,?,?
,?,,?,10.067414,?,?,?,?,?,,,,?,?
, Private,,?,,?,?, Husband,?,?,,,,?,?
,?,,?,,?, Craft-repair, Husband, White, Male,,,40.425713,?,?
,?,189484.39,?,10.067414,?, Craft-repair,?,?, Male,,,40.425713,?, <=50K
,?,,?,,?,?,?,?,?,,,40.425713,?,?
38.579506,?,, HS-grad,,?,?,?,?, Male,,,,?,?
38.579506, Private,189484.39,?,,?,?, Husband,?, Male,,87.670456,,?,?
,?,189484.39,?,,?, Craft-repair, Husband,?,?,,,,?,?
38.579506,?,,?,,?,?,?,?,?,,,40.425713,?,?
,?,189484.39, HS-grad,, Married-civ-spouse,?,?,?, Male,1082.9701,,,?,?
38.579506,?,,?,,?,?, Husband,?, Male,,,,?,?
,?,, HS-grad,,?,?,?, White,?,1082.9701,,, United-States,?
, Private,,?,, Married-civ-spouse,?,?, White, Male,,,,?, <=50K
,?,189484.39,?,10.067414, Married-civ-spouse,?,?,?, Male,1082.9701,,,?,?
,?,, HS-grad,,?,?,?,?,?,,,,?, <=50K
38.579506, Private,,?,10.067414,?,?,?,?,?,,87.670456,, United-States,?
, Private,,?,,?,?,?, White,?,,,,?, <=50K
,?,,?,,?,?,?, White,?,,87.670456,40.425713, United-States, <=50K
,?,,?,,?,?, Husband,?, Male,,,40.425713, United-States,?
,?,,?,,?,?,?,?,?,,,,?,?
,?,,?,,?,?, Husband, White,?,,,,?,?
,?,,?,10.067414,?,?, Husband,?,?,,,40.425713,?,?
,?,189484.39,?,,?,?, Husband,?,?,,87.670456,,?,?
38.579506,?,189484.39,?,,?,?,?,?,?,1082.9701,87.670456,40.425713,?,?
,?,, HS-grad,, Married-civ-spouse,?,?,?,?,,,,?,?
,?,,?,, Married-civ-spouse,?,?,?, Male,,,,?,?
,?,,?,10.067414,?, Craft-repair,?,?,?,,87.670456,,?,?
,?,,?,10.067414, Married-civ-spouse,?,?,?,?,,,, United-States,?
,?,,?,,?,?, Husband,?,?,,,40.425713,?,?
,?,,?,10.067414,?,?,?,?,?,,,,?, <=50K
,?,,?,,?,?,?,?,?,,,,?,?
, Private,,?,10.067414, Married-civ-spouse,?,?, White,?,1082.9701,,,?,?
38.579506,?,,?,,?, Craft-repair,?,?,?,,87.670456,,?, <=50K
38.579506,?,,?,, Married-civ-spouse,?,?, White, Male,,,40.425713, United-States,?
,?,,?,,?,?, Husband, White,?,,,40.425713, United-States,?
,?,189484.39,?,, Married-civ-spouse,?,?,?,?,,,,?,?
,?,,?,, Married-civ-spouse,?,?,?,?,1082.9701,,,?,?
,?,,?,10.067414,?,?,?,?, Male,1082.9701,,,?, <=50K
,?,,?,, Married-civ-spouse, Craft-repair, Husband,?,?,,,, United-States,?
,?,189484.39,?,10.067414,?,?,?,?,?,1082.9701,,,?,?
,?,,?,, Married-civ-spouse, Craft-repair,?,?,?,1082.9701,,, United-States, <=50K
,?,,?,,?,?,?,?,?,,87.670456,, United-States,?
,?,189484.39,?,,?,?,?,?,?,1082.9701,,, United-States,?
, Private,189484.39,?,,?, Craft-repair,?,?,?,,87.670456,,?,?
,?,, HS-grad,,?, Craft-repair,?,?, Male,,87.670456,,?,?
,?,189484.39,?,,?,?, Husband,?, Male,,,,?,?
,?,,?,10.067414, Married-civ-spouse, Craft-repair,?, White,?,,,,?,?
38.579506,?,, HS-grad,,?,?,?,?,?,,,,?,?
,?,,?,,?, Craft-repair,?,?,?,,87.670456,40.425713, United-States, <=50K
,?,189484.39,?,, Married-civ-spouse,?,?,?,?,,87.670456,, United-States,?
, Private,189484.39,?,,?,?, Husband,?,?,,,,?,?
, Private,189484.39, HS-grad,,?,?, Husband,?,?,1082.9701,,40.425713, United-States,?
,?,,?,, Married-civ-spouse,?,?,?,?,1082.9701,87.670456,,?,?
, Private,,?,,?, Craft-repair,?,?,?,,,, United-States,?
,?,,?,,?, Craft-repair,?,?, Male,,,, United-States,?
,?,,?,,?,?,?,?, Male,,,,?,?
, Private,,?,, Married-civ-spouse,?, Husband,?,?,,,,?,?
,?,189484.39, HS-grad,,?,?,?, White,?,1082.9701,,,?,?
, Private,189484.39,?,,?,?, Husband,?,?,,,,?, <=50K
,?,,?,,?,?,?,?,?,1082.9701,,40.425713,?, <=50K
,?,,?,, Married-civ-spouse,?,?,?, Male,,,,?,?
38.579506,?,189484.39,?,, Married-civ-spouse,?,?, White, Male,,,, United-States, <=50K
,?,,?,10.067414,?, Craft-repair,?,?, Male,1082.9701,,40.425713,?,?
38.579506,?,,?,,?,?,?,?,?,,,,?,?
,?,189484.39, HS-grad,10.067414,?, Craft-repair,?,?, Male,,,40.425713,?,?
,?,,?,,?,?,?,?,?,1082.9701,,, United-States,?
38.579506, Private,189484.39, HS-grad,,?,?,?,?,?,,,40.425713,?,?
,?,189484.39,?,,?,?,?,?,?,,,, United-States,?
38.579506, Private,,?,,?,?,?,?,?,,87.670456,,?,?
,?,,?,,?,?,?,?,?,1082.9701,87.670456,40.425713,?,?
, Private,,?,10.067414,?,?,?,?,?,,,, United-States,?
,?,,?,10.067414,?,?,?, White,?,,,,?,?
, Private,189484.39,?,,?,?,?,?,?,1082.9701,,,?,?
, Private,, HS-grad,,?,?,?,?,?,,,,?,?
,?,,?,,?,?,?,?,?,1082.9701,87.670456,,?,?
,?,,?,,?, Craft-repair,?,?,?,,,,?,?
,?,189484.39,?,10.067414,?,?,?,?,?,1082.9701,,40.425713,?,?
,?,,?,,?,?,?,?,?,,,40.425713,?,?
,?,189484.39,?,,?,?,?,?,?,,,,?,?
,?,189484.39, HS-grad,10.067414,?,?,?,?,?,,,40.425713, United-States,?
,?,,?,,?, Craft-repair,?,?,?,,,,?,?
38.579506,?,,?,, Married-civ-spouse,?, Husband,?,?,,,,?,?
,?,,?,,?, Craft-repair, Husband, White, Male,1082.9701,,,?,?
, Private,,?,,?,?, Husband,?,?,1082.9701,,,?,?
, Private,,?,, Married-civ-spouse, Craft-repair,?,?,?,,,40.425713, United-States,?
,?,,?,,?,?,?,?, Male,1082.9701,,, United-States,?
38.579506,?,,?,, Married-civ-spouse, Craft-repair,?,?,?,,87.670456,40.425713,?,?
,?,,?,,?, Craft-repair,?,?,?,,,,?,?
38.579506,?,,?,,?,?,?,?,?,,,,?,?
38.579506,?,,?,, Married-civ-spouse, Craft-repair,?,?,?,,,,?,?
, Private,,?,,?, Craft-repair,?,?,?,,87.670456,,?,?
38.579506, Private,,?,,?,?,?, White,?,,,40.425713,?, <=50K
,?,,?,,?,?,?,?, Male,,,40.425713,?,?
,?,,?,,?,?,?,?,?,,,,?, <=50K
,?,,?,, Married-civ-spouse,?, Husband,?,?,1082.9701,,,?,?
,?,189484.39,?,,?, Craft-repair,?,?,?,,,40.425713,?,?
, Private,,?,10.067414,?,?, Husband,?,?,1082.9701,,,?,?
38.579506,?,189484.39,?,10.067414, Married-civ-spouse,?,?,?,?,,,,?,?
,?,,?,,?,?,?,?,?,,87.670456,,?, <=50K
,?,,?,,?,?,?,?,?,1082.9701,,40.425713, United-States,?
38.579506, Private,,?,,?,?,?,?,?,,,40.425713,?, <=50K
38.579506, Private,, HS-grad,,?, Craft-repair,?, White,?,,,,?,?
,?,189484.39,?,,?,?,?, White,?,,87.670456,,?, <=50K
38.579506, Private,,?,, Married-civ-spouse,?, Husband,?,?,,,,?,?
, Private,,?,,?, Craft-repair,?,?,?,,,,?,?
38.579506,?,189484.39,?,, Married-civ-spouse,?,?,?,?,1082.9701,,,?, <=50K
,?,189484.39,?,,?,?,?,?,?,,87.670456,,?, <=50K
,?,,?,10.067414,?,?,?, White,?,,87.670456,,?, <=50K
,?,,?,10.067414,?,?,?,?,?,1082.9701,,,?,?
,?,,?,,?, Craft-repair, Husband,?,?,,87.670456,, United-States,?
, Private,,?,,?,?,?,?,?,,,,?,?
, Private,189484.39,?,,?,?,?,?,?,,,,?,?
,?,189484.39,?,,?,?,?, White,?,,,,?,?
38.579506,?,, HS-grad,,?,?,?, White,?,,87.670456,,?,?
,?,189484.39, HS-grad,, Married-civ-spouse,?, Husband,?, Male,1082.9701,,,?,?
, Private,,?,10.067414,?, Craft-repair,?, White,?,,,,?,?
38.579506,?,,?,,?,?,?,?,?,,,40.425713,?,?
38.579506, Private,,?,,?, Craft-repair,?,?,?,,,,?, <=50K
,?,,?,,?,?, Husband, White,?,,,, United-States, <=50K
38.579506,?,189484.39,?,,?,?, Husband,?, Male,,,40.425713,?,?
38.579506, Private,,?,,?, Craft-repair, Husband, White, Male,,,,?,?
38.579506,?,,?,10.067414,?,?, Husband,?,?,,,,?, <=50K
,?,,?,10.067414, Married-civ-spouse,?,?,?,?,,,,?,?
,?,,?,,?,?,?,?,?,1082.9701,,, United-States,?
, Private,,?,,?,?,?,?, Male,,,,?,?
,?,,?,,?, Craft-repair,?,?,?,,87.670456,,?,?
,?,, HS-grad,, Married-civ-spouse,?,?,?,?,,,,?,?
,?,,?,,?,?,?,?,?,1082.9701,87.670456,40.425713,?, <=50K
38.579506,?,, HS-grad,,?,?,?,?,?,,,40.425713,?,?
,?,,?,,?,?,?, White, Male,,87.670456,,?,?
,?,189484.39,?,,?,?,?,?,?,,,40.425713, United-States,?
,?,,?,,?,?,?,?, Male,,,,?,?
,?,,?,,?,?,?,?,?,,,,?,?
,?,,?,10.067414, Married-civ-spouse, Craft-repair, Husband,?,?,,,,?,?
,?,,?,,?,?, Husband,?, Male,,,,?,?
,?,,?,,?,?, Husband,?, Male,,87.670456,,?,?
,?,,?,,?,?,?, White,?,1082.9701,,, United-States,?
,?,,?,,?,?,?,?,?,1082.9701,87.670456,, United-States,?
, Private,,?,, Married-civ-spouse, Craft-repair,?,?,?,,,,?,?
,?,,?,10.067414, Married-civ-spouse,?,?, White, Male,,,40.425713,?,?
,?,189484.39, HS-grad,,?,?, Husband,?,?,1082.9701,,,?,?
, Private,,?,10.067414,?,?,?,?,?,,,,?,?
,?,,?,,?,?,?,?,?,1082.9701,87.670456,40.425713, United-States,?
,?,, HS-grad,10.067414,?,?,?,?,?,,,,?,?
,?,, HS-grad,,?,?,?,?,?,,,40.425713,?,?
38.579506,?,,?,,?,?,?, White,?,1082.9701,,40.425713,?,?
,?,,?,,?,?,?, White,?,1082.9701,,,?,?
,?,,?,10.067414, Married-civ-spouse,?,?,?,?,,,,?,?
38.579506,?,,?,10.067414,?, Craft-repair,?,?,?,1082.9701,87.670456,,?,?
, Private,, HS-grad,,?,?,?,?,?,,87.670456,, United-States,?
,?,,?,,?,?, Husband,?,?,,,,?,?
38.579506,?,,?,, Married-civ-spouse,?,?, White,?,,,40.425713,?, <=50K
,?,,?,, Married-civ-spouse,?,?, White,?,,,40.425713,?,?
,?,,?,10.067414, Married-civ-spouse,?,?,?,?,,,,?, <=50K
,?,,?,,?,?,?,?, Male,,,,?, <=50K
38.579506,?,, HS-grad,, Married-civ-spouse, Craft-repair,?,?,?,,,,?, <=50K
,?,189484.39, HS-grad,,?, Craft-repair,?,?,?,,87.670456,40.425713, United-States,?
38.579506,?,,?,,?,?,?,?,?,,,,?,?
,?,,?,,?,?,?,?,?,,,40.425713, United-States,?
,?,, HS-grad,,?,?,?, White,?,,,,?,?
,?,, HS-grad,10.067414,?,?,?,?,?,,,,?,?
, Private,, HS-grad,,?,?,?,?,?,,,40.425713,?,?
38.579506,?,,?,10.067414,?,?,?,?,?,,87.670456,,?,?
, Private,,?,,?,?,?,?, Male,,,,?,?
,?,189484.39,?,, Married-civ-spouse,?, Husband,?, Male,,87.670456,,?,?
,?,,?,,?,?,?, White,?,,,40.425713,?, <=50K
, Private,, HS-grad,10.067414,?,?,?,?,?,,,,?,?
,?,,?,,?, Craft-repair, Husband,?,?,,,,?,?
, Private,189484.39, HS-grad,,?, Craft-repair,?,?,?,,,, United-States,?
,?,,?,, Married-civ-spouse,?, Husband,?, Male,,,,?,?
,?,,?,10.067414,?,?,?,?, Male,,87.670456,,?,?
38.579506,?,189484.39,?,,?,?,?, White,?,,,40.425713,?,?
,?,,?,,?,?,?,?, Male,1082.9701,87.670456,,?,?
,?,,?,10.067414,?,?,?, White, Male,,,40.425713,?,?
38.579506, Private,,?,,?, Craft-repair,?,?,?,,87.670456,40.425713,?,?
,?,, HS-grad,,?,?,?, White,?,,,,?,?
,?,189484.39,?,,?,?, Husband,?, Male,,,,?,?
,?,,?,, Married-civ-spouse,?,?, White, Male,,,, United-States,?
38.579506,?,,?,, Married-civ-spouse, Craft-repair,?,?,?,,,,?,?
, Private,,?,, Married-civ-spouse,?,?,?,?,,87.670456,40.425713,?,?
, Private,,?,,?,?,?,?, Male,,,,?,?
38.579506,?,189484.39,?,,?,?,?,?, Male,,,,?,?
,?,,?,,?,?,?,?,?,,87.670456,40.425713,?, <=50K
,?,189484.39,?,,?,?,?, White,?,,,, United-States,?
,?,,?,,?,?, Husband, White, Male,,,,?,?
,?,,?,,?,?,?,?, Male,,,, United-States,?
, Private,, HS-grad,,?, Craft-repair, Husband,?,?,,,,?,?
,?,189484.39,?,10.067414,?,?,?,?, Male,,,,?,?
, Private,,?,,?,?, Husband,?,?,,87.670456,,?,?
,?,,?,, Married-civ-spouse,?, Husband, White, Male,,87.670456,,?, <=50K
,?,,?,,?,?,?,?, Male,,,40.425713,?,?
38.579506,?,,?,,?,?,?, White,?,,,,?,?
, Private,,?,,?,?,?, White, Male,,,40.425713,?,?
,?,189484.39, HS-grad,, Married-civ-spouse,?, Husband,?,?,,,, United-States,?
,?,189484.39,?,10.067414,?,?,?,?,?,,,,?,?
,?,,?,,?,?, Husband,?,?,1082.9701,,, United-States,?
,?,189484.39,?,,?,?,?,?, Male,,87.670456,,?,?
,?,, HS-grad,10.067414,?,?,?,?,?,,,,?, <=50K
,?,, HS-grad,,?,?, Husband,?, Male,,,,?,?
38.579506,?,,?,,?,?,?,?,?,,,,?,?
,?,,?,, Married-civ-spouse,?,?,?,?,,,, United-States,?
,?,189484.39, HS-grad,,?, Craft-repair,?,?,?,,,,?,?
,?,,?,,?, Craft-repair,?,?, Male,,,40.425713,?,?
,?,,?,,?,?,?,?,?,1082.9701,,40.425713,?,?
,?,,?,,?,?,?,?, Male,,,, United-States,?
,?,189484.39,?,,?,?, Husband, White,?,,,,?,?
38.579506,?,,?,, Married-civ-spouse,?,?,?, Male,,,,?,?
,?,189484.39,?,,?,?, Husband,?,?,1082.9701,,,?,?
,?,,?,10.067414,?,?,?,?,?,,87.670456,40.425713,?,?
38.579506, Private,,?,10.067414,?,?,?,?,?,,87.670456,, United-States,?
, Private,,?,,?,?,?,?,?,,,,?,?
,?,,?,,?,?,?,?, Male,,87.670456,,?,?
, Private,,?,,?,?,?,?, Male,,,,?,?
,?,189484.39,?,,?,?,?,?,?,,87.670456,,?,?
,?,,?,, Married-civ-spouse,?,?, White,?,,,,?,?
, Private,,?,10.067414,?,?, Husband,?, Male,,,,?, <=50K
,?,,?,,?,?, Husband, White,?,,,,?,?
38.579506,?,189484.39, HS-grad,, Married-civ-spouse, Craft-repair,?,?,?,,,,?,?
38.579506,?,,?,,?,?,?,?,?,,,40.425713,?,?
, Private,,?,,?,?,?, White,?,1082.9701,,,?,?
,?,189484.39,?,,?,?,?,?,?,1082.9701,,40.425713,?,?
,?,,?,,?, Craft-repair,?,?,?,,,,?,?
,?,, HS-grad,10.067414, Married-civ-spouse,?,?, White,?,,,40.425713,?,?
,?,189484.39,?,,?,?, Husband,?,?,,,,?,?
,?,,?,10.067414,?,?,?,?,?,1082.9701,,,?, <=50K
,?,,?,,?,?,?,?,?,1082.9701,,, United-States,?
,?,,?,10.067414,?,?,?,?,?,1082.9701,87.670456,,?,?
38.579506,?,,?,, Married-civ-spouse,?,?, White,?,1082.9701,,,?, <=50K
38.579506,?,,?,,?,?, Husband,?,?,1082.9701,,,?,?
38.579506,?,189484.39,?,,?, Craft-repair,?, White,?,1082.9701,,,?, <=50K
,?,,?,10.067414,?,?,?,?,?,,,, United-States, <=50K
,?,,?,, Married-civ-spouse,?,?, White,?,,,40.425713,?,?
,?,189484.39,?,,?,?,?, White,?,,87.670456,40.425713,?, <=50K
,?,,?,,?,?,?,?,?,,87.670456,40.425713,?, <=50K
,?,,?,, Married-civ-spouse,?,?,?,?,,87.670456,,?,?
, Private,189484.39,?,,?,?,?, White,?,1082.9701,,40.425713,?,?
, Private,189484.39, HS-grad,,?,?,?,?,?,,,40.425713,?,?
,?,,?,10.067414, Married-civ-spouse,?,?, White,?,,,,?, <=50K
,?,,?,,?,?,?,?,?,,,,?,?
,?,,?,10.067414,?, Craft-repair,?,?, Male,,,,?, <=50K
,?,,?,,?,?,?,?,?,,,,?,?
,?,, HS-grad,,?,?,?,?, Male,,,,?, <=50K
, Private,, HS-grad,, Married-civ-spouse, Craft-repair,?,?,?,,,,?, <=50K
,?,,?,,?,?,?,?,?,,87.670456,40.425713,?, <=50K
,?,,?,,?,?,?, White,?,,87.670456,40.425713,?, <=50K
,?,, HS-grad,10.067414,?,?,?,?,?,,,40.425713,?,?
38.579506,?,,?,10.067414,?,?,?,?,?,,,,?,?
38.579506,?,189484.39,?,,?,?,?,?,?,,,40.425713,?,?
,?,, HS-grad,, Married-civ-spouse,?,?,?,?,,,40.425713,?,?
, Private,,?,,?,?,?,?,?,1082.9701,,,?, <=50K
, Private,,?,10.067414,?,?,?, White,?,1082.9701,,,?,?
,?,, HS-grad,10.067414,?,?,?,?,?,,,,?,?
,?,, HS-grad,,?, Craft-repair,?,?,?,,,,?,?
,?,, HS-grad,, Married-civ-spouse,?,?,?, Male,1082.9701,,,?,?
,?,,?,10.067414,?,?,?,?,?,,,,?,?
,?,,?,,?,?,?, White,?,,,40.425713,?,?
38.579506,?,,?,10.067414,?, Craft-repair,?,?, Male,,,,?,?
, Private,,?,,?,?,?,?, Male,1082.9701,87.670456,,?, <=50K
38.579506,?,,?,, Married-civ-spouse, Craft-repair,?, White,?,,,,?,?
,?,189484.39, HS-grad,,?,?,?,?,?,,,40.425713, United-States,?
,?,189484.39,?,,?,?,?, White,?,,,,?,?
, Private,,?,,?,?,?, White,?,,,,?,?
, Private,189484.39,?,,?,?, Husband,?,?,,,,?,?
, Private,,?,,?,?,?,?,?,,87.670456,,?,?
,?,, HS-grad,, Married-civ-spouse,?,?,?,?,,,, United-States, <=50K
38.579506,?,,?,10.067414,?,?,?,?,?,,,,?,?
,?,189484.39,?,,?,?,?,?, Male,,,,?,?
38.579506, Private,, HS-grad,10.067414, Married-civ-spouse, Craft-repair,?, White,?,,,,?,?
,?,, HS-grad,,?,?,?, White,?,,,,?,?
,?,,?,,?,?,?,?,?,,,,?,?
, Private,, HS-grad,,?,?,?, White, Male,,,,?, <=50K
38.579506, Private,,?,, Married-civ-spouse,?, Husband,?,?,,87.670456,, United-States,?
38.579506,?,, HS-grad,,?, Craft-repair,?,?,?,,,, United-States,?
, Private,,?,,?,?,?,?,?,,,,?,?
,?,,?,, Married-civ-spouse,?,?, White,?,1082.9701,,,?,?
,?,,?,,?,?, Husband,?,?,,,,?,?
, Private,,?,10.067414,?,?, Husband,?,?,,,,?, <=50K
, Private,,?,,?,?,?, White,?,,,,?,?
,?,,?,, Married-civ-spouse,?,?,?,?,,87.670456,, United-States,?
,?,,?,,?,?,?,?,?,,,,?,?
,?,189484.39, HS-grad,,?,?,?,?, Male,,,,?,?
, Private,,?,,?,?,?,?,?,,,,?,?
,?,,?,,?,?, Husband,?,?,1082.9701,,,?,?
,?,,?,,?,?,?,?,?,1082.9701,87.670456,,?,?
,?,,?,,?,?, Husband,?,?,,,,?, <=50K
,?,,?,,?,?,?,?, Male,,,40.425713, United-States,?
38.579506,?,, HS-grad,, Married-civ-spouse,?, Husband,?,?,1082.9701,,,?, <=50K
,?,,?,,?,?,?, White, Male,,87.670456,40.425713,?,?
,?,,?,10.067414,?,?,?,?,?,1082.9701,,40.425713,?,?
,?,, HS-grad,, Married-civ-spouse,?,?,?,?,,,,?,?
38.579506,?,,?,,?,?,?, White,?,,,,?,?
38.579506,?,,?,,?,?,?,?, Male,1082.9701,,40.425713,?,?
, Private,,?,,?,?, Husband,?,?,1082.9701,,40.425713, United-States,?
,?,, HS-grad,,?, Craft-repair, Husband,?,?,,,,?,?
, Private,,?,,?,?,?,?,?,,,40.425713,?,?
,?,,?,10.067414,?,?,?,?, Male,,,,?,?
38.579506,?,, HS-grad,, Married-civ-spouse,?,?,?,?,,87.670456,,?,?
38.579506,?,,?,, Married-civ-spouse, Craft-repair,?,?,?,,87.670456,,?,?
,?,189484.39,?,,?,?,?,?,?,1082.9701,,, United-States, <=50K
, Private,,?,,?,?, Husband,?,?,,87.670456,,?, <=50K
,?,,?,,?,?,?,?,?,,,,?,?
38.579506,?,,?,,?, Craft-repair,?,?,?,1082.9701,,,?, <=50K
38.579506,?,,?,, Married-civ-spouse,?,?, White, Male,,87.670456,40.425713, United-States,?
,?,, HS-grad,, Married-civ-spouse,?,?, White, Male,,,, United-States,?
38.579506,?,189484.39,?,,?, Craft-repair,?,?,?,,,, United-States, <=50K
, Private,,?,, Married-civ-spouse,?,?, White,?,,,,?, <=50K
, Private,, HS-grad,,?, Craft-repair, Husband,?,?,,,,?,?
, Private,189484.39,?,10.067414,?,?,?, White,?,1082.9701,,40.425713,?,?
38.579506,?,,?,, Married-civ-spouse,?,?, White,?,1082.9701,87.670456,,?,?
, Private,,?,10.067414,?,?,?, White,?,,,,?,?
, Private,,?,,?,?, Husband, White,?,,87.670456,,?, <=50K
,?,, HS-grad,10.067414,?,?,?,?,?,,,,?,?
,?,,?,,?,?,?,?,?,,,,?,?
38.579506,?,,?,, Married-civ-spouse,?,?,?,?,,,40.425713,?,?
,?,,?,,?,?,?, White,?,,,,?,?
,?,,?,,?,?,?,?, Male,1082.9701,87.670456,,?, <=50K
38.579506,?,189484.39,?,, Married-civ-spouse, Craft-repair,?,?, Male,,,,?,?
,?,,?,, Married-civ-spouse, Craft-repair,?, White,?,1082.9701,,,?,?
,?,,?,10.067414,?,?, Husband,?, Male,1082.9701,,,?,?
, Private,,?,10.067414,?, Craft-repair,?,?, Male,,,,?,?
,?,, HS-grad,,?,?,?,?,?,,,,?,?
38.579506,?,189484.39, HS-grad,10.067414,?,?,?, White,?,,87.670456,, United-States,?
38.579506,?,, HS-grad,,?,?,?,?,?,1082.9701,,, United-States,?
38.579506, Private,,?,,?, Craft-repair, Husband, White, Male,,,40.425713,?,?
,?,189484.39, HS-grad,,?,?,?, White,?,1082.9701,,,?, <=50K
38.579506, Private,, HS-grad,10.067414,?,?,?,?,?,,,,?,?
,?,,?,,?,?,?,?, Male,,87.670456,,?,?
38.579506, Private,, HS-grad,,?,?,?,?,?,,,,?, <=50K
,?,,?,,?,?,?, White,?,,,,?,?
, Private,189484.39,?,,?,?,?,?,?,,,,?,?
,?,189484.39,?,,?,?,?, White,?,1082.9701,,,?,?
38.579506,?,, HS-grad,,?, Craft-repair,?,?,?,1082.9701,,40.425713,?,?
,?,,?,,?, Craft-repair,?, White,?,,87.670456,, United-States,?
38.579506, Private,,?,,?, Craft-repair, Husband,?,?,,87.670456,40.425713,?, <=50K
,?,,?,, Married-civ-spouse, Craft-repair,?,?,?,1082.9701,,,?,?
,?,,?,,?,?,?,?,?,,,40.425713, United-States, <=50K
,?,189484.39,?,, Married-civ-spouse,?,?,?,?,,87.670456,,?,?
,?,,?,,?,?,?,?,?,,87.670456,,?,?
, Private,189484.39, HS-grad,,?,?,?,?,?,,,,?,?
,?,,?,,?,?, Husband,?, Male,,,,?,?
,?,,?,,?, Craft-repair,?,?,?,,,, United-States,?
, Private,189484.39, HS-grad,, Married-civ-spouse,?,?,?,?,1082.9701,,40.425713,?,?
38.579506,?,,?,,?, Craft-repair, Husband,?,?,,,40.425713,?,?
, Private,189484.39,?,,?, Craft-repair,?,?, Male,,,,?,?
, Private,, HS-grad,10.067414,?,?, Husband,?,?,,,40.425713,?,?
,?,,?,,?,?,?,?,?,,,,?,?
,?,,?,, Married-civ-spouse,?,?, White,?,,,40.425713, United-States,?
,?,,?,10.067414,?,?,?,?,?,1082.9701,,,?,?
,?,, HS-grad,, Married-civ-spouse,?,?,?,?,,,, United-States,?
,?,,?,,?,?,?,?, Male,,87.670456,, United-States,?
,?,, HS-grad,, Married-civ-spouse,?,?,?,?,,,,?,?
, Private,, HS-grad,,?,?, Husband,?,?,1082.9701,,, United-States,?
,?,,?,, Married-civ-spouse, Craft-repair,?,?,?,,,40.425713,?,?
,?,,?,10.067414,?, Craft-repair,?, White,?,,,,?,?
,?,, HS-grad,,?,?,?,?,?,,,,?, <=50K
, Private,, HS-grad,,?,?,?,?,?,,,,?, <=50K
,?,,?,,?,?,?,?,?,,,, United-States, <=50K
38.579506,?,,?,10.067414,?,?,?,?,?,,,,?,?
38.579506,?,189484.39,?,,?,?,?,?,?,,,,?,?
,?,,?,10.067414, Married-civ-spouse, Craft-repair,?,?,?,1082.9701,,, United-States,?
,?,,?,,?,?,?,?,?,1082.9701,,,?,?
,?,,?,, Married-civ-spouse,?,?,?,?,,,, United-States,?
,?,,?,,?,?,?,?,?,,,,?, <=50K
, Private,189484.39,?,,?,?, Husband,?,?,1082.9701,,, United-States, <=50K
38.579506,?,,?,,?,?, Husband,?,?,,,,?,?
, Private,,?,,?,?, Husband,?,?,,,40.425713, United-States,?
38.579506,?,,?,,?,?,?,?, Male,1082.9701,,40.425713, United-States,?
,?,189484.39,?,,?, Craft-repair, Husband,?,?,,,40.425713,?,?
,?,,?,,?,?,?,?,?,,,,?,?
, Private,,?,,?, Craft-repair,?,?,?,,,,?,?
38.579506, Private,, HS-grad,, Married-civ-spouse,?, Husband,?, Male,,,,?,?
, Private,189484.39,?,, Married-civ-spouse,?,?,?,?,,,40.425713,?,?
, Private,,?,10.067414,?,?,?, White,?,,,,?, <=50K
,?,,?,,?,?,?,?,?,,,40.425713,?,?
, Private,, HS-grad,,?,?,?,?,?,,,,?,?
, Private,,?,,?,?,?,?, Male,,,, United-States,?
,?,,?,,?,?,?,?,?,,,,?,?
,?,,?,,?,?,?, White,?,,,,?,?
,?,,?,10.067414, Married-civ-spouse,?,?,?,?,,,,?, <=50K
, Private,, HS-grad,,?,?,?, White,?,,,,?,?
38.579506,?,189484.39, HS-grad,,?,?,?,?,?,,,40.425713,?, <=50K
,?,,?,,?,?, Husband,?,?,,,,?,?
, Private,,?,, Married-civ-spouse,?,?,?,?,,87.670456,,?, <=50K
,?,,?,,?,?, Husband, White,?,,,, United-States, <=50K
,?,,?,, Married-civ-spouse,?,?,?,?,,87.670456,, United-States, <=50K
, Private,,?,,?, Craft-repair,?, White,?,1082.9701,87.670456,,?,?
, Private,189484.39,?,,?, Craft-repair,?,?,?,,,,?,?
,?,, HS-grad,,?,?,?,?,?,,,,?, <=50K
38.579506,?,,?,,?,?,?, White,?,,,, United-States, <=50K
,?,,?,,?,?,?, White,?,,,,?,?
,?,189484.39,?,,?,?,?, White,?,,87.670456,,?,?
,?,,?,,?,?, Husband,?, Male,1082.9701,,40.425713,?,?
,?,,?,10.067414, Married-civ-spouse,?,?,?,?,,,,?,?
,?,189484.39,?,,?,?,?,?,?,,87.670456,,?,?
38.579506,?,,?,,?,?,?,?,?,,,,?,?
,?,,?,,?,?,?,?,?,1082.9701,87.670456,,?,?
,?,,?,, Married-civ-spouse, Craft-repair,?, White,?,1082.9701,,,?, <=50K
,?,,?,10.067414,?,?,?,?,?,,,,?,?
,?,,?,10.067414,?, Craft-repair,?,?,?,1082.9701,,,?,?
, Private,189484.39,?,,?,?,?,?,?,,,,?, <=50K
38.579506,?,,?,,?,?,?,?, Male,,,,?,?
,?,,?,,?,?,?, White,?,,87.670456,,?,?
38.579506,?,,?,,?, Craft-repair,?,?,?,,87.670456,,?,?
,?,, HS-grad,, Married-civ-spouse,?, Husband,?,?,,,,?,?
,?,,?,, Married-civ-spouse,?,?,?, Male,,,40.425713,?,?
, Private,, HS-grad,10.067414,?,?, Husband,?,?,,,, United-States,?
38.579506,?,,?,,?, Craft-repair,?,?,?,1082.9701,87.670456,,?,?
,?,,?,,?,?,?,?,?,,87.670456,, United-States,?
, Private,,?,10.067414,?, Craft-repair,?,?, Male,1082.9701,,,?, <=50K
,?,, HS-grad,,?,?,?,?,?,,,,?,?
38.579506,?,,?,10.067414, Married-civ-spouse, Craft-repair,?,?,?,,,,?,?
,?,,?,,?, Craft-repair,?,?,?,,,40.425713, United-States, <=50K
,?,,?,10.067414, Married-civ-spouse,?, Husband,?,?,,,,?, <=50K
,?,,?,,?,?,?,?,?,1082.9701,,40.425713,?,?
,?,189484.39,?,10.067414,?, Craft-repair,?,?,?,,,, United-States,?
,?,, HS-grad,,?, Craft-repair,?,?,?,,,, United-States,?
38.579506,?,,?,10.067414, Married-civ-spouse,?,?,?,?,,87.670456,40.425713,?,?
,?,,?,, Married-civ-spouse,?,?,?,?,,,,?,?
38.579506,?,,?,, Married-civ-spouse, Craft-repair,?,?,?,,,, United-States,?
38.579506,?,,?,, Married-civ-spouse, Craft-repair, Husband, White,?,,,,?, <=50K
,?,, HS-grad,,?,?,?,?,?,,,,?,?
,?,, HS-grad,,?,?,?,?,?,,,,?, <=50K
,?,,?,10.067414,?, Craft-repair,?,?, Male,,,, United-States,?
38.579506, Private,,?,,?,?, Husband,?,?,,,,?,?
,?,189484.39,?,,?,?,?,?,?,1082.9701,,,?, <=50K
,?,,?,,?, Craft-repair, Husband,?,?,,,, United-States,?
,?,,?,10.067414,?,?,?,?,?,,,,?,?
,?,,?,,?,?,?,?, Male,,,,?,?
38.579506,?,, HS-grad,,?, Craft-repair, Husband,?,?,,87.670456,,?, <=50K
,?,,?,,?,?,?,?,?,,,,?,?
, Private,,?,,?,?,?,?, Male,,,, United-States,?
,?,,?,10.067414,?,?,?,?,?,,,,?,?
38.579506,?,,?,,?,?,?,?,?,,,40.425713,?,?
38.579506, Private,,?,10.067414,?,?,?,?,?,,,,?,?
,?,189484.39, HS-grad,,?,?,?,?,?,1082.9701,,,?,?
38.579506,?,,?,,?,?, Husband,?,?,,,,?,?
,?,,?,10.067414,?,?,?,?,?,,,, United-States,?
,?,, HS-grad,,?,?,?,?,?,,,,?,?
,?,189484.39,?,,?,?,?,?,?,,,40.425713, United-States,?
,?,, HS-grad,, Married-civ-spouse,?,?,?, Male,,,40.425713,?, <=50K
38.579506,?,,?,,?,?, Husband,?,?,,,,?,?
,?,189484.39,?,,?,?,?,?,?,,87.670456,,?, <=50K
, Private,189484.39,?,10.067414,?,?,?,?,?,1082.9701,,40.425713,?,?
,?,, HS-grad,,?, Craft-repair,?,?,?,,,,?,?
,?,189484.39,?,, Married-civ-spouse,?, Husband,?,?,,,,?,?
,?,,?,,?,?, Husband,?, Male,1082.9701,,, United-States,?
,?,,?,,?, Craft-repair,?,?, Male,1082.9701,,,?,?
, Private,,?,10.067414,?,?,?,?, Male,,,40.425713,?,?
,?,,?,, Married-civ-spouse, Craft-repair,?,?,?,,,,?,?
,?,189484.39,?,,?,?,?,?, Male,,87.670456,40.425713,?, <=50K
,?,,?,10.067414,?,?,?,?,?,,,,?, <=50K
38.579506, Private,189484.39,?,,?,?,?,?,?,1082.9701,87.670456,,?,?
,?,,?,10.067414, Married-civ-spouse,?,?,?, Male,,,,?, <=50K
,?,,?,,?,?, Husband,?, Male,1082.9701,87.670456,40.425713,?,?
38.579506, Private,,?,,?,?,?,?,?,1082.9701,,40.425713, United-States,?
38.579506,?,, HS-grad,, Married-civ-spouse,?,?,?,?,,,40.425713, United-States,?
38.579506,?,, HS-grad,,?,?,?, White,?,,,40.425713,?,?
, Private,, HS-grad,, Married-civ-spouse,?,?,?,?,1082.9701,,,?,?
38.579506,?,,?,, Married-civ-spouse, Craft-repair,?,?,?,,87.670456,, United-States,?
, Private,,?,,?,?,?,?,?,,,,?, <=50K
,?,, HS-grad,,?,?,?,?,?,1082.9701,,,?, <=50K
,?,,?,,?,?, Husband, White,?,,,, United-States,?
, Private,, HS-grad,,?,?,?, White,?,1082.9701,87.670456,,?, <=50K
,?,, HS-grad,,?,?, Husband,?,?,,,,?,?
, Private,,?,,?,?,?,?,?,,,,?, <=50K
,?,,?,,?,?,?,?,?,,,, United-States, <=50K
,?,189484.39,?,10.067414,?,?,?,?,?,,,,?,?
, Private,189484.39,?,10.067414,?,?, Husband,?,?,1082.9701,,,?,?
,?,189484.39,?,, Married-civ-spouse,?,?,?,?,1082.9701,87.670456,,?,?
,?,189484.39,?,10.067414,?,?,?,?,?,,,,?,?
,?,,?,, Married-civ-spouse, Craft-repair,?,?,?,,,40.425713,?, <=50K
38.579506,?,,?,,?,?,?, White,?,,87.670456,,?,?
,?,, HS-grad,,?, Craft-repair,?,?,?,,,, United-States, <=50K
,?,, HS-grad,10.067414,?, Craft-repair,?,?,?,1082.9701,87.670456,,?, <=50K
,?,189484.39,?,,?,?,?,?,?,1082.9701,,,?,?
, Private,,?,10.067414, Married-civ-spouse,?,?,?,?,,,, United-States,?
, Private,, HS-grad,, Married-civ-spouse, Craft-repair,?,?,?,1082.9701,,, United-States,?
,?,, HS-grad,,?,?,?, White,?,,87.670456,, United-States,?
38.579506,?,, HS-grad,,?,?,?,?,?,,,,?,?
,?,,?,,?, Craft-repair,?,?,?,,,, United-States,?
38.579506,?,,?,,?,?,?, White,?,,87.670456,, United-States,?
,?,, HS-grad,, Married-civ-spouse,?,?, White,?,,,40.425713,?, <=50K
,?,,?,,?,?,?,?,?,,,40.425713,?,?
,?,189484.39,?,, Married-civ-spouse,?,?,?,?,1082.9701,,,?, <=50K
38.579506, Private,,?,,?,?,?,?,?,,,40.425713, United-States, <=50K
,?,,?,,?,?,?,?,?,1082.9701,,, United-States,?
38.579506,?,,?,10.067414,?,?,?,?, Male,,,, United-States, <=50K
,?,,?,, Married-civ-spouse,?,?,?,?,,87.670456,, United-States,?
,?,,?,,?,?,?,?, Male,,,40.425713, United-States,?
,?,,?,,?,?,?,?,?,,87.670456,40.425713,?,?
,?,, HS-grad,,?,?,?,?,?,,87.670456,, United-States, <=50K
,?,,?,,?,?,?,?,?,,,,?, <=50K
,?,, HS-grad,,?,?, Husband,?,?,,,,?,?
38.579506,?,,?,10.067414,?,?,?, White, Male,,,,?,?
,?,,?,,?, Craft-repair, Husband,?,?,,,,?, <=50K
,?,189484.39,?,,?,?, Husband, White,?,,,40.425713, United-States, <=50K
,?,, HS-grad,, Married-civ-spouse,?, Husband,?,?,,,,?, <=50K
,?,,?,10.067414,?,?,?,?, Male,,87.670456,,?,?
38.579506,?,,?,10.067414,?,?,?, White,?,1082.9701,87.670456,,?,?
,?,,?,10.067414,?,?,?,?,?,,87.670456,40.425713, United-States,?
, Private,189484.39,?,10.067414,?,?,?,?,?,,87.670456,,?,?
,?,189484.39,?,,?,?, Husband, White,?,,,, United-States,?
, Private,,?,10.067414,?,?, Husband,?,?,,,,?,?
,?,189484.39, HS-grad,,?,?,?,?,?,,,,?,?
,?,,?,, Married-civ-spouse,?,?,?,?,,,, United-States,?
38.579506,?,,?,,?, Craft-repair,?,?,?,,,, United-States,?
,?,,?,,?,?, Husband,?,?,1082.9701,,,?,?
38.579506,?,,?,,?,?,?,?,?,,,,?,?
38.579506,?,, HS-grad,,?, Craft-repair,?,?,?,,87.670456,,?,?
,?,,?,,?,?,?,?, Male,,,40.425713,?,?
,?,,?,,?, Craft-repair, Husband,?,?,,,,?, <=50K
38.579506,?,189484.39,?,, Married-civ-spouse,?,?,?,?,,,,?,?
,?,, HS-grad,10.067414,?,?, Husband,?,?,1082.9701,,,?,?
,?,, HS-grad,,?,?,?, White,?,,,,?,?
,?,189484.39,?,,?,?,?,?,?,,87.670456,,?,?
,?,,?,, Married-civ-spouse,?,?, White,?,1082.9701,,,?, <=50K
,?,,?,,?,?,?,?,?,,,,?,?
, Private,,?,10.067414,?, Craft-repair, Husband, White,?,,,,?,?
,?,189484.39,?,,?,?,?,?,?,1082.9701,,40.425713,?, <=50K
, Private,, HS-grad,,?,?,?,?,?,,,,?,?
,?,189484.39,?,, Married-civ-spouse,?,?, White,?,,,,?, <=50K
,?,, HS-grad,,?, Craft-repair, Husband, White,?,,,,?,?
,?,,?,,?, Craft-repair, Husband, White,?,,87.670456,,?,?
,?,, HS-grad,, Married-civ-spouse,?,?,?,?,,87.670456,40.425713, United-States,?
,?,,?,,?,?,?, White,?,,,,?,?
38.579506,?,,?,,?,?,?,?, Male,,,, United-States,?
,?,,?,,?,?,?,?, Male,,87.670456,,?,?
,?,,?,, Married-civ-spouse,?,?,?,?,,,, United-States, <=50K
38.579506,?,,?,,?,?,?,?,?,,87.670456,,?, <=50K
38.579506,?,,?,10.067414, Married-civ-spouse,?,?, White,?,,,, United-States,?
,?,,?,,?,?,?, White, Male,,87.670456,,?,?
, Private,,?,,?, Craft-repair,?,?,?,,,,?, <=50K
,?,,?,10.067414,?,?,?,?, Male,1082.9701,,40.425713, United-States,?
38.579506,?,,?,,?,?,?,?, Male,,,,?, <=50K
, Private,,?,10.067414,?, Craft-repair, Husband,?,?,,87.670456,40.425713,?,?
,?,, HS-grad,, Married-civ-spouse, Craft-repair,?,?,?,,87.670456,,?,?
,?,,?,,?,?,?, White,?,,,, United-States,?
,?,,?,, Married-civ-spouse, Craft-repair,?, White,?,1082.9701,,, United-States,?
38.579506,?,, HS-grad,,?, Craft-repair,?,?,?,1082.9701,,40.425713,?,?
, Private,,?,,?,?,?,?, Male,1082.9701,,40.425713,?,?
,?,,?,, Married-civ-spouse,?, Husband,?,?,,87.670456,40.425713,?,?
38.579506,?,,?,,?,?,?,?,?,,,40.425713,?, <=50K
, Private,189484.39, HS-grad,,?,?,?,?,?,,,,?,?
,?,,?,10.067414, Married-civ-spouse, Craft-repair,?, White,?,,87.670456,,?,?
,?,,?,,?,?, Husband,?,?,,,,?, <=50K
,?,,?,,?,?,?,?,?,1082.9701,,,?,?
, Private,189484.39,?,,?,?,?,?,?,,87.670456,40.425713,?,?
,?,,?,,?, Craft-repair,?, White, Male,,,, United-States,?
,?,189484.39,?,,?,?, Husband,?,?,,,,?, <=50K
,?,189484.39,?,10.067414, Married-civ-spouse, Craft-repair,?, White,?,,,40.425713, United-States, <=50K
,?,,?,,?,?,?,?,?,,,, United-States,?
,?,,?,,?,?, Husband,?, Male,,87.670456,,?,?
,?,, HS-grad,,?,?,?,?,?,,,, United-States,?
,?,,?,,?, Craft-repair,?,?, Male,,,40.425713,?,?
,?,,?,, Married-civ-spouse,?, Husband,?,?,,,,?,?
,?,,?,,?,?, Husband,?,?,1082.9701,87.670456,, United-States,?
38.579506,?,,?,10.067414,?, Craft-repair,?, White,?,,,40.425713,?,?
, Private,,?,,?,?, Husband, White,?,,,40.425713,?,?
,?,189484.39,?,, Married-civ-spouse, Craft-repair, Husband,?,?,,87.670456,,?,?
,?,,?,,?,?,?, White,?,,,,?,?
, Private,, HS-grad,,?,?,?, White,?,,87.670456,,?, <=50K
,?,,?,,?, Craft-repair,?,?,?,1082.9701,,,?,?
,?,, HS-grad,10.067414,?, Craft-repair,?,?,?,,87.670456,40.425713,?,?
38.579506,?,,?,,?,?, Husband,?,?,,,,?,?
, Private,,?,,?,?,?, White,?,,,40.425713,?,?
,?,189484.39,?,,?,?,?,?,?,1082.9701,,,?,?
, Private,189484.39,?,10.067414,?,?, Husband,?, Male,,,40.425713,?,?
,?,189484.39,?,,?,?,?,?, Male,,,,?, <=50K
,?,189484.39,?,,?,?,?, White,?,,,,?,?
,?,,?,, Married-civ-spouse,?,?,?,?,,,,?,?
,?,,?,10.067414,?, Craft-repair,?,?,?,,,,?,?
38.579506,?,,?,,?,?, Husband,?,?,,87.670456,,?,?
38.579506,?,,?,, Married-civ-spouse,?,?,?,?,,,,?, <=50K
38.579506,?,,?,,?, Craft-repair,?,?,?,,,,?,?
,?,,?,10.067414,?,?,?,?,?,,,,?,?
,?,189484.39,?,, Married-civ-spouse,?,?,?,?,,,, United-States, <=50K
,?,189484.39, HS-grad,,?,?, Husband,?,?,,,, United-States,?
,?,189484.39,?,, Married-civ-spouse,?,?,?, Male,1082.9701,,,?,?
, Private,, HS-grad,,?, Craft-repair,?,?, Male,,87.670456,,?,?
,?,,?,10.067414, Married-civ-spouse,?,?,?,?,,,, United-States,?
,?,,?,,?,?,?, White,?,,,40.425713, United-States,?
,?,,?,,?,?,?, White,?,,,40.425713,?,?
,?,,?,,?, Craft-repair,?,?,?,,,,?,?
38.579506, Private,,?,,?,?,?,?,?,,,40.425713,?, <=50K
38.579506,?,,?,,?, Craft-repair,?,?,?,,,,?,?
,?,, HS-grad,,?,?,?,?,?,,,,?,?
38.579506,?,, HS-grad,,?, Craft-repair,?,?,?,,,,?,?
,?,,?,,?,?,?,?,?,,,,?,?
38.579506, Private,,?,,?,?,?,?,?,,,,?, <=50K
, Private,,?,,?,?,?,?,?,,87.670456,,?,?
, Private,, HS-grad,10.067414,?, Craft-repair,?,?,?,,,,?,?
,?,189484.39,?,,?,?,?,?,?,,,,?,?
,?,,?,,?,?, Husband, White,?,,,, United-States,?
, Private,,?,10.067414,?,?,?,?,?,,87.670456,40.425713,?, <=50K
,?,,?,,?,?, Husband,?, Male,,,40.425713,?,?
,?,,?,10.067414,?, Craft-repair,?,?,?,,87.670456,, United-States, <=50K
,?,,?,10.067414,?,?,?,?,?,,,40.425713,?,?
38.579506,?,189484.39,?,10.067414,?,?, Husband, White, Male,,,,?,?
, Private,189484.39,?,,?, Craft-repair,?,?,?,,,, United-States, <=50K
,?,, HS-grad,, Married-civ-spouse,?,?,?,?,,,, United-States,?
,?,,?,10.067414,?, Craft-repair,?,?, Male,,87.670456,,?, <=50K
,?,, HS-grad,,?,?,?, White, Male,,,,?, <=50K
38.579506,?,189484.39,?,10.067414,?,?,?, White,?,,,, United-States,?
,?,,?,, Married-civ-spouse,?, Husband,?,?,,,,?,?
,?,, HS-grad,10.067414,?,?,?,?,?,,,,?,?
,?,,?,,?,?,?,?, Male,,,,?,?
38.579506,?,,?,,?,?, Husband,?,?,1082.9701,,40.425713,?,?
,?,,?,,?, Craft-repair,?,?, Male,,,,?,?
,?,,?,10.067414, Married-civ-spouse,?,?,?,?,,,,?,?
,?,,?,,?, Craft-repair,?,?,?,,87.670456,40.425713, United-States,?
,?,, HS-grad,,?,?,?,?,?,,,40.425713,?, <=50K
,?,189484.39,?,,?, Craft-repair,?, White,?,1082.9701,87.670456,, United-States,?
,?,, HS-grad,,?,?,?,?,?,,,,?,?
38.579506,?,, HS-grad,,?,?,?, White,?,,87.670456,,?,?
,?,,?,10.067414, Married-civ-spouse,?, Husband,?,?,,,,?,?
,?,, HS-grad,10.067414,?,?,?,?,?,,,40.425713,?,?
38.579506, Private,189484.39,?,10.067414, Married-civ-spouse,?, Husband,?,?,,,,?,?
, Private,,?,10.067414,?,?, Husband, White,?,,87.670456,,?,?
,?,189484.39,?,,?,?,?,?,?,,,,?, <=50K
38.579506,?,,?,,?,?,?,?,?,,,,?,?
, Private,,?,, Married-civ-spouse,?,?,?, Male,,,, United-States,?
,?,,?,10.067414,?,?,?, White, Male,,,,?,?
,?,,?,, Married-civ-spouse,?, Husband,?, Male,1082.9701,,,?,?
,?,189484.39,?,, Married-civ-spouse, Craft-repair,?,?,?,1082.9701,,,?,?
,?,,?,,?,?,?,?,?,1082.9701,,,?, <=50K
,?,189484.39, HS-grad,,?,?,?,?,?,,87.670456,40.425713, United-States,?
38.579506, Private,,?,,?,?,?,?,?,1082.9701,,,?,?
38.579506, Private,189484.39,?,,?,?,?,?,?,,,40.425713,?,?
,?,,?,,?,?,?, White,?,,,,?, <=50K
,?,,?,,?,?,?,?,?,,,,?, <=50K
,?,, HS-grad,,?, Craft-repair, Husband,?,?,,87.670456,, United-States,?
,?,,?,,?,?,?, White,?,,,,?,?
,?,,?,,?,?, Husband, White,?,,,,?,?
, Private,189484.39,?,,?,?,?, White,?,1082.9701,87.670456,,?,?
,?,,?,,?,?,?,?,?,,87.670456,,?,?
38.579506, Private,,?,,?,?,?,?,?,,,,?,?
38.579506, Private,, HS-grad,, Married-civ-spouse, Craft-repair,?,?, Male,,,,?,?
38.579506,?,,?,,?,?,?,?, Male,,,,?, <=50K
, Private,,?,10.067414,?,?,?,?,?,,,,?,?
38.579506, Private,, HS-grad,10.067414,?,?,?,?, Male,,,40.425713, United-States,?
,?,,?,,?,?,?, White,?,,,40.425713,?,?
,?,,?,,?,?,?,?,?,,87.670456,,?,?
,?,,?,,?,?, Husband,?,?,,,, United-States,?
, Private,,?,,?,?,?,?,?,,87.670456,, United-States,?
38.579506, Private,,?,10.067414,?,?,?,?,?,,,, United-States,?
,?,, HS-grad,,?,?,?,?,?,,,,?,?
, Private,, HS-grad,,?, Craft-repair,?, White,?,1082.9701,,40.425713,?,?
,?,,?,,?,?,?,?,?,,,,?,?
,?,,?,,?, Craft-repair,?,?,?,,,40.425713,?,?
,?,,?,,?,?,?, White,?,,,40.425713,?,?
,?,,?,,?, Craft-repair,?,?,?,,,,?,?
,?,189484.39,?,,?, Craft-repair,?, White,?,,87.670456,, United-States,?
38.579506,?,, HS-grad,, Married-civ-spouse,?,?,?,?,1082.9701,,, United-States,?
,?,,?,,?,?,?,?, Male,,87.670456,, United-States,?
38.579506,?,,?,10.067414,?,?,?,?,?,,,,?,?
, Private,,?,,?,?,?, White,?,,,,?, <=50K
,?,,?,,?,?,?,?,?,,,40.425713,?,?
,?,,?,,?,?,?,?, Male,,87.670456,,?, <=50K
,?,189484.39,?,, Married-civ-spouse,?,?,?,?,1082.9701,,,?,?
,?,, HS-grad,,?,?,?,?,?,,87.670456,,?,?
38.579506,?,,?,,?,?,?,?,?,,,,?,?
38.579506, Private,189484.39, HS-grad,,?,?,?, White,?,,87.670456,,?, <=50K
, Private,,?,,?,?,?,?,?,,,,?,?
, Private,, HS-grad,10.067414,?, Craft-repair,?,?,?,,,, United-States,?
,?,,?,, Married-civ-spouse,?,?,?, Male,,87.670456,, United-States,?
,?,, HS-grad,, Married-civ-spouse,?,?, White,?,,,40.425713,?,?
, Private,189484.39, HS-grad,,?, Craft-repair,?,?, Male,1082.9701,87.670456,,?,?
,?,,?,10.067414,?,?,?,?, Male,,,40.425713,?,?
,?,,?,10.067414, Married-civ-spouse, Craft-repair,?,?,?,1082.9701,,,?,?
,?,,?,,?,?,?,?,?,,87.670456,40.425713,?,?
,?,,?,,?, Craft-repair,?,?,?,,,, United-States,?
,?,,?,, Married-civ-spouse,?,?,?, Male,,87.670456,,?,?
,?,189484.39,?,,?, Craft-repair,?, White,?,,,,?,?
,?,, HS-grad,10.067414,?, Craft-repair, Husband,?,?,,,,?,?
,?,189484.39,?,,?,?,?,?, Male,,,,?,?
,?,,?,,?,?,?, White,?,,,,?,?
38.579506, Private,,?,,?, Craft-repair,?,?,?,,,40.425713,?,?
,?,,?,,?,?,?, White,?,1082.9701,,,?,?
, Private,, HS-grad,,?, Craft-repair,?,?, Male,,,,?,?
38.579506,?,,?,10.067414,?,?, Husband,?,?,,,, United-States,?
,?,,?,10.067414,?,?,?,?,?,1082.9701,,,?,?
,?,,?,10.067414, Married-civ-spouse,?, Husband, White,?,1082.9701,87.670456,,?,?
,?,,?,10.067414,?, Craft-repair,?,?,?,,87.670456,40.425713, United-States,?
,?,,?,,?,?,?, White,?,,,40.425713,?,?
38.579506,?,,?,,?, Craft-repair, Husband, White,?,,,,?,?
,?,189484.39,?,, Married-civ-spouse,?,?,?,?,,87.670456,,?,?
38.579506,?,,?,,?, Craft-repair,?,?,?,1082.9701,,,?, <=50K
38.579506, Private,,?,,?,?, Husband,?, Male,,,,?,?
,?,,?,,?, Craft-repair, Husband,?,?,,,,?, <=50K
,?,189484.39,?,,?,?,?, White,?,,,,?,?
38.579506,?,,?,,?, Craft-repair,?, White,?,,,,?,?
,?,,?,,?,?,?,?, Male,,,,?,?
,?,,?,,?,?,?, White,?,,,40.425713, United-States,?
,?,,?,,?,?,?,?, Male,1082.9701,87.670456,,?,?
,?,189484.39, HS-grad,,?,?,?, White,?,,,, United-States,?
,?,,?,, Married-civ-spouse,?, Husband,?,?,,,40.425713,?, <=50K
38.579506,?,,?,10.067414,?,?,?, White,?,,,40.425713,?,?
,?,,?,,?, Craft-repair,?,?,?,,87.670456,, United-States,?
38.579506,?,189484.39,?,10.067414,?,?,?,?,?,,,,?, <=50K
,?,189484.39, HS-grad,, Married-civ-spouse,?,?,?,?,1082.9701,,,?,?
38.579506,?,189484.39,?,, Married-civ-spouse,?,?,?,?,,,40.425713, United-States, <=50K
, Private,, HS-grad,,?,?,?,?,?,1082.9701,,,?,?
38.579506,?,,?,10.067414,?,?,?, White,?,,,40.425713,?,?
,?,,?,,?,?,?,?,?,1082.9701,,40.425713,?,?
,?,189484.39,?,,?,?, Husband,?,?,,,,?,?
,?,,?,10.067414,?,?, Husband,?,?,1082.9701,,,?, <=50K
,?,189484.39, HS-grad,,?,?,?,?,?,,,,?,?
38.579506, Private,,?,,?, Craft-repair,?, White, Male,,,40.425713,?,?
,?,, HS-grad,,?, Craft-repair,?,?,?,,,,?,?
,?,,?,, Married-civ-spouse,?, Husband,?,?,,87.670456,,?, <=50K
, Private,, HS-grad,,?,?,?,?,?,,,,?,?
,?,189484.39,?,, Married-civ-spouse,?,?, White,?,1082.9701,,,?,?
,?,189484.39,?,10.067414,?,?,?,?, Male,,87.670456,,?,?
38.579506, Private,,?,10.067414,?,?,?, White,?,,,40.425713,?,?
,?,,?,10.067414,?,?,?, White,?,,,40.425713, United-States,?
,?,, HS-grad,10.067414,?,?,?,?,?,,,,?,?
,?,,?,, Married-civ-spouse, Craft-repair,?,?,?,,87.670456,40.425713,?, <=50K
38.579506, Private,, HS-grad,, Married-civ-spouse,?,?,?, Male,1082.9701,,,?,?
38.579506, Private,,?,,?, Craft-repair,?,?, Male,,,, United-States,?
, Private,,?,10.067414,?, Craft-repair, Husband,?, Male,,,,?,?
,?,189484.39, HS-grad,10.067414,?,?,?, White,?,,,,?, <=50K
38.579506,?,189484.39,?,, Married-civ-spouse, Craft-repair,?,?,?,1082.9701,,,?,?
,?,189484.39,?,,?,?,?,?,?,,,,?, <=50K
38.579506,?,189484.39, HS-grad,, Married-civ-spouse,?,?,?, Male,1082.9701,,40.425713,?, <=50K
,?,,?,10.067414,?,?,?,?, Male,,87.670456,, United-States,?
,?,,?,10.067414,?,?,?,?,?,,,,?,?
38.579506,?,, HS-grad,10.067414,?,?, Husband, White,?,,87.670456,,?,?
,?,,?,10.067414,?,?, Husband,?,?,,,,?, <=50K
, Private,,?,,?,?,?, White,?,,,,?,?
,?,, HS-grad,,?,?,?,?,?,,,40.425713,?,?
,?,,?,, Married-civ-spouse,?,?, White,?,,,40.425713,?,?
38.579506, Private,,?,10.067414, Married-civ-spouse,?,?, White,?,,,,?, <=50K
,?,189484.39,?,,?,?,?, White,?,,,,?, <=50K
,?,,?,,?,?, Husband, White, Male,,,,?,?
, Private,,?,,?,?,?, White, Male,1082.9701,,,?,?
38.579506,?,, HS-grad,,?,?,?,?,?,,,40.425713,?,?
, Private,,?,,?,?,?,?,?,1082.9701,,40.425713,?, <=50K
,?,,?,10.067414,?,?,?,?,?,,,40.425713,?,?
,?,189484.39, HS-grad,10.067414, Married-civ-spouse, Craft-repair, Husband,?,?,1082.9701,,,?,?
,?,,?,10.067414,?, Craft-repair,?,?,?,,,,?,?
, Private,,?,,?,?,?,?, Male,,,,?, <=50K
, Private,,?,,?,?, Husband,?,?,,,,?,?
38.579506,?,,?,10.067414,?,?,?, White,?,,,,?,?
,?,189484.39,?,, Married-civ-spouse,?,?,?, Male,1082.9701,,,?, <=50K
, Private,189484.39,?,,?,?,?,?,?,,,,?,?
,?,189484.39,?,,?,?,?,?,?,,,,?,?
38.579506,?,189484.39,?,10.067414,?,?,?,?,?,,,,?,?
,?,, HS-grad,,?,?,?,?,?,1082.9701,,,?,?
,?,,?,,?,?,?,?,?,,,,?,?
,?,,?,10.067414,?,?,?, White,?,,87.670456,,?,?
, Private,,?,,?,?,?,?,?,,,,?,?
38.579506, Private,,?,,?,?,?,?,?,,,40.425713,?, <=50K
,?,,?,,?,?, Husband,?,?,,,,?,?
, Private,,?,,?,?,?,?,?,,,, United-States,?
,?,,?,,?,?,?,?,?,,,,?,?
38.579506,?,,?,,?,?,?,?,?,,,,?,?
, Private,,?,,?,?,?,?,?,,,,?,?
,?,,?,,?,?,?,?,?,1082.9701,87.670456,,?,?
,?,,?,,?,?,?,?,?,,87.670456,,?, <=50K
,?,, HS-grad,,?,?,?, White, Male,,,40.425713,?,?
,?,, HS-grad,10.067414,?, Craft-repair,?,?,?,,,, United-States,?
,?,,?,, Married-civ-spouse,?,?,?,?,,87.670456,,?,?
,?,189484.39,?,,?,?,?,?,?,,,,?,?
, Private,,?,,?,?,?, White, Male,,,,?,?
, Private,,?,, Married-civ-spouse,?,?, White,?,,87.670456,,?, <=50K
,?,,?,,?, Craft-repair,?, White,?,,,40.425713,?, <=50K
, Private,189484.39, HS-grad,,?,?,?,?, Male,,,40.425713, United-States, <=50K
,?,,?,,?,?,?,?,?,,87.670456,,?,?
,?,,?,,?,?, Husband,?,?,,,,?,?
, Private,,?,, Married-civ-spouse,?,?,?,?,1082.9701,,,?,?
,?,, HS-grad,, Married-civ-spouse,?,?,?, Male,,,, United-States,?
,?,,?,,?,?,?,?,?,,,,?,?
,?,189484.39,?,10.067414,?,?,?, White, Male,1082.9701,,,?,?
,?,,?,,?, Craft-repair,?,?,?,,87.670456,,?, <=50K
,?,189484.39,?,10.067414,?,?,?, White, Male,1082.9701,87.670456,,?, <=50K
,?,189484.39,?,,?,?,?,?,?,,87.670456,,?, <=50K
,?,,?,,?, Craft-repair,?,?,?,,,40.425713,?,?
38.579506,?,,?,, Married-civ-spouse, Craft-repair,?,?, Male,,,,?,?
,?,,?,, Married-civ-spouse,?,?, White,?,,,40.425713, United-States,?
,?,,?,, Married-civ-spouse,?,?,?,?,1082.9701,87.670456,40.425713, United-States,?
,?,189484.39,?,,?,?,?,?,?,,,40.425713,?,?
, Private,189484.39, HS-grad,, Married-civ-spouse,?,?,?,?,,,,?,?
,?,189484.39,?,,?,?,?,?,?,,,,?,?
,?,,?,,?,?, Husband, White,?,,,,?,?
,?,,?,,?, Craft-repair, Husband,?,?,,,,?,?
,?,,?,,?,?,?,?,?,,,40.425713,?,?
, Private,,?,10.067414,?,?,?,?,?,,87.670456,,?,?
, Private,189484.39,?,10.067414,?,?,?,?, Male,,,,?,?
,?,,?,,?, Craft-repair,?,?,?,,,,?,?
38.579506,?,,?,10.067414,?,?,?,?,?,,,,?,?
38.579506,?,,?,,?,?, Husband, White,?,1082.9701,,40.425713,?,?
,?,, HS-grad,,?,?,?,?,?,,,,?,?
,?,, HS-grad,,?,?,?,?,?,,,40.425713, United-States,?
,?,,?,,?,?,?,?, Male,,,,?,?
,?,,?,,?,?,?,?,?,1082.9701,,,?,?
,?,, HS-grad,,?,?,?, White,?,1082.9701,,,?,?
,?,, HS-grad,10.067414,?,?,?,?,?,,87.670456,, United-States,?
,?,189484.39,?,,?,?,?,?,?,,,, United-States,?
,?,, HS-grad,,?,?,?,?, Male,,,,?,?
, Private,189484.39, HS-grad,,?,?,?,?, Male,,,,?,?
38.579506,?,,?,,?,?, Husband,?,?,,,,?,?
,?,,?,,?,?,?,?,?,1082.9701,,,?,?
38.579506,?,,?,10.067414,?,?,?, White, Male,1082.9701,87.670456,,?,?
38.579506, Private,, HS-grad,,?,?, Husband,?,?,,,,?,?
,?,,?,10.067414,?,?,?, White, Male,,,,?, <=50K
, Private,189484.39,?,,?,?,?,?,?,,,,?,?
,?,,?,,?,?, Husband,?,?,,87.670456,,?,?
, Private,,?,,?,?,?,?,?,,,40.425713,?,?
, Private,189484.39,?,,?, Craft-repair,?,?,?,,,,?,?
,?,,?,,?,?,?,?,?,,,, United-States,?
,?,,?,10.067414,?, Craft-repair,?,?,?,1082.9701,87.670456,,?,?
, Private,, HS-grad,, Married-civ-spouse,?,?,?,?,1082.9701,87.670456,,?,?
38.579506,?,,?,, Married-civ-spouse,?, Husband,?,?,,,,?, <=50K
,?,,?,,?, Craft-repair,?,?,?,,,40.425713,?, <=50K
,?,189484.39,?,,?,?,?, White,?,,,40.425713,?,?
,?,,?,, Married-civ-spouse,?, Husband, White,?,,,,?,?
38.579506, Private,189484.39,?,10.067414,?, Craft-repair,?,?,?,,,,?,?
, Private,189484.39,?,,?,?, Husband,?, Male,,,, United-States,?
,?,,?,,?,?,?,?,?,,,, United-States,?
,?,,?,,?,?,?,?,?,1082.9701,,,?,?
38.579506,?,,?,,?,?,?,?, Male,,,, United-States, <=50K
38.579506,?,, HS-grad,,?,?,?,?,?,1082.9701,87.670456,, United-States,?
38.579506,?,,?,,?,?, Husband,?,?,1082.9701,,40.425713,?, <=50K
,?,,?,, Married-civ-spouse,?,?,?,?,,87.670456,,?,?
,?,,?,,?,?,?,?,?,,,40.425713,?,?
,?,,?,, Married-civ-spouse,?,?,?,?,1082.9701,,,?,?
38.579506, Private,,?,, Married-civ-spouse,?,?,?,?,1082.9701,,, United-States,?
,?,,?,,?,?,?,?,?,,,, United-States,?
38.579506, Private,189484.39, HS-grad,,?,?,?,?,?,1082.9701,,,?, <=50K
,?,189484.39,?,10.067414,?,?,?,?,?,1082.9701,87.670456,, United-States,?
38.579506, Private,,?,,?, Craft-repair,?,?,?,,,,?,?
,?,,?,,?,?,?,?,?,,,,?,?
,?,,?,,?,?,?, White,?,1082.9701,,40.425713,?,?
, Private,,?,,?,?,?,?,?,,,, United-States,?
,?,,?,,?,?,?,?,?,,,,?,?
,?,, HS-grad,, Married-civ-spouse,?,?,?, Male,1082.9701,,,?,?
,?,,?,,?,?,?,?,?,,,,?, <=50K
,?,,?,,?,?,?,?, Male,,,,?, <=50K
,?,,?,,?, Craft-repair,?,?,?,,,,?,?
,?,,?,10.067414,?,?,?,?,?,,,,?,?
,?,,?,,?,?,?,?,?,,,,?, <=50K
,?,,?,,?,?,?,?,?,,,,?, <=50K
,?,, HS-grad,,?, Craft-repair,?,?,?,,,,?,?
, Private,, HS-grad,,?,?, Husband,?,?,,87.670456,40.425713,?,?
,?,, HS-grad,,?,?,?,?,?,,,,?,?
,?,,?,,?,?, Husband,?, Male,1082.9701,87.670456,,?,?
38.579506, Private,,?,, Married-civ-spouse,?,?,?,?,,,40.425713, United-States,?
,?,,?,10.067414,?,?,?,?,?,,,40.425713,?, <=50K
, Private,189484.39,?,,?,?,?, White,?,,,,?,?
,?,189484.39, HS-grad,,?,?,?,?, Male,1082.9701,87.670456,,?, <=50K
,?,,?,,?, Craft-repair,?,?,?,1082.9701,,,?, <=50K
, Private,189484.39,?,,?, Craft-repair,?,?,?,1082.9701,,40.425713,?,?
38.579506,?,,?,, Married-civ-spouse,?,?,?,?,,,40.425713, United-States,?
,?,189484.39,?,,?,?,?,?, Male,,,,?,?
,?,,?,,?,?,?,?,?,,,40.425713,?,?
, Private,, HS-grad,,?,?, Husband,?,?,,,,?,?
,?,,?,,?, Craft-repair,?, White,?,,,,?,?
,?,, HS-grad,,?,?, Husband,?,?,,,,?,?
,?,,?,,?,?, Husband,?,?,,87.670456,,?,?
,?,, HS-grad,,?,?, Husband,?,?,,,40.425713,?,?
, Private,,?,,?, Craft-repair,?,?, Male,1082.9701,,,?,?
38.579506, Private,189484.39, HS-grad,,?,?,?, White,?,1082.9701,,,?, <=50K
,?,,?,, Married-civ-spouse,?,?,?,?,1082.9701,,,?,?
,?,, HS-grad,, Married-civ-spouse,?, Husband,?,?,,,, United-States,?
,?,,?,,?,?,?, White, Male,,,40.425713,?,?
,?,,?,10.067414,?,?, Husband,?,?,,,,?,?
,?,,?,,?,?,?,?,?,,,,?, <=50K
,?,, HS-grad,,?,?,?,?,?,,,,?,?
,?,,?,,?,?,?, White,?,,,,?,?
,?,,?,,?,?,?,?,?,1082.9701,,,?,?
, Private,,?,,?,?,?,?, Male,,,,?,?
,?,,?,,?,?, Husband,?,?,1082.9701,,,?,?
,?,,?,10.067414, Married-civ-spouse,?, Husband, White, Male,,87.670456,40.425713,?, <=50K
,?,,?,10.067414,?,?,?, White,?,,,, United-States,?
38.579506,?,189484.39,?,10.067414,?,?,?,?, Male,,,,?, <=50K
,?,,?,,?,?,?,?, Male,,,,?,?
,?,,?,,?, Craft-repair,?,?,?,,,,?,?
,?,,?,,?,?,?,?,?,,,,?,?
,?,,?,,?,?,?,?,?,,,, United-States,?
,?,,?,,?,?,?,?,?,,,40.425713,?,?
,?,,?,10.067414,?,?,?, White, Male,1082.9701,87.670456,,?,?
,?,, HS-grad,, Married-civ-spouse,?,?,?,?,,87.670456,, United-States, <=50K
, Private,,?,,?,?,?,?, Male,,,, United-States,?
38.579506,?,,?,,?,?, Husband,?,?,,,, United-States,?
,?,,?,,?,?,?,?,?,,,,?,?
,?,,?,,?,?,?,?, Male,1082.9701,,,?, <=50K
,?,189484.39,?,, Married-civ-spouse,?,?,?,?,1082.9701,87.670456,40.425713, United-States, <=50K
,?,,?,,?, Craft-repair,?, White,?,,,, United-States, <=50K
,?,, HS-grad,10.067414,?,?,?,?,?,,87.670456,40.425713,?, <=50K
,?,,?,, Married-civ-spouse,?,?,?,?,,,,?,?
,?,,?,,?,?,?,?,?,,,,?,?
,?,,?,,?,?,?,?,?,,,,?,?
,?,, HS-grad,,?,?,?, White,?,,,,?, <=50K
,?,, HS-grad,,?,?,?,?,?,,87.670456,,?,?
, Private,,?,,?, Craft-repair,?,?,?,,,,?,?
, Private,,?,,?,?,?,?,?,1082.9701,,,?, <=50K
,?,,?,, Married-civ-spouse, Craft-repair,?,?,?,,,40.425713,?,?
,?,,?,,?,?,?,?,?,,,,?,?
,?,,?,,?,?, Husband,?,?,,,, United-States,?
,?,189484.39,?,,?, Craft-repair,?,?,?,,,, United-States,?
38.579506,?,,?,,?,?,?,?,?,,87.670456,,?,?
,?,,?,,?,?,?,?,?,1082.9701,87.670456,40.425713,?,?
38.579506,?,,?,10.067414,?,?,?,?,?,,,, United-States,?
,?,,?,,?,?,?,?, Male,,87.670456,,?,?
,?,189484.39,?,,?,?,?, White,?,1082.9701,,40.425713,?,?
, Private,,?,,?,?,?,?,?,,,, United-States,?
, Private,189484.39,?,10.067414,?,?, Husband,?,?,1082.9701,87.670456,40.425713,?,?
,?,,?,10.067414,?,?,?,?,?,,,,?,?
38.579506, Private,189484.39, HS-grad,,?,?,?,?,?,,,,?, <=50K
38.579506,?,189484.39, HS-grad,,?,?,?,?,?,,,,?,?
38.579506,?,189484.39, HS-grad,,?,?,?,?,?,,,,?,?
,?,,?,, Married-civ-spouse, Craft-repair,?,?,?,,,,?,?
, Private,,?,, Married-civ-spouse,?,?, White,?,,,,?,?
,?,,?,,?,?,?,?,?,,,,?,?
,?,,?,10.067414,?,?,?, White,?,,87.670456,,?,?
,?,, HS-grad,10.067414,?,?,?, White,?,,87.670456,,?,?
,?,189484.39,?,,?,?,?,?,?,,,,?,?
38.579506, Private,, HS-grad,,?,?, Husband,?,?,1082.9701,,,?, <=50K
,?,,?,,?,?,?,?,?,,,, United-States,?
,?,,?,10.067414, Married-civ-spouse, Craft-repair, Husband,?,?,,,,?,?
38.579506,?,, HS-grad,,?,?,?,?,?,,,,?,?
, Private,, HS-grad,, Married-civ-spouse,?, Husband,?,?,,,40.425713,?,?
,?,, HS-grad,10.067414,?,?,?,?,?,,,,?,?
,?,189484.39,?,10.067414,?,?, Husband, White,?,,,,?,?
,?,189484.39, HS-grad,10.067414, Married-civ-spouse,?, Husband,?, Male,,,,?, <=50K
38.579506,?,,?,,?,?, Husband,?, Male,,,,?,?
38.579506, Private,,?,,?,?,?, White, Male,,,,?,?
, Private,189484.39,?,10.067414,?,?,?,?, Male,1082.9701,,,?,?
38.579506,?,,?,, Married-civ-spouse,?,?,?,?,,,40.425713,?,?
, Private,, HS-grad,,?,?,?, White,?,,,,?,?
,?,,?,10.067414,?, Craft-repair,?, White,?,,87.670456,,?,?
,?,,?,10.067414,?,?,?,?, Male,1082.9701,,,?, <=50K
,?,189484.39, HS-grad,,?,?,?,?,?,,,, United-States,?
, Private,,?,, Married-civ-spouse,?,?, White,?,1082.9701,,,?, <=50K
,?,,?,,?,?,?,?,?,,87.670456,,?,?
, Private,,?,,?, Craft-repair,?, White, Male,,,,?,?
38.579506,?,189484.39, HS-grad,10.067414,?,?,?,?,?,,,40.425713, United-States, <=50K
,?,, HS-grad,, Married-civ-spouse,?,?,?,?,1082.9701,87.670456,40.425713,?,?
38.579506,?,189484.39,?,, Married-civ-spouse, Craft-repair,?, White,?,1082.9701,,,?, <=50K
,?,189484.39,?,10.067414,?,?,?,?,?,,87.670456,40.425713, United-States,?
, Private,,?,,?,?,?, White,?,,,,?,?
,?,,?,,?, Craft-repair, Husband, White,?,,,,?,?
, Private,,?,,?,?,?,?,?,,87.670456,,?,?
38.579506,?,,?,,?, Craft-repair,?, White,?,,87.670456,40.425713,?, <=50K
,?,, HS-grad,,?,?, Husband,?,?,,,,?,?
,?,,?,,?,?,?,?,?,,,,?,?
38.579506,?,,?,10.067414,?,?,?,?,?,1082.9701,,,?,?
,?,,?,,?,?,?,?,?,,,,?, <=50K
,?,,?,,?, Craft-repair,?,?,?,,,,?,?
, Private,189484.39,?,,?, Craft-repair,?,?,?,,87.670456,, United-States, <=50K
,?,,?,,?,?,?, White,?,,,,?,?
,?,,?,,?,?,?,?,?,,,,?,?
,?,,?,,?,?,?,?,?,1082.9701,,40.425713,?,?
,?,,?,, Married-civ-spouse,?, Husband,?,?,,,,?, <=50K
38.579506, Private,,?,,?,?,?,?, Male,,,40.425713,?,?
,?,,?,,?,?,?,?,?,,87.670456,40.425713,?,?
,?,189484.39,?,,?,?, Husband, White,?,,,,?,?
38.579506,?,189484.39,?,,?,?,?,?, Male,1082.9701,87.670456,,?,?
38.579506,?,,?,,?,?,?,?,?,,,,?,?
,?,,?,,?, Craft-repair,?, White, Male,,,,?,?
,?,,?,, Married-civ-spouse, Craft-repair,?,?,?,,,,?,?
,?,,?,,?,?,?,?,?,,,40.425713,?,?
,?,,?,,?, Craft-repair,?,?,?,,,40.425713,?,?
,?,189484.39,?,,?,?,?,?,?,,,40.425713,?,?
, Private,,?,10.067414,?,?,?,?,?,,,,?,?
,?,,?,10.067414,?, Craft-repair,?, White,?,,,, United-States,?
, Private,,?,10.067414,?,?,?,?,?,,,,?,?
,?,, HS-grad,,?,?,?,?,?,,,,?, <=50K
38.579506,?,,?,,?, Craft-repair,?,?,?,,,,?,?
,?,,?,10.067414,?,?,?,?,?,1082.9701,,,?,?
, Private,,?,,?,?,?,?,?,,87.670456,, United-States, <=50K
,?,,?,10.067414,?,?, Husband,?,?,,87.670456,, United-States,?
,?,,?,,?, Craft-repair,?,?,?,,,,?,?
38.579506,?,, HS-grad,10.067414,?,?,?,?,?,,87.670456,,?, <=50K
,?,, HS-grad,,?,?, Husband,?, Male,,,, United-States,?
,?,, HS-grad,,?,?,?, White,?,,,,?,?
,?,, HS-grad,,?,?,?,?,?,,,,?,?
,?,, HS-grad,,?, Craft-repair,?,?, Male,,,,?,?
,?,,?,10.067414, Married-civ-spouse,?,?,?, Male,,87.670456,40.425713,?,?
,?,,?,,?,?, Husband,?,?,,,,?,?
,?,189484.39, HS-grad,10.067414, Married-civ-spouse, Craft-repair,?, White,?,1082.9701,87.670456,, United-States, <=50K
38.579506,?,,?,,?,?,?, White,?,,,40.425713,?,?
,?,,?,, Married-civ-spouse,?,?,?,?,1082.9701,,,?, <=50K
, Private,,?,,?,?,?,?, Male,1082.9701,,,?, <=50K
38.579506,?,, HS-grad,,?,?, Husband,?,?,,,,?,?
,?,,?,10.067414,?, Craft-repair,?,?,?,,,, United-States,?
,?,189484.39,?,,?,?,?,?,?,,,, United-States,?
,?,,?,10.067414,?,?,?,?,?,,87.670456,, United-States, <=50K
38.579506,?,189484.39,?,10.067414,?,?,?,?,?,,,,?,?
,?,,?,, Married-civ-spouse,?,?,?,?,1082.9701,,,?,?
,?,,?,,?,?, Husband,?, Male,,,, United-States,?
,?,,?,10.067414, Married-civ-spouse, Craft-repair,?, White, Male,,87.670456,40.425713,?,?
,?,,?,,?, Craft-repair,?,?,?,,87.670456,, United-States,?
,?,,?,, Married-civ-spouse,?,?, White,?,,87.670456,40.425713,?,?
,?,,?,10.067414,?,?,?,?, Male,,,40.425713,?,?
,?,189484.39,?,10.067414,?, Craft-repair, Husband, White,?,,,, United-States,?
,?,,?,,?,?,?,?,?,1082.9701,,40.425713,?,?
,?,, HS-grad,,?,?,?,?,?,,,,?,?
,?,,?,,?,?, Husband,?,?,,87.670456,,?,?
,?,,?,,?,?, Husband,?,?,,,,?,?
,?,,?,,?, Craft-repair, Husband,?,?,,,,?,?
,?,189484.39,?,,?, Craft-repair, Husband, White,?,,,,?,?
,?,,?,,?,?, Husband, White,?,,,,?,?
, Private,, HS-grad,,?,?,?,?,?,1082.9701,,,?,?
,?,189484.39, HS-grad,,?, Craft-repair,?, White,?,,,, United-States, <=50K
,?,,?,,?,?,?,?,?,,,,?,?
,?,189484.39,?,,?,?,?, White,?,1082.9701,,40.425713,?,?
,?,189484.39,?,,?,?,?,?,?,1082.9701,,, United-States,?
38.579506, Private,, HS-grad,,?, Craft-repair,?,?,?,,,, United-States,?
,?,, HS-grad,10.067414,?,?,?,?,?,,,,?,?
,?,,?,, Married-civ-spouse, Craft-repair,?,?,?,,,, United-States,?
38.579506, Private,,?,,?,?,?,?,?,,,,?, <=50K
,?,,?,10.067414,?,?,?, White,?,,87.670456,,?,?
,?,,?,, Married-civ-spouse,?, Husband,?,?,,87.670456,,?,?
38.579506,?,,?,10.067414, Married-civ-spouse,?,?,?,?,,,, United-States,?
,?,,?,,?,?,?, White,?,,,40.425713,?,?
,?,189484.39,?,10.067414, Married-civ-spouse,?, Husband,?,?,,,40.425713,?,?
, Private,189484.39,?,,?,?,?,?,?,,,,?,?
38.579506,?,189484.39,?,,?,?,?,?,?,,,,?,?
38.579506,?,,?,,?,?,?,?,?,1082.9701,,,?,?
,?,,?,, Married-civ-spouse, Craft-repair,?,?,?,,,,?,?
, Private,,?,10.067414, Married-civ-spouse,?,?,?,?,,87.670456,,?,?
, Private,,?,10.067414,?,?,?, White,?,1082.9701,,,?,?
38.579506,?,189484.39,?,,?,?, Husband,?, Male,,,,?,?
, Private,189484.39,?,,?, Craft-repair,?,?,?,,,,?,?
,?,189484.39,?,,?, Craft-repair,?,?,?,,,40.425713,?,?
,?,,?,10.067414, Married-civ-spouse,?,?,?,?,,,,?,?
,?,189484.39,?,, Married-civ-spouse,?,?,?,?,,87.670456,,?, <=50K
,?,189484.39, HS-grad,,?,?,?,?, Male,,,,?,?
,?,,?,, Married-civ-spouse,?,?, White,?,1082.9701,,40.425713,?,?
,?,,?,,?,?,?,?,?,,,40.425713,?,?
,?,,?,10.067414,?,?,?,?,?,,,40.425713,?,?
,?,189484.39,?,10.067414,?,?,?,?,?,,,,?, <=50K
,?,,?,,?,?,?, White,?,1082.9701,,,?,?
,?,189484.39,?,,?,?, Husband,?,?,,,,?,?
,?,,?,,?, Craft-repair,?,?,?,,,,?,?
,?,, HS-grad,10.067414,?,?,?,?, Male,,87.670456,,?,?
,?,,?,10.067414,?, Craft-repair,?,?,?,,,40.425713,?,?
,?,,?,, Married-civ-spouse,?, Husband,?,?,,,40.425713, United-States,?
,?,,?,10.067414, Married-civ-spouse,?,?, White, Male,,,,?,?
,?,,?,, Married-civ-spouse, Craft-repair, Husband,?,?,,,,?,?
,?,,?,,?,?,?,?,?,,,, United-States,?
, Private,,?,, Married-civ-spouse,?,?,?,?,1082.9701,,, United-States,?
, Private,,?,,?,?,?,?, Male,,,,?,?
,?,,?,10.067414,?,?,?,?, Male,,,40.425713,?,?
, Private,189484.39,?,, Married-civ-spouse,?,?,?, Male,1082.9701,,,?,?
,?,,?,,?,?,?,?,?,,87.670456,,?, <=50K
,?,,?,,?,?,?, White,?,1082.9701,,,?,?
,?,,?,,?,?, Husband,?,?,,,, United-States,?
,?,,?,,?,?,?,?,?,,,,?,?
,?,189484.39,?,,?, Craft-repair,?,?,?,,,,?,?
,?,,?,,?,?,?,?,?,1082.9701,,,?,?
, Private,189484.39,?,,?, Craft-repair, Husband,?,?,1082.9701,,,?,?
, Private,189484.39,?,,?,?,?,?, Male,1082.9701,,,?,?
,?,,?,,?,?,?,?,?,,87.670456,,?,?
,?,189484.39, HS-grad,,?,?,?,?, Male,1082.9701,,, United-States,?
,?,,?,,?,?,?,?,?,,,,?,?
,?,,?,,?,?, Husband,?, Male,,87.670456,,?,?
,?,,?,,?,?, Husband,?,?,,,,?,?
, Private,,?,,?,?,?,?,?,,,,?,?
,?,,?,,?,?, Husband, White,?,,87.670456,,?, <=50K
,?,,?,,?,?,?, White,?,,,,?,?
38.579506,?,,?,,?,?, Husband,?, Male,,,40.425713,?,?
, Private,,?,10.067414,?,?,?,?,?,,,,?,?
,?,,?,10.067414,?,?,?, White,?,1082.9701,,,?,?
,?,, HS-grad,,?,?,?,?,?,,,,?,?
,?,,?,, Married-civ-spouse,?,?,?,?,,87.670456,,?, <=50K
,?,,?,,?, Craft-repair,?,?,?,,87.670456,,?,?
,?,,?,,?,?, Husband,?, Male,,,40.425713,?,?
, Private,,?,,?,?, Husband,?,?,,,, United-States,?
,?,,?,10.067414,?,?,?,?, Male,,,,?, <=50K
,?,189484.39,?,,?,?,?,?, Male,,87.670456,,?,?
,?,, HS-grad,,?,?, Husband,?,?,,,, United-States,?
,?,,?,,?, Craft-repair,?, White,?,,,,?,?
38.579506,?,, HS-grad,,?,?,?, White,?,,,,?,?
, Private,189484.39, HS-grad,,?,?,?,?,?,,,,?,?
38.579506,?,189484.39,?,10.067414,?,?,?,?,?,,,, United-States, <=50K
38.579506,?,,?,, Married-civ-spouse,?,?,?,?,,,,?,?
,?,,?,, Married-civ-spouse,?,?,?,?,1082.9701,,40.425713, United-States,?
,?,189484.39,?,, Married-civ-spouse,?,?,?,?,,87.670456,40.425713,?,?
,?,, HS-grad,, Married-civ-spouse,?,?, White,?,,,, United-States,?
38.579506,?,,?,,?, Craft-repair,?,?,?,,,,?,?
, Private,,?,,?,?,?, White,?,,,,?, <=50K
,?,,?,,?,?,?,?,?,1082.9701,,,?,?
, Private,,?,, Married-civ-spouse, Craft-repair, Husband,?, Male,,,40.425713,?,?
,?,, HS-grad,,?,?, Husband,?, Male,,,, United-States,?
,?,189484.39,?,,?,?,?, White,?,,,,?, <=50K
38.579506, Private,,?,,?,?,?,?, Male,,87.670456,, United-States,?
, Private,,?,10.067414,?,?,?,?,?,,,,?,?
38.579506,?,189484.39,?,,?,?,?,?,?,,,,?,?
,?,,?,,?, Craft-repair,?,?,?,,,, United-States,?
,?,,?,,?,?,?,?,?,,87.670456,40.425713, United-States, <=50K
,?,,?,,?,?,?,?,?,1082.9701,,,?, <=50K
,?,,?,,?,?,?,?,?,,,,?, <=50K
38.579506,?,,?,,?,?,?, White,?,1082.9701,,, United-States,?
,?,, HS-grad,,?,?,?,?,?,,,,?, <=50K
38.579506,?,189484.39,?,10.067414,?,?, Husband,?,?,,87.670456,,?,?
,?,,?,,?,?,?,?,?,1082.9701,,,?,?
,?,,?,10.067414,?, Craft-repair, Husband, White,?,,,,?,?
,?,,?,,?,?,?,?,?,,,,?, <=50K
,?,,?,,?, Craft-repair,?,?,?,1082.9701,,40.425713,?,?
,?,,?,,?,?,?,?,?,,87.670456,,?, <=50K
,?,,?,,?,?,?,?,?,,,, United-States,?
38.579506,?,,?,10.067414, Married-civ-spouse,?, Husband,?,?,,,,?,?
,?,,?,,?,?,?, White,?,1082.9701,,,?,?
,?,,?,,?,?,?,?,?,,,40.425713,?,?
,?,,?,,?,?, Husband,?,?,,,, United-States,?
,?,, HS-grad,,?,?,?,?,?,,,,?,?
38.579506, Private,,?,10.067414,?, Craft-repair,?, White,?,,,,?,?
38.579506, Private,,?,,?,?,?,?,?,1082.9701,,40.425713,?,?
,?,,?,,?,?,?, White,?,,,,?,?
, Private,,?,,?, Craft-repair,?,?, Male,,,,?,?
38.579506,?,,?,,?,?,?,?, Male,1082.9701,,40.425713,?, <=50K
,?,189484.39,?,,?,?,?,?, Male,1082.9701,,,?,?
38.579506,?,,?,,?, Craft-repair,?,?,?,,87.670456,,?,?
38.579506,?,,?,,?,?,?, White,?,,,40.425713,?, <=50K
,?,, HS-grad,,?, Craft-repair,?, White,?,1082.9701,87.670456,, United-States,?
,?,,?,10.067414,?,?,?,?, Male,,87.670456,40.425713,?,?
, Private,,?,,?,?,?,?,?,,,, United-States,?
,?,, HS-grad,,?,?,?,?,?,1082.9701,,,?, <=50K
,?,,?,10.067414,?, Craft-repair,?, White,?,,,,?,?
,?,,?,,?,?,?,?, Male,,87.670456,40.425713,?,?
38.579506,?,189484.39,?,,?,?,?,?,?,,,, United-States,?
,?,,?,10.067414, Married-civ-spouse,?,?,?,?,1082.9701,,40.425713,?,?
38.579506,?,,?,,?,?,?,?,?,,,,?,?
,?,,?,,?,?,?, White, Male,,,, United-States,?
38.579506,?,, HS-grad,,?,?,?,?,?,,,,?,?
,?,,?,,?, Craft-repair,?,?,?,,,,?,?
,?,,?,,?,?,?,?, Male,,87.670456,,?,?
, Private,,?,,?,?,?,?,?,,87.670456,,?, <=50K
38.579506,?,,?,,?,?, Husband,?,?,,,,?,?
,?,,?,,?,?,?,?,?,1082.9701,,, United-States,?
38.579506, Private,189484.39,?,,?, Craft-repair,?,?,?,,,,?,?
,?,189484.39,?,, Married-civ-spouse, Craft-repair,?,?,?,,,,?, <=50K
38.579506, Private,,?,,?, Craft-repair,?, White,?,,,,?,?
,?,, HS-grad,,?,?,?, White, Male,1082.9701,,,?,?
38.579506,?,,?,,?,?,?,?,?,,,40.425713,?,?
,?,,?,,?, Craft-repair, Husband, White,?,1082.9701,,,?,?
38.579506,?,,?,10.067414,?,?, Husband, White, Male,,,,?,?
,?,,?,10.067414,?,?,?,?,?,,,40.425713,?,?
,?,,?,, Married-civ-spouse,?,?,?,?,,87.670456,,?,?
,?,189484.39,?,10.067414,?, Craft-repair,?,?,?,,,, United-States,?
,?,,?,,?,?, Husband,?, Male,1082.9701,87.670456,,?,?
38.579506,?,,?,10.067414,?, Craft-repair,?,?,?,,87.670456,,?, <=50K
,?,,?,,?,?,?,?,?,,,,?,?
, Private,,?,,?,?,?,?,?,,,,?,?
,?,,?,,?,?,?,?, Male,,,,?,?
, Private,,?,,?, Craft-repair, Husband,?,?,,87.670456,40.425713,?, <=50K
,?,,?,,?,?, Husband,?,?,,,40.425713,?, <=50K
,?,,?,,?,?, Husband,?,?,1082.9701,,,?,?
,?,,?,, Married-civ-spouse,?,?,?,?,1082.9701,,,?,?
,?,, HS-grad,,?, Craft-repair,?,?,?,,87.670456,,?,?
, Private,,?,10.067414,?,?,?, White,?,,87.670456,, United-States,?
,?,,?,,?,?,?, White,?,,,40.425713,?,?
,?,,?,,?,?,?,?,?,,87.670456,,?,?
,?,,?,,?,?,?,?,?,,,,?, <=50K
, Private,, HS-grad,10.067414,?,?,?,?,?,,,40.425713,?,?
, Private,,?,,?,?,?,?,?,1082.9701,,, United-States,?
,?,,?,, Married-civ-spouse,?,?,?,?,,,, United-States,?
,?,,?,,?, Craft-repair,?, White,?,,,,?,?
,?,189484.39,?,,?,?, Husband,?, Male,,,,?,?
,?,,?,10.067414, Married-civ-spouse,?,?, White,?,1082.9701,,,?,?
38.579506,?,,?,, Married-civ-spouse, Craft-repair,?, White,?,,,,?,?
,?,, HS-grad,,?,?,?,?,?,,,,?, <=50K
,?,,?,10.067414, Married-civ-spouse,?,?,?,?,,,, United-States,?
38.579506,?,,?,,?,?, Husband,?,?,,,,?, <=50K
,?,, HS-grad,,?,?,?,?,?,1082.9701,87.670456,,?,?
,?,,?,,?,?,?, White,?,1082.9701,,40.425713,?, <=50K
,?,,?,, Married-civ-spouse,?,?,?,?,,,40.425713,?,?
,?,, HS-grad,10.067414,?,?,?,?, Male,,,,?,?
,?,,?,,?,?,?,?, Male,1082.9701,,,?,?
,?,, HS-grad,, Married-civ-spouse,?, Husband,?,?,,,,?,?
38.579506,?,189484.39,?,,?,?,?,?,?,,,,?,?
, Private,189484.39,?,, Married-civ-spouse,?,?,?,?,,87.670456,40.425713, United-States, <=50K
, Private,,?,,?,?,?,?,?,1082.9701,,,?,?
,?,,?,,?,?,?, White,?,,,40.425713, United-States,?
38.579506,?,,?,,?,?,?,?,?,1082.9701,87.670456,,?,?
,?,,?,,?,?,?,?,?,,,, United-States,?
38.579506,?,,?,,?,?,?, White,?,,,,?,?
, Private,, HS-grad,10.067414,?,?,?,?, Male,1082.9701,,,?,?
,?,,?,10.067414,?,?, Husband,?,?,,87.670456,, United-States,?
, Private,,?,,?,?,?, White,?,,,,?, <=50K
,?,189484.39,?,, Married-civ-spouse, Craft-repair,?,?,?,,,, United-States,?
38.579506,?,,?,10.067414,?,?,?,?,?,,87.670456,,?,?
38.579506,?,, HS-grad,, Married-civ-spouse, Craft-repair,?,?,?,,,,?,?
,?,189484.39,?,,?,?,?,?,?,,,,?,?
, Private,, HS-grad,,?,?,?,?,?,,,,?,?
, Private,,?,,?,?,?,?,?,,,, United-States,?
,?,,?,,?,?,?,?,?,,,,?,?
, Private,189484.39,?,, Married-civ-spouse,?, Husband,?,?,,87.670456,, United-States,?
, Private,, HS-grad,10.067414,?,?,?, White,?,,,,?,?
,?,, HS-grad,10.067414,?, Craft-repair, Husband,?,?,,,,?,?
38.579506, Private,,?,,?,?,?,?,?,,,40.425713, United-States,?
,?,,?,10.067414,?, Craft-repair, Husband,?,?,,,,?,?
38.579506,?,,?,,?,?, Husband,?,?,,87.670456,, United-States,?
,?,189484.39,?,,?,?,?,?,?,,87.670456,,?, <=50K
, Private,,?,10.067414, Married-civ-spouse,?,?,?, Male,,,,?,?
,?,,?,,?,?,?,?,?,,,,?,?
, Private,189484.39,?,,?,?,?, White, Male,,,,?,?
, Private,,?,10.067414,?,?, Husband,?,?,,,,?,?
38.579506,?,,?,10.067414,?,?, Husband,?, Male,,,,?, <=50K
,?,, HS-grad,,?,?,?,?,?,1082.9701,,, United-States,?
, Private,,?,,?,?,?, White,?,1082.9701,,, United-States,?
,?,,?,,?,?,?, White,?,,,,?,?
38.579506,?,189484.39,?,,?, Craft-repair,?,?,?,,87.670456,, United-States,?
,?,,?,,?,?,?,?,?,,,40.425713,?, <=50K
, Private,189484.39,?,,?,?,?, White,?,,87.670456,,?, <=50K
38.579506,?,,?,,?,?,?,?,?,,,,?,?
,?,,?,,?, Craft-repair,?,?,?,,87.670456,,?,?
,?,,?,,?, Craft-repair,?, White,?,,87.670456,,?, <=50K
,?,,?,, Married-civ-spouse, Craft-repair,?,?,?,,,,?,?
,?,,?,,?, Craft-repair,?,?,?,,87.670456,, United-States, <=50K
,?,,?,,?,?,?,?,?,,,40.425713,?, <=50K
38.579506, Private,189484.39, HS-grad,,?, Craft-repair,?,?,?,,,,?,?
38.579506,?,,?,10.067414,?,?, Husband,?, Male,1082.9701,,40.425713,?,?
,?,,?,,?,?,?,?,?,,,,?,?
, Private,189484.39,?,, Married-civ-spouse,?,?,?,?,,,,?, <=50K
,?,,?,10.067414,?,?, Husband,?, Male,,,,?, <=50K
,?,,?,10.067414,?,?,?,?,?,,,,?,?
,?,,?,10.067414,?,?,?,?,?,1082.9701,,, United-States, <=50K
,?,,?,,?,?,?,?,?,,,, United-States,?
,?,,?,10.067414,?,?,?,?,?,,,40.425713,?,?
, Private,, HS-grad,,?,?, Husband,?, Male,,87.670456,,?,?
,?,189484.39,?,,?, Craft-repair,?,?,?,,87.670456,, United-States, <=50K
,?,,?,10.067414,?,?,?,?, Male,,,,?,?
38.579506,?,,?,10.067414,?,?,?, White,?,,,,?,?
,?,,?,, Married-civ-spouse,?,?,?,?,,,40.425713,?,?
,?,,?,,?,?,?, White, Male,,,, United-States,?
,?,,?,,?, Craft-repair,?,?,?,,,,?, <=50K
,?,,?,,?,?, Husband,?, Male,,,40.425713,?,?
,?,,?,10.067414,?,?, Husband,?,?,,87.670456,, United-States,?
, Private,,?,10.067414, Married-civ-spouse,?,?,?,?,1082.9701,,,?,?
,?,189484.39,?,,?,?, Husband,?,?,,,,?,?
,?,189484.39, HS-grad,,?, Craft-repair,?,?, Male,1082.9701,,, United-States,?
,?,,?,10.067414,?,?, Husband,?, Male,,,,?,?
,?,,?,, Married-civ-spouse, Craft-repair,?, White,?,,87.670456,,?,?
38.579506,?,, HS-grad,,?,?,?,?,?,,,,?,?
, Private,,?,,?,?,?,?,?,,,,?,?
,?,189484.39,?,,?,?,?,?,?,1082.9701,,,?,?
,?,,?,,?,?,?, White,?,1082.9701,,,?,?
,?,, HS-grad,,?,?,?,?,?,,87.670456,40.425713,?,?
,?,189484.39,?,,?,?,?,?,?,,,40.425713,?,?
,?,, HS-grad,,?,?, Husband,?,?,,87.670456,,?, <=50K
,?,,?,,?, Craft-repair,?,?,?,,,40.425713,?,?
,?,, HS-grad,, Married-civ-spouse,?, Husband,?,?,,,40.425713, United-States,?
,?,,?,, Married-civ-spouse, Craft-repair,?,?,?,,87.670456,,?, <=50K
,?,,?,,?,?, Husband,?,?,,,40.425713,?,?
,?,,?,10.067414,?,?,?,?,?,1082.9701,87.670456,,?,?
,?,,?,,?,?,?,?,?,,,,?,?
,?,,?,,?,?, Husband,?,?,,,, United-States,?
, Private,, HS-grad,,?,?,?,?, Male,,87.670456,,?,?
,?,,?,,?,?,?,?,?,,,,?,?
, Private,,?,,?, Craft-repair, Husband,?,?,1082.9701,87.670456,,?,?
, Private,,?,,?,?,?,?,?,,,40.425713,?,?
,?,, HS-grad,, Married-civ-spouse,?,?,?,?,,,,?, <=50K
38.579506, Private,,?,,?,?, Husband, White, Male,,,,?,?
38.579506,?,,?,,?, Craft-repair,?,?,?,1082.9701,,,?,?
38.579506, Private,,?,,?,?,?, White,?,,,40.425713, United-States,?
, Private,189484.39,?,,?,?,?,?,?,,,,?,?
,?,189484.39, HS-grad,,?,?,?,?,?,,,,?,?
, Private,,?,10.067414,?,?,?,?,?,,,,?,?
,?,,?,,?,?, Husband,?,?,1082.9701,,, United-States,?
,?,189484.39,?,,?,?,?,?,?,,87.670456,, United-States,?
,?,,?,,?, Craft-repair,?,?,?,1082.9701,,,?,?
,?,,?,,?,?,?,?,?,,87.670456,,?, <=50K
,?,, HS-grad,,?,?, Husband,?,?,,,,?, <=50K
38.579506,?,,?,,?,?,?,?,?,1082.9701,87.670456,,?,?
38.579506,?,,?,,?,?,?, White,?,,87.670456,,?,?
, Private,,?,,?, Craft-repair,?,?,?,1082.9701,,,?,?
, Private,189484.39, HS-grad,,?,?,?,?,?,,,40.425713,?,?
38.579506,?,, HS-grad,,?,?, Husband, White,?,1082.9701,,40.425713, United-States,?
,?,189484.39,?,,?, Craft-repair,?, White,?,,,40.425713,?,?
,?,,?,,?,?,?,?,?,,,, United-States,?
,?,189484.39,?,,?, Craft-repair,?,?, Male,,,40.425713,?,?
,?,,?,,?,?,?,?,?,,,, United-States, <=50K
,?,189484.39,?,10.067414,?,?, Husband,?, Male,1082.9701,,40.425713,?, <=50K
,?,,?,,?, Craft-repair,?,?, Male,,,40.425713,?, <=50K
, Private,, HS-grad,,?,?,?,?,?,,87.670456,,?,?
38.579506,?,189484.39,?,,?,?,?,?,?,,,,?,?
,?,,?,,?,?,?,?,?,,87.670456,,?,?
,?,,?,,?,?,?,?,?,,,,?, <=50K
,?,, HS-grad,10.067414,?, Craft-repair,?, White, Male,,,, United-States,?
,?,,?,10.067414,?,?,?,?,?,1082.9701,,,?,?
, Private,189484.39,?,,?, Craft-repair,?,?,?,,,,?,?
,?,189484.39,?,,?,?, Husband, White,?,1082.9701,,,?,?
38.579506,?,, HS-grad,,?,?, Husband,?,?,,,,?, <=50K
38.579506,?,,?,10.067414,?, Craft-repair, Husband,?,?,,,,?, <=50K
38.579506,?,,?,,?,?, Husband,?,?,,,,?,?
38.579506,?,,?,10.067414,?,?,?,?, Male,1082.9701,,,?,?
,?,,?,,?,?, Husband,?,?,,,,?,?
,?,189484.39,?,,?,?,?,?,?,,,,?,?
,?,,?,,?, Craft-repair,?,?,?,1082.9701,,,?,?
,?,,?,,?, Craft-repair,?, White,?,,,,?,?
, Private,, HS-grad,,?,?,?, White,?,,87.670456,, United-States,?
,?,, HS-grad,,?,?, Husband,?,?,1082.9701,,,?, <=50K
, Private,,?,,?,?,?,?,?,,,,?,?
,?,, HS-grad,10.067414,?,?,?,?, Male,,87.670456,,?,?
38.579506,?,,?,,?, Craft-repair, Husband,?,?,,87.670456,,?,?
,?,189484.39,?,,?,?,?,?,?,1082.9701,,40.425713,?,?
,?,, HS-grad,10.067414,?,?,?, White,?,,87.670456,, United-States, <=50K
,?,,?,,?,?, Husband, White,?,,,, United-States,?
,?,, HS-grad,,?,?,?,?,?,1082.9701,,,?,?
,?,,?,,?,?,?, White,?,,,,?,?
,?,,?,10.067414, Married-civ-spouse,?,?,?,?,1082.9701,,40.425713,?,?
,?,,?,,?,?,?,?,?,,,,?,?
, Private,,?,,?,?,?, White,?,,,,?,?
, Private,,?,,?, Craft-repair, Husband, White,?,1082.9701,87.670456,,?, <=50K
,?,,?,10.067414,?,?,?,?,?,1082.9701,,,?,?
,?,,?,, Married-civ-spouse,?,?, White,?,,87.670456,40.425713,?,?
, Private,, HS-grad,,?,?,?, White,?,,,,?,?
38.579506, Private,, HS-grad,, Married-civ-spouse,?, Husband,?,?,,,,?,?
, Private,,?,,?,?,?,?,?,,87.670456,,?, <=50K
,?,,?,,?,?,?,?, Male,,,,?,?
, Private,189484.39,?,,?,?,?,?,?,,,, United-States,?
,?,,?,,?,?,?,?,?,,,,?,?
,?,,?,,?,?,?, White,?,,,,?,?
,?,,?,,?,?, Husband,?,?,,,,?, <=50K
,?,,?,,?,?, Husband,?, Male,,,, United-States,?
38.579506,?,, HS-grad,10.067414,?,?,?,?,?,1082.9701,,,?,?
, Private,189484.39,?,, Married-civ-spouse,?,?,?,?,,,40.425713,?,?
,?,189484.39,?,,?, Craft-repair,?, White, Male,,,,?,?
,?,,?,,?, Craft-repair,?,?,?,,87.670456,, United-States,?
, Private,,?,,?,?,?, White,?,,,40.425713,?,?
38.579506,?,189484.39, HS-grad,,?,?, Husband,?,?,,,,?,?
,?,,?,,?, Craft-repair,?,?,?,,,,?,?
,?,,?,,?,?, Husband,?,?,1082.9701,,,?,?
38.579506,?,, HS-grad,,?,?,?,?,?,,87.670456,,?,?
38.579506,?,,?,,?,?, Husband, White,?,,87.670456,,?,?
, Private,189484.39,?,, Married-civ-spouse,?,?, White,?,,,,?,?
38.579506,?,,?,10.067414, Married-civ-spouse,?,?,?,?,,,, United-States,?
,?,,?,10.067414,?, Craft-repair,?, White,?,,,, United-States,?
,?,,?,,?,?,?,?,?,,,40.425713,?,?
, Private,,?,, Married-civ-spouse,?,?,?,?,,87.670456,,?, <=50K
,?,,?,,?,?, Husband,?,?,,,,?,?
,?,, HS-grad,10.067414,?, Craft-repair, Husband, White,?,,,,?,?
, Private,, HS-grad,,?, Craft-repair,?,?,?,1082.9701,87.670456,,?,?
, Private,,?,,?,?,?,?,?,,,,?,?
38.579506,?,, HS-grad,, Married-civ-spouse,?,?,?,?,,,,?,?
,?,,?,10.067414,?,?,?,?,?,,,40.425713,?, <=50K
, Private,,?,10.067414,?,?,?,?, Male,,,,?,?
,?,,?,,?,?, Husband,?,?,,,,?, <=50K
,?,, HS-grad,,?,?,?, White,?,,,,?,?
,?,,?,10.067414,?,?,?,?,?,,,,?, <=50K
,?,,?,10.067414,?,?,?,?,?,,,,?,?
,?,,?,,?,?, Husband,?, Male,,,, United-States,?
,?,189484.39, HS-grad,10.067414, Married-civ-spouse,?,?,?,?,,87.670456,,?,?
38.579506, Private,,?,, Married-civ-spouse,?,?,?,?,1082.9701,,,?,?
,?,,?,,?,?, Husband,?,?,,,,?,?
,?,,?,,?,?,?,?,?,,,,?,?
,?,189484.39, HS-grad,,?,?, Husband,?,?,,,,?,?
, Private,, HS-grad,10.067414,?,?, Husband, White, Male,,,,?, <=50K
,?,, HS-grad,,?,?,?, White, Male,1082.9701,,,?,?
,?,,?,10.067414,?,?,?,?, Male,,87.670456,, United-States,?
,?,,?,,?,?,?,?,?,,,,?,?
,?,189484.39,?,,?,?, Husband,?, Male,,,40.425713,?,?
,?,189484.39,?,10.067414, Married-civ-spouse,?,?,?,?,1082.9701,,,?,?
,?,, HS-grad,,?,?,?, White, Male,,87.670456,,?, <=50K
38.579506, Private,,?,,?,?,?,?, Male,,,40.425713,?,?
,?,,?,,?,?,?,?,?,,,, United-States,?
,?,,?,,?,?, Husband,?,?,1082.9701,,,?,?
,?,,?,,?, Craft-repair,?,?,?,,,,?,?
,?,189484.39,?,10.067414,?,?, Husband, White,?,,,40.425713, United-States,?
,?,,?,,?,?, Husband, White, Male,,,, United-States, <=50K
, Private,,?,,?, Craft-repair,?,?,?,1082.9701,,, United-States,?
,?,,?,10.067414,?, Craft-repair, Husband,?, Male,1082.9701,,, United-States,?
,?,,?,10.067414,?,?,?,?,?,,,,?,?
,?,,?,, Married-civ-spouse,?,?,?,?,1082.9701,,,?,?
38.579506,?,,?,, Married-civ-spouse,?, Husband,?,?,,,,?,?
,?,, HS-grad,,?,?, Husband, White,?,,,,?,?
,?,,?,,?,?,?, White,?,1082.9701,,,?,?
,?,,?,,?,?,?,?,?,,87.670456,,?,?
38.579506,?,,?,,?,?,?,?,?,,87.670456,,?,?
,?,, HS-grad,,?, Craft-repair,?,?,?,,87.670456,,?,?
38.579506,?,,?,, Married-civ-spouse,?, Husband,?, Male,,,40.425713, United-States,?
, Private,,?,,?,?,?,?,?,1082.9701,,,?, <=50K
, Private,,?,,?,?,?,?,?,,87.670456,,?, <=50K
,?,,?,, Married-civ-spouse,?,?,?,?,,,,?,?
38.579506,?,,?,,?,?, Husband, White,?,1082.9701,,,?,?
,?,,?,,?,?,?, White,?,1082.9701,,,?,?
38.579506,?,,?,,?,?,?,?, Male,1082.9701,,,?,?
,?,,?,10.067414, Married-civ-spouse,?,?, White, Male,,87.670456,,?,?
,?,,?,,?,?, Husband,?,?,,,,?,?
,?,, HS-grad,,?,?,?,?,?,,87.670456,,?, <=50K
,?,,?,,?,?, Husband,?, Male,1082.9701,,,?, <=50K
38.579506,?,189484.39, HS-grad,,?,?,?,?, Male,,87.670456,,?,?
38.579506,?,,?,10.067414, Married-civ-spouse,?, Husband, White,?,,,, United-States,?
38.579506,?,,?,,?,?,?, White,?,,,,?,?
38.579506, Private,, HS-grad,,?,?,?,?, Male,,,,?,?
,?,189484.39, HS-grad,,?,?,?,?, Male,,87.670456,,?,?
,?,, HS-grad,10.067414,?,?,?,?, Male,,,,?,?
,?,,?,,?,?, Husband,?,?,,,,?, <=50K
38.579506,?,,?,, Married-civ-spouse,?,?,?,?,,,,?,?
,?,, HS-grad,,?,?, Husband,?,?,,,40.425713,?, <=50K
,?,, HS-grad,,?,?,?,?, Male,,,40.425713,?,?
,?,,?,10.067414,?,?, Husband, White,?,,,,?,?
, Private,, HS-grad,,?,?,?,?, Male,1082.9701,,,?,?
, Private,,?,,?,?,?, White, Male,,,,?,?
, Private,, HS-grad,,?,?,?,?,?,1082.9701,,,?,?
38.579506,?,,?,,?,?,?, White,?,,,,?,?
,?,,?,,?,?,?, White,?,,87.670456,,?, <=50K
38.579506,?,,?,,?,?,?,?,?,,87.670456,40.425713,?,?
38.579506,?,,?,,?, Craft-repair,?,?,?,,,40.425713, United-States, <=50K
,?,,?,,?,?,?,?,?,,,,?,?
,?,189484.39,?,,?,?, Husband,?,?,,,40.425713,?,?
38.579506, Private,,?,,?, Craft-repair,?,?,?,,,,?,?
,?,,?,10.067414,?, Craft-repair,?,?,?,,,40.425713,?, <=50K
,?,,?,10.067414,?,?,?,?,?,1082.9701,,, United-States,?
,?,,?,, Married-civ-spouse,?,?,?,?,,,, United-States,?
38.579506,?,189484.39, HS-grad,, Married-civ-spouse,?,?,?,?,,,,?, <=50K
,?,,?,, Married-civ-spouse,?,?,?,?,,87.670456,,?,?
,?,, HS-grad,,?,?,?,?, Male,,,, United-States,?
38.579506,?,,?,, Married-civ-spouse, Craft-repair,?,?,?,1082.9701,,,?,?
38.579506, Private,189484.39,?,,?,?,?, White,?,,,40.425713,?,?
38.579506,?,,?,, Married-civ-spouse,?,?,?,?,1082.9701,,,?,?
38.579506,?,,?,,?, Craft-repair, Husband, White, Male,1082.9701,,40.425713,?,?
38.579506,?,,?,,?,?,?,?,?,1082.9701,,,?,?
,?,,?,,?,?,?, White, Male,,,,?,?
,?,,?,,?,?,?, White,?,,87.670456,,?, <=50K
, Private,,?,,?,?,?,?,?,1082.9701,,,?,?
,?,,?,,?,?,?,?, Male,,87.670456,40.425713,?,?
, Private,,?,,?,?,?,?, Male,,87.670456,40.425713, United-States,?
38.579506,?,, HS-grad,, Married-civ-spouse,?,?,?,?,,,, United-States,?
,?,,?,,?,?,?,?,?,,,,?,?
38.579506,?,,?,,?,?,?, White,?,,,,?,?
,?,,?,, Married-civ-spouse,?, Husband, White, Male,,,40.425713, United-States,?
, Private,,?,,?, Craft-repair, Husband,?,?,,,, United-States, <=50K
, Private,189484.39,?,,?,?, Husband,?,?,,87.670456,, United-States,?
,?,, HS-grad,,?,?, Husband, White,?,,,, United-States,?
,?,189484.39,?,10.067414,?, Craft-repair,?,?,?,,,,?,?
, Private,,?,,?,?,?,?,?,1082.9701,,,?,?
38.579506,?,,?,10.067414,?, Craft-repair,?,?,?,,,,?,?
38.579506, Private,, HS-grad,10.067414,?, Craft-repair,?,?,?,,,,?,?
,?,,?,,?,?, Husband,?, Male,,,,?,?
38.579506,?,,?,,?,?,?,?,?,1082.9701,,, United-States,?
,?,189484.39,?,,?, Craft-repair,?,?,?,,,,?,?
, Private,,?,, Married-civ-spouse,?, Husband,?,?,,,, United-States,?
,?,,?,10.067414,?,?,?,?, Male,,,,?,?
,?,,?,,?,?, Husband, White,?,,,,?,?
,?,,?,, Married-civ-spouse,?, Husband, White, Male,,,,?, <=50K
38.579506,?,189484.39,?,,?,?,?,?,?,,,,?, <=50K
, Private,189484.39,?,,?,?,?,?, Male,1082.9701,87.670456,,?, <=50K
,?,,?,,?, Craft-repair,?,?,?,1082.9701,,,?,?
38.579506,?,,?,,?, Craft-repair,?,?,?,,,,?,?
,?,, HS-grad,, Married-civ-spouse, Craft-repair,?,?, Male,,,,?,?
,?,,?,,?,?,?,?,?,,,,?,?
,?,189484.39, HS-grad,,?, Craft-repair,?,?,?,,,,?,?
, Private,, HS-grad,,?,?, Husband,?,?,,,,?,?
,?,,?,,?, Craft-repair,?,?, Male,1082.9701,,40.425713,?,?
,?,, HS-grad,,?,?,?,?,?,1082.9701,,,?,?
38.579506,?,,?,10.067414,?, Craft-repair,?,?, Male,,,,?,?
,?,, HS-grad,10.067414, Married-civ-spouse, Craft-repair,?,?,?,,,,?, <=50K
,?,,?,10.067414,?,?,?,?,?,,,,?,?
38.579506,?,,?,,?,?,?, White,?,,,, United-States, <=50K
,?,189484.39,?,, Married-civ-spouse,?,?,?,?,,87.670456,,?, <=50K
38.579506,?,,?,,?,?,?,?,?,,,, United-States,?
38.579506,?,,?,,?,?,?,?, Male,,,,?,?
,?,,?,,?,?,?, White,?,,,,?,?
,?,,?,,?,?,?,?,?,1082.9701,,,?,?
,?,189484.39, HS-grad,, Married-civ-spouse,?, Husband,?, Male,1082.9701,87.670456,,?,?
,?,,?,,?,?,?,?,?,1082.9701,,,?,?
,?,, HS-grad,,?,?, Husband,?,?,,,,?, <=50K
,?,,?,10.067414,?,?, Husband, White,?,,,,?,?
,?,, HS-grad,, Married-civ-spouse,?,?, White, Male,,,,?,?
,?,, HS-grad,,?, Craft-repair,?,?,?,,,,?,?
38.579506,?,,?,,?, Craft-repair,?,?,?,1082.9701,,, United-States,?
, Private,,?,,?,?,?,?,?,,,, United-States,?
,?,, HS-grad,, Married-civ-spouse,?,?,?,?,,,,?,?
38.579506,?,,?,,?,?,?,?,?,,,, United-States,?
,?,,?,10.067414,?,?,?,?,?,,87.670456,,?, <=50K
,?,, HS-grad,,?, Craft-repair, Husband,?, Male,,,,?, <=50K
,?,,?,,?, Craft-repair,?,?, Male,,,, United-States,?
, Private,189484.39,?,,?,?,?,?,?,,,, United-States,?
38.579506,?,,?,, Married-civ-spouse,?, Husband, White,?,,,,?, <=50K
, Private,,?,,?,?,?,?,?,,,,?,?
38.579506,?,189484.39,?,10.067414, Married-civ-spouse, Craft-repair,?,?,?,1082.9701,,,?, <=50K
, Private,,?,,?,?,?, White,?,,,,?,?
, Private,,?,, Married-civ-spouse, Craft-repair,?,?,?,1082.9701,87.670456,,?,?
,?,,?,,?,?,?,?,?,,,, United-States,?
, Private,189484.39,?,10.067414,?,?, Husband,?,?,1082.9701,87.670456,, United-States,?
, Private,,?,,?,?,?,?,?,,87.670456,, United-States,?
,?,,?,,?,?,?,?,?,1082.9701,87.670456,, United-States,?
38.579506, Private,,?,10.067414,?, Craft-repair,?,?,?,,87.670456,,?,?
,?,,?,10.067414,?,?, Husband,?,?,,,,?,?
,?,,?,,?, Craft-repair,?,?,?,,,,?, <=50K
,?,,?,,?,?,?,?,?,1082.9701,87.670456,,?,?
38.579506,?,,?,,?,?,?,?,?,,,,?,?
,?,, HS-grad,,?,?, Husband,?,?,1082.9701,,,?, <=50K
,?,, HS-grad,, Married-civ-spouse,?,?,?,?,,87.670456,,?,?
,?,,?,,?,?,?, White,?,,,40.425713,?,?
38.579506,?,,?,,?,?,?,?,?,,,40.425713,?,?
,?,, HS-grad,10.067414,?, Craft-repair,?,?,?,,,40.425713, United-States,?
,?,,?,,?, Craft-repair,?,?,?,1082.9701,87.670456,,?,?
38.579506,?,,?,,?,?,?,?,?,,,,?,?
,?,189484.39, HS-grad,, Married-civ-spouse,?, Husband,?,?,,,,?, <=50K
,?,189484.39,?,,?,?, Husband,?,?,,87.670456,, United-States,?
,?,,?,,?, Craft-repair,?,?,?,,,,?, <=50K
,?,,?,,?,?, Husband,?,?,1082.9701,,,?,?
,?,,?,,?,?, Husband,?, Male,,,,?,?
, Private,,?,,?,?,?,?,?,1082.9701,87.670456,40.425713,?,?
38.579506, Private,,?,,?,?,?,?,?,,,40.425713,?,?
, Private,,?,,?,?,?, White, Male,1082.9701,,,?,?
, Private,,?,,?,?,?,?,?,,,, United-States, <=50K
,?,,?,,?,?,?, White, Male,,,,?,?
, Private,,?,, Married-civ-spouse,?,?,?,?,,,,?,?
, Private,,?,,?,?,?,?,?,,,,?,?
,?,,?,,?,?,?,?,?,,,, United-States,?
,?,,?,, Married-civ-spouse,?,?,?,?,,,,?,?
38.579506, Private,189484.39,?,, Married-civ-spouse,?,?,?,?,,,,?,?
,?,, HS-grad,,?,?,?,?,?,,,,?,?
38.579506, Private,,?,,?,?,?,?, Male,,,, United-States,?
, Private,,?,,?,?,?, White, Male,1082.9701,87.670456,,?,?
38.579506,?,189484.39,?,,?,?,?,?, Male,1082.9701,87.670456,,?,?
,?,, HS-grad,, Married-civ-spouse,?,?,?, Male,1082.9701,,, United-States,?
,?,189484.39,?,10.067414,?, Craft-repair,?,?,?,,,40.425713, United-States,?
, Private,,?,10.067414,?, Craft-repair, Husband, White,?,,,,?,?
38.579506,?,,?,, Married-civ-spouse,?,?,?,?,,,,?,?
,?,,?,10.067414, Married-civ-spouse,?,?,?,?,,,,?, <=50K
,?,,?,,?,?, Husband,?,?,,,, United-States,?
,?,,?,,?,?, Husband,?,?,,87.670456,,?,?
,?,189484.39,?,,?, Craft-repair,?,?,?,,87.670456,,?, <=50K
,?,189484.39,?,,?, Craft-repair, Husband,?,?,,,,?, <=50K
,?,,?,, Married-civ-spouse,?, Husband,?, Male,1082.9701,,,?, <=50K
,?,, HS-grad,,?,?,?, White,?,,87.670456,40.425713,?,?
,?,, HS-grad,,?, Craft-repair,?,?, Male,,,40.425713,?, <=50K
,?,,?,,?, Craft-repair, Husband,?,?,,,,?,?
38.579506,?,,?,, Married-civ-spouse,?,?,?, Male,,,,?,?
,?,,?,10.067414,?,?,?,?,?,,,40.425713,?,?
, Private,,?,10.067414,?, Craft-repair,?,?, Male,,,40.425713,?, <=50K
,?,,?,10.067414,?,?,?,?,?,,,,?,?
,?,,?,, Married-civ-spouse,?,?,?,?,,,,?, <=50K
,?,189484.39,?,,?,?,?,?,?,,87.670456,,?,?
,?,,?,, Married-civ-spouse,?,?,?, Male,,,,?,?
,?,,?,, Married-civ-spouse,?, Husband,?,?,,87.670456,,?,?
,?,,?,,?,?,?,?,?,,87.670456,, United-States,?
,?,,?,, Married-civ-spouse,?,?,?,?,,,,?, <=50K
38.579506,?,, HS-grad,10.067414, Married-civ-spouse,?,?,?,?,1082.9701,,,?,?
,?,189484.39,?,,?,?, Husband,?,?,,,,?,?
,?,,?,,?, Craft-repair,?,?, Male,,,,?,?
,?,,?,,?,?,?,?,?,,,,?,?
,?,189484.39,?,, Married-civ-spouse,?,?,?,?,1082.9701,,, United-States,?
, Private,,?,10.067414,?, Craft-repair,?,?, Male,1082.9701,,,?,?
, Private,,?,, Married-civ-spouse,?,?, White,?,,,,?,?
, Private,189484.39,?,,?,?, Husband,?,?,,,40.425713,?, <=50K
38.579506, Private,189484.39,?,,?,?, Husband, White, Male,,,, United-States,?
38.579506,?,,?,, Married-civ-spouse,?,?,?,?,,87.670456,,?, <=50K
, Private,,?,,?,?,?,?,?,1082.9701,,, United-States,?
,?,, HS-grad,,?,?,?,?,?,,,,?,?
,?,,?,, Married-civ-spouse,?,?,?,?,1082.9701,,40.425713,?,?
,?,,?,,?, Craft-repair,?,?,?,,,,?, <=50K
,?,,?,,?,?, Husband,?,?,,,,?,?
38.579506,?,, HS-grad,,?,?,?,?,?,,,,?,?
,?,,?,,?,?,?,?,?,,,,?,?
, Private,, HS-grad,10.067414, Married-civ-spouse,?,?,?, Male,,,,?,?
,?,189484.39, HS-grad,10.067414,?,?,?,?,?,1082.9701,,,?,?
38.579506,?,,?,10.067414, Married-civ-spouse,?,?, White,?,,,,?,?
,?,,?,,?,?,?,?,?,,,,?,?
,?,,?,,?,?,?,?,?,,87.670456,,?,?
38.579506,?,,?,, Married-civ-spouse,?,?,?,?,,,,?,?
,?,,?,,?,?, Husband,?,?,,,, United-States,?
38.579506,?,,?,,?,?,?,?,?,,,40.425713,?, <=50K
,?,189484.39, HS-grad,,?,?,?,?, Male,,,,?,?
38.579506,?,,?,, Married-civ-spouse,?,?, White,?,1082.9701,87.670456,,?,?
38.579506,?,,?,,?,?,?,?,?,1082.9701,87.670456,, United-States,?
38.579506,?,,?,,?,?, Husband,?,?,,,40.425713,?,?
, Private,,?,,?,?,?,?,?,1082.9701,,,?,?
38.579506,?,,?,10.067414, Married-civ-spouse,?,?,?,?,,,, United-States,?
, Private,,?,10.067414, Married-civ-spouse,?,?,?,?,1082.9701,,,?, <=50K
,?,,?,,?,?,?,?,?,,,,?,?
38.579506,?,,?,, Married-civ-spouse,?,?,?,?,,87.670456,40.425713, United-States,?
,?,, HS-grad,,?,?,?,?,?,,,, United-States, <=50K
, Private,,?,,?,?,?,?,?,1082.9701,87.670456,,?,?
,?,,?,,?,?,?, White,?,,87.670456,,?,?
38.579506,?,189484.39, HS-grad,,?,?, Husband,?,?,1082.9701,,,?, <=50K
,?,,?,,?,?, Husband,?,?,,,,?,?
, Private,, HS-grad,,?,?,?,?, Male,1082.9701,,, United-States,?
,?,189484.39, HS-grad,,?,?,?,?,?,1082.9701,,40.425713,?,?
, Private,, HS-grad,10.067414,?,?,?,?,?,,,,?,?
,?,, HS-grad,,?,?, Husband, White,?,,87.670456,40.425713, United-States, <=50K
,?,,?,,?,?,?,?,?,,,,?,?
,?,,?,, Married-civ-spouse,?,?,?, Male,1082.9701,87.670456,, United-States,?
, Private,,?,,?,?,?,?,?,,,,?,?
, Private,,?,,?, Craft-repair,?,?, Male,,,,?,?
,?,,?,, Married-civ-spouse, Craft-repair,?,?, Male,1082.9701,87.670456,,?,?
38.579506,?,189484.39,?,,?, Craft-repair,?,?,?,,87.670456,,?,?
,?,,?,,?, Craft-repair, Husband,?,?,1082.9701,87.670456,,?,?
, Private,, HS-grad,,?,?,?,?,?,,,,?,?
,?,,?,10.067414,?,?,?,?, Male,1082.9701,87.670456,40.425713,?, <=50K
,?,,?,10.067414,?, Craft-repair,?,?,?,1082.9701,,,?,?
,?,,?,,?,?,?,?,?,1082.9701,,,?,?
,?,, HS-grad,,?,?,?,?,?,,,,?, <=50K
,?,,?,,?,?,?,?,?,,,,?, <=50K
,?,, HS-grad,,?,?,?,?, Male,,,, United-States,?
,?,,?,10.067414,?,?, Husband, White,?,,87.670456,,?,?
, Private,,?,,?, Craft-repair,?,?,?,1082.9701,,40.425713, United-States, <=50K
,?,,?,, Married-civ-spouse,?,?,?, Male,,,,?,?
,?,, HS-grad,,?,?, Husband, White,?,,,,?,?
,?,,?,,?,?,?, White, Male,,,, United-States,?
, Private,,?,,?,?,?,?, Male,,,, United-States,?
,?,,?,, Married-civ-spouse,?,?,?, Male,1082.9701,87.670456,,?, <=50K
,?,,?,, Married-civ-spouse, Craft-repair,?,?,?,,,,?,?
,?,189484.39,?,,?,?,?, White,?,,,,?,?
,?,, HS-grad,,?,?,?,?,?,,,, United-States,?
38.579506,?,,?,,?,?,?,?,?,1082.9701,,40.425713,?,?
38.579506, Private,,?,,?,?,?,?,?,1082.9701,,40.425713,?,?
,?,,?,,?,?,?, White,?,1082.9701,87.670456,,?,?
38.579506,?,, HS-grad,,?,?,?,?,?,,,,?,?
,?,,?,,?,?, Husband,?,?,,,40.425713,?,?
38.579506,?,,?,,?, Craft-repair,?, White,?,,,,?, <=50K
,?,,?,,?,?,?,?,?,,,,?,?
, Private,189484.39, HS-grad,,?,?,?,?,?,,,,?,?
,?,,?,,?,?,?,?,?,,,,?,?
, Private,,?,,?,?,?, White,?,1082.9701,87.670456,,?,?
38.579506,?,,?,10.067414, Married-civ-spouse,?,?,?, Male,,,, United-States,?
38.579506,?,, HS-grad,,?,?,?,?,?,,87.670456,, United-States,?
38.579506,?,,?,,?,?,?,?,?,,,,?,?
, Private,,?,,?,?,?,?,?,,,,?,?
,?,189484.39, HS-grad,,?,?,?,?,?,,,,?,?
, Private,189484.39,?,,?,?, Husband,?,?,,87.670456,, United-States, <=50K
, Private,, HS-grad,10.067414,?,?,?,?,?,,,40.425713, United-States,?
,?,,?,,?,?,?,?, Male,,,,?, <=50K
, Private,,?,,?,?,?,?,?,,,,?,?
, Private,, HS-grad,,?,?,?,?,?,1082.9701,87.670456,,?,?
, Private,189484.39,?,,?,?,?, White,?,1082.9701,,,?,?
,?,,?,,?,?,?, White,?,1082.9701,,40.425713,?,?
, Private,, HS-grad,,?,?,?, White, Male,,,,?, <=50K
, Private,,?,,?,?,?,?,?,,,40.425713, United-States, <=50K
, Private,,?,,?,?, Husband,?,?,1082.9701,87.670456,,?,?
, Private,189484.39,?,10.067414,?,?,?, White,?,1082.9701,,40.425713,?,?
38.579506,?,, HS-grad,,?,?, Husband,?,?,,,,?, <=50K
,?,,?,10.067414,?,?,?, White, Male,,,40.425713,?,?
,?,189484.39, HS-grad,,?,?, Husband,?,?,,,,?,?
, Private,,?,,?,?, Husband,?,?,,,40.425713, United-States,?
38.579506,?,, HS-grad,, Married-civ-spouse, Craft-repair,?, White,?,,,,?,?
,?,,?,,?,?, Husband,?,?,,,40.425713,?,?
,?,,?,,?,?,?,?,?,,,,?,?
38.579506,?,189484.39,?,, Married-civ-spouse,?, Husband,?,?,,,,?,?
,?,,?,,?,?,?,?,?,,87.670456,, United-States,?
,?,,?,,?,?,?, White,?,1082.9701,87.670456,,?,?
38.579506,?,189484.39,?,,?,?,?,?,?,,,,?, <=50K
,?,,?,,?,?, Husband,?,?,,,,?,?
,?,,?,, Married-civ-spouse,?,?,?, Male,,,40.425713,?,?
,?,,?,, Married-civ-spouse,?,?,?,?,,,,?,?
,?,,?,, Married-civ-spouse,?,?,?,?,,,,?,?
38.579506,?,, HS-grad,10.067414,?,?,?,?,?,,,,?,?
,?,,?,, Married-civ-spouse,?, Husband,?, Male,1082.9701,,,?,?
38.579506, Private,189484.39,?,,?,?,?,?,?,,,,?,?
, Private,,?,,?,?,?,?, Male,1082.9701,,,?,?
, Private,,?,10.067414, Married-civ-spouse,?, Husband,?,?,,,,?,?
,?,189484.39, HS-grad,,?,?,?,?,?,,,, United-States,?
38.579506,?,, HS-grad,, Married-civ-spouse,?, Husband,?, Male,,,, United-States, <=50K
, Private,189484.39, HS-grad,,?,?,?,?,?,,,40.425713,?, <=50K
, Private,,?,,?,?,?,?,?,,,, United-States, <=50K
38.579506,?,, HS-grad,10.067414,?, Craft-repair,?,?,?,,,,?,?
,?,189484.39,?,, Married-civ-spouse,?, Husband,?,?,,87.670456,40.425713, United-States,?
,?,,?,,?,?,?,?,?,,,,?,?
38.579506, Private,,?,,?,?,?, White,?,,,,?,?
, Private,,?,, Married-civ-spouse,?, Husband,?,?,1082.9701,87.670456,,?, <=50K
38.579506,?,,?,10.067414,?,?,?,?,?,,,, United-States,?
,?,,?,, Married-civ-spouse,?, Husband,?,?,,87.670456,40.425713,?,?
38.579506,?,,?,,?,?, Husband,?,?,,,,?, <=50K
,?,,?,,?,?,?,?,?,,,, United-States,?
, Private,,?,, Married-civ-spouse,?,?,?, Male,1082.9701,,,?,?
38.579506,?,,?,,?, Craft-repair,?, White,?,,,,?,?
,?,,?,,?,?, Husband,?,?,,,,?,?
,?,,?,,?,?,?,?,?,,,,?,?
38.579506,?,,?,, Married-civ-spouse, Craft-repair,?,?,?,,87.670456,,?, <=50K
,?,189484.39, HS-grad,, Married-civ-spouse,?, Husband, White,?,,,40.425713,?,?
,?,, HS-grad,,?,?,?,?,?,,,40.425713,?,?
, Private,,?,,?,?,?,?, Male,1082.9701,,,?,?
, Private,, HS-grad,,?, Craft-repair, Husband,?,?,,,,?, <=50K
,?,,?,, Married-civ-spouse, Craft-repair,?,?,?,,,,?, <=50K
,?,189484.39,?,,?,?,?,?,?,,87.670456,,?,?
,?,189484.39,?,,?,?,?,?, Male,,,,?,?
38.579506,?,,?,10.067414,?,?,?,?,?,,87.670456,,?, <=50K
, Private,189484.39,?,,?,?,?,?,?,,87.670456,,?,?
38.579506,?,, HS-grad,,?,?, Husband,?,?,,,, United-States,?
,?,189484.39,?,,?,?,?,?,?,,,, United-States,?
,?,,?,,?,?,?,?,?,,,,?, <=50K
,?,, HS-grad,10.067414,?,?, Husband,?, Male,,,, United-States, <=50K
,?,, HS-grad,10.067414,?, Craft-repair, Husband,?,?,,,,?, <=50K
,?,189484.39,?,, Married-civ-spouse,?,?, White,?,,87.670456,,?,?
,?,,?,,?,?,?,?,?,,,,?,?
,?,,?,,?,?, Husband, White, Male,,87.670456,,?,?
,?,,?,,?,?,?,?,?,,,,?, <=50K
,?,, HS-grad,,?,?,?, White, Male,,87.670456,,?, <=50K
,?,,?,, Married-civ-spouse, Craft-repair,?,?,?,,,,?,?
38.579506,?,,?,,?,?,?, White, Male,1082.9701,,,?,?
,?,,?,,?,?, Husband,?, Male,1082.9701,,,?, <=50K
38.579506,?,, HS-grad,,?,?,?,?,?,,,40.425713, United-States,?
,?,,?,,?,?,?,?,?,,,,?,?
,?,189484.39, HS-grad,,?,?,?,?,?,,,,?,?
,?,, HS-grad,,?,?,?,?,?,,87.670456,, United-States,?
,?,,?,,?, Craft-repair,?, White, Male,,,,?,?
,?,,?,, Married-civ-spouse,?,?, White,?,,,40.425713,?,?
,?,,?,,?,?,?,?,?,,,,?,?
,?,,?,,?,?,?,?,?,1082.9701,,,?,?
,?,,?,, Married-civ-spouse,?,?, White,?,,,, United-States,?
,?,, HS-grad,,?,?,?,?,?,,,,?, <=50K
,?,,?,,?,?,?,?,?,1082.9701,,,?,?
,?,189484.39,?,,?,?,?, White,?,,,,?,?
38.579506,?,189484.39,?,,?,?, Husband,?,?,,,,?, <=50K
, Private,189484.39,?,10.067414,?,?,?,?,?,,87.670456,,?,?
,?,,?,,?,?,?,?,?,,,40.425713,?, <=50K
38.579506, Private,189484.39,?,10.067414,?,?, Husband,?,?,,,40.425713,?,?
,?,,?,,?,?,?,?,?,,,, United-States,?
,?,,?,,?,?,?,?, Male,,,40.425713,?,?
,?,, HS-grad,,?, Craft-repair,?,?,?,,,,?,?
,?,,?,,?,?,?,?,?,,,, United-States,?
,?,, HS-grad,,?,?,?,?,?,,,, United-States,?
,?,,?,,?,?,?,?, Male,,,,?,?
,?,,?,10.067414,?,?, Husband,?,?,,,40.425713, United-States,?
,?,189484.39,?,10.067414,?,?,?, White,?,,,40.425713,?,?
38.579506,?,189484.39, HS-grad,10.067414, Married-civ-spouse,?,?, White, Male,1082.9701,87.670456,, United-States,?
,?,,?,10.067414,?,?,?, White,?,,,,?,?
,?,,?,10.067414,?,?,?,?,?,,,,?,?
38.579506, Private,,?,,?, Craft-repair,?, White,?,,,,?,?
,?,,?,,?, Craft-repair, Husband,?,?,,87.670456,,?,?
,?,,?,,?,?,?,?,?,,,, United-States,?
,?,,?,,?,?,?,?,?,1082.9701,,,?, <=50K
38.579506,?,189484.39,?,, Married-civ-spouse,?,?,?,?,,,,?,?
,?,, HS-grad,,?, Craft-repair, Husband,?,?,,,,?,?
, Private,,?,,?,?,?,?,?,,,,?,?
,?,,?,,?, Craft-repair,?,?,?,,,,?,?
, Private,,?,,?,?,?,?,?,1082.9701,,,?,?
,?,, HS-grad,,?,?,?,?,?,,,,?,?
38.579506,?,,?,,?,?,?,?,?,,,, United-States, <=50K
,?,,?,10.067414, Married-civ-spouse,?,?,?, Male,,,, United-States,?
, Private,,?,,?,?,?,?,?,1082.9701,,,?, <=50K
, Private,,?,,?,?,?,?,?,,,,?,?
, Private,, HS-grad,,?,?,?, White,?,,87.670456,,?,?
, Private,,?,,?,?,?,?,?,,87.670456,, United-States,?
38.579506,?,,?,10.067414,?,?,?,?,?,,,, United-States,?
,?,,?,10.067414,?,?,?,?, Male,,,,?,?
,?,, HS-grad,,?,?,?,?,?,,,,?,?
38.579506, Private,,?,,?,?,?,?,?,,,,?,?
38.579506,?,,?,,?,?,?,?,?,1082.9701,,, United-States,?
,?,,?,,?,?,?,?,?,1082.9701,,,?,?
, Private,,?,,?,?,?,?,?,,,,?,?
,?,, HS-grad,,?,?,?,?,?,1082.9701,,40.425713,?, <=50K
,?,,?,10.067414,?,?,?,?,?,1082.9701,,,?, <=50K
,?,, HS-grad,,?,?, Husband,?,?,,87.670456,, United-States,?
,?,,?,,?,?,?, White,?,1082.9701,,,?,?
,?,,?,, Married-civ-spouse,?,?,?,?,,87.670456,40.425713,?, <=50K
,?,,?,,?, Craft-repair, Husband,?,?,,,40.425713, United-States,?
, Private,,?,,?, Craft-repair, Husband,?, Male,1082.9701,,,?,?
,?,, HS-grad,,?,?, Husband,?,?,,,40.425713,?, <=50K
,?,,?,10.067414,?,?,?,?,?,,,40.425713,?,?
38.579506,?,,?,,?,?,?,?,?,,87.670456,,?,?
,?,,?,,?,?,?, White,?,1082.9701,,40.425713,?, <=50K
,?,,?,,?,?, Husband,?,?,,,,?,?
, Private,189484.39,?,, Married-civ-spouse,?,?, White, Male,,,40.425713,?,?
,?,, HS-grad,,?,?,?, White,?,,,,?,?
, Private,,?,,?,?,?,?,?,,,, United-States,?
,?,,?,,?,?,?,?,?,,,,?,?
,?,, HS-grad,,?,?,?, White,?,,,,?,?
, Private,,?,,?,?,?,?, Male,,,,?,?
,?,,?,,?, Craft-repair, Husband,?,?,,,, United-States,?
,?,189484.39,?,, Married-civ-spouse,?,?, White,?,1082.9701,,,?,?
38.579506,?,,?,, Married-civ-spouse,?,?, White,?,,,,?, <=50K
38.579506,?,,?,,?,?,?, White,?,,,,?,?
,?,,?,,?,?,?,?, Male,,,, United-States,?
,?,,?,, Married-civ-spouse,?,?,?,?,,87.670456,40.425713,?,?
, Private,,?,,?,?,?, White,?,,87.670456,,?,?
,?,, HS-grad,,?,?,?,?,?,,,,?,?
,?,, HS-grad,, Married-civ-spouse,?, Husband,?,?,1082.9701,87.670456,,?,?
38.579506,?,,?,10.067414,?,?,?,?,?,,,,?,?
,?,,?,, Married-civ-spouse,?, Husband, White,?,,,40.425713,?,?
38.579506,?,189484.39,?,, Married-civ-spouse,?,?,?, Male,1082.9701,,,?,?
, Private,,?,,?, Craft-repair, Husband,?,?,,,,?,?
,?,189484.39,?,,?,?,?, White,?,,87.670456,, United-States,?
, Private,,?,, Married-civ-spouse, Craft-repair, Husband,?,?,,,,?,?
,?,,?,,?,?,?,?,?,,,,?,?
,?,,?,,?,?,?,?,?,1082.9701,,,?,?
,?,,?,, Married-civ-spouse, Craft-repair,?,?,?,1082.9701,,,?,?
, Private,189484.39,?,, Married-civ-spouse,?,?,?,?,,,,?,?
,?,, HS-grad,,?,?, Husband, White,?,,,,?,?
38.579506,?,189484.39,?,,?,?,?,?, Male,,,,?,?
, Private,189484.39, HS-grad,,?, Craft-repair, Husband,?,?,,,, United-States, <=50K
38.579506,?,,?,,?,?,?,?,?,,,,?,?
, Private,, HS-grad,10.067414,?,?,?,?,?,1082.9701,87.670456,40.425713,?,?
,?,,?,,?,?,?,?,?,,,,?,?
, Private,,?,,?,?,?,?, Male,,,,?, <=50K
,?,, HS-grad,, Married-civ-spouse,?,?,?,?,,,40.425713,?, <=50K
,?,, HS-grad,10.067414,?,?,?,?,?,,87.670456,,?,?
38.579506,?,, HS-grad,, Married-civ-spouse,?,?,?, Male,,,40.425713,?,?
,?,,?,,?,?,?,?,?,,,,?,?
,?,189484.39,?,10.067414, Married-civ-spouse,?, Husband,?, Male,,,40.425713,?,?
,?,,?,,?,?,?,?,?,1082.9701,87.670456,,?, <=50K
,?,,?,,?, Craft-repair, Husband,?,?,1082.9701,,,?,?
, Private,,?,, Married-civ-spouse,?,?, White, Male,,87.670456,,?,?
38.579506,?,,?,,?,?,?,?,?,,,,?,?
,?,189484.39, HS-grad,10.067414,?,?, Husband,?,?,1082.9701,,, United-States, <=50K
,?,, HS-grad,,?,?,?,?,?,,,40.425713,?,?
38.579506,?,, HS-grad,,?, Craft-repair, Husband,?, Male,,,,?,?
38.579506, Private,, HS-grad,, Married-civ-spouse,?,?,?,?,,,,?, <=50K
38.579506,?,,?,,?,?,?,?,?,1082.9701,,,?,?
,?,,?,,?,?,?,?,?,,,,?,?
38.579506,?,,?,,?,?, Husband,?,?,1082.9701,,, United-States,?
,?,189484.39, HS-grad,10.067414,?,?,?,?,?,,,,?,?
38.579506,?,189484.39,?,,?,?,?,?,?,,,40.425713, United-States,?
,?,,?,,?,?,?,?, Male,1082.9701,,, United-States,?
,?,189484.39,?,10.067414,?,?,?, White,?,,,,?, <=50K
,?,189484.39,?,,?,?,?,?, Male,1082.9701,87.670456,,?,?
,?,, HS-grad,10.067414,?,?, Husband,?,?,,,,?,?
,?,,?,, Married-civ-spouse, Craft-repair,?,?,?,,,40.425713,?,?
38.579506,?,,?,,?,?,?, White,?,1082.9701,,, United-States,?
, Private,,?,10.067414,?,?, Husband, White,?,,,,?, <=50K
38.579506, Private,189484.39,?,,?, Craft-repair,?,?,?,1082.9701,,,?,?
,?,189484.39, HS-grad,10.067414,?,?,?,?,?,,,, United-States, <=50K
,?,,?,10.067414,?, Craft-repair,?,?, Male,,,40.425713,?,?
,?,,?,,?, Craft-repair, Husband, White,?,1082.9701,87.670456,,?,?
38.579506, Private,189484.39,?,,?,?,?, White,?,,87.670456,40.425713,?,?
,?,189484.39,?,, Married-civ-spouse,?,?,?,?,,,,?,?
,?,,?,,?,?,?,?,?,,,,?, <=50K
,?,189484.39,?,, Married-civ-spouse,?,?,?,?,,,40.425713,?,?
38.579506,?,,?,,?,?,?,?, Male,,,, United-States,?
38.579506, Private,,?,, Married-civ-spouse,?,?, White,?,1082.9701,,,?, <=50K
,?,,?,10.067414,?,?,?,?, Male,,,40.425713,?,?
,?,,?,, Married-civ-spouse,?, Husband,?,?,,,, United-States,?
,?,189484.39, HS-grad,,?, Craft-repair,?, White,?,,,,?,?
, Private,189484.39,?,10.067414,?,?,?, White,?,,87.670456,, United-States, <=50K
, Private,, HS-grad,10.067414,?,?,?,?,?,,,, United-States, <=50K
,?,,?,,?,?,?, White,?,,87.670456,,?,?
,?,,?,10.067414,?,?,?,?,?,,,40.425713, United-States,?
,?,,?,,?,?,?,?,?,,,,?,?
,?,,?,,?,?,?,?,?,,,,?,?
38.579506,?,189484.39,?,10.067414,?, Craft-repair,?,?,?,,,40.425713,?,?
,?,,?,10.067414,?,?,?,?, Male,,87.670456,,?,?
,?,,?,,?,?,?, White,?,,,40.425713,?,?
,?,, HS-grad,,?,?,?,?,?,,,,?,?
,?,,?,, Married-civ-spouse,?,?, White,?,,,,?,?
38.579506,?,, HS-grad,, Married-civ-spouse,?,?,?,?,1082.9701,87.670456,40.425713,?,?
,?,, HS-grad,,?, Craft-repair,?,?, Male,,87.670456,, United-States,?
38.579506,?,189484.39,?,,?,?, Husband, White,?,,,, United-States,?
,?,189484.39,?,, Married-civ-spouse,?,?,?,?,1082.9701,,,?,?
,?,,?,10.067414,?,?,?,?,?,,,40.425713,?,?
, Private,,?,10.067414,?,?,?,?,?,,,40.425713,?,?
,?,, HS-grad,,?,?, Husband,?,?,1082.9701,,40.425713,?,?
,?,, HS-grad,,?,?,?,?,?,1082.9701,,,?, <=50K
,?,,?,,?,?,?,?,?,,,,?,?
,?,,?,10.067414,?,?,?,?,?,1082.9701,,,?,?
,?,,?,,?,?,?,?,?,,,,?,?
, Private,,?,,?,?,?,?,?,,,,?,?
38.579506, Private,,?,,?,?,?,?, Male,,,,?, <=50K
,?,,?,10.067414,?,?,?,?,?,,,, United-States,?
,?,,?,, Married-civ-spouse,?,?,?, Male,,,,?,?
,?,,?,,?, Craft-repair,?,?,?,,87.670456,,?,?
38.579506,?,,?,,?,?,?,?,?,,,,?,?
,?,189484.39, HS-grad,,?,?, Husband, White, Male,,,,?,?
,?,, HS-grad,,?,?,?,?,?,,87.670456,,?,?
, Private,,?,,?,?,?,?,?,1082.9701,,, United-States,?
,?,,?,,?, Craft-repair, Husband,?,?,,,,?,?
,?,,?,,?,?,?,?,?,,,40.425713,?,?
,?,189484.39,?,,?,?,?,?,?,,,,?, <=50K
38.579506,?,,?,,?,?,?, White,?,,87.670456,,?,?
38.579506,?,,?,10.067414,?,?, Husband,?,?,,87.670456,,?,?
,?,,?,,?,?,?,?,?,,,, United-States,?
, Private,,?,, Married-civ-spouse,?, Husband,?,?,1082.9701,87.670456,,?,?
,?,,?,,?,?,?,?,?,,,40.425713,?,?
,?,189484.39,?,, Married-civ-spouse,?,?,?,?,,,40.425713,?, <=50K
,?,,?,, Married-civ-spouse,?,?,?,?,,,,?,?
,?,189484.39, HS-grad,,?,?,?,?,?,1082.9701,,,?,?
,?,,?,,?, Craft-repair,?,?,?,,,, United-States,?
, Private,,?,, Married-civ-spouse,?,?,?,?,,,, United-States,?
,?,,?,10.067414,?,?, Husband,?,?,,87.670456,,?,?
, Private,,?,,?,?,?,?, Male,1082.9701,,40.425713,?,?
,?,,?,,?,?, Husband,?,?,,,,?,?
,?,,?,,?,?,?,?,?,,,,?,?
38.579506,?,,?,10.067414, Married-civ-spouse,?,?,?,?,,87.670456,40.425713, United-States,?
, Private,,?,,?, Craft-repair,?,?,?,,,,?, <=50K
,?,,?,,?,?, Husband, White, Male,,,,?,?
,?,,?,,?, Craft-repair,?,?,?,,,,?,?
,?,,?,,?,?,?,?,?,,,,?, <=50K
, Private,,?,, Married-civ-spouse,?,?,?,?,,,, United-States,?
,?,,?,10.067414,?,?,?,?,?,1082.9701,,,?, <=50K
,?,189484.39,?,, Married-civ-spouse,?,?,?,?,,,,?,?
,?,, HS-grad,,?,?,?,?, Male,1082.9701,,,?, <=50K
38.579506,?,,?,,?, Craft-repair,?,?, Male,,87.670456,,?,?
38.579506,?,, HS-grad,10.067414,?,?,?,?,?,,87.670456,,?,?
,?,,?,, Married-civ-spouse,?,?,?,?,,,40.425713,?, <=50K
,?,,?,,?, Craft-repair,?,?,?,,,,?,?
,?,,?,,?,?,?,?,?,,,,?,?
,?,,?,,?,?,?,?, Male,,,,?,?
, Private,, HS-grad,,?,?,?,?,?,,,,?,?
,?,,?,,?,?,?,?,?,,,40.425713,?,?
,?,, HS-grad,,?,?,?,?,?,,,40.425713,?,?
,?,,?,, Married-civ-spouse, Craft-repair, Husband,?, Male,1082.9701,,,?,?
38.579506,?,, HS-grad,, Married-civ-spouse,?,?,?,?,,,,?,?
,?,189484.39,?,,?, Craft-repair,?,?,?,,,, United-States,?
,?,, HS-grad,10.067414,?, Craft-repair,?,?,?,,,,?,?
,?,,?,,?,?,?,?,?,,,,?,?
,?,,?,,?, Craft-repair,?,?,?,,87.670456,,?,?
, Private,189484.39,?,, Married-civ-spouse, Craft-repair,?,?,?,,87.670456,, United-States,?
, Private,189484.39, HS-grad,, Married-civ-spouse,?, Husband,?,?,,,, United-States,?
,?,,?,,?,?,?,?,?,,87.670456,40.425713,?,?
38.579506,?,,?,,?,?,?,?,?,1082.9701,,, United-States,?
,?,,?,,?,?,?,?,?,,,,?,?
,?,,?,,?,?,?,?, Male,,,,?, <=50K
, Private,189484.39,?,10.067414,?,?, Husband,?,?,1082.9701,,,?, <=50K
38.579506,?,,?,,?,?,?,?,?,1082.9701,87.670456,,?,?
,?,,?,, Married-civ-spouse,?,?, White,?,,,,?,?
,?,, HS-grad,,?, Craft-repair,?,?, Male,,87.670456,40.425713,?,?
,?,,?,, Married-civ-spouse,?,?,?,?,,,40.425713,?, <=50K
,?,,?,, Married-civ-spouse, Craft-repair,?, White,?,,,40.425713,?,?
38.579506,?,,?,10.067414,?, Craft-repair,?,?,?,,,, United-States,?
,?,,?,,?, Craft-repair,?,?, Male,,,,?,?
,?,,?,10.067414,?,?,?, White,?,,,,?,?
,?,,?,10.067414,?,?,?,?,?,,,,?,?
38.579506,?,,?,10.067414,?, Craft-repair,?, White, Male,,,,?,?
,?,,?,10.067414, Married-civ-spouse, Craft-repair,?, White,?,,,,?,?
,?,, HS-grad,10.067414,?,?,?,?,?,,,, United-States,?
,?,189484.39, HS-grad,10.067414,?,?, Husband,?,?,,,,?,?
, Private,189484.39,?,10.067414,?,?,?,?,?,,,40.425713,?,?
38.579506,?,,?,10.067414,?, Craft-repair,?,?, Male,,,40.425713,?,?
,?,, HS-grad,,?,?, Husband,?,?,1082.9701,87.670456,,?, <=50K
,?,,?,,?,?, Husband, White, Male,1082.9701,,,?,?
,?,,?,,?,?,?,?,?,,,,?,?
,?,189484.39, HS-grad,,?,?,?,?,?,,,,?,?
,?,,?,,?,?,?,?,?,,87.670456,, United-States, <=50K
,?,,?,10.067414,?, Craft-repair,?, White,?,1082.9701,,40.425713,?,?
,?,, HS-grad,10.067414,?, Craft-repair,?,?,?,1082.9701,,,?, <=50K
, Private,, HS-grad,,?, Craft-repair,?,?, Male,,,,?, <=50K
,?,,?,10.067414,?,?,?, White,?,,87.670456,,?,?
,?,189484.39, HS-grad,,?,?,?,?,?,,,,?,?
,?,, HS-grad,10.067414,?,?,?, White,?,1082.9701,,, United-States,?
, Private,189484.39,?,,?,?,?,?,?,,87.670456,,?, <=50K
,?,,?,10.067414,?,?,?,?,?,,,,?,?
, Private,,?,,?, Craft-repair,?,?,?,,,,?,?
,?,,?,,?,?,?, White,?,,,, United-States,?
,?,,?,,?,?,?,?,?,1082.9701,,, United-States,?
,?,,?,,?,?,?,?, Male,,87.670456,40.425713,?,?
, Private,,?,10.067414, Married-civ-spouse,?,?,?,?,,,,?,?
38.579506,?,,?,, Married-civ-spouse,?,?, White,?,,,,?,?
,?,189484.39,?,,?,?,?,?,?,,,,?,?
,?,,?,,?,?,?, White, Male,,,, United-States,?
,?,189484.39,?,,?,?,?, White,?,,,,?,?
,?,,?,,?,?,?, White,?,,,,?,?
,?,,?,,?,?,?, White,?,1082.9701,87.670456,,?, <=50K
, Private,,?,,?,?,?,?,?,1082.9701,,,?,?
,?,,?,10.067414,?,?, Husband,?,?,,,,?,?
,?,,?,,?,?, Husband, White,?,,,,?,?
,?,,?,,?,?, Husband,?,?,1082.9701,87.670456,,?,?
,?,,?,,?,?, Husband, White,?,,,,?,?
38.579506,?,,?,,?,?,?, White,?,,,,?,?
,?,,?,,?,?,?,?,?,,,,?,?
,?,, HS-grad,,?,?, Husband,?,?,,,40.425713,?,?
, Private,189484.39, HS-grad,, Married-civ-spouse,?,?,?,?,1082.9701,,,?,?
,?,,?,,?,?,?, White,?,,,,?,?
,?,,?,,?,?,?,?, Male,,,,?, <=50K
38.579506,?,189484.39, HS-grad,,?,?,?,?, Male,,87.670456,,?,?
38.579506,?,,?,,?,?,?,?,?,,,40.425713,?,?
,?,189484.39,?,,?,?,?,?, Male,,,,?, <=50K
,?,,?,,?,?,?,?,?,1082.9701,,,?,?
,?,,?,,?, Craft-repair,?,?,?,,87.670456,,?,?
, Private,189484.39,?,10.067414,?,?,?,?,?,1082.9701,,,?, <=50K
,?,,?,10.067414,?, Craft-repair,?,?,?,1082.9701,,, United-States,?
38.579506, Private,,?,10.067414,?,?,?,?,?,,,, United-States,?
, Private,189484.39,?,,?,?,?,?,?,,,, United-States,?
,?,,?,,?, Craft-repair,?, White, Male,,,,?,?
, Private,, HS-grad,,?,?,?,?,?,1082.9701,87.670456,,?,?
,?,,?,10.067414,?,?,?,?,?,,,,?,?
, Private,189484.39,?,,?, Craft-repair,?,?, Male,1082.9701,,,?,?
,?,,?,,?,?,?, White,?,,87.670456,,?,?
,?,189484.39,?,, Married-civ-spouse,?,?,?,?,,,,?,?
, Private,, HS-grad,, Married-civ-spouse, Craft-repair,?,?, Male,1082.9701,,40.425713,?,?
, Private,,?,10.067414,?,?,?,?, Male,,,, United-States,?
, Private,,?,, Married-civ-spouse,?,?, White,?,,87.670456,,?,?
38.579506, Private,189484.39,?,,?,?, Husband,?,?,,,40.425713,?,?
, Private,,?,, Married-civ-spouse,?,?,?,?,1082.9701,,,?, <=50K
,?,,?,,?, Craft-repair, Husband,?,?,,,40.425713,?,?
,?,,?,,?,?,?, White,?,,,40.425713,?,?
38.579506,?,,?,,?, Craft-repair,?,?,?,,,,?,?
,?,,?,,?,?, Husband,?,?,,,, United-States,?
,?,, HS-grad,,?,?,?, White,?,1082.9701,,40.425713,?,?
,?,,?,, Married-civ-spouse,?,?, White, Male,,,40.425713,?,?
,?,,?,,?,?,?,?,?,1082.9701,,,?,?
,?,,?,,?, Craft-repair, Husband,?,?,,87.670456,,?, <=50K
,?,189484.39,?,,?,?,?,?, Male,,,,?, <=50K
,?,,?,, Married-civ-spouse,?, Husband,?,?,1082.9701,,,?, <=50K
38.579506,?,,?,,?,?,?,?,?,,,,?,?
,?,,?,, Married-civ-spouse,?,?,?,?,,,, United-States, <=50K
38.579506,?,,?,,?,?,?, White,?,,,,?,?
38.579506, Private,189484.39,?,,?,?,?, White,?,,,40.425713,?, <=50K
, Private,, HS-grad,, Married-civ-spouse,?,?,?,?,,,,?,?
38.579506, Private,,?,10.067414, Married-civ-spouse,?,?,?,?,,,, United-States,?
,?,,?,,?,?,?,?,?,,,, United-States,?
,?,,?,,?,?,?, White,?,1082.9701,,,?,?
38.579506,?,,?,,?,?,?, White,?,,,,?,?
,?,,?,10.067414, Married-civ-spouse,?,?,?, Male,1082.9701,,,?,?
,?,,?,,?, Craft-repair,?,?,?,,87.670456,, United-States,?
,?,,?,,?,?, Husband, White,?,,,,?,?
, Private,189484.39,?,, Married-civ-spouse,?,?,?,?,,,,?, <=50K
,?,,?,,?,?,?, White,?,,,,?,?
,?,189484.39,?,,?,?,?,?,?,,,,?,?
38.579506,?,189484.39,?,, Married-civ-spouse,?,?,?,?,,,,?,?
,?,, HS-grad,,?, Craft-repair, Husband,?,?,,,40.425713, United-States,?
, Private,,?,, Married-civ-spouse,?,?,?,?,,,,?,?
, Private,,?,,?,?,?, White,?,,,,?,?
38.579506, Private,, HS-grad,,?,?,?,?,?,,,,?,?
,?,,?,10.067414,?,?,?,?,?,,,,?,?
,?,,?,, Married-civ-spouse, Craft-repair,?,?, Male,,87.670456,40.425713,?,?
,?,,?,,?,?,?,?,?,,87.670456,,?,?
,?,,?,, Married-civ-spouse,?,?, White,?,,,40.425713,?,?
38.579506, Private,,?,,?,?,?, White,?,1082.9701,,,?,?
,?,,?,10.067414,?,?,?,?,?,,,,?, <=50K
,?,189484.39,?,10.067414,?, Craft-repair, Husband,?,?,1082.9701,87.670456,,?,?
, Private,,?,10.067414,?,?,?,?,?,,,40.425713,?,?
38.579506,?,,?,,?,?,?,?,?,,,, United-States,?
,?,,?,,?,?,?, White,?,,,,?,?
,?,,?,,?,?,?, White,?,1082.9701,,40.425713,?,?
38.579506, Private,189484.39,?,10.067414,?,?, Husband,?,?,,,,?,?
,?,,?,,?,?,?,?,?,,,40.425713, United-States,?
,?,,?,10.067414,?, Craft-repair, Husband, White,?,,,,?,?
,?,189484.39,?,,?,?, Husband,?,?,,,,?,?
,?,, HS-grad,,?,?,?,?,?,,,,?,?
,?,,?,,?,?,?, White,?,,,,?, <=50K
,?,,?,,?,?,?, White,?,,87.670456,, United-States,?
,?,189484.39,?,,?,?, Husband,?,?,,,,?,?
,?,189484.39,?,10.067414, Married-civ-spouse,?,?,?,?,,,,?,?
38.579506,?,189484.39,?,,?,?,?,?, Male,1082.9701,,,?,?
, Private,, HS-grad,,?,?,?,?, Male,1082.9701,87.670456,,?,?
38.579506,?,,?,,?,?,?,?, Male,1082.9701,,, United-States,?
38.579506, Private,,?,, Married-civ-spouse,?,?, White,?,,,40.425713,?,?
38.579506,?,,?,10.067414,?, Craft-repair,?, White,?,1082.9701,,40.425713,?,?
,?,,?,,?,?,?,?, Male,1082.9701,87.670456,,?, <=50K
38.579506,?,,?,10.067414,?,?,?,?, Male,,,40.425713, United-States,?
,?,,?,, Married-civ-spouse,?, Husband,?,?,1082.9701,,,?,?
, Private,,?,,?, Craft-repair,?,?,?,,,,?,?
38.579506, Private,,?,10.067414, Married-civ-spouse,?,?,?,?,,,,?, <=50K
,?,,?,,?,?,?,?, Male,,87.670456,40.425713,?,?
38.579506,?,189484.39,?,10.067414,?,?, Husband,?,?,,,40.425713, United-States,?
,?,,?,,?,?, Husband, White,?,,,,?,?
,?,189484.39,?,, Married-civ-spouse,?,?,?, Male,,87.670456,,?,?
,?,189484.39, HS-grad,,?, Craft-repair,?,?,?,,,,?,?
,?,189484.39,?,,?, Craft-repair,?,?,?,,,,?,?
38.579506, Private,,?,,?,?,?,?, Male,,,,?,?
38.579506, Private,,?,,?,?,?,?,?,,87.670456,40.425713,?,?
, Private,,?,,?, Craft-repair,?,?,?,,,,?,?
,?,,?,,?,?, Husband, White,?,,,,?,?
,?,,?,,?, Craft-repair,?,?,?,,,,?,?
38.579506,?,,?,10.067414,?,?,?,?,?,,,,?,?
,?,,?,,?,?,?,?,?,,,,?,?
,?,,?,,?, Craft-repair,?, White, Male,,,40.425713,?,?
, Private,,?,,?,?,?,?,?,,,,?,?
,?,, HS-grad,10.067414,?,?,?,?,?,,,40.425713, United-States,?
38.579506,?,, HS-grad,,?,?,?,?,?,1082.9701,,,?,?
38.579506,?,189484.39,?,,?,?,?,?,?,,87.670456,,?, <=50K
38.579506,?,,?,, Married-civ-spouse,?,?,?,?,,87.670456,, United-States,?
,?,,?,,?,?,?,?,?,,,,?,?
,?,,?,,?, Craft-repair,?,?, Male,,,,?,?
,?,, HS-grad,,?,?, Husband, White,?,,87.670456,,?,?
,?,,?,,?,?, Husband,?,?,,87.670456,,?,?
38.579506,?,,?,, Married-civ-spouse, Craft-repair,?,?,?,,,,?,?
,?,189484.39,?,,?, Craft-repair,?,?,?,,87.670456,40.425713, United-States, <=50K
, Private,, HS-grad,10.067414,?,?,?, White,?,1082.9701,87.670456,,?,?
, Private,, HS-grad,,?,?,?,?,?,,,,?, <=50K
,?,,?,, Married-civ-spouse,?,?, White,?,,,40.425713,?,?
38.579506,?,,?,,?,?, Husband,?, Male,,,40.425713,?,?
,?,189484.39,?,,?,?,?,?,?,,,40.425713,?,?
,?,,?,, Married-civ-spouse,?,?,?,?,,87.670456,, United-States,?
,?,189484.39, HS-grad,,?,?,?,?,?,1082.9701,87.670456,,?,?
,?,,?,10.067414,?, Craft-repair,?,?,?,,,40.425713,?,?
, Private,,?,,?,?,?,?,?,,,,?,?
,?,,?,,?,?,?,?,?,1082.9701,,,?,?
,?,, HS-grad,10.067414,?,?,?, White, Male,,,, United-States,?
,?,189484.39,?,, Married-civ-spouse,?,?,?,?,,,,?, <=50K
,?,189484.39,?,,?, Craft-repair,?,?,?,,,, United-States, <=50K
,?,,?,,?,?,?,?, Male,1082.9701,,,?,?
,?,189484.39,?,, Married-civ-spouse,?,?,?, Male,,,, United-States,?
,?,189484.39,?,,?,?,?,?,?,,,40.425713,?, <=50K
,?,, HS-grad,,?,?, Husband, White,?,,,40.425713,?,?
,?,,?,,?,?,?,?,?,1082.9701,87.670456,, United-States,?
38.579506,?,,?,,?,?, Husband,?,?,,,40.425713,?,?
,?,,?,,?,?,?,?, Male,1082.9701,87.670456,40.425713, United-States,?
,?,,?,,?,?,?,?,?,,,,?,?
,?,,?,10.067414,?,?,?,?,?,,,40.425713,?,?
,?,,?,, Married-civ-spouse,?,?,?,?,1082.9701,,,?, <=50K
,?,,?,, Married-civ-spouse, Craft-repair, Husband,?, Male,,,,?, <=50K
,?,,?,10.067414,?,?,?,?,?,,,,?,?
38.579506,?,,?,,?,?,?,?,?,,,,?,?
,?,,?,, Married-civ-spouse,?,?, White,?,,87.670456,,?,?
,?,,?,, Married-civ-spouse,?,?,?,?,,,,?,?
,?,,?,,?,?,?,?,?,1082.9701,,,?,?
,?,, HS-grad,,?,?,?,?,?,,,,?,?
, Private,,?,,?,?,?, White,?,1082.9701,,,?,?
,?,, HS-grad,10.067414, Married-civ-spouse,?,?, White,?,,,40.425713,?,?
38.579506, Private,,?,,?,?,?,?,?,,,,?, <=50K
,?,,?,,?,?,?,?,?,,,,?,?
38.579506,?,189484.39,?,10.067414,?, Craft-repair,?, White, Male,,,,?, <=50K
, Private,,?,,?,?,?,?,?,,,,?,?
, Private,,?,,?,?,?,?,?,1082.9701,,,?,?
,?,,?,,?,?,?,?, Male,1082.9701,,40.425713,?,?
, Private,,?,, Married-civ-spouse,?,?,?,?,,,,?, <=50K
,?,,?,,?,?,?,?,?,,,,?, <=50K
38.579506,?,,?,,?,?,?, White,?,,,,?,?
,?,,?,10.067414,?,?,?,?,?,,,40.425713,?,?
38.579506,?,,?,,?, Craft-repair,?,?,?,1082.9701,,40.425713,?,?
,?,,?,,?,?,?,?,?,,,,?, <=50K
38.579506,?,,?,, Married-civ-spouse, Craft-repair,?,?,?,,87.670456,40.425713,?,?
38.579506,?,,?,,?,?,?, White,?,1082.9701,,,?, <=50K
,?,, HS-grad,,?,?, Husband,?, Male,1082.9701,,,?, <=50K
,?,,?,,?,?, Husband,?,?,,,,?,?
,?,,?,10.067414,?,?,?,?,?,,,,?,?
,?,,?,,?,?,?,?,?,,,, United-States,?
,?,189484.39,?,,?,?, Husband,?,?,1082.9701,,,?,?
,?,,?,,?,?,?,?, Male,,,40.425713,?,?
,?,,?,,?,?,?,?,?,,,40.425713,?,?
,?,,?,, Married-civ-spouse,?,?,?,?,1082.9701,,40.425713,?,?
,?,,?,, Married-civ-spouse,?, Husband,?,?,,,,?,?
,?,,?,10.067414,?, Craft-repair, Husband,?,?,,,,?, <=50K
,?,,?,,?,?, Husband,?,?,,,40.425713,?, <=50K
38.579506,?,189484.39,?,,?,?, Husband,?, Male,,,, United-States,?
,?,,?,,?,?,?,?, Male,,,,?,?
38.579506,?,, HS-grad,,?,?,?,?,?,,,,?,?
, Private,,?,,?,?,?,?,?,,,,?,?
,?,, HS-grad,,?, Craft-repair, Husband,?,?,,,,?,?
,?,189484.39,?,,?,?,?, White,?,,87.670456,, United-States,?
,?,, HS-grad,,?,?,?, White, Male,,,40.425713,?,?
,?,, HS-grad,10.067414,?,?,?,?,?,1082.9701,,,?,?
,?,,?,, Married-civ-spouse,?,?,?,?,,87.670456,, United-States,?
, Private,189484.39,?,,?,?,?,?, Male,1082.9701,,,?,?
,?,189484.39,?,,?,?,?, White,?,1082.9701,87.670456,,?,?
,?,,?,,?,?,?,?,?,,,,?,?
,?,, HS-grad,,?, Craft-repair, Husband,?, Male,,87.670456,, United-States,?
,?,,?,,?,?,?,?, Male,,,,?, <=50K
, Private,,?,10.067414,?,?,?,?,?,1082.9701,,,?,?
38.579506,?,,?,,?,?,?,?, Male,,,,?, <=50K
,?,,?,,?, Craft-repair,?,?, Male,,,, United-States,?
,?,,?,,?,?,?,?,?,,,, United-States,?
38.579506,?,,?,,?, Craft-repair, Husband,?,?,,,,?, <=50K
,?,,?,,?,?,?,?,?,,,40.425713,?,?
,?,,?,,?, Craft-repair,?,?,?,,,,?,?
,?,, HS-grad,,?,?,?,?,?,,,,?,?
, Private,,?,,?, Craft-repair,?, White,?,,87.670456,40.425713,?,?
,?,,?,,?,?,?,?, Male,1082.9701,87.670456,,?,?
38.579506,?,, HS-grad,10.067414, Married-civ-spouse,?, Husband,?,?,,,,?,?
,?,,?,10.067414,?,?,?,?,?,,,40.425713,?,?
,?,189484.39, HS-grad,,?,?,?,?,?,,87.670456,,?,?
,?,,?,,?,?,?,?,?,,,40.425713,?,?
,?,, HS-grad,,?, Craft-repair,?,?,?,,,,?, <=50K
,?,, HS-grad,,?, Craft-repair,?,?, Male,,,40.425713,?,?
,?,,?,, Married-civ-spouse, Craft-repair, Husband, White,?,,,40.425713,?,?
,?,,?,,?,?,?,?,?,,,, United-States,?
,?,, HS-grad,, Married-civ-spouse, Craft-repair,?,?,?,,,,?, <=50K
,?,, HS-grad,,?,?,?,?,?,,87.670456,,?,?
,?,,?,10.067414,?,?, Husband,?,?,,,40.425713,?,?
,?,,?,,?,?,?, White,?,,,, United-States,?
, Private,,?,10.067414,?, Craft-repair,?, White,?,,,,?,?
38.579506,?,, HS-grad,,?,?,?, White,?,,,40.425713, United-States,?
38.579506, Private,,?,,?,?, Husband,?, Male,,,40.425713,?,?
,?,,?,,?, Craft-repair,?,?,?,,,,?,?
, Private,,?,,?, Craft-repair,?,?, Male,,,,?, <=50K
,?,,?,,?,?,?, White, Male,1082.9701,,,?, <=50K
38.579506,?,,?,10.067414,?,?,?,?,?,1082.9701,,,?,?
, Private,, HS-grad,,?,?,?,?,?,1082.9701,,, United-States,?
,?,,?,,?,?,?,?,?,,87.670456,,?,?
38.579506,?,189484.39,?,,?,?,?,?,?,,,,?,?
,?,,?,,?,?,?,?,?,,,,?,?
, Private,, HS-grad,,?,?,?,?,?,,87.670456,,?,?
,?,,?,,?,?,?,?,?,,,,?,?
,?,,?,,?,?, Husband,?,?,,,,?,?
, Private,,?,,?,?,?,?,?,,,,?, <=50K
38.579506,?,,?,,?,?,?, White,?,,,,?,?
,?,, HS-grad,10.067414,?, Craft-repair, Husband, White,?,,,, United-States,?
,?,, HS-grad,,?,?,?,?,?,,87.670456,,?,?
,?,,?,10.067414,?,?, Husband, White, Male,,,,?,?
38.579506,?,,?,,?,?,?,?,?,,87.670456,,?,?
,?,,?,, Married-civ-spouse,?, Husband, White,?,1082.9701,,,?,?
,?,,?,,?, Craft-repair,?, White,?,,,,?,?
,?,,?,,?,?,?,?,?,1082.9701,87.670456,40.425713,?,?
38.579506,?,189484.39,?,,?,?,?,?, Male,,,,?,?
38.579506,?,,?,,?,?,?, White,?,,,,?,?
,?,, HS-grad,,?,?,?,?,?,,,40.425713,?, <=50K
,?,,?,10.067414,?, Craft-repair,?,?,?,,87.670456,, United-States,?
,?,,?,10.067414,?,?,?,?,?,1082.9701,,,?,?
,?,, HS-grad,, Married-civ-spouse,?,?, White,?,,,,?,?
38.579506,?,,?,,?,?,?,?,?,,87.670456,40.425713,?,?
, Private,,?,,?,?,?, White,?,,,,?, <=50K
,?,189484.39,?,,?,?,?,?,?,1082.9701,,,?,?
,?,,?,,?, Craft-repair, Husband, White,?,,,40.425713, United-States,?
,?,,?,,?,?,?,?,?,,,,?,?
,?,,?,,?,?,?,?, Male,,,,?,?
,?,,?,,?, Craft-repair,?,?,?,,,,?,?
, Private,,?,10.067414, Married-civ-spouse,?, Husband,?, Male,,,40.425713,?,?
,?,189484.39, HS-grad,,?,?,?, White,?,1082.9701,,,?, <=50K
,?,,?,,?,?,?,?, Male,,,40.425713,?, <=50K
,?,, HS-grad,,?,?,?,?,?,,87.670456,40.425713,?,?
,?,,?,10.067414,?,?,?,?,?,,,40.425713,?,?
,?,,?,, Married-civ-spouse, Craft-repair,?,?, Male,,87.670456,40.425713,?,?
,?,,?,,?,?,?,?,?,,,,?,?
38.579506,?,,?,,?,?,?,?,?,,,,?,?
38.579506,?,,?,,?,?,?,?,?,,,,?,?
,?,,?,,?,?,?,?, Male,,,40.425713,?,?
,?,,?,,?,?,?,?,?,,,,?,?
,?,,?,,?, Craft-repair, Husband,?, Male,,,40.425713,?,?
,?,,?,10.067414, Married-civ-spouse,?, Husband,?, Male,,,,?,?
,?,189484.39,?,10.067414,?,?,?, White,?,,,,?,?
, Private,, HS-grad,10.067414,?, Craft-repair,?,?,?,,,40.425713,?,?
,?,,?,,?,?,?,?,?,1082.9701,,, United-States,?
,?,,?,10.067414, Married-civ-spouse,?, Husband,?, Male,1082.9701,,, United-States, <=50K
,?,,?,10.067414,?,?,?, White,?,,87.670456,, United-States,?
,?,, HS-grad,,?,?,?,?, Male,,,,?, <=50K
,?,,?,,?,?,?,?,?,,87.670456,,?, <=50K
,?,,?,,?,?, Husband,?,?,,,40.425713,?,?
,?,, HS-grad,10.067414,?,?,?,?, Male,,,,?,?
38.579506,?,,?,,?, Craft-repair,?,?, Male,,,,?, <=50K
38.579506,?,,?,,?,?,?, White,?,,,,?,?
38.579506, Private,, HS-grad,, Married-civ-spouse,?, Husband,?,?,,87.670456,40.425713,?, <=50K
,?,,?,,?,?,?,?,?,,,40.425713,?, <=50K
, Private,,?,,?,?,?, White,?,,,,?,?
38.579506,?,, HS-grad,,?,?,?,?,?,1082.9701,87.670456,, United-States,?
,?,,?,,?,?,?, White,?,,,40.425713,?,?
,?,, HS-grad,10.067414, Married-civ-spouse, Craft-repair,?,?, Male,,,,?, <=50K
38.579506,?,,?,,?,?,?,?, Male,,,,?,?
,?,,?,,?,?,?, White,?,,87.670456,,?,?
, Private,, HS-grad,10.067414, Married-civ-spouse,?,?,?,?,,87.670456,40.425713,?,?
,?,189484.39, HS-grad,,?,?,?,?,?,,87.670456,,?,?
,?,,?,,?,?,?,?,?,,,,?,?
,?,,?,10.067414,?,?,?,?,?,,,,?,?
,?,,?,,?,?,?,?, Male,,,,?,?
,?,, HS-grad,,?,?,?,?, Male,,,,?, <=50K
,?,,?,, Married-civ-spouse, Craft-repair,?,?,?,1082.9701,87.670456,40.425713,?, <=50K
,?,189484.39,?,,?,?,?,?,?,,,, United-States,?
, Private,,?,,?,?,?,?,?,,,,?,?
,?,,?,10.067414,?,?, Husband,?,?,,,,?,?
, Private,,?,,?,?,?,?,?,,,40.425713,?,?
,?,,?,,?,?,?,?, Male,,87.670456,,?,?
,?,,?,10.067414, Married-civ-spouse,?,?,?,?,,,,?,?
,?,,?,, Married-civ-spouse,?, Husband,?, Male,,,,?,?
,?,,?,,?,?,?,?,?,,,,?,?
,?,,?,,?,?,?,?,?,,,40.425713,?,?
,?,,?,,?,?, Husband, White,?,,,40.425713,?, <=50K
, Private,,?,,?, Craft-repair, Husband,?,?,,,, United-States,?
, Private,,?,,?,?, Husband,?,?,1082.9701,,,?,?
,?,,?,,?, Craft-repair,?,?,?,,,,?,?
38.579506,?,,?,,?,?,?,?,?,,87.670456,, United-States,?
38.579506,?,,?,,?,?,?, White,?,,,, United-States,?
,?,,?,,?,?,?, White,?,,,40.425713,?, <=50K
, Private,189484.39, HS-grad,,?,?,?,?,?,,,, United-States,?
38.579506,?,189484.39,?,,?,?,?,?,?,,,, United-States,?
,?,189484.39,?,,?,?,?, White,?,,,,?,?
,?,,?,10.067414,?,?,?,?, Male,,,,?,?
,?,,?,,?,?, Husband,?,?,,,,?,?
, Private,,?,10.067414,?,?,?,?,?,,,40.425713,?,?
,?,,?,,?, Craft-repair,?,?,?,,87.670456,,?,?
, Private,189484.39, HS-grad,,?,?, Husband, White,?,,,,?,?
38.579506,?,,?,10.067414,?,?, Husband,?,?,,,,?,?
38.579506, Private,,?,, Married-civ-spouse,?, Husband,?,?,,,,?,?
38.579506,?,, HS-grad,,?,?,?,?,?,,,,?, <=50K
38.579506,?,,?,,?,?,?,?, Male,1082.9701,87.670456,,?,?
,?,, HS-grad,,?,?,?, White,?,,,,?, <=50K
38.579506,?,,?,,?,?, Husband,?,?,,,40.425713,?,?
,?,189484.39,?,, Married-civ-spouse, Craft-repair,?,?,?,,,40.425713, United-States,?
, Private,,?,,?,?,?,?,?,,87.670456,,?,?
,?,,?,10.067414,?,?,?, White,?,,,, United-States,?
,?,,?,, Married-civ-spouse,?,?, White,?,1082.9701,,,?,?
,?,,?,,?,?, Husband,?,?,,,,?, <=50K
, Private,, HS-grad,,?,?, Husband,?,?,,,,?,?
, Private,, HS-grad,, Married-civ-spouse,?,?, White, Male,,,,?,?
,?,,?,10.067414,?,?,?,?,?,,87.670456,,?,?
,?,,?,10.067414,?, Craft-repair, Husband,?,?,,,,?, <=50K
,?,,?,10.067414, Married-civ-spouse, Craft-repair,?,?, Male,,,40.425713,?,?
,?,189484.39,?,,?,?,?,?, Male,,,, United-States,?
38.579506,?,,?,,?,?,?,?, Male,1082.9701,,,?, <=50K
,?,,?,,?, Craft-repair,?, White, Male,,,, United-States,?
,?,189484.39, HS-grad,,?, Craft-repair, Husband, White,?,,87.670456,,?,?
38.579506,?,,?,,?,?,?,?,?,1082.9701,,40.425713,?,?
,?,,?,,?,?,?,?,?,,,, United-States,?
, Private,,?,,?,?,?,?, Male,,,40.425713,?,?
,?,, HS-grad,,?, Craft-repair,?,?, Male,,87.670456,,?,?
,?,, HS-grad,,?,?,?,?,?,,,,?,?
,?,189484.39,?,10.067414,?,?,?,?,?,,,,?,?
38.579506,?,,?,,?,?, Husband,?,?,,,,?,?
,?,,?,,?, Craft-repair,?, White,?,,87.670456,,?,?
,?,, HS-grad,,?,?,?,?,?,,,,?,?
38.579506,?,189484.39,?,, Married-civ-spouse,?,?,?,?,1082.9701,,,?,?
,?,189484.39,?,, Married-civ-spouse, Craft-repair,?,?,?,,,40.425713, United-States,?
,?,,?,,?,?,?,?,?,,,,?,?
, Private,,?,,?,?, Husband, White,?,,,40.425713,?,?
, Private,,?,,?,?,?,?,?,,,,?,?
38.579506,?,,?,,?,?, Husband,?,?,,,,?,?
,?,,?,,?,?,?, White,?,,,40.425713,?,?
,?,,?,,?, Craft-repair,?,?, Male,,,40.425713, United-States,?
,?,189484.39,?,,?, Craft-repair,?,?,?,,,, United-States,?
,?,189484.39,?,10.067414,?,?,?,?,?,,87.670456,,?,?
,?,,?,10.067414,?,?,?,?,?,,,40.425713,?,?
, Private,,?,,?,?,?,?, Male,,,,?,?
, Private,189484.39,?,10.067414,?,?,?,?,?,1082.9701,,, United-States,?
38.579506,?,189484.39,?,,?,?,?,?,?,1082.9701,,,?,?
,?,,?,,?,?,?, White,?,,,,?,?
,?,, HS-grad,, Married-civ-spouse,?,?,?,?,,,, United-States,?
, Private,,?,,?, Craft-repair, Husband,?,?,1082.9701,87.670456,, United-States, <=50K
,?,189484.39, HS-grad,, Married-civ-spouse,?,?,?,?,,87.670456,,?, <=50K
38.579506,?,,?,,?,?,?,?,?,,,,?, <=50K
38.579506,?,,?,,?,?,?, White,?,,87.670456,,?, <=50K
,?,,?,,?,?,?,?, Male,,,, United-States, <=50K
, Private,,?,, Married-civ-spouse,?,?, White, Male,,,,?,?
,?,,?,, Married-civ-spouse,?,?,?, Male,,,40.425713,?, <=50K
,?,,?,,?,?,?,?,?,1082.9701,,, United-States,?
,?,,?,10.067414, Married-civ-spouse,?,?, White,?,,,, United-States,?
38.579506,?,,?,,?,?, Husband,?,?,,,,?,?
,?,, HS-grad,,?, Craft-repair,?,?,?,,87.670456,,?,?
,?,189484.39,?,10.067414,?, Craft-repair,?,?,?,,,,?,?
38.579506,?,,?,,?,?,?,?, Male,,,,?,?
,?,, HS-grad,,?, Craft-repair,?,?,?,,,40.425713,?,?
,?,189484.39,?,10.067414,?,?,?,?, Male,1082.9701,,,?, <=50K
,?,189484.39,?,10.067414,?,?,?,?, Male,,,,?,?
38.579506,?,,?,,?,?,?,?,?,,,,?,?
, Private,,?,, Married-civ-spouse,?, Husband,?,?,,87.670456,40.425713,?,?
, Private,,?,,?, Craft-repair,?,?,?,,,,?,?
,?,189484.39,?,,?,?,?,?,?,,87.670456,,?,?
38.579506,?,,?,,?,?,?,?,?,,,, United-States,?
,?,, HS-grad,,?, Craft-repair,?,?, Male,,,40.425713,?,?
,?,189484.39, HS-grad,,?,?,?,?,?,,,,?,?
38.579506,?,, HS-grad,,?, Craft-repair,?,?,?,1082.9701,,,?,?
38.579506,?,189484.39,?,,?,?,?,?,?,,,,?,?
38.579506,?,189484.39,?,,?, Craft-repair,?, White,?,1082.9701,,, United-States,?
,?,,?,10.067414,?, Craft-repair,?,?,?,,,,?, <=50K
, Private,,?,10.067414, Married-civ-spouse,?,?,?,?,,,,?, <=50K
, Private,,?,, Married-civ-spouse,?, Husband,?,?,,87.670456,,?, <=50K
,?,,?,,?,?, Husband,?,?,,87.670456,,?, <=50K
,?,189484.39,?,, Married-civ-spouse,?,?,?,?,,,,?,?
38.579506,?,,?,,?,?,?, White,?,,87.670456,,?,?
38.579506,?,, HS-grad,,?,?,?,?,?,,,, United-States, <=50K
,?,, HS-grad,,?,?,?,?,?,1082.9701,,,?, <=50K
38.579506, Private,,?,, Married-civ-spouse,?, Husband,?, Male,,,,?,?
, Private,, HS-grad,, Married-civ-spouse,?,?,?,?,,,40.425713,?,?
,?,,?,,?, Craft-repair,?,?,?,,,,?,?
,?,189484.39,?,,?,?,?,?,?,,,,?, <=50K
,?,,?,,?, Craft-repair,?,?,?,,,,?,?
,?,,?,,?,?,?,?,?,,,,?, <=50K
,?,,?,10.067414, Married-civ-spouse,?,?,?,?,,87.670456,,?,?
38.579506,?,, HS-grad,,?,?, Husband,?,?,,,,?,?
, Private,,?,, Married-civ-spouse,?,?,?,?,,,40.425713,?, <=50K
, Private,,?,10.067414,?,?, Husband,?,?,,,,?,?
,?,189484.39,?,10.067414,?,?,?, White, Male,,,,?,?
38.579506,?,,?,10.067414,?, Craft-repair, Husband,?, Male,,,,?,?
,?,,?,, Married-civ-spouse,?,?,?, Male,,,,?,?
,?,, HS-grad,,?,?, Husband,?, Male,1082.9701,,, United-States,?
, Private,,?,,?, Craft-repair,?,?,?,,,, United-States,?
,?,,?,,?,?,?,?, Male,,,,?,?
,?,,?,,?,?,?, White,?,,,,?,?
, Private,, HS-grad,10.067414,?, Craft-repair,?,?,?,,87.670456,,?,?
,?,,?,,?, Craft-repair,?,?,?,,87.670456,, United-States,?
,?,189484.39,?,,?,?, Husband,?,?,,,, United-States, <=50K
,?,,?,10.067414,?,?,?, White,?,,,40.425713, United-States,?
,?,, HS-grad,,?,?, Husband,?,?,,,,?,?
,?,189484.39,?,10.067414, Married-civ-spouse, Craft-repair,?,?,?,,,, United-States,?
38.579506,?,,?,,?,?, Husband,?,?,,,, United-States,?
,?,,?,,?, Craft-repair,?,?,?,,,,?,?
,?,189484.39,?,,?, Craft-repair,?,?,?,,,,?,?
38.579506,?,,?,10.067414,?,?,?,?,?,,,, United-States,?
,?,,?,10.067414,?,?, Husband, White,?,,,, United-States,?
,?,189484.39,?,, Married-civ-spouse,?,?,?,?,,,40.425713, United-States,?
,?,189484.39,?,, Married-civ-spouse, Craft-repair, Husband,?,?,1082.9701,,40.425713,?,?
,?,,?,,?, Craft-repair,?,?,?,,,, United-States, <=50K
,?,189484.39,?,, Married-civ-spouse, Craft-repair,?,?,?,,,,?,?
,?,189484.39,?,,?,?,?,?,?,,,,?,?
,?,,?,,?, Craft-repair, Husband,?,?,,,,?,?
,?,,?,,?,?, Husband,?,?,,,40.425713, United-States,?
,?,,?,10.067414, Married-civ-spouse, Craft-repair,?,?,?,,,40.425713, United-States, <=50K
,?,189484.39, HS-grad,,?,?, Husband,?,?,,,,?,?
, Private,189484.39,?,,?,?,?,?,?,,,,?,?
38.579506,?,, HS-grad,, Married-civ-spouse,?,?,?,?,,,40.425713, United-States,?
,?,,?,10.067414, Married-civ-spouse, Craft-repair,?,?,?,,,,?,?
,?,189484.39,?,,?,?,?,?, Male,,87.670456,40.425713,?,?
38.579506,?,,?,,?, Craft-repair,?,?,?,,87.670456,,?,?
,?,,?,,?,?,?, White,?,1082.9701,,,?,?
,?,,?,,?,?, Husband,?,?,,,,?,?
,?,,?,,?,?,?,?, Male,,,40.425713,?, <=50K
,?,,?,10.067414,?,?,?,?,?,,,,?,?
,?,189484.39,?,,?,?, Husband,?,?,,87.670456,, United-States,?
,?,,?,,?, Craft-repair,?,?,?,1082.9701,,,?, <=50K
,?,,?,,?,?, Husband, White,?,,87.670456,40.425713,?,?
,?,,?,10.067414, Married-civ-spouse,?,?,?,?,1082.9701,87.670456,, United-States,?
,?,,?,,?,?,?,?,?,,,,?, <=50K
,?,,?,,?,?,?,?,?,1082.9701,,,?,?
38.579506, Private,,?,10.067414,?,?,?,?,?,,87.670456,,?,?
38.579506,?,,?,,?,?, Husband,?,?,,,,?,?
, Private,189484.39,?,,?,?,?,?,?,1082.9701,87.670456,,?,?
38.579506, Private,189484.39,?,10.067414, Married-civ-spouse,?,?,?,?,,,, United-States, <=50K
,?,,?,, Married-civ-spouse, Craft-repair, Husband,?,?,,87.670456,,?,?
,?,,?,, Married-civ-spouse, Craft-repair,?,?,?,,,40.425713,?,?
38.579506,?,,?,10.067414,?,?,?,?,?,,,,?,?
,?,, HS-grad,,?,?,?,?, Male,,87.670456,,?,?
,?,,?,10.067414,?,?,?,?,?,,,, United-States, <=50K
,?,,?,,?,?,?,?,?,,,40.425713, United-States,?
,?,,?,, Married-civ-spouse,?,?,?,?,,,, United-States, <=50K
, Private,,?,10.067414,?,?,?,?, Male,,,40.425713,?,?
,?,189484.39,?,, Married-civ-spouse,?, Husband,?,?,,,40.425713,?,?
,?,,?,,?,?,?,?, Male,,,40.425713,?,?
,?,,?,, Married-civ-spouse, Craft-repair,?, White,?,,,,?,?
,?,,?,,?,?,?,?,?,,,,?, <=50K
, Private,,?,,?,?,?,?, Male,,,,?,?
,?,, HS-grad,,?,?, Husband,?,?,1082.9701,87.670456,,?,?
38.579506,?,,?,10.067414,?,?, Husband, White,?,,,,?,?
,?,,?,, Married-civ-spouse,?,?,?,?,,,40.425713,?,?
, Private,,?,,?,?,?,?,?,,,,?,?
38.579506,?,,?,, Married-civ-spouse,?,?, White,?,,,, United-States,?
,?,,?,,?, Craft-repair,?,?,?,,87.670456,,?,?
,?,,?,10.067414,?,?,?,?,?,,,,?,?
, Private,,?,10.067414,?,?,?,?,?,,,,?,?
,?,,?,, Married-civ-spouse,?, Husband,?,?,,,,?,?
,?,,?,,?,?,?,?,?,1082.9701,,,?, <=50K
, Private,,?,,?,?, Husband,?,?,,,,?,?
, Private,,?,, Married-civ-spouse,?,?,?,?,,87.670456,,?, <=50K
,?,189484.39,?,, Married-civ-spouse,?,?,?,?,1082.9701,,,?,?
38.579506,?,,?,,?,?,?,?,?,,,,?,?
,?,189484.39, HS-grad,,?,?,?,?,?,,87.670456,,?,?
,?,, HS-grad,10.067414,?,?,?,?,?,,,,?,?
,?,,?,,?,?, Husband,?,?,,,,?, <=50K
,?,,?,10.067414,?, Craft-repair,?,?,?,,,, United-States,?
, Private,189484.39,?,, Married-civ-spouse,?,?,?,?,,,,?, <=50K
,?,,?,,?,?,?,?,?,,,, United-States,?
,?,189484.39,?,,?, Craft-repair,?,?,?,,,, United-States,?
,?,,?,,?,?, Husband, White,?,,,,?,?
,?,,?,,?,?,?,?, Male,,87.670456,,?,?
,?,,?,,?,?,?, White, Male,1082.9701,,,?, <=50K
,?,, HS-grad,10.067414,?,?,?,?,?,,,, United-States,?
,?,,?,10.067414, Married-civ-spouse,?,?,?,?,,,,?,?
38.579506,?,, HS-grad,,?, Craft-repair,?,?,?,,,,?,?
,?,,?,,?, Craft-repair,?,?,?,,,,?,?
,?,,?,,?,?,?,?,?,1082.9701,,,?,?
,?,189484.39,?,,?, Craft-repair,?,?,?,,,,?,?
,?,,?,10.067414,?,?,?,?,?,,,,?,?
,?,189484.39,?,,?, Craft-repair,?,?,?,,,,?, <=50K
,?,,?,,?,?, Husband,?,?,,,,?,?
38.579506,?,,?,, Married-civ-spouse,?,?, White,?,,87.670456,, United-States,?
38.579506,?,189484.39,?,,?,?,?,?,?,,,40.425713,?, <=50K
,?,,?,,?,?,?,?, Male,,,,?,?
,?,189484.39,?,,?,?, Husband, White,?,,87.670456,,?,?
,?,,?,,?,?, Husband,?, Male,,87.670456,,?,?
,?,189484.39,?,,?,?,?,?,?,1082.9701,,,?,?
,?,,?,, Married-civ-spouse, Craft-repair, Husband, White,?,,,,?, <=50K
,?,189484.39,?,,?,?,?,?,?,,,,?,?
,?,,?,,?,?,?, White, Male,,,40.425713,?,?
,?,,?,10.067414,?,?,?,?, Male,,,, United-States,?
,?,, HS-grad,,?, Craft-repair,?,?, Male,,,,?,?
,?,,?,10.067414,?,?,?,?,?,,87.670456,40.425713,?,?
,?,, HS-grad,,?,?,?,?,?,,,,?,?
,?,,?,,?,?,?,?,?,1082.9701,,,?,?
38.579506,?,,?,,?,?,?,?,?,,,,?,?
,?,,?,, Married-civ-spouse,?, Husband,?,?,,87.670456,40.425713, United-States,?
, Private,189484.39,?,,?,?,?,?,?,1082.9701,,, United-States,?
, Private,,?,,?,?,?,?,?,,,,?,?
38.579506, Private,,?,,?,?,?,?, Male,,,40.425713,?,?
, Private,,?,,?,?,?, White,?,,,,?, <=50K
, Private,,?,,?,?,?,?,?,,,,?,?
38.579506,?,, HS-grad,,?,?, Husband,?,?,,,, United-States, <=50K
,?,189484.39, HS-grad,,?,?,?,?,?,,,,?,?
38.579506,?,189484.39, HS-grad,,?,?,?,?, Male,,,,?,?
,?,,?,10.067414,?, Craft-repair,?,?, Male,1082.9701,87.670456,,?,?
,?,, HS-grad,10.067414,?,?,?,?,?,1082.9701,87.670456,,?,?
,?,,?,10.067414,?,?,?,?,?,1082.9701,,,?,?
,?,,?,,?,?,?, White,?,,,,?,?
38.579506,?,,?,,?,?,?, White,?,1082.9701,87.670456,40.425713, United-States,?
, Private,,?,,?,?,?, White,?,,,,?,?
,?,, HS-grad,,?,?,?, White,?,,,,?,?
,?,,?,,?,?,?,?,?,,,,?,?
,?,,?,10.067414, Married-civ-spouse, Craft-repair,?,?,?,,,,?, <=50K
38.579506,?,,?,,?, Craft-repair,?,?,?,,,,?,?
38.579506,?,,?,,?,?, Husband, White,?,,,40.425713,?,?
,?,,?,,?,?,?,?,?,,,,?, <=50K
,?,189484.39, HS-grad,, Married-civ-spouse,?,?,?,?,,,, United-States,?
, Private,,?,, Married-civ-spouse,?,?,?,?,,,,?,?
,?,,?,, Married-civ-spouse,?,?,?,?,,,,?, <=50K
, Private,,?,10.067414,?,?,?,?,?,,,40.425713,?, <=50K
38.579506,?,,?,,?,?, Husband,?, Male,,,,?,?
, Private,189484.39,?,,?,?, Husband,?, Male,,,40.425713, United-States,?
,?,,?,,?,?,?,?, Male,,87.670456,,?,?
,?,,?,,?, Craft-repair,?,?, Male,1082.9701,,,?,?
,?,,?,,?,?,?,?, Male,1082.9701,,,?, <=50K
, Private,,?,,?,?, Husband,?,?,,,,?,?
,?,189484.39, HS-grad,10.067414,?,?,?, White,?,,,,?,?
38.579506,?,, HS-grad,,?,?, Husband,?,?,,87.670456,40.425713,?,?
,?,,?,,?,?,?, White, Male,,,,?,?
38.579506,?,,?,,?,?,?, White, Male,,87.670456,,?,?
,?,189484.39, HS-grad,,?,?, Husband,?, Male,,,40.425713,?,?
,?,,?,, Married-civ-spouse,?,?, White,?,,,,?,?
38.579506,?,, HS-grad,, Married-civ-spouse,?,?,?, Male,1082.9701,,,?, <=50K
,?,,?,,?,?,?,?, Male,,87.670456,,?,?
,?,,?,10.067414,?,?, Husband,?,?,,87.670456,, United-States, <=50K
38.579506, Private,189484.39,?,10.067414,?,?,?,?,?,,,, United-States,?
, Private,,?,,?, Craft-repair,?,?,?,,,,?,?
,?,,?,,?,?,?,?,?,,,, United-States,?
, Private,,?,,?,?,?, White, Male,1082.9701,87.670456,,?,?
, Private,,?,,?,?,?, White,?,,,,?, <=50K
, Private,189484.39,?,,?,?,?,?,?,,,,?,?
,?,,?,,?,?,?,?,?,,,40.425713,?, <=50K
,?,, HS-grad,,?,?, Husband, White,?,,,40.425713,?, <=50K
,?,,?,, Married-civ-spouse, Craft-repair,?,?,?,,87.670456,,?,?
,?,189484.39,?,,?, Craft-repair,?,?, Male,,,,?,?
,?,189484.39, HS-grad,,?,?,?,?,?,1082.9701,87.670456,40.425713,?, <=50K
,?,, HS-grad,, Married-civ-spouse,?,?, White, Male,,,40.425713,?,?
,?,,?,,?,?,?,?,?,1082.9701,,,?,?
, Private,,?,,?,?, Husband,?,?,,,,?,?
38.579506, Private,,?,,?, Craft-repair,?,?, Male,,87.670456,,?, <=50K
,?,,?,,?,?,?,?,?,,87.670456,,?,?
, Private,,?,10.067414, Married-civ-spouse,?,?,?, Male,,,,?,?
, Private,,?,10.067414,?,?, Husband,?,?,,,, United-States,?
,?,,?,,?,?,?, White,?,1082.9701,,,?,?
38.579506,?,,?,, Married-civ-spouse, Craft-repair, Husband,?, Male,,87.670456,, United-States,?
38.579506,?,,?,,?,?,?,?,?,,,,?,?
38.579506,?,,?,,?, Craft-repair,?,?,?,,,,?, <=50K
,?,,?,,?,?,?,?, Male,,,,?,?
,?,,?,10.067414, Married-civ-spouse,?,?,?, Male,,,,?,?
,?,,?,,?,?, Husband,?,?,,,,?,?
38.579506,?,,?,,?, Craft-repair,?, White,?,1082.9701,,,?,?
, Private,189484.39,?,10.067414, Married-civ-spouse,?,?,?,?,,,,?,?
38.579506, Private,,?,10.067414,?, Craft-repair,?,?,?,,,40.425713, United-States,?
,?,,?,,?,?,?,?, Male,,,, United-States,?
,?,,?,,?,?, Husband,?,?,1082.9701,,,?,?
,?,, HS-grad,,?,?,?,?, Male,1082.9701,,, United-States,?
,?,,?,,?,?,?,?,?,,,,?, <=50K
38.579506, Private,,?,,?,?,?,?,?,,,, United-States,?
38.579506, Private,189484.39,?,,?,?,?,?,?,,,40.425713,?,?
38.579506,?,,?,,?, Craft-repair,?,?,?,1082.9701,87.670456,40.425713,?,?
,?,, HS-grad,10.067414,?,?,?,?,?,,,40.425713, United-States, <=50K
, Private,,?,, Married-civ-spouse,?,?,?, Male,,,, United-States, <=50K
, Private,,?,10.067414,?, Craft-repair,?,?,?,,87.670456,,?,?
,?,, HS-grad,,?,?,?,?, Male,1082.9701,87.670456,,?, <=50K
,?,,?,,?,?,?, White,?,,,,?,?
, Private,,?,,?,?,?,?,?,,87.670456,, United-States,?
, Private,,?,10.067414,?,?,?,?,?,1082.9701,,,?, <=50K
, Private,189484.39,?,,?,?,?, White,?,,,,?,?
38.579506,?,189484.39,?,,?,?,?,?,?,1082.9701,,, United-States, <=50K
, Private,,?,10.067414,?,?, Husband, White, Male,,,,?,?
38.579506,?,189484.39,?,,?,?,?, White,?,,,,?,?
38.579506,?,,?,,?, Craft-repair,?,?,?,,,40.425713, United-States,?
,?,,?,,?,?,?,?,?,1082.9701,87.670456,,?,?
,?,,?,,?, Craft-repair, Husband,?, Male,,,40.425713,?,?
,?,, HS-grad,, Married-civ-spouse,?,?,?,?,,,,?,?
,?,,?,,?,?,?,?,?,1082.9701,,,?,?
,?,,?,10.067414,?,?, Husband,?, Male,,,, United-States,?
,?,,?,10.067414,?, Craft-repair, Husband,?,?,1082.9701,,40.425713,?,?
38.579506,?,189484.39,?,, Married-civ-spouse,?,?,?,?,,87.670456,,?,?
,?,, HS-grad,,?,?, Husband,?, Male,,,40.425713,?,?
, Private,189484.39,?,,?,?,?, White,?,,,,?,?
,?,189484.39, HS-grad,, Married-civ-spouse,?,?, White,?,,,, United-States,?
,?,,?,,?,?,?,?, Male,,,40.425713, United-States,?
,?,, HS-grad,10.067414,?,?, Husband, White,?,,,,?,?
,?,,?,, Married-civ-spouse,?,?,?,?,1082.9701,,,?,?
,?,,?,,?,?,?,?,?,,,,?, <=50K
,?,,?,10.067414,?,?, Husband,?,?,,87.670456,,?,?
,?,, HS-grad,,?, Craft-repair,?, White,?,1082.9701,,,?,?
,?,,?,, Married-civ-spouse,?,?, White,?,,,,?, <=50K
, Private,189484.39,?,,?,?,?,?, Male,1082.9701,,40.425713,?,?
,?,,?,, Married-civ-spouse,?,?, White,?,,87.670456,,?, <=50K
,?,, HS-grad,10.067414,?,?,?,?, Male,,,,?,?
38.579506,?,,?,, Married-civ-spouse,?,?, White, Male,1082.9701,,,?, <=50K
,?,, HS-grad,,?, Craft-repair,?,?,?,,,,?,?
,?,,?,,?, Craft-repair,?,?, Male,1082.9701,,,?, <=50K
,?,,?,10.067414,?,?,?,?,?,,,,?,?
38.579506, Private,,?,,?,?,?,?,?,,,,?,?
38.579506,?,, HS-grad,10.067414, Married-civ-spouse,?,?,?,?,1082.9701,,40.425713, United-States,?
,?,, HS-grad,,?,?,?,?, Male,,,,?,?
38.579506,?,,?,,?, Craft-repair, Husband,?,?,,,40.425713,?,?
,?,,?,,?,?, Husband, White,?,,,, United-States,?
, Private,, HS-grad,,?,?,?,?,?,,,40.425713, United-States,?
, Private,189484.39,?,,?,?, Husband,?,?,,,,?,?
, Private,,?,10.067414, Married-civ-spouse,?,?,?, Male,,,,?,?
,?,,?,,?,?,?,?, Male,,,,?,?
,?,,?,,?,?,?,?,?,,,,?,?
,?,,?,10.067414, Married-civ-spouse,?,?, White,?,,87.670456,,?, <=50K
, Private,189484.39, HS-grad,,?,?,?,?,?,,,40.425713,?,?
,?,189484.39, HS-grad,, Married-civ-spouse,?, Husband, White,?,,87.670456,,?,?
,?,,?,,?,?,?,?,?,,,,?,?
38.579506, Private,, HS-grad,10.067414,?,?,?,?,?,,,,?,?
,?,189484.39,?,10.067414, Married-civ-spouse,?, Husband, White,?,,,,?,?
38.579506, Private,,?,,?,?,?,?,?,,87.670456,,?,?
,?,,?,,?,?,?,?,?,,,,?,?
,?,,?,,?,?,?,?, Male,,,,?,?
,?,,?,,?,?,?,?, Male,,,40.425713,?,?
, Private,,?,,?,?,?,?,?,,,,?,?
,?,189484.39,?,,?,?,?,?,?,,,,?,?
, Private,,?,, Married-civ-spouse,?,?,?,?,,,,?,?
, Private,, HS-grad,, Married-civ-spouse, Craft-repair,?,?,?,,,,?,?
38.579506,?,,?,,?,?,?,?,?,,87.670456,,?,?
,?,,?,,?,?,?, White, Male,1082.9701,,40.425713,?,?
38.579506,?,, HS-grad,,?, Craft-repair,?,?,?,,,40.425713,?,?
, Private,,?,10.067414, Married-civ-spouse, Craft-repair,?,?, Male,,,40.425713,?,?
,?,,?,,?, Craft-repair,?, White,?,1082.9701,87.670456,,?, <=50K
,?,,?,,?,?,?,?, Male,,,, United-States,?
,?,,?,, Married-civ-spouse,?, Husband,?,?,,,,?,?
,?,,?,10.067414,?,?,?,?,?,,,, United-States,?
38.579506,?,,?,10.067414,?,?, Husband,?,?,,,,?,?
38.579506,?,,?,,?,?,?,?,?,,,,?,?
,?,189484.39,?,,?, Craft-repair,?,?,?,,87.670456,,?,?
38.579506,?,,?,,?,?,?,?,?,,,,?,?
,?,,?,,?, Craft-repair,?, White,?,,,,?,?
,?,,?,,?,?,?, White,?,,,, United-States,?
38.579506,?,, HS-grad,,?,?,?, White, Male,,87.670456,,?,?
38.579506, Private,,?,,?, Craft-repair,?,?,?,1082.9701,,,?,?
38.579506,?,,?,,?,?,?,?,?,,87.670456,40.425713,?, <=50K
38.579506,?,189484.39,?,,?,?,?,?,?,,,,?, <=50K
,?,,?,,?,?,?, White,?,,,,?,?
38.579506,?,,?,,?, Craft-repair,?,?,?,,,,?,?
, Private,,?,,?,?,?,?,?,,,,?,?
,?,,?,10.067414,?,?, Husband,?,?,,,40.425713,?,?
,?,, HS-grad,10.067414,?, Craft-repair, Husband,?,?,1082.9701,87.670456,40.425713,?,?
,?,,?,,?,?,?,?, Male,1082.9701,87.670456,, United-States,?
,?,,?,,?,?,?,?,?,,,,?,?
,?,,?,,?, Craft-repair,?, White,?,,,40.425713, United-States,?
,?,189484.39,?,, Married-civ-spouse, Craft-repair,?,?,?,1082.9701,,,?,?
,?,,?,,?,?,?, White, Male,,,,?,?
,?,,?,,?,?,?,?,?,,,, United-States,?
, Private,,?,,?,?,?,?,?,,,, United-States,?
,?,,?,10.067414,?, Craft-repair, Husband,?,?,,,,?, <=50K
, Private,,?,,?,?, Husband,?, Male,,,40.425713, United-States,?
,?,, HS-grad,,?,?,?, White,?,,,40.425713,?, <=50K
,?,,?,,?, Craft-repair,?,?,?,,,,?,?
,?,,?,,?,?,?,?,?,,,,?, <=50K
,?,, HS-grad,,?,?,?, White,?,1082.9701,,,?,?
,?,, HS-grad,,?, Craft-repair,?,?,?,,,, United-States,?
,?,,?,,?, Craft-repair,?,?,?,,,, United-States,?
,?,,?,10.067414,?,?,?,?,?,,,40.425713,?,?
,?,,?,10.067414,?,?,?,?,?,,,,?,?
,?,189484.39, HS-grad,,?,?, Husband,?,?,,,40.425713,?,?
, Private,, HS-grad,,?,?,?,?,?,,,,?,?
,?,, HS-grad,,?, Craft-repair,?, White,?,,87.670456,40.425713, United-States, <=50K
,?,,?,,?, Craft-repair,?,?,?,,,40.425713,?,?
38.579506,?,,?,,?,?,?,?,?,,87.670456,,?,?
,?,189484.39,?,,?,?, Husband,?, Male,,,, United-States,?
,?,,?,10.067414,?,?,?,?,?,,,, United-States,?
,?,,?,, Married-civ-spouse,?,?, White,?,,,, United-States,?
,?,, HS-grad,, Married-civ-spouse,?,?,?,?,1082.9701,,,?,?
38.579506,?,,?,,?,?,?,?,?,,,, United-States,?
38.579506,?,,?,,?,?,?,?,?,,,,?,?
,?,189484.39,?,,?,?,?,?, Male,,,,?,?
38.579506,?,189484.39,?,,?,?,?,?,?,,,, United-States,?
, Private,189484.39, HS-grad,,?,?,?, White,?,,,, United-States,?
,?,,?,, Married-civ-spouse,?,?,?,?,1082.9701,,,?, <=50K
38.579506,?,,?,,?, Craft-repair,?,?,?,1082.9701,,,?,?
38.579506,?,,?,,?,?,?,?,?,,,,?,?
,?,189484.39,?,10.067414,?,?, Husband,?,?,,,,?, <=50K
,?,, HS-grad,, Married-civ-spouse,?,?,?,?,,87.670456,40.425713, United-States, <=50K
38.579506,?,, HS-grad,,?,?,?,?,?,,,,?,?
,?,,?,,?,?,?,?,?,,,, United-States,?
, Private,,?,,?,?, Husband,?,?,,87.670456,,?, <=50K
38.579506,?,189484.39,?,,?, Craft-repair,?,?,?,,87.670456,,?, <=50K
,?,,?,, Married-civ-spouse,?,?, White,?,1082.9701,,,?,?
,?,189484.39,?,,?,?,?,?,?,,,40.425713,?,?
,?,,?,10.067414,?,?,?, White,?,,,,?,?
,?,,?,,?, Craft-repair,?,?,?,,,,?,?
38.579506, Private,,?,,?, Craft-repair,?, White,?,,,, United-States,?
,?,,?,10.067414, Married-civ-spouse, Craft-repair,?,?,?,,,,?,?
,?,,?,,?,?,?,?,?,,,,?,?
,?,,?,,?,?,?,?,?,,,, United-States,?
,?,,?,,?,?,?,?,?,,,,?,?
, Private,,?,,?,?, Husband,?,?,,87.670456,40.425713,?, <=50K
, Private,,?,10.067414, Married-civ-spouse, Craft-repair,?,?,?,1082.9701,,40.425713,?, <=50K
38.579506,?,,?,,?,?,?, White,?,,,,?,?
, Private,,?,,?,?,?,?,?,1082.9701,,,?,?
, Private,,?,,?, Craft-repair, Husband,?,?,,,,?,?
,?,,?,10.067414,?,?,?,?, Male,1082.9701,,,?,?
,?,, HS-grad,,?,?,?, White,?,,,40.425713,?,?
,?,,?,,?,?, Husband,?,?,,,,?,?
,?,,?,,?,?,?, White, Male,,,40.425713,?,?
,?,,?,,?,?,?,?,?,,,,?,?
,?,,?,,?,?,?,?,?,1082.9701,,, United-States,?
,?,, HS-grad,,?,?,?,?,?,,,, United-States,?
,?,,?,10.067414,?, Craft-repair,?,?, Male,1082.9701,87.670456,,?,?
, Private,,?,,?,?, Husband,?,?,1082.9701,,,?, <=50K
,?,,?,,?,?,?,?,?,,87.670456,40.425713, United-States,?
,?,,?,,?,?,?,?, Male,,,,?,?
38.579506, Private,, HS-grad,,?,?, Husband,?,?,1082.9701,,,?, <=50K
,?,189484.39,?,,?,?, Husband,?, Male,,,40.425713, United-States,?
, Private,,?,,?,?,?,?,?,,,,?, <=50K
,?,189484.39,?,,?,?,?,?,?,,,, United-States,?
,?,,?,10.067414,?,?,?,?,?,1082.9701,,,?,?
,?,,?,,?,?,?,?,?,,,,?,?
,?,, HS-grad,,?,?, Husband, White, Male,,,,?,?
, Private,, HS-grad,,?,?,?, White,?,1082.9701,,40.425713, United-States,?
,?,,?,,?,?,?,?,?,1082.9701,,,?, <=50K
,?,189484.39, HS-grad,,?, Craft-repair,?,?,?,,,,?, <=50K
,?,,?,10.067414,?,?,?, White,?,,87.670456,,?,?
, Private,189484.39,?,10.067414,?, Craft-repair,?, White,?,1082.9701,,, United-States,?
,?,189484.39,?,,?, Craft-repair,?,?,?,,,40.425713,?, <=50K
, Private,,?,10.067414,?,?, Husband,?,?,,,,?,?
,?,,?,,?,?,?,?,?,,,,?,?
,?,,?,, Married-civ-spouse,?,?,?, Male,,87.670456,,?,?
,?,,?,10.067414,?, Craft-repair,?,?,?,1082.9701,87.670456,,?, <=50K
,?,,?,10.067414, Married-civ-spouse,?,?,?, Male,1082.9701,,40.425713,?,?
38.579506,?,189484.39, HS-grad,10.067414,?,?,?,?, Male,,,, United-States,?
,?,189484.39,?,10.067414,?,?, Husband,?,?,,,40.425713,?,?
,?,189484.39,?,,?,?,?,?, Male,,,,?,?
,?,189484.39,?,, Married-civ-spouse,?,?, White,?,,,,?,?
,?,189484.39, HS-grad,, Married-civ-spouse,?, Husband,?,?,,,,?,?
, Private,,?,,?, Craft-repair,?,?,?,,87.670456,,?,?
,?,, HS-grad,,?,?,?,?,?,,,40.425713,?,?
38.579506,?,,?,,?,?,?,?,?,,,,?,?
,?,,?,10.067414,?,?,?,?,?,,,,?,?
,?,,?,,?,?, Husband,?, Male,,,40.425713,?,?
,?,,?,,?, Craft-repair,?,?,?,,,,?,?
, Private,,?,,?,?, Husband,?,?,1082.9701,,,?, <=50K
,?,,?,,?,?,?, White,?,,,, United-States,?
, Private,,?,, Married-civ-spouse,?, Husband, White,?,,,,?,?
,?,,?,,?,?,?, White, Male,,,, United-States, <=50K
,?,,?,,?,?,?,?,?,,,,?,?
,?,,?,,?,?,?,?,?,1082.9701,,40.425713,?,?
,?,, HS-grad,,?, Craft-repair,?,?,?,,,,?,?
,?,189484.39,?,,?,?,?,?,?,,,, United-States,?
38.579506,?,,?,,?,?, Husband,?, Male,,,,?,?
,?,,?,,?,?, Husband,?,?,,,,?,?
,?,189484.39,?,, Married-civ-spouse,?,?, White,?,,,,?, <=50K
, Private,, HS-grad,,?,?,?,?, Male,1082.9701,,,?, <=50K
,?,, HS-grad,10.067414,?,?,?,?,?,1082.9701,,,?,?
,?,, HS-grad,, Married-civ-spouse,?,?,?,?,,,, United-States,?
,?,,?,, Married-civ-spouse,?,?,?,?,,,,?,?
,?,189484.39,?,10.067414, Married-civ-spouse,?,?,?, Male,,,,?,?
,?,189484.39,?,,?,?,?,?,?,,,,?,?
,?,,?,,?,?,?,?,?,,,40.425713,?,?
38.579506,?,,?,,?,?,?,?,?,,,40.425713,?,?
, Private,189484.39, HS-grad,,?,?,?,?, Male,,,,?,?
, Private,189484.39,?,,?,?,?,?, Male,1082.9701,87.670456,40.425713,?,?
,?,, HS-grad,10.067414,?,?,?,?, Male,,87.670456,,?,?
, Private,, HS-grad,,?,?, Husband,?,?,,,40.425713,?,?
,?,189484.39,?,,?,?,?,?,?,,,,?,?
,?,,?,,?,?,?,?,?,1082.9701,,, United-States, <=50K
, Private,,?,,?,?,?,?,?,,,,?,?
, Private,, HS-grad,,?,?, Husband,?,?,,,,?,?
, Private,189484.39,?,10.067414, Married-civ-spouse,?,?,?, Male,,87.670456,40.425713,?,?
,?,,?,,?,?,?,?,?,1082.9701,,40.425713,?,?
,?,,?,,?, Craft-repair,?,?,?,,,,?,?
38.579506, Private,,?,10.067414,?,?,?,?,?,,87.670456,,?,?
, Private,,?,,?,?, Husband,?,?,,,,?,?
,?,189484.39,?,,?, Craft-repair,?,?,?,,,,?,?
,?,,?,,?,?,?,?,?,,,, United-States,?
, Private,,?,,?,?, Husband, White,?,1082.9701,,,?, <=50K
38.579506,?,189484.39,?,10.067414, Married-civ-spouse,?,?,?,?,,,,?, <=50K
38.579506, Private,, HS-grad,,?,?,?,?,?,,,,?,?
,?,,?,, Married-civ-spouse,?, Husband,?, Male,,,,?,?
,?,,?,10.067414, Married-civ-spouse,?,?, White,?,,87.670456,,?,?
, Private,189484.39, HS-grad,,?,?, Husband,?,?,,,,?, <=50K
, Private,, HS-grad,,?,?, Husband,?,?,,,, United-States,?
,?,,?,,?,?,?,?,?,1082.9701,,,?,?
,?,189484.39,?,,?,?, Husband,?,?,,,, United-States,?
,?,,?,,?,?, Husband,?,?,,,40.425713, United-States,?
,?,,?,,?,?,?,?,?,,,,?,?
, Private,,?,,?,?,?,?,?,,87.670456,, United-States,?
, Private,,?,10.067414,?,?,?, White,?,,,,?,?
,?,, HS-grad,, Married-civ-spouse,?,?,?,?,1082.9701,,,?, <=50K
38.579506,?,189484.39,?,,?,?,?,?,?,,87.670456,,?,?
,?,,?,,?,?,?, White,?,,,, United-States,?
,?,,?,,?,?, Husband, White, Male,,,40.425713, United-States,?
,?,,?,,?, Craft-repair, Husband,?,?,1082.9701,,, United-States,?
,?,,?,,?,?, Husband,?,?,,,,?,?
38.579506,?,, HS-grad,10.067414,?,?,?,?, Male,,87.670456,,?,?
, Private,189484.39,?,10.067414,?,?,?,?,?,,87.670456,40.425713,?,?
, Private,,?,,?,?,?, White,?,1082.9701,,,?,?
,?,189484.39,?,,?,?, Husband,?,?,,87.670456,, United-States, <=50K
, Private,,?,10.067414, Married-civ-spouse, Craft-repair,?,?,?,,,,?,?
,?,,?,,?,?,?,?,?,,,,?,?
,?,,?,,?, Craft-repair,?,?,?,,,,?,?
,?,,?,,?,?,?,?,?,,,,?,?
,?,,?,,?,?,?,?, Male,1082.9701,87.670456,,?,?
38.579506,?,, HS-grad,,?,?,?,?,?,,,,?,?
38.579506,?,,?,,?,?,?,?,?,,,,?, <=50K
,?,,?,10.067414,?,?,?,?,?,,,,?,?
,?,189484.39,?,,?,?,?,?,?,1082.9701,,,?,?
38.579506,?,,?,,?,?,?,?,?,1082.9701,,,?,?
,?,,?,,?, Craft-repair,?, White,?,1082.9701,,, United-States,?
,?,, HS-grad,, Married-civ-spouse,?,?,?,?,,,, United-States,?
,?,,?,,?,?,?,?,?,,,,?,?
,?,189484.39,?,, Married-civ-spouse,?,?,?,?,,,,?, <=50K
,?,,?,,?,?,?,?,?,,,, United-States,?
, Private,, HS-grad,,?, Craft-repair,?,?,?,,,40.425713,?,?
,?,,?,, Married-civ-spouse,?,?,?,?,,,,?,?
,?,189484.39, HS-grad,,?,?, Husband,?,?,1082.9701,,,?,?
,?,,?,, Married-civ-spouse,?,?,?,?,,,, United-States,?
,?,,?,,?,?,?, White, Male,,,,?,?
,?,,?,,?,?, Husband, White,?,,,,?,?
,?,,?,,?,?,?,?, Male,,,40.425713,?,?
,?,,?,,?, Craft-repair,?,?,?,,,,?,?
,?,,?,,?, Craft-repair,?,?,?,,,,?,?
38.579506,?,,?,,?,?,?, White,?,,87.670456,,?,?
,?,,?,,?,?,?,?,?,,,40.425713, United-States,?
,?,,?,,?, Craft-repair,?,?,?,,,,?, <=50K
38.579506,?,,?,,?,?,?,?,?,,,,?,?
, Private,,?,,?,?, Husband, White, Male,1082.9701,,,?,?
,?,,?,, Married-civ-spouse,?,?,?,?,,,40.425713,?,?
, Private,,?,, Married-civ-spouse,?, Husband,?,?,,,,?,?
, Private,,?,,?,?, Husband,?,?,,,40.425713,?,?
,?,,?,,?,?,?,?, Male,,,, United-States,?
,?,, HS-grad,,?, Craft-repair,?,?,?,,,,?,?
,?,, HS-grad,, Married-civ-spouse, Craft-repair, Husband,?,?,,,, United-States,?
,?,,?,,?,?,?,?,?,,,,?,?
,?,,?,,?,?,?,?, Male,,,40.425713, United-States, <=50K
,?,,?,,?,?,?,?,?,,,,?,?
,?,,?,,?,?,?,?,?,,,,?,?
38.579506,?,,?,,?,?, Husband,?, Male,1082.9701,,, United-States,?
38.579506, Private,,?,,?,?,?,?,?,,,,?,?
, Private,,?,, Married-civ-spouse,?,?,?,?,,,,?,?
,?,, HS-grad,, Married-civ-spouse,?,?, White,?,1082.9701,,,?,?
38.579506, Private,,?,10.067414,?,?,?,?,?,,,, United-States,?
38.579506,?,,?,,?,?,?,?,?,1082.9701,,,?,?
,?,,?,, Married-civ-spouse,?,?,?, Male,,,,?,?
,?,,?,,?,?, Husband,?,?,1082.9701,,, United-States,?
,?,,?,,?, Craft-repair,?,?,?,,,40.425713,?,?
38.579506,?,,?,,?, Craft-repair, Husband, White, Male,,87.670456,,?,?
,?,, HS-grad,10.067414,?,?, Husband,?, Male,,,,?, <=50K
,?,189484.39,?,,?,?,?,?,?,,,40.425713,?, <=50K
,?,,?,,?,?, Husband,?,?,,,,?,?
38.579506, Private,, HS-grad,,?,?,?,?,?,,,,?,?
38.579506,?,,?,10.067414,?,?,?, White,?,,,,?,?
,?,,?,, Married-civ-spouse, Craft-repair,?,?,?,,,40.425713,?, <=50K
,?,,?,,?,?,?,?, Male,,,,?,?
38.579506,?,,?,,?,?,?,?,?,,,40.425713,?,?
,?,189484.39,?,,?,?,?, White,?,,,,?,?
,?,189484.39,?,,?, Craft-repair, Husband,?,?,,,,?,?
,?,, HS-grad,, Married-civ-spouse,?,?,?, Male,,,,?,?
,?,, HS-grad,,?,?, Husband,?, Male,,,, United-States,?
,?,,?,, Married-civ-spouse, Craft-repair,?,?,?,,87.670456,40.425713, United-States,?
,?,, HS-grad,, Married-civ-spouse,?,?, White,?,,,,?,?
38.579506,?,189484.39, HS-grad,, Married-civ-spouse,?,?, White,?,,,,?,?
, Private,,?,,?, Craft-repair,?,?,?,,,40.425713,?,?
38.579506, Private,,?,,?,?,?, White,?,,87.670456,40.425713,?,?
,?,, HS-grad,,?,?,?,?, Male,,,,?, <=50K
38.579506,?,,?,,?,?,?,?,?,,,,?,?
38.579506,?,,?,,?,?, Husband,?,?,,87.670456,,?,?
,?,,?,, Married-civ-spouse,?,?,?,?,,87.670456,,?,?
,?,,?,,?,?,?,?, Male,,,,?,?
,?,,?,,?,?,?,?,?,1082.9701,87.670456,,?,?
,?,,?,,?, Craft-repair,?, White,?,,,, United-States,?
, Private,,?,,?,?,?, White,?,,,,?,?
,?,, HS-grad,,?, Craft-repair,?,?,?,,,,?,?
,?,,?,10.067414,?, Craft-repair,?,?,?,1082.9701,,,?,?
,?,,?,,?, Craft-repair,?,?, Male,1082.9701,87.670456,,?,?
, Private,,?,10.067414, Married-civ-spouse,?, Husband,?,?,,,,?,?
38.579506,?,, HS-grad,,?,?,?,?,?,,,,?,?
,?,,?,, Married-civ-spouse,?,?,?, Male,1082.9701,,40.425713,?, <=50K
, Private,,?,,?,?,?, White,?,1082.9701,87.670456,,?,?
,?,,?,10.067414,?,?,?, White,?,1082.9701,,, United-States, <=50K
,?,,?,,?,?,?,?,?,,,40.425713, United-States, <=50K
38.579506,?,, HS-grad,,?,?, Husband,?, Male,,,,?,?
38.579506,?,,?,,?,?,?, White,?,,,, United-States,?
,?,,?,, Married-civ-spouse, Craft-repair, Husband,?,?,,87.670456,,?,?
38.579506,?,189484.39, HS-grad,, Married-civ-spouse,?,?,?,?,,87.670456,40.425713, United-States, <=50K
,?,189484.39, HS-grad,10.067414,?,?,?,?,?,1082.9701,87.670456,40.425713,?,?
,?,, HS-grad,, Married-civ-spouse,?,?,?,?,,,,?,?
,?,,?,10.067414,?, Craft-repair,?,?,?,,,,?,?
,?,,?,,?,?, Husband,?,?,1082.9701,,40.425713,?,?
,?,189484.39,?,,?,?,?,?,?,1082.9701,87.670456,,?,?
38.579506,?,,?,,?,?,?,?, Male,,87.670456,,?,?
, Private,,?,,?,?,?,?, Male,,,40.425713, United-States,?
, Private,,?,,?, Craft-repair,?, White,?,,87.670456,, United-States,?
,?,,?,10.067414,?,?,?,?,?,,,, United-States,?
38.579506,?,189484.39,?,,?,?, Husband,?, Male,,,40.425713,?,?
,?,, HS-grad,10.067414,?,?,?,?,?,,87.670456,,?,?
38.579506,?,189484.39,?,,?,?,?,?,?,1082.9701,,,?,?
, Private,,?,,?,?,?,?,?,,87.670456,,?,?
38.579506,?,189484.39,?,,?,?,?,?,?,,,,?,?
, Private,,?,,?,?,?,?,?,,,,?,?
38.579506,?,189484.39,?,,?,?, Husband,?,?,,,,?,?
38.579506,?,,?,,?,?,?,?, Male,,,40.425713, United-States,?
,?,,?,10.067414,?, Craft-repair,?,?,?,1082.9701,87.670456,,?,?
, Private,,?,10.067414, Married-civ-spouse,?,?,?,?,1082.9701,,,?,?
38.579506,?,189484.39,?,, Married-civ-spouse,?,?,?,?,,,,?,?
,?,,?,, Married-civ-spouse,?,?,?,?,,87.670456,,?, <=50K
,?,,?,,?,?, Husband,?, Male,1082.9701,,40.425713, United-States,?
,?,,?,, Married-civ-spouse,?,?, White,?,,87.670456,40.425713,?,?
, Private,, HS-grad,10.067414,?,?,?,?,?,,,, United-States,?
38.579506,?,,?,,?,?, Husband,?,?,,,,?,?
38.579506,?,,?,,?,?,?,?,?,,,, United-States,?
38.579506,?,, HS-grad,, Married-civ-spouse,?,?,?,?,1082.9701,,, United-States,?
,?,,?,10.067414, Married-civ-spouse,?, Husband,?,?,,,, United-States,?
,?,, HS-grad,,?,?,?,?,?,,,, United-States,?
,?,189484.39, HS-grad,10.067414, Married-civ-spouse,?,?,?,?,,,,?,?
, Private,,?,,?,?,?,?,?,1082.9701,,, United-States, <=50K
,?,,?,,?,?, Husband,?,?,,,40.425713,?,?
, Private,,?,,?,?,?,?,?,,,,?,?
,?,189484.39, HS-grad,10.067414,?,?,?,?,?,,,,?,?
,?,,?,10.067414,?,?,?, White,?,1082.9701,,, United-States,?
, Private,,?,,?,?,?, White,?,,,,?,?
,?,,?,,?,?,?,?, Male,,87.670456,40.425713,?,?
, Private,, HS-grad,10.067414,?, Craft-repair,?,?,?,1082.9701,,40.425713,?,?
,?,,?,,?,?,?,?,?,,,,?,?
, Private,, HS-grad,,?,?,?,?,?,,87.670456,40.425713, United-States,?
38.579506,?,,?,,?,?, Husband,?,?,,87.670456,,?, <=50K
38.579506,?,,?,10.067414, Married-civ-spouse,?,?,?,?,,87.670456,,?,?
, Private,, HS-grad,, Married-civ-spouse, Craft-repair,?,?, Male,,,40.425713,?,?
,?,,?,10.067414,?, Craft-repair, Husband,?,?,,,,?,?
, Private,,?,,?,?, Husband,?,?,,,40.425713, United-States,?
,?,, HS-grad,, Married-civ-spouse,?,?,?,?,,,, United-States, <=50K
,?,,?,,?,?,?,?,?,,87.670456,,?,?
, Private,,?,,?, Craft-repair,?,?,?,,87.670456,, United-States,?
,?,,?,10.067414,?,?,?,?,?,,,, United-States,?
38.579506,?,,?,,?, Craft-repair, Husband,?,?,,,,?, <=50K
,?,,?,,?,?,?, White,?,,,,?,?
, Private,189484.39,?,,?,?,?,?,?,,,,?,?
,?,189484.39, HS-grad,,?,?,?,?,?,,,40.425713,?,?
,?,, HS-grad,,?, Craft-repair, Husband,?,?,,,,?,?
,?,,?,10.067414, Married-civ-spouse,?, Husband,?,?,,,,?,?
,?,,?,,?,?,?,?,?,1082.9701,,, United-States, <=50K
38.579506, Private,,?,,?, Craft-repair,?,?,?,,,,?,?
38.579506,?,189484.39,?,,?,?,?,?,?,,,,?,?
,?,,?,10.067414,?,?,?, White,?,,,,?,?
,?,, HS-grad,,?,?,?,?, Male,,,,?,?
,?,,?,,?,?,?,?,?,,,, United-States,?
,?,, HS-grad,, Married-civ-spouse,?,?,?,?,,,, United-States,?
,?,189484.39,?,, Married-civ-spouse,?,?,?,?,,,, United-States,?
38.579506, Private,189484.39, HS-grad,,?,?,?,?,?,1082.9701,,,?,?
,?,,?,,?,?,?,?,?,,,,?,?
,?,,?,, Married-civ-spouse,?,?,?, Male,,,40.425713, United-States,?
,?,,?,, Married-civ-spouse,?,?,?,?,,87.670456,,?,?
,?,189484.39,?,10.067414,?,?,?,?,?,,,,?,?
,?,,?,,?,?,?,?,?,,,,?,?
,?,,?,,?,?, Husband,?, Male,1082.9701,87.670456,,?, <=50K
,?,,?,10.067414, Married-civ-spouse, Craft-repair,?,?,?,,87.670456,40.425713,?,?
,?,,?,10.067414,?,?,?,?, Male,,87.670456,, United-States,?
,?,189484.39,?,,?,?,?, White,?,,87.670456,,?,?
,?,,?,,?,?,?,?,?,,87.670456,,?,?
,?,, HS-grad,, Married-civ-spouse,?,?,?,?,,87.670456,, United-States,?
,?,,?,,?,?,?,?,?,,,,?,?
, Private,,?,10.067414,?,?, Husband,?,?,,,,?,?
,?,,?,, Married-civ-spouse,?,?,?,?,,,40.425713,?, <=50K
, Private,, HS-grad,, Married-civ-spouse,?,?, White,?,,87.670456,,?, <=50K
,?,189484.39,?,,?,?, Husband,?, Male,1082.9701,,40.425713,?,?
, Private,,?,,?,?,?,?,?,,87.670456,,?,?
,?,,?,,?, Craft-repair,?, White,?,1082.9701,,, United-States,?
38.579506,?,189484.39,?,,?,?,?, White,?,,,40.425713, United-States,?
,?,,?,10.067414,?,?,?,?, Male,,,,?,?
,?,,?,,?,?,?,?, Male,,87.670456,,?,?
38.579506,?,,?,, Married-civ-spouse,?,?, White,?,,,,?,?
,?,,?,10.067414,?,?,?,?, Male,,87.670456,,?, <=50K
38.579506,?,,?,10.067414,?,?,?,?,?,,87.670456,,?,?
38.579506, Private,, HS-grad,, Married-civ-spouse,?,?,?,?,,87.670456,, United-States,?
38.579506, Private,,?,,?,?,?,?,?,1082.9701,87.670456,40.425713,?,?
38.579506,?,,?,,?, Craft-repair,?, White, Male,,,,?,?
,?,,?,,?,?, Husband, White,?,,,,?,?
,?,189484.39,?,,?,?,?,?,?,1082.9701,,,?,?
,?,,?,,?,?,?,?, Male,1082.9701,,,?,?
,?,189484.39,?,,?,?,?, White,?,,,,?,?
38.579506,?,189484.39,?,,?,?,?,?,?,,87.670456,, United-States,?
38.579506,?,,?,,?,?, Husband,?,?,,,,?,?
,?,, HS-grad,,?, Craft-repair,?, White,?,,87.670456,40.425713,?,?
,?,, HS-grad,,?,?,?,?, Male,,,40.425713, United-States,?
,?,,?,,?,?,?,?, Male,,,,?,?
,?,189484.39,?,, Married-civ-spouse,?, Husband,?,?,1082.9701,,40.425713,?,?
38.579506,?,,?,,?,?,?,?,?,,,,?,?
38.579506,?,,?,10.067414,?,?, Husband, White,?,,,40.425713,?, <=50K
38.579506, Private,,?,10.067414,?,?,?, White,?,,,,?,?
38.579506,?,,?,10.067414,?,?,?,?,?,1082.9701,87.670456,,?, <=50K
,?,,?,,?,?,?,?, Male,,,,?,?
,?,,?,, Married-civ-spouse,?,?, White, Male,,87.670456,,?, <=50K
, Private,,?,,?, Craft-repair,?,?,?,,,,?,?
, Private,,?,,?,?,?, White,?,,,,?,?
, Private,,?,, Married-civ-spouse,?,?,?,?,,,,?,?
,?,,?,10.067414,?,?,?,?,?,,87.670456,40.425713,?,?
,?,,?,,?,?,?,?,?,,,,?,?
,?,,?,,?,?,?,?,?,,,,?,?
,?,,?,,?, Craft-repair,?,?,?,,,,?,?
,?,,?,, Married-civ-spouse,?, Husband, White, Male,,87.670456,, United-States,?
,?,,?,,?,?, Husband,?,?,,,,?,?
,?,, HS-grad,,?,?, Husband,?,?,,,, United-States,?
38.579506,?,189484.39,?,, Married-civ-spouse,?,?,?, Male,,,,?,?
, Private,, HS-grad,,?,?,?,?,?,,,,?,?
,?,,?,10.067414,?, Craft-repair,?, White,?,,,,?, <=50K
,?,189484.39,?,,?, Craft-repair,?,?,?,,,,?,?
,?,189484.39, HS-grad,,?,?,?,?, Male,,,,?,?
,?,, HS-grad,,?,?, Husband,?,?,,,40.425713,?,?
,?,189484.39,?,10.067414,?,?,?,?, Male,,,,?,?
,?,,?,,?,?,?,?,?,,,,?,?
38.579506,?,189484.39, HS-grad,,?,?,?,?,?,1082.9701,,,?, <=50K
38.579506, Private,,?,,?,?,?,?,?,,,40.425713,?,?
,?,,?,, Married-civ-spouse,?,?,?, Male,,,40.425713,?,?
,?,,?,10.067414,?,?,?,?,?,1082.9701,,,?,?
38.579506,?,189484.39,?,,?,?,?,?,?,,,,?, <=50K
,?,,?,,?,?,?,?,?,,,,?, <=50K
,?,,?,,?,?,?,?,?,,87.670456,, United-States,?
,?,,?,,?,?,?,?, Male,,,,?,?
,?,, HS-grad,10.067414,?,?,?, White,?,1082.9701,,,?,?
,?,,?,,?,?,?,?,?,,87.670456,,?, <=50K
, Private,,?,, Married-civ-spouse,?,?,?,?,,,,?,?
, Private,,?,,?,?,?,?,?,,,,?,?
,?,189484.39,?,10.067414, Married-civ-spouse,?,?,?,?,,,,?,?
38.579506, Private,,?,,?,?,?,?,?,,,,?,?
,?,, HS-grad,,?,?,?,?,?,,,,?, <=50K
,?,,?,,?, Craft-repair,?,?,?,1082.9701,,,?, <=50K
,?,,?,, Married-civ-spouse,?,?,?,?,,,, United-States,?
,?,189484.39,?,,?, Craft-repair,?,?,?,,,40.425713,?,?
,?,,?,,?, Craft-repair, Husband,?,?,,,, United-States,?
,?,,?,,?,?,?,?,?,,,40.425713,?,?
,?,, HS-grad,,?,?,?,?,?,,,,?,?
,?,,?,, Married-civ-spouse,?, Husband, White,?,1082.9701,,,?,?
,?,,?,,?,?,?,?,?,,87.670456,, United-States,?
,?,189484.39,?,10.067414, Married-civ-spouse,?,?,?,?,,,,?,?
,?,, HS-grad,,?,?,?,?,?,,87.670456,, United-States, <=50K
,?,189484.39,?,, Married-civ-spouse, Craft-repair,?, White,?,,87.670456,40.425713, United-States, <=50K
,?,, HS-grad,,?,?,?,?,?,,,40.425713,?,?
38.579506, Private,,?,,?,?,?, White, Male,1082.9701,,40.425713,?,?
,?,,?,,?,?,?,?,?,1082.9701,,,?,?
,?,, HS-grad,,?, Craft-repair,?,?,?,,87.670456,,?, <=50K
,?,, HS-grad,, Married-civ-spouse,?,?,?,?,,87.670456,, United-States,?
,?,,?,,?,?,?,?, Male,,,40.425713,?,?
,?,,?,10.067414,?,?, Husband, White,?,,,,?,?
,?,,?,, Married-civ-spouse,?,?,?,?,,,,?,?
38.579506,?,,?,,?,?, Husband,?, Male,,,,?, <=50K
,?,,?,,?,?, Husband, White, Male,,,,?,?
,?,,?,10.067414,?, Craft-repair,?,?, Male,1082.9701,,,?,?
,?,, HS-grad,,?,?,?, White,?,1082.9701,,,?,?
,?,189484.39,?,, Married-civ-spouse,?,?,?, Male,,,,?,?
,?,,?,,?, Craft-repair, Husband,?,?,1082.9701,,,?,?
38.579506,?,, HS-grad,, Married-civ-spouse,?, Husband, White, Male,,,40.425713,?,?
,?,,?,10.067414,?,?,?,?,?,,,40.425713,?,?
,?,, HS-grad,, Married-civ-spouse,?,?,?, Male,,,, United-States, <=50K
,?,,?,, Married-civ-spouse, Craft-repair,?, White,?,,,, United-States,?
,?,189484.39,?,10.067414, Married-civ-spouse,?,?,?,?,,,,?,?
,?,, HS-grad,, Married-civ-spouse,?,?, White, Male,,,,?,?
,?,,?,10.067414,?,?, Husband, White,?,1082.9701,,40.425713,?,?
, Private,,?,,?,?,?,?,?,,,40.425713,?,?
, Private,,?,,?,?,?,?, Male,,87.670456,40.425713,?,?
,?,,?,,?,?,?,?,?,,,,?,?
,?,,?,, Married-civ-spouse,?,?,?,?,,87.670456,,?,?
38.579506,?,189484.39,?,10.067414,?, Craft-repair,?,?, Male,,87.670456,,?,?
,?,,?,, Married-civ-spouse,?, Husband,?,?,,87.670456,40.425713,?,?
, Private,,?,,?,?, Husband,?,?,,,, United-States,?
,?,,?,10.067414,?, Craft-repair,?,?,?,1082.9701,87.670456,40.425713,?,?
,?,189484.39,?,,?,?, Husband,?,?,,,40.425713, United-States,?
,?,,?,,?,?, Husband,?,?,,,40.425713,?,?
,?,189484.39,?,10.067414, Married-civ-spouse,?,?, White,?,,,,?,?
,?,,?,,?,?,?, White,?,1082.9701,87.670456,,?,?
38.579506,?,, HS-grad,, Married-civ-spouse,?,?,?, Male,,,, United-States,?
,?,,?,,?,?,?,?,?,,87.670456,,?, <=50K
38.579506,?,, HS-grad,,?, Craft-repair, Husband,?,?,,,,?,?
,?,, HS-grad,,?,?,?, White,?,,87.670456,40.425713, United-States,?
,?,,?,,?,?,?,?,?,,,40.425713,?, <=50K
,?,189484.39, HS-grad,, Married-civ-spouse,?,?,?,?,,87.670456,,?,?
,?,,?,, Married-civ-spouse,?,?, White,?,,,40.425713,?,?
,?,,?,,?, Craft-repair,?,?,?,,87.670456,,?,?
,?,,?,10.067414,?,?,?,?,?,,,40.425713,?,?
,?,,?,,?,?,?,?,?,,87.670456,,?,?
,?,,?,,?,?, Husband,?,?,1082.9701,,,?, <=50K
,?,,?,,?,?,?,?,?,,87.670456,,?,?
,?,,?,,?,?,?,?,?,,,,?,?
,?,189484.39,?,10.067414, Married-civ-spouse, Craft-repair, Husband,?,?,1082.9701,,,?,?
,?,,?,,?,?,?,?,?,,,,?,?
,?,189484.39,?,, Married-civ-spouse, Craft-repair,?, White,?,,,,?,?
38.579506,?,,?,,?,?,?,?, Male,1082.9701,,, United-States,?
,?,,?,10.067414,?,?,?, White,?,,,,?,?
, Private,,?,,?,?, Husband,?,?,,87.670456,,?,?
,?,,?,,?,?,?,?,?,,,,?,?
,?,,?,,?, Craft-repair,?,?,?,,87.670456,40.425713,?, <=50K
,?,,?,10.067414,?,?,?,?,?,,,,?,?
,?,,?,,?, Craft-repair,?,?,?,,87.670456,,?, <=50K
,?,, HS-grad,,?, Craft-repair, Husband, White,?,,,,?,?
,?,189484.39,?,,?,?,?,?,?,1082.9701,,40.425713,?,?
38.579506,?,,?,,?,?,?,?, Male,,,40.425713,?,?
,?,, HS-grad,,?,?, Husband,?,?,,87.670456,,?,?
38.579506, Private,,?,, Married-civ-spouse,?, Husband, White,?,1082.9701,,,?,?
, Private,,?,,?,?, Husband,?,?,,,, United-States,?
,?,,?,10.067414, Married-civ-spouse, Craft-repair,?,?,?,,,,?,?
,?,189484.39,?,,?,?,?, White,?,,,, United-States,?
,?,,?,,?,?,?, White,?,,,,?,?
,?,,?,10.067414,?, Craft-repair,?,?, Male,,,,?,?
,?,,?,,?,?,?,?,?,,,,?,?
,?,189484.39,?,, Married-civ-spouse,?,?, White, Male,,87.670456,,?,?
,?,,?,,?,?,?,?,?,,,,?,?
, Private,,?,, Married-civ-spouse, Craft-repair,?,?, Male,,,,?,?
,?,189484.39,?,,?,?,?,?,?,,87.670456,, United-States,?
38.579506,?,,?,,?,?,?,?,?,,87.670456,, United-States, <=50K
, Private,,?,,?,?,?,?,?,,,,?,?
,?,,?,, Married-civ-spouse, Craft-repair,?,?,?,1082.9701,,, United-States,?
,?,,?,,?, Craft-repair,?,?,?,1082.9701,,,?,?
,?,189484.39,?,,?,?, Husband,?, Male,,87.670456,, United-States,?
,?,,?,10.067414, Married-civ-spouse,?,?,?,?,,,,?, <=50K
38.579506,?,,?,,?,?,?,?,?,1082.9701,,,?,?
, Private,189484.39, HS-grad,,?, Craft-repair,?, White,?,1082.9701,,,?,?
,?,, HS-grad,,?, Craft-repair,?,?,?,1082.9701,87.670456,,?,?
,?,,?,,?,?, Husband,?, Male,,,40.425713,?, <=50K
,?,,?,,?,?,?, White,?,,87.670456,,?, <=50K
, Private,,?,,?,?,?, White,?,,,40.425713,?, <=50K
,?,,?,,?,?, Husband,?,?,,,40.425713,?,?
,?,, HS-grad,,?, Craft-repair,?,?,?,,,,?,?
,?,189484.39,?,10.067414,?,?,?,?, Male,,,,?, <=50K
, Private,,?,10.067414,?,?, Husband,?,?,,,,?,?
,?,, HS-grad,, Married-civ-spouse, Craft-repair,?,?, Male,,,, United-States,?
38.579506,?,,?,10.067414, Married-civ-spouse,?, Husband,?,?,1082.9701,,,?,?
,?,, HS-grad,,?,?, Husband,?,?,1082.9701,,,?,?
38.579506,?,,?,,?,?,?,?,?,,,,?,?
,?,,?,,?, Craft-repair,?, White,?,,,,?,?
38.579506,?,, HS-grad,,?,?, Husband,?, Male,,,,?,?
,?,,?,,?,?, Husband,?, Male,,,40.425713,?,?
,?,189484.39,?,,?,?,?,?,?,,,40.425713,?, <=50K
,?,,?,,?,?, Husband, White,?,,,,?,?
,?,,?,, Married-civ-spouse,?,?,?,?,,,, United-States,?
,?,,?,10.067414, Married-civ-spouse,?,?,?, Male,,,,?, <=50K
, Private,189484.39, HS-grad,,?, Craft-repair,?,?,?,,87.670456,,?, <=50K
,?,189484.39,?,,?,?,?,?,?,,,40.425713,?, <=50K
38.579506,?,,?,10.067414, Married-civ-spouse, Craft-repair,?, White,?,,,,?,?
,?,,?,,?,?,?, White,?,,,40.425713, United-States,?
,?,,?,,?,?,?, White, Male,,,, United-States,?
,?,189484.39,?,,?,?, Husband,?,?,,,,?,?
38.579506,?,, HS-grad,,?, Craft-repair,?,?,?,,87.670456,40.425713,?,?
,?,,?,,?,?,?, White, Male,,,,?,?
,?,, HS-grad,,?,?,?,?,?,,,,?, <=50K
,?,,?,,?,?,?,?,?,,87.670456,,?, <=50K
, Private,189484.39,?,, Married-civ-spouse, Craft-repair, Husband,?,?,,,40.425713,?,?
, Private,,?,10.067414, Married-civ-spouse, Craft-repair, Husband,?,?,,87.670456,,?, <=50K
,?,,?,,?,?,?, White, Male,,,, United-States,?
,?,,?,,?,?, Husband,?,?,,,, United-States,?
38.579506,?,,?,,?, Craft-repair, Husband,?,?,,87.670456,40.425713, United-States,?
,?,,?,,?,?,?,?, Male,,,, United-States,?
,?,189484.39, HS-grad,10.067414,?,?, Husband,?, Male,,,,?,?
,?,,?,,?,?,?,?,?,,,, United-States, <=50K
, Private,,?,, Married-civ-spouse,?,?, White, Male,,87.670456,,?,?
,?,,?,, Married-civ-spouse, Craft-repair,?,?,?,,87.670456,40.425713,?,?
,?,, HS-grad,,?,?, Husband,?,?,,,,?,?
,?,,?,,?, Craft-repair,?, White,?,,,,?,?
38.579506,?,,?,, Married-civ-spouse,?,?,?,?,,,,?,?
38.579506,?,,?,10.067414, Married-civ-spouse,?,?,?,?,,,,?,?
,?,,?,10.067414, Married-civ-spouse,?, Husband,?,?,,,40.425713,?,?
, Private,,?,,?,?,?,?, Male,,87.670456,,?,?
38.579506,?,, HS-grad,10.067414,?,?, Husband,?,?,,,, United-States, <=50K
,?,,?,, Married-civ-spouse,?,?,?,?,,87.670456,,?,?
, Private,,?,, Married-civ-spouse,?, Husband,?,?,1082.9701,,,?,?
38.579506,?,, HS-grad,, Married-civ-spouse, Craft-repair,?,?, Male,1082.9701,87.670456,,?,?
,?,189484.39,?,,?,?,?,?,?,,,, United-States,?
, Private,,?,,?,?,?,?,?,,,, United-States,?
, Private,189484.39, HS-grad,, Married-civ-spouse,?,?,?,?,,,,?,?
,?,189484.39,?,,?,?, Husband,?,?,,,, United-States,?
38.579506,?,, HS-grad,,?,?,?,?,?,1082.9701,,,?,?
,?,,?,10.067414,?,?,?, White, Male,,87.670456,40.425713,?,?
,?,, HS-grad,,?, Craft-repair,?,?,?,,,,?,?
, Private,,?,10.067414,?,?,?,?,?,,,,?, <=50K
,?,,?,10.067414,?, Craft-repair, Husband,?,?,,87.670456,, United-States,?
,?,,?,,?,?,?,?,?,1082.9701,,,?,?
,?,,?,,?,?,?,?,?,1082.9701,87.670456,,?,?
38.579506,?,,?,, Married-civ-spouse, Craft-repair,?,?,?,,,,?,?
,?,, HS-grad,,?,?,?, White,?,,,,?,?
,?,,?,,?,?,?,?,?,,,, United-States,?
,?,, HS-grad,,?,?,?,?,?,,,,?,?
,?,,?,,?,?, Husband,?, Male,,,,?, <=50K
,?,, HS-grad,, Married-civ-spouse, Craft-repair,?,?,?,,,40.425713,?, <=50K
,?,, HS-grad,,?,?, Husband,?,?,1082.9701,,,?,?
,?,189484.39,?,10.067414,?, Craft-repair,?,?,?,,87.670456,,?,?
,?,,?,,?,?, Husband, White,?,,,,?, <=50K
38.579506,?,,?,, Married-civ-spouse,?, Husband,?,?,,,,?, <=50K
,?,,?,10.067414, Married-civ-spouse,?,?,?, Male,1082.9701,,,?,?
,?,, HS-grad,10.067414,?,?,?, White, Male,,,, United-States,?
38.579506,?,, HS-grad,10.067414,?,?,?,?,?,,,,?,?
,?,,?,,?, Craft-repair,?,?, Male,1082.9701,,40.425713,?,?
, Private,,?,,?,?,?,?,?,,,,?,?
, Private,,?,, Married-civ-spouse,?,?, White, Male,,87.670456,,?, <=50K
,?,,?,,?,?, Husband,?,?,,,, United-States,?
,?,189484.39, HS-grad,,?,?,?, White,?,,,,?, <=50K
38.579506,?,, HS-grad,,?,?,?, White,?,,,40.425713,?,?
,?,,?,,?,?,?,?,?,,87.670456,,?,?
,?,189484.39,?,,?,?,?,?, Male,,,,?, <=50K
,?,189484.39,?,,?,?,?,?, Male,1082.9701,,,?,?
,?,, HS-grad,,?, Craft-repair,?,?,?,,,, United-States,?
38.579506,?,189484.39,?,, Married-civ-spouse,?,?,?,?,,,40.425713,?,?
,?,,?,,?,?,?,?,?,,,,?, <=50K
,?,,?,, Married-civ-spouse, Craft-repair, Husband,?, Male,,87.670456,,?,?
,?,, HS-grad,,?,?,?,?,?,1082.9701,87.670456,,?,?
38.579506,?,, HS-grad,,?,?,?,?,?,,,,?,?
,?,189484.39,?,10.067414,?,?,?, White,?,,,,?,?
,?,,?,10.067414, Married-civ-spouse,?,?, White,?,,,, United-States, <=50K
38.579506, Private,, HS-grad,,?,?,?,?,?,,,,?, <=50K
38.579506,?,189484.39,?,,?,?,?, White,?,1082.9701,,, United-States,?
, Private,,?,,?,?,?,?,?,,,,?,?
,?,189484.39, HS-grad,,?,?,?,?,?,,,,?,?
, Private,,?,,?,?,?,?,?,,,40.425713, United-States,?
,?,,?,10.067414,?,?,?,?,?,,,40.425713,?,?
,?,,?,,?, Craft-repair,?,?,?,,,,?,?
,?,, HS-grad,, Married-civ-spouse,?,?,?, Male,,,,?,?
,?,189484.39,?,,?,?, Husband,?,?,,87.670456,40.425713,?,?
,?,,?,,?,?,?,?, Male,,,,?,?
,?,,?,10.067414,?,?,?,?, Male,,,, United-States,?
38.579506, Private,,?,,?,?,?,?,?,,,,?,?
,?,,?,,?, Craft-repair,?,?, Male,1082.9701,,,?,?
,?,, HS-grad,,?,?,?,?,?,,,,?,?
38.579506,?,,?,10.067414,?,?,?,?, Male,,87.670456,40.425713, United-States, <=50K
,?,,?,, Married-civ-spouse,?,?,?,?,1082.9701,,,?, <=50K
,?,,?,,?, Craft-repair,?,?,?,,,,?, <=50K
,?,,?,,?,?,?,?,?,1082.9701,87.670456,40.425713,?,?
,?,, HS-grad,,?,?,?,?,?,,87.670456,40.425713,?,?
, Private,,?,,?,?,?,?,?,,87.670456,,?, <=50K
,?,,?,10.067414, Married-civ-spouse, Craft-repair,?,?,?,,87.670456,,?,?
, Private,,?,,?,?, Husband, White,?,,,,?,?
,?,, HS-grad,, Married-civ-spouse, Craft-repair,?,?, Male,,,,?,?
,?,,?,, Married-civ-spouse, Craft-repair,?,?,?,,,,?, <=50K
, Private,,?,10.067414,?, Craft-repair, Husband,?,?,,,, United-States, <=50K
,?,,?,,?,?, Husband,?,?,,87.670456,,?,?
,?,, HS-grad,,?,?,?,?,?,,87.670456,,?, <=50K
38.579506,?,189484.39,?,,?,?,?, White, Male,,,40.425713,?,?
,?,,?,,?,?,?,?,?,,87.670456,40.425713,?,?
38.579506,?,,?,,?,?,?,?,?,,,,?,?
,?,189484.39,?,,?,?,?,?,?,1082.9701,,40.425713,?,?
38.579506,?,,?,, Married-civ-spouse, Craft-repair,?,?,?,,,,?,?
,?,,?,10.067414,?,?,?,?, Male,,87.670456,,?,?
,?,,?,,?,?,?,?,?,,,,?,?
,?,,?,,?,?,?,?,?,,,, United-States, <=50K
,?,,?,,?,?,?,?,?,,87.670456,40.425713, United-States, <=50K
,?,,?,, Married-civ-spouse,?, Husband, White,?,,,,?,?
,?,,?,,?,?,?,?,?,,,40.425713,?,?
38.579506,?,189484.39,?,10.067414,?,?,?, White,?,,,,?,?
,?,,?,10.067414,?,?,?,?,?,,,,?,?
,?,,?,10.067414,?, Craft-repair,?,?, Male,,,40.425713,?,?
, Private,189484.39,?,, Married-civ-spouse, Craft-repair,?,?,?,,87.670456,40.425713,?, <=50K
,?,189484.39,?,,?, Craft-repair,?,?,?,1082.9701,,,?, <=50K
,?,,?,,?, Craft-repair,?,?,?,1082.9701,,40.425713,?,?
38.579506,?,,?,,?, Craft-repair,?, White,?,1082.9701,,,?,?
,?,, HS-grad,,?,?,?,?,?,1082.9701,,,?,?
,?,,?,,?,?, Husband,?, Male,1082.9701,,,?,?
,?,,?,,?,?,?, White, Male,,,,?,?
38.579506,?,,?,,?,?,?,?,?,,,,?,?
,?,,?,,?,?,?,?,?,,,40.425713,?, <=50K
,?,,?,,?,?, Husband,?, Male,,,,?,?
, Private,,?,, Married-civ-spouse,?,?,?,?,,,40.425713,?,?
,?,, HS-grad,,?,?,?, White,?,,,,?, <=50K
,?,,?,, Married-civ-spouse,?, Husband, White,?,,,40.425713,?,?
,?,,?,,?,?,?,?, Male,,,,?,?
,?,189484.39,?,,?, Craft-repair,?,?,?,1082.9701,,,?,?
, Private,,?,,?,?,?,?,?,,,,?,?
,?,189484.39,?,10.067414,?,?,?,?,?,1082.9701,,,?,?
,?,,?,,?,?,?,?,?,1082.9701,87.670456,,?,?
,?,,?,,?,?,?,?,?,,,,?, <=50K
,?,189484.39,?,,?,?,?,?,?,,87.670456,,?,?
,?,,?,,?, Craft-repair,?, White,?,,,40.425713,?, <=50K
,?,,?,, Married-civ-spouse,?,?,?,?,,,40.425713,?,?
,?,189484.39,?,,?,?,?,?,?,,87.670456,,?,?
, Private,,?,,?,?,?, White, Male,,,, United-States,?
, Private,,?,,?, Craft-repair, Husband, White, Male,,,,?,?
38.579506,?,,?,10.067414,?,?,?,?,?,,,, United-States,?
, Private,,?,,?,?, Husband, White,?,,,,?, <=50K
,?,,?,10.067414, Married-civ-spouse,?,?,?,?,1082.9701,87.670456,,?,?
,?,, HS-grad,,?,?, Husband, White,?,,,,?,?
,?,189484.39,?,10.067414,?,?, Husband,?,?,1082.9701,87.670456,,?,?
,?,, HS-grad,,?,?,?, White,?,,,, United-States,?
38.579506,?,,?,,?,?,?,?,?,1082.9701,,,?, <=50K
, Private,,?,10.067414,?,?, Husband, White,?,,87.670456,,?,?
,?,189484.39,?,,?,?,?,?,?,,,,?, <=50K
38.579506,?,,?,,?,?,?,?,?,1082.9701,,,?,?
,?,189484.39,?,,?,?,?,?,?,,,,?,?
, Private,,?,,?,?,?,?,?,,,40.425713, United-States, <=50K
,?,189484.39, HS-grad,10.067414,?, Craft-repair, Husband,?,?,,87.670456,,?,?
38.579506, Private,, HS-grad,,?,?, Husband,?, Male,,,,?,?
,?,,?,, Married-civ-spouse, Craft-repair,?,?,?,,87.670456,,?,?
38.579506,?,,?,10.067414,?,?,?,?,?,,,,?,?
,?,,?,,?,?,?,?,?,1082.9701,,,?,?
38.579506,?,,?,,?,?,?,?,?,,,,?,?
, Private,189484.39,?,,?, Craft-repair,?,?,?,,,,?, <=50K
,?,,?,,?,?,?,?,?,,87.670456,,?,?
38.579506,?,, HS-grad,10.067414,?, Craft-repair,?,?, Male,,,, United-States,?
,?,189484.39,?,,?,?,?,?, Male,,,,?,?
38.579506, Private,,?,10.067414,?,?,?,?,?,,,40.425713,?,?
,?,,?,, Married-civ-spouse,?,?,?,?,,,,?,?
,?,,?,,?,?,?, White,?,,,,?,?
,?,189484.39, HS-grad,,?,?, Husband,?,?,,,,?,?
,?,,?,,?,?,?,?, Male,1082.9701,,,?,?
,?,189484.39,?,,?,?,?,?,?,,87.670456,,?,?
,?,189484.39,?,,?,?, Husband,?,?,1082.9701,,, United-States,?
,?,,?,,?,?,?, White, Male,,,40.425713,?,?
,?,189484.39,?,,?, Craft-repair,?,?,?,1082.9701,,, United-States, <=50K
, Private,, HS-grad,,?,?,?,?,?,,,,?,?
, Private,189484.39,?,,?, Craft-repair, Husband,?,?,,,, United-States,?
, Private,, HS-grad,,?, Craft-repair, Husband, White, Male,1082.9701,87.670456,,?,?
38.579506,?,, HS-grad,, Married-civ-spouse,?,?, White,?,,,,?,?
,?,,?,,?,?,?,?,?,,87.670456,,?,?
,?,,?,,?,?,?,?,?,1082.9701,,, United-States,?
38.579506,?,189484.39,?,,?,?, Husband,?,?,,,40.425713,?,?
,?,,?,,?,?,?,?,?,1082.9701,,,?,?
,?,,?,10.067414,?, Craft-repair,?,?, Male,,,40.425713,?,?
,?,,?,,?,?, Husband, White,?,,,,?,?
,?,189484.39,?,10.067414,?,?,?,?,?,,,,?,?
,?,,?,,?, Craft-repair,?,?,?,,,,?,?
,?,,?,,?,?,?,?,?,,,,?,?
,?,,?,,?,?,?,?,?,,87.670456,,?, <=50K
,?,189484.39, HS-grad,,?,?,?,?, Male,1082.9701,87.670456,,?,?
38.579506,?,,?,,?,?,?, White,?,,87.670456,,?,?
, Private,, HS-grad,,?, Craft-repair,?, White,?,,87.670456,40.425713,?,?
,?,,?,10.067414,?, Craft-repair, Husband,?, Male,,,40.425713,?,?
,?,,?,,?,?,?,?,?,,87.670456,, United-States,?
,?,,?,,?, Craft-repair, Husband,?, Male,,87.670456,,?,?
, Private,189484.39,?,,?,?,?,?,?,,,,?, <=50K
,?,,?,,?,?, Husband,?,?,,,,?,?
38.579506, Private,,?,10.067414,?,?, Husband,?,?,1082.9701,,,?,?
,?,189484.39,?,, Married-civ-spouse,?,?,?,?,,87.670456,,?,?
, Private,,?,,?,?,?, White,?,,,,?, <=50K
,?,,?,10.067414,?,?,?,?,?,,,, United-States,?
,?,189484.39,?,,?,?,?,?,?,1082.9701,87.670456,, United-States, <=50K
,?,,?,10.067414,?,?,?, White, Male,,87.670456,,?,?
,?,189484.39,?,,?,?,?,?, Male,,,40.425713,?,?
38.579506,?,, HS-grad,10.067414,?,?,?,?,?,1082.9701,,,?,?
,?,,?,,?,?,?,?,?,,,40.425713,?,?
38.579506,?,,?,, Married-civ-spouse,?, Husband,?,?,,87.670456,,?,?
, Private,,?,,?, Craft-repair,?,?, Male,,,,?,?
,?,, HS-grad,10.067414,?,?,?,?, Male,1082.9701,,40.425713, United-States, <=50K
,?,,?,,?,?,?,?,?,,,,?,?
38.579506,?,,?,,?,?,?,?, Male,,,,?, <=50K
,?,, HS-grad,,?,?,?,?,?,1082.9701,,,?,?
,?,,?,10.067414,?,?,?,?,?,1082.9701,,,?, <=50K
,?,,?,10.067414,?,?,?,?,?,,,,?, <=50K
38.579506,?,189484.39,?,, Married-civ-spouse, Craft-repair, Husband,?,?,,,,?,?
38.579506,?,,?,,?,?, Husband,?,?,,87.670456,,?,?
,?,,?,, Married-civ-spouse,?,?,?, Male,,,40.425713,?,?
,?,,?,,?,?, Husband,?, Male,,,,?,?
, Private,,?,10.067414,?,?, Husband,?, Male,,,,?,?
,?,,?,,?,?,?, White, Male,,,, United-States,?
,?,,?,,?,?, Husband,?,?,,,,?,?
,?,,?,10.067414,?,?,?,?,?,1082.9701,,40.425713,?,?
, Private,,?,,?,?,?,?,?,1082.9701,,,?,?
, Private,,?,,?,?,?,?,?,,,, United-States,?
,?,,?,,?,?,?,?,?,,87.670456,40.425713,?, <=50K
,?,189484.39, HS-grad,,?,?,?,?,?,,,,?,?
,?,,?,10.067414,?,?,?,?,?,,,,?,?
,?,189484.39,?,,?,?,?, White,?,,,, United-States,?
,?,189484.39,?,,?, Craft-repair,?,?,?,,,40.425713,?,?
, Private,, HS-grad,,?,?,?,?, Male,1082.9701,,,?, <=50K
,?,,?,,?,?, Husband,?,?,,,,?, <=50K
,?,,?,,?,?,?,?,?,,87.670456,40.425713,?, <=50K
38.579506,?,, HS-grad,,?,?,?, White,?,,,, United-States,?
, Private,189484.39, HS-grad,,?,?,?, White,?,1082.9701,,,?,?
38.579506,?,189484.39,?,,?,?, Husband,?, Male,,,,?,?
,?,,?,,?,?,?,?,?,1082.9701,,, United-States, <=50K
,?,,?,,?,?,?,?,?,,,40.425713,?, <=50K
38.579506,?,, HS-grad,,?,?,?, White,?,,,,?,?
38.579506,?,,?,,?,?,?, White, Male,,,,?,?
,?,189484.39,?,,?,?, Husband,?,?,,87.670456,,?,?
,?,,?,10.067414,?,?,?,?,?,,87.670456,,?,?
,?,,?,,?,?,?,?,?,1082.9701,,,?,?
38.579506,?,,?,,?,?, Husband, White,?,,,, United-States,?
, Private,, HS-grad,,?,?, Husband,?,?,,,, United-States,?
, Private,,?,,?, Craft-repair,?,?,?,1082.9701,,,?,?
,?,,?,, Married-civ-spouse,?,?, White,?,,,40.425713,?,?
38.579506,?,, HS-grad,,?,?,?,?,?,,87.670456,, United-States,?
,?,,?,10.067414,?, Craft-repair,?,?,?,,,, United-States,?
,?,,?,,?,?,?,?,?,,,,?,?
38.579506,?,189484.39,?,,?, Craft-repair,?,?,?,,,,?,?
,?,,?,,?,?,?,?,?,,,,?,?
,?,,?,, Married-civ-spouse, Craft-repair,?,?,?,,,,?,?
,?,, HS-grad,,?,?,?,?,?,,,,?,?
38.579506,?,,?,10.067414,?,?,?,?,?,,,,?,?
,?,,?,,?,?,?, White,?,1082.9701,,,?, <=50K
38.579506,?,,?,,?,?, Husband,?,?,,87.670456,,?,?
38.579506,?,189484.39,?,,?,?,?,?,?,,,, United-States,?
38.579506,?,,?,,?,?,?, White, Male,,87.670456,,?,?
,?,,?,10.067414,?,?,?,?, Male,,,,?,?
38.579506, Private,,?,,?,?, Husband, White,?,,,,?,?
, Private,,?,,?,?,?, White, Male,,,40.425713,?,?
,?,, HS-grad,,?,?,?,?, Male,,87.670456,40.425713,?,?
,?,,?,,?,?,?,?,?,,,40.425713,?,?
38.579506,?,,?,,?,?,?,?,?,,,, United-States,?
,?,,?,,?,?, Husband,?,?,,,,?,?
,?,,?,,?,?,?, White,?,,,,?,?
,?,,?,10.067414, Married-civ-spouse, Craft-repair,?,?, Male,,87.670456,, United-States, <=50K
,?,,?,10.067414,?,?, Husband,?, Male,,,40.425713,?,?
, Private,,?,10.067414,?,?,?,?,?,,,,?,?
,?,, HS-grad,,?,?,?,?,?,,,,?,?
,?,,?,,?,?,?,?,?,,,, United-States,?
38.579506, Private,,?,10.067414,?,?, Husband, White,?,,87.670456,,?,?
38.579506,?,,?,,?,?,?,?,?,1082.9701,,,?,?
,?,, HS-grad,,?,?, Husband, White,?,,87.670456,40.425713,?, <=50K
, Private,, HS-grad,,?,?,?,?,?,,87.670456,,?, <=50K
,?,,?,,?, Craft-repair,?, White,?,,,40.425713,?, <=50K
,?,, HS-grad,,?,?, Husband,?,?,1082.9701,,,?, <=50K
,?,,?,,?,?,?,?,?,,87.670456,,?,?
,?,,?,,?,?,?,?,?,,,,?, <=50K
,?,,?,,?,?,?,?,?,,,,?,?
38.579506,?,,?,,?,?,?,?,?,,,,?, <=50K
,?,, HS-grad,10.067414, Married-civ-spouse,?,?,?,?,,,,?,?
38.579506,?,,?,10.067414,?, Craft-repair,?,?,?,,,, United-States,?
,?,,?,,?, Craft-repair,?,?,?,,87.670456,,?,?
38.579506,?,,?,,?,?, Husband,?,?,,,,?, <=50K
,?,,?,,?,?,?,?,?,1082.9701,87.670456,40.425713, United-States,?
, Private,,?,10.067414,?, Craft-repair,?,?,?,,,,?,?
,?,,?,,?,?,?,?,?,,,,?, <=50K
,?,,?,10.067414,?,?,?,?, Male,,,40.425713, United-States,?
,?,,?,, Married-civ-spouse,?,?,?,?,,,,?,?
, Private,, HS-grad,10.067414,?,?,?,?, Male,,,, United-States, <=50K
,?,189484.39,?,,?,?,?, White,?,,87.670456,,?,?
38.579506,?,,?,,?,?,?,?,?,,,, United-States,?
, Private,189484.39,?,,?,?, Husband,?,?,1082.9701,,40.425713,?,?
,?,,?,,?,?,?,?,?,,87.670456,,?, <=50K
,?,, HS-grad,, Married-civ-spouse,?, Husband, White,?,,,,?,?
, Private,,?,, Married-civ-spouse,?, Husband,?, Male,,,,?, <=50K
,?,, HS-grad,10.067414,?,?,?,?,?,,,,?,?
,?,,?,,?,?, Husband,?,?,,,,?,?
,?,,?,,?, Craft-repair,?, White,?,,,40.425713,?,?
,?,189484.39,?,10.067414,?,?,?,?,?,,,,?,?
38.579506,?,189484.39,?,10.067414,?,?,?,?,?,,,40.425713,?,?
,?,, HS-grad,,?,?,?,?,?,,,,?,?
,?,189484.39,?,,?, Craft-repair,?,?,?,,87.670456,, United-States, <=50K
,?,, HS-grad,,?, Craft-repair,?,?,?,,,,?,?
, Private,, HS-grad,,?,?,?,?, Male,,87.670456,40.425713,?,?
,?,,?,,?,?,?,?,?,,,, United-States,?
, Private,,?,,?, Craft-repair,?, White,?,,,,?, <=50K
,?,,?,,?,?, Husband,?,?,1082.9701,,,?,?
, Private,189484.39,?,,?,?,?,?,?,,,,?,?
,?,,?,,?,?,?,?,?,,87.670456,, United-States,?
,?,,?,,?, Craft-repair,?, White, Male,,,,?,?
,?,, HS-grad,10.067414,?, Craft-repair,?,?, Male,1082.9701,,,?, <=50K
,?,, HS-grad,, Married-civ-spouse,?,?,?,?,,,,?,?
,?,,?,,?,?,?,?,?,1082.9701,,,?,?
, Private,,?,10.067414, Married-civ-spouse,?, Husband,?,?,1082.9701,,,?,?
38.579506,?,,?,,?,?,?,?,?,,,,?,?
38.579506,?,,?,,?,?,?,?,?,,,,?,?
,?,189484.39,?,,?,?, Husband,?,?,,,,?,?
,?,,?,,?,?, Husband,?,?,,87.670456,40.425713,?,?
,?,,?,,?, Craft-repair,?,?, Male,,87.670456,,?,?
,?,,?,,?,?,?,?,?,,,,?, <=50K
,?,, HS-grad,,?, Craft-repair, Husband,?,?,1082.9701,,,?,?
38.579506,?,,?,, Married-civ-spouse, Craft-repair,?,?, Male,,,,?,?
,?,, HS-grad,,?,?,?, White, Male,,87.670456,,?,?
38.579506, Private,,?,, Married-civ-spouse,?, Husband,?,?,1082.9701,87.670456,40.425713,?,?
38.579506,?,,?,,?,?,?,?,?,,,,?, <=50K
,?,,?,,?,?, Husband,?,?,,,,?, <=50K
,?,,?,, Married-civ-spouse,?, Husband,?, Male,,87.670456,,?,?
, Private,,?,, Married-civ-spouse,?,?,?,?,,,, United-States,?
, Private,, HS-grad,10.067414,?,?, Husband, White,?,1082.9701,,,?,?
38.579506,?,,?,,?,?,?,?,?,,,,?,?
,?,,?,, Married-civ-spouse,?,?, White,?,,,40.425713, United-States,?
,?,, HS-grad,10.067414,?,?, Husband,?, Male,,,,?,?
, Private,,?,,?,?,?, White,?,,,,?,?
,?,,?,10.067414, Married-civ-spouse,?, Husband, White,?,,,,?, <=50K
, Private,,?,,?,?,?,?,?,1082.9701,,,?, <=50K
,?,,?,10.067414,?,?, Husband, White,?,,,,?,?
,?,,?,,?,?,?, White,?,,87.670456,,?,?
,?,,?,,?,?,?,?,?,1082.9701,87.670456,,?,?
, Private,,?,,?,?,?,?,?,,,40.425713,?,?
,?,,?,10.067414,?,?, Husband, White,?,,,,?,?
,?,,?,, Married-civ-spouse,?,?,?, Male,1082.9701,,,?,?
38.579506,?,189484.39,?,,?,?,?, White,?,1082.9701,87.670456,,?,?
,?,, HS-grad,,?, Craft-repair, Husband,?,?,,87.670456,,?,?
,?,, HS-grad,,?,?,?,?,?,,,40.425713,?,?
,?,,?,,?, Craft-repair, Husband,?,?,,,,?, <=50K
,?,,?,10.067414,?,?,?,?,?,,,,?,?
,?,189484.39,?,, Married-civ-spouse, Craft-repair,?,?, Male,,,,?,?
,?,189484.39,?,,?,?,?,?,?,1082.9701,,,?,?
,?,189484.39,?,, Married-civ-spouse, Craft-repair,?,?,?,,,,?,?
, Private,,?,, Married-civ-spouse,?,?,?,?,1082.9701,87.670456,40.425713,?, <=50K
,?,,?,, Married-civ-spouse,?,?,?,?,,87.670456,, United-States,?
, Private,,?,,?,?,?,?,?,1082.9701,,,?,?
,?,,?,,?,?,?,?,?,,,,?,?
,?,,?,,?,?,?,?, Male,,,, United-States, <=50K
,?,,?,10.067414,?,?, Husband,?,?,,,,?,?
,?,,?,,?,?,?, White,?,,,,?,?
,?,,?,,?, Craft-repair, Husband,?,?,,,, United-States,?
, Private,,?,,?,?, Husband,?,?,,,, United-States,?
,?,,?,,?,?,?,?,?,,,, United-States,?
,?,,?,,?,?, Husband,?,?,,,, United-States, <=50K
, Private,189484.39,?,, Married-civ-spouse,?,?,?,?,,,,?,?
,?,189484.39,?,10.067414,?, Craft-repair,?,?,?,,,,?, <=50K
,?,,?,10.067414, Married-civ-spouse,?,?,?,?,,,,?,?
38.579506,?,189484.39,?,,?, Craft-repair, Husband,?,?,,,,?,?
38.579506,?,,?,10.067414,?,?,?, White,?,,,, United-States, <=50K
,?,,?,, Married-civ-spouse,?,?,?, Male,1082.9701,,,?,?
, Private,,?,,?,?, Husband,?, Male,1082.9701,87.670456,,?,?
,?,,?,,?,?,?,?,?,,87.670456,,?,?
38.579506,?,,?,, Married-civ-spouse,?,?,?, Male,,,40.425713,?,?
, Private,,?,10.067414, Married-civ-spouse,?,?,?,?,,,,?, <=50K
38.579506,?,,?,, Married-civ-spouse,?,?, White, Male,,,,?,?
, Private,,?,,?,?, Husband,?,?,,,,?, <=50K
38.579506,?,,?,, Married-civ-spouse,?,?,?,?,1082.9701,,,?, <=50K
,?,189484.39,?,,?,?,?,?,?,,,40.425713,?,?
,?,,?,,?, Craft-repair,?,?, Male,,,40.425713,?,?
,?,,?,,?, Craft-repair,?,?, Male,,87.670456,,?,?
, Private,,?,,?,?,?,?,?,,,,?, <=50K
, Private,189484.39,?,,?, Craft-repair, Husband,?,?,1082.9701,,,?, <=50K
,?,,?,,?,?,?,?,?,,,, United-States,?
, Private,, HS-grad,,?,?,?, White, Male,,87.670456,,?,?
,?,,?,,?,?,?,?, Male,,,,?,?
, Private,189484.39,?,,?,?,?,?,?,,87.670456,,?,?
,?,,?,,?,?,?,?,?,,,,?, <=50K
,?,,?,,?, Craft-repair,?,?,?,,,,?, <=50K
,?,, HS-grad,,?,?,?,?,?,1082.9701,,,?,?
,?,189484.39,?,,?,?,?,?,?,,,,?,?
, Private,,?,,?,?,?, White, Male,,,, United-States,?
,?,,?,,?, Craft-repair,?,?,?,1082.9701,,,?,?
,?,189484.39,?,,?,?,?,?,?,1082.9701,,40.425713,?,?
,?,,?,,?,?,?,?, Male,1082.9701,,,?,?
,?,,?,,?,?,?, White, Male,,87.670456,,?,?
, Private,,?,,?,?,?, White,?,,87.670456,,?,?
,?,,?,, Married-civ-spouse,?, Husband, White,?,,,,?, <=50K
,?,,?,,?,?,?,?,?,,87.670456,40.425713,?,?
38.579506,?,, HS-grad,,?,?, Husband,?,?,,,,?,?
38.579506,?,, HS-grad,10.067414,?,?,?,?,?,,,,?,?
,?,,?,,?,?,?,?,?,,87.670456,, United-States,?
38.579506, Private,,?,,?,?,?,?,?,,,,?,?
,?,,?,,?,?,?,?, Male,,,,?, <=50K
,?,,?,, Married-civ-spouse,?,?,?,?,1082.9701,,,?,?
, Private,,?,,?,?,?, White,?,,,,?,?
,?,,?,, Married-civ-spouse,?,?, White,?,1082.9701,,, United-States,?
,?,, HS-grad,,?,?,?,?, Male,,,,?,?
,?,,?,10.067414,?,?, Husband,?, Male,1082.9701,,,?,?
38.579506,?,,?,,?, Craft-repair,?,?,?,,,40.425713,?,?
,?,,?,,?,?, Husband,?,?,1082.9701,87.670456,,?,?
,?,,?,,?,?,?,?,?,,,, United-States,?
38.579506,?,189484.39,?,,?,?,?,?,?,1082.9701,,,?,?
,?,189484.39,?,10.067414,?,?,?, White,?,,,40.425713, United-States,?
38.579506,?,, HS-grad,10.067414,?, Craft-repair,?,?, Male,1082.9701,87.670456,,?,?
,?,,?,,?,?,?,?,?,,87.670456,,?,?
,?,,?,,?,?, Husband, White,?,1082.9701,,,?,?
, Private,,?,,?,?, Husband, White,?,,,,?,?
38.579506,?,,?,10.067414,?,?,?,?,?,1082.9701,,40.425713,?, <=50K
,?,,?,, Married-civ-spouse,?,?, White,?,,87.670456,,?,?
38.579506, Private,,?,,?,?,?,?,?,,,, United-States,?
,?,,?,,?,?,?,?,?,,,,?,?
, Private,,?,, Married-civ-spouse,?, Husband,?,?,,,,?,?
,?,189484.39,?,, Married-civ-spouse,?,?,?,?,,,,?,?
,?,,?,,?,?,?, White, Male,1082.9701,,,?,?
, Private,,?,,?,?,?,?,?,,87.670456,, United-States,?
38.579506,?,, HS-grad,10.067414,?,?, Husband, White,?,1082.9701,,,?,?
,?,, HS-grad,,?,?,?, White,?,1082.9701,,,?,?
,?,,?,, Married-civ-spouse,?, Husband, White,?,,,,?,?
,?,,?,10.067414, Married-civ-spouse,?, Husband,?,?,,,40.425713, United-States,?
,?,,?,10.067414, Married-civ-spouse,?,?,?,?,,,,?,?
,?,, HS-grad,, Married-civ-spouse, Craft-repair, Husband,?, Male,1082.9701,,40.425713,?,?
,?,,?,,?,?,?,?,?,,,,?, <=50K
,?,,?,,?,?,?,?, Male,1082.9701,,,?,?
,?,189484.39,?,,?,?,?,?,?,,,,?,?
, Private,,?,,?,?,?,?,?,1082.9701,,, United-States,?
,?,189484.39,?,,?,?, Husband,?,?,,,,?, <=50K
, Private,,?,,?,?, Husband,?,?,,87.670456,,?,?
,?,,?,,?,?,?,?,?,,,,?,?
,?,,?,,?,?,?,?,?,,,,?,?
,?,189484.39,?,,?,?,?,?,?,,,, United-States,?
38.579506,?,, HS-grad,,?,?,?,?,?,,,,?,?
,?,189484.39,?,10.067414,?, Craft-repair, Husband,?,?,,,,?,?
,?,,?,,?,?,?,?,?,,,40.425713,?,?
38.579506, Private,, HS-grad,10.067414,?,?,?,?, Male,,,,?, <=50K
,?,,?,10.067414,?,?, Husband,?,?,,,40.425713,?,?
, Private,, HS-grad,,?,?,?, White,?,,,, United-States,?
,?,,?,10.067414, Married-civ-spouse,?,?,?,?,,,,?,?
, Private,189484.39,?,,?,?,?,?,?,,,,?,?
, Private,189484.39,?,,?,?, Husband,?,?,,,,?,?
, Private,,?,, Married-civ-spouse,?,?,?, Male,,,, United-States,?
,?,,?,,?,?,?,?,?,,87.670456,, United-States,?
,?,,?,,?,?,?,?,?,1082.9701,87.670456,40.425713,?,?
,?,,?,10.067414, Married-civ-spouse,?,?, White,?,1082.9701,,,?,?
,?,,?,, Married-civ-spouse, Craft-repair,?,?,?,,87.670456,,?,?
38.579506,?,,?,,?,?, Husband,?,?,1082.9701,,,?, <=50K
38.579506,?,189484.39,?,, Married-civ-spouse,?,?,?,?,,,, United-States,?
38.579506,?,,?,, Married-civ-spouse, Craft-repair,?,?,?,,,,?, <=50K
,?,,?,,?,?,?, White,?,1082.9701,,,?,?
,?,189484.39,?,,?,?,?,?, Male,,,,?,?
,?,189484.39,?,,?, Craft-repair, Husband,?,?,,,,?,?
, Private,,?,,?,?, Husband,?,?,1082.9701,,, United-States,?
,?,,?,,?,?,?,?, Male,,,,?,?
,?,189484.39,?,,?,?, Husband,?,?,,87.670456,,?,?
,?,,?,,?,?,?, White,?,,,, United-States,?
,?,,?,,?,?, Husband, White, Male,,,40.425713,?,?
,?,,?,,?,?, Husband, White,?,1082.9701,,, United-States,?
, Private,,?,,?,?,?,?,?,1082.9701,,,?, <=50K
,?,,?,10.067414,?,?, Husband,?,?,,,,?,?
38.579506,?,,?,10.067414, Married-civ-spouse,?,?, White,?,1082.9701,87.670456,,?,?
,?,,?,,?,?,?,?,?,,,40.425713,?,?
38.579506,?,,?,10.067414,?,?,?,?, Male,1082.9701,,,?,?
, Private,,?,, Married-civ-spouse,?, Husband,?,?,,,,?,?
, Private,,?,,?,?,?,?,?,,,,?,?
,?,, HS-grad,10.067414,?,?,?,?,?,,,,?, <=50K
,?,,?,,?,?,?, White,?,,87.670456,,?,?
38.579506,?,189484.39,?,,?,?,?, White,?,1082.9701,,,?,?
,?,,?,10.067414,?,?,?,?,?,,87.670456,, United-States,?
,?,,?,10.067414,?,?,?,?,?,,,,?,?
,?,189484.39,?,,?, Craft-repair,?,?, Male,,,,?,?
,?,,?,,?,?, Husband,?,?,,,,?,?
38.579506,?,,?,10.067414,?, Craft-repair,?,?,?,,,,?,?
,?,189484.39,?,,?,?, Husband,?,?,,,,?,?
38.579506,?,189484.39,?,,?,?,?,?,?,,,,?,?
38.579506,?,, HS-grad,, Married-civ-spouse,?,?,?, Male,,,,?,?
,?,,?,,?,?, Husband,?,?,,87.670456,,?,?
,?,, HS-grad,10.067414, Married-civ-spouse,?,?,?,?,,,40.425713,?, <=50K
38.579506, Private,,?,,?,?,?,?,?,,,, United-States, <=50K
,?,,?,10.067414,?,?,?,?,?,,,,?,?
,?,,?,,?,?,?,?,?,,,, United-States,?
,?,, HS-grad,,?, Craft-repair,?,?,?,,,,?,?
38.579506,?,,?,,?, Craft-repair,?,?,?,,87.670456,, United-States,?
, Private,, HS-grad,10.067414,?,?,?,?,?,,,,?,?
,?,,?,, Married-civ-spouse,?,?,?,?,,,,?, <=50K
,?,,?,,?,?,?,?,?,1082.9701,87.670456,,?, <=50K
38.579506,?,,?,,?,?,?,?,?,,,40.425713,?, <=50K
,?,,?,,?,?,?, White,?,,,,?,?
,?,, HS-grad,10.067414,?,?,?,?, Male,,,40.425713,?,?
38.579506, Private,,?,,?,?,?,?,?,1082.9701,87.670456,,?,?
, Private,,?,10.067414,?,?,?,?,?,1082.9701,87.670456,40.425713,?,?
,?,,?,,?,?,?,?,?,,,,?,?
38.579506,?,,?,10.067414,?,?,?,?,?,,87.670456,,?, <=50K
38.579506,?,, HS-grad,, Married-civ-spouse,?,?,?, Male,,,40.425713,?,?
,?,,?,,?,?,?,?, Male,,,,?, <=50K
,?,189484.39,?,,?,?,?,?,?,,,,?,?
,?,,?,,?,?,?,?,?,,,,?,?
,?,,?,, Married-civ-spouse,?,?,?,?,,87.670456,,?,?
, Private,,?,, Married-civ-spouse,?,?, White,?,,,40.425713,?,?
,?,,?,,?,?, Husband,?,?,1082.9701,,40.425713,?,?
, Private,189484.39,?,,?,?, Husband,?,?,,,,?,?
,?,,?,,?,?, Husband,?,?,1082.9701,,40.425713,?,?
,?,,?,,?, Craft-repair,?, White,?,,87.670456,,?,?
, Private,,?,,?, Craft-repair,?, White,?,,,40.425713,?,?
,?,,?,,?, Craft-repair,?,?,?,1082.9701,,40.425713, United-States, <=50K
,?,,?,10.067414,?,?,?,?,?,,,,?,?
,?,,?,10.067414, Married-civ-spouse,?,?,?,?,,87.670456,,?, <=50K
,?,189484.39, HS-grad,,?,?, Husband,?, Male,,,40.425713,?,?
38.579506, Private,,?,,?,?,?,?,?,,87.670456,,?,?
,?,,?,,?,?,?,?,?,,,,?,?
,?,189484.39, HS-grad,,?, Craft-repair, Husband, White,?,,,, United-States,?
,?,189484.39,?,, Married-civ-spouse,?,?,?, Male,1082.9701,,,?,?
,?,189484.39,?,,?,?,?,?,?,,,,?,?
,?,,?,10.067414,?, Craft-repair,?,?,?,,,,?,?
,?,,?,, Married-civ-spouse,?, Husband,?,?,,,, United-States,?
38.579506,?,189484.39, HS-grad,,?,?, Husband,?,?,1082.9701,87.670456,,?, <=50K
,?,189484.39,?,, Married-civ-spouse,?,?, White,?,1082.9701,,, United-States,?
,?,,?,,?, Craft-repair,?,?,?,,,40.425713,?,?
,?,,?,10.067414,?,?, Husband,?,?,,,, United-States, <=50K
, Private,,?,,?, Craft-repair,?,?,?,1082.9701,,40.425713,?, <=50K
,?,,?,,?,?, Husband,?,?,,,,?,?
, Private,,?,,?,?,?, White,?,1082.9701,,,?,?
, Private,, HS-grad,,?,?,?,?,?,,,,?,?
,?,,?,,?,?,?,?,?,,,,?,?
,?,,?,,?,?,?,?,?,1082.9701,87.670456,,?,?
,?,189484.39,?,,?,?, Husband,?,?,,,,?,?
,?,,?,, Married-civ-spouse,?,?, White,?,1082.9701,,40.425713,?, <=50K
, Private,,?,, Married-civ-spouse,?,?,?,?,,,,?,?
,?,, HS-grad,,?,?,?,?,?,,,,?,?
,?,189484.39,?,,?,?,?,?,?,,,40.425713,?,?
38.579506, Private,,?,,?, Craft-repair,?,?,?,,,40.425713,?,?
,?,, HS-grad,, Married-civ-spouse,?,?,?,?,,,40.425713,?,?
,?,, HS-grad,,?, Craft-repair,?,?,?,1082.9701,,40.425713,?,?
, Private,, HS-grad,,?,?,?, White,?,,,,?,?
,?,,?,,?,?,?,?,?,,87.670456,40.425713,?,?
38.579506, Private,, HS-grad,,?,?,?, White,?,,,40.425713,?, <=50K
,?,,?,10.067414,?, Craft-repair,?, White,?,,,40.425713,?,?
,?,,?,10.067414,?,?,?,?,?,,,,?,?
, Private,189484.39,?,,?, Craft-repair,?, White,?,,87.670456,,?,?
,?,,?,,?,?,?, White, Male,,,,?,?
38.579506,?,,?,,?,?,?,?, Male,1082.9701,,, United-States,?
,?,,?,,?,?, Husband,?,?,,87.670456,,?,?
,?,,?,10.067414,?,?,?,?,?,,87.670456,,?, <=50K
38.579506,?,189484.39, HS-grad,, Married-civ-spouse,?,?, White,?,,87.670456,, United-States,?
38.579506,?,189484.39,?,,?, Craft-repair,?,?,?,,,40.425713,?,?
,?,,?,10.067414,?,?,?, White,?,,,, United-States,?
,?,,?,,?,?,?, White, Male,,,,?,?
38.579506, Private,,?,10.067414,?,?,?,?,?,,87.670456,,?,?
38.579506,?,,?,10.067414,?,?, Husband, White,?,,,,?,?
,?,,?,,?,?,?, White,?,,87.670456,, United-States,?
,?,,?,,?,?,?,?,?,1082.9701,,, United-States,?
,?,,?,,?,?,?,?,?,1082.9701,87.670456,,?,?
,?,,?,,?,?,?, White,?,,,,?, <=50K
,?,,?,,?, Craft-repair,?,?,?,1082.9701,87.670456,,?,?
,?,,?,, Married-civ-spouse,?,?,?,?,,,,?,?
,?,189484.39, HS-grad,10.067414,?, Craft-repair,?,?,?,,,,?, <=50K
,?,,?,,?, Craft-repair,?, White,?,,,,?,?
,?,,?,,?,?,?,?,?,,,,?,?
,?,, HS-grad,,?,?,?, White,?,,87.670456,40.425713,?,?
,?,,?,,?,?,?,?,?,,,,?,?
,?,,?,,?,?,?,?,?,,,, United-States,?
,?,,?,,?,?,?,?,?,,,,?,?
,?,,?,10.067414,?, Craft-repair, Husband,?,?,,,, United-States,?
, Private,189484.39,?,,?, Craft-repair,?,?,?,,87.670456,, United-States,?
, Private,,?,,?,?, Husband,?, Male,,,40.425713,?, <=50K
,?,,?,, Married-civ-spouse, Craft-repair, Husband,?,?,,87.670456,,?,?
,?,,?,,?,?,?,?,?,1082.9701,,40.425713,?,?
,?,, HS-grad,,?,?,?,?,?,,87.670456,, United-States,?
,?,, HS-grad,,?,?,?,?,?,,,, United-States, <=50K
,?,,?,,?,?, Husband, White, Male,,,40.425713, United-States,?
,?,,?,,?,?,?, White,?,,,40.425713, United-States,?
,?,,?,10.067414,?, Craft-repair,?,?, Male,,,,?,?
,?,, HS-grad,,?, Craft-repair,?,?,?,,,,?,?
, Private,,?,10.067414,?,?, Husband,?,?,,,,?,?
,?,,?,,?,?,?,?,?,,87.670456,,?, <=50K
,?,,?,,?,?,?,?,?,,,,?,?
, Private,,?,,?, Craft-repair, Husband, White,?,,,40.425713, United-States,?
38.579506,?,,?,,?,?,?,?,?,,,40.425713,?,?
38.579506,?,,?,,?,?,?,?,?,,,,?,?
, Private,189484.39,?,,?,?,?,?,?,1082.9701,,,?,?
,?,189484.39, HS-grad,,?, Craft-repair,?,?,?,,,, United-States, <=50K
,?,,?,,?,?,?,?,?,1082.9701,87.670456,,?,?
,?,,?,,?,?,?,?, Male,,,,?,?
,?,, HS-grad,, Married-civ-spouse, Craft-repair,?,?,?,,,,?,?
,?,,?,,?,?,?,?,?,,,,?,?
, Private,189484.39,?,,?, Craft-repair,?,?,?,,,, United-States,?
,?,,?,, Married-civ-spouse,?,?,?, Male,1082.9701,,40.425713,?,?
,?,, HS-grad,, Married-civ-spouse, Craft-repair, Husband,?,?,1082.9701,,,?,?
,?,189484.39,?,, Married-civ-spouse,?, Husband, White,?,,,,?, <=50K
, Private,, HS-grad,,?,?,?, White,?,,,,?, <=50K
, Private,,?,,?,?, Husband, White, Male,,,,?,?
,?,,?,10.067414,?,?,?,?,?,,,,?, <=50K
,?,,?,10.067414, Married-civ-spouse,?,?,?,?,,,,?,?
38.579506, Private,, HS-grad,,?,?,?,?,?,,87.670456,40.425713,?,?
38.579506,?,,?,10.067414,?,?,?,?, Male,,87.670456,,?,?
,?,,?,,?, Craft-repair,?,?,?,,87.670456,40.425713, United-States,?
, Private,, HS-grad,,?,?, Husband,?,?,,,, United-States,?
,?,,?,, Married-civ-spouse,?,?,?,?,,,40.425713,?,?
,?,,?,10.067414,?,?,?,?,?,,,,?, <=50K
,?,, HS-grad,10.067414,?,?,?,?,?,,,40.425713,?,?
,?,,?,10.067414,?, Craft-repair,?,?,?,,,, United-States,?
,?,189484.39,?,,?, Craft-repair, Husband,?,?,,,40.425713,?,?
,?,,?,10.067414,?, Craft-repair,?,?, Male,,87.670456,40.425713,?,?
38.579506, Private,189484.39, HS-grad,,?,?, Husband,?,?,,,,?,?
38.579506, Private,,?,10.067414,?,?, Husband,?,?,,,,?,?
,?,,?,10.067414, Married-civ-spouse,?,?, White,?,,,,?,?
,?,,?,10.067414,?,?,?,?,?,,,,?,?
38.579506,?,,?,,?,?, Husband,?,?,,,,?,?
,?,,?,10.067414, Married-civ-spouse,?,?, White,?,,87.670456,, United-States, <=50K
,?,,?,,?, Craft-repair,?, White,?,,,,?, <=50K
38.579506, Private,,?,10.067414,?,?,?,?,?,,87.670456,,?,?
,?,,?,10.067414,?,?,?,?,?,,,,?, <=50K
38.579506,?,,?,,?,?, Husband,?,?,,,, United-States,?
, Private,189484.39,?,,?, Craft-repair, Husband, White, Male,,,,?,?
,?,,?,, Married-civ-spouse,?,?,?, Male,,,40.425713, United-States,?
,?,,?,,?,?,?,?,?,,,,?,?
, Private,,?,10.067414,?,?,?,?,?,1082.9701,,,?,?
,?,,?,, Married-civ-spouse,?,?, White, Male,,87.670456,, United-States,?
,?,189484.39,?,,?,?,?,?,?,,,,?,?
,?,189484.39,?,,?,?,?,?,?,,,, United-States,?
38.579506,?,,?,, Married-civ-spouse,?, Husband,?,?,,,,?,?
,?,,?,,?, Craft-repair,?,?,?,,,,?,?
,?,,?,,?,?,?, White, Male,,87.670456,40.425713, United-States,?
,?,,?,,?,?,?,?,?,,,, United-States,?
38.579506, Private,189484.39,?,,?, Craft-repair, Husband,?,?,,,,?,?
38.579506,?,189484.39,?,,?,?,?,?,?,,,,?,?
,?,,?,,?,?,?, White,?,,,40.425713,?,?
,?,,?,,?,?,?,?,?,1082.9701,,,?,?
,?,, HS-grad,10.067414,?, Craft-repair,?,?, Male,,,,?, <=50K
38.579506, Private,,?,10.067414,?,?,?,?, Male,,,, United-States,?
,?,,?,10.067414,?,?, Husband,?,?,,,,?,?
, Private,,?,,?,?,?,?,?,,,,?,?
38.579506,?,,?,, Married-civ-spouse,?,?,?,?,,,,?,?
,?,,?,,?,?, Husband,?, Male,,,40.425713,?,?
, Private,,?,,?,?,?,?, Male,,,,?, <=50K
38.579506, Private,,?,,?,?, Husband,?,?,,87.670456,,?,?
,?,,?,, Married-civ-spouse,?, Husband,?,?,,,40.425713,?,?
38.579506,?,189484.39, HS-grad,10.067414,?,?,?, White, Male,,,,?,?
,?,,?,10.067414,?,?,?, White,?,,,,?,?
,?,,?,,?,?,?,?,?,,,,?,?
,?,,?,, Married-civ-spouse,?,?,?, Male,,,,?,?
,?,,?,,?,?,?,?, Male,,,40.425713, United-States, <=50K
, Private,,?,,?,?,?,?,?,,,,?,?
, Private,,?,,?,?, Husband, White,?,,,,?,?
,?,,?,10.067414, Married-civ-spouse,?, Husband,?,?,,87.670456,, United-States,?
, Private,189484.39,?,,?,?, Husband,?, Male,,,,?,?
,?,,?,,?, Craft-repair,?, White,?,,,,?, <=50K
,?,,?,,?, Craft-repair,?, White,?,,,40.425713,?,?
,?,,?,,?, Craft-repair, Husband, White,?,,,,?,?
,?,,?,, Married-civ-spouse, Craft-repair, Husband,?, Male,,87.670456,,?, <=50K
,?,,?,10.067414,?,?,?,?,?,,,,?,?
,?,,?,,?,?,?,?,?,,,,?, <=50K
,?,,?,,?,?, Husband,?,?,,87.670456,, United-States,?
38.579506,?,,?,,?,?,?,?,?,,,,?,?
,?,, HS-grad,, Married-civ-spouse, Craft-repair, Husband, White,?,,,40.425713,?,?
38.579506,?,, HS-grad,, Married-civ-spouse,?,?,?, Male,1082.9701,,,?,?
38.579506,?,,?,, Married-civ-spouse,?,?,?,?,,,,?,?
,?,,?,,?,?,?,?,?,,,,?,?
,?,,?,,?, Craft-repair,?, White,?,1082.9701,87.670456,40.425713, United-States,?
,?,, HS-grad,,?,?,?,?,?,,,,?,?
,?,, HS-grad,,?,?,?,?, Male,,,,?,?
, Private,,?,, Married-civ-spouse,?,?,?,?,,,,?,?
,?,,?,,?,?,?,?, Male,1082.9701,,, United-States,?
38.579506,?,,?,,?, Craft-repair,?, White,?,1082.9701,,,?,?
,?,, HS-grad,,?,?,?,?, Male,,,40.425713,?,?
,?,,?,,?,?,?, White,?,,,,?,?
, Private,,?,, Married-civ-spouse,?,?, White, Male,,87.670456,,?,?
38.579506,?,, HS-grad,10.067414,?, Craft-repair, Husband,?,?,,,,?,?
,?,,?,,?,?, Husband,?,?,,,,?,?
,?,,?,, Married-civ-spouse,?, Husband,?,?,,,, United-States,?
,?,, HS-grad,10.067414,?,?,?, White,?,,,,?,?
,?,,?,,?,?, Husband,?,?,,,40.425713,?,?
,?,,?,,?, Craft-repair,?,?,?,,87.670456,40.425713,?,?
,?,,?,,?,?,?,?, Male,1082.9701,,,?,?
,?,,?,,?,?,?,?,?,,,, United-States,?
,?,, HS-grad,,?,?,?,?,?,,,40.425713,?,?
, Private,,?,,?, Craft-repair,?,?,?,1082.9701,,,?,?
,?,, HS-grad,,?,?, Husband,?, Male,,,,?,?
,?,,?,,?,?,?,?,?,,87.670456,,?,?
,?,,?,,?,?,?,?,?,,,,?,?
,?,,?,,?,?,?,?,?,,,,?,?
,?,189484.39,?,,?,?, Husband,?, Male,,,,?,?
,?,,?,10.067414,?,?,?,?, Male,,,,?,?
38.579506, Private,,?,10.067414, Married-civ-spouse, Craft-repair,?,?, Male,,,40.425713, United-States,?
,?,189484.39,?,,?,?,?,?, Male,,,,?, <=50K
38.579506,?,, HS-grad,,?,?,?,?,?,1082.9701,,,?,?
, Private,,?,,?,?,?,?, Male,,,,?,?
38.579506,?,,?,,?,?, Husband,?,?,,,,?,?
38.579506,?,, HS-grad,,?,?,?, White,?,,,,?,?
38.579506,?,, HS-grad,,?,?,?,?,?,1082.9701,,,?,?
,?,,?,,?,?,?,?,?,,,,?,?
38.579506, Private,,?,,?, Craft-repair, Husband,?,?,,,, United-States, <=50K
,?,,?,,?,?,?,?,?,,,,?,?
38.579506,?,, HS-grad,,?,?, Husband,?,?,,,, United-States,?
38.579506,?,,?,, Married-civ-spouse, Craft-repair,?,?,?,,,,?, <=50K
, Private,,?,,?,?,?,?,?,,,, United-States,?
,?,189484.39,?,, Married-civ-spouse,?,?,?,?,,87.670456,,?,?
,?,,?,10.067414,?,?, Husband,?,?,,,,?,?
,?,,?,,?,?, Husband,?,?,,,,?, <=50K
, Private,, HS-grad,10.067414,?,?,?, White,?,,,40.425713,?,?
,?,,?,,?,?,?,?,?,1082.9701,,,?,?
,?,,?,,?,?,?,?,?,,,,?,?
,?,,?,,?,?,?, White,?,,,,?,?
,?,,?,,?, Craft-repair,?,?,?,,87.670456,,?,?
38.579506,?,,?,,?,?,?,?,?,1082.9701,,,?,?
,?,189484.39,?,,?, Craft-repair,?,?,?,1082.9701,,,?,?
,?,189484.39,?,, Married-civ-spouse,?,?,?, Male,1082.9701,,,?, <=50K
,?,, HS-grad,,?,?,?, White, Male,,,, United-States, <=50K
,?,189484.39, HS-grad,, Married-civ-spouse,?, Husband, White,?,,,, United-States,?
,?,,?,,?,?, Husband,?, Male,,87.670456,,?,?
,?,189484.39,?,10.067414,?,?,?, White,?,,,40.425713, United-States, <=50K
,?,,?,10.067414,?, Craft-repair,?, White,?,,87.670456,, United-States,?
,?,,?,10.067414,?, Craft-repair,?,?,?,,,40.425713,?,?
,?,,?,10.067414,?, Craft-repair,?,?,?,,,,?,?
,?,,?,10.067414,?,?,?,?,?,,87.670456,40.425713,?,?
,?,,?,10.067414, Married-civ-spouse,?,?,?, Male,,,40.425713,?,?
, Private,189484.39, HS-grad,,?,?,?,?, Male,,,,?, <=50K
38.579506,?,,?,,?,?,?,?,?,,87.670456,40.425713,?,?
38.579506,?,,?,,?, Craft-repair,?,?,?,1082.9701,,,?,?
38.579506, Private,,?,10.067414,?,?,?,?, Male,,87.670456,,?, <=50K
,?,,?,,?, Craft-repair,?,?,?,1082.9701,,,?,?
,?,,?,, Married-civ-spouse,?,?,?, Male,1082.9701,,,?,?
,?,, HS-grad,,?,?,?,?,?,,,,?, <=50K
,?,,?,,?, Craft-repair,?, White,?,,,, United-States,?
,?,,?,,?,?,?,?,?,,87.670456,, United-States,?
38.579506,?,,?,,?,?, Husband,?,?,,87.670456,,?,?
,?,,?,,?,?,?,?,?,,,, United-States, <=50K
,?,,?,,?, Craft-repair,?,?,?,,,,?,?
38.579506,?,, HS-grad,,?,?,?,?,?,,87.670456,,?,?
,?,, HS-grad,,?,?,?,?,?,,,,?,?
38.579506, Private,, HS-grad,,?,?,?, White,?,,,,?, <=50K
,?,,?,,?,?,?,?,?,1082.9701,,,?, <=50K
38.579506,?,,?,,?,?,?,?, Male,,,, United-States,?
,?,,?,10.067414,?,?,?, White, Male,,,, United-States,?
, Private,,?,,?,?,?,?,?,,,, United-States,?
, Private,,?,,?, Craft-repair, Husband,?,?,,,,?,?
,?,,?,,?, Craft-repair,?,?, Male,1082.9701,,,?,?
38.579506,?,,?,,?,?,?,?,?,1082.9701,,,?,?
38.579506, Private,,?,,?,?,?, White,?,,,,?,?
38.579506,?,,?,,?,?,?,?,?,,87.670456,,?,?
,?,,?,,?,?, Husband,?,?,1082.9701,,,?, <=50K
, Private,,?,,?,?, Husband, White,?,1082.9701,,,?,?
,?,,?,, Married-civ-spouse,?, Husband, White,?,,,, United-States,?
, Private,,?,,?, Craft-repair,?,?,?,,,,?,?
,?,,?,10.067414,?,?,?,?, Male,,,,?,?
38.579506,?,,?,,?,?,?,?, Male,,,,?, <=50K
, Private,,?,,?,?,?,?, Male,,,,?, <=50K
,?,189484.39, HS-grad,,?,?, Husband,?,?,,87.670456,,?, <=50K
,?,,?,,?,?, Husband,?, Male,,87.670456,,?,?
,?,,?,10.067414,?,?, Husband,?,?,,,, United-States,?
,?,,?,,?,?,?,?,?,1082.9701,,40.425713,?,?
38.579506, Private,189484.39,?,,?,?,?,?,?,,,,?,?
,?,189484.39,?,,?,?,?,?, Male,,,,?,?
,?,,?,, Married-civ-spouse,?,?, White,?,,,,?,?
,?,, HS-grad,,?,?,?,?, Male,1082.9701,,,?,?
,?,,?,,?, Craft-repair,?,?,?,,87.670456,,?,?
,?,189484.39,?,,?,?,?,?,?,1082.9701,87.670456,, United-States,?
,?,,?,,?,?,?,?,?,,,,?,?
,?,,?,,?,?,?,?,?,,,40.425713,?,?
, Private,,?,,?, Craft-repair,?,?,?,,87.670456,,?,?
, Private,,?,,?, Craft-repair,?,?,?,,87.670456,,?,?
,?,,?,,?,?,?,?,?,,87.670456,,?,?
,?,,?,10.067414,?,?,?,?,?,1082.9701,,40.425713,?, <=50K
,?,,?,, Married-civ-spouse,?,?,?,?,,,,?,?
,?,,?,, Married-civ-spouse, Craft-repair,?,?, Male,,,40.425713,?,?
, Private,, HS-grad,,?,?,?,?,?,,,, United-States,?
,?,,?,,?,?, Husband,?,?,,,,?,?
38.579506,?,189484.39,?,,?, Craft-repair,?,?,?,,,40.425713,?,?
,?,,?,,?,?,?,?,?,,,, United-States,?
,?,189484.39,?,10.067414,?, Craft-repair,?,?,?,,,,?,?
, Private,,?,, Married-civ-spouse,?, Husband, White,?,,,, United-States,?
,?,,?,10.067414, Married-civ-spouse,?,?,?,?,,87.670456,,?, <=50K
,?,189484.39,?,,?,?, Husband,?, Male,,,,?,?
,?,,?,,?,?,?,?,?,,,,?,?
,?,,?,,?,?, Husband,?,?,,,40.425713,?, <=50K
38.579506,?,,?,, Married-civ-spouse,?,?,?, Male,,,,?,?
38.579506, Private,,?,,?,?,?, White,?,,87.670456,,?,?
,?,, HS-grad,10.067414,?,?,?,?,?,,,,?,?
,?,,?,, Married-civ-spouse,?,?,?,?,,,40.425713, United-States,?
,?,,?,,?, Craft-repair,?,?,?,,,,?,?
,?,,?,,?, Craft-repair,?,?,?,,,, United-States,?
,?,,?,, Married-civ-spouse,?, Husband,?,?,1082.9701,,, United-States,?
,?,,?,,?,?,?,?,?,1082.9701,,,?,?
,?,,?,,?,?,?,?,?,,,, United-States,?
, Private,,?,,?,?,?,?,?,,,,?,?
,?,, HS-grad,,?,?,?,?,?,1082.9701,,40.425713,?,?
, Private,, HS-grad,10.067414,?,?,?, White,?,,,, United-States,?
38.579506,?,,?,,?,?,?,?,?,,87.670456,40.425713,?,?
, Private,, HS-grad,10.067414, Married-civ-spouse,?,?,?,?,,,,?, <=50K
,?,,?,,?,?,?,?,?,,,,?,?
,?,,?,,?,?, Husband,?,?,,,,?,?
38.579506,?,,?,,?, Craft-repair,?,?,?,,87.670456,,?,?
,?,189484.39, HS-grad,,?,?, Husband, White,?,,,,?,?
38.579506,?,,?,,?,?,?, White,?,,,,?,?
,?,,?,, Married-civ-spouse, Craft-repair,?,?,?,1082.9701,87.670456,,?, <=50K
, Private,, HS-grad,, Married-civ-spouse,?,?,?,?,1082.9701,,40.425713,?,?
, Private,,?,,?, Craft-repair,?,?,?,,,, United-States,?
,?,,?,,?,?,?,?,?,,,, United-States,?
,?,, HS-grad,, Married-civ-spouse,?,?, White, Male,1082.9701,,,?,?
, Private,189484.39, HS-grad,,?, Craft-repair, Husband,?,?,,,,?,?
38.579506,?,189484.39,?,,?,?, Husband,?,?,,,,?,?
,?,,?,10.067414, Married-civ-spouse,?,?,?,?,,,,?,?
,?,, HS-grad,,?, Craft-repair,?,?,?,,87.670456,,?,?
,?,189484.39, HS-grad,,?,?, Husband,?,?,,,,?,?
,?,, HS-grad,,?,?,?,?,?,,,40.425713,?,?
,?,,?,,?, Craft-repair, Husband,?,?,,,,?,?
,?,,?,10.067414,?,?,?,?, Male,,,,?,?
38.579506,?,189484.39,?,10.067414,?,?,?,?,?,,,,?,?
,?,,?,10.067414,?,?, Husband,?,?,1082.9701,,,?, <=50K
, Private,,?,,?, Craft-repair,?,?,?,,,,?,?
,?,189484.39,?,10.067414,?,?,?, White,?,,,,?, <=50K
,?,,?,10.067414,?,?,?,?, Male,,87.670456,,?,?
,?,,?,,?, Craft-repair,?,?,?,,,,?,?
,?,,?,, Married-civ-spouse,?,?, White,?,1082.9701,,,?,?
,?,, HS-grad,,?,?,?,?, Male,,,,?, <=50K
,?,,?,,?,?,?,?,?,,,, United-States,?
38.579506,?,,?,,?,?, Husband,?,?,,,, United-States,?
,?,189484.39,?,,?,?,?, White, Male,,,, United-States,?
, Private,189484.39,?,, Married-civ-spouse,?,?,?, Male,,,, United-States,?
,?,,?,,?,?,?,?,?,,87.670456,,?,?
38.579506,?,, HS-grad,,?,?, Husband, White,?,,87.670456,,?,?
, Private,,?,10.067414,?,?,?,?,?,,,,?,?
38.579506,?,, HS-grad,,?,?,?,?, Male,1082.9701,,, United-States,?
,?,,?,, Married-civ-spouse,?,?, White,?,,,40.425713,?,?
,?,, HS-grad,, Married-civ-spouse,?,?, White,?,1082.9701,,,?,?
,?,, HS-grad,,?,?,?, White,?,,,,?,?
,?,189484.39,?,,?,?,?, White,?,,,40.425713,?,?
,?,,?,,?,?, Husband,?,?,,,40.425713,?,?
38.579506,?,, HS-grad,,?,?,?,?,?,1082.9701,,,?, <=50K
,?,,?,, Married-civ-spouse,?,?,?,?,,,,?,?
,?,, HS-grad,,?, Craft-repair, Husband,?, Male,,,,?,?
,?,,?,10.067414,?, Craft-repair,?, White,?,,,, United-States, <=50K
, Private,,?,,?, Craft-repair,?,?,?,,,,?, <=50K
38.579506,?,, HS-grad,,?,?,?,?,?,,,,?,?
38.579506,?,,?,,?,?,?,?,?,1082.9701,,,?, <=50K
,?,, HS-grad,,?,?,?, White,?,,,,?, <=50K
,?,, HS-grad,,?,?, Husband, White,?,,,,?,?
, Private,,?,,?,?, Husband,?,?,,,40.425713,?,?
,?,,?,,?,?,?, White, Male,1082.9701,87.670456,40.425713,?,?
,?,189484.39, HS-grad,,?,?,?,?,?,,,,?,?
,?,,?,,?,?, Husband, White,?,1082.9701,,, United-States,?
,?,,?,10.067414, Married-civ-spouse,?, Husband,?,?,1082.9701,,40.425713,?,?
38.579506, Private,189484.39,?,,?,?,?,?,?,,,,?, <=50K
38.579506,?,189484.39,?,, Married-civ-spouse,?,?, White,?,,,,?,?
,?,,?,,?,?,?,?,?,,,,?,?
,?,,?,,?,?,?,?,?,1082.9701,,,?,?
,?,189484.39,?,10.067414,?, Craft-repair,?,?,?,,87.670456,40.425713,?,?
, Private,189484.39,?,,?,?,?,?,?,,,,?,?
, Private,,?,10.067414,?,?,?,?,?,,,40.425713,?,?
,?,,?,,?,?,?,?,?,1082.9701,,40.425713,?, <=50K
,?,,?,,?,?,?,?,?,,87.670456,40.425713,?,?
38.579506,?,,?,,?,?,?, White, Male,,,,?,?
,?,, HS-grad,,?,?,?, White,?,,,,?,?
,?,,?,10.067414, Married-civ-spouse,?,?,?,?,,87.670456,,?,?
,?,,?,10.067414,?,?,?,?,?,,87.670456,40.425713,?,?
, Private,,?,,?,?,?,?,?,,,40.425713,?, <=50K
38.579506, Private,,?,,?,?,?,?,?,,,40.425713, United-States,?
, Private,,?,, Married-civ-spouse,?,?,?,?,,,,?,?
,?,189484.39,?,,?,?, Husband,?,?,,,,?,?
,?,,?,10.067414, Married-civ-spouse, Craft-repair,?,?,?,,,,?,?
,?,, HS-grad,, Married-civ-spouse,?, Husband,?,?,,,,?, <=50K
38.579506,?,,?,,?,?, Husband,?, Male,,,,?,?
, Private,,?,,?,?,?, White,?,,,, United-States,?
,?,,?,10.067414,?,?,?,?,?,,,, United-States,?
, Private,,?,,?,?,?,?,?,1082.9701,,,?,?
38.579506,?,,?,,?,?,?,?,?,1082.9701,,, United-States, <=50K
38.579506,?,, HS-grad,,?,?,?,?, Male,,,40.425713,?,?
,?,, HS-grad,,?,?,?,?, Male,,,,?, <=50K
,?,,?,,?,?,?,?,?,,,,?,?
,?,,?,,?,?,?,?,?,,,40.425713,?,?
,?,,?,,?,?,?, White,?,,,,?,?
,?,,?,,?,?,?,?,?,,87.670456,,?,?
,?,, HS-grad,,?, Craft-repair,?, White,?,1082.9701,,, United-States, <=50K
,?,,?,,?,?,?,?,?,,87.670456,,?,?
,?,189484.39,?,, Married-civ-spouse,?,?, White, Male,,,,?, <=50K
, Private,,?,,?,?,?, White,?,,,,?,?
,?,, HS-grad,,?,?,?,?,?,,87.670456,,?,?
, Private,,?,10.067414,?,?,?, White,?,,87.670456,40.425713,?, <=50K
,?,,?,,?, Craft-repair,?,?,?,1082.9701,,,?,?
38.579506, Private,, HS-grad,10.067414,?,?,?,?,?,1082.9701,,,?,?
,?,,?,,?,?,?, White,?,,87.670456,,?, <=50K
,?,189484.39,?,,?, Craft-repair,?,?, Male,,,,?, <=50K
,?,189484.39,?,, Married-civ-spouse,?,?,?,?,,,,?,?
38.579506,?,,?,, Married-civ-spouse,?,?,?,?,,87.670456,,?,?
38.579506,?,,?,,?,?,?,?, Male,,87.670456,,?,?
38.579506,?,,?,,?,?,?, White,?,,,, United-States,?
38.579506, Private,,?,,?,?,?,?,?,,87.670456,40.425713,?,?
38.579506, Private,189484.39,?,, Married-civ-spouse,?,?,?,?,,,,?,?
, Private,189484.39,?,,?,?,?, White,?,1082.9701,,,?,?
, Private,,?,10.067414,?, Craft-repair,?,?, Male,,,40.425713,?, <=50K
,?,189484.39,?,,?, Craft-repair,?,?,?,,,,?,?
,?,,?,10.067414,?,?,?,?,?,,,,?,?
38.579506,?,,?,, Married-civ-spouse, Craft-repair,?,?,?,,,,?,?
,?,189484.39,?,, Married-civ-spouse,?,?,?,?,,,, United-States,?
,?,,?,, Married-civ-spouse,?,?,?,?,,,,?, <=50K
,?,,?,, Married-civ-spouse,?, Husband,?,?,1082.9701,,,?,?
,?,,?,, Married-civ-spouse,?,?,?,?,,,40.425713, United-States, <=50K
,?,189484.39,?,,?,?,?,?,?,,,,?,?
38.579506,?,,?,,?,?,?, White,?,,,,?,?
,?,189484.39,?,, Married-civ-spouse,?,?, White,?,,,,?,?
38.579506,?,189484.39, HS-grad,,?, Craft-repair,?,?,?,1082.9701,,,?, <=50K
38.579506,?,189484.39,?,,?,?, Husband,?,?,1082.9701,,,?, <=50K
,?,, HS-grad,,?,?,?, White,?,,87.670456,,?,?
,?,,?,, Married-civ-spouse,?,?,?,?,1082.9701,,40.425713,?, <=50K
,?,,?,10.067414,?,?, Husband,?,?,1082.9701,,,?,?
, Private,189484.39, HS-grad,,?,?,?, White,?,,,,?, <=50K
, Private,189484.39,?,,?,?,?,?,?,,,,?,?
,?,,?,, Married-civ-spouse, Craft-repair,?, White,?,,,,?,?
,?,, HS-grad,,?,?,?,?,?,1082.9701,,,?,?
,?,,?,,?,?,?,?, Male,,,40.425713,?,?
,?,189484.39,?,10.067414,?, Craft-repair, Husband,?,?,,,,?,?
,?,, HS-grad,,?,?,?, White,?,,,, United-States,?
,?,,?,,?, Craft-repair,?, White,?,,,40.425713,?,?
38.579506,?,,?,, Married-civ-spouse,?,?,?,?,,,,?,?
,?,,?,10.067414,?,?,?, White, Male,,,,?,?
,?,189484.39,?,,?,?,?,?,?,,,,?,?
,?,,?,, Married-civ-spouse, Craft-repair,?,?,?,1082.9701,,,?,?
,?,,?,,?,?,?, White,?,,,40.425713,?,?
, Private,189484.39,?,,?,?,?,?,?,,87.670456,,?,?
38.579506,?,,?,10.067414,?,?,?,?,?,,,, United-States,?
,?,, HS-grad,,?,?,?,?,?,,,,?,?
, Private,189484.39,?,,?,?,?,?,?,,,, United-States,?
,?,, HS-grad,,?,?,?, White,?,,,40.425713,?,?
38.579506,?,,?,,?,?,?,?,?,,,,?,?
,?,,?,,?,?, Husband,?,?,,87.670456,,?,?
,?,,?,,?,?, Husband,?,?,,,,?,?
,?,,?,,?,?,?,?,?,1082.9701,,40.425713, United-States, <=50K
,?,,?,,?,?, Husband, White,?,1082.9701,,40.425713,?,?
38.579506, Private,189484.39, HS-grad,,?,?,?,?,?,,,40.425713,?,?
,?,,?,,?,?,?,?, Male,,,40.425713,?,?
38.579506,?,, HS-grad,,?,?,?, White, Male,,,40.425713, United-States,?
,?,189484.39,?,,?,?,?,?,?,,,,?,?
,?,,?,,?,?,?, White,?,,,, United-States,?
,?,,?,, Married-civ-spouse, Craft-repair, Husband,?,?,,,, United-States,?
,?,189484.39, HS-grad,,?, Craft-repair,?,?,?,,,40.425713,?,?
, Private,,?,,?, Craft-repair, Husband, White,?,,,,?, <=50K
38.579506,?,,?,,?,?, Husband,?, Male,,,,?, <=50K
38.579506,?,189484.39,?,,?,?,?,?,?,1082.9701,,,?,?
, Private,,?,,?,?,?,?,?,,,,?,?
,?,, HS-grad,,?,?,?, White, Male,,,,?,?
,?,189484.39, HS-grad,, Married-civ-spouse,?, Husband,?,?,,87.670456,,?,?
,?,,?,,?, Craft-repair,?,?, Male,,,,?, <=50K
38.579506,?,189484.39,?,10.067414,?,?, Husband, White,?,,,, United-States,?
38.579506,?,,?,,?, Craft-repair,?,?, Male,,,,?,?
,?,,?,,?,?,?,?,?,,,, United-States,?
,?,,?,,?,?, Husband,?,?,,,,?,?
,?,,?,10.067414,?,?,?, White, Male,1082.9701,,,?,?
, Private,,?,10.067414, Married-civ-spouse,?,?,?,?,,,,?,?
,?,,?,,?,?,?,?,?,,,,?,?
,?,189484.39, HS-grad,,?,?,?,?,?,,87.670456,,?,?
,?,, HS-grad,,?, Craft-repair,?,?,?,,,40.425713,?,?
38.579506,?,,?,,?,?,?,?,?,1082.9701,,, United-States, <=50K
,?,,?,,?,?,?,?, Male,1082.9701,,,?,?
,?,,?,, Married-civ-spouse,?,?,?, Male,,,,?,?
,?,,?,10.067414,?,?,?,?,?,1082.9701,,40.425713,?,?
,?,, HS-grad,,?,?,?,?,?,,,,?,?
,?,,?,,?,?,?,?,?,,,40.425713,?,?
,?,,?,,?,?,?,?,?,,,40.425713,?,?
,?,, HS-grad,,?,?, Husband,?,?,,,, United-States, <=50K
,?,, HS-grad,,?,?,?,?,?,,,, United-States, <=50K
,?,, HS-grad,10.067414,?,?,?,?,?,,,, United-States,?
38.579506,?,,?,,?,?,?,?,?,,,40.425713,?,?
,?,,?,,?,?,?,?,?,1082.9701,,,?,?
,?,,?,,?, Craft-repair,?,?,?,,87.670456,,?,?
, Private,,?,,?,?,?,?,?,,87.670456,, United-States, <=50K
,?,,?,,?, Craft-repair,?,?,?,1082.9701,,, United-States,?
,?,189484.39,?,,?,?, Husband,?,?,,,,?, <=50K
,?,,?,10.067414,?, Craft-repair, Husband,?,?,,,, United-States,?
,?,, HS-grad,10.067414,?,?,?,?, Male,,87.670456,40.425713,?,?
,?,, HS-grad,,?,?,?,?,?,,,, United-States,?
,?,,?,,?,?, Husband,?,?,,,,?,?
,?,, HS-grad,,?, Craft-repair,?,?,?,,,40.425713,?,?
38.579506,?,,?,10.067414,?, Craft-repair,?, White,?,,,,?,?
,?,, HS-grad,,?,?,?, White, Male,,87.670456,, United-States,?
, Private,,?,,?,?,?,?,?,,,, United-States,?
, Private,, HS-grad,,?, Craft-repair,?,?,?,,,,?,?
38.579506,?,189484.39,?,,?, Craft-repair,?,?,?,,,,?, <=50K
, Private,,?,, Married-civ-spouse,?,?,?,?,,,,?,?
,?,,?,,?,?,?, White,?,,,40.425713,?, <=50K
,?,189484.39, HS-grad,,?,?, Husband,?,?,,,,?,?
,?,,?,, Married-civ-spouse,?,?,?,?,,,,?,?
,?,189484.39,?,,?,?,?,?, Male,,,,?, <=50K
, Private,, HS-grad,10.067414,?,?,?, White, Male,,,,?,?
,?,,?,, Married-civ-spouse,?,?,?,?,,,,?,?
,?,189484.39,?,10.067414, Married-civ-spouse,?,?,?,?,1082.9701,87.670456,40.425713,?,?
,?,,?,10.067414, Married-civ-spouse,?,?,?, Male,,,,?,?
,?,,?,,?,?,?,?,?,1082.9701,,,?,?
,?,,?,,?, Craft-repair,?,?,?,,,,?,?
,?,, HS-grad,,?, Craft-repair,?,?,?,,,40.425713,?, <=50K
38.579506,?,,?,,?,?,?,?,?,1082.9701,,,?,?
38.579506, Private,,?,, Married-civ-spouse, Craft-repair,?,?,?,,87.670456,40.425713, United-States, <=50K
, Private,,?,10.067414,?,?,?,?,?,,,,?,?
,?,,?,, Married-civ-spouse,?, Husband,?, Male,1082.9701,,,?,?
,?,,?,10.067414,?,?, Husband,?,?,,,,?, <=50K
,?,,?,, Married-civ-spouse, Craft-repair, Husband,?,?,1082.9701,,,?,?
,?,,?,,?,?,?,?,?,,,, United-States,?
,?,,?,, Married-civ-spouse,?,?,?,?,,,,?,?
38.579506,?,,?,,?,?,?,?,?,1082.9701,87.670456,,?,?
38.579506,?,,?,, Married-civ-spouse,?,?,?,?,,,40.425713,?,?
,?,,?,, Married-civ-spouse,?,?,?,?,,87.670456,,?,?
,?,,?,,?, Craft-repair,?, White,?,1082.9701,,,?,?
,?,,?,,?,?,?,?,?,,,40.425713,?,?
,?,189484.39, HS-grad,,?,?,?,?,?,,,,?,?
38.579506,?,,?,,?,?,?,?,?,,,40.425713,?,?
,?,,?,10.067414,?,?, Husband, White,?,,87.670456,, United-States,?
,?,,?,10.067414,?,?, Husband,?, Male,,,40.425713, United-States, <=50K
,?,,?,10.067414,?,?,?,?,?,,,,?,?
,?,, HS-grad,,?,?,?,?,?,,,,?,?
,?,,?,,?,?,?,?,?,,,,?,?
,?,,?,,?,?,?,?,?,,,40.425713, United-States,?
,?,,?,,?,?,?,?,?,,,,?,?
, Private,,?,,?,?,?,?,?,,,,?,?
38.579506,?,,?,,?,?,?,?,?,1082.9701,,, United-States,?
,?,189484.39, HS-grad,10.067414,?, Craft-repair, Husband,?,?,,,40.425713,?,?
,?,,?,,?,?,?,?,?,,,,?,?
,?,,?,,?,?, Husband,?, Male,,,, United-States,?
, Private,189484.39,?,,?,?, Husband,?, Male,,,,?, <=50K
,?,,?,,?,?, Husband,?,?,,,40.425713,?,?
,?,,?,,?, Craft-repair,?,?,?,,,40.425713,?,?
,?,,?,,?, Craft-repair,?,?,?,,,,?,?
,?,,?,,?,?,?,?,?,,87.670456,,?,?
38.579506, Private,,?,,?, Craft-repair,?, White,?,,87.670456,, United-States, <=50K
,?,,?,,?,?,?,?,?,,,,?,?
,?,189484.39, HS-grad,,?,?,?,?,?,,,,?,?
,?,,?,,?,?,?,?, Male,1082.9701,,, United-States,?
,?,,?,,?,?,?, White,?,,,,?,?
,?,,?,10.067414,?,?,?,?, Male,,87.670456,,?,?
,?,, HS-grad,10.067414, Married-civ-spouse,?,?,?,?,,,,?,?
38.579506,?,,?,,?,?,?,?,?,,,,?,?
38.579506,?,,?,,?, Craft-repair,?,?,?,,,, United-States,?
38.579506, Private,,?,,?,?,?,?,?,,,,?, <=50K
38.579506,?,,?,10.067414,?,?,?, White,?,,,,?,?
38.579506, Private,,?,,?, Craft-repair, Husband,?, Male,,,40.425713, United-States,?
, Private,,?,10.067414, Married-civ-spouse,?,?,?,?,,87.670456,, United-States,?
,?,,?,,?,?,?,?,?,,,40.425713, United-States,?
,?,,?,,?,?, Husband,?,?,,,,?,?
38.579506,?,,?,,?,?,?,?,?,,,,?,?
,?,,?,,?,?,?,?,?,,87.670456,,?, <=50K
,?,,?,,?,?,?,?,?,,,,?,?
,?,189484.39,?,, Married-civ-spouse,?, Husband,?,?,1082.9701,,,?,?
, Private,,?,10.067414, Married-civ-spouse,?, Husband,?, Male,,,,?,?
,?,,?,10.067414,?, Craft-repair,?,?, Male,,,,?,?
,?,,?,,?,?,?,?,?,,,, United-States,?
38.579506,?,189484.39,?,,?,?,?,?,?,,,,?, <=50K
,?,,?,,?,?,?,?,?,,,,?,?
,?,189484.39,?,,?,?,?, White,?,,,,?,?
,?,, HS-grad,,?,?,?,?,?,,,40.425713,?,?
,?,, HS-grad,,?,?, Husband,?,?,,,, United-States,?
,?,,?,,?, Craft-repair,?, White,?,,,,?,?
,?,,?,10.067414,?, Craft-repair,?,?,?,,,40.425713, United-States,?
,?,189484.39,?,,?,?,?,?, Male,,,,?,?
,?,,?,,?,?,?,?,?,,,,?, <=50K
, Private,189484.39, HS-grad,,?, Craft-repair,?, White,?,,,,?,?
,?,,?,,?,?,?, White,?,1082.9701,87.670456,,?,?
38.579506,?,189484.39, HS-grad,,?, Craft-repair,?, White,?,,,,?,?
,?,,?,, Married-civ-spouse,?, Husband,?,?,,,, United-States, <=50K
,?,,?,, Married-civ-spouse,?,?,?,?,,,,?,?
,?,,?,, Married-civ-spouse,?,?,?, Male,1082.9701,,40.425713, United-States,?
38.579506,?,189484.39, HS-grad,, Married-civ-spouse,?,?,?,?,1082.9701,,,?,?
,?,,?,, Married-civ-spouse, Craft-repair,?,?,?,1082.9701,,, United-States, <=50K
,?,,?,,?,?,?,?,?,,,, United-States,?
,?,, HS-grad,,?,?, Husband, White,?,,,, United-States,?
38.579506, Private,,?,,?, Craft-repair,?, White,?,,,,?, <=50K
,?,, HS-grad,, Married-civ-spouse,?,?,?,?,,,,?,?
38.579506,?,,?,,?,?,?,?, Male,,,,?,?
,?,,?,,?,?,?,?,?,,,40.425713,?,?
,?,, HS-grad,,?,?,?,?,?,1082.9701,87.670456,, United-States,?
,?,, HS-grad,, Married-civ-spouse, Craft-repair,?, White,?,,,,?,?
,?,,?,, Married-civ-spouse,?,?,?, Male,,,,?,?
,?,189484.39,?,, Married-civ-spouse,?, Husband,?,?,,87.670456,,?,?
, Private,,?,10.067414,?,?,?, White,?,,,,?,?
,?,,?,10.067414, Married-civ-spouse, Craft-repair,?,?, Male,,,,?, <=50K
38.579506,?,189484.39,?,, Married-civ-spouse,?,?,?,?,,,,?,?
,?,,?,10.067414,?,?,?,?,?,,,40.425713,?,?
,?,,?,,?, Craft-repair, Husband, White,?,1082.9701,,,?,?
,?,189484.39,?,10.067414, Married-civ-spouse,?,?,?,?,,87.670456,,?,?
,?,, HS-grad,,?, Craft-repair,?,?,?,,,,?,?
,?,,?,, Married-civ-spouse,?,?,?, Male,,,,?,?
38.579506,?,189484.39,?,10.067414,?, Craft-repair, Husband,?,?,,87.670456,40.425713,?,?
38.579506,?,,?,,?, Craft-repair,?,?, Male,,,,?,?
,?,,?,,?, Craft-repair, Husband,?, Male,,87.670456,,?,?
,?,,?,,?,?,?, White,?,1082.9701,,40.425713,?,?
,?,,?,, Married-civ-spouse,?,?,?,?,,,,?, <=50K
,?,,?,,?,?,?,?,?,,,, United-States,?
38.579506, Private,,?,10.067414,?, Craft-repair,?,?, Male,1082.9701,,,?,?
38.579506,?,,?,,?,?, Husband,?,?,,,,?, <=50K
,?,189484.39,?,,?, Craft-repair, Husband,?,?,,,,?,?
,?,,?,,?, Craft-repair,?,?,?,,,40.425713,?,?
,?,,?,,?,?,?,?,?,1082.9701,,,?,?
,?,, HS-grad,,?, Craft-repair,?,?,?,,,40.425713,?,?
,?,189484.39, HS-grad,,?,?,?,?,?,,,40.425713,?,?
,?,,?,, Married-civ-spouse, Craft-repair,?,?, Male,,,,?,?
, Private,,?,10.067414, Married-civ-spouse,?,?,?,?,1082.9701,,, United-States, <=50K
,?,,?,,?, Craft-repair,?, White,?,,,,?,?
,?,,?,,?,?,?, White,?,1082.9701,,40.425713, United-States,?
38.579506,?,,?,10.067414,?,?,?,?,?,,,,?,?
,?,,?,, Married-civ-spouse, Craft-repair,?,?, Male,,,,?,?
,?,,?,,?,?,?,?,?,,,,?,?
,?,189484.39,?,,?,?,?,?,?,,,,?,?
, Private,,?,,?,?,?, White, Male,,,,?,?
,?,,?,,?,?,?, White,?,1082.9701,,40.425713,?,?
,?,,?,, Married-civ-spouse,?, Husband,?,?,,,40.425713, United-States,?
,?,,?,,?, Craft-repair, Husband,?,?,1082.9701,,40.425713, United-States,?
, Private,,?,,?,?, Husband,?,?,,,,?,?
38.579506,?,,?,,?, Craft-repair,?,?,?,,,, United-States,?
, Private,,?,,?, Craft-repair,?,?,?,,,, United-States,?
,?,,?,10.067414,?,?,?,?,?,,,40.425713,?,?
, Private,,?,,?,?,?,?,?,,,40.425713,?,?
,?,189484.39,?,,?,?,?,?,?,,,, United-States,?
,?,,?,,?,?,?, White, Male,,87.670456,,?,?
38.579506,?,,?,10.067414,?,?, Husband,?,?,,,,?,?
,?,,?,10.067414,?,?,?,?,?,,,,?,?
, Private,,?,10.067414,?,?,?,?,?,,,,?, <=50K
,?,189484.39,?,, Married-civ-spouse, Craft-repair,?, White,?,,87.670456,,?, <=50K
,?,189484.39,?,, Married-civ-spouse,?,?, White,?,,,, United-States,?
,?,,?,,?,?,?, White, Male,,,,?,?
38.579506,?,, HS-grad,,?,?,?,?, Male,,,,?,?
,?,189484.39,?,,?,?,?,?, Male,,,40.425713, United-States,?
,?,, HS-grad,10.067414,?, Craft-repair,?,?,?,,,40.425713,?,?
, Private,,?,,?,?,?,?,?,1082.9701,,,?,?
38.579506,?,,?,,?,?, Husband,?,?,,,,?,?
38.579506,?,,?,10.067414,?,?,?, White, Male,,,, United-States,?
,?,,?,,?,?,?,?,?,,,,?,?
38.579506,?,,?,,?,?,?,?,?,,,,?,?
,?,189484.39, HS-grad,,?,?, Husband,?,?,,,,?,?
, Private,, HS-grad,10.067414,?,?, Husband,?,?,1082.9701,,,?,?
,?,,?,, Married-civ-spouse,?,?,?,?,,,40.425713,?,?
38.579506,?,,?,,?,?,?,?,?,,,,?,?
,?,,?,,?,?,?,?,?,,,, United-States, <=50K
,?,,?,,?, Craft-repair,?,?, Male,,,,?,?
,?,,?,, Married-civ-spouse,?,?,?,?,,,,?, <=50K
, Private,,?,,?,?, Husband,?, Male,,87.670456,, United-States, <=50K
,?,, HS-grad,10.067414,?,?,?,?,?,,,,?, <=50K
,?,, HS-grad,,?,?, Husband,?, Male,1082.9701,,,?,?
38.579506,?,, HS-grad,,?, Craft-repair,?,?,?,,87.670456,,?,?
, Private,,?,,?,?,?,?, Male,,,,?, <=50K
38.579506,?,189484.39,?,,?, Craft-repair,?,?,?,,,,?,?
,?,189484.39,?,,?,?,?,?,?,,87.670456,,?,?
38.579506,?,,?,,?,?,?,?,?,1082.9701,,, United-States,?
, Private,, HS-grad,, Married-civ-spouse,?, Husband,?,?,,,40.425713, United-States, <=50K
,?,, HS-grad,,?, Craft-repair,?,?, Male,,,,?,?
38.579506,?,, HS-grad,,?,?,?,?,?,,,40.425713,?,?
,?,, HS-grad,,?,?,?,?,?,1082.9701,,,?,?
,?,,?,,?, Craft-repair,?, White,?,1082.9701,,,?,?
,?,,?,,?,?, Husband,?,?,,87.670456,,?, <=50K
,?,,?,, Married-civ-spouse, Craft-repair,?,?,?,,87.670456,40.425713,?,?
,?,,?,,?,?,?,?,?,,,40.425713,?,?
38.579506, Private,,?,10.067414,?,?,?,?,?,,,,?,?
,?,,?,,?,?, Husband,?,?,,,,?,?
,?,, HS-grad,,?, Craft-repair,?,?,?,,,,?,?
38.579506, Private,189484.39,?,, Married-civ-spouse,?,?,?,?,,,, United-States,?
,?,,?,,?,?,?,?,?,,,,?,?
,?,, HS-grad,,?,?, Husband,?,?,,,,?,?
38.579506,?,,?,,?,?,?, White,?,,,,?, <=50K
,?,,?,10.067414,?,?,?,?,?,,,,?, <=50K
,?,,?,, Married-civ-spouse,?,?,?,?,1082.9701,,,?,?
, Private,, HS-grad,,?, Craft-repair,?,?,?,,,,?,?
,?,189484.39,?,,?,?,?,?,?,1082.9701,,40.425713,?,?
,?,,?,,?,?,?,?,?,,87.670456,,?,?
, Private,189484.39, HS-grad,,?,?,?,?,?,,,40.425713,?,?
,?,,?,, Married-civ-spouse,?,?,?,?,,,40.425713,?, <=50K
,?,,?,10.067414,?,?,?,?,?,1082.9701,,,?,?
,?,,?,10.067414,?,?,?,?,?,,,,?,?
,?,,?,, Married-civ-spouse,?,?, White, Male,,,,?, <=50K
,?,189484.39,?,,?, Craft-repair, Husband,?,?,,87.670456,,?, <=50K
38.579506, Private,,?,,?, Craft-repair,?,?,?,,,,?,?
, Private,,?,10.067414,?, Craft-repair,?, White,?,,,,?,?
,?,,?,,?, Craft-repair,?,?,?,,,,?, <=50K
,?,189484.39,?,, Married-civ-spouse,?,?,?,?,,87.670456,, United-States,?
38.579506, Private,,?,10.067414, Married-civ-spouse,?, Husband,?,?,,,, United-States, <=50K
,?,, HS-grad,,?,?,?,?,?,,,, United-States,?
, Private,189484.39,?,,?,?,?, White,?,,,40.425713,?, <=50K
,?,189484.39,?,,?,?,?,?,?,,,,?,?
,?,,?,,?,?,?, White, Male,1082.9701,,,?,?
,?,,?,,?,?,?, White,?,,,,?,?
,?,,?,,?,?,?, White,?,,87.670456,, United-States, <=50K
38.579506,?,,?,,?,?,?, White,?,,,,?, <=50K
, Private,,?,,?,?,?,?,?,,,,?, <=50K
,?,,?,,?,?,?, White,?,,,40.425713,?,?
,?,,?,, Married-civ-spouse,?,?,?,?,,,,?,?
,?,,?,,?,?,?, White, Male,1082.9701,,40.425713,?,?
,?,189484.39,?,, Married-civ-spouse,?, Husband, White, Male,,,,?,?
,?,,?,, Married-civ-spouse,?, Husband,?, Male,1082.9701,,,?,?
,?,189484.39,?,,?,?,?,?,?,,,40.425713,?,?
,?,, HS-grad,, Married-civ-spouse,?,?, White, Male,,,,?,?
,?,,?,,?,?,?,?,?,1082.9701,,, United-States,?
,?,,?,,?,?,?,?, Male,1082.9701,87.670456,,?,?
,?,,?,,?,?,?,?,?,,,,?, <=50K
38.579506, Private,,?,,?,?,?,?,?,,,,?,?
, Private,, HS-grad,,?, Craft-repair,?,?,?,,,,?,?
,?,,?,10.067414,?,?,?,?, Male,,,,?,?
,?,,?,, Married-civ-spouse,?,?, White, Male,,,40.425713,?, <=50K
,?,, HS-grad,, Married-civ-spouse,?,?,?,?,,,,?,?
,?,,?,,?,?,?,?, Male,,,,?,?
,?,,?,,?,?, Husband,?,?,,,,?,?
,?,189484.39,?,, Married-civ-spouse,?,?,?,?,,87.670456,,?,?
,?,,?,, Married-civ-spouse,?,?, White,?,,,,?,?
,?,,?,,?,?, Husband,?,?,1082.9701,,, United-States,?
38.579506, Private,, HS-grad,, Married-civ-spouse, Craft-repair,?,?,?,1082.9701,,,?,?
, Private,,?,10.067414,?,?,?,?, Male,,,,?, <=50K
38.579506,?,,?,10.067414,?,?,?,?,?,,,,?, <=50K
,?,, HS-grad,,?,?,?,?,?,,,,?,?
,?,,?,,?,?, Husband,?,?,1082.9701,,40.425713, United-States,?
,?,,?,, Married-civ-spouse,?,?,?,?,,,,?,?
,?,,?,, Married-civ-spouse,?,?,?,?,,,,?,?
38.579506,?,, HS-grad,,?, Craft-repair,?,?,?,,87.670456,,?,?
38.579506, Private,,?,10.067414,?,?,?,?,?,,,,?,?
,?,189484.39,?,, Married-civ-spouse,?,?,?,?,,,,?,?
, Private,, HS-grad,,?,?, Husband, White, Male,,,40.425713,?,?
,?,, HS-grad,,?,?, Husband,?,?,,,40.425713,?,?
,?,, HS-grad,,?,?, Husband,?,?,,87.670456,,?,?
, Private,, HS-grad,,?,?,?, White,?,,,,?,?
,?,,?,10.067414,?, Craft-repair,?,?, Male,1082.9701,,40.425713,?,?
38.579506,?,,?,10.067414,?, Craft-repair,?,?, Male,,,,?,?
38.579506, Private,,?,10.067414,?,?,?,?,?,,87.670456,40.425713,?,?
38.579506,?,189484.39,?,,?,?, Husband,?,?,,87.670456,,?, <=50K
38.579506,?,189484.39,?,, Married-civ-spouse,?,?,?,?,1082.9701,,,?,?
,?,,?,,?,?,?,?, Male,,,,?,?
,?,, HS-grad,,?,?,?,?,?,1082.9701,,,?, <=50K
,?,,?,,?,?,?,?,?,,,,?, <=50K
38.579506,?,,?,10.067414,?,?,?,?,?,,,,?, <=50K
,?,,?,,?,?,?,?,?,,,,?,?
, Private,, HS-grad,10.067414,?,?, Husband, White,?,,,40.425713, United-States,?
, Private,, HS-grad,,?,?,?,?,?,,,, United-States,?
, Private,,?,, Married-civ-spouse,?,?,?,?,,,,?,?
,?,, HS-grad,,?, Craft-repair,?,?, Male,1082.9701,,,?,?
,?,,?,,?, Craft-repair,?, White,?,,,, United-States,?
,?,189484.39,?,,?,?,?,?, Male,,,,?,?
,?,,?,,?, Craft-repair,?,?,?,,,,?,?
,?,189484.39,?,, Married-civ-spouse, Craft-repair,?,?,?,,,,?,?
38.579506, Private,189484.39,?,10.067414,?, Craft-repair,?,?,?,,87.670456,,?, <=50K
,?,,?,10.067414,?,?,?, White,?,,,,?, <=50K
,?,, HS-grad,,?,?,?,?,?,,,,?,?
38.579506,?,189484.39,?,, Married-civ-spouse, Craft-repair,?,?,?,,87.670456,,?,?
38.579506,?,,?,,?,?, Husband,?,?,,,,?,?
,?,,?,10.067414, Married-civ-spouse,?,?,?, Male,,,40.425713,?,?
38.579506,?,189484.39, HS-grad,,?,?,?,?, Male,1082.9701,,40.425713, United-States,?
,?,, HS-grad,10.067414, Married-civ-spouse,?, Husband, White,?,,,,?,?
38.579506,?,,?,,?,?, Husband,?,?,,,,?,?
38.579506,?,189484.39,?,,?,?, Husband,?,?,,87.670456,,?, <=50K
,?,, HS-grad,10.067414,?,?, Husband,?, Male,,,,?,?
,?,, HS-grad,,?,?,?, White,?,,,40.425713,?,?
38.579506, Private,,?,,?,?,?,?,?,,87.670456,40.425713,?,?
, Private,,?,,?,?,?,?, Male,,,,?,?
38.579506,?,189484.39,?,,?, Craft-repair,?,?,?,,,,?,?
,?,,?,,?,?, Husband, White,?,,,,?,?
, Private,,?,,?,?,?,?,?,,,,?,?
38.579506,?,, HS-grad,, Married-civ-spouse,?, Husband,?,?,,,, United-States,?
38.579506,?,189484.39,?,,?,?,?,?,?,1082.9701,,,?,?
,?,189484.39, HS-grad,,?,?,?, White,?,,87.670456,40.425713,?, <=50K
38.579506,?,,?,,?,?,?, White,?,1082.9701,,,?,?
,?,, HS-grad,, Married-civ-spouse,?,?,?,?,,87.670456,,?,?
, Private,,?,,?,?,?,?, Male,,,,?,?
,?,,?,, Married-civ-spouse,?,?, White, Male,,,,?,?
,?,,?,,?,?,?,?, Male,,,,?,?
,?,,?,,?,?, Husband,?, Male,,,,?,?
,?,,?,,?,?,?,?, Male,,,,?,?
,?,,?,,?, Craft-repair,?,?,?,1082.9701,,,?,?
,?,,?,,?,?,?,?,?,1082.9701,,, United-States,?
, Private,,?,,?,?, Husband,?,?,,,40.425713,?,?
,?,,?,,?,?,?,?,?,,87.670456,,?,?
,?,,?,10.067414,?,?,?,?,?,,,,?,?
38.579506,?,,?,10.067414,?,?,?,?,?,,,,?,?
, Private,189484.39,?,,?,?, Husband,?, Male,,,,?,?
,?,,?,10.067414,?,?,?,?,?,,,40.425713,?,?
, Private,,?,,?,?,?,?,?,,,, United-States,?
38.579506,?,189484.39,?,10.067414,?,?,?, White,?,,,,?, <=50K
38.579506,?,189484.39,?,,?,?,?,?,?,,,,?,?
, Private,,?,, Married-civ-spouse, Craft-repair,?,?,?,,,40.425713,?,?
,?,,?,,?,?,?, White, Male,,87.670456,,?,?
,?,,?,,?,?,?,?,?,,,40.425713, United-States,?
,?,189484.39,?,,?,?,?,?,?,1082.9701,,,?, <=50K
,?,,?,,?,?,?,?,?,,,,?,?
38.579506,?,, HS-grad,,?,?,?, White, Male,,,,?, <=50K
,?,,?,,?,?,?,?, Male,,,40.425713,?, <=50K
,?,189484.39,?,, Married-civ-spouse, Craft-repair,?,?,?,1082.9701,,40.425713,?,?
,?,,?,10.067414, Married-civ-spouse, Craft-repair,?,?,?,,87.670456,,?,?
, Private,,?,, Married-civ-spouse,?,?,?,?,,,,?,?
38.579506, Private,,?,,?,?,?,?,?,,,, United-States, <=50K
38.579506, Private,189484.39,?,,?,?, Husband, White,?,,,,?,?
,?,,?,,?,?, Husband,?, Male,,,, United-States,?
,?,189484.39,?,10.067414,?, Craft-repair,?,?,?,,87.670456,,?,?
, Private,,?,,?, Craft-repair, Husband, White,?,,,, United-States,?
,?,,?,10.067414,?,?, Husband, White,?,,87.670456,,?,?
,?,,?,, Married-civ-spouse,?,?,?,?,1082.9701,,,?,?
,?,189484.39,?,,?,?,?,?,?,1082.9701,,,?,?
,?,,?,,?,?,?,?, Male,,87.670456,, United-States,?
,?,,?,,?,?,?,?,?,,,,?,?
,?,,?,, Married-civ-spouse,?,?,?,?,1082.9701,87.670456,,?, <=50K
,?,,?,,?,?,?,?,?,,,40.425713,?, <=50K
, Private,,?,, Married-civ-spouse,?,?,?,?,1082.9701,,40.425713,?,?
,?,,?,,?,?,?,?,?,1082.9701,,,?, <=50K
,?,,?,,?,?,?, White,?,,,,?,?
38.579506, Private,189484.39,?,, Married-civ-spouse,?,?,?, Male,,,,?,?
,?,,?,, Married-civ-spouse,?, Husband,?, Male,1082.9701,87.670456,,?,?
38.579506,?,,?,, Married-civ-spouse,?,?,?, Male,1082.9701,,,?,?
,?,,?,10.067414,?,?,?,?,?,,,,?, <=50K
,?,,?,,?, Craft-repair,?, White,?,,87.670456,, United-States,?
,?,,?,10.067414,?,?,?,?, Male,,,40.425713,?,?
,?,,?,,?, Craft-repair, Husband,?,?,,,,?,?
,?,189484.39, HS-grad,,?,?,?,?,?,1082.9701,,40.425713,?,?
,?,,?,,?,?,?,?,?,,,,?,?
,?,,?,,?,?,?,?, Male,,,,?,?
38.579506,?,,?,,?,?,?,?,?,1082.9701,,40.425713,?, <=50K
38.579506,?,189484.39,?,10.067414,?,?,?, White,?,1082.9701,,,?,?
,?,,?,,?, Craft-repair,?,?, Male,,,40.425713,?,?
,?,,?,10.067414, Married-civ-spouse,?,?,?,?,,,,?,?
,?,,?,,?, Craft-repair,?,?,?,1082.9701,,, United-States, <=50K
,?,189484.39,?,,?,?,?,?, Male,,,,?, <=50K
,?,,?,, Married-civ-spouse,?,?, White, Male,,,,?,?
,?,, HS-grad,,?,?,?, White,?,,,40.425713, United-States,?
,?,,?,, Married-civ-spouse,?,?,?,?,1082.9701,87.670456,,?, <=50K
,?,,?,,?,?,?, White, Male,,,,?,?
,?,189484.39,?,,?,?,?, White,?,,,,?,?
,?,,?,10.067414,?,?,?,?, Male,,,40.425713,?, <=50K
38.579506,?,189484.39,?,10.067414,?,?, Husband,?, Male,,,, United-States, <=50K
,?,,?,, Married-civ-spouse,?, Husband,?,?,1082.9701,,40.425713, United-States, <=50K
,?,,?,,?,?,?,?,?,,,,?, <=50K
38.579506, Private,189484.39,?,,?,?,?,?,?,,,,?,?
,?,,?,,?,?,?,?,?,,,40.425713, United-States,?
38.579506,?,189484.39, HS-grad,10.067414,?, Craft-repair,?, White,?,,,,?, <=50K
,?,,?,, Married-civ-spouse,?,?,?,?,,,,?,?
,?,, HS-grad,10.067414,?,?, Husband, White,?,,,40.425713,?,?
38.579506,?,,?,,?,?,?, White,?,1082.9701,,,?,?
38.579506, Private,,?,,?,?, Husband, White,?,,,,?,?
,?,,?,10.067414,?,?,?,?,?,,,,?, <=50K
38.579506, Private,, HS-grad,,?, Craft-repair,?,?,?,,,,?,?
,?,,?,,?,?,?,?, Male,1082.9701,,, United-States,?
,?,,?,,?, Craft-repair, Husband,?,?,,,,?,?
38.579506,?,,?,, Married-civ-spouse,?,?,?,?,1082.9701,,, United-States,?
,?,,?,,?, Craft-repair,?,?,?,,,40.425713,?,?
,?,189484.39,?,,?,?, Husband,?,?,,,, United-States,?
,?,189484.39,?,,?, Craft-repair,?,?,?,,,40.425713,?, <=50K
,?,,?,10.067414, Married-civ-spouse,?,?,?,?,,,,?,?
,?,,?,,?,?,?,?,?,,,,?,?
,?,,?,,?,?,?,?,?,,,, United-States, <=50K
,?,189484.39,?,,?, Craft-repair,?, White,?,,,,?, <=50K
38.579506,?,,?,10.067414, Married-civ-spouse, Craft-repair,?,?,?,,,40.425713,?,?
,?,,?,10.067414,?,?, Husband,?,?,,87.670456,,?,?
,?,,?,,?,?,?,?, Male,,,,?, <=50K
,?,,?,, Married-civ-spouse,?,?,?, Male,,,, United-States,?
38.579506,?,189484.39,?,10.067414, Married-civ-spouse,?,?,?, Male,,87.670456,,?,?
38.579506, Private,,?,10.067414,?,?,?,?,?,,,, United-States,?
38.579506, Private,,?,,?,?,?,?,?,1082.9701,,,?,?
38.579506,?,,?,,?,?,?,?,?,,,,?,?
,?,,?,,?, Craft-repair,?,?, Male,,,,?,?
,?,,?,, Married-civ-spouse, Craft-repair, Husband,?,?,1082.9701,,,?,?
,?,, HS-grad,,?,?, Husband,?,?,,87.670456,, United-States,?
,?,,?,,?,?,?, White,?,,,,?,?
,?,,?,,?,?,?,?, Male,,87.670456,,?,?
,?,, HS-grad,,?,?,?,?,?,,,, United-States,?
,?,,?,,?,?,?,?,?,,,,?,?
,?,,?,, Married-civ-spouse, Craft-repair,?,?, Male,,,,?,?
38.579506,?,,?,,?,?,?, White,?,,,, United-States,?
38.579506,?,,?,,?,?,?,?,?,,87.670456,40.425713,?,?
,?,,?,10.067414,?,?, Husband,?, Male,,,,?,?
38.579506,?,,?,, Married-civ-spouse,?,?, White, Male,,87.670456,40.425713,?,?
, Private,189484.39,?,,?,?,?, White, Male,,,,?,?
38.579506,?,,?,, Married-civ-spouse,?,?, White,?,,,,?,?
38.579506,?,,?,,?,?, Husband,?, Male,1082.9701,,, United-States, <=50K
,?,189484.39,?,, Married-civ-spouse,?, Husband,?,?,,,, United-States,?
38.579506, Private,189484.39,?,,?,?, Husband,?, Male,,87.670456,,?,?
, Private,,?,10.067414,?,?,?, White,?,,87.670456,,?,?
, Private,,?,, Married-civ-spouse,?,?,?,?,,,,?,?
, Private,189484.39,?,,?, Craft-repair,?,?,?,1082.9701,,,?,?
,?,,?,,?,?,?, White,?,,,,?,?
,?,189484.39,?,,?,?,?,?, Male,,,,?,?
,?,,?,, Married-civ-spouse,?,?,?,?,,,, United-States,?
,?,,?,,?,?,?,?,?,,,,?,?
,?,, HS-grad,,?,?,?,?,?,1082.9701,,,?,?
38.579506,?,, HS-grad,,?,?,?, White,?,,87.670456,,?, <=50K
,?,,?,10.067414,?,?,?, White,?,,87.670456,,?,?
,?,,?,,?, Craft-repair,?,?,?,1082.9701,,40.425713,?,?
,?,189484.39,?,, Married-civ-spouse,?,?,?,?,,,,?,?
38.579506,?,,?,, Married-civ-spouse,?,?, White,?,,,,?,?
,?,189484.39,?,,?,?,?,?,?,,,,?,?
,?,189484.39,?,, Married-civ-spouse, Craft-repair,?,?, Male,,,40.425713, United-States,?
, Private,189484.39,?,, Married-civ-spouse,?,?,?,?,1082.9701,,, United-States,?
,?,,?,, Married-civ-spouse,?,?, White, Male,,,,?,?
38.579506, Private,,?,,?,?,?,?,?,,,40.425713,?,?
38.579506, Private,, HS-grad,,?,?,?, White,?,,87.670456,, United-States,?
,?,189484.39,?,,?,?,?,?,?,,,,?,?
38.579506, Private,,?,,?,?,?,?,?,1082.9701,87.670456,,?,?
,?,, HS-grad,, Married-civ-spouse,?,?,?,?,,,,?,?
, Private,,?,10.067414,?,?,?,?,?,,87.670456,40.425713, United-States, <=50K
38.579506,?,,?,, Married-civ-spouse,?,?,?,?,1082.9701,,,?,?
38.579506,?,,?,,?, Craft-repair,?,?,?,,,,?, <=50K
38.579506, Private,,?,,?,?,?,?,?,,,,?, <=50K
,?,,?,,?,?, Husband,?,?,,,, United-States,?
,?,,?,,?, Craft-repair,?,?,?,,,,?,?
,?,189484.39,?,,?,?, Husband,?, Male,,,,?,?
,?,189484.39,?,,?,?,?,?,?,1082.9701,,,?,?
38.579506,?,,?,10.067414,?,?,?,?,?,,,,?,?
,?,,?,,?,?, Husband,?, Male,1082.9701,87.670456,,?,?
38.579506, Private,189484.39,?,,?,?,?, White,?,,,, United-States,?
, Private,,?,,?,?, Husband,?,?,,,40.425713,?,?
,?,,?,10.067414,?,?,?,?,?,,,40.425713,?,?
,?,189484.39, HS-grad,,?,?,?,?,?,1082.9701,87.670456,, United-States, <=50K
,?,189484.39, HS-grad,,?,?,?,?,?,1082.9701,,, United-States,?
, Private,, HS-grad,,?, Craft-repair,?,?, Male,,,40.425713,?,?
, Private,,?,10.067414,?,?, Husband,?,?,,,,?,?
,?,,?,,?,?,?, White,?,,,40.425713,?,?
, Private,,?,,?,?,?,?,?,1082.9701,,,?,?
,?,189484.39,?,,?, Craft-repair, Husband, White,?,,,,?,?
, Private,,?,,?, Craft-repair, Husband,?,?,,,,?, <=50K
,?,,?,, Married-civ-spouse,?,?, White,?,,,,?,?
, Private,,?,,?,?,?,?, Male,1082.9701,,,?,?
,?,,?,, Married-civ-spouse,?, Husband,?, Male,,,,?,?
,?,189484.39,?,10.067414,?,?, Husband,?,?,1082.9701,,,?,?
38.579506,?,, HS-grad,10.067414,?,?,?,?,?,1082.9701,,,?,?
, Private,,?,, Married-civ-spouse,?,?,?,?,1082.9701,,, United-States,?
,?,, HS-grad,10.067414,?, Craft-repair,?, White,?,,,,?,?
38.579506, Private,,?,, Married-civ-spouse,?,?,?,?,,,,?, <=50K
,?,, HS-grad,,?,?,?,?,?,,,40.425713,?, <=50K
38.579506, Private,,?,,?, Craft-repair,?,?,?,,,,?,?
,?,, HS-grad,10.067414, Married-civ-spouse, Craft-repair,?,?, Male,,87.670456,,?, <=50K
, Private,189484.39,?,10.067414,?,?, Husband,?,?,,,,?,?
,?,189484.39, HS-grad,,?,?,?,?,?,,,,?,?
,?,,?,,?,?,?,?,?,,,,?,?
,?,, HS-grad,,?,?,?,?,?,,,,?, <=50K
,?,,?,,?,?, Husband, White,?,,,, United-States, <=50K
,?,,?,, Married-civ-spouse, Craft-repair,?,?,?,,87.670456,,?,?
,?,,?,,?,?,?,?, Male,,,,?,?
, Private,189484.39,?,,?,?,?, White,?,1082.9701,,,?,?
, Private,189484.39,?,,?,?,?,?,?,,,,?,?
38.579506, Private,,?,,?, Craft-repair,?,?,?,,,,?,?
,?,,?,10.067414,?,?,?, White,?,,,40.425713,?,?
,?,,?,10.067414,?,?,?, White, Male,,,40.425713,?,?
,?,,?,,?, Craft-repair,?,?, Male,1082.9701,,,?,?
,?,,?,,?,?,?,?, Male,,,, United-States,?
,?,,?,, Married-civ-spouse,?,?,?, Male,,,,?, <=50K
,?,,?,10.067414,?,?,?,?,?,1082.9701,,,?,?
,?,, HS-grad,10.067414,?,?, Husband,?,?,,,,?,?
38.579506,?,,?,,?, Craft-repair,?,?, Male,,,,?, <=50K
,?,,?,,?,?, Husband, White, Male,,87.670456,,?,?
,?,,?,, Married-civ-spouse,?,?, White,?,,,,?,?
,?,,?,,?, Craft-repair,?,?,?,,,,?,?
38.579506,?,, HS-grad,,?,?,?,?,?,,,,?,?
,?,, HS-grad,10.067414,?,?,?, White,?,,87.670456,,?,?
,?,189484.39,?,, Married-civ-spouse,?, Husband,?,?,,,,?,?
38.579506,?,,?,,?, Craft-repair,?, White,?,,,,?,?
,?,189484.39,?,,?,?, Husband,?,?,,,,?,?
,?,,?,,?, Craft-repair,?,?, Male,,,,?,?
,?,,?,10.067414,?,?,?, White,?,,87.670456,,?,?
38.579506,?,,?,,?,?, Husband,?,?,,,,?,?
,?,,?,,?,?, Husband,?,?,,,,?,?
38.579506, Private,189484.39,?,, Married-civ-spouse,?,?,?, Male,,87.670456,,?, <=50K
,?,,?,,?,?,?,?,?,,,,?,?
,?,, HS-grad,,?,?,?,?, Male,,87.670456,, United-States,?
, Private,189484.39,?,,?,?, Husband, White,?,,,,?,?
,?,,?,10.067414,?,?,?,?,?,,,,?,?
38.579506,?,,?,,?,?,?,?,?,,,,?, <=50K
,?,,?,,?,?,?,?, Male,,87.670456,, United-States,?
, Private,, HS-grad,,?,?,?,?, Male,,,,?, <=50K
,?,,?,,?,?,?,?, Male,,,,?,?
, Private,189484.39,?,10.067414,?,?,?, White,?,,,,?,?
,?,, HS-grad,,?,?,?, White,?,,,,?, <=50K
38.579506, Private,189484.39,?,,?,?,?,?,?,,,,?,?
,?,,?,,?,?, Husband,?,?,1082.9701,,,?,?
,?,,?,10.067414,?,?,?,?,?,,,, United-States,?
, Private,, HS-grad,,?,?,?, White,?,,,40.425713,?,?
, Private,, HS-grad,, Married-civ-spouse,?,?, White,?,,,,?,?
,?,,?,10.067414,?,?,?,?,?,,87.670456,,?, <=50K
, Private,,?,, Married-civ-spouse,?,?,?,?,1082.9701,,, United-States,?
,?,,?,10.067414,?,?, Husband,?,?,1082.9701,87.670456,,?,?
,?,189484.39,?,,?, Craft-repair,?, White, Male,,87.670456,,?,?
, Private,189484.39, HS-grad,,?,?, Husband,?, Male,,,, United-States, <=50K
38.579506, Private,, HS-grad,10.067414,?,?, Husband,?,?,,,,?,?
,?,,?,,?,?,?, White,?,,,40.425713,?,?
,?,,?,, Married-civ-spouse,?, Husband, White,?,,87.670456,, United-States,?
, Private,,?,,?, Craft-repair,?,?,?,1082.9701,87.670456,, United-States,?
38.579506,?,,?,,?,?,?, White,?,,87.670456,, United-States,?
,?,189484.39,?,, Married-civ-spouse,?,?,?,?,1082.9701,,, United-States,?
,?,,?,,?,?,?,?,?,,,40.425713,?,?
, Private,,?,, Married-civ-spouse,?,?, White,?,,,, United-States,?
,?,189484.39,?,, Married-civ-spouse, Craft-repair,?,?,?,,,,?,?
,?,,?,, Married-civ-spouse,?, Husband,?,?,,,,?,?
,?,189484.39,?,,?,?,?,?,?,1082.9701,,40.425713,?, <=50K
,?,,?,10.067414,?,?,?,?, Male,,87.670456,, United-States,?
,?,189484.39, HS-grad,10.067414,?, Craft-repair,?,?, Male,1082.9701,,,?,?
,?,,?,10.067414,?,?,?,?,?,,,40.425713,?, <=50K
,?,,?,,?, Craft-repair,?, White,?,,,,?,?
,?,,?,,?,?,?,?,?,,,,?,?
,?,189484.39,?,,?,?,?,?,?,,,,?,?
38.579506,?,,?,, Married-civ-spouse,?,?, White, Male,,87.670456,,?,?
,?,189484.39,?,,?,?,?, White,?,,,,?,?
,?,,?,10.067414,?,?,?,?,?,,,40.425713,?, <=50K
,?,189484.39, HS-grad,10.067414,?,?,?,?,?,,,,?,?
,?,189484.39,?,,?,?,?,?,?,,,,?, <=50K
,?,,?,10.067414, Married-civ-spouse,?,?, White, Male,,,,?,?
, Private,,?,10.067414,?,?,?,?,?,,,,?,?
,?,,?,,?,?, Husband,?, Male,,,,?,?
,?,189484.39,?,,?,?,?, White,?,,,,?,?
, Private,, HS-grad,,?,?,?, White,?,,87.670456,, United-States,?
,?,,?,,?, Craft-repair,?,?,?,,,,?,?
,?,, HS-grad,,?, Craft-repair,?,?,?,,,,?,?
,?,, HS-grad,10.067414,?,?,?,?, Male,,,, United-States,?
, Private,,?,10.067414,?, Craft-repair,?, White,?,1082.9701,87.670456,,?,?
,?,,?,,?, Craft-repair,?,?,?,,,,?, <=50K
,?,,?,,?,?,?, White,?,,,40.425713,?,?
38.579506,?,,?,,?,?,?,?,?,,,, United-States,?
,?,, HS-grad,,?, Craft-repair,?, White,?,,87.670456,,?,?
,?,,?,, Married-civ-spouse,?,?,?,?,,,, United-States,?
,?,,?,,?,?, Husband,?,?,,,40.425713,?,?
38.579506,?,189484.39, HS-grad,,?,?,?,?,?,,,40.425713,?,?
, Private,189484.39,?,, Married-civ-spouse,?,?,?,?,,87.670456,40.425713,?,?
38.579506,?,,?,,?, Craft-repair,?,?, Male,,87.670456,,?,?
,?,,?,,?, Craft-repair,?,?,?,,,40.425713,?,?
38.579506,?,,?,,?,?,?,?,?,,,, United-States, <=50K
, Private,,?,,?,?,?,?, Male,,,, United-States,?
, Private,, HS-grad,10.067414,?,?,?,?,?,,,,?,?
,?,, HS-grad,10.067414, Married-civ-spouse,?, Husband, White, Male,,,40.425713, United-States,?
,?,189484.39,?,10.067414,?,?, Husband,?,?,,,,?,?
,?,,?,,?,?,?,?,?,,87.670456,,?,?
,?,, HS-grad,,?,?,?,?,?,,,,?,?
, Private,189484.39,?,,?,?,?,?,?,,,,?, <=50K
,?,, HS-grad,,?,?,?,?,?,,,, United-States,?
38.579506,?,189484.39,?,10.067414,?,?,?,?,?,,,,?,?
38.579506,?,, HS-grad,, Married-civ-spouse,?,?, White, Male,,,,?,?
38.579506,?,,?,,?,?,?,?, Male,,,, United-States,?
, Private,,?,,?,?,?,?,?,,,,?,?
,?,,?,,?,?,?,?,?,1082.9701,,,?,?
,?,,?,,?,?,?,?,?,,87.670456,,?,?
,?,,?,, Married-civ-spouse, Craft-repair,?,?, Male,,,40.425713,?,?
38.579506,?,,?,,?,?,?,?, Male,1082.9701,87.670456,,?,?
,?,, HS-grad,10.067414, Married-civ-spouse, Craft-repair,?,?,?,,87.670456,, United-States,?
38.579506,?,,?,,?, Craft-repair,?,?,?,,,,?,?
,?,,?,,?,?, Husband, White,?,1082.9701,87.670456,, United-States,?
, Private,, HS-grad,, Married-civ-spouse,?,?,?, Male,1082.9701,87.670456,,?,?
,?,,?,10.067414,?,?,?,?,?,,,,?, <=50K
,?,, HS-grad,,?,?, Husband, White,?,,,, United-States,?
38.579506,?,189484.39, HS-grad,, Married-civ-spouse,?, Husband, White,?,1082.9701,,, United-States,?
,?,, HS-grad,, Married-civ-spouse,?,?,?, Male,,,,?,?
,?,,?,,?,?,?,?,?,,,, United-States,?
,?,,?,,?,?,?,?, Male,,,,?,?
,?,,?,,?,?,?,?,?,1082.9701,,, United-States,?
,?,,?,,?,?,?, White,?,,,, United-States,?
,?,,?,,?,?,?,?, Male,,,,?,?
, Private,189484.39,?,,?,?,?,?, Male,,,,?, <=50K
,?,189484.39,?,,?,?,?,?,?,,,,?, <=50K
38.579506,?,,?,,?, Craft-repair, Husband,?, Male,1082.9701,87.670456,,?, <=50K
,?,, HS-grad,,?,?,?,?,?,,,,?,?
, Private,189484.39,?,,?, Craft-repair,?,?,?,,,,?, <=50K
,?,,?,10.067414, Married-civ-spouse, Craft-repair,?,?,?,1082.9701,87.670456,,?,?
,?,,?,10.067414, Married-civ-spouse,?, Husband, White, Male,,,,?,?
, Private,, HS-grad,,?,?,?,?, Male,,,,?,?
,?,,?,,?,?,?,?,?,,87.670456,,?, <=50K
38.579506, Private,,?,,?,?, Husband,?,?,,,,?, <=50K
38.579506, Private,,?,,?,?, Husband,?,?,,87.670456,,?, <=50K
,?,,?,,?,?,?,?,?,1082.9701,,,?,?
,?,189484.39,?,10.067414, Married-civ-spouse,?,?,?,?,,,,?, <=50K
,?,,?,,?,?, Husband,?,?,1082.9701,,40.425713,?,?
38.579506,?,189484.39, HS-grad,,?, Craft-repair,?,?,?,,,,?,?
38.579506,?,,?,,?,?,?,?,?,,,,?, <=50K
,?,,?,,?,?,?,?,?,1082.9701,87.670456,,?,?
,?,189484.39, HS-grad,,?,?,?,?,?,1082.9701,,, United-States,?
38.579506, Private,189484.39,?,, Married-civ-spouse, Craft-repair,?,?, Male,,,40.425713,?,?
38.579506, Private,,?,,?, Craft-repair, Husband,?, Male,,,,?,?
, Private,189484.39,?,,?,?,?,?,?,,,,?,?
,?,, HS-grad,,?,?,?,?,?,,,,?,?
,?,189484.39,?,,?,?,?,?,?,,,, United-States, <=50K
, Private,,?,10.067414,?,?,?,?,?,,,, United-States,?
38.579506,?,,?,,?,?,?, White,?,1082.9701,87.670456,40.425713,?,?
38.579506,?,,?,10.067414,?,?,?,?,?,,,,?, <=50K
, Private,,?,, Married-civ-spouse,?,?,?,?,,,,?,?
,?,,?,,?,?, Husband,?, Male,1082.9701,,,?, <=50K
,?,, HS-grad,,?, Craft-repair,?,?,?,,,,?,?
,?,189484.39,?,,?,?, Husband,?,?,,,,?,?
,?,,?,,?,?, Husband,?,?,,,,?,?
,?,,?,,?, Craft-repair,?,?, Male,,,40.425713,?, <=50K
,?,,?,10.067414,?,?, Husband,?,?,,,,?,?
38.579506,?,,?,, Married-civ-spouse,?,?,?, Male,,,,?,?
, Private,,?,,?,?,?,?, Male,1082.9701,,,?,?
,?,189484.39, HS-grad,,?,?,?,?,?,1082.9701,,,?,?
38.579506, Private,,?,,?,?,?,?,?,1082.9701,87.670456,,?,?
38.579506, Private,, HS-grad,10.067414,?,?,?,?,?,1082.9701,87.670456,,?, <=50K
,?,,?,,?,?,?, White,?,,,40.425713,?,?
,?,,?,,?,?,?,?,?,,,,?,?
,?,189484.39,?,,?,?,?, White, Male,,,,?, <=50K
,?,, HS-grad,, Married-civ-spouse, Craft-repair, Husband,?,?,,,,?,?
,?,,?,,?,?,?, White,?,1082.9701,87.670456,,?,?
38.579506,?,,?,,?,?, Husband,?,?,1082.9701,,, United-States, <=50K
38.579506,?,,?,,?,?, Husband, White,?,,,, United-States, <=50K
,?,,?,,?,?,?,?,?,,,40.425713, United-States,?
,?,,?,, Married-civ-spouse,?, Husband,?,?,,,40.425713, United-States,?
,?,,?,,?,?,?, White,?,,,,?,?
,?,, HS-grad,, Married-civ-spouse, Craft-repair,?, White,?,,,, United-States,?
,?,,?,,?,?, Husband,?,?,1082.9701,,40.425713,?,?
38.579506,?,189484.39,?,,?,?,?, White,?,,,,?,?
,?,, HS-grad,,?,?,?,?, Male,,87.670456,,?,?
38.579506, Private,189484.39,?,,?, Craft-repair,?, White,?,,87.670456,,?,?
,?,189484.39,?,10.067414, Married-civ-spouse,?, Husband,?,?,,,,?, <=50K
38.579506, Private,, HS-grad,,?,?,?, White,?,1082.9701,,40.425713,?,?
38.579506,?,, HS-grad,,?,?,?, White,?,,,,?,?
,?,, HS-grad,,?, Craft-repair, Husband,?,?,,,,?,?
,?,, HS-grad,,?,?,?,?,?,,,, United-States,?
,?,,?,,?, Craft-repair,?,?,?,,87.670456,,?,?
38.579506,?,, HS-grad,10.067414,?,?,?,?,?,,,,?, <=50K
,?,189484.39,?,,?,?, Husband,?, Male,,87.670456,,?,?
38.579506,?,, HS-grad,, Married-civ-spouse,?,?,?,?,,,,?, <=50K
38.579506,?,,?,,?, Craft-repair,?,?,?,,,,?,?
,?,, HS-grad,,?, Craft-repair,?,?,?,1082.9701,,,?,?
,?,,?,10.067414, Married-civ-spouse,?,?,?,?,1082.9701,,, United-States,?
, Private,,?,,?, Craft-repair,?, White,?,,87.670456,,?, <=50K
,?,,?,,?, Craft-repair,?,?,?,,,,?,?
,?,,?,,?,?,?,?,?,,,,?, <=50K
38.579506, Private,,?,10.067414,?, Craft-repair, Husband,?,?,,,40.425713,?, <=50K
38.579506,?,,?,,?,?, Husband, White,?,,,,?,?
,?,, HS-grad,,?,?,?,?,?,,87.670456,40.425713,?,?
,?,,?,10.067414,?,?,?, White, Male,,,,?,?
, Private,,?,,?,?,?,?,?,,,,?, <=50K
,?,,?,,?,?,?, White,?,,87.670456,,?,?
38.579506,?,, HS-grad,,?,?,?, White, Male,,,,?,?
, Private,189484.39, HS-grad,,?,?, Husband,?,?,,87.670456,,?,?
,?,,?,10.067414,?,?, Husband, White,?,1082.9701,,,?,?
,?,189484.39,?,,?, Craft-repair,?,?,?,1082.9701,,,?,?
,?,,?,,?,?,?,?,?,,,,?,?
,?,,?,,?, Craft-repair,?,?,?,,,,?,?
,?,,?,, Married-civ-spouse,?,?, White,?,,,40.425713,?,?
,?,189484.39,?,,?,?,?,?,?,,,,?, <=50K
38.579506, Private,,?,,?,?,?, White,?,,,,?,?
,?,,?,, Married-civ-spouse,?,?,?,?,,,,?,?
,?,,?,,?, Craft-repair,?, White,?,,,,?,?
,?,,?,,?,?,?,?, Male,,,,?,?
,?,,?,,?,?,?, White,?,,87.670456,40.425713, United-States,?
, Private,,?,, Married-civ-spouse, Craft-repair,?,?,?,,,, United-States,?
,?,,?,,?,?, Husband,?, Male,,,, United-States, <=50K
, Private,,?,, Married-civ-spouse,?,?,?,?,,,,?, <=50K
, Private,, HS-grad,10.067414,?,?,?,?,?,,,,?,?
,?,,?,,?,?,?,?,?,,,,?,?
,?,,?,,?,?,?,?, Male,,,,?,?
,?,189484.39,?,,?,?,?,?, Male,,,, United-States, <=50K
, Private,,?,,?, Craft-repair,?,?, Male,,,,?,?
,?,189484.39, HS-grad,,?,?,?, White, Male,1082.9701,,,?, <=50K
, Private,189484.39,?,,?,?, Husband,?, Male,1082.9701,,,?,?
,?,189484.39,?,10.067414,?,?, Husband,?, Male,,87.670456,, United-States,?
,?,,?,,?,?, Husband,?,?,,,40.425713,?,?
38.579506, Private,, HS-grad,, Married-civ-spouse,?,?, White,?,,,,?, <=50K
,?,189484.39, HS-grad,,?,?,?, White,?,1082.9701,,,?,?
,?,,?,,?, Craft-repair,?,?,?,,,,?,?
,?,,?,, Married-civ-spouse,?,?,?,?,,,40.425713,?,?
,?,, HS-grad,,?,?,?,?,?,1082.9701,,, United-States,?
,?,,?,,?, Craft-repair,?,?, Male,1082.9701,,,?, <=50K
,?,,?,10.067414,?,?, Husband, White, Male,,,,?, <=50K
,?,, HS-grad,10.067414,?,?,?,?, Male,,,,?,?
,?,189484.39,?,,?,?, Husband, White,?,,87.670456,,?, <=50K
38.579506,?,, HS-grad,,?, Craft-repair, Husband,?, Male,,87.670456,,?, <=50K
,?,189484.39,?,,?, Craft-repair,?,?, Male,,,,?,?
,?,189484.39,?,,?, Craft-repair,?, White,?,1082.9701,,40.425713,?, <=50K
,?,, HS-grad,,?, Craft-repair,?, White,?,,,,?, <=50K
,?,189484.39,?,,?,?, Husband,?, Male,,,,?, <=50K
,?,,?,,?, Craft-repair,?,?, Male,1082.9701,,,?,?
,?,189484.39,?,, Married-civ-spouse,?,?,?,?,,87.670456,, United-States,?
,?,,?,,?,?, Husband, White,?,,,,?, <=50K
,?,,?,, Married-civ-spouse,?,?,?,?,,,, United-States, <=50K
38.579506, Private,,?,,?,?,?,?,?,,,,?, <=50K
, Private,,?,,?, Craft-repair,?,?,?,,,,?,?
,?,189484.39,?,10.067414, Married-civ-spouse,?,?,?,?,1082.9701,,,?,?
,?,,?,,?,?, Husband,?,?,,,40.425713,?,?
,?,,?,, Married-civ-spouse,?,?, White, Male,,,40.425713,?,?
,?,,?,, Married-civ-spouse,?,?,?,?,,,,?, <=50K
,?,,?,, Married-civ-spouse, Craft-repair,?,?,?,,87.670456,40.425713,?,?
,?,, HS-grad,10.067414,?,?, Husband, White, Male,1082.9701,,,?,?
38.579506,?,,?,,?,?,?,?,?,,,,?,?
,?,,?,,?,?,?,?,?,,,,?,?
, Private,,?,,?,?,?,?,?,,,,?, <=50K
,?,,?,,?,?,?,?,?,,,40.425713,?, <=50K
,?,189484.39,?,,?,?,?,?,?,1082.9701,,40.425713, United-States,?
,?,, HS-grad,10.067414,?,?,?,?,?,,,,?,?
,?,,?,,?,?,?,?,?,,,,?,?
,?,, HS-grad,,?,?,?,?,?,1082.9701,,,?,?
,?,189484.39,?,,?,?, Husband,?,?,,,40.425713,?,?
,?,,?,,?,?,?,?,?,,,,?,?
38.579506, Private,189484.39,?,,?, Craft-repair,?,?,?,,,,?,?
38.579506,?,189484.39,?,,?,?,?,?,?,,,, United-States,?
, Private,,?,, Married-civ-spouse,?,?,?,?,,,40.425713,?, <=50K
,?,,?,,?,?,?,?,?,,,40.425713,?, <=50K
,?,,?,,?,?,?,?,?,,,,?,?
,?,, HS-grad,,?,?,?, White,?,,,, United-States,?
,?,,?,,?,?,?,?,?,,,,?,?
,?,,?,,?,?,?,?,?,,,,?,?
,?,, HS-grad,,?,?,?,?,?,,,,?,?
38.579506,?,, HS-grad,,?, Craft-repair,?,?,?,,,,?,?
,?,,?,,?,?, Husband, White,?,,,,?,?
,?,,?,,?,?,?,?,?,,,,?,?
,?,,?,,?,?,?,?,?,,87.670456,,?,?
38.579506,?,, HS-grad,,?,?,?, White, Male,,,40.425713,?, <=50K
,?,, HS-grad,,?,?,?,?,?,,,40.425713,?,?
38.579506, Private,,?,10.067414,?,?,?,?, Male,,87.670456,40.425713,?,?
,?,,?,,?,?,?,?,?,,,,?,?
38.579506,?,,?,,?,?,?,?, Male,1082.9701,87.670456,,?,?
,?,,?,,?,?, Husband,?, Male,,,40.425713,?,?
,?,189484.39,?,, Married-civ-spouse,?,?,?,?,,,,?, <=50K
,?,189484.39,?,,?,?,?,?,?,,87.670456,,?,?
, Private,,?,,?,?, Husband,?, Male,,,40.425713,?,?
38.579506, Private,,?,10.067414,?, Craft-repair,?,?,?,1082.9701,,,?, <=50K
,?,,?,,?,?, Husband,?,?,,,,?,?
38.579506,?,, HS-grad,,?,?,?,?,?,,,, United-States, <=50K
38.579506,?,,?,,?,?,?,?,?,,,40.425713,?,?
, Private,, HS-grad,,?,?,?, White,?,1082.9701,,,?,?
,?,,?,, Married-civ-spouse,?,?,?,?,,,,?,?
,?,189484.39,?,,?, Craft-repair,?,?,?,,,40.425713,?, <=50K
,?,,?,,?,?,?,?,?,,,40.425713,?, <=50K
38.579506, Private,,?,,?,?,?,?,?,,,, United-States,?
,?,,?,,?,?, Husband,?,?,,87.670456,,?,?
,?,,?,,?,?,?, White, Male,1082.9701,,40.425713,?, <=50K
,?,189484.39,?,,?, Craft-repair,?,?, Male,,,40.425713, United-States, <=50K
38.579506,?,, HS-grad,,?, Craft-repair,?,?, Male,,,,?, <=50K
,?,, HS-grad,10.067414,?, Craft-repair,?,?,?,1082.9701,,,?, <=50K
,?,,?,,?,?,?,?, Male,1082.9701,87.670456,,?, <=50K
,?,,?,10.067414,?,?,?,?,?,,,40.425713,?,?
, Private,,?,,?,?,?,?,?,,,,?,?
,?,,?,,?,?,?,?,?,,,,?,?
,?,189484.39,?,10.067414, Married-civ-spouse, Craft-repair,?,?,?,1082.9701,,40.425713,?,?
38.579506,?,, HS-grad,, Married-civ-spouse,?, Husband,?, Male,,,,?,?
,?,, HS-grad,,?,?,?,?,?,,,,?,?
, Private,,?,, Married-civ-spouse,?,?,?,?,,87.670456,, United-States, <=50K
38.579506,?,,?,10.067414,?,?,?,?, Male,,87.670456,,?, <=50K
,?,,?,,?,?,?,?,?,,87.670456,40.425713, United-States,?
,?,,?,10.067414,?, Craft-repair,?, White,?,,,40.425713, United-States,?
,?,,?,,?,?,?, White,?,,,,?,?
38.579506, Private,,?,, Married-civ-spouse,?,?, White,?,,,,?,?
,?,189484.39,?,,?,?,?,?,?,,,,?,?
,?,,?,10.067414,?,?,?, White,?,,,,?, <=50K
38.579506,?,, HS-grad,,?,?,?,?, Male,,,,?,?
38.579506,?,,?,10.067414, Married-civ-spouse,?,?,?,?,1082.9701,,40.425713,?,?
,?,,?,,?,?, Husband,?, Male,,,,?, <=50K
, Private,,?,, Married-civ-spouse, Craft-repair,?, White,?,1082.9701,87.670456,40.425713, United-States,?
,?,,?,,?,?, Husband,?,?,,87.670456,,?,?
,?,,?,, Married-civ-spouse, Craft-repair,?,?,?,,,,?,?
38.579506,?,189484.39, HS-grad,,?,?, Husband,?,?,1082.9701,,, United-States,?
38.579506, Private,189484.39,?,,?,?,?,?,?,,,40.425713,?,?
38.579506,?,, HS-grad,10.067414,?,?,?,?,?,1082.9701,,, United-States, <=50K
, Private,,?,,?, Craft-repair,?,?,?,,,,?,?
,?,,?,, Married-civ-spouse,?,?,?,?,,,40.425713, United-States,?
,?,,?,10.067414,?,?,?,?, Male,,,,?, <=50K
,?,, HS-grad,,?,?, Husband,?,?,,,, United-States,?
,?,,?,10.067414,?,?, Husband, White,?,,,,?, <=50K
38.579506,?,,?,, Married-civ-spouse,?,?,?,?,1082.9701,,, United-States,?
38.579506,?,,?,,?,?,?,?,?,,,,?,?
,?,,?,, Married-civ-spouse,?, Husband, White,?,1082.9701,,, United-States,?
,?,,?,,?,?,?,?,?,,,,?, <=50K
38.579506,?,189484.39,?,,?,?,?,?,?,,,40.425713, United-States,?
,?,,?,,?,?,?,?,?,1082.9701,,,?,?
, Private,,?,,?,?,?,?,?,,,,?,?
,?,, HS-grad,,?,?,?,?,?,,,40.425713, United-States,?
, Private,,?,10.067414,?,?,?,?,?,,,,?, <=50K
,?,,?,10.067414,?,?,?,?,?,,,40.425713,?,?
,?,, HS-grad,,?,?,?,?,?,1082.9701,,,?,?
, Private,,?,,?,?, Husband, White,?,1082.9701,,, United-States,?
,?,,?,,?,?,?,?, Male,1082.9701,,,?,?
, Private,,?,10.067414,?, Craft-repair,?,?,?,,87.670456,,?,?
,?,,?,10.067414,?, Craft-repair, Husband,?,?,1082.9701,,,?,?
,?,,?,,?,?,?,?, Male,,87.670456,,?,?
,?,189484.39,?,10.067414,?,?,?,?,?,,87.670456,, United-States,?
,?,,?,, Married-civ-spouse,?,?,?,?,,87.670456,40.425713,?,?
, Private,,?,,?,?,?, White,?,1082.9701,,,?,?
,?,,?,,?,?,?,?,?,,87.670456,40.425713,?,?
,?,,?,10.067414,?,?, Husband,?,?,,87.670456,40.425713,?,?
38.579506,?,189484.39,?,,?,?,?,?,?,1082.9701,,, United-States,?
,?,,?,,?,?,?,?, Male,,,40.425713, United-States,?
,?,,?,, Married-civ-spouse,?,?,?,?,1082.9701,,, United-States,?
, Private,189484.39, HS-grad,,?, Craft-repair,?,?,?,,87.670456,,?,?
,?,189484.39,?,,?,?,?,?,?,,,,?,?
38.579506,?,,?,,?,?,?,?,?,,,,?, <=50K
,?,,?,,?,?,?,?,?,,87.670456,40.425713,?,?
,?,189484.39,?,, Married-civ-spouse, Craft-repair,?,?,?,,,,?,?
,?,, HS-grad,,?,?,?,?,?,,,,?, <=50K
,?,,?,10.067414, Married-civ-spouse,?,?,?,?,,,40.425713,?, <=50K
,?,189484.39,?,,?,?,?,?,?,,,,?, <=50K
,?,,?,, Married-civ-spouse,?,?,?,?,,,, United-States, <=50K
,?,,?,10.067414,?,?,?,?,?,,,,?,?
,?,,?,, Married-civ-spouse, Craft-repair,?,?,?,,,40.425713,?,?
,?,, HS-grad,,?, Craft-repair,?,?,?,,,40.425713,?,?
38.579506,?,,?,,?,?,?,?,?,,,,?,?
,?,,?,,?,?,?, White,?,,,40.425713, United-States, <=50K
38.579506, Private,189484.39, HS-grad,,?,?, Husband,?,?,,87.670456,, United-States,?
38.579506,?,189484.39,?,,?,?,?,?,?,,,,?,?
, Private,,?,,?,?,?,?,?,,,40.425713,?,?
,?,, HS-grad,,?,?,?,?, Male,,,,?, <=50K
,?,, HS-grad,,?,?,?,?, Male,,,40.425713,?, <=50K
, Private,,?,, Married-civ-spouse,?,?, White, Male,,,,?, <=50K
,?,189484.39,?,,?,?,?,?,?,1082.9701,,,?, <=50K
, Private,189484.39,?,,?,?,?,?,?,,87.670456,,?,?
,?,,?,10.067414, Married-civ-spouse,?,?, White,?,,,,?,?
,?,189484.39,?,,?,?,?,?,?,,,,?,?
,?,,?,, Married-civ-spouse,?,?,?,?,,,,?,?
, Private,,?,,?,?,?,?,?,,,,?,?
, Private,189484.39,?,10.067414,?,?,?,?,?,,,,?,?
,?,,?,,?,?,?,?,?,,,,?,?
,?,,?,10.067414,?, Craft-repair, Husband, White,?,,,, United-States,?
38.579506, Private,, HS-grad,,?,?, Husband,?,?,,87.670456,,?,?
,?,, HS-grad,,?,?,?,?,?,,,40.425713,?,?
,?,,?,,?,?,?,?,?,,,,?,?
38.579506,?,189484.39,?,,?,?,?, White,?,,,40.425713,?,?
,?,,?,,?,?, Husband,?,?,,,,?,?
38.579506,?,,?,, Married-civ-spouse, Craft-repair,?,?,?,,87.670456,,?,?
,?,,?,,?,?,?,?,?,,,,?,?
38.579506, Private,, HS-grad,, Married-civ-spouse,?, Husband, White,?,,,,?,?
,?,, HS-grad,,?,?,?,?,?,,,,?,?
, Private,,?,,?,?,?,?,?,,87.670456,, United-States,?
,?,,?,10.067414,?, Craft-repair,?, White,?,,,,?,?
,?,,?,, Married-civ-spouse,?,?,?,?,,,40.425713, United-States,?
38.579506,?,,?,,?,?,?,?,?,1082.9701,,40.425713,?,?
, Private,,?,10.067414,?,?,?, White, Male,,,,?,?
38.579506,?,189484.39,?,, Married-civ-spouse,?,?,?,?,,,40.425713, United-States,?
,?,189484.39,?,,?,?,?,?,?,1082.9701,,,?, <=50K
,?,,?,, Married-civ-spouse,?,?,?,?,,,, United-States,?
38.579506,?,,?,10.067414,?,?,?,?,?,,,40.425713,?,?
, Private,,?,10.067414,?, Craft-repair, Husband,?,?,,,,?,?
, Private,,?,,?,?,?,?,?,,,40.425713,?, <=50K
38.579506,?,189484.39, HS-grad,10.067414,?,?, Husband,?, Male,,,,?, <=50K
, Private,,?,,?, Craft-repair,?,?,?,,,, United-States, <=50K
,?,, HS-grad,,?,?,?, White,?,1082.9701,,40.425713, United-States, <=50K
, Private,,?,,?,?,?, White, Male,1082.9701,,,?, <=50K
,?,189484.39,?,,?,?,?,?, Male,,,,?, <=50K
38.579506, Private,,?,,?,?,?, White, Male,,,,?,?
,?,189484.39,?,10.067414,?, Craft-repair,?,?,?,,87.670456,,?,?
,?,, HS-grad,,?,?,?,?,?,,,,?,?
,?,189484.39,?,,?, Craft-repair,?,?, Male,1082.9701,87.670456,40.425713,?,?
,?,, HS-grad,,?,?,?, White, Male,1082.9701,87.670456,,?,?
, Private,,?,,?,?,?,?,?,1082.9701,,,?,?
38.579506,?,, HS-grad,10.067414, Married-civ-spouse,?,?,?,?,,,, United-States,?
, Private,,?,10.067414,?,?,?,?,?,,,, United-States,?
,?,,?,,?,?,?,?,?,,,,?,?
,?,,?,,?,?, Husband,?,?,,,,?,?
,?,,?,,?,?,?,?,?,,,,?, <=50K
,?,,?,,?,?, Husband,?,?,,,,?,?
,?,, HS-grad,10.067414,?,?,?, White,?,,,, United-States,?
38.579506, Private,,?,,?,?,?,?,?,,,, United-States,?
,?,,?,,?,?,?,?,?,,,,?, <=50K
,?,,?,10.067414,?, Craft-repair,?,?,?,,,, United-States,?
, Private,,?,10.067414,?,?,?,?,?,,,,?,?
,?,189484.39,?,,?,?,?,?,?,,,40.425713,?,?
,?,,?,,?,?,?, White,?,1082.9701,,, United-States,?
, Private,,?,,?,?,?, White,?,,,40.425713,?,?
,?,,?,,?,?,?,?,?,,87.670456,,?,?
,?,,?,,?,?,?, White,?,,,,?, <=50K
, Private,,?,,?, Craft-repair, Husband,?,?,,,,?,?
,?,,?,10.067414,?,?,?,?,?,,,,?,?
,?,189484.39,?,,?, Craft-repair,?, White, Male,1082.9701,,,?,?
,?,, HS-grad,,?,?,?,?, Male,,,,?, <=50K
,?,189484.39,?,, Married-civ-spouse,?, Husband, White,?,1082.9701,,,?,?
,?,,?,10.067414,?, Craft-repair,?,?,?,,,,?,?
,?,,?,, Married-civ-spouse,?, Husband,?, Male,,,,?, <=50K
38.579506,?,,?,,?,?,?,?,?,,,40.425713,?,?
, Private,,?,,?,?,?,?, Male,1082.9701,,,?,?
, Private,,?,,?,?,?, White,?,,,,?,?
, Private,,?,,?,?,?,?,?,,,, United-States,?
,?,189484.39,?,,?, Craft-repair,?, White,?,,,,?,?
38.579506,?,, HS-grad,, Married-civ-spouse,?,?,?,?,,,,?,?
,?,,?,,?,?,?,?, Male,1082.9701,,40.425713, United-States,?
38.579506, Private,,?,, Married-civ-spouse,?, Husband,?,?,,,,?,?
,?,, HS-grad,, Married-civ-spouse,?, Husband,?,?,,,,?, <=50K
,?,,?,,?,?, Husband,?,?,1082.9701,87.670456,, United-States,?
38.579506,?,189484.39,?,,?,?,?,?,?,1082.9701,,40.425713,?,?
, Private,,?,,?,?, Husband,?,?,,,40.425713, United-States,?
,?,,?,, Married-civ-spouse,?,?,?, Male,,,40.425713,?,?
,?,,?,,?, Craft-repair,?,?,?,,87.670456,,?,?
,?,, HS-grad,10.067414, Married-civ-spouse,?, Husband,?,?,,,, United-States, <=50K
,?,,?,,?,?,?,?,?,1082.9701,87.670456,, United-States,?
38.579506,?,,?,,?,?,?,?,?,,87.670456,,?,?
,?,189484.39,?,,?, Craft-repair,?,?, Male,,,40.425713,?,?
,?,189484.39,?,,?,?,?,?,?,,,,?,?
,?,189484.39, HS-grad,,?,?,?, White,?,,,,?, <=50K
,?,,?,,?,?,?,?,?,,87.670456,,?,?
38.579506, Private,,?,10.067414,?, Craft-repair,?,?,?,1082.9701,,,?,?
,?,,?,, Married-civ-spouse, Craft-repair, Husband,?, Male,,,,?,?
,?,,?,,?, Craft-repair,?,?,?,,,,?,?
,?,, HS-grad,, Married-civ-spouse,?,?,?,?,,,,?, <=50K
,?,,?,,?, Craft-repair,?,?,?,1082.9701,,,?, <=50K
,?,, HS-grad,,?,?,?,?,?,,87.670456,40.425713, United-States,?
,?,,?,,?,?,?,?,?,,,, United-States,?
,?,,?,,?,?,?,?,?,,,,?,?
,?,,?,,?,?,?,?, Male,,,,?,?
,?,,?,,?,?,?,?,?,,,,?,?
,?,, HS-grad,,?,?, Husband,?,?,1082.9701,,,?,?
,?,,?,,?,?,?,?,?,,,,?,?
,?,,?,,?,?,?,?,?,,,,?,?
, Private,,?,, Married-civ-spouse,?,?, White, Male,,,,?,?
,?,,?,10.067414,?,?,?, White,?,1082.9701,87.670456,,?,?
,?,,?,,?, Craft-repair,?,?,?,,,,?,?
38.579506,?,189484.39,?,10.067414,?,?,?,?,?,1082.9701,,,?,?
38.579506,?,, HS-grad,,?,?,?,?,?,1082.9701,,,?,?
,?,,?,,?,?, Husband,?,?,,,,?,?
,?,189484.39,?,,?,?,?,?, Male,1082.9701,,40.425713,?,?
,?,,?,, Married-civ-spouse, Craft-repair, Husband,?,?,,,,?,?
, Private,,?,,?,?,?,?,?,,,40.425713,?,?
, Private,, HS-grad,,?, Craft-repair, Husband, White,?,,,, United-States,?
, Private,189484.39,?,, Married-civ-spouse,?,?,?,?,1082.9701,,,?, <=50K
,?,,?,, Married-civ-spouse,?,?,?,?,,87.670456,,?, <=50K
,?,,?,,?,?,?,?,?,1082.9701,,40.425713,?, <=50K
,?,,?,10.067414,?,?,?,?,?,,,,?,?
38.579506,?,,?,,?,?,?,?,?,,,,?,?
,?,,?,, Married-civ-spouse,?,?, White,?,,,,?,?
, Private,,?,,?,?, Husband, White,?,,,,?,?
,?,,?,10.067414,?,?,?, White,?,1082.9701,87.670456,, United-States,?
,?,, HS-grad,10.067414,?,?,?,?,?,,,,?,?
,?,189484.39,?,,?,?, Husband,?,?,,,,?,?
,?,,?,,?,?,?, White, Male,1082.9701,,, United-States,?
,?,,?,,?,?,?, White,?,1082.9701,,40.425713,?,?
,?,,?,,?,?,?,?,?,,,, United-States,?
38.579506, Private,, HS-grad,,?,?,?,?,?,,,, United-States,?
,?,189484.39,?,10.067414,?,?,?,?,?,,,,?,?
,?,,?,10.067414,?,?, Husband,?,?,,87.670456,,?, <=50K
, Private,189484.39,?,, Married-civ-spouse, Craft-repair,?,?,?,,,40.425713,?, <=50K
, Private,,?,,?,?,?,?, Male,1082.9701,,,?,?
, Private,,?,,?,?,?,?, Male,1082.9701,,,?,?
38.579506,?,,?,,?,?, Husband, White,?,,,40.425713,?,?
,?,189484.39,?,, Married-civ-spouse,?,?,?,?,1082.9701,,40.425713, United-States,?
,?,,?,,?,?, Husband, White,?,,,,?,?
,?,189484.39,?,,?,?,?,?,?,,,, United-States,?
,?,,?,,?,?,?,?,?,,,,?, <=50K
,?,,?,,?,?,?,?,?,,,40.425713,?,?
38.579506,?,,?,,?,?, Husband,?,?,1082.9701,,, United-States,?
, Private,, HS-grad,10.067414, Married-civ-spouse,?,?,?,?,,,,?,?
,?,,?,,?,?, Husband,?,?,1082.9701,,,?,?
,?,,?,,?, Craft-repair,?,?,?,,,,?,?
,?,,?,, Married-civ-spouse,?,?,?,?,,,,?,?
,?,, HS-grad,,?, Craft-repair, Husband,?,?,,87.670456,,?,?
38.579506,?,189484.39, HS-grad,,?,?,?,?,?,,87.670456,,?,?
,?,,?,,?,?, Husband,?,?,1082.9701,,,?,?
,?,189484.39,?,,?,?,?,?, Male,,,40.425713,?,?
,?,189484.39,?,,?,?,?,?, Male,,87.670456,,?,?
,?,,?,10.067414,?,?,?,?,?,,,,?,?
, Private,,?,,?,?,?, White, Male,,,,?,?
38.579506,?,,?,,?,?, Husband,?,?,1082.9701,,, United-States,?
38.579506,?,189484.39,?,,?,?, Husband, White, Male,,87.670456,,?, <=50K
,?,,?,,?,?,?,?,?,,,,?,?
,?,,?,,?, Craft-repair,?,?,?,,,,?,?
, Private,,?,,?,?,?, White,?,,,,?, <=50K
,?,189484.39,?,,?,?,?,?,?,,87.670456,,?, <=50K
38.579506,?,,?,10.067414,?,?,?,?,?,,,40.425713,?,?
,?,,?,,?,?,?,?,?,,,40.425713,?,?
,?,,?,,?,?,?,?,?,,87.670456,,?,?
,?,,?,,?,?,?,?,?,,,,?,?
,?,,?,,?, Craft-repair, Husband, White,?,,,,?,?
,?,189484.39,?,10.067414,?,?,?,?,?,1082.9701,87.670456,,?,?
,?,, HS-grad,,?,?,?,?,?,,,,?, <=50K
38.579506,?,, HS-grad,,?, Craft-repair,?,?,?,,,40.425713, United-States,?
,?,, HS-grad,,?,?, Husband,?,?,,,,?,?
,?,, HS-grad,10.067414,?,?,?, White,?,,,,?,?
, Private,,?,10.067414,?,?,?,?, Male,1082.9701,,40.425713, United-States,?
38.579506,?,,?,,?,?,?,?, Male,,,,?,?
38.579506,?,,?,, Married-civ-spouse,?,?,?, Male,,,,?,?
,?,,?,, Married-civ-spouse,?,?,?, Male,,87.670456,,?,?
38.579506,?,,?,10.067414,?, Craft-repair,?,?, Male,,,, United-States,?
,?,,?,, Married-civ-spouse,?,?,?,?,,87.670456,,?,?
,?,,?,,?,?,?,?,?,,,,?,?
38.579506,?,, HS-grad,,?,?,?,?,?,1082.9701,,40.425713, United-States,?
,?,189484.39,?,,?,?,?,?,?,,,,?,?
,?,,?,,?,?,?,?,?,1082.9701,,,?,?
38.579506,?,,?,,?,?,?,?, Male,,,,?,?
,?,,?,,?,?,?, White,?,,,40.425713,?,?
, Private,,?,,?,?,?,?,?,,,40.425713,?,?
,?,,?,10.067414,?, Craft-repair,?,?,?,,,40.425713,?, <=50K
,?,, HS-grad,, Married-civ-spouse,?,?,?,?,,,,?,?
,?,189484.39,?,,?, Craft-repair,?,?,?,,,,?,?
,?,189484.39,?,,?,?,?, White, Male,,,,?,?
,?,,?,,?,?,?,?, Male,,87.670456,,?,?
, Private,,?,,?,?,?,?,?,,,40.425713, United-States, <=50K
,?,,?,10.067414,?,?,?,?,?,1082.9701,,40.425713,?,?
38.579506,?,,?,10.067414,?,?,?,?, Male,,87.670456,,?,?
,?,, HS-grad,,?, Craft-repair,?,?,?,,,,?,?
,?,,?,,?,?,?,?,?,1082.9701,87.670456,40.425713,?,?
,?,189484.39,?,10.067414, Married-civ-spouse,?,?,?, Male,,,,?, <=50K
,?,,?,, Married-civ-spouse,?,?,?,?,,,,?,?
,?,, HS-grad,,?,?,?,?,?,,,,?,?
,?,, HS-grad,10.067414,?,?,?,?,?,,,, United-States,?
,?,, HS-grad,,?,?,?,?,?,,,,?,?
, Private,, HS-grad,10.067414,?,?,?,?,?,,87.670456,,?, <=50K
,?,,?,,?,?,?,?, Male,,,, United-States,?
,?,,?,,?, Craft-repair,?,?,?,,,,?,?
,?,,?,,?,?,?,?,?,1082.9701,,,?,?
,?,,?,10.067414,?,?,?,?,?,,87.670456,40.425713,?,?
,?,,?,,?,?,?,?,?,1082.9701,,40.425713,?,?
,?,,?,,?,?,?,?,?,,,,?,?
38.579506,?,,?,10.067414,?,?,?, White,?,,,,?, <=50K
,?,,?,,?,?, Husband,?, Male,,,,?,?
38.579506,?,,?,, Married-civ-spouse,?,?,?,?,,,,?, <=50K
,?,,?,,?,?, Husband,?,?,,87.670456,, United-States,?
,?,189484.39, HS-grad,,?, Craft-repair,?,?,?,,,,?, <=50K
,?,,?,,?, Craft-repair,?,?,?,,,40.425713,?, <=50K
,?,,?,,?,?,?, White, Male,,87.670456,,?,?
38.579506,?,189484.39, HS-grad,,?,?,?, White, Male,1082.9701,,40.425713,?,?
,?,,?,,?, Craft-repair,?,?,?,,,, United-States, <=50K
,?,189484.39,?,,?,?,?,?,?,,,, United-States, <=50K
,?,189484.39,?,, Married-civ-spouse, Craft-repair, Husband,?,?,,,,?, <=50K
38.579506,?,,?,10.067414,?,?,?,?,?,,,,?, <=50K
, Private,,?,,?,?,?,?,?,,,, United-States,?
, Private,189484.39,?,,?,?,?,?,?,,87.670456,,?,?
,?,,?,,?,?,?,?, Male,,,,?, <=50K
,?,189484.39,?,10.067414,?,?,?,?,?,,,,?,?
,?,, HS-grad,,?,?,?, White,?,,,,?,?
,?,,?,,?,?, Husband,?,?,,,40.425713,?,?
, Private,,?,,?,?,?,?,?,,,40.425713,?,?
38.579506,?,,?,,?,?,?, White, Male,,87.670456,, United-States,?
,?,,?,, Married-civ-spouse,?,?, White,?,,,,?,?
, Private,,?,10.067414,?,?,?,?,?,,,,?,?
,?,,?,,?,?,?,?,?,,,,?,?
,?,, HS-grad,,?,?,?,?,?,,,, United-States, <=50K
,?,,?,,?,?, Husband,?, Male,,,40.425713,?,?
,?,,?,,?,?,?,?,?,,,,?,?
38.579506, Private,189484.39,?,,?,?, Husband,?, Male,1082.9701,87.670456,40.425713,?,?
,?,189484.39,?,,?,?,?, White,?,,,,?, <=50K
,?,,?,,?,?,?,?,?,,,,?,?
,?,,?,, Married-civ-spouse,?,?,?,?,,87.670456,40.425713,?,?
,?,,?,, Married-civ-spouse,?,?,?,?,,87.670456,,?,?
,?,,?,,?,?,?,?, Male,,,, United-States,?
,?,, HS-grad,,?, Craft-repair,?, White,?,,,,?,?
, Private,,?,,?,?,?,?,?,1082.9701,,,?,?
, Private,, HS-grad,,?,?,?,?,?,,,,?,?
,?,, HS-grad,,?,?,?,?,?,,,,?, <=50K
, Private,,?,,?,?,?, White,?,1082.9701,,,?,?
,?,,?,,?,?,?,?,?,,,,?, <=50K
38.579506,?,,?,10.067414,?,?,?,?,?,,,,?, <=50K
,?,189484.39,?,10.067414,?,?,?,?,?,,,40.425713,?,?
,?,,?,,?,?,?,?,?,,87.670456,, United-States,?
,?,189484.39,?,,?,?,?,?, Male,,,,?,?
,?,,?,,?,?, Husband, White,?,,87.670456,,?,?
38.579506,?,,?,,?,?,?,?,?,,,,?,?
,?,,?,,?,?,?,?,?,,,,?,?
,?,189484.39,?,10.067414,?, Craft-repair,?,?,?,,,,?,?
,?,,?,, Married-civ-spouse,?,?, White,?,1082.9701,,,?,?
,?,,?,,?, Craft-repair,?,?,?,1082.9701,,,?,?
38.579506, Private,, HS-grad,,?, Craft-repair,?,?,?,,,,?, <=50K
, Private,189484.39,?,,?,?, Husband, White,?,,,, United-States,?
,?,,?,,?,?,?,?, Male,,,40.425713,?,?
,?,, HS-grad,10.067414, Married-civ-spouse,?,?,?,?,,,,?,?
, Private,,?,,?, Craft-repair,?,?,?,1082.9701,87.670456,,?,?
38.579506,?,,?,10.067414,?, Craft-repair,?,?,?,,87.670456,, United-States, <=50K
,?,,?,,?, Craft-repair,?,?,?,,,40.425713,?,?
,?,,?,,?,?,?,?,?,,,, United-States,?
38.579506, Private,,?,,?,?, Husband,?,?,,,,?,?
,?,, HS-grad,10.067414,?, Craft-repair, Husband,?,?,,,,?,?
,?,,?,,?,?,?,?,?,,87.670456,,?, <=50K
, Private,, HS-grad,,?,?, Husband, White,?,,,40.425713,?,?
,?,,?,10.067414, Married-civ-spouse,?, Husband,?,?,,,,?,?
,?,189484.39, HS-grad,,?,?,?,?,?,,,,?,?
,?,, HS-grad,,?, Craft-repair,?,?, Male,,,, United-States,?
, Private,,?,,?, Craft-repair,?, White,?,,87.670456,,?,?
, Private,189484.39, HS-grad,,?,?, Husband,?,?,,87.670456,,?,?
38.579506, Private,,?,10.067414,?,?,?,?, Male,,,,?,?
,?,189484.39,?,, Married-civ-spouse, Craft-repair, Husband, White,?,,87.670456,,?,?
, Private,,?,, Married-civ-spouse, Craft-repair,?, White,?,,,,?,?
, Private,, HS-grad,,?,?,?,?,?,,,,?,?
38.579506,?,,?,,?,?,?,?,?,,,40.425713, United-States,?
38.579506,?,, HS-grad,10.067414,?, Craft-repair,?,?,?,,,, United-States,?
,?,, HS-grad,10.067414, Married-civ-spouse, Craft-repair,?, White,?,,,40.425713,?,?
,?,,?,,?,?,?,?,?,,,40.425713, United-States,?
38.579506,?,,?,,?,?,?,?,?,,,,?,?
38.579506,?,,?,,?,?, Husband,?,?,,,,?,?
,?,, HS-grad,,?,?,?, White,?,,,,?,?
,?,189484.39, HS-grad,,?,?,?, White,?,,,, United-States,?
,?,, HS-grad,,?,?,?,?,?,,,,?, <=50K
,?,,?,,?,?, Husband,?, Male,,,,?, <=50K
, Private,, HS-grad,,?,?,?,?,?,,87.670456,,?,?
,?,,?,,?,?,?,?,?,,,,?,?
, Private,,?,10.067414,?,?,?,?,?,,,,?,?
38.579506,?,,?,,?, Craft-repair, Husband,?, Male,,,40.425713,?,?
,?,,?,,?,?,?,?, Male,1082.9701,,,?,?
, Private,,?,, Married-civ-spouse,?,?,?,?,,,,?,?
38.579506,?,, HS-grad,,?, Craft-repair, Husband, White,?,1082.9701,87.670456,,?, <=50K
,?,189484.39,?,,?,?,?,?, Male,,87.670456,,?,?
,?,189484.39,?,10.067414,?,?,?,?,?,,,,?,?
38.579506,?,, HS-grad,, Married-civ-spouse, Craft-repair,?,?,?,1082.9701,,, United-States,?
, Private,,?,, Married-civ-spouse,?,?,?, Male,,,,?,?
,?,,?,,?,?, Husband, White,?,,,40.425713, United-States,?
,?,,?,,?,?,?,?,?,,,,?,?
,?,,?,,?,?,?,?,?,1082.9701,,40.425713,?, <=50K
,?,,?,,?,?,?,?,?,,,,?,?
, Private,,?,10.067414, Married-civ-spouse,?,?, White,?,,,,?,?
,?,189484.39,?,,?,?, Husband,?,?,1082.9701,,,?,?
38.579506,?,,?,,?, Craft-repair,?,?,?,,,,?,?
38.579506,?,189484.39,?,10.067414,?,?,?,?,?,1082.9701,,,?, <=50K
38.579506,?,,?,,?,?,?, White,?,,,,?,?
38.579506,?,,?,,?,?,?,?,?,,,,?,?
, Private,,?,,?,?,?,?, Male,,,,?,?
,?,189484.39,?,10.067414,?,?,?,?,?,,,,?,?
, Private,,?,,?, Craft-repair,?,?,?,1082.9701,87.670456,,?,?
, Private,, HS-grad,,?, Craft-repair,?,?, Male,,,,?,?
,?,,?,,?,?,?,?,?,1082.9701,,,?,?
,?,,?,,?, Craft-repair, Husband,?,?,,,,?,?
, Private,,?,,?,?,?,?, Male,,87.670456,,?,?
,?,189484.39, HS-grad,,?,?, Husband,?,?,,,, United-States,?
38.579506, Private,,?,,?,?,?,?,?,,87.670456,,?,?
, Private,189484.39,?,10.067414,?,?,?, White,?,,,, United-States,?
38.579506, Private,,?,,?, Craft-repair,?, White,?,,,,?,?
,?,,?,10.067414,?,?, Husband,?,?,1082.9701,,,?,?
,?,,?,,?,?,?,?,?,,,40.425713,?,?
,?,,?,,?,?,?,?,?,,87.670456,,?,?
, Private,,?,10.067414,?,?,?, White, Male,,,,?,?
, Private,,?,,?,?,?,?,?,,87.670456,,?, <=50K
,?,,?,,?,?,?,?,?,1082.9701,,,?,?
,?,,?,, Married-civ-spouse,?,?,?,?,1082.9701,,,?,?
,?,, HS-grad,,?,?,?, White,?,,,,?,?
, Private,189484.39,?,10.067414, Married-civ-spouse,?,?,?,?,,,, United-States,?
,?,,?,,?,?,?,?,?,1082.9701,87.670456,40.425713,?, <=50K
,?,,?,,?,?,?,?,?,,,,?,?
, Private,,?,, Married-civ-spouse,?,?,?,?,1082.9701,87.670456,,?,?
,?,,?,,?,?,?,?,?,,,,?,?
, Private,189484.39, HS-grad,10.067414,?,?, Husband,?,?,,,,?,?
38.579506, Private,,?,10.067414,?, Craft-repair,?,?,?,1082.9701,,,?,?
,?,,?,,?,?,?,?,?,1082.9701,,40.425713, United-States,?
,?,,?,,?,?,?,?,?,1082.9701,,, United-States,?
38.579506,?,, HS-grad,10.067414,?, Craft-repair,?, White,?,,,,?,?
,?,,?,,?,?,?,?, Male,,,,?, <=50K
, Private,,?,,?,?, Husband,?,?,,,, United-States,?
,?,,?,,?,?,?,?,?,,,,?,?
,?,189484.39,?,,?,?,?,?,?,,,,?,?
,?,,?,,?, Craft-repair,?,?,?,,,,?, <=50K
,?,,?,10.067414,?,?,?,?,?,,,40.425713,?, <=50K
, Private,,?,, Married-civ-spouse,?,?,?,?,,,40.425713,?,?
,?,,?,10.067414,?,?,?, White,?,1082.9701,,40.425713, United-States,?
, Private,,?,10.067414,?,?,?, White,?,1082.9701,,,?,?
,?,,?,,?,?,?,?,?,,,, United-States,?
,?,, HS-grad,,?,?,?,?, Male,1082.9701,,40.425713, United-States,?
,?,189484.39,?,,?,?,?, White, Male,,,, United-States,?
,?,189484.39, HS-grad,, Married-civ-spouse,?,?,?,?,,,, United-States,?
38.579506,?,189484.39,?,,?,?, Husband,?,?,,,, United-States, <=50K
,?,189484.39,?,,?,?,?,?,?,,,,?,?
,?,,?,,?,?,?,?,?,1082.9701,87.670456,,?,?
,?,189484.39, HS-grad,,?,?,?,?,?,,,,?,?
, Private,189484.39, HS-grad,10.067414,?,?,?,?,?,,,,?,?
,?,,?,, Married-civ-spouse,?,?,?,?,,87.670456,,?,?
38.579506, Private,,?,,?,?,?, White, Male,,,,?,?
, Private,,?,,?,?, Husband,?,?,1082.9701,,,?,?
,?,, HS-grad,, Married-civ-spouse, Craft-repair,?,?, Male,,87.670456,,?,?
,?,,?,,?,?,?, White,?,1082.9701,,,?,?
,?,,?,10.067414,?,?, Husband,?,?,,87.670456,40.425713,?,?
,?,, HS-grad,,?,?,?, White,?,1082.9701,,,?,?
,?,189484.39,?,,?,?, Husband,?,?,,87.670456,,?,?
,?,189484.39, HS-grad,10.067414,?,?, Husband,?,?,,87.670456,,?,?
,?,189484.39, HS-grad,,?,?,?,?,?,,,,?,?
, Private,, HS-grad,,?, Craft-repair,?,?,?,,,40.425713,?,?
, Private,,?,,?,?,?,?,?,,,, United-States,?
,?,,?,,?,?,?, White,?,,,40.425713, United-States,?
,?,,?,, Married-civ-spouse,?,?,?,?,,,,?,?
38.579506,?,,?,10.067414,?,?, Husband,?,?,,,,?,?
38.579506,?,,?,,?, Craft-repair, Husband,?,?,,,, United-States,?
,?,189484.39,?,,?,?,?, White,?,,,,?,?
,?,,?,10.067414, Married-civ-spouse,?, Husband, White, Male,,87.670456,,?,?
,?,,?,,?, Craft-repair, Husband,?, Male,,,40.425713, United-States,?
,?,189484.39,?,10.067414, Married-civ-spouse, Craft-repair,?,?, Male,,87.670456,, United-States,?
,?,,?,,?,?, Husband,?,?,,,, United-States,?
,?,,?,,?,?,?,?, Male,,87.670456,,?,?
,?,,?,, Married-civ-spouse,?,?,?,?,1082.9701,,,?,?
,?,, HS-grad,,?,?,?,?,?,,87.670456,, United-States,?
,?,,?,,?,?,?, White, Male,,,,?,?
,?,,?,,?, Craft-repair,?,?,?,,,,?,?
,?,, HS-grad,,?,?,?,?,?,,,40.425713,?,?
,?,189484.39,?,,?,?,?,?,?,1082.9701,,,?,?
38.579506,?,,?,,?, Craft-repair,?, White,?,1082.9701,87.670456,, United-States, <=50K
,?,,?,,?,?,?,?,?,,,,?, <=50K
,?,,?,,?,?,?,?,?,1082.9701,,, United-States,?
,?,, HS-grad,,?,?,?,?,?,,87.670456,40.425713,?,?
,?,, HS-grad,,?,?, Husband,?,?,,87.670456,, United-States,?
,?,189484.39,?,,?,?,?,?,?,,,,?,?
,?,,?,,?,?,?,?,?,,,,?,?
,?,,?,,?,?,?,?,?,,,,?,?
38.579506,?,, HS-grad,,?,?,?,?,?,,,40.425713,?,?
38.579506,?,189484.39,?,,?,?,?,?,?,,,,?,?
, Private,,?,,?,?,?,?,?,1082.9701,,,?,?
38.579506,?,,?,, Married-civ-spouse,?,?,?,?,1082.9701,,,?,?
,?,189484.39,?,,?,?, Husband,?,?,1082.9701,87.670456,,?,?
38.579506,?,189484.39,?,10.067414,?,?,?,?,?,1082.9701,,,?,?
38.579506,?,, HS-grad,,?,?,?,?, Male,1082.9701,,40.425713,?,?
,?,,?,,?, Craft-repair, Husband,?,?,1082.9701,,,?, <=50K
,?,,?,,?,?,?, White,?,1082.9701,,,?,?
,?,,?,,?, Craft-repair,?,?,?,1082.9701,87.670456,,?, <=50K
,?,,?,, Married-civ-spouse,?,?, White,?,1082.9701,,,?, <=50K
,?,,?,10.067414,?, Craft-repair,?,?,?,,,, United-States,?
,?,, HS-grad,,?,?, Husband,?,?,1082.9701,,,?, <=50K
,?,,?,,?,?,?, White, Male,,,, United-States, <=50K
,?,,?,,?, Craft-repair, Husband,?,?,,,40.425713,?,?
, Private,,?,, Married-civ-spouse, Craft-repair,?,?,?,,,,?,?
38.579506,?,,?,, Married-civ-spouse,?,?,?, Male,,87.670456,, United-States, <=50K
,?,,?,, Married-civ-spouse,?,?,?, Male,,,40.425713,?, <=50K
,?,,?,, Married-civ-spouse,?,?,?,?,1082.9701,,,?,?
,?,, HS-grad,10.067414,?,?,?,?, Male,,,, United-States,?
, Private,189484.39,?,, Married-civ-spouse, Craft-repair,?,?,?,1082.9701,,40.425713,?,?
,?,,?,10.067414,?, Craft-repair,?,?, Male,,87.670456,,?, <=50K
38.579506,?,,?,,?,?, Husband,?,?,,,,?,?
, Private,,?,,?, Craft-repair,?,?, Male,,,,?,?
, Private,,?,,?,?,?,?,?,1082.9701,,, United-States,?
38.579506, Private,189484.39,?,,?, Craft-repair,?,?,?,,,,?,?
,?,,?,, Married-civ-spouse,?, Husband,?, Male,,87.670456,,?,?
,?,, HS-grad,10.067414,?,?, Husband, White,?,,,,?,?
38.579506, Private,,?,,?, Craft-repair,?, White, Male,,,,?,?
,?,,?,, Married-civ-spouse,?, Husband,?,?,,87.670456,,?,?
, Private,, HS-grad,,?,?,?,?,?,,,, United-States, <=50K
,?,, HS-grad,,?,?,?,?,?,,,, United-States,?
,?,,?,,?,?,?,?, Male,1082.9701,,,?,?
,?,,?,,?, Craft-repair,?,?, Male,,,,?,?
,?,189484.39, HS-grad,,?,?,?, White,?,,87.670456,,?,?
, Private,,?,, Married-civ-spouse, Craft-repair,?, White,?,,,,?,?
,?,,?,,?,?,?,?, Male,,,,?,?
, Private,,?,,?,?,?,?,?,,,, United-States,?
,?,189484.39,?,,?, Craft-repair, Husband,?,?,,87.670456,,?, <=50K
,?,,?,,?,?,?,?, Male,1082.9701,,,?, <=50K
,?,,?,,?, Craft-repair,?,?, Male,,87.670456,,?, <=50K
38.579506,?,, HS-grad,, Married-civ-spouse, Craft-repair, Husband,?,?,,,,?,?
38.579506, Private,189484.39,?,10.067414,?,?,?,?,?,,87.670456,, United-States,?
,?,,?,,?,?,?,?, Male,1082.9701,87.670456,,?,?
38.579506,?,189484.39, HS-grad,,?,?,?,?, Male,,,,?,?
,?,,?,,?,?,?,?,?,,,,?, <=50K
, Private,,?,10.067414, Married-civ-spouse,?,?,?,?,,87.670456,,?,?
,?,189484.39,?,10.067414, Married-civ-spouse,?,?,?,?,,,40.425713,?, <=50K
,?,, HS-grad,,?,?, Husband,?, Male,,,40.425713, United-States,?
,?,,?,10.067414,?,?,?,?, Male,,,,?,?
,?,189484.39,?,,?, Craft-repair,?,?, Male,,,,?, <=50K
,?,189484.39, HS-grad,, Married-civ-spouse,?,?,?,?,,,40.425713,?, <=50K
,?,,?,,?,?,?,?,?,,,,?, <=50K
,?,,?,,?,?,?,?, Male,,87.670456,40.425713,?,?
, Private,,?,, Married-civ-spouse, Craft-repair,?,?, Male,,,,?,?
,?,189484.39, HS-grad,,?,?,?, White,?,,87.670456,,?,?
, Private,,?,,?,?,?, White,?,,,,?,?
,?,,?,,?,?,?, White,?,,,,?,?
,?,,?,10.067414,?,?,?,?,?,,,40.425713, United-States,?
,?,189484.39,?,, Married-civ-spouse, Craft-repair,?,?,?,,,,?,?
38.579506,?,,?,10.067414,?,?,?,?,?,,,,?, <=50K
,?,,?,,?,?,?, White,?,1082.9701,,,?,?
, Private,,?,,?, Craft-repair, Husband, White,?,1082.9701,87.670456,40.425713,?,?
38.579506,?,, HS-grad,,?,?,?, White,?,,,,?,?
,?,,?,, Married-civ-spouse,?,?,?,?,,,, United-States,?
,?,189484.39,?,,?,?,?,?,?,,,,?,?
,?,,?,,?,?,?, White,?,,,,?,?
, Private,, HS-grad,10.067414,?,?,?,?,?,,,,?,?
,?,,?,10.067414,?, Craft-repair,?,?,?,,,,?,?
,?,,?,, Married-civ-spouse, Craft-repair, Husband,?,?,1082.9701,,,?, <=50K
,?,,?,,?,?,?, White,?,,,,?,?
,?,,?,10.067414, Married-civ-spouse,?,?,?,?,,,,?,?
38.579506,?,,?,10.067414,?, Craft-repair,?,?,?,1082.9701,,40.425713,?,?
,?,,?,10.067414,?,?,?,?,?,,87.670456,,?,?
,?,,?,, Married-civ-spouse, Craft-repair,?,?,?,,87.670456,,?, <=50K
38.579506, Private,,?,,?,?, Husband,?,?,1082.9701,,,?, <=50K
,?,,?,10.067414,?,?,?,?, Male,,87.670456,40.425713, United-States,?
, Private,,?,,?,?,?,?,?,,87.670456,,?,?
,?,,?,,?,?,?, White,?,,87.670456,,?,?
,?,,?,10.067414,?,?,?, White,?,,,, United-States,?
,?,,?,, Married-civ-spouse,?,?, White,?,,,,?,?
38.579506,?,189484.39,?,, Married-civ-spouse,?,?, White,?,,87.670456,, United-States,?
38.579506, Private,,?,,?,?,?,?,?,,,,?,?
,?,,?,,?,?,?,?, Male,,87.670456,,?,?
38.579506,?,, HS-grad,10.067414,?,?,?,?,?,,,,?,?
38.579506, Private,189484.39, HS-grad,10.067414,?,?,?,?,?,,,,?,?
, Private,,?,10.067414, Married-civ-spouse,?,?,?, Male,,,,?,?
,?,,?,,?,?,?, White,?,,,,?,?
,?,,?,, Married-civ-spouse,?, Husband,?, Male,1082.9701,,,?,?
,?,,?,,?,?, Husband,?,?,,87.670456,, United-States,?
,?,,?,,?,?,?, White, Male,,87.670456,, United-States,?
38.579506,?,,?,,?,?,?,?,?,,,,?,?
38.579506,?,,?,10.067414,?,?,?, White,?,,,,?, <=50K
,?,,?,,?, Craft-repair,?, White,?,,,,?,?
, Private,,?,,?,?,?,?,?,,,40.425713, United-States,?
,?,,?,,?,?, Husband,?,?,1082.9701,,40.425713,?,?
,?,189484.39, HS-grad,, Married-civ-spouse,?,?,?,?,,,,?,?
38.579506,?,,?,, Married-civ-spouse,?, Husband,?, Male,,87.670456,, United-States,?
,?,,?,10.067414,?,?,?,?,?,,,,?, <=50K
,?,,?,,?,?,?,?, Male,1082.9701,87.670456,,?,?
,?,,?,,?,?,?, White,?,1082.9701,,,?,?
,?,, HS-grad,, Married-civ-spouse,?,?,?,?,,,,?,?
,?,,?,,?,?,?,?, Male,,,,?,?
,?,,?,,?,?,?,?, Male,,,40.425713,?,?
,?,,?,,?,?, Husband,?,?,,,,?,?
,?,,?,,?,?,?,?,?,,,,?, <=50K
,?,,?,,?,?,?,?,?,,,,?, <=50K
,?,189484.39, HS-grad,, Married-civ-spouse, Craft-repair, Husband,?,?,,,, United-States, <=50K
,?,, HS-grad,,?,?,?,?,?,,,,?,?
, Private,,?,,?,?,?,?, Male,,,,?,?
,?,189484.39,?,10.067414, Married-civ-spouse,?,?,?,?,,,, United-States, <=50K
,?,,?,,?, Craft-repair,?,?,?,,,,?,?
, Private,,?,,?,?, Husband,?,?,,,,?,?
, Private,,?,,?,?,?,?,?,,,,?,?
,?,,?,,?, Craft-repair,?,?,?,,87.670456,, United-States,?
,?,,?,,?,?,?, White,?,,,,?,?
,?,,?,,?,?,?, White,?,,,,?,?
, Private,,?,10.067414,?,?,?,?,?,,,, United-States,?
,?,,?,,?,?,?,?,?,,,,?,?
,?,189484.39,?,,?,?,?,?, Male,,,,?,?
,?,189484.39,?,,?,?,?,?,?,1082.9701,87.670456,,?,?
,?,,?,, Married-civ-spouse,?,?,?,?,1082.9701,,,?,?
,?,, HS-grad,,?,?,?,?, Male,,,, United-States, <=50K
,?,,?,, Married-civ-spouse,?,?,?,?,,,,?,?
,?,,?,10.067414,?,?,?,?,?,,,,?,?
,?,, HS-grad,,?,?,?,?, Male,,87.670456,,?,?
,?,,?,,?, Craft-repair,?,?, Male,1082.9701,,40.425713,?,?
,?,,?,,?,?, Husband, White,?,,,, United-States, <=50K
,?,,?,,?, Craft-repair,?,?,?,1082.9701,,,?,?
,?,,?,,?,?,?,?,?,,,40.425713,?,?
,?,,?,,?,?, Husband,?, Male,1082.9701,,,?,?
,?,,?,, Married-civ-spouse,?,?,?,?,,,,?,?
,?,189484.39,?,,?,?,?, White, Male,,,,?,?
,?,,?,,?,?, Husband,?,?,1082.9701,,40.425713, United-States,?
,?,,?,,?,?,?,?,?,,,,?,?
,?,, HS-grad,,?,?,?,?, Male,,87.670456,,?,?
38.579506,?,, HS-grad,, Married-civ-spouse,?,?,?,?,,,,?,?
, Private,189484.39,?,,?,?, Husband,?,?,,,,?,?
38.579506,?,,?,10.067414,?, Craft-repair,?,?, Male,,,, United-States,?
38.579506,?,189484.39, HS-grad,,?,?, Husband,?, Male,,,,?,?
,?,,?,,?,?,?, White, Male,,,,?,?
, Private,,?,,?,?,?,?,?,,,,?,?
,?,,?,10.067414,?,?,?,?,?,1082.9701,,,?,?
, Private,,?,,?,?,?,?,?,,,,?, <=50K
,?,189484.39, HS-grad,,?,?,?,?,?,,,,?, <=50K
,?,,?,,?,?,?,?,?,,,, United-States,?
,?,,?,, Married-civ-spouse,?, Husband,?,?,,87.670456,40.425713,?,?
,?,,?,,?, Craft-repair, Husband,?,?,,,,?,?
, Private,,?,,?,?,?,?,?,,87.670456,,?,?
38.579506,?,,?,,?,?,?,?,?,,,,?,?
,?,, HS-grad,,?,?,?,?, Male,1082.9701,,,?, <=50K
,?,,?,,?, Craft-repair,?,?,?,,,40.425713, United-States,?
38.579506,?,189484.39,?,10.067414,?,?,?,?,?,,,,?,?
,?,, HS-grad,10.067414,?,?,?,?,?,,87.670456,40.425713,?,?
,?,,?,10.067414,?,?,?,?, Male,1082.9701,,, United-States,?
,?,,?,10.067414, Married-civ-spouse,?,?,?,?,,,,?,?
,?,,?,,?, Craft-repair,?,?,?,,,,?,?
,?,,?,,?, Craft-repair,?, White,?,,87.670456,40.425713,?,?
,?,, HS-grad,, Married-civ-spouse,?, Husband,?,?,1082.9701,,40.425713,?,?
,?,,?,,?,?, Husband,?, Male,,87.670456,40.425713,?, <=50K
,?,,?,,?, Craft-repair,?,?, Male,,,, United-States,?
,?,, HS-grad,,?,?,?, White,?,1082.9701,,,?,?
38.579506,?,189484.39,?,,?, Craft-repair,?,?,?,1082.9701,,,?, <=50K
,?,,?,,?,?, Husband,?,?,,,,?,?
,?,189484.39,?,, Married-civ-spouse,?,?,?, Male,,,,?,?
,?,,?,10.067414,?,?,?,?,?,,,,?,?
,?,,?,,?,?, Husband,?, Male,,,,?,?
,?,189484.39,?,,?,?,?,?,?,,,,?,?
,?,,?,,?,?,?,?,?,,,, United-States,?
,?,,?,,?,?, Husband,?,?,,87.670456,, United-States,?
,?,,?,,?,?,?,?, Male,,,, United-States, <=50K
,?,,?,10.067414, Married-civ-spouse,?,?,?,?,,,,?,?
,?,,?,10.067414,?,?, Husband, White, Male,,87.670456,,?,?
,?,,?,,?, Craft-repair, Husband,?,?,,,,?,?
,?,,?,, Married-civ-spouse,?,?, White,?,,,,?,?
38.579506,?,,?,10.067414,?,?,?,?, Male,,,,?,?
,?,189484.39,?,,?,?,?, White,?,,,,?,?
,?,, HS-grad,10.067414, Married-civ-spouse,?,?,?, Male,1082.9701,,40.425713,?,?
,?,,?,,?,?,?,?, Male,1082.9701,,,?,?
,?,,?,10.067414,?,?,?, White,?,,87.670456,,?,?
,?,,?,,?, Craft-repair,?,?, Male,1082.9701,,,?, <=50K
,?,, HS-grad,,?, Craft-repair, Husband,?,?,,87.670456,,?,?
38.579506, Private,, HS-grad,, Married-civ-spouse,?,?,?,?,,,,?,?
,?,,?,10.067414, Married-civ-spouse,?,?,?,?,,,,?,?
38.579506,?,,?,,?,?,?, White,?,1082.9701,87.670456,,?, <=50K
,?,,?,,?, Craft-repair,?,?,?,,87.670456,,?,?
,?,,?,,?, Craft-repair,?,?,?,1082.9701,,,?,?
38.579506,?,,?,,?,?,?,?,?,,,,?, <=50K
,?,,?,10.067414, Married-civ-spouse,?,?,?,?,,,40.425713, United-States,?
,?,,?,,?,?, Husband,?,?,,,,?,?
38.579506,?,,?,,?,?,?,?,?,,87.670456,,?,?
,?,,?,,?, Craft-repair,?, White,?,,,,?,?
, Private,,?,,?,?, Husband, White,?,,87.670456,,?,?
,?,189484.39,?,10.067414, Married-civ-spouse,?,?,?,?,,87.670456,40.425713,?,?
38.579506,?,189484.39,?,,?,?, Husband,?,?,,,40.425713,?,?
,?,,?,,?,?,?,?,?,,,,?,?
,?,, HS-grad,,?,?,?,?, Male,1082.9701,87.670456,,?,?
,?,,?,,?, Craft-repair,?,?,?,,,,?, <=50K
, Private,189484.39,?,,?,?,?,?,?,,,,?,?
38.579506, Private,189484.39,?,,?,?, Husband,?,?,,87.670456,,?,?
38.579506,?,,?,,?, Craft-repair,?, White,?,,,40.425713,?,?
,?,,?,,?, Craft-repair, Husband,?, Male,,,,?,?
,?,,?,,?,?,?,?, Male,,,, United-States,?
,?,,?,10.067414,?,?,?,?,?,,87.670456,,?,?
, Private,189484.39,?,,?,?, Husband,?,?,,,,?, <=50K
,?,189484.39, HS-grad,10.067414,?,?,?,?,?,1082.9701,,40.425713,?,?
,?,,?,,?,?,?,?,?,,,,?,?
,?,,?,,?,?,?,?,?,,,,?, <=50K
38.579506,?,189484.39,?,,?, Craft-repair,?,?,?,,87.670456,,?,?
,?,,?,,?, Craft-repair, Husband,?,?,,87.670456,,?,?
,?,,?,,?,?,?,?,?,,,,?,?
, Private,,?,, Married-civ-spouse, Craft-repair,?,?, Male,,,,?,?
38.579506,?,,?,10.067414,?,?, Husband,?, Male,,87.670456,,?,?
, Private,,?,,?,?,?,?,?,,,,?, <=50K
,?,,?,,?,?,?,?,?,,87.670456,, United-States,?
,?,,?,,?,?,?,?,?,1082.9701,,,?,?
, Private,189484.39,?,,?,?,?,?,?,,,,?,?
38.579506,?,,?,,?,?,?,?,?,,,,?,?
,?,, HS-grad,,?,?, Husband,?, Male,1082.9701,,,?, <=50K
,?,,?,,?, Craft-repair,?,?,?,,,,?,?
,?,,?,,?,?,?,?,?,,,40.425713, United-States,?
, Private,,?,10.067414,?,?,?,?,?,,,, United-States,?
38.579506,?,189484.39,?,10.067414,?,?,?, White, Male,,,,?,?
,?,,?,10.067414, Married-civ-spouse,?,?,?, Male,,,,?,?
,?,,?,, Married-civ-spouse,?,?,?, Male,,87.670456,,?,?
,?,189484.39,?,,?,?,?,?,?,,,40.425713, United-States,?
,?,,?,10.067414,?, Craft-repair,?,?,?,,,,?,?
, Private,, HS-grad,10.067414,?,?,?,?,?,1082.9701,87.670456,40.425713, United-States,?
,?,189484.39, HS-grad,,?, Craft-repair,?,?,?,1082.9701,87.670456,40.425713, United-States, <=50K
, Private,189484.39, HS-grad,,?,?,?, White, Male,1082.9701,,,?,?
,?,189484.39, HS-grad,,?,?,?,?,?,1082.9701,,40.425713,?,?
38.579506,?,, HS-grad,, Married-civ-spouse, Craft-repair,?,?,?,,87.670456,,?, <=50K
,?,,?,, Married-civ-spouse,?,?,?,?,,,,?,?
, Private,,?,, Married-civ-spouse,?,?,?,?,,,, United-States,?
38.579506, Private,,?,,?,?,?,?,?,,,,?,?
,?,, HS-grad,,?, Craft-repair,?,?,?,,,,?, <=50K
38.579506, Private,,?,10.067414,?, Craft-repair,?,?,?,,,,?, <=50K
38.579506,?,,?,, Married-civ-spouse, Craft-repair, Husband,?,?,1082.9701,,,?,?
,?,,?,,?,?,?,?,?,,,,?,?
,?,,?,,?,?, Husband,?,?,,,,?, <=50K
, Private,189484.39,?,,?,?,?,?,?,1082.9701,,, United-States, <=50K
38.579506, Private,,?,,?,?, Husband,?,?,,,,?,?
,?,189484.39,?,,?, Craft-repair,?,?,?,1082.9701,,,?, <=50K
,?,,?,, Married-civ-spouse, Craft-repair,?,?,?,,,,?,?
, Private,,?,,?,?,?,?, Male,,,,?,?
,?,,?,,?,?,?,?,?,1082.9701,,,?, <=50K
, Private,,?,,?,?,?,?, Male,,,,?,?
,?,,?,,?, Craft-repair, Husband,?, Male,,87.670456,40.425713,?, <=50K
,?,,?,,?,?,?,?,?,1082.9701,,,?, <=50K
38.579506,?,,?,,?, Craft-repair,?, White, Male,,,,?,?
,?,, HS-grad,, Married-civ-spouse, Craft-repair,?,?, Male,,,,?,?
,?,189484.39,?,,?,?,?,?,?,1082.9701,87.670456,, United-States,?
38.579506,?,,?,,?, Craft-repair,?,?,?,1082.9701,,,?,?
, Private,,?,10.067414,?,?, Husband,?, Male,,,,?,?
,?,,?,,?,?,?,?,?,,,,?,?
,?,,?,10.067414,?, Craft-repair,?,?,?,,,,?,?
38.579506,?,189484.39,?,,?, Craft-repair,?,?,?,,,,?, <=50K
,?,,?,, Married-civ-spouse,?,?,?,?,,,, United-States,?
38.579506,?,, HS-grad,,?,?,?,?, Male,,,,?,?
,?,,?,,?,?,?, White, Male,,,,?,?
,?,,?,,?,?,?,?,?,,,,?, <=50K
,?,,?,,?,?,?,?,?,,,40.425713,?,?
, Private,,?,10.067414,?,?,?, White,?,,,,?,?
,?,,?,,?,?,?, White,?,1082.9701,,40.425713,?,?
, Private,,?,10.067414,?, Craft-repair,?,?,?,,,,?,?
,?,,?,10.067414,?,?,?,?, Male,,,,?,?
,?,,?,,?,?,?,?, Male,1082.9701,,,?,?
38.579506,?,,?,,?,?,?,?,?,,,,?,?
,?,,?,,?,?,?,?,?,1082.9701,,, United-States,?
, Private,189484.39,?,,?,?,?, White,?,,,,?,?
,?,, HS-grad,10.067414,?,?,?,?,?,1082.9701,,40.425713,?,?
,?,189484.39, HS-grad,10.067414, Married-civ-spouse,?, Husband,?,?,,,,?,?
,?,, HS-grad,,?,?,?, White,?,,,,?,?
, Private,,?,,?,?,?,?,?,1082.9701,,,?, <=50K
38.579506, Private,,?,,?, Craft-repair, Husband,?,?,,,,?,?
, Private,,?,, Married-civ-spouse, Craft-repair,?,?,?,1082.9701,,,?,?
,?,189484.39,?,, Married-civ-spouse, Craft-repair,?, White,?,,87.670456,,?, <=50K
,?,,?,,?,?, Husband, White, Male,1082.9701,87.670456,,?,?
,?,,?,, Married-civ-spouse,?,?,?, Male,,,40.425713,?,?
38.579506, Private,189484.39,?,,?,?,?, White,?,,,,?,?
38.579506,?,,?,10.067414,?,?, Husband,?,?,,,,?,?
,?,,?,, Married-civ-spouse,?, Husband,?,?,,,40.425713,?,?
, Private,, HS-grad,,?,?,?,?,?,,,,?,?
,?,, HS-grad,,?,?,?,?,?,,,, United-States,?
,?,,?,,?,?,?,?,?,,,,?,?
38.579506,?,,?,10.067414,?,?,?,?,?,,87.670456,,?,?
,?,,?,10.067414,?,?,?,?,?,1082.9701,,,?,?
,?,, HS-grad,10.067414,?,?,?,?,?,,,,?,?
38.579506,?,,?,,?, Craft-repair,?,?,?,,87.670456,,?,?
,?,,?,,?, Craft-repair,?,?, Male,1082.9701,,,?,?
,?,,?,,?, Craft-repair,?, White,?,,,,?,?
, Private,,?,10.067414,?,?,?,?,?,1082.9701,,,?, <=50K
, Private,189484.39,?,,?,?,?,?,?,1082.9701,,,?,?
38.579506,?,,?,,?,?,?,?,?,,87.670456,,?,?
38.579506, Private,,?,,?,?,?,?,?,,,,?,?
38.579506,?,189484.39,?,,?, Craft-repair,?, White,?,,,,?,?
,?,,?,, Married-civ-spouse,?,?,?,?,1082.9701,,,?,?
,?,, HS-grad,,?,?, Husband,?,?,,87.670456,,?,?
,?,, HS-grad,,?, Craft-repair,?, White,?,1082.9701,,40.425713, United-States,?
, Private,,?,,?, Craft-repair,?,?,?,,,,?,?
, Private,, HS-grad,, Married-civ-spouse, Craft-repair, Husband, White,?,,,,?,?
38.579506, Private,,?,,?,?,?,?,?,1082.9701,,,?, <=50K
,?,189484.39,?,, Married-civ-spouse,?,?, White, Male,,,40.425713,?,?
, Private,,?,,?,?, Husband,?,?,,,,?, <=50K
,?,,?,,?,?,?,?,?,,,,?, <=50K
38.579506,?,,?,,?,?,?,?,?,,,, United-States,?
,?,189484.39,?,10.067414,?,?,?,?,?,,,,?,?
,?,189484.39,?,10.067414,?, Craft-repair,?,?,?,,87.670456,,?,?
,?,189484.39,?,,?,?,?,?,?,,,, United-States, <=50K
38.579506, Private,,?,,?,?, Husband,?,?,,,,?,?
, Private,,?,,?,?, Husband,?,?,,,,?,?
,?,189484.39,?,,?,?, Husband,?, Male,,,,?,?
,?,,?,,?,?,?,?,?,,87.670456,,?,?
38.579506,?,,?,,?,?,?,?,?,,,, United-States,?
,?,,?,10.067414,?,?,?,?,?,,,40.425713,?,?
,?,189484.39,?,,?,?,?, White, Male,1082.9701,,40.425713, United-States,?
, Private,,?,,?,?,?,?,?,,87.670456,,?,?
,?,189484.39,?,,?,?,?, White,?,,87.670456,,?, <=50K
,?,,?,10.067414,?,?,?, White, Male,,,40.425713,?,?
,?,,?,,?,?,?,?,?,1082.9701,,,?,?
,?,,?,,?,?,?,?,?,1082.9701,,40.425713, United-States,?
38.579506, Private,, HS-grad,10.067414,?,?,?,?,?,,87.670456,,?,?
,?,189484.39,?,,?,?,?,?, Male,1082.9701,,,?,?
,?,,?,10.067414,?,?,?,?, Male,1082.9701,,,?,?
, Private,189484.39, HS-grad,,?,?, Husband,?,?,,,,?,?
,?,,?,,?,?,?,?,?,,,40.425713,?,?
38.579506,?,,?,,?,?,?,?, Male,1082.9701,,,?,?
38.579506,?,,?,, Married-civ-spouse,?,?,?,?,,87.670456,,?, <=50K
,?,,?,10.067414,?,?,?,?,?,,,40.425713,?, <=50K
38.579506,?,,?,,?,?, Husband, White,?,,,40.425713,?,?
,?,,?,,?,?,?, White,?,1082.9701,,,?,?
,?,,?,, Married-civ-spouse, Craft-repair,?,?,?,,,,?,?
38.579506,?,,?,10.067414,?,?,?,?,?,,,,?,?
,?,,?,,?,?, Husband,?,?,,,,?,?
38.579506,?,189484.39,?,,?,?, Husband,?,?,1082.9701,,40.425713,?,?
,?,,?,, Married-civ-spouse,?,?, White,?,1082.9701,87.670456,,?, <=50K
,?,,?,,?,?,?,?,?,1082.9701,,, United-States,?
38.579506,?,, HS-grad,, Married-civ-spouse, Craft-repair,?,?,?,,,40.425713,?,?
,?,189484.39,?,10.067414,?,?,?,?,?,,87.670456,,?,?
,?,,?,,?,?,?,?,?,,,,?,?
,?,,?,10.067414, Married-civ-spouse, Craft-repair,?, White,?,1082.9701,,, United-States,?
,?,,?,,?, Craft-repair,?,?,?,,,40.425713,?,?
, Private,,?,, Married-civ-spouse, Craft-repair,?,?,?,,,,?, <=50K
,?,,?,,?,?,?,?,?,,,, United-States,?
,?,,?,,?,?,?, White,?,,,, United-States, <=50K
,?,,?,10.067414,?, Craft-repair,?, White,?,,,,?,?
,?,,?,,?,?,?, White,?,,,,?,?
,?,189484.39,?,,?,?,?,?,?,,,,?,?
38.579506,?,,?,10.067414,?,?, Husband,?,?,,,,?,?
,?,189484.39,?,10.067414,?,?, Husband,?, Male,,87.670456,,?,?
,?,,?,,?,?, Husband,?,?,1082.9701,,, United-States,?
,?,,?,,?,?, Husband,?, Male,1082.9701,87.670456,40.425713,?,?
38.579506,?,,?,,?,?,?,?,?,,,40.425713,?,?
,?,,?,,?, Craft-repair,?,?,?,,,,?,?
38.579506,?,, HS-grad,,?,?,?,?, Male,,,,?,?
,?,, HS-grad,10.067414,?,?,?,?,?,,,,?,?
,?,,?,,?,?, Husband,?,?,1082.9701,,,?,?
,?,,?,,?,?,?,?, Male,1082.9701,,,?,?
,?,189484.39, HS-grad,,?, Craft-repair,?,?,?,,87.670456,40.425713,?,?
, Private,,?,,?, Craft-repair,?,?,?,1082.9701,87.670456,,?,?
,?,189484.39,?,,?,?,?,?,?,,,,?,?
,?,189484.39,?,,?,?,?,?,?,1082.9701,,, United-States,?
,?,,?,,?,?,?,?,?,,,, United-States, <=50K
,?,,?,,?,?,?,?,?,1082.9701,,,?,?
,?,, HS-grad,,?,?,?,?, Male,1082.9701,,40.425713,?,?
,?,,?,10.067414,?,?,?,?,?,1082.9701,,, United-States,?
,?,,?,10.067414,?,?, Husband,?,?,,,40.425713,?,?
,?,189484.39,?,10.067414,?,?,?,?,?,,87.670456,,?,?
,?,, HS-grad,,?,?,?,?, Male,,87.670456,, United-States,?
, Private,,?,,?,?,?, White,?,,,40.425713,?,?
, Private,,?,10.067414,?,?,?,?, Male,,,,?,?
,?,,?,,?, Craft-repair,?,?,?,1082.9701,,40.425713,?, <=50K
,?,,?,10.067414,?,?, Husband,?,?,,87.670456,40.425713,?,?
38.579506,?,,?,10.067414,?,?,?,?,?,,,40.425713,?,?
, Private,,?,, Married-civ-spouse,?,?,?,?,,,, United-States, <=50K
,?,,?,,?, Craft-repair, Husband, White,?,,,,?,?
,?,,?,, Married-civ-spouse, Craft-repair,?,?,?,,87.670456,, United-States,?
,?,,?,,?,?, Husband, White,?,,,40.425713,?,?
,?,,?,,?,?, Husband,?,?,,87.670456,40.425713, United-States, <=50K
,?,,?,,?, Craft-repair,?,?,?,1082.9701,,,?, <=50K
,?,,?,,?,?,?,?,?,1082.9701,,40.425713,?,?
,?,189484.39,?,,?,?,?,?,?,1082.9701,,, United-States, <=50K
,?,,?,, Married-civ-spouse,?,?,?,?,1082.9701,,40.425713,?,?
,?,,?,,?,?,?,?, Male,1082.9701,,,?,?
,?,,?,,?,?,?,?, Male,,,,?,?
, Private,, HS-grad,, Married-civ-spouse,?,?, White, Male,,,,?,?
,?,,?,,?,?, Husband,?,?,,,,?,?
, Private,,?,,?,?,?,?, Male,,,,?,?
,?,,?,10.067414,?,?,?,?, Male,,,,?, <=50K
38.579506,?,,?,, Married-civ-spouse, Craft-repair,?,?,?,1082.9701,,40.425713,?,?
,?,189484.39,?,10.067414, Married-civ-spouse,?,?, White,?,,87.670456,,?,?
,?,,?,, Married-civ-spouse,?,?,?,?,1082.9701,,, United-States,?
,?,, HS-grad,,?,?, Husband,?,?,,,, United-States,?
,?,,?,10.067414,?, Craft-repair,?,?, Male,,,,?,?
,?,,?,,?,?,?,?, Male,,,, United-States,?
,?,189484.39,?,,?, Craft-repair,?,?,?,,87.670456,, United-States,?
,?,189484.39, HS-grad,10.067414, Married-civ-spouse,?,?, White,?,,87.670456,,?,?
,?,,?,,?,?, Husband,?,?,,,,?,?
,?,, HS-grad,10.067414,?,?,?,?,?,,,,?,?
,?,, HS-grad,,?,?,?,?, Male,1082.9701,,,?,?
,?,,?,,?,?,?,?,?,,,40.425713,?,?
,?,,?,10.067414, Married-civ-spouse,?,?,?,?,1082.9701,,,?,?
,?,,?,,?, Craft-repair,?,?,?,,87.670456,,?,?
,?,,?,,?,?,?, White,?,,,40.425713,?,?
,?,189484.39,?,10.067414,?,?, Husband, White, Male,,87.670456,40.425713,?,?
, Private,,?,,?,?,?,?,?,,,,?, <=50K
,?,,?,10.067414,?,?, Husband,?,?,1082.9701,,,?,?
,?,,?,,?,?,?,?,?,,,, United-States,?
38.579506,?,, HS-grad,,?,?,?,?,?,1082.9701,,,?,?
,?,, HS-grad,,?,?, Husband,?,?,,,,?,?
,?,,?,,?,?,?,?,?,,,,?,?
,?,, HS-grad,, Married-civ-spouse,?,?,?,?,1082.9701,87.670456,,?,?
,?,189484.39,?,, Married-civ-spouse, Craft-repair,?,?,?,,,,?,?
,?,, HS-grad,, Married-civ-spouse,?,?,?, Male,1082.9701,,, United-States,?
,?,, HS-grad,,?,?,?,?,?,,87.670456,40.425713,?,?
,?,,?,,?,?,?,?, Male,,,,?,?
,?,,?,,?,?,?,?, Male,1082.9701,,,?,?
,?,189484.39,?,,?, Craft-repair, Husband,?,?,,,40.425713, United-States,?
,?,,?,, Married-civ-spouse,?,?,?,?,,,,?, <=50K
, Private,, HS-grad,,?, Craft-repair, Husband,?, Male,,,,?, <=50K
,?,,?,10.067414,?,?,?,?,?,,,40.425713,?,?
,?,,?,,?,?,?, White,?,,,, United-States, <=50K
38.579506, Private,,?,,?,?, Husband, White,?,1082.9701,87.670456,, United-States,?
38.579506,?,,?,10.067414,?, Craft-repair, Husband, White, Male,1082.9701,,40.425713,?,?
, Private,,?,10.067414,?,?,?,?,?,,,,?,?
38.579506,?,,?,, Married-civ-spouse,?,?,?,?,,,, United-States,?
,?,189484.39,?,, Married-civ-spouse,?, Husband,?,?,,,,?, <=50K
,?,189484.39,?,,?,?,?,?, Male,1082.9701,,,?, <=50K
38.579506,?,, HS-grad,,?, Craft-repair,?,?,?,1082.9701,,,?,?
38.579506,?,,?,10.067414,?,?, Husband,?,?,,,,?, <=50K
,?,189484.39,?,10.067414,?,?,?,?, Male,,,40.425713,?, <=50K
,?,,?,, Married-civ-spouse, Craft-repair, Husband, White,?,,,,?,?
,?,,?,,?,?, Husband,?,?,1082.9701,,40.425713,?,?
,?,,?,,?,?,?,?,?,,,,?,?
,?,, HS-grad,10.067414,?,?,?,?,?,,,,?,?
,?,,?,, Married-civ-spouse,?, Husband,?, Male,,,,?,?
,?,189484.39,?,10.067414,?, Craft-repair,?,?, Male,,87.670456,40.425713,?,?
,?,189484.39,?,,?,?,?,?,?,1082.9701,,40.425713,?,?
,?,189484.39, HS-grad,,?, Craft-repair,?,?, Male,,,,?,?
,?,,?,,?,?,?,?, Male,,,,?,?
,?,189484.39, HS-grad,,?,?,?,?,?,,,,?,?
, Private,,?,,?,?, Husband,?,?,,,,?, <=50K
,?,,?,,?,?,?,?,?,,87.670456,,?,?
,?,, HS-grad,, Married-civ-spouse,?,?,?,?,,87.670456,, United-States,?
,?,189484.39, HS-grad,,?,?,?,?,?,1082.9701,,,?, <=50K
,?,, HS-grad,,?,?,?, White,?,,,,?,?
,?,, HS-grad,10.067414,?,?, Husband,?,?,,,,?,?
38.579506,?,,?,,?,?,?,?,?,,,, United-States,?
,?,,?,, Married-civ-spouse, Craft-repair,?,?,?,1082.9701,,40.425713,?, <=50K
,?,189484.39, HS-grad,, Married-civ-spouse,?, Husband,?,?,,,,?,?
, Private,,?,10.067414, Married-civ-spouse,?, Husband,?,?,,87.670456,, United-States,?
,?,,?,,?,?,?,?,?,,87.670456,,?,?
,?,, HS-grad,,?,?,?,?,?,,87.670456,, United-States,?
38.579506,?,, HS-grad,,?,?,?,?,?,,,,?,?
,?,,?,,?,?,?,?, Male,,,,?,?
,?,,?,, Married-civ-spouse,?,?, White, Male,,,,?, <=50K
,?,, HS-grad,, Married-civ-spouse,?,?,?,?,,,40.425713,?,?
,?,,?,,?, Craft-repair,?,?,?,,87.670456,,?, <=50K
,?,,?,,?,?,?,?,?,1082.9701,,,?, <=50K
, Private,, HS-grad,10.067414,?, Craft-repair,?,?,?,1082.9701,87.670456,, United-States,?
,?,189484.39,?,10.067414,?,?,?, White,?,,,40.425713,?,?
38.579506,?,189484.39,?,,?,?,?,?,?,,,,?, <=50K
, Private,189484.39,?,,?, Craft-repair,?,?,?,,,,?,?
,?,,?,,?,?, Husband,?,?,,,,?,?
, Private,,?,,?, Craft-repair,?,?, Male,,87.670456,40.425713,?,?
,?,,?,,?,?,?,?, Male,,,,?,?
, Private,,?,,?,?,?, White,?,1082.9701,87.670456,,?,?
,?,,?,10.067414,?, Craft-repair,?,?,?,,87.670456,,?,?
, Private,189484.39,?,, Married-civ-spouse,?,?,?,?,,,, United-States, <=50K
38.579506,?,,?,,?,?,?,?,?,1082.9701,,40.425713,?, <=50K
,?,,?,10.067414,?,?,?, White,?,,,,?,?
,?,,?,,?,?,?,?, Male,,,, United-States,?
,?,,?,, Married-civ-spouse,?, Husband, White,?,,,, United-States,?
38.579506, Private,,?,, Married-civ-spouse,?,?,?, Male,,,40.425713,?,?
38.579506,?,, HS-grad,,?,?, Husband,?,?,,87.670456,,?,?
38.579506,?,, HS-grad,10.067414, Married-civ-spouse,?,?,?, Male,,,,?,?
,?,,?,, Married-civ-spouse,?, Husband, White, Male,,,40.425713,?,?
,?,,?,,?,?,?,?,?,1082.9701,,,?,?
38.579506,?,,?,,?,?,?, White, Male,,,, United-States,?
,?,189484.39,?,,?,?,?,?, Male,,,,?,?
, Private,,?,,?,?,?, White,?,,,,?,?
, Private,, HS-grad,,?,?,?,?,?,1082.9701,,40.425713,?,?
, Private,,?,,?,?,?,?,?,,,,?,?
,?,, HS-grad,,?,?, Husband, White,?,,,,?, <=50K
,?,189484.39,?,,?,?, Husband,?,?,,,,?,?
38.579506,?,189484.39, HS-grad,, Married-civ-spouse,?,?,?,?,,,,?, <=50K
,?,189484.39,?,,?, Craft-repair,?, White,?,,,40.425713,?, <=50K
,?,,?,,?,?,?,?,?,,,,?,?
,?,,?,, Married-civ-spouse,?,?, White,?,,,,?,?
,?,, HS-grad,10.067414,?,?,?,?,?,,,,?,?
,?,, HS-grad,,?,?, Husband, White,?,,,, United-States,?
, Private,,?,,?,?,?,?,?,,,40.425713,?,?
,?,,?,,?,?, Husband,?,?,,,, United-States,?
,?,, HS-grad,,?,?, Husband,?,?,,,,?,?
, Private,,?,,?,?, Husband,?,?,,,40.425713, United-States,?
,?,,?,,?, Craft-repair, Husband,?,?,,,,?,?
,?,189484.39, HS-grad,,?,?, Husband, White,?,,,40.425713,?,?
38.579506, Private,, HS-grad,10.067414, Married-civ-spouse, Craft-repair,?,?,?,,,,?,?
38.579506,?,,?,10.067414,?,?,?,?,?,1082.9701,87.670456,, United-States,?
,?,189484.39,?,,?, Craft-repair, Husband,?,?,,87.670456,, United-States,?
,?,,?,, Married-civ-spouse,?,?,?, Male,,,,?,?
,?,,?,, Married-civ-spouse,?, Husband,?, Male,,,40.425713,?,?
,?,,?,,?,?, Husband,?,?,,,,?,?
,?,,?,,?, Craft-repair,?,?,?,,,,?,?
,?,, HS-grad,10.067414,?, Craft-repair,?,?,?,,,,?,?
,?,, HS-grad,, Married-civ-spouse,?,?,?,?,,,40.425713,?,?
, Private,,?,,?, Craft-repair,?,?,?,,,,?,?
38.579506,?,,?,,?,?,?, White,?,,,, United-States,?
38.579506,?,,?,, Married-civ-spouse,?, Husband,?,?,,,40.425713,?,?
38.579506,?,,?,, Married-civ-spouse,?,?,?,?,,,40.425713,?,?
38.579506,?,,?,10.067414,?,?,?,?,?,,,,?, <=50K
,?,189484.39,?,,?,?,?, White,?,1082.9701,,40.425713, United-States,?
38.579506,?,,?,, Married-civ-spouse, Craft-repair,?, White, Male,,,,?,?
,?,,?,,?,?,?,?, Male,,,,?,?
,?,189484.39,?,10.067414,?,?,?, White,?,,,,?,?
38.579506,?,, HS-grad,,?,?,?,?,?,,87.670456,,?,?
,?,,?,,?,?, Husband,?,?,1082.9701,,, United-States, <=50K
,?,,?,, Married-civ-spouse,?, Husband,?,?,,,, United-States,?
,?,,?,, Married-civ-spouse, Craft-repair,?,?,?,,87.670456,40.425713,?,?
,?,, HS-grad,,?, Craft-repair,?, White,?,,,,?,?
,?,,?,,?, Craft-repair,?,?,?,,,40.425713,?,?
,?,,?,,?,?,?, White,?,,,40.425713, United-States, <=50K
,?,189484.39,?,,?,?,?, White,?,,,, United-States,?
, Private,, HS-grad,10.067414,?, Craft-repair,?,?,?,,,, United-States,?
,?,189484.39,?,,?,?,?,?,?,,,40.425713,?,?
,?,189484.39,?,,?,?,?,?,?,,87.670456,, United-States,?
,?,, HS-grad,, Married-civ-spouse,?,?,?,?,,,,?,?
,?,189484.39,?,10.067414, Married-civ-spouse,?,?, White,?,1082.9701,,40.425713,?,?
,?,,?,,?,?,?,?,?,,,40.425713,?,?
,?,189484.39,?,,?, Craft-repair,?,?,?,,,,?,?
,?,,?,,?,?,?, White,?,,87.670456,, United-States,?
,?,,?,,?,?,?,?,?,1082.9701,87.670456,,?,?
, Private,,?,10.067414,?, Craft-repair,?,?,?,1082.9701,,,?,?
,?,, HS-grad,, Married-civ-spouse,?,?,?,?,1082.9701,,,?,?
,?,189484.39,?,, Married-civ-spouse,?, Husband,?,?,1082.9701,87.670456,,?,?
,?,189484.39, HS-grad,10.067414,?,?,?,?, Male,,87.670456,40.425713,?,?
,?,,?,,?,?,?,?,?,,87.670456,,?, <=50K
, Private,189484.39,?,10.067414,?,?, Husband,?, Male,,,,?,?
38.579506,?,189484.39, HS-grad,,?,?,?,?,?,,,,?, <=50K
,?,, HS-grad,,?,?,?,?,?,,,,?,?
,?,189484.39,?,,?,?, Husband,?,?,,,, United-States,?
, Private,,?,,?,?, Husband,?,?,,87.670456,, United-States,?
38.579506,?,, HS-grad,10.067414,?,?,?, White,?,1082.9701,,,?, <=50K
38.579506,?,,?,,?, Craft-repair,?,?,?,1082.9701,,, United-States,?
,?,, HS-grad,, Married-civ-spouse,?,?,?,?,1082.9701,,,?,?
,?,,?,, Married-civ-spouse,?,?,?,?,,,, United-States, <=50K
, Private,189484.39,?,,?, Craft-repair,?,?,?,,,40.425713,?,?
38.579506,?,, HS-grad,,?,?,?,?, Male,,87.670456,,?, <=50K
,?,,?,,?,?,?,?,?,,87.670456,40.425713, United-States,?
,?,,?,, Married-civ-spouse, Craft-repair, Husband, White,?,,87.670456,,?, <=50K
, Private,, HS-grad,, Married-civ-spouse,?,?,?,?,,,,?,?
,?,, HS-grad,,?,?, Husband,?, Male,,,40.425713,?,?
,?,, HS-grad,10.067414,?,?,?,?,?,,,,?,?
,?,,?,,?,?,?,?,?,,,,?,?
, Private,, HS-grad,,?,?, Husband,?,?,,,,?,?
,?,,?,,?,?,?,?,?,,,,?,?
,?,,?,, Married-civ-spouse,?,?,?,?,,,,?,?
38.579506,?,,?,,?, Craft-repair,?,?,?,,,,?,?
,?,,?,10.067414,?,?, Husband,?,?,,,,?,?
,?,,?,,?,?,?,?,?,1082.9701,,,?,?
, Private,,?,,?,?,?,?,?,1082.9701,,,?,?
, Private,,?,, Married-civ-spouse,?,?,?,?,,,,?,?
,?,,?,,?,?, Husband,?,?,,,40.425713, United-States,?
, Private,189484.39, HS-grad,,?,?, Husband, White,?,,87.670456,,?,?
,?,,?,,?,?,?,?,?,,,,?,?
,?,,?,,?,?,?,?,?,,,,?,?
,?,,?,,?,?,?,?,?,,,,?,?
,?,,?,,?,?,?,?,?,,,40.425713, United-States,?
,?,, HS-grad,,?,?,?,?,?,1082.9701,,,?, <=50K
,?,189484.39,?,, Married-civ-spouse, Craft-repair,?,?,?,,,, United-States,?
,?,,?,,?,?,?, White,?,,87.670456,,?,?
, Private,,?,,?,?,?,?,?,,,,?,?
, Private,,?,,?,?,?,?,?,1082.9701,87.670456,40.425713,?, <=50K
38.579506,?,,?,,?,?,?,?,?,,87.670456,40.425713,?,?
,?,,?,,?,?,?,?,?,,,,?,?
,?,,?,,?,?,?,?,?,1082.9701,,,?, <=50K
,?,,?,10.067414,?,?,?, White,?,,,40.425713,?,?
,?,189484.39, HS-grad,,?,?,?,?,?,,,,?, <=50K
,?,, HS-grad,,?,?,?,?,?,,87.670456,, United-States,?
,?,189484.39, HS-grad,,?, Craft-repair,?,?,?,,87.670456,40.425713,?, <=50K
,?,,?,,?,?,?, White,?,,,, United-States,?
,?,,?,10.067414,?,?,?,?, Male,,,40.425713,?, <=50K
,?,,?,,?,?,?, White,?,,87.670456,,?,?
38.579506,?,,?,,?,?,?,?,?,,,40.425713, United-States,?
, Private,189484.39,?,, Married-civ-spouse,?,?, White,?,,,40.425713,?,?
38.579506,?,,?,,?,?, Husband,?,?,,87.670456,,?,?
, Private,,?,,?,?,?, White,?,,,,?,?
,?,, HS-grad,,?,?,?,?,?,,,,?,?
,?,,?,,?,?,?,?, Male,,,40.425713,?,?
,?,,?,,?,?,?,?,?,,,,?,?
38.579506,?,, HS-grad,, Married-civ-spouse,?,?,?,?,,,,?,?
, Private,189484.39, HS-grad,,?,?,?,?,?,,,,?,?
,?,,?,10.067414,?,?,?,?, Male,,,,?,?
, Private,,?,,?, Craft-repair,?, White,?,,,,?,?
,?,,?,10.067414,?,?,?,?,?,,87.670456,,?,?
,?,, HS-grad,, Married-civ-spouse, Craft-repair,?, White,?,,,40.425713,?,?
,?,, HS-grad,,?,?,?,?,?,,,,?,?
38.579506,?,, HS-grad,10.067414,?,?,?,?,?,1082.9701,,,?, <=50K
38.579506, Private,, HS-grad,10.067414,?,?,?,?,?,,,,?, <=50K
,?,,?,,?,?,?,?,?,,,,?,?
,?,,?,, Married-civ-spouse,?,?, White,?,,,,?,?
38.579506,?,,?,10.067414,?,?,?,?,?,,,40.425713,?,?
,?,189484.39,?,, Married-civ-spouse, Craft-repair,?,?, Male,,87.670456,,?,?
38.579506,?,189484.39,?,,?,?, Husband,?,?,,,,?,?
38.579506,?,189484.39,?,,?,?, Husband,?,?,1082.9701,,40.425713,?,?
,?,,?,,?,?,?,?, Male,,87.670456,40.425713,?,?
,?,, HS-grad,10.067414,?,?, Husband,?,?,,,, United-States, <=50K
, Private,,?,, Married-civ-spouse,?,?,?,?,,,,?,?
, Private,,?,,?,?,?,?,?,,,40.425713,?,?
,?,189484.39, HS-grad,,?,?, Husband,?,?,,,,?, <=50K
38.579506,?,,?,, Married-civ-spouse,?, Husband,?,?,,,,?,?
,?,,?,,?, Craft-repair,?,?,?,,,,?,?
, Private,,?,,?,?, Husband,?,?,,,,?,?
,?,,?,,?,?, Husband,?,?,,,,?,?
38.579506,?,189484.39,?,10.067414, Married-civ-spouse,?,?,?,?,,,,?,?
38.579506,?,, HS-grad,,?,?,?,?,?,,,40.425713,?,?
, Private,,?,, Married-civ-spouse,?,?,?,?,,87.670456,,?,?
,?,,?,,?,?, Husband,?,?,1082.9701,,,?,?
,?,189484.39,?,,?,?,?,?,?,,,40.425713,?,?
38.579506,?,,?,,?,?,?,?,?,,,,?,?
,?,,?,10.067414,?,?,?, White,?,1082.9701,,, United-States,?
,?,,?,,?,?,?,?,?,,87.670456,, United-States,?
,?,189484.39, HS-grad,,?,?,?,?,?,1082.9701,,,?,?
38.579506,?,,?,,?,?,?,?, Male,,,, United-States,?
,?,,?,,?,?,?,?,?,,,40.425713,?,?
, Private,,?,10.067414,?,?, Husband,?,?,,87.670456,, United-States,?
,?,,?,, Married-civ-spouse, Craft-repair,?, White,?,,,,?,?
38.579506, Private,189484.39,?,,?, Craft-repair,?, White, Male,,,40.425713,?,?
, Private,, HS-grad,,?,?,?,?, Male,,,,?,?
,?,189484.39,?,,?, Craft-repair,?,?, Male,,,, United-States,?
38.579506, Private,, HS-grad,,?,?,?,?,?,,,40.425713, United-States,?
,?,,?,,?,?,?,?,?,,,, United-States,?
,?,,?,10.067414,?, Craft-repair,?,?,?,,,, United-States,?
38.579506,?,,?,, Married-civ-spouse, Craft-repair,?,?,?,,,,?,?
,?,,?,,?,?,?,?,?,1082.9701,,,?, <=50K
38.579506,?,,?,,?,?,?,?,?,,,,?,?
,?,,?,,?,?,?,?,?,,,,?,?
,?,,?,10.067414,?,?,?,?,?,,,,?,?
38.579506,?,,?,,?,?,?,?,?,,,,?,?
,?,,?,10.067414, Married-civ-spouse, Craft-repair,?,?,?,1082.9701,,40.425713, United-States,?
, Private,189484.39, HS-grad,, Married-civ-spouse,?,?,?,?,,,,?,?
38.579506,?,,?,,?,?,?, White,?,,,,?, <=50K
,?,,?,,?,?,?,?,?,,,, United-States,?
,?,,?,,?,?, Husband,?,?,,,, United-States,?
38.579506,?,,?,,?,?,?, White,?,,,,?,?
38.579506,?,,?,10.067414,?,?,?,?, Male,,,40.425713,?,?
38.579506,?,,?,,?, Craft-repair,?,?,?,1082.9701,,, United-States,?
, Private,,?,10.067414,?,?,?,?,?,,,,?, <=50K
,?,,?,,?,?, Husband,?,?,,,40.425713,?,?
,?,,?,10.067414,?, Craft-repair,?,?,?,,,, United-States,?
,?,189484.39, HS-grad,, Married-civ-spouse, Craft-repair,?, White,?,1082.9701,87.670456,,?,?
,?,189484.39,?,, Married-civ-spouse,?,?,?, Male,,,,?,?
,?,,?,,?, Craft-repair, Husband,?,?,,,,?,?
,?,,?,10.067414,?,?, Husband, White,?,,,,?,?
,?,189484.39, HS-grad,10.067414,?,?, Husband,?, Male,,,,?, <=50K
,?,,?,,?,?,?,?,?,,,, United-States,?
,?,189484.39,?,,?,?,?, White, Male,1082.9701,,,?,?
, Private,,?,, Married-civ-spouse,?,?,?,?,,,,?,?
,?,,?,,?,?, Husband,?, Male,,87.670456,40.425713,?, <=50K
38.579506,?,189484.39,?,10.067414,?,?,?,?,?,,,40.425713,?,?
,?,189484.39, HS-grad,10.067414, Married-civ-spouse,?,?,?,?,,,40.425713, United-States,?
,?,,?,,?,?,?,?,?,,,, United-States,?
,?,,?,,?, Craft-repair,?,?,?,1082.9701,87.670456,40.425713,?,?
,?,,?,,?,?,?,?,?,,,,?,?
,?,, HS-grad,,?, Craft-repair, Husband,?,?,,,,?, <=50K
, Private,,?,, Married-civ-spouse,?,?,?,?,1082.9701,,,?,?
38.579506,?,,?,,?,?,?,?, Male,,,40.425713,?,?
,?,,?,10.067414,?,?, Husband,?,?,,,, United-States,?
38.579506,?,,?,,?,?,?, White, Male,,,,?, <=50K
,?,, HS-grad,, Married-civ-spouse,?, Husband, White, Male,,,40.425713,?,?
,?,,?,,?,?,?,?, Male,,,,?,?
,?,189484.39,?,10.067414,?,?,?,?,?,,87.670456,,?,?
,?,,?,10.067414, Married-civ-spouse,?, Husband,?, Male,,,,?,?
, Private,, HS-grad,,?, Craft-repair,?,?,?,,87.670456,,?,?
,?,189484.39, HS-grad,,?,?,?,?, Male,,87.670456,,?,?
,?,,?,,?,?,?,?,?,,,,?,?
,?,,?,,?,?,?,?,?,,,, United-States,?
,?,,?,,?,?,?,?,?,,,40.425713,?,?
,?,,?,,?,?,?,?,?,,,, United-States,?
,?,,?,,?,?,?,?,?,1082.9701,,,?,?
,?,,?,, Married-civ-spouse, Craft-repair, Husband,?,?,,,,?,?
,?,, HS-grad,,?,?,?,?,?,,,,?,?
,?,,?,, Married-civ-spouse,?, Husband, White,?,,87.670456,, United-States,?
,?,189484.39,?,,?, Craft-repair,?,?,?,,,, United-States,?
,?,,?,,?,?,?, White,?,,87.670456,, United-States,?
,?,, HS-grad,,?,?,?,?,?,,,, United-States,?
,?,189484.39,?,,?,?,?, White,?,,,,?,?
,?,,?,,?,?, Husband,?,?,,87.670456,,?,?
, Private,,?,,?,?,?,?,?,,,,?,?
,?,,?,,?,?, Husband,?,?,1082.9701,,, United-States,?
,?,189484.39, HS-grad,, Married-civ-spouse, Craft-repair,?,?,?,,,,?,?
, Private,,?,, Married-civ-spouse,?,?,?,?,1082.9701,,40.425713, United-States,?
38.579506, Private,189484.39,?,,?,?,?,?, Male,,87.670456,40.425713, United-States, <=50K
,?,189484.39,?,,?,?,?,?,?,,,40.425713,?,?
38.579506,?,189484.39,?,,?,?,?,?,?,1082.9701,87.670456,, United-States,?
,?,189484.39,?,,?,?,?,?,?,,,,?, <=50K
,?,,?,,?,?, Husband, White, Male,,,,?,?
, Private,,?,10.067414, Married-civ-spouse, Craft-repair,?,?,?,,87.670456,, United-States,?
,?,,?,10.067414,?,?,?,?,?,,,, United-States, <=50K
,?,189484.39,?,,?,?,?,?,?,1082.9701,,,?, <=50K
,?,,?,,?, Craft-repair, Husband, White, Male,1082.9701,87.670456,, United-States,?
,?,,?,,?,?, Husband, White,?,,,,?,?
,?,,?,,?, Craft-repair,?,?,?,,,,?, <=50K
38.579506,?,,?,,?,?,?,?,?,1082.9701,,,?,?
,?,,?,10.067414,?,?, Husband, White, Male,,,40.425713,?,?
,?,,?,,?,?,?,?,?,,,40.425713,?,?
,?,,?,10.067414,?,?, Husband,?,?,,,,?,?
,?,,?,,?,?,?, White,?,,,,?,?
,?,, HS-grad,,?,?, Husband,?, Male,,,,?,?
,?,189484.39, HS-grad,, Married-civ-spouse, Craft-repair, Husband,?,?,,,,?, <=50K
38.579506,?,,?,, Married-civ-spouse,?,?,?,?,,,, United-States,?
,?,,?,,?,?,?,?,?,,,40.425713,?, <=50K
38.579506,?,,?,, Married-civ-spouse,?,?,?,?,,87.670456,,?,?
38.579506,?,,?,,?,?,?,?, Male,1082.9701,87.670456,,?,?
, Private,, HS-grad,,?,?,?,?, Male,,,,?,?
38.579506,?,,?,, Married-civ-spouse, Craft-repair,?,?, Male,,,, United-States,?
, Private,,?,,?, Craft-repair,?, White,?,1082.9701,,, United-States,?
38.579506,?,,?,, Married-civ-spouse,?, Husband, White,?,,,, United-States,?
, Private,,?,,?,?, Husband, White,?,,,,?,?
, Private,,?,,?,?, Husband,?,?,,,40.425713,?,?
,?,, HS-grad,,?,?,?,?,?,,,,?,?
, Private,,?,,?,?,?,?,?,,,,?,?
,?,189484.39,?,,?, Craft-repair,?,?,?,,,,?,?
,?,189484.39, HS-grad,, Married-civ-spouse,?,?,?,?,,,40.425713,?,?
,?,189484.39,?,, Married-civ-spouse, Craft-repair, Husband,?,?,,,,?,?
,?,,?,, Married-civ-spouse,?,?,?,?,,,, United-States,?
,?,,?,,?,?, Husband,?,?,,,,?,?
,?,, HS-grad,, Married-civ-spouse,?, Husband,?,?,,,,?,?
,?,,?,,?,?,?,?,?,1082.9701,,,?,?
,?,189484.39,?,,?,?,?,?,?,,,40.425713,?,?
,?,189484.39, HS-grad,10.067414,?,?,?,?,?,,,40.425713,?,?
,?,189484.39,?,10.067414,?,?,?, White,?,,,,?,?
38.579506,?,189484.39,?,,?,?,?,?,?,,87.670456,,?,?
,?,189484.39,?,10.067414,?,?,?,?, Male,,,,?, <=50K
,?,,?,, Married-civ-spouse,?,?,?,?,,87.670456,, United-States,?
, Private,,?,,?,?,?, White,?,,87.670456,, United-States,?
,?,,?,,?,?,?, White,?,,,,?,?
,?,,?,,?,?,?,?,?,,,,?,?
,?,,?,, Married-civ-spouse,?, Husband,?,?,1082.9701,87.670456,,?,?
,?,,?,, Married-civ-spouse,?, Husband,?,?,,,, United-States,?
,?,,?,,?,?,?,?,?,,,, United-States,?
38.579506, Private,,?,,?,?,?,?,?,,,,?,?
, Private,, HS-grad,,?,?,?,?,?,,,,?,?
38.579506,?,189484.39,?,,?,?,?, White,?,,,,?,?
, Private,,?,10.067414,?,?,?,?,?,,,40.425713,?,?
, Private,, HS-grad,,?,?, Husband,?,?,,,40.425713,?, <=50K
, Private,,?,,?,?,?,?, Male,1082.9701,,,?, <=50K
,?,, HS-grad,10.067414,?,?, Husband,?,?,1082.9701,,, United-States,?
,?,,?,10.067414, Married-civ-spouse,?,?,?,?,,87.670456,,?,?
, Private,, HS-grad,,?,?,?, White, Male,,,,?, <=50K
, Private,,?,, Married-civ-spouse,?,?, White,?,,,40.425713,?,?
, Private,,?,,?,?,?,?,?,,,,?,?
38.579506,?,,?,,?,?,?,?,?,1082.9701,87.670456,,?,?
,?,,?,, Married-civ-spouse,?,?,?,?,,,,?,?
,?,, HS-grad,,?,?, Husband,?,?,,,,?,?
,?,,?,10.067414,?,?,?, White,?,,,,?,?
,?,,?,10.067414,?,?,?,?,?,,87.670456,40.425713,?,?
38.579506,?,,?,,?,?, Husband,?,?,,,,?, <=50K
,?,,?,10.067414, Married-civ-spouse, Craft-repair,?, White,?,,,,?,?
,?,189484.39,?,, Married-civ-spouse,?,?,?, Male,,,,?,?
, Private,,?,,?,?,?,?,?,1082.9701,,,?,?
, Private,,?,, Married-civ-spouse, Craft-repair,?,?,?,,87.670456,,?,?
, Private,,?,10.067414,?, Craft-repair, Husband,?,?,1082.9701,87.670456,, United-States,?
,?,,?,,?,?,?,?, Male,,,,?,?
,?,,?,,?,?, Husband,?, Male,,,,?,?
,?,,?,, Married-civ-spouse,?, Husband,?,?,,,40.425713, United-States, <=50K
, Private,, HS-grad,,?,?,?,?,?,,,,?,?
,?,,?,,?,?,?,?,?,,,,?,?
,?,189484.39,?,,?,?,?,?,?,,,,?,?
,?,, HS-grad,,?,?,?,?,?,,,, United-States,?
,?,,?,,?,?,?,?,?,,,,?,?
,?,189484.39, HS-grad,10.067414, Married-civ-spouse, Craft-repair,?, White,?,,87.670456,,?,?
, Private,,?,,?,?,?,?,?,,,, United-States,?
38.579506,?,,?,,?,?,?,?,?,,,,?,?
,?,,?,10.067414,?,?,?,?,?,,,40.425713,?, <=50K
,?,,?,10.067414,?,?,?,?, Male,,,,?,?
,?,189484.39,?,,?,?,?,?,?,,,,?,?
38.579506, Private,, HS-grad,,?,?,?,?,?,,,40.425713, United-States,?
38.579506,?,,?,10.067414,?, Craft-repair, Husband,?,?,,,,?,?
,?,,?,,?,?,?,?,?,,,,?,?
,?,189484.39, HS-grad,,?, Craft-repair,?, White,?,1082.9701,,,?, <=50K
38.579506,?,, HS-grad,,?, Craft-repair, Husband,?, Male,,87.670456,40.425713,?, <=50K
38.579506,?,,?,,?,?, Husband,?,?,,,,?, <=50K
,?,,?,, Married-civ-spouse,?,?, White,?,,,,?,?
, Private,,?,10.067414, Married-civ-spouse,?,?,?,?,,87.670456,40.425713,?,?
,?,,?,, Married-civ-spouse,?,?,?,?,,87.670456,, United-States,?
,?,,?,,?,?,?,?,?,,,,?,?
,?,,?,,?,?,?,?,?,,,,?,?
,?,,?,,?,?,?,?,?,,,, United-States,?
,?,, HS-grad,,?,?,?,?,?,1082.9701,,40.425713,?,?
,?,,?,,?, Craft-repair,?,?,?,1082.9701,,,?,?
,?,, HS-grad,10.067414,?,?,?,?, Male,,87.670456,,?,?
38.579506,?,,?,, Married-civ-spouse,?, Husband,?,?,,87.670456,,?,?
, Private,189484.39, HS-grad,,?, Craft-repair,?,?,?,,,,?,?
,?,,?,10.067414,?,?,?, White,?,,,, United-States,?
,?,,?,,?, Craft-repair,?, White,?,,,, United-States,?
38.579506,?,189484.39,?,,?,?,?,?,?,,,,?,?
38.579506,?,,?,,?,?,?,?,?,,,, United-States,?
,?,,?,,?, Craft-repair,?,?,?,1082.9701,,,?,?
,?,,?,, Married-civ-spouse,?,?,?,?,,,,?,?
,?,,?,,?,?,?,?,?,,,,?,?
,?,,?,,?,?,?,?, Male,1082.9701,87.670456,,?,?
,?,,?,,?,?,?,?,?,,,,?,?
,?,189484.39,?,10.067414,?, Craft-repair, Husband,?,?,,87.670456,,?,?
,?,,?,,?, Craft-repair,?,?,?,,,,?,?
38.579506,?,, HS-grad,,?,?,?,?,?,,,,?,?
,?,,?,10.067414,?,?, Husband,?,?,,87.670456,40.425713,?,?
38.579506, Private,,?,,?, Craft-repair,?,?,?,,,,?, <=50K
,?,,?,,?,?, Husband,?,?,,,,?,?
,?,,?,, Married-civ-spouse,?, Husband,?,?,,,40.425713,?,?
,?,,?,10.067414,?,?,?,?,?,,87.670456,,?, <=50K
,?,,?,,?,?,?, White,?,,,, United-States, <=50K
,?,,?,10.067414,?,?,?, White,?,,,40.425713,?, <=50K
, Private,189484.39,?,,?,?,?,?,?,,,,?, <=50K
,?,,?,,?, Craft-repair,?,?,?,1082.9701,,,?,?
,?,,?,,?,?,?,?,?,,,, United-States,?
38.579506,?,,?,,?,?, Husband,?,?,,,, United-States,?
, Private,,?,10.067414,?,?,?,?,?,1082.9701,,,?,?
,?,,?,,?,?, Husband,?,?,,,,?,?
, Private,189484.39,?,10.067414, Married-civ-spouse, Craft-repair,?,?,?,,,,?, <=50K
,?,,?,10.067414,?,?,?,?, Male,1082.9701,,, United-States,?
,?,,?,10.067414,?, Craft-repair,?,?,?,,,,?,?
,?,189484.39,?,,?, Craft-repair,?, White,?,1082.9701,87.670456,, United-States,?
,?,189484.39,?,10.067414,?,?,?,?,?,,,40.425713,?,?
,?,, HS-grad,,?,?,?,?,?,,87.670456,,?,?
,?,189484.39,?,,?,?,?, White,?,,87.670456,40.425713, United-States,?
,?,,?,, Married-civ-spouse,?,?, White, Male,,,40.425713, United-States,?
, Private,, HS-grad,,?,?, Husband,?,?,,,40.425713,?,?
,?,,?,,?,?,?,?,?,,,,?,?
,?,, HS-grad,,?,?,?, White,?,1082.9701,,,?,?
, Private,189484.39,?,10.067414,?,?,?,?,?,,,,?,?
, Private,189484.39,?,10.067414,?,?,?,?,?,,,,?,?
,?,,?,,?,?,?,?, Male,,,, United-States,?
,?,189484.39,?,,?,?,?,?,?,,,,?,?
, Private,,?,,?,?, Husband,?, Male,,,,?, <=50K
,?,,?,,?,?,?, White,?,,,40.425713,?,?
,?,189484.39,?,10.067414,?,?, Husband,?,?,,,,?, <=50K
,?,,?,,?,?,?,?,?,,,,?,?
,?,,?,,?,?,?,?,?,,,,?,?
38.579506,?,189484.39,?,,?,?, Husband,?,?,,87.670456,,?, <=50K
, Private,,?,,?,?,?, White,?,1082.9701,,,?,?
, Private,,?,,?, Craft-repair,?, White, Male,1082.9701,,,?,?
,?,189484.39,?,,?,?,?,?,?,,,,?,?
, Private,189484.39, HS-grad,10.067414,?,?,?, White,?,,,,?,?
, Private,, HS-grad,,?,?, Husband, White,?,,87.670456,,?,?
,?,, HS-grad,10.067414,?,?,?,?, Male,,87.670456,40.425713, United-States,?
,?,,?,,?, Craft-repair,?,?,?,,87.670456,,?,?
, Private,,?,,?,?,?,?,?,,,, United-States,?
,?,,?,,?,?, Husband,?,?,1082.9701,,,?,?
,?,, HS-grad,10.067414,?, Craft-repair,?,?,?,,,,?,?
, Private,,?,10.067414,?,?, Husband,?,?,,,,?,?
,?,, HS-grad,,?,?,?,?, Male,1082.9701,,40.425713,?, <=50K
,?,, HS-grad,,?,?,?,?,?,,,, United-States,?
,?,189484.39,?,10.067414,?,?,?,?, Male,,87.670456,,?, <=50K
,?,,?,, Married-civ-spouse,?,?,?,?,,,,?,?
,?,,?,10.067414,?, Craft-repair,?,?, Male,,,,?,?
,?,189484.39,?,, Married-civ-spouse,?, Husband, White,?,,87.670456,, United-States,?
,?,, HS-grad,,?, Craft-repair,?,?,?,1082.9701,,40.425713,?, <=50K
38.579506,?,,?,,?, Craft-repair,?, White, Male,1082.9701,,,?,?
,?,,?,,?,?,?,?, Male,,,40.425713,?,?
,?,189484.39,?,,?, Craft-repair,?,?, Male,,,,?,?
,?,,?,10.067414,?,?,?,?, Male,,,,?,?
,?,,?,,?,?,?,?,?,,,,?, <=50K
,?,, HS-grad,10.067414,?,?,?, White,?,,,,?,?
,?,, HS-grad,10.067414,?,?,?, White,?,1082.9701,,,?, <=50K
,?,,?,10.067414,?,?,?,?,?,,,, United-States,?
,?,,?,, Married-civ-spouse, Craft-repair,?,?,?,,,40.425713,?,?
, Private,189484.39,?,,?,?, Husband,?,?,,,,?,?
,?,, HS-grad,, Married-civ-spouse, Craft-repair,?,?,?,,,,?,?
,?,, HS-grad,10.067414,?, Craft-repair,?,?,?,,,,?,?
,?,189484.39, HS-grad,,?,?,?,?, Male,,87.670456,,?,?
,?,,?,,?, Craft-repair,?,?, Male,,,,?,?
,?,,?,10.067414,?,?, Husband,?,?,1082.9701,,, United-States, <=50K
,?,,?,,?,?, Husband,?,?,1082.9701,,,?,?
, Private,,?,,?, Craft-repair,?, White,?,,,40.425713, United-States,?
, Private,,?,,?,?,?,?, Male,,,,?, <=50K
, Private,,?,,?,?, Husband,?,?,,,40.425713,?,?
, Private,,?,10.067414,?,?,?,?,?,,,, United-States, <=50K
,?,189484.39,?,,?,?,?,?,?,1082.9701,,,?,?
,?,,?,,?, Craft-repair,?,?,?,,87.670456,,?,?
, Private,,?,,?,?,?,?,?,,,,?, <=50K
, Private,,?,, Married-civ-spouse,?,?,?,?,,87.670456,, United-States,?
,?,, HS-grad,,?, Craft-repair, Husband,?, Male,,,,?,?
, Private,,?,,?,?,?, White,?,,,,?, <=50K
,?,189484.39,?,,?,?,?,?,?,,87.670456,,?, <=50K
,?,, HS-grad,10.067414,?,?, Husband, White,?,,,, United-States,?
, Private,189484.39,?,, Married-civ-spouse,?,?,?,?,,,40.425713, United-States, <=50K
,?,,?,,?,?,?, White,?,,,,?,?
,?,,?,, Married-civ-spouse,?,?, White,?,,,,?,?
,?,189484.39,?,, Married-civ-spouse,?,?,?,?,,,,?,?
,?,, HS-grad,,?,?,?,?,?,,87.670456,, United-States,?
,?,,?,,?, Craft-repair,?,?, Male,,,,?, <=50K
,?,,?,,?,?,?,?,?,,,, United-States,?
38.579506,?,,?,,?,?,?,?,?,,,,?,?
, Private,,?,,?,?,?,?,?,,,40.425713,?,?
, Private,,?,, Married-civ-spouse, Craft-repair,?, White, Male,,,,?,?
,?,,?,, Married-civ-spouse,?,?,?,?,,,40.425713,?,?
,?,,?,10.067414, Married-civ-spouse,?,?, White,?,,,,?,?
,?,, HS-grad,,?, Craft-repair,?,?,?,,,,?,?
38.579506,?,189484.39,?,,?,?,?,?,?,,,40.425713,?,?
,?,,?,,?,?,?,?, Male,,,,?, <=50K
,?,,?,,?,?,?, White,?,1082.9701,87.670456,,?, <=50K
38.579506,?,,?,10.067414,?, Craft-repair,?,?,?,,,, United-States,?
, Private,,?,,?,?,?, White,?,,87.670456,,?,?
,?,189484.39,?,,?, Craft-repair,?,?,?,,,,?,?
38.579506, Private,,?,10.067414, Married-civ-spouse,?,?,?,?,,,,?, <=50K
,?,,?,,?,?, Husband,?,?,,87.670456,,?,?
,?,,?,, Married-civ-spouse,?,?,?,?,,,, United-States,?
38.579506,?,,?,,?,?,?,?,?,,,,?,?
,?,189484.39,?,,?,?,?,?, Male,,87.670456,, United-States, <=50K
,?,,?,10.067414,?,?,?,?,?,,,,?,?
38.579506,?,,?,,?,?,?,?,?,,87.670456,, United-States,?
, Private,,?,10.067414, Married-civ-spouse,?,?,?,?,1082.9701,,40.425713,?,?
, Private,189484.39,?,, Married-civ-spouse,?,?,?,?,1082.9701,,,?,?
,?,,?,,?,?,?,?,?,,87.670456,,?, <=50K
38.579506,?,, HS-grad,,?,?,?, White,?,,,,?,?
,?,,?,10.067414,?,?,?,?,?,,87.670456,,?,?
38.579506,?,, HS-grad,,?,?,?,?,?,,,40.425713,?,?
,?,,?,10.067414,?, Craft-repair,?,?,?,,,,?,?
38.579506,?,,?,,?,?,?,?, Male,1082.9701,,,?, <=50K
38.579506,?,,?,,?,?, Husband,?,?,,87.670456,40.425713,?,?
,?,,?,,?,?,?,?,?,1082.9701,,,?,?
38.579506, Private,189484.39,?,,?,?,?,?,?,1082.9701,,,?,?
,?,,?,10.067414,?,?,?,?, Male,,87.670456,,?,?
,?,, HS-grad,10.067414, Married-civ-spouse,?,?, White,?,,,40.425713,?,?
38.579506,?,,?,, Married-civ-spouse,?,?,?,?,1082.9701,,,?,?
38.579506,?,,?,, Married-civ-spouse,?,?, White,?,,,,?,?
,?,, HS-grad,,?,?,?,?, Male,,87.670456,, United-States,?
,?,189484.39,?,,?,?,?,?,?,,,,?,?
,?,,?,,?, Craft-repair,?,?,?,,87.670456,,?,?
,?,,?,,?,?,?,?,?,,87.670456,, United-States, <=50K
38.579506,?,189484.39,?,,?,?,?,?,?,,,, United-States,?
,?,,?,,?,?,?,?,?,,,,?,?
38.579506,?,, HS-grad,10.067414,?,?, Husband,?, Male,,,, United-States, <=50K
, Private,,?,10.067414, Married-civ-spouse, Craft-repair,?,?,?,,,, United-States,?
38.579506,?,, HS-grad,,?, Craft-repair,?,?,?,,,,?,?
, Private,,?,,?,?,?, White,?,,,, United-States,?
,?,, HS-grad,10.067414,?,?,?,?, Male,1082.9701,87.670456,40.425713, United-States,?
, Private,189484.39,?,, Married-civ-spouse,?,?,?, Male,,,,?,?
38.579506,?,, HS-grad,10.067414,?,?,?, White, Male,,,,?,?
,?,,?,,?,?, Husband,?,?,,,40.425713,?,?
,?,,?,10.067414,?, Craft-repair,?,?,?,,,40.425713,?,?
,?,, HS-grad,,?, Craft-repair,?,?,?,,87.670456,,?, <=50K
,?,,?,10.067414,?, Craft-repair,?,?,?,,87.670456,,?,?
38.579506,?,, HS-grad,,?,?, Husband,?,?,,,,?,?
,?,,?,,?,?,?,?, Male,1082.9701,87.670456,,?, <=50K
38.579506,?,,?,, Married-civ-spouse,?, Husband,?, Male,1082.9701,,,?,?
,?,,?,,?,?,?,?,?,,,,?,?
,?,, HS-grad,,?,?,?,?, Male,,87.670456,40.425713, United-States, <=50K
,?,,?,,?,?,?,?,?,,,, United-States,?
, Private,,?,,?,?, Husband,?,?,,,40.425713, United-States,?
,?,,?,,?, Craft-repair,?, White, Male,1082.9701,,,?,?
,?,189484.39,?,, Married-civ-spouse,?,?,?,?,,87.670456,40.425713,?,?
,?,, HS-grad,,?,?,?,?,?,1082.9701,,,?,?
38.579506,?,,?,, Married-civ-spouse,?,?,?,?,,,40.425713,?,?
, Private,, HS-grad,,?,?, Husband,?,?,,,,?,?
,?,, HS-grad,10.067414, Married-civ-spouse, Craft-repair,?,?, Male,,87.670456,,?,?
38.579506,?,189484.39,?,,?,?,?,?,?,1082.9701,,,?, <=50K
, Private,,?,10.067414, Married-civ-spouse,?,?,?, Male,,,40.425713, United-States,?
,?,,?,,?,?,?,?,?,,87.670456,, United-States, <=50K
, Private,189484.39,?,,?,?,?,?,?,1082.9701,,40.425713,?,?
,?,,?,, Married-civ-spouse,?,?, White,?,1082.9701,,,?, <=50K
38.579506,?,,?,10.067414,?,?,?,?, Male,,,,?,?
,?,189484.39,?,10.067414,?,?,?, White,?,,,40.425713,?,?
38.579506,?,189484.39, HS-grad,10.067414,?,?, Husband,?,?,1082.9701,,,?,?
,?,, HS-grad,, Married-civ-spouse,?,?, White, Male,,,,?,?
,?,,?,,?,?,?,?,?,,87.670456,, United-States, <=50K
38.579506,?,,?,,?,?,?, White,?,,,,?,?
, Private,,?,, Married-civ-spouse,?, Husband,?, Male,1082.9701,,,?,?
,?,,?,, Married-civ-spouse,?,?,?,?,,,, United-States,?
, Private,,?,,?,?,?,?,?,,,40.425713,?,?
,?,, HS-grad,,?,?,?, White,?,1082.9701,87.670456,, United-States,?
,?,,?,,?,?,?, White,?,,,40.425713,?,?
,?,,?,,?,?,?,?,?,1082.9701,,,?,?
,?,,?,10.067414,?,?,?,?,?,,,,?, <=50K
,?,189484.39,?,,?,?,?,?,?,,,40.425713,?,?
38.579506,?,,?,,?, Craft-repair,?,?, Male,,,, United-States,?
38.579506,?,,?,,?,?,?, White,?,,,,?,?
,?,189484.39,?,, Married-civ-spouse,?,?,?,?,,,,?,?
,?,, HS-grad,10.067414,?,?,?,?,?,1082.9701,,,?, <=50K
,?,, HS-grad,10.067414,?,?,?,?,?,,,,?,?
,?,, HS-grad,,?,?,?,?,?,1082.9701,,,?, <=50K
,?,,?,,?, Craft-repair,?,?, Male,,,, United-States,?
,?,,?,,?, Craft-repair,?, White,?,1082.9701,,,?, <=50K
38.579506,?,189484.39,?,,?,?, Husband,?,?,,,,?,?
,?,,?,,?,?, Husband, White, Male,,,40.425713, United-States,?
,?,,?,,?, Craft-repair,?,?,?,,,, United-States,?
,?,,?,,?,?,?, White,?,,,,?,?
,?,,?,,?,?,?,?, Male,,,40.425713,?, <=50K
,?,,?,,?,?,?,?, Male,,,,?, <=50K
,?,189484.39,?,, Married-civ-spouse,?,?,?, Male,,,,?, <=50K
,?,,?,,?,?,?,?,?,,,, United-States, <=50K
,?,,?,,?,?,?,?,?,1082.9701,,, United-States,?
,?,,?,,?,?,?,?,?,,,,?,?
,?,189484.39, HS-grad,, Married-civ-spouse,?, Husband,?, Male,,,40.425713,?,?
, Private,,?,10.067414,?,?,?,?, Male,,87.670456,,?,?
,?,,?,, Married-civ-spouse,?,?,?,?,,,,?,?
38.579506,?,189484.39,?,10.067414, Married-civ-spouse,?,?,?, Male,,,,?, <=50K
38.579506,?,,?,,?,?,?, White,?,1082.9701,,,?,?
,?,,?,,?,?,?, White, Male,1082.9701,87.670456,, United-States,?
,?,,?,,?,?,?,?,?,,87.670456,,?,?
, Private,, HS-grad,,?,?,?, White,?,,,40.425713, United-States,?
,?,189484.39, HS-grad,,?,?,?,?,?,,,40.425713,?,?
,?,,?,,?, Craft-repair,?,?,?,,,,?,?
, Private,,?,10.067414,?, Craft-repair,?, White,?,1082.9701,,,?,?
38.579506,?,, HS-grad,10.067414,?,?,?,?, Male,,,, United-States,?
,?,,?,10.067414,?, Craft-repair,?,?,?,,,,?,?
,?,,?,,?,?,?,?,?,1082.9701,,, United-States, <=50K
,?,,?,,?,?,?, White,?,,,,?,?
38.579506,?,,?,,?,?,?, White,?,1082.9701,,,?,?
,?,,?,,?,?,?,?,?,,,,?,?
,?,,?,,?, Craft-repair,?,?, Male,,,,?,?
, Private,,?,,?,?, Husband,?,?,1082.9701,,,?, <=50K
,?,,?,,?,?, Husband,?, Male,,,,?,?
,?,,?,,?,?,?,?,?,,87.670456,,?,?
,?,,?,10.067414,?,?,?, White, Male,1082.9701,,, United-States,?
,?,, HS-grad,,?, Craft-repair, Husband,?,?,,,40.425713,?,?
,?,189484.39,?,,?,?,?,?, Male,,87.670456,40.425713, United-States,?
,?,,?,,?,?,?,?,?,,87.670456,,?,?
,?,, HS-grad,,?,?,?,?,?,,,,?,?
,?,189484.39,?,10.067414,?,?,?,?,?,1082.9701,87.670456,,?,?
,?,,?,,?,?, Husband,?,?,,,,?,?
,?,189484.39,?,10.067414,?, Craft-repair,?, White,?,,87.670456,,?,?
,?,, HS-grad,,?,?, Husband, White, Male,,,,?,?
, Private,,?,10.067414,?, Craft-repair,?,?,?,,,,?,?
38.579506,?,,?,,?, Craft-repair, Husband,?,?,,87.670456,, United-States,?
,?,189484.39,?,,?,?,?,?,?,,,,?,?
,?,,?,,?, Craft-repair,?,?,?,,,, United-States,?
,?,,?,,?,?,?,?,?,,87.670456,,?,?
,?,,?,,?, Craft-repair,?,?, Male,,,,?,?
,?,, HS-grad,,?, Craft-repair, Husband, White,?,,87.670456,, United-States,?
38.579506,?,, HS-grad,, Married-civ-spouse,?, Husband, White,?,,,,?,?
,?,,?,,?, Craft-repair,?, White, Male,1082.9701,,,?,?
,?,, HS-grad,, Married-civ-spouse,?,?,?,?,,,,?,?
, Private,,?,, Married-civ-spouse,?,?,?,?,,,,?,?
38.579506,?,,?,10.067414,?, Craft-repair,?, White,?,,,, United-States,?
, Private,,?,,?, Craft-repair,?,?,?,,,,?, <=50K
38.579506,?,,?,, Married-civ-spouse,?, Husband,?,?,,,, United-States,?
38.579506,?,189484.39,?,,?,?, Husband,?, Male,1082.9701,,,?,?
,?,, HS-grad,,?,?,?,?, Male,1082.9701,,,?, <=50K
,?,189484.39,?,,?,?,?,?,?,,,,?,?
,?,,?,,?,?, Husband,?,?,,,,?,?
,?,,?,,?,?,?,?,?,,,,?, <=50K
38.579506, Private,,?,,?,?,?,?,?,1082.9701,,40.425713,?,?
,?,,?,,?,?,?,?, Male,,,40.425713,?,?
,?,,?,10.067414, Married-civ-spouse,?, Husband,?,?,,,40.425713,?,?
,?,,?,10.067414,?,?,?, White,?,,87.670456,,?,?
,?,,?,10.067414,?,?, Husband, White,?,,,40.425713,?,?
38.579506,?,189484.39,?,,?,?,?, White,?,,87.670456,,?,?
38.579506,?,,?,,?,?,?,?,?,,,, United-States,?
,?,, HS-grad,,?,?,?,?,?,,,,?,?
,?,,?,,?,?,?,?, Male,1082.9701,,40.425713,?, <=50K
,?,189484.39,?,10.067414,?, Craft-repair,?,?, Male,,,,?,?
,?,,?,, Married-civ-spouse, Craft-repair, Husband,?,?,1082.9701,,,?,?
, Private,,?,10.067414,?,?,?, White, Male,1082.9701,,,?, <=50K
,?,,?,, Married-civ-spouse,?, Husband,?, Male,,,,?, <=50K
,?,,?,,?,?,?, White, Male,,,,?,?
, Private,,?,,?,?,?,?,?,,87.670456,,?,?
, Private,, HS-grad,, Married-civ-spouse,?,?,?,?,,87.670456,,?,?
,?,, HS-grad,,?,?,?,?,?,1082.9701,,,?,?
,?,189484.39,?,, Married-civ-spouse,?, Husband,?,?,,,,?,?
,?,,?,10.067414,?,?,?,?,?,,,, United-States,?
38.579506,?,,?,,?,?,?,?,?,,,,?,?
38.579506, Private,,?,,?,?,?,?,?,,,, United-States, <=50K
,?,, HS-grad,10.067414, Married-civ-spouse, Craft-repair,?,?, Male,,,,?,?
, Private,,?,,?,?, Husband,?,?,,87.670456,,?,?
38.579506,?,189484.39,?,, Married-civ-spouse,?,?,?, Male,,,40.425713,?, <=50K
, Private,,?,, Married-civ-spouse,?,?,?, Male,,,, United-States,?
,?,,?,10.067414,?,?,?, White,?,,,,?,?
38.579506,?,189484.39,?,,?, Craft-repair,?,?, Male,1082.9701,,40.425713,?,?
,?,189484.39, HS-grad,10.067414,?,?, Husband,?, Male,1082.9701,,40.425713,?, <=50K
38.579506,?,,?,,?,?, Husband, White, Male,,,,?,?
,?,,?,10.067414,?,?, Husband,?,?,,,, United-States,?
,?,,?,10.067414, Married-civ-spouse,?,?,?,?,1082.9701,,,?,?
,?,,?,,?,?,?,?, Male,1082.9701,,,?,?
,?,,?,10.067414,?, Craft-repair,?,?,?,1082.9701,,,?,?
38.579506,?,,?,,?,?,?,?,?,,,,?,?
,?,, HS-grad,,?,?, Husband,?,?,1082.9701,,,?,?
,?,189484.39,?,, Married-civ-spouse,?,?,?,?,,,, United-States, <=50K
, Private,,?,10.067414,?, Craft-repair,?,?,?,,,,?,?
38.579506,?,,?,10.067414, Married-civ-spouse,?,?,?, Male,,,, United-States,?
,?,,?,,?,?, Husband, White,?,,,, United-States,?
, Private,,?,10.067414,?,?, Husband,?,?,1082.9701,87.670456,,?,?
38.579506,?,, HS-grad,,?,?,?,?,?,1082.9701,,,?, <=50K
,?,189484.39,?,,?,?,?,?,?,,,40.425713,?,?
,?,189484.39,?,,?, Craft-repair,?,?,?,,,,?,?
,?,, HS-grad,,?, Craft-repair,?,?,?,,87.670456,,?,?
38.579506,?,,?,10.067414,?, Craft-repair,?,?,?,,87.670456,40.425713,?,?
, Private,, HS-grad,,?,?, Husband,?,?,,,40.425713,?,?
38.579506,?,189484.39,?,, Married-civ-spouse,?,?,?,?,,,,?,?
38.579506,?,189484.39, HS-grad,,?,?,?,?,?,,87.670456,,?,?
,?,,?,10.067414,?, Craft-repair,?, White,?,,,, United-States,?
38.579506,?,,?,,?,?, Husband,?, Male,,,,?,?
,?,, HS-grad,,?,?,?,?,?,1082.9701,,,?, <=50K
38.579506, Private,,?,,?,?,?,?,?,,,40.425713,?,?
38.579506,?,,?,,?,?,?,?,?,,,,?,?
, Private,,?,,?, Craft-repair,?,?,?,1082.9701,,,?,?
,?,, HS-grad,,?, Craft-repair, Husband,?,?,,,,?,?
,?,189484.39,?,,?,?, Husband,?,?,,,,?,?
38.579506,?,,?,10.067414, Married-civ-spouse,?, Husband,?,?,,,40.425713,?,?
38.579506,?,,?,,?,?,?,?,?,,,,?,?
, Private,,?,,?, Craft-repair,?, White, Male,,,,?,?
38.579506,?,,?,10.067414,?,?,?,?,?,,,40.425713, United-States,?
,?,189484.39, HS-grad,,?,?, Husband, White,?,,87.670456,, United-States,?
, Private,,?,10.067414,?,?,?, White,?,,,40.425713,?, <=50K
,?,,?,,?, Craft-repair,?,?,?,,,,?,?
, Private,,?,,?,?,?,?,?,,,, United-States,?
,?,,?,, Married-civ-spouse, Craft-repair,?,?,?,,,,?, <=50K
,?,,?,,?,?,?,?,?,,,,?,?
,?,189484.39, HS-grad,,?,?, Husband,?,?,,,,?,?
, Private,,?,, Married-civ-spouse, Craft-repair,?,?,?,,87.670456,40.425713,?,?
38.579506,?,, HS-grad,,?,?, Husband,?,?,,87.670456,,?,?
,?,,?,,?,?,?,?,?,1082.9701,,, United-States,?
,?,,?,,?,?,?,?,?,,,,?,?
, Private,189484.39,?,,?, Craft-repair,?,?,?,,,,?, <=50K
,?,189484.39,?,10.067414,?,?,?, White,?,,,,?,?
,?,,?,10.067414,?,?,?,?,?,,,, United-States,?
38.579506,?,189484.39,?,,?, Craft-repair,?,?,?,1082.9701,,,?,?
,?,,?,10.067414,?,?,?,?, Male,,,,?,?
,?,,?,, Married-civ-spouse, Craft-repair,?,?, Male,,,40.425713,?,?
,?,189484.39,?,,?,?,?,?,?,,87.670456,,?,?
38.579506,?,, HS-grad,,?, Craft-repair,?,?,?,1082.9701,,40.425713,?, <=50K
,?,189484.39,?,,?,?,?,?,?,,,,?,?
, Private,189484.39,?,, Married-civ-spouse, Craft-repair,?,?,?,,,40.425713, United-States,?
,?,,?,,?,?,?,?,?,,,,?,?
,?,189484.39,?,,?,?,?,?,?,1082.9701,,,?,?
38.579506,?,, HS-grad,,?, Craft-repair,?,?, Male,1082.9701,,, United-States,?
,?,, HS-grad,,?,?,?,?,?,,,, United-States,?
,?,189484.39,?,, Married-civ-spouse,?,?,?,?,,,,?,?
, Private,, HS-grad,,?,?,?,?, Male,,87.670456,, United-States,?
,?,189484.39,?,,?,?,?,?,?,,,, United-States,?
,?,,?,,?,?,?,?,?,1082.9701,87.670456,, United-States,?
38.579506, Private,,?,,?, Craft-repair,?,?,?,1082.9701,,,?,?
,?,189484.39,?,,?,?,?,?,?,,,,?,?
, Private,, HS-grad,,?,?,?, White,?,,,40.425713, United-States,?
38.579506,?,,?,,?,?,?, White,?,,87.670456,, United-States,?
,?,189484.39, HS-grad,10.067414, Married-civ-spouse,?,?,?, Male,1082.9701,,, United-States,?
,?,, HS-grad,, Married-civ-spouse, Craft-repair,?, White,?,,87.670456,, United-States,?
, Private,, HS-grad,,?,?,?,?,?,,,40.425713,?,?
,?,,?,,?,?,?,?,?,,,,?,?
,?,,?,10.067414, Married-civ-spouse,?,?,?, Male,,,,?, <=50K
38.579506,?,,?,10.067414,?,?,?,?,?,,,40.425713,?,?
38.579506,?,189484.39,?,,?,?,?,?,?,,,,?,?
,?,189484.39,?,, Married-civ-spouse,?,?,?, Male,,,,?,?
,?,,?,,?,?,?,?,?,,,40.425713,?,?
38.579506, Private,,?,, Married-civ-spouse,?,?,?,?,1082.9701,,40.425713, United-States,?
,?,189484.39, HS-grad,,?, Craft-repair,?, White,?,,87.670456,,?,?
38.579506,?,,?,,?, Craft-repair, Husband, White,?,,,,?, <=50K
,?,, HS-grad,,?,?,?,?, Male,1082.9701,,,?,?
, Private,,?,,?,?,?,?,?,1082.9701,,,?,?
,?,,?,,?,?, Husband,?,?,,87.670456,,?,?
,?,189484.39,?,,?,?,?,?, Male,,,,?,?
,?,,?,,?,?,?,?,?,,,, United-States,?
,?,, HS-grad,,?,?,?, White,?,,,,?,?
, Private,,?,,?,?,?,?, Male,,,,?,?
,?,,?,,?,?,?,?,?,1082.9701,,,?,?
, Private,,?,,?,?, Husband,?,?,1082.9701,,, United-States, <=50K
,?,,?,,?,?,?,?, Male,,87.670456,,?,?
,?,,?,10.067414,?,?,?,?,?,,,40.425713,?,?
,?,,?,,?,?,?,?,?,,,,?,?
,?,,?,10.067414,?,?,?,?,?,1082.9701,87.670456,40.425713,?,?
,?,,?,,?, Craft-repair,?,?,?,1082.9701,,,?,?
,?,,?,,?,?,?,?,?,1082.9701,,, United-States,?
,?,,?,,?,?,?,?,?,,87.670456,,?,?
,?,,?,,?,?, Husband,?,?,1082.9701,,,?,?
,?,189484.39, HS-grad,,?,?, Husband,?, Male,,87.670456,40.425713,?,?
, Private,, HS-grad,,?,?,?, White,?,,,, United-States,?
, Private,,?,10.067414,?,?,?,?,?,,,,?,?
38.579506,?,, HS-grad,,?,?, Husband, White,?,,,40.425713,?,?
,?,,?,,?, Craft-repair,?, White,?,,,,?,?
,?,,?,10.067414, Married-civ-spouse,?,?,?, Male,1082.9701,87.670456,40.425713, United-States,?
,?,,?,,?, Craft-repair,?,?, Male,,,,?,?
,?,, HS-grad,,?,?,?, White,?,,,,?, <=50K
38.579506,?,, HS-grad,10.067414, Married-civ-spouse,?,?,?, Male,,87.670456,,?,?
,?,,?,, Married-civ-spouse,?,?,?,?,,,40.425713,?,?
,?,,?,, Married-civ-spouse,?, Husband,?,?,,,, United-States,?
,?,, HS-grad,10.067414,?, Craft-repair, Husband,?, Male,1082.9701,,,?,?
, Private,,?,10.067414,?,?,?,?,?,,87.670456,,?, <=50K
,?,,?,, Married-civ-spouse,?,?,?, Male,,,,?,?
,?,,?,,?,?,?,?,?,,,,?,?
,?,,?,,?,?, Husband,?,?,,,,?, <=50K
38.579506,?,, HS-grad,,?,?,?,?,?,,,40.425713,?,?
, Private,,?,,?,?,?,?,?,,,,?,?
,?,,?,,?,?, Husband, White,?,,87.670456,, United-States,?
, Private,189484.39,?,,?,?, Husband,?,?,,,,?, <=50K
,?,,?,, Married-civ-spouse,?,?,?, Male,,,,?, <=50K
,?,,?,10.067414, Married-civ-spouse,?,?,?,?,,,,?,?
, Private,,?,,?, Craft-repair, Husband,?,?,1082.9701,,,?,?
,?,189484.39, HS-grad,,?,?, Husband,?,?,,,40.425713,?,?
38.579506, Private,, HS-grad,,?,?, Husband,?,?,,,,?, <=50K
38.579506,?,189484.39,?,,?,?,?,?, Male,,87.670456,,?,?
, Private,, HS-grad,,?,?,?,?,?,,,, United-States,?
,?,189484.39, HS-grad,,?,?, Husband,?,?,,,,?, <=50K
,?,,?,,?,?,?,?,?,,,,?,?
,?,,?,, Married-civ-spouse,?,?,?,?,,,,?, <=50K
38.579506, Private,,?,,?,?,?,?,?,,,,?,?
,?,,?,, Married-civ-spouse, Craft-repair, Husband,?,?,,,,?, <=50K
,?,,?,, Married-civ-spouse, Craft-repair,?,?,?,,87.670456,,?,?
38.579506,?,,?,,?,?,?,?, Male,,,,?,?
, Private,,?,,?,?,?,?,?,,,, United-States,?
,?,,?,, Married-civ-spouse,?, Husband,?, Male,1082.9701,87.670456,40.425713,?, <=50K
,?,,?,,?,?,?,?, Male,1082.9701,87.670456,,?, <=50K
, Private,,?,,?,?,?,?,?,,,,?,?
,?,,?,,?,?, Husband,?,?,1082.9701,87.670456,,?,?
, Private,,?,,?,?,?,?,?,,,,?,?
, Private,, HS-grad,,?,?,?,?,?,,,,?,?
,?,,?,,?,?,?, White,?,1082.9701,,, United-States,?
,?,189484.39,?,,?,?,?, White,?,,,,?,?
, Private,,?,,?,?,?,?, Male,,,,?, <=50K
,?,189484.39,?,,?,?, Husband,?,?,1082.9701,87.670456,40.425713,?,?
,?,,?,10.067414,?,?,?,?,?,1082.9701,,,?,?
,?,,?,10.067414, Married-civ-spouse,?,?,?,?,1082.9701,,,?,?
, Private,, HS-grad,,?,?,?,?, Male,1082.9701,,, United-States,?
38.579506, Private,,?,10.067414,?, Craft-repair, Husband,?,?,,,,?, <=50K
, Private,,?,,?,?,?,?, Male,,,,?, <=50K
38.579506,?,189484.39, HS-grad,,?, Craft-repair, Husband,?,?,,,,?,?
, Private,189484.39,?,, Married-civ-spouse,?,?,?,?,,,,?,?
,?,, HS-grad,10.067414,?, Craft-repair, Husband,?,?,1082.9701,,,?,?
,?,,?,,?, Craft-repair,?,?,?,,,,?, <=50K
38.579506,?,189484.39,?,, Married-civ-spouse,?,?,?, Male,1082.9701,,,?,?
,?,, HS-grad,10.067414,?,?, Husband,?,?,,,,?, <=50K
, Private,,?,,?,?,?,?,?,,,,?,?
,?,189484.39,?,,?,?,?, White,?,,,, United-States,?
38.579506,?,,?,,?,?, Husband,?,?,1082.9701,,40.425713,?,?
,?,,?,,?,?,?,?,?,,,40.425713,?,?
, Private,,?,,?,?, Husband,?,?,,,, United-States,?
,?,,?,,?,?,?, White,?,,,40.425713,?, <=50K
,?,, HS-grad,10.067414,?, Craft-repair,?,?, Male,,,, United-States,?
,?,, HS-grad,,?, Craft-repair,?,?,?,,,, United-States,?
,?,189484.39, HS-grad,,?,?,?,?,?,,,, United-States, <=50K
,?,,?,,?,?,?, White,?,,,40.425713,?, <=50K
,?,,?,10.067414,?, Craft-repair,?,?, Male,,87.670456,, United-States, <=50K
, Private,,?,10.067414,?, Craft-repair,?, White,?,,,,?,?
, Private,,?,10.067414, Married-civ-spouse,?,?,?,?,,87.670456,,?,?
, Private,,?,,?,?,?,?,?,,87.670456,,?,?
, Private,189484.39, HS-grad,,?,?,?,?,?,1082.9701,,,?,?
,?,,?,,?,?,?,?,?,,,40.425713, United-States,?
38.579506, Private,,?,10.067414,?,?,?,?,?,,,, United-States,?
,?,,?,,?,?,?,?,?,,,,?, <=50K
,?,, HS-grad,,?, Craft-repair,?,?,?,,,,?,?
,?,,?,,?,?, Husband,?,?,,,,?,?
,?,,?,,?,?,?,?, Male,,87.670456,,?, <=50K
,?,, HS-grad,,?,?,?,?,?,1082.9701,,, United-States, <=50K
, Private,,?,10.067414,?, Craft-repair,?, White,?,,87.670456,, United-States, <=50K
,?,,?,10.067414,?,?,?, White, Male,,87.670456,,?,?
,?,189484.39,?,,?,?, Husband,?, Male,1082.9701,,, United-States,?
, Private,,?,,?,?,?, White,?,,,,?, <=50K
38.579506, Private,189484.39, HS-grad,,?, Craft-repair,?, White, Male,,,,?,?
38.579506,?,,?,, Married-civ-spouse,?,?,?,?,,,, United-States,?
, Private,,?,10.067414,?,?,?, White,?,,87.670456,40.425713,?,?
, Private,, HS-grad,, Married-civ-spouse, Craft-repair,?, White, Male,,,,?,?
, Private,,?,10.067414,?,?,?,?,?,,,,?, <=50K
,?,,?,10.067414,?, Craft-repair,?,?,?,,,,?,?
,?,,?,,?,?,?,?,?,,,, United-States,?
38.579506,?,,?,, Married-civ-spouse,?,?,?,?,,,,?,?
,?,,?,10.067414, Married-civ-spouse,?,?,?,?,,87.670456,,?,?
,?,189484.39,?,,?, Craft-repair,?, White, Male,,87.670456,,?,?
, Private,,?,,?,?,?,?,?,1082.9701,,, United-States,?
,?,,?,10.067414,?, Craft-repair, Husband, White,?,,,40.425713,?,?
38.579506, Private,,?,, Married-civ-spouse,?,?, White,?,,,40.425713,?,?
38.579506,?,, HS-grad,,?,?,?,?, Male,,,, United-States, <=50K
,?,189484.39, HS-grad,, Married-civ-spouse,?,?,?,?,1082.9701,,40.425713, United-States,?
,?,,?,,?, Craft-repair,?,?,?,,87.670456,40.425713, United-States,?
,?,, HS-grad,,?,?,?,?,?,,,,?,?
,?,189484.39,?,,?,?,?,?,?,,,40.425713,?, <=50K
,?,, HS-grad,,?,?,?,?,?,,,40.425713,?,?
,?,,?,10.067414,?,?,?, White,?,,87.670456,,?,?
, Private,,?,10.067414,?,?,?,?,?,,,,?,?
38.579506,?,, HS-grad,,?,?,?, White,?,,,,?, <=50K
,?,,?,, Married-civ-spouse,?,?,?,?,,,, United-States,?
, Private,,?,, Married-civ-spouse, Craft-repair,?,?, Male,,,,?,?
,?,189484.39, HS-grad,, Married-civ-spouse,?, Husband,?,?,1082.9701,,,?,?
,?,189484.39,?,,?,?, Husband, White, Male,1082.9701,,,?, <=50K
,?,,?,, Married-civ-spouse,?,?, White,?,,,40.425713,?,?
38.579506,?,,?,10.067414, Married-civ-spouse,?,?,?,?,,87.670456,,?,?
, Private,,?,,?, Craft-repair,?,?,?,,87.670456,,?,?
,?,,?,,?, Craft-repair, Husband,?, Male,,87.670456,, United-States,?
,?,,?,,?,?,?,?,?,,,,?,?
38.579506,?,,?,, Married-civ-spouse,?,?,?,?,,,,?,?
,?,,?,10.067414,?,?,?,?, Male,1082.9701,,, United-States, <=50K
,?,189484.39,?,10.067414,?, Craft-repair,?,?, Male,,,,?,?
,?,,?,10.067414,?, Craft-repair, Husband,?, Male,,87.670456,,?,?
38.579506, Private,, HS-grad,, Married-civ-spouse,?,?,?,?,1082.9701,87.670456,, United-States,?
,?,,?,,?,?,?,?,?,,,40.425713, United-States,?
,?,,?,,?,?,?,?,?,,,,?,?
,?,, HS-grad,,?,?,?,?,?,,,,?,?
,?,,?,10.067414,?, Craft-repair,?,?,?,,87.670456,,?,?
,?,,?,,?, Craft-repair, Husband,?,?,,,,?,?
38.579506,?,189484.39,?,,?,?,?,?, Male,1082.9701,,40.425713,?,?
,?,,?,, Married-civ-spouse,?,?,?,?,1082.9701,,,?,?
,?,,?,,?,?,?,?,?,1082.9701,87.670456,,?,?
,?,,?,,?,?,?,?,?,,,,?,?
,?,,?,,?,?,?,?,?,1082.9701,,,?, <=50K
,?,189484.39,?,10.067414, Married-civ-spouse, Craft-repair,?,?, Male,,,,?,?
, Private,,?,, Married-civ-spouse,?,?,?,?,1082.9701,,,?,?
,?,,?,,?,?,?,?,?,,,40.425713,?, <=50K
,?,189484.39,?,,?, Craft-repair,?,?, Male,1082.9701,,40.425713, United-States,?
38.579506,?,189484.39,?,,?,?,?,?,?,1082.9701,,40.425713,?,?
,?,,?,, Married-civ-spouse, Craft-repair,?,?,?,,,,?, <=50K
38.579506,?,,?,10.067414,?,?,?,?, Male,,,40.425713,?,?
,?,, HS-grad,,?,?,?,?, Male,,,,?,?
,?,,?,10.067414,?,?,?, White,?,,,40.425713,?, <=50K
,?,,?,,?,?,?,?,?,,,,?,?
, Private,,?,,?, Craft-repair,?,?, Male,1082.9701,,,?,?
38.579506,?,189484.39,?,,?,?, Husband,?,?,,,40.425713,?,?
38.579506,?,,?,,?,?,?,?,?,,,40.425713,?,?
,?,, HS-grad,10.067414,?, Craft-repair, Husband,?,?,,,,?,?
38.579506,?,,?,,?,?,?,?,?,1082.9701,,40.425713,?,?
,?,,?,, Married-civ-spouse,?, Husband,?, Male,1082.9701,,, United-States,?
,?,,?,,?,?,?,?, Male,,,40.425713,?, <=50K
,?,,?,10.067414,?,?, Husband,?,?,,,40.425713, United-States, <=50K
, Private,189484.39,?,10.067414,?,?,?,?, Male,,,,?, <=50K
,?,, HS-grad,,?,?,?,?,?,,,,?,?
,?,,?,,?,?,?,?, Male,1082.9701,,,?,?
38.579506,?,,?,,?,?, Husband,?, Male,,87.670456,40.425713,?,?
38.579506,?,,?,, Married-civ-spouse,?,?,?, Male,1082.9701,,, United-States,?
,?,,?,10.067414,?,?, Husband,?, Male,1082.9701,,, United-States,?
,?,,?,10.067414,?,?,?,?,?,,,40.425713,?,?
,?,189484.39,?,,?,?, Husband, White,?,,,, United-States,?
,?,,?,,?,?, Husband,?,?,,,,?, <=50K
,?,,?,,?,?, Husband,?,?,,,,?, <=50K
,?,,?,, Married-civ-spouse,?,?, White,?,,87.670456,,?,?
38.579506, Private,,?,,?,?,?,?,?,1082.9701,,,?,?
,?,189484.39,?,,?,?,?,?,?,1082.9701,,,?,?
,?,,?,,?,?,?,?,?,,,,?,?
,?,,?,,?,?, Husband, White,?,,,,?,?
38.579506,?,,?,, Married-civ-spouse,?,?,?,?,,,,?,?
,?,,?,10.067414, Married-civ-spouse,?,?,?,?,,,40.425713,?,?
38.579506,?,189484.39,?,,?, Craft-repair,?,?, Male,,,,?,?
38.579506,?,,?,10.067414, Married-civ-spouse,?,?,?,?,1082.9701,,,?,?
,?,,?,, Married-civ-spouse,?,?, White, Male,,87.670456,40.425713, United-States,?
,?,,?,,?,?,?,?,?,1082.9701,,,?, <=50K
38.579506,?,,?,,?,?, Husband,?,?,,87.670456,,?, <=50K
,?,,?,,?,?,?,?,?,,,40.425713,?,?
,?,, HS-grad,,?,?,?,?,?,,,,?,?
,?,,?,,?,?,?,?,?,,,,?,?
,?,,?,10.067414,?,?,?,?,?,,,,?,?
,?,,?,,?,?,?, White,?,,,,?,?
,?,,?,,?,?,?,?,?,,,40.425713,?,?
38.579506,?,,?,, Married-civ-spouse,?,?,?,?,,,,?,?
,?,189484.39, HS-grad,, Married-civ-spouse,?, Husband,?,?,,,40.425713,?,?
,?,189484.39, HS-grad,10.067414,?,?,?,?,?,,,,?,?
,?,189484.39,?,10.067414,?,?,?,?, Male,,,,?,?
,?,189484.39,?,, Married-civ-spouse,?,?,?,?,1082.9701,,,?,?
,?,189484.39,?,,?,?,?,?,?,,,,?,?
,?,,?,,?,?,?,?,?,,,,?,?
38.579506,?,,?,10.067414,?,?, Husband, White,?,,87.670456,,?,?
38.579506,?,,?,,?, Craft-repair,?,?,?,,,40.425713,?,?
,?,, HS-grad,,?, Craft-repair,?,?,?,,87.670456,40.425713,?,?
,?,,?,,?, Craft-repair, Husband, White,?,1082.9701,87.670456,,?,?
,?,, HS-grad,,?,?,?,?,?,1082.9701,,, United-States,?
,?,,?,, Married-civ-spouse,?,?,?,?,,,,?, <=50K
, Private,,?,, Married-civ-spouse,?,?,?,?,,,,?,?
,?,,?,,?,?,?,?, Male,,,, United-States,?
,?,,?,10.067414,?,?,?, White, Male,1082.9701,,,?,?
,?,,?,,?,?,?,?, Male,,87.670456,,?,?
38.579506,?,,?,,?,?, Husband,?,?,,87.670456,,?,?
,?,189484.39,?,,?,?,?,?,?,,,40.425713,?,?
, Private,,?,, Married-civ-spouse,?, Husband,?,?,,87.670456,40.425713,?,?
,?,,?,10.067414,?,?, Husband,?,?,,87.670456,,?,?
,?,,?,, Married-civ-spouse,?,?,?,?,,87.670456,, United-States, <=50K
38.579506,?,, HS-grad,,?,?,?,?,?,,,40.425713,?,?
, Private,189484.39,?,,?,?,?,?, Male,1082.9701,,,?, <=50K
38.579506,?,,?,,?,?,?,?,?,,,,?,?
38.579506,?,,?,10.067414,?,?, Husband,?,?,,,,?,?
,?,,?,10.067414, Married-civ-spouse,?,?,?,?,,,,?,?
38.579506,?,, HS-grad,10.067414,?, Craft-repair,?,?,?,,,,?,?
, Private,,?,, Married-civ-spouse, Craft-repair,?, White,?,,87.670456,,?,?
,?,, HS-grad,, Married-civ-spouse,?,?,?,?,,,,?,?
,?,,?,,?,?, Husband,?,?,,,40.425713, United-States,?
,?,,?,,?,?, Husband,?,?,,,,?,?
,?,,?,,?,?,?,?,?,1082.9701,,, United-States, <=50K
,?,189484.39,?,,?, Craft-repair,?, White, Male,,87.670456,, United-States,?
,?,,?,,?,?,?, White,?,,,,?,?
,?,189484.39,?,,?,?, Husband,?,?,1082.9701,87.670456,,?,?
,?,189484.39,?,,?,?,?,?,?,,,,?,?
,?,, HS-grad,,?,?,?,?,?,,,,?,?
,?,,?,,?, Craft-repair,?, White,?,1082.9701,87.670456,40.425713,?,?
,?,,?,,?,?,?,?,?,,,40.425713,?, <=50K
38.579506,?,,?,10.067414,?,?,?,?,?,1082.9701,,40.425713,?,?
,?,, HS-grad,10.067414, Married-civ-spouse,?,?,?,?,1082.9701,,,?,?
,?,,?,,?,?,?,?,?,,87.670456,, United-States,?
,?,,?,10.067414, Married-civ-spouse,?,?,?,?,,,,?, <=50K
38.579506, Private,,?,, Married-civ-spouse, Craft-repair,?,?,?,,,, United-States,?
38.579506,?,,?,,?,?,?,?,?,,87.670456,,?,?
,?,, HS-grad,,?,?,?,?,?,,87.670456,40.425713,?,?
,?,,?,,?, Craft-repair,?,?,?,,,,?,?
,?,189484.39,?,,?, Craft-repair, Husband,?,?,,,,?,?
,?,,?,,?,?,?,?,?,,,40.425713,?,?
,?,, HS-grad,,?,?,?,?,?,,,,?,?
, Private,,?,, Married-civ-spouse,?, Husband, White,?,,,,?,?
38.579506,?,189484.39,?,10.067414,?,?,?,?,?,,87.670456,,?,?
,?,,?,,?,?,?, White, Male,1082.9701,,,?, <=50K
,?,,?,,?,?, Husband,?, Male,1082.9701,,,?,?
, Private,,?,,?,?,?,?,?,,,40.425713,?,?
, Private,,?,,?,?, Husband, White,?,1082.9701,,,?,?
,?,189484.39,?,, Married-civ-spouse,?,?,?,?,,,, United-States,?
38.579506,?,,?,,?,?, Husband, White,?,1082.9701,,,?,?
38.579506,?,,?,,?,?,?,?, Male,1082.9701,87.670456,, United-States,?
,?,189484.39,?,,?,?,?,?,?,,,,?,?
,?,,?,10.067414,?,?,?,?,?,1082.9701,87.670456,40.425713,?,?
,?,189484.39,?,,?,?,?, White,?,1082.9701,,,?,?
,?,,?,,?,?,?,?,?,1082.9701,,,?,?
,?,,?,10.067414,?,?, Husband,?, Male,,,,?,?
,?,189484.39, HS-grad,,?,?, Husband,?, Male,,,,?, <=50K
38.579506, Private,,?,,?,?,?,?, Male,1082.9701,,,?,?
,?,,?,,?, Craft-repair,?,?,?,,,,?,?
,?,, HS-grad,10.067414,?,?,?, White,?,,,,?,?
,?,, HS-grad,,?,?,?,?,?,,,40.425713,?,?
,?,, HS-grad,, Married-civ-spouse,?, Husband,?,?,,,,?, <=50K
,?,,?,,?,?,?,?,?,,,,?,?
,?,189484.39,?,,?,?,?,?,?,,,40.425713,?,?
38.579506,?,,?,,?,?,?, White,?,,,,?,?
,?,,?,,?,?,?,?, Male,1082.9701,87.670456,,?,?
,?,,?,,?,?,?, White,?,,,40.425713,?,?
38.579506, Private,,?,10.067414,?,?, Husband,?,?,1082.9701,87.670456,40.425713, United-States,?
38.579506,?,189484.39,?,,?, Craft-repair,?,?,?,,,,?, <=50K
,?,,?,,?,?,?,?, Male,,87.670456,,?,?
,?,,?,,?,?,?,?,?,1082.9701,,,?,?
, Private,,?,,?,?,?,?, Male,,,,?,?
38.579506,?,, HS-grad,,?,?,?,?,?,,,40.425713,?,?
,?,,?,, Married-civ-spouse,?,?,?,?,,,,?,?
,?,,?,, Married-civ-spouse,?,?,?,?,,,40.425713, United-States,?
,?,189484.39,?,10.067414,?,?,?,?,?,,,,?,?
38.579506,?,,?,,?, Craft-repair, Husband,?,?,,,,?,?
,?,, HS-grad,10.067414,?,?,?,?,?,,87.670456,, United-States,?
,?,,?,,?,?, Husband,?, Male,,,,?, <=50K
,?,189484.39,?,,?, Craft-repair,?,?, Male,,,,?, <=50K
,?,,?,, Married-civ-spouse,?,?,?,?,,87.670456,,?,?
38.579506,?,189484.39,?,, Married-civ-spouse,?,?,?,?,,,40.425713,?,?
,?,,?,10.067414,?,?,?,?,?,,,,?,?
,?,,?,,?,?,?, White,?,,,,?, <=50K
,?,,?,10.067414,?, Craft-repair, Husband,?,?,,,,?, <=50K
38.579506,?,189484.39,?,,?,?,?,?, Male,1082.9701,,40.425713,?, <=50K
, Private,,?,,?, Craft-repair, Husband,?,?,1082.9701,,40.425713,?,?
, Private,, HS-grad,,?,?, Husband,?, Male,,,40.425713,?,?
,?,,?,,?, Craft-repair,?,?,?,,,,?,?
, Private,,?,,?,?,?,?,?,1082.9701,,,?,?
38.579506,?,,?,,?,?,?,?,?,,87.670456,40.425713,?,?
,?,,?,,?,?,?,?, Male,,,,?,?
,?,,?,, Married-civ-spouse, Craft-repair,?,?,?,,,, United-States,?
,?,,?,10.067414,?,?,?,?, Male,,,, United-States,?
,?,, HS-grad,10.067414,?,?,?,?,?,,,,?,?
,?,,?,,?,?, Husband, White, Male,,,,?,?
,?,,?,,?,?,?,?,?,,87.670456,40.425713, United-States,?
,?,,?,,?,?,?, White,?,,,, United-States,?
,?,,?,,?,?,?,?,?,,,,?, <=50K
,?,189484.39,?,,?,?, Husband,?, Male,,87.670456,40.425713, United-States, <=50K
,?,,?,10.067414,?,?,?, White, Male,,,,?,?
38.579506,?,,?,,?,?, Husband,?,?,1082.9701,,40.425713, United-States,?
,?,,?,, Married-civ-spouse,?,?,?,?,,,, United-States, <=50K
,?,189484.39, HS-grad,,?, Craft-repair,?,?,?,1082.9701,,,?,?
,?,189484.39,?,10.067414,?,?, Husband,?,?,,,,?,?
,?,,?,,?,?, Husband,?,?,,87.670456,,?,?
,?,,?,,?,?,?, White,?,,,40.425713,?,?
,?,, HS-grad,10.067414, Married-civ-spouse, Craft-repair,?, White,?,,,, United-States,?
,?,,?,, Married-civ-spouse,?,?,?, Male,,,,?,?
, Private,189484.39,?,,?, Craft-repair, Husband,?,?,,,,?,?
,?,,?,,?,?,?,?,?,,,, United-States, <=50K
,?,189484.39,?,,?, Craft-repair,?, White,?,,87.670456,,?,?
38.579506,?,,?,,?, Craft-repair,?,?,?,,,,?,?
,?,,?,,?, Craft-repair, Husband,?,?,,87.670456,,?,?
38.579506,?,,?,10.067414,?,?,?,?,?,,,, United-States, <=50K
38.579506,?,, HS-grad,, Married-civ-spouse,?,?,?,?,1082.9701,,40.425713, United-States,?
38.579506,?,,?,10.067414,?,?,?, White,?,,87.670456,40.425713,?,?
,?,,?,,?,?,?,?,?,,,,?,?
,?,,?,10.067414,?,?, Husband,?,?,,,,?,?
,?,,?,, Married-civ-spouse,?,?,?,?,,,,?, <=50K
,?,,?,10.067414,?, Craft-repair,?,?,?,,,40.425713,?,?
,?,, HS-grad,, Married-civ-spouse,?,?, White,?,,87.670456,,?,?
38.579506,?,, HS-grad,,?,?,?,?,?,,,40.425713,?,?
,?,,?,10.067414,?, Craft-repair, Husband,?, Male,,,, United-States, <=50K
,?,189484.39,?,,?,?,?,?,?,,,,?,?
, Private,,?,10.067414,?,?,?,?,?,,,,?, <=50K
,?,,?,,?, Craft-repair,?,?,?,,,40.425713,?,?
38.579506,?,,?,10.067414,?, Craft-repair, Husband,?,?,,,,?,?
,?,,?,, Married-civ-spouse, Craft-repair, Husband,?,?,,,,?, <=50K
,?,,?,,?,?, Husband,?, Male,,,,?,?
,?,,?,,?, Craft-repair,?,?, Male,,,, United-States,?
,?,189484.39,?,,?, Craft-repair,?,?,?,1082.9701,,,?,?
, Private,,?,,?,?, Husband,?,?,,,,?,?
, Private,,?,,?,?,?,?,?,,,40.425713,?,?
38.579506,?,,?,,?,?, Husband,?,?,,,,?, <=50K
, Private,,?,,?,?,?, White,?,,,40.425713,?,?
,?,, HS-grad,,?,?, Husband,?,?,,87.670456,,?,?
,?,189484.39,?,,?,?,?,?,?,,,,?,?
,?,, HS-grad,10.067414,?,?, Husband,?,?,,87.670456,40.425713, United-States,?
,?,189484.39,?,,?,?, Husband,?,?,,87.670456,,?,?
38.579506,?,189484.39,?,,?,?,?,?, Male,1082.9701,87.670456,,?, <=50K
,?,, HS-grad,,?,?,?,?, Male,1082.9701,,,?,?
, Private,, HS-grad,,?, Craft-repair,?,?, Male,,87.670456,,?, <=50K
,?,, HS-grad,, Married-civ-spouse,?,?,?,?,1082.9701,,,?, <=50K
38.579506,?,,?,,?,?,?, White,?,1082.9701,87.670456,,?, <=50K
, Private,,?,10.067414,?,?,?,?,?,,87.670456,,?,?
,?,189484.39,?,,?, Craft-repair, Husband,?, Male,,,40.425713,?,?
, Private,189484.39,?,, Married-civ-spouse,?,?,?,?,,,40.425713,?,?
38.579506,?,,?,10.067414,?, Craft-repair, Husband, White, Male,1082.9701,,,?,?
, Private,,?,, Married-civ-spouse, Craft-repair,?, White,?,,,, United-States,?
,?,,?,,?,?,?, White,?,,,,?,?
38.579506,?,,?,,?,?,?,?,?,,87.670456,,?,?
,?,,?,,?,?, Husband, White,?,1082.9701,,,?,?
,?,,?,, Married-civ-spouse,?,?,?,?,,,, United-States,?
,?,189484.39,?,,?,?,?,?, Male,,,, United-States,?
38.579506,?,,?,,?,?, Husband,?, Male,1082.9701,,,?,?
,?,,?,10.067414,?, Craft-repair, Husband,?,?,,,,?,?
,?,,?,,?,?,?, White,?,,,,?,?
38.579506,?,189484.39,?,,?,?, Husband, White,?,,,,?,?
,?,,?,, Married-civ-spouse, Craft-repair, Husband,?,?,,,,?,?
, Private,,?,, Married-civ-spouse, Craft-repair,?,?, Male,,,, United-States,?
,?,,?,,?,?,?,?,?,1082.9701,,40.425713, United-States,?
, Private,189484.39,?,10.067414,?,?,?,?,?,,,,?,?
38.579506, Private,,?,, Married-civ-spouse, Craft-repair, Husband,?,?,1082.9701,87.670456,, United-States, <=50K
,?,189484.39, HS-grad,, Married-civ-spouse,?, Husband,?, Male,1082.9701,,, United-States,?
,?,,?,,?, Craft-repair,?,?,?,,,,?, <=50K
38.579506,?,189484.39,?,, Married-civ-spouse,?,?,?,?,,87.670456,,?,?
, Private,,?,,?,?, Husband,?,?,,,,?,?
,?,189484.39,?,,?,?,?,?,?,,,,?,?
,?,,?,, Married-civ-spouse,?,?,?,?,,,,?,?
,?,,?,,?,?, Husband,?,?,,,,?,?
,?,, HS-grad,,?,?,?,?, Male,,87.670456,, United-States, <=50K
,?,,?,,?,?,?,?,?,,87.670456,,?,?
,?,,?,,?, Craft-repair,?,?,?,,,,?,?
38.579506,?,,?,10.067414,?, Craft-repair,?,?,?,,,, United-States, <=50K
,?,, HS-grad,,?, Craft-repair,?,?,?,,,40.425713,?,?
,?,,?,,?,?,?,?,?,,,,?,?
,?,,?,,?,?, Husband,?,?,,,,?,?
,?,,?,,?,?, Husband,?,?,1082.9701,87.670456,,?,?
38.579506,?,189484.39,?,10.067414,?, Craft-repair,?,?,?,,,40.425713,?,?
, Private,189484.39,?,,?,?,?,?,?,,,,?, <=50K
38.579506,?,,?,, Married-civ-spouse,?,?,?,?,,,,?,?
38.579506,?,,?,, Married-civ-spouse,?,?,?, Male,,87.670456,,?,?
,?,189484.39,?,10.067414,?,?, Husband,?,?,1082.9701,,,?, <=50K
38.579506, Private,189484.39,?,, Married-civ-spouse,?,?,?,?,1082.9701,,,?, <=50K
38.579506,?,,?,,?,?, Husband,?,?,,87.670456,, United-States,?
,?,189484.39,?,,?,?,?,?,?,,,,?,?
,?,189484.39,?,,?,?, Husband,?,?,,,,?,?
,?,189484.39,?,,?,?,?,?,?,,,, United-States, <=50K
38.579506,?,,?,10.067414,?, Craft-repair, Husband,?,?,1082.9701,,,?,?
,?,189484.39,?,,?,?, Husband,?,?,,,, United-States,?
,?,,?,,?,?,?,?,?,,,,?,?
,?,,?,,?,?,?, White,?,,87.670456,,?, <=50K
38.579506,?,189484.39, HS-grad,, Married-civ-spouse,?,?,?,?,,,,?, <=50K
,?,189484.39, HS-grad,, Married-civ-spouse, Craft-repair,?,?,?,,,, United-States,?
,?,,?,,?, Craft-repair,?,?,?,,,, United-States, <=50K
,?,,?,,?, Craft-repair,?, White,?,1082.9701,,,?,?
, Private,, HS-grad,10.067414,?, Craft-repair,?, White,?,,,, United-States,?
,?,,?,10.067414,?,?,?,?,?,1082.9701,,, United-States, <=50K
, Private,,?,,?,?, Husband,?,?,,,,?,?
,?,,?,10.067414,?,?,?,?,?,,,, United-States,?
,?,,?,, Married-civ-spouse,?,?,?,?,,,,?, <=50K
,?,,?,10.067414,?, Craft-repair,?,?, Male,1082.9701,,,?,?
,?,,?,, Married-civ-spouse, Craft-repair,?, White,?,,,,?,?
,?,, HS-grad,,?, Craft-repair,?,?,?,,,,?,?
, Private,,?,, Married-civ-spouse,?,?,?,?,,,,?, <=50K
, Private,,?,10.067414,?,?,?,?, Male,,,,?,?
,?,, HS-grad,10.067414, Married-civ-spouse,?,?, White,?,,,40.425713,?, <=50K
, Private,,?,,?, Craft-repair, Husband,?,?,,,,?,?
,?,189484.39,?,,?,?,?,?,?,,,40.425713, United-States,?
,?,,?,,?,?,?,?,?,,,, United-States,?
38.579506,?,,?,10.067414,?,?,?,?, Male,,,,?,?
38.579506,?,,?,,?,?, Husband,?, Male,1082.9701,,40.425713,?,?
,?,,?,10.067414,?,?,?, White, Male,,87.670456,,?,?
,?,189484.39,?,,?,?,?,?, Male,1082.9701,,, United-States, <=50K
,?,,?,,?,?,?,?,?,,,,?,?
38.579506,?,,?,,?,?, Husband, White, Male,,,40.425713,?,?
, Private,,?,, Married-civ-spouse,?,?,?,?,,,,?,?
,?,189484.39, HS-grad,,?, Craft-repair, Husband,?,?,,,,?,?
,?,,?,,?,?, Husband,?,?,,87.670456,,?,?
,?,, HS-grad,10.067414,?,?,?,?,?,,,, United-States,?
,?,, HS-grad,10.067414,?,?, Husband,?,?,,,, United-States,?
,?,,?,,?,?,?,?, Male,,,40.425713,?,?
,?,, HS-grad,10.067414,?, Craft-repair,?, White,?,,,40.425713,?,?
,?,,?,10.067414,?, Craft-repair,?,?,?,,,,?, <=50K
,?,, HS-grad,,?,?,?,?,?,,87.670456,,?, <=50K
,?,,?,, Married-civ-spouse,?,?,?, Male,,,,?,?
,?,,?,,?,?,?, White,?,,,,?,?
,?,189484.39,?,,?,?,?, White,?,,,,?,?
38.579506,?,, HS-grad,10.067414,?,?,?,?,?,1082.9701,,40.425713,?,?
38.579506,?,,?,, Married-civ-spouse,?,?,?,?,,,,?,?
, Private,,?,10.067414,?,?,?,?,?,,,,?, <=50K
,?,,?,,?,?,?, White,?,1082.9701,,,?,?
,?,,?,, Married-civ-spouse,?,?,?,?,,87.670456,,?,?
,?,,?,,?,?,?, White,?,,,,?,?
,?,, HS-grad,10.067414, Married-civ-spouse,?,?,?,?,,,,?, <=50K
38.579506,?,,?,,?, Craft-repair, Husband, White, Male,,,,?,?
,?,,?,10.067414,?,?,?,?,?,,,, United-States,?
38.579506,?,189484.39,?,,?,?,?,?, Male,1082.9701,,,?, <=50K
,?,189484.39, HS-grad,,?,?,?,?,?,,,, United-States,?
,?,,?,,?,?,?,?,?,,87.670456,,?,?
, Private,189484.39,?,,?,?,?,?,?,,,,?, <=50K
38.579506,?,,?,,?,?, Husband,?,?,,,40.425713,?,?
,?,189484.39,?,,?,?,?, White,?,,,40.425713,?,?
,?,, HS-grad,, Married-civ-spouse, Craft-repair,?,?,?,,,,?, <=50K
38.579506, Private,,?,,?,?, Husband,?,?,,,40.425713, United-States,?
,?,, HS-grad,10.067414,?,?,?,?,?,1082.9701,,,?,?
,?,,?,,?,?,?,?,?,,,,?,?
, Private,, HS-grad,,?, Craft-repair,?,?,?,,,,?,?
, Private,189484.39, HS-grad,,?,?,?,?,?,,,,?,?
, Private,,?,,?,?, Husband,?,?,,,,?,?
38.579506,?,,?,,?,?,?,?, Male,1082.9701,,, United-States,?
,?,,?,,?, Craft-repair,?,?,?,1082.9701,,,?, <=50K
,?,,?,10.067414,?,?,?, White,?,,,,?,?
38.579506,?,189484.39,?,10.067414,?, Craft-repair,?,?,?,,,, United-States,?
38.579506,?,,?,,?,?, Husband,?,?,,,,?,?
38.579506,?,,?,,?,?,?, White,?,1082.9701,,,?,?
,?,,?,10.067414, Married-civ-spouse,?,?,?,?,,87.670456,,?,?
,?,,?,10.067414,?,?,?, White,?,,87.670456,, United-States,?
,?,189484.39, HS-grad,10.067414,?,?,?, White,?,,,,?,?
,?,,?,,?,?, Husband,?,?,1082.9701,,40.425713,?,?
,?,,?,,?,?,?,?,?,,87.670456,,?,?
,?,189484.39,?,10.067414,?,?, Husband,?, Male,1082.9701,,,?,?
, Private,,?,, Married-civ-spouse, Craft-repair, Husband,?,?,,,,?,?
,?,,?,,?, Craft-repair, Husband,?,?,,,, United-States, <=50K
,?,,?,,?,?,?,?,?,,,,?,?
,?,,?,,?,?, Husband,?,?,1082.9701,,,?, <=50K
, Private,,?,,?,?,?, White,?,,,,?,?
38.579506,?,,?,,?,?,?,?, Male,1082.9701,,,?, <=50K
,?,189484.39,?,10.067414,?,?,?,?,?,,,,?,?
,?,, HS-grad,10.067414,?,?,?,?, Male,1082.9701,87.670456,,?,?
,?,189484.39,?,,?,?,?,?,?,,,,?,?
,?,,?,10.067414,?,?,?,?, Male,1082.9701,,,?, <=50K
38.579506,?,, HS-grad,10.067414,?,?,?,?,?,1082.9701,87.670456,,?,?
,?,, HS-grad,,?,?, Husband,?,?,,,,?,?
,?,, HS-grad,,?,?,?, White,?,1082.9701,,40.425713,?, <=50K
,?,,?,, Married-civ-spouse,?,?,?,?,,,,?,?
,?,,?,,?,?,?,?,?,1082.9701,87.670456,, United-States,?
,?,189484.39,?,10.067414,?, Craft-repair,?,?,?,,87.670456,40.425713, United-States,?
,?,,?,10.067414, Married-civ-spouse,?,?,?,?,1082.9701,,,?,?
, Private,,?,,?,?,?, White,?,,,,?,?
,?,,?,, Married-civ-spouse,?,?, White,?,,87.670456,,?, <=50K
38.579506, Private,,?,,?,?,?,?,?,,87.670456,,?,?
,?,,?,,?,?,?, White,?,,,,?,?
,?,,?,,?, Craft-repair, Husband,?,?,,,, United-States, <=50K
,?,189484.39,?,,?,?,?,?, Male,,,, United-States, <=50K
,?,,?,,?,?,?,?,?,,,, United-States,?
, Private,,?,, Married-civ-spouse,?,?, White, Male,1082.9701,,,?,?
38.579506,?,,?,,?,?,?,?,?,,,, United-States,?
,?,,?,, Married-civ-spouse,?,?, White,?,,,,?,?
38.579506,?,,?,,?,?, Husband,?,?,,87.670456,,?,?
,?,,?,10.067414,?,?,?,?,?,,,,?,?
38.579506,?,189484.39,?,,?,?, Husband,?,?,1082.9701,87.670456,,?,?
,?,189484.39,?,,?,?,?,?,?,,,,?,?
,?,,?,, Married-civ-spouse,?,?, White,?,,,,?,?
,?,189484.39, HS-grad,, Married-civ-spouse,?,?, White,?,,87.670456,,?,?
,?,189484.39, HS-grad,10.067414,?,?,?, White,?,1082.9701,,,?, <=50K
,?,,?,10.067414,?,?,?,?,?,,,,?,?
38.579506,?,, HS-grad,,?,?,?,?,?,1082.9701,87.670456,, United-States,?
,?,, HS-grad,,?,?,?,?,?,,,40.425713,?,?
,?,,?,, Married-civ-spouse,?, Husband,?,?,,87.670456,,?, <=50K
38.579506, Private,, HS-grad,,?, Craft-repair, Husband,?, Male,,,,?, <=50K
,?,, HS-grad,,?,?,?, White,?,,,,?,?
38.579506, Private,,?,,?,?,?,?,?,,87.670456,, United-States,?
, Private,,?,10.067414,?,?,?,?,?,,,,?,?
,?,189484.39,?,,?,?,?,?, Male,,,,?,?
,?,,?,,?,?,?,?,?,1082.9701,87.670456,,?,?
,?,,?,,?, Craft-repair,?,?, Male,,87.670456,,?,?
,?,,?,10.067414,?,?, Husband,?,?,,,, United-States,?
,?,,?,,?,?, Husband,?,?,1082.9701,,,?, <=50K
,?,,?,,?,?,?,?,?,,,,?,?
, Private,,?,10.067414,?,?,?,?,?,1082.9701,87.670456,40.425713,?,?
,?,,?,10.067414, Married-civ-spouse, Craft-repair, Husband,?,?,,87.670456,,?,?
,?,,?,,?, Craft-repair,?,?,?,,,40.425713,?, <=50K
,?,,?,, Married-civ-spouse,?, Husband,?,?,,,,?,?
,?,,?,10.067414,?,?,?, White, Male,1082.9701,,,?,?
,?,189484.39,?,, Married-civ-spouse,?,?,?,?,,,,?,?
,?,,?,,?, Craft-repair, Husband, White,?,,87.670456,, United-States,?
,?,,?,10.067414,?,?,?,?,?,,,,?,?
,?,,?,,?,?,?,?,?,,,40.425713,?,?
, Private,,?,,?,?,?,?,?,1082.9701,,,?,?
38.579506,?,189484.39, HS-grad,,?,?, Husband,?,?,,,,?,?
,?,, HS-grad,,?,?,?,?, Male,,,,?, <=50K
, Private,,?,10.067414,?,?,?,?,?,,,, United-States,?
,?,, HS-grad,, Married-civ-spouse,?,?,?,?,,,,?,?
, Private,,?,,?,?,?,?,?,,87.670456,40.425713,?,?
,?,189484.39,?,10.067414,?, Craft-repair,?,?, Male,,,,?,?
,?,, HS-grad,,?,?,?,?,?,1082.9701,87.670456,, United-States,?
,?,189484.39,?,,?,?, Husband,?,?,,,,?,?
,?,,?,10.067414,?, Craft-repair,?,?,?,,,,?,?
,?,,?,,?,?,?,?,?,,,, United-States,?
, Private,,?,, Married-civ-spouse,?,?,?,?,,87.670456,,?,?
,?,,?,,?,?,?,?, Male,,87.670456,,?, <=50K
,?,189484.39,?,,?,?,?,?,?,,,,?,?
,?,189484.39,?,,?,?,?,?,?,,87.670456,40.425713,?,?
38.579506,?,,?,,?,?,?,?,?,,,,?, <=50K
38.579506,?,,?,,?,?,?,?, Male,,,40.425713,?, <=50K
, Private,, HS-grad,, Married-civ-spouse, Craft-repair,?,?, Male,1082.9701,87.670456,,?, <=50K
,?,189484.39,?,, Married-civ-spouse,?,?,?,?,1082.9701,,,?,?
,?,189484.39,?,10.067414,?,?,?, White,?,,,,?,?
, Private,,?,, Married-civ-spouse,?,?,?,?,1082.9701,87.670456,, United-States,?
38.579506, Private,,?,,?,?,?,?,?,1082.9701,,,?,?
,?,,?,,?, Craft-repair,?,?,?,,,,?,?
,?,,?,,?,?,?,?,?,,,,?,?
,?,,?,,?,?, Husband,?,?,,,, United-States,?
,?,189484.39,?,10.067414,?,?,?, White,?,,87.670456,, United-States, <=50K
38.579506,?,189484.39,?,,?,?, Husband,?,?,1082.9701,87.670456,,?,?
,?,,?,,?,?,?,?,?,,87.670456,,?,?
, Private,,?,,?,?,?,?,?,,,,?,?
,?,,?,,?,?,?,?,?,1082.9701,87.670456,, United-States,?
, Private,, HS-grad,,?,?,?,?, Male,1082.9701,,,?, <=50K
38.579506,?,,?,,?,?, Husband,?,?,,,,?,?
,?,,?,10.067414, Married-civ-spouse, Craft-repair,?,?,?,,,,?,?
38.579506,?,,?,10.067414,?, Craft-repair,?,?,?,,,,?,?
,?,,?,,?,?,?,?, Male,,,40.425713,?, <=50K
,?,,?,,?, Craft-repair,?,?,?,,,,?, <=50K
, Private,, HS-grad,,?,?,?,?, Male,,,,?, <=50K
,?,,?,10.067414,?, Craft-repair, Husband,?,?,,,,?,?
,?,, HS-grad,, Married-civ-spouse, Craft-repair,?, White,?,,,40.425713,?,?
, Private,,?,10.067414, Married-civ-spouse,?,?, White,?,1082.9701,,, United-States, <=50K
38.579506,?,,?,, Married-civ-spouse,?, Husband,?, Male,,,40.425713,?,?
, Private,189484.39,?,,?, Craft-repair,?,?,?,,,,?,?
,?,,?,,?,?,?,?, Male,,,,?,?
38.579506, Private,,?,,?, Craft-repair,?, White,?,,,,?,?
,?,189484.39, HS-grad,,?, Craft-repair,?,?, Male,1082.9701,87.670456,, United-States, <=50K
,?,, HS-grad,,?,?,?,?,?,,,,?, <=50K
38.579506,?,,?,10.067414,?,?,?,?,?,,,,?,?
,?,,?,,?,?,?,?,?,,,,?,?
,?,, HS-grad,, Married-civ-spouse, Craft-repair,?,?,?,,,40.425713,?,?
, Private,,?,10.067414, Married-civ-spouse,?,?,?,?,,,,?,?
,?,189484.39,?,,?, Craft-repair,?,?,?,,,,?, <=50K
,?,,?,,?,?,?,?,?,,,,?,?
38.579506,?,189484.39,?,,?,?,?,?,?,,,, United-States,?
38.579506,?,,?,,?,?,?,?,?,,,40.425713, United-States,?
, Private,,?,,?,?, Husband, White,?,,,40.425713,?, <=50K
38.579506,?,,?,,?,?,?,?,?,,,,?,?
,?,,?,10.067414,?,?,?,?,?,1082.9701,,40.425713, United-States,?
,?,,?,, Married-civ-spouse,?,?,?,?,1082.9701,,,?, <=50K
,?,,?,,?,?,?,?,?,,,, United-States,?
,?,,?,,?,?,?,?,?,,,,?,?
38.579506, Private,, HS-grad,, Married-civ-spouse,?,?,?,?,,,40.425713,?, <=50K
,?,,?,,?,?,?,?, Male,,,,?,?
,?,,?,,?, Craft-repair, Husband, White,?,,87.670456,,?,?
, Private,189484.39,?,,?,?,?,?,?,,,,?,?
,?,,?,,?,?, Husband,?, Male,,,,?,?
,?,,?,10.067414,?,?,?,?,?,,,, United-States,?
,?,,?,10.067414,?,?,?,?, Male,,,40.425713,?,?
,?,, HS-grad,,?,?, Husband,?,?,,,,?,?
38.579506,?,, HS-grad,10.067414, Married-civ-spouse, Craft-repair,?,?, Male,,87.670456,40.425713, United-States,?
38.579506,?,, HS-grad,,?, Craft-repair, Husband,?, Male,,,, United-States,?
,?,,?,,?,?,?,?,?,1082.9701,,,?,?
,?,, HS-grad,,?,?,?,?,?,,,40.425713,?,?
38.579506,?,,?,, Married-civ-spouse,?,?, White,?,,,,?,?
,?,,?,,?,?,?,?, Male,1082.9701,,40.425713,?,?
,?,,?,, Married-civ-spouse,?,?,?,?,1082.9701,,,?,?
,?,,?,,?,?,?,?,?,,,,?,?
38.579506,?,,?,,?,?, Husband,?,?,,,,?,?
,?,,?,10.067414,?, Craft-repair,?,?, Male,,,40.425713,?,?
38.579506,?,,?,,?,?, Husband,?, Male,,,, United-States,?
,?,,?,, Married-civ-spouse, Craft-repair,?,?,?,,,40.425713,?,?
,?,, HS-grad,, Married-civ-spouse,?,?, White,?,1082.9701,,, United-States,?
,?,,?,, Married-civ-spouse, Craft-repair,?,?,?,,,,?,?
,?,,?,,?,?,?,?,?,,,40.425713,?,?
,?,,?,10.067414,?,?,?,?, Male,,,,?,?
,?,189484.39, HS-grad,,?,?, Husband,?,?,,,,?,?
,?,,?,,?,?,?,?,?,,,,?,?
,?,,?,10.067414, Married-civ-spouse,?,?,?,?,,,,?,?
38.579506,?,, HS-grad,,?,?,?,?,?,,,,?,?
,?,,?,,?,?,?,?,?,,,,?, <=50K
,?,,?,10.067414,?,?,?,?,?,,,,?, <=50K
, Private,,?,,?, Craft-repair,?,?,?,,,40.425713, United-States,?
,?,,?,,?,?,?,?,?,,,40.425713,?,?
, Private,,?,, Married-civ-spouse, Craft-repair,?,?, Male,,87.670456,,?,?
,?,,?,,?, Craft-repair,?, White,?,,,,?,?
,?,, HS-grad,,?,?,?,?,?,,,,?,?
, Private,,?,,?, Craft-repair,?,?, Male,,,,?,?
38.579506, Private,, HS-grad,10.067414,?, Craft-repair,?, White,?,,,,?,?
,?,,?,, Married-civ-spouse, Craft-repair,?,?,?,,,, United-States,?
, Private,,?,, Married-civ-spouse, Craft-repair, Husband,?,?,,,,?, <=50K
, Private,,?,, Married-civ-spouse, Craft-repair,?,?,?,,87.670456,, United-States,?
,?,,?,,?, Craft-repair,?,?,?,1082.9701,87.670456,,?,?
38.579506, Private,, HS-grad,10.067414,?,?, Husband,?,?,,,,?,?
,?,189484.39,?,,?,?,?,?,?,,,,?,?
,?,,?,,?, Craft-repair,?, White,?,,,,?,?
,?,,?,,?,?,?, White,?,,87.670456,,?, <=50K
38.579506, Private,,?,, Married-civ-spouse,?,?,?, Male,,87.670456,,?,?
,?,,?,,?, Craft-repair,?,?,?,,,40.425713,?,?
,?,,?,, Married-civ-spouse,?,?,?,?,,,,?,?
38.579506,?,, HS-grad,, Married-civ-spouse,?,?, White,?,1082.9701,,,?,?
,?,,?,, Married-civ-spouse,?,?,?,?,,,,?, <=50K
,?,,?,, Married-civ-spouse,?,?,?,?,1082.9701,,40.425713,?,?
,?,,?,,?,?,?, White,?,,,, United-States,?
38.579506,?,, HS-grad,,?,?,?, White,?,1082.9701,,,?,?
, Private,,?,10.067414,?,?,?, White,?,,,, United-States,?
,?,189484.39,?,,?,?,?,?,?,1082.9701,,,?, <=50K
, Private,,?,10.067414,?,?,?,?,?,1082.9701,,,?,?
,?,,?,,?,?,?, White, Male,1082.9701,87.670456,,?,?
,?,,?,10.067414,?,?, Husband,?,?,,,,?, <=50K
, Private,,?,,?, Craft-repair,?,?,?,,,40.425713,?,?
38.579506,?,,?,10.067414,?,?,?,?,?,,,,?,?
,?,,?,,?,?,?,?,?,,,,?,?
, Private,,?,,?,?,?,?,?,,,,?, <=50K
, Private,,?,,?, Craft-repair,?,?,?,,,, United-States,?
, Private,189484.39,?,,?,?,?,?,?,,,,?, <=50K
,?,,?,,?, Craft-repair,?, White, Male,,,,?,?
,?,,?,,?,?,?, White,?,,,40.425713,?,?
,?,,?,, Married-civ-spouse,?,?,?,?,1082.9701,,, United-States,?
,?,,?,,?,?,?,?,?,,,,?,?
, Private,,?,,?, Craft-repair, Husband,?,?,1082.9701,,, United-States,?
,?,,?,,?,?,?, White,?,1082.9701,,,?, <=50K
,?,189484.39,?,10.067414, Married-civ-spouse,?,?,?, Male,,,, United-States, <=50K
,?,,?,10.067414,?,?,?,?,?,,,,?,?
,?,, HS-grad,, Married-civ-spouse,?,?,?,?,,,40.425713,?,?
, Private,, HS-grad,,?, Craft-repair,?,?,?,,,,?,?
,?,, HS-grad,,?,?,?, White,?,1082.9701,,,?, <=50K
,?,, HS-grad,,?,?,?,?,?,,,, United-States,?
,?,,?,,?,?, Husband,?,?,,,,?,?
,?,, HS-grad,,?,?,?,?,?,,,40.425713, United-States,?
, Private,,?,, Married-civ-spouse,?,?, White,?,,,,?,?
,?,,?,,?, Craft-repair,?,?,?,1082.9701,,, United-States, <=50K
38.579506,?,, HS-grad,, Married-civ-spouse, Craft-repair,?, White,?,,,,?,?
, Private,,?,,?,?,?,?,?,,,,?,?
38.579506,?,,?,,?,?,?, White, Male,,87.670456,, United-States,?
,?,, HS-grad,,?, Craft-repair,?,?,?,,,40.425713,?, <=50K
,?,,?,,?,?,?,?,?,1082.9701,,, United-States, <=50K
,?,, HS-grad,, Married-civ-spouse,?,?,?, Male,,,,?,?
,?,,?,,?,?,?, White,?,,,,?,?
,?,,?,, Married-civ-spouse, Craft-repair,?,?,?,,,,?,?
, Private,,?,,?,?,?,?,?,,,40.425713, United-States, <=50K
,?,,?,,?,?,?,?,?,,,,?,?
,?,,?,,?, Craft-repair,?,?,?,,,,?,?
,?,189484.39, HS-grad,, Married-civ-spouse,?,?,?,?,,,,?,?
,?,189484.39, HS-grad,,?,?,?,?,?,,,,?,?
,?,, HS-grad,10.067414,?,?,?, White,?,,,, United-States,?
, Private,,?,,?,?,?,?,?,,,, United-States,?
38.579506,?,,?,,?,?,?,?,?,1082.9701,,,?,?
, Private,, HS-grad,,?,?,?, White,?,1082.9701,87.670456,,?, <=50K
,?,189484.39,?,, Married-civ-spouse,?,?,?,?,1082.9701,,40.425713,?,?
,?,189484.39,?,,?, Craft-repair,?,?,?,,,,?,?
,?,,?,, Married-civ-spouse,?,?,?,?,1082.9701,,40.425713,?,?
38.579506,?,, HS-grad,10.067414,?,?, Husband,?,?,,,,?,?
, Private,,?,,?,?,?,?,?,,,40.425713,?,?
,?,,?,,?,?,?,?,?,1082.9701,,,?,?
38.579506, Private,,?,,?,?,?, White,?,,,,?,?
38.579506,?,,?,10.067414, Married-civ-spouse,?,?,?,?,1082.9701,,,?,?
, Private,,?,10.067414,?, Craft-repair,?,?,?,,,,?,?
,?,189484.39,?,,?,?,?,?,?,1082.9701,87.670456,, United-States,?
,?,,?,,?,?,?,?,?,,87.670456,, United-States, <=50K
,?,,?,10.067414,?,?,?,?,?,,,,?,?
,?,,?,10.067414,?,?,?,?,?,1082.9701,87.670456,,?,?
,?,,?,10.067414, Married-civ-spouse,?, Husband,?,?,,,,?,?
,?,,?,10.067414,?, Craft-repair,?,?,?,,87.670456,,?,?
,?,, HS-grad,,?,?, Husband,?,?,1082.9701,87.670456,40.425713,?, <=50K
,?,, HS-grad,,?,?,?,?,?,,,,?, <=50K
,?,,?,,?,?, Husband,?,?,,,,?,?
,?,189484.39,?,10.067414,?,?,?,?,?,,87.670456,40.425713,?,?
38.579506,?,189484.39,?,,?,?,?,?,?,,,40.425713,?,?
,?,, HS-grad,,?,?, Husband,?,?,,,40.425713,?,?
38.579506,?,,?,,?,?,?,?,?,,,,?,?
,?,, HS-grad,,?,?,?, White, Male,,,40.425713,?,?
,?,189484.39,?,, Married-civ-spouse,?,?, White,?,,,,?, <=50K
, Private,189484.39,?,,?, Craft-repair,?,?,?,,,,?,?
,?,,?,,?,?, Husband,?,?,,,,?,?
,?,, HS-grad,,?, Craft-repair,?,?,?,,,, United-States,?
,?,,?,, Married-civ-spouse, Craft-repair,?, White,?,,,,?,?
,?,,?,,?,?,?, White,?,,,,?, <=50K
38.579506,?,,?,,?,?,?,?,?,,,,?,?
,?,,?,, Married-civ-spouse,?, Husband,?,?,,,,?,?
,?,,?,10.067414,?,?,?,?,?,,,,?,?
,?,,?,10.067414,?,?,?,?,?,,,,?,?
38.579506,?,,?,,?, Craft-repair,?,?,?,,,, United-States, <=50K
,?,,?,,?,?,?, White,?,,,,?,?
,?,189484.39,?,,?, Craft-repair, Husband,?,?,,,40.425713,?,?
, Private,, HS-grad,10.067414,?, Craft-repair, Husband,?,?,,,,?,?
38.579506,?,,?,,?,?,?,?, Male,,87.670456,40.425713,?,?
,?,,?,,?,?,?,?,?,,,,?,?
,?,189484.39,?,, Married-civ-spouse,?,?,?,?,,87.670456,,?,?
38.579506,?,,?,,?,?,?,?,?,,,,?, <=50K
,?,,?,,?,?,?, White, Male,,,,?, <=50K
, Private,,?,,?,?,?,?,?,,,,?, <=50K
38.579506,?,,?,,?, Craft-repair, Husband,?,?,,,,?,?
38.579506,?,,?,, Married-civ-spouse,?, Husband,?,?,,,, United-States, <=50K
,?,,?,, Married-civ-spouse,?,?,?,?,,,40.425713,?,?
,?,,?,10.067414,?,?,?, White,?,,,, United-States,?
,?,,?,,?,?,?, White,?,1082.9701,,40.425713,?, <=50K
,?,,?,, Married-civ-spouse,?,?,?,?,,,,?, <=50K
,?,189484.39, HS-grad,,?,?,?,?,?,,,,?,?
,?,,?,,?,?,?,?, Male,,,, United-States,?
,?,189484.39,?,,?, Craft-repair,?,?,?,1082.9701,,,?,?
,?,,?,,?, Craft-repair,?,?,?,,,,?,?
,?,, HS-grad,10.067414,?, Craft-repair,?,?,?,,87.670456,,?, <=50K
,?,,?,, Married-civ-spouse, Craft-repair, Husband,?,?,,,, United-States,?
,?,,?,,?, Craft-repair,?, White,?,,,40.425713,?,?
,?,, HS-grad,,?,?,?,?, Male,,87.670456,40.425713,?,?
,?,,?,,?,?,?,?, Male,1082.9701,,,?,?
, Private,,?,10.067414,?,?, Husband,?,?,,,40.425713,?,?
,?,,?,,?,?, Husband,?,?,,,,?,?
, Private,,?,,?,?,?,?,?,,,40.425713, United-States, <=50K
,?,,?,,?,?, Husband,?,?,1082.9701,,, United-States, <=50K
,?,,?,, Married-civ-spouse,?,?,?,?,,,,?,?
,?,,?,,?,?, Husband, White,?,1082.9701,87.670456,,?,?
,?,189484.39,?,,?,?,?,?,?,,,,?,?
,?,, HS-grad,,?, Craft-repair,?,?,?,,,,?,?
,?,,?,10.067414, Married-civ-spouse,?, Husband,?, Male,,,, United-States, <=50K
,?,,?,,?,?,?,?,?,1082.9701,,,?,?
,?,189484.39,?,,?,?, Husband,?,?,1082.9701,87.670456,,?, <=50K
, Private,,?,,?,?,?,?,?,,,,?,?
,?,,?,, Married-civ-spouse,?,?,?,?,,,,?,?
38.579506, Private,,?,, Married-civ-spouse,?,?, White, Male,,,,?,?
,?,,?,,?,?,?,?,?,,,,?, <=50K
,?,,?,,?,?,?,?, Male,,87.670456,, United-States,?
,?,,?,,?,?, Husband,?,?,1082.9701,,40.425713,?,?
,?,,?,,?, Craft-repair, Husband,?,?,,,,?,?
, Private,,?,10.067414, Married-civ-spouse, Craft-repair,?,?, Male,,,40.425713,?,?
,?,,?,,?, Craft-repair,?, White,?,1082.9701,,, United-States,?
,?,,?,,?,?,?,?,?,,87.670456,40.425713,?,?
,?,,?,, Married-civ-spouse,?,?, White,?,1082.9701,,,?,?
,?,,?,,?,?,?,?, Male,,87.670456,40.425713,?,?
,?,, HS-grad,,?,?, Husband,?, Male,,,,?,?
,?,,?,, Married-civ-spouse,?,?,?,?,,,,?,?
38.579506,?,,?,,?,?, Husband,?,?,,,40.425713, United-States,?
,?,,?,10.067414,?, Craft-repair,?,?,?,,,,?,?
,?,189484.39,?,,?,?,?, White,?,,,,?,?
,?,, HS-grad,, Married-civ-spouse,?,?,?,?,,,, United-States,?
38.579506,?,,?,,?,?, Husband,?,?,,,,?,?
38.579506,?,, HS-grad,10.067414,?,?,?,?,?,,,,?,?
, Private,,?,,?, Craft-repair,?,?,?,,,,?,?
,?,189484.39, HS-grad,,?, Craft-repair, Husband,?,?,,,,?,?
38.579506,?,, HS-grad,,?,?,?,?,?,,87.670456,40.425713, United-States,?
,?,,?,,?, Craft-repair,?,?,?,,,,?,?
,?,189484.39,?,,?,?,?,?,?,,,,?,?
,?,, HS-grad,,?,?, Husband,?,?,,,, United-States, <=50K
38.579506,?,,?,10.067414,?,?,?,?,?,,,40.425713,?,?
38.579506, Private,,?,10.067414,?,?,?,?,?,,,,?,?
,?,,?,10.067414, Married-civ-spouse,?,?,?,?,,,,?,?
,?,,?,,?,?, Husband, White,?,,,, United-States,?
, Private,,?,,?,?, Husband,?,?,,,,?,?
,?,,?,,?,?,?, White, Male,1082.9701,,,?,?
, Private,,?,,?,?, Husband,?,?,1082.9701,,,?,?
,?,,?,,?,?, Husband, White,?,,,,?,?
,?,,?,, Married-civ-spouse,?,?,?, Male,,,,?, <=50K
, Private,189484.39,?,, Married-civ-spouse,?,?,?,?,,,40.425713, United-States,?
, Private,189484.39,?,,?,?, Husband,?, Male,,,40.425713,?,?
38.579506,?,189484.39,?,,?,?,?,?, Male,,,,?,?
,?,, HS-grad,,?,?,?,?,?,1082.9701,,,?,?
,?,, HS-grad,,?,?,?,?, Male,,,,?,?
,?,,?,, Married-civ-spouse,?,?,?,?,,,,?,?
,?,189484.39,?,,?,?,?,?,?,,,, United-States,?
,?,,?,,?, Craft-repair,?,?,?,,87.670456,,?,?
,?,,?,,?,?, Husband,?,?,,,,?,?
38.579506,?,,?,, Married-civ-spouse, Craft-repair,?, White,?,,,,?,?
,?,,?,,?,?,?, White,?,,,,?,?
,?,,?,, Married-civ-spouse,?, Husband,?, Male,,,,?,?
38.579506,?,189484.39,?,, Married-civ-spouse,?,?, White,?,1082.9701,,,?,?
, Private,,?,,?,?,?,?,?,,,,?, <=50K
,?,189484.39,?,,?,?, Husband,?,?,,,,?,?
,?,,?,,?,?,?,?,?,,,40.425713,?, <=50K
,?,,?,,?,?,?, White,?,,,40.425713, United-States,?
,?,,?,,?, Craft-repair,?,?,?,,,,?, <=50K
,?,,?,,?,?,?, White, Male,,87.670456,,?,?
,?,,?,10.067414,?,?,?,?,?,1082.9701,,,?, <=50K
38.579506,?,, HS-grad,,?,?,?,?,?,,,,?,?
,?,,?,10.067414,?,?,?,?,?,,87.670456,,?,?
,?,189484.39,?,,?,?, Husband, White, Male,,,,?,?
38.579506,?,,?,10.067414,?, Craft-repair,?,?,?,,,,?, <=50K
,?,,?,,?,?,?,?,?,1082.9701,,,?,?
,?,,?,,?,?, Husband,?,?,,,, United-States,?
,?,, HS-grad,,?,?,?,?,?,,,,?,?
38.579506,?,,?,,?,?,?, White,?,,,40.425713, United-States,?
,?,189484.39, HS-grad,,?,?,?,?,?,,,,?,?
38.579506,?,,?,,?,?,?,?,?,,87.670456,,?,?
,?,189484.39,?,,?,?,?,?, Male,,,,?,?
,?,189484.39,?,10.067414,?,?,?,?,?,,,,?, <=50K
,?,,?,,?,?,?,?,?,,,,?,?
, Private,,?,10.067414,?,?,?,?, Male,1082.9701,87.670456,, United-States,?
,?,189484.39,?,10.067414,?,?,?, White, Male,1082.9701,,,?, <=50K
38.579506, Private,, HS-grad,,?,?,?,?,?,1082.9701,,,?,?
, Private,189484.39,?,10.067414,?,?,?,?, Male,1082.9701,,,?,?
,?,189484.39, HS-grad,, Married-civ-spouse, Craft-repair,?,?,?,,,,?,?
,?,,?,10.067414,?,?,?,?,?,,,,?, <=50K
,?,, HS-grad,,?,?,?,?,?,,,40.425713,?,?
,?,,?,10.067414,?, Craft-repair,?,?,?,1082.9701,,40.425713,?,?
,?,,?,10.067414, Married-civ-spouse,?,?,?, Male,,87.670456,,?, <=50K
,?,, HS-grad,10.067414,?, Craft-repair,?,?,?,1082.9701,,,?, <=50K
, Private,,?,10.067414,?,?,?,?, Male,,,40.425713,?,?
, Private,189484.39,?,,?,?,?,?,?,1082.9701,87.670456,40.425713,?,?
, Private,,?,, Married-civ-spouse,?,?,?,?,1082.9701,,40.425713, United-States,?
,?,189484.39,?,10.067414,?,?,?,?,?,,,40.425713,?,?
,?,, HS-grad,, Married-civ-spouse,?,?, White,?,,,40.425713, United-States,?
, Private,189484.39,?,,?,?,?, White, Male,,,,?, <=50K
,?,189484.39, HS-grad,, Married-civ-spouse, Craft-repair, Husband,?,?,,,,?,?
,?,, HS-grad,,?, Craft-repair, Husband,?,?,,,,?,?
,?,, HS-grad,,?,?,?,?,?,,,, United-States,?
,?,,?,10.067414, Married-civ-spouse,?,?,?,?,,,,?,?
,?,189484.39,?,, Married-civ-spouse,?,?,?, Male,,,,?,?
,?,, HS-grad,,?,?,?,?,?,,87.670456,, United-States,?
38.579506, Private,,?,,?,?,?,?,?,,,40.425713,?, <=50K
,?,,?,, Married-civ-spouse,?,?,?,?,1082.9701,,40.425713, United-States,?
,?,,?,,?,?,?,?,?,1082.9701,,,?, <=50K
38.579506,?,, HS-grad,,?, Craft-repair,?,?,?,,,,?,?
38.579506,?,189484.39,?,, Married-civ-spouse,?,?,?,?,1082.9701,,40.425713,?,?
,?,189484.39,?,,?,?,?,?, Male,,87.670456,,?,?
38.579506,?,189484.39,?,, Married-civ-spouse, Craft-repair,?, White, Male,1082.9701,87.670456,40.425713, United-States,?
,?,,?,,?,?,?,?,?,,,,?,?
,?,,?,,?,?,?,?,?,,,,?,?
,?,189484.39,?,,?,?, Husband,?,?,1082.9701,,,?,?
, Private,189484.39,?,,?,?,?,?,?,,,40.425713,?,?
, Private,,?,,?, Craft-repair,?,?,?,,,,?,?
,?,,?,10.067414,?,?,?, White,?,1082.9701,,40.425713, United-States,?
,?,,?,, Married-civ-spouse,?,?,?, Male,,87.670456,,?,?
,?,,?,10.067414,?, Craft-repair,?, White, Male,,,40.425713, United-States,?
,?,,?,,?,?,?,?,?,,87.670456,,?,?
,?,,?,10.067414,?,?,?,?,?,,,,?,?
,?,, HS-grad,10.067414, Married-civ-spouse,?, Husband,?,?,,,,?, <=50K
38.579506,?,,?,10.067414, Married-civ-spouse,?,?,?,?,,,,?,?
,?,,?,,?,?,?,?,?,,,,?,?
,?,,?,,?, Craft-repair, Husband,?, Male,,,,?,?
,?,, HS-grad,,?,?,?, White,?,,,40.425713,?, <=50K
,?,189484.39, HS-grad,,?,?,?,?,?,1082.9701,,, United-States, <=50K
38.579506, Private,,?,10.067414, Married-civ-spouse,?, Husband,?,?,1082.9701,,,?,?
,?,,?,,?,?,?,?,?,1082.9701,,40.425713,?,?
,?,,?,,?, Craft-repair, Husband,?, Male,,,40.425713,?, <=50K
, Private,,?,,?,?,?,?,?,,,,?, <=50K
38.579506,?,,?,,?,?, Husband,?,?,,,,?,?
,?,,?,,?,?, Husband,?,?,,,, United-States,?
,?,, HS-grad,,?,?,?,?,?,,,,?, <=50K
, Private,,?,,?,?,?,?,?,,,,?,?
,?,,?,, Married-civ-spouse,?,?,?,?,,,,?,?
, Private,, HS-grad,,?, Craft-repair,?, White,?,,,40.425713,?,?
38.579506,?,,?,10.067414,?,?,?,?,?,1082.9701,,,?,?
, Private,,?,,?,?, Husband,?, Male,,,,?,?
,?,189484.39,?,, Married-civ-spouse,?, Husband,?, Male,,,,?,?
, Private,,?,,?,?,?,?,?,,87.670456,40.425713,?,?
,?,189484.39, HS-grad,10.067414,?,?,?,?,?,,,, United-States,?
, Private,189484.39, HS-grad,,?, Craft-repair,?,?,?,,87.670456,,?,?
, Private,189484.39,?,,?,?, Husband,?,?,1082.9701,,40.425713,?,?
38.579506,?,,?,10.067414, Married-civ-spouse,?, Husband,?,?,,,, United-States,?
,?,,?,,?,?, Husband, White,?,,,,?,?
,?,,?,10.067414,?,?,?,?,?,,87.670456,,?,?
,?,189484.39, HS-grad,,?,?,?,?, Male,,,,?,?
,?,,?,, Married-civ-spouse,?,?,?,?,,,40.425713,?,?
, Private,, HS-grad,, Married-civ-spouse,?,?,?,?,,,,?,?
,?,,?,,?, Craft-repair,?,?,?,1082.9701,87.670456,,?,?
38.579506,?,,?,, Married-civ-spouse,?, Husband,?,?,,87.670456,,?,?
38.579506, Private,,?,10.067414,?, Craft-repair, Husband,?,?,,87.670456,40.425713,?,?
,?,, HS-grad,10.067414,?,?, Husband,?,?,1082.9701,,,?,?
38.579506,?,,?,,?,?,?,?,?,,,40.425713,?,?
38.579506,?,,?,, Married-civ-spouse,?,?,?,?,1082.9701,,, United-States, <=50K
,?,189484.39,?,10.067414,?,?,?,?,?,,,,?,?
,?,,?,,?,?, Husband,?, Male,,,, United-States,?
,?,,?,,?,?,?,?,?,,,,?,?
38.579506, Private,,?,,?,?, Husband,?,?,,,,?,?
,?,, HS-grad,, Married-civ-spouse,?, Husband,?,?,,87.670456,40.425713,?,?
,?,,?,10.067414,?,?, Husband,?,?,1082.9701,,,?, <=50K
38.579506,?,,?,,?,?, Husband,?,?,,,,?, <=50K
38.579506,?,,?,,?,?, Husband,?,?,,,40.425713,?,?
,?,,?,,?,?,?,?,?,1082.9701,87.670456,40.425713,?,?
, Private,,?,,?, Craft-repair, Husband, White,?,1082.9701,,, United-States,?
38.579506,?,,?,,?,?,?,?, Male,,,40.425713,?, <=50K
38.579506,?,,?,,?,?,?,?,?,,,, United-States,?
,?,,?,,?,?,?,?,?,,,, United-States,?
, Private,,?,10.067414,?,?, Husband,?,?,,,,?,?
,?,,?,,?,?,?,?,?,,,,?,?
38.579506,?,,?,10.067414,?,?,?, White, Male,,,, United-States, <=50K
, Private,,?,,?,?,?, White,?,,87.670456,,?, <=50K
,?,,?,10.067414,?,?,?,?,?,,,,?,?
,?,,?,,?,?,?,?,?,1082.9701,87.670456,40.425713,?,?
, Private,189484.39,?,,?, Craft-repair,?,?,?,,,,?, <=50K
,?,,?,,?,?,?, White,?,,,,?,?
,?,, HS-grad,,?,?,?,?, Male,1082.9701,,,?, <=50K
, Private,,?,,?,?, Husband,?,?,,,,?,?
,?,189484.39,?,,?,?,?,?,?,,87.670456,,?,?
, Private,,?,10.067414, Married-civ-spouse,?,?,?,?,,,40.425713,?,?
,?,,?,,?, Craft-repair,?, White,?,,87.670456,, United-States,?
, Private,,?,,?,?, Husband,?,?,1082.9701,,,?,?
,?,,?,,?,?,?,?,?,,,,?,?
,?,,?,10.067414, Married-civ-spouse,?,?, White,?,,,,?,?
38.579506,?,,?,,?,?, Husband,?,?,,,,?,?
,?,,?,,?, Craft-repair,?,?,?,,,,?,?
38.579506,?,,?,, Married-civ-spouse,?,?, White,?,,,, United-States,?
,?,, HS-grad,,?,?,?,?,?,1082.9701,,40.425713, United-States, <=50K
38.579506,?,, HS-grad,, Married-civ-spouse, Craft-repair,?,?, Male,,,,?, <=50K
,?,189484.39,?,,?,?,?,?,?,,,, United-States,?
,?,,?,10.067414,?,?,?, White,?,,,, United-States,?
,?,, HS-grad,,?,?,?,?,?,,,,?, <=50K
, Private,,?,,?,?,?, White,?,,,, United-States,?
, Private,,?,,?,?,?, White,?,,87.670456,,?,?
,?,189484.39,?,10.067414,?,?,?, White,?,1082.9701,,,?,?
, Private,189484.39, HS-grad,,?, Craft-repair,?,?, Male,,,,?,?
38.579506, Private,,?,,?, Craft-repair,?,?,?,,87.670456,,?,?
,?,, HS-grad,,?,?, Husband, White,?,,,,?, <=50K
,?,,?,10.067414,?,?,?,?,?,,87.670456,,?,?
,?,,?,10.067414, Married-civ-spouse,?,?, White,?,,,,?,?
38.579506, Private,, HS-grad,10.067414, Married-civ-spouse,?,?, White, Male,,,,?, <=50K
,?,,?,,?,?,?,?,?,,,,?,?
38.579506,?,,?,,?, Craft-repair,?,?,?,1082.9701,,,?,?
38.579506, Private,189484.39,?,,?,?,?,?, Male,,,,?,?
,?,,?,,?,?,?,?,?,,,,?, <=50K
,?,,?,,?,?,?, White, Male,,,40.425713,?,?
38.579506,?,,?,, Married-civ-spouse, Craft-repair,?,?, Male,,,,?,?
,?,189484.39,?,10.067414,?, Craft-repair,?,?,?,,,,?,?
,?,,?,,?,?,?,?,?,,,,?,?
, Private,189484.39, HS-grad,,?,?, Husband, White,?,,,40.425713,?,?
, Private,,?,, Married-civ-spouse, Craft-repair,?, White,?,,,, United-States,?
,?,189484.39,?,,?,?, Husband,?,?,,,,?,?
,?,,?,10.067414,?,?,?,?,?,,87.670456,,?,?
,?,189484.39,?,,?,?,?,?,?,,,,?,?
,?,,?,,?,?,?,?,?,1082.9701,,, United-States,?
,?,,?,, Married-civ-spouse, Craft-repair,?, White,?,,,,?, <=50K
,?,,?,, Married-civ-spouse, Craft-repair,?,?,?,1082.9701,87.670456,40.425713, United-States,?
,?,189484.39,?,10.067414,?,?,?,?,?,,87.670456,,?, <=50K
,?,,?,10.067414,?,?,?,?,?,,,,?,?
,?,,?,,?, Craft-repair,?, White,?,,,, United-States,?
,?,, HS-grad,,?, Craft-repair,?,?,?,,,40.425713,?,?
,?,,?,10.067414,?,?,?,?, Male,1082.9701,,,?,?
,?,189484.39,?,, Married-civ-spouse, Craft-repair,?,?,?,,,,?,?
,?,,?,,?,?,?,?,?,,,40.425713,?,?
,?,, HS-grad,,?,?,?,?,?,,,, United-States,?
,?,,?,,?,?,?,?,?,,,40.425713,?,?
,?,,?,,?,?, Husband,?,?,1082.9701,,, United-States,?
, Private,, HS-grad,,?,?,?,?,?,,,,?,?
,?,,?,, Married-civ-spouse,?,?, White,?,1082.9701,,40.425713,?, <=50K
,?,,?,,?, Craft-repair,?, White,?,,,,?,?
,?,189484.39,?,,?,?, Husband,?,?,1082.9701,,,?,?
38.579506,?,,?,,?,?,?,?,?,,,, United-States,?
,?,,?,,?,?,?,?,?,,,, United-States, <=50K
,?,,?,,?, Craft-repair,?,?, Male,1082.9701,,40.425713,?,?
,?,,?,,?,?, Husband,?,?,1082.9701,,,?,?
, Private,189484.39,?,,?,?,?,?,?,,,,?,?
,?,,?,10.067414,?, Craft-repair,?,?,?,,87.670456,, United-States,?
,?,189484.39,?,, Married-civ-spouse,?,?,?,?,,,,?, <=50K
38.579506,?,,?,,?,?,?,?,?,,,,?,?
, Private,,?,,?,?,?,?,?,,,40.425713,?,?
, Private,,?,,?,?,?, White,?,,87.670456,,?, <=50K
, Private,,?,,?,?,?,?,?,1082.9701,87.670456,,?,?
, Private,,?,10.067414,?,?,?,?, Male,,,40.425713,?,?
38.579506, Private,,?,10.067414,?, Craft-repair,?,?,?,,,40.425713, United-States,?
,?,, HS-grad,,?,?, Husband,?, Male,,,,?,?
,?,,?,,?,?, Husband, White,?,,87.670456,,?,?
,?,,?,,?,?, Husband,?, Male,,,,?,?
, Private,,?,,?,?,?,?,?,1082.9701,,,?,?
,?,,?,,?, Craft-repair,?, White,?,1082.9701,,,?,?
,?,,?,, Married-civ-spouse,?,?,?,?,1082.9701,,,?, <=50K
,?,, HS-grad,10.067414, Married-civ-spouse,?,?,?,?,,,,?,?
38.579506,?,,?,,?,?,?, White,?,,87.670456,,?,?
,?,,?,,?,?,?,?,?,,,,?,?
,?,,?,,?,?, Husband,?,?,,,,?,?
38.579506,?,189484.39,?,,?,?, Husband,?,?,,,40.425713,?,?
, Private,,?,10.067414,?,?,?,?,?,,,,?,?
,?,,?,,?,?,?,?,?,,,, United-States,?
,?,,?,,?,?,?, White, Male,,,,?,?
,?,, HS-grad,,?,?,?, White,?,,,,?,?
,?,,?,,?,?,?, White,?,,87.670456,,?,?
,?,189484.39,?,,?,?, Husband,?,?,,,,?, <=50K
,?,,?,,?,?,?,?,?,,87.670456,,?,?
38.579506,?,,?,10.067414,?,?, Husband,?,?,,,,?, <=50K
, Private,,?,,?, Craft-repair,?,?, Male,,,, United-States,?
38.579506,?,,?,,?,?,?,?, Male,,,,?,?
38.579506,?,,?,,?, Craft-repair,?,?, Male,,,, United-States,?
38.579506,?,,?,,?, Craft-repair, Husband,?, Male,,,,?,?
, Private,, HS-grad,, Married-civ-spouse,?,?, White,?,,,,?,?
,?,, HS-grad,,?,?,?,?,?,,,, United-States,?
, Private,,?,10.067414,?, Craft-repair, Husband, White,?,,,,?,?
,?,, HS-grad,,?,?, Husband,?,?,,,,?,?
,?,, HS-grad,, Married-civ-spouse,?,?,?,?,,,,?,?
,?,,?,, Married-civ-spouse,?,?,?,?,,,,?,?
,?,,?,,?,?,?,?,?,,87.670456,,?,?
,?,,?,, Married-civ-spouse,?,?,?,?,,,,?,?
, Private,, HS-grad,,?,?,?,?,?,,,,?,?
38.579506,?,,?,, Married-civ-spouse,?,?, White,?,1082.9701,,,?,?
,?,189484.39,?,10.067414,?,?,?,?,?,,,,?,?
,?,189484.39,?,,?, Craft-repair, Husband,?,?,,,,?,?
,?,, HS-grad,10.067414,?,?,?, White,?,,,,?, <=50K
,?,,?,10.067414,?,?,?,?,?,,,,?,?
,?,189484.39, HS-grad,,?, Craft-repair,?,?,?,,,,?,?
,?,, HS-grad,, Married-civ-spouse,?,?,?,?,1082.9701,,,?,?
,?,,?,,?,?,?,?,?,,,,?,?
38.579506,?,,?,,?,?,?,?,?,,,,?,?
,?,,?,,?,?,?,?,?,1082.9701,,40.425713, United-States,?
,?,,?,, Married-civ-spouse,?,?,?,?,,,,?,?
,?,, HS-grad,,?,?,?,?,?,1082.9701,,,?,?
,?,,?,10.067414,?,?,?,?, Male,1082.9701,,,?,?
,?,,?,, Married-civ-spouse, Craft-repair,?, White,?,,87.670456,, United-States,?
,?,,?,10.067414,?, Craft-repair,?,?, Male,,87.670456,,?,?
,?,189484.39,?,,?, Craft-repair, Husband,?,?,,87.670456,40.425713,?, <=50K
,?,189484.39, HS-grad,10.067414, Married-civ-spouse, Craft-repair,?,?,?,,87.670456,, United-States,?
,?,189484.39, HS-grad,,?, Craft-repair,?,?,?,,,,?,?
38.579506, Private,,?,,?,?,?, White,?,,,,?,?
,?,, HS-grad,,?,?,?,?,?,,,,?, <=50K
,?,,?,,?,?, Husband,?,?,,,,?,?
,?,, HS-grad,10.067414,?,?,?, White,?,1082.9701,,,?,?
,?,,?,10.067414,?, Craft-repair, Husband,?,?,,,40.425713,?, <=50K
,?,,?,,?,?,?, White,?,1082.9701,,,?,?
,?,,?,, Married-civ-spouse, Craft-repair,?, White,?,,,,?,?
,?,189484.39,?,,?,?,?, White,?,,,,?, <=50K
,?,, HS-grad,,?,?,?,?,?,,,,?, <=50K
, Private,,?,,?,?,?,?,?,,,,?,?
,?,,?,,?,?,?,?,?,,,,?,?
,?,,?,,?,?,?,?,?,,,40.425713, United-States, <=50K
38.579506, Private,189484.39,?,10.067414,?, Craft-repair,?,?,?,,,,?,?
, Private,189484.39,?,,?, Craft-repair,?, White, Male,,,,?,?
38.579506,?,,?,,?,?,?,?, Male,,87.670456,,?,?
,?,189484.39, HS-grad,, Married-civ-spouse,?,?,?,?,,,,?,?
,?,,?,,?, Craft-repair,?,?,?,,,,?,?
,?,,?,,?,?,?,?,?,,,, United-States,?
,?,,?,,?,?,?, White,?,,,,?, <=50K
,?,,?,,?,?,?,?,?,1082.9701,87.670456,,?,?
38.579506,?,,?,, Married-civ-spouse, Craft-repair,?,?,?,,,, United-States,?
, Private,,?,10.067414,?,?,?,?,?,,87.670456,,?,?
, Private,, HS-grad,,?, Craft-repair,?,?, Male,,,, United-States,?
,?,,?,,?,?,?,?,?,,,,?,?
, Private,189484.39,?,, Married-civ-spouse,?,?,?,?,1082.9701,87.670456,,?,?
,?,,?,,?,?,?,?,?,,87.670456,,?,?
,?,,?,, Married-civ-spouse,?,?,?,?,,87.670456,,?,?
38.579506,?,,?,,?,?,?, White,?,,,,?,?
38.579506,?,189484.39,?,,?,?,?,?,?,,,,?,?
,?,,?,,?,?,?,?,?,1082.9701,,,?,?
,?,,?,,?,?, Husband,?,?,,87.670456,40.425713,?, <=50K
,?,,?,,?, Craft-repair,?, White,?,,,40.425713,?,?
, Private,,?,10.067414,?, Craft-repair,?,?, Male,,,,?,?
38.579506,?,, HS-grad,,?,?, Husband,?,?,,87.670456,,?,?
,?,189484.39,?,,?,?,?,?,?,,,, United-States,?
38.579506,?,189484.39,?,, Married-civ-spouse, Craft-repair,?,?,?,,,,?,?
, Private,,?,,?,?, Husband, White,?,1082.9701,,40.425713,?,?
38.579506, Private,, HS-grad,, Married-civ-spouse,?,?,?,?,,,40.425713, United-States,?
, Private,189484.39,?,10.067414,?,?,?,?,?,,,40.425713,?,?
38.579506,?,189484.39,?,10.067414,?, Craft-repair,?, White,?,1082.9701,,,?,?
,?,,?,10.067414,?,?,?,?,?,,87.670456,,?,?
,?,,?,,?,?,?,?,?,,,,?,?
,?,,?,,?, Craft-repair,?,?,?,,,40.425713,?,?
38.579506,?,,?,10.067414,?,?, Husband,?, Male,1082.9701,,,?,?
38.579506,?,,?,,?,?,?,?,?,,,,?,?
,?,, HS-grad,,?, Craft-repair,?, White, Male,,,,?,?
, Private,,?,,?,?,?,?, Male,,87.670456,,?,?
,?,,?,,?, Craft-repair,?,?,?,,,,?, <=50K
,?,,?,,?,?, Husband,?,?,,,,?,?
,?,,?,, Married-civ-spouse, Craft-repair,?,?,?,,,,?,?
,?,189484.39, HS-grad,,?,?,?,?,?,,87.670456,,?,?
,?,189484.39,?,,?,?,?,?,?,,,,?, <=50K
38.579506,?,,?,,?,?,?,?, Male,,,,?,?
38.579506,?,,?,10.067414,?, Craft-repair, Husband,?,?,,,40.425713,?,?
,?,,?,,?,?,?,?,?,,87.670456,,?,?
,?,189484.39, HS-grad,,?,?, Husband,?,?,,,,?,?
, Private,189484.39,?,,?,?, Husband,?,?,,,,?,?
38.579506, Private,, HS-grad,10.067414,?,?,?,?,?,,,,?,?
,?,,?,,?,?,?,?,?,,,,?,?
,?,189484.39,?,,?,?, Husband,?,?,,,40.425713,?,?
,?,189484.39,?,,?,?, Husband,?,?,,,,?,?
,?,,?,10.067414, Married-civ-spouse, Craft-repair,?,?,?,,,40.425713,?,?
,?,,?,, Married-civ-spouse,?, Husband,?, Male,,87.670456,,?, <=50K
,?,189484.39,?,,?, Craft-repair,?, White, Male,1082.9701,87.670456,,?,?
,?,,?,,?,?, Husband, White,?,,,,?,?
,?,,?,,?,?,?,?,?,,,,?,?
,?,,?,,?,?,?,?,?,,,,?,?
,?,,?,,?,?, Husband,?, Male,1082.9701,,,?,?
, Private,,?,, Married-civ-spouse,?,?,?,?,,,,?, <=50K
,?,,?,,?,?,?,?,?,,,,?, <=50K
,?,,?,,?,?,?,?, Male,,,40.425713,?,?
,?,,?,, Married-civ-spouse,?,?,?,?,1082.9701,,,?,?
,?,,?,, Married-civ-spouse, Craft-repair,?,?, Male,,87.670456,,?,?
, Private,189484.39,?,,?,?,?, White,?,,,,?,?
,?,,?,, Married-civ-spouse,?,?,?,?,,,40.425713,?, <=50K
38.579506,?,,?,,?,?,?,?,?,,,, United-States,?
38.579506, Private,,?,,?,?,?,?,?,1082.9701,,40.425713,?,?
,?,,?,,?,?,?, White, Male,,,, United-States,?
38.579506,?,,?,, Married-civ-spouse, Craft-repair,?,?,?,,,, United-States,?
,?,, HS-grad,, Married-civ-spouse, Craft-repair,?,?,?,,,40.425713,?,?
,?,,?,10.067414,?,?,?,?,?,,87.670456,, United-States,?
,?,,?,,?,?,?,?,?,,87.670456,,?,?
,?,,?,10.067414, Married-civ-spouse, Craft-repair,?,?, Male,1082.9701,87.670456,40.425713,?,?
,?,189484.39,?,10.067414,?,?,?,?,?,,,, United-States,?
,?,189484.39, HS-grad,,?, Craft-repair,?,?,?,,,, United-States,?
, Private,,?,, Married-civ-spouse,?,?,?,?,1082.9701,87.670456,,?,?
, Private,,?,,?,?,?,?,?,,,, United-States,?
,?,189484.39,?,10.067414,?,?,?,?, Male,,,,?, <=50K
38.579506,?,,?,,?,?, Husband,?, Male,,,,?,?
,?,,?,,?,?,?,?, Male,,,40.425713,?,?
, Private,, HS-grad,,?,?, Husband,?,?,1082.9701,,,?,?
, Private,,?,,?, Craft-repair,?,?, Male,,87.670456,,?, <=50K
38.579506,?,, HS-grad,,?, Craft-repair,?, White,?,,,,?, <=50K
,?,,?,10.067414, Married-civ-spouse,?,?,?,?,,,,?, <=50K
,?,189484.39,?,, Married-civ-spouse,?,?,?,?,,,,?,?
, Private,,?,,?,?,?,?,?,1082.9701,,, United-States,?
38.579506,?,,?,,?,?,?,?, Male,1082.9701,87.670456,,?, <=50K
38.579506,?,,?,,?, Craft-repair,?, White,?,,,,?, <=50K
,?,189484.39,?,,?,?,?, White, Male,,,,?, <=50K
,?,189484.39,?,10.067414,?,?,?,?,?,,87.670456,, United-States,?
,?,,?,,?,?,?,?,?,,,40.425713,?,?
,?,,?,,?,?,?,?,?,1082.9701,,,?,?
,?,,?,,?,?,?, White,?,,87.670456,,?,?
,?,,?,,?, Craft-repair,?,?,?,,,40.425713,?,?
, Private,, HS-grad,, Married-civ-spouse,?, Husband, White,?,1082.9701,,,?,?
,?,,?,, Married-civ-spouse,?,?,?, Male,,,,?,?
,?,189484.39,?,,?,?,?,?,?,,,, United-States,?
,?,, HS-grad,10.067414,?,?,?,?,?,1082.9701,,,?,?
,?,,?,10.067414,?,?, Husband,?,?,,,, United-States, <=50K
, Private,,?,,?,?,?,?,?,,,,?,?
38.579506,?,,?,,?,?,?,?,?,1082.9701,,40.425713,?, <=50K
38.579506,?,189484.39,?,,?, Craft-repair,?, White,?,,,,?,?
38.579506,?,, HS-grad,,?,?, Husband, White,?,,,,?,?
,?,,?,,?,?,?,?,?,,,,?,?
,?,189484.39,?,10.067414,?,?,?,?,?,,,,?,?
, Private,,?,,?,?,?, White,?,,,,?, <=50K
,?,189484.39,?,,?,?,?,?, Male,,,,?,?
38.579506,?,, HS-grad,,?,?,?,?,?,,87.670456,,?, <=50K
,?,,?,,?,?,?,?, Male,,,,?,?
38.579506, Private,,?,10.067414,?,?,?,?,?,,,40.425713,?,?
,?,,?,,?,?, Husband,?,?,,87.670456,,?, <=50K
,?,, HS-grad,,?, Craft-repair,?,?,?,,,,?,?
, Private,,?,,?,?,?, White,?,,,, United-States,?
38.579506, Private,, HS-grad,, Married-civ-spouse,?,?, White,?,,,,?,?
,?,,?,, Married-civ-spouse,?,?,?,?,,,,?, <=50K
,?,,?,,?, Craft-repair,?, White,?,,,, United-States,?
, Private,,?,10.067414,?,?,?,?, Male,,,40.425713,?, <=50K
38.579506, Private,189484.39,?,,?,?,?,?,?,,,,?,?
,?,189484.39,?,,?,?,?,?, Male,,87.670456,, United-States,?
38.579506,?,,?,,?,?,?,?,?,,,,?, <=50K
, Private,,?,, Married-civ-spouse,?,?, White,?,,,,?,?
, Private,,?,,?, Craft-repair,?,?, Male,1082.9701,,40.425713,?,?
,?,189484.39,?,,?,?,?,?,?,,87.670456,,?,?
,?,,?,,?, Craft-repair,?,?,?,,,40.425713,?,?
,?,,?,,?,?, Husband,?,?,,,,?,?
,?,189484.39, HS-grad,,?,?,?,?,?,,,,?, <=50K
,?,, HS-grad,,?,?, Husband,?,?,,,40.425713,?,?
,?,,?,,?,?,?,?,?,,,40.425713,?, <=50K
,?,189484.39,?,,?,?, Husband, White,?,,,,?, <=50K
,?,,?,, Married-civ-spouse,?,?,?, Male,,,, United-States,?
,?,,?,,?,?,?,?,?,1082.9701,,, United-States, <=50K
38.579506,?,,?,,?,?,?, White,?,,,,?, <=50K
38.579506, Private,189484.39,?,,?,?,?, White,?,1082.9701,,, United-States,?
,?,,?,10.067414,?, Craft-repair,?, White,?,,,,?, <=50K
,?,, HS-grad,,?,?,?,?,?,,,, United-States,?
,?,189484.39, HS-grad,,?,?, Husband,?,?,,,,?,?
,?,189484.39,?,,?,?,?,?,?,,87.670456,40.425713,?,?
,?,,?,10.067414,?, Craft-repair, Husband,?,?,,,,?, <=50K
, Private,,?,,?, Craft-repair,?,?,?,,,40.425713,?,?
38.579506,?,, HS-grad,,?,?,?,?,?,1082.9701,,,?,?
,?,,?,, Married-civ-spouse,?,?, White,?,,,,?,?
,?,189484.39, HS-grad,, Married-civ-spouse, Craft-repair,?,?,?,,,40.425713,?,?
, Private,189484.39,?,, Married-civ-spouse,?,?,?,?,,,,?, <=50K
,?,,?,,?,?,?,?,?,,,, United-States,?
,?,, HS-grad,,?,?, Husband,?,?,,,, United-States, <=50K
,?,189484.39,?,,?, Craft-repair,?,?,?,,87.670456,40.425713,?,?
38.579506,?,,?,, Married-civ-spouse, Craft-repair,?, White,?,,87.670456,,?,?
,?,,?,,?, Craft-repair,?,?,?,,,,?,?
,?,,?,,?,?,?,?,?,1082.9701,87.670456,,?, <=50K
,?,189484.39,?,, Married-civ-spouse, Craft-repair, Husband,?,?,,,, United-States,?
,?,,?,,?,?, Husband,?,?,,,, United-States,?
38.579506,?,, HS-grad,, Married-civ-spouse,?,?,?,?,,,40.425713,?,?
,?,,?,,?, Craft-repair,?,?, Male,,,,?,?
,?,,?,,?,?, Husband,?, Male,,87.670456,,?,?
,?,,?,, Married-civ-spouse,?,?,?,?,,87.670456,,?,?
,?,189484.39,?,,?,?,?,?,?,,,40.425713, United-States, <=50K
,?,,?,10.067414,?, Craft-repair, Husband,?, Male,,,,?,?
,?,,?,,?,?,?, White,?,1082.9701,,,?,?
38.579506,?,,?,,?, Craft-repair,?,?,?,,,,?,?
,?,,?,10.067414,?,?,?,?,?,,,, United-States,?
,?,189484.39, HS-grad,,?,?,?,?,?,1082.9701,,, United-States,?
,?,,?,,?,?, Husband,?, Male,,,,?,?
,?,,?,,?,?, Husband,?,?,,87.670456,,?,?
,?,,?,10.067414,?,?, Husband,?,?,,,,?, <=50K
38.579506, Private,,?,, Married-civ-spouse,?,?, White,?,,,, United-States,?
, Private,,?,,?, Craft-repair, Husband,?,?,,,,?,?
,?,,?,, Married-civ-spouse,?,?,?,?,,87.670456,40.425713,?,?
,?,,?,10.067414,?,?,?, White,?,,,,?,?
,?,189484.39,?,10.067414,?,?,?,?,?,1082.9701,87.670456,,?,?
38.579506,?,, HS-grad,, Married-civ-spouse,?,?, White,?,1082.9701,,,?,?
,?,,?,,?, Craft-repair,?,?,?,,87.670456,,?,?
, Private,, HS-grad,,?,?,?,?,?,,,40.425713, United-States,?
38.579506,?,,?,,?, Craft-repair,?,?,?,,87.670456,40.425713,?,?
,?,,?,, Married-civ-spouse,?,?,?, Male,,,,?,?
,?,,?,, Married-civ-spouse,?,?, White,?,,,,?,?
,?,,?,,?,?,?,?, Male,1082.9701,,40.425713,?, <=50K
,?,,?,,?,?,?,?,?,,,,?, <=50K
,?,,?,10.067414,?, Craft-repair,?,?,?,,,,?, <=50K
,?,,?,10.067414, Married-civ-spouse,?,?,?,?,,,,?, <=50K
,?,189484.39, HS-grad,,?, Craft-repair, Husband,?,?,,,40.425713,?,?
,?,189484.39,?,,?, Craft-repair,?, White,?,,,,?,?
,?,, HS-grad,,?, Craft-repair,?,?, Male,,,,?,?
,?,189484.39,?,, Married-civ-spouse,?,?,?, Male,,,,?,?
38.579506,?,,?,10.067414,?,?,?, White,?,1082.9701,87.670456,40.425713,?,?
38.579506, Private,,?,,?,?,?,?,?,,,, United-States,?
38.579506,?,,?,,?,?,?, White,?,1082.9701,,,?, <=50K
,?,, HS-grad,,?,?,?,?,?,,,,?, <=50K
,?,189484.39,?,,?,?, Husband,?,?,,,,?,?
38.579506,?,189484.39, HS-grad,10.067414,?, Craft-repair,?,?,?,1082.9701,,,?,?
,?,,?,,?,?,?,?,?,,87.670456,40.425713,?,?
,?,189484.39, HS-grad,,?,?,?,?,?,,,40.425713,?,?
38.579506,?,,?,, Married-civ-spouse,?,?, White, Male,,,,?,?
38.579506,?,,?,,?,?,?,?,?,,,,?,?
38.579506,?,,?,,?,?,?,?,?,,87.670456,,?,?
,?,, HS-grad,,?,?,?,?,?,1082.9701,,, United-States,?
,?,,?,, Married-civ-spouse, Craft-repair, Husband,?,?,1082.9701,,, United-States,?
38.579506,?,,?,, Married-civ-spouse,?,?,?,?,,,40.425713,?,?
,?,,?,, Married-civ-spouse,?,?,?,?,,87.670456,,?, <=50K
,?,189484.39,?,10.067414,?,?,?,?, Male,,,40.425713,?, <=50K
,?,,?,,?,?,?, White,?,,,,?,?
,?,189484.39, HS-grad,,?,?,?,?,?,,,,?, <=50K
38.579506, Private,, HS-grad,,?,?, Husband,?,?,1082.9701,,40.425713, United-States,?
,?,,?,10.067414,?, Craft-repair,?,?,?,,,,?, <=50K
38.579506,?,,?,10.067414, Married-civ-spouse,?,?, White, Male,,,40.425713,?, <=50K
, Private,,?,,?,?,?, White,?,,,40.425713, United-States,?
, Private,,?,,?,?,?,?,?,,87.670456,,?, <=50K
,?,, HS-grad,,?, Craft-repair,?,?,?,,87.670456,,?,?
38.579506,?,,?,, Married-civ-spouse,?,?,?,?,,,,?,?
,?,,?,,?,?,?,?,?,,,,?,?
,?,,?,,?,?,?,?,?,1082.9701,,,?,?
,?,,?,,?,?, Husband,?,?,,,40.425713,?,?
,?,,?,10.067414,?,?,?,?,?,1082.9701,,,?,?
, Private,,?,,?,?,?,?,?,1082.9701,,40.425713,?,?
38.579506,?,,?,,?,?,?,?,?,,,,?,?
,?,,?,, Married-civ-spouse, Craft-repair,?,?,?,,,, United-States,?
,?,,?,,?,?,?,?,?,,,, United-States, <=50K
38.579506,?,,?,,?,?,?,?,?,,87.670456,,?,?
,?,, HS-grad,,?,?,?,?, Male,1082.9701,87.670456,, United-States,?
, Private,,?,,?, Craft-repair,?, White,?,,,,?,?
,?,,?,, Married-civ-spouse, Craft-repair,?,?,?,,,, United-States, <=50K
,?,,?,,?,?, Husband, White,?,1082.9701,,,?,?
,?,, HS-grad,,?,?,?,?, Male,,,,?,?
38.579506, Private,189484.39,?,,?,?, Husband, White,?,,87.670456,,?,?
,?,,?,,?, Craft-repair,?,?,?,,87.670456,,?,?
, Private,,?,,?,?,?,?,?,,,,?,?
38.579506,?,,?,10.067414,?,?, Husband,?, Male,,,,?,?
,?,,?,,?,?,?,?, Male,,,,?,?
,?,,?,, Married-civ-spouse,?,?, White,?,,,,?,?
,?,,?,, Married-civ-spouse,?, Husband, White,?,,,,?,?
38.579506,?,,?,,?, Craft-repair,?,?, Male,,87.670456,40.425713,?,?
,?,,?,,?,?,?,?,?,1082.9701,,40.425713, United-States,?
38.579506,?,189484.39, HS-grad,,?,?,?,?,?,,,,?,?
38.579506,?,,?,,?,?,?,?, Male,,87.670456,,?,?
,?,,?,, Married-civ-spouse, Craft-repair, Husband, White,?,1082.9701,87.670456,40.425713,?,?
,?,,?,10.067414,?,?,?,?, Male,,87.670456,, United-States,?
, Private,, HS-grad,, Married-civ-spouse, Craft-repair,?,?,?,,,, United-States,?
,?,,?,10.067414,?,?,?,?,?,1082.9701,,,?, <=50K
,?,,?,10.067414,?, Craft-repair, Husband, White,?,,,, United-States,?
38.579506,?,,?,,?,?,?,?, Male,,87.670456,, United-States, <=50K
, Private,,?,,?,?,?,?,?,,,,?, <=50K
,?,,?,,?,?,?, White,?,,87.670456,,?,?
38.579506,?,,?,, Married-civ-spouse,?,?, White,?,,,, United-States,?
,?,, HS-grad,, Married-civ-spouse,?,?,?,?,,,,?, <=50K
38.579506,?,,?,,?, Craft-repair,?, White,?,,,,?,?
38.579506, Private,, HS-grad,, Married-civ-spouse,?, Husband,?,?,,,,?,?
,?,,?,,?, Craft-repair, Husband,?,?,1082.9701,,,?,?
,?,,?,,?,?, Husband,?,?,,,,?,?
,?,,?,10.067414,?,?,?,?,?,,,,?,?
, Private,, HS-grad,,?,?,?,?,?,,,,?,?
,?,,?,10.067414,?,?,?, White, Male,,,, United-States,?
38.579506, Private,,?,10.067414,?,?,?, White,?,,,,?,?
,?,, HS-grad,, Married-civ-spouse,?,?,?,?,,,,?,?
,?,189484.39, HS-grad,,?,?,?,?,?,,,40.425713, United-States,?
, Private,,?,,?, Craft-repair,?,?,?,,87.670456,,?,?
,?,,?,,?,?, Husband,?,?,,,,?,?
,?,,?,,?,?,?,?,?,,,,?,?
,?,, HS-grad,,?,?, Husband, White, Male,,,,?,?
,?,,?,, Married-civ-spouse,?,?, White,?,,,,?,?
,?,, HS-grad,,?,?,?, White,?,,87.670456,40.425713,?,?
,?,,?,, Married-civ-spouse,?,?,?,?,,,,?,?
,?,, HS-grad,, Married-civ-spouse,?, Husband,?, Male,,,40.425713,?,?
,?,,?,10.067414,?,?,?,?,?,1082.9701,,, United-States,?
,?,,?,,?,?,?,?,?,1082.9701,,,?,?
,?,,?,,?,?,?,?,?,1082.9701,,40.425713,?,?
,?,,?,, Married-civ-spouse,?,?, White,?,1082.9701,,, United-States,?
38.579506,?,, HS-grad,,?,?,?,?,?,1082.9701,,,?,?
, Private,,?,,?, Craft-repair,?,?, Male,,,,?,?
, Private,,?,10.067414, Married-civ-spouse,?, Husband, White,?,1082.9701,,,?, <=50K
,?,, HS-grad,, Married-civ-spouse, Craft-repair, Husband,?,?,,,, United-States,?
, Private,,?,,?,?,?,?, Male,1082.9701,,40.425713,?,?
,?,,?,,?, Craft-repair,?,?,?,,,40.425713,?,?
,?,,?,,?, Craft-repair,?,?,?,,,40.425713,?,?
, Private,, HS-grad,10.067414,?, Craft-repair,?,?, Male,,,, United-States,?
,?,189484.39,?,, Married-civ-spouse, Craft-repair,?,?,?,,,,?, <=50K
, Private,189484.39,?,,?,?,?,?,?,,,, United-States,?
,?,189484.39,?,,?,?,?, White,?,,,,?,?
,?,,?,,?, Craft-repair,?, White,?,,,,?, <=50K
,?,189484.39,?,,?,?, Husband, White, Male,,,,?,?
,?,,?,, Married-civ-spouse,?,?,?, Male,,,,?,?
38.579506, Private,189484.39,?,, Married-civ-spouse,?,?,?,?,,,, United-States,?
,?,,?,,?,?,?,?,?,,,,?, <=50K
,?,189484.39,?,,?,?, Husband, White,?,,87.670456,, United-States, <=50K
,?,,?,10.067414,?,?,?,?,?,,,, United-States, <=50K
, Private,, HS-grad,10.067414,?,?,?,?,?,,,,?,?
,?,,?,,?,?,?, White,?,,,,?,?
, Private,189484.39,?,,?,?,?,?,?,,,40.425713,?,?
,?,,?,, Married-civ-spouse,?,?,?,?,,,,?,?
, Private,189484.39, HS-grad,,?,?,?,?,?,1082.9701,,,?,?
,?,,?,,?,?,?,?,?,,,,?,?
,?,,?,, Married-civ-spouse,?,?,?,?,,,,?,?
,?,,?,, Married-civ-spouse, Craft-repair,?,?,?,1082.9701,,,?,?
38.579506, Private,189484.39,?,,?,?,?,?, Male,,,,?,?
,?,,?,,?,?, Husband,?,?,1082.9701,,,?, <=50K
,?,, HS-grad,,?,?, Husband,?,?,,,,?,?
,?,189484.39,?,10.067414,?, Craft-repair,?,?,?,,,,?, <=50K
, Private,,?,,?,?,?,?, Male,1082.9701,,40.425713,?,?
,?,,?,10.067414,?,?,?,?,?,,,,?,?
,?,,?,, Married-civ-spouse,?,?,?,?,,87.670456,,?,?
,?,189484.39,?,10.067414,?,?,?,?,?,,,,?,?
,?,189484.39,?,, Married-civ-spouse,?,?,?,?,1082.9701,,,?,?
,?,,?,,?,?,?,?,?,,,40.425713, United-States,?
,?,,?,,?,?,?,?,?,,,40.425713,?,?
,?,,?,,?,?, Husband, White,?,,87.670456,,?,?
,?,189484.39,?,, Married-civ-spouse,?,?,?,?,,,,?,?
,?,, HS-grad,,?,?,?,?,?,1082.9701,,,?, <=50K
38.579506,?,,?,,?, Craft-repair,?,?,?,1082.9701,87.670456,,?,?
,?,, HS-grad,,?,?,?,?,?,,,,?,?
,?,189484.39, HS-grad,,?,?,?,?,?,,,, United-States, <=50K
38.579506,?,,?,, Married-civ-spouse,?,?,?,?,1082.9701,,,?,?
,?,,?,10.067414,?,?,?,?,?,,87.670456,40.425713,?,?
,?,189484.39,?,,?,?,?,?, Male,,,,?,?
,?,,?,10.067414,?,?,?,?,?,,,,?,?
,?,,?,,?, Craft-repair, Husband,?, Male,,,,?,?
, Private,, HS-grad,,?,?,?,?,?,,,,?,?
,?,, HS-grad,, Married-civ-spouse,?,?,?, Male,1082.9701,87.670456,40.425713,?, <=50K
,?,,?,, Married-civ-spouse,?,?,?,?,1082.9701,,,?,?
,?,,?,,?,?,?, White,?,,87.670456,40.425713,?,?
,?,,?,,?,?,?,?,?,1082.9701,,,?,?
38.579506,?,,?,, Married-civ-spouse,?, Husband,?,?,,,,?,?
,?,, HS-grad,,?,?,?,?,?,,,, United-States,?
,?,, HS-grad,10.067414,?,?,?,?,?,,,,?,?
,?,,?,, Married-civ-spouse, Craft-repair,?, White,?,,,40.425713,?,?
,?,189484.39, HS-grad,10.067414,?,?,?,?, Male,,87.670456,,?,?
,?,189484.39, HS-grad,10.067414, Married-civ-spouse,?,?,?,?,,,,?, <=50K
38.579506,?,,?,,?,?, Husband,?,?,,,40.425713,?,?
,?,,?,, Married-civ-spouse,?,?,?,?,1082.9701,,, United-States, <=50K
,?,,?,,?,?,?,?,?,1082.9701,87.670456,,?, <=50K
38.579506, Private,,?,10.067414,?, Craft-repair, Husband, White,?,,,,?,?
, Private,,?,, Married-civ-spouse,?,?,?, Male,,,, United-States, <=50K
,?,,?,10.067414,?,?, Husband,?,?,1082.9701,,,?,?
,?,, HS-grad,,?,?, Husband, White,?,,,,?, <=50K
,?,189484.39,?,,?,?,?, White,?,,,, United-States,?
, Private,189484.39,?,,?, Craft-repair, Husband,?,?,,87.670456,,?, <=50K
,?,,?,,?,?,?,?,?,,,,?,?
, Private,,?,10.067414,?,?, Husband,?,?,,,, United-States, <=50K
,?,189484.39, HS-grad,, Married-civ-spouse,?, Husband,?,?,,87.670456,, United-States,?
,?,189484.39,?,10.067414,?,?, Husband,?,?,1082.9701,,, United-States, <=50K
38.579506, Private,,?,,?,?,?,?, Male,,,,?,?
,?,,?,,?,?,?,?,?,,,,?,?
,?,,?,,?, Craft-repair,?, White,?,1082.9701,,, United-States,?
,?,,?,,?,?,?,?, Male,,,,?,?
,?,,?,10.067414,?,?,?,?,?,,87.670456,,?,?
, Private,,?,,?,?, Husband,?,?,1082.9701,,,?,?
, Private,,?,,?,?,?,?,?,,,,?,?
, Private,,?,,?,?,?,?,?,,,,?,?
,?,189484.39, HS-grad,,?,?, Husband,?, Male,,87.670456,40.425713,?,?
,?,189484.39,?,, Married-civ-spouse, Craft-repair,?,?, Male,,,40.425713,?,?
,?,,?,, Married-civ-spouse,?, Husband,?,?,,,,?,?
,?,, HS-grad,,?,?,?,?,?,,,,?,?
, Private,,?,,?,?,?,?,?,1082.9701,,,?,?
,?,,?,,?,?,?,?,?,,,,?, <=50K
38.579506,?,,?,10.067414, Married-civ-spouse, Craft-repair, Husband,?, Male,,87.670456,40.425713,?,?
,?,, HS-grad,,?, Craft-repair,?,?,?,,,40.425713,?,?
,?,,?,10.067414,?, Craft-repair,?,?, Male,,,,?,?
, Private,,?,, Married-civ-spouse,?,?, White,?,,87.670456,40.425713,?,?
,?,,?,10.067414,?,?,?,?,?,,,,?,?
,?,,?,,?,?,?, White,?,1082.9701,,40.425713,?,?
,?,189484.39,?,10.067414,?,?, Husband,?, Male,,,,?,?
,?,,?,, Married-civ-spouse,?,?,?,?,,,,?,?
,?,189484.39,?,,?,?,?,?, Male,,,40.425713,?, <=50K
38.579506,?,,?,10.067414,?,?,?, White,?,,87.670456,, United-States, <=50K
,?,,?,,?, Craft-repair,?,?, Male,,,,?,?
38.579506,?,189484.39,?,,?,?,?,?,?,,,,?,?
,?,, HS-grad,,?,?,?,?,?,1082.9701,,,?, <=50K
,?,,?,, Married-civ-spouse,?,?,?,?,,,40.425713,?,?
,?,,?,,?, Craft-repair,?,?, Male,,,,?, <=50K
,?,189484.39,?,,?,?,?, White, Male,,,40.425713,?, <=50K
,?,, HS-grad,,?,?,?,?, Male,1082.9701,,, United-States,?
,?,,?,,?, Craft-repair,?, White,?,,,,?,?
38.579506,?,,?,, Married-civ-spouse,?,?,?,?,,,, United-States,?
,?,189484.39,?,, Married-civ-spouse,?, Husband,?,?,1082.9701,,, United-States,?
38.579506, Private,,?,10.067414,?,?,?,?,?,,87.670456,,?,?
,?,189484.39,?,,?,?,?, White, Male,1082.9701,,40.425713,?,?
38.579506,?,,?,, Married-civ-spouse,?, Husband,?,?,,,,?,?
38.579506, Private,,?,, Married-civ-spouse,?,?,?, Male,,87.670456,,?,?
38.579506, Private,,?,,?,?,?,?,?,,,40.425713,?,?
,?,189484.39,?,,?,?,?,?,?,,,,?, <=50K
,?,,?,, Married-civ-spouse, Craft-repair, Husband,?,?,,,,?, <=50K
, Private,,?,,?,?,?,?,?,,,,?,?
,?,,?,10.067414,?, Craft-repair,?,?,?,,,, United-States,?
, Private,, HS-grad,10.067414,?,?,?, White,?,,87.670456,,?,?
,?,,?,, Married-civ-spouse,?,?, White,?,,,,?,?
,?,,?,10.067414,?,?,?, White, Male,,,,?,?
,?,, HS-grad,, Married-civ-spouse,?,?,?,?,,,,?,?
, Private,189484.39, HS-grad,,?,?,?,?, Male,,,, United-States,?
38.579506,?,,?,, Married-civ-spouse,?,?,?,?,,,,?,?
,?,,?,10.067414,?,?,?,?, Male,,,40.425713,?, <=50K
,?,189484.39,?,,?,?,?,?,?,,,,?,?
38.579506, Private,,?,,?,?,?,?,?,,87.670456,,?,?
,?,,?,,?,?, Husband,?, Male,,,,?, <=50K
,?,,?,10.067414,?,?,?,?,?,,,,?,?
,?,,?,, Married-civ-spouse,?,?,?,?,,,40.425713, United-States,?
,?,,?,,?,?,?,?, Male,,,, United-States,?
38.579506,?,189484.39,?,, Married-civ-spouse, Craft-repair,?,?,?,1082.9701,,,?,?
,?,189484.39,?,,?,?,?, White,?,,,,?,?
, Private,,?,,?,?,?,?,?,,87.670456,,?,?
, Private,,?,, Married-civ-spouse,?,?, White,?,1082.9701,,40.425713,?,?
,?,, HS-grad,,?,?,?, White,?,,,,?,?
,?,,?,,?, Craft-repair,?,?,?,1082.9701,87.670456,40.425713,?, <=50K
, Private,,?,10.067414, Married-civ-spouse,?,?, White,?,,,,?,?
,?,, HS-grad,,?, Craft-repair,?,?,?,,,,?,?
, Private,,?,, Married-civ-spouse,?, Husband,?, Male,,,,?, <=50K
,?,, HS-grad,, Married-civ-spouse, Craft-repair,?, White,?,,87.670456,,?,?
, Private,,?,,?,?,?,?,?,,,,?, <=50K
,?,,?,,?,?,?,?,?,,,,?,?
38.579506,?,,?,,?,?,?, White,?,,,,?,?
,?,, HS-grad,,?, Craft-repair,?,?, Male,,87.670456,40.425713,?,?
,?,,?,,?,?, Husband,?,?,,,,?,?
,?,189484.39,?,,?,?,?,?, Male,1082.9701,,,?,?
38.579506,?,, HS-grad,, Married-civ-spouse, Craft-repair, Husband, White,?,,,40.425713,?,?
,?,,?,10.067414, Married-civ-spouse,?,?,?, Male,,,,?,?
, Private,189484.39,?,,?, Craft-repair, Husband,?, Male,,,, United-States, <=50K
,?,,?,, Married-civ-spouse,?, Husband,?, Male,,,,?,?
,?,,?,,?,?,?,?,?,,,,?,?
, Private,,?,,?,?,?,?,?,,,,?,?
38.579506,?,,?,,?,?,?,?, Male,,,,?,?
,?,,?,, Married-civ-spouse,?,?,?, Male,,87.670456,, United-States,?
,?,, HS-grad,, Married-civ-spouse,?, Husband,?,?,,,,?,?
,?,,?,, Married-civ-spouse,?, Husband, White,?,,,, United-States,?
,?,189484.39, HS-grad,,?, Craft-repair, Husband,?,?,,,,?,?
,?,189484.39,?,10.067414, Married-civ-spouse, Craft-repair,?,?,?,1082.9701,,, United-States,?
,?,,?,, Married-civ-spouse,?,?,?,?,,,,?,?
,?,,?,,?,?,?,?,?,,,, United-States,?
,?,, HS-grad,,?,?,?,?,?,,,,?,?
,?,, HS-grad,,?,?,?,?,?,,,,?,?
,?,, HS-grad,,?, Craft-repair,?,?, Male,,,, United-States, <=50K
,?,,?,,?, Craft-repair,?,?,?,,,,?,?
,?,189484.39, HS-grad,,?,?,?,?,?,,,, United-States,?
,?,, HS-grad,,?,?,?,?,?,,,,?,?
38.579506, Private,189484.39,?,,?, Craft-repair, Husband, White,?,1082.9701,,40.425713,?, <=50K
,?,, HS-grad,, Married-civ-spouse,?, Husband,?, Male,,,40.425713,?,?
, Private,,?,,?,?,?, White,?,,,, United-States, <=50K
,?,,?,10.067414,?,?,?,?, Male,1082.9701,87.670456,,?,?
,?,,?,,?,?,?,?,?,,,,?, <=50K
,?,,?,,?,?, Husband, White,?,1082.9701,,, United-States, <=50K
, Private,, HS-grad,,?,?,?,?,?,,,,?,?
,?,,?,,?,?,?,?, Male,,,,?,?
38.579506,?,,?,,?,?,?,?,?,,,,?,?
,?,,?,10.067414,?,?, Husband,?, Male,,,,?,?
,?,189484.39,?,, Married-civ-spouse, Craft-repair,?,?,?,,,40.425713, United-States,?
,?,,?,10.067414,?,?,?,?, Male,,,, United-States, <=50K
, Private,,?,,?,?,?,?,?,,,,?,?
,?,,?,,?,?,?, White, Male,,,, United-States,?
,?,,?,,?,?, Husband, White, Male,,,40.425713,?,?
,?,,?,,?,?,?, White,?,1082.9701,,,?,?
,?,, HS-grad,,?, Craft-repair, Husband,?,?,,,,?,?
,?,, HS-grad,,?,?,?, White,?,1082.9701,87.670456,, United-States,?
38.579506,?,,?,,?,?,?, White,?,1082.9701,87.670456,,?,?
,?,,?,,?,?,?, White,?,1082.9701,,,?,?
38.579506, Private,,?,,?,?,?,?, Male,,87.670456,40.425713,?,?
,?,,?,,?,?,?,?,?,1082.9701,,,?, <=50K
, Private,189484.39,?,,?, Craft-repair,?,?, Male,1082.9701,,,?, <=50K
38.579506, Private,,?,, Married-civ-spouse,?,?, White,?,,,, United-States,?
,?,,?,,?,?,?,?, Male,,,,?,?
38.579506,?,, HS-grad,, Married-civ-spouse, Craft-repair,?,?,?,,,40.425713,?,?
,?,189484.39,?,,?, Craft-repair,?, White, Male,,,,?,?
,?,, HS-grad,,?,?,?,?, Male,,,, United-States,?
38.579506,?,,?,,?,?,?, White,?,,87.670456,40.425713,?,?
,?,,?,,?,?, Husband,?, Male,1082.9701,,,?,?
,?,, HS-grad,,?,?,?, White,?,,,, United-States,?
38.579506,?,,?,,?,?,?,?,?,,,,?,?
,?,,?,,?,?,?,?,?,,,,?, <=50K
,?,,?,, Married-civ-spouse,?, Husband,?,?,,,,?,?
,?,,?,, Married-civ-spouse,?,?,?,?,1082.9701,,40.425713, United-States,?
,?,189484.39, HS-grad,,?,?,?,?, Male,1082.9701,,,?,?
, Private,, HS-grad,,?,?,?,?, Male,,87.670456,,?,?
,?,,?,10.067414,?,?,?,?,?,,,,?,?
38.579506,?,, HS-grad,10.067414,?,?,?,?,?,,,,?,?
,?,,?,10.067414, Married-civ-spouse,?,?,?,?,,,,?,?
,?,,?,,?,?,?,?,?,,,,?,?
38.579506,?,189484.39,?,,?,?,?,?,?,,87.670456,, United-States,?
, Private,,?,,?,?,?, White,?,,,,?,?
, Private,189484.39,?,10.067414,?,?,?,?,?,,,,?,?
,?,, HS-grad,,?,?,?, White,?,,,,?,?
,?,, HS-grad,,?,?,?,?,?,,,40.425713, United-States,?
,?,,?,, Married-civ-spouse,?,?,?,?,,87.670456,,?,?
38.579506,?,,?,10.067414,?, Craft-repair, Husband,?,?,1082.9701,,,?,?
, Private,,?,,?,?,?, White,?,,,,?,?
,?,,?,, Married-civ-spouse,?,?,?,?,,,,?,?
,?,,?,,?,?, Husband,?, Male,,,, United-States,?
,?,189484.39,?,, Married-civ-spouse,?,?,?,?,,,,?,?
,?,,?,,?,?,?,?, Male,,,, United-States,?
, Private,189484.39,?,,?,?,?,?,?,1082.9701,,,?,?
38.579506,?,,?,,?,?,?, White,?,,,, United-States,?
,?,,?,, Married-civ-spouse,?,?,?,?,,,40.425713,?, <=50K
38.579506, Private,,?,,?,?, Husband,?,?,,,,?, <=50K
, Private,,?,,?,?,?, White,?,,,40.425713, United-States,?
,?,189484.39,?,,?,?, Husband,?,?,,,,?, <=50K
38.579506,?,189484.39,?,10.067414, Married-civ-spouse, Craft-repair, Husband,?,?,1082.9701,,,?,?
,?,189484.39,?,, Married-civ-spouse,?,?,?,?,1082.9701,,,?,?
38.579506,?,189484.39,?,,?,?, Husband,?, Male,,,,?, <=50K
, Private,, HS-grad,,?,?,?,?,?,,,,?,?
,?,,?,,?,?, Husband,?,?,,87.670456,,?,?
,?,,?,,?,?,?,?,?,1082.9701,,, United-States, <=50K
, Private,,?,10.067414,?,?,?,?,?,1082.9701,,,?,?
,?,189484.39,?,,?, Craft-repair,?,?,?,,,, United-States,?
, Private,, HS-grad,,?, Craft-repair,?,?,?,,,,?,?
38.579506,?,,?,10.067414, Married-civ-spouse,?,?,?,?,,,, United-States,?
,?,, HS-grad,,?,?, Husband, White,?,,,,?, <=50K
38.579506,?,189484.39,?,,?,?,?,?,?,,87.670456,,?,?
38.579506,?,, HS-grad,,?,?,?,?,?,,,40.425713,?,?
,?,189484.39,?,,?,?,?, White,?,,,,?,?
,?,189484.39,?,10.067414, Married-civ-spouse,?,?,?, Male,1082.9701,,40.425713,?,?
,?,,?,,?,?,?,?, Male,,,40.425713,?,?
,?,189484.39,?,,?,?,?,?,?,,,,?,?
,?,, HS-grad,, Married-civ-spouse,?, Husband,?,?,,,,?,?
, Private,189484.39,?,,?,?,?,?,?,1082.9701,,,?,?
, Private,,?,,?,?, Husband,?,?,,,,?,?
, Private,,?,,?,?,?,?,?,,,,?,?
,?,,?,,?,?, Husband,?,?,,87.670456,,?,?
,?,189484.39,?,, Married-civ-spouse,?,?,?,?,,,40.425713,?,?
,?,,?,,?,?, Husband,?,?,,87.670456,,?,?
, Private,189484.39, HS-grad,,?,?, Husband,?, Male,,87.670456,,?, <=50K
,?,,?,,?,?,?,?,?,1082.9701,,,?,?
38.579506,?,,?,10.067414,?, Craft-repair,?,?,?,,87.670456,,?,?
38.579506,?,,?,,?,?, Husband,?,?,,,, United-States,?
, Private,,?,,?,?,?,?, Male,,,,?,?
,?,,?,,?,?,?,?,?,,,,?,?
38.579506,?,, HS-grad,, Married-civ-spouse,?,?, White, Male,,,,?,?
38.579506,?,,?,10.067414,?,?,?,?,?,1082.9701,,,?,?
,?,,?,,?,?, Husband, White,?,,,,?,?
,?,189484.39,?,,?, Craft-repair,?, White,?,,,,?,?
38.579506,?,, HS-grad,,?, Craft-repair,?,?,?,1082.9701,,,?,?
,?,189484.39,?,,?, Craft-repair,?,?,?,,,,?, <=50K
, Private,,?,10.067414,?,?,?, White, Male,1082.9701,,,?, <=50K
,?,,?,10.067414,?,?,?, White,?,1082.9701,,,?,?
38.579506,?,,?,, Married-civ-spouse,?,?,?,?,,,40.425713,?,?
, Private,,?,,?,?,?,?,?,,,, United-States,?
, Private,189484.39,?,,?,?, Husband,?,?,,,,?, <=50K
,?,, HS-grad,, Married-civ-spouse,?, Husband, White,?,,,40.425713,?,?
,?,,?,,?,?,?,?,?,,,40.425713,?, <=50K
, Private,,?,10.067414,?, Craft-repair,?,?,?,,,,?, <=50K
,?,,?,,?,?,?,?,?,,,40.425713,?, <=50K
,?,,?,10.067414,?,?,?,?,?,,,40.425713,?,?
,?,,?,,?,?,?,?,?,,,,?,?
,?,,?,, Married-civ-spouse,?,?,?,?,,,,?,?
,?,,?,10.067414,?,?,?,?,?,1082.9701,,,?, <=50K
,?,,?,,?,?,?,?,?,,87.670456,,?,?
,?,,?,,?, Craft-repair,?,?, Male,,,, United-States,?
,?,,?,, Married-civ-spouse,?,?,?,?,,87.670456,40.425713, United-States,?
,?,,?,10.067414, Married-civ-spouse, Craft-repair, Husband,?,?,,87.670456,,?,?
, Private,,?,,?, Craft-repair,?,?,?,1082.9701,,,?,?
,?,, HS-grad,,?,?,?,?,?,,,,?,?
,?,,?,10.067414,?,?,?,?,?,,,, United-States,?
,?,189484.39,?,, Married-civ-spouse,?,?,?, Male,1082.9701,,40.425713,?, <=50K
, Private,,?,,?,?, Husband,?, Male,1082.9701,,, United-States,?
,?,,?,,?, Craft-repair,?, White,?,,,, United-States,?
,?,,?,, Married-civ-spouse,?,?,?,?,,87.670456,,?,?
,?,,?,,?,?, Husband,?, Male,,,,?, <=50K
,?,,?,,?, Craft-repair,?,?,?,,,,?,?
,?,,?,,?,?,?,?,?,,,,?,?
38.579506,?,189484.39, HS-grad,, Married-civ-spouse, Craft-repair,?,?,?,,,40.425713,?,?
,?,,?,,?, Craft-repair,?, White, Male,,,, United-States,?
38.579506,?,189484.39,?,,?,?,?,?, Male,,,,?,?
,?,, HS-grad,, Married-civ-spouse, Craft-repair,?,?,?,,,,?,?
,?,,?,,?, Craft-repair,?, White,?,1082.9701,,,?, <=50K
,?,,?,,?, Craft-repair,?,?,?,,,,?,?
,?,,?,,?,?,?, White,?,,,,?, <=50K
,?,189484.39,?,,?,?, Husband,?,?,1082.9701,,, United-States,?
, Private,189484.39,?,10.067414,?,?,?,?,?,,,,?,?
, Private,,?,,?, Craft-repair,?,?,?,,,,?,?
38.579506,?,,?,,?,?,?,?,?,,,,?,?
38.579506,?,, HS-grad,,?, Craft-repair,?,?,?,,87.670456,40.425713,?,?
,?,,?,,?,?,?,?,?,,87.670456,,?,?
38.579506,?,189484.39,?,,?,?,?,?,?,1082.9701,,40.425713, United-States,?
38.579506,?,,?,, Married-civ-spouse,?,?,?,?,1082.9701,,,?,?
,?,,?,10.067414,?,?,?,?, Male,,,,?,?
38.579506, Private,,?,,?, Craft-repair,?,?,?,,,,?,?
, Private,,?,,?, Craft-repair,?,?,?,,87.670456,40.425713,?,?
, Private,,?,,?, Craft-repair,?,?,?,1082.9701,,,?, <=50K
38.579506,?,,?,,?,?,?,?,?,,,,?, <=50K
, Private,,?,,?,?,?,?,?,,,,?,?
,?,,?,, Married-civ-spouse,?,?,?,?,,87.670456,,?,?
,?,,?,,?, Craft-repair, Husband, White,?,,,, United-States,?
,?,,?,10.067414,?,?,?,?,?,,,,?,?
,?,,?,,?, Craft-repair,?,?, Male,,87.670456,,?,?
38.579506, Private,, HS-grad,,?,?, Husband,?,?,,,,?, <=50K
,?,,?,,?,?,?,?, Male,,,40.425713,?,?
, Private,,?,,?,?,?,?,?,,,, United-States,?
,?,,?,10.067414,?,?,?,?,?,,,40.425713,?,?
,?,,?,10.067414,?,?,?,?,?,,87.670456,,?, <=50K
38.579506, Private,,?,,?,?, Husband,?, Male,,,,?,?
,?,,?,,?, Craft-repair,?, White, Male,,,,?, <=50K
,?,,?,,?,?,?,?,?,1082.9701,,,?,?
,?,189484.39, HS-grad,,?,?,?, White,?,1082.9701,,,?,?
, Private,,?,,?,?,?, White,?,,,,?,?
38.579506, Private,189484.39,?,, Married-civ-spouse, Craft-repair,?,?, Male,,,40.425713,?,?
38.579506,?,189484.39,?,,?,?,?,?,?,,87.670456,,?,?
38.579506,?,189484.39,?,,?,?,?,?, Male,,,40.425713,?,?
,?,,?,,?,?,?,?,?,1082.9701,,, United-States,?
,?,, HS-grad,,?,?,?,?,?,,87.670456,, United-States, <=50K
38.579506,?,,?,,?,?, Husband,?,?,,,,?,?
,?,,?,10.067414,?, Craft-repair,?,?, Male,1082.9701,87.670456,, United-States,?
,?,,?,,?,?,?,?,?,,,,?,?
, Private,,?,, Married-civ-spouse,?,?,?, Male,,,40.425713,?,?
, Private,189484.39,?,, Married-civ-spouse,?,?, White,?,,,,?,?
,?,, HS-grad,,?,?,?,?, Male,,87.670456,,?,?
,?,189484.39,?,, Married-civ-spouse,?,?,?,?,,,,?,?
,?,,?,,?,?,?,?, Male,,,40.425713,?,?
38.579506, Private,,?,, Married-civ-spouse,?,?,?, Male,,,,?,?
38.579506,?,,?,,?,?,?,?,?,1082.9701,,, United-States,?
,?,,?,,?,?,?,?,?,,,,?,?
38.579506,?,,?,, Married-civ-spouse,?,?, White,?,1082.9701,,40.425713,?, <=50K
,?,,?,,?,?,?,?,?,,,, United-States,?
,?,,?,, Married-civ-spouse, Craft-repair,?,?,?,,,, United-States,?
,?,,?,, Married-civ-spouse,?,?,?,?,,,40.425713,?,?
,?,189484.39,?,,?, Craft-repair,?,?,?,,87.670456,,?,?
,?,189484.39,?,,?,?,?,?,?,,,,?,?
, Private,,?,, Married-civ-spouse,?, Husband,?,?,,87.670456,, United-States,?
,?,, HS-grad,, Married-civ-spouse, Craft-repair, Husband,?,?,,,,?, <=50K
,?,,?,,?,?,?,?,?,,87.670456,40.425713, United-States,?
,?,189484.39,?,,?,?,?,?,?,,,,?,?
, Private,,?,,?,?,?,?,?,,,,?,?
, Private,, HS-grad,,?,?, Husband, White,?,1082.9701,87.670456,,?,?
, Private,, HS-grad,, Married-civ-spouse,?,?,?,?,,87.670456,,?, <=50K
,?,,?,,?, Craft-repair,?,?,?,,,,?, <=50K
38.579506,?,,?,,?,?,?,?,?,1082.9701,,40.425713, United-States,?
,?,,?,, Married-civ-spouse,?,?,?,?,,,,?,?
,?,189484.39,?,10.067414,?,?,?,?,?,,87.670456,,?,?
,?,,?,, Married-civ-spouse, Craft-repair,?, White,?,,,,?, <=50K
38.579506,?,,?,,?,?,?, White, Male,,,,?,?
, Private,,?,, Married-civ-spouse,?,?,?,?,,,,?,?
, Private,,?,,?,?,?, White,?,,,,?,?
, Private,,?,10.067414, Married-civ-spouse,?,?,?,?,,87.670456,,?,?
38.579506,?,,?,,?,?, Husband,?,?,,,, United-States,?
38.579506, Private,,?,10.067414,?,?,?,?,?,1082.9701,,,?,?
, Private,189484.39, HS-grad,,?,?,?, White, Male,,,,?,?
,?,,?,,?,?, Husband, White,?,,87.670456,,?,?
,?,,?,,?,?,?,?,?,,,40.425713,?,?
,?,,?,,?,?,?,?,?,,,,?, <=50K
, Private,189484.39,?,,?,?,?,?, Male,,,,?,?
,?,,?,,?,?,?,?,?,,87.670456,,?,?
,?,,?,, Married-civ-spouse,?,?,?,?,,87.670456,, United-States,?
,?,,?,,?,?, Husband,?,?,1082.9701,,,?,?
,?,,?,,?,?, Husband,?,?,,,,?,?
,?,,?,10.067414,?,?,?, White,?,,,40.425713,?,?
,?,189484.39,?,,?,?,?,?, Male,,,, United-States, <=50K
38.579506,?,189484.39,?,, Married-civ-spouse, Craft-repair,?, White,?,,,40.425713,?,?
,?,,?,,?, Craft-repair, Husband,?,?,,,, United-States,?
,?,189484.39,?,,?,?,?,?,?,,,,?,?
,?,,?,,?, Craft-repair, Husband,?, Male,,,,?,?
,?,,?,,?,?,?,?,?,1082.9701,,,?,?
,?,189484.39, HS-grad,,?,?,?,?,?,1082.9701,,40.425713,?, <=50K
, Private,189484.39,?,10.067414,?,?,?,?,?,,,,?, <=50K
,?,, HS-grad,,?,?,?,?,?,,87.670456,,?,?
,?,189484.39,?,,?,?, Husband,?,?,,,, United-States, <=50K
,?,, HS-grad,,?,?,?, White,?,,,40.425713,?,?
,?,189484.39,?,,?,?, Husband,?,?,,87.670456,40.425713,?,?
38.579506,?,,?,10.067414,?,?,?,?,?,,,,?,?
,?,,?,10.067414,?,?,?,?,?,1082.9701,,40.425713,?,?
, Private,, HS-grad,,?,?,?,?, Male,1082.9701,,, United-States,?
,?,,?,,?, Craft-repair,?,?,?,,,, United-States,?
38.579506,?,189484.39,?,,?,?,?,?, Male,1082.9701,,, United-States, <=50K
,?,, HS-grad,, Married-civ-spouse,?,?,?,?,,,,?,?
38.579506,?,, HS-grad,,?,?,?,?,?,1082.9701,,, United-States,?
38.579506,?,,?,10.067414,?,?,?,?,?,,,,?,?
38.579506,?,, HS-grad,,?, Craft-repair,?,?,?,,,,?,?
,?,, HS-grad,10.067414,?, Craft-repair,?, White, Male,,,,?,?
38.579506,?,, HS-grad,, Married-civ-spouse, Craft-repair,?,?,?,,,,?, <=50K
,?,,?,, Married-civ-spouse,?,?,?,?,1082.9701,,,?,?
, Private,,?,, Married-civ-spouse,?,?, White,?,1082.9701,,, United-States,?
,?,,?,10.067414, Married-civ-spouse,?,?,?,?,,,,?,?
,?,,?,10.067414,?,?, Husband, White, Male,,,,?, <=50K
,?,,?,,?,?,?, White,?,1082.9701,,,?,?
,?,,?,,?,?,?,?,?,,,, United-States,?
38.579506,?,189484.39,?,, Married-civ-spouse, Craft-repair,?,?, Male,,87.670456,40.425713,?,?
,?,,?,,?, Craft-repair,?,?,?,1082.9701,,, United-States,?
,?,, HS-grad,,?, Craft-repair, Husband,?,?,,,,?,?
,?,,?,10.067414,?,?, Husband,?,?,,,40.425713, United-States,?
,?,,?,,?,?, Husband,?,?,,,,?,?
,?,,?,,?,?,?,?,?,,,40.425713,?,?
, Private,,?,10.067414, Married-civ-spouse,?, Husband, White,?,1082.9701,,,?,?
38.579506,?,,?,,?,?,?,?,?,,,, United-States,?
,?,,?,,?,?,?,?,?,,,,?,?
, Private,,?,10.067414,?,?, Husband,?,?,,,40.425713,?, <=50K
,?,,?,, Married-civ-spouse,?,?,?,?,,87.670456,,?,?
, Private,189484.39,?,,?,?,?,?,?,,,,?,?
, Private,189484.39,?,,?,?,?,?,?,,,,?,?
,?,,?,,?,?,?,?,?,1082.9701,,40.425713,?,?
,?,, HS-grad,,?,?,?,?,?,,,,?, <=50K
38.579506,?,, HS-grad,,?,?, Husband, White,?,,,40.425713,?,?
,?,,?,10.067414,?,?, Husband,?,?,,,,?,?
,?,,?,,?,?,?,?,?,,87.670456,,?,?
, Private,189484.39,?,,?,?,?,?,?,,,,?,?
,?,,?,,?,?,?,?,?,,87.670456,40.425713,?,?
,?,,?,, Married-civ-spouse,?,?,?,?,,,40.425713,?,?
, Private,,?,, Married-civ-spouse,?, Husband,?,?,,,,?,?
,?,,?,, Married-civ-spouse,?,?, White,?,1082.9701,,, United-States,?
38.579506,?,189484.39,?,10.067414,?,?,?,?,?,,,,?,?
38.579506, Private,189484.39, HS-grad,,?,?,?, White,?,,87.670456,,?,?
,?,,?,,?, Craft-repair,?,?,?,,,,?,?
,?,,?,,?,?,?,?, Male,,,,?,?
,?,, HS-grad,, Married-civ-spouse, Craft-repair, Husband,?, Male,,,,?,?
38.579506,?,,?,,?,?,?,?,?,,,,?,?
,?,,?,, Married-civ-spouse,?, Husband,?,?,,87.670456,,?,?
,?,, HS-grad,,?, Craft-repair,?,?,?,,,, United-States,?
38.579506, Private,,?,,?,?,?,?,?,,,,?, <=50K
38.579506, Private,189484.39, HS-grad,10.067414,?, Craft-repair,?,?,?,,,,?, <=50K
,?,, HS-grad,,?, Craft-repair,?, White,?,,,40.425713,?, <=50K
,?,, HS-grad,,?,?,?,?, Male,,87.670456,40.425713, United-States, <=50K
,?,, HS-grad,10.067414,?,?,?,?, Male,,,, United-States,?
38.579506,?,,?,, Married-civ-spouse, Craft-repair,?,?,?,,,,?,?
, Private,,?,,?,?,?, White,?,,,,?,?
, Private,189484.39,?,,?,?, Husband,?, Male,,,, United-States,?
38.579506,?,,?,,?,?,?,?, Male,,,, United-States,?
,?,,?,,?,?,?,?,?,,,,?,?
,?,,?,, Married-civ-spouse,?, Husband,?,?,1082.9701,,,?,?
,?,,?,,?,?, Husband,?,?,,87.670456,,?,?
,?,, HS-grad,,?,?,?,?,?,,,,?,?
, Private,189484.39, HS-grad,10.067414,?,?,?, White,?,,,40.425713,?,?
,?,,?,,?,?,?, White,?,,,, United-States,?
,?,,?,, Married-civ-spouse,?,?,?, Male,,,,?,?
38.579506,?,,?,10.067414,?, Craft-repair,?,?,?,,,,?,?
,?,,?,,?,?,?,?, Male,,,,?,?
,?,189484.39, HS-grad,,?,?, Husband,?, Male,,,40.425713, United-States,?
,?,,?,,?,?,?,?,?,,,40.425713,?,?
,?,,?,10.067414,?,?,?,?, Male,,,, United-States, <=50K
, Private,,?,,?,?,?,?,?,,,,?,?
, Private,,?,,?,?,?, White,?,,,, United-States,?
,?,,?,10.067414, Married-civ-spouse,?,?,?,?,1082.9701,,,?, <=50K
, Private,, HS-grad,,?,?,?,?,?,,,40.425713,?,?
38.579506, Private,, HS-grad,,?, Craft-repair, Husband,?, Male,,87.670456,, United-States,?
,?,,?,10.067414,?,?,?, White,?,,,,?,?
,?,,?,,?,?, Husband,?,?,,,,?,?
,?,,?,,?,?,?,?,?,,,, United-States,?
38.579506,?,189484.39,?,10.067414,?, Craft-repair,?, White,?,,,, United-States,?
,?,189484.39,?,,?,?,?,?,?,,87.670456,40.425713,?,?
38.579506,?,, HS-grad,10.067414, Married-civ-spouse,?,?, White,?,,87.670456,40.425713, United-States,?
,?,,?,10.067414,?, Craft-repair,?,?,?,,87.670456,,?, <=50K
, Private,,?,,?,?,?,?,?,,,,?,?
,?,,?,,?,?, Husband,?,?,,,, United-States,?
, Private,189484.39,?,10.067414,?,?,?,?,?,,,,?,?
, Private,,?,,?,?,?,?, Male,,,, United-States, <=50K
,?,189484.39, HS-grad,,?,?,?,?,?,,,, United-States,?
,?,,?,,?,?,?, White,?,,87.670456,,?,?
,?,,?,,?,?,?, White,?,,,40.425713,?,?
,?,, HS-grad,10.067414,?,?, Husband,?, Male,,87.670456,,?,?
38.579506,?,,?,10.067414,?,?, Husband, White, Male,1082.9701,,,?, <=50K
38.579506,?,,?,, Married-civ-spouse, Craft-repair, Husband,?,?,1082.9701,,,?,?
, Private,189484.39,?,,?, Craft-repair,?,?,?,,,,?,?
,?,,?,,?,?,?,?, Male,,,,?, <=50K
,?,,?,,?,?,?, White,?,,,,?,?
,?,,?,,?,?,?,?,?,1082.9701,87.670456,,?,?
38.579506,?,,?,, Married-civ-spouse, Craft-repair,?,?,?,,87.670456,,?,?
,?,,?,,?,?,?,?,?,,,40.425713, United-States, <=50K
38.579506,?,,?,,?,?,?, White,?,1082.9701,,40.425713, United-States,?
,?,189484.39,?,,?,?,?,?,?,1082.9701,,40.425713,?,?
38.579506, Private,,?,,?,?,?,?,?,,,,?,?
, Private,,?,,?,?, Husband, White,?,,,,?,?
38.579506,?,, HS-grad,,?,?,?,?, Male,,,40.425713, United-States,?
38.579506,?,,?,, Married-civ-spouse,?,?, White,?,,,, United-States, <=50K
,?,,?,,?, Craft-repair, Husband,?,?,,,40.425713,?,?
38.579506, Private,, HS-grad,,?, Craft-repair,?,?, Male,,,,?,?
, Private,,?,,?,?,?,?, Male,1082.9701,,40.425713,?,?
,?,,?,, Married-civ-spouse,?, Husband,?,?,,,,?,?
, Private,,?,, Married-civ-spouse, Craft-repair, Husband,?,?,,,,?,?
38.579506,?,,?,,?,?,?,?,?,,87.670456,,?,?
,?,,?,, Married-civ-spouse, Craft-repair,?,?,?,,,,?,?
,?,,?,,?, Craft-repair,?, White,?,,,,?,?
,?,,?,,?,?,?,?,?,1082.9701,,40.425713,?, <=50K
,?,,?,,?,?, Husband,?,?,,,40.425713,?,?
,?,,?,, Married-civ-spouse,?,?,?,?,,,,?,?
38.579506,?,, HS-grad,,?, Craft-repair,?, White, Male,1082.9701,,,?,?
,?,,?,10.067414,?,?,?,?,?,,,,?,?
,?,,?,10.067414,?,?,?,?,?,,,,?,?
38.579506,?,189484.39,?,,?,?,?,?,?,,,,?,?
,?,,?,,?,?,?,?,?,,,, United-States,?
,?,, HS-grad,, Married-civ-spouse,?,?,?,?,1082.9701,87.670456,, United-States,?
,?,,?,, Married-civ-spouse,?,?,?,?,1082.9701,,40.425713,?,?
,?,,?,, Married-civ-spouse,?, Husband,?,?,,87.670456,40.425713,?,?
,?,,?,,?,?,?,?, Male,,87.670456,,?,?
,?,,?,,?,?,?,?,?,,87.670456,40.425713, United-States,?
,?,,?,,?,?, Husband,?,?,,,,?,?
, Private,189484.39,?,10.067414, Married-civ-spouse, Craft-repair,?,?,?,1082.9701,,,?, <=50K
,?,,?,,?,?,?,?,?,,,,?,?
,?,,?,, Married-civ-spouse,?, Husband,?,?,,,,?,?
,?,,?,,?,?,?,?,?,1082.9701,,,?,?
,?,,?,,?,?,?, White,?,1082.9701,,,?,?
, Private,189484.39,?,10.067414,?,?, Husband,?,?,,,40.425713, United-States,?
, Private,,?,, Married-civ-spouse, Craft-repair, Husband,?,?,,,,?,?
38.579506,?,,?,, Married-civ-spouse,?,?,?, Male,,,,?, <=50K
38.579506,?,,?,,?, Craft-repair,?,?,?,,,40.425713,?,?
38.579506,?,189484.39,?,, Married-civ-spouse,?,?, White,?,1082.9701,,,?,?
,?,, HS-grad,, Married-civ-spouse, Craft-repair,?,?,?,,,,?,?
,?,,?,,?, Craft-repair,?,?,?,,,, United-States,?
,?,,?,,?,?,?,?,?,,,,?,?
38.579506, Private,,?,,?,?,?,?,?,1082.9701,,,?,?
,?,,?,,?,?, Husband,?, Male,,,40.425713,?,?
,?,189484.39,?,,?,?,?,?,?,,,,?,?
38.579506,?,, HS-grad,,?,?,?,?,?,,87.670456,, United-States,?
,?,189484.39,?,10.067414,?,?,?,?,?,,,,?,?
,?,189484.39,?,10.067414,?,?,?, White,?,,87.670456,,?, <=50K
,?,,?,,?, Craft-repair,?,?,?,,,,?,?
,?,,?,, Married-civ-spouse,?,?, White,?,1082.9701,,,?,?
38.579506,?,,?,, Married-civ-spouse,?, Husband,?,?,,,,?,?
,?,,?,,?, Craft-repair,?, White,?,,,40.425713,?,?
,?,,?,,?,?,?,?,?,1082.9701,,40.425713,?,?
,?,,?,,?, Craft-repair,?, White,?,,,40.425713,?,?
,?,,?,,?,?,?,?, Male,,,, United-States,?
38.579506,?,189484.39,?,10.067414,?,?, Husband,?,?,1082.9701,,,?, <=50K
,?,,?,10.067414,?,?, Husband, White, Male,,,,?,?
38.579506,?,,?,,?,?,?,?,?,,,,?,?
,?,,?,,?,?,?,?,?,,87.670456,, United-States,?
38.579506,?,,?,,?,?,?, White,?,,,,?,?
, Private,189484.39,?,,?,?, Husband,?,?,,,,?,?
38.579506, Private,189484.39,?,,?,?,?,?, Male,1082.9701,,, United-States, <=50K
,?,,?,,?,?,?,?,?,,,,?, <=50K
, Private,,?,,?,?,?,?,?,,,,?,?
,?,, HS-grad,,?, Craft-repair,?,?,?,,,,?,?
,?,, HS-grad,, Married-civ-spouse,?, Husband,?,?,,,40.425713, United-States,?
,?,189484.39,?,,?, Craft-repair,?,?,?,1082.9701,,,?, <=50K
,?,,?,,?,?, Husband,?,?,1082.9701,87.670456,,?, <=50K
,?,189484.39, HS-grad,, Married-civ-spouse,?,?,?, Male,,,,?,?
38.579506, Private,,?,10.067414,?,?,?,?,?,,,40.425713,?,?
38.579506, Private,,?,,?,?, Husband,?,?,1082.9701,,, United-States,?
,?,,?,,?,?,?,?,?,,,,?,?
,?,189484.39,?,,?,?,?,?,?,,,,?,?
,?,,?,,?,?,?, White,?,,87.670456,,?,?
,?,,?,,?,?,?, White,?,,,40.425713,?,?
,?,, HS-grad,,?,?,?,?, Male,,,, United-States,?
,?,,?,10.067414,?,?,?,?,?,,,,?,?
38.579506, Private,,?,,?,?, Husband,?,?,,,,?, <=50K
, Private,,?,,?,?,?, White, Male,,,,?,?
38.579506,?,,?,10.067414,?,?,?,?,?,,,,?, <=50K
38.579506,?,, HS-grad,10.067414, Married-civ-spouse, Craft-repair,?, White,?,,,,?,?
38.579506, Private,,?,,?,?, Husband,?,?,,,,?, <=50K
,?,,?,,?,?,?,?, Male,,,,?,?
38.579506, Private,,?,10.067414,?,?,?, White, Male,,,, United-States,?
38.579506,?,,?,,?, Craft-repair,?,?,?,1082.9701,,,?,?
,?,189484.39,?,,?, Craft-repair,?,?,?,,,,?,?
38.579506,?,, HS-grad,,?,?,?,?,?,1082.9701,,,?,?
,?,,?,,?,?,?,?, Male,,,40.425713, United-States,?
,?,, HS-grad,10.067414,?, Craft-repair,?,?,?,,87.670456,,?,?
38.579506,?,, HS-grad,,?,?,?,?,?,,,,?, <=50K
,?,, HS-grad,10.067414,?, Craft-repair, Husband,?, Male,,,,?, <=50K
,?,,?,10.067414,?,?,?,?, Male,,,,?,?
,?,, HS-grad,10.067414,?, Craft-repair,?,?,?,1082.9701,,,?,?
, Private,,?,,?,?,?,?, Male,,,,?,?
,?,,?,,?, Craft-repair,?,?,?,1082.9701,,,?,?
,?,,?,10.067414,?,?,?,?,?,,,,?,?
,?,189484.39,?,, Married-civ-spouse,?,?,?,?,,,,?, <=50K
38.579506,?,, HS-grad,, Married-civ-spouse,?,?, White,?,,87.670456,40.425713,?,?
,?,189484.39,?,10.067414,?,?, Husband,?,?,,,40.425713,?,?
,?,,?,,?, Craft-repair,?,?,?,,,,?,?
,?,,?,10.067414,?,?,?,?,?,,,,?,?
38.579506, Private,189484.39,?,,?,?, Husband,?,?,,,40.425713,?,?
38.579506,?,,?,, Married-civ-spouse, Craft-repair,?,?,?,,,,?,?
,?,,?,,?,?,?,?,?,,,40.425713,?,?
,?,, HS-grad,,?,?, Husband,?, Male,,87.670456,,?,?
, Private,189484.39,?,, Married-civ-spouse, Craft-repair,?,?,?,,,,?,?
,?,189484.39,?,10.067414,?,?,?,?,?,1082.9701,,, United-States, <=50K
,?,,?,,?, Craft-repair,?,?, Male,,,,?,?
,?,189484.39,?,,?,?,?,?, Male,1082.9701,87.670456,,?,?
,?,,?,,?,?,?,?,?,,87.670456,,?, <=50K
,?,,?,10.067414,?,?,?,?,?,,,,?,?
,?,189484.39,?,,?,?,?,?,?,,87.670456,, United-States,?
,?,189484.39,?,, Married-civ-spouse,?,?,?, Male,1082.9701,87.670456,,?,?
,?,,?,,?,?,?,?,?,1082.9701,,,?,?
,?,,?,,?,?,?,?, Male,,,,?,?
38.579506,?,,?,,?,?, Husband,?,?,1082.9701,,,?, <=50K
,?,,?,,?,?,?,?, Male,,,, United-States,?
,?,,?,,?,?,?,?, Male,1082.9701,,,?,?
38.579506,?,, HS-grad,, Married-civ-spouse,?, Husband,?,?,1082.9701,87.670456,40.425713, United-States,?
38.579506,?,,?,,?,?,?, White,?,,,,?,?
,?,, HS-grad,,?,?,?, White, Male,,,40.425713,?,?
,?,189484.39,?,,?,?, Husband,?, Male,,,40.425713,?,?
,?,, HS-grad,, Married-civ-spouse,?,?,?,?,,,, United-States,?
38.579506,?,,?,10.067414,?, Craft-repair, Husband,?,?,,87.670456,,?, <=50K
,?,, HS-grad,, Married-civ-spouse,?,?,?,?,1082.9701,87.670456,,?,?
,?,189484.39,?,,?,?,?,?,?,,,40.425713, United-States,?
,?,,?,10.067414,?,?,?,?,?,,,,?,?
,?,,?,, Married-civ-spouse,?,?,?,?,,,40.425713,?,?
,?,,?,,?,?,?,?,?,1082.9701,,,?,?
,?,189484.39,?,,?,?,?,?,?,,87.670456,, United-States,?
, Private,, HS-grad,, Married-civ-spouse,?,?,?, Male,,,,?,?
,?,,?,,?,?,?,?,?,,87.670456,, United-States,?
,?,,?,,?,?,?,?,?,1082.9701,,,?,?
38.579506,?,,?,,?,?, Husband,?,?,,,,?,?
, Private,,?,,?,?,?, White,?,,,,?,?
,?,189484.39,?,,?, Craft-repair,?,?,?,,,, United-States, <=50K
,?,189484.39,?,, Married-civ-spouse,?,?,?,?,,,,?,?
,?,189484.39,?,,?,?,?,?,?,,,40.425713,?,?
,?,,?,,?,?,?,?,?,,,,?,?
,?,,?,,?, Craft-repair,?,?,?,1082.9701,87.670456,,?,?
, Private,,?,, Married-civ-spouse, Craft-repair,?,?,?,,87.670456,,?,?
,?,, HS-grad,,?,?,?, White,?,,,,?,?
,?,,?,,?,?,?,?,?,,87.670456,,?,?
,?,,?,,?, Craft-repair,?,?,?,,,,?,?
38.579506,?,,?,,?,?,?,?,?,,87.670456,,?, <=50K
,?,,?,10.067414, Married-civ-spouse,?,?,?, Male,,,,?,?
,?,189484.39,?,10.067414, Married-civ-spouse,?,?,?,?,,,,?,?
,?,, HS-grad,10.067414, Married-civ-spouse,?,?,?,?,,,,?,?
38.579506,?,189484.39,?,,?,?,?,?,?,,,, United-States, <=50K
,?,189484.39, HS-grad,,?,?,?,?,?,,,,?,?
38.579506,?,,?,,?,?,?,?,?,,,,?,?
38.579506,?,,?,,?,?,?,?,?,,87.670456,,?,?
38.579506,?,,?,, Married-civ-spouse,?,?,?, Male,,87.670456,,?,?
,?,, HS-grad,,?,?,?,?,?,,87.670456,, United-States,?
,?,,?,,?,?,?, White,?,,,40.425713,?,?
,?,,?,,?,?,?,?, Male,1082.9701,,,?,?
, Private,,?,,?, Craft-repair,?,?, Male,,,,?,?
,?,,?,,?,?, Husband,?,?,,,,?, <=50K
,?,189484.39,?,10.067414, Married-civ-spouse, Craft-repair,?,?,?,,,, United-States,?
, Private,,?,10.067414,?,?, Husband, White, Male,,,,?,?
,?,,?,, Married-civ-spouse,?, Husband,?, Male,,,,?,?
,?,189484.39,?,,?,?,?,?, Male,,,,?, <=50K
,?,189484.39,?,,?,?,?,?,?,,87.670456,40.425713, United-States, <=50K
38.579506,?,189484.39, HS-grad,10.067414,?,?,?,?, Male,,,,?,?
,?,,?,,?, Craft-repair,?,?,?,,,,?,?
38.579506,?,, HS-grad,10.067414,?,?,?, White, Male,,,,?,?
,?,, HS-grad,10.067414,?, Craft-repair, Husband,?,?,,,, United-States, <=50K
,?,,?,10.067414,?,?, Husband,?,?,,87.670456,,?,?
,?,,?,,?, Craft-repair,?, White, Male,,87.670456,,?,?
,?,,?,,?, Craft-repair, Husband,?, Male,,87.670456,40.425713,?,?
38.579506,?,,?,,?,?,?,?,?,,,, United-States,?
38.579506,?,, HS-grad,,?, Craft-repair,?,?,?,,87.670456,,?,?
, Private,, HS-grad,,?,?,?,?,?,,87.670456,,?,?
,?,189484.39,?,,?,?,?,?, Male,1082.9701,,40.425713,?,?
, Private,,?,10.067414,?,?, Husband, White,?,1082.9701,,,?,?
, Private,,?,,?,?,?,?, Male,,,,?,?
, Private,,?,,?,?, Husband,?, Male,1082.9701,87.670456,,?,?
,?,,?,10.067414,?,?,?, White,?,1082.9701,,,?, <=50K
38.579506,?,, HS-grad,10.067414,?,?,?,?,?,,,,?, <=50K
,?,,?,, Married-civ-spouse,?,?,?,?,,,,?,?
38.579506, Private,,?,10.067414,?,?,?, White,?,,,,?,?
,?,, HS-grad,, Married-civ-spouse,?,?,?, Male,,,40.425713,?,?
38.579506,?,,?,,?,?,?,?,?,1082.9701,,, United-States,?
,?,,?,, Married-civ-spouse,?, Husband,?, Male,,,,?,?
,?,189484.39,?,10.067414, Married-civ-spouse,?,?,?,?,,,,?,?
, Private,189484.39,?,, Married-civ-spouse, Craft-repair,?,?, Male,,,,?,?
,?,,?,,?,?,?, White,?,,,,?, <=50K
,?,,?,,?,?, Husband,?,?,,,40.425713,?,?
,?,,?,,?,?,?,?,?,,87.670456,,?, <=50K
,?,,?,,?,?,?,?,?,1082.9701,,,?,?
,?,189484.39,?,10.067414, Married-civ-spouse, Craft-repair,?,?,?,,87.670456,,?,?
38.579506,?,,?,,?, Craft-repair,?,?, Male,,,,?,?
,?,189484.39, HS-grad,,?,?,?,?,?,,87.670456,,?,?
,?,,?,,?,?,?, White, Male,,,,?,?
38.579506, Private,189484.39, HS-grad,10.067414, Married-civ-spouse,?,?,?,?,,,40.425713,?,?
,?,, HS-grad,,?,?,?, White,?,,,40.425713,?,?
,?,189484.39,?,,?,?,?,?,?,,,40.425713,?,?
,?,,?,,?, Craft-repair,?, White,?,,87.670456,,?,?
,?,, HS-grad,10.067414,?,?,?,?,?,,,, United-States,?
38.579506,?,, HS-grad,10.067414, Married-civ-spouse,?,?,?,?,,,,?, <=50K
,?,,?,, Married-civ-spouse,?,?,?,?,1082.9701,,40.425713,?,?
, Private,, HS-grad,,?,?,?, White,?,,,40.425713,?, <=50K
38.579506,?,189484.39, HS-grad,10.067414,?,?,?, White,?,,,, United-States,?
,?,,?,, Married-civ-spouse,?,?,?,?,,,,?,?
38.579506,?,,?,, Married-civ-spouse, Craft-repair,?,?, Male,,,,?, <=50K
,?,,?,, Married-civ-spouse,?,?,?, Male,,,,?,?
,?,,?,, Married-civ-spouse, Craft-repair,?,?,?,,,,?,?
,?,, HS-grad,,?,?,?,?, Male,,87.670456,,?,?
,?,,?,10.067414, Married-civ-spouse,?,?, White,?,,,40.425713,?, <=50K
,?,189484.39,?,,?, Craft-repair, Husband,?,?,,,, United-States,?
,?,,?,,?,?,?,?,?,1082.9701,,, United-States,?
,?,, HS-grad,,?,?, Husband,?, Male,,87.670456,,?,?
38.579506,?,,?,,?, Craft-repair,?,?,?,,,40.425713,?,?
,?,,?,,?, Craft-repair,?,?,?,,,,?, <=50K
,?,,?,,?,?,?,?,?,,,, United-States,?
38.579506,?,189484.39,?,,?,?,?,?,?,,,, United-States, <=50K
, Private,, HS-grad,,?,?, Husband,?,?,,,,?,?
,?,,?,, Married-civ-spouse,?,?,?,?,,,, United-States, <=50K
38.579506,?,,?,,?,?, Husband,?,?,,,40.425713,?,?
, Private,189484.39, HS-grad,,?,?,?,?, Male,,,,?,?
38.579506,?,189484.39,?,,?, Craft-repair,?,?, Male,,,,?,?
,?,,?,10.067414,?,?,?,?,?,,,,?, <=50K
,?,, HS-grad,,?, Craft-repair,?, White,?,,,, United-States,?
, Private,, HS-grad,,?, Craft-repair,?,?,?,,,,?,?
,?,,?,,?,?,?, White,?,,,,?,?
38.579506,?,,?,, Married-civ-spouse, Craft-repair,?,?,?,,87.670456,, United-States,?
,?,,?,,?,?,?, White,?,,,40.425713, United-States,?
,?,,?,,?,?,?,?,?,1082.9701,,,?,?
,?,, HS-grad,,?, Craft-repair,?, White, Male,,,,?,?
38.579506,?,,?,,?,?,?, White,?,,,,?,?
, Private,,?,10.067414,?, Craft-repair,?,?,?,,,40.425713, United-States,?
38.579506,?,,?,, Married-civ-spouse,?,?,?,?,,,,?,?
,?,,?,10.067414, Married-civ-spouse,?,?, White,?,,,,?, <=50K
,?,189484.39,?,,?, Craft-repair,?,?,?,,,, United-States, <=50K
,?,,?,10.067414,?,?,?,?, Male,,,,?,?
,?,, HS-grad,,?,?,?,?, Male,1082.9701,,,?, <=50K
,?,,?,,?,?,?,?,?,,,,?,?
38.579506,?,189484.39,?,,?, Craft-repair,?,?,?,,87.670456,,?,?
,?,,?,10.067414,?,?,?,?,?,,,,?,?
,?,189484.39,?,,?,?,?,?,?,,,,?,?
,?,,?,, Married-civ-spouse,?,?,?,?,,,,?,?
,?,,?,,?,?,?,?,?,,,, United-States,?
,?,, HS-grad,10.067414, Married-civ-spouse, Craft-repair, Husband,?, Male,,,,?, <=50K
,?,,?,,?,?,?,?,?,,,,?,?
,?,,?,,?,?,?,?,?,1082.9701,,,?,?
,?,,?,,?,?,?,?, Male,,,,?,?
,?,189484.39,?,,?,?,?,?,?,,,40.425713,?,?
,?,189484.39,?,10.067414,?,?,?,?,?,,,,?,?
, Private,,?,10.067414, Married-civ-spouse,?,?,?,?,,,,?,?
,?,,?,,?,?,?,?,?,,,40.425713, United-States, <=50K
38.579506,?,,?,, Married-civ-spouse,?,?,?,?,,,,?,?
,?,,?,,?,?,?, White,?,1082.9701,,40.425713,?,?
,?,,?,10.067414, Married-civ-spouse,?,?,?,?,,,, United-States,?
, Private,, HS-grad,,?, Craft-repair,?,?,?,,,,?, <=50K
,?,,?,,?,?,?,?,?,,,40.425713, United-States,?
38.579506,?,,?,,?,?, Husband,?, Male,,,,?,?
, Private,,?,10.067414, Married-civ-spouse,?, Husband,?, Male,,,, United-States, <=50K
, Private,,?,10.067414, Married-civ-spouse,?, Husband, White,?,,,,?,?
,?,, HS-grad,10.067414,?,?,?,?,?,,,, United-States,?
, Private,,?,,?, Craft-repair,?,?,?,,,,?,?
, Private,, HS-grad,, Married-civ-spouse,?,?,?, Male,,,40.425713, United-States,?
,?,,?,10.067414,?,?,?,?,?,1082.9701,87.670456,40.425713,?,?
,?,,?,,?, Craft-repair,?,?, Male,1082.9701,,,?,?
38.579506, Private,189484.39,?,,?,?,?,?,?,,87.670456,40.425713,?,?
,?,,?,, Married-civ-spouse,?,?,?, Male,,,40.425713,?, <=50K
,?,,?,,?,?,?,?,?,,,40.425713,?,?
38.579506,?,,?,,?,?,?,?,?,,,, United-States,?
, Private,,?,,?,?,?,?,?,,,,?,?
,?,,?,,?,?,?, White,?,,,,?, <=50K
,?,,?,, Married-civ-spouse, Craft-repair,?,?,?,,,,?,?
,?,, HS-grad,,?, Craft-repair,?,?,?,,,, United-States, <=50K
,?,189484.39,?,,?,?,?,?,?,,,40.425713,?,?
,?,,?,,?,?,?,?,?,,,, United-States,?
38.579506,?,,?,,?,?,?,?,?,,87.670456,40.425713,?,?
,?,,?,10.067414,?,?,?, White,?,,,40.425713,?,?
38.579506, Private,, HS-grad,,?,?, Husband, White,?,,,40.425713,?,?
,?,, HS-grad,10.067414,?,?, Husband,?,?,,,,?,?
, Private,,?,,?,?, Husband,?,?,,,,?,?
, Private,189484.39,?,,?, Craft-repair,?,?,?,1082.9701,87.670456,,?,?
,?,, HS-grad,,?,?, Husband,?, Male,,,,?,?
,?,189484.39,?,,?,?,?,?,?,,,,?, <=50K
,?,, HS-grad,,?,?,?,?,?,,87.670456,40.425713,?,?
38.579506,?,, HS-grad,,?,?,?,?, Male,,,,?,?
,?,,?,10.067414,?, Craft-repair,?,?,?,,,,?,?
38.579506,?,189484.39, HS-grad,,?,?,?, White,?,,87.670456,40.425713,?,?
,?,,?,10.067414,?,?,?,?,?,1082.9701,87.670456,,?,?
, Private,,?,,?,?,?,?,?,,,,?, <=50K
38.579506, Private,,?,,?,?,?, White, Male,,,,?,?
,?,,?,10.067414,?,?,?,?,?,1082.9701,87.670456,,?,?
, Private,,?,, Married-civ-spouse,?, Husband,?,?,,87.670456,,?,?
38.579506,?,,?,,?, Craft-repair, Husband,?,?,,,40.425713,?,?
,?,,?,, Married-civ-spouse,?,?,?,?,,,,?,?
,?,,?,,?, Craft-repair,?,?,?,1082.9701,,40.425713,?,?
,?,,?,, Married-civ-spouse,?,?, White,?,,,,?, <=50K
38.579506,?,,?,,?,?, Husband, White, Male,1082.9701,,40.425713,?,?
,?,,?,,?,?,?, White,?,1082.9701,,, United-States,?
,?,,?,10.067414, Married-civ-spouse,?,?,?, Male,,,,?,?
,?,,?,,?,?,?,?,?,,,,?,?
,?,, HS-grad,,?,?,?,?,?,,,, United-States, <=50K
,?,,?,,?,?,?,?,?,,87.670456,,?,?
,?,,?,,?,?,?,?,?,,,40.425713, United-States,?
,?,,?,,?,?,?,?,?,1082.9701,87.670456,, United-States,?
,?,,?,,?,?, Husband,?,?,1082.9701,,40.425713,?,?
,?,, HS-grad,,?,?,?,?, Male,,,,?,?
,?,, HS-grad,, Married-civ-spouse, Craft-repair,?,?,?,1082.9701,87.670456,,?,?
,?,,?,10.067414,?,?,?,?,?,,87.670456,, United-States, <=50K
, Private,189484.39,?,,?,?, Husband,?,?,,87.670456,,?,?
, Private,,?,,?,?,?, White, Male,,87.670456,,?,?
,?,189484.39,?,,?,?, Husband,?,?,,,,?,?
,?,, HS-grad,, Married-civ-spouse, Craft-repair,?,?,?,,87.670456,,?,?
,?,,?,,?,?,?, White, Male,,,,?,?
,?,,?,,?,?,?,?,?,,,,?,?
,?,,?,,?,?, Husband,?,?,,,, United-States,?
,?,,?,,?,?, Husband,?,?,1082.9701,,40.425713,?,?
38.579506,?,,?,,?,?,?,?,?,,87.670456,,?,?
,?,, HS-grad,, Married-civ-spouse, Craft-repair,?,?,?,,,,?,?
,?,,?,,?,?,?,?,?,,87.670456,,?,?
38.579506,?,,?,,?,?, Husband,?,?,,,,?,?
,?,, HS-grad,, Married-civ-spouse,?, Husband, White,?,,,, United-States, <=50K
,?,, HS-grad,, Married-civ-spouse,?,?,?, Male,,,40.425713, United-States,?
38.579506,?,,?,,?,?, Husband,?, Male,,,,?,?
,?,, HS-grad,,?, Craft-repair,?,?, Male,,,, United-States, <=50K
,?,,?,,?, Craft-repair,?,?,?,1082.9701,,, United-States,?
,?,,?,,?,?,?,?,?,1082.9701,87.670456,,?,?
,?,,?,,?,?,?,?, Male,,,40.425713,?,?
,?,,?,,?,?,?,?,?,,,, United-States,?
38.579506,?,,?,10.067414,?,?, Husband,?,?,,,,?,?
,?,,?,, Married-civ-spouse,?,?,?, Male,,,40.425713,?,?
,?,189484.39, HS-grad,,?,?,?,?, Male,,,40.425713, United-States, <=50K
,?,, HS-grad,,?,?, Husband, White,?,,,,?, <=50K
,?,,?,,?,?,?,?, Male,,,,?,?
, Private,,?,10.067414, Married-civ-spouse,?,?,?,?,,87.670456,, United-States, <=50K
38.579506,?,189484.39,?,, Married-civ-spouse, Craft-repair,?,?, Male,,,, United-States,?
,?,,?,,?,?,?, White, Male,,,40.425713,?,?
,?,,?,10.067414,?,?,?,?,?,,,,?, <=50K
38.579506,?,,?,,?,?,?,?,?,1082.9701,87.670456,40.425713,?,?
,?,189484.39,?,,?,?,?,?,?,,,,?,?
,?,,?,,?, Craft-repair,?,?, Male,,87.670456,,?,?
,?,,?,, Married-civ-spouse,?,?,?,?,,,,?,?
,?,,?,, Married-civ-spouse,?,?, White,?,1082.9701,87.670456,,?,?
,?,, HS-grad,10.067414, Married-civ-spouse,?,?, White,?,,,, United-States,?
,?,,?,,?,?,?,?,?,,87.670456,,?,?
,?,,?,,?,?,?,?,?,,,,?, <=50K
,?,189484.39, HS-grad,,?,?,?, White,?,,87.670456,40.425713, United-States, <=50K
,?,,?,,?,?,?, White,?,1082.9701,87.670456,,?,?
38.579506,?,, HS-grad,,?, Craft-repair,?,?,?,,,,?,?
, Private,, HS-grad,10.067414, Married-civ-spouse,?,?,?, Male,,,40.425713,?,?
,?,,?,,?,?,?,?,?,,,,?, <=50K
,?,189484.39,?,,?,?,?,?,?,,,,?,?
,?,189484.39,?,, Married-civ-spouse,?,?,?, Male,,,,?,?
,?,,?,,?,?,?, White,?,,,,?,?
,?,,?,, Married-civ-spouse, Craft-repair,?,?,?,,87.670456,40.425713,?, <=50K
,?,,?,,?,?,?,?,?,,,,?, <=50K
,?,189484.39,?,, Married-civ-spouse,?,?,?,?,,,,?,?
,?,,?,,?,?, Husband,?,?,,,,?,?
,?,189484.39,?,,?,?,?,?,?,,,,?,?
,?,189484.39, HS-grad,,?,?, Husband,?,?,,,,?,?
,?,189484.39,?,,?,?,?,?,?,,,40.425713,?,?
, Private,189484.39,?,,?,?,?,?,?,,,,?,?
, Private,189484.39,?,,?,?,?, White,?,1082.9701,,,?, <=50K
, Private,,?,,?, Craft-repair,?,?,?,,,, United-States,?
,?,189484.39, HS-grad,,?,?,?,?,?,,,,?,?
,?,,?,, Married-civ-spouse,?,?,?,?,,,,?,?
,?,, HS-grad,10.067414,?,?,?,?,?,,,,?,?
,?,,?,10.067414, Married-civ-spouse,?,?,?, Male,,87.670456,40.425713,?,?
,?,,?,,?, Craft-repair,?,?,?,1082.9701,87.670456,,?,?
,?,,?,,?,?, Husband,?, Male,,,,?,?
,?,, HS-grad,,?,?,?,?, Male,,87.670456,,?,?
,?,,?,,?,?,?, White,?,,,,?,?
38.579506,?,,?,,?,?,?,?,?,,,,?,?
,?,, HS-grad,10.067414, Married-civ-spouse,?,?,?,?,,,, United-States, <=50K
,?,,?,,?,?,?,?,?,,,,?,?
38.579506,?,,?,,?,?, Husband,?, Male,,,,?, <=50K
, Private,,?,10.067414,?, Craft-repair, Husband,?,?,,,,?,?
,?,,?,,?,?,?,?,?,1082.9701,,, United-States,?
38.579506,?,189484.39,?,,?,?,?,?,?,,,, United-States,?
38.579506,?,,?,,?,?, Husband,?, Male,,,,?,?
, Private,189484.39,?,,?,?,?,?,?,,,,?, <=50K
,?,,?,,?,?,?,?,?,,87.670456,, United-States,?
,?,189484.39,?,,?,?,?,?, Male,1082.9701,,,?,?
,?,, HS-grad,, Married-civ-spouse,?,?,?,?,,,40.425713,?,?
38.579506,?,,?,10.067414, Married-civ-spouse,?, Husband, White,?,1082.9701,87.670456,40.425713,?,?
,?,,?,10.067414,?,?,?, White,?,,,, United-States, <=50K
,?,,?,,?,?,?,?, Male,,87.670456,40.425713,?,?
,?,,?,, Married-civ-spouse,?,?, White,?,,,,?, <=50K
38.579506,?,,?,, Married-civ-spouse,?, Husband,?,?,,87.670456,,?,?
,?,,?,,?,?,?,?, Male,,,,?,?
38.579506,?,,?,10.067414,?,?,?,?,?,,,40.425713,?, <=50K
, Private,,?,,?,?,?, White, Male,,,,?,?
,?,189484.39, HS-grad,, Married-civ-spouse,?,?, White,?,,,,?,?
,?,,?,,?,?,?,?,?,,,,?,?
,?,, HS-grad,,?,?,?,?, Male,,,,?,?
,?,,?,,?,?, Husband,?,?,,87.670456,,?,?
38.579506, Private,, HS-grad,, Married-civ-spouse, Craft-repair,?,?, Male,,,40.425713,?,?
38.579506,?,,?,,?,?,?, White, Male,,,,?, <=50K
, Private,,?,,?,?,?,?,?,,87.670456,,?,?
, Private,,?,,?,?,?,?,?,,87.670456,,?, <=50K
38.579506,?,,?,,?,?,?,?, Male,,,40.425713,?,?
, Private,,?,,?,?,?, White,?,,87.670456,,?, <=50K
38.579506, Private,189484.39, HS-grad,, Married-civ-spouse,?, Husband, White,?,1082.9701,,,?, <=50K
,?,,?,,?, Craft-repair, Husband,?,?,,,,?,?
,?,189484.39, HS-grad,, Married-civ-spouse,?,?,?, Male,1082.9701,87.670456,, United-States,?
,?,,?,10.067414,?,?,?, White, Male,1082.9701,87.670456,40.425713,?,?
,?,,?,,?,?,?,?, Male,,,, United-States,?
,?,,?,,?, Craft-repair,?,?, Male,,,,?,?
,?,,?,, Married-civ-spouse,?,?,?,?,,,,?,?
,?,,?,10.067414,?,?,?,?,?,1082.9701,87.670456,40.425713,?, <=50K
,?,,?,,?,?,?,?,?,1082.9701,,,?, <=50K
,?,,?,,?,?, Husband, White,?,,,40.425713,?,?
,?,,?,,?,?, Husband, White,?,,,,?,?
,?,189484.39,?,10.067414,?, Craft-repair, Husband,?,?,,,, United-States, <=50K
38.579506,?,,?,,?, Craft-repair, Husband,?,?,,,, United-States,?
,?,,?,, Married-civ-spouse,?,?, White,?,,,, United-States, <=50K
, Private,189484.39, HS-grad,,?,?,?,?,?,,,,?,?
,?,,?,,?,?,?,?, Male,,,,?,?
,?,,?,,?,?, Husband,?,?,,,40.425713, United-States,?
,?,,?,,?,?,?, White,?,,,,?,?
,?,,?,,?,?, Husband,?,?,1082.9701,,,?,?
,?,,?,,?,?,?,?, Male,,,,?,?
,?,,?,10.067414,?,?,?,?,?,,,,?,?
,?,,?,,?,?,?,?,?,,87.670456,, United-States, <=50K
, Private,,?,,?, Craft-repair,?,?,?,,,40.425713,?,?
,?,,?,10.067414,?,?,?,?,?,,,,?, <=50K
,?,,?,,?,?,?,?, Male,1082.9701,,,?,?
38.579506, Private,,?,,?,?,?,?,?,1082.9701,,40.425713, United-States,?
38.579506, Private,,?,10.067414, Married-civ-spouse,?,?,?,?,,,,?,?
,?,,?,, Married-civ-spouse,?,?,?, Male,,87.670456,40.425713,?,?
,?,,?,,?,?, Husband, White,?,1082.9701,87.670456,,?,?
38.579506,?,,?,,?, Craft-repair,?, White,?,,,,?,?
,?,, HS-grad,10.067414,?, Craft-repair,?,?,?,,,40.425713,?,?
,?,, HS-grad,,?,?, Husband,?,?,,,,?,?
38.579506,?,,?,, Married-civ-spouse,?,?,?,?,,,,?,?
38.579506,?,,?,10.067414,?,?,?,?,?,1082.9701,,,?,?
,?,, HS-grad,,?,?,?,?,?,,,,?,?
,?,, HS-grad,10.067414,?,?,?,?, Male,,,, United-States,?
, Private,,?,,?,?,?,?, Male,,,40.425713,?,?
,?,,?,,?,?,?,?,?,,,,?,?
38.579506, Private,,?,, Married-civ-spouse,?,?,?,?,,87.670456,,?,?
, Private,,?,10.067414,?,?,?,?,?,,,40.425713,?,?
,?,,?,,?,?,?,?,?,,,,?,?
,?,,?,,?,?,?,?,?,,,, United-States,?
38.579506,?,, HS-grad,,?,?,?,?,?,,,,?,?
38.579506,?,, HS-grad,,?, Craft-repair,?,?,?,1082.9701,87.670456,,?, <=50K
,?,189484.39,?,,?,?,?,?, Male,,87.670456,,?,?
,?,,?,,?, Craft-repair,?,?,?,1082.9701,87.670456,, United-States,?
, Private,,?,,?,?,?,?, Male,,,,?,?
,?,189484.39,?,10.067414,?,?,?,?,?,,87.670456,,?,?
,?,,?,10.067414,?, Craft-repair, Husband,?,?,,,,?,?
38.579506,?,,?,,?,?,?,?, Male,,,,?, <=50K
,?,189484.39, HS-grad,,?,?, Husband, White,?,,,,?,?
, Private,,?,, Married-civ-spouse, Craft-repair,?,?,?,,,,?,?
38.579506, Private,, HS-grad,,?,?,?, White,?,,,40.425713,?,?
38.579506,?,189484.39,?,,?, Craft-repair,?,?,?,1082.9701,,,?,?
, Private,,?,,?,?,?,?, Male,,,,?, <=50K
, Private,,?,,?,?,?,?,?,,,, United-States,?
,?,,?,,?,?,?,?,?,,,,?,?
,?,,?,10.067414,?, Craft-repair,?,?,?,,,,?,?
,?,,?,,?,?, Husband,?, Male,,,,?,?
,?,,?,,?, Craft-repair,?,?,?,,87.670456,,?,?
,?,,?,,?,?,?,?,?,,,,?,?
,?,, HS-grad,,?,?,?,?, Male,,87.670456,,?,?
,?,,?,,?,?,?,?,?,,,,?,?
,?,,?,,?,?,?,?, Male,,,,?,?
,?,,?,,?,?,?,?,?,,,40.425713,?,?
,?,, HS-grad,, Married-civ-spouse, Craft-repair,?,?, Male,,,,?, <=50K
38.579506,?,,?,, Married-civ-spouse,?,?,?,?,,,,?,?
38.579506,?,,?,,?, Craft-repair, Husband, White, Male,,,,?,?
, Private,189484.39,?,10.067414,?,?,?,?, Male,1082.9701,,,?,?
,?,,?,,?, Craft-repair, Husband,?,?,,,40.425713,?,?
, Private,189484.39, HS-grad,,?,?,?,?,?,,,,?,?
38.579506,?,,?,,?,?, Husband,?,?,1082.9701,,,?,?
,?,,?,,?,?, Husband, White,?,,,,?,?
,?,,?,,?,?,?,?,?,,87.670456,,?,?
,?,,?,10.067414, Married-civ-spouse,?,?,?,?,,,,?,?
,?,,?,,?, Craft-repair, Husband,?,?,,87.670456,,?,?
,?,, HS-grad,10.067414,?, Craft-repair,?,?,?,,,,?,?
,?,,?,,?, Craft-repair,?,?,?,1082.9701,,,?, <=50K
,?,,?,10.067414,?,?,?,?,?,,,,?,?
,?,, HS-grad,,?,?,?,?,?,,,,?,?
, Private,,?,,?,?,?,?, Male,1082.9701,,,?, <=50K
,?,,?,,?, Craft-repair,?,?, Male,,,,?, <=50K
, Private,189484.39,?,10.067414,?,?, Husband,?,?,1082.9701,,,?,?
, Private,189484.39,?,,?,?,?,?, Male,,,,?,?
38.579506,?,,?,10.067414,?,?,?,?,?,,,,?, <=50K
,?,,?,,?,?,?,?, Male,,,,?,?
, Private,189484.39,?,, Married-civ-spouse,?,?,?,?,,,,?,?
38.579506,?,189484.39,?,, Married-civ-spouse,?,?,?,?,1082.9701,,,?,?
,?,,?,,?, Craft-repair,?, White,?,,,, United-States,?
38.579506,?,,?,, Married-civ-spouse,?,?,?,?,,,,?,?
38.579506,?,189484.39,?,10.067414,?, Craft-repair,?,?,?,,,40.425713,?,?
,?,, HS-grad,10.067414,?, Craft-repair,?,?,?,,,,?,?
38.579506,?,,?,,?,?,?,?,?,,,,?,?
, Private,, HS-grad,, Married-civ-spouse,?,?,?, Male,,,,?,?
, Private,189484.39,?,,?,?,?,?,?,,,, United-States,?
,?,189484.39,?,, Married-civ-spouse,?,?, White,?,,,,?,?
,?,,?,,?, Craft-repair, Husband,?,?,,,,?, <=50K
,?,, HS-grad,10.067414,?,?,?,?,?,,,,?,?
,?,,?,,?,?, Husband,?, Male,,,,?, <=50K
,?,,?,,?, Craft-repair, Husband,?,?,,87.670456,,?,?
,?,,?,,?, Craft-repair, Husband,?, Male,,,,?,?
,?,189484.39,?,10.067414,?,?, Husband,?,?,,,,?,?
38.579506,?,, HS-grad,,?,?,?,?, Male,,,, United-States, <=50K
,?,,?,,?,?,?,?,?,,,,?,?
,?,,?,,?,?,?,?,?,,,,?,?
,?,,?,, Married-civ-spouse,?,?, White,?,,,,?,?
,?,,?,10.067414,?,?,?,?,?,,,,?,?
,?,189484.39,?,,?,?,?,?,?,,,, United-States,?
,?,,?,,?, Craft-repair,?,?,?,,87.670456,,?,?
,?,, HS-grad,,?,?,?,?,?,,,40.425713,?,?
,?,,?,, Married-civ-spouse,?,?, White,?,1082.9701,,40.425713,?,?
38.579506,?,189484.39,?,, Married-civ-spouse,?, Husband, White,?,,,,?, <=50K
,?,,?,,?,?,?,?,?,,,,?,?
, Private,,?,,?,?, Husband, White, Male,,,, United-States,?
,?,,?,,?,?, Husband,?,?,,87.670456,40.425713,?,?
38.579506,?,,?,,?,?,?,?, Male,,87.670456,, United-States,?
,?,189484.39,?,,?,?,?,?,?,,,40.425713,?,?
, Private,,?,,?,?,?,?,?,1082.9701,87.670456,,?,?
,?,,?,10.067414,?, Craft-repair,?,?,?,,,40.425713,?,?
,?,,?,,?,?,?,?,?,,87.670456,40.425713,?,?
38.579506,?,, HS-grad,,?, Craft-repair,?,?,?,,87.670456,, United-States, <=50K
,?,,?,,?,?,?,?,?,,,,?,?
, Private,189484.39,?,, Married-civ-spouse, Craft-repair, Husband,?,?,,,, United-States,?
,?,,?,,?,?,?,?,?,,,,?,?
,?,, HS-grad,,?,?,?,?,?,,,40.425713,?,?
,?,,?,,?,?,?,?,?,,87.670456,,?,?
, Private,189484.39,?,,?,?,?,?,?,,,, United-States,?
,?,,?,10.067414,?,?, Husband,?,?,,,,?,?
,?,,?,,?,?,?,?,?,,,, United-States,?
,?,, HS-grad,10.067414, Married-civ-spouse,?,?,?,?,,,, United-States, <=50K
,?,189484.39,?,,?,?,?,?,?,,,40.425713,?,?
38.579506,?,,?,10.067414,?,?,?,?,?,,87.670456,,?,?
,?,,?,,?,?, Husband,?,?,,,,?,?
, Private,,?,,?,?,?,?,?,1082.9701,,,?,?
,?,,?,,?,?,?,?,?,,,,?, <=50K
38.579506,?,189484.39,?,,?,?,?,?,?,,,,?, <=50K
,?,189484.39,?,,?,?,?,?,?,,,,?,?
, Private,,?,,?, Craft-repair, Husband,?, Male,,,,?,?
38.579506,?,,?,10.067414,?,?,?, White,?,1082.9701,,40.425713, United-States,?
, Private,,?,,?,?,?,?,?,,,, United-States,?
,?,189484.39,?,,?, Craft-repair,?, White,?,,87.670456,, United-States,?
38.579506,?,,?,,?, Craft-repair, Husband,?,?,1082.9701,,, United-States,?
, Private,,?,,?,?,?,?,?,1082.9701,87.670456,,?,?
,?,,?,,?,?,?,?,?,,,40.425713, United-States,?
38.579506, Private,,?,, Married-civ-spouse,?, Husband, White,?,,,40.425713,?,?
,?,,?,10.067414, Married-civ-spouse,?,?,?,?,,,,?,?
38.579506,?,189484.39,?,,?,?,?,?,?,,,,?,?
,?,189484.39,?,,?,?,?,?, Male,,,, United-States, <=50K
,?,,?,10.067414,?,?,?,?,?,,87.670456,,?,?
38.579506, Private,,?,,?,?,?,?,?,1082.9701,,,?,?
38.579506,?,,?,,?,?,?,?,?,,,,?,?
, Private,,?,,?,?,?,?,?,1082.9701,,,?,?
,?,,?,10.067414,?, Craft-repair,?,?,?,,87.670456,,?,?
,?,189484.39,?,,?,?,?,?,?,,,40.425713, United-States, <=50K
, Private,,?,,?,?,?,?,?,,87.670456,, United-States,?
38.579506,?,,?,,?, Craft-repair,?, White,?,,,,?, <=50K
, Private,189484.39,?,10.067414,?,?,?,?,?,,,, United-States,?
38.579506, Private,,?,,?,?, Husband,?,?,,,, United-States,?
,?,189484.39,?,,?,?, Husband,?, Male,1082.9701,,,?,?
,?,,?,, Married-civ-spouse,?, Husband,?,?,,,,?,?
38.579506,?,, HS-grad,10.067414,?,?,?,?,?,,,, United-States,?
38.579506,?,189484.39,?,10.067414,?,?,?,?,?,,,, United-States,?
, Private,189484.39,?,, Married-civ-spouse,?,?,?, Male,,,, United-States,?
, Private,,?,,?,?,?, White,?,,,,?, <=50K
38.579506, Private,,?,,?,?,?, White,?,,,,?,?
,?,189484.39,?,, Married-civ-spouse,?,?,?,?,,,40.425713,?,?
, Private,,?,10.067414,?, Craft-repair, Husband, White,?,,,, United-States,?
,?,,?,,?,?,?,?,?,1082.9701,,,?,?
, Private,189484.39,?,,?,?,?,?,?,,,,?,?
, Private,,?,10.067414, Married-civ-spouse,?,?,?,?,,,40.425713, United-States,?
38.579506,?,189484.39,?,,?,?,?,?,?,,87.670456,,?, <=50K
,?,,?,,?,?,?, White,?,,,,?,?
,?,,?,, Married-civ-spouse,?,?,?,?,,,40.425713,?,?
,?,,?,, Married-civ-spouse,?,?,?,?,,,, United-States, <=50K
,?,, HS-grad,, Married-civ-spouse,?,?,?,?,,,, United-States, <=50K
,?,,?,,?, Craft-repair,?,?,?,,,,?,?
, Private,,?,,?,?,?,?,?,,,, United-States,?
,?,,?,,?,?,?,?,?,,,,?,?
,?,,?,10.067414,?,?,?,?, Male,,,,?,?
, Private,189484.39, HS-grad,,?,?, Husband,?,?,,,,?,?
38.579506,?,,?,10.067414,?,?, Husband,?,?,1082.9701,87.670456,,?,?
,?,,?,,?,?,?,?,?,,87.670456,, United-States,?
,?,,?,,?,?,?, White, Male,1082.9701,,40.425713,?,?
,?,,?,,?,?,?,?, Male,,,,?, <=50K
, Private,189484.39,?,,?, Craft-repair,?, White,?,,87.670456,,?,?
, Private,,?,, Married-civ-spouse,?,?,?,?,,,,?,?
,?,189484.39,?,,?,?,?,?,?,,87.670456,, United-States,?
38.579506,?,,?,,?,?,?,?,?,,,,?,?
,?,,?,, Married-civ-spouse,?,?,?,?,,,, United-States, <=50K
, Private,189484.39,?,10.067414,?,?,?,?, Male,1082.9701,,,?,?
,?,,?,,?,?,?,?,?,,,, United-States,?
38.579506, Private,,?,10.067414,?,?, Husband,?,?,,,, United-States,?
,?,,?,,?,?,?,?,?,,,,?,?
,?,189484.39,?,,?,?,?,?, Male,,,,?,?
, Private,,?,,?, Craft-repair,?, White, Male,1082.9701,,,?, <=50K
,?,,?,,?,?,?,?,?,,,40.425713, United-States,?
, Private,189484.39,?,10.067414,?,?,?,?,?,,,,?,?
,?,,?,,?, Craft-repair,?,?, Male,,,40.425713,?, <=50K
,?,,?,,?,?, Husband,?,?,,87.670456,,?,?
,?,, HS-grad,10.067414,?, Craft-repair,?,?,?,,,,?,?
,?,, HS-grad,,?,?,?,?,?,,,40.425713,?,?
, Private,,?,10.067414,?,?,?,?, Male,1082.9701,,40.425713,?,?
,?,,?,,?,?,?,?,?,,,, United-States,?
38.579506,?,,?,,?,?,?,?,?,,,,?,?
,?,189484.39, HS-grad,,?,?,?,?,?,,,,?,?
38.579506,?,,?,10.067414,?,?,?,?, Male,,,,?, <=50K
, Private,,?,,?,?,?,?, Male,1082.9701,,,?,?
38.579506,?,, HS-grad,,?,?,?,?,?,,,,?,?
38.579506,?,,?,,?,?,?,?, Male,,,40.425713,?, <=50K
,?,189484.39, HS-grad,, Married-civ-spouse,?,?,?,?,,87.670456,40.425713,?,?
38.579506,?,, HS-grad,10.067414,?, Craft-repair,?,?,?,,,,?,?
,?,189484.39,?,,?,?,?,?,?,,,,?, <=50K
, Private,,?,,?,?,?,?,?,1082.9701,87.670456,40.425713,?,?
,?,,?,,?, Craft-repair,?,?,?,,,40.425713,?, <=50K
,?,,?,,?,?,?,?,?,1082.9701,,,?, <=50K
, Private,,?,, Married-civ-spouse,?,?,?,?,,,,?,?
,?,189484.39,?,,?,?,?,?,?,,,, United-States,?
,?,, HS-grad,,?, Craft-repair,?,?,?,,,, United-States,?
,?,,?,,?,?,?, White,?,,,40.425713,?, <=50K
,?,189484.39,?,,?,?, Husband, White,?,1082.9701,,, United-States, <=50K
,?,,?,,?,?,?,?,?,,,, United-States,?
38.579506,?,, HS-grad,, Married-civ-spouse,?,?,?,?,1082.9701,,,?, <=50K
,?,,?,, Married-civ-spouse,?,?, White,?,,,40.425713,?,?
,?,, HS-grad,,?,?, Husband,?,?,,,40.425713,?, <=50K
,?,, HS-grad,,?, Craft-repair,?, White,?,,,,?, <=50K
, Private,189484.39,?,,?,?, Husband,?,?,,,, United-States, <=50K
,?,,?,10.067414,?, Craft-repair, Husband,?, Male,1082.9701,,,?,?
,?,,?,,?,?,?,?,?,,,,?,?
38.579506,?,,?,,?,?,?, White,?,,,,?,?
38.579506, Private,,?,, Married-civ-spouse,?,?,?,?,,87.670456,40.425713,?,?
,?,,?,10.067414,?,?,?,?, Male,,87.670456,,?,?
, Private,,?,,?,?,?,?,?,,,,?,?
, Private,, HS-grad,,?,?,?,?,?,,,,?,?
,?,,?,10.067414,?,?,?,?, Male,1082.9701,,, United-States, <=50K
,?,,?,,?,?, Husband,?,?,1082.9701,,,?,?
,?,,?,10.067414,?,?,?,?,?,1082.9701,,40.425713, United-States,?
38.579506,?,,?,10.067414,?,?,?,?,?,,,,?, <=50K
,?,, HS-grad,,?,?,?, White,?,,,40.425713,?,?
,?,,?,,?,?,?,?,?,,87.670456,40.425713,?, <=50K
,?,, HS-grad,,?,?, Husband,?,?,,,, United-States,?
,?,,?,,?,?,?,?,?,1082.9701,,, United-States,?
,?,,?,,?,?,?,?,?,,,,?, <=50K
38.579506,?,, HS-grad,, Married-civ-spouse,?,?,?,?,,,40.425713,?,?
38.579506, Private,189484.39,?,,?,?,?,?,?,,87.670456,,?,?
,?,, HS-grad,,?,?,?,?,?,1082.9701,,40.425713,?,?
38.579506, Private,,?,,?,?,?,?,?,1082.9701,,,?, <=50K
,?,189484.39,?,10.067414,?,?,?,?,?,,,,?,?
,?,,?,10.067414, Married-civ-spouse,?,?,?,?,,,,?, <=50K
,?,,?,,?,?,?,?,?,,,,?,?
,?,,?,,?,?,?,?,?,,,40.425713,?,?
38.579506,?,,?,,?,?,?,?,?,,,,?,?
, Private,,?,,?,?,?,?,?,,,40.425713,?,?
,?,189484.39,?,,?,?,?,?, Male,,,, United-States,?
,?,,?,,?, Craft-repair,?,?, Male,,,,?, <=50K
38.579506, Private,,?,,?,?,?, White,?,,,,?,?
,?,,?,,?,?, Husband, White,?,,87.670456,,?, <=50K
,?,,?,,?,?,?,?,?,,,40.425713, United-States,?
, Private,189484.39,?,, Married-civ-spouse,?,?,?, Male,,,,?, <=50K
,?,,?,,?, Craft-repair,?,?,?,,,,?,?
,?,, HS-grad,,?,?, Husband, White, Male,,,,?, <=50K
,?,,?,10.067414,?,?,?,?,?,,87.670456,40.425713,?,?
38.579506,?,,?,,?, Craft-repair, Husband,?,?,,87.670456,,?, <=50K
, Private,, HS-grad,10.067414, Married-civ-spouse,?,?,?,?,,,,?,?
, Private,,?,, Married-civ-spouse,?,?, White,?,1082.9701,,,?,?
,?,, HS-grad,,?,?,?,?,?,,,40.425713,?, <=50K
,?,, HS-grad,,?,?,?,?,?,1082.9701,,40.425713,?,?
,?,, HS-grad,,?,?,?,?,?,,,40.425713,?,?
,?,,?,,?,?,?,?,?,1082.9701,,, United-States,?
, Private,,?,,?,?,?,?, Male,,,,?,?
,?,189484.39,?,,?,?,?,?,?,1082.9701,,,?, <=50K
,?,,?,,?,?,?,?,?,1082.9701,,,?,?
, Private,, HS-grad,,?, Craft-repair,?,?, Male,,,,?,?
,?,, HS-grad,, Married-civ-spouse,?,?,?,?,,,,?, <=50K
,?,189484.39,?,,?,?,?, White,?,,87.670456,,?, <=50K
38.579506,?,,?,, Married-civ-spouse, Craft-repair,?,?, Male,,87.670456,,?,?
,?,,?,,?,?,?,?,?,,,, United-States,?
,?,, HS-grad,,?,?,?,?,?,,87.670456,,?,?
,?,,?,,?,?,?,?,?,,87.670456,40.425713,?,?
,?,, HS-grad,10.067414,?,?,?,?,?,1082.9701,,,?,?
,?,189484.39,?,,?,?, Husband,?, Male,1082.9701,,,?,?
, Private,,?,,?,?,?,?,?,,87.670456,,?,?
,?,,?,,?,?,?, White, Male,,,, United-States,?
, Private,189484.39,?,,?,?, Husband,?,?,,87.670456,40.425713, United-States, <=50K
,?,,?,, Married-civ-spouse,?, Husband, White,?,,87.670456,40.425713,?,?
,?,189484.39, HS-grad,10.067414, Married-civ-spouse,?,?, White,?,,,, United-States,?
38.579506,?,189484.39,?,,?, Craft-repair,?,?, Male,,,,?,?
,?,,?,,?,?,?,?,?,,87.670456,,?, <=50K
,?,,?,,?,?,?, White,?,,87.670456,,?,?
,?,,?,,?,?,?,?,?,,,,?,?
,?,189484.39,?,,?,?,?,?,?,,,,?,?
,?,189484.39,?,,?,?,?,?,?,1082.9701,87.670456,, United-States,?
,?,,?,,?,?,?,?,?,,87.670456,,?,?
,?,,?,,?, Craft-repair,?,?,?,,,,?,?
, Private,, HS-grad,10.067414,?,?, Husband,?,?,1082.9701,,,?,?
,?,,?,10.067414,?,?, Husband,?,?,,,, United-States,?
, Private,,?,,?, Craft-repair,?,?, Male,,,,?, <=50K
,?,,?,,?, Craft-repair,?,?,?,,87.670456,,?,?
,?,,?,,?, Craft-repair,?,?, Male,,,40.425713,?,?
, Private,,?,,?,?, Husband,?,?,,,,?,?
,?,,?,, Married-civ-spouse,?, Husband,?,?,,,,?,?
, Private,,?,,?,?, Husband,?,?,1082.9701,,,?,?
38.579506,?,,?,,?,?,?,?, Male,,,,?,?
,?,, HS-grad,, Married-civ-spouse,?,?, White, Male,,,,?,?
,?,189484.39,?,,?,?,?,?, Male,,87.670456,, United-States,?
,?,189484.39, HS-grad,10.067414, Married-civ-spouse,?,?,?,?,,,,?,?
,?,189484.39,?,,?, Craft-repair,?,?,?,1082.9701,,,?,?
38.579506,?,, HS-grad,, Married-civ-spouse,?,?,?,?,,87.670456,40.425713, United-States,?
,?,,?,,?,?,?,?,?,,,40.425713,?,?
,?,,?,,?,?, Husband,?,?,1082.9701,,,?,?
, Private,,?,,?,?,?,?,?,,,, United-States,?
38.579506,?,, HS-grad,10.067414,?,?,?,?,?,,87.670456,, United-States, <=50K
,?,,?,,?, Craft-repair,?,?,?,,,,?,?
, Private,,?,,?, Craft-repair,?,?, Male,,87.670456,40.425713,?,?
,?,,?,10.067414,?,?,?,?,?,,87.670456,,?, <=50K
,?,189484.39, HS-grad,,?,?,?,?,?,,,,?,?
,?,,?,10.067414, Married-civ-spouse,?,?,?, Male,,,,?,?
,?,, HS-grad,, Married-civ-spouse,?, Husband,?, Male,,,,?,?
, Private,,?,,?,?,?, White,?,1082.9701,,,?,?
,?,, HS-grad,,?,?,?,?,?,,,,?,?
,?,189484.39,?,10.067414, Married-civ-spouse,?,?,?,?,,,,?,?
, Private,189484.39,?,,?,?,?, White,?,,,,?,?
,?,,?,,?,?, Husband, White, Male,,,40.425713,?, <=50K
,?,, HS-grad,,?,?,?,?, Male,1082.9701,,,?,?
, Private,, HS-grad,10.067414, Married-civ-spouse,?, Husband,?,?,,,40.425713,?,?
,?,,?,,?, Craft-repair,?,?,?,,,40.425713,?,?
,?,,?,,?,?,?, White,?,1082.9701,,, United-States,?
, Private,,?,, Married-civ-spouse,?, Husband,?,?,,,,?,?
,?,,?,, Married-civ-spouse,?,?,?,?,,,,?,?
,?,189484.39,?,,?,?, Husband,?,?,,,, United-States,?
, Private,189484.39,?,10.067414,?,?,?,?,?,,,, United-States,?
,?,,?,,?,?,?,?,?,,,40.425713, United-States,?
38.579506,?,189484.39, HS-grad,,?,?,?,?,?,,,,?,?
38.579506,?,, HS-grad,,?,?,?,?,?,,87.670456,,?,?
,?,,?,,?,?, Husband,?,?,,,, United-States,?
,?,,?,,?,?,?,?,?,,87.670456,,?, <=50K
38.579506,?,, HS-grad,,?,?,?,?,?,,,, United-States,?
,?,,?,,?, Craft-repair,?, White,?,,,,?,?
,?,189484.39,?,,?,?, Husband,?,?,1082.9701,87.670456,,?,?
,?,, HS-grad,,?,?,?,?,?,,,, United-States, <=50K
38.579506,?,189484.39,?,,?,?, Husband, White, Male,,,, United-States,?
,?,,?,,?,?, Husband,?,?,,,, United-States,?
,?,,?,10.067414,?, Craft-repair, Husband, White,?,,87.670456,,?,?
,?,189484.39,?,,?,?, Husband,?,?,,,40.425713, United-States,?
,?,, HS-grad,10.067414,?,?,?, White, Male,,87.670456,, United-States,?
,?,,?,,?,?,?,?,?,,,, United-States,?
38.579506,?,, HS-grad,,?,?, Husband, White,?,,87.670456,, United-States, <=50K
, Private,,?,,?,?,?, White,?,,87.670456,, United-States,?
, Private,, HS-grad,,?,?,?, White,?,,,40.425713,?,?
,?,,?,10.067414, Married-civ-spouse,?,?, White,?,,87.670456,,?,?
, Private,,?,,?,?,?,?,?,,87.670456,,?,?
,?,,?,,?,?,?,?,?,1082.9701,,40.425713,?, <=50K
,?,,?,,?,?,?,?,?,,,40.425713,?,?
,?,, HS-grad,10.067414,?,?,?,?,?,,,,?,?
,?,, HS-grad,,?,?,?,?,?,1082.9701,87.670456,,?,?
, Private,,?,10.067414,?,?,?,?,?,,,40.425713,?,?
,?,,?,, Married-civ-spouse,?,?,?,?,,,, United-States, <=50K
,?,,?,,?,?,?,?,?,,,, United-States,?
,?,, HS-grad,,?,?, Husband,?,?,,,40.425713,?,?
,?,,?,10.067414, Married-civ-spouse,?,?,?,?,,,40.425713,?,?
,?,189484.39,?,, Married-civ-spouse,?,?,?,?,,87.670456,,?, <=50K
,?,,?,,?,?,?,?,?,,,, United-States,?
,?,,?,10.067414,?, Craft-repair,?, White,?,,,, United-States,?
38.579506, Private,, HS-grad,,?,?, Husband,?,?,,,,?, <=50K
,?,189484.39,?,,?,?,?,?,?,,87.670456,,?,?
38.579506,?,, HS-grad,,?,?,?,?,?,,,,?,?
,?,,?,,?,?, Husband,?,?,,,,?,?
,?,,?,10.067414,?,?,?,?,?,,,, United-States,?
,?,, HS-grad,10.067414,?, Craft-repair,?,?,?,,,40.425713,?, <=50K
38.579506,?,189484.39,?,,?,?,?,?,?,,,,?,?
,?,,?,,?,?,?, White,?,,,,?,?
38.579506,?,189484.39,?,,?,?,?,?,?,1082.9701,,,?,?
,?,189484.39, HS-grad,,?,?,?,?, Male,1082.9701,87.670456,,?, <=50K
,?,,?,,?,?,?, White,?,,,,?,?
, Private,,?,10.067414,?,?,?,?,?,1082.9701,87.670456,, United-States, <=50K
, Private,,?,,?,?,?,?,?,,,,?,?
,?,,?,,?, Craft-repair,?, White,?,1082.9701,87.670456,,?,?
,?,,?,, Married-civ-spouse,?, Husband,?,?,,,,?,?
38.579506,?,,?,10.067414,?,?,?,?,?,1082.9701,,,?,?
38.579506, Private,189484.39,?,,?,?,?,?,?,,87.670456,,?,?
,?,,?,,?, Craft-repair,?, White,?,,,,?,?
,?,,?,10.067414,?,?, Husband,?,?,,,, United-States, <=50K
,?,189484.39,?,10.067414,?,?, Husband,?,?,,,, United-States,?
,?,, HS-grad,10.067414,?,?,?,?,?,1082.9701,,, United-States, <=50K
38.579506, Private,189484.39,?,,?,?,?,?,?,,,,?,?
,?,,?,, Married-civ-spouse,?,?, White,?,,,40.425713, United-States,?
, Private,, HS-grad,,?,?,?,?,?,,,,?, <=50K
, Private,189484.39,?,,?,?, Husband,?,?,,87.670456,,?,?
,?,,?,10.067414,?,?,?,?, Male,1082.9701,,, United-States,?
38.579506,?,, HS-grad,,?,?, Husband, White,?,,,,?,?
,?,,?,,?,?,?,?,?,,,,?,?
,?,,?,, Married-civ-spouse,?,?, White,?,,,,?, <=50K
,?,,?,,?,?,?,?,?,1082.9701,,40.425713, United-States,?
,?,,?,,?,?,?, White,?,,,,?,?
,?,,?,,?,?,?,?, Male,1082.9701,,,?,?
,?,,?,, Married-civ-spouse,?,?,?,?,1082.9701,,,?,?
38.579506, Private,,?,,?,?,?,?,?,,,,?,?
,?,189484.39, HS-grad,,?,?,?,?,?,,87.670456,,?,?
,?,,?,,?,?, Husband,?,?,1082.9701,87.670456,40.425713,?,?
38.579506,?,,?,,?,?, Husband,?,?,,,,?,?
,?,,?,,?,?,?,?, Male,,87.670456,40.425713, United-States,?
, Private,,?,,?, Craft-repair, Husband,?,?,,,,?,?
, Private,,?,,?,?,?,?, Male,,,40.425713,?, <=50K
38.579506,?,,?,,?,?, Husband, White,?,,87.670456,,?,?
, Private,,?,10.067414,?,?,?,?, Male,,,40.425713,?, <=50K
,?,189484.39, HS-grad,10.067414,?,?,?,?, Male,,,,?,?
, Private,, HS-grad,10.067414,?,?,?,?, Male,,,,?,?
38.579506, Private,,?,, Married-civ-spouse,?,?,?,?,1082.9701,,,?, <=50K
,?,,?,, Married-civ-spouse,?, Husband,?,?,,,40.425713,?, <=50K
38.579506,?,, HS-grad,,?, Craft-repair,?,?, Male,,87.670456,40.425713, United-States, <=50K
,?,,?,,?,?,?,?,?,,,40.425713, United-States,?
,?,, HS-grad,10.067414, Married-civ-spouse, Craft-repair,?,?,?,1082.9701,,,?,?
,?,, HS-grad,,?,?, Husband, White,?,,,,?, <=50K
,?,,?,,?,?,?, White,?,,,,?,?
,?,189484.39,?,,?,?,?,?,?,,,,?,?
,?,,?,,?,?,?,?,?,,,,?,?
38.579506,?,189484.39,?,,?,?,?,?, Male,,,40.425713,?,?
38.579506, Private,,?,,?,?, Husband,?,?,,,,?,?
,?,,?,10.067414,?,?,?,?,?,,,40.425713, United-States,?
,?,,?,, Married-civ-spouse,?,?,?,?,,,40.425713,?,?
,?,,?,,?, Craft-repair,?,?, Male,,,,?,?
,?,, HS-grad,,?,?, Husband,?,?,1082.9701,,,?,?
, Private,189484.39,?,10.067414,?,?,?, White, Male,,,40.425713,?,?
,?,,?,,?,?,?,?,?,,87.670456,,?,?
, Private,,?,, Married-civ-spouse,?,?,?,?,,,40.425713,?, <=50K
, Private,, HS-grad,,?,?, Husband,?,?,,,,?,?
,?,,?,,?,?, Husband,?,?,,,, United-States,?
, Private,,?,,?,?,?, White, Male,,,40.425713,?, <=50K
, Private,189484.39, HS-grad,10.067414, Married-civ-spouse, Craft-repair,?,?,?,1082.9701,,,?, <=50K
38.579506,?,189484.39, HS-grad,10.067414,?,?,?,?,?,1082.9701,,40.425713,?,?
,?,,?,,?,?,?,?, Male,,87.670456,,?,?
,?,,?,, Married-civ-spouse,?,?,?,?,,,,?,?
,?,, HS-grad,, Married-civ-spouse,?,?,?,?,,,,?, <=50K
38.579506,?,189484.39,?,10.067414, Married-civ-spouse,?,?,?,?,,,,?, <=50K
, Private,,?,10.067414,?, Craft-repair,?,?,?,,,, United-States, <=50K
38.579506,?,189484.39,?,10.067414,?,?,?,?,?,1082.9701,,,?,?
38.579506, Private,,?,, Married-civ-spouse, Craft-repair, Husband, White, Male,,,,?,?
, Private,,?,, Married-civ-spouse,?,?,?, Male,,,40.425713,?,?
,?,189484.39,?,,?,?,?,?,?,,,,?,?
, Private,, HS-grad,,?,?,?,?,?,1082.9701,,, United-States, <=50K
38.579506,?,, HS-grad,,?,?,?, White, Male,,87.670456,, United-States,?
, Private,,?,10.067414,?,?,?,?,?,,,,?,?
,?,,?,,?,?,?,?,?,,,, United-States,?
,?,,?,, Married-civ-spouse, Craft-repair,?,?,?,,,40.425713, United-States,?
,?,,?,10.067414,?,?,?,?,?,,,, United-States,?
, Private,,?,,?,?,?, White,?,,,,?, <=50K
,?,,?,,?, Craft-repair, Husband,?,?,,87.670456,,?, <=50K
38.579506,?,,?,,?, Craft-repair,?,?,?,,,,?,?
, Private,,?,,?,?,?,?, Male,,,,?,?
,?,,?,,?, Craft-repair,?,?,?,1082.9701,87.670456,,?,?
,?,,?,,?, Craft-repair,?,?, Male,,,, United-States,?
,?,,?,10.067414,?,?,?,?, Male,,,,?, <=50K
,?,,?,,?,?,?,?, Male,,,,?,?
38.579506,?,,?,,?, Craft-repair,?,?,?,,87.670456,,?,?
38.579506,?,189484.39,?,,?,?,?,?,?,,,,?,?
,?,,?,, Married-civ-spouse,?,?,?,?,,,,?,?
,?,,?,,?,?,?,?,?,,,,?, <=50K
38.579506,?,,?,10.067414,?, Craft-repair,?,?,?,1082.9701,,, United-States,?
,?,,?,,?,?,?,?, Male,,,,?,?
38.579506,?,,?,,?,?,?, White,?,1082.9701,,,?,?
,?,,?,,?,?,?,?, Male,,,, United-States,?
,?,,?,10.067414,?,?,?,?,?,,,,?,?
, Private,,?,,?,?, Husband,?, Male,1082.9701,,,?,?
38.579506, Private,,?,, Married-civ-spouse,?,?,?,?,,,, United-States,?
,?,189484.39,?,,?,?,?,?, Male,,,,?,?
, Private,,?,,?,?, Husband,?, Male,1082.9701,,,?, <=50K
,?,,?,10.067414,?,?,?,?,?,,,,?, <=50K
,?,, HS-grad,,?,?,?, White, Male,,,40.425713,?,?
,?,189484.39,?,10.067414, Married-civ-spouse,?,?,?,?,,,,?,?
, Private,,?,,?, Craft-repair,?,?, Male,1082.9701,,,?, <=50K
, Private,189484.39,?,,?,?,?,?,?,,,,?,?
, Private,, HS-grad,10.067414,?,?,?,?,?,,87.670456,,?,?
, Private,,?,,?,?,?,?,?,,,,?,?
, Private,189484.39,?,,?, Craft-repair,?,?,?,1082.9701,,,?,?
,?,,?,,?, Craft-repair,?,?,?,,,,?,?
,?,189484.39,?,, Married-civ-spouse,?,?,?, Male,,,, United-States,?
,?,189484.39, HS-grad,10.067414,?,?,?,?,?,,,,?,?
,?,,?,, Married-civ-spouse,?, Husband,?,?,,,,?,?
,?,,?,, Married-civ-spouse,?,?,?,?,,,,?,?
,?,, HS-grad,,?,?,?,?,?,1082.9701,,,?,?
,?,,?,,?,?,?,?,?,1082.9701,,,?,?
,?,,?,, Married-civ-spouse,?, Husband,?,?,,,,?,?
, Private,,?,,?,?,?,?, Male,,,40.425713, United-States,?
,?,, HS-grad,,?,?,?,?,?,,,40.425713,?, <=50K
,?,,?,10.067414,?, Craft-repair,?,?,?,,,,?,?
,?,, HS-grad,,?,?,?, White,?,1082.9701,,,?,?
,?,, HS-grad,,?,?,?, White,?,,,,?,?
,?,,?,,?,?,?, White, Male,,,,?,?
,?,, HS-grad,,?,?,?,?,?,,,,?,?
,?,,?,10.067414,?,?,?, White,?,,,,?, <=50K
38.579506,?,,?,,?,?,?,?,?,,87.670456,,?,?
38.579506, Private,,?,,?, Craft-repair, Husband, White,?,,,,?,?
38.579506,?,,?,10.067414,?,?,?,?,?,,,40.425713,?,?
,?,,?,10.067414,?,?,?,?,?,,,, United-States,?
,?,, HS-grad,,?,?,?,?,?,,,, United-States,?
,?,, HS-grad,,?,?,?,?,?,1082.9701,87.670456,,?,?
,?,,?,10.067414,?,?,?,?,?,,,,?,?
38.579506,?,189484.39,?,, Married-civ-spouse, Craft-repair, Husband, White,?,,,,?,?
,?,,?,10.067414,?,?,?,?,?,,87.670456,,?,?
38.579506, Private,,?,10.067414,?,?, Husband,?,?,1082.9701,87.670456,, United-States,?
,?,,?,, Married-civ-spouse,?,?, White, Male,,87.670456,,?,?
,?,, HS-grad,,?,?,?, White,?,,,,?, <=50K
, Private,,?,,?,?,?, White, Male,,,, United-States, <=50K
,?,,?,,?,?, Husband,?, Male,,,, United-States,?
38.579506, Private,189484.39, HS-grad,,?,?,?,?, Male,,,,?,?
, Private,, HS-grad,, Married-civ-spouse,?,?,?,?,1082.9701,,,?,?
38.579506,?,189484.39,?,, Married-civ-spouse,?,?, White,?,,,40.425713, United-States, <=50K
,?,,?,,?,?, Husband, White,?,,87.670456,, United-States,?
38.579506, Private,,?,10.067414, Married-civ-spouse,?,?,?,?,,87.670456,,?,?
,?,, HS-grad,,?, Craft-repair,?,?,?,,87.670456,,?,?
,?,,?,, Married-civ-spouse,?,?,?,?,,,,?,?
, Private,,?,,?,?,?,?,?,1082.9701,,,?,?
,?,189484.39,?,, Married-civ-spouse,?,?,?,?,,87.670456,,?,?
,?,,?,,?,?,?,?,?,,,40.425713,?,?
,?,, HS-grad,10.067414,?, Craft-repair,?, White,?,1082.9701,,,?,?
,?,,?,10.067414,?,?,?,?,?,1082.9701,,,?,?
, Private,, HS-grad,, Married-civ-spouse,?,?,?,?,1082.9701,,,?,?
,?,,?,,?,?,?,?,?,,,,?,?
,?,189484.39,?,, Married-civ-spouse,?,?,?, Male,,,40.425713,?,?
38.579506,?,,?,, Married-civ-spouse,?,?,?, Male,,87.670456,,?, <=50K
38.579506,?,189484.39,?,,?,?,?,?,?,1082.9701,,, United-States,?
,?,,?,,?,?,?,?,?,,,,?,?
,?,,?,,?,?,?,?,?,,,,?,?
,?,,?,,?,?,?,?,?,,,,?,?
38.579506,?,189484.39,?,,?,?,?,?,?,,,,?,?
,?,, HS-grad,,?,?,?,?,?,,,,?,?
, Private,,?,,?,?,?,?,?,,,,?,?
38.579506,?,,?,,?,?,?,?,?,,,40.425713,?,?
, Private,,?,,?,?, Husband, White,?,,,, United-States,?
, Private,,?,,?,?, Husband, White,?,,87.670456,,?,?
, Private,,?,10.067414,?,?,?,?,?,1082.9701,,,?,?
, Private,,?,,?, Craft-repair,?,?, Male,,87.670456,,?,?
,?,,?,, Married-civ-spouse,?,?,?,?,,,,?, <=50K
38.579506,?,,?,,?, Craft-repair, Husband,?,?,,,,?,?
,?,189484.39,?,,?, Craft-repair,?,?,?,,,40.425713,?,?
38.579506,?,, HS-grad,,?,?,?, White,?,,,, United-States,?
,?,189484.39,?,10.067414, Married-civ-spouse,?,?,?,?,,,,?,?
, Private,,?,10.067414, Married-civ-spouse,?,?, White,?,,,,?,?
,?,,?,,?,?,?,?,?,,,,?,?
,?,189484.39,?,,?,?,?,?,?,,,,?,?
,?,,?,10.067414,?, Craft-repair,?,?, Male,,,, United-States,?
,?,189484.39,?,,?, Craft-repair,?,?,?,,,,?,?
,?,,?,,?,?, Husband,?,?,,,,?,?
38.579506,?,,?,,?, Craft-repair,?,?,?,,,,?,?
38.579506,?,,?,,?,?,?,?, Male,1082.9701,,, United-States,?
,?,,?,,?,?,?,?,?,,,,?,?
,?,189484.39,?,,?, Craft-repair, Husband,?, Male,,,,?,?
,?,,?,, Married-civ-spouse, Craft-repair, Husband,?, Male,,,, United-States,?
,?,,?,,?,?,?,?, Male,1082.9701,,,?,?
,?,189484.39,?,,?,?,?,?,?,1082.9701,,,?, <=50K
,?,189484.39,?,,?,?,?,?,?,,,, United-States, <=50K
,?,189484.39, HS-grad,,?,?,?, White,?,1082.9701,,, United-States,?
38.579506,?,,?,,?,?,?, White,?,,87.670456,,?,?
38.579506,?,,?,,?,?,?,?, Male,,,, United-States, <=50K
,?,189484.39,?,,?, Craft-repair, Husband,?,?,1082.9701,,,?,?
38.579506, Private,,?,, Married-civ-spouse,?,?,?,?,,,40.425713, United-States,?
,?,189484.39,?,,?,?,?,?, Male,1082.9701,,40.425713,?,?
,?,,?,,?,?,?,?, Male,,,40.425713,?,?
,?,,?,10.067414, Married-civ-spouse,?,?,?, Male,,,,?,?
,?,, HS-grad,,?,?, Husband, White,?,,,,?,?
,?,,?,,?,?,?,?,?,,,,?,?
,?,189484.39,?,10.067414,?,?, Husband,?,?,,,,?, <=50K
,?,, HS-grad,,?,?,?,?,?,1082.9701,,, United-States,?
,?,189484.39, HS-grad,,?,?, Husband,?, Male,,,,?, <=50K
,?,,?,,?,?,?, White,?,,,, United-States,?
, Private,,?,10.067414,?,?,?,?,?,,,,?,?
,?,189484.39,?,,?,?,?,?,?,,,,?,?
, Private,,?,,?,?,?,?, Male,,,,?,?
,?,,?,10.067414,?,?,?, White,?,,,,?,?
, Private,189484.39,?,, Married-civ-spouse, Craft-repair, Husband, White, Male,,,,?,?
,?,,?,10.067414,?, Craft-repair,?,?, Male,,,,?,?
,?,, HS-grad,,?, Craft-repair,?,?,?,,,, United-States,?
,?,189484.39, HS-grad,,?,?,?,?,?,,,,?,?
,?,, HS-grad,, Married-civ-spouse, Craft-repair, Husband,?,?,,,, United-States,?
, Private,,?,, Married-civ-spouse, Craft-repair,?,?,?,,,, United-States,?
,?,189484.39,?,10.067414,?,?,?,?,?,1082.9701,,40.425713, United-States,?
,?,,?,10.067414, Married-civ-spouse, Craft-repair,?,?,?,,87.670456,40.425713,?,?
,?,, HS-grad,10.067414, Married-civ-spouse,?,?,?,?,,,,?,?
,?,,?,,?,?, Husband,?,?,,,,?,?
,?,189484.39, HS-grad,, Married-civ-spouse, Craft-repair,?, White,?,,,,?,?
,?,, HS-grad,,?,?,?,?,?,1082.9701,,,?,?
,?,,?,,?,?,?,?,?,,,,?,?
38.579506,?,,?,,?,?, Husband, White,?,,,,?,?
,?,, HS-grad,, Married-civ-spouse,?, Husband,?,?,,,, United-States, <=50K
,?,,?,,?,?,?,?, Male,,,40.425713, United-States,?
,?,189484.39,?,, Married-civ-spouse,?,?,?, Male,,,,?, <=50K
,?,, HS-grad,,?,?, Husband,?,?,,,,?,?
,?,,?,, Married-civ-spouse,?,?,?,?,,87.670456,,?, <=50K
38.579506,?,,?,,?,?, Husband,?,?,,,40.425713,?,?
38.579506,?,,?,,?,?,?, White,?,,,, United-States, <=50K
38.579506,?,,?,10.067414,?,?, Husband,?, Male,1082.9701,,,?,?
,?,,?,, Married-civ-spouse,?,?,?,?,,87.670456,,?, <=50K
,?,,?,,?,?,?, White,?,,87.670456,,?,?
,?,,?,,?,?,?, White,?,,87.670456,,?,?
38.579506,?,,?,,?,?, Husband, White,?,1082.9701,,,?, <=50K
,?,,?,,?,?,?,?,?,,,, United-States, <=50K
,?,, HS-grad,,?,?,?,?, Male,,,,?,?
,?,189484.39,?,,?,?,?,?,?,,,,?,?
, Private,,?,,?,?,?,?,?,,87.670456,,?,?
, Private,,?,,?, Craft-repair, Husband,?,?,,,,?,?
,?,,?,10.067414,?,?, Husband,?,?,,,40.425713,?,?
,?,,?,,?,?,?,?,?,,87.670456,,?,?
,?,189484.39,?,, Married-civ-spouse,?,?,?, Male,,,,?,?
,?,,?,,?,?,?,?,?,,,,?,?
,?,189484.39,?,,?,?,?,?,?,,,,?,?
, Private,,?,,?,?,?,?,?,,87.670456,,?,?
, Private,, HS-grad,, Married-civ-spouse,?,?,?,?,,,,?,?
, Private,,?,, Married-civ-spouse,?, Husband, White,?,1082.9701,87.670456,,?,?
,?,,?,,?,?,?,?,?,,,40.425713,?,?
,?,,?,,?,?,?,?,?,,87.670456,,?,?
,?,189484.39,?,,?,?,?,?,?,,,,?,?
38.579506,?,, HS-grad,,?, Craft-repair,?,?,?,,87.670456,,?,?
,?,,?,,?,?,?, White, Male,,,,?,?
,?,, HS-grad,10.067414,?, Craft-repair,?,?,?,,,,?,?
, Private,,?,,?,?,?,?,?,1082.9701,,, United-States,?
, Private,, HS-grad,, Married-civ-spouse,?,?,?,?,,,,?,?
,?,189484.39, HS-grad,, Married-civ-spouse,?, Husband,?,?,,,40.425713,?,?
,?,189484.39,?,,?, Craft-repair,?, White,?,,,, United-States,?
,?,,?,10.067414,?,?,?,?,?,,87.670456,,?, <=50K
, Private,,?,,?,?, Husband,?, Male,,,,?,?
,?,,?,,?, Craft-repair,?,?, Male,,,,?, <=50K
, Private,, HS-grad,, Married-civ-spouse,?,?,?,?,1082.9701,,,?,?
, Private,,?,, Married-civ-spouse,?,?,?,?,,,,?,?
,?,,?,,?, Craft-repair, Husband,?,?,,,, United-States,?
, Private,,?,,?,?,?,?,?,,,, United-States,?
, Private,,?,10.067414,?, Craft-repair,?,?,?,1082.9701,,,?,?
,?,,?,,?,?, Husband, White,?,1082.9701,,,?,?
,?,,?,10.067414,?,?,?,?,?,1082.9701,,40.425713,?, <=50K
,?,, HS-grad,10.067414, Married-civ-spouse,?,?,?,?,1082.9701,,,?,?
38.579506,?,,?,10.067414,?,?,?,?,?,,,,?, <=50K
,?,,?,10.067414,?,?,?,?,?,,,, United-States, <=50K
38.579506,?,189484.39, HS-grad,, Married-civ-spouse,?,?, White, Male,1082.9701,,,?,?
,?,,?,,?,?, Husband, White, Male,,87.670456,,?,?
,?,,?,,?,?, Husband,?,?,1082.9701,87.670456,,?,?
,?,, HS-grad,,?,?,?, White, Male,1082.9701,,,?,?
38.579506,?,, HS-grad,,?,?, Husband,?, Male,,87.670456,,?, <=50K
,?,,?,10.067414,?,?,?,?,?,,,,?,?
,?,, HS-grad,10.067414,?,?,?,?,?,1082.9701,,,?,?
,?,,?,,?,?,?,?, Male,,,40.425713,?,?
, Private,189484.39,?,,?,?,?,?,?,,,,?, <=50K
,?,,?,,?,?,?,?, Male,,,,?,?
38.579506,?,,?,,?, Craft-repair,?,?, Male,1082.9701,,,?, <=50K
,?,189484.39,?,,?,?,?, White,?,,,,?, <=50K
, Private,,?,,?,?,?,?,?,,,,?,?
,?,,?,,?,?,?,?,?,,,, United-States,?
,?,189484.39, HS-grad,,?,?,?,?,?,,,,?,?
38.579506,?,, HS-grad,,?,?,?,?,?,,,,?,?
, Private,,?,,?, Craft-repair,?,?,?,,87.670456,, United-States,?
, Private,,?,,?, Craft-repair, Husband,?,?,,,,?,?
,?,, HS-grad,,?,?,?,?, Male,,87.670456,,?,?
,?,189484.39,?,,?,?,?,?,?,,,40.425713,?,?
,?,, HS-grad,,?, Craft-repair,?,?, Male,,87.670456,,?,?
,?,,?,,?,?,?,?,?,,,40.425713, United-States,?
,?,,?,,?,?,?,?,?,,,,?,?
,?,,?,,?,?,?,?,?,,,,?,?
,?,, HS-grad,10.067414,?,?,?,?, Male,1082.9701,,, United-States,?
,?,,?,,?, Craft-repair,?,?,?,,,,?,?
,?,, HS-grad,,?,?,?,?, Male,,87.670456,,?,?
38.579506,?,, HS-grad,10.067414,?,?,?,?, Male,,,,?,?
,?,,?,,?,?,?,?,?,,,,?,?
,?,189484.39,?,,?,?,?,?,?,,,, United-States,?
, Private,,?,,?,?,?,?,?,,,,?,?
, Private,189484.39,?,,?,?,?,?,?,1082.9701,,, United-States,?
38.579506,?,,?,10.067414, Married-civ-spouse,?,?,?,?,,,, United-States,?
, Private,189484.39,?,,?, Craft-repair, Husband,?, Male,1082.9701,,40.425713,?, <=50K
,?,,?,10.067414,?,?,?,?,?,,87.670456,,?, <=50K
,?,,?,,?,?,?,?,?,,,,?, <=50K
38.579506,?,189484.39, HS-grad,,?,?,?,?,?,,,,?, <=50K
38.579506,?,189484.39,?,10.067414, Married-civ-spouse,?,?, White,?,,87.670456,40.425713,?,?
,?,,?,, Married-civ-spouse,?, Husband,?,?,,,,?,?
,?,,?,,?,?,?,?,?,,,,?,?
,?,,?,,?,?,?,?,?,,,,?, <=50K
,?,,?,, Married-civ-spouse,?,?,?,?,,,40.425713, United-States, <=50K
,?,,?,,?, Craft-repair,?,?,?,,,,?,?
38.579506,?,,?,10.067414, Married-civ-spouse,?,?, White, Male,,,,?, <=50K
, Private,,?,,?, Craft-repair,?,?,?,,,,?,?
,?,,?,,?,?,?,?,?,,,,?,?
,?,,?,10.067414,?,?,?, White,?,,,,?,?
,?,, HS-grad,,?,?, Husband, White,?,,87.670456,,?,?
,?,,?,, Married-civ-spouse,?,?,?,?,,87.670456,40.425713,?,?
38.579506,?,, HS-grad,,?,?,?,?,?,1082.9701,,,?,?
,?,,?,,?, Craft-repair,?,?,?,,,,?, <=50K
,?,,?,,?,?,?,?, Male,,,, United-States,?
38.579506,?,,?,,?,?,?,?,?,,87.670456,,?,?
38.579506,?,,?,,?,?,?,?, Male,,,, United-States,?
, Private,, HS-grad,10.067414, Married-civ-spouse,?,?,?, Male,,,,?,?
, Private,, HS-grad,10.067414,?, Craft-repair,?,?,?,,,40.425713,?,?
38.579506, Private,189484.39,?,10.067414,?,?,?,?,?,,,40.425713,?,?
,?,, HS-grad,,?,?,?,?,?,,87.670456,, United-States,?
, Private,,?,, Married-civ-spouse,?,?,?,?,,,,?,?
, Private,,?,,?,?,?, White, Male,,87.670456,40.425713, United-States,?
,?,,?,,?, Craft-repair,?, White,?,,,,?,?
, Private,,?,,?,?,?, White,?,,87.670456,40.425713,?,?
,?,,?,,?,?,?,?, Male,,87.670456,40.425713,?,?
, Private,189484.39, HS-grad,,?,?,?,?,?,,,,?,?
,?,189484.39, HS-grad,, Married-civ-spouse,?, Husband, White,?,,87.670456,,?,?
,?,,?,10.067414,?,?,?,?,?,,,,?,?
,?,189484.39,?,,?,?,?, White, Male,,,,?,?
,?,, HS-grad,,?,?,?,?, Male,,,,?,?
38.579506, Private,,?,,?,?,?,?,?,,,,?,?
38.579506,?,,?,,?, Craft-repair, Husband,?,?,,,, United-States, <=50K
,?,,?,, Married-civ-spouse, Craft-repair,?,?,?,,87.670456,,?,?
, Private,,?,,?,?,?,?,?,,,,?,?
,?,,?,,?,?, Husband,?,?,,87.670456,,?,?
,?,,?,,?,?,?, White,?,,,, United-States,?
38.579506,?,,?,,?,?,?,?,?,,,, United-States,?
,?,,?,,?,?,?,?,?,,,,?,?
,?,,?,,?,?, Husband, White,?,,,,?,?
,?,,?,,?,?, Husband, White,?,,,,?,?
,?,,?,,?,?,?,?, Male,,,40.425713,?,?
,?,,?,, Married-civ-spouse,?,?, White,?,,,,?,?
,?,,?,, Married-civ-spouse,?, Husband,?,?,,87.670456,,?, <=50K
, Private,189484.39,?,,?,?, Husband,?, Male,1082.9701,87.670456,,?,?
, Private,189484.39, HS-grad,,?,?,?,?,?,,,,?, <=50K
, Private,,?,10.067414,?,?, Husband,?,?,,,40.425713, United-States,?
,?,,?,,?,?,?, White,?,,,40.425713,?, <=50K
,?,, HS-grad,,?,?,?,?, Male,,,,?,?
, Private,,?,,?,?, Husband,?, Male,,,,?,?
,?,,?,,?,?,?,?,?,1082.9701,87.670456,,?,?
,?,189484.39,?,,?,?,?, White, Male,,,,?, <=50K
, Private,,?,,?, Craft-repair, Husband,?, Male,,,,?,?
,?,, HS-grad,,?,?, Husband,?,?,,,,?,?
38.579506,?,, HS-grad,,?,?, Husband,?,?,,,, United-States,?
,?,,?,10.067414,?,?,?,?, Male,,,40.425713,?, <=50K
,?,,?,,?, Craft-repair,?,?, Male,,87.670456,,?,?
,?,,?,,?,?,?,?,?,,,,?,?
, Private,189484.39,?,,?,?,?, White,?,,,40.425713, United-States,?
38.579506, Private,, HS-grad,10.067414, Married-civ-spouse,?,?,?,?,,,,?,?
,?,, HS-grad,,?,?,?,?,?,,,,?,?
38.579506,?,,?,, Married-civ-spouse, Craft-repair,?,?,?,,,,?, <=50K
,?,,?,,?,?,?, White,?,,,,?,?
,?,, HS-grad,,?, Craft-repair,?,?,?,1082.9701,,,?,?
,?,,?,10.067414,?, Craft-repair,?,?,?,,,,?,?
,?,, HS-grad,, Married-civ-spouse,?,?, White, Male,,87.670456,40.425713,?,?
,?,189484.39,?,,?,?,?, White,?,,,40.425713,?,?
38.579506,?,189484.39, HS-grad,,?,?, Husband,?,?,1082.9701,,, United-States,?
,?,,?,,?,?,?,?,?,,,,?, <=50K
,?,189484.39,?,, Married-civ-spouse,?,?,?,?,,,,?, <=50K
38.579506,?,,?,,?,?,?,?,?,,,,?,?
,?,,?,,?, Craft-repair,?,?,?,,87.670456,, United-States, <=50K
38.579506, Private,, HS-grad,,?,?,?,?,?,,,,?,?
,?,,?,, Married-civ-spouse,?, Husband,?,?,,,,?,?
38.579506,?,,?,,?,?,?,?, Male,,,40.425713, United-States, <=50K
,?,189484.39,?,,?,?,?, White,?,,,,?,?
38.579506,?,,?,, Married-civ-spouse,?,?,?,?,1082.9701,,,?,?
,?,,?,10.067414,?,?,?,?,?,1082.9701,,, United-States, <=50K
38.579506,?,,?,,?,?,?,?,?,,,,?,?
,?,,?,, Married-civ-spouse,?,?,?,?,,,,?,?
38.579506,?,,?,,?,?,?,?,?,,,40.425713,?,?
,?,, HS-grad,,?, Craft-repair, Husband,?, Male,,,, United-States,?
,?,,?,,?, Craft-repair,?,?, Male,,,40.425713,?,?
,?,,?,10.067414,?,?,?,?,?,,,,?,?
38.579506,?,189484.39,?,,?, Craft-repair,?, White, Male,,87.670456,40.425713,?,?
,?,,?,, Married-civ-spouse, Craft-repair,?,?,?,,,40.425713,?,?
,?,189484.39, HS-grad,, Married-civ-spouse,?,?,?,?,1082.9701,,40.425713,?,?
,?,,?,10.067414,?,?,?, White,?,,87.670456,,?,?
, Private,,?,, Married-civ-spouse,?,?,?,?,,,, United-States, <=50K
,?,189484.39, HS-grad,, Married-civ-spouse,?,?, White,?,1082.9701,,,?, <=50K
38.579506,?,,?,,?,?,?,?,?,,,,?,?
,?,,?,10.067414,?, Craft-repair,?, White,?,,87.670456,, United-States,?
, Private,, HS-grad,10.067414,?,?,?, White,?,,87.670456,,?,?
,?,, HS-grad,,?, Craft-repair,?,?,?,1082.9701,,,?,?
,?,,?,,?,?,?,?,?,,,,?,?
,?,,?,10.067414,?,?,?,?,?,,87.670456,40.425713,?,?
,?,,?,,?,?,?,?,?,,,, United-States,?
,?,189484.39,?,,?,?,?,?,?,1082.9701,,,?,?
38.579506,?,,?,, Married-civ-spouse,?,?,?,?,,,,?,?
38.579506,?,,?,,?, Craft-repair,?,?,?,,,,?,?
, Private,,?,,?,?, Husband, White,?,1082.9701,,40.425713,?, <=50K
, Private,,?,,?,?,?,?,?,,87.670456,,?,?
38.579506,?,,?,,?,?, Husband,?, Male,,,,?,?
,?,,?,10.067414,?,?,?, White,?,,,,?,?
, Private,,?,,?,?,?,?,?,,,, United-States, <=50K
,?,,?,,?,?,?, White,?,,,,?, <=50K
38.579506, Private,, HS-grad,,?,?, Husband,?, Male,,,,?,?
,?,, HS-grad,10.067414,?,?, Husband, White,?,,87.670456,, United-States, <=50K
,?,,?,10.067414,?,?,?, White,?,,,,?,?
38.579506,?,189484.39,?,, Married-civ-spouse,?,?, White,?,,,,?,?
38.579506,?,,?,,?,?,?,?,?,1082.9701,,,?, <=50K
,?,,?,, Married-civ-spouse,?,?, White,?,1082.9701,,40.425713,?, <=50K
, Private,,?,,?, Craft-repair,?,?,?,,,,?,?
,?,,?,, Married-civ-spouse,?,?, White,?,,,,?, <=50K
,?,, HS-grad,10.067414,?,?,?, White, Male,,,,?,?
,?,,?,, Married-civ-spouse,?,?,?,?,,,,?,?
,?,, HS-grad,,?,?, Husband,?,?,,,,?,?
,?,,?,,?,?,?,?,?,1082.9701,,40.425713,?,?
, Private,,?,,?,?, Husband,?,?,,,,?, <=50K
, Private,189484.39,?,,?,?,?, White,?,,,40.425713, United-States,?
38.579506,?,,?,10.067414, Married-civ-spouse,?,?,?,?,,,,?,?
,?,189484.39,?,10.067414,?,?,?,?,?,,,,?, <=50K
38.579506,?,,?,10.067414,?,?,?, White,?,,,40.425713,?, <=50K
,?,, HS-grad,10.067414, Married-civ-spouse, Craft-repair,?,?,?,,,40.425713,?, <=50K
,?,189484.39,?,,?, Craft-repair, Husband,?, Male,,,,?,?
,?,,?,,?, Craft-repair,?,?,?,1082.9701,,,?,?
38.579506,?,189484.39,?,10.067414,?,?, Husband,?,?,1082.9701,,,?, <=50K
, Private,,?,,?,?,?, White,?,,,40.425713,?,?
,?,189484.39,?,10.067414, Married-civ-spouse,?, Husband,?,?,,,,?,?
,?,,?,,?,?,?,?,?,1082.9701,,40.425713,?, <=50K
,?,,?,,?,?, Husband,?,?,,,,?, <=50K
, Private,, HS-grad,,?, Craft-repair, Husband,?,?,,,, United-States,?
, Private,,?,10.067414,?,?,?,?,?,1082.9701,,,?,?
38.579506,?,,?,10.067414,?,?,?,?,?,,,,?, <=50K
,?,,?,, Married-civ-spouse,?,?,?,?,,,,?,?
,?,,?,10.067414, Married-civ-spouse,?,?,?,?,,,,?,?
,?,,?,,?,?,?,?, Male,,,, United-States,?
,?,,?,10.067414,?,?,?,?,?,,,,?,?
,?,189484.39, HS-grad,,?,?,?,?,?,1082.9701,,, United-States,?
, Private,189484.39, HS-grad,,?,?,?,?,?,,,,?,?
,?,,?,10.067414, Married-civ-spouse,?,?,?,?,,,,?, <=50K
,?,,?,,?,?, Husband,?, Male,,,,?,?
,?,,?,,?, Craft-repair,?,?, Male,1082.9701,,,?,?
,?,,?,10.067414,?,?,?,?,?,,87.670456,, United-States, <=50K
, Private,,?,,?,?,?,?,?,,,,?,?
,?,,?,,?,?,?,?,?,1082.9701,,40.425713,?,?
, Private,,?,,?,?,?,?,?,,,,?,?
,?,,?,, Married-civ-spouse,?, Husband,?,?,1082.9701,,,?, <=50K
38.579506,?,189484.39,?,, Married-civ-spouse,?,?,?,?,1082.9701,87.670456,,?,?
, Private,,?,,?,?, Husband, White,?,,,,?, <=50K
,?,,?,,?, Craft-repair,?,?, Male,,,,?,?
,?,,?,,?,?,?, White,?,,,,?,?
,?,,?,, Married-civ-spouse,?,?, White, Male,,,,?,?
38.579506,?,,?,10.067414,?,?,?,?,?,,,,?,?
, Private,,?,10.067414,?,?,?,?,?,,,,?, <=50K
38.579506,?,189484.39,?,,?,?,?,?,?,,87.670456,,?,?
, Private,,?,,?, Craft-repair,?,?,?,,87.670456,,?,?
,?,,?,,?,?, Husband,?,?,1082.9701,,,?,?
,?,,?,,?,?,?,?,?,,,,?,?
,?,,?,,?,?,?,?,?,1082.9701,,,?,?
,?,,?,,?,?,?,?,?,,,40.425713, United-States,?
,?,189484.39, HS-grad,, Married-civ-spouse,?, Husband,?,?,,,, United-States,?
,?,,?,,?,?, Husband, White,?,,87.670456,40.425713,?, <=50K
,?,189484.39,?,10.067414,?,?, Husband, White,?,1082.9701,,,?, <=50K
,?,,?,,?,?,?,?,?,1082.9701,87.670456,40.425713,?,?
,?,, HS-grad,,?,?,?,?,?,,,,?,?
38.579506, Private,,?,, Married-civ-spouse,?,?, White,?,,,,?,?
,?,, HS-grad,, Married-civ-spouse,?,?,?, Male,,87.670456,,?, <=50K
,?,,?,10.067414,?, Craft-repair, Husband,?,?,,,,?,?
38.579506,?,,?,,?, Craft-repair, Husband,?,?,,,40.425713,?,?
,?,,?,,?,?,?,?,?,1082.9701,,, United-States, <=50K
, Private,, HS-grad,,?,?,?,?, Male,1082.9701,,,?,?
,?,,?,,?,?, Husband,?,?,,,40.425713,?,?
,?,,?,,?,?, Husband,?, Male,,,40.425713,?,?
, Private,,?,,?,?,?,?,?,,,, United-States, <=50K
,?,,?,,?,?,?,?,?,,,,?, <=50K
38.579506,?,189484.39,?,10.067414,?, Craft-repair,?,?,?,,,,?,?
, Private,, HS-grad,10.067414,?,?, Husband,?, Male,,,,?,?
,?,189484.39,?,,?, Craft-repair,?,?, Male,,87.670456,,?,?
, Private,,?,10.067414, Married-civ-spouse,?, Husband,?, Male,1082.9701,,,?,?
,?,, HS-grad,, Married-civ-spouse,?,?,?,?,,,,?,?
38.579506,?,,?,10.067414,?, Craft-repair,?, White,?,,,, United-States,?
,?,,?,,?,?, Husband,?,?,,,40.425713,?,?
,?,,?,10.067414,?,?, Husband,?,?,1082.9701,,,?,?
,?,,?,,?,?, Husband,?,?,1082.9701,,,?, <=50K
,?,,?,,?, Craft-repair, Husband,?,?,,,40.425713,?,?
,?,, HS-grad,,?,?,?,?,?,,87.670456,,?,?
,?,,?,,?, Craft-repair,?,?,?,,,, United-States,?
,?,,?,,?,?,?,?,?,,87.670456,,?,?
,?,,?,,?,?,?,?,?,1082.9701,,40.425713,?, <=50K
38.579506,?,189484.39,?,10.067414,?, Craft-repair,?,?,?,,87.670456,, United-States,?
,?,,?,, Married-civ-spouse,?,?,?,?,,,, United-States,?
, Private,189484.39,?,,?, Craft-repair,?,?,?,,,,?,?
,?,,?,,?, Craft-repair,?,?,?,,,, United-States, <=50K
,?,189484.39, HS-grad,,?,?,?, White,?,,,,?,?
,?,,?,10.067414,?,?,?, White, Male,1082.9701,,,?,?
,?,, HS-grad,,?,?,?,?,?,,,,?,?
,?,,?,,?,?,?,?, Male,,87.670456,, United-States, <=50K
38.579506,?,189484.39,?,, Married-civ-spouse,?,?, White,?,,,,?,?
,?,,?,,?,?,?,?,?,,87.670456,, United-States, <=50K
,?,189484.39,?,,?,?,?,?,?,,87.670456,,?,?
,?,189484.39,?,10.067414,?,?,?,?,?,,,,?,?
38.579506, Private,189484.39,?,,?,?,?,?,?,,,40.425713,?,?
,?,,?,10.067414,?,?,?,?,?,,87.670456,,?,?
,?,,?,,?,?,?,?,?,1082.9701,,,?,?
38.579506, Private,,?,,?,?, Husband,?,?,,,,?,?
,?,,?,,?,?,?, White,?,,,,?, <=50K
38.579506,?,189484.39, HS-grad,,?,?,?,?, Male,1082.9701,,, United-States,?
,?,,?,,?,?,?,?,?,,,,?,?
, Private,189484.39, HS-grad,10.067414,?,?,?,?,?,1082.9701,,,?,?
38.579506,?,,?,10.067414,?,?,?,?,?,1082.9701,,,?,?
, Private,,?,,?,?,?,?,?,,,,?,?
,?,189484.39, HS-grad,,?,?,?,?,?,,,,?,?
38.579506,?,189484.39,?,,?,?,?,?,?,,,, United-States,?
,?,,?,10.067414,?,?, Husband,?,?,,,,?, <=50K
38.579506,?,189484.39,?,,?,?,?,?,?,,,40.425713,?,?
38.579506,?,,?,,?,?,?,?,?,,87.670456,,?,?
,?,,?,10.067414, Married-civ-spouse,?,?,?, Male,1082.9701,,,?, <=50K
, Private,189484.39,?,,?,?,?,?,?,,,,?,?
,?,189484.39,?,,?,?,?,?,?,,,,?,?
,?,189484.39,?,10.067414,?,?,?,?,?,,,,?, <=50K
,?,189484.39,?,, Married-civ-spouse,?,?, White,?,,,,?,?
,?,,?,,?,?,?,?,?,1082.9701,,,?,?
38.579506,?,189484.39,?,,?, Craft-repair,?,?,?,,,40.425713,?,?
38.579506,?,,?,10.067414,?,?,?,?,?,,,,?,?
,?,, HS-grad,,?, Craft-repair,?,?,?,,87.670456,, United-States, <=50K
,?,, HS-grad,,?,?, Husband,?,?,,,,?,?
38.579506,?,189484.39,?,10.067414,?, Craft-repair,?,?, Male,1082.9701,,,?, <=50K
,?,,?,, Married-civ-spouse,?,?,?, Male,1082.9701,,,?,?
,?,,?,,?,?, Husband,?,?,,,40.425713,?,?
,?,,?,, Married-civ-spouse,?,?,?,?,,,, United-States, <=50K
38.579506,?,,?,10.067414,?,?,?, White, Male,,,,?,?
,?,,?,,?, Craft-repair,?, White,?,1082.9701,,,?,?
, Private,, HS-grad,10.067414, Married-civ-spouse,?,?,?,?,1082.9701,,,?,?
,?,,?,,?,?,?,?,?,,,,?,?
, Private,, HS-grad,,?,?,?,?,?,,,,?,?
,?,,?,,?,?, Husband,?,?,,,, United-States, <=50K
,?,,?,,?,?,?,?,?,1082.9701,87.670456,,?,?
, Private,,?,,?, Craft-repair,?,?, Male,1082.9701,,,?,?
,?,,?,,?,?,?, White,?,,,40.425713, United-States,?
,?,189484.39, HS-grad,,?,?,?,?, Male,,,,?,?
,?,189484.39,?,,?,?,?,?,?,,,,?,?
,?,189484.39,?,, Married-civ-spouse,?, Husband,?,?,,,, United-States,?
38.579506,?,,?,,?,?,?,?,?,1082.9701,,,?,?
38.579506,?,,?,,?, Craft-repair,?,?,?,,87.670456,,?,?
,?,,?,,?,?,?,?,?,1082.9701,,, United-States,?
,?,,?,,?,?, Husband,?,?,,,,?,?
,?,,?,,?,?,?, White,?,,,,?,?
,?,,?,,?,?, Husband,?,?,,,,?,?
,?,,?,,?,?,?, White,?,,,,?, <=50K
,?,,?,,?,?,?,?,?,,,,?,?
,?,189484.39,?,,?,?,?,?,?,1082.9701,87.670456,,?,?
, Private,,?,,?,?,?,?, Male,,87.670456,,?,?
,?,,?,,?, Craft-repair, Husband,?, Male,,,,?, <=50K
,?,,?,,?,?, Husband,?,?,,87.670456,,?, <=50K
,?,,?,10.067414,?,?, Husband, White,?,,,,?, <=50K
,?,,?,,?,?,?,?,?,1082.9701,,40.425713, United-States, <=50K
,?,, HS-grad,,?,?,?,?, Male,,,40.425713,?, <=50K
,?,,?,10.067414,?,?,?,?,?,,,,?, <=50K
,?,,?,,?,?, Husband,?,?,,87.670456,,?,?
,?,,?,,?,?, Husband,?,?,,87.670456,, United-States,?
, Private,, HS-grad,,?,?, Husband,?,?,,,,?,?
,?,,?,,?,?, Husband, White,?,,,,?, <=50K
38.579506,?,, HS-grad,10.067414,?,?,?,?,?,,,,?,?
,?,,?,,?,?, Husband,?, Male,,,,?, <=50K
, Private,,?,,?,?,?,?,?,,,,?,?
38.579506,?,,?,,?,?, Husband,?, Male,,87.670456,,?,?
,?,189484.39,?,10.067414,?,?, Husband,?, Male,,,,?,?
, Private,,?,,?,?, Husband,?,?,,,,?,?
,?,,?,,?,?,?,?, Male,,87.670456,,?,?
38.579506,?,189484.39,?,,?,?,?,?, Male,,87.670456,,?,?
,?,189484.39, HS-grad,,?,?,?,?,?,,,,?,?
38.579506,?,,?,,?,?,?, White, Male,,,,?,?
38.579506,?,,?,,?,?,?, White,?,,,,?, <=50K
,?,,?,,?,?, Husband,?,?,,,,?,?
38.579506, Private,,?,,?,?,?,?,?,,87.670456,40.425713,?,?
, Private,,?,,?,?,?,?,?,,,,?,?
,?,189484.39, HS-grad,,?,?, Husband,?, Male,,,,?,?
,?,,?,,?, Craft-repair,?,?,?,,,,?,?
,?,,?,10.067414,?,?,?,?,?,,87.670456,40.425713,?,?
38.579506,?,,?,, Married-civ-spouse, Craft-repair,?,?, Male,,,, United-States,?
,?,,?,, Married-civ-spouse,?,?,?,?,,,,?,?
,?,,?,,?, Craft-repair, Husband,?,?,,,,?,?
,?,, HS-grad,,?,?,?,?,?,,87.670456,40.425713,?,?
,?,,?,,?,?, Husband, White,?,,,,?,?
,?,, HS-grad,10.067414, Married-civ-spouse,?,?,?,?,,,,?, <=50K
, Private,, HS-grad,,?,?,?,?,?,,,, United-States, <=50K
,?,,?,,?, Craft-repair,?, White,?,1082.9701,,40.425713,?,?
38.579506, Private,,?,,?,?,?, White,?,,,,?,?
,?,189484.39, HS-grad,, Married-civ-spouse, Craft-repair,?,?,?,,,40.425713, United-States, <=50K
38.579506,?,,?,, Married-civ-spouse,?, Husband,?,?,,,,?,?
,?,189484.39,?,,?, Craft-repair,?,?,?,,,,?,?
,?,189484.39,?,,?,?,?,?,?,,,,?,?
,?,,?,, Married-civ-spouse,?, Husband,?,?,,,, United-States,?
,?,,?,,?, Craft-repair,?,?,?,1082.9701,,40.425713,?,?
,?,189484.39, HS-grad,,?,?,?,?,?,,,,?,?
,?,,?,,?,?,?,?,?,,,,?, <=50K
,?,,?,, Married-civ-spouse,?,?,?,?,1082.9701,,,?,?
,?,,?,, Married-civ-spouse,?,?, White,?,,,,?,?
,?,,?,,?,?, Husband,?,?,,87.670456,,?,?
, Private,189484.39,?,,?,?,?, White, Male,,,,?,?
38.579506,?,, HS-grad,,?, Craft-repair,?,?, Male,1082.9701,87.670456,40.425713,?,?
, Private,189484.39, HS-grad,,?,?,?,?,?,,,,?, <=50K
, Private,, HS-grad,10.067414,?,?, Husband,?,?,,,,?,?
,?,,?,, Married-civ-spouse,?, Husband,?, Male,,,,?,?
38.579506,?,, HS-grad,,?, Craft-repair,?,?, Male,,,40.425713,?,?
,?,, HS-grad,,?,?,?, White,?,,,,?, <=50K
,?,,?,,?,?,?, White,?,,,,?,?
, Private,, HS-grad,,?,?,?,?, Male,,,, United-States,?
,?,,?,,?,?, Husband,?,?,,,,?,?
,?,,?,10.067414,?, Craft-repair,?, White,?,,,,?,?
,?,,?,, Married-civ-spouse, Craft-repair,?,?,?,,,, United-States,?
,?,,?,,?,?, Husband,?,?,,,,?,?
, Private,,?,, Married-civ-spouse, Craft-repair,?,?, Male,,87.670456,,?, <=50K
,?,,?,,?,?,?,?,?,,87.670456,40.425713,?,?
,?,, HS-grad,,?, Craft-repair,?,?,?,,,,?,?
38.579506,?,, HS-grad,,?,?, Husband, White, Male,,,40.425713,?,?
,?,,?,,?,?,?,?,?,1082.9701,87.670456,, United-States,?
,?,, HS-grad,, Married-civ-spouse,?, Husband,?,?,,87.670456,,?,?
,?,189484.39, HS-grad,,?,?,?, White, Male,1082.9701,87.670456,, United-States, <=50K
,?,189484.39,?,10.067414,?,?,?,?, Male,1082.9701,,,?,?
, Private,,?,,?,?,?,?,?,,,,?,?
,?,189484.39,?,,?,?,?,?, Male,,,,?,?
,?,,?,,?,?,?,?,?,,,, United-States,?
,?,,?,,?,?,?,?,?,,87.670456,40.425713,?,?
,?,,?,,?,?,?, White,?,,,, United-States,?
38.579506,?,,?,, Married-civ-spouse,?,?,?,?,,,,?,?
,?,, HS-grad,,?, Craft-repair,?,?,?,,,,?, <=50K
38.579506,?,,?,, Married-civ-spouse,?,?,?, Male,,,40.425713,?,?
38.579506,?,189484.39,?,,?, Craft-repair, Husband,?, Male,,,40.425713,?,?
,?,, HS-grad,, Married-civ-spouse,?, Husband,?,?,,,,?, <=50K
, Private,189484.39,?,10.067414,?, Craft-repair,?,?,?,,,,?,?
,?,,?,, Married-civ-spouse,?,?,?, Male,,87.670456,, United-States,?
,?,,?,, Married-civ-spouse,?, Husband,?,?,,,, United-States,?
38.579506,?,189484.39,?,10.067414,?,?, Husband,?,?,1082.9701,,, United-States,?
,?,, HS-grad,,?,?,?, White,?,,,,?, <=50K
,?,,?,,?,?, Husband,?, Male,,,,?,?
,?,,?,,?,?,?, White,?,1082.9701,,,?,?
,?,,?,, Married-civ-spouse, Craft-repair, Husband,?, Male,1082.9701,,,?,?
,?,,?,,?,?,?,?,?,,,40.425713,?,?
38.579506, Private,,?,,?,?, Husband,?,?,,,, United-States,?
,?,189484.39,?,,?, Craft-repair,?,?,?,,,,?,?
38.579506,?,189484.39,?,, Married-civ-spouse, Craft-repair,?,?,?,,87.670456,,?, <=50K
, Private,, HS-grad,,?,?,?,?,?,,,,?,?
,?,,?,,?,?,?, White,?,,,, United-States,?
,?,,?,10.067414, Married-civ-spouse, Craft-repair,?,?, Male,,,, United-States,?
,?,,?,,?, Craft-repair,?,?,?,,,,?,?
,?,,?,,?,?,?,?,?,,,40.425713,?,?
,?,,?,,?,?,?,?, Male,1082.9701,,,?,?
38.579506,?,,?,,?,?,?,?,?,,,40.425713,?,?
,?,,?,,?,?,?,?, Male,,,,?,?
,?,, HS-grad,,?,?, Husband,?, Male,1082.9701,,,?,?
,?,189484.39,?,,?,?,?,?, Male,1082.9701,,,?, <=50K
,?,,?,,?,?,?,?,?,,87.670456,,?, <=50K
38.579506, Private,,?,10.067414,?,?,?,?,?,1082.9701,,40.425713,?, <=50K
,?,,?,,?,?,?, White,?,,,,?,?
, Private,,?,10.067414,?,?,?,?,?,,,, United-States, <=50K
38.579506,?,, HS-grad,10.067414,?,?,?,?,?,,87.670456,,?,?
,?,189484.39,?,, Married-civ-spouse,?,?,?,?,,,,?, <=50K
, Private,,?,10.067414,?,?,?,?,?,,,40.425713, United-States,?
,?,, HS-grad,,?,?,?,?,?,,87.670456,, United-States, <=50K
38.579506,?,,?,,?,?,?, White,?,,,,?,?
, Private,,?,,?,?,?,?,?,,,,?, <=50K
,?,,?,10.067414,?,?,?,?,?,,,,?,?
,?,,?,, Married-civ-spouse, Craft-repair,?,?,?,,87.670456,,?,?
, Private,,?,,?,?, Husband,?,?,,,,?,?
38.579506,?,,?,, Married-civ-spouse,?,?,?,?,,,,?,?
,?,189484.39,?,,?, Craft-repair,?,?,?,,,,?, <=50K
,?,, HS-grad,,?,?,?, White,?,,,,?,?
,?,189484.39,?,,?,?,?,?,?,,,40.425713,?,?
,?,, HS-grad,, Married-civ-spouse,?,?,?, Male,,,,?,?
,?,,?,,?,?,?, White, Male,1082.9701,,40.425713,?,?
38.579506,?,, HS-grad,, Married-civ-spouse, Craft-repair, Husband,?,?,,,40.425713,?,?
,?,,?,,?,?,?,?,?,1082.9701,87.670456,40.425713,?,?
,?,189484.39,?,10.067414,?,?,?,?,?,,,,?, <=50K
,?,,?,,?,?,?,?,?,,,,?, <=50K
, Private,,?,10.067414,?, Craft-repair,?,?,?,,,,?,?
38.579506,?,, HS-grad,,?,?,?,?,?,1082.9701,,40.425713,?,?
,?,189484.39,?,,?,?, Husband,?,?,,,,?,?
,?,189484.39,?,, Married-civ-spouse,?,?,?,?,,87.670456,,?, <=50K
,?,189484.39,?,, Married-civ-spouse,?,?,?,?,,,,?, <=50K
,?,,?,,?,?,?,?,?,,,,?, <=50K
,?,,?,,?,?,?,?,?,,87.670456,,?,?
38.579506,?,189484.39,?,10.067414,?,?, Husband, White, Male,,,,?,?
,?,,?,,?,?,?,?, Male,,87.670456,40.425713,?,?
,?,,?,,?,?, Husband,?,?,,,40.425713,?,?
,?,,?,,?,?,?,?,?,1082.9701,87.670456,40.425713,?, <=50K
,?,,?,,?,?,?,?,?,,87.670456,,?,?
,?,,?,,?,?,?, White,?,1082.9701,,,?,?
,?,189484.39,?,10.067414, Married-civ-spouse,?,?,?,?,1082.9701,87.670456,,?, <=50K
,?,,?,,?,?,?,?,?,,,, United-States,?
,?,189484.39,?,,?,?,?,?,?,,87.670456,,?,?
,?,,?,,?,?,?,?,?,,,,?,?
38.579506,?,,?,,?,?,?,?, Male,,,,?,?
38.579506,?,, HS-grad,,?,?,?,?,?,,,,?, <=50K
,?,,?,,?,?,?,?,?,,,40.425713,?,?
,?,,?,, Married-civ-spouse,?,?, White,?,,,,?,?
,?,, HS-grad,, Married-civ-spouse,?,?,?,?,,,,?,?
,?,,?,,?, Craft-repair,?,?,?,1082.9701,,,?,?
,?,,?,,?, Craft-repair,?,?,?,1082.9701,,,?,?
,?,, HS-grad,10.067414, Married-civ-spouse, Craft-repair,?, White, Male,,87.670456,, United-States,?
,?,,?,10.067414, Married-civ-spouse,?,?,?,?,1082.9701,,, United-States,?
, Private,, HS-grad,,?,?,?,?,?,1082.9701,,,?,?
,?,,?,10.067414,?,?,?,?,?,,,, United-States,?
,?,, HS-grad,,?,?,?,?,?,,,, United-States,?
,?,,?,,?,?,?, White,?,1082.9701,,,?,?
, Private,,?,,?,?,?,?,?,1082.9701,87.670456,,?,?
,?,,?,,?,?,?,?,?,,,40.425713, United-States,?
,?,,?,,?,?, Husband,?, Male,,,40.425713,?, <=50K
,?,189484.39,?,, Married-civ-spouse,?,?,?,?,,,,?,?
,?,,?,10.067414,?,?, Husband,?,?,,87.670456,40.425713,?, <=50K
,?,189484.39,?,10.067414,?,?, Husband,?,?,,,,?,?
,?,,?,,?, Craft-repair,?, White,?,1082.9701,,,?,?
, Private,189484.39,?,, Married-civ-spouse,?,?,?,?,,87.670456,, United-States, <=50K
,?,,?,,?, Craft-repair,?,?,?,,,,?,?
38.579506,?,,?,,?,?,?,?, Male,,,40.425713,?,?
, Private,,?,,?,?,?,?, Male,,,, United-States,?
,?,,?,10.067414,?,?,?,?,?,,,,?,?
38.579506,?,,?,,?,?,?,?,?,,,,?,?
,?,189484.39, HS-grad,10.067414,?,?,?, White,?,,87.670456,,?, <=50K
,?,, HS-grad,,?,?,?,?,?,1082.9701,,, United-States,?
,?,,?,10.067414, Married-civ-spouse, Craft-repair,?,?,?,1082.9701,,,?,?
,?,189484.39,?,10.067414,?,?,?,?, Male,,,,?,?
,?,,?,,?,?,?,?,?,,,,?, <=50K
,?,189484.39,?,,?,?,?,?,?,1082.9701,,, United-States,?
,?,, HS-grad,,?, Craft-repair,?, White,?,,,,?,?
, Private,,?,10.067414,?,?,?,?, Male,,,40.425713,?,?
,?,, HS-grad,,?,?,?, White,?,,,,?,?
,?,,?,, Married-civ-spouse,?,?, White,?,,,,?,?
,?,, HS-grad,,?,?,?,?,?,,87.670456,,?,?
,?,189484.39,?,, Married-civ-spouse, Craft-repair,?,?,?,,,40.425713,?,?
38.579506,?,,?,, Married-civ-spouse,?,?,?,?,,,,?,?
,?,,?,10.067414,?,?, Husband, White,?,,,,?,?
38.579506,?,,?,,?,?, Husband, White,?,,,40.425713,?, <=50K
,?,189484.39,?,,?,?,?, White, Male,,87.670456,,?,?
,?,,?,10.067414, Married-civ-spouse, Craft-repair,?,?,?,,,,?,?
,?,,?,,?, Craft-repair,?, White,?,,,,?,?
38.579506,?,, HS-grad,, Married-civ-spouse,?,?,?,?,,,40.425713,?,?
,?,,?,10.067414,?,?,?,?,?,,87.670456,,?,?
,?,, HS-grad,, Married-civ-spouse,?,?,?,?,,,, United-States,?
,?,,?,,?,?, Husband,?,?,,,,?,?
,?,189484.39,?,10.067414, Married-civ-spouse,?, Husband,?,?,,,40.425713,?,?
,?,,?,10.067414,?, Craft-repair,?,?,?,1082.9701,87.670456,,?,?
,?,,?,10.067414,?, Craft-repair,?,?,?,,,,?, <=50K
38.579506,?,189484.39, HS-grad,,?,?,?,?, Male,,87.670456,,?,?
,?,, HS-grad,,?,?,?,?,?,,,40.425713,?,?
,?,,?,,?,?, Husband,?, Male,,,,?,?
38.579506,?,,?,10.067414,?,?,?,?,?,1082.9701,,,?,?
,?,,?,,?,?,?,?, Male,,,,?,?
,?,189484.39,?,, Married-civ-spouse, Craft-repair,?,?,?,,87.670456,,?,?
,?,,?,,?,?,?,?,?,,,,?,?
, Private,189484.39,?,10.067414,?,?, Husband,?, Male,,,,?,?
,?,, HS-grad,,?,?,?, White,?,1082.9701,,40.425713, United-States,?
38.579506, Private,,?,,?, Craft-repair,?, White,?,,87.670456,,?,?
, Private,,?,,?,?,?,?,?,,,,?,?
,?,,?,, Married-civ-spouse,?,?,?,?,,,,?,?
,?,,?,10.067414,?,?,?,?,?,,87.670456,, United-States,?
,?,189484.39, HS-grad,, Married-civ-spouse,?,?,?,?,,,,?, <=50K
, Private,, HS-grad,,?,?,?, White,?,,,,?,?
,?,,?,,?,?, Husband,?,?,,,,?,?
,?,,?,,?,?,?,?,?,,,40.425713,?,?
,?,189484.39,?,,?,?,?,?, Male,,87.670456,,?,?
, Private,,?,, Married-civ-spouse,?,?,?, Male,,,,?,?
, Private,189484.39,?,10.067414, Married-civ-spouse,?,?,?,?,,,40.425713,?, <=50K
,?,, HS-grad,,?,?,?,?,?,,87.670456,,?,?
,?,,?,, Married-civ-spouse,?,?,?,?,,,40.425713,?,?
,?,189484.39,?,,?,?, Husband,?,?,,,,?,?
,?,,?,10.067414,?,?,?,?,?,,,,?, <=50K
,?,189484.39,?,,?,?,?,?, Male,,,,?,?
,?,, HS-grad,10.067414,?,?,?,?,?,,,,?, <=50K
,?,, HS-grad,,?,?,?,?,?,1082.9701,,40.425713,?,?
38.579506,?,, HS-grad,,?, Craft-repair, Husband,?,?,,,,?, <=50K
, Private,,?,,?,?,?, White,?,,,,?,?
,?,,?,10.067414,?,?,?,?, Male,,,40.425713,?,?
,?,,?,10.067414,?,?, Husband,?,?,,87.670456,, United-States, <=50K
,?,,?,,?,?,?, White, Male,,,40.425713, United-States,?
,?,,?,,?, Craft-repair,?,?,?,,,,?, <=50K
38.579506,?,,?,,?,?,?,?,?,,,,?,?
, Private,,?,,?,?,?,?,?,,,,?, <=50K
38.579506,?,,?,,?,?, Husband,?,?,1082.9701,,,?, <=50K
, Private,189484.39,?,,?, Craft-repair, Husband,?, Male,,87.670456,40.425713,?,?
,?,,?,,?,?,?,?,?,,87.670456,,?,?
, Private,,?,,?,?,?,?,?,,,,?,?
38.579506, Private,189484.39,?,10.067414, Married-civ-spouse,?,?,?, Male,,,, United-States,?
,?,,?,,?,?,?, White,?,,87.670456,, United-States,?
,?,,?,,?,?,?,?,?,1082.9701,,,?, <=50K
,?,, HS-grad,,?,?,?,?,?,,,,?,?
,?,,?,,?,?,?, White,?,,,,?,?
38.579506, Private,,?,,?,?, Husband,?,?,,,40.425713,?,?
,?,,?,10.067414,?, Craft-repair,?,?,?,,,,?, <=50K
,?,,?,,?,?,?,?,?,,,,?, <=50K
,?,,?,,?, Craft-repair,?,?,?,,,,?, <=50K
,?,,?,,?,?,?,?, Male,,,,?,?
38.579506,?,,?,,?,?, Husband,?,?,,,,?,?
38.579506,?,,?,10.067414,?,?,?,?,?,1082.9701,,40.425713,?,?
38.579506, Private,,?,,?,?,?,?,?,,,,?,?
,?,,?,10.067414,?,?,?,?,?,,,,?,?
,?,,?,,?, Craft-repair,?, White,?,,,40.425713,?,?
,?,,?,,?,?,?,?,?,,,,?, <=50K
38.579506,?,,?,, Married-civ-spouse, Craft-repair,?,?,?,,,,?,?
,?,,?,10.067414,?,?,?,?,?,,,,?,?
,?,,?,,?,?,?,?,?,,,40.425713, United-States,?
,?,,?,,?,?,?,?,?,1082.9701,,,?,?
,?,, HS-grad,10.067414,?,?,?, White,?,,87.670456,, United-States,?
,?,,?,,?,?, Husband,?, Male,1082.9701,,,?,?
,?,189484.39,?,, Married-civ-spouse,?,?,?, Male,,,40.425713,?,?
,?,,?,10.067414, Married-civ-spouse, Craft-repair,?,?,?,1082.9701,,40.425713,?,?
,?,,?,,?,?, Husband,?,?,,87.670456,, United-States,?
,?,189484.39,?,, Married-civ-spouse,?,?,?,?,,87.670456,40.425713,?,?
,?,,?,10.067414,?, Craft-repair,?,?,?,,,40.425713, United-States,?
,?,189484.39,?,,?,?, Husband,?,?,,,,?,?
, Private,,?,,?,?,?,?, Male,,87.670456,,?,?
38.579506,?,,?,10.067414,?, Craft-repair,?,?,?,,,40.425713, United-States, <=50K
,?,,?,, Married-civ-spouse,?, Husband,?,?,,,,?, <=50K
38.579506,?,,?,,?, Craft-repair,?, White,?,1082.9701,,40.425713,?,?
, Private,,?,10.067414,?,?,?,?, Male,,,, United-States,?
,?,,?,,?,?,?,?,?,,87.670456,,?,?
,?,, HS-grad,,?, Craft-repair,?,?,?,,,,?, <=50K
38.579506,?,,?,,?,?,?,?,?,,,, United-States,?
,?,,?,,?,?,?,?,?,,87.670456,,?,?
, Private,,?,,?,?,?,?,?,1082.9701,,,?, <=50K
, Private,,?,, Married-civ-spouse,?,?,?,?,,,,?,?
,?,,?,,?,?,?,?,?,,87.670456,, United-States, <=50K
,?,,?,,?,?,?,?,?,,,,?,?
,?,, HS-grad,,?,?,?,?, Male,1082.9701,,, United-States,?
,?,,?,, Married-civ-spouse,?,?,?,?,,,40.425713, United-States,?
, Private,,?,,?,?,?,?,?,,,,?,?
,?,,?,,?,?,?, White,?,,,,?,?
,?,,?,,?,?,?,?, Male,,87.670456,,?, <=50K
38.579506,?,, HS-grad,, Married-civ-spouse,?, Husband,?,?,,87.670456,40.425713,?,?
,?,, HS-grad,, Married-civ-spouse,?,?,?,?,,87.670456,,?,?
, Private,,?,, Married-civ-spouse,?,?,?,?,,,40.425713,?,?
,?,189484.39,?,, Married-civ-spouse,?,?,?,?,,87.670456,,?,?
,?,, HS-grad,,?,?,?,?,?,,87.670456,, United-States,?
,?,,?,, Married-civ-spouse,?,?,?, Male,,,,?,?
,?,, HS-grad,,?, Craft-repair,?,?,?,1082.9701,,,?,?
,?,,?,,?, Craft-repair,?, White,?,,,, United-States,?
,?,, HS-grad,10.067414,?,?,?,?,?,,,40.425713,?,?
38.579506,?,, HS-grad,,?,?,?, White,?,1082.9701,,40.425713, United-States,?
, Private,, HS-grad,, Married-civ-spouse,?,?, White,?,,,,?,?
,?,189484.39,?,, Married-civ-spouse,?,?,?,?,1082.9701,,40.425713,?,?
,?,,?,,?,?,?,?,?,,,40.425713,?,?
,?,,?,,?,?,?,?, Male,1082.9701,87.670456,,?,?
,?,,?,,?,?,?,?,?,,,,?,?
,?,,?,,?,?,?, White,?,,,,?,?
,?,189484.39,?,,?,?,?,?,?,,,,?,?
,?,,?,,?,?,?, White,?,,,,?,?
,?,, HS-grad,,?,?,?,?,?,,,, United-States, <=50K
38.579506,?,,?,,?,?,?,?, Male,1082.9701,,, United-States,?
,?,,?,10.067414,?,?,?,?,?,,,, United-States,?
,?,, HS-grad,,?,?, Husband,?,?,,,,?, <=50K
, Private,,?,,?,?, Husband, White,?,1082.9701,,,?,?
,?,,?,,?,?,?,?,?,,87.670456,,?,?
,?,, HS-grad,,?,?,?,?,?,,,,?,?
,?,,?,,?,?,?,?,?,,,,?, <=50K
,?,189484.39, HS-grad,,?,?,?,?,?,,,,?,?
,?,189484.39,?,10.067414, Married-civ-spouse,?, Husband,?,?,,,,?, <=50K
38.579506,?,,?,, Married-civ-spouse,?,?,?, Male,1082.9701,,40.425713,?, <=50K
,?,, HS-grad,,?, Craft-repair,?,?,?,,87.670456,,?,?
,?,, HS-grad,,?, Craft-repair,?,?,?,,,40.425713, United-States, <=50K
,?,, HS-grad,,?,?,?,?,?,,87.670456,,?,?
38.579506,?,,?,,?,?,?,?,?,,,,?,?
,?,, HS-grad,,?,?, Husband,?,?,,,,?,?
38.579506,?,,?,10.067414,?,?, Husband,?,?,,,,?,?
,?,, HS-grad,,?,?,?,?,?,,,, United-States,?
,?,,?,,?, Craft-repair, Husband,?,?,1082.9701,,,?, <=50K
,?,, HS-grad,10.067414, Married-civ-spouse,?,?,?,?,,,,?,?
, Private,189484.39,?,10.067414,?, Craft-repair,?, White, Male,,,,?,?
, Private,189484.39,?,10.067414,?,?,?, White,?,1082.9701,,,?, <=50K
,?,,?,,?,?, Husband,?, Male,,,,?,?
,?,, HS-grad,,?,?,?, White,?,,87.670456,,?,?
,?,, HS-grad,,?, Craft-repair,?,?,?,,,40.425713,?,?
,?,189484.39,?,, Married-civ-spouse,?,?,?,?,,,,?, <=50K
,?,189484.39,?,10.067414,?,?,?,?,?,,87.670456,, United-States,?
,?,, HS-grad,10.067414,?,?,?,?,?,,87.670456,,?,?
38.579506,?,189484.39,?,,?,?,?, White,?,,87.670456,, United-States, <=50K
,?,,?,,?,?,?,?,?,,,,?,?
38.579506,?,,?,,?, Craft-repair,?,?, Male,,,,?,?
, Private,,?,10.067414,?,?,?,?,?,1082.9701,87.670456,,?,?
, Private,, HS-grad,, Married-civ-spouse,?,?,?,?,,,,?,?
, Private,,?,,?,?,?,?,?,,,,?,?
,?,,?,,?, Craft-repair,?,?,?,,,,?, <=50K
,?,189484.39, HS-grad,,?, Craft-repair,?,?,?,,,,?,?
,?,189484.39,?,,?, Craft-repair,?,?,?,,,,?, <=50K
,?,189484.39,?,, Married-civ-spouse,?,?,?,?,,87.670456,,?, <=50K
,?,,?,,?,?, Husband,?,?,,,40.425713,?,?
,?,, HS-grad,,?,?,?,?,?,,,,?, <=50K
,?,,?,,?, Craft-repair,?,?,?,,87.670456,,?,?
,?,,?,10.067414,?,?,?, White, Male,1082.9701,,40.425713,?,?
, Private,189484.39,?,,?, Craft-repair, Husband,?,?,,,,?,?
,?,,?,10.067414,?,?,?,?,?,,,,?,?
38.579506,?,,?,10.067414,?,?,?,?,?,,,,?,?
, Private,,?,, Married-civ-spouse,?, Husband,?,?,,,40.425713,?,?
,?,,?,10.067414,?,?, Husband,?, Male,1082.9701,87.670456,,?,?
,?,,?,,?,?,?,?, Male,,,,?,?
,?,189484.39,?,,?,?,?, White, Male,,,, United-States,?
,?,,?,,?,?,?,?,?,,,,?, <=50K
,?,189484.39,?,10.067414, Married-civ-spouse,?, Husband,?, Male,,,,?,?
,?,,?,10.067414,?,?, Husband, White,?,,,, United-States, <=50K
38.579506, Private,,?,,?,?, Husband,?,?,,,, United-States,?
, Private,,?,,?,?,?,?,?,,,, United-States,?
,?,189484.39, HS-grad,,?,?, Husband,?,?,,87.670456,,?,?
38.579506, Private,,?,,?,?,?,?, Male,,,40.425713,?,?
,?,,?,,?,?,?, White,?,1082.9701,87.670456,40.425713,?,?
,?,,?,,?,?,?,?,?,,,,?,?
38.579506, Private,,?,,?,?,?,?,?,,87.670456,,?, <=50K
,?,189484.39, HS-grad,10.067414, Married-civ-spouse,?,?,?,?,,,40.425713,?, <=50K
38.579506,?,189484.39,?,10.067414,?,?, Husband,?,?,1082.9701,,,?, <=50K
38.579506,?,,?,,?,?,?,?,?,,87.670456,,?,?
,?,,?,, Married-civ-spouse,?,?,?, Male,,,,?,?
,?,,?,,?,?,?,?,?,,,40.425713,?,?
,?,, HS-grad,,?,?, Husband,?, Male,,,,?,?
,?,189484.39,?,,?,?,?,?,?,,,,?,?
38.579506,?,,?,,?,?, Husband,?,?,1082.9701,,, United-States,?
,?,, HS-grad,, Married-civ-spouse, Craft-repair, Husband,?,?,,87.670456,40.425713,?,?
,?,,?,10.067414,?,?,?,?, Male,,,40.425713,?,?
,?,, HS-grad,10.067414,?,?, Husband,?, Male,,87.670456,,?,?
,?,, HS-grad,,?,?,?, White, Male,,87.670456,,?,?
,?,189484.39, HS-grad,, Married-civ-spouse,?,?,?,?,,,40.425713,?,?
,?,, HS-grad,,?,?,?, White,?,,87.670456,, United-States, <=50K
,?,189484.39,?,,?, Craft-repair, Husband,?,?,,,40.425713,?,?
,?,,?,,?, Craft-repair, Husband,?,?,,,40.425713,?,?
, Private,,?,,?,?,?,?,?,,,,?,?
,?,189484.39, HS-grad,,?,?,?,?,?,1082.9701,,,?,?
,?,,?,,?,?,?,?,?,,,40.425713,?,?
, Private,,?,, Married-civ-spouse, Craft-repair, Husband,?,?,,87.670456,,?,?
,?,,?,,?,?,?,?,?,,,40.425713,?,?
,?,,?,,?,?,?,?,?,,,40.425713,?,?
38.579506,?,, HS-grad,,?,?,?,?, Male,1082.9701,,, United-States,?
,?,189484.39,?,10.067414, Married-civ-spouse,?,?,?,?,,,,?,?
,?,, HS-grad,,?, Craft-repair,?,?,?,1082.9701,87.670456,, United-States,?
,?,,?,, Married-civ-spouse,?,?,?,?,1082.9701,,,?,?
,?,,?,,?,?, Husband,?, Male,1082.9701,,,?,?
,?,,?,, Married-civ-spouse, Craft-repair,?,?, Male,,,,?, <=50K
38.579506,?,, HS-grad,, Married-civ-spouse,?, Husband, White,?,,,,?,?
, Private,,?,, Married-civ-spouse,?, Husband,?,?,1082.9701,,, United-States,?
, Private,,?,,?, Craft-repair,?,?,?,,,, United-States,?
,?,,?,,?, Craft-repair,?,?,?,,,, United-States,?
,?,189484.39, HS-grad,10.067414,?,?, Husband,?,?,,,,?,?
,?,,?,,?, Craft-repair,?, White, Male,,,,?,?
,?,189484.39, HS-grad,,?,?, Husband,?,?,,,,?,?
,?,,?,,?,?,?,?,?,,87.670456,,?,?
38.579506,?,189484.39, HS-grad,,?, Craft-repair,?,?,?,,,40.425713,?,?
,?,,?,,?,?, Husband, White,?,,,,?,?
,?,, HS-grad,,?,?,?,?,?,,,, United-States,?
38.579506,?,189484.39,?,10.067414,?,?,?,?,?,,,,?,?
,?,, HS-grad,10.067414, Married-civ-spouse, Craft-repair,?,?, Male,,,,?,?
38.579506,?,, HS-grad,, Married-civ-spouse,?,?,?,?,,,,?,?
38.579506,?,,?,,?, Craft-repair,?,?,?,,,,?, <=50K
38.579506,?,,?,10.067414,?,?,?, White,?,1082.9701,,,?,?
38.579506,?,189484.39,?,,?,?,?,?,?,,87.670456,,?,?
38.579506,?,,?,,?,?,?,?,?,,,,?,?
38.579506,?,,?,,?, Craft-repair,?,?,?,,,,?, <=50K
,?,,?,10.067414,?,?,?,?,?,,,, United-States,?
38.579506,?,189484.39,?,, Married-civ-spouse,?,?, White,?,,,, United-States,?
,?,, HS-grad,10.067414,?,?,?,?, Male,1082.9701,,,?,?
,?,, HS-grad,,?,?,?,?, Male,,,40.425713, United-States,?
, Private,,?,,?,?,?,?, Male,,,,?,?
,?,,?,,?,?, Husband, White,?,,,40.425713,?,?
,?,,?,,?,?,?,?,?,,,, United-States,?
,?,, HS-grad,, Married-civ-spouse,?,?,?, Male,,87.670456,,?,?
,?,,?,,?,?,?,?, Male,1082.9701,87.670456,,?, <=50K
,?,189484.39, HS-grad,10.067414,?,?, Husband,?,?,,,,?,?
,?,,?,, Married-civ-spouse,?,?,?,?,,87.670456,,?,?
,?,189484.39, HS-grad,10.067414,?,?,?,?,?,1082.9701,87.670456,,?,?
,?,,?,10.067414,?,?,?,?,?,1082.9701,,,?,?
,?,,?,,?, Craft-repair,?,?,?,,,,?, <=50K
38.579506,?,,?,, Married-civ-spouse, Craft-repair, Husband,?,?,,,,?, <=50K
,?,189484.39,?,, Married-civ-spouse,?,?,?,?,,87.670456,40.425713, United-States,?
,?,,?,10.067414, Married-civ-spouse,?,?,?,?,,,40.425713,?,?
,?,,?,,?,?, Husband, White,?,,,40.425713,?, <=50K
,?,,?,,?, Craft-repair, Husband,?, Male,,,,?,?
, Private,,?,,?,?, Husband,?, Male,1082.9701,,40.425713,?, <=50K
,?,,?,10.067414,?,?,?,?,?,,,40.425713,?,?
, Private,,?,,?,?,?,?,?,,87.670456,,?,?
,?,, HS-grad,, Married-civ-spouse,?, Husband,?,?,,,,?,?
,?,,?,,?,?,?,?,?,1082.9701,,,?, <=50K
,?,,?,10.067414, Married-civ-spouse, Craft-repair,?,?,?,,,,?, <=50K
38.579506,?,,?,,?, Craft-repair,?, White,?,,,40.425713,?,?
38.579506, Private,,?,,?,?,?, White,?,,,,?,?
,?,,?,,?, Craft-repair, Husband,?, Male,,,,?, <=50K
,?,,?,10.067414,?,?,?,?,?,,,, United-States,?
38.579506,?,,?,,?,?,?,?,?,,,,?,?
, Private,189484.39,?,,?,?,?,?,?,1082.9701,,,?,?
38.579506,?,,?,,?, Craft-repair,?,?,?,,,,?,?
38.579506,?,,?,10.067414, Married-civ-spouse,?, Husband,?,?,,,,?, <=50K
,?,, HS-grad,, Married-civ-spouse,?,?,?, Male,1082.9701,,,?, <=50K
,?,,?,10.067414,?, Craft-repair,?,?,?,,,, United-States,?
,?,189484.39,?,,?,?,?,?,?,,,,?,?
,?,,?,10.067414,?,?,?,?,?,1082.9701,,40.425713,?,?
,?,189484.39,?,,?,?,?,?,?,,,,?,?
,?,,?,,?, Craft-repair,?, White,?,1082.9701,,, United-States,?
,?,,?,10.067414,?,?,?,?, Male,,,,?,?
,?,,?,,?,?, Husband,?,?,,87.670456,40.425713,?,?
,?,, HS-grad,,?,?, Husband,?, Male,,,,?, <=50K
38.579506,?,189484.39,?,,?,?,?,?,?,,,40.425713,?,?
, Private,,?,, Married-civ-spouse,?,?,?,?,,,,?, <=50K
, Private,189484.39,?,,?,?,?,?, Male,1082.9701,,,?,?
,?,,?,, Married-civ-spouse,?, Husband,?,?,,,,?, <=50K
, Private,,?,,?, Craft-repair,?, White,?,,,,?, <=50K
38.579506, Private,,?,,?,?,?,?,?,,87.670456,, United-States,?
,?,189484.39,?,10.067414,?, Craft-repair, Husband,?,?,,,,?,?
,?,189484.39,?,, Married-civ-spouse,?,?, White,?,1082.9701,,,?, <=50K
,?,,?,, Married-civ-spouse,?,?,?,?,,,,?,?
, Private,189484.39,?,, Married-civ-spouse,?,?,?, Male,1082.9701,87.670456,,?,?
,?,,?,,?,?,?,?, Male,,,,?,?
,?,,?,,?, Craft-repair, Husband, White, Male,,,,?,?
, Private,,?,,?,?,?,?,?,,87.670456,,?,?
38.579506,?,189484.39, HS-grad,10.067414,?,?, Husband,?,?,,,,?,?
, Private,,?,,?, Craft-repair,?,?, Male,,87.670456,,?,?
, Private,,?,,?,?,?,?,?,,,,?,?
,?,, HS-grad,,?,?,?,?,?,,,,?,?
,?,,?,, Married-civ-spouse,?,?,?,?,,,,?,?
38.579506,?,,?,, Married-civ-spouse,?,?,?,?,1082.9701,,,?,?
,?,,?,,?, Craft-repair, Husband,?,?,,,,?,?
,?,,?,,?,?,?,?,?,1082.9701,,, United-States,?
38.579506,?,,?,,?,?, Husband,?,?,1082.9701,,, United-States, <=50K
,?,,?,10.067414,?,?,?, White,?,,87.670456,,?,?
,?,,?,10.067414,?,?,?,?,?,,,, United-States,?
,?,, HS-grad,,?, Craft-repair,?,?, Male,1082.9701,,, United-States,?
, Private,, HS-grad,, Married-civ-spouse,?, Husband,?,?,,,,?,?
, Private,,?,, Married-civ-spouse,?,?,?,?,,,, United-States,?
,?,,?,, Married-civ-spouse, Craft-repair,?, White,?,,,,?,?
,?,,?,,?, Craft-repair,?,?, Male,,,,?, <=50K
,?,,?,,?,?, Husband, White,?,,,,?, <=50K
,?,,?,, Married-civ-spouse,?,?, White,?,,,,?,?
,?,,?,,?,?,?,?,?,,87.670456,,?,?
,?,, HS-grad,, Married-civ-spouse, Craft-repair,?,?,?,,87.670456,,?,?
, Private,,?,,?,?, Husband,?, Male,,,,?,?
,?,,?,,?,?, Husband, White,?,,,,?,?
,?,,?,10.067414,?,?,?,?,?,1082.9701,,,?,?
,?,,?,,?,?, Husband,?,?,,,, United-States, <=50K
,?,, HS-grad,, Married-civ-spouse,?,?, White,?,,,,?,?
,?,,?,,?,?,?,?, Male,,,,?,?
, Private,189484.39,?,,?,?,?,?,?,,,,?,?
,?,189484.39,?,10.067414,?,?,?,?,?,,,,?,?
,?,189484.39,?,,?,?,?,?,?,,,40.425713,?,?
38.579506,?,,?,,?,?,?,?,?,1082.9701,,, United-States,?
,?,189484.39,?,, Married-civ-spouse,?,?,?,?,,,40.425713, United-States, <=50K
, Private,189484.39,?,10.067414,?,?,?, White,?,,,,?, <=50K
,?,,?,,?,?,?,?,?,,,, United-States, <=50K
38.579506,?,,?,,?,?,?,?,?,,,,?,?
, Private,, HS-grad,,?,?,?,?,?,,,,?,?
38.579506,?,189484.39,?,,?,?,?,?,?,,,,?, <=50K
,?,, HS-grad,,?, Craft-repair,?,?,?,,,,?,?
,?,,?,, Married-civ-spouse,?,?,?,?,,,,?,?
38.579506,?,, HS-grad,, Married-civ-spouse, Craft-repair,?,?,?,,,40.425713,?,?
,?,,?,, Married-civ-spouse,?,?,?,?,,,40.425713, United-States,?
38.579506,?,,?,,?,?,?,?,?,,87.670456,,?,?
,?,,?,, Married-civ-spouse, Craft-repair,?,?,?,,,40.425713,?,?
38.579506,?,189484.39,?,,?,?,?,?,?,,,,?,?
,?,189484.39,?,,?,?, Husband,?,?,,,,?,?
,?,,?,,?,?,?,?,?,,,,?,?
38.579506,?,189484.39,?,,?, Craft-repair,?,?, Male,,87.670456,40.425713,?,?
,?,,?,,?, Craft-repair,?,?,?,,,,?,?
, Private,189484.39,?,10.067414, Married-civ-spouse,?,?,?,?,1082.9701,87.670456,,?,?
,?,,?,, Married-civ-spouse,?,?,?,?,,,,?,?
,?,,?,,?,?,?,?,?,1082.9701,,40.425713, United-States,?
,?,, HS-grad,,?,?,?,?,?,,87.670456,40.425713,?,?
, Private,,?,10.067414,?,?,?,?,?,,87.670456,,?, <=50K
38.579506, Private,189484.39,?,10.067414,?,?, Husband,?,?,,,,?,?
,?,,?,10.067414,?, Craft-repair,?,?,?,1082.9701,,40.425713,?, <=50K
,?,,?,,?,?,?,?,?,,,, United-States,?
,?,,?,10.067414,?, Craft-repair,?,?,?,,,,?,?
,?,189484.39,?,10.067414,?,?, Husband,?,?,,,,?, <=50K
,?,,?,10.067414,?,?,?,?,?,,,, United-States,?
,?,189484.39, HS-grad,,?,?,?,?,?,1082.9701,,,?,?
38.579506, Private,,?,,?,?, Husband,?,?,,87.670456,,?,?
,?,,?,,?,?,?,?,?,,87.670456,,?,?
,?,,?,,?,?,?,?,?,,,,?,?
,?,,?,,?, Craft-repair,?,?,?,1082.9701,,,?,?
,?,,?,,?,?,?,?,?,,,40.425713,?,?
,?,,?,,?,?,?,?,?,,87.670456,,?,?
,?,,?,,?,?,?,?, Male,,,40.425713,?,?
38.579506,?,, HS-grad,, Married-civ-spouse,?,?,?,?,,,, United-States,?
,?,,?,, Married-civ-spouse,?,?,?, Male,,,,?,?
,?,189484.39,?,,?,?, Husband,?,?,,87.670456,40.425713,?,?
,?,, HS-grad,10.067414,?,?,?, White,?,1082.9701,,40.425713,?,?
38.579506,?,, HS-grad,,?,?, Husband, White,?,,,,?,?
38.579506,?,,?,,?,?,?,?,?,,,,?, <=50K
,?,189484.39,?,10.067414,?,?,?,?, Male,1082.9701,,,?,?
,?,,?,, Married-civ-spouse,?,?, White,?,,,,?,?
,?,, HS-grad,,?,?,?,?, Male,,,40.425713,?, <=50K
, Private,,?,,?,?,?, White,?,1082.9701,87.670456,40.425713,?,?
, Private,,?,10.067414,?,?,?,?,?,,,,?,?
,?,,?,10.067414,?,?,?,?,?,1082.9701,,,?, <=50K
,?,,?,,?,?,?,?,?,1082.9701,,,?,?
38.579506,?,, HS-grad,,?,?,?,?,?,1082.9701,,40.425713,?,?
,?,189484.39,?,, Married-civ-spouse,?,?,?,?,,,40.425713,?, <=50K
38.579506,?,, HS-grad,,?,?, Husband, White,?,1082.9701,87.670456,,?,?
,?,189484.39,?,,?,?,?,?,?,,,,?,?
,?,, HS-grad,,?,?,?,?,?,,,,?,?
,?,189484.39,?,, Married-civ-spouse,?,?,?,?,,,,?, <=50K
,?,189484.39,?,,?,?,?,?, Male,,,,?,?
,?,,?,,?,?,?,?,?,1082.9701,,, United-States, <=50K
38.579506, Private,,?,,?,?,?,?, Male,1082.9701,,,?,?
,?,, HS-grad,,?,?, Husband,?,?,1082.9701,,,?,?
,?,,?,, Married-civ-spouse,?,?,?,?,,87.670456,, United-States,?
, Private,189484.39,?,, Married-civ-spouse,?,?, White,?,,87.670456,,?,?
, Private,189484.39, HS-grad,10.067414,?,?,?,?,?,,,,?, <=50K
38.579506, Private,,?,,?,?, Husband, White,?,,,,?,?
,?,,?,, Married-civ-spouse,?,?,?,?,,,40.425713,?,?
,?,,?,10.067414,?,?,?,?,?,,,,?,?
,?,,?,,?,?,?,?,?,,,, United-States,?
, Private,,?,10.067414,?,?, Husband,?,?,,87.670456,,?,?
,?,189484.39,?,,?,?, Husband,?,?,,,,?, <=50K
,?,, HS-grad,,?, Craft-repair,?,?,?,,,,?,?
,?,,?,,?,?, Husband,?,?,,87.670456,, United-States,?
,?,,?,, Married-civ-spouse,?,?,?,?,,,40.425713,?, <=50K
,?,189484.39,?,,?,?,?, White, Male,,,,?, <=50K
, Private,,?,10.067414,?,?,?,?,?,,,40.425713, United-States,?
38.579506, Private,189484.39,?,,?,?,?,?,?,,,,?,?
,?,,?,,?,?,?,?, Male,,,,?,?
,?,,?,,?,?,?,?,?,,,,?,?
,?,, HS-grad,,?,?,?,?,?,1082.9701,87.670456,,?,?
,?,,?,, Married-civ-spouse,?,?,?,?,1082.9701,,,?,?
,?,,?,,?,?,?,?,?,,,,?,?
,?,,?,,?,?,?,?,?,,87.670456,,?,?
,?,,?,,?, Craft-repair,?,?,?,,,, United-States,?
,?,,?,,?, Craft-repair,?,?,?,,87.670456,,?,?
38.579506,?,,?,,?, Craft-repair,?, White, Male,,,,?,?
38.579506,?,,?,,?,?,?,?,?,,87.670456,, United-States,?
,?,,?,,?, Craft-repair,?,?, Male,1082.9701,87.670456,,?,?
,?,,?,,?,?,?,?,?,,,40.425713,?,?
,?,,?,,?, Craft-repair,?,?,?,,87.670456,,?,?
,?,,?,,?,?,?,?,?,1082.9701,,, United-States, <=50K
38.579506,?,,?,,?,?,?,?, Male,,87.670456,40.425713,?,?
,?,, HS-grad,,?, Craft-repair, Husband,?,?,,,,?,?
, Private,,?,,?,?,?, White,?,,,,?,?
,?,,?,,?,?, Husband,?,?,,,,?,?
,?,,?,,?,?,?,?,?,1082.9701,,,?,?
,?,,?,,?,?,?,?,?,1082.9701,,, United-States,?
38.579506,?,,?,10.067414, Married-civ-spouse,?,?,?,?,,,,?,?
,?,,?,,?,?,?,?,?,,,,?,?
38.579506,?,,?,10.067414,?,?, Husband, White, Male,,87.670456,, United-States, <=50K
, Private,,?,,?,?,?,?,?,,,,?,?
, Private,,?,, Married-civ-spouse,?, Husband,?,?,,,,?,?
,?,,?,,?,?,?,?,?,,,,?, <=50K
,?,,?,, Married-civ-spouse, Craft-repair,?,?,?,1082.9701,,40.425713,?,?
38.579506, Private,,?,,?, Craft-repair,?,?, Male,1082.9701,,40.425713,?,?
,?,,?,,?,?,?,?,?,,,,?,?
,?,,?,10.067414,?,?,?, White,?,,,,?,?
,?,,?,,?,?, Husband,?,?,,,40.425713,?, <=50K
,?,, HS-grad,,?,?,?, White, Male,,,40.425713,?,?
38.579506, Private,,?,,?,?,?,?,?,,,40.425713,?,?
,?,, HS-grad,,?, Craft-repair,?,?,?,,,,?,?
,?,,?,, Married-civ-spouse,?, Husband,?,?,,,, United-States,?
,?,, HS-grad,,?,?,?,?,?,1082.9701,87.670456,, United-States, <=50K
38.579506,?,,?,,?,?,?,?, Male,,,,?,?
,?,,?,10.067414,?,?,?,?,?,1082.9701,,,?,?
,?,189484.39,?,,?,?, Husband,?, Male,1082.9701,,, United-States,?
, Private,, HS-grad,, Married-civ-spouse,?,?, White,?,,,40.425713,?,?
38.579506,?,,?,,?,?,?,?,?,,,,?,?
,?,189484.39,?,,?,?,?, White,?,,,,?,?
, Private,, HS-grad,,?,?,?, White, Male,,,,?,?
,?,,?,,?,?,?,?, Male,1082.9701,,,?,?
,?,,?,,?,?, Husband,?,?,1082.9701,,40.425713,?,?
,?,189484.39,?,,?, Craft-repair,?,?, Male,,,, United-States,?
38.579506, Private,,?,,?,?,?,?, Male,,87.670456,40.425713,?,?
,?,,?,,?,?, Husband, White,?,1082.9701,,40.425713,?,?
,?,, HS-grad,,?,?,?,?,?,,,,?,?
, Private,,?,10.067414, Married-civ-spouse,?,?,?,?,,,,?,?
38.579506, Private,,?,,?, Craft-repair,?,?,?,1082.9701,,,?, <=50K
,?,,?,10.067414,?,?,?,?,?,,87.670456,,?,?
38.579506,?,,?,,?,?,?, White,?,,,,?,?
,?,,?,, Married-civ-spouse,?,?,?,?,1082.9701,,,?,?
,?,,?,, Married-civ-spouse,?,?,?, Male,,87.670456,,?,?
,?,,?,,?, Craft-repair,?,?,?,,87.670456,,?,?
,?,,?,, Married-civ-spouse,?,?, White,?,,,40.425713,?,?
,?,,?,, Married-civ-spouse,?, Husband,?, Male,,,,?, <=50K
,?,189484.39,?,, Married-civ-spouse, Craft-repair,?, White, Male,,,, United-States,?
,?,, HS-grad,10.067414, Married-civ-spouse,?,?,?, Male,,87.670456,,?,?
, Private,189484.39,?,, Married-civ-spouse, Craft-repair, Husband,?,?,1082.9701,,40.425713,?, <=50K
,?,,?,10.067414, Married-civ-spouse,?,?,?,?,1082.9701,,,?, <=50K
,?,189484.39,?,,?,?,?,?,?,1082.9701,87.670456,,?,?
38.579506,?,,?,, Married-civ-spouse,?, Husband,?,?,,,,?,?
,?,,?,10.067414,?, Craft-repair,?, White,?,,,,?,?
,?,, HS-grad,,?,?, Husband, White,?,,,,?,?
38.579506,?,,?,,?,?, Husband,?,?,,,40.425713,?,?
, Private,,?,10.067414,?,?,?,?,?,,,,?,?
, Private,189484.39,?,, Married-civ-spouse,?,?,?, Male,,87.670456,40.425713, United-States,?
,?,,?,10.067414,?, Craft-repair,?, White, Male,,,40.425713,?,?
,?,,?,,?,?, Husband,?,?,1082.9701,,,?,?
, Private,,?,,?,?,?,?,?,1082.9701,,,?,?
,?,,?,10.067414,?,?,?,?,?,,,,?,?
,?,, HS-grad,10.067414,?,?, Husband,?,?,,,,?, <=50K
,?,,?,,?,?,?,?,?,,,,?,?
,?,, HS-grad,, Married-civ-spouse,?,?,?,?,,87.670456,, United-States,?
,?,,?,, Married-civ-spouse,?, Husband,?,?,1082.9701,87.670456,, United-States,?
,?,,?,10.067414, Married-civ-spouse,?,?, White,?,,,40.425713,?,?
,?,,?,, Married-civ-spouse, Craft-repair,?,?,?,,,,?,?
38.579506,?,,?,, Married-civ-spouse,?, Husband,?, Male,,,,?, <=50K
,?,,?,,?,?, Husband,?,?,,,,?,?
38.579506, Private,189484.39,?,,?,?, Husband,?,?,,,,?,?
,?,, HS-grad,, Married-civ-spouse, Craft-repair,?,?,?,,,,?,?
,?,,?,,?,?,?,?, Male,,,,?,?
,?,,?,,?,?,?,?,?,,87.670456,,?,?
,?,,?,, Married-civ-spouse, Craft-repair,?,?,?,,,,?,?
,?,,?,,?, Craft-repair,?,?,?,,87.670456,, United-States,?
,?,,?,,?,?,?,?,?,,87.670456,,?,?
,?,, HS-grad,, Married-civ-spouse,?,?, White, Male,,,, United-States,?
38.579506,?,, HS-grad,, Married-civ-spouse,?,?,?,?,,,,?, <=50K
,?,,?,, Married-civ-spouse, Craft-repair,?,?,?,,,40.425713,?,?
,?,189484.39,?,10.067414,?,?, Husband, White,?,,,,?,?
38.579506,?,, HS-grad,, Married-civ-spouse,?,?,?,?,,,,?,?
,?,,?,,?,?,?,?,?,,,,?,?
,?,,?,, Married-civ-spouse,?,?,?, Male,,,, United-States,?
,?,,?,,?, Craft-repair,?,?,?,,,,?,?
,?,189484.39, HS-grad,,?,?,?,?,?,,87.670456,,?, <=50K
,?,,?,10.067414,?,?,?,?,?,,,,?,?
,?,, HS-grad,,?,?,?,?,?,,,,?,?
, Private,,?,10.067414,?,?, Husband,?,?,,,40.425713, United-States,?
,?,,?,,?,?,?,?,?,,,40.425713,?,?
,?,,?,, Married-civ-spouse, Craft-repair,?,?, Male,,,40.425713,?,?
38.579506,?,,?,,?,?,?,?,?,,,,?, <=50K
,?,,?,,?,?,?,?,?,,,,?, <=50K
,?,,?,,?,?,?,?,?,,,, United-States,?
,?,,?,,?, Craft-repair,?,?, Male,1082.9701,,,?,?
, Private,189484.39,?,,?,?,?,?,?,,,,?,?
,?,,?,,?,?, Husband,?, Male,1082.9701,,,?, <=50K
,?,189484.39,?,,?,?,?,?,?,,,,?,?
,?,,?,,?,?, Husband,?,?,,,,?,?
, Private,, HS-grad,,?,?,?, White, Male,1082.9701,,40.425713, United-States,?
, Private,,?,,?,?,?, White, Male,,,,?,?
38.579506,?,,?,10.067414,?,?,?,?,?,,,,?,?
,?,189484.39,?,,?,?,?,?,?,,,,?,?
,?,,?,,?,?,?,?,?,,,40.425713,?,?
,?,189484.39,?,,?,?,?,?,?,,,40.425713,?,?
,?,, HS-grad,,?,?, Husband,?, Male,,,40.425713,?, <=50K
,?,, HS-grad,,?, Craft-repair, Husband,?,?,1082.9701,,,?, <=50K
,?,, HS-grad,10.067414,?,?,?,?, Male,,,,?,?
38.579506, Private,,?,, Married-civ-spouse, Craft-repair,?,?, Male,,87.670456,,?,?
,?,,?,, Married-civ-spouse,?,?,?,?,1082.9701,,40.425713,?,?
,?,, HS-grad,, Married-civ-spouse,?,?,?,?,,,,?,?
38.579506,?,,?,,?,?,?,?,?,,87.670456,40.425713,?, <=50K
, Private,,?,, Married-civ-spouse,?, Husband, White,?,,,,?,?
, Private,189484.39,?,,?,?, Husband,?, Male,,,,?,?
,?,,?,10.067414,?,?,?,?, Male,1082.9701,,40.425713, United-States,?
,?,189484.39,?,,?,?,?,?, Male,,,,?,?
, Private,189484.39,?,,?,?,?, White, Male,1082.9701,87.670456,,?,?
38.579506,?,,?,,?,?,?,?, Male,,,,?,?
,?,,?,,?,?, Husband, White, Male,,,,?,?
,?,189484.39, HS-grad,10.067414,?,?,?,?,?,,87.670456,40.425713,?,?
,?,,?,,?,?,?, White, Male,1082.9701,,,?,?
,?,, HS-grad,,?,?,?,?,?,,,,?,?
,?,,?,, Married-civ-spouse,?,?,?,?,,87.670456,,?,?
38.579506,?,189484.39, HS-grad,,?, Craft-repair,?,?,?,,,, United-States, <=50K
