Administrative,Administrative_Duration,Informational,Informational_Duration,ProductRelated,ProductRelated_Duration,BounceRates,ExitRates,PageValues,SpecialDay,Month,OperatingSystems,Browser,Region,TrafficType,VisitorType,Weekend,Revenue
1.0,12.085427284240723,0.0,0.0,87.42115020751953,1347.496337890625,0.04776741564273834,0.01750841923058033,13.638858795166016,0.0,Mar,2,2,3,13,Returning_Visitor,False,False
0.0,0.0,0.0,0.0,10.44197940826416,321.9525146484375,0.016600530594587326,0.027314143255352974,0.0,0.0,Mar,3,2,1,2,Returning_Visitor,True,False
9.0,92.13654327392578,0.0,0.0,136.47682189941406,3245.23876953125,0.005780518054962158,0.01824679970741272,16.814136505126953,0.0,Nov,2,2,3,1,Returning_Visitor,False,False
0.0,0.0,0.0,0.0,3.0,86.13047790527344,0.06966450810432434,0.10000000149011612,0.0,0.0,May,3,2,1,13,Returning_Visitor,True,False
2.0,34.842254638671875,0.0,0.0,10.0,221.7255401611328,0.02500000037252903,0.012523313984274864,0.0,0.0,Aug,2,2,1,2,Returning_Visitor,False,False
0.0,0.0,0.0,0.0,14.0,282.99053955078125,0.009999999776482582,0.03577318787574768,0.0,0.0,May,2,2,1,3,Returning_Visitor,False,False
6.0,81.22176361083984,0.0,0.0,47.689430236816406,1284.94873046875,0.00780084915459156,0.02427096478641033,7.265920639038086,0.0,Jul,3,6,4,1,Returning_Visitor,False,False
8.0,217.3676300048828,0.0,0.0,29.0,747.8450927734375,0.0064609176479279995,0.00833333283662796,0.0,0.0,Nov,4,1,3,7,Returning_Visitor,True,False
0.0,0.0,0.0,0.0,2.0,8.950784683227539,0.06553846597671509,0.08284232020378113,0.0,0.0,Dec,2,2,4,1,Returning_Visitor,False,False
0.0,0.0,0.0,0.0,3.0,60.90040969848633,0.0,0.10000000149011612,0.0,0.0,May,3,2,2,1,Returning_Visitor,True,False
0.0,0.0,0.0,0.0,2.0,0.0,0.20000000298023224,0.20000000298023224,0.0,0.0,Nov,2,2,3,1,Returning_Visitor,False,False
2.017707586288452,93.1019058227539,1.0,36.46464538574219,64.86689758300781,1081.7020263671875,0.0,0.02500000037252903,0.0,0.0,Mar,2,2,7,2,Returning_Visitor,False,False
4.0,18.908327102661133,0.0,0.0,25.0,432.5029296875,0.0,0.022807221859693527,45.823448181152344,0.0,May,2,2,1,2,Returning_Visitor,True,True
6.0,109.19973754882812,0.0,0.0,17.0,306.65069580078125,0.0,0.010176834650337696,0.0,0.0,Nov,2,2,2,2,Returning_Visitor,False,False
0.0,0.0,0.0,0.0,39.53207015991211,1056.6907958984375,0.012500000186264515,0.03333333134651184,0.0,0.0,Nov,2,2,1,3,Returning_Visitor,False,False
0.0,0.0,2.0,0.0,41.0,1700.1939697265625,0.007692308165132999,0.015830151736736298,0.0,0.0,Dec,2,2,1,3,Returning_Visitor,False,False
8.0,172.40878295898438,0.0,0.0,43.0,2283.302001953125,0.006279017310589552,0.01539428811520338,0.0,0.0,Dec,2,2,8,4,Returning_Visitor,True,False
2.0,53.01074981689453,0.0,0.0,33.0,942.3916625976562,0.0,0.026207415387034416,0.0,0.0,Mar,4,1,1,2,Returning_Visitor,False,True
0.0,0.0,0.0,0.0,56.944820404052734,1427.6080322265625,0.005981366615742445,0.02500000037252903,7.208854675292969,0.0,May,2,4,1,2,Returning_Visitor,False,False
1.0,103.96732330322266,0.0,0.0,14.0,671.4153442382812,0.00973034929484129,0.012500000186264515,0.0,0.0,Dec,3,2,3,2,New_Visitor,False,False
0.0,0.0,0.0,0.0,5.0,92.69470977783203,0.03333333134651184,0.06666667014360428,0.0,0.0,May,2,2,6,3,Returning_Visitor,False,False
0.0,0.0,0.0,0.0,2.0,0.0,0.20000000298023224,0.20000000298023224,0.0,0.0,May,2,5,4,3,Returning_Visitor,False,False
5.0,9.320554733276367,0.0,0.0,32.05291748046875,351.09503173828125,0.012918940745294094,0.01779726706445217,0.0,0.0,Nov,1,1,1,3,Returning_Visitor,True,True
3.0,11.202054977416992,0.0,0.0,17.0,4275.37060546875,0.006560579873621464,0.014532510191202164,0.0,0.0,Oct,2,2,3,3,Returning_Visitor,False,False
1.0,0.0,1.0,41.04987335205078,10.0,539.7567749023438,0.021268989890813828,0.057212382555007935,0.0,0.0,May,1,1,1,3,Returning_Visitor,False,False
0.0,0.0,0.0,0.0,27.0,1700.8936767578125,0.0,0.05000000074505806,0.0,0.0,May,3,2,1,6,Returning_Visitor,False,False
0.0,0.0,0.0,0.0,38.066593170166016,1326.6319580078125,0.0,0.0379166305065155,0.0,0.0,May,1,1,3,3,Returning_Visitor,False,False
0.0,0.0,0.0,0.0,2.0,69.543212890625,0.0,0.10527181625366211,0.0,0.0,Feb,2,8,1,2,Returning_Visitor,False,False
0.0,0.0,0.0,0.0,8.0,394.2927551269531,0.021747197955846786,0.02506624162197113,0.0,0.0,Dec,2,2,1,20,Returning_Visitor,False,False
7.0,91.64525604248047,0.0,0.0,42.0,1985.650390625,0.0,0.009010829962790012,0.0,0.0,Sep,4,2,1,1,Returning_Visitor,False,False
3.0,81.74754333496094,0.0,0.0,4.0,58.971614837646484,0.0,0.01666666753590107,0.0,0.0,Nov,1,1,3,2,Returning_Visitor,False,False
0.0,0.0,0.0,0.0,3.0,84.77310180664062,0.03999999910593033,0.05000000074505806,0.0,0.0,Mar,3,2,2,4,Returning_Visitor,False,False
0.0,0.0,0.0,0.0,6.0,57.299705505371094,0.050824496895074844,0.09346739202737808,0.0,0.0,Jul,2,2,6,3,Returning_Visitor,False,False
4.0,20.765419006347656,0.0,0.0,24.0,895.3779296875,0.008928271941840649,0.02500000037252903,0.0,0.0,May,3,2,9,13,Returning_Visitor,False,False
4.0,384.99993896484375,0.0,0.0,95.7481689453125,1847.8223876953125,0.014285714365541935,0.016461893916130066,0.0,0.0,June,2,2,2,13,Returning_Visitor,False,True
7.0,69.58543395996094,3.0,31.836994171142578,54.628665924072266,914.9861450195312,0.014285714365541935,0.016829457134008408,12.906989097595215,0.0,May,3,2,1,2,Returning_Visitor,False,True
3.0,6.0,0.0,0.0,4.0,148.73980712890625,0.02605113573372364,0.02818082645535469,0.0,0.0,May,3,2,3,1,Returning_Visitor,False,False
0.0,0.0,0.0,0.0,6.0,273.6513977050781,0.0,0.10000000149011612,0.0,0.0,May,2,4,1,13,Returning_Visitor,True,False
13.690239906311035,261.51739501953125,3.0,932.4779052734375,155.9031524658203,4853.4951171875,0.0,0.019293775781989098,0.0,0.0,May,2,2,6,2,Returning_Visitor,True,False
8.0,95.75514221191406,1.0,84.22601318359375,10.0,400.1746520996094,0.020610596984624863,0.043003346771001816,0.0,0.0,May,1,1,1,1,Returning_Visitor,False,False
0.0,0.0,0.0,0.0,1.0,0.0,0.20000000298023224,0.20000000298023224,0.0,0.0,May,2,2,4,1,Returning_Visitor,False,False
6.0,246.45462036132812,2.0,0.0,46.682891845703125,525.8148803710938,0.0181818176060915,0.025285111740231514,0.0,0.0,May,1,2,9,2,Returning_Visitor,True,False
0.0,0.0,0.0,0.0,17.0,274.4991149902344,0.018102014437317848,0.028916863724589348,0.0,0.0,Dec,2,3,1,3,Returning_Visitor,True,False
7.0,116.3546142578125,0.0,0.0,7.0,218.1568145751953,0.0,0.01673244871199131,0.0,0.0,May,2,2,3,4,Returning_Visitor,False,False
0.0,0.0,0.0,0.0,10.0,174.6645050048828,0.0,0.02218242548406124,0.0,0.0,May,2,5,4,1,Returning_Visitor,False,False
0.0,0.0,0.0,0.0,5.0,261.7895202636719,0.0,0.08022267371416092,0.0,0.0,Dec,2,2,8,1,Returning_Visitor,False,False
2.0,69.03912353515625,0.0,0.0,24.0,261.4359436035156,0.0,0.01350537408143282,0.0,1.0,May,2,2,2,4,New_Visitor,False,False
0.0,0.0,0.0,0.0,39.0,429.01531982421875,0.0,0.05000000074505806,0.0,0.6000000238418579,Nov,2,5,7,13,Returning_Visitor,False,False
0.0,0.0,0.0,0.0,32.0,1502.4365234375,0.010526316240429878,0.03999999910593033,0.0,0.0,Sep,1,1,1,2,Returning_Visitor,False,False
0.0,0.0,0.0,0.0,5.0,91.4794921875,0.07042223960161209,0.08191300928592682,0.0,0.0,May,1,2,4,2,Returning_Visitor,False,False
9.0,15.83226490020752,0.0,0.0,80.5556411743164,1663.066162109375,0.022048814222216606,0.027250178158283234,0.0,0.0,Nov,1,1,1,2,Returning_Visitor,False,True
0.0,0.0,0.0,0.0,1.0,0.0,0.0,0.20000000298023224,0.0,0.0,Oct,2,2,2,10,Returning_Visitor,False,False
3.0,12.520706176757812,0.0,0.0,33.0,2031.1416015625,0.0,0.009999999776482582,0.0,0.0,Sep,2,2,2,4,Returning_Visitor,False,True
2.0,80.3380126953125,2.0,18.44217300415039,41.0,3281.8076171875,0.0,0.00963143352419138,0.0,0.0,May,1,1,1,10,Returning_Visitor,False,False
4.0,270.7678527832031,3.0,53.12049102783203,13.0,1747.1563720703125,0.0,0.01680334284901619,0.0,0.0,May,2,2,4,3,New_Visitor,False,False
7.0,149.49432373046875,0.0,0.0,64.47428131103516,632.7930908203125,0.0,0.022692030295729637,27.77653694152832,0.0,Nov,2,2,2,10,Returning_Visitor,False,False
0.0,0.0,0.0,0.0,22.0,373.2737731933594,0.0,0.0181818176060915,0.0,0.0,May,4,2,3,2,Returning_Visitor,False,False
8.0,113.59890747070312,2.8501503467559814,84.81681060791016,97.51082611083984,2610.301513671875,0.006475093774497509,0.010981190018355846,25.865036010742188,0.0,Nov,2,2,1,13,Returning_Visitor,True,False
1.0,0.0,0.0,0.0,17.0,354.9235534667969,0.011686330661177635,0.05131809785962105,40.69004440307617,0.0,May,2,2,1,4,Returning_Visitor,False,False
0.0,0.0,0.0,0.0,8.0,162.3153533935547,0.0,0.0,17.443336486816406,0.0,Oct,1,1,1,2,New_Visitor,True,True
0.0,0.0,0.0,0.0,10.020743370056152,1933.2027587890625,0.0,0.032064665108919144,0.0,0.0,May,3,2,3,2,Returning_Visitor,True,False
1.0,28.153532028198242,0.0,0.0,15.0,680.7197875976562,0.0,0.00755233084782958,54.3306770324707,1.0,Dec,1,1,2,2,New_Visitor,False,True
11.0,224.4118194580078,0.0,0.0,55.42384338378906,840.8617553710938,0.018265970051288605,0.03999999910593033,6.168963432312012,0.0,Nov,3,2,1,3,Returning_Visitor,True,False
2.0,75.77657318115234,0.0,0.0,27.0,243.96096801757812,0.0,0.017288437113165855,52.758392333984375,0.0,Nov,2,2,7,1,New_Visitor,False,False
0.0,0.0,0.0,0.0,66.65016174316406,1663.042236328125,0.0,0.03467950224876404,5.919220447540283,0.0,Nov,3,2,1,2,Returning_Visitor,False,False
0.0,0.0,0.0,0.0,11.0,128.89988708496094,0.039982520043849945,0.10000000149011612,0.0,0.0,Nov,2,2,2,1,Returning_Visitor,False,False
0.0,0.0,0.0,0.0,48.0,961.1571044921875,0.018152032047510147,0.04995550587773323,0.0,0.0,May,2,2,1,8,Returning_Visitor,False,False
6.099050045013428,46.05652618408203,0.0,0.0,12.0,523.2786865234375,0.0,0.024924740195274353,0.0,0.0,Nov,1,1,1,2,Returning_Visitor,False,False
0.0,0.0,0.0,0.0,5.0,93.87499237060547,0.02857142873108387,0.05239942669868469,0.0,0.0,Dec,2,2,1,13,Returning_Visitor,False,False
6.0,133.1375274658203,0.0,0.0,21.0,350.0792541503906,0.0,0.05000000074505806,0.0,0.0,Dec,2,2,8,13,Returning_Visitor,True,False
1.0,145.14910888671875,0.0,0.0,16.0,600.146240234375,0.010210358537733555,0.00911277811974287,0.0,0.0,May,2,2,1,3,Returning_Visitor,False,False
0.0,0.0,0.0,0.0,6.0,179.06808471679688,0.0,0.039377205073833466,0.0,0.0,Nov,3,2,1,3,Returning_Visitor,False,False
1.0,155.5057373046875,0.0,0.0,26.0,512.5001831054688,0.033899568021297455,0.04375651106238365,8.061822891235352,0.0,May,2,2,1,3,Returning_Visitor,False,False
0.0,0.0,0.0,0.0,14.0,1896.8236083984375,0.017418688163161278,0.03001631796360016,0.0,0.0,Dec,4,1,3,3,Returning_Visitor,False,False
0.0,0.0,0.0,0.0,11.41295337677002,296.5477294921875,0.013420947827398777,0.05000000074505806,0.0,0.0,May,1,1,4,2,Returning_Visitor,False,False
4.0,9.45767879486084,2.80104398727417,0.0,19.0,800.2117919921875,0.007294199429452419,0.036246150732040405,20.467329025268555,0.0,Sep,2,2,3,3,Returning_Visitor,False,True
12.0,170.73123168945312,3.0,111.36689758300781,57.1029052734375,3604.43359375,0.005725019611418247,0.015225505456328392,12.739775657653809,0.0,Nov,2,2,4,2,Returning_Visitor,True,False
0.0,0.0,0.0,0.0,1.0,0.0,0.20000000298023224,0.20000000298023224,0.0,0.0,Mar,3,2,4,8,Returning_Visitor,True,False
5.0,187.158447265625,0.0,0.0,73.6851577758789,1119.0859375,0.0,0.019999999552965164,0.0,0.0,May,3,2,3,3,Returning_Visitor,False,True
5.0,247.2294464111328,4.093928337097168,271.64068603515625,42.0,1388.721923828125,0.011135299690067768,0.031302616000175476,14.247729301452637,0.0,Sep,2,2,8,6,Returning_Visitor,False,False
0.0,0.0,0.0,0.0,5.0,223.42218017578125,0.05548594519495964,0.10000000149011612,0.0,0.0,May,2,5,7,1,Returning_Visitor,False,False
6.1689229011535645,182.02366638183594,0.0,0.0,40.96201705932617,1616.78662109375,0.003627584083005786,0.02568296529352665,29.79257583618164,0.0,Nov,2,2,4,10,Returning_Visitor,False,True
0.0,0.0,0.0,0.0,10.11617374420166,305.11029052734375,0.0,0.0238688662648201,0.0,0.0,Jul,2,2,1,1,Returning_Visitor,False,False
2.0,108.7778549194336,0.0,62.34223937988281,15.0,1488.0030517578125,0.01721353270113468,0.02149024046957493,0.0,0.0,Dec,2,2,4,1,Returning_Visitor,True,False
0.0,0.0,0.0,0.0,28.0,209.02008056640625,0.0,0.03333333134651184,0.0,0.0,Nov,4,4,1,2,Returning_Visitor,False,False
2.0,191.5488739013672,0.0,0.0,31.0,489.12451171875,0.005509837530553341,0.014604760333895683,0.0,0.0,Nov,2,2,2,3,Returning_Visitor,False,True
0.0,0.0,0.0,0.0,22.0,711.0510864257812,0.0,0.01080784946680069,0.0,0.0,Dec,2,2,3,1,Returning_Visitor,True,False
0.0,0.0,0.0,0.0,1.0,0.0,0.0,0.20000000298023224,0.0,0.6000000238418579,Nov,2,2,1,3,Returning_Visitor,False,False
3.0,67.1728286743164,0.0,171.63453674316406,17.0,376.8572082519531,0.03383059799671173,0.01666666753590107,0.0,0.0,May,4,1,1,1,Returning_Visitor,False,False
9.0,106.1297836303711,3.3643343448638916,62.69487380981445,64.1661376953125,2301.777587890625,0.0,0.00897359661757946,0.046155206859111786,0.0,Mar,2,2,4,2,Returning_Visitor,True,False
3.0,21.446584701538086,0.0,0.0,15.0,1538.14208984375,0.02073659747838974,0.012403003871440887,0.0,0.0,Oct,1,8,1,2,Returning_Visitor,False,True
7.0,121.84019470214844,0.0,0.0,67.4214096069336,3657.633056640625,0.009766104631125927,0.011111111380159855,7.027940273284912,0.0,May,3,2,2,2,Returning_Visitor,True,True
1.0,189.65011596679688,3.600283145904541,52.313209533691406,64.74849700927734,2013.0750732421875,0.013144539669156075,0.019113875925540924,9.348669052124023,0.0,May,3,2,1,1,Returning_Visitor,False,False
4.0,104.13793182373047,0.0,0.0,19.0,547.5509033203125,0.0,0.026214146986603737,0.0,0.0,Dec,2,2,2,13,Returning_Visitor,True,False
1.0,71.26074981689453,0.0,0.0,13.0,906.7130737304688,0.0,0.009659575298428535,0.0,0.0,Dec,2,2,6,1,Returning_Visitor,False,False
0.0,0.0,0.0,0.0,15.0,219.8966522216797,0.0,0.0782984122633934,0.0,0.0,Aug,4,1,1,4,Returning_Visitor,False,False
0.0,0.0,0.0,0.0,80.92542266845703,1211.17919921875,0.0,0.023653574287891388,0.0,0.0,Nov,2,2,7,8,Returning_Visitor,False,False
0.0,0.0,0.0,0.0,63.57263946533203,4371.48486328125,0.0,0.007513903081417084,0.0,0.0,Dec,4,2,4,10,New_Visitor,False,True
8.0,511.31982421875,4.0,880.0689697265625,48.251564025878906,2188.03369140625,0.004701104015111923,0.0235984418541193,10.08823299407959,0.0,Nov,2,2,1,1,Returning_Visitor,False,True
2.0,45.07506561279297,2.0,0.0,27.0,1970.6282958984375,0.0071375262923538685,0.010435509495437145,16.188823699951172,0.0,May,2,2,3,3,Returning_Visitor,False,False
0.0,0.0,0.0,0.0,11.0,99.66603088378906,0.0,0.05988030135631561,0.0,0.0,May,3,2,4,4,Returning_Visitor,False,False
1.0,16.691892623901367,1.0,492.0230712890625,35.0,2072.405029296875,0.0,0.0104830889031291,0.0,0.0,Nov,3,2,2,3,Returning_Visitor,False,False
2.0,31.306180953979492,1.0,310.76287841796875,116.14301300048828,1660.5556640625,0.0,0.021231383085250854,0.0,0.0,May,2,2,1,2,New_Visitor,False,False
1.0,52.947608947753906,0.0,0.0,24.501697540283203,429.51873779296875,0.0,0.01809385046362877,37.30363464355469,0.0,May,2,1,8,2,Returning_Visitor,False,False
2.0,432.4270935058594,1.0,0.0,48.0,2391.092041015625,0.0034372464288026094,0.02322196401655674,0.0,0.0,Mar,3,2,1,3,Returning_Visitor,False,False
11.946688652038574,81.13444519042969,0.0,0.0,22.0,2196.03857421875,0.009011426940560341,0.03499870374798775,8.913275718688965,0.0,May,1,2,2,13,Returning_Visitor,False,False
3.0,106.64838409423828,2.2696826457977295,18.643007278442383,131.4128875732422,3336.450439453125,0.014487866312265396,0.023302260786294937,0.0,0.0,May,3,2,9,2,Returning_Visitor,False,False
0.0,0.0,0.0,0.0,1.0,0.0,0.20000000298023224,0.20000000298023224,0.0,0.0,Nov,2,2,5,1,Returning_Visitor,True,False
11.0,36.3573112487793,3.0,34.46535110473633,205.60980224609375,11083.87890625,0.005829526577144861,0.02857142873108387,9.189787864685059,0.0,Sep,1,2,3,2,Returning_Visitor,False,False
1.0,12.731006622314453,0.0,0.0,26.05925750732422,4817.388671875,0.0,0.018901551142334938,0.0,0.0,May,2,2,1,2,Returning_Visitor,False,False
2.0,59.071346282958984,0.0,0.0,34.0,1623.988525390625,0.0,0.017589865252375603,0.0,0.0,May,2,2,1,2,New_Visitor,False,False
1.0,105.3046875,3.0,137.55809020996094,184.8409423828125,5446.65966796875,0.003842300269752741,0.014800738543272018,10.763208389282227,0.0,May,1,2,1,8,Returning_Visitor,False,False
6.0,28.429317474365234,0.0,0.0,23.01481056213379,329.9041748046875,0.0,0.005373841151595116,132.11915588378906,0.0,May,1,2,2,8,New_Visitor,False,False
7.0,490.3177185058594,0.0,0.0,59.597755432128906,2299.83203125,0.0,0.01666666753590107,0.0,0.0,Nov,2,2,2,1,Returning_Visitor,False,False
0.0,0.0,1.0,34.84624099731445,31.0,874.4794921875,0.017370857298374176,0.02405386231839657,0.0,0.0,Nov,2,2,4,10,Returning_Visitor,True,False
7.0,49.3763313293457,1.0,53.22288513183594,11.0,553.482666015625,0.0,0.009450115263462067,0.0,0.0,May,2,2,1,2,New_Visitor,True,False
2.0,50.196590423583984,0.0,0.0,11.0,495.21270751953125,0.01039264164865017,0.012500000186264515,0.0,0.0,May,3,6,3,10,Returning_Visitor,False,False
0.0,0.0,0.0,0.0,22.0,1601.82666015625,0.00743117043748498,0.038545653223991394,0.0,0.0,May,1,1,3,3,Returning_Visitor,False,False
10.638592720031738,215.88711547851562,5.633033752441406,194.89608764648438,80.94111633300781,2449.057861328125,0.0,0.003290294436737895,24.32559585571289,0.0,Nov,2,2,3,10,Returning_Visitor,True,True
0.0,0.0,0.0,0.0,3.0,45.127803802490234,0.0,0.1285565346479416,0.0,0.0,May,3,2,1,3,Returning_Visitor,False,False
1.0,47.12249755859375,0.0,0.0,54.7977294921875,1179.165771484375,0.0032945764251053333,0.01631755940616131,0.0,0.0,Mar,2,4,1,1,Returning_Visitor,False,False
2.0,34.454593658447266,0.0,0.0,6.0,865.7660522460938,0.0,0.018082398921251297,0.0,0.0,Dec,3,2,1,3,Returning_Visitor,False,False
8.0,75.81816101074219,0.0,0.0,6.0,441.0230712890625,0.0,0.004441268276423216,0.0,0.0,Sep,1,5,1,2,New_Visitor,False,False
2.5888075828552246,109.1321792602539,0.0,0.0,23.0,808.6283569335938,0.0,0.02420060895383358,0.0,0.0,Dec,2,2,6,2,Returning_Visitor,True,False
4.0,32.86396408081055,0.0,0.0,14.0,402.3656311035156,0.0,0.011509346775710583,0.0,0.0,May,2,2,1,2,New_Visitor,False,False
2.0,201.2711181640625,0.0,0.0,21.0,860.5010986328125,0.015384615398943424,0.015782255679368973,0.0,0.0,May,2,2,6,1,Returning_Visitor,False,False
0.0,0.0,0.0,0.0,2.0,142.416015625,0.029680190607905388,0.04439286142587662,0.0,0.0,May,2,5,1,3,Returning_Visitor,False,False
0.0,0.0,0.0,0.0,62.97551345825195,1999.829345703125,0.0059206499718129635,0.014285714365541935,0.0,0.0,Mar,2,2,2,1,Returning_Visitor,False,False
0.0,0.0,0.0,0.0,5.0,87.26071166992188,0.0,0.0,0.0,0.800000011920929,May,2,2,1,1,Returning_Visitor,False,False
9.640246391296387,203.17982482910156,2.0,11.258768081665039,111.45191955566406,3873.392333984375,0.0,0.019999999552965164,10.9887056350708,0.0,Dec,2,2,3,2,Returning_Visitor,False,False
0.0,0.0,0.0,0.0,31.0,946.6649780273438,0.0,0.016828859224915504,10.808086395263672,0.0,Mar,2,2,2,1,Returning_Visitor,True,False
5.0,118.24073028564453,3.0,83.52776336669922,31.911678314208984,2207.199462890625,0.0567636601626873,0.019335893914103508,0.0,0.0,May,2,2,4,6,Returning_Visitor,True,False
3.0,92.68217468261719,0.0,0.0,24.0,840.7206420898438,0.0,0.008883996866643429,12.092987060546875,0.6000000238418579,May,2,2,1,2,Returning_Visitor,False,True
8.0,38.46186065673828,0.0,0.0,22.0,2537.913818359375,0.0,0.010898442007601261,0.0,0.0,Nov,4,1,1,3,Returning_Visitor,False,False
0.0,0.0,0.0,0.0,12.587611198425293,920.9771728515625,0.02104143798351288,0.03607695922255516,32.582359313964844,0.0,Mar,2,2,3,13,Returning_Visitor,True,True
0.0,0.0,3.0,39.902015686035156,225.1207733154297,2688.69775390625,0.002405549166724086,0.02222222276031971,0.0,0.0,Mar,3,2,6,2,Returning_Visitor,False,False
0.0,0.0,0.0,0.0,16.0,1489.1732177734375,0.0,0.023985285311937332,0.0,0.0,Nov,3,2,1,13,Returning_Visitor,False,False
5.0,91.04499053955078,3.0,24.55235481262207,20.0,1003.3815307617188,0.0,0.007012512534856796,6.84112548828125,0.0,May,2,2,4,4,Returning_Visitor,False,False
0.0,0.0,0.0,0.0,6.0,59.161922454833984,0.04247007146477699,0.10000000149011612,0.0,0.0,May,2,2,1,3,Returning_Visitor,True,False
4.0,21.368188858032227,1.0,311.1763916015625,17.0,257.0369567871094,0.0,0.010026702657341957,0.0,0.0,Nov,4,1,4,2,Returning_Visitor,True,False
14.812987327575684,370.6009826660156,1.0,133.3790740966797,28.0,1438.0748291015625,0.00865804124623537,0.019032910466194153,9.056258201599121,0.0,May,2,2,3,13,Returning_Visitor,False,False
4.0,6.45984411239624,0.0,0.0,49.0,1365.6300048828125,0.00833333283662796,0.010097943246364594,0.0,0.0,Oct,3,2,4,3,Returning_Visitor,True,True
0.0,0.0,2.0,34.70417022705078,30.0,929.4025268554688,0.0,0.03333333134651184,0.0,0.0,Mar,2,2,6,2,Returning_Visitor,False,False
0.0,0.0,0.0,0.0,1.0,0.0,0.20000000298023224,0.20000000298023224,0.0,0.0,Jul,2,1,1,11,Returning_Visitor,False,False
0.0,0.0,0.0,0.0,1.223466157913208,0.0,0.20000000298023224,0.20000000298023224,0.0,0.0,May,3,2,1,1,Returning_Visitor,False,False
0.0,0.0,0.0,0.0,14.74768352508545,49.72713851928711,0.20000000298023224,0.10598315298557281,0.0,0.0,Oct,2,2,3,13,Returning_Visitor,False,False
2.0,22.504220962524414,0.0,0.0,41.0,541.549072265625,0.0066829887218773365,0.0071428571827709675,0.0,0.0,Nov,2,2,3,6,Returning_Visitor,False,False
0.0,0.0,0.0,0.0,5.0,324.1039123535156,0.10000000149011612,0.0897134467959404,0.0,0.0,Nov,2,2,1,1,Returning_Visitor,False,False
0.0,0.0,0.0,0.0,30.0,1427.0291748046875,0.030062777921557426,0.08314377814531326,0.0,0.0,May,2,2,8,13,Returning_Visitor,False,False
0.0,0.0,0.0,0.0,2.0,111.87830352783203,0.029409918934106827,0.009417200461030006,0.0,0.0,May,2,2,3,3,Returning_Visitor,False,False
2.0,28.04986572265625,0.0,0.0,22.661792755126953,1185.900146484375,0.0,0.007692313753068447,0.0,0.0,May,2,2,1,3,Returning_Visitor,False,False
7.0,217.2879180908203,3.0,0.0,158.53857421875,5790.42724609375,0.0,0.00998452864587307,0.0,0.0,Nov,2,4,1,1,Returning_Visitor,False,False
4.154959201812744,107.66455078125,0.0,0.0,38.48668670654297,874.4261474609375,0.0,0.015306980349123478,0.0,0.0,Aug,1,1,5,4,Returning_Visitor,False,False
9.517653465270996,69.45628356933594,1.0,65.62700653076172,258.26641845703125,6246.03515625,0.013427493162453175,0.010626758448779583,0.0,0.0,May,2,2,1,2,Returning_Visitor,False,False
0.0,0.0,0.0,0.0,8.0,301.9609375,0.023478098213672638,0.06254345923662186,0.0,0.0,Sep,4,2,1,2,Returning_Visitor,False,False
10.000039100646973,38.881431579589844,2.0,0.0,9.0,635.7244873046875,0.02500000037252903,0.011111111380159855,0.0,0.0,May,1,1,1,3,Returning_Visitor,False,False
0.0,0.0,0.0,0.0,6.0,166.64501953125,0.0,0.07682432979345322,0.0,0.0,Nov,1,1,3,3,Returning_Visitor,True,False
4.0,174.68190002441406,0.0,0.0,21.0,569.0001220703125,0.0,0.023167861625552177,16.015810012817383,0.0,Nov,2,2,1,10,Returning_Visitor,False,False
0.0,0.0,0.0,77.28385925292969,2.0,59.16362762451172,0.07060959190130234,0.06666667014360428,0.0,0.0,Mar,2,2,1,13,Returning_Visitor,False,False
0.0,0.0,0.0,0.0,4.0,114.92670440673828,0.10160132497549057,0.11357295513153076,0.0,0.0,Mar,3,2,3,1,Returning_Visitor,False,False
0.0,0.0,0.0,0.0,11.0,141.63160705566406,0.019994763657450676,0.026859058067202568,0.0,0.0,May,2,5,1,1,Returning_Visitor,False,False
0.0,0.0,0.0,0.0,8.0,30.923452377319336,0.0,0.06171994283795357,0.0,0.0,Nov,4,2,1,2,New_Visitor,False,True
0.0,0.0,0.0,0.0,17.0,2245.614990234375,0.02857142873108387,0.015745045617222786,0.0,0.800000011920929,May,4,1,3,3,Returning_Visitor,False,False
1.0,0.0,0.0,0.0,17.0,2329.72802734375,0.01666666753590107,0.05638360232114792,0.0,0.0,Dec,2,2,2,1,Returning_Visitor,False,False
0.0,0.0,1.0,33.909305572509766,20.0,1407.9515380859375,0.0,0.009523809887468815,26.347257614135742,0.0,May,2,2,7,2,Returning_Visitor,False,False
2.0,0.0,0.0,0.0,22.0,478.2303161621094,0.026761513203382492,0.05078054592013359,0.0,0.0,Dec,1,2,3,13,Returning_Visitor,False,True
0.0,0.0,0.0,0.0,11.0,567.7150268554688,0.0,0.0150013891980052,0.0,0.0,Dec,8,13,9,20,Other,False,False
0.0,0.0,0.0,0.0,4.0,48.140804290771484,0.03999999910593033,0.06666667014360428,0.0,0.0,Nov,2,2,4,2,Returning_Visitor,False,False
0.0,0.0,0.0,0.0,1.0,0.0,0.20000000298023224,0.20000000298023224,0.0,0.6000000238418579,Mar,2,2,3,3,Returning_Visitor,False,False
0.0,0.0,0.0,0.0,18.0,693.6712036132812,0.006740286946296692,0.01739719696342945,0.0,0.0,Nov,1,1,1,2,Returning_Visitor,True,False
2.0,86.86214447021484,0.0,0.0,22.0,1625.6094970703125,0.004616794642060995,0.01991099677979946,17.78296661376953,0.0,Mar,2,2,3,3,Returning_Visitor,False,False
7.0,122.43856811523438,4.0,121.32685089111328,18.0,4166.9970703125,0.005555556155741215,0.019999999552965164,13.57514762878418,0.0,Mar,2,5,6,4,Returning_Visitor,False,False
0.0,0.0,0.0,0.0,4.0,79.1202163696289,0.021626954898238182,0.01605735719203949,0.0,0.0,Mar,2,2,1,4,Returning_Visitor,False,False
0.0,0.0,0.0,0.0,1.0,0.0,0.0,0.20000000298023224,0.0,0.0,Dec,3,2,1,10,Returning_Visitor,False,False
1.0,24.960479736328125,0.0,0.0,14.0,166.99346923828125,0.0,0.06736111640930176,0.0,0.0,Nov,4,1,3,2,Returning_Visitor,False,False
0.0,0.0,0.0,0.0,2.0,95.57747650146484,0.041067756712436676,0.05504801869392395,0.0,0.0,May,1,2,3,3,Returning_Visitor,False,False
0.0,0.0,0.0,0.0,42.03358840942383,570.7106323242188,0.0,0.0254779402166605,0.0,0.0,Nov,2,2,3,6,New_Visitor,False,True
7.0,96.0539321899414,2.0,235.34432983398438,26.0,1508.7138671875,0.012049165554344654,0.007193959318101406,46.27265548706055,0.0,Nov,2,2,1,2,Returning_Visitor,False,True
2.0,70.00967407226562,0.0,0.0,89.42304229736328,1258.8275146484375,0.004287995398044586,0.009831547737121582,0.0,0.0,Dec,3,2,2,2,Returning_Visitor,False,False
5.0,33.40889358520508,0.0,0.0,53.0,2704.465087890625,0.0,0.023120038211345673,0.0,0.0,May,2,2,9,13,Returning_Visitor,False,False
3.0,149.97560119628906,0.0,0.0,55.0,1030.6353759765625,0.011525142937898636,0.05000000074505806,0.0,0.0,May,1,1,1,3,Returning_Visitor,False,False
4.0,8.007221221923828,1.0,0.0,17.0,1889.148193359375,0.013978840783238411,0.009459699504077435,0.0,0.0,Jul,3,2,6,3,Returning_Visitor,True,False
0.0,0.0,2.0,0.0,5.0,395.06646728515625,0.019123230129480362,0.019999999552965164,0.0,0.0,Mar,2,1,1,2,Returning_Visitor,True,False
3.0,35.10525894165039,0.0,0.0,19.0,265.82342529296875,0.011740807443857193,0.039606232196092606,0.0,0.0,May,2,2,1,6,Returning_Visitor,False,False
0.0,0.0,0.0,0.0,2.0,0.0,0.20000000298023224,0.20000000298023224,0.0,0.0,Dec,2,2,1,3,Returning_Visitor,False,False
2.0,148.59930419921875,0.0,0.0,6.0,103.4838638305664,0.02857142873108387,0.00889050867408514,0.0,0.0,Jul,2,2,1,6,Returning_Visitor,False,False
4.0,12.036905288696289,0.0,0.0,4.0,17.608013153076172,0.0,0.016164708882570267,0.0,0.0,Mar,2,2,9,1,Returning_Visitor,False,False
8.0,34.90291976928711,3.0,30.30177116394043,283.0848388671875,6767.54052734375,0.0,0.022180909290909767,14.78139877319336,0.0,May,2,2,1,2,Returning_Visitor,True,True
5.0,282.5936279296875,0.0,0.0,3.0,154.52737426757812,0.0,0.014398172497749329,0.0,0.0,Dec,2,2,6,5,Returning_Visitor,False,False
0.0,0.0,0.0,0.0,3.0,34.76915740966797,0.024711573496460915,0.020312536507844925,0.0,0.0,Mar,2,6,3,3,Returning_Visitor,False,False
0.0,0.0,1.0,110.9494857788086,21.0,1849.8101806640625,0.008608019910752773,0.010386662557721138,0.0,0.0,Nov,3,2,3,2,New_Visitor,False,False
0.0,0.0,0.0,0.0,8.0,102.37078094482422,0.09956613183021545,0.10553065687417984,0.0,0.0,Nov,3,2,2,3,Returning_Visitor,True,False
0.0,0.0,0.0,0.0,40.035552978515625,1132.91064453125,0.0,0.016347656026482582,0.0,0.0,Nov,2,4,2,1,Returning_Visitor,False,False
6.0,764.98046875,0.0,0.0,15.0,198.91171264648438,0.0,0.009281082078814507,0.0,0.0,Aug,2,2,1,4,New_Visitor,True,False
2.0,0.0,0.0,0.0,28.0,2441.776611328125,0.004657142795622349,0.01368355005979538,0.0,0.0,Mar,3,2,3,1,Returning_Visitor,False,False
0.0,0.0,0.0,0.0,46.0,2154.1494140625,0.0,0.010327173396945,0.0,0.0,Nov,2,2,7,1,Returning_Visitor,False,False
0.0,0.0,0.0,0.0,8.0,334.5414123535156,0.0,0.03333333134651184,0.0,0.0,Nov,2,10,9,6,Returning_Visitor,False,False
3.0,73.29015350341797,0.0,0.0,13.0,188.8177947998047,0.0,0.036349549889564514,0.0,0.0,Nov,4,2,8,4,Returning_Visitor,False,False
0.0,0.0,0.0,0.0,3.0,50.49813461303711,0.0446530282497406,0.07276158034801483,0.0,0.0,May,3,2,3,4,Returning_Visitor,False,False
2.0,24.061050415039062,0.0,0.0,59.04109573364258,1275.339599609375,0.003260709112510085,0.044309742748737335,27.678701400756836,0.0,Oct,2,2,3,1,Returning_Visitor,False,False
0.0,0.0,0.0,0.0,6.0,380.3263854980469,0.011398053728044033,0.009846511296927929,0.0,0.0,May,2,2,4,1,Returning_Visitor,False,False
11.0,100.43614959716797,0.0,0.0,39.0,1474.417724609375,0.0036605698987841606,0.019999999552965164,0.0,0.0,May,1,1,6,2,Returning_Visitor,False,True
6.0,15.9903564453125,0.0,0.0,31.0,971.5922241210938,0.015934135764837265,0.0409671925008297,0.0,0.0,Aug,3,2,1,1,Returning_Visitor,False,False
0.0,0.0,0.0,0.0,2.0,115.5578384399414,0.0,0.04622918367385864,0.0,0.0,Mar,3,2,3,3,Returning_Visitor,False,False
0.0,0.0,0.0,0.0,3.0,56.691532135009766,0.02500000037252903,0.06671828776597977,0.0,0.0,Sep,3,2,3,2,New_Visitor,False,False
0.0,0.0,0.0,0.0,97.9535140991211,4554.73681640625,0.0,0.02990787662565708,0.0,0.0,Nov,2,2,1,2,Returning_Visitor,False,False
1.0,24.790761947631836,0.0,0.0,52.177467346191406,1314.44140625,0.0,0.017357122153043747,54.05132293701172,0.0,May,2,2,9,1,Returning_Visitor,True,True
1.0,39.63130569458008,0.0,0.0,3.0,20.633670806884766,0.0,0.0199709665030241,0.0,0.0,Nov,1,2,2,1,Returning_Visitor,False,False
1.0,28.06968116760254,0.0,0.0,65.24745178222656,856.5977172851562,0.0,0.003130220342427492,0.0,0.0,Nov,2,2,1,2,Returning_Visitor,False,False
0.0,0.0,0.0,0.0,3.0,59.2338752746582,0.0,0.07500000298023224,0.0,0.0,Dec,1,2,1,2,Returning_Visitor,False,False
2.0,241.2406463623047,1.0,48.108642578125,33.684478759765625,2307.753173828125,0.005555556155741215,0.006367588881403208,13.107165336608887,0.0,Sep,3,2,9,4,Returning_Visitor,False,False
7.0,59.66714096069336,0.0,0.0,7.0,51.390098571777344,0.0,0.04250415787100792,0.0,0.0,Mar,2,2,3,5,New_Visitor,True,False
2.0,38.072574615478516,0.0,0.0,11.0,282.6092529296875,0.0,0.014846248552203178,0.0,0.0,Dec,2,2,3,2,Returning_Visitor,False,False
2.0,23.485427856445312,1.0,32.98221969604492,63.779579162597656,1722.21337890625,0.0,0.006161219906061888,0.0,0.0,Aug,3,4,4,3,Returning_Visitor,False,False
2.0708250999450684,44.37284851074219,0.0,0.0,7.0,25.757587432861328,0.0,0.01666666753590107,0.0,0.0,Sep,2,2,1,8,New_Visitor,False,False
2.0,15.647552490234375,0.0,0.0,39.0,638.8377075195312,0.0,0.007891939952969551,0.0,0.0,Nov,2,2,2,2,Returning_Visitor,False,False
0.0,0.0,0.0,0.0,63.066864013671875,2853.345458984375,0.0,0.03999999910593033,0.0,0.0,Nov,2,2,7,2,Returning_Visitor,False,False
2.0,28.407798767089844,0.0,0.0,9.0,323.0025939941406,0.0,0.04175525903701782,0.0,0.0,Nov,3,2,1,1,Returning_Visitor,False,False
4.0,296.4068908691406,1.0,147.94752502441406,106.93329620361328,1721.013427734375,0.003341297386214137,0.0181818176060915,0.0,0.0,Nov,3,2,3,1,Returning_Visitor,True,False
3.0,28.085155487060547,0.0,0.0,80.230224609375,994.4828491210938,0.003703145310282707,0.006250813137739897,0.0,0.0,Dec,2,2,1,2,New_Visitor,False,False
2.0,95.83814239501953,3.0,55.2776985168457,4.0,80.52474975585938,0.02343747206032276,0.011111111380159855,0.0,0.0,Oct,3,2,3,2,New_Visitor,True,False
7.0,596.7598876953125,1.0,441.0830993652344,123.29769897460938,3447.20751953125,0.0,0.00922156497836113,0.0,0.0,Mar,2,2,1,3,Returning_Visitor,False,False
2.0,173.32090759277344,0.0,0.0,20.0,172.7686767578125,0.012472524307668209,0.0181818176060915,0.0,0.0,Dec,2,2,1,2,Returning_Visitor,False,False
2.0,0.0,0.0,0.0,13.0,173.1741180419922,0.018815282732248306,0.05130569264292717,0.0,0.0,Dec,3,2,1,2,Returning_Visitor,False,False
5.0,25.771825790405273,1.0,653.0942993164062,47.49098587036133,1017.876220703125,0.0,0.030041499063372612,27.76400375366211,0.0,Mar,2,2,1,13,Returning_Visitor,False,False
1.0,34.22636795043945,0.0,0.0,10.0,926.4005126953125,0.0,0.018915684893727303,0.0,0.0,Nov,4,1,6,2,Returning_Visitor,False,False
1.0,46.777774810791016,0.0,0.0,11.0,214.1588897705078,0.0,0.01666666753590107,0.0,0.0,Dec,2,2,2,2,Returning_Visitor,False,False
9.0,223.70314025878906,2.586068868637085,370.40032958984375,150.45069885253906,4716.888671875,0.006887595634907484,0.014761967584490776,9.577581405639648,0.0,Oct,1,1,1,2,Returning_Visitor,False,False
0.0,0.0,0.0,0.0,5.0,20.517972946166992,0.08327782899141312,0.10611935704946518,0.0,0.800000011920929,May,2,2,6,3,Returning_Visitor,False,False
2.0,29.432641983032227,0.0,0.0,32.92041015625,336.0528869628906,0.00833333283662796,0.012288428843021393,0.0,0.0,Nov,1,2,3,4,Returning_Visitor,False,False
2.0,12.72985553741455,3.0,73.02481079101562,106.8748550415039,3465.545166015625,0.007034829817712307,0.026122841984033585,10.894908905029297,0.0,Sep,2,2,3,13,Returning_Visitor,False,False
1.0,90.34839630126953,2.0,0.0,78.56131744384766,1325.2869873046875,0.016293957829475403,0.014876260422170162,0.0,0.4000000059604645,May,3,2,7,4,Returning_Visitor,False,False
2.0,333.11260986328125,0.0,0.0,8.427955627441406,591.425537109375,0.006233463063836098,0.009237526915967464,0.0,0.0,May,2,2,1,2,Returning_Visitor,False,False
1.0,139.57696533203125,0.0,0.0,89.36627960205078,1655.9700927734375,0.00965400692075491,0.016067955642938614,0.0,0.0,Mar,3,2,3,4,Returning_Visitor,True,False
12.0,198.88966369628906,1.0,25.3729248046875,37.0,1696.439208984375,0.0051424563862383366,0.010791465640068054,0.0,0.0,Nov,1,5,2,8,Returning_Visitor,False,False
0.0,0.0,0.0,0.0,10.0,1356.5760498046875,0.0,0.048033058643341064,0.0,0.0,Dec,8,13,9,20,Other,False,False
13.0,19.42797088623047,1.0,88.09439086914062,55.0,5052.43408203125,0.012219056487083435,0.016346458345651627,5.643293857574463,0.0,Oct,3,2,3,1,Returning_Visitor,False,False
0.0,0.0,0.0,0.0,17.0,206.66114807128906,0.07491550594568253,0.02500000037252903,0.0,0.0,Dec,4,1,1,4,Returning_Visitor,False,False
2.0,45.848880767822266,2.0,230.28085327148438,24.0,1620.7191162109375,0.05000000074505806,0.02857142873108387,0.0,0.0,Mar,3,2,1,1,Returning_Visitor,True,False
0.0,0.0,0.0,0.0,1.625400424003601,0.0,0.20000000298023224,0.20000000298023224,0.0,0.0,May,2,2,1,3,Returning_Visitor,False,False
0.0,0.0,0.0,0.0,8.0,185.4141387939453,0.0,0.07500000298023224,0.0,0.0,May,2,2,3,1,Returning_Visitor,False,False
0.0,0.0,0.0,0.0,1.0,0.0,0.20000000298023224,0.20000000298023224,0.0,0.0,Dec,3,2,2,1,Returning_Visitor,False,False
0.0,0.0,0.0,0.0,1.0,0.0,0.20000000298023224,0.20000000298023224,0.0,0.0,Nov,2,2,9,2,Returning_Visitor,False,False
3.0,46.40586853027344,0.0,0.0,17.0,874.197265625,0.0,0.0019595345947891474,31.362878799438477,0.0,Oct,4,2,1,5,Returning_Visitor,False,True
0.0,0.0,0.0,0.0,6.0,308.575439453125,0.02857142873108387,0.043905992060899734,0.0,0.0,June,2,2,1,13,Returning_Visitor,False,False
0.0,0.0,0.0,0.0,40.331443786621094,3896.596923828125,0.004933339077979326,0.018875258043408394,0.0,0.0,Nov,3,2,3,4,Returning_Visitor,False,False
2.0,52.41379928588867,0.0,0.0,15.0,137.69369506835938,0.0,0.01666666753590107,0.0,0.0,May,1,1,1,5,New_Visitor,True,False
0.0,0.0,0.0,0.0,77.14140319824219,727.236572265625,0.0,0.02500000037252903,0.0,0.0,Mar,2,5,3,13,Returning_Visitor,False,False
3.0,45.11532974243164,0.0,0.0,55.45539093017578,1089.213134765625,0.003573046298697591,0.02500000037252903,0.0,0.0,May,2,1,1,10,Returning_Visitor,True,False
2.0,61.250328063964844,0.0,0.0,12.0,326.021240234375,0.0,0.009775434620678425,0.0,0.0,Nov,2,2,1,2,Returning_Visitor,False,False
0.0,0.0,0.0,0.0,20.0,280.7352600097656,0.0,0.05659463256597519,0.0,0.0,Dec,1,8,3,1,Returning_Visitor,True,False
6.0,70.33349609375,0.0,0.0,23.0,2952.41796875,0.009147567674517632,0.028815673664212227,0.0,0.0,Dec,3,2,8,8,Returning_Visitor,False,False
0.0,0.0,0.0,0.0,24.46256446838379,772.6244506835938,0.0,0.0,58.08023452758789,0.0,Mar,2,2,5,1,Returning_Visitor,False,True
2.0,15.202751159667969,0.0,0.0,40.0,216.43064880371094,0.017932863906025887,0.02857142873108387,0.0,0.4000000059604645,Nov,3,2,1,13,Returning_Visitor,False,False
2.0,131.95704650878906,0.0,0.0,3.0,29.98310089111328,0.0,0.033835217356681824,0.0,0.0,Nov,3,3,2,5,New_Visitor,False,False
2.0,12.94454288482666,0.0,0.0,13.0,483.0762939453125,0.0,0.03999999910593033,0.0,0.0,Sep,1,2,3,6,New_Visitor,False,False
0.0,0.0,0.0,0.0,14.0,99.37792205810547,0.021617358550429344,0.05000000074505806,0.0,0.0,May,2,2,1,4,Returning_Visitor,False,False
0.0,0.0,0.0,0.0,41.71046447753906,1249.7943115234375,0.0,0.009095036424696445,12.937651634216309,0.0,Nov,2,2,1,2,Returning_Visitor,False,False
6.0,38.14970016479492,0.0,0.0,12.0,341.6455078125,0.0,0.015384615398943424,51.438743591308594,0.0,Dec,2,2,6,2,New_Visitor,False,True
7.0,29.91962242126465,1.0,59.3029899597168,38.61406707763672,2074.504638671875,0.004722213838249445,0.01666666753590107,15.154898643493652,0.0,Mar,1,1,1,3,Returning_Visitor,False,False
0.0,0.0,0.0,0.0,5.0,69.8628158569336,0.0,0.03333333134651184,0.0,0.0,Nov,2,2,1,2,Returning_Visitor,False,False
10.0,92.59465789794922,4.0,148.23184204101562,63.55628967285156,4220.8583984375,0.0,0.02644016221165657,0.0,0.4000000059604645,Nov,1,1,1,2,Returning_Visitor,False,False
0.0,0.0,0.0,0.0,13.0,311.6292419433594,0.0,0.015238131396472454,0.0,0.0,Nov,1,1,1,2,Returning_Visitor,False,False
0.0,0.0,3.0,302.9618835449219,25.0,447.55181884765625,0.0,0.011100822128355503,14.214323043823242,0.0,Dec,1,1,2,2,New_Visitor,False,True
10.0,21.79977035522461,2.0,103.79167938232422,111.96871948242188,2540.574462890625,0.0,0.016083434224128723,0.0,0.0,Oct,2,2,1,2,Returning_Visitor,True,False
1.0,29.15790367126465,0.0,0.0,9.0,835.645751953125,0.0,0.01666666753590107,0.0,0.0,May,3,4,1,13,Returning_Visitor,False,False
0.0,0.0,1.0,111.56771850585938,34.394168853759766,1252.5955810546875,0.005222111474722624,7.647035818081349e-05,13.936760902404785,0.0,May,1,2,8,1,New_Visitor,False,True
0.0,0.0,0.0,0.0,12.0,513.1205444335938,0.0,0.03333333134651184,0.0,0.0,May,2,5,8,2,Returning_Visitor,False,False
0.0,0.0,0.0,0.0,16.0,888.3717651367188,0.0,0.025653742253780365,0.0,0.0,May,3,2,2,1,Returning_Visitor,False,False
1.0,28.058305740356445,0.0,0.0,33.0,2973.955810546875,0.04107583686709404,0.011241530999541283,0.0,1.0,May,3,2,1,3,Returning_Visitor,False,False
0.0,0.0,0.0,0.0,8.0,140.0444793701172,0.02500000037252903,0.057143453508615494,0.0,0.0,Nov,2,1,2,6,Returning_Visitor,True,False
2.0,19.56574249267578,2.0,0.0,26.0,827.7073974609375,0.0,0.016885826364159584,108.58318328857422,0.0,Dec,2,2,1,2,Returning_Visitor,False,False
1.0,19.865520477294922,0.0,0.0,10.0,314.9879150390625,0.0,0.015384671278297901,0.0,0.0,Mar,3,1,2,2,Returning_Visitor,False,False
0.0,0.0,1.0,0.0,10.0,184.47271728515625,0.02857142873108387,0.02500000037252903,37.57969665527344,0.0,Nov,2,2,3,1,Returning_Visitor,False,False
10.548235893249512,103.99413299560547,1.0,0.0,30.3275089263916,566.9788208007812,0.0,0.03419296070933342,22.383617401123047,0.0,May,2,2,3,1,Returning_Visitor,False,False
8.0,177.15829467773438,2.0,26.830289840698242,27.99485206604004,2050.843017578125,0.0,0.025126144289970398,34.74505615234375,0.0,May,4,1,3,2,Returning_Visitor,False,True
0.0,0.0,0.0,0.0,21.0,217.66171264648438,0.0,0.00833333283662796,0.0,0.0,May,1,1,6,4,Returning_Visitor,False,False
0.0,0.0,0.0,0.0,10.0,138.75648498535156,0.10000000149011612,0.0825430229306221,0.0,0.0,Mar,1,1,3,1,Returning_Visitor,True,False
4.0,210.11668395996094,0.0,0.0,26.776554107666016,592.0751953125,0.004277089145034552,0.03333333134651184,0.0,0.0,May,1,2,3,1,Returning_Visitor,False,False
0.0,0.0,1.0,0.0,105.32051849365234,2680.857666015625,0.009478779509663582,0.046418339014053345,0.0,0.0,Dec,2,2,4,13,Returning_Visitor,True,True
0.0,0.0,1.0,0.0,5.0,695.8103637695312,0.004439449403434992,0.03333333134651184,0.0,0.0,May,2,2,3,2,Returning_Visitor,True,False
3.0,492.9450378417969,2.0,144.20956420898438,77.15203094482422,6779.03857421875,0.006281361449509859,0.010166820138692856,0.0,0.6000000238418579,Dec,2,2,8,1,Returning_Visitor,False,False
0.0,14.254904747009277,0.0,0.0,22.0,1039.9794921875,0.026700777933001518,0.04180103540420532,0.0,0.0,Dec,1,2,1,1,Returning_Visitor,False,False
0.0,0.0,0.0,0.0,6.0,92.75575256347656,0.054553430527448654,0.016204258427023888,0.0,0.0,Feb,1,1,6,2,Returning_Visitor,False,False
8.0,109.67298126220703,3.208050489425659,126.13581848144531,101.08728790283203,2022.142822265625,0.003292128210887313,0.009262295439839363,19.399951934814453,0.0,May,2,2,3,2,Returning_Visitor,True,True
0.0,0.0,0.0,0.0,135.76133728027344,1076.155029296875,0.0,0.026801807805895805,0.0,0.0,May,2,2,2,1,Returning_Visitor,True,False
1.0,0.0,3.0,143.16542053222656,75.79631805419922,6129.119140625,0.009132842533290386,0.01840044930577278,0.0,0.4000000059604645,Dec,2,2,3,4,Returning_Visitor,False,False
8.0,105.53784942626953,0.0,0.0,13.0,330.5353698730469,0.015384615398943424,0.019613826647400856,0.0,0.0,May,2,2,4,2,Returning_Visitor,True,False
0.0,0.0,0.0,0.0,9.0,595.8410034179688,0.0,0.026581810787320137,54.97332763671875,0.0,Nov,1,1,1,2,Returning_Visitor,True,True
0.0,0.0,0.0,0.0,5.0,75.186767578125,0.0,0.20000000298023224,0.0,0.0,Nov,2,2,2,3,Returning_Visitor,False,False
6.0,117.31493377685547,2.0,379.65216064453125,35.0,625.4429321289062,0.010526316240429878,0.03333333134651184,2.9315805435180664,0.0,May,2,2,1,1,Returning_Visitor,False,False
11.650091171264648,99.06686401367188,3.0,2212.5107421875,149.6803741455078,8579.52734375,0.0036071832291781902,0.01666666753590107,0.0,0.0,Dec,3,4,3,2,Returning_Visitor,False,False
2.0,45.4117431640625,1.0,41.110748291015625,16.0,1161.25439453125,0.0,0.03333333134651184,17.593517303466797,0.0,May,2,2,7,13,Returning_Visitor,False,False
0.0,0.0,0.0,0.0,7.37633752822876,203.2635498046875,0.0,0.10000000149011612,0.0,0.0,May,2,2,1,19,Returning_Visitor,False,False
0.0,0.0,0.0,0.0,4.0,65.69105529785156,0.050548821687698364,0.056025177240371704,0.0,0.0,Mar,2,1,8,2,Returning_Visitor,False,False
0.0,0.0,0.0,0.0,45.0,2413.641845703125,0.005284515675157309,0.049189791083335876,0.0,0.0,May,2,2,3,20,Returning_Visitor,False,False
2.0,554.862548828125,0.0,0.0,8.0,212.7123565673828,0.013539119623601437,0.03832705691456795,0.0,0.0,Oct,2,2,3,2,Returning_Visitor,False,False
5.0,68.47915649414062,1.0,21.744287490844727,5.80759334564209,201.47633361816406,0.02655746042728424,0.03070669434964657,0.0,0.0,May,1,1,8,4,Returning_Visitor,False,False
2.0,43.878570556640625,0.0,0.0,12.0,165.62525939941406,0.0,0.010424023494124413,0.0,0.0,Mar,1,2,1,8,Returning_Visitor,True,False
1.0,49.206764221191406,0.0,0.0,65.26759338378906,470.2312927246094,0.0,0.0,0.0,0.0,May,2,2,7,1,New_Visitor,False,False
6.526072025299072,53.964908599853516,0.0,0.0,47.456382751464844,3336.359375,0.0,0.01131555438041687,0.0,0.0,May,2,2,1,1,Returning_Visitor,False,False
0.0,0.0,0.0,0.0,6.659322738647461,4.934103012084961,0.11395672708749771,0.10000000149011612,0.0,0.0,May,4,1,7,10,Returning_Visitor,False,False
0.0,0.0,0.0,0.0,2.0,159.713623046875,0.0,0.10000000149011612,0.0,0.0,Dec,2,4,1,2,Returning_Visitor,False,False
0.0,0.0,0.0,0.0,8.0,241.2946319580078,0.0,0.0038854333106428385,0.0,0.0,Mar,3,2,1,6,New_Visitor,False,False
0.0,0.0,0.0,0.0,4.365183353424072,93.53988647460938,0.06177874282002449,0.0071428571827709675,0.0,0.0,Nov,3,2,9,1,Returning_Visitor,True,False
0.0,0.0,0.0,0.0,4.0,157.90911865234375,0.0,0.10000000149011612,0.0,0.0,May,1,1,3,2,Returning_Visitor,False,False
0.0,0.0,0.0,0.0,3.0,52.42010498046875,0.02730291150510311,0.04192982614040375,0.0,0.0,May,2,4,1,3,Returning_Visitor,False,False
0.0,0.0,0.0,0.0,6.0,92.29903411865234,0.0,0.11129502207040787,0.0,0.0,May,2,2,1,2,Returning_Visitor,True,False
0.0,0.0,0.0,0.0,16.0,356.2969665527344,0.0,0.033839888870716095,0.0,0.0,May,4,1,3,3,Returning_Visitor,True,False
0.0,0.0,0.0,0.0,12.143446922302246,311.76434326171875,0.0,0.026790183037519455,0.0,0.0,Nov,1,1,3,10,Returning_Visitor,False,False
1.0,74.28762817382812,0.0,0.0,7.0,203.51695251464844,0.007858951576054096,0.0,0.0,0.0,Nov,1,4,1,4,Returning_Visitor,False,False
0.0,0.0,0.0,0.0,1.7939798831939697,0.0,0.20000000298023224,0.20000000298023224,0.0,0.0,May,1,2,6,13,Returning_Visitor,False,False
2.0,65.1244888305664,1.0,0.0,16.0,1377.6353759765625,0.0,0.019387878477573395,25.02210235595703,0.0,Nov,4,2,4,2,Returning_Visitor,True,False
2.0,79.62101745605469,0.0,0.0,32.0,305.50079345703125,0.0,0.005959333851933479,0.0,0.0,Nov,2,2,2,11,Returning_Visitor,False,False
0.0,0.0,0.0,0.0,7.0,1454.79931640625,0.0,0.01666666753590107,0.0,0.0,Mar,2,2,1,2,Returning_Visitor,False,False
1.0,144.21163940429688,0.0,0.0,14.0,514.1434936523438,0.0,0.008612286299467087,0.0,0.0,Mar,2,2,3,1,New_Visitor,False,False
2.0,86.27316284179688,0.0,0.0,23.0,708.840576171875,0.0,0.02645614743232727,0.0,0.0,May,2,2,1,13,Returning_Visitor,False,False
2.0,32.44380187988281,0.0,0.0,17.0,391.8924255371094,0.00872630625963211,0.03333333134651184,0.0,0.0,Nov,1,1,4,2,Returning_Visitor,False,False
2.0,33.57064437866211,0.0,0.0,20.4296932220459,181.11241149902344,0.019998908042907715,0.039238084107637405,0.0,0.0,May,4,1,4,3,Returning_Visitor,True,False
2.0,156.6237030029297,0.0,0.0,21.0,608.2666015625,0.009584314189851284,0.010554080829024315,0.0,0.0,Dec,4,1,1,1,Returning_Visitor,False,True
2.0,475.32574462890625,3.0,74.38536071777344,64.87876892089844,825.8370361328125,0.00909090880304575,0.017928924411535263,0.0,0.0,Aug,3,2,3,13,Returning_Visitor,False,False
8.0,446.7303161621094,0.0,0.0,59.0,795.0523071289062,0.012819998897612095,0.015384615398943424,0.0,0.0,May,2,2,9,1,Returning_Visitor,False,False
5.0,102.548095703125,0.0,0.0,22.0,572.4879150390625,0.0,0.006457607727497816,0.0,0.0,Mar,1,2,3,2,Returning_Visitor,False,False
0.0,0.0,0.0,0.0,3.0,78.78011322021484,0.0,0.057727258652448654,0.0,0.0,Nov,2,1,8,3,Returning_Visitor,False,False
3.0,40.183990478515625,0.0,0.0,18.0,331.3210144042969,0.0,0.015431066043674946,0.0,0.0,Mar,4,1,1,3,New_Visitor,False,False
0.0,0.0,0.0,0.0,21.0,2896.89697265625,0.0,0.01752506196498871,0.0,0.0,Mar,2,2,7,1,Returning_Visitor,False,False
1.0,18.933868408203125,0.0,0.0,59.0,836.3441162109375,0.0,0.005035825073719025,356.55596923828125,0.0,Nov,1,2,7,2,New_Visitor,False,False
0.0,0.0,0.0,0.0,13.0,803.4051513671875,0.0,0.034035567194223404,0.0,0.0,Mar,2,2,6,2,Returning_Visitor,False,True
0.0,0.0,0.0,0.0,27.0,237.51283264160156,0.016608024016022682,0.03553303703665733,0.0,0.0,Sep,1,1,3,1,Returning_Visitor,False,False
0.0,0.0,0.0,0.0,4.0,15.526737213134766,0.0,0.14340214431285858,0.0,0.0,Jul,4,1,3,1,Returning_Visitor,False,False
1.0,0.0,0.0,68.49966430664062,13.0,3309.87255859375,0.012472455389797688,0.03999999910593033,0.0,0.0,Aug,2,2,1,4,Returning_Visitor,False,False
0.0,0.0,0.0,0.0,6.0,304.4646911621094,0.0,0.03999999910593033,0.0,0.0,May,2,2,8,2,Returning_Visitor,False,False
6.0,216.45388793945312,0.0,0.0,17.0,1341.8350830078125,0.0,0.012574797496199608,14.146893501281738,0.0,May,2,2,1,2,Returning_Visitor,False,True
0.0,0.0,0.0,0.0,5.0,11.285918235778809,0.06666667014360428,0.149815633893013,0.0,0.0,Nov,2,2,1,3,Returning_Visitor,False,False
7.0,0.0,1.0,0.0,26.0,1523.0430908203125,0.013889937661588192,0.004259397275745869,0.0,0.0,Mar,2,5,1,2,Returning_Visitor,False,True
0.0,0.0,0.0,0.0,28.0,2064.10302734375,0.00784884300082922,0.041526809334754944,0.0,0.0,May,2,2,1,3,Returning_Visitor,False,False
0.0,0.0,0.0,0.0,11.0,367.7869873046875,0.03560713678598404,0.05531914159655571,0.0,0.0,Dec,2,2,3,13,Returning_Visitor,False,False
1.0,66.94617462158203,0.0,0.0,26.0,527.1882934570312,0.0,0.008780978620052338,42.46358871459961,0.0,Nov,1,1,3,2,Returning_Visitor,False,False
0.0,0.0,0.0,0.0,7.0,118.30618286132812,0.033431462943553925,0.03427116572856903,0.0,0.0,May,2,4,1,6,Returning_Visitor,False,False
5.0,18.544340133666992,1.0,52.51186752319336,44.0,1207.460693359375,0.003794546937569976,0.020612385123968124,0.0,0.0,May,2,2,1,2,Returning_Visitor,False,False
1.0,788.6105346679688,2.0,88.14688873291016,297.4652099609375,9118.716796875,0.009080290794372559,0.014198338612914085,2.028294086456299,0.0,Nov,3,2,1,2,Returning_Visitor,False,True
1.0,38.39307403564453,0.0,0.0,132.57510375976562,853.7269287109375,0.0,0.024113142862915993,95.88858032226562,0.0,Dec,2,2,1,1,Returning_Visitor,False,True
0.0,0.0,0.0,0.0,8.0,828.9757080078125,0.0075147803872823715,0.02744252420961857,0.0,0.0,Nov,2,2,3,2,New_Visitor,False,False
7.0,215.91062927246094,2.0,136.84817504882812,35.0,754.8942260742188,0.0,0.004211103077977896,17.22821044921875,0.0,Mar,2,1,2,2,New_Visitor,True,True
2.0,0.0,0.0,0.0,43.09314727783203,1470.61279296875,0.0,0.04075177013874054,0.0,0.0,Sep,4,1,6,4,Returning_Visitor,False,False
0.0,0.0,0.0,0.0,11.0,305.5672607421875,0.009999999776482582,0.04836728051304817,0.0,0.0,Mar,2,2,1,13,Returning_Visitor,False,False
0.0,0.0,0.0,0.0,12.0,152.95379638671875,0.0,0.01538561936467886,0.0,0.0,Mar,1,1,4,2,Returning_Visitor,False,False
10.457536697387695,0.0,0.0,0.0,70.4010009765625,3338.5498046875,0.0,0.01059765461832285,15.819853782653809,0.0,May,2,2,7,13,Returning_Visitor,False,False
0.0,0.0,0.0,0.0,1.0,0.0,0.0,0.20000000298023224,0.0,0.0,May,1,1,1,1,Returning_Visitor,True,False
0.0,0.0,1.0,0.0,29.0,481.2881774902344,0.005391160491853952,0.05000000074505806,0.0,1.0,May,3,3,3,6,Returning_Visitor,False,False
0.0,0.0,0.0,0.0,10.0,282.7729187011719,0.04630790650844574,0.06666667014360428,0.0,0.0,May,2,4,3,1,Returning_Visitor,False,False
0.0,0.0,0.0,0.0,2.0,22.26125144958496,0.025453032925724983,0.06986440718173981,0.0,0.0,May,3,2,1,4,Returning_Visitor,False,False
6.0,105.84774780273438,0.0,0.0,45.20907974243164,1491.488037109375,0.008152492344379425,0.015922078862786293,0.0,0.0,May,3,2,9,2,Returning_Visitor,False,False
0.0,0.0,0.0,0.0,11.0,535.9757690429688,0.013311897404491901,0.03999999910593033,0.0,0.0,Dec,2,2,6,2,New_Visitor,False,False
0.0,0.0,0.0,0.0,9.0,358.2502136230469,0.010186697356402874,0.00813001673668623,0.0,0.0,Mar,2,2,4,1,Returning_Visitor,False,False
8.0,142.37509155273438,0.0,0.0,26.0,510.515869140625,0.0,0.03333333134651184,20.318517684936523,0.6000000238418579,May,1,1,1,3,Returning_Visitor,False,False
0.0,0.0,0.0,0.0,10.0,242.17413330078125,0.02500000037252903,0.06326903402805328,0.0,0.0,May,2,2,1,3,Returning_Visitor,False,False
0.0,0.0,0.0,0.0,6.0,200.87620544433594,0.0,0.02190200798213482,0.0,0.0,Sep,1,2,1,4,Returning_Visitor,True,False
2.0,61.6434440612793,1.0,0.0,29.405851364135742,1944.47509765625,0.0,0.026743944734334946,11.776860237121582,0.0,Oct,2,1,4,1,Returning_Visitor,False,False
0.0,0.0,0.0,0.0,4.0,126.30906677246094,0.03369973972439766,0.01175801269710064,0.0,0.0,Nov,2,2,3,2,Returning_Visitor,False,False
1.0,33.00743865966797,0.0,0.0,14.0,224.1744842529297,0.02222222276031971,0.008067147806286812,0.0,0.0,May,1,1,6,4,Returning_Visitor,False,False
6.606416702270508,28.673755645751953,0.0,0.0,23.0,1947.677001953125,0.0,0.043450988829135895,0.0,0.0,Nov,2,2,1,2,Returning_Visitor,True,False
8.58828067779541,86.29082489013672,3.636810779571533,0.0,52.911495208740234,473.03778076171875,0.0,0.01073248777538538,2.968679189682007,0.0,Nov,2,1,1,2,Returning_Visitor,False,True
0.0,0.0,0.0,0.0,15.0,1519.009521484375,0.0,0.02639189548790455,0.0,0.0,Nov,2,2,1,1,New_Visitor,False,True
3.0,67.49314880371094,0.0,0.0,8.181105613708496,420.322509765625,0.0,0.014285714365541935,19.352346420288086,0.0,Oct,2,2,4,2,Returning_Visitor,True,False
2.0,15.03179931640625,0.0,0.0,55.90218734741211,1599.3936767578125,0.007083014119416475,0.020787909626960754,21.705942153930664,0.0,Nov,2,2,1,2,Returning_Visitor,False,False
0.0,0.0,0.0,0.0,9.0,655.1726684570312,0.016686247661709785,0.05000000074505806,0.0,0.0,May,3,10,2,1,Returning_Visitor,True,False
8.0,85.02392578125,1.0,71.63089752197266,54.5677604675293,2495.84228515625,0.0,0.011068702675402164,23.483964920043945,0.0,May,2,2,1,2,Returning_Visitor,False,False
0.0,0.0,0.0,0.0,5.942643642425537,395.3870544433594,0.0,0.07514286041259766,0.0,0.0,Nov,2,2,1,2,Returning_Visitor,False,False
0.0,0.0,0.0,0.0,1.0,0.0,0.20000000298023224,0.20000000298023224,0.0,0.0,May,2,2,7,1,Returning_Visitor,False,False
4.0,84.51889038085938,2.0,0.0,30.188661575317383,1256.3629150390625,0.004978152923285961,0.019204307347536087,0.0,0.0,Sep,2,2,8,2,Returning_Visitor,False,False
0.0,0.0,0.0,0.0,8.224181175231934,127.92314910888672,0.02500000037252903,0.010571091435849667,0.0,0.0,Dec,3,2,1,1,Returning_Visitor,False,False
2.0,52.353633880615234,0.0,0.0,15.0,147.87989807128906,0.0,0.02500000037252903,0.0,0.0,May,2,2,7,13,Returning_Visitor,False,False
0.0,0.0,0.0,0.0,4.0,103.00871276855469,0.06205340102314949,0.10000000149011612,0.0,0.0,May,2,2,1,1,Returning_Visitor,False,False
0.0,0.0,0.0,0.0,7.0,159.9181365966797,0.030702615156769753,0.05255298689007759,0.0,0.0,Mar,2,2,3,2,Returning_Visitor,False,False
0.0,0.0,0.0,0.0,2.0,0.0,0.20000000298023224,0.20000000298023224,0.0,0.0,Mar,2,4,1,13,Returning_Visitor,False,False
3.0,47.04681396484375,0.0,37.11091613769531,38.0,392.90283203125,0.0,0.014381101354956627,12.04858112335205,0.0,Dec,1,5,1,2,Returning_Visitor,True,False
6.0,53.98112869262695,5.324974536895752,119.77912902832031,17.0,672.1181030273438,0.01266320887953043,0.03460463136434555,0.0,0.0,Mar,2,2,1,6,Returning_Visitor,False,False
6.0,189.75196838378906,0.0,0.0,68.80559539794922,1095.5477294921875,0.0,0.03429669886827469,39.66411209106445,0.0,Mar,2,2,1,1,Returning_Visitor,True,True
4.0,33.22419738769531,2.0,119.27123260498047,82.22586822509766,4775.9130859375,0.011111111380159855,0.019999999552965164,1.6884617805480957,0.0,Nov,3,2,3,2,Returning_Visitor,False,True
2.0,46.22738265991211,0.0,0.0,8.0,331.85223388671875,0.0,0.0181818176060915,0.0,0.0,May,1,1,3,2,Returning_Visitor,True,False
6.0,0.0,3.0,0.0,44.30340576171875,2020.1165771484375,0.00402162317186594,0.0181818176060915,0.0,0.0,Oct,1,1,2,2,Returning_Visitor,True,False
4.0,32.196876525878906,0.0,0.0,13.0,199.49317932128906,0.009523809887468815,0.040321510285139084,0.0,0.0,Mar,2,1,1,2,New_Visitor,False,False
0.0,0.0,0.0,0.0,15.0,291.198974609375,0.0,0.009587781503796577,0.0,0.0,May,4,1,3,2,Returning_Visitor,False,False
3.0,9.778779029846191,0.0,0.0,18.0,534.0970458984375,0.0,0.007991149090230465,35.059295654296875,0.0,Nov,2,2,6,3,New_Visitor,True,True
3.0,24.08722496032715,0.0,0.0,7.0,532.5584716796875,0.0,0.027477560564875603,0.0,0.0,May,1,8,4,3,Returning_Visitor,True,False
2.0,10.443419456481934,0.0,0.0,6.0,28.983318328857422,0.0,0.04191429167985916,0.0,0.0,Sep,3,2,6,5,New_Visitor,False,False
1.0,437.99188232421875,1.0,0.0,54.08102798461914,1053.068603515625,0.00394944055005908,0.010647359304130077,13.186384201049805,0.0,Mar,2,2,3,2,Returning_Visitor,True,False
1.0,143.2837677001953,2.0,89.61605072021484,7.0,194.76239013671875,0.0,0.025602273643016815,0.0,0.0,Dec,2,2,3,2,New_Visitor,True,False
3.0,21.894332885742188,0.0,0.0,39.727725982666016,725.3175659179688,0.0,0.01062610000371933,37.88780975341797,0.0,Sep,2,8,2,8,Returning_Visitor,True,False
7.0,31.02745246887207,0.0,0.0,106.3218994140625,3726.225341796875,0.007269041147083044,0.036158498376607895,0.0,0.0,May,3,4,1,3,Returning_Visitor,False,False
1.0,70.02177429199219,0.0,0.0,44.0,885.6610717773438,0.0,0.009102624841034412,0.0,0.0,Dec,3,2,1,1,Returning_Visitor,False,True
2.0,29.543920516967773,0.0,0.0,3.0,146.38897705078125,0.02222222276031971,0.015307102352380753,0.0,0.0,May,2,2,9,2,Returning_Visitor,False,False
2.0,50.97161102294922,0.0,0.0,20.99319076538086,1445.261962890625,0.0,0.01898024044930935,0.0,0.0,Dec,2,2,3,2,Returning_Visitor,False,False
0.0,0.0,0.0,0.0,9.0,230.10653686523438,0.012872414663434029,0.023035693913698196,0.0,0.0,Nov,3,2,3,2,Returning_Visitor,False,False
0.0,0.0,0.0,0.0,8.0,189.23428344726562,0.0,0.0624171607196331,0.0,0.0,Mar,2,2,2,2,Returning_Visitor,False,False
0.0,0.0,0.0,0.0,10.0,556.601318359375,0.0,0.013292275369167328,0.0,0.0,Dec,1,1,1,7,Returning_Visitor,False,True
2.0,236.22897338867188,1.0,49.313743591308594,11.0,405.5943298339844,0.03333333134651184,0.012464570812880993,0.0,0.0,May,1,1,3,2,Returning_Visitor,True,False
0.0,0.0,0.0,0.0,1.4678727388381958,0.0,0.0,0.20000000298023224,0.0,0.0,May,2,2,3,13,Returning_Visitor,False,False
2.0,40.48004150390625,0.0,0.0,13.0,610.5200805664062,0.0209861658513546,0.022983117029070854,0.0,0.0,May,3,2,4,1,New_Visitor,False,False
7.0,60.89011764526367,5.0,76.65534210205078,20.06753158569336,4544.03125,0.0,0.0533788837492466,0.0,0.0,Nov,2,2,4,1,Returning_Visitor,False,False
1.0,10.097687721252441,1.0,26.969974517822266,7.0,412.1422424316406,0.0,0.03189598023891449,0.0,0.0,Nov,1,1,1,1,New_Visitor,False,False
0.0,0.0,0.0,0.0,7.0,160.3322296142578,0.0,0.009809598326683044,0.0,0.0,Nov,2,2,3,3,Returning_Visitor,False,False
2.0,57.467979431152344,0.0,0.0,29.0,2617.039306640625,0.0,0.01722453162074089,0.0,0.0,Dec,3,2,4,3,Returning_Visitor,False,False
0.0,0.0,0.0,0.0,45.0,3161.89892578125,0.0,0.015384873375296593,0.0,0.0,May,2,2,3,10,Returning_Visitor,False,False
4.0,73.60948944091797,0.0,0.0,11.0,245.27490234375,0.014179977588355541,0.03333333134651184,0.0,0.0,Sep,3,2,4,2,Returning_Visitor,False,False
0.0,0.0,0.0,0.0,1.0,0.0,0.20000000298023224,0.20000000298023224,0.0,0.0,Nov,3,2,2,1,Returning_Visitor,False,False
0.0,0.0,0.0,0.0,25.0,134.76455688476562,0.06828723847866058,0.08284321427345276,0.0,0.0,May,2,2,9,3,Returning_Visitor,False,False
0.0,0.0,0.0,0.0,27.190139770507812,996.0380859375,0.006935145240277052,0.023565351963043213,0.0,0.0,May,1,1,1,2,Returning_Visitor,True,False
2.0,271.4197692871094,1.0,28.955841064453125,103.96046447753906,1255.99072265625,0.0,0.020161258056759834,12.893190383911133,0.0,Nov,3,2,1,2,Returning_Visitor,False,False
2.0,52.28316879272461,1.0,106.10225677490234,46.95995330810547,7308.94091796875,0.0025564925745129585,0.0057552712969481945,0.0,0.0,Nov,2,2,7,1,Returning_Visitor,False,False
2.0,19.188400268554688,0.0,0.0,13.0,751.8605346679688,0.0,0.01828479953110218,0.0,0.0,Nov,2,2,1,1,New_Visitor,False,False
0.0,0.0,0.0,0.0,41.0,837.9098510742188,0.010677697136998177,0.05000000074505806,0.0,0.0,May,2,2,2,6,Returning_Visitor,False,False
0.0,0.0,1.0,54.49818801879883,31.75057601928711,1536.8033447265625,0.0,0.027209315448999405,0.0,0.0,Dec,1,1,6,2,Returning_Visitor,True,False
0.0,0.0,0.0,0.0,26.0,35.18911361694336,0.05590398982167244,0.11657943576574326,0.0,0.0,Mar,3,2,1,3,Returning_Visitor,False,False
2.0,83.54638671875,0.0,0.0,22.0,1530.041748046875,0.0,0.013136391527950764,9.92516040802002,0.0,Mar,1,2,4,1,Returning_Visitor,False,False
3.0,102.32577514648438,1.0,250.6394805908203,149.56826782226562,8175.75830078125,0.0076546333730220795,0.015904489904642105,14.532402992248535,0.0,Nov,2,1,1,2,Returning_Visitor,False,False
8.0,154.19947814941406,0.0,0.0,31.0,5540.0478515625,0.0,0.012512409128248692,0.0,0.0,Nov,2,2,7,1,Returning_Visitor,False,False
0.0,0.0,0.0,0.0,6.0,221.6195068359375,0.03333333134651184,0.01947987824678421,0.0,0.0,May,4,1,2,2,Returning_Visitor,False,False
2.0,22.156187057495117,0.0,0.0,24.0,2565.847412109375,0.0,0.02500000037252903,0.0,0.0,May,4,2,1,1,Returning_Visitor,False,False
0.0,0.0,0.0,0.0,8.0,61.51982879638672,0.018895436078310013,0.05951507389545441,0.0,0.0,Sep,2,5,3,2,Returning_Visitor,False,False
0.0,0.0,0.0,0.0,2.0,0.0,0.0,0.16601987183094025,0.0,0.0,May,2,2,3,3,Returning_Visitor,False,False
4.987619876861572,34.9064826965332,0.0,0.0,3.0,154.5927734375,0.0,0.0,0.0,0.0,May,2,2,4,2,New_Visitor,True,False
2.0,82.20512390136719,0.0,0.0,11.0,85.38809204101562,0.06453607231378555,0.06966807693243027,0.0,0.0,Nov,1,2,1,1,Returning_Visitor,False,False
0.0,0.0,0.0,0.0,8.0,163.85218811035156,0.0,0.034609105437994,0.0,0.0,Nov,1,1,3,2,Returning_Visitor,False,False
2.0,66.38069152832031,0.0,0.0,59.37290954589844,1505.45947265625,0.0028149529825896025,0.03322429955005646,0.0,0.0,May,2,2,1,8,Returning_Visitor,False,False
2.0,32.86045455932617,0.0,0.0,7.0,162.20321655273438,0.0,0.06699758768081665,0.0,0.0,Nov,4,1,1,2,Returning_Visitor,False,False
3.0,76.34148406982422,0.0,0.0,106.3678207397461,3881.26806640625,0.0018903014715760946,0.02857142873108387,4.789176940917969,0.0,Dec,2,2,1,4,Returning_Visitor,False,False
0.0,0.0,0.0,0.0,11.0,910.654296875,0.019123338162899017,0.06927857547998428,0.0,0.0,May,1,1,3,3,Returning_Visitor,False,False
0.0,0.0,0.0,0.0,13.0,220.11196899414062,0.0,0.01812133751809597,0.0,0.0,May,2,2,3,1,Returning_Visitor,False,False
0.0,0.0,0.0,0.0,13.0,243.45262145996094,0.0,0.03999999910593033,0.0,0.0,Dec,4,2,3,2,Returning_Visitor,False,False
0.0,0.0,0.0,0.0,14.988186836242676,80.3467788696289,0.02500000037252903,0.06666667014360428,0.0,0.0,May,2,2,3,3,Returning_Visitor,False,False
8.0,90.78755950927734,0.0,0.0,5.0,204.68331909179688,0.0,0.01835213601589203,0.0,0.0,Oct,1,1,9,2,New_Visitor,False,False
1.0,0.0,1.0,223.11309814453125,34.0,605.2322387695312,0.00909090880304575,0.01666666753590107,0.0,0.0,Dec,2,2,7,1,Returning_Visitor,False,False
2.0,5.177684307098389,0.0,0.0,38.0,1783.29052734375,0.0,0.03197938948869705,0.0,0.0,Nov,2,2,1,1,Returning_Visitor,False,False
0.0,0.0,0.0,0.0,5.0,775.6609497070312,0.0,0.008516496047377586,0.0,0.0,Nov,2,2,3,2,Returning_Visitor,False,False
1.0,118.57032012939453,1.0,94.38226318359375,24.0,852.30224609375,0.022108858451247215,0.015333285555243492,0.0,0.0,Nov,2,2,1,1,Returning_Visitor,False,False
1.0,45.2932243347168,0.0,0.0,13.0,325.46856689453125,0.0,0.013631819747388363,0.0,0.0,Mar,2,2,1,1,Returning_Visitor,False,False
0.0,0.0,0.0,0.0,14.0,546.7853393554688,0.0,0.07500000298023224,0.0,0.64139723777771,May,3,2,6,2,Returning_Visitor,False,False
4.0,56.22526931762695,0.0,0.0,3.0,1262.6104736328125,0.0,0.01746673323214054,17.222362518310547,0.0,Nov,2,2,7,3,New_Visitor,True,False
2.0,151.27734375,3.0,54.40093994140625,34.529075622558594,1033.797119140625,0.005833650007843971,0.008428338915109634,0.0,0.0,Dec,2,2,3,2,New_Visitor,False,False
12.02978801727295,506.2972106933594,5.0,56.225826263427734,190.83729553222656,9975.7744140625,0.0031135836616158485,0.01534654013812542,0.0,0.0,Nov,2,2,1,1,Returning_Visitor,False,False
3.0,15.101319313049316,1.0,50.98577117919922,29.0,1232.6552734375,0.004522222094237804,0.028607280924916267,29.759140014648438,0.0,May,2,2,1,1,Returning_Visitor,False,False
2.0,56.111690521240234,0.0,0.0,92.53691101074219,2694.193603515625,0.007692308165132999,0.01094890758395195,0.0,0.0,May,2,2,4,1,Returning_Visitor,True,True
1.0,276.1126403808594,3.0,0.0,122.05286407470703,1145.295166015625,0.02006717585027218,0.02428879775106907,21.57090950012207,0.0,Mar,2,2,4,6,Returning_Visitor,True,False
6.0,73.2408676147461,0.0,0.0,34.0,2094.572021484375,0.0,0.0035208771005272865,0.0,0.0,May,2,2,6,10,New_Visitor,False,False
0.0,0.0,0.0,0.0,21.0,96.15325164794922,0.0,0.06971064954996109,0.0,0.0,May,4,1,8,3,Returning_Visitor,False,False
1.0,23.88069725036621,2.0,85.70056915283203,27.0,275.1308288574219,0.022076554596424103,0.037653155624866486,20.044401168823242,0.0,Mar,2,2,4,1,Returning_Visitor,False,False
1.0,107.06793975830078,0.0,0.0,79.32638549804688,1871.914794921875,0.0,0.009999999776482582,16.890974044799805,0.0,May,2,2,2,2,Returning_Visitor,False,False
0.0,0.0,0.0,0.0,7.0,2202.093994140625,0.014583771117031574,0.04268292337656021,0.0,0.0,Dec,2,2,1,2,Returning_Visitor,False,False
0.0,0.0,0.0,0.0,24.0,732.0716552734375,0.009999999776482582,0.040474411100149155,0.0,0.0,May,2,2,1,2,Returning_Visitor,False,False
0.0,12.808133125305176,2.0118508338928223,69.16717529296875,5.0,208.5086212158203,0.0,0.02250075712800026,0.0,0.0,Dec,2,2,7,2,Returning_Visitor,False,False
2.0,46.414005279541016,0.0,0.0,15.0,316.0618896484375,0.0,0.004933958873152733,0.0,0.0,Dec,3,2,1,2,Returning_Visitor,True,False
0.0,0.0,0.0,0.0,34.0,2702.4658203125,0.022984208539128304,0.05000000074505806,0.0,0.0,May,2,2,3,4,Returning_Visitor,False,False
0.0,0.0,0.0,0.0,41.94452667236328,308.38946533203125,0.03139692172408104,0.05171632394194603,0.0,0.800000011920929,May,2,2,4,3,Returning_Visitor,False,False
0.0,0.0,0.0,0.0,19.0,655.06201171875,0.014325439929962158,0.05000000074505806,0.0,0.0,May,3,2,1,13,Returning_Visitor,False,False
1.0,0.0,0.0,0.0,12.0,427.46588134765625,0.0,0.00838511623442173,0.0,0.0,Mar,2,2,4,1,Returning_Visitor,True,False
0.0,0.0,0.0,0.0,9.0,121.94056701660156,0.0,0.023566722869873047,0.0,0.0,Nov,2,3,1,13,Returning_Visitor,False,False
0.0,0.0,0.0,0.0,4.0,0.0,0.0,0.16196151077747345,0.0,0.6000000238418579,May,1,4,1,1,Returning_Visitor,False,False
0.0,0.0,0.0,0.0,42.0,1465.015380859375,0.0,0.0181818176060915,23.48952865600586,0.0,Nov,2,2,1,2,Returning_Visitor,True,True
0.0,0.0,0.0,0.0,5.0,836.2529296875,0.0,0.01666666753590107,39.557640075683594,0.0,May,2,2,1,4,Returning_Visitor,True,True
2.0,26.903636932373047,0.0,0.0,19.233196258544922,830.43505859375,0.0,0.009303373284637928,0.0,0.0,Nov,2,2,9,2,New_Visitor,False,False
4.0,47.527259826660156,0.0,0.0,25.0,2237.930419921875,0.00645056925714016,0.013889855705201626,0.0,0.0,May,2,2,9,2,Returning_Visitor,False,False
6.0,119.06887817382812,0.0,0.0,64.38160705566406,742.4144897460938,0.007964239455759525,0.01912672258913517,44.13270568847656,0.0,May,2,4,2,2,New_Visitor,True,False
0.0,24.34408187866211,0.0,0.0,73.7083511352539,1720.08544921875,0.0,0.011832848191261292,2.2467241287231445,0.0,Sep,4,2,1,2,Returning_Visitor,False,True
0.0,0.0,0.0,0.0,43.793235778808594,3347.80322265625,0.003942188806831837,0.019746864214539528,0.0,0.0,Mar,2,2,3,2,Returning_Visitor,False,False
0.0,0.0,0.0,0.0,1.0,0.0,0.20000000298023224,0.20000000298023224,0.0,0.0,Nov,3,2,1,13,Returning_Visitor,False,False
0.0,0.0,0.0,0.0,33.29037094116211,423.76507568359375,0.006772918161004782,0.03490697592496872,0.0,0.0,May,3,2,8,4,New_Visitor,True,False
0.0,0.0,1.0,0.0,77.70159912109375,4799.20263671875,0.003711888799443841,0.02500000037252903,0.0,0.0,Dec,3,2,3,1,Returning_Visitor,False,False
0.0,0.0,0.0,0.0,12.0,935.9439697265625,0.01810831017792225,0.025405069813132286,0.0,0.0,Dec,3,4,6,3,Returning_Visitor,False,False
0.0,0.0,0.0,0.0,1.0,0.0,0.20000000298023224,0.20000000298023224,0.0,0.0,Dec,3,2,1,13,Returning_Visitor,True,False
0.0,0.0,0.0,0.0,16.0,730.390380859375,0.0,0.019999999552965164,38.20451354980469,0.0,May,2,2,4,1,Returning_Visitor,False,True
0.0,0.0,0.0,0.0,26.05467987060547,2120.02880859375,0.0399143360555172,0.02857142873108387,0.0,0.0,June,3,2,1,10,Returning_Visitor,True,False
1.0,37.96144485473633,0.0,0.0,53.98360824584961,3433.065185546875,0.0,0.019022732973098755,5.814501762390137,0.20000000298023224,May,1,1,6,3,Returning_Visitor,False,False
0.0,0.0,0.0,0.0,10.0,315.4204406738281,0.0,0.023318853229284286,0.0,0.0,Dec,2,2,6,4,Returning_Visitor,False,False
0.0,0.0,6.269550800323486,218.7727508544922,73.90625,4489.64990234375,0.0065904827788472176,0.01402091421186924,0.0,0.0,Nov,3,2,1,4,Returning_Visitor,False,False
0.0,0.0,0.0,0.0,61.42325210571289,3708.336181640625,0.005339369177818298,0.013532633893191814,11.902586936950684,0.0,Nov,2,2,1,1,Returning_Visitor,False,False
4.0,9.876964569091797,0.0,0.0,13.0,687.2318725585938,0.022745352238416672,0.05167736858129501,7.463193893432617,0.0,Sep,1,1,4,1,Returning_Visitor,False,False
1.0,3.6706535816192627,0.0,0.0,20.4995059967041,999.31298828125,0.010607204400002956,0.03746483474969864,0.0,0.0,Dec,2,6,1,2,Returning_Visitor,False,True
0.0,0.0,0.0,0.0,4.0,412.800048828125,0.0,0.09106333553791046,0.0,0.0,Mar,2,2,1,3,Returning_Visitor,False,False
0.0,0.0,0.0,0.0,25.0,487.3578186035156,0.0,0.010530812665820122,0.0,0.0,Nov,1,2,1,2,Returning_Visitor,False,False
1.0,10.360934257507324,0.0,0.0,10.0,629.8975830078125,0.011115137487649918,0.010708975605666637,41.1033821105957,0.0,Mar,2,2,1,1,Returning_Visitor,False,True
2.0,173.4241485595703,0.0,0.0,25.0,1507.106689453125,0.0,0.005742169450968504,19.617610931396484,0.0,May,2,2,8,3,Returning_Visitor,True,True
0.0,0.0,2.0,0.0,1.0,0.0,0.20000000298023224,0.10000000149011612,0.0,0.0,Nov,1,1,1,1,New_Visitor,False,True
0.0,0.0,0.0,0.0,6.0,184.22402954101562,0.0,0.03999999910593033,0.0,0.0,Dec,2,2,4,1,Returning_Visitor,False,False
1.0,0.0,0.0,0.0,7.0,123.25309753417969,0.023899707943201065,0.06672867387533188,0.0,0.0,June,2,2,1,1,Returning_Visitor,False,False
0.0,0.0,0.0,0.0,1.0,0.0,0.20000000298023224,0.20000000298023224,0.0,0.0,Nov,3,2,1,3,Returning_Visitor,True,False
9.0,10.720839500427246,4.0,298.8464660644531,16.522071838378906,2065.581787109375,0.0,0.0144823482260108,12.014533996582031,0.0,May,2,2,4,3,Returning_Visitor,False,False
0.0,0.0,0.0,0.0,2.0,0.0,0.0,0.20000000298023224,0.0,0.0,Nov,3,2,1,1,Returning_Visitor,False,False
2.0,47.17462158203125,0.0,0.0,14.0,786.456298828125,0.0,0.020277271047234535,8.540704727172852,0.0,Dec,3,4,2,2,Returning_Visitor,False,False
0.0,0.0,0.0,0.0,25.0,274.6986389160156,0.0,0.05000000074505806,0.0,0.0,Nov,3,2,2,3,Returning_Visitor,False,False
8.0,148.44097900390625,2.0,71.75912475585938,4.0,929.27783203125,0.0,0.008878068067133427,0.0,0.0,Mar,3,2,1,2,New_Visitor,False,False
15.118855476379395,99.1302490234375,0.0,0.0,62.0,2126.13818359375,0.005184782203286886,0.023935675621032715,0.0,0.0,May,2,2,1,2,Returning_Visitor,False,False
0.0,0.0,0.0,0.0,4.0,140.3494110107422,0.030666885897517204,0.0575510710477829,0.0,0.0,May,3,2,1,3,Returning_Visitor,False,False
0.0,0.0,0.0,0.0,2.0,12.68875789642334,0.0,0.03999999910593033,0.0,0.0,Nov,2,2,2,1,Returning_Visitor,False,False
2.0,82.95390319824219,0.0,0.0,2.0,525.1651611328125,0.029424937441945076,0.021236389875411987,0.0,0.0,May,3,2,2,1,New_Visitor,False,False
9.0,210.5047149658203,2.0,65.04959106445312,22.0,545.6427612304688,0.01197968702763319,0.018369294703006744,0.0,0.0,May,1,1,3,15,Returning_Visitor,False,False
3.0,10.936765670776367,0.0,0.0,21.0,50.01540756225586,0.06666667014360428,0.10000000149011612,0.0,0.0,May,2,2,2,3,Returning_Visitor,False,False
0.0,0.0,1.0,0.0,42.13443374633789,213.0253143310547,0.0,0.03333333134651184,0.0,0.0,May,2,2,1,4,Returning_Visitor,False,False
3.0,17.0303955078125,0.0,0.0,7.0,216.42120361328125,0.0,0.02368454448878765,0.0,1.0,Nov,2,2,1,2,New_Visitor,False,False
15.50791072845459,269.4409484863281,2.0,217.39724731445312,108.02494049072266,9555.5693359375,0.0,0.011147129349410534,0.0,0.0,May,3,2,2,2,Returning_Visitor,False,False
0.0,0.0,0.0,0.0,3.0,127.58322143554688,0.04816487431526184,0.06765319406986237,0.0,0.0,May,1,2,1,2,New_Visitor,True,False
0.0,0.0,0.0,0.0,48.0,1970.6513671875,0.017671173438429832,0.023895572870969772,0.0,0.0,Nov,1,1,2,3,Returning_Visitor,False,False
0.0,0.0,0.0,0.0,2.0,53.68788528442383,0.0,0.02415763959288597,0.0,0.0,Mar,2,2,2,3,Returning_Visitor,False,False
0.0,0.0,0.0,0.0,2.0,68.4769058227539,0.0,0.06166926026344299,0.0,0.0,Mar,4,1,3,3,Returning_Visitor,False,False
2.0,182.34837341308594,0.0,0.0,13.0,438.93804931640625,0.005084807984530926,0.03999999910593033,0.0,0.0,May,3,2,1,13,Returning_Visitor,True,False
8.0,620.7410278320312,5.0,290.3058166503906,62.49595642089844,1920.41015625,0.012500000186264515,0.02500000037252903,0.0,0.0,Sep,1,2,2,3,Returning_Visitor,False,False
8.0,127.84027862548828,1.0,75.11700439453125,41.969181060791016,868.9910888671875,0.005824384279549122,0.005728201474994421,0.0,0.0,Dec,1,8,2,2,New_Visitor,False,False
0.0,0.0,0.0,0.0,2.0,0.0,0.20000000298023224,0.20000000298023224,0.0,0.0,Nov,3,2,1,4,Returning_Visitor,False,False
0.0,0.0,0.0,0.0,9.0,269.96905517578125,0.0,0.012500000186264515,0.0,0.0,Dec,2,2,9,2,Returning_Visitor,False,False
0.0,0.0,0.0,0.0,25.845489501953125,2113.966064453125,0.0,0.011809730902314186,0.0,0.0,Feb,2,2,1,2,Returning_Visitor,False,False
0.0,0.0,2.0,0.0,13.0,4521.13623046875,0.020267389714717865,0.03999999910593033,0.0,0.0,Nov,2,2,1,2,Returning_Visitor,False,False
0.0,0.0,0.0,0.0,1.0,0.0,0.0,0.20000000298023224,0.0,0.0,Nov,1,1,6,3,Returning_Visitor,False,False
15.447930335998535,251.71078491210938,4.913359642028809,268.8578796386719,24.0,2518.657958984375,0.0015304457629099488,0.026248598471283913,0.0,0.0,May,2,4,1,6,Returning_Visitor,False,True
0.0,0.0,0.0,0.0,23.0,218.05519104003906,0.01666666753590107,0.02142414264380932,0.0,0.0,Mar,2,2,1,2,Returning_Visitor,False,False
1.0,24.675006866455078,0.0,0.0,16.0,334.8312683105469,0.0,0.038946639746427536,0.0,0.0,Dec,3,2,1,2,New_Visitor,False,False
0.0,0.0,0.0,0.0,9.0,351.8618469238281,0.017083918675780296,0.030206337571144104,0.0,0.0,Mar,1,1,1,3,Returning_Visitor,True,False
0.0,12.653789520263672,2.0,33.32928466796875,15.0,133.0387725830078,0.0,0.05485253408551216,0.0,0.0,May,1,5,9,6,Returning_Visitor,False,False
7.0,438.3759460449219,3.0,122.25118255615234,33.0,3243.918212890625,0.006357856094837189,0.03333333134651184,5.230053424835205,0.0,Dec,2,2,2,8,Returning_Visitor,False,False
0.0,0.0,0.0,0.0,1.0,0.0,0.20000000298023224,0.20000000298023224,0.0,0.0,Mar,1,8,9,3,Returning_Visitor,True,False
0.0,0.0,0.0,0.0,55.0,2065.2490234375,0.0025320209097117186,0.036161959171295166,0.0,0.0,May,1,1,3,2,Returning_Visitor,False,False
10.0,120.08583068847656,5.0,97.08087158203125,105.96910858154297,2117.158935546875,0.014285714365541935,0.010882110334932804,0.0,0.0,Jul,2,2,1,2,Returning_Visitor,False,False
1.0,12.947022438049316,0.0,0.0,13.0,2208.943603515625,0.006026561371982098,0.00827651098370552,45.39240264892578,0.0,Nov,2,2,1,2,Returning_Visitor,False,True
1.0,25.048410415649414,0.0,0.0,11.0,463.19708251953125,0.006003280635923147,0.015384615398943424,39.136051177978516,0.0,Oct,2,2,1,2,Returning_Visitor,False,True
0.0,0.0,0.0,0.0,6.0,199.74237060546875,0.11512427777051926,0.10000000149011612,0.0,0.4000000059604645,May,2,2,7,13,Returning_Visitor,False,False
1.0,60.81145095825195,0.0,0.0,7.0,84.1846923828125,0.0,0.026708809658885002,0.0,0.0,Nov,1,2,3,1,New_Visitor,False,False
0.0,0.0,0.0,0.0,1.0,0.0,0.20000000298023224,0.20000000298023224,0.0,0.0,Nov,2,2,1,1,Returning_Visitor,False,False
1.0032697916030884,323.869873046875,0.0,0.0,107.76274871826172,1797.18017578125,0.0,0.02232850342988968,0.0,0.0,Nov,3,2,2,2,Returning_Visitor,False,True
6.0,82.65377807617188,0.0,0.0,49.0,1826.6820068359375,0.0,0.009553865529596806,0.0,0.0,May,2,2,3,2,Returning_Visitor,False,False
1.0,18.11326789855957,0.0,0.0,23.7363224029541,396.3284606933594,0.0,0.010443448089063168,20.363447189331055,0.0,Dec,3,1,3,2,Returning_Visitor,False,True
0.0,0.0,0.0,0.0,1.0,0.0,0.20000000298023224,0.20000000298023224,0.0,0.0,Nov,2,2,4,1,Returning_Visitor,False,False
0.0,0.0,0.0,0.0,21.0,327.768798828125,0.20000000298023224,0.10000000149011612,0.0,0.0,Oct,1,1,6,4,Returning_Visitor,False,False
0.0,0.0,0.0,0.0,1.0,0.0,0.20000000298023224,0.20000000298023224,0.0,0.0,Nov,1,1,3,3,Returning_Visitor,False,False
2.0,43.48582458496094,1.0,0.0,19.0,739.9620361328125,0.0,0.014285714365541935,0.0,0.0,May,2,2,7,2,Returning_Visitor,True,True
0.0,0.0,0.0,0.0,17.304262161254883,198.61648559570312,0.04560478404164314,0.05000000074505806,0.0,0.6000000238418579,May,2,2,3,1,Returning_Visitor,False,False
1.0,36.35544204711914,0.0,0.0,15.0,228.5200958251953,0.010090726427733898,0.016343310475349426,0.0,0.0,May,1,2,8,4,Returning_Visitor,False,True
7.0,12.600302696228027,0.0,0.0,19.0,684.0988159179688,0.0,0.00958846602588892,0.0,0.0,Mar,2,2,6,2,New_Visitor,True,False
0.0,0.0,0.0,0.0,10.0,45.39873123168945,0.0,0.11149564385414124,0.0,0.0,Jul,3,2,1,13,Returning_Visitor,False,False
0.0,0.0,0.0,0.0,7.0,166.20803833007812,0.0,0.05000000074505806,0.0,0.0,Mar,2,2,4,1,Returning_Visitor,True,False
0.0,0.0,0.0,0.0,4.789083957672119,70.45256042480469,0.0,0.05000000074505806,0.0,0.0,Nov,2,2,3,1,Returning_Visitor,True,False
0.0,0.0,0.0,0.0,5.0,221.60171508789062,0.04435162991285324,0.052347246557474136,0.0,0.0,Nov,3,8,6,2,Returning_Visitor,False,False
7.0,159.04159545898438,0.0,0.0,29.0,696.3463134765625,0.014985879883170128,0.05000000074505806,0.0,0.0,May,4,2,3,1,Returning_Visitor,False,True
0.0,0.0,0.0,0.0,3.0,58.55086898803711,0.07777421921491623,0.03059261292219162,0.0,0.0,Mar,2,2,4,2,Returning_Visitor,False,False
0.0,0.0,1.0,0.0,21.0,1551.00146484375,0.06666667014360428,0.04654480889439583,31.93560218811035,0.0,May,2,2,3,1,Returning_Visitor,False,False
3.0,13.801894187927246,0.0,0.0,32.0,774.15478515625,0.0,0.019128065556287766,0.0,0.0,Dec,2,2,6,6,Returning_Visitor,False,False
0.0,0.0,0.0,0.0,3.0,615.6835327148438,0.06666667014360428,0.05066845938563347,0.0,0.0,Oct,2,4,1,1,Returning_Visitor,False,False
4.0,260.4612121582031,1.0,106.84748077392578,41.0,1604.443603515625,0.00833333283662796,0.010940656997263432,0.0,0.0,Mar,3,2,1,1,Returning_Visitor,True,False
3.0,38.53396987915039,2.0,0.0,46.0,1404.859619140625,0.00223698397167027,0.01956510730087757,23.15995216369629,0.0,May,2,2,6,2,Returning_Visitor,False,True
2.0,111.7520980834961,0.0,0.0,108.75716400146484,1196.483642578125,0.01615041494369507,0.009556458331644535,0.0,0.0,Oct,2,1,1,2,New_Visitor,False,False
0.0,0.0,0.0,0.0,8.131872177124023,85.3616714477539,0.0,0.14774733781814575,0.0,0.0,May,2,2,1,2,Returning_Visitor,False,False
0.0,0.0,0.0,0.0,9.0,550.6779174804688,0.10000000149011612,0.14278939366340637,0.0,0.0,May,1,1,1,4,Returning_Visitor,False,False
0.0,0.0,0.0,35.15155029296875,61.50874328613281,1133.2896728515625,0.0,0.03999999910593033,0.0,0.0,Nov,3,2,1,4,Returning_Visitor,False,False
0.0,0.0,2.0,66.8849105834961,55.76848602294922,334.0609130859375,0.0067927842028439045,0.033829465508461,0.0,0.0,Mar,1,1,1,2,Returning_Visitor,False,True
6.099447727203369,82.67215728759766,2.0,212.0309295654297,82.13410949707031,2177.291748046875,0.0,0.031549423933029175,0.0,0.0,Nov,2,2,3,2,Returning_Visitor,False,False
10.0,134.26593017578125,2.0,760.2291870117188,54.50238037109375,1682.98583984375,0.005644427612423897,0.03601942956447601,4.0276780128479,0.0,Dec,2,2,2,2,Returning_Visitor,True,False
3.0,143.5035858154297,0.0,0.0,20.0,123.7702407836914,0.03333333134651184,0.01453815121203661,0.0,0.0,May,2,1,3,4,Returning_Visitor,False,False
0.0,0.0,0.0,0.0,7.0,279.6625061035156,0.0,0.021416908130049706,0.0,0.0,Dec,3,2,6,2,Returning_Visitor,False,False
5.0,59.807464599609375,0.0,0.0,4.993098258972168,54.11711120605469,0.0,0.04211225360631943,0.0,0.0,Oct,2,2,6,2,Returning_Visitor,False,False
6.0,110.95957946777344,0.0,0.0,89.16824340820312,1628.61962890625,0.0,0.01950589381158352,0.0,0.0,Dec,2,2,9,2,Returning_Visitor,False,True
0.0,0.0,0.0,0.0,271.9009704589844,2481.23828125,0.002514310646802187,0.013375114649534225,10.262613296508789,0.0,Nov,2,5,2,2,Returning_Visitor,False,True
2.0,16.696578979492188,0.0,0.0,25.0,385.4430236816406,0.0,0.03116440214216709,0.0,0.0,Mar,3,2,1,2,Returning_Visitor,False,False
8.0,5.212400436401367,0.0,0.0,48.385196685791016,1864.361572265625,0.0,0.02500000037252903,0.0,0.0,Nov,1,2,1,1,Returning_Visitor,False,False
9.0,103.24636840820312,0.0,0.0,62.4614143371582,1654.1309814453125,0.012263714335858822,0.02225029468536377,0.0,0.0,Nov,2,2,1,2,Returning_Visitor,False,False
0.0,0.0,0.0,0.0,16.0,47.861690521240234,0.10771176964044571,0.10000000149011612,0.0,0.0,Nov,3,2,1,1,Returning_Visitor,True,False
8.0,31.80181121826172,0.0,0.0,40.368858337402344,929.1441040039062,0.0,0.010342695750296116,0.0,0.0,Aug,2,2,4,2,New_Visitor,False,True
0.0,75.98287200927734,2.0,56.33627700805664,19.98432159423828,242.51931762695312,0.0,0.051114410161972046,17.922388076782227,0.0,Nov,2,1,2,4,Returning_Visitor,False,True
6.0,387.1427001953125,1.0,63.33667755126953,20.0,1432.196533203125,0.007116423919796944,0.03333333134651184,45.904781341552734,0.6000000238418579,Jul,3,1,6,2,Returning_Visitor,False,False
0.0,0.0,0.0,0.0,20.726999282836914,286.62335205078125,0.02857142873108387,0.03488853946328163,0.0,0.0,May,1,2,1,1,Returning_Visitor,False,False
1.0,0.0,1.0,0.0,53.627410888671875,1257.456298828125,0.003644833341240883,0.01913311704993248,0.0,0.0,May,2,2,3,3,Returning_Visitor,True,False
6.0,140.62106323242188,0.0,0.0,12.0,1126.0731201171875,0.0,0.02500000037252903,307.4826965332031,0.800000011920929,Dec,1,1,4,2,Returning_Visitor,False,True
0.0,0.0,0.0,0.0,40.0,1380.9044189453125,0.00990824680775404,0.034066587686538696,0.0,0.0,May,3,4,3,3,Returning_Visitor,False,False
7.0,144.5487060546875,1.0,62.11954879760742,48.0,2495.323486328125,0.0,0.009122957475483418,9.522149085998535,0.0,Mar,3,2,1,2,New_Visitor,False,True
0.0,0.0,0.0,0.0,1.0,0.0,0.20000000298023224,0.20000000298023224,0.0,0.0,May,2,2,1,3,Returning_Visitor,False,False
2.0,455.6075439453125,0.0,0.0,10.310173988342285,795.5625,0.0,0.035197362303733826,0.0,0.0,Sep,2,2,7,2,Returning_Visitor,False,False
0.0,0.0,0.0,0.0,12.0,485.6199645996094,0.0,0.035070598125457764,0.0,0.0,Nov,1,1,6,2,New_Visitor,True,False
0.0,0.0,0.0,0.0,9.583008766174316,110.59058380126953,0.051411863416433334,0.019999999552965164,0.0,0.0,May,2,2,9,3,Returning_Visitor,False,False
7.0,29.6143741607666,0.0,0.0,7.0,855.2870483398438,0.0,0.010445775464177132,0.0,0.0,Mar,1,8,1,2,Returning_Visitor,False,False
0.0,0.0,0.0,0.0,24.590124130249023,488.5948181152344,0.0,0.015559851191937923,0.0,0.0,Nov,3,5,2,1,Returning_Visitor,False,False
0.0,0.0,2.0,0.0,12.32900333404541,245.28236389160156,0.02857142873108387,0.043840713798999786,0.0,0.0,Nov,2,2,1,2,Returning_Visitor,False,False
2.0,4.960251331329346,0.0,0.0,6.0,20.617040634155273,0.0,0.021739885210990906,0.0,0.0,Mar,2,2,2,1,Returning_Visitor,False,False
0.0,0.0,0.0,0.0,1.0,0.0,0.20000000298023224,0.20000000298023224,0.0,0.0,May,1,1,1,2,Returning_Visitor,True,False
7.0,473.6612854003906,0.0,0.0,94.4058609008789,3976.3193359375,0.0,0.00948803499341011,0.0,0.0,June,2,2,1,3,Returning_Visitor,False,False
2.0,146.4424591064453,0.0,0.0,21.0,97.79309844970703,0.0,0.014778705313801765,0.0,0.0,May,2,2,3,2,New_Visitor,False,False
0.0,0.0,0.0,0.0,3.987704038619995,236.30014038085938,0.06666667014360428,0.07500000298023224,0.0,0.0,Nov,3,2,3,13,Returning_Visitor,False,False
2.0,26.196401596069336,0.0,0.0,98.2608871459961,1944.341064453125,0.005974901840090752,0.02928907237946987,5.009527683258057,0.0,Nov,1,2,1,2,Returning_Visitor,False,False
6.0,42.2701301574707,0.0,0.0,25.0,2697.460693359375,0.015384615398943424,0.025142380967736244,0.0,0.0,Mar,1,1,4,1,Returning_Visitor,True,False
1.0,177.4033203125,3.0,28.470935821533203,57.61012268066406,1816.561279296875,0.015387489460408688,0.04293190315365791,0.0,0.0,May,2,2,1,2,Returning_Visitor,False,False
8.0,37.873802185058594,0.0,0.0,327.766357421875,12376.552734375,0.006204540375620127,0.01714017428457737,7.14449405670166,0.0,Nov,2,2,1,2,Returning_Visitor,False,False
0.0,0.0,0.0,0.0,3.0,53.06019592285156,0.0,0.043210115283727646,0.0,0.0,Mar,2,2,3,2,Returning_Visitor,True,False
7.0,16.526527404785156,0.0,0.0,12.897836685180664,692.1387329101562,0.0,0.02078918181359768,0.0,0.0,May,2,2,1,2,Returning_Visitor,False,False
2.0,0.0,0.0,0.0,42.0,587.132568359375,0.006993715651333332,0.03333333134651184,353.9791259765625,0.0,Sep,3,2,6,3,Returning_Visitor,False,False
5.0,37.794525146484375,0.0,0.0,32.0,2690.031005859375,0.02344157174229622,0.014285714365541935,0.0,0.0,Dec,1,1,6,1,Returning_Visitor,True,False
8.0,317.3235168457031,0.0,0.0,59.0,4340.2744140625,0.0,0.004908704198896885,5.892265796661377,0.0,Nov,2,2,8,2,Returning_Visitor,False,False
0.0,0.0,0.0,0.0,2.0,55.14774703979492,0.06666667014360428,0.014784321188926697,0.0,0.6000000238418579,Oct,1,5,2,4,Returning_Visitor,True,False
0.0,0.0,0.0,0.0,11.0,142.89109802246094,0.01659855805337429,0.019999999552965164,0.0,0.0,Mar,2,2,3,3,Returning_Visitor,False,False
0.0,0.0,0.0,0.0,4.0,99.90719604492188,0.06374454498291016,0.15000000596046448,0.0,0.0,May,1,1,1,3,Returning_Visitor,True,False
0.0,0.0,0.0,0.0,23.0,487.4908752441406,0.0,0.03046664595603943,0.0,0.0,Jul,2,2,1,3,Returning_Visitor,False,False
0.0,0.0,0.0,0.0,2.0,75.45169830322266,0.08391769975423813,0.07500000298023224,0.0,0.0,Nov,3,2,1,3,New_Visitor,False,False
0.0,0.0,0.0,0.0,10.0,263.694091796875,0.0,0.019999999552965164,0.0,0.0,Mar,2,2,6,3,Returning_Visitor,False,False
0.0,0.0,0.0,0.0,23.0,4385.4619140625,0.008171891793608665,0.03999999910593033,0.0,0.0,Nov,2,2,1,1,Returning_Visitor,True,False
6.0,25.593204498291016,0.0,0.0,24.0,2194.013916015625,0.0,0.05148095637559891,0.0,0.0,Nov,1,5,8,1,Returning_Visitor,False,True
0.0,0.0,0.0,0.0,8.959839820861816,160.74119567871094,0.020772919058799744,0.02500000037252903,0.0,0.0,Mar,2,2,1,1,Returning_Visitor,False,False
6.0,141.9560546875,0.0,0.0,59.396331787109375,845.5986328125,0.0,0.009999999776482582,33.72549819946289,0.0,Mar,2,2,1,3,New_Visitor,True,False
0.0,0.0,0.0,0.0,1.0,0.0,0.20000000298023224,0.20000000298023224,0.0,0.0,Mar,3,2,3,1,Returning_Visitor,False,False
3.781285047531128,57.372093200683594,2.0,481.81170654296875,38.0,777.2505493164062,0.017582986503839493,0.03333333134651184,0.0,0.0,Nov,2,2,4,1,Returning_Visitor,False,False
0.0,0.0,0.0,0.0,15.0,221.97628784179688,0.0,0.04641035199165344,0.0,0.6880236864089966,Nov,4,2,3,1,Returning_Visitor,False,False
10.484899520874023,222.61062622070312,0.0,0.0,64.0849380493164,1033.844970703125,0.011580443009734154,0.017350144684314728,0.0,0.0,Mar,3,2,1,4,Returning_Visitor,False,False
0.0,0.0,0.0,0.0,28.599895477294922,773.6861572265625,0.008348120376467705,0.03798298165202141,0.0,0.0,May,3,2,3,2,Returning_Visitor,False,False
5.0,165.57872009277344,1.0,170.8284454345703,73.96559143066406,1344.3402099609375,0.008440433070063591,0.011308906599879265,0.0,0.0,May,1,1,6,3,Returning_Visitor,True,True
0.0,0.0,0.0,0.0,23.0,499.4931640625,0.03373884782195091,0.017313580960035324,0.0,0.0,Jul,2,2,1,1,Returning_Visitor,False,False
6.0,170.4257354736328,1.0,0.0,79.79634857177734,1368.600341796875,0.005555556155741215,0.02416832000017166,13.25968074798584,0.6000000238418579,May,2,2,1,3,Returning_Visitor,False,False
9.0,161.98033142089844,0.0,0.0,46.37254333496094,3638.71337890625,0.004634685814380646,0.0338587649166584,0.0,0.0,May,2,2,4,6,Returning_Visitor,False,False
2.0,60.66293716430664,0.0,0.0,7.0,123.48963165283203,0.020763078704476357,0.021037107333540916,0.0,0.0,Oct,1,1,4,2,Returning_Visitor,False,False
0.0,0.0,0.0,0.0,1.0,0.0,0.20000000298023224,0.20000000298023224,0.0,0.0,May,3,6,6,3,Returning_Visitor,False,False
0.0,0.0,0.0,0.0,13.0,120.85662841796875,0.0554138608276844,0.10000000149011612,0.0,0.0,May,3,2,9,3,Returning_Visitor,False,False
0.0,0.0,0.0,0.0,7.0,345.89532470703125,0.0,0.027137260884046555,0.0,0.0,Nov,2,2,9,2,Returning_Visitor,False,False
0.0,0.0,0.0,0.0,63.895938873291016,2175.990234375,0.0,0.034629594534635544,0.0,0.0,May,4,2,2,3,Returning_Visitor,False,False
0.0,0.0,0.0,0.0,1.0,0.0,0.20000000298023224,0.20000000298023224,0.0,0.0,May,2,4,6,3,Returning_Visitor,False,False
3.0,101.0019302368164,2.0,0.0,15.0,2549.611083984375,0.011864409781992435,0.03333333134651184,20.98988151550293,0.0,Mar,2,2,3,6,Returning_Visitor,False,False
0.0,0.0,0.0,0.0,16.0,624.8685302734375,0.03733917698264122,0.06077730283141136,0.0,0.0,Nov,2,2,3,13,Returning_Visitor,False,False
1.0,16.8100643157959,0.0,0.0,7.0,48.697078704833984,0.02653074637055397,0.07653734087944031,0.0,0.0,Dec,1,2,6,1,Returning_Visitor,True,False
0.0,0.0,0.0,0.0,2.0,138.31227111816406,0.10000000149011612,0.13333334028720856,0.0,0.0,Aug,2,2,6,13,Returning_Visitor,True,False
6.0,236.93789672851562,3.0,59.884368896484375,21.0,4452.6123046875,0.0,0.025853507220745087,0.0,0.0,May,2,4,3,1,Returning_Visitor,False,False
0.0,0.0,0.0,0.0,12.0,300.6614074707031,0.011927965097129345,0.05000000074505806,0.0,0.0,Mar,1,1,2,2,New_Visitor,False,False
0.0,0.0,0.0,0.0,12.0,358.3246765136719,0.030947396531701088,0.019999999552965164,0.0,0.0,May,2,2,3,6,Returning_Visitor,True,False
0.0,0.0,0.0,0.0,3.0,109.91561889648438,0.0690203458070755,0.09893321990966797,0.0,0.0,Nov,3,2,2,13,Returning_Visitor,True,False
4.0,35.420291900634766,1.0,323.4137878417969,10.0,447.0310363769531,0.0,0.014554395340383053,0.0,0.0,Mar,2,2,6,2,Returning_Visitor,True,False
0.0,0.0,0.0,0.0,3.0,182.3845977783203,0.0,0.0668608695268631,0.0,0.0,May,3,2,4,3,Returning_Visitor,False,False
0.0,0.0,3.0,0.0,407.4127197265625,4757.068359375,0.019825294613838196,0.020856942981481552,0.0,0.0,Nov,2,2,1,2,Returning_Visitor,False,False
7.0,46.28657913208008,0.0,0.0,10.0,231.32723999023438,0.020252127200365067,0.01666666753590107,14.30471420288086,0.0,May,3,2,8,6,Returning_Visitor,False,False
4.0,34.248538970947266,1.0,339.8240661621094,17.0,395.15557861328125,0.008508396334946156,0.0380307175219059,0.0,0.0,Nov,1,8,2,2,Returning_Visitor,False,False
3.0,320.5943298339844,0.0,0.0,15.0,602.69189453125,0.00909090880304575,0.017673222348093987,19.46600341796875,0.0,Nov,3,2,9,2,Returning_Visitor,False,False
8.0,174.2357177734375,0.0,0.0,55.0,3038.843505859375,0.0,0.031751200556755066,0.0,0.0,Sep,2,2,3,13,Returning_Visitor,False,False
3.0,22.94306755065918,0.0,0.0,39.0,4510.70703125,0.008801478892564774,0.023999614641070366,0.0,0.0,Dec,2,2,1,4,Returning_Visitor,True,False
0.0,0.0,0.0,0.0,4.0,25.858163833618164,0.03739563003182411,0.07926894724369049,0.0,0.0,Dec,3,2,6,3,Returning_Visitor,False,False
6.0,67.68726348876953,0.0,0.0,68.00308227539062,1738.147216796875,0.009420705027878284,0.019999999552965164,0.0,0.0,Nov,3,2,1,2,Returning_Visitor,False,False
0.0,0.0,0.0,0.0,10.0,395.1591491699219,0.0,0.01666666753590107,9.693937301635742,0.0,Nov,3,2,1,3,Returning_Visitor,True,True
2.0,25.776216506958008,0.0,0.0,24.0,379.6203918457031,0.0,0.008369309827685356,21.33634376525879,0.0,Dec,2,2,3,2,New_Visitor,False,True
0.0,0.0,0.0,0.0,4.0,95.34334564208984,0.0,0.10000000149011612,0.0,0.0,May,1,1,1,3,Returning_Visitor,True,False
0.0,0.0,0.0,0.0,10.0,147.31320190429688,0.03179939091205597,0.04179767891764641,0.0,0.0,Nov,2,1,3,8,New_Visitor,True,False
0.0,0.0,0.0,0.0,10.0,680.810302734375,0.0,0.10000000149011612,0.0,0.0,May,3,2,1,4,Returning_Visitor,False,False
2.0,53.187984466552734,0.0,0.0,23.0,263.9064636230469,0.0,0.02857142873108387,0.0,0.0,Nov,1,1,3,4,Returning_Visitor,False,False
1.0,6.0,0.0,0.0,13.596319198608398,1372.0020751953125,0.0,0.011349652893841267,0.0,0.0,May,2,2,8,3,Returning_Visitor,False,False
0.0,0.0,0.0,0.0,13.0,525.8534545898438,0.006965048611164093,0.0,105.95612335205078,0.0,Nov,1,1,3,2,New_Visitor,True,False
0.0,0.0,0.0,0.0,3.579946994781494,968.591552734375,0.02500000037252903,0.07629001140594482,0.0,0.0,May,3,2,3,3,Returning_Visitor,False,False
8.0,294.3570251464844,4.0,62.73762893676758,128.69973754882812,8053.05224609375,0.005038592964410782,0.019999999552965164,12.337801933288574,0.0,Nov,2,1,6,10,Returning_Visitor,False,True
0.0,0.0,0.0,0.0,8.0,1247.8564453125,0.05687936022877693,0.06666667014360428,0.0,0.0,May,1,2,1,2,Returning_Visitor,False,False
6.0,151.88490295410156,0.0,33.90324401855469,41.0,1145.6324462890625,0.0,0.02217618003487587,0.0,0.0,Nov,1,1,1,2,Returning_Visitor,False,False
0.0,0.0,0.0,0.0,22.0,872.66650390625,0.012465789914131165,0.024238718673586845,0.0,0.0,Nov,2,2,3,1,Returning_Visitor,True,True
0.0,0.0,0.0,0.0,1.0,0.0,0.20000000298023224,0.20000000298023224,0.0,0.0,May,2,2,2,1,Returning_Visitor,False,False
8.0,352.05224609375,2.0,55.000633239746094,129.74659729003906,2545.4443359375,0.0034813766833394766,0.019999999552965164,0.0,0.0,Nov,1,8,3,2,Returning_Visitor,True,False
3.0,103.95049285888672,0.0,0.0,7.0,541.460205078125,0.0,0.015276129357516766,0.0,0.0,Dec,1,1,1,2,New_Visitor,True,False
12.0,304.2931823730469,5.0,0.0,46.37637710571289,5779.14453125,0.0,0.022807788103818893,15.540300369262695,0.0,Mar,2,2,4,3,Returning_Visitor,False,False
5.0,9.783205032348633,0.0,0.0,12.0,802.9957885742188,0.0,0.03808416798710823,0.0,0.0,May,2,2,7,1,Returning_Visitor,False,False
0.0,0.0,0.0,0.0,15.0,1891.2845458984375,0.0,0.011436384171247482,0.0,0.0,Mar,3,1,1,2,Returning_Visitor,True,False
7.0,161.8599395751953,1.0,0.0,50.0,1755.8143310546875,0.005016902927309275,0.010110358707606792,19.317752838134766,0.4000000059604645,Dec,3,2,4,2,Returning_Visitor,False,False
2.0,35.431640625,0.0,0.0,18.0,767.3523559570312,0.0065167732536792755,0.003963521681725979,0.0,0.0,Mar,1,1,1,2,Returning_Visitor,True,False
1.0,40.84281921386719,1.0,0.0,314.92181396484375,6355.36328125,0.00501688988879323,0.012521127238869667,5.540655136108398,0.0,Dec,4,2,3,2,Returning_Visitor,False,False
1.0,17.78815460205078,0.0,0.0,5.0,735.7261352539062,0.02500000037252903,0.020917603746056557,0.0,0.0,Nov,2,1,3,2,Returning_Visitor,False,True
0.0,0.0,0.0,0.0,1.0,0.0,0.20000000298023224,0.20000000298023224,0.0,0.0,May,2,2,8,4,Returning_Visitor,False,False
0.0,0.0,0.0,0.0,26.0,2404.7451171875,0.016380079090595245,0.014857036992907524,0.0,0.0,Dec,1,2,4,1,Returning_Visitor,False,True
0.0,0.0,0.0,0.0,8.0,115.02803039550781,0.012452385388314724,0.026728574186563492,0.0,0.0,May,2,2,1,3,Returning_Visitor,False,False
0.0,0.0,0.0,0.0,40.061126708984375,1167.773681640625,0.01480155624449253,0.03999999910593033,0.0,0.0,Mar,2,2,2,2,Returning_Visitor,False,False
2.0,27.590621948242188,0.0,0.0,19.0,230.6150665283203,0.0,0.010736342519521713,0.0,0.0,Oct,2,4,9,2,Returning_Visitor,False,False
1.0,295.2232666015625,0.0,0.0,13.0,200.6846923828125,0.013624440878629684,0.01666666753590107,0.0,0.0,Dec,1,2,1,1,Returning_Visitor,False,False
1.0,19.22134780883789,0.0,0.0,66.2819595336914,2026.427734375,0.008710284717381,0.0363747663795948,0.0,0.0,May,1,1,1,2,Returning_Visitor,False,False
8.0,51.8115234375,0.0,0.0,21.0,1536.227294921875,0.0,0.008427574299275875,0.0,0.0,May,2,2,1,2,Returning_Visitor,False,True
2.0,48.48850631713867,0.0,0.0,48.0,2074.65087890625,0.0,0.02956330217421055,0.0,0.0,Sep,4,2,4,2,Returning_Visitor,True,False
0.0,0.0,0.0,0.0,2.9010660648345947,112.10462188720703,0.07722897827625275,0.030193684622645378,0.0,0.0,Nov,2,2,2,2,Returning_Visitor,False,False
6.0,12.985289573669434,0.0,0.0,59.707786560058594,945.6847534179688,0.0,0.025104403495788574,0.0,0.0,May,2,2,7,1,Returning_Visitor,False,False
0.0,0.0,0.0,0.0,54.693302154541016,888.5538940429688,0.006507618352770805,0.030162418261170387,0.0,0.0,Nov,2,4,9,2,Returning_Visitor,False,False
9.0,340.4429931640625,2.0,112.0284194946289,18.52004051208496,1224.7012939453125,0.02500000037252903,0.02857142873108387,10.756360054016113,0.0,Oct,1,2,3,13,Returning_Visitor,False,False
0.0,0.0,0.0,0.0,5.0,169.23451232910156,0.0,0.009531894698739052,0.0,0.0,Dec,8,13,9,20,Other,False,False
8.0,75.17879486083984,0.0,0.0,285.2816162109375,6793.48193359375,0.0,0.010291269980370998,15.011834144592285,0.0,Jul,1,2,1,4,Returning_Visitor,True,False
0.0,0.0,0.0,0.0,74.85823822021484,2297.22021484375,0.0,0.007970728911459446,19.369714736938477,0.0,Nov,2,2,1,2,New_Visitor,False,True
5.0,81.76106262207031,2.0,0.0,63.582923889160156,1046.5703125,0.01666666753590107,0.025065654888749123,16.485008239746094,0.0,Jul,2,2,8,4,Returning_Visitor,False,False
1.0,51.49122619628906,0.0,0.0,14.0,137.99514770507812,0.0,0.03333333134651184,0.0,0.0,Dec,1,1,1,2,New_Visitor,False,False
1.0,22.83809471130371,0.0,0.0,9.0,197.06048583984375,0.06825777888298035,0.04548751190304756,0.0,0.0,Jul,2,2,9,13,Returning_Visitor,False,False
5.0,26.529266357421875,0.0,0.0,123.93081665039062,2395.890625,0.014285714365541935,0.02500000037252903,0.0,0.0,May,2,2,2,6,Returning_Visitor,False,False
1.0,15.090255737304688,1.0,55.64592361450195,64.95635223388672,3252.37255859375,0.00430913083255291,0.021425608545541763,0.0,0.0,Nov,2,2,7,3,Returning_Visitor,True,False
0.0,0.0,1.0,20.6021785736084,2.0,64.65552520751953,0.0,0.011111111380159855,0.0,0.0,May,2,2,3,2,Returning_Visitor,False,False
0.0,0.0,0.0,0.0,12.0,1867.425048828125,0.06666667014360428,0.06644630432128906,0.0,0.0,Jul,2,2,4,1,Returning_Visitor,False,False
0.0,0.0,0.0,0.0,1.0,0.0,0.20000000298023224,0.20000000298023224,0.0,0.0,May,2,1,1,2,Returning_Visitor,False,False
0.0,0.0,3.0,0.0,40.0,2628.006103515625,0.0033555219415575266,0.02222222276031971,16.433813095092773,0.0,Nov,3,2,1,2,Returning_Visitor,False,False
7.0,169.33966064453125,1.0,124.48807525634766,55.0,2050.074951171875,0.005909522529691458,0.025020288303494453,0.0,0.0,Nov,1,1,3,2,Returning_Visitor,False,False
0.0,0.0,0.0,0.0,3.0,41.589599609375,0.06666667014360428,0.008913096971809864,0.0,0.0,Mar,2,1,1,3,Returning_Visitor,False,False
0.0,0.0,0.0,0.0,9.0,653.2608032226562,0.014424473978579044,0.03333333134651184,0.0,0.0,May,1,2,3,2,Returning_Visitor,False,False
7.0,260.6701965332031,3.0,34.143802642822266,185.10252380371094,3698.067138671875,0.005338388029485941,0.013667305931448936,0.0,0.0,May,2,10,2,13,Returning_Visitor,False,False
4.0,88.42416381835938,0.0,0.0,2.0,116.26315307617188,0.0,0.008002019487321377,0.0,0.0,Mar,1,2,8,4,Returning_Visitor,False,False
0.0,0.0,0.0,0.0,2.283832550048828,6.879417419433594,0.10000000149011612,0.13307267427444458,0.0,0.0,May,4,1,3,2,Returning_Visitor,False,False
0.0,0.0,0.0,0.0,29.67313575744629,2381.10009765625,0.014879737049341202,0.03472469747066498,0.0,0.0,May,1,2,1,3,Returning_Visitor,False,False
0.0,0.0,0.0,0.0,8.0,66.63606262207031,0.10000000149011612,0.025656653568148613,0.0,0.0,May,1,1,3,3,Returning_Visitor,False,False
4.0,39.52823257446289,0.0,0.0,255.73202514648438,4579.060546875,0.004522968549281359,0.02222222276031971,7.985011577606201,0.0,Nov,2,2,4,2,Returning_Visitor,False,False
0.0,0.0,0.0,0.0,2.0,0.0,0.20000000298023224,0.20000000298023224,0.0,0.0,May,2,2,6,1,Returning_Visitor,False,False
6.0,226.15530395507812,0.0,0.0,75.78430938720703,998.40185546875,0.004854631144553423,0.028143469244241714,25.955480575561523,0.0,May,2,2,2,6,New_Visitor,False,False
1.0,21.280805587768555,0.0,0.0,27.0,2150.14697265625,0.004442115779966116,0.002386759966611862,0.0,0.0,Sep,3,2,1,2,Returning_Visitor,False,False
0.0,0.0,0.0,0.0,1.0,129.03411865234375,0.08091674000024796,0.10000000149011612,0.0,0.0,Dec,2,2,6,3,Returning_Visitor,True,False
1.0,38.645599365234375,0.0,0.0,45.0,747.5332641601562,0.0,0.018146008253097534,0.0,0.0,Mar,2,2,1,3,Returning_Visitor,False,False
4.0,25.687118530273438,2.0,111.03195190429688,12.014608383178711,47.12030029296875,0.0,0.012370705604553223,0.0,0.0,Mar,2,2,1,8,Returning_Visitor,True,False
0.0,22.886442184448242,0.0,0.0,57.7845458984375,1890.2186279296875,0.0,0.0025973522569984198,36.702545166015625,0.0,Nov,2,2,1,5,New_Visitor,False,True
0.0,0.0,0.0,0.0,20.0,424.861328125,0.0,0.01396398525685072,52.7532844543457,0.0,May,2,2,1,2,Returning_Visitor,True,True
2.0,39.734615325927734,0.0,0.0,37.0,339.0146789550781,0.0,0.010478779673576355,0.0,0.0,May,2,2,1,20,Returning_Visitor,True,False
0.0,0.0,0.0,0.0,1.0,0.0,0.20000000298023224,0.20000000298023224,0.0,0.0,Mar,4,1,9,3,Returning_Visitor,False,False
6.0,27.8245849609375,0.0,65.18892669677734,26.0,326.03936767578125,0.0,0.011006055399775505,50.117801666259766,0.0,May,2,2,1,2,New_Visitor,False,True
0.0,0.0,0.0,0.0,13.0,532.9564208984375,0.015217750333249569,0.019999999552965164,0.0,0.0,Nov,3,2,1,1,Returning_Visitor,False,False
8.0,63.735023498535156,0.0,0.0,110.66193389892578,2914.599853515625,0.0,0.0031006827484816313,31.27681541442871,0.0,Mar,2,2,4,2,Returning_Visitor,True,True
2.0,11.817645072937012,0.0,0.0,72.04086303710938,1251.736083984375,0.0,0.018106309697031975,9.261568069458008,0.0,Oct,2,2,8,2,Returning_Visitor,False,False
5.0,154.1957244873047,1.0,0.0,85.44361114501953,3429.447021484375,0.005735780578106642,0.015302951447665691,11.594053268432617,0.0,May,2,2,7,1,Returning_Visitor,False,False
2.0,39.326351165771484,2.0,50.8447380065918,79.9034652709961,834.6276245117188,0.0,0.014717862010002136,0.0,0.0,Nov,2,2,6,2,New_Visitor,True,False
1.0,753.6023559570312,3.0,0.0,5.0,19.850522994995117,0.028593001887202263,0.021819259971380234,0.0,0.6000000238418579,May,2,2,1,3,Returning_Visitor,True,False
0.0,0.0,0.0,0.0,1.293047308921814,0.0,0.20000000298023224,0.20000000298023224,0.0,0.0,May,4,2,3,4,Returning_Visitor,False,False
2.0,49.679073333740234,0.0,0.0,45.5977897644043,1262.241943359375,0.00909090880304575,0.02500000037252903,0.0,0.0,May,2,4,8,4,Returning_Visitor,False,False
12.767786026000977,437.3172607421875,1.0,0.0,57.49509048461914,1670.9569091796875,0.0,0.030076520517468452,0.8482958674430847,0.0,Oct,2,2,4,2,Returning_Visitor,False,True
3.0,43.59844207763672,0.0,0.0,38.0,1345.6343994140625,0.006781197618693113,0.021308882161974907,0.0,0.0,Nov,2,1,3,4,Returning_Visitor,False,True
2.0,99.62076568603516,0.0,0.0,20.5987491607666,781.6483154296875,0.0,0.006767363287508488,0.0,0.0,Dec,8,13,9,20,Other,False,False
2.0,213.23191833496094,0.0,0.0,51.705711364746094,944.150390625,0.0067228889092803,0.010008776560425758,0.0,0.0,Dec,2,1,1,2,Returning_Visitor,False,False
0.0,0.0,0.0,0.0,6.0,30.5439453125,0.0,0.10439010709524155,0.0,0.0,Nov,1,2,6,13,Returning_Visitor,True,False
1.0,19.516494750976562,0.0,0.0,16.0,833.303466796875,0.0,0.02857142873108387,0.0,0.0,Nov,1,8,4,2,Returning_Visitor,True,False
5.0,12.206250190734863,2.0,387.609619140625,9.0,937.5402221679688,0.012500000186264515,0.06666667014360428,0.0,0.0,Oct,1,1,1,1,Returning_Visitor,False,False
8.0,77.87704467773438,0.0,0.0,66.03265380859375,533.48291015625,0.004698568023741245,0.03333333134651184,0.0,0.0,May,2,2,1,4,Returning_Visitor,False,False
2.0,56.93989181518555,0.0,0.0,18.04083824157715,548.5241088867188,0.007907774299383163,0.023207951337099075,0.0,0.0,Nov,3,2,1,1,New_Visitor,False,False
3.0,27.08159637451172,0.0,0.0,7.0,833.4822387695312,0.022423824295401573,0.028439626097679138,0.0,0.0,Mar,2,4,2,1,New_Visitor,True,False
0.0,0.0,0.0,0.0,4.0,58.50157165527344,0.04014766588807106,0.04958407208323479,0.0,0.0,Feb,4,1,9,3,Returning_Visitor,False,False
4.0,39.50172424316406,0.0,0.0,10.0,847.0877685546875,0.0,0.02886994555592537,0.0,0.0,May,3,2,4,4,New_Visitor,False,False
0.0,0.0,0.0,0.0,19.0,129.31427001953125,0.031904615461826324,0.04552561789751053,0.0,0.0,Oct,2,2,1,1,Returning_Visitor,False,False
0.0,0.0,0.0,0.0,55.83981704711914,1266.2296142578125,0.013234070502221584,0.030121829360723495,0.0,0.0,Nov,2,2,6,1,Returning_Visitor,True,False
9.0,318.8419494628906,0.0,60.743614196777344,116.39498138427734,4106.1689453125,0.012821071781218052,0.017675738781690598,3.5821785926818848,0.0,Dec,1,1,1,10,Returning_Visitor,False,False
7.0,41.57464599609375,3.0,64.57247924804688,114.52112579345703,4312.5859375,0.004270247183740139,0.01666666753590107,0.0,0.0,Dec,2,2,4,1,Returning_Visitor,False,False
5.0,31.373931884765625,0.0,0.0,20.0,829.5958251953125,0.0,0.011539152823388577,0.0,0.0,May,4,2,1,5,Returning_Visitor,False,False
0.0,0.0,0.0,0.0,25.662376403808594,1112.13720703125,0.0,0.03333333134651184,0.0,0.0,May,2,2,3,4,Returning_Visitor,False,False
3.0,59.589996337890625,0.0,0.0,2.0,0.0,0.0,0.00767855579033494,0.0,0.0,Mar,3,2,3,2,New_Visitor,False,False
0.0,0.0,0.0,0.0,7.0,52.52259063720703,0.11881046742200851,0.20000000298023224,0.0,0.0,Nov,2,2,3,1,Returning_Visitor,True,False
4.0,833.6530151367188,0.0,0.0,51.01871109008789,441.3912658691406,0.006264778319746256,0.008853484876453876,0.0,0.0,Mar,2,2,1,13,Returning_Visitor,False,False
0.0,0.0,4.0,243.13270568847656,16.0,437.151123046875,0.00833333283662796,0.01731976866722107,0.0,0.0,Dec,2,1,1,4,Returning_Visitor,False,False
4.0,45.442649841308594,0.0,0.0,9.0,341.83526611328125,0.0,0.003995727747678757,0.0,0.0,May,2,6,3,2,Returning_Visitor,False,False
0.0,0.0,0.0,0.0,39.64369201660156,416.52496337890625,0.016071708872914314,0.05000000074505806,0.0,0.0,May,2,2,1,1,Returning_Visitor,False,False
2.0,18.027801513671875,0.0,0.0,4.0,10.6481351852417,0.03622258082032204,0.008060818538069725,0.0,0.0,Aug,2,2,3,3,Returning_Visitor,False,False
2.0,44.058902740478516,0.0,0.0,41.0,340.06170654296875,0.0,0.026869215071201324,0.0,0.0,Mar,2,2,3,3,New_Visitor,False,False
0.0,0.0,0.0,0.0,8.456915855407715,182.95758056640625,0.03583323583006859,0.06666667014360428,0.0,0.0,May,2,6,1,3,Returning_Visitor,False,False
0.0,0.0,0.0,0.0,12.0,497.2722473144531,0.013072093948721886,0.07978909462690353,0.0,0.0,May,2,2,9,13,Returning_Visitor,False,False
2.0,36.23680114746094,0.0,0.0,14.0,707.8121337890625,0.0,0.03805108740925789,13.714651107788086,0.0,May,4,2,7,1,New_Visitor,False,False
10.0,130.1692352294922,0.0,0.0,18.922504425048828,519.5188598632812,0.0,0.026256397366523743,35.96015548706055,0.0,Nov,2,2,2,2,Returning_Visitor,False,False
2.0,125.82453155517578,0.0,0.0,46.1895637512207,137.00372314453125,0.0,0.014202301390469074,0.0,0.0,Nov,2,8,1,5,New_Visitor,False,True
0.0,0.0,0.0,0.0,5.0,121.64273834228516,0.0,0.10000000149011612,0.0,0.0,May,2,2,1,2,Returning_Visitor,False,False
6.0,225.6934814453125,0.0,0.0,10.0,492.44476318359375,0.0,0.014143113046884537,0.0,0.0,Dec,2,2,6,2,Returning_Visitor,True,False
0.0,0.0,0.0,0.0,15.0,335.86328125,0.0,0.06666667014360428,0.0,0.0,Feb,2,2,2,10,Returning_Visitor,False,False
6.0,26.770030975341797,0.0,0.0,25.544940948486328,657.5195922851562,0.021458007395267487,0.03891006484627724,0.0,0.0,June,2,2,8,3,Returning_Visitor,True,False
4.0,136.32908630371094,0.0,0.0,7.0,465.0113525390625,0.0,0.011544348672032356,0.0,0.0,Oct,3,2,1,2,New_Visitor,False,False
1.0,0.0,3.0,44.0655403137207,27.0,1840.3740234375,0.002895730547606945,0.00625246437266469,0.0,0.0,Mar,2,2,8,2,Returning_Visitor,False,False
0.0,0.0,0.0,0.0,11.0,112.7927017211914,0.0,0.07315272092819214,0.0,0.0,Mar,2,10,1,11,Returning_Visitor,False,False
2.0,15.035828590393066,0.0,0.0,6.0,12.974411010742188,0.05000000074505806,0.07500000298023224,0.0,0.0,May,2,2,3,1,New_Visitor,False,False
0.0,0.0,0.0,0.0,2.758702278137207,98.10896301269531,0.0,0.20000000298023224,0.0,0.800000011920929,May,2,2,2,1,Returning_Visitor,False,False
4.0,215.16395568847656,0.0,0.0,31.0,835.476318359375,0.0,0.0,11.031050682067871,0.0,May,2,2,3,2,Returning_Visitor,True,False
9.0,109.522705078125,0.0,0.0,60.882728576660156,1694.1729736328125,0.0,0.025039125233888626,0.0,0.0,Nov,2,2,4,1,Returning_Visitor,True,False
3.0,20.250551223754883,0.0,0.0,101.48492431640625,1396.0538330078125,0.0,0.03999999910593033,0.0,0.0,Nov,2,2,3,1,Returning_Visitor,False,False
0.0,0.0,0.0,0.0,3.0,27.551040649414062,0.0961027443408966,0.05000000074505806,0.0,0.0,Dec,2,2,1,10,Returning_Visitor,False,False
1.0,18.4699764251709,2.0,168.1217041015625,141.53793334960938,3516.1318359375,0.005559050943702459,0.027146203443408012,11.082956314086914,0.0,Nov,1,2,1,3,Returning_Visitor,False,False
1.0,9.105598449707031,0.0,0.0,36.736209869384766,1224.7960205078125,0.0,0.03999999910593033,0.0,0.0,May,3,2,1,11,Returning_Visitor,False,False
2.0,13.277912139892578,1.0,0.0,50.567047119140625,3215.196533203125,0.009523809887468815,0.05000000074505806,7.200398921966553,0.0,May,2,2,1,2,Returning_Visitor,False,False
0.0,0.0,0.0,0.0,10.0,953.1605834960938,0.007638739421963692,0.05141296237707138,0.0,1.0,Nov,2,2,1,1,Returning_Visitor,False,False
9.0,600.3648071289062,0.0,0.0,43.02911376953125,408.8368835449219,0.013596836477518082,0.017947014421224594,0.0,0.0,Oct,3,2,8,5,Returning_Visitor,False,False
0.0,0.0,0.0,0.0,32.0,394.3648986816406,0.0,0.030315740033984184,0.0,0.6000000238418579,Oct,1,2,1,7,Returning_Visitor,False,False
0.0,0.0,0.0,0.0,4.0,66.28978729248047,0.0,0.019784267991781235,0.0,0.0,May,2,2,3,3,Returning_Visitor,False,False
5.0,37.02522659301758,0.0,0.0,3.0,44.586177825927734,0.0,0.05000000074505806,0.0,0.0,Nov,2,2,6,1,Returning_Visitor,True,False
0.0,0.0,0.0,0.0,6.0,19.851661682128906,0.0,0.10000000149011612,0.0,0.0,Mar,2,2,4,13,Returning_Visitor,False,False
9.0,54.91610336303711,0.0,0.0,8.0,1927.3421630859375,0.0,0.022561093792319298,9.867883682250977,0.0,Nov,2,2,3,1,Returning_Visitor,False,False
7.0,97.5433578491211,0.0,0.0,12.0,421.64166259765625,0.0,0.017464138567447662,0.0,0.0,Dec,1,1,8,2,Returning_Visitor,False,False
2.0,197.4384307861328,0.0,0.0,50.0,437.4315490722656,0.007485877722501755,0.03148902580142021,0.0,0.0,May,4,8,8,3,New_Visitor,False,False
0.0,0.0,0.0,0.0,9.0,634.9693603515625,0.0,0.05972399562597275,0.0,0.0,Dec,2,2,7,1,Returning_Visitor,False,False
5.0,1.080207347869873,0.0,0.0,4.0,180.18458557128906,0.022566156461834908,0.014235216192901134,0.0,0.0,Sep,2,4,1,1,Returning_Visitor,False,False
0.0,0.0,0.0,0.0,1.0,0.0,0.20000000298023224,0.20000000298023224,0.0,0.0,Nov,1,2,1,13,New_Visitor,False,False
0.0,0.0,0.0,0.0,7.0,1340.1873779296875,0.0,0.025126369670033455,0.0,0.0,Mar,2,4,3,1,Returning_Visitor,True,False
0.0,0.0,0.0,0.0,18.0,98.7109375,0.0,0.044271644204854965,0.0,0.0,Mar,1,1,7,10,Returning_Visitor,False,False
2.0,48.979637145996094,0.0,0.0,54.4091911315918,2560.2734375,0.01313716359436512,0.01804518513381481,0.0,0.0,Dec,4,1,1,2,Returning_Visitor,False,False
1.0,18.02984046936035,0.0,0.0,27.662691116333008,518.7092895507812,0.012469356879591942,0.015354268252849579,11.445240020751953,0.0,May,2,2,3,2,Returning_Visitor,False,True
12.351293563842773,145.24179077148438,0.0,0.0,20.0,1311.695556640625,0.009523809887468815,0.009999999776482582,0.0,0.0,Mar,2,2,4,6,Returning_Visitor,True,False
2.0,99.30340576171875,1.0,100.24351501464844,26.0,467.4201965332031,0.0,0.02477007731795311,10.988675117492676,0.0,Dec,3,2,1,2,Returning_Visitor,False,False
2.0,19.17598533630371,3.0,313.2711181640625,111.27904510498047,2330.358154296875,0.0027333442121744156,0.019999999552965164,14.943288803100586,0.0,Nov,1,2,3,2,Returning_Visitor,False,False
0.0,0.0,1.0,0.0,17.0,123.13446044921875,0.14244534075260162,0.026547450572252274,0.0,0.0,May,3,2,1,3,Returning_Visitor,False,False
0.0,0.0,0.0,0.0,4.59807014465332,69.82942199707031,0.025751549750566483,0.06666667014360428,0.0,0.0,May,3,2,3,2,Returning_Visitor,False,False
6.0,181.94195556640625,1.0,49.39180374145508,156.34060668945312,5464.0966796875,0.0013574212789535522,0.007811370771378279,28.069438934326172,0.0,Nov,2,2,8,10,Returning_Visitor,False,False
0.0,0.0,0.0,0.0,3.0,0.0,0.20000000298023224,0.20000000298023224,0.0,0.0,May,2,2,6,3,Returning_Visitor,False,False
0.0,0.0,0.0,0.0,4.0,34.99776077270508,0.0,0.20000000298023224,0.0,0.0,May,2,5,1,1,Returning_Visitor,False,False
0.0,105.81143951416016,0.0,0.0,18.47298812866211,319.471923828125,0.013851143419742584,0.027302665635943413,38.847415924072266,0.0,Oct,3,2,2,6,Returning_Visitor,False,True
0.0,0.0,0.0,0.0,21.61356544494629,614.84423828125,0.0,0.035514406859874725,0.0,0.0,Nov,2,2,1,2,Returning_Visitor,False,False
0.0,0.0,0.0,0.0,80.3426284790039,2676.72802734375,0.00833333283662796,0.014583799056708813,8.539375305175781,0.0,Aug,2,2,2,13,Returning_Visitor,False,False
4.0,20.297319412231445,0.0,0.0,21.0,213.9285125732422,0.015191441401839256,0.04126325249671936,14.812373161315918,0.0,Dec,2,2,4,2,Returning_Visitor,False,False
0.0,0.0,0.0,0.0,22.0,717.1585693359375,0.0,0.013553556986153126,0.0,0.0,Nov,2,4,6,1,Returning_Visitor,True,False
7.0,148.81674194335938,0.0,0.0,69.27871704101562,2888.46533203125,0.018109777942299843,0.017477650195360184,0.08576607704162598,0.0,May,3,2,4,2,Returning_Visitor,True,True
0.0,0.0,0.0,0.0,6.0,584.3157958984375,0.0,0.0798635482788086,0.0,0.0,May,2,4,3,1,Returning_Visitor,False,False
3.0,100.7651596069336,0.0,0.0,13.0,132.15304565429688,0.011111111380159855,0.020733261480927467,0.0,0.0,May,3,1,1,1,Returning_Visitor,False,False
0.0,0.0,0.0,0.0,1.0,0.0,0.03999999910593033,0.0389508455991745,0.0,0.0,Mar,2,2,4,2,Returning_Visitor,False,False
0.0,0.0,0.0,0.0,2.0,30.69571304321289,0.0,0.07805076986551285,0.0,0.0,Jul,2,6,1,13,Returning_Visitor,False,False
3.0,104.86234283447266,0.0,0.0,44.667991638183594,561.1799926757812,0.0,0.022829454392194748,0.0,0.0,Jul,3,2,1,2,Returning_Visitor,False,False
6.0,40.729488372802734,0.0,0.0,12.722691535949707,715.71484375,0.01183348335325718,0.021274149417877197,0.0,0.0,Dec,2,2,1,2,New_Visitor,True,False
2.0,53.42935562133789,2.0,37.566410064697266,50.14973831176758,1565.735595703125,0.0,0.0,0.0,0.0,Aug,2,5,1,2,Returning_Visitor,False,False
10.0,105.42164611816406,2.0,342.188232421875,26.0,1904.3392333984375,0.013354755006730556,0.008692336268723011,5.0919189453125,0.0,Nov,2,1,9,2,Returning_Visitor,True,False
0.0,0.0,0.0,0.0,4.0,94.76221466064453,0.019902147352695465,0.10000000149011612,0.0,0.0,Dec,2,1,1,3,Returning_Visitor,False,False
0.0,0.0,0.0,0.0,25.0,895.7108154296875,0.0,0.02430698834359646,0.0,0.0,Mar,2,2,6,2,Returning_Visitor,False,True
8.0,149.52809143066406,5.0,197.85374450683594,331.45416259765625,8346.849609375,0.0093610230833292,0.019999999552965164,13.807798385620117,0.0,Nov,2,2,3,2,Returning_Visitor,True,False
9.648896217346191,18.329578399658203,0.0,0.0,16.0,2798.410400390625,0.0,0.004725038539618254,0.0,0.0,May,2,2,3,3,Returning_Visitor,False,False
0.0,0.0,0.0,0.0,102.79293823242188,535.30810546875,0.009280722588300705,0.021568309515714645,0.0,0.0,Mar,2,2,1,13,Returning_Visitor,False,False
4.0,57.893829345703125,1.0,52.890113830566406,4.0,143.1085662841797,0.0,0.02994304709136486,24.150564193725586,0.0,Jul,2,1,4,2,New_Visitor,True,False
0.0,0.0,0.0,0.0,24.0,325.87005615234375,0.0,0.021976115182042122,0.0,0.0,Dec,1,6,1,2,Returning_Visitor,False,False
5.0,515.8866577148438,3.0,108.81688690185547,510.4861755371094,3579.647216796875,0.004551601596176624,0.036431118845939636,7.484225749969482,0.0,June,3,2,9,6,Returning_Visitor,False,True
0.0,0.0,0.0,0.0,2.0,99.5879898071289,0.05476883798837662,0.10000000149011612,0.0,0.0,May,1,8,4,4,Returning_Visitor,True,False
2.0,106.51383972167969,0.0,0.0,44.18925094604492,693.8313598632812,0.0,0.017811238765716553,0.0,0.0,May,2,2,1,3,Returning_Visitor,False,False
7.0,311.19354248046875,0.0,0.0,89.88800811767578,554.9373168945312,0.0,0.008066806942224503,0.0,0.0,May,2,2,1,4,Returning_Visitor,False,False
0.0,0.0,0.0,0.0,9.0,104.70072937011719,0.07615765929222107,0.10000000149011612,0.0,0.0,May,3,2,2,3,Returning_Visitor,False,False
0.0,0.0,0.0,0.0,39.0,431.3385314941406,0.008780972100794315,0.03333333134651184,0.0,0.0,Dec,2,2,1,1,Returning_Visitor,True,False
0.0,0.0,0.0,0.0,24.0,458.2234802246094,0.02620614320039749,0.03725846856832504,0.0,0.0,May,2,4,1,3,Returning_Visitor,False,False
1.0,69.25341796875,0.0,0.0,13.0,79.8040771484375,0.010044503957033157,0.06644893437623978,0.0,0.0,May,2,2,1,6,Returning_Visitor,False,False
0.0,0.0,1.0,117.90117645263672,6.0,1079.27099609375,0.038948096334934235,0.023635253310203552,0.0,0.0,May,3,2,4,4,Returning_Visitor,False,False
1.0,791.3065185546875,0.0,0.0,15.0,731.9822998046875,0.007105178665369749,0.019999999552965164,0.0,0.0,Nov,1,2,3,1,Returning_Visitor,False,False
0.0,0.0,0.0,0.0,9.0,219.16786193847656,0.03999999910593033,0.06880959868431091,0.0,0.0,Dec,1,3,3,3,Returning_Visitor,False,False
14.267427444458008,329.528564453125,0.0,0.0,113.84845733642578,4065.7333984375,0.0032172570936381817,0.01796230860054493,0.0,0.0,Mar,2,2,3,13,Returning_Visitor,True,True
2.0,161.82461547851562,0.0,0.0,18.19403076171875,707.0938110351562,0.03418724611401558,0.03333333134651184,0.0,0.0,May,1,1,3,2,Returning_Visitor,False,False
5.180984020233154,60.8159294128418,1.0,34.04515075683594,132.03785705566406,1524.0411376953125,0.0,0.005901528522372246,0.0,0.0,Nov,2,2,1,2,Returning_Visitor,False,False
4.0,331.3061828613281,2.0,37.814144134521484,59.0,1276.668212890625,0.0,0.009523809887468815,0.0,0.0,May,2,2,1,2,Returning_Visitor,False,True
0.0,0.0,0.0,0.0,5.0,705.7416381835938,0.043507009744644165,0.04171404615044594,0.0,0.0,Feb,1,1,4,2,Returning_Visitor,False,False
2.0,26.01699447631836,0.0,0.0,6.0,129.3319854736328,0.03999999910593033,0.03793412446975708,0.0,0.0,Mar,1,1,3,2,Returning_Visitor,False,False
0.0,0.0,0.0,0.0,32.0,1681.7955322265625,0.0,0.04333232715725899,0.0,0.0,May,2,10,8,1,Returning_Visitor,False,False
5.0,58.64594650268555,0.0,0.0,8.0,153.3477020263672,0.028183726593852043,0.08231040090322495,0.0,0.20000000298023224,May,1,1,8,2,Returning_Visitor,True,False
0.0,41.70085144042969,0.0,0.0,11.0,304.8377380371094,0.0,0.006895093247294426,0.0,0.0,May,3,2,7,2,Returning_Visitor,False,False
5.0,102.86766815185547,1.0,208.67672729492188,179.81216430664062,3148.574462890625,0.004364025313407183,0.018479404971003532,0.0,0.0,Jul,3,5,1,6,Returning_Visitor,True,False
1.0,21.48145866394043,0.0,0.0,15.0,76.96133422851562,0.0,0.03386971354484558,0.0,0.0,Dec,2,2,2,1,Returning_Visitor,False,False
6.0,139.1216278076172,4.0,146.4737548828125,80.29129791259766,2833.3798828125,0.0037361010909080505,0.01470876019448042,0.0,0.0,Dec,2,2,7,2,Returning_Visitor,True,False
5.0,64.69386291503906,1.0,0.0,40.0,757.286376953125,0.0,0.003510967828333378,9.676997184753418,0.0,Sep,2,2,1,2,Returning_Visitor,False,False
3.0,171.6765899658203,0.0,0.0,56.440704345703125,1558.064697265625,0.0,0.029080191627144814,0.0,0.0,Nov,3,2,1,13,Returning_Visitor,False,False
0.0,0.0,0.0,0.0,30.0,3201.231689453125,0.06666667014360428,0.08430260419845581,0.0,0.0,Sep,2,2,1,13,Returning_Visitor,False,False
0.0,0.0,0.0,0.0,2.0,13.272652626037598,0.06666667014360428,0.0767771378159523,0.0,0.0,Nov,2,4,7,2,Returning_Visitor,False,False
3.0,131.4389190673828,2.0,107.5718002319336,13.0,398.5307922363281,0.009523809887468815,0.031626440584659576,0.0,0.0,May,1,1,3,2,Returning_Visitor,False,False
2.0,46.72653579711914,0.0,0.0,35.38603973388672,431.1997985839844,0.01382832694798708,0.015772012993693352,9.490862846374512,0.0,Dec,2,1,2,3,Returning_Visitor,False,False
5.0,16.49785804748535,0.0,0.0,4.0,955.16162109375,0.015384615398943424,0.02624404802918434,0.0,0.0,Dec,3,2,1,10,Returning_Visitor,False,False
1.0,144.22390747070312,0.0,0.0,40.0,2704.372802734375,0.0,0.01028350554406643,42.380008697509766,0.0,Nov,2,2,6,2,Returning_Visitor,False,True
0.0,0.0,0.0,0.0,4.0,124.30058288574219,0.06666667014360428,0.11982706189155579,0.0,0.4000000059604645,May,4,1,3,2,Returning_Visitor,False,False
0.0,0.0,0.0,0.0,6.0,230.57083129882812,0.0,0.039249733090400696,0.0,0.0,Mar,2,2,1,2,New_Visitor,False,False
2.0,13.350351333618164,0.0,0.0,49.99077606201172,966.0549926757812,0.034286171197891235,0.07544940710067749,0.0,0.0,May,2,2,3,2,Returning_Visitor,False,False
4.0,42.87601089477539,0.0,0.0,3.5248982906341553,0.0,0.02857142873108387,0.018333956599235535,19.440279006958008,0.0,May,1,1,1,2,New_Visitor,True,False
0.0,0.0,0.0,0.0,27.0,162.06520080566406,0.09346430748701096,0.10000000149011612,0.0,0.0,May,3,2,3,2,Returning_Visitor,False,False
1.0,76.19872283935547,0.0,0.0,4.818562984466553,725.3849487304688,0.007692308165132999,0.016339503228664398,0.0,0.0,Sep,2,2,1,2,Returning_Visitor,True,False
4.0,22.910232543945312,0.0,0.0,2.0,0.0,0.0,0.0181818176060915,0.0,0.0,Mar,2,2,4,2,New_Visitor,False,False
1.0,89.2747802734375,0.0,0.0,19.0,667.9613037109375,0.016669534146785736,0.014285714365541935,0.0,0.0,May,2,1,4,1,Returning_Visitor,False,False
0.0,0.0,0.0,0.0,9.0,106.77526092529297,0.02500000037252903,0.04776473715901375,0.0,0.0,May,3,4,1,4,Returning_Visitor,False,False
0.0,0.0,0.0,0.0,67.53820037841797,6055.34814453125,0.019998356699943542,0.011757937259972095,0.0,0.0,Sep,2,2,3,1,Returning_Visitor,False,False
7.0,89.76412200927734,0.0,0.0,26.0,940.5469360351562,0.0,0.020064014941453934,0.0,0.0,Nov,2,2,6,2,Returning_Visitor,False,True
0.0,0.0,0.0,0.0,1.0,0.0,0.0,0.20000000298023224,0.0,0.0,Dec,8,13,9,20,Other,False,False
0.0,0.0,0.0,0.0,43.0,570.7640991210938,0.02696043811738491,0.040386002510786057,0.0,0.0,May,2,2,1,1,Returning_Visitor,False,False
0.0,0.0,0.0,0.0,13.0,196.3359832763672,0.03333333134651184,0.10000000149011612,0.0,0.0,May,2,2,7,13,Returning_Visitor,False,False
8.0,47.93438720703125,3.0,186.23402404785156,37.0,2251.8876953125,0.006327912211418152,0.00919694546610117,0.0,0.0,Nov,2,2,4,2,Returning_Visitor,True,False
0.0,0.0,0.0,0.0,4.0,149.77114868164062,0.0,0.05000000074505806,0.0,0.0,May,1,2,3,2,Returning_Visitor,False,False
7.0,103.25345611572266,1.0,244.97286987304688,37.0,794.2860717773438,0.005812295712530613,0.01999248005449772,27.08853530883789,0.0,Nov,1,1,1,2,Returning_Visitor,False,False
1.0,162.8252716064453,0.0,0.0,57.78234100341797,985.8099365234375,0.0,0.03999999910593033,0.0,0.0,Nov,4,1,2,6,Returning_Visitor,False,False
3.0,229.15060424804688,2.0,108.65984344482422,7.0,305.4920349121094,0.013220739550888538,0.012500000186264515,13.941906929016113,0.0,May,2,2,4,2,New_Visitor,False,False
0.0,0.0,0.0,0.0,6.0,86.74588012695312,0.0,0.04451746493577957,0.0,0.0,Dec,2,2,1,3,Returning_Visitor,False,False
0.0,0.0,0.0,0.0,2.0,0.0,0.20000000298023224,0.20000000298023224,0.0,0.0,May,1,1,1,1,Returning_Visitor,False,False
0.0,0.0,0.0,0.0,37.0,601.0134887695312,0.01828935369849205,0.05000000074505806,0.0,0.0,Nov,3,1,3,1,Returning_Visitor,False,False
2.0,102.00508117675781,0.0,0.0,4.0,130.31655883789062,0.05000000074505806,0.030038269236683846,0.0,0.0,Mar,2,2,2,2,Returning_Visitor,True,False
0.0,0.0,0.0,0.0,7.0,139.1879119873047,0.019995760172605515,0.07942540943622589,0.0,0.0,Nov,3,2,1,13,Returning_Visitor,False,False
2.0,23.782005310058594,0.0,0.0,44.0,874.3934326171875,0.005555556155741215,0.009467881172895432,0.0,0.0,Nov,2,2,3,4,Returning_Visitor,False,False
2.0,76.40847778320312,0.0,0.0,13.0,82.57970428466797,0.010130995884537697,0.010554052889347076,0.0,0.0,Oct,2,2,2,5,Returning_Visitor,False,False
5.0,89.39453887939453,0.0,0.0,7.0,74.46605682373047,0.0,0.009523809887468815,0.0,0.0,Dec,2,4,8,2,Returning_Visitor,False,False
9.0,0.0,0.0,0.0,60.1220703125,1386.3270263671875,0.0065155671909451485,0.0275972168892622,0.0,0.0,Sep,2,2,2,2,Returning_Visitor,True,True
0.0,0.0,0.0,0.0,17.0,2021.7005615234375,0.0033450983464717865,0.03083759732544422,0.0,0.6000000238418579,May,2,2,3,6,Returning_Visitor,False,False
0.0,0.0,0.0,0.0,39.23997116088867,1218.9884033203125,0.0,0.005308004096150398,0.0,0.0,Nov,2,2,9,2,Returning_Visitor,True,True
0.0,0.0,0.0,0.0,47.453060150146484,1531.9295654296875,0.0,0.027064016088843346,0.0,0.0,Dec,3,2,1,1,Returning_Visitor,True,False
0.0,0.0,0.0,0.0,2.0,0.0,0.20000000298023224,0.20000000298023224,0.0,0.0,Mar,1,1,1,3,Returning_Visitor,False,False
2.0,136.8230438232422,0.0,0.0,9.0,312.19451904296875,0.02222222276031971,0.022264176979660988,0.0,0.0,Oct,1,8,4,4,New_Visitor,True,False
0.0,0.0,0.0,0.0,9.0,288.2708435058594,0.0,0.015390196815133095,0.0,0.0,May,2,2,1,3,New_Visitor,False,False
7.753846168518066,427.52630615234375,0.0,0.0,18.0,385.8682861328125,0.0,0.01198517344892025,0.0,0.0,Aug,2,2,1,1,Returning_Visitor,False,False
0.0,0.0,0.0,0.0,59.0,2623.02734375,0.0,0.02857142873108387,0.0,0.0,May,3,2,1,11,Returning_Visitor,False,False
0.0,0.0,0.0,0.0,21.0,65.84644317626953,0.10000000149011612,0.08414760231971741,0.0,0.0,May,2,2,1,3,Returning_Visitor,False,False
0.0,11.961616516113281,0.0,0.0,23.0,1385.9544677734375,0.0,0.02817118540406227,23.7584285736084,0.0,Nov,2,2,1,8,Returning_Visitor,False,True
0.0,0.0,0.0,0.0,12.0,367.36474609375,0.003806940047070384,0.041025131940841675,0.0,0.0,Nov,2,2,2,1,Returning_Visitor,False,False
0.0,0.0,0.0,0.0,18.0,109.33015441894531,0.03443054109811783,0.07693421840667725,0.0,0.6000000238418579,Mar,2,6,6,13,Returning_Visitor,True,False
0.0,0.0,0.0,0.0,2.0,33.509033203125,0.0,0.06666667014360428,0.0,0.0,Nov,4,1,8,3,Returning_Visitor,False,False
0.0,0.0,0.0,0.0,5.0,355.65484619140625,0.0,0.08269587904214859,0.0,0.0,Nov,3,2,9,13,Returning_Visitor,True,False
6.0,90.79154205322266,0.0,0.0,15.0,268.26055908203125,0.009523809887468815,0.040954407304525375,0.0,0.0,Mar,2,4,1,1,New_Visitor,True,False
0.0,0.0,0.0,0.0,9.0,405.44671630859375,0.0,0.007172144949436188,32.65584945678711,0.0,Nov,1,1,6,2,Returning_Visitor,True,True
3.0,244.31900024414062,0.0,0.0,35.0,1185.90283203125,0.0,0.012500000186264515,0.0,0.0,Nov,2,2,1,2,Returning_Visitor,True,True
6.0,151.82879638671875,0.0,0.0,91.7812271118164,1330.176513671875,0.005283010192215443,0.02857142873108387,0.0,0.0,Sep,3,2,3,2,Returning_Visitor,False,False
0.0,0.0,0.0,0.0,10.0,227.68356323242188,0.10000000149011612,0.15000000596046448,0.0,0.0,May,2,2,2,10,Returning_Visitor,False,False
0.0,0.0,0.0,0.0,11.0,243.2327880859375,0.0,0.06497150659561157,0.0,0.0,Nov,3,2,3,13,Returning_Visitor,False,False
8.36799144744873,257.50164794921875,1.0,337.396240234375,55.7215690612793,4582.28955078125,0.007692308165132999,0.016124244779348373,0.0,0.0,Nov,2,1,2,2,Returning_Visitor,False,True
0.0,0.0,0.0,0.0,6.0,52.552066802978516,0.05000000074505806,0.0175013467669487,0.0,0.0,Sep,2,6,1,20,Returning_Visitor,True,False
0.0,0.0,0.0,0.0,2.0,35.89165115356445,0.05093119293451309,0.02668731100857258,0.0,0.0,Mar,2,2,2,1,Returning_Visitor,False,False
5.164681911468506,56.7717399597168,0.0,0.0,34.105491638183594,1193.855712890625,0.003895951434969902,0.003926517907530069,0.0,0.0,Mar,3,5,1,2,Returning_Visitor,False,False
2.0,41.83940887451172,0.0,0.0,1.0,148.537841796875,0.0,0.008328159339725971,0.0,0.0,Jul,2,2,1,13,Returning_Visitor,False,False
2.0,159.72975158691406,0.0,0.0,8.0,295.66094970703125,0.0,0.07343168556690216,0.0,0.0,Jul,2,2,1,2,Returning_Visitor,False,False
0.0,0.0,0.0,0.0,11.0,227.5462188720703,0.0,0.10000000149011612,0.0,0.0,Mar,1,1,1,1,Returning_Visitor,False,False
3.0,20.53680419921875,0.0,0.0,10.0,73.306640625,0.0,0.004822836257517338,0.0,0.0,Mar,2,2,6,6,New_Visitor,False,False
0.0,0.0,0.0,0.0,3.0,550.2601318359375,0.021192312240600586,0.09842760115861893,0.0,0.0,May,1,1,2,3,Returning_Visitor,False,False
0.0,0.0,0.0,0.0,5.0,127.14324951171875,0.09128206968307495,0.01837277039885521,0.0,0.6000000238418579,May,1,1,1,3,Returning_Visitor,False,False
1.0,15.034662246704102,1.0,55.05059051513672,24.0,1374.9300537109375,0.0,0.037492815405130386,23.740942001342773,0.0,Dec,2,2,3,2,Returning_Visitor,True,False
0.0,0.0,0.0,0.0,21.0,3906.14794921875,0.0,0.03456249460577965,0.0,0.0,Nov,2,2,1,13,Returning_Visitor,False,False
3.0,18.005537033081055,0.0,0.0,14.0,270.83056640625,0.0,0.010669160634279251,0.0,0.0,May,1,2,1,3,New_Visitor,False,False
6.0,20.305349349975586,0.0,0.0,24.0,611.7605590820312,0.0,0.0028804310131818056,0.0,0.0,Oct,2,2,3,2,Returning_Visitor,False,False
3.0,9.382728576660156,0.0,0.0,22.157535552978516,1409.8909912109375,0.0,0.02222222276031971,0.0,0.0,May,4,2,1,3,Returning_Visitor,False,False
7.0,185.52488708496094,2.0,74.40544891357422,55.24392318725586,1993.4388427734375,0.0,0.02465977519750595,10.80888557434082,0.0,May,3,2,2,4,Returning_Visitor,True,False
0.0,0.0,0.0,0.0,12.0,3279.888916015625,0.0,0.019999999552965164,20.971179962158203,0.0,Nov,3,2,9,2,New_Visitor,False,False
0.0,0.0,0.0,0.0,26.0,312.085693359375,0.007780184503644705,0.01125732995569706,0.0,0.0,Nov,2,2,6,2,Returning_Visitor,False,False
0.0,0.0,0.0,0.0,8.0,344.56787109375,0.06414516270160675,0.13333334028720856,0.0,0.0,Mar,1,1,1,3,Returning_Visitor,False,False
4.0,31.865320205688477,0.0,0.0,22.0,3267.6513671875,0.00833333283662796,0.02222222276031971,0.0,0.0,Nov,2,2,3,4,Returning_Visitor,False,False
0.0,0.0,0.0,0.0,7.0,158.17225646972656,0.0,0.05058329552412033,0.0,0.0,May,1,2,4,8,New_Visitor,True,False
5.0,290.5987854003906,0.0,0.0,25.0,1661.074462890625,0.004290033131837845,0.010283157229423523,24.840463638305664,0.0,May,4,5,1,3,New_Visitor,True,True
0.0,0.0,0.0,0.0,10.0,166.9241180419922,0.012478153221309185,0.01666666753590107,0.0,0.0,Dec,2,2,1,2,Returning_Visitor,False,False
2.0,0.0,0.0,0.0,3.0,75.21177673339844,0.06666667014360428,0.13333334028720856,0.0,0.0,May,1,1,3,3,Returning_Visitor,False,False
0.0,0.0,0.0,0.0,1.0,0.0,0.20000000298023224,0.20000000298023224,0.0,0.0,May,2,2,1,3,Returning_Visitor,True,False
0.0,0.0,0.0,0.0,4.0,144.44508361816406,0.03233766183257103,0.01987181417644024,0.0,0.6000000238418579,May,2,2,3,2,Returning_Visitor,False,False
1.0,49.36895751953125,0.0,0.0,75.95185852050781,1549.121826171875,0.00628513190895319,0.011111111380159855,16.73786163330078,0.0,Nov,3,2,3,2,Returning_Visitor,False,True
0.0,0.0,0.0,0.0,1.0,0.0,0.0,0.20000000298023224,0.0,0.0,Jul,2,5,7,3,Returning_Visitor,False,False
3.0,91.32026672363281,0.0,0.0,116.77012634277344,1754.1688232421875,0.0,0.009999999776482582,0.0,0.0,Mar,2,2,1,3,Returning_Visitor,False,False
8.0,28.186565399169922,3.0,51.9886474609375,122.7481918334961,4786.16748046875,0.0018306237179785967,0.015384615398943424,0.0,0.0,Nov,2,2,1,1,Returning_Visitor,True,False
0.0,0.0,0.0,0.0,69.31912231445312,1328.3612060546875,0.0,0.014285714365541935,120.39439392089844,0.0,Nov,2,2,9,2,Returning_Visitor,False,False
0.0,0.0,0.0,0.0,8.0,95.76240539550781,0.0,0.030824465677142143,0.0,0.0,May,3,4,3,3,Returning_Visitor,False,False
0.0,0.0,0.0,0.0,9.0,649.3307495117188,0.03435889258980751,0.01802082546055317,0.0,0.0,Mar,2,2,3,1,Returning_Visitor,False,False
2.0,43.496490478515625,0.0,0.0,22.0,478.96685791015625,0.0,0.007345644757151604,0.0,0.0,Dec,3,2,1,2,Returning_Visitor,False,True
6.0,59.573673248291016,0.0,0.0,75.19757080078125,1035.802978515625,0.008912498131394386,0.019151214510202408,0.0,0.0,May,1,2,6,2,Returning_Visitor,True,False
0.0,0.0,0.0,0.0,13.0,88.24466705322266,0.04402259737253189,0.03658071160316467,0.0,0.0,Nov,1,2,4,3,Returning_Visitor,False,False
0.0,0.0,0.0,0.0,2.0,0.0,0.20000000298023224,0.20000000298023224,0.0,0.0,Nov,3,4,1,1,Returning_Visitor,False,False
8.0,92.08216857910156,0.0,0.0,32.0,1256.181396484375,0.010470917448401451,0.023624271154403687,21.346738815307617,0.6000000238418579,Nov,2,2,1,13,Returning_Visitor,False,True
0.0,0.0,0.0,0.0,7.0,65.11283111572266,0.0,0.18330776691436768,0.0,0.0,Mar,3,2,4,3,Returning_Visitor,False,False
1.5629220008850098,65.88211059570312,0.0,0.0,48.0,1210.87109375,0.009453739039599895,0.008538106456398964,0.0,0.0,May,2,2,8,3,Returning_Visitor,False,False
1.0,12.315643310546875,1.0,0.0,27.541837692260742,717.271240234375,0.0,0.02500000037252903,0.0,0.0,Sep,1,1,7,5,Returning_Visitor,False,False
0.0,0.0,0.0,0.0,2.0,123.89280700683594,0.0,0.036669690161943436,0.0,0.0,Oct,1,2,2,4,Returning_Visitor,False,False
2.0,76.37519836425781,0.0,0.0,53.84884262084961,929.6912231445312,0.0,0.0026618042029440403,36.08018493652344,0.0,May,3,2,2,2,Returning_Visitor,True,False
0.0,0.0,0.0,0.0,2.0,0.0,0.0,0.20000000298023224,0.0,0.0,May,3,2,8,2,Returning_Visitor,False,False
0.0,0.0,0.0,0.0,5.0,217.2350311279297,0.0,0.02665533497929573,0.0,0.0,Mar,2,1,1,3,Returning_Visitor,False,False
0.0,0.0,3.0,0.0,14.0,2381.127197265625,0.02500000037252903,0.03999999910593033,0.0,0.0,Mar,2,1,1,3,Returning_Visitor,False,False
1.0,27.005075454711914,0.0,0.0,13.0,2189.10693359375,0.03350804001092911,0.051250774413347244,0.0,0.0,Jul,3,1,8,2,Returning_Visitor,True,False
0.0,0.0,0.0,0.0,1.0,0.0,0.20000000298023224,0.20000000298023224,0.0,0.0,Nov,1,1,1,1,Returning_Visitor,True,False
13.137436866760254,82.86595153808594,0.0,0.0,131.84762573242188,5336.50390625,0.0,0.02223338559269905,0.0,0.0,Dec,2,2,6,2,Returning_Visitor,False,False
6.900755405426025,71.13153076171875,5.018036842346191,139.59771728515625,64.12604522705078,3295.15234375,0.0,0.014285714365541935,11.300348281860352,0.0,Mar,3,2,2,1,Returning_Visitor,False,True
0.0,0.0,0.0,0.0,2.0,16.400421142578125,0.0,0.0400802306830883,0.0,0.0,Oct,1,2,1,2,Returning_Visitor,False,False
0.0,0.0,0.0,0.0,13.0,1443.2880859375,0.05000000074505806,0.09460669010877609,0.0,0.6000000238418579,May,2,1,4,3,Returning_Visitor,False,False
0.0,0.0,0.0,0.0,67.03424072265625,2266.48583984375,0.0,0.03901920095086098,0.0,0.0,May,3,2,3,4,Returning_Visitor,False,False
3.0,68.98497772216797,0.0,0.0,4.996837615966797,14.107552528381348,0.0,0.011988598853349686,0.0,0.0,Sep,2,2,3,2,New_Visitor,True,False
0.0,0.0,0.0,0.0,3.0,40.98121643066406,0.05000000074505806,0.026782201603055,0.0,0.0,May,2,4,3,2,Returning_Visitor,False,False
2.0,0.0,0.0,0.0,15.0,64.65530395507812,0.014634093269705772,0.019161341711878777,0.0,0.0,Nov,3,2,1,2,Returning_Visitor,False,False
0.0,0.0,0.0,0.0,4.0,91.94091033935547,0.0,0.04734315723180771,0.0,0.0,Dec,2,2,1,1,Returning_Visitor,True,False
7.0,43.73919677734375,0.0,0.0,40.32691192626953,682.7930297851562,0.00908869132399559,0.00905582308769226,0.0,0.0,Oct,2,2,8,2,New_Visitor,False,False
0.0,0.0,1.0,0.0,42.01128005981445,601.3445434570312,0.011188596487045288,0.03999999910593033,0.0,0.0,Nov,1,2,1,4,Returning_Visitor,True,False
7.0,112.9764175415039,2.0,51.80861282348633,39.0,906.3355712890625,0.004994827322661877,0.022335972636938095,0.0,0.0,Jul,2,2,3,4,New_Visitor,False,False
8.0,294.9691467285156,3.0,219.7016143798828,100.95135498046875,3412.51904296875,0.005036785267293453,0.016954537481069565,23.054079055786133,0.0,Mar,2,2,1,2,Returning_Visitor,True,False
0.0,0.0,0.0,0.0,1.0,0.0,0.20000000298023224,0.20000000298023224,0.0,0.0,Nov,2,2,1,1,Returning_Visitor,True,False
2.0,118.51425170898438,0.0,0.0,17.0,399.4310607910156,0.02856515534222126,0.06666667014360428,0.0,0.0,May,3,2,3,13,Returning_Visitor,False,False
3.0,20.670177459716797,0.0,0.0,8.0,95.9879150390625,0.0,0.01975483074784279,0.0,0.0,Dec,2,2,1,4,Returning_Visitor,False,False
0.0,0.0,0.0,0.0,1.0,39.09351348876953,0.06725193560123444,0.05000000074505806,0.0,0.0,Jul,1,2,1,11,Returning_Visitor,True,False
8.0,169.9900360107422,0.0,0.0,32.0,405.9305725097656,0.0,0.02857142873108387,0.0,0.0,Nov,1,1,3,2,Returning_Visitor,True,False
5.0,72.83876037597656,1.0,40.733619689941406,19.0,556.4354248046875,0.0,0.01020177360624075,0.0,0.0,Mar,2,2,9,2,Returning_Visitor,True,False
3.0,14.104095458984375,3.0,0.0,24.0,528.178955078125,0.0,0.010004505515098572,5.2662739753723145,0.0,Dec,2,2,3,1,Returning_Visitor,False,True
0.0,0.0,0.0,0.0,8.0,108.00709533691406,0.03595023229718208,0.05686529353260994,0.0,0.0,Oct,2,2,1,1,Returning_Visitor,False,False
8.0,280.5827941894531,1.0,0.0,19.0,477.1750793457031,0.0,0.012455886229872704,0.0,0.0,May,2,2,1,6,Returning_Visitor,True,False
0.0,0.0,0.0,0.0,1.0,0.0,0.0,0.20000000298023224,0.0,0.0,Mar,3,1,1,3,Returning_Visitor,True,False
0.0,0.0,0.0,0.0,11.0,83.28592681884766,0.0,0.03333333134651184,0.0,0.0,Jul,3,2,6,1,Returning_Visitor,False,False
0.0,0.0,0.0,0.0,12.0,330.0564880371094,0.0,0.10000000149011612,0.0,0.48760876059532166,May,1,1,3,3,Returning_Visitor,False,False
11.477070808410645,24.04570960998535,1.0,94.51113891601562,32.72200012207031,1157.8037109375,0.00504535436630249,0.03357413411140442,0.0,0.0,Dec,2,2,7,10,Returning_Visitor,False,False
0.0,0.0,0.0,0.0,4.0,195.78829956054688,0.0,0.018105579540133476,0.0,0.0,Mar,2,2,1,3,Returning_Visitor,False,False
0.0,0.0,0.0,0.0,8.0,1636.23291015625,0.012500000186264515,0.04167074337601662,0.0,0.0,Nov,2,2,3,4,Returning_Visitor,False,False
0.0,0.0,0.0,0.0,4.0,59.989749908447266,0.029640913009643555,0.06680004298686981,0.0,0.0,Dec,2,2,7,2,Returning_Visitor,False,False
0.0,0.0,0.0,0.0,2.0,0.0,0.0,0.20000000298023224,0.0,0.0,Mar,1,1,2,3,Returning_Visitor,True,False
8.0,29.947772979736328,2.0,0.0,16.0,422.3694152832031,0.0,0.025072917342185974,5.917126655578613,0.0,May,2,2,6,2,Returning_Visitor,False,False
9.0,211.23065185546875,4.085741996765137,438.3326416015625,37.717041015625,2043.2451171875,0.0,0.010402652435004711,12.587278366088867,0.0,Nov,1,1,1,9,Returning_Visitor,True,False
8.0,70.30523681640625,3.0,114.00996398925781,28.0,1024.832763671875,0.0,0.009370062500238419,0.0,0.0,May,3,2,2,2,Returning_Visitor,True,False
5.0,6.0,0.0,0.0,20.0,80.30518341064453,0.0,0.0125512620434165,0.0,0.0,Nov,3,4,4,2,New_Visitor,False,False
0.0,0.0,0.0,0.0,3.0,316.3985290527344,0.055977895855903625,0.019999999552965164,0.0,0.0,Nov,2,2,4,2,New_Visitor,False,False
0.0,0.0,0.0,0.0,4.0,204.18508911132812,0.04919776692986488,0.1094745323061943,0.0,0.0,Dec,3,2,9,13,Returning_Visitor,False,False
0.0,0.0,0.0,0.0,1.0,41.69020080566406,0.09644319117069244,0.010047590360045433,0.0,0.0,Oct,2,2,1,1,Returning_Visitor,True,False
7.0,680.7511596679688,2.0,467.60595703125,115.84403991699219,5871.93212890625,0.0,0.024053694680333138,11.30193042755127,0.0,Mar,2,2,1,1,Returning_Visitor,False,False
2.0,13.558145523071289,0.0,0.0,11.0,209.7671356201172,0.013405495323240757,0.04654731974005699,0.0,0.0,Nov,1,2,3,3,Returning_Visitor,False,False
0.0,0.0,0.0,0.0,69.6205062866211,4874.83056640625,0.015384615398943424,0.05000000074505806,0.0,0.0,May,3,5,7,13,Returning_Visitor,False,False
14.069501876831055,81.33100891113281,0.0,0.0,51.460636138916016,1515.9185791015625,0.0,0.008144648745656013,0.0,0.0,Nov,2,2,1,2,New_Visitor,False,False
0.0,0.0,0.0,0.0,34.0,866.9715576171875,0.008656942285597324,0.02699684537947178,0.0,0.0,May,1,2,4,4,Returning_Visitor,False,False
0.0,0.0,0.0,0.0,11.0,406.2746887207031,0.0,0.07342896610498428,0.0,0.0,Nov,1,1,4,2,Returning_Visitor,False,False
0.0,0.0,0.0,0.0,34.433650970458984,779.7919921875,0.0,0.02262583188712597,0.0,0.0,Mar,1,1,1,8,Returning_Visitor,True,False
2.0,48.85599899291992,0.0,0.0,19.0,2239.90185546875,0.007692308165132999,0.00952548161149025,0.0,0.0,May,1,2,1,4,New_Visitor,False,True
0.0,0.0,0.0,0.0,27.0,108.53827667236328,0.0,0.08041706681251526,0.0,0.717349648475647,May,2,2,1,10,Returning_Visitor,True,False
1.0,37.715213775634766,0.0,0.0,11.0,180.60768127441406,0.015509295277297497,0.034796204417943954,0.0,0.0,Dec,2,2,1,1,Returning_Visitor,False,False
8.0,130.9667205810547,0.0,0.0,18.263153076171875,500.4653625488281,0.0,0.028237590566277504,0.0,0.0,Mar,2,2,1,2,New_Visitor,False,False
2.0,45.93593215942383,0.0,0.0,35.0,423.46502685546875,0.00917306262999773,0.017567045986652374,16.59105682373047,0.0,Nov,1,2,2,2,Returning_Visitor,True,False
0.0,0.0,0.0,0.0,7.5782365798950195,137.50015258789062,0.03333333134651184,0.05993970111012459,0.0,0.0,Dec,1,1,1,3,Returning_Visitor,False,False
0.0,0.0,0.0,0.0,3.0,60.009124755859375,0.0,0.05707305297255516,0.0,0.0,Jul,2,2,7,3,Returning_Visitor,False,False
0.0,0.0,5.0,0.0,22.0,885.9290161132812,0.05000000074505806,0.01206015795469284,0.0,0.0,Oct,2,2,1,4,Returning_Visitor,False,False
2.0,19.118146896362305,0.0,0.0,11.0,762.6624145507812,0.007900023832917213,0.0003369633632246405,15.76672649383545,0.0,Nov,2,2,1,8,Returning_Visitor,False,True
1.0,25.78492546081543,1.0,282.39202880859375,99.39967346191406,560.9149169921875,0.014357028529047966,0.019531961530447006,0.0,0.0,Oct,2,2,1,1,Returning_Visitor,False,False
6.0,82.99071502685547,1.0,0.0,57.166900634765625,5446.59130859375,0.01666666753590107,0.01666666753590107,0.0,0.0,Oct,3,2,1,10,Returning_Visitor,False,False
1.0,103.78412628173828,0.0,17.5775146484375,85.30850219726562,5005.9404296875,0.0,0.01666666753590107,7.305881500244141,0.0,Sep,3,2,4,2,Returning_Visitor,False,True
4.0,182.19602966308594,0.0,0.0,30.31749725341797,1349.561767578125,0.0,0.02878538705408573,49.35921096801758,0.0,May,2,2,1,6,Returning_Visitor,False,True
5.0,21.209104537963867,0.0,0.0,16.0,1419.35986328125,0.010178153403103352,0.028040513396263123,0.0,0.0,May,2,4,1,2,New_Visitor,False,False
2.0,92.93232727050781,2.0,0.0,13.0,602.5322875976562,0.011869720183312893,0.01666666753590107,0.0,0.0,Mar,3,2,1,13,New_Visitor,False,False
0.0,0.0,0.0,0.0,5.0,800.474609375,0.0,0.10000000149011612,0.0,0.0,Dec,3,2,3,1,Returning_Visitor,True,False
2.0,241.54722595214844,0.0,0.0,4.0,1683.6580810546875,0.0,0.011205247603356838,0.0,0.0,May,3,2,4,13,Returning_Visitor,False,False
2.0,63.61607360839844,0.0,0.0,18.376136779785156,202.16799926757812,0.013368048705160618,0.004757608287036419,0.0,0.0,Jul,1,2,3,3,Returning_Visitor,False,False
0.0,0.0,0.0,0.0,1.0,0.0,0.20000000298023224,0.20000000298023224,0.0,0.6000000238418579,Mar,3,3,1,6,Returning_Visitor,False,False
4.0,79.65489196777344,0.0,0.0,38.0,615.8977661132812,0.0,0.019999999552965164,12.543798446655273,0.0,Nov,2,4,4,1,New_Visitor,False,False
0.0,0.0,0.0,0.0,12.0,501.7454833984375,0.03038068115711212,0.01900813914835453,0.0,0.0,May,2,2,3,4,New_Visitor,False,False
0.0,0.0,0.0,0.0,42.01268768310547,1802.1925048828125,0.0,0.004539863672107458,49.403114318847656,0.0,Mar,2,2,2,2,Returning_Visitor,False,True
0.0,0.0,0.0,0.0,11.0,257.9814453125,0.006363017950206995,0.04294286668300629,0.0,0.0,Mar,3,2,1,1,Returning_Visitor,False,False
0.0,0.0,0.0,0.0,9.0,3673.990966796875,0.0,0.02500000037252903,0.0,0.0,Nov,1,2,2,2,Returning_Visitor,False,False
7.0,109.08611297607422,3.0,217.8543701171875,40.0,1170.949951171875,0.0030756499618291855,0.025061562657356262,0.0,0.0,May,2,2,9,6,Returning_Visitor,False,False
4.0,86.19261169433594,0.0,0.0,14.0,937.618408203125,0.0,0.009404575452208519,23.540571212768555,0.0,Dec,2,2,4,5,New_Visitor,False,False
0.0,0.0,0.0,0.0,5.0,142.5872039794922,0.20000000298023224,0.13333334028720856,0.0,0.0,May,2,2,6,6,Returning_Visitor,True,False
2.3945388793945312,79.46665954589844,0.0,0.0,6.0,360.916259765625,0.0,0.008921503089368343,0.0,0.0,Dec,3,2,7,2,New_Visitor,False,False
3.0,74.5888900756836,0.0,0.0,10.0,599.2513427734375,0.011658339761197567,0.054485779255628586,34.385135650634766,0.0,Jul,2,5,3,1,Returning_Visitor,True,False
0.0,0.0,0.0,0.0,17.0,333.2098388671875,0.0,0.03958483040332794,0.0,0.0,Dec,1,1,1,3,Returning_Visitor,False,False
0.0,0.0,1.0,0.0,8.775339126586914,43.29099655151367,0.05256081372499466,0.10000000149011612,0.0,0.0,Nov,1,1,1,1,Returning_Visitor,False,False
10.0,169.67575073242188,0.0,0.0,75.52741241455078,1588.4656982421875,0.0,0.01103186421096325,8.505776405334473,0.0,May,1,2,4,2,Returning_Visitor,False,False
0.0,0.0,0.0,0.0,1.0,0.0,0.20000000298023224,0.20000000298023224,0.0,0.0,Feb,1,1,1,1,Returning_Visitor,False,False
5.0,142.36000061035156,1.0,0.0,134.9360809326172,3520.36328125,0.010264014825224876,0.02754984423518181,18.823719024658203,0.0,May,3,2,1,6,Returning_Visitor,True,False
2.0,84.20130920410156,0.0,0.0,20.0,447.8189392089844,0.019952958449721336,0.009999999776482582,0.0,0.0,May,2,2,1,1,Returning_Visitor,True,False
2.0,24.103836059570312,0.0,0.0,20.0,937.9544067382812,0.006011363584548235,0.002368861110880971,0.0,0.0,May,2,2,4,1,New_Visitor,False,False
5.0,64.48445129394531,0.0,0.0,14.860255241394043,837.4473876953125,0.011755427345633507,0.05230136960744858,0.0,0.0,Oct,1,2,1,2,Returning_Visitor,True,False
1.0,12.526816368103027,0.0,0.0,1.0,0.0,0.0,0.07159070670604706,0.0,0.0,Nov,4,1,3,5,New_Visitor,False,False
1.0,90.77627563476562,0.0,0.0,10.0,1018.221923828125,0.006717498879879713,0.02249903604388237,0.0,0.0,Oct,2,2,1,2,Returning_Visitor,False,False
6.0,98.39476013183594,0.0,30.257055282592773,86.95230102539062,3408.3583984375,0.004793358035385609,0.012500000186264515,12.270084381103516,0.0,Oct,1,1,1,8,New_Visitor,True,False
2.0,99.99995422363281,0.0,0.0,26.0,267.998046875,0.0,0.036116823554039,0.0,0.0,May,2,4,1,2,Returning_Visitor,False,False
0.0,0.0,0.0,0.0,59.50725173950195,595.8976440429688,0.02500000037252903,0.044226039201021194,0.0,0.0,Nov,3,2,4,13,Returning_Visitor,False,False
3.0,516.5296630859375,1.0,49.92692565917969,95.35883331298828,3967.629150390625,0.007635190617293119,0.011667209677398205,0.0,0.0,Mar,2,2,3,2,Returning_Visitor,False,False
5.0,146.3814697265625,0.0,0.0,9.0,204.61227416992188,0.0,0.008293969556689262,0.0,0.0,May,2,2,1,2,New_Visitor,True,False
3.0902974605560303,214.639404296875,1.0,47.259090423583984,38.0,444.32537841796875,0.0,0.024440646171569824,0.0,0.0,Mar,2,2,9,2,New_Visitor,False,False
3.0,280.2279052734375,3.892221450805664,99.87614440917969,38.0,3895.248046875,0.02018928900361061,0.0077474103309214115,0.0,0.0,Sep,3,2,3,13,Returning_Visitor,True,False
2.0,10.637041091918945,0.0,0.0,24.0,670.4703979492188,0.0,0.054685816168785095,0.0,0.0,May,1,1,8,2,Returning_Visitor,True,False
0.0,0.0,0.0,0.0,9.0,192.987060546875,0.0,0.0023063491098582745,0.0,0.0,May,2,2,7,6,New_Visitor,True,False
5.0,5.014272689819336,0.0,0.0,25.0,485.41888427734375,0.02857142873108387,0.03333333134651184,0.0,0.0,May,1,2,1,4,Returning_Visitor,False,False
0.0,0.0,0.0,0.0,18.0,1390.6192626953125,0.02500000037252903,0.03333333134651184,0.0,0.0,Dec,1,2,4,13,Returning_Visitor,False,False
1.0,8.42767333984375,0.0,0.0,26.31641387939453,120.98861694335938,0.0,0.025662647560238838,0.0,0.0,Mar,2,2,1,3,Returning_Visitor,False,False
0.0,0.0,0.0,0.0,1.0,0.0,0.20000000298023224,0.20000000298023224,0.0,0.0,Mar,2,2,1,13,Returning_Visitor,False,False
11.451584815979004,58.98099899291992,1.0,38.71394729614258,36.16629409790039,608.525390625,0.008929835632443428,0.009530823677778244,42.581172943115234,0.0,Mar,2,2,1,2,Returning_Visitor,True,False
2.0,208.09487915039062,0.0,0.0,20.0,309.3717956542969,0.0,0.019999999552965164,0.0,0.0,Mar,2,2,3,2,Returning_Visitor,False,True
4.0,41.877174377441406,0.0,0.0,26.285001754760742,60.3710823059082,0.03666069358587265,0.0181818176060915,0.0,0.0,Nov,4,1,1,4,Returning_Visitor,False,False
0.0,0.0,6.0,78.44440460205078,118.06755828857422,1243.9664306640625,0.004478810355067253,0.01861759088933468,0.0,0.0,Dec,2,2,3,10,Returning_Visitor,False,True
0.0,0.0,0.0,0.0,15.0,221.2363739013672,0.024230696260929108,0.05000000074505806,0.0,0.0,May,1,1,2,2,Returning_Visitor,False,False
0.0,0.0,0.0,0.0,21.0,791.1582641601562,0.0102717075496912,0.010454446077346802,0.0,0.0,Jul,1,2,6,6,Returning_Visitor,False,False
3.0,43.07979202270508,0.0,0.0,7.0,68.03913879394531,0.01666666753590107,0.06666667014360428,0.0,0.20000000298023224,Nov,2,2,1,2,Returning_Visitor,False,False
0.0,0.0,0.0,0.0,44.98342514038086,1050.9298095703125,0.0,0.011100437492132187,0.0,0.0,Nov,1,1,1,3,Returning_Visitor,False,False
7.0,43.19331359863281,0.0,0.0,145.66761779785156,933.8853759765625,0.0046333372592926025,0.009861304424703121,0.0,0.0,Mar,4,1,1,1,Returning_Visitor,False,False
3.0,29.454639434814453,0.0,0.0,155.9145050048828,4607.7978515625,0.0,0.03333333134651184,0.0,0.0,Oct,3,2,2,4,Returning_Visitor,False,False
10.0,52.45317459106445,0.0,0.0,4.0,184.5806884765625,0.0,0.01675933413207531,0.0,0.0,Aug,2,2,1,13,Returning_Visitor,False,False
2.0,68.72662353515625,0.0,0.0,19.0,547.949951171875,0.05000000074505806,0.03801930695772171,0.0,0.6000000238418579,May,2,2,2,6,Returning_Visitor,False,False
1.9800465106964111,32.704586029052734,2.0,157.00192260742188,35.60352325439453,1420.3465576171875,0.0,0.009523809887468815,33.417354583740234,0.0,Nov,2,2,3,2,Returning_Visitor,False,True
0.0,0.0,0.0,0.0,1.5060240030288696,0.0,0.20000000298023224,0.20000000298023224,0.0,0.0,Nov,3,2,2,1,Returning_Visitor,False,False
2.0,33.076080322265625,0.0,0.0,39.0,390.52099609375,0.03743710368871689,0.05994350463151932,0.0,0.0,Mar,2,2,1,13,Returning_Visitor,False,False
2.0,260.9193115234375,0.0,0.0,44.65449905395508,365.2105712890625,0.0,0.01666666753590107,0.0,0.0,May,4,1,3,1,New_Visitor,False,False
0.0,0.0,0.0,0.0,4.9888997077941895,61.70689392089844,0.07783115655183792,0.10844367742538452,0.0,0.4000000059604645,Feb,3,4,1,13,Returning_Visitor,False,False
0.0,0.0,0.0,0.0,16.0,132.2594451904297,0.0,0.03734506294131279,0.0,0.0,May,2,2,1,2,New_Visitor,False,False
0.0,0.0,0.0,0.0,4.0,240.97970581054688,0.03333333134651184,0.007690713740885258,0.0,0.0,May,2,2,1,2,Returning_Visitor,True,False
3.0,60.262359619140625,0.0,0.0,26.0,296.2225341796875,0.0,0.035555340349674225,0.0,0.0,Mar,2,2,1,2,Returning_Visitor,False,False
0.0,0.0,0.0,0.0,21.577409744262695,423.6563720703125,0.0,0.0075665987096726894,95.74837493896484,0.0,Dec,2,2,4,2,New_Visitor,False,False
0.0,0.0,0.0,0.0,51.556114196777344,1743.7164306640625,0.0,0.02222222276031971,0.0,0.0,Nov,2,2,6,2,Returning_Visitor,False,False
0.0,0.0,0.0,0.0,19.0,3200.09521484375,0.0,0.02500000037252903,0.0,0.0,Dec,4,1,1,3,Returning_Visitor,False,False
3.0,34.753456115722656,0.0,0.0,72.85517883300781,1134.314208984375,0.0004972053575329483,0.03999999910593033,10.122499465942383,0.0,May,2,2,3,3,Returning_Visitor,False,False
0.0,0.0,0.0,0.0,25.037145614624023,1853.76513671875,0.0,0.02857142873108387,0.0,0.0,Nov,4,2,9,2,Returning_Visitor,True,False
0.0,0.0,0.0,0.0,6.0,395.646240234375,0.026224790140986443,0.06273956596851349,0.0,0.0,Mar,3,2,4,3,Returning_Visitor,True,False
0.0,0.0,0.0,0.0,1.0,0.0,0.20000000298023224,0.20000000298023224,0.0,0.0,Dec,3,5,1,4,Returning_Visitor,False,False
2.0,47.046260833740234,0.0,0.0,164.74803161621094,2324.914306640625,0.0032026744447648525,0.012895914725959301,0.0,0.0,Nov,2,10,1,3,Returning_Visitor,False,True
1.0,28.90007972717285,0.0,0.0,30.0,1080.72802734375,0.0,0.017317406833171844,0.0,0.0,Mar,1,1,1,3,Returning_Visitor,False,False
0.0,0.0,0.0,0.0,124.97048950195312,1028.1600341796875,0.004511732142418623,0.010023273527622223,33.973365783691406,0.0,Sep,4,2,1,2,Returning_Visitor,False,False
4.0,631.3861083984375,0.0,0.0,31.0,622.6347045898438,0.0,0.0201520174741745,0.0,0.0,Oct,1,2,1,8,Returning_Visitor,False,False
2.0,168.15745544433594,0.0,0.0,27.0,275.1353759765625,0.01389437634497881,0.019999999552965164,0.0,0.0,May,1,1,1,3,Returning_Visitor,False,False
5.0,67.47123718261719,0.0,0.0,24.0,299.894775390625,0.0,0.007797643542289734,0.0,0.0,May,2,2,4,6,New_Visitor,False,False
0.0,0.0,0.0,0.0,4.0,109.75519561767578,0.04445096105337143,0.10000000149011612,0.0,0.0,May,3,6,7,1,Returning_Visitor,False,False
0.0,0.0,0.0,0.0,1.0,0.0,0.20000000298023224,0.20000000298023224,0.0,0.0,Dec,8,13,9,20,Other,True,False
0.0,0.0,0.0,0.0,21.0,237.33705139160156,0.0,0.03548702597618103,0.0,0.0,May,3,2,4,6,Returning_Visitor,False,False
0.0,0.0,0.0,0.0,42.0,1550.91552734375,0.0,0.018449757248163223,0.0,0.0,Dec,2,2,1,6,New_Visitor,False,True
7.0,10.904195785522461,0.0,0.0,16.0,2305.39990234375,0.02500000037252903,0.05070674419403076,10.401667594909668,0.0,May,2,2,4,1,Returning_Visitor,False,False
2.0,28.90005111694336,0.0,0.0,16.0,241.36976623535156,0.0,0.031215591356158257,0.0,0.0,Jul,1,2,3,4,Returning_Visitor,True,False
0.0,0.0,0.0,0.0,6.0,183.28602600097656,0.0,0.08936147391796112,0.0,0.0,Mar,2,4,1,13,Returning_Visitor,False,False
0.0,0.0,0.0,0.0,1.0,0.0,0.0,0.20000000298023224,0.0,0.0,Nov,3,2,7,3,Returning_Visitor,False,False
4.740860939025879,73.69239807128906,0.0,36.31593704223633,104.94203186035156,4165.919921875,0.0,0.009999999776482582,0.0,0.0,Mar,2,4,3,20,Returning_Visitor,False,False
3.0,168.8394012451172,3.0,0.0,28.602497100830078,2147.330810546875,0.00909090880304575,0.019381539896130562,0.0,0.0,Mar,2,2,1,2,Returning_Visitor,False,False
0.0,0.0,0.0,0.0,6.0,369.74615478515625,0.0,0.10000000149011612,0.0,0.0,Nov,1,1,1,1,Returning_Visitor,False,False
6.0,123.22693634033203,0.0,0.0,53.0,706.7279663085938,0.005754540208727121,0.03734935447573662,0.0,0.0,Nov,3,3,1,3,Returning_Visitor,True,False
5.0,69.8408203125,0.0,0.0,12.692131042480469,926.5690307617188,0.008288634940981865,0.03896889463067055,0.0,0.0,Dec,2,2,1,2,Returning_Visitor,False,True
8.0,132.53443908691406,0.0,0.0,27.221019744873047,162.9403076171875,0.0,0.0020703361369669437,0.0,0.0,May,2,4,2,2,New_Visitor,False,False
11.0,72.6727066040039,6.0,295.71148681640625,173.6426544189453,6145.43994140625,0.008716638199985027,0.009067542850971222,1.195930004119873,0.0,Nov,2,2,1,2,Returning_Visitor,False,True
0.0,0.0,0.0,0.0,17.0,231.93736267089844,0.01845088042318821,0.03828180953860283,0.0,0.0,Nov,1,1,3,3,Returning_Visitor,True,False
0.0,0.0,1.0,0.0,41.0,722.7868041992188,0.009372405707836151,0.03333333134651184,0.0,0.0,Mar,1,2,4,4,Returning_Visitor,True,False
1.0,19.033477783203125,0.0,0.0,25.0,1255.5838623046875,0.013206078670918941,0.017246095463633537,214.09666442871094,0.0,Nov,1,2,4,3,Returning_Visitor,False,False
3.0,0.0,1.0,152.2158966064453,25.0,628.6160278320312,0.011638803407549858,0.03869000822305679,0.0,0.0,Dec,2,1,6,3,Returning_Visitor,True,False
10.0,115.72138977050781,3.0,0.0,61.39356994628906,1765.5775146484375,0.01663115620613098,0.029942810535430908,0.0,0.0,May,2,2,1,1,Returning_Visitor,True,False
0.0,0.0,0.0,0.0,20.0,597.5407104492188,0.0,0.02625582553446293,0.0,0.0,Jul,3,2,9,2,Returning_Visitor,True,False
7.0,430.50177001953125,0.0,0.0,283.8889465332031,10076.859375,0.0072023640386760235,0.018651146441698074,5.79884672164917,0.0,Nov,2,4,1,2,Returning_Visitor,False,True
2.0,19.082258224487305,0.0,0.0,12.0,576.8556518554688,0.0,0.026027396321296692,0.0,0.0,May,2,2,1,3,Returning_Visitor,False,False
0.0,0.0,0.0,0.0,20.0,995.953369140625,0.0,0.03521362692117691,0.0,0.0,May,4,2,4,1,Returning_Visitor,False,False
6.0,373.29937744140625,0.0,0.0,14.0,498.6520690917969,0.0,0.0,0.0,0.0,Dec,2,2,5,2,New_Visitor,False,True
0.0,0.0,0.0,0.0,19.0,2447.60205078125,0.00556900491937995,0.02500000037252903,0.0,0.0,Nov,2,2,3,1,Returning_Visitor,False,False
2.0,72.44401550292969,0.0,0.0,11.0,1279.45751953125,0.06666667014360428,0.03999999910593033,0.0,0.0,Dec,2,2,3,1,Returning_Visitor,False,False
0.0,0.0,0.0,0.0,4.0,346.40179443359375,0.0,0.10000000149011612,0.0,0.0,Nov,3,2,6,3,Returning_Visitor,False,False
3.0,26.329795837402344,0.0,0.0,30.0,349.8913879394531,0.0,0.019094815477728844,0.0,0.0,Dec,4,1,1,3,Returning_Visitor,True,True
0.0,0.0,0.0,0.0,1.0,0.0,0.20000000298023224,0.20000000298023224,0.0,0.6000000238418579,Dec,2,2,1,3,Returning_Visitor,False,False
2.0,93.11900329589844,1.0,0.0,9.0,157.7080535888672,0.0,0.019371019676327705,0.0,0.0,May,1,1,8,2,Returning_Visitor,False,False
0.0,0.0,3.0,75.28290557861328,41.0,364.62725830078125,0.007692308165132999,0.03333333134651184,0.0,0.0,Dec,3,2,7,1,Returning_Visitor,False,False
2.0,511.0555419921875,2.0,0.0,87.33023071289062,1900.2796630859375,0.0,0.02436620369553566,0.0,0.0,Nov,2,2,9,1,Returning_Visitor,True,False
1.0,12.77675724029541,0.0,0.0,10.0,135.64776611328125,0.03999999910593033,0.019052382558584213,0.0,0.6000000238418579,May,2,2,1,4,Returning_Visitor,True,False
1.0,47.443702697753906,0.0,0.0,6.0,23.384977340698242,0.02618403173983097,0.010295859538018703,0.0,0.0,Nov,2,2,2,2,Returning_Visitor,False,False
2.0,31.28110694885254,0.0,0.0,15.0,112.95023345947266,0.05252963304519653,0.04973309487104416,0.0,0.0,Dec,3,2,1,13,Returning_Visitor,False,False
8.0,221.8717498779297,2.0,939.498779296875,63.81655502319336,2182.00146484375,0.007061000447720289,0.018814237788319588,11.208098411560059,0.0,May,2,2,1,4,Returning_Visitor,True,False
0.0,0.0,0.0,0.0,7.0,760.8966064453125,0.021136268973350525,0.009999999776482582,0.0,0.0,Nov,1,1,3,2,New_Visitor,False,False
23.940950393676758,135.81565856933594,1.0,29.288938522338867,32.0,1759.825439453125,0.0,0.009324668906629086,0.0,0.0,May,2,2,5,2,Returning_Visitor,False,False
5.0,318.6102600097656,0.0,0.0,20.0,297.3524169921875,0.006269463337957859,0.036573030054569244,0.0,0.0,Jul,1,1,1,3,Returning_Visitor,False,False
0.0,0.0,0.0,0.0,12.0,494.573486328125,0.0,0.034543585032224655,0.0,0.0,Mar,2,6,4,3,Returning_Visitor,False,False
6.0,105.62715148925781,0.0,0.0,35.0,2746.957275390625,0.019991107285022736,0.015205476433038712,0.0,0.0,Nov,2,2,1,3,Returning_Visitor,True,False
0.0,0.0,0.0,0.0,67.63018035888672,2441.144287109375,0.0,0.01584555394947529,0.0,0.0,Nov,2,2,6,2,Returning_Visitor,False,False
0.0,0.0,0.0,0.0,14.0,65.76972961425781,0.0,0.054515380412340164,0.0,0.0,Dec,2,2,7,2,New_Visitor,True,False
5.0,391.8238220214844,1.0,92.0130386352539,30.0,957.6743774414062,0.0,0.01005216222256422,18.153654098510742,0.0,Dec,2,2,4,2,Returning_Visitor,False,False
0.0,0.0,0.0,0.0,15.0,392.7604675292969,0.0,0.013102720491588116,0.0,0.0,May,2,2,1,2,Returning_Visitor,False,True
0.0,0.0,0.0,0.0,3.0,51.569976806640625,0.15079303085803986,0.15080450475215912,0.0,0.0,Mar,3,2,9,1,Returning_Visitor,False,False
5.0,36.35773468017578,0.0,0.0,18.0,869.3649291992188,0.0,0.019999999552965164,21.39911460876465,0.0,May,2,2,3,4,Returning_Visitor,False,True
0.0,0.0,0.0,0.0,15.0,355.5942687988281,0.023211658000946045,0.02857142873108387,0.0,0.0,Dec,2,2,3,10,Returning_Visitor,False,False
0.0,0.0,0.0,0.0,13.0,2394.764892578125,0.012496346607804298,0.04002325236797333,0.0,0.0,Dec,2,6,2,13,Returning_Visitor,False,False
0.0,0.0,0.0,0.0,10.149269104003906,311.2731018066406,0.0181818176060915,0.06666667014360428,0.0,0.0,Jul,2,2,1,1,Returning_Visitor,False,False
3.0,293.22283935546875,0.0,0.0,37.53480911254883,1601.1519775390625,0.0269665215164423,0.023282688111066818,0.0,0.0,Mar,1,1,1,2,Returning_Visitor,False,False
2.0,22.198001861572266,0.0,0.0,47.388214111328125,1524.1396484375,0.011111111380159855,0.015289850533008575,0.0,0.0,May,2,2,4,1,Returning_Visitor,False,False
2.0,204.61328125,1.0,101.98677062988281,62.0,880.54931640625,0.0,0.019511839374899864,0.0,0.0,Nov,2,2,4,2,Returning_Visitor,False,False
4.0,88.302490234375,0.0,0.0,4.0,54.5253791809082,0.0,0.011144733987748623,0.0,0.0,May,4,1,1,5,Returning_Visitor,True,False
10.0,161.7428436279297,0.0,0.0,23.0,587.1926879882812,0.0,0.03734453022480011,0.0,0.0,Aug,1,1,2,4,Returning_Visitor,False,False
2.0,24.601024627685547,0.0,0.0,52.26063537597656,932.0860595703125,0.0,0.016664741560816765,0.0,0.0,May,2,2,7,3,Returning_Visitor,False,False
8.0,111.81962585449219,3.0,63.88289260864258,132.10906982421875,2655.671875,0.005400829948484898,0.020811714231967926,5.804717540740967,0.0,May,1,4,1,2,Returning_Visitor,False,False
0.0,0.0,0.0,0.0,1.0,0.0,0.20000000298023224,0.20000000298023224,0.0,0.0,Sep,1,2,2,1,Returning_Visitor,False,False
0.0,61.12000274658203,0.0,0.0,12.0,634.0232543945312,0.0,0.01215240266174078,0.0,0.0,May,3,2,4,1,Returning_Visitor,True,False
0.0,0.0,0.0,0.0,7.0,113.36647033691406,0.04683610051870346,0.06709490716457367,0.0,0.0,Mar,2,2,1,2,Returning_Visitor,False,False
0.0,0.0,0.0,0.0,12.0,233.7796630859375,0.02222222276031971,0.04653754457831383,0.0,0.0,May,2,2,7,1,Returning_Visitor,False,False
0.0,0.0,0.0,0.0,6.0,86.55154418945312,0.0,0.032640937715768814,0.0,0.0,Nov,3,2,2,2,Returning_Visitor,False,False
0.0,0.0,0.0,0.0,3.0,126.13301849365234,0.0,0.0601162351667881,0.0,0.0,May,2,2,1,1,Returning_Visitor,True,False
3.0,8.306990623474121,1.0,101.71991729736328,20.0,1944.892578125,0.013207967393100262,0.01863851584494114,13.190430641174316,0.0,Nov,3,2,1,1,Returning_Visitor,False,False
0.0,0.0,0.0,0.0,32.0,467.65289306640625,0.0,0.013960301876068115,0.0,0.0,Sep,1,2,7,6,Returning_Visitor,False,False
10.0,189.07269287109375,2.0,88.5290756225586,67.45647430419922,1227.576904296875,0.008182236924767494,0.0228667464107275,0.0,0.0,Mar,2,2,6,2,Returning_Visitor,False,False
7.0,166.707763671875,0.0,0.0,45.0,2170.37939453125,0.00833333283662796,0.010559611022472382,0.0,0.0,Nov,1,1,1,2,Returning_Visitor,False,False
2.0,61.85539245605469,0.0,0.0,9.0,203.11337280273438,0.0,0.010569940321147442,0.0,0.0,Mar,2,2,6,2,New_Visitor,False,False
8.0,222.36302185058594,1.0,281.2497253417969,213.76864624023438,3737.487060546875,0.004125251900404692,0.03385491669178009,18.975095748901367,0.0,May,3,2,1,2,Returning_Visitor,False,False
0.0,0.0,0.0,0.0,2.0,0.0,0.20000000298023224,0.20000000298023224,0.0,0.0,June,3,2,7,13,Returning_Visitor,False,False
3.0,257.2876892089844,0.0,0.0,47.01286315917969,872.611328125,0.0,0.001964526018127799,0.0,0.0,Nov,2,2,1,1,New_Visitor,True,False
6.0,126.32723236083984,3.0,94.08715057373047,48.0,2105.47509765625,0.0,0.010090179741382599,13.672160148620605,0.0,Nov,2,2,6,3,Returning_Visitor,True,False
7.0,115.18513488769531,2.0,102.92615509033203,72.75005340576172,2984.683349609375,0.012257179245352745,0.020726310089230537,6.346794605255127,0.0,Aug,2,2,3,13,Returning_Visitor,False,False
0.0,0.0,0.0,0.0,10.0,608.8606567382812,0.015551170334219933,0.01937250792980194,43.67780303955078,0.0,Mar,2,2,1,6,New_Visitor,False,True
2.0,67.85459899902344,0.0,0.0,21.0,1058.5579833984375,0.0,0.03476906940340996,44.2120246887207,0.20000000298023224,May,4,1,4,1,Returning_Visitor,False,False
4.0,10.519160270690918,0.0,0.0,23.0,1074.5797119140625,0.0030276672914624214,0.019221877679228783,25.942293167114258,0.0,Oct,2,2,2,4,Returning_Visitor,True,True
0.0,0.0,0.0,0.0,4.0,58.62605667114258,0.021294133737683296,0.022251112386584282,0.0,0.0,Jul,2,2,2,2,Returning_Visitor,True,False
7.770608425140381,56.81785583496094,3.0,0.0,62.0,533.5735473632812,0.0,0.01757998764514923,0.0,0.0,May,3,2,3,2,Returning_Visitor,False,False
0.0,0.0,0.0,0.0,1.0,0.0,0.20000000298023224,0.20000000298023224,0.0,0.0,May,2,2,3,1,Returning_Visitor,False,False
1.0,22.828006744384766,0.0,0.0,1.0,0.0,0.05231649801135063,0.059511449187994,0.0,0.0,Aug,3,2,1,6,Returning_Visitor,False,False
0.0,0.0,0.0,0.0,19.0,678.3843383789062,0.0,0.023947326466441154,0.0,0.0,May,1,2,1,3,Returning_Visitor,False,False
0.0,0.0,0.0,0.0,4.0,228.9249267578125,0.0,0.08185067772865295,0.0,0.0,Mar,1,1,1,2,Returning_Visitor,False,False
0.0,0.0,0.0,0.0,34.63656997680664,336.5928955078125,0.0181818176060915,0.027088712900877,0.0,0.6000000238418579,May,1,1,3,4,Returning_Visitor,False,False
0.0,0.0,0.0,0.0,2.0,21.64223861694336,0.0,0.09298514574766159,0.0,0.0,Mar,1,1,6,3,Returning_Visitor,False,False
5.0,67.80765533447266,0.0,0.0,45.0,990.4675903320312,0.0,0.009523809887468815,0.0,0.0,Mar,2,2,1,2,Returning_Visitor,False,True
0.0,0.0,0.0,0.0,10.0,192.10757446289062,0.0,0.015041335485875607,0.0,0.0,Dec,4,1,4,2,Returning_Visitor,False,False
2.0,82.12403869628906,0.0,0.0,30.0,741.0049438476562,0.0,0.009113065898418427,0.0,0.0,Dec,2,2,3,2,Returning_Visitor,True,False
4.0,20.71288299560547,4.0,60.3862190246582,7.1511383056640625,136.857666015625,0.02888629585504532,0.014879701659083366,0.0,0.0,May,1,2,3,1,Returning_Visitor,False,False
0.0,0.0,0.0,0.0,18.0,289.8107604980469,0.02857142873108387,0.03999999910593033,0.0,0.0,May,2,2,4,13,Returning_Visitor,False,False
4.0,79.9570083618164,1.0,59.07743453979492,27.626691818237305,897.4318237304688,0.0,0.032437197864055634,4.734118461608887,0.0,Nov,2,2,4,13,Returning_Visitor,False,False
9.0,50.72508239746094,1.0,54.32456588745117,30.616735458374023,922.9445190429688,0.004915144294500351,0.00970374420285225,15.554094314575195,0.0,May,2,2,2,2,Returning_Visitor,False,False
0.0,0.0,2.288215160369873,9.662311553955078,27.0,2328.515380859375,0.03736282140016556,0.05000000074505806,0.0,0.0,May,1,1,1,2,Returning_Visitor,True,False
6.0,110.89544677734375,0.0,0.0,23.0,485.5071716308594,0.0,0.019328312948346138,0.0,0.0,May,3,2,1,1,New_Visitor,False,False
7.0,142.65260314941406,0.0,0.0,23.0,1717.502685546875,0.0,0.008414022624492645,0.0,0.0,May,2,2,4,4,Returning_Visitor,False,False
3.0,96.52803802490234,1.0,44.46884536743164,17.0,993.53857421875,0.00882429163902998,0.022048361599445343,0.0,0.0,Dec,1,1,3,3,Returning_Visitor,True,False
1.0,19.742591857910156,0.0,0.0,52.606204986572266,494.03240966796875,0.0,0.007463149260729551,0.0,0.0,Nov,2,2,1,2,New_Visitor,False,True
2.0,104.79673767089844,0.0,0.0,5.813196182250977,54.81809616088867,0.0,0.05000000074505806,0.0,0.0,Nov,3,2,8,2,New_Visitor,True,False
0.0,0.0,0.0,0.0,1.0,0.0,0.0,0.20000000298023224,0.0,0.0,May,3,2,3,1,Returning_Visitor,False,False
0.0,0.0,0.0,0.0,11.0,55.439029693603516,0.0,0.15000000596046448,0.0,0.0,May,2,2,1,3,Returning_Visitor,False,False
8.0,355.14971923828125,1.0,565.0039672851562,55.0,4039.755859375,0.008625705726444721,0.018915463238954544,19.57321548461914,0.0,Aug,2,2,3,6,Returning_Visitor,False,False
3.0,39.50836944580078,0.0,0.0,6.0,152.97312927246094,0.0,0.03999999910593033,0.0,0.0,Mar,3,2,1,2,Returning_Visitor,False,False
0.0,0.0,0.0,0.0,24.0,758.1570434570312,0.0,0.03999999910593033,0.0,0.0,Nov,3,2,1,2,Returning_Visitor,False,False
0.0,0.0,0.0,0.0,65.39859771728516,899.0563354492188,0.0,0.02222222276031971,36.17104721069336,0.0,May,2,2,2,4,Returning_Visitor,False,False
0.0,26.967552185058594,2.0,100.94871520996094,172.2734375,2842.42529296875,0.006004653871059418,0.019999999552965164,0.0,0.0,Nov,3,2,1,2,Returning_Visitor,False,True
0.0,0.0,0.0,0.0,1.0,216.0084991455078,0.0793621763586998,0.13052722811698914,0.0,0.4000000059604645,Dec,4,8,3,3,Returning_Visitor,False,False
1.0,32.39686965942383,0.0,0.0,23.0,1037.880859375,0.0,0.005495163612067699,69.50233459472656,0.0,Nov,8,13,9,20,Other,False,True
0.0,0.0,0.0,0.0,99.56156158447266,3991.024169921875,0.006219970993697643,0.019158601760864258,0.0,0.0,Nov,2,2,1,1,Returning_Visitor,False,False
0.0,0.0,0.0,0.0,1.0,0.0,0.20000000298023224,0.20000000298023224,0.0,0.0,May,4,1,2,3,Returning_Visitor,False,False
0.0,0.0,0.0,0.0,90.22200012207031,1106.37890625,0.0,0.008900181390345097,0.0,0.0,Nov,2,2,1,2,Returning_Visitor,True,False
0.0,0.0,0.0,0.0,13.0,418.4350280761719,0.0,0.05000000074505806,0.0,0.0,Nov,1,1,1,1,Returning_Visitor,False,False
0.0,0.0,0.0,0.0,14.423750877380371,347.155029296875,0.0,0.017567429691553116,0.0,0.0,May,2,1,3,4,Returning_Visitor,True,False
7.0,205.4115447998047,2.0,296.499755859375,58.21915054321289,2754.1201171875,0.0033717683982104063,0.029923904687166214,0.0,0.0,Nov,2,2,8,13,Returning_Visitor,False,False
3.0,81.902099609375,0.0,0.0,31.0,329.15985107421875,0.0,0.004125330597162247,0.0,0.0,May,3,2,1,2,New_Visitor,False,False
5.0,168.9893798828125,2.0,162.82308959960938,117.35342407226562,3983.3994140625,0.0018659651977941394,0.010548464953899384,15.38126277923584,0.0,May,2,2,3,2,Returning_Visitor,False,True
0.0,0.0,0.0,0.0,46.0,1931.3829345703125,0.0,0.018973389640450478,0.0,0.0,May,1,5,3,2,Returning_Visitor,False,False
0.0,0.0,0.0,0.0,11.0,191.2731475830078,0.0,0.0724259540438652,0.0,0.0,Nov,2,2,2,4,Returning_Visitor,True,False
1.0,105.08319091796875,0.0,0.0,9.0,351.2955017089844,0.0,0.03333333134651184,32.76290512084961,0.0,Jul,1,1,7,2,Returning_Visitor,False,False
3.7137110233306885,145.14682006835938,0.0,0.0,41.0,896.9110107421875,0.0,0.018629910424351692,0.0,0.0,May,3,2,2,2,Returning_Visitor,False,True
2.0,46.924068450927734,0.0,0.0,36.376590728759766,2842.36767578125,0.0,0.0181818176060915,0.0,0.0,Nov,2,5,3,2,Returning_Visitor,False,True
0.0,0.0,0.0,0.0,39.0,2169.23291015625,0.014897719956934452,0.03333333134651184,0.0,0.0,May,2,4,1,3,Returning_Visitor,False,False
6.0,107.50897216796875,2.0,0.0,15.0,143.94842529296875,0.0,0.019999999552965164,0.0,0.0,Mar,1,1,6,2,Returning_Visitor,False,False
0.0,0.0,0.0,0.0,29.0,2348.00048828125,0.006259357091039419,0.009301483631134033,0.0,0.0,Nov,2,2,7,13,Returning_Visitor,False,False
0.0,0.0,0.0,0.0,4.0,141.8529510498047,0.0,0.05717641860246658,0.0,0.0,May,3,2,2,3,Returning_Visitor,False,False
0.0,0.0,0.0,0.0,1.0,0.0,0.20000000298023224,0.20000000298023224,0.0,0.0,Nov,4,1,3,1,Returning_Visitor,False,False
2.0,93.006103515625,0.0,0.0,6.0,243.23239135742188,0.0,0.013382281176745892,0.0,0.0,Jul,1,2,4,3,Returning_Visitor,False,False
7.0,33.129173278808594,1.0,53.21745681762695,60.60075378417969,2470.96484375,0.00909090880304575,0.03519600257277489,3.419677495956421,0.0,Nov,2,2,3,13,Returning_Visitor,False,False
4.0,106.63220977783203,0.0,0.0,21.0,482.1936340332031,0.013302707113325596,0.017869511619210243,14.96831226348877,0.0,May,2,2,2,3,Returning_Visitor,False,False
6.0,5.632136821746826,0.0,0.0,10.0,380.0072021484375,0.02857142873108387,0.03662870079278946,0.0,0.0,Nov,1,1,1,2,Returning_Visitor,True,False
11.03915786743164,324.064697265625,2.5887153148651123,71.84574127197266,233.47377014160156,5625.27490234375,0.002342908177524805,0.02222222276031971,0.0,0.0,May,1,1,3,2,Returning_Visitor,True,True
3.0,169.68487548828125,0.0,0.0,10.0,265.1214904785156,0.0,0.05000000074505806,0.0,0.0,June,1,1,2,1,Returning_Visitor,False,False
0.0,0.0,0.0,0.0,3.0,51.12162780761719,0.04173022508621216,0.01666666753590107,0.0,0.0,Dec,2,4,9,2,Returning_Visitor,False,False
0.0,0.0,0.0,0.0,4.918771266937256,64.35552215576172,0.0,0.04003703594207764,0.0,0.0,Mar,2,2,9,1,Returning_Visitor,True,False
0.0,0.0,0.0,0.0,2.0294644832611084,339.2604064941406,0.053779248148202896,0.0868307426571846,0.0,0.0,Mar,2,2,1,3,Returning_Visitor,True,False
9.484814643859863,25.534257888793945,5.0,51.84584426879883,59.0,4439.79248046875,0.0024050618521869183,0.03497367724776268,0.0,0.0,Nov,3,2,6,2,Returning_Visitor,False,False
0.0,0.0,0.0,0.0,30.0,271.71551513671875,0.0,0.009598931297659874,0.0,0.0,Aug,2,2,1,2,Returning_Visitor,True,False
8.0,92.52476501464844,0.0,0.0,37.0,977.25048828125,0.0050597768276929855,0.014285714365541935,7.512576580047607,0.0,May,2,2,1,2,Returning_Visitor,False,False
0.0,0.0,0.0,0.0,7.0,70.10246276855469,0.10000000149011612,0.20000000298023224,0.0,0.0,May,1,1,2,3,Returning_Visitor,False,False
10.0,788.1725463867188,1.0,84.85874938964844,61.1298828125,809.7943115234375,0.009969250299036503,0.02519368566572666,6.73427152633667,0.0,May,2,2,1,2,Returning_Visitor,False,False
0.0,0.0,0.0,0.0,48.15593338012695,3241.78173828125,0.00407998776063323,0.034436509013175964,0.0,0.0,June,2,2,3,2,Returning_Visitor,False,False
1.0,45.42041778564453,0.0,0.0,63.4140510559082,366.4944763183594,0.011150486767292023,0.019999999552965164,0.0,0.0,Mar,2,2,7,1,Returning_Visitor,False,False
2.0,73.2440414428711,0.0,0.0,4.0,20.5117130279541,0.0,0.0585780031979084,0.0,0.0,Mar,1,1,2,2,Returning_Visitor,False,False
1.0,10.507344245910645,0.0,0.0,25.0,1333.7127685546875,0.026499660685658455,0.05000000074505806,0.0,0.0,May,3,2,3,15,Returning_Visitor,False,False
4.211256504058838,197.67965698242188,0.0,0.0,10.0,141.5194091796875,0.0,0.005195597652345896,0.0,0.0,Mar,2,2,1,1,Returning_Visitor,False,False
0.0,0.0,0.0,0.0,17.0,367.6990966796875,0.0,0.04681926965713501,0.0,0.0,Nov,2,2,3,2,Returning_Visitor,False,False
2.0,19.86383056640625,0.0,0.0,38.0,754.3324584960938,0.009011141024529934,0.026961637660861015,33.911170959472656,0.0,Mar,3,4,3,13,Returning_Visitor,True,False
7.0,50.99983215332031,0.0,0.0,45.0,3049.224853515625,0.004138961434364319,0.035204268991947174,0.0,0.0,May,3,2,1,1,Returning_Visitor,False,True
3.0,24.524084091186523,0.0,0.0,21.48383331298828,812.9283447265625,0.009523809887468815,0.009999999776482582,0.0,0.0,Dec,2,2,8,2,Returning_Visitor,False,False
1.0,0.0,0.0,0.0,8.0,2344.647705078125,0.018076738342642784,0.043654218316078186,0.0,0.0,Sep,2,2,3,1,Returning_Visitor,False,False
0.0,0.0,0.0,0.0,13.0,49.526580810546875,0.16238148510456085,0.06666667014360428,0.0,0.800000011920929,May,2,2,3,13,Returning_Visitor,False,False
0.0,0.0,0.0,0.0,18.0,898.1668701171875,0.0055671632289886475,0.03432808816432953,0.0,0.0,Nov,4,1,2,2,New_Visitor,False,False
7.0,148.9320526123047,1.0,68.01699829101562,22.0,2127.036865234375,0.0,0.011870513670146465,86.96772766113281,0.0,Nov,1,1,3,2,Returning_Visitor,True,False
0.0,0.0,0.0,0.0,7.0,1399.4869384765625,0.0,0.03431851416826248,0.0,0.0,Mar,3,5,3,1,Returning_Visitor,False,False
0.0,0.0,0.0,0.0,46.55877685546875,4443.23974609375,0.02500000037252903,0.05953275039792061,0.0,0.0,Sep,2,2,1,1,Returning_Visitor,True,False
26.891693115234375,106.93067169189453,1.0,33.68584442138672,91.53453826904297,2488.33984375,0.0,0.030912837013602257,0.0,0.0,Dec,2,2,2,2,Returning_Visitor,True,True
10.0,228.68194580078125,3.0,250.25570678710938,124.21076202392578,3416.0390625,0.010526316240429878,0.00971305277198553,3.2522549629211426,0.0,Nov,1,5,4,2,Returning_Visitor,False,False
0.0,0.0,0.0,0.0,7.0,97.7852554321289,0.0,0.017257582396268845,0.0,0.0,Mar,2,10,1,2,Returning_Visitor,False,False
0.0,0.0,0.0,0.0,7.0,1450.8045654296875,0.0,0.02226557582616806,0.0,0.0,Nov,1,2,1,2,Returning_Visitor,False,False
0.0,0.0,1.0,0.0,12.0,258.1493225097656,0.0,0.034845367074012756,0.0,0.0,May,2,5,1,5,Returning_Visitor,False,False
6.0,561.5457153320312,0.0,0.0,43.445430755615234,3097.496337890625,0.0,0.0021650362759828568,17.38275146484375,0.0,Dec,2,1,1,2,New_Visitor,False,True
0.0,0.0,0.0,0.0,14.0,878.595947265625,0.0,0.08359760791063309,0.0,0.0,Dec,3,2,4,3,Returning_Visitor,False,False
2.0,30.021108627319336,0.0,0.0,18.56175994873047,315.3980407714844,0.0,0.012500000186264515,5.215272426605225,0.0,Nov,2,2,1,2,Returning_Visitor,False,False
0.0,0.0,0.0,0.0,87.65541076660156,369.85198974609375,0.0,0.034744810312986374,0.0,0.0,Mar,2,4,4,2,Returning_Visitor,True,False
0.0,0.0,0.0,0.0,85.57135009765625,1574.0653076171875,0.0,0.010943983681499958,0.0,0.0,Dec,2,2,2,2,Returning_Visitor,False,False
3.0,228.46029663085938,1.0,42.3227653503418,28.0,1384.1058349609375,0.0,0.020712167024612427,0.0,0.0,Nov,2,2,2,6,Returning_Visitor,False,False
1.0,9.047476768493652,0.0,0.0,23.0,729.7197875976562,0.007312508765608072,0.04673710837960243,0.0,0.0,Oct,3,2,1,3,Returning_Visitor,False,False
0.0,0.0,0.0,0.0,2.0,191.6244659423828,0.04964478313922882,0.041361596435308456,0.0,0.0,Dec,2,2,2,3,Returning_Visitor,True,False
0.0,0.0,0.0,0.0,5.0,532.7854614257812,0.0,0.038218919187784195,0.0,0.0,May,1,1,1,2,Returning_Visitor,False,False
5.0,174.4674835205078,0.0,0.0,34.0,1032.9903564453125,0.0,0.014947247691452503,16.746593475341797,0.0,Jul,3,5,1,10,Returning_Visitor,False,False
8.0,6.53032112121582,0.0,0.0,24.0,583.2916259765625,0.0,0.007572769653052092,17.623966217041016,0.0,May,2,2,1,2,New_Visitor,False,False
3.0,227.9252166748047,0.0,0.0,27.0,700.1434326171875,0.007948729209601879,0.025222761556506157,0.0,0.0,Oct,2,2,3,10,Returning_Visitor,False,False
3.0,34.41188430786133,0.0,0.0,2.0,24.30953025817871,0.0,0.004827058408409357,0.0,0.0,Mar,3,4,1,11,New_Visitor,False,False
10.0,77.82904815673828,0.0,0.0,109.53256225585938,4024.93603515625,0.003621566342189908,0.026727136224508286,5.838385581970215,0.0,Oct,2,2,1,1,Returning_Visitor,False,False
