LIMIT_BAL,SEX,EDUCATION,MARRIAGE,AGE,PAY_0,PAY_2,PAY_3,PAY_4,PAY_5,PAY_6,BILL_AMT1,BILL_AMT2,BILL_AMT3,BILL_AMT4,BILL_AMT5,BILL_AMT6,PAY_AMT1,PAY_AMT2,PAY_AMT3,PAY_AMT4,PAY_AMT5,PAY_AMT6,default payment next month
163573.859375,2,2,1,37.552093505859375,0,0,0,-1,-2,-2,23925.087890625,10951.21484375,8617.98828125,1574.44921875,8199.81640625,598.16796875,2586.45703125,2360.70947265625,1150.46875,1547.383056640625,1452.697265625,3091.0595703125,0
173962.421875,2,2,2,42.040184020996094,-1,-1,-1,-1,0,-1,4539.05078125,2147.08203125,3492.7734375,5667.70703125,4393.03515625,7063.689453125,972.69287109375,1617.79345703125,2603.470947265625,487.5625,449.41748046875,2100.647705078125,0
314588.8125,2,2,1,31.715679168701172,-1,0,0,0,0,0,93806.1640625,206339.234375,209989.359375,191451.25,188100.546875,170233.578125,187641.203125,22673.859375,11559.939453125,9954.224609375,9800.4619140625,12064.0390625,0
195703.0625,2,3,1,34.76652908325195,1,-2,-2,-2,-1,0,4179.42578125,1032.19921875,890.80859375,1490.24609375,7640.126953125,5360.26953125,586.49267578125,921.71826171875,699.9619140625,5023.548828125,634.0849609375,2043.303955078125,0
165024.515625,2,3,1,35.740386962890625,1,-2,-2,-2,-2,-2,3869.328125,834.390625,560.49609375,880.234375,1111.2890625,-27.5625,501.681640625,750.267578125,514.10498046875,464.72021484375,261.41796875,1873.546630859375,0
67918.96875,2,3,1,44.022239685058594,0,0,0,0,0,2,37236.078125,35203.13671875,37308.01953125,37703.24609375,40229.44921875,36253.33203125,2529.287841796875,3070.193359375,2701.001708984375,2260.599365234375,2033.01123046875,2454.680908203125,1
275499.09375,2,1,1,39.975311279296875,-2,-2,-2,-2,-2,-2,14415.375,27263.625,16097.5625,3843.09765625,1049.62109375,-44.32421875,33957.90234375,9272.921875,6529.2724609375,1780.47265625,1307.84375,11038.6416015625,0
288991.59375,2,1,2,33.71855163574219,-2,-2,-1,0,0,0,37015.390625,29500.859375,248146.015625,181989.828125,176592.3125,91886.953125,18683.421875,201690.765625,19423.28125,5206.60400390625,6509.71533203125,19662.341796875,0
145987.578125,2,2,1,37.933719635009766,-1,2,2,-1,0,-1,6098.37109375,4883.20703125,3315.3359375,6587.703125,4606.42578125,4680.84375,968.40478515625,1294.60302734375,6735.876953125,2168.71875,864.1220703125,2740.787841796875,0
171659.34375,2,2,2,31.822900772094727,0,0,0,0,0,-2,178108.5,187029.96875,85510.0,34086.52734375,7692.2421875,4023.99609375,6977.60888671875,6253.962890625,1560.42431640625,797.509765625,801.07177734375,7134.8837890625,0
127085.640625,2,2,1,38.076087951660156,0,0,0,0,0,0,16926.86328125,11988.546875,11963.21484375,13475.505859375,11928.0,13753.908203125,1957.4248046875,2762.348388671875,2160.0966796875,2373.571533203125,2713.84375,5595.2763671875,0
331853.0625,2,1,2,33.528167724609375,0,0,0,0,0,0,313826.0,269379.625,262008.03125,218479.328125,182075.78125,179119.765625,13019.689453125,8710.728515625,9286.607421875,8918.3740234375,8379.240234375,11237.9033203125,0
91787.9140625,2,2,1,40.062828063964844,0,0,0,0,0,0,45445.33203125,43552.94140625,36268.296875,35211.296875,28142.87890625,26885.76953125,2671.487548828125,3107.484619140625,1825.0498046875,1459.41650390625,1593.960205078125,2425.420654296875,0
119760.1328125,2,2,1,38.09938049316406,0,0,0,0,0,-2,67801.125,99305.234375,57793.12890625,30033.794921875,24405.546875,7264.630859375,4306.4345703125,4386.431640625,3050.195068359375,601.8857421875,815.39990234375,26214.107421875,0
213882.703125,2,2,1,37.395023345947266,0,0,0,0,0,0,65791.6328125,65243.1875,69065.9296875,70429.9375,78201.859375,75577.6171875,4604.40966796875,4146.6455078125,4062.89892578125,6666.54541015625,4996.345703125,5816.09912109375,0
171217.890625,1,2,1,37.21287155151367,0,0,0,0,0,0,48427.140625,48167.04296875,48013.37890625,49877.69140625,44624.8125,44672.6875,3176.2568359375,3390.76171875,2260.7177734375,2782.68115234375,2640.17431640625,2766.482421875,0
244489.953125,2,2,1,41.05247116088867,1,2,0,0,0,0,194812.5625,189300.125,192319.109375,198473.453125,226332.71875,186919.125,11439.998046875,10997.5224609375,10585.634765625,11072.8203125,12174.2890625,8906.04296875,0
209573.515625,2,2,1,41.579410552978516,0,0,0,0,0,0,220965.46875,177530.15625,180231.046875,129671.390625,132348.015625,129860.2109375,6963.3486328125,5578.9306640625,4705.78369140625,3857.71826171875,6110.02587890625,4660.0751953125,0
233333.40625,2,1,1,41.76544952392578,1,-2,-2,-2,-1,-1,4069.546875,828.87890625,742.4609375,792.89453125,1942.30859375,5086.91015625,586.11376953125,1109.08349609375,735.47265625,1315.340087890625,2807.93212890625,3879.86767578125,0
80962.453125,2,2,2,39.742435455322266,0,0,0,2,0,0,20587.763671875,18518.14453125,21069.10546875,19490.89453125,19092.560546875,17636.67578125,1718.25390625,2464.682373046875,1867.66552734375,1269.650146484375,1473.555419921875,2357.05419921875,0
188565.5,2,1,1,37.21611404418945,-1,-1,-2,-2,-2,-2,3860.4609375,31524.28515625,3271.99609375,1211.9140625,942.30078125,506.6015625,882.89208984375,4989.20703125,749.7861328125,1180.7353515625,1056.5859375,5050.86181640625,0
196291.3125,2,2,1,42.52408218383789,1,-2,-2,-2,-2,-2,3848.7265625,793.84765625,535.62109375,847.2578125,1103.953125,-52.2890625,478.1796875,764.3955078125,502.66748046875,456.99169921875,300.64697265625,1569.284423828125,0
126295.8125,2,2,1,37.09465789794922,0,0,0,0,0,0,76227.984375,75126.96875,73212.6953125,67124.9765625,66061.109375,65374.234375,3447.614501953125,3688.0849609375,2989.370361328125,3094.27001953125,2975.7587890625,3041.391845703125,0
236136.09375,2,1,1,43.91317367553711,-2,-2,-2,-2,-2,-2,5013.9765625,412.5,-1215.24609375,506.9609375,765.58203125,-678.109375,681.6396484375,3010.47265625,1058.7998046875,654.20751953125,1076.685546875,6866.0146484375,0
225839.09375,2,1,1,43.33906173706055,-2,-2,-2,-2,-2,-2,5911.4296875,1167.13671875,652.22265625,1598.1484375,5035.421875,1625.36328125,867.7080078125,3635.9384765625,1344.758056640625,6593.8740234375,1682.177490234375,7874.744140625,0
218783.25,2,1,2,36.52351760864258,-1,-1,-1,-1,-1,-1,7553.3359375,7668.4921875,8488.06640625,7991.33984375,7166.9765625,9722.09765625,8262.974609375,6551.4111328125,7126.7255859375,6913.72607421875,7823.271484375,6479.697265625,0
322234.90625,2,1,1,33.81858444213867,0,0,0,0,0,0,322578.53125,299150.90625,295702.5,271591.65625,260580.484375,257422.21875,13273.5,10060.0673828125,12603.62890625,12343.318359375,13231.259765625,13431.5625,0
150770.671875,2,1,2,28.686065673828125,-1,2,2,-1,0,0,4546.31640625,4506.29296875,5967.0703125,14182.216796875,9606.837890625,10110.671875,1236.921875,1493.94189453125,4723.70361328125,1883.7880859375,1463.598388671875,2490.150146484375,0
121950.4609375,1,2,1,39.28206253051758,1,2,0,0,0,0,6733.7109375,6883.56640625,8346.35546875,7810.33984375,6010.046875,5030.203125,1010.8056640625,1656.6298828125,1072.5263671875,981.919921875,362.4892578125,1901.634033203125,0
244205.53125,2,2,1,37.728538513183594,0,0,0,0,0,0,179672.328125,174703.0625,173764.375,150886.40625,147389.703125,122804.8515625,8254.02734375,6996.7138671875,5497.17626953125,3734.21337890625,4519.662109375,6394.8203125,0
347074.625,2,2,1,44.89480972290039,0,0,0,0,0,0,325326.75,323518.5625,286524.09375,269677.4375,234582.421875,223973.578125,13233.23046875,14736.5361328125,9301.544921875,9360.611328125,10129.85546875,11665.669921875,0
112215.390625,2,2,2,30.52962875366211,1,-2,-2,-2,-2,-2,3977.11328125,893.55078125,550.8515625,874.41796875,1103.8671875,-3.859375,474.2685546875,751.12060546875,477.75830078125,451.32568359375,294.75244140625,1577.148193359375,0
227771.125,2,1,2,32.50065994262695,0,0,0,0,0,0,135389.671875,129157.53125,132459.015625,129583.9375,129672.828125,130303.96875,6489.45849609375,6796.71923828125,6258.61083984375,6721.900390625,9292.54296875,4845.81982421875,0
193894.515625,2,2,2,39.20175552368164,-2,-2,-2,-2,-2,-2,4055.296875,766.59765625,455.98828125,466.5390625,1098.51953125,-45.390625,629.6611328125,818.06298828125,636.04052734375,549.44775390625,367.28759765625,2204.5400390625,0
121356.03125,2,1,2,30.789051055908203,1,-2,-2,-2,-2,-2,3671.6328125,898.0859375,498.64453125,874.41796875,1102.85546875,-29.671875,585.8486328125,818.68359375,579.4814453125,532.38623046875,341.29443359375,2025.263427734375,0
58707.3046875,2,1,2,31.57729721069336,0,0,0,0,0,0,11017.46484375,7173.921875,8320.90625,6288.2109375,5886.5390625,5101.98828125,1196.58203125,2358.8916015625,1235.33984375,994.18701171875,881.599365234375,3068.63916015625,0
226454.53125,2,1,2,32.7382698059082,0,0,0,0,2,2,150515.59375,147518.640625,150094.890625,154277.734375,163033.0625,137666.78125,10143.2041015625,7319.296875,8654.9228515625,6971.1435546875,7115.7255859375,7805.09619140625,0
301072.09375,2,1,1,42.205013275146484,-1,-1,-1,-1,-1,-1,14275.5,11744.0390625,12187.91015625,9589.47265625,7768.48828125,5865.41796875,11861.533203125,8380.3232421875,8397.802734375,8126.900390625,5198.9052734375,10976.5595703125,0
220595.4375,2,1,2,32.29758834838867,-2,-2,-2,-2,-2,-2,3861.35546875,648.3046875,414.60546875,457.42578125,982.16015625,2611.21875,581.02294921875,4908.83642578125,1457.919921875,1645.68701171875,502.9013671875,3206.5478515625,0
120491.921875,2,2,2,37.71167755126953,-1,2,-1,-1,0,-1,5383.171875,2251.12109375,781.26171875,3606.453125,2288.43359375,759.97265625,367.03125,1098.87255859375,1142.65771484375,411.56689453125,474.10498046875,1751.239990234375,0
196736.0625,2,1,1,38.52565383911133,-1,-1,-1,-2,-2,-2,5158.24609375,11894.4453125,4188.77734375,2812.97265625,1710.43359375,89.23046875,4309.03125,2787.877197265625,2129.349853515625,1391.745361328125,514.95556640625,4183.2578125,0
229682.875,2,1,2,39.12937927246094,-1,-1,-1,-1,-1,-1,5573.7421875,4733.83984375,4681.8125,890.34375,4283.578125,8759.208984375,4619.4541015625,5098.802734375,1493.997802734375,3651.765625,7420.6005859375,5151.400390625,0
138116.015625,2,2,2,28.647069931030273,0,0,0,0,0,0,11761.03515625,7293.890625,7872.265625,6999.28125,3926.28515625,486.02734375,2165.728515625,2380.1591796875,1911.29150390625,2469.691162109375,1891.80419921875,2075.24365234375,0
269414.09375,2,3,1,38.69439697265625,1,-2,-2,-2,-1,-1,5776.66015625,912.421875,415.32421875,939.14453125,3294.6796875,4123.4296875,1271.41015625,1698.798828125,1124.934814453125,2109.0625,1140.001220703125,2198.486572265625,0
119708.3671875,2,2,1,40.774837493896484,2,2,2,0,0,0,107920.0625,102261.3125,98693.1171875,98099.03125,101321.8984375,96667.921875,4242.728515625,4217.623046875,3925.29736328125,4134.6025390625,3863.803466796875,5972.0927734375,1
241734.59375,2,2,1,37.40102767944336,0,0,0,0,0,0,162685.96875,163063.65625,157899.9375,153167.140625,143317.75,139297.4375,7447.5908203125,6639.5458984375,5949.77294921875,6848.1337890625,6685.47021484375,5155.451171875,0
249789.0,2,1,2,40.86825942993164,-2,-2,-2,-2,-2,-2,4572.25,465.80859375,21.69921875,503.5546875,825.203125,-452.63671875,682.927734375,1462.693359375,1010.83544921875,647.1982421875,741.454345703125,5876.45458984375,0
103543.40625,2,2,2,29.942249298095703,1,-2,-2,-2,-1,0,5254.24609375,1367.60546875,1395.3203125,3910.74609375,22623.283203125,11431.361328125,833.02587890625,1435.02734375,1579.8544921875,11940.2578125,2329.413818359375,2952.121337890625,0
251488.09375,2,1,1,32.03598403930664,-2,-2,-2,-2,-2,-2,4427.87890625,936.33203125,544.83984375,566.87890625,1106.7890625,130.0625,670.228515625,1010.9150390625,643.73486328125,608.75439453125,454.6162109375,3086.518798828125,0
73887.0546875,1,2,2,29.82817840576172,0,0,0,0,0,0,14383.09375,9286.4921875,10861.12109375,11038.43359375,11160.509765625,10824.162109375,1647.645263671875,2034.208740234375,1896.2177734375,1030.209228515625,1165.263916015625,1974.771484375,0
123196.9765625,2,2,1,39.640506744384766,0,0,0,-2,-2,-2,29719.150390625,16694.6640625,10592.3125,1690.65625,1415.45703125,435.40234375,2386.069580078125,505.982421875,533.7509765625,462.92138671875,320.61376953125,1729.281494140625,0
248796.375,2,2,1,31.55228042602539,0,0,2,0,0,2,189452.78125,202540.203125,183067.453125,195743.96875,214745.265625,163676.765625,9530.2802734375,15472.591796875,12945.1171875,11850.1171875,11399.001953125,10131.681640625,0
82918.0390625,1,2,1,40.21520233154297,0,0,0,0,0,0,55976.3125,31646.23046875,36289.08984375,16010.603515625,15449.68359375,15043.4921875,18916.376953125,1800.44189453125,1551.725830078125,1179.1748046875,1180.260986328125,2250.773681640625,0
133981.34375,2,2,1,29.429866790771484,0,0,0,0,0,0,82663.4765625,78064.609375,80292.875,63918.1875,57904.46484375,48672.95703125,5263.1982421875,4252.73486328125,3161.265869140625,2701.092041015625,2628.750244140625,3270.376953125,0
93541.59375,2,2,2,30.87675666809082,0,0,0,0,0,0,43174.01171875,41266.4609375,39943.6953125,41585.82421875,40741.3046875,40332.58984375,2595.802978515625,3154.189697265625,2280.986572265625,2477.07666015625,2463.998779296875,2519.4599609375,0
220299.671875,2,1,2,32.492942810058594,-2,-2,-2,-2,-2,-2,5225.58984375,3154.51953125,3129.6015625,2384.40234375,1988.2265625,3236.6328125,2329.93896484375,1962.06298828125,1880.3447265625,1833.083740234375,1914.4130859375,4938.94091796875,0
248210.015625,2,2,2,40.43923568725586,-2,-2,-2,-2,-2,-2,5214.96875,6103.1328125,3850.28515625,5956.47265625,2026.578125,2924.48828125,3901.737548828125,2564.153564453125,5270.23291015625,2486.297607421875,2404.953369140625,3626.23974609375,0
182954.4375,2,1,2,32.242069244384766,2,2,2,2,2,2,177536.15625,167095.875,149434.265625,151655.0,126463.140625,115365.234375,7791.5986328125,7841.4609375,4626.7802734375,4452.640625,6039.1298828125,5371.478515625,1
97366.015625,2,2,2,28.92181396484375,-1,-1,-1,-1,-1,-1,4208.59765625,5178.38671875,1526.69140625,1022.109375,1287.66796875,2671.77734375,1012.9169921875,841.47509765625,727.04052734375,625.37353515625,1608.7109375,1911.967041015625,0
179472.5,2,2,1,37.255287170410156,0,0,0,0,0,0,98082.25,92120.96875,85385.671875,77629.140625,74298.046875,66831.671875,4011.93017578125,4328.7783203125,3353.447265625,4226.9697265625,4353.27685546875,3424.3203125,0
220880.15625,2,1,2,32.967403411865234,0,0,0,0,0,0,80915.984375,73254.640625,77216.828125,78592.75,80329.546875,78582.15625,5468.23193359375,7261.9873046875,4902.18994140625,5178.2666015625,9720.380859375,9641.880859375,0
85994.6328125,2,2,1,41.72161102294922,0,0,0,0,0,0,17184.89453125,13961.10546875,15947.16796875,11182.22265625,10300.115234375,9059.771484375,1944.251220703125,2182.437744140625,1689.982177734375,1140.718505859375,1057.10400390625,3787.14990234375,0
128296.15625,2,1,2,31.008663177490234,1,0,0,0,0,2,12374.62890625,15806.30078125,14529.62109375,16217.646484375,12170.423828125,11217.072265625,2447.102294921875,2577.0703125,1662.532470703125,2104.677978515625,1276.774169921875,4243.53125,0
373084.25,2,1,1,39.37177658081055,-1,-1,-1,-1,-1,-1,18530.12109375,61533.3359375,130063.671875,75665.390625,36819.57421875,27036.4921875,28291.908203125,61753.296875,41858.26171875,21313.341796875,33438.5625,35098.48828125,0
133119.59375,2,2,2,29.54905891418457,0,0,0,0,0,0,58526.65625,59847.578125,54424.75390625,49468.0625,42807.171875,44147.7578125,3299.556396484375,3176.75390625,2342.13134765625,2537.882080078125,2215.351806640625,3020.787841796875,0
150488.796875,2,2,1,29.838420867919922,0,0,0,0,0,0,20034.02734375,17392.193359375,15008.171875,13249.462890625,12940.857421875,13534.587890625,2147.080810546875,2190.52685546875,1674.5205078125,1952.625,2202.36572265625,2985.69970703125,0
144670.3125,2,2,2,29.510257720947266,0,0,0,2,0,0,92023.203125,85759.25,88919.3046875,86107.0390625,85001.3125,84012.5703125,8277.5556640625,4963.46142578125,4596.86572265625,3618.7919921875,3734.20751953125,5288.21826171875,0
235952.40625,2,2,2,40.8630485534668,2,2,2,0,0,0,207003.34375,196096.484375,168402.90625,158617.671875,113702.828125,117269.9453125,7687.43505859375,8939.8515625,5763.08203125,4027.86865234375,5031.8583984375,6869.77734375,0
210422.5625,2,1,1,32.57914733886719,0,0,0,0,0,-1,42735.62890625,133595.1875,41702.52734375,24577.48046875,17040.06640625,5094.94921875,4539.1875,5195.451171875,4197.701171875,973.49853515625,1398.882568359375,10259.125,0
140504.90625,2,2,1,35.12736892700195,2,2,2,2,2,2,123691.890625,118446.0625,119071.59375,124930.234375,113867.140625,123533.671875,5621.044921875,7230.22509765625,4598.72021484375,4185.0947265625,4434.5732421875,5494.94140625,1
62442.828125,2,2,2,30.653156280517578,1,2,0,0,0,0,19121.103515625,21126.908203125,20528.400390625,17126.568359375,19780.240234375,14821.134765625,1557.126953125,2310.952880859375,1894.117919921875,1080.49365234375,1216.075927734375,2256.6220703125,0
169354.84375,2,2,1,35.04039001464844,1,-1,2,2,-1,-1,5056.58984375,4357.0859375,4317.82421875,2526.59765625,12709.267578125,15073.560546875,1041.6220703125,926.1572265625,796.6259765625,7089.12109375,4695.12158203125,4322.04833984375,0
218906.25,2,1,1,44.32451248168945,-1,-1,-1,-1,-1,-1,6367.0390625,5939.67578125,13056.4453125,5824.359375,5435.79296875,19881.6171875,4489.0419921875,10535.04296875,4212.5927734375,3182.958984375,13225.15234375,7626.759765625,0
296373.5625,2,2,2,38.36283493041992,0,0,0,0,0,0,49279.5625,20070.224609375,75726.328125,56551.7109375,188022.21875,171677.96875,14762.201171875,19374.109375,17846.0859375,118957.6015625,14701.220703125,12664.140625,0
300585.15625,2,1,1,31.45027732849121,-1,-1,-1,-1,-1,-1,22518.587890625,26830.5546875,126276.859375,181079.53125,82005.75,29417.857421875,13449.58984375,178699.265625,52289.71875,17660.580078125,8678.076171875,23876.9375,0
103283.328125,2,3,1,40.1046257019043,0,0,0,0,0,0,60895.80078125,57910.1328125,55432.53125,46528.0234375,43761.77734375,41996.7890625,3343.247802734375,3176.314208984375,2224.1591796875,2450.21044921875,2465.635009765625,2555.31494140625,0
120008.546875,2,2,2,31.07534408569336,2,2,2,2,-1,-2,54160.140625,54981.78125,28185.55859375,22425.3828125,3303.43359375,7247.958984375,3223.636962890625,2951.28759765625,144.505859375,1659.990234375,2578.013427734375,2475.06103515625,0
249292.46875,2,1,2,31.086959838867188,0,0,0,0,0,0,163311.953125,165232.09375,161225.140625,165456.140625,157414.390625,165587.46875,8926.24609375,9494.37890625,7417.3232421875,12176.66015625,7673.583984375,7984.8994140625,0
178740.234375,2,2,2,41.958984375,0,0,0,2,0,0,98564.1640625,86361.2109375,86038.5546875,68188.8984375,60273.7421875,55080.9140625,7172.3447265625,4471.65185546875,3374.18408203125,5662.01904296875,4416.8369140625,5016.5703125,0
171132.25,2,1,1,31.489486694335938,-1,-1,2,2,0,2,5169.4453125,9013.91015625,4767.1953125,6109.52734375,7406.814453125,9532.115234375,4994.47265625,1810.19970703125,1298.806396484375,9770.5224609375,729.63720703125,4016.39990234375,0
76569.265625,2,2,1,41.53314971923828,0,0,0,0,0,0,13780.953125,9341.33203125,6722.8671875,5254.625,5465.58203125,7365.26953125,1558.517578125,1776.578125,850.3583984375,800.89404296875,780.755859375,2059.41796875,0
93517.3359375,2,2,1,34.74565887451172,0,0,2,0,0,0,73448.25,72701.84375,68739.578125,61060.9375,53761.0859375,46430.2109375,3965.5,3310.009521484375,2930.87255859375,2628.41162109375,2503.595458984375,2858.011474609375,0
149123.515625,1,2,1,29.119115829467773,0,0,0,0,0,0,129743.515625,121181.375,115300.28125,102234.734375,86081.7109375,89205.71875,4295.46630859375,5567.75537109375,3637.4609375,3240.109375,3195.884765625,3737.73193359375,0
83679.5859375,2,2,2,28.4837646484375,0,0,0,0,0,0,38223.12109375,34842.53515625,35608.7421875,32787.34375,35404.44921875,31895.3671875,2661.126953125,3195.99609375,2217.041015625,3318.41455078125,3338.69580078125,2434.35009765625,0
246815.84375,2,1,1,32.771793365478516,1,-2,-2,-2,-2,-2,3722.65234375,736.76953125,396.6328125,457.57421875,1088.30078125,-46.1171875,574.6103515625,802.10498046875,636.7294921875,573.802734375,311.50439453125,2649.2255859375,0
166271.15625,2,2,2,31.17622947692871,0,0,0,0,0,0,74798.1796875,73869.0234375,73891.3515625,77157.15625,74464.7109375,75274.5,4287.70947265625,4478.177734375,3281.51416015625,3377.1552734375,3215.47900390625,3268.509765625,0
40477.40625,2,2,2,28.805870056152344,0,0,0,0,0,0,38102.39453125,35414.5703125,35542.8828125,35001.34765625,35329.83984375,33862.94921875,2494.65185546875,3128.91455078125,2169.2060546875,2430.73095703125,2007.025146484375,2410.260009765625,0
262219.125,2,1,1,38.59168243408203,-1,-1,-1,-1,-2,-1,9953.3125,24300.736328125,18932.95703125,10672.333984375,3966.015625,12331.9765625,4435.53369140625,18100.560546875,5232.4111328125,4272.68505859375,14250.876953125,7434.8896484375,0
64194.4296875,2,2,2,28.756359100341797,0,0,0,0,2,0,24628.013671875,19857.7109375,20545.462890625,20346.376953125,19627.349609375,19610.236328125,2473.793701171875,2356.80126953125,1999.694091796875,1585.68408203125,1379.023681640625,2242.412109375,0
107371.7421875,2,2,2,31.937711715698242,0,0,0,0,0,0,108634.546875,101419.625,101603.171875,83947.140625,82938.265625,71864.3125,4348.76123046875,4405.96435546875,3618.90283203125,3266.26904296875,3116.28955078125,3838.224609375,0
60464.3125,2,2,2,30.7842960357666,2,2,2,2,2,2,31481.55078125,31453.876953125,33524.8828125,31254.703125,33371.8828125,29412.23828125,2147.6357421875,2906.423828125,2174.321533203125,2033.21630859375,1747.601806640625,2290.28857421875,0
310558.6875,2,1,2,41.91039276123047,-2,-2,-2,-2,-2,-2,6454.24609375,3700.49609375,4795.203125,6424.33203125,17051.962890625,11053.046875,4167.10546875,5494.14794921875,4764.74853515625,17378.169921875,5651.59375,6982.9521484375,0
122522.109375,2,2,2,35.520259857177734,0,0,0,0,0,0,38049.421875,39590.0078125,31763.73828125,28656.8828125,26025.3671875,24156.21484375,2585.721923828125,3183.972900390625,1884.262451171875,1445.176025390625,1674.446044921875,2890.482666015625,0
205829.6875,2,1,2,28.986038208007812,-1,-1,-1,-1,-1,-1,9645.25,6112.875,17736.744140625,8681.4140625,3700.203125,928.65234375,6579.55029296875,16579.50390625,6788.3408203125,4875.39794921875,4659.1376953125,4316.51513671875,0
148905.109375,2,1,2,32.7211799621582,0,0,0,0,0,0,36504.83984375,26265.099609375,32095.04296875,23752.685546875,16530.892578125,16185.11328125,9811.419921875,6081.24853515625,5272.74072265625,2916.2431640625,3197.02197265625,12693.7802734375,0
206750.25,2,2,2,39.74521255493164,0,0,0,0,0,0,27855.021484375,24016.111328125,35140.6796875,46590.8125,52102.4296875,48321.8828125,8032.3876953125,8443.10546875,5213.03076171875,5511.05712890625,4239.8095703125,6729.17822265625,1
312752.25,2,1,2,32.96500015258789,0,0,0,-1,0,0,263098.3125,148902.125,159228.046875,194689.21875,187747.546875,170848.515625,12294.279296875,6282.83642578125,180631.71875,12774.4560546875,11344.9423828125,9676.275390625,1
43330.5625,2,2,2,28.653644561767578,1,2,2,-1,-1,-1,16471.73046875,13016.375,8977.6484375,6337.10546875,13545.865234375,-250.765625,2413.705810546875,2384.3583984375,1241.22900390625,5064.9345703125,1692.6923828125,3134.138916015625,0
211231.359375,2,1,2,31.55366325378418,0,0,0,0,0,0,178516.140625,156160.3125,135071.859375,117913.953125,89344.1640625,89766.171875,6703.962890625,5950.40087890625,3465.59228515625,3618.95263671875,3612.296630859375,6495.306640625,0
190931.609375,2,1,2,36.596683502197266,0,0,0,0,0,0,109335.15625,108053.734375,107277.390625,108465.1875,108206.875,111085.828125,5142.2607421875,4709.51025390625,4720.154296875,5379.4833984375,5722.73486328125,4390.3505859375,0
102499.703125,2,2,1,36.92887878417969,1,2,2,2,2,2,22617.6875,24134.740234375,27292.14453125,28574.3671875,29728.455078125,25475.955078125,2583.121337890625,2292.320068359375,2112.513916015625,1814.39306640625,1559.2548828125,2629.752197265625,1
65819.59375,1,2,1,31.338972091674805,0,0,0,0,0,0,50274.875,47358.6484375,35828.4609375,27999.513671875,18164.287109375,17041.673828125,2487.02490234375,3017.08203125,1304.4541015625,1135.429931640625,1124.01123046875,2246.6552734375,0
225579.59375,2,2,1,42.342994689941406,-2,-2,-2,-2,-2,-2,4945.76953125,3667.671875,4749.64453125,2094.5078125,2906.63671875,4109.21875,1707.22998046875,4559.98046875,1192.166748046875,2036.96484375,2481.404052734375,3058.364990234375,0
80791.1875,2,2,2,30.602619171142578,-1,0,-1,-1,-1,-1,8997.265625,12978.5546875,2518.9453125,1384.5703125,1106.65234375,2414.78125,1021.13720703125,736.1923828125,633.22216796875,573.1376953125,379.6376953125,2484.16357421875,0
168987.203125,2,3,1,42.51728439331055,1,-2,-2,-1,-1,-1,4146.4140625,856.55859375,737.984375,936.36328125,1184.484375,1842.50390625,490.54541015625,842.1474609375,712.05859375,579.56787109375,518.67431640625,1716.796630859375,0
233569.390625,2,2,1,30.628942489624023,1,-2,-2,-1,0,0,7561.69140625,3227.80859375,8577.65625,53819.97265625,54624.25,49627.3359375,1439.03759765625,2948.7177734375,47860.04296875,5148.18017578125,5215.33740234375,5140.7294921875,0
254801.375,2,2,1,37.718971252441406,0,0,0,0,0,0,179817.296875,173306.484375,159845.1875,149889.328125,127859.515625,130954.609375,8564.9521484375,6727.095703125,5047.5048828125,4507.41650390625,5430.8193359375,6398.6171875,0
208045.5,2,2,2,38.26663589477539,-2,-2,-2,-2,-2,-2,4672.9609375,3035.8515625,1260.90234375,4497.0859375,1159.5859375,37.21484375,1052.35205078125,1107.60400390625,3610.20263671875,828.89697265625,503.41943359375,2455.793212890625,0
162261.90625,2,2,2,31.607166290283203,0,0,0,0,0,0,186549.484375,176977.75,180822.828125,181047.59375,110379.59375,131172.4375,9203.8330078125,8337.9365234375,5741.31201171875,5834.166015625,2774.0361328125,9247.33984375,0
218221.390625,2,1,1,32.128692626953125,-2,-2,-2,-2,-2,-2,3942.6953125,908.828125,790.0703125,709.09765625,2050.28125,252.46484375,671.19189453125,1022.353515625,643.380859375,1309.146240234375,433.58837890625,2756.480224609375,0
98314.8515625,2,2,1,35.06471633911133,0,0,0,0,0,0,32115.162109375,32193.28515625,30995.1953125,31201.017578125,33495.15625,29057.30078125,2324.412109375,2433.2685546875,1946.322265625,2463.028076171875,1937.536865234375,2472.906982421875,1
226038.59375,2,1,2,32.58247756958008,-2,-2,-2,-2,-2,-2,4135.79296875,691.33203125,260.87890625,437.77734375,900.89453125,625.42578125,660.265625,943.41064453125,680.0537109375,567.40478515625,413.75048828125,3190.961181640625,0
145397.59375,1,3,1,34.88154983520508,-1,-1,-1,-1,-1,-1,4260.734375,3999.8984375,1319.25390625,926.65625,1226.44921875,2413.734375,744.45751953125,772.73486328125,622.85693359375,587.87109375,1475.9873046875,1822.26318359375,0
233069.75,2,1,1,31.443544387817383,-1,-1,-1,-1,-1,0,11999.3984375,15914.515625,6740.15234375,3490.71484375,5405.55078125,5407.69921875,17416.576171875,3038.623291015625,3077.058349609375,3155.943359375,1099.6357421875,5861.97607421875,0
342315.625,2,1,1,42.422000885009766,-2,-2,-2,-2,-2,-2,13036.90625,11983.09375,9090.7890625,4188.55078125,4705.0390625,18185.6796875,11344.76171875,9435.564453125,8893.2890625,4530.31982421875,18050.0078125,15242.3984375,0
187216.125,2,2,1,40.827945709228516,1,2,0,0,0,0,82173.4375,77245.984375,84372.5859375,87989.703125,90986.828125,91459.15625,4410.28076171875,4540.20849609375,3786.041259765625,7355.9462890625,3484.819091796875,5343.63232421875,1
93367.0625,2,2,2,41.859779357910156,0,0,0,0,0,0,65742.8125,69321.6875,58626.53125,59675.328125,49547.140625,46696.5703125,3303.31396484375,3328.643798828125,2585.896240234375,2687.37841796875,2590.583984375,2869.9677734375,0
50685.453125,2,2,2,28.892980575561523,1,2,0,0,2,0,64189.26953125,65608.953125,48018.5390625,46763.0078125,29031.75390625,30136.37890625,3130.254638671875,3132.894775390625,2383.26220703125,1320.24560546875,1572.07861328125,2317.3642578125,0
246544.65625,2,1,2,32.01774597167969,-2,-2,-2,-1,0,-2,4560.8984375,2971.4296875,835.78125,3130.07421875,4227.421875,4534.05078125,1888.5224609375,954.1943359375,1274.92333984375,567.37744140625,414.21630859375,3484.064697265625,0
162789.484375,2,3,1,44.1102180480957,-1,-1,-1,-1,-1,-1,4460.546875,1478.765625,3352.515625,4361.3671875,4392.58984375,6829.60546875,701.72705078125,1224.72705078125,398.1865234375,422.56396484375,362.27099609375,1881.9189453125,0
249123.0625,2,1,1,33.04072952270508,-2,-2,-2,-2,-2,-2,4600.859375,2264.48046875,896.359375,741.30859375,1362.97265625,143.265625,1142.14208984375,1068.74609375,714.13525390625,994.82470703125,489.43359375,3880.09521484375,0
165807.734375,2,2,1,44.41048049926758,0,0,0,0,0,0,83030.1953125,78796.6796875,80043.4375,74080.015625,75854.046875,70347.7734375,4266.0458984375,4075.156005859375,4653.4130859375,5099.14697265625,5580.81005859375,2972.022216796875,0
180270.640625,2,2,1,39.718162536621094,0,0,0,0,0,0,38142.1796875,33232.78125,36418.9609375,34578.16796875,32800.52734375,30324.24609375,4203.31640625,5447.23193359375,3898.8388671875,3330.63671875,3547.177734375,8225.7001953125,0
172938.1875,2,2,1,42.6131477355957,-1,-1,-1,-1,-1,-1,4386.46484375,3992.0859375,1245.95703125,890.25390625,1191.484375,2140.9921875,844.28564453125,821.9228515625,777.28076171875,672.10009765625,531.84716796875,2388.892333984375,0
245160.03125,2,1,1,33.9321403503418,-2,-2,-2,-1,0,-1,5378.328125,2810.00390625,1460.18359375,5257.79296875,2117.5234375,-179.046875,1869.18701171875,3653.94775390625,2999.056884765625,835.134033203125,1291.51123046875,7471.90625,0
77068.265625,2,2,2,30.96949577331543,0,0,0,0,0,0,36282.23046875,37014.1875,30748.3125,23620.923828125,26333.85546875,24798.775390625,2467.427734375,2282.2783203125,1973.047119140625,1391.953857421875,1970.627685546875,2363.76611328125,0
69022.78125,1,2,1,36.81664276123047,1,2,2,0,0,0,18234.58203125,18563.86328125,18794.689453125,18220.404296875,18234.830078125,15738.830078125,1610.306640625,1845.12255859375,1620.50146484375,1150.187255859375,1331.419677734375,2128.44580078125,1
74724.421875,1,2,2,30.229393005371094,0,0,0,0,0,0,19253.40625,17191.2578125,17754.578125,16036.759765625,16543.05859375,15490.826171875,1720.380859375,2065.26513671875,1543.983642578125,1172.392578125,1187.83447265625,2110.92041015625,0
155509.8125,2,1,1,45.90581512451172,0,0,0,0,0,0,61339.18359375,49387.078125,48998.31640625,40074.2578125,30659.09765625,34343.3125,5145.61328125,6379.7783203125,3170.3642578125,3585.3994140625,2997.58740234375,9321.2802734375,0
199164.234375,2,1,1,45.07721710205078,-2,-2,-2,-2,-2,-2,4317.1953125,512.86328125,269.56640625,430.26953125,828.08203125,-288.86328125,627.134765625,1222.4560546875,847.8642578125,632.0966796875,603.3896484375,3813.6455078125,0
113417.4375,2,2,1,41.61818313598633,0,0,0,0,0,0,109884.2109375,73387.25,70081.546875,32975.7890625,32200.666015625,28502.455078125,4155.787109375,3008.2763671875,2265.283203125,2219.392333984375,2028.35888671875,3920.00244140625,0
102873.4375,2,3,1,41.419151306152344,0,0,0,0,0,0,18755.1484375,15537.2734375,18796.39453125,12718.26953125,16575.625,10005.375,1931.56201171875,2206.6572265625,2358.21875,880.6533203125,1428.686767578125,2452.97705078125,0
156653.65625,2,1,2,30.956754684448242,0,0,0,0,0,0,40477.97265625,39088.2265625,27741.3984375,24276.318359375,17654.474609375,19600.74609375,2992.623779296875,2554.33251953125,2127.247802734375,1956.354736328125,2145.612060546875,3858.2333984375,0
317112.0,2,1,1,33.8713264465332,0,0,0,0,0,0,207491.859375,187131.34375,169536.546875,287764.5625,260171.828125,232791.046875,15363.921875,23007.78125,83663.2421875,17049.009765625,14547.93359375,16476.623046875,0
44812.71875,2,2,2,41.75498580932617,2,2,2,2,2,2,44628.05078125,42664.1796875,43552.99609375,44505.390625,43647.10546875,45570.59765625,2557.612548828125,3006.98291015625,2266.0693359375,2348.5703125,2421.39306640625,2498.377197265625,1
127589.484375,2,2,1,36.55772018432617,0,0,0,0,0,0,18583.412109375,20467.330078125,20797.7421875,21947.490234375,26140.140625,26127.873046875,1963.109619140625,2314.7919921875,1965.42822265625,1628.497314453125,2436.2158203125,2317.03125,0
219857.84375,2,2,1,37.03894805908203,0,0,0,0,0,0,60746.546875,65086.0234375,62024.3984375,61542.0703125,62228.359375,57806.98828125,3940.615478515625,4016.8134765625,4320.013671875,5469.634765625,7291.95263671875,4085.579833984375,0
308004.1875,2,2,1,37.472694396972656,0,0,0,0,0,0,186840.15625,224449.53125,193495.59375,187868.578125,181552.921875,172217.890625,11490.9560546875,9628.025390625,8148.2021484375,9040.978515625,8163.939453125,10097.61328125,0
158744.453125,2,2,1,31.264144897460938,0,0,0,0,0,0,51978.63671875,55317.62890625,44988.1015625,41893.42578125,42262.484375,45493.2734375,3794.95263671875,3775.217041015625,3125.83740234375,5873.1455078125,2808.38232421875,7592.69677734375,0
98299.1953125,2,2,2,41.89827346801758,0,0,0,0,0,0,73836.09375,70412.9140625,62946.125,62221.9140625,47113.1875,46576.71484375,3477.54345703125,3480.89404296875,2382.521728515625,2581.3916015625,2646.042724609375,2733.110107421875,0
94103.890625,1,2,1,27.89710235595703,0,0,2,2,2,2,9526.6484375,7132.91015625,4717.16015625,4703.953125,5119.15234375,5570.7890625,1227.4716796875,1500.61376953125,1216.942626953125,503.99169921875,699.124267578125,1851.870361328125,0
262213.5,2,1,1,32.03886032104492,-1,-1,-1,0,0,-1,12650.66015625,10553.3203125,24076.32421875,19610.345703125,7641.8046875,3922.85546875,9097.123046875,30731.07421875,7044.76904296875,4519.38037109375,7890.46435546875,8843.318359375,0
152426.484375,2,2,2,28.890914916992188,0,0,-2,-1,-1,0,21394.56640625,14931.1484375,6152.7578125,13935.41015625,69497.359375,56344.90625,1416.634765625,2047.84375,3098.151123046875,65298.84375,5690.94091796875,6741.65625,0
305609.5625,2,2,1,32.286434173583984,0,0,0,0,0,0,213525.078125,216792.875,182675.875,150138.046875,138652.5,116409.34375,10457.5732421875,9350.91796875,6339.58203125,5960.66552734375,8605.158203125,8980.03125,0
182273.6875,2,1,1,39.19801712036133,-1,-1,-1,-1,-1,-1,4034.33984375,1084.95703125,648.55078125,574.1875,1079.578125,799.15234375,911.19287109375,1105.69970703125,842.71484375,716.88037109375,616.51806640625,2833.861572265625,0
23900.40625,2,2,2,28.711097717285156,0,0,0,2,2,2,31084.892578125,27883.724609375,29528.869140625,29072.84765625,28598.48046875,25123.37109375,2103.68798828125,2648.984619140625,1963.51904296875,1358.894775390625,1323.533203125,2399.6123046875,0
126757.484375,2,2,2,28.95471954345703,-1,-1,-1,-1,-1,-1,5681.55859375,7201.66796875,6887.2421875,7668.22265625,5552.8515625,2915.48046875,1359.42626953125,11085.5908203125,1426.975830078125,6611.458984375,1300.417236328125,3276.56103515625,0
35133.4375,2,2,2,30.541013717651367,0,0,0,0,0,0,30972.685546875,26884.375,28066.677734375,27351.4375,19164.8203125,25594.279296875,2166.46875,2350.8955078125,1934.542236328125,1508.571044921875,939.461669921875,2317.035400390625,0
78555.3046875,2,3,1,41.918636322021484,1,2,2,2,0,0,47676.875,49849.03125,52482.3984375,47856.20703125,44950.65234375,43488.4375,2373.7275390625,2903.450439453125,2257.81787109375,2501.262939453125,2435.6103515625,2525.31884765625,0
222761.296875,2,1,1,42.01964569091797,1,-2,-2,-2,-2,-2,4044.98046875,707.44921875,386.05859375,444.8046875,1050.49609375,-60.140625,574.54052734375,801.484375,678.45556640625,576.24267578125,339.173828125,2686.632568359375,0
169459.296875,2,2,1,37.48997497558594,1,2,0,0,2,0,71359.09375,72115.2734375,74921.34375,75719.8359375,72933.734375,72611.1484375,3673.218994140625,3928.79443359375,3827.144287109375,3173.1103515625,3294.834716796875,2910.70166015625,0
131405.21875,2,2,2,29.855070114135742,-1,2,2,-1,0,-1,5669.79296875,5185.4296875,4225.7578125,5376.203125,2827.515625,3824.74609375,674.82666015625,832.12890625,555.46630859375,464.15478515625,2131.0146484375,1936.63427734375,0
96293.6875,2,2,1,40.12446975708008,0,0,0,0,0,0,45410.94140625,42598.21875,41157.5546875,39912.34375,39501.15625,36848.8984375,2658.580078125,3153.485595703125,2301.18798828125,2459.87255859375,2180.930908203125,2588.30224609375,0
219510.953125,1,1,1,32.1620979309082,0,0,0,0,0,0,148890.25,143273.375,143524.734375,145888.609375,75368.3984375,125990.0703125,7152.8349609375,6485.7568359375,5790.0986328125,4447.52880859375,729.447998046875,7493.275390625,0
270465.4375,2,1,1,39.908992767333984,-1,-1,-1,-1,-1,-1,5760.05859375,3207.6796875,3319.3125,937.86328125,5004.734375,8183.728515625,4294.083984375,2340.406494140625,1493.6806640625,5020.46875,6196.10693359375,5242.5078125,0
143026.90625,1,2,1,29.771421432495117,0,0,-2,-2,-2,-2,15326.89453125,6367.54296875,1386.49609375,1165.01171875,1117.83984375,64.828125,771.18310546875,745.88623046875,506.453125,461.548828125,246.45556640625,1665.9111328125,0
76604.8125,1,3,1,34.83063888549805,0,0,0,0,-2,-2,34029.7890625,30804.12890625,17164.60546875,4822.0625,1681.47265625,722.33984375,2390.870849609375,1614.4111328125,321.1796875,446.03955078125,264.29638671875,1762.268310546875,0
222680.390625,2,1,1,33.29094314575195,-1,-1,-1,-1,-1,-1,7176.734375,3987.0078125,645.4296875,1083.39453125,946.12890625,-2178.73046875,5507.93310546875,3011.48291015625,1996.41748046875,2335.217529296875,2315.6767578125,4791.03759765625,0
6271.578125,1,2,2,34.61516571044922,0,0,0,0,0,0,14526.43359375,11789.1640625,12062.046875,12978.888671875,14378.37890625,13344.62109375,1548.853515625,2119.271484375,1473.112060546875,1486.4697265625,1061.69873046875,2080.717529296875,0
125653.90625,2,2,1,41.69084930419922,0,0,0,0,0,0,46083.109375,45935.13671875,44498.91796875,44701.19921875,44692.171875,47685.21875,2981.47265625,3218.22119140625,2497.374755859375,3129.3876953125,2981.92236328125,2767.2900390625,0
150072.375,2,2,1,37.68195343017578,2,2,2,2,2,2,30894.390625,28780.447265625,31173.19921875,30356.98828125,31655.09375,25926.55078125,5062.640625,3030.01416015625,2152.252197265625,2018.720458984375,1724.80419921875,3501.30029296875,1
52059.421875,1,2,2,29.37771987915039,0,0,2,-1,-1,0,12135.3515625,8398.80078125,5048.70703125,5614.15234375,12461.6796875,6291.59375,2086.479248046875,1881.712158203125,762.97265625,9039.3076171875,2165.740234375,2588.30029296875,0
250012.375,2,1,2,33.16881561279297,0,0,0,0,0,0,223908.40625,205041.375,186888.375,144340.1875,115320.75,99235.9765625,8623.5439453125,6627.86376953125,4379.34033203125,3591.6259765625,3731.285888671875,6841.88916015625,0
294022.625,2,2,1,38.938968658447266,-1,-2,-1,-2,-1,-1,17535.34375,25490.375,6961.37109375,4927.4921875,17914.775390625,19914.54296875,12559.494140625,4860.87939453125,4479.46044921875,16774.23046875,23014.9765625,14742.0859375,0
92445.828125,2,2,1,36.56074142456055,0,0,0,0,0,2,32015.2890625,27439.732421875,28883.24609375,28579.5703125,28743.146484375,24794.6328125,2402.761474609375,2316.107421875,1951.857421875,1857.017578125,1500.085693359375,2273.02294921875,0
183044.796875,2,2,2,28.88324737548828,0,0,0,0,0,0,74490.2578125,72202.390625,74123.125,72960.546875,76029.8515625,72838.8125,3501.6201171875,3670.6552734375,3211.6767578125,3166.81982421875,3173.923583984375,2727.819091796875,0
71534.8203125,2,2,2,28.293495178222656,0,0,0,0,0,0,12084.28515625,9769.23046875,8379.09375,6506.3046875,6941.96484375,7630.77734375,1487.8212890625,1997.865966796875,1309.159423828125,679.80126953125,836.678466796875,2037.82568359375,0
152446.28125,2,2,1,40.1235237121582,-1,2,-1,-1,-1,-1,5470.40234375,2267.28125,843.47265625,953.53125,1158.30078125,193.81640625,407.2841796875,1040.396484375,670.90771484375,584.4453125,422.47509765625,1812.78466796875,0
143272.546875,2,2,1,29.507122039794922,0,0,0,0,0,0,83296.3984375,82064.859375,74370.625,47820.4765625,42207.86328125,26064.30859375,3752.8125,3823.995849609375,3046.214599609375,1438.83544921875,1676.320068359375,3305.39208984375,0
188807.03125,2,1,2,32.314537048339844,-1,-1,-1,-1,-1,-1,4247.87109375,1164.76171875,507.53515625,501.84765625,1083.203125,91.2578125,811.56689453125,1067.90380859375,839.830078125,692.9345703125,501.640625,2749.831298828125,0
205731.25,2,2,1,35.70851516723633,1,0,0,0,-1,-1,82568.421875,74480.7734375,45298.87890625,35393.91015625,25298.77734375,22699.423828125,8343.767578125,8211.369140625,5098.755859375,11269.451171875,15951.955078125,8719.78515625,1
196166.71875,2,2,1,41.97568893432617,-1,-1,-1,0,-1,0,8121.94921875,7106.0703125,9716.12109375,9616.55078125,28789.6484375,20295.98828125,7954.1396484375,5711.19482421875,1861.201171875,12976.3828125,3680.15673828125,5423.13232421875,0
92315.6328125,1,2,1,28.849031448364258,1,2,2,2,2,2,24439.61328125,24987.859375,28451.9140625,29022.99609375,28905.16015625,24741.35546875,3388.8056640625,3143.213134765625,1933.65625,1409.640869140625,1551.84765625,2794.513671875,1
33192.203125,2,2,2,29.82861328125,0,0,0,0,0,0,26686.927734375,29452.998046875,21598.548828125,13995.833984375,11003.84765625,9788.298828125,2105.434326171875,2181.03369140625,1585.834716796875,1205.36181640625,381.90380859375,2722.77734375,0
128288.75,2,2,1,37.234291076660156,0,0,0,0,0,0,104893.109375,79270.296875,75820.4453125,51712.390625,45463.39453125,45686.95703125,4040.863525390625,3409.840576171875,2456.872314453125,2718.72607421875,2599.330810546875,3459.6748046875,0
112992.453125,2,3,1,34.77760696411133,0,0,0,0,2,0,62158.62109375,61610.8828125,61695.4453125,64932.40625,58868.546875,53802.9609375,3964.94189453125,3573.4072265625,3339.776611328125,2559.94580078125,2920.97021484375,2604.748291015625,0
91760.328125,2,2,2,28.899967193603516,-1,2,2,-1,-1,-1,5693.125,4996.7734375,2123.296875,1606.515625,5910.859375,19582.345703125,956.82568359375,1234.8173828125,1118.614990234375,2901.168701171875,12366.12890625,4072.7373046875,0
34103.421875,2,2,2,30.697237014770508,0,0,0,0,0,0,21664.96484375,18914.560546875,20689.794921875,20670.173828125,21707.55859375,19810.830078125,1775.14208984375,2260.150146484375,1761.490234375,1413.120849609375,1619.0126953125,2289.11328125,0
177625.125,2,1,2,30.19874382019043,0,0,0,0,0,0,115102.828125,82622.265625,50470.58984375,22660.666015625,6343.6953125,4019.3203125,9273.68359375,6532.181640625,1773.255859375,2008.35888671875,2202.02978515625,4380.7158203125,0
99714.9921875,2,2,2,31.015316009521484,0,0,0,0,0,0,50945.3828125,48391.8828125,51247.20703125,47649.1328125,44795.77734375,43714.29296875,2565.52001953125,3145.85693359375,2256.236083984375,2654.89794921875,2806.30859375,2509.17919921875,0
216152.921875,2,1,2,33.42521667480469,0,0,0,0,0,0,228320.390625,229981.296875,222650.78125,117608.234375,108723.171875,37788.53515625,8752.9853515625,8015.5751953125,6884.1806640625,2714.97412109375,2133.232666015625,8765.439453125,0
78395.1796875,2,2,2,29.373516082763672,0,0,0,0,0,0,94292.1796875,85208.8125,87910.90625,70984.8671875,63174.9375,46553.6796875,4083.28271484375,4452.67431640625,3416.24267578125,2715.59375,2611.388427734375,3305.28857421875,0
69731.8515625,2,2,2,41.61185836791992,0,0,0,0,0,0,35245.68359375,39881.71875,30503.025390625,33470.58984375,28739.42578125,26857.322265625,2766.9296875,3465.4072265625,1920.05810546875,1566.3134765625,1649.12255859375,2534.271728515625,0
186446.109375,2,1,2,32.0153923034668,-1,-1,-1,-1,-1,-1,4961.37890625,1336.5546875,751.26953125,568.48828125,1165.4296875,988.8046875,1485.673828125,1723.61962890625,1391.201171875,2293.39453125,1923.77490234375,2809.1669921875,0
125765.5,2,2,2,28.723127365112305,0,0,0,0,0,0,45180.9921875,47034.10546875,42609.66796875,42054.0234375,42922.12890625,40458.4765625,2543.136474609375,3113.283203125,2298.001708984375,2639.45068359375,2709.91015625,2510.764892578125,0
67588.3515625,2,2,1,37.213096618652344,0,0,0,0,0,0,38781.6796875,33551.234375,29531.30078125,18765.939453125,17894.294921875,16786.1953125,2419.739013671875,1929.579345703125,1493.051025390625,1149.022216796875,1124.97607421875,2127.400390625,0
393660.0625,1,1,1,39.725528717041016,-2,-2,-2,-2,-2,-2,19512.560546875,7693.0546875,28082.4453125,63161.8828125,32719.9140625,9341.375,10141.1630859375,46223.4453125,40163.62109375,19835.697265625,15273.958984375,16597.87890625,0
167226.71875,2,2,2,38.35523223876953,0,0,0,0,0,0,120312.6875,121446.2265625,99161.0234375,83733.5,78374.390625,77582.265625,5659.537109375,5612.22705078125,4214.60986328125,3761.9462890625,4321.2587890625,8503.25390625,0
225867.09375,2,2,1,38.91854476928711,-1,-1,-1,0,0,0,5456.87890625,6139.84375,6228.515625,9422.28125,4905.12109375,4759.05078125,5501.79296875,5667.89111328125,5694.8701171875,1589.642822265625,708.865966796875,4407.0908203125,0
83623.3984375,1,2,1,30.662769317626953,0,0,0,0,0,0,34754.96875,16003.71484375,24121.9140625,14589.365234375,14344.796875,13153.060546875,19125.8984375,1845.8447265625,1535.17236328125,1191.519775390625,1243.61328125,2397.924560546875,0
89695.390625,2,2,1,36.94924545288086,0,0,0,0,0,0,57977.3125,55713.4375,49039.20703125,36542.34765625,30399.48828125,28008.283203125,3233.9482421875,3116.605224609375,2184.63330078125,1478.013671875,1619.10498046875,2534.2509765625,0
67821.8984375,1,2,1,41.62926483154297,0,0,0,2,0,0,20604.46875,18550.16015625,20990.587890625,17129.11328125,17421.4375,16668.78515625,1889.563720703125,2430.1650390625,1663.240234375,1166.565673828125,1088.364501953125,2247.860595703125,0
307836.125,2,1,2,33.790794372558594,0,0,0,0,0,0,78171.859375,73543.203125,74355.1015625,67248.5,63947.2109375,57970.23828125,12535.314453125,10697.55078125,11337.60546875,17770.751953125,18905.103515625,21803.140625,0
336746.9375,2,1,1,41.34930419921875,-1,-1,-1,0,-1,0,18094.5390625,12633.44921875,26246.404296875,42417.4375,29535.59375,37273.09375,10997.42578125,14740.505859375,22778.05078125,27675.63671875,9965.9111328125,16653.78515625,0
230867.484375,2,1,2,31.549976348876953,0,0,0,0,0,0,179801.109375,169943.75,180663.65625,185152.8125,183957.203125,187683.71875,9191.708984375,9049.1884765625,7754.134765625,11513.611328125,5782.81787109375,11017.755859375,0
145181.140625,2,2,1,41.638694763183594,0,0,0,0,0,0,48242.55078125,47299.58984375,43704.67578125,41665.1015625,23045.111328125,35578.6875,4257.9580078125,5661.443359375,4597.45703125,5568.9794921875,3965.639404296875,2634.631103515625,0
154125.75,2,2,2,29.67236328125,2,2,2,0,0,0,106958.1796875,103576.8984375,91538.640625,84637.203125,79402.4375,77770.8984375,4054.5419921875,4323.6806640625,3451.7255859375,3414.72607421875,3244.8603515625,4111.6240234375,1
59436.2421875,2,2,2,44.536827087402344,0,0,0,0,0,0,51278.7578125,47490.30078125,35765.8828125,30845.5546875,19918.107421875,18193.99609375,2472.354736328125,3000.30419921875,1352.655029296875,1141.4580078125,1473.88720703125,2318.940185546875,0
295701.65625,2,2,1,41.29391860961914,0,0,0,0,0,0,179954.296875,167102.21875,165305.515625,163913.0,159879.40625,166566.125,9175.21484375,6639.771484375,6743.173828125,7414.17333984375,7583.8369140625,6416.078125,0
27421.046875,2,2,2,34.8658561706543,1,2,2,0,0,0,69596.6875,68579.984375,48774.578125,46153.35546875,29154.2421875,29238.1796875,3285.571044921875,3276.3046875,1766.158203125,1467.674560546875,1569.033447265625,2413.66748046875,0
253897.5625,2,1,1,30.905052185058594,-2,-2,-2,-2,-2,-2,4570.96484375,2339.2578125,4124.18359375,3394.84375,1557.6875,126.2265625,987.26123046875,4921.580078125,3211.6259765625,1172.364501953125,540.5078125,3119.279541015625,0
240772.40625,2,1,2,31.69776153564453,-2,-2,-2,-2,-2,-2,5014.265625,3217.14453125,3691.33203125,3567.5078125,2994.9140625,4909.921875,2398.05224609375,2591.486083984375,3361.40380859375,2076.3369140625,2740.4462890625,3754.29248046875,0
418365.6875,2,1,2,32.80002975463867,1,2,0,0,0,2,424482.3125,399650.0,431842.71875,382510.71875,379264.0625,328156.03125,21240.712890625,15590.0791015625,16990.26953125,12248.6357421875,17793.07421875,15666.658203125,1
166771.78125,2,1,2,31.84199333190918,-1,-1,-1,-1,-1,-1,4547.80859375,2054.9609375,1634.1953125,1408.8828125,1148.46875,248.0625,1091.73291015625,1193.59130859375,1275.39404296875,733.256103515625,535.8359375,2935.715087890625,0
78245.3125,2,2,1,41.320980072021484,0,0,0,0,0,0,46381.5390625,61725.17578125,40508.80078125,56632.00390625,40921.6328125,38200.37890625,2711.34130859375,20319.7109375,2182.720458984375,2434.27880859375,2163.0771484375,2466.00146484375,0
127112.5625,2,1,2,35.85490798950195,-2,-2,-2,-2,-2,-2,4388.546875,1684.45703125,2874.375,910.43359375,1109.65234375,4.328125,640.9521484375,1375.8359375,603.6826171875,537.8271484375,365.0693359375,2161.843017578125,0
254114.78125,2,1,2,32.49763488769531,-2,-2,-2,-1,-1,-1,4802.94921875,2856.81640625,2211.90234375,1017.76171875,4791.88671875,14789.041015625,1800.2587890625,1082.18212890625,909.61865234375,1970.87255859375,1741.09228515625,5286.90673828125,0
89202.5234375,1,2,1,27.548986434936523,0,0,0,0,0,0,10164.74609375,6231.37109375,6076.12890625,5168.87890625,5866.6171875,5274.12109375,1187.626953125,1742.18017578125,1051.79443359375,877.069091796875,846.721923828125,1866.988037109375,0
96871.53125,2,1,2,36.04081344604492,0,-1,0,0,0,0,6383.8828125,7342.59765625,7486.375,5810.375,6185.31640625,7391.814453125,1081.79345703125,1853.4990234375,1162.532470703125,1014.418701171875,1067.27197265625,3153.96484375,0
284514.28125,1,2,1,38.90507125854492,0,0,0,0,0,0,181407.75,152763.09375,157906.109375,129866.46875,129458.3125,123347.84375,9278.384765625,7134.5634765625,5154.8271484375,5807.9697265625,6593.435546875,8504.08203125,0
156333.71875,2,1,2,30.686031341552734,0,0,0,0,0,0,11490.5625,6364.2734375,9998.9296875,16577.958984375,16418.8515625,15805.224609375,1734.852294921875,2876.791015625,4914.8857421875,1993.30029296875,1584.12548828125,3368.133544921875,0
80046.453125,2,2,2,28.300477981567383,0,0,0,0,0,0,15014.27734375,13017.15625,13510.80859375,13587.697265625,14000.7421875,13387.390625,1801.68896484375,2121.67138671875,1521.209228515625,1168.984130859375,1225.533935546875,2160.735107421875,0
336698.6875,2,2,1,32.268585205078125,0,0,0,0,0,0,278345.375,256260.859375,262066.15625,241894.453125,226423.828125,230034.25,12961.779296875,10809.5966796875,11221.642578125,12431.5546875,12830.796875,13188.486328125,0
247047.5,2,2,2,29.052207946777344,-1,-1,-1,-1,-1,-1,11262.23828125,16802.90625,23649.1640625,25493.021484375,24868.22265625,26470.8515625,11380.8447265625,14412.767578125,21815.546875,17695.5078125,34219.1328125,15223.28515625,0
172193.328125,2,2,2,38.25891876220703,1,-2,-2,-2,-2,-2,4011.5,808.7734375,538.63671875,857.56640625,1107.23828125,-20.546875,567.814453125,799.341796875,563.51220703125,482.16357421875,317.34326171875,1680.16943359375,0
248208.28125,2,1,1,38.41455841064453,-1,-2,-1,0,0,0,22672.900390625,16502.984375,174206.921875,98331.921875,73822.3515625,109620.8671875,23041.580078125,75240.9296875,16284.8310546875,13210.240234375,8663.560546875,41124.9921875,0
84342.5234375,1,2,2,29.84786033630371,0,0,0,0,0,0,20325.130859375,19377.228515625,20082.548828125,17198.564453125,17675.166015625,16443.16015625,1770.333984375,2054.4931640625,1515.973876953125,1151.036865234375,1192.509033203125,2149.31494140625,0
225260.28125,2,2,1,39.50922393798828,-1,-1,-1,-1,-1,-1,4556.2421875,1205.4453125,676.15234375,547.4453125,1121.6796875,781.7890625,911.69970703125,1207.7626953125,803.35986328125,712.41455078125,584.6005859375,3142.1455078125,0
130164.6875,2,1,2,36.26782989501953,0,0,0,0,0,-2,133417.640625,130335.7578125,66600.6328125,55051.1796875,6590.37890625,4389.78125,5634.69873046875,5048.853515625,563.38427734375,619.984375,679.7705078125,6146.96630859375,0
105020.703125,2,2,2,29.305526733398438,1,-2,-2,-2,-2,-2,3933.5,898.0859375,512.01953125,874.41796875,1103.9921875,-29.671875,472.849609375,751.12060546875,468.18505859375,450.61279296875,293.896484375,1564.5869140625,0
69629.65625,2,2,1,44.15271759033203,2,2,2,0,0,0,23968.6875,20603.421875,20071.685546875,21198.376953125,22630.798828125,20385.697265625,1648.20556640625,2215.680908203125,1764.0087890625,1430.321044921875,1609.767333984375,2440.0263671875,1
221611.5625,2,1,2,30.723251342773438,-1,-1,-1,-1,-1,-2,5278.26171875,7916.84375,7680.125,5221.1875,1154.56640625,206.046875,3176.99853515625,7161.353515625,3592.70458984375,731.513427734375,784.400390625,3364.04931640625,0
102533.1875,2,2,2,28.88370132446289,2,2,2,2,2,2,62371.6015625,62876.1484375,63326.23828125,62411.203125,63536.81640625,61897.140625,3162.42041015625,3205.169677734375,2863.998291015625,2570.047607421875,2844.881591796875,2620.693603515625,0
120413.1796875,2,2,1,36.73221206665039,0,0,0,0,-1,0,34518.5625,29079.935546875,16723.3046875,16673.845703125,29745.20703125,20795.46875,3135.399658203125,3851.54833984375,1444.1015625,21383.03125,3291.97802734375,3666.25634765625,1
61042.125,2,2,1,43.746055603027344,0,0,0,0,0,0,19092.94921875,14791.40234375,12291.0078125,7389.09765625,5897.8515625,5136.890625,1629.172607421875,2087.046875,1140.224853515625,448.787109375,228.3359375,1894.525390625,0
86095.203125,2,3,1,42.18824005126953,-1,-1,2,2,2,2,10035.66015625,10813.1640625,12641.13671875,13750.486328125,15229.70703125,15216.65234375,7122.875,2061.2919921875,1600.22900390625,1223.716064453125,1214.02978515625,2562.890380859375,0
254069.125,2,1,2,33.55436706542969,-1,-1,-1,-1,-1,-1,8550.84375,1035.3515625,39.5625,532.0,929.1328125,-5735.44140625,2340.300537109375,3197.6416015625,2266.425048828125,2345.439697265625,2104.028076171875,4203.037109375,0
157442.765625,2,2,1,28.75575065612793,0,0,0,0,-1,-1,15367.93359375,11439.8203125,5332.14453125,9839.06640625,14907.8671875,5785.2265625,2540.21875,2687.034423828125,4627.59326171875,9844.880859375,2976.2177734375,3327.25634765625,0
66512.4140625,2,2,1,37.032081604003906,2,2,2,2,2,2,49301.56640625,46947.76953125,49606.9453125,49565.1328125,45110.09375,45051.6875,2393.7158203125,2988.594482421875,2282.498779296875,2261.696044921875,2426.390625,2502.675048828125,1
60337.796875,2,2,2,29.573993682861328,0,0,0,0,2,2,10090.21484375,7582.42578125,8285.00390625,8730.96875,8750.4609375,8916.150390625,1236.3603515625,1856.73681640625,1940.677490234375,873.0341796875,1046.558837890625,1986.7705078125,0
246453.890625,2,2,1,31.0987491607666,0,0,0,0,0,0,143293.796875,137033.75,140672.890625,137823.984375,136267.875,131442.6875,7791.7275390625,6411.67578125,5362.3544921875,5656.4501953125,6601.32177734375,5500.55712890625,0
50183.0078125,1,2,2,27.872873306274414,2,2,2,0,0,0,7940.94140625,7484.40234375,7658.94921875,6779.5625,6126.94140625,5133.9609375,1178.1455078125,1627.705078125,1124.74462890625,968.55224609375,312.59765625,1920.97265625,0
124419.4375,2,2,1,29.76818084716797,2,2,2,2,0,0,90456.46875,84201.625,86342.765625,82754.34375,83887.859375,81708.171875,3501.49658203125,4039.43505859375,3449.73193359375,3207.5888671875,3136.71826171875,3370.0966796875,1
280230.6875,2,1,1,39.465553283691406,-2,-2,-2,-2,-2,-2,5292.1875,3457.6171875,3457.0,5109.4765625,1172.421875,2746.8125,2713.739501953125,3308.89892578125,4205.79150390625,1062.8203125,1969.30517578125,4514.30810546875,0
62947.1875,2,2,1,41.754425048828125,2,2,2,2,2,2,49258.0078125,45997.796875,45237.44140625,44166.0625,43413.1953125,41119.296875,2476.461669921875,2894.53759765625,2281.23095703125,2281.16796875,2230.01904296875,2284.331298828125,1
121692.84375,2,1,2,29.66411781311035,1,-1,-1,-1,-2,-1,6003.58984375,6279.73828125,1252.75,1150.6171875,1155.69921875,765.71484375,7213.888671875,1160.4453125,645.0234375,571.68359375,569.7060546875,2630.0830078125,0
111867.875,2,2,1,40.09278106689453,0,0,0,0,0,0,56322.9765625,52884.171875,52332.97265625,50142.94140625,44988.83203125,44780.09375,2925.659912109375,3149.185546875,2240.51953125,2490.048095703125,2500.794189453125,2511.9091796875,0
40576.4921875,1,2,2,30.036991119384766,0,0,0,0,2,2,15059.12890625,14840.703125,14325.89453125,14110.30078125,15016.87890625,14906.560546875,1743.710693359375,2033.310791015625,1916.170166015625,1033.910400390625,1121.181640625,2062.98681640625,0
67414.1171875,1,2,2,29.93556785583496,1,2,0,0,0,0,17926.0390625,15076.51171875,12211.80078125,10777.8828125,8567.716796875,9266.798828125,1425.08251953125,1995.5107421875,1043.2880859375,971.281494140625,1694.84521484375,2118.35595703125,1
215916.53125,2,1,2,30.849708557128906,0,0,0,0,0,0,83150.640625,89866.1328125,64554.9140625,57395.875,42465.3046875,41669.640625,6554.6630859375,4511.21630859375,4948.60498046875,5344.30859375,7075.4736328125,6381.5869140625,0
56558.953125,1,2,1,43.16925048828125,0,0,0,0,0,0,10378.2265625,7018.453125,8300.0078125,8719.02734375,8488.10546875,6256.15234375,1200.771484375,1796.6708984375,1122.30078125,1355.68896484375,1020.0,2081.431640625,0
282830.375,2,1,2,35.288970947265625,-1,-1,-1,-1,-1,-2,15690.0234375,15000.046875,28162.69140625,148932.5625,51260.203125,3020.54296875,14950.875,16584.59375,125247.3046875,6087.5390625,3319.06982421875,19288.17578125,0
230417.875,2,1,1,44.5417594909668,-1,-1,-1,-1,-1,0,6805.31640625,1344.2890625,3053.1796875,1679.25,6419.39453125,4191.5625,1685.05419921875,4893.39208984375,2415.090576171875,5120.02392578125,1848.256103515625,4704.533203125,0
228534.828125,2,2,2,38.3436164855957,-1,-1,-1,-1,0,0,13537.109375,2834.84375,9129.58984375,16470.658203125,15323.837890625,11710.306640625,2174.401611328125,3751.033935546875,22946.1640625,3775.47216796875,3298.8671875,4829.2451171875,0
151764.78125,2,1,1,32.56177520751953,-1,-1,-1,0,0,0,5292.96484375,6049.01171875,6035.97265625,6075.1640625,4602.359375,4487.4375,2748.575439453125,1447.40185546875,1342.175048828125,826.62548828125,667.991455078125,5112.8525390625,0
325498.6875,2,2,1,34.11043930053711,0,0,0,0,0,0,292505.5625,294639.375,308689.3125,271387.96875,281693.25,255954.8125,16246.8359375,19847.5078125,16214.6748046875,10702.748046875,32451.771484375,14835.296875,1
242603.40625,2,1,1,30.741458892822266,-2,-2,-2,-2,-2,-2,3968.96875,794.8828125,618.9921875,879.90625,1101.58984375,647.4921875,596.767578125,900.81787109375,573.22509765625,552.89453125,386.91748046875,2066.5205078125,0
218857.421875,2,1,1,33.41615676879883,-2,-2,-2,-2,-2,-2,4459.890625,514.6328125,201.484375,443.03515625,829.1953125,-275.28515625,626.22607421875,1220.1669921875,894.97314453125,633.28173828125,604.5732421875,3831.863037109375,0
93097.5859375,2,2,2,29.11737823486328,0,0,0,0,0,0,56288.3203125,59281.328125,60594.265625,59091.109375,57530.10546875,56307.26171875,3230.913818359375,3297.66943359375,2663.030029296875,2655.360107421875,2747.97998046875,2610.374267578125,0
290509.0,2,1,2,33.1639289855957,-1,-1,-1,-1,0,0,7761.76953125,6930.15234375,9014.55078125,18673.533203125,17538.240234375,25106.845703125,6786.1455078125,5411.10546875,7734.86572265625,6575.18017578125,12686.3984375,9596.3515625,0
196553.421875,1,2,1,38.704986572265625,2,3,2,2,2,2,130268.859375,126041.875,129938.109375,129502.953125,129796.8125,132149.671875,5918.541015625,6705.88134765625,4776.88720703125,4618.88720703125,4921.115234375,6111.0283203125,1
46430.734375,2,3,1,40.11137771606445,2,2,2,2,2,2,29957.25390625,26128.771484375,29418.001953125,29225.505859375,28469.193359375,27150.63671875,2040.021484375,2252.33447265625,1993.31640625,1340.02587890625,1456.081787109375,2438.57568359375,1
351976.5,2,2,1,31.90438461303711,0,0,0,0,0,0,246010.359375,224702.3125,231302.078125,211596.484375,206221.734375,194146.046875,12590.33984375,12796.9052734375,12279.3984375,12536.3359375,14657.75390625,11333.1142578125,0
168457.890625,2,2,1,40.6785774230957,0,0,0,0,0,0,99326.0,139409.375,98398.4140625,74801.890625,77119.765625,61493.5625,4878.4873046875,4380.24755859375,3800.443359375,3215.81494140625,3189.3212890625,4296.26904296875,0
98994.6953125,2,2,2,36.99745559692383,0,0,0,0,0,0,48059.6484375,46287.94140625,40003.9765625,37111.1484375,32350.427734375,31674.974609375,2655.239013671875,3113.65185546875,2156.418212890625,2214.615966796875,1978.10107421875,2606.021728515625,0
77781.8671875,2,2,2,36.72500228881836,0,0,0,0,0,0,20648.14453125,18613.365234375,17964.712890625,16875.455078125,12018.685546875,13987.619140625,1784.565673828125,2057.65283203125,1546.7685546875,1185.567626953125,1006.32861328125,2336.79150390625,0
136449.59375,2,1,2,31.22157096862793,-1,-1,0,0,0,0,15573.140625,30465.8203125,18362.2734375,17469.796875,13823.240234375,12242.41796875,19749.046875,5138.74072265625,3553.0693359375,2371.554931640625,1137.112548828125,6131.42529296875,0
103156.90625,2,2,2,30.231210708618164,0,0,0,0,0,0,116328.2890625,106607.0,94365.265625,72826.5703125,58071.84375,52789.47265625,4264.4189453125,4253.19775390625,3449.46875,2854.9541015625,2654.3369140625,4197.537109375,0
237823.296875,2,1,2,28.689863204956055,1,-2,-1,0,0,0,10191.359375,-1880.89453125,38284.36328125,37593.00390625,47598.8828125,40145.99609375,2849.2109375,41972.68359375,8880.70703125,7271.8115234375,5906.291015625,5542.12060546875,0
175682.390625,2,2,2,38.43205642700195,-2,-2,-2,-2,-2,-2,3652.56640625,870.921875,700.5859375,879.43359375,1125.03125,13.078125,565.90185546875,801.55419921875,592.42578125,535.912109375,294.70166015625,2067.41748046875,0
246545.1875,2,1,1,32.35414123535156,-1,-1,-1,-1,-1,-1,7500.37890625,2245.5859375,6628.23046875,15589.166015625,14732.32421875,2879.3046875,1799.164306640625,3618.04150390625,20275.64453125,7477.30322265625,2746.4912109375,4700.634765625,0
85811.4921875,1,2,1,39.497962951660156,0,0,0,0,0,0,11751.46484375,12894.25,9537.3359375,10539.03515625,10718.7578125,8815.08984375,1777.349853515625,1766.2958984375,1599.1025390625,1109.79052734375,1407.62890625,2211.59716796875,0
63222.4609375,2,2,2,37.095619201660156,0,0,0,-2,-2,-2,26831.19140625,13780.1640625,8404.1875,1573.578125,1419.109375,272.8671875,2026.067626953125,615.2373046875,490.53759765625,460.9267578125,306.3173828125,1723.937255859375,0
209105.375,2,2,1,40.45665740966797,0,0,0,0,0,0,127770.140625,131775.421875,122639.203125,121167.296875,125559.359375,111637.90625,5086.4189453125,5977.87353515625,4589.88916015625,4008.95556640625,4797.63525390625,4402.82080078125,0
219877.71875,2,1,1,42.03000259399414,-2,-2,-2,-2,-2,-2,4561.85546875,461.04296875,-21.8515625,460.80078125,558.57421875,-351.57421875,991.12255859375,5240.412109375,1711.275146484375,1646.3466796875,864.5732421875,10758.4296875,0
211917.453125,2,2,1,39.08022689819336,-2,-2,-2,-2,-2,-2,4590.6328125,1293.50390625,733.890625,547.08203125,1235.23828125,2718.21875,678.15576171875,1029.93310546875,600.607421875,606.2197265625,1586.592529296875,2752.301513671875,0
198365.9375,2,2,2,40.541255950927734,0,0,-2,-1,-1,-2,17314.9921875,5062.24609375,1218.7421875,1932.53515625,1118.62109375,27.9140625,945.8359375,854.93505859375,1346.717529296875,675.0087890625,427.4072265625,2369.6669921875,0
341143.4375,2,2,1,41.43377685546875,0,0,0,0,0,0,290750.46875,283035.0,287439.71875,268496.28125,259449.8125,256862.390625,11718.517578125,10550.7080078125,11298.751953125,10193.599609375,10768.275390625,12146.71875,0
277231.90625,2,2,1,38.873233795166016,0,0,0,0,0,0,102064.625,93549.46875,99667.0859375,97799.96875,73165.0546875,128434.3203125,7379.6064453125,6943.96533203125,6678.8505859375,9486.9140625,25578.912109375,11612.939453125,0
214896.703125,2,1,2,32.70893859863281,0,0,0,0,0,0,18846.41015625,8302.7890625,19197.171875,8850.1484375,9534.560546875,10749.26171875,4210.1904296875,7183.90380859375,2143.76513671875,2415.4453125,1846.020751953125,7666.166015625,0
126588.9296875,2,2,2,37.93339920043945,0,0,0,0,0,0,177840.03125,104041.875,102027.0546875,31495.025390625,29669.9140625,27619.91015625,6631.36279296875,4128.3662109375,2152.252685546875,1881.61865234375,1910.241943359375,5336.43359375,0
158113.625,2,2,1,29.45984649658203,2,2,2,2,2,2,8135.14453125,5159.375,3628.3984375,4362.640625,4426.265625,5532.2734375,489.607421875,813.76611328125,441.34521484375,291.56396484375,157.3916015625,1996.12060546875,1
212010.671875,2,1,2,33.045955657958984,-1,-1,-1,-2,-1,-1,4462.4609375,683.1015625,453.96484375,471.7265625,1046.04296875,986.53515625,904.2548828125,1223.80078125,710.4111328125,732.13525390625,583.8818359375,3545.5,0
202179.09375,1,2,1,38.0722770690918,0,0,0,0,0,0,118582.5,113722.078125,115464.90625,120711.671875,102617.546875,115729.6171875,6426.69287109375,5920.24072265625,4540.84423828125,3685.35986328125,3918.303955078125,6908.59521484375,0
215900.75,2,1,1,39.607627868652344,-1,-1,-1,-1,-1,-1,4659.80859375,3517.3671875,2308.4765625,765.48046875,2433.90625,219.2734375,982.09130859375,1537.68896484375,839.552734375,2094.000244140625,519.7822265625,4014.4775390625,0
211842.0,2,1,1,43.06554412841797,-2,-2,-2,-2,-2,-2,4253.39453125,1296.5703125,1753.48828125,2298.65625,1316.86328125,3144.609375,681.27490234375,1112.4951171875,2066.008544921875,651.89111328125,1662.298828125,3876.39990234375,0
75110.921875,2,2,2,28.81351089477539,0,0,2,0,0,0,49369.23046875,45258.37109375,35888.88671875,32609.115234375,26080.48046875,25426.09375,3077.470947265625,3340.762939453125,1763.22705078125,1604.336181640625,1730.569091796875,3317.645751953125,0
186641.09375,2,2,2,40.7435417175293,2,2,2,2,2,2,97000.828125,94864.5859375,98052.796875,101898.9140625,97310.171875,93311.09375,4436.68212890625,4548.94091796875,4749.88330078125,5410.2216796875,7171.0859375,3672.861328125,1
188870.5,2,1,1,31.820066452026367,1,-2,-2,-1,-1,0,4995.30859375,1317.87890625,1188.22265625,5062.9765625,17196.740234375,8337.8203125,901.3017578125,1379.70703125,3029.48779296875,11402.18359375,2356.30126953125,4139.865234375,0
289011.875,2,1,1,39.10513687133789,0,0,0,-1,-2,-2,50259.37109375,48137.33984375,24445.560546875,34641.296875,39351.16796875,57750.703125,8107.029296875,5011.0947265625,26643.859375,68675.4375,13121.013671875,22547.455078125,0
339519.0625,2,1,1,33.882816314697266,0,0,0,0,0,0,290114.875,309573.875,263461.53125,246568.703125,207705.234375,181599.921875,12502.705078125,11438.4912109375,10648.712890625,9916.248046875,12975.720703125,16702.533203125,0
215630.34375,2,1,1,39.315975189208984,1,-2,-1,-1,-1,-2,7408.41796875,2775.01953125,5698.1484375,29369.3828125,15097.94921875,2995.00390625,1601.526123046875,3052.834228515625,37772.828125,2288.177734375,1473.621826171875,20435.642578125,0
159550.0,2,2,2,44.29344940185547,0,0,0,0,2,0,48012.51171875,41741.2421875,36169.1171875,30989.90234375,24000.728515625,19379.619140625,4266.73291015625,4591.69921875,2223.759033203125,2525.226318359375,2328.68603515625,4663.796875,0
34725.234375,2,2,2,28.736604690551758,0,0,0,0,0,0,24559.935546875,24051.080078125,22349.34375,21966.96875,24024.806640625,22955.02734375,1858.782470703125,2406.919189453125,1940.0703125,1392.504150390625,1613.130126953125,2292.51123046875,1
157726.453125,2,2,2,30.889738082885742,0,0,0,0,-2,-2,91110.8515625,59487.91015625,44403.671875,8779.34765625,1731.3359375,1646.10546875,3883.07958984375,2167.9892578125,303.13134765625,468.65673828125,353.41552734375,3335.954345703125,0
33606.765625,1,2,2,28.292388916015625,0,0,0,0,0,0,15044.90625,12155.14453125,13656.078125,13581.921875,14000.865234375,11775.251953125,1723.598876953125,2060.94287109375,1886.82666015625,1030.655517578125,1210.94140625,2001.063720703125,0
84681.578125,2,2,2,37.48958206176758,2,2,2,2,2,2,13288.9921875,11856.7890625,11656.625,10839.640625,13001.2890625,12863.236328125,1430.060546875,1907.415771484375,1504.496337890625,1011.262939453125,984.707763671875,1834.772705078125,1
277988.09375,2,1,2,39.73318099975586,-2,-2,-2,-2,-2,-2,12588.578125,10198.61328125,5600.06640625,5832.55078125,861.3671875,-127.51953125,7745.31689453125,2312.865478515625,6489.66845703125,1383.001953125,1200.329833984375,6954.1943359375,0
58203.6953125,2,2,1,40.051856994628906,2,2,2,0,0,2,13890.93359375,14001.10546875,13781.44921875,13537.0234375,14580.80078125,12556.0859375,1446.0634765625,1896.56396484375,1454.651611328125,1490.943359375,1024.995361328125,1994.979248046875,0
144756.78125,2,1,1,35.72843933105469,-1,2,2,-1,-1,-1,5756.20703125,2313.21875,5349.84375,1648.921875,1289.515625,3005.83984375,610.31005859375,1556.94970703125,549.39599609375,688.85546875,1663.950439453125,2353.51513671875,0
189183.6875,2,1,2,31.731060028076172,0,0,0,0,0,0,85847.625,76872.4140625,83905.40625,84852.40625,82800.265625,81513.046875,5058.1728515625,5355.98974609375,3924.9951171875,5529.53759765625,5067.1806640625,6109.39990234375,0
163485.875,2,2,2,37.90479278564453,1,2,0,0,0,0,177798.984375,164204.734375,158504.28125,136777.890625,110479.625,111529.3359375,7145.97705078125,5950.03125,4930.5908203125,3597.22216796875,4023.113525390625,5526.89697265625,1
126850.265625,2,2,2,28.798437118530273,-1,-1,0,0,0,0,6247.08984375,11093.87109375,9233.7109375,9752.8046875,9249.638671875,11779.265625,7048.7890625,2138.15234375,1372.387939453125,1306.577880859375,1188.425537109375,3133.959228515625,0
148499.046875,2,2,1,37.44181823730469,0,0,0,0,0,0,95913.265625,88891.875,84356.8125,73795.7109375,66023.34375,62773.5703125,4032.718017578125,4098.2041015625,3299.546875,3134.46484375,2897.955322265625,4277.814453125,0
294825.6875,1,2,1,32.21982955932617,0,0,0,0,0,0,314867.21875,244539.75,291783.0,235285.28125,131087.359375,166434.96875,37723.765625,8196.6298828125,9312.859375,8361.974609375,2876.9541015625,10906.5966796875,0
161441.8125,1,2,2,28.109119415283203,0,0,2,0,0,0,9970.45703125,7463.6484375,6205.0,8816.2109375,7803.380859375,12097.37890625,2552.124267578125,1860.44873046875,1748.795166015625,2625.802978515625,4740.46875,2131.251220703125,0
103824.828125,1,2,2,31.437904357910156,1,2,2,2,-2,-2,110482.796875,101452.9296875,48871.25,36257.4375,3634.18359375,4122.59765625,3815.34326171875,3600.4296875,-22.5224609375,440.830078125,350.0302734375,3566.890869140625,1
70404.9453125,2,2,2,28.760313034057617,0,0,0,0,0,0,30852.5546875,27075.99609375,27945.173828125,28575.642578125,28861.728515625,26245.24609375,2487.349365234375,2263.815185546875,1955.751220703125,1519.624267578125,1621.4892578125,2269.0517578125,0
163215.9375,2,2,2,31.17546272277832,0,0,0,0,2,0,81994.6875,77163.71875,83884.59375,84138.125,81185.703125,78232.046875,4898.50830078125,5050.109375,4053.3662109375,3005.748046875,3295.78857421875,3260.16943359375,1
207746.265625,2,1,2,31.896181106567383,-1,-1,-1,-1,0,0,6587.75,4036.8125,3529.00390625,18185.06640625,23411.71484375,21663.640625,4683.580078125,2599.401611328125,11581.240234375,7881.1630859375,3060.7109375,6130.580078125,0
48180.484375,1,2,2,27.929370880126953,0,0,0,0,0,0,17968.0625,15726.5,17525.462890625,16031.880859375,16174.287109375,15449.96875,1699.47216796875,2090.7021484375,1522.57421875,1170.75732421875,1166.85546875,2119.865478515625,0
70555.2421875,2,2,2,41.597511291503906,1,2,0,0,0,0,31420.224609375,29515.25390625,29950.78125,30268.7890625,27700.21484375,32171.962890625,3009.351318359375,2743.509765625,3035.51708984375,5106.47900390625,4720.88818359375,4297.0068359375,1
210345.359375,2,2,2,30.22378921508789,0,0,0,0,0,0,142607.921875,135681.5,136664.734375,130027.921875,126088.203125,117089.1484375,5659.24072265625,5909.33203125,4618.99755859375,5183.3046875,5039.28857421875,4603.6474609375,0
201174.75,2,1,2,35.763309478759766,-2,-2,-2,-2,-2,-2,6401.87890625,6510.3828125,3532.39453125,2882.41796875,1191.99609375,127.046875,5332.09326171875,2869.041015625,2199.042236328125,677.615234375,751.666259765625,3590.43408203125,0
84541.7421875,2,3,1,43.99024200439453,0,0,0,0,0,0,24734.8359375,22171.916015625,21688.935546875,23332.111328125,25818.849609375,26138.890625,1872.3115234375,2341.5830078125,1950.021484375,1448.218017578125,2416.181396484375,2266.546142578125,0
245098.53125,2,2,2,31.72856330871582,2,2,2,0,0,0,244815.53125,232328.046875,203961.34375,214846.53125,181895.9375,179416.625,7634.720703125,8146.646484375,7209.4765625,8675.2421875,9294.328125,7108.46337890625,1
98912.109375,1,3,1,30.99779510498047,0,0,0,0,2,0,52758.859375,50243.48046875,53230.21875,52811.921875,47719.18359375,44114.48046875,3267.17578125,3170.253173828125,3179.24755859375,2263.987548828125,2570.137939453125,2403.10302734375,0
193526.96875,2,2,1,37.909454345703125,0,0,0,2,2,2,110157.75,78208.109375,73726.8046875,36246.30078125,37496.21484375,33463.125,5140.623046875,3644.3349609375,2986.169921875,2409.591552734375,1981.559814453125,4628.15869140625,0
192930.046875,2,1,1,41.87424850463867,-2,-2,-2,-2,-2,-2,4497.1953125,513.83984375,241.16015625,420.65234375,814.1640625,-133.0,624.8984375,1238.82373046875,834.67578125,615.873046875,600.40380859375,3758.771240234375,0
148615.921875,2,2,1,41.870704650878906,-1,0,-1,0,0,0,11896.16015625,10077.1875,26369.880859375,19954.208984375,14987.7578125,13498.865234375,3305.884521484375,11821.1552734375,4528.712890625,2110.525390625,2062.025146484375,4205.09228515625,0
183935.96875,2,2,1,38.560176849365234,-1,-1,-2,-2,-1,-1,3919.90234375,1006.9140625,876.88671875,1088.69921875,1512.4375,72.95703125,848.0126953125,980.68994140625,619.787109375,1208.50830078125,464.76025390625,2376.42724609375,0
226929.671875,2,2,1,37.55684280395508,0,0,0,0,0,0,109729.796875,128573.4921875,126602.015625,129579.5625,114662.921875,115995.421875,15600.12890625,13701.6171875,6962.18994140625,6370.83203125,5596.4052734375,8653.115234375,0
277152.25,2,2,1,37.74525833129883,0,0,0,0,0,0,43694.13671875,44524.16796875,89895.3125,83093.125,71637.5859375,83732.875,13601.5,40527.6640625,14674.9150390625,13800.98046875,12953.89453125,13312.978515625,0
134068.1875,2,2,1,30.868261337280273,0,0,0,0,0,0,51628.7890625,49042.33984375,49430.390625,36601.1328125,36103.62890625,29942.09375,2760.264892578125,3189.867919921875,2412.68115234375,2210.807861328125,2056.19287109375,3540.2958984375,0
227300.6875,2,2,1,38.69612503051758,-1,-1,-1,-1,-1,-1,4414.51953125,1385.578125,799.546875,931.62890625,1142.05078125,349.671875,841.943359375,1202.31689453125,683.6640625,612.68505859375,492.53515625,2325.5654296875,0
241321.75,2,1,1,31.581327438354492,-2,-2,-2,-2,-2,-2,3789.5078125,20738.09375,2990.06640625,1122.2734375,1119.6171875,20.6796875,683.5546875,813.6787109375,629.30078125,552.90283203125,351.48828125,2201.983642578125,0
222209.984375,2,2,1,37.29483413696289,0,0,0,0,0,0,13670.953125,15727.76171875,17333.580078125,19389.99609375,13906.58203125,17495.908203125,4495.07275390625,5229.42822265625,2414.3916015625,3320.230224609375,2986.89404296875,3707.69970703125,0
322000.1875,2,1,1,32.63380813598633,0,0,0,0,0,0,103138.4765625,96823.4140625,113385.640625,179217.015625,185087.0625,175312.96875,20243.638671875,33513.45703125,43993.90625,21757.53125,15757.423828125,20424.24609375,0
29973.234375,1,2,2,29.140066146850586,0,0,0,0,0,-2,7511.10546875,7975.1171875,8323.25,5625.19140625,3913.62890625,483.27734375,1353.431640625,1720.30859375,1120.414794921875,460.38525390625,412.8291015625,1865.3447265625,0
220506.25,2,1,2,32.20664596557617,-1,-1,-1,-1,-1,-1,11610.01953125,2515.6015625,43568.62890625,20715.349609375,17843.955078125,9209.19921875,4103.91748046875,35840.21875,6669.0068359375,16412.658203125,4470.81787109375,9763.603515625,0
167262.625,2,2,1,40.5318717956543,0,0,0,0,0,0,130023.3125,120043.0390625,128199.078125,128301.265625,129358.765625,129518.015625,4500.5166015625,5964.552734375,4464.751953125,3703.39892578125,4541.33544921875,4392.16455078125,0
55116.03125,2,2,2,44.23122024536133,0,0,0,0,0,0,31995.27734375,35721.37890625,24917.021484375,30578.51953125,21997.8203125,19288.666015625,2216.62060546875,3760.124755859375,1614.958251953125,1370.4775390625,1538.400634765625,2291.758544921875,1
159438.421875,2,2,2,37.599002838134766,-1,-1,-1,-1,-1,0,4327.59765625,1804.8984375,2223.921875,3655.88671875,4345.4296875,4788.9765625,793.48779296875,1137.0341796875,1183.712890625,403.49169921875,281.955078125,1983.584716796875,0
80203.4140625,2,2,2,28.544227600097656,0,2,2,0,0,0,11008.66796875,30188.837890625,15891.1640625,21065.91796875,10073.66796875,13441.04296875,10647.2109375,5245.81982421875,2715.567138671875,2581.177978515625,926.861083984375,5000.1396484375,0
280853.09375,2,2,2,38.72477340698242,0,-1,0,0,0,0,74892.0546875,81431.375,112075.1796875,94179.90625,90093.359375,84440.203125,56829.27734375,16360.30078125,12219.23046875,8787.375,7631.46435546875,14691.3515625,0
33911.21875,2,2,2,31.23138427734375,0,0,0,0,0,0,48423.8046875,38758.7265625,33768.26953125,24319.75,18612.34765625,17173.7734375,2560.916259765625,2230.024169921875,1430.34619140625,1148.662109375,1287.806396484375,2190.97412109375,0
44608.0078125,2,2,2,28.41191864013672,0,0,0,0,0,0,9985.140625,7780.17578125,6519.80859375,6239.609375,5862.15625,6006.908203125,1227.18701171875,1884.490478515625,1006.8115234375,900.153076171875,961.0908203125,2120.340576171875,0
127824.78125,2,2,2,30.347278594970703,0,0,-2,-2,-2,-2,15419.40234375,30641.859375,3588.7265625,1512.01953125,1087.32421875,284.03515625,758.96337890625,839.93408203125,497.349609375,462.75048828125,313.14306640625,1811.9140625,0
244170.703125,2,1,1,39.449100494384766,1,-2,-1,-2,-2,-2,4683.2890625,1222.0,2699.68359375,473.65234375,1083.34375,-45.0390625,922.587890625,1491.068359375,815.4755859375,583.99462890625,381.00927734375,2470.677734375,0
105719.234375,2,3,1,41.91314697265625,0,0,0,0,0,0,72171.671875,66298.96875,61915.86328125,53820.7578125,46062.1640625,46025.21484375,3563.244140625,3215.295654296875,2371.303955078125,2564.293701171875,2589.41357421875,2829.0458984375,0
209843.015625,1,1,1,41.4211311340332,1,-2,2,-2,-1,2,146372.140625,120873.3125,63981.828125,63863.8359375,9172.66796875,10017.205078125,23396.876953125,24499.83203125,5437.642578125,1076.132568359375,1305.27294921875,5873.85595703125,0
253785.125,2,1,1,31.942415237426758,-2,-2,-2,-2,-2,-2,3915.03125,716.7265625,569.9609375,1091.203125,1550.8046875,3741.015625,674.3388671875,901.88671875,834.52880859375,595.6416015625,1759.15576171875,3008.570556640625,0
119618.109375,2,2,2,30.212352752685547,0,0,0,0,0,0,30797.587890625,26681.76953125,26972.298828125,25819.373046875,24998.109375,23496.052734375,2081.6298828125,2377.002685546875,1930.236572265625,1403.666748046875,1636.724853515625,2303.996826171875,0
152673.90625,2,1,2,31.41514778137207,0,0,0,0,0,0,18672.583984375,17678.955078125,15780.14453125,18349.369140625,9888.78515625,9043.1640625,4431.77197265625,8046.5224609375,1813.139404296875,1681.293212890625,1038.405029296875,6457.3984375,0
225631.15625,2,1,2,41.132843017578125,1,-2,-2,-2,-2,-2,4102.375,793.84765625,509.9453125,847.2578125,1102.82421875,-56.9921875,592.12451171875,820.75244140625,615.3837890625,537.34326171875,342.734375,2022.80859375,0
104095.84375,2,2,2,29.365633010864258,-1,-1,-1,-1,-1,-1,3688.23046875,1029.4765625,819.9453125,1013.25,1136.1171875,837.9375,723.62060546875,910.14990234375,625.67822265625,584.185546875,511.72705078125,1698.500244140625,0
169081.078125,2,1,2,33.01760482788086,0,0,0,0,0,0,160937.671875,132532.8125,124238.765625,74746.921875,74137.359375,73219.265625,5920.27490234375,5392.81689453125,3388.36767578125,3367.411865234375,3227.7333984375,5402.142578125,0
68153.3046875,2,2,1,41.814918518066406,0,0,0,0,0,0,26316.998046875,22922.4609375,22901.2265625,21129.55859375,20918.50390625,17809.57421875,1973.131591796875,2298.204345703125,1837.30029296875,1269.4853515625,1522.84716796875,2276.127685546875,0
66987.640625,2,2,2,28.513011932373047,-1,0,0,0,0,0,14657.37890625,16049.30078125,19468.59765625,24453.47265625,23788.7890625,23694.96875,8438.2763671875,3065.36376953125,3706.8291015625,1717.769775390625,1935.3486328125,2532.650146484375,0
223139.328125,2,1,1,39.075111389160156,-1,-1,2,0,0,-1,6313.6328125,8438.78125,4168.23828125,4221.640625,3066.2265625,5225.9453125,5381.1005859375,1813.48388671875,634.69921875,1634.0078125,4293.05810546875,4096.72412109375,0
90409.21875,2,2,1,44.09051513671875,1,2,0,0,2,0,33766.5390625,33843.84375,35889.8828125,33667.078125,35631.83203125,31292.201171875,2216.880126953125,3015.60888671875,2645.12646484375,2170.94580078125,2071.353515625,2229.998291015625,0
303152.4375,2,1,2,33.212886810302734,0,0,0,0,0,0,308751.03125,260032.84375,235863.515625,123719.828125,96235.078125,81914.328125,9831.4130859375,5807.1123046875,6288.2099609375,6277.775390625,8354.623046875,7142.4169921875,0
260055.203125,2,1,2,33.15419387817383,0,0,0,0,0,0,179988.796875,173695.046875,165557.078125,156254.5625,140229.609375,139158.421875,9461.19921875,6876.99365234375,5838.2236328125,5369.5166015625,6272.79150390625,6780.09716796875,0
219388.734375,2,1,1,40.69635009765625,-1,-1,-2,-1,-1,-1,4576.30859375,600.546875,2569.07421875,1321.66015625,884.10546875,310.6171875,932.35693359375,1618.63232421875,893.0390625,774.2412109375,942.90576171875,6107.1279296875,0
129666.8671875,2,2,2,38.35246658325195,0,0,0,0,0,0,53909.85546875,50463.20703125,44757.0625,37473.25,31780.34765625,28263.17578125,3418.916015625,3526.386474609375,2366.89599609375,2359.897216796875,1894.801025390625,4908.873046875,0
194377.984375,2,1,2,32.42981719970703,1,-2,-2,-2,-2,-2,3662.14453125,769.73828125,403.203125,467.87890625,1084.71875,-6.5078125,569.1796875,799.41552734375,659.4462890625,566.92822265625,314.462890625,2704.68603515625,0
226960.140625,2,1,1,39.199424743652344,-1,-1,-2,-1,-1,-1,4215.97265625,773.8515625,1042.1875,4284.0625,1203.80859375,2148.86328125,1196.7236328125,1127.18603515625,3902.2900390625,999.230224609375,743.26708984375,2717.17724609375,0
315867.3125,2,2,1,42.056278228759766,-2,-2,-2,-2,-2,-2,21751.099609375,20530.236328125,43919.84765625,26640.41796875,19531.5859375,36529.20703125,21955.896484375,28363.8515625,14926.3427734375,9888.361328125,48275.26171875,16277.255859375,0
69652.140625,1,2,1,30.147035598754883,0,0,0,0,0,0,17698.0234375,13934.44921875,16860.40234375,14598.150390625,15806.794921875,15286.76953125,1953.27880859375,1930.8076171875,1557.684814453125,1181.871337890625,1135.4970703125,2153.337646484375,0
49952.90625,2,2,2,39.64369201660156,0,0,0,0,0,0,18092.2890625,16453.986328125,18350.0546875,16547.73046875,16168.0859375,14451.658203125,1705.5966796875,2096.0673828125,1523.07275390625,1173.617431640625,1157.155517578125,2314.785888671875,0
100677.1328125,2,1,2,29.83608055114746,0,0,0,0,0,-1,40527.54296875,38003.328125,33968.67578125,15609.025390625,14234.5234375,4243.62890625,2739.405029296875,3124.982177734375,2264.254150390625,631.30419921875,611.80712890625,3084.174560546875,0
186646.15625,2,1,1,41.99646759033203,0,0,0,0,0,0,18139.890625,10164.0,12088.3125,22313.8671875,11978.048828125,9393.333984375,4344.0380859375,7397.2568359375,9185.9384765625,4967.00634765625,4519.6064453125,9337.63671875,0
78059.9375,2,2,2,31.263830184936523,0,0,0,0,0,0,81666.28125,82522.59375,61836.4375,56369.0546875,42622.3203125,40017.05078125,3648.72509765625,3759.73046875,2577.020263671875,2538.896484375,2222.56640625,3833.9912109375,0
41280.4140625,2,2,2,28.97177505493164,1,2,2,0,0,0,71609.0,68039.8203125,49346.44921875,46669.59375,29027.125,29346.013671875,3310.30224609375,3286.19921875,1767.70068359375,1502.06982421875,1560.908203125,2427.39697265625,1
87025.4140625,2,2,1,40.54623794555664,1,2,0,0,0,-2,47671.84375,45426.6796875,42698.62890625,21015.6328125,16059.296875,4154.9453125,2488.453857421875,2893.408203125,2241.209716796875,472.08642578125,447.63623046875,2686.2109375,0
300772.59375,2,1,1,41.948219299316406,-2,-2,-2,-1,-2,-1,10589.0390625,10081.16796875,12068.9609375,8505.03515625,13147.146484375,4861.5546875,12312.806640625,2264.7001953125,22881.07421875,5416.56005859375,2748.851806640625,7924.35498046875,0
175719.9375,2,1,1,39.48309326171875,-1,-1,-2,-2,-2,-2,4058.6796875,546.40625,427.26953125,448.98046875,970.515625,-97.26953125,868.49267578125,936.47607421875,727.751953125,606.64990234375,588.02685546875,3436.60400390625,0
193295.296875,2,1,2,32.036460876464844,-2,-2,-2,-2,-2,-2,3835.02734375,768.83984375,504.09765625,1328.953125,1091.7109375,-8.8203125,660.63525390625,841.52197265625,1104.20361328125,579.2919921875,455.04150390625,2524.946533203125,0
92729.9296875,2,2,2,39.96637725830078,1,-1,0,0,0,0,29508.462890625,19849.212890625,15073.91015625,6501.75,4707.32421875,4690.71875,37657.69921875,2374.186279296875,1694.827392578125,1092.535888671875,830.757080078125,4155.66845703125,0
49181.34375,1,2,2,30.68730926513672,1,4,4,2,3,2,21909.88671875,20460.51953125,18684.611328125,18111.130859375,13509.78515625,15433.26171875,1670.0849609375,1928.57080078125,1633.436279296875,990.95458984375,860.767333984375,1872.251953125,1
226602.71875,2,1,1,42.09115219116211,-2,-2,-2,-2,-2,-2,4224.46484375,602.2734375,287.94921875,438.36328125,1017.7578125,-80.60546875,660.912109375,862.9365234375,698.8359375,599.51318359375,418.21630859375,3124.41552734375,0
354571.9375,2,1,2,34.01579284667969,1,-1,-1,-1,-1,-1,42264.88671875,53027.8515625,131681.265625,79207.359375,28553.71875,52720.375,92376.1875,143477.1875,25619.85546875,16235.806640625,87322.4140625,33171.85546875,0
56502.890625,1,2,2,31.130109786987305,8,7,6,5,4,3,36431.671875,30772.5859375,30793.16796875,30296.8828125,28561.203125,25492.341796875,2313.19970703125,2749.12158203125,2140.057861328125,1337.971435546875,1439.8154296875,1932.572998046875,1
105051.71875,2,2,1,40.47138977050781,0,0,0,0,0,0,76830.9921875,81590.953125,63639.79296875,57537.9140625,32871.9921875,44093.234375,3594.99267578125,3762.4150390625,2269.67333984375,2522.9384765625,1481.80517578125,3696.56005859375,0
154777.046875,1,2,1,40.98112106323242,2,2,4,2,2,2,100135.796875,93492.3203125,98321.28125,96418.015625,97263.75,90472.953125,3947.12939453125,4237.6962890625,3790.46142578125,2867.8896484375,3271.31298828125,3759.38427734375,1
136115.5625,2,1,1,41.8902702331543,0,0,0,0,0,0,11630.67578125,7100.453125,8010.0,7453.734375,7607.357421875,6694.951171875,1493.6015625,2754.33740234375,1698.30224609375,1504.8291015625,1577.426513671875,6730.71484375,1
105153.484375,2,2,1,35.83455276489258,2,2,2,2,2,2,125546.78125,116940.6171875,122881.84375,113995.578125,113063.453125,109422.7421875,4849.43310546875,5396.33203125,4668.109375,3952.621337890625,3535.47412109375,5411.9501953125,1
55281.7734375,1,2,1,39.203739166259766,1,2,0,0,2,2,7949.91015625,7274.37109375,8919.08984375,7664.9453125,8282.38671875,8816.9453125,1123.57861328125,1768.75537109375,1556.96630859375,861.55322265625,861.58056640625,1918.738037109375,0
142774.234375,2,1,1,39.40250015258789,-1,2,2,-2,-2,-2,6181.4375,4206.453125,864.96484375,442.32421875,829.171875,-234.82421875,713.6923828125,1085.02197265625,896.06396484375,642.98193359375,613.9951171875,4004.373779296875,0
55778.9375,2,2,2,36.75664520263672,0,0,0,2,0,0,35903.56640625,34860.7890625,35466.5078125,34349.69921875,35725.828125,34120.30078125,2303.842041015625,3334.208251953125,2229.981689453125,2451.4638671875,1948.657958984375,2508.05078125,1
174574.1875,2,2,1,37.83529281616211,-1,-1,-1,-1,0,-1,4062.515625,1409.390625,2047.55078125,4159.78125,2283.0390625,1930.61328125,763.65087890625,1155.06982421875,1235.888427734375,458.974609375,541.50537109375,1943.385009765625,0
230285.25,2,1,2,31.448829650878906,0,0,0,0,0,0,153855.015625,161906.375,144313.015625,137502.109375,116032.21875,116972.578125,7843.5869140625,5898.4833984375,4571.36669921875,4117.45654296875,5216.58837890625,6028.47802734375,0
137747.046875,2,1,2,31.78257942199707,-1,2,-1,-1,-2,-1,5769.43359375,2207.84375,988.640625,889.66015625,1174.05078125,2142.671875,928.48876953125,1087.87548828125,779.75341796875,553.1318359375,508.21923828125,2165.970947265625,0
212841.109375,2,2,2,37.32096481323242,0,0,0,0,0,0,134371.171875,128175.21875,119321.296875,117887.953125,98814.4375,100468.625,5714.318359375,6509.482421875,4354.56787109375,4736.248046875,5216.6650390625,5341.044921875,0
67887.5234375,2,2,2,28.959062576293945,0,0,0,2,2,2,44103.3046875,43512.6328125,43112.94140625,45933.6953125,44415.3515625,41494.94921875,2603.157470703125,3262.00732421875,2303.77099609375,2348.0576171875,2249.8291015625,2502.14453125,1
162723.859375,2,2,1,41.92182922363281,0,0,0,0,0,0,98646.265625,94357.9375,98631.734375,98248.8828125,97269.6953125,90806.140625,3922.819091796875,4920.06201171875,4375.736328125,3603.7578125,3930.4228515625,5009.51025390625,0
205537.375,2,1,2,43.863197326660156,-1,-1,-1,-2,-2,-2,5328.09375,2104.46875,-872.21875,570.8984375,782.33203125,-573.625,2328.1591796875,3302.27880859375,1071.19482421875,670.83642578125,1114.0400390625,7302.791015625,0
78408.8984375,2,2,2,30.29315185546875,0,0,-2,-2,-2,-2,15404.3125,14375.51171875,2106.6875,1179.66796875,1125.42578125,78.2734375,895.126953125,757.7763671875,475.728515625,462.27587890625,296.68994140625,1742.3115234375,0
63942.890625,1,2,1,30.5185546875,0,0,0,0,0,0,19370.515625,17788.05859375,20081.634765625,20479.625,22472.98828125,19251.697265625,1698.1572265625,2121.061767578125,1754.260986328125,1410.392333984375,1564.52734375,2233.4892578125,1
199808.21875,2,1,1,42.835941314697266,1,-2,-2,-1,-1,-1,4495.75390625,970.89453125,1018.171875,2714.76171875,3805.0078125,5150.80859375,772.58154296875,1118.47607421875,2431.961181640625,3425.642822265625,3386.42138671875,3091.655517578125,0
164907.9375,2,2,1,42.41850280761719,-1,-1,-1,-2,-2,-2,4575.0859375,11623.59375,2005.46484375,1216.05078125,1128.796875,109.35546875,4074.451171875,1030.81640625,517.0517578125,495.6552734375,342.171875,1990.857666015625,0
150700.46875,2,2,2,30.61458969116211,0,0,0,0,0,2,51268.96875,49993.91796875,52340.953125,53085.7421875,54997.64453125,47248.21484375,2857.3349609375,3239.91455078125,3042.4013671875,4083.964599609375,3100.85302734375,2769.894287109375,0
208639.03125,2,1,1,39.126495361328125,1,-2,-1,-1,-1,-1,4041.12890625,1381.109375,1908.5546875,560.34375,1219.0390625,35.28515625,581.0576171875,1104.7578125,773.86376953125,911.0029296875,428.72998046875,2650.548583984375,0
455652.46875,1,1,1,40.404701232910156,0,0,0,0,0,0,307222.1875,373560.0625,353347.375,284387.5,308269.34375,257018.0625,33796.75,19899.96875,73119.078125,24910.0078125,28976.763671875,30785.9609375,0
142205.28125,2,2,1,31.35790252685547,0,0,0,0,0,0,46235.58984375,44231.09375,37610.0703125,31869.453125,21382.4609375,25236.98046875,3602.183837890625,3816.415771484375,2420.71142578125,1839.673583984375,1303.888916015625,5647.77587890625,0
63001.0234375,2,2,2,39.96897888183594,2,2,2,2,2,2,43453.7109375,39888.625,40303.671875,43417.30859375,42975.93359375,40560.078125,2587.714599609375,3052.86328125,2477.35302734375,2314.391357421875,2340.58935546875,2509.296630859375,1
130309.8984375,2,2,2,31.049938201904297,0,0,0,0,0,0,52653.5625,49470.12109375,52825.73046875,51962.03125,49987.96484375,48070.58984375,2854.804443359375,3155.24267578125,2424.70458984375,2616.012451171875,2759.49853515625,2753.868896484375,0
92181.828125,2,2,2,35.50151443481445,1,2,2,2,2,2,70966.7578125,71883.2734375,74697.484375,69470.8359375,74603.5,75543.296875,4218.62060546875,3421.131103515625,3319.5029296875,3375.1591796875,3331.716796875,3117.97314453125,1
304803.375,2,1,2,38.919960021972656,-1,-1,-1,-1,-1,-1,6258.375,6334.2109375,6008.93359375,8919.94921875,7844.921875,3903.10546875,6012.26025390625,6105.609375,8050.7861328125,7194.3955078125,4339.0341796875,4637.39599609375,0
183922.609375,2,2,1,38.462303161621094,-1,-1,-2,-2,-1,-1,3988.140625,12884.56640625,2363.1796875,1060.05078125,1585.94921875,278.9296875,1120.49951171875,992.87548828125,602.4208984375,1423.76123046875,483.0615234375,2777.070068359375,0
71079.71875,1,3,1,29.28854751586914,0,0,0,2,0,0,11149.40234375,8007.68359375,6841.26171875,6669.52734375,7367.515625,8027.548828125,1807.710205078125,1613.533203125,1110.96826171875,953.823974609375,1347.07763671875,1776.383544921875,0
228758.34375,2,1,2,33.081424713134766,-2,-2,-2,-2,-2,-2,4166.6328125,593.77734375,274.9296875,436.30078125,993.7265625,-66.5859375,658.53759765625,918.767578125,699.10546875,593.97119140625,435.96728515625,3196.9599609375,0
65274.1953125,2,2,1,29.072107315063477,2,2,2,2,2,2,21025.2578125,21708.474609375,20718.71484375,20979.26953125,22464.478515625,18049.0234375,1747.046875,2141.187255859375,1857.6474609375,1244.740966796875,1493.275146484375,2205.584228515625,0
128906.203125,2,2,2,28.990482330322266,1,-1,0,0,2,0,20820.62109375,51290.140625,44072.84765625,34655.61328125,25446.99609375,31727.87109375,46471.109375,10842.60546875,5221.34912109375,5321.54443359375,4464.775390625,5399.8310546875,0
285299.5,2,1,2,33.219749450683594,-1,-1,0,0,0,0,62384.38671875,177761.8125,174433.140625,160409.28125,144819.625,137792.078125,215044.59375,26119.08203125,7853.701171875,7351.458984375,7838.5087890625,12293.666015625,0
149352.890625,2,2,1,29.37181282043457,0,0,0,0,0,0,94294.578125,83876.9453125,83178.796875,74096.609375,70094.0703125,62802.0234375,3671.1884765625,4122.34228515625,3278.54931640625,3059.115234375,3072.03369140625,3172.4873046875,0
126507.0703125,2,2,2,32.04424285888672,0,0,0,0,-2,-2,23204.81640625,88906.03125,12248.32421875,2353.51953125,1115.96484375,538.28125,2638.6943359375,1616.09326171875,852.009765625,616.3076171875,398.20068359375,4941.24853515625,0
118365.9375,2,2,1,35.39168930053711,0,0,0,0,0,2,59197.28125,59144.1953125,61009.8671875,60653.109375,60173.9609375,54239.125,3699.21337890625,3609.968994140625,3356.87939453125,2661.916259765625,3436.63330078125,2710.98388671875,1
249240.59375,2,1,1,41.57646560668945,-2,-2,-2,-2,-2,-2,4550.125,1238.33984375,591.80859375,466.484375,1096.65234375,-38.85546875,665.22119140625,972.17822265625,651.4208984375,620.92041015625,389.53369140625,2708.14697265625,0
219516.265625,2,1,2,31.97862434387207,-2,-2,-2,-2,-2,-2,4092.6484375,696.19921875,386.24609375,451.1328125,1070.859375,-66.08984375,658.25537109375,821.37255859375,637.91064453125,578.25341796875,367.04248046875,2338.929443359375,0
276538.40625,2,2,1,31.277494430541992,0,0,0,0,0,0,164246.703125,171413.8125,161069.515625,159009.984375,153605.875,154090.46875,10943.78515625,8611.2216796875,7171.06640625,8910.9072265625,8267.859375,9564.916015625,0
199396.234375,2,1,2,30.85688591003418,-2,-2,-2,-2,-2,-2,4375.85546875,1967.52734375,1911.19921875,957.71484375,1130.5703125,818.0078125,800.29443359375,992.43359375,610.525390625,550.05908203125,467.67431640625,2403.86279296875,0
144700.609375,1,2,1,40.09773635864258,0,-1,0,0,0,0,20860.630859375,55106.015625,26541.5390625,23703.107421875,7801.44921875,7214.78125,29638.998046875,10274.6953125,2102.77294921875,1901.776123046875,1597.486572265625,5230.26416015625,0
286758.8125,2,2,2,38.84703826904297,0,0,-1,-1,-1,-1,142288.671875,80175.71875,70833.1328125,21404.099609375,19777.931640625,17688.560546875,23099.154296875,11766.5927734375,11245.837890625,19791.572265625,12604.0546875,15810.138671875,0
99242.5,2,2,2,29.1883602142334,0,0,0,0,0,0,73841.4296875,70632.203125,70112.8828125,64449.109375,60840.671875,51331.28515625,3418.021484375,3533.2939453125,2937.636474609375,2709.917724609375,2757.36328125,2653.340087890625,0
49827.0546875,2,2,2,28.206340789794922,0,0,0,0,0,0,31126.486328125,29044.568359375,30390.232421875,29088.3203125,27880.830078125,26182.65234375,2153.7509765625,2432.95458984375,2039.6640625,1511.637939453125,1581.542236328125,2400.694580078125,0
165697.921875,2,1,2,33.2743034362793,0,0,0,0,0,0,110129.421875,101278.28125,104197.859375,102729.609375,103881.453125,99509.8203125,4954.669921875,5096.68603515625,4112.73974609375,3599.7412109375,3867.5791015625,6029.87109375,0
45465.28125,1,2,1,41.39818572998047,2,2,2,2,0,0,9939.17578125,7251.078125,9263.73828125,8027.67578125,6057.5703125,5477.765625,1012.892578125,2077.556884765625,1173.633544921875,972.626953125,247.240234375,2038.09423828125,1
281998.40625,2,2,2,38.39180374145508,0,0,0,0,0,0,64322.0546875,62047.95703125,65309.8359375,69983.5859375,72332.0390625,70923.5859375,8455.435546875,6839.8955078125,4656.09326171875,6929.8330078125,8135.37158203125,6462.03369140625,0
86653.46875,2,2,2,35.02875518798828,0,0,0,0,0,0,82427.203125,78446.0703125,78329.703125,70502.765625,68171.3046875,64982.3203125,3598.036376953125,3714.63623046875,3178.41748046875,3142.46240234375,3011.91455078125,2893.228271484375,0
98639.4765625,2,2,1,41.81065368652344,0,0,0,2,0,0,13847.6640625,11846.4140625,11025.94140625,10895.82421875,10499.171875,13054.791015625,1543.8154296875,2362.19384765625,1432.46875,1327.041015625,1344.804931640625,2137.26416015625,0
280037.125,1,1,1,39.30287551879883,-1,-1,-1,0,0,0,32443.05078125,53685.51953125,86060.171875,61791.6015625,30072.37109375,52219.6875,42365.85546875,32806.87109375,12597.92578125,12367.3515625,11314.0556640625,24432.791015625,0
280212.25,2,1,2,31.88922882080078,-2,-2,-2,-1,0,0,7905.2265625,7364.2109375,4467.234375,18815.3671875,17243.58984375,13870.451171875,9826.95703125,2378.457763671875,13281.12890625,3021.86865234375,2555.36474609375,7067.66162109375,0
81268.2734375,2,2,2,31.605472564697266,2,2,2,2,2,2,100039.3203125,96356.5625,104906.03125,102021.8125,102214.390625,106090.4140625,5085.56689453125,4115.41650390625,3931.55322265625,3542.8525390625,3294.805908203125,4059.781982421875,1
67587.46875,2,2,1,41.6156005859375,0,0,0,0,0,0,30237.3203125,26836.564453125,29620.5,29053.47265625,27556.9375,26045.583984375,2160.68603515625,2377.99072265625,1948.802001953125,1512.391845703125,1560.948974609375,2340.6787109375,1
193622.890625,2,1,2,31.347042083740234,-1,-1,-1,-1,0,-1,4435.7109375,10182.03515625,2362.92578125,4763.56640625,2430.83203125,2752.87890625,1163.7646484375,1172.685546875,1540.27734375,417.51025390625,1725.00732421875,2975.724609375,0
247532.875,2,2,1,33.15849685668945,0,0,0,0,0,0,144660.390625,139623.625,140253.328125,131127.265625,130589.09375,111607.390625,7782.98974609375,7224.51416015625,5234.98388671875,3584.666748046875,4882.12841796875,7069.80712890625,0
95760.7265625,2,2,2,29.081317901611328,0,0,0,0,0,2,61695.84375,60148.75,60076.27734375,46256.69921875,40048.41796875,29050.01171875,3298.452880859375,3213.861083984375,2754.09326171875,1902.10986328125,1481.634033203125,2639.912841796875,0
169016.796875,2,1,1,43.029937744140625,-2,-2,-2,-2,-2,-2,4226.06640625,693.2109375,498.17578125,437.64453125,1077.6171875,-81.4453125,660.9287109375,818.8818359375,591.57666015625,570.6923828125,363.580078125,2249.790771484375,0
180960.25,2,1,1,31.542171478271484,-2,-2,-2,-2,-2,-2,4076.125,735.640625,477.4921875,469.0,1090.1875,-11.3359375,630.494140625,821.37255859375,635.35400390625,551.94677734375,368.06689453125,2199.6015625,0
226081.640625,2,2,2,38.111236572265625,0,0,0,0,0,0,210009.9375,185012.28125,153053.953125,71056.046875,67513.328125,156014.28125,8516.2451171875,7024.318359375,6279.095703125,6136.7734375,125448.78125,11275.1962890625,0
90370.2734375,2,2,2,30.85965347290039,0,0,0,0,0,0,54235.640625,41851.171875,38195.57421875,23456.470703125,16979.33984375,18004.720703125,2944.013916015625,3033.858642578125,1906.960205078125,1086.16162109375,755.836669921875,2376.236083984375,0
233064.734375,2,2,2,40.73082733154297,0,0,0,0,2,0,74585.75,71694.625,77214.59375,74798.9375,72892.8125,72580.234375,5604.40576171875,4375.8701171875,3900.07666015625,5037.06494140625,5304.8486328125,3815.608154296875,0
22734.90625,2,2,2,43.11155700683594,1,2,0,0,0,0,27828.72265625,28513.9296875,29000.50390625,28065.890625,27418.009765625,26041.38671875,1942.514892578125,2271.719970703125,1892.7861328125,1446.781005859375,1485.394775390625,2297.426025390625,0
120658.5546875,2,2,1,41.57752990722656,0,0,0,0,-1,-1,10090.95703125,6417.9609375,6543.93359375,5506.10546875,2479.75,2787.03125,999.75927734375,1889.84521484375,718.67919921875,487.77978515625,1685.165771484375,2361.589599609375,0
195926.359375,2,2,2,29.88813018798828,0,0,0,2,0,0,148667.6875,144636.15625,147429.328125,134479.71875,136420.015625,140228.46875,9232.1455078125,6184.83740234375,6742.9560546875,6791.75146484375,6599.7900390625,7282.255859375,0
256138.5,2,1,2,30.951557159423828,-1,-1,-1,-1,-1,-1,5452.09765625,2288.5,7145.3125,7964.26171875,4701.05859375,10377.279296875,2018.712646484375,6787.248046875,7968.4658203125,2202.556396484375,7309.6103515625,5594.25,0
277524.3125,2,2,1,38.18647384643555,0,0,0,0,0,0,185942.1875,183250.578125,180735.140625,183342.53125,162981.796875,170363.34375,10339.978515625,10081.8828125,7101.02197265625,9527.09765625,9566.24609375,8099.6279296875,0
223431.78125,2,1,2,41.3431510925293,-1,-1,-1,-1,-1,-2,4388.23046875,1288.9140625,2353.1875,3173.52734375,1144.234375,-28.453125,1151.5966796875,1735.3505859375,3602.46630859375,761.15673828125,504.732421875,2732.177001953125,0
257437.90625,1,2,1,41.71310043334961,1,4,4,3,2,0,320238.9375,313680.0,240632.640625,211023.65625,147621.4375,144222.859375,7518.341796875,11993.576171875,5270.81591796875,4176.5595703125,4941.65234375,6448.353515625,1
40608.0703125,1,2,2,28.1959228515625,2,2,2,2,2,2,15799.25,17608.76171875,18620.23828125,18134.8125,18103.453125,16946.39453125,1548.43505859375,1826.12646484375,1540.099853515625,995.84814453125,1152.45654296875,1985.513671875,1
167015.421875,2,2,1,38.059329986572266,-1,-1,-1,-1,-1,-1,4262.47265625,1345.921875,829.18359375,962.06640625,1160.34765625,835.55859375,643.41455078125,1133.4013671875,619.01171875,582.46630859375,454.61572265625,1840.82666015625,0
126611.875,1,3,1,30.279314041137695,0,0,0,0,0,0,20741.052734375,33082.9921875,19448.154296875,15529.890625,12482.748046875,11592.0625,1740.506103515625,2014.18212890625,1465.333251953125,1137.578125,1102.430908203125,2108.4541015625,0
197917.171875,2,1,2,39.848201751708984,-2,-2,-2,-2,-2,-2,4206.625,528.76953125,220.7265625,441.2890625,833.58984375,-251.78125,622.21044921875,1216.85693359375,892.87841796875,626.21240234375,606.82568359375,3855.54150390625,0
122069.890625,1,2,2,28.52981948852539,0,0,0,2,0,0,31814.8359375,30384.759765625,31217.890625,30143.87890625,27788.24609375,26575.5703125,2257.60986328125,2739.6884765625,2020.539306640625,1551.25927734375,1570.019775390625,2459.019775390625,0
169247.359375,2,1,2,31.104158401489258,-1,-1,-1,-1,-1,-1,6427.21484375,6732.91796875,4147.0546875,2990.65625,1538.8984375,2862.3125,6004.82470703125,3268.419921875,1715.11181640625,1169.266357421875,1835.84912109375,3531.2177734375,0
118760.6875,2,2,1,41.79077911376953,1,2,2,2,2,0,80733.5,73469.3203125,75687.40625,76526.9765625,74680.7734375,72694.40625,3932.95556640625,3884.1435546875,3193.189697265625,3023.86279296875,3177.087646484375,2794.26220703125,1
106309.59375,2,2,2,28.60494041442871,0,0,0,-1,-1,0,49782.515625,30491.32421875,30124.140625,15342.017578125,49351.83203125,36578.15625,3352.754638671875,2836.718017578125,2321.9541015625,55215.3203125,5337.97265625,4841.11962890625,0
90952.6484375,2,2,2,28.471324920654297,-1,0,2,-1,0,0,8279.64453125,5883.23046875,1419.7734375,3561.34765625,4303.07421875,4533.12109375,2497.61279296875,766.55615234375,1042.18115234375,416.611328125,230.62939453125,1738.9462890625,0
187085.65625,2,1,2,30.204402923583984,-1,-1,-1,0,0,-1,9844.50390625,14921.75,7025.5859375,8200.12890625,2615.6953125,2820.33203125,13946.0234375,2969.576904296875,4271.84814453125,727.2490234375,1041.8720703125,4164.396484375,0
287147.90625,2,1,1,31.827672958374023,-1,-1,-1,0,0,0,27938.578125,63945.5546875,62686.56640625,101334.1796875,86814.578125,91747.859375,81385.59375,17683.609375,95101.4921875,15476.93359375,8453.1689453125,16602.84765625,0
150445.0625,2,3,1,37.28286361694336,1,2,2,2,0,0,95306.78125,103961.96875,104881.7109375,95690.5703125,99017.1875,98001.8515625,7127.8173828125,4257.1025390625,4724.03369140625,7198.75390625,3798.79736328125,6150.24658203125,0
80001.6640625,1,2,2,29.247453689575195,0,0,0,0,0,0,44597.44140625,43308.96484375,31429.77734375,27799.5703125,18873.541015625,17435.46484375,2660.794921875,3069.324951171875,1409.994384765625,1143.459228515625,1300.28369140625,2176.85302734375,0
233885.515625,2,1,1,41.45710372924805,1,-2,-2,-2,-2,-2,5334.6171875,471.5703125,398.28515625,651.265625,1319.8515625,668.1875,533.90771484375,717.9345703125,593.0751953125,524.94482421875,296.86376953125,2126.80859375,0
67227.1953125,1,2,2,33.81990051269531,0,0,0,0,0,0,11341.703125,8589.62109375,8576.7421875,7449.64453125,8369.466796875,6286.326171875,1324.380859375,1826.22216796875,1164.587890625,1001.905029296875,1073.63916015625,1970.37744140625,0
162779.8125,2,2,1,42.303043365478516,-1,-1,-1,0,0,0,6858.74609375,5712.69140625,26246.310546875,19557.658203125,22079.908203125,18759.91796875,2051.614990234375,11183.4296875,2732.02099609375,2358.673095703125,2462.087890625,5761.16162109375,0
220725.765625,2,2,2,30.722644805908203,0,0,0,0,0,0,160963.59375,139700.96875,138492.1875,98006.4375,97316.8046875,91605.140625,6082.6181640625,5910.16552734375,3753.173828125,3504.46435546875,3767.0087890625,4731.009765625,0
212683.6875,2,1,1,39.11669921875,-2,-2,-2,-2,-2,-2,4526.4921875,800.71484375,713.4609375,1987.2265625,1164.95703125,2517.34765625,674.634765625,1011.9765625,1381.513916015625,601.646484375,1455.92529296875,3299.081298828125,0
288991.9375,2,1,2,32.53461456298828,-1,-1,-1,-1,-1,-1,9005.4140625,8643.14453125,10369.859375,14414.880859375,10817.287109375,10498.1484375,10195.107421875,9008.291015625,12046.1328125,9547.525390625,9841.021484375,8989.767578125,0
206312.484375,2,2,2,31.89995765686035,2,2,2,2,2,2,144732.015625,144003.96875,142957.796875,145851.1875,135361.625,135380.265625,5850.32568359375,6581.77001953125,5924.37548828125,5440.5419921875,4590.880859375,4793.779296875,0
218987.890625,2,2,1,40.95723342895508,0,0,0,0,0,0,114085.5625,109236.625,107344.640625,103040.53125,98497.296875,92331.203125,5030.52783203125,4526.0693359375,3687.6630859375,3383.484375,3635.859375,4219.88427734375,0
171989.75,2,2,2,28.999210357666016,2,2,2,2,2,2,49312.375,71657.265625,77559.78125,74369.578125,77465.03125,76839.5546875,46803.8515625,11273.5625,6427.2041015625,4977.89599609375,4116.62548828125,5823.25732421875,1
424471.0625,2,2,1,33.119476318359375,0,0,0,0,0,0,331138.375,332666.375,328051.40625,327211.59375,292157.125,321947.0625,13983.208984375,16746.74609375,12474.48828125,14444.03515625,14355.802734375,14946.09765625,0
289146.71875,2,2,2,39.10663604736328,-1,-1,-1,-1,-1,-1,9729.078125,2066.8984375,6360.09375,17203.02734375,24010.26953125,19752.564453125,3305.18017578125,3744.766845703125,17985.63671875,13478.16015625,14755.466796875,8667.021484375,0
221494.3125,2,2,1,38.75941467285156,0,0,0,0,0,0,103582.28125,96029.4296875,100946.1484375,98116.5,95656.53125,90889.4375,5031.87451171875,5562.29052734375,4961.482421875,3926.249267578125,4361.67578125,7833.40234375,0
115775.359375,2,1,2,32.956546783447266,0,0,0,0,0,0,108915.1796875,119460.359375,84249.3671875,59221.8515625,46137.07421875,36394.91015625,4070.916259765625,4081.51513671875,3030.1064453125,2569.0166015625,1885.21875,4917.18798828125,0
156445.5,2,1,2,30.75654411315918,-1,-1,-1,-1,-1,-1,4215.41015625,1633.859375,3724.671875,1703.61328125,3277.9375,4679.72265625,635.81298828125,1149.15234375,377.1201171875,1447.082763671875,245.26220703125,1965.43798828125,0
190014.734375,2,2,2,38.260250091552734,0,0,0,0,0,0,15417.4765625,14709.94921875,8383.01171875,4690.35546875,4394.9453125,4627.92578125,1950.390869140625,2511.668701171875,831.54541015625,801.029052734375,406.07568359375,3968.896484375,0
288004.75,2,1,2,35.26693344116211,0,0,0,0,0,0,244855.859375,262951.375,199993.796875,117241.953125,82895.953125,107386.6875,10387.146484375,8404.208984375,9561.3515625,9438.744140625,36148.94921875,19628.48828125,0
194127.03125,2,2,1,38.3306770324707,1,-2,-2,-2,-1,0,5433.61328125,1025.30078125,634.53125,-1021.0078125,18467.921875,2434.27734375,1219.50537109375,5527.1162109375,2340.093017578125,4216.2275390625,1463.963134765625,3125.180908203125,0
175494.984375,2,1,2,36.93953323364258,-1,0,-1,-1,-1,-1,6704.6484375,25698.416015625,5767.8984375,5245.96484375,14243.490234375,12340.326171875,6217.8671875,2952.550048828125,2724.860107421875,12532.76953125,6438.4677734375,9777.744140625,0
187702.78125,2,1,2,41.97337341308594,-1,2,-2,-2,-2,-2,11297.890625,1400.75390625,370.80859375,456.24609375,933.31640625,-85.46875,550.85595703125,922.44677734375,724.86376953125,600.48974609375,531.26611328125,3746.877685546875,1
209354.25,2,1,1,33.28206253051758,1,-2,-2,-1,-1,-2,4091.921875,623.01953125,302.453125,525.0859375,778.58203125,-209.8359375,541.875,1350.3935546875,1049.919921875,746.1328125,626.97802734375,3981.84326171875,0
206683.0625,2,2,1,31.419612884521484,0,0,0,0,0,0,114987.25,105172.1953125,108727.6875,88566.8125,80921.15625,69699.1875,5372.27099609375,5151.44580078125,5534.9921875,5630.9990234375,6775.87255859375,4871.06689453125,0
181498.796875,2,2,2,30.226137161254883,0,0,0,0,0,0,116521.625,157793.53125,112268.0,86812.0859375,72273.015625,57303.421875,6765.67333984375,5273.06982421875,4534.69287109375,3461.465576171875,3691.17041015625,5913.00830078125,0
355213.71875,2,1,2,34.31563186645508,0,0,0,0,0,0,229842.59375,246629.578125,232921.296875,215997.96875,198449.171875,182689.125,28650.669921875,12592.2578125,22672.66796875,16235.26171875,12599.9951171875,21119.28515625,0
84516.7890625,1,2,2,36.06448745727539,0,0,0,0,0,0,11775.87890625,12696.48046875,10287.08203125,7998.22265625,7804.974609375,6393.681640625,1415.279296875,1855.13330078125,1186.143310546875,1009.61181640625,999.013427734375,2250.47119140625,0
250531.109375,2,1,1,38.83675003051758,-1,-1,-1,-1,-1,-1,16214.51171875,24926.91015625,10589.8125,3084.70703125,5206.4453125,10860.029296875,39013.15234375,6884.11572265625,4982.89599609375,5589.66064453125,10200.71484375,8770.568359375,0
266151.65625,2,2,1,38.24810791015625,0,0,0,0,0,0,213485.125,204257.46875,212012.296875,211354.890625,213914.5,192080.296875,10364.533203125,9881.0615234375,8262.7080078125,8772.04296875,9191.6875,8612.05859375,0
43681.1171875,2,2,2,27.121131896972656,0,0,2,0,0,0,11146.640625,8536.84765625,7664.39453125,7695.76953125,7290.796875,6212.900390625,1597.29736328125,1688.2470703125,1095.09619140625,1075.15185546875,1011.53076171875,1938.175048828125,0
107399.4296875,2,2,2,30.434429168701172,0,0,0,0,0,0,52040.6328125,50147.50390625,52631.4609375,51091.65625,48374.08984375,44694.1171875,2681.734375,3199.23681640625,2400.33544921875,2693.094482421875,2810.47314453125,3441.249267578125,0
300653.28125,2,2,1,38.65891647338867,0,0,0,0,0,0,165203.0625,165249.15625,184294.0625,170274.78125,176182.078125,172471.65625,11912.1435546875,8488.8369140625,7071.484375,9163.0126953125,8162.6328125,9452.0908203125,0
271736.84375,2,2,1,40.45013427734375,-1,-1,-1,-1,-1,-1,5066.4296875,3950.296875,6921.4609375,4735.3828125,3739.25390625,5550.11328125,3198.1787109375,6066.64208984375,3454.515380859375,2795.4306640625,3915.582763671875,2921.0771484375,0
102371.578125,2,2,1,37.08869934082031,0,0,0,0,0,0,38925.80859375,35576.7421875,36096.5546875,32470.767578125,31266.365234375,27484.58984375,2711.1015625,3230.911865234375,2261.060791015625,1624.46142578125,1784.025146484375,3129.254638671875,0
37991.5859375,2,2,2,34.76595687866211,0,0,0,0,0,0,44201.2109375,42765.15234375,28082.96484375,24677.5625,13944.29296875,12072.73828125,2977.52783203125,3356.6103515625,1303.55810546875,1174.683837890625,1192.165283203125,2406.8095703125,0
2711.34375,1,2,2,28.70827293395996,2,2,2,2,2,2,18680.92578125,18701.453125,19352.861328125,20336.591796875,19260.310546875,18162.70703125,1595.73291015625,1826.12646484375,2096.885498046875,1074.817626953125,1365.8369140625,2018.0126953125,1
330898.25,2,1,1,41.69740676879883,-1,-1,-1,-1,-1,-1,14463.3515625,11990.203125,16179.912109375,15013.423828125,11285.783203125,17143.9609375,13391.3203125,9795.34375,12660.546875,10340.05859375,10643.376953125,10515.54296875,0
52018.109375,2,2,2,31.23114013671875,2,2,2,0,0,0,23210.93359375,20674.3125,19128.986328125,20235.498046875,21173.8671875,18775.185546875,1807.847412109375,2165.645263671875,1887.131103515625,1427.558349609375,1598.275146484375,2379.088134765625,1
119735.109375,2,2,2,30.545602798461914,0,0,0,0,0,0,148178.140625,144261.34375,143189.546875,139779.296875,121960.3125,130771.140625,5834.65673828125,6150.11328125,5268.35400390625,4050.66748046875,3669.8671875,4950.6689453125,0
91246.140625,2,2,2,40.197872161865234,2,0,0,0,0,0,30139.72265625,26531.615234375,29032.779296875,29709.744140625,31434.33203125,28671.02734375,1895.260009765625,2442.97705078125,2106.758544921875,1622.0361328125,1847.7880859375,2994.131591796875,1
351029.5625,2,1,1,41.623207092285156,-2,-2,-2,-2,-2,-2,10641.375,1943.234375,2538.45703125,9102.59765625,9310.69140625,-9649.6015625,4090.67822265625,3949.23095703125,12610.123046875,6920.94921875,3109.235107421875,24842.962890625,0
76621.2421875,2,2,1,43.75173568725586,0,0,0,0,0,0,14519.40234375,9652.7734375,8896.01171875,6891.08203125,6053.56640625,5346.265625,1647.688720703125,1979.646240234375,1103.19140625,876.01953125,773.085205078125,1899.510986328125,0
383079.4375,2,1,1,43.80418014526367,-1,-1,-1,0,0,0,20836.03125,31818.697265625,61409.91796875,101182.9375,69443.0078125,100809.828125,41350.19921875,51122.125,65798.2109375,43640.765625,24891.845703125,38330.28125,0
182736.28125,2,2,1,38.42469024658203,-1,-1,-1,-1,-1,-1,4175.09375,1098.109375,751.59765625,3198.1171875,2261.796875,475.38671875,844.8701171875,1202.48291015625,1208.649658203125,514.751953125,535.9521484375,2303.69384765625,0
154306.734375,2,3,1,35.228981018066406,0,0,0,0,0,0,83994.8125,81322.3125,85328.3359375,86703.9140625,85401.515625,83881.640625,4038.63671875,4222.18505859375,4203.564453125,5255.208984375,5858.63330078125,3179.90185546875,0
76119.4609375,2,2,1,40.22043228149414,0,0,0,0,0,0,32547.7265625,27783.892578125,30110.986328125,29400.41015625,29674.078125,27108.46484375,2357.966064453125,2475.90576171875,2206.15087890625,1649.431884765625,1719.89208984375,3190.083984375,0
169382.90625,2,3,1,42.436302185058594,-1,-1,-2,-2,-2,-2,3879.390625,816.17578125,708.46875,892.86328125,1098.5390625,69.22265625,718.41015625,741.88427734375,460.42041015625,450.275390625,299.3701171875,1529.626220703125,0
119542.296875,2,2,2,39.98197555541992,1,2,0,0,0,-1,6414.90234375,5462.5390625,5217.34375,5249.890625,4505.890625,6984.05078125,804.88427734375,1328.216796875,918.59423828125,668.77734375,566.37744140625,2510.9853515625,0
101430.0,2,2,1,40.944984436035156,0,0,0,0,0,0,45306.2890625,41234.1640625,40949.75390625,41575.51953125,42976.1484375,40653.05078125,3543.315673828125,4201.361328125,2634.634033203125,2847.7783203125,3025.06298828125,5390.990234375,0
180537.0625,2,1,2,31.679630279541016,0,0,0,0,0,0,142534.28125,146975.875,108285.5,66743.609375,37338.91796875,30253.1953125,7007.203125,6104.83984375,3345.320556640625,1805.1962890625,1572.43896484375,7457.1845703125,0
100601.6875,2,2,2,28.471155166625977,0,0,0,0,0,0,18204.5390625,15426.79296875,15491.578125,16971.49609375,15573.35546875,14870.43359375,2173.058349609375,2560.176025390625,1579.630859375,1919.131103515625,2197.265869140625,2482.829833984375,0
169160.28125,1,3,1,43.9157600402832,-1,-1,-1,-1,-1,-1,4427.7265625,1491.19921875,1040.921875,999.171875,1163.0390625,799.32421875,738.220703125,1185.02978515625,723.15771484375,620.7041015625,531.69091796875,1892.180419921875,0
93472.6171875,1,2,1,28.865524291992188,0,0,0,0,0,0,16369.8515625,21186.615234375,18162.521484375,15765.853515625,16266.72265625,15608.048828125,1783.087890625,2128.145751953125,1593.190185546875,1197.9130859375,1235.5537109375,2277.808837890625,0
73790.5859375,2,2,1,36.7062873840332,0,0,0,0,0,0,29585.31640625,26845.318359375,24019.888671875,26077.837890625,23750.80078125,23463.283203125,1913.203125,2426.572998046875,1773.01171875,1418.800537109375,1572.76513671875,2323.647705078125,0
131277.5625,2,2,1,42.65961837768555,-1,2,-2,-2,-2,-2,10780.21875,1665.65625,670.62109375,822.2421875,1118.625,-9.6171875,526.35107421875,821.23046875,570.5390625,543.05517578125,289.1103515625,2031.833251953125,1
232099.453125,2,2,2,37.48373031616211,0,0,0,0,0,0,89640.765625,74787.515625,51024.21484375,38047.5859375,20600.017578125,30221.083984375,9210.759765625,10850.298828125,5266.65673828125,10579.78515625,16120.609375,14227.365234375,0
111575.40625,2,2,1,40.04383087158203,0,0,0,0,0,0,40679.3203125,36911.35546875,37936.0,38196.88671875,40441.3203125,36089.7109375,2660.2724609375,3223.9423828125,2276.5927734375,2454.23779296875,2230.428955078125,2602.65283203125,0
84187.5546875,2,2,2,30.26709747314453,-1,-1,0,0,0,0,10847.45703125,17257.59765625,13891.09765625,8955.5390625,8753.314453125,8764.015625,11501.13671875,3040.5703125,2343.905029296875,1772.91552734375,1052.7529296875,4097.2509765625,0
197869.46875,2,2,2,37.786380767822266,0,0,0,0,0,0,84486.2734375,77229.90625,84120.9296875,85778.8125,87881.234375,85515.390625,4527.11767578125,4527.91748046875,3776.154296875,6376.955078125,4627.68994140625,4235.75390625,0
236485.859375,2,1,1,32.908878326416016,-1,-1,-1,2,-1,-1,5479.80078125,2168.5234375,9560.81640625,4328.4375,16743.859375,10400.3828125,1607.688720703125,7196.123046875,2343.63427734375,15751.396484375,3657.891845703125,5610.83984375,0
160867.09375,2,2,2,37.64685821533203,-1,2,2,2,2,-1,7128.01953125,5475.58203125,3983.37890625,4260.80859375,2788.640625,3794.9453125,1445.2333984375,893.2421875,552.52685546875,457.0927734375,2441.707763671875,1857.515869140625,1
111592.2734375,1,2,1,30.586498260498047,1,2,2,2,2,2,42320.50390625,44392.81640625,48421.87890625,47708.62109375,44017.984375,42389.45703125,2524.324951171875,2936.32666015625,2272.851318359375,2296.10546875,2416.46533203125,2601.373779296875,1
122899.984375,2,3,1,40.27817916870117,0,0,0,0,0,0,81730.21875,78461.8671875,78439.953125,66954.453125,58097.7421875,47284.09375,4008.18408203125,4027.642822265625,3316.89892578125,2713.23876953125,2578.78759765625,3047.63134765625,0
224523.765625,2,1,1,42.514774322509766,-1,-1,-1,-1,-1,-1,5592.140625,5626.984375,4362.8671875,6587.54296875,3079.0703125,3283.89453125,5071.30810546875,2354.483154296875,7004.89453125,2687.080078125,2712.78759765625,3635.3427734375,0
191312.6875,2,2,1,37.88129425048828,0,0,0,0,2,0,85618.3125,78796.28125,85412.359375,88601.4765625,82316.96875,81397.921875,5209.52734375,4841.58837890625,4942.6923828125,5354.5078125,5740.27099609375,4136.7041015625,0
122981.84375,2,2,2,30.86083984375,0,0,0,0,0,0,36692.1796875,40089.3125,30776.0390625,31348.76953125,29163.66796875,26363.755859375,2796.651611328125,2836.92724609375,2547.43896484375,3021.3037109375,3537.93798828125,2389.14599609375,0
109387.0,2,2,2,40.14067459106445,1,3,2,0,0,0,49634.41796875,46554.0859375,50500.140625,49778.48046875,45160.6484375,44089.86328125,2661.229248046875,2967.87451171875,2849.269775390625,4495.00830078125,4582.80908203125,2444.36083984375,1
157831.40625,2,1,2,42.07453536987305,-2,-2,-2,-2,-2,-2,4182.14453125,694.19140625,442.88671875,394.44140625,1064.328125,-36.9765625,673.75537109375,809.86767578125,627.22119140625,567.904296875,367.0166015625,2287.707275390625,0
133602.65625,2,2,2,28.12763786315918,0,0,0,-1,0,0,22743.865234375,19200.42578125,14620.111328125,21860.642578125,17317.21484375,6982.330078125,3989.986572265625,2335.778076171875,32548.125,2967.838623046875,1296.593994140625,4248.755859375,0
239050.3125,2,2,1,38.08733367919922,2,2,2,0,0,0,227621.8125,231667.796875,199500.203125,220037.28125,198186.96875,189171.328125,7875.6640625,9512.8173828125,9029.05859375,9631.0390625,10449.0,8237.369140625,1
174168.609375,2,1,2,29.226072311401367,-1,-1,-1,-2,-1,-1,5296.44921875,5929.87890625,1101.890625,1124.0703125,3218.83203125,5514.01171875,5775.4921875,1213.33251953125,500.4775390625,668.603515625,191.23095703125,2358.478271484375,0
293355.65625,2,1,1,32.26982879638672,0,0,0,0,0,0,89861.375,95666.4609375,245531.5,210187.5625,205418.8125,192157.171875,45988.58984375,115193.59375,26002.75390625,13956.291015625,13509.716796875,23980.169921875,1
223586.9375,2,2,2,38.980384826660156,1,-2,-2,-2,-2,-2,4088.53125,793.84765625,496.6796875,847.2578125,1102.82421875,-52.2890625,590.7060546875,820.75244140625,613.9638671875,534.4970703125,343.48828125,2025.263427734375,0
168682.375,2,2,2,37.014556884765625,0,0,0,0,0,0,82609.109375,75804.78125,79088.953125,75395.9140625,74601.15625,75194.515625,3681.79052734375,3912.7734375,3498.0830078125,5362.740234375,4347.57861328125,3076.629638671875,0
251908.5625,2,1,1,40.62709045410156,0,0,0,0,0,0,34752.98828125,27564.7734375,224426.296875,205430.625,219760.59375,187394.90625,8588.9609375,173102.34375,23334.62890625,9660.91796875,11703.134765625,9265.6640625,0
170845.609375,2,1,2,30.92145538330078,1,-1,2,2,-1,-1,5077.74609375,8250.71484375,4049.25390625,2073.14453125,3538.546875,4067.49609375,5861.50439453125,1039.529296875,670.72216796875,3319.98681640625,2292.42041015625,2629.41455078125,0
185145.921875,2,2,1,31.358386993408203,0,0,0,0,0,0,74987.75,72402.7578125,70063.5546875,64763.2265625,62739.8046875,59223.4140625,4601.08984375,4009.2841796875,3463.67724609375,3535.466796875,3041.23876953125,4969.49853515625,0
171492.796875,2,2,1,40.14948272705078,-1,-1,-1,-1,-1,-1,5043.3125,6710.8203125,4221.30859375,3713.046875,2622.2578125,1347.39453125,3191.744140625,1928.484375,2841.794677734375,1993.874755859375,591.0224609375,2342.8037109375,0
258223.25,2,2,1,39.09803771972656,-2,-2,-2,-1,-1,-2,3958.796875,9143.5234375,2037.2890625,3481.77734375,2770.734375,3915.54296875,927.27392578125,907.486328125,807.08544921875,402.3388671875,1946.273681640625,2570.05126953125,0
116755.4375,2,2,2,30.87335777282715,2,2,2,2,2,2,48734.5234375,50153.7890625,50615.40234375,53369.26953125,51660.3515625,44841.484375,2986.5478515625,3353.07861328125,2611.55322265625,3112.97119140625,3405.2119140625,2526.1650390625,1
14854.1875,2,2,2,28.85013198852539,1,2,2,2,2,0,30188.544921875,27559.271484375,31201.078125,30296.759765625,29631.90625,26512.15234375,1947.75244140625,2310.143798828125,2028.03369140625,1364.0341796875,1667.163330078125,2430.32177734375,1
69904.3125,2,2,2,36.923160552978516,0,0,0,0,0,2,45650.34375,43359.1171875,43189.3828125,43679.390625,43466.66015625,41252.83203125,2717.9775390625,3138.931640625,2292.649658203125,2915.52392578125,2382.89208984375,2555.08642578125,0
170319.390625,2,1,2,30.13642120361328,-1,-1,-1,0,0,-1,5424.82421875,4447.92578125,12419.5078125,6357.02734375,6112.80859375,7576.58203125,3654.033203125,8771.216796875,1380.0419921875,832.974365234375,1091.346923828125,3915.211669921875,0
196664.25,2,2,2,39.34703063964844,-1,-1,-1,-1,-1,-1,4569.84375,1284.6171875,1243.21484375,1334.5390625,6203.09765625,9669.927734375,1254.88818359375,1307.2275390625,1145.560302734375,5638.87841796875,5276.4033203125,4014.53125,0
141192.890625,2,1,2,34.200992584228516,0,0,0,2,2,0,32753.076171875,24802.884765625,18773.865234375,15571.09375,10780.31640625,4536.7265625,4345.90478515625,5394.0537109375,3722.818115234375,3070.19970703125,2830.269287109375,8246.3134765625,0
47417.3359375,2,2,2,34.56874084472656,0,0,0,0,-1,-1,9759.44140625,5853.8671875,4972.0078125,1928.09765625,1397.53515625,2650.98046875,1019.01220703125,1004.1806640625,449.009765625,891.716796875,1345.87109375,2020.5625,0
55065.28125,2,2,2,40.19080352783203,2,2,2,0,0,0,33046.890625,31215.349609375,23731.2578125,23874.685546875,18790.08984375,17174.681640625,2118.97607421875,2573.960205078125,1387.62841796875,1131.6083984375,1163.78271484375,2238.349853515625,1
141614.140625,2,2,2,43.36798858642578,-1,-1,-1,-1,-1,-1,4402.87890625,1135.8515625,556.4375,564.1953125,1034.40625,747.02734375,786.93896484375,1273.8681640625,885.70654296875,714.22607421875,744.67333984375,3990.09423828125,0
244695.265625,2,1,1,30.071855545043945,-1,-1,-1,-1,-1,-1,6943.94921875,7344.390625,5473.84375,6547.80859375,5236.9140625,18905.779296875,6663.71484375,4908.66845703125,7056.787109375,3206.61181640625,11836.8173828125,6700.1796875,0
224472.375,2,1,2,30.259050369262695,-1,-1,-1,-1,-1,-1,7541.18359375,5872.6875,18065.85546875,8608.65234375,3827.875,5406.046875,2577.51513671875,15725.2666015625,4378.79736328125,1936.76806640625,1152.44873046875,4249.07177734375,0
233345.375,2,1,1,36.601078033447266,-1,-1,-1,-1,-1,-1,6240.48046875,2438.8203125,3535.48828125,2325.640625,4497.3984375,4408.66015625,1993.677490234375,2353.073974609375,2504.6220703125,5299.34326171875,6043.79248046875,3171.42626953125,0
186319.671875,2,1,2,31.49423599243164,1,-1,-1,-1,0,0,4723.9609375,1328.42578125,1375.80078125,3593.0703125,4370.31640625,4504.10546875,856.6337890625,1154.60400390625,1354.956298828125,543.771484375,622.79736328125,3151.54248046875,0
213097.34375,2,1,2,30.586891174316406,-1,-1,-1,-1,-1,-1,6153.46875,4312.46875,5462.77734375,14266.103515625,16876.955078125,9327.2421875,5050.4697265625,2783.75341796875,15470.962890625,8132.4697265625,6426.23095703125,4058.46923828125,0
245510.1875,2,1,2,31.34268569946289,0,0,0,0,0,0,154247.359375,162466.15625,148166.609375,145318.421875,138242.75,139260.28125,7763.2177734375,6244.29736328125,6206.755859375,6817.0732421875,6420.52490234375,6095.36865234375,0
281169.25,2,2,1,31.129629135131836,-2,-2,-2,-2,-2,-2,4086.58984375,5518.70703125,1475.2578125,732.81640625,1099.58984375,-624.55859375,1380.33935546875,1344.0244140625,917.7373046875,1823.406494140625,1645.090087890625,2359.628173828125,0
253495.265625,2,1,1,41.89897537231445,-2,-2,-2,-2,-2,-2,3977.81640625,665.8984375,427.5234375,437.64453125,1032.24609375,-80.1640625,662.0771484375,820.44873046875,635.03955078125,582.72412109375,397.55859375,2678.517578125,0
278042.5625,2,2,2,37.476409912109375,1,-1,0,0,0,0,44955.7109375,157259.21875,138600.296875,140347.28125,72509.578125,121299.5234375,143646.5,21961.228515625,10610.9794921875,9952.966796875,2880.262939453125,12995.4375,0
235954.4375,2,1,2,33.03182601928711,-2,-2,-2,-2,-2,-2,4768.30078125,1490.73046875,3350.3984375,7919.4765625,8075.388671875,3295.32421875,1089.06591796875,2428.697998046875,5719.48193359375,5807.34619140625,2284.38427734375,5175.39306640625,0
81201.4140625,2,2,1,36.78435516357422,0,0,0,0,0,0,20533.65625,18357.595703125,20335.703125,19715.64453125,19091.37109375,17714.287109375,1885.467529296875,2208.7353515625,1760.81298828125,1283.24951171875,1616.177978515625,2267.132080078125,0
131698.609375,1,2,1,34.072383880615234,-1,-1,2,0,0,0,4231.6953125,5461.77734375,3836.26171875,4197.59765625,4335.51953125,4508.79296875,1286.79150390625,664.36181640625,363.31298828125,411.181640625,212.74365234375,1601.02978515625,0
86478.984375,2,2,2,29.01888656616211,0,0,0,0,0,2,52864.79296875,50343.08984375,51841.171875,52465.57421875,51783.2109375,45999.33203125,3063.22509765625,3133.71875,3013.973388671875,3240.9931640625,2467.949462890625,2622.231689453125,0
155835.484375,2,2,2,30.844348907470703,0,0,2,2,2,0,41661.33984375,46009.4296875,43998.47265625,53882.34375,54041.71875,49608.59375,21032.69140625,9303.9423828125,6742.6279296875,5219.33642578125,3748.8642578125,5185.478515625,0
69212.0546875,2,2,1,43.7954216003418,0,0,0,0,0,0,11479.328125,8397.34765625,8930.3671875,7475.6640625,7681.251953125,6396.1015625,1339.5546875,1837.53076171875,1127.6572265625,997.89697265625,978.455322265625,1966.2333984375,0
257539.90625,2,1,2,33.164466857910156,0,0,0,0,0,0,131904.953125,129638.7109375,129371.21875,132456.765625,134234.703125,138305.203125,5818.3271484375,6002.32861328125,5582.53759765625,6303.3544921875,6461.93359375,6105.5400390625,0
121156.34375,2,2,2,31.029123306274414,0,0,0,0,0,0,50596.27734375,49967.27734375,41438.765625,30786.5703125,30364.70703125,27806.8828125,2734.9140625,2425.751220703125,2164.36962890625,2483.835205078125,3134.739990234375,2552.804931640625,0
64350.515625,2,2,2,29.446144104003906,1,2,0,0,0,0,38862.5234375,38581.1328125,39859.62890625,40088.78515625,40159.0859375,36474.0390625,2444.255126953125,3160.11767578125,2262.370361328125,2510.435791015625,2190.811279296875,2641.97705078125,0
92730.53125,1,2,1,29.163494110107422,0,0,2,0,-1,0,11370.15234375,7846.2265625,5226.3046875,5568.41015625,3050.83984375,3165.73046875,1624.429931640625,1714.0498046875,946.17041015625,765.739013671875,1708.059814453125,2117.874755859375,0
154957.015625,2,2,2,37.628963470458984,0,0,0,0,0,0,108129.9609375,90843.8125,83551.078125,64688.3046875,63829.65234375,59085.390625,4055.6318359375,3909.85595703125,3089.166748046875,3062.10693359375,3331.984375,4067.41455078125,0
334627.28125,2,2,1,37.57353973388672,-2,-2,-2,-2,-2,-2,16541.93359375,22360.951171875,11104.796875,13601.7421875,37003.40234375,40710.41015625,26251.736328125,7045.2412109375,6734.97119140625,50461.515625,22556.587890625,15365.31640625,0
224075.5,2,1,1,31.24030303955078,-2,-2,-2,-2,-2,-2,5234.3515625,2858.87109375,3367.83984375,3619.81640625,9563.80859375,1520.515625,1184.07421875,1600.99609375,1667.946533203125,7907.9970703125,1639.219970703125,3574.0322265625,0
219938.65625,2,1,2,30.854839324951172,-1,-1,-1,-1,-1,-1,4243.25390625,1255.59375,727.22265625,922.30078125,1143.5,749.09765625,793.78564453125,1155.84765625,699.02099609375,595.8076171875,491.11376953125,1848.834716796875,0
222239.828125,2,2,2,29.26170539855957,0,0,0,0,0,0,59088.64453125,49189.19140625,75714.453125,61803.6953125,55644.265625,46890.58984375,15673.646484375,6000.126953125,7873.654296875,4414.15380859375,3644.2158203125,5524.2705078125,0
78545.203125,2,2,2,28.31963539123535,0,0,2,2,2,2,30895.681640625,28078.515625,27530.048828125,27931.453125,29255.3359375,27145.97265625,3505.8349609375,2294.2939453125,1976.928466796875,2156.825439453125,2509.778564453125,2393.16845703125,0
140118.953125,2,1,2,32.252647399902344,-1,-1,-1,-1,-1,-1,4377.01171875,1278.78125,769.015625,632.3515625,1182.04296875,2373.15234375,880.71630859375,1199.8154296875,775.81005859375,679.39501953125,620.52685546875,2399.13671875,0
169143.15625,2,1,2,29.64884376525879,1,-2,-2,-2,-2,-2,4084.265625,881.75390625,630.25,917.0625,1103.8671875,-223.11328125,757.9169921875,941.427734375,680.41650390625,1639.91455078125,1472.576904296875,1559.6484375,0
164648.90625,2,1,1,45.73065185546875,0,0,2,0,0,0,61906.2265625,61944.7890625,53854.75,58202.3984375,57343.3359375,53470.85546875,5540.49755859375,5905.27001953125,3844.424560546875,5854.53662109375,4709.8173828125,10201.337890625,0
143282.90625,2,2,2,31.37418556213379,0,0,0,0,0,0,97961.7890625,94047.953125,100332.46875,90764.46875,43007.859375,66403.6640625,5851.61083984375,4387.44091796875,3653.400390625,3337.744873046875,802.4287109375,5090.08154296875,0
196573.078125,2,1,1,44.50068664550781,-1,-1,-1,-1,-1,-1,4742.2578125,967.4140625,1027.0625,1378.0703125,3238.0625,5201.69140625,955.37890625,1343.4794921875,993.25048828125,2464.044677734375,2813.103271484375,3367.02685546875,0
227527.84375,2,1,2,38.650821685791016,-1,-1,-1,0,0,0,10408.10546875,16730.109375,31041.009765625,27748.763671875,32829.62109375,33503.8671875,8114.84326171875,11328.2578125,3770.21826171875,5663.69482421875,9917.9716796875,11018.572265625,0
64144.8984375,1,2,1,35.15465545654297,0,0,0,0,0,0,18012.26953125,12895.1484375,15695.7890625,14995.857421875,15101.84765625,13788.353515625,1713.84375,2082.254150390625,1581.208251953125,1177.838134765625,1167.98095703125,2059.701171875,0
275114.5,2,1,2,33.66898727416992,-1,-1,-1,-1,-1,-1,9008.19140625,7182.66015625,11320.60546875,9117.74609375,9504.80078125,12616.599609375,8364.4189453125,10766.884765625,8572.134765625,9009.021484375,11150.3955078125,10662.4609375,0
212667.953125,2,2,1,37.720951080322266,-1,-1,-1,-1,-1,-1,9091.98828125,8279.45703125,4662.2109375,4291.9609375,4774.44140625,1419.859375,12314.478515625,2166.110107421875,4682.54736328125,4174.0703125,1081.568115234375,4279.98193359375,0
238904.53125,2,2,2,38.340850830078125,-1,-1,-1,-1,-1,2,6602.10546875,4103.2265625,8589.609375,15277.869140625,26518.8203125,10474.412109375,4001.376953125,7080.49853515625,11373.2080078125,13989.890625,3803.375,5276.77880859375,0
85369.25,1,2,1,39.70470428466797,1,2,0,0,0,0,20999.53125,18827.8671875,22015.525390625,25746.8984375,19506.6953125,28766.6171875,1507.4755859375,2191.08447265625,1481.570556640625,14287.005859375,1073.02099609375,2376.656982421875,1
157495.1875,2,2,2,41.2117805480957,2,2,2,2,2,2,131087.46875,132631.703125,130388.796875,135232.953125,139484.828125,139973.140625,6354.63232421875,8111.82421875,5897.814453125,6787.0634765625,5697.04541015625,6767.60546875,1
60958.8515625,1,2,1,28.551902770996094,2,2,2,3,3,2,11152.6796875,12266.9375,12769.63671875,11792.8828125,11720.015625,11325.8515625,1485.06640625,1877.302978515625,1521.11474609375,1034.438232421875,1010.492919921875,1890.595458984375,1
190143.890625,2,1,2,32.277000427246094,0,0,0,0,0,-1,79138.21875,171427.734375,131166.625,60408.40625,39765.91796875,14779.48828125,160368.078125,14097.314453125,5676.7958984375,4149.103515625,1576.6767578125,10350.609375,0
230654.203125,2,2,1,36.80265426635742,0,0,0,0,0,0,87072.0546875,75763.828125,84750.703125,79596.140625,40137.6328125,65174.5625,10565.5107421875,7515.1083984375,6284.9736328125,7515.22021484375,2270.483154296875,4524.16455078125,0
211796.046875,2,1,1,39.284664154052734,-2,-2,-2,-2,-2,-2,4609.09375,2686.37109375,594.31640625,480.46875,1096.9921875,-29.96484375,2342.809814453125,868.849609375,596.57080078125,590.41943359375,351.31103515625,2499.519775390625,0
398442.75,2,1,2,34.09003448486328,0,0,0,0,0,0,287606.75,317252.875,186475.1875,168785.65625,32568.90625,63014.8828125,32710.078125,56075.2890625,45461.36328125,35312.609375,30131.0078125,45748.8671875,0
147066.703125,2,2,2,31.943031311035156,2,2,2,2,2,2,116061.234375,115815.4609375,132911.59375,126675.546875,136105.25,133191.21875,13818.701171875,23802.73046875,8114.75634765625,6663.751953125,7514.86083984375,6839.1650390625,1
141453.171875,2,2,2,30.757320404052734,0,0,0,0,0,0,58964.375,59238.9765625,57764.24609375,58098.01953125,51431.9453125,50948.875,3777.004638671875,3429.066650390625,2774.018798828125,2742.457763671875,2628.6318359375,2774.17529296875,0
71801.765625,1,3,1,37.26829528808594,8,7,6,5,4,3,69184.640625,65575.359375,65490.765625,61264.890625,60737.3515625,53324.2109375,3306.822998046875,3068.617919921875,2811.456787109375,2410.365478515625,2786.02490234375,2024.331298828125,1
66513.6328125,2,2,1,28.90073013305664,0,0,0,0,0,0,14545.83203125,12891.953125,12422.71484375,12445.41796875,13586.8828125,11645.59375,2042.350830078125,1967.186767578125,1499.67626953125,1174.466796875,1150.78955078125,2044.280029296875,0
276279.4375,2,1,2,31.70355987548828,-2,-2,-2,-2,-2,-2,5270.31640625,1957.85546875,4004.2890625,6108.90234375,14162.189453125,9531.4140625,1042.306640625,5370.77978515625,3197.66796875,9135.4384765625,4953.77978515625,4492.5869140625,0
86217.9765625,1,2,1,39.369163513183594,0,0,2,2,0,0,14131.81640625,10291.43359375,8423.140625,6092.6875,6185.15234375,5088.94140625,2946.88818359375,1796.08203125,1341.912109375,500.8349609375,488.82568359375,1915.468505859375,0
214007.53125,2,1,1,31.171422958374023,-1,-1,-1,-1,-2,-2,3892.32421875,1244.62890625,1651.3203125,545.03125,1097.03515625,-9.09765625,876.48779296875,1065.162109375,787.673828125,553.10400390625,348.1484375,2089.6865234375,0
64527.1171875,2,3,1,36.86497497558594,2,2,2,0,0,0,10890.6640625,9192.1796875,8213.87109375,9591.05859375,8737.333984375,7964.7734375,1195.0009765625,1736.814453125,1307.447265625,1092.537841796875,1133.717529296875,2008.813232421875,1
167304.046875,2,2,2,31.358570098876953,0,0,0,0,0,0,114422.3203125,93182.875,84393.71875,88317.3359375,56973.24609375,98435.453125,4173.5546875,3985.185302734375,2899.771240234375,22775.95703125,2771.61962890625,3333.8994140625,0
231245.25,2,1,1,39.394447326660156,-1,-1,-1,-1,-1,-1,4818.0703125,3148.28515625,3425.82421875,892.26171875,2977.1328125,3381.24609375,2007.663330078125,2215.91943359375,807.89208984375,2405.876220703125,1614.790283203125,3354.22021484375,0
223899.3125,2,1,1,39.70379638671875,-2,-2,-2,-2,-2,-2,6083.56640625,1847.3828125,8657.0625,2043.16796875,840.609375,-178.3984375,1300.91552734375,8557.2080078125,1190.489501953125,746.281982421875,1045.5068359375,6755.65234375,0
177022.65625,2,2,2,40.77968215942383,-1,-1,-1,-1,-1,-1,4421.234375,1358.6484375,3153.0,1261.7734375,1160.69921875,1492.05859375,886.4873046875,1417.82470703125,462.79150390625,668.25439453125,534.36083984375,2420.1171875,0
200767.34375,2,2,1,42.76612091064453,-2,-2,-2,-2,-2,-2,4779.58984375,1655.86328125,2107.2890625,1245.25390625,1292.9765625,2650.3125,877.82666015625,1078.61669921875,827.81884765625,825.65380859375,1441.052001953125,2953.650390625,0
163730.15625,2,1,2,38.06024169921875,0,-1,0,-1,-1,-1,7751.7109375,7441.65625,3836.7890625,2105.1171875,4506.72265625,1988.765625,1884.383056640625,4380.267578125,1959.917236328125,4739.1884765625,3823.239990234375,8239.474609375,0
268304.84375,2,1,2,32.33755874633789,1,-1,0,0,0,0,22297.169921875,36266.19140625,44387.59765625,48221.94921875,61255.1796875,57018.91015625,36956.3359375,15927.0234375,13106.03515625,23756.66015625,9679.6201171875,19089.177734375,0
54072.453125,2,2,2,37.33287811279297,2,2,2,2,0,0,71423.75,68559.640625,47879.53125,43326.07421875,27639.7578125,24472.03125,3287.67578125,3261.832275390625,1769.200439453125,1367.81689453125,1491.018310546875,2245.852783203125,1
75365.90625,1,2,1,30.315217971801758,0,0,0,2,2,-2,25575.05859375,23230.21875,20710.923828125,12017.443359375,10273.697265625,2201.43359375,1824.73876953125,2398.708740234375,1838.3505859375,250.14208984375,278.32275390625,1968.34765625,0
82624.8515625,1,2,1,28.373943328857422,0,0,0,0,0,0,20787.0,18820.86328125,19241.287109375,17627.169921875,15358.001953125,16121.1171875,1796.21923828125,2097.37158203125,1496.869140625,1159.145751953125,1144.7109375,2269.767578125,0
63759.1875,1,2,1,30.755611419677734,1,2,2,2,2,2,20220.134765625,19505.578125,21539.04296875,21579.583984375,23540.583984375,21865.806640625,1640.1455078125,2054.3583984375,2265.09375,1220.4794921875,1499.860107421875,2149.66796875,1
240313.53125,2,1,2,32.83559036254883,-1,-1,-1,0,0,0,9941.30078125,7330.24609375,32298.6015625,29195.171875,34565.859375,30745.478515625,6267.53564453125,17488.498046875,9646.404296875,9069.8876953125,4481.130859375,10590.580078125,0
117534.890625,2,2,2,36.66206359863281,0,0,0,0,0,0,11843.234375,12546.87109375,12899.24609375,16575.404296875,30394.8671875,20664.216796875,1741.36474609375,4514.35400390625,3170.57763671875,8750.400390625,3141.39306640625,3645.37109375,0
397994.4375,2,1,1,31.207515716552734,-1,-1,-1,-1,-1,0,32370.96484375,49160.05859375,56100.5390625,69806.09375,60651.203125,75732.9375,27057.724609375,50563.65234375,36186.17578125,55044.203125,29506.1328125,37879.703125,0
182466.109375,2,1,1,32.766136169433594,1,-1,2,-2,-2,-2,4968.421875,5354.953125,3476.18359375,1172.734375,843.15625,-245.109375,2207.771240234375,1209.5634765625,729.91845703125,645.08056640625,634.033203125,3868.33837890625,0
346172.59375,1,1,1,45.302101135253906,0,0,0,0,0,0,294626.0625,285023.40625,301089.625,273719.53125,290799.03125,259081.09375,12844.068359375,11216.869140625,12673.931640625,13273.41015625,12651.6298828125,14382.64453125,0
182857.84375,2,1,2,30.58949089050293,-1,-1,-1,-1,0,0,4901.7265625,1697.76171875,4059.97265625,11296.81640625,6442.234375,8650.103515625,1213.87939453125,2054.2998046875,7813.00830078125,1809.429931640625,947.83642578125,2530.853515625,0
209312.484375,2,2,2,37.31194305419922,0,0,0,0,0,0,56675.58203125,49978.04296875,49917.70703125,35057.1875,28592.38671875,22036.021484375,5795.068359375,5858.80517578125,3713.249267578125,3478.030029296875,4106.34228515625,3580.382568359375,0
121542.5234375,2,1,2,32.29009246826172,0,0,0,0,0,0,16249.24609375,13811.25,11786.4375,11325.330078125,10891.966796875,11716.8671875,2048.659912109375,2310.97265625,1638.218505859375,1428.2724609375,1468.637939453125,4567.34130859375,0
195235.84375,2,1,2,31.33571434020996,-1,-1,-1,0,0,0,4949.4375,5422.6875,4813.37890625,5108.109375,6649.546875,8665.634765625,1740.432373046875,1186.587890625,665.29833984375,951.599609375,1219.897705078125,3505.056640625,0
244360.59375,2,1,2,31.898265838623047,-1,-1,-1,-1,-1,-1,6037.32421875,2718.90234375,1281.828125,2164.3125,3249.46484375,3801.74609375,2250.75341796875,1898.67138671875,2171.658935546875,3943.15185546875,4659.09521484375,2956.96435546875,0
314875.875,2,1,1,42.02256393432617,-1,-1,-1,-1,-1,-1,18702.900390625,25336.240234375,23152.60546875,26575.27734375,28485.58984375,24252.138671875,18852.783203125,13135.935546875,19628.369140625,14460.85546875,32414.14453125,24569.62890625,0
175886.8125,2,2,2,30.173011779785156,0,0,0,0,0,0,141861.671875,138882.75,110415.234375,92684.96875,58408.5703125,48273.37109375,7589.64111328125,5486.84521484375,2974.5947265625,2866.6513671875,2840.564453125,6099.9541015625,0
180496.796875,2,1,1,32.17609405517578,1,-2,-2,-2,-1,-1,4192.96875,881.4140625,456.26953125,468.51171875,3241.63671875,4699.58984375,664.76171875,1008.19873046875,666.916015625,1565.591552734375,339.99951171875,3158.586669921875,0
53369.2109375,1,2,1,33.69740676879883,0,0,0,0,0,0,10054.12890625,7071.30859375,8177.8359375,6612.6875,7703.302734375,5799.83203125,1146.421875,1738.8818359375,1504.5654296875,831.50439453125,917.437744140625,1861.059814453125,0
99902.6171875,2,1,2,29.10771942138672,-1,0,0,0,0,0,34161.5546875,60772.3203125,54434.0234375,32357.3203125,24621.87109375,9633.23828125,61600.98046875,10659.970703125,4456.7607421875,1597.343994140625,2242.951904296875,5719.041015625,0
190053.984375,2,3,1,44.059226989746094,-1,-1,-1,-1,-1,-1,4731.90234375,2729.68359375,1161.41015625,2233.26171875,1635.8125,4002.87109375,2797.085693359375,1155.259765625,1429.489501953125,628.4208984375,2250.126708984375,2172.8359375,0
241763.78125,2,1,2,39.817138671875,-2,-2,-2,-2,-2,-2,4700.984375,1516.66015625,3786.4453125,631.41796875,929.390625,165.50390625,691.283203125,4712.1689453125,756.01025390625,635.22998046875,728.60400390625,4349.05078125,0
86342.4375,2,2,1,37.12239456176758,2,2,2,0,0,0,50730.8203125,48669.9375,48857.06640625,36305.03515625,32947.3984375,27715.3125,2456.742431640625,2950.108642578125,2237.72265625,1507.55419921875,1597.620361328125,2582.51513671875,1
210555.328125,2,2,1,38.800621032714844,-2,-2,-2,-2,-2,-2,12380.18359375,6382.0078125,5603.29296875,2640.16796875,3728.08984375,-2629.3515625,7100.7890625,7466.54345703125,8830.939453125,2243.745361328125,2168.68408203125,3951.0244140625,0
201769.109375,2,1,1,42.57817840576172,-1,-1,-1,-1,-1,-1,6520.421875,1971.359375,1789.2578125,2026.74609375,874.10546875,1428.5703125,622.96044921875,1999.383056640625,1928.41455078125,749.02685546875,780.42333984375,23111.169921875,0
244834.28125,1,2,1,28.663501739501953,-2,-2,-2,-2,-2,-2,3751.84765625,795.421875,548.41015625,871.3671875,1100.67578125,-33.55859375,479.5078125,756.5693359375,503.02099609375,456.18896484375,303.6162109375,1560.312255859375,0
225534.25,2,1,2,33.1608772277832,0,0,0,0,0,0,94940.8515625,83391.671875,50386.00390625,16901.947265625,25778.923828125,85045.5234375,12306.5498046875,5239.32470703125,5433.7626953125,5784.99560546875,87335.2890625,9569.06640625,0
106268.4453125,2,2,2,36.99687957763672,0,0,0,-1,-1,-1,11734.41796875,2981.734375,3690.62890625,2216.94140625,1242.8984375,116.96875,1316.0283203125,2746.681884765625,1241.522216796875,608.1884765625,469.2099609375,2255.4375,0
83328.1484375,1,2,1,36.324493408203125,0,0,0,0,0,0,9984.89453125,7119.37109375,6653.29296875,5286.01171875,5684.8203125,6992.525390625,957.67041015625,1814.4130859375,1044.70849609375,668.3125,840.6123046875,2021.18310546875,0
184461.484375,2,1,1,32.61848449707031,-1,-1,-1,-1,-1,-1,4425.36328125,1044.65625,478.4765625,496.4375,1051.65625,102.0546875,904.47021484375,1161.8642578125,859.87744140625,721.78173828125,557.63134765625,3243.52978515625,0
216805.375,2,1,2,32.80532455444336,0,0,0,0,0,0,36005.3125,35976.56640625,20767.46484375,185907.390625,160044.515625,149830.21875,5245.9150390625,15934.0283203125,127164.3046875,11345.18359375,9751.662109375,8997.4306640625,0
81446.6015625,2,2,1,36.44447708129883,0,0,0,0,0,0,20372.173828125,17761.25390625,19628.873046875,18317.130859375,26650.53125,16768.705078125,1780.07275390625,2119.83984375,1534.944091796875,1160.24560546875,13225.095703125,2225.11767578125,0
218345.75,2,2,2,37.26266098022461,0,0,0,0,0,0,116588.734375,112041.53125,112542.9375,115300.46875,108195.359375,103015.046875,5392.44677734375,5239.69970703125,3996.6875,5018.568359375,5053.70947265625,4068.92041015625,0
199156.734375,2,2,1,40.3536376953125,2,2,2,0,0,0,148536.34375,140573.125,138782.40625,126848.09375,111002.296875,111484.6015625,6236.271484375,6340.57275390625,4323.7587890625,4607.2333984375,5010.1376953125,4495.255859375,0
111097.75,2,2,2,36.86122131347656,0,0,0,0,0,0,31300.748046875,27484.236328125,29955.578125,29569.44921875,28479.18359375,26268.20703125,2188.657958984375,2330.80029296875,1991.959716796875,1519.052490234375,1554.013427734375,2387.188232421875,0
80455.0078125,2,2,1,28.871646881103516,0,0,0,0,0,0,26665.875,23228.765625,23267.369140625,21929.927734375,24266.87109375,22627.984375,1950.0185546875,2403.02880859375,1969.822998046875,1399.59375,1606.5673828125,2247.262939453125,0
24902.75,2,2,2,28.487651824951172,1,2,2,0,0,0,11052.08984375,13315.4453125,11421.26171875,12467.115234375,13594.32421875,12565.95703125,1492.52001953125,1910.85400390625,1512.7314453125,1175.26416015625,1213.7890625,2056.38818359375,0
46142.90625,2,2,1,37.1488151550293,1,2,2,2,2,2,20159.998046875,19343.015625,21424.56640625,20067.681640625,21936.0859375,19601.9765625,1550.53662109375,2099.831787109375,1813.63818359375,1230.241943359375,1380.590576171875,2279.9951171875,1
261776.375,2,2,1,37.92947769165039,0,0,0,0,0,0,149651.09375,145109.46875,144909.734375,143862.0,136946.03125,139140.25,9178.234375,7185.65283203125,5423.49072265625,6973.669921875,6567.90869140625,6311.25390625,0
152220.4375,2,2,2,30.929067611694336,0,0,0,0,0,0,69788.796875,62842.90234375,64575.1484375,65279.08203125,59556.14453125,55557.89453125,4466.6728515625,3844.367431640625,3071.021240234375,4086.939697265625,4190.353515625,3905.94287109375,0
32891.359375,1,2,2,30.20592498779297,0,0,0,0,0,0,20002.94140625,17313.62109375,19079.087890625,17572.642578125,17046.189453125,16441.42578125,1709.00439453125,2109.396484375,1513.248046875,1153.996826171875,1214.174072265625,2259.19482421875,0
276665.875,2,1,1,41.975955963134766,-1,-1,-1,-1,-1,-1,15122.26171875,22475.62890625,14959.486328125,6990.80859375,13935.509765625,7656.8671875,31361.10546875,11678.78125,4222.193359375,12385.369140625,4093.0673828125,10728.693359375,0
99324.453125,2,2,2,28.894880294799805,0,0,0,0,0,0,22395.30859375,21073.884765625,21050.013671875,21445.04296875,23304.619140625,20548.771484375,1778.203857421875,2370.29833984375,1939.3759765625,1399.952392578125,1622.195556640625,2426.012451171875,0
84540.8515625,2,2,2,28.455846786499023,0,0,0,0,0,0,21279.443359375,21116.435546875,15796.1796875,8244.8671875,8602.314453125,5443.91796875,3256.778076171875,3445.156494140625,3165.6865234375,2064.787353515625,1678.54443359375,13741.009765625,0
251821.9375,2,2,1,41.959564208984375,0,0,0,0,0,0,117141.46875,103071.8984375,114155.328125,127937.0625,130549.65625,131282.328125,7861.2841796875,9657.72265625,10282.5126953125,10625.9716796875,9587.37109375,7267.337890625,0
30549.453125,2,2,2,41.6982307434082,0,0,2,0,0,0,32587.650390625,28437.091796875,28629.056640625,27482.1796875,27760.71875,24773.13671875,2679.107666015625,2284.84716796875,1897.943115234375,1442.89013671875,1596.916748046875,2301.823486328125,0
270056.5,2,1,1,33.19058609008789,-2,-2,-2,-2,-2,-2,5480.296875,5407.6015625,4323.2109375,2880.7578125,6540.58203125,20450.88671875,3169.812255859375,2359.76318359375,2382.12646484375,2413.386962890625,22076.2890625,9421.732421875,0
119521.9609375,2,2,1,40.12980270385742,0,0,0,0,-1,-1,65242.203125,59419.5703125,26604.859375,26371.03125,3212.89453125,4758.921875,3464.361083984375,3112.414306640625,443.88330078125,607.4892578125,546.98828125,2282.184326171875,0
153809.3125,2,2,1,37.76448440551758,2,2,2,2,2,2,126586.21875,122286.8046875,122397.546875,127702.6875,114039.59375,123748.5234375,5103.8232421875,6293.31396484375,5830.3662109375,4268.73876953125,4527.50048828125,6132.03125,1
23790.078125,2,2,2,36.74143600463867,0,0,0,0,2,0,30892.875,27699.916015625,29767.521484375,27179.453125,27643.041015625,25082.083984375,2109.100341796875,2510.80615234375,1966.598876953125,1220.795166015625,1554.42041015625,2225.27099609375,0
55776.375,1,2,1,36.94017028808594,1,2,2,2,2,0,16829.3828125,18074.9921875,20674.7421875,17650.62109375,18148.97265625,16948.095703125,1502.787109375,2022.898681640625,1808.437744140625,994.536865234375,1079.426025390625,2086.4287109375,1
412848.625,1,1,1,42.03343200683594,0,0,0,-1,-1,-1,250494.09375,230155.8125,130537.953125,110023.625,84173.5,136553.78125,23837.611328125,38440.5859375,36726.60546875,15826.767578125,248648.453125,23404.208984375,0
212413.296875,2,1,1,31.262208938598633,-1,-1,-1,0,0,0,4887.2890625,2155.74609375,9540.01171875,5436.8046875,4980.78125,4771.00390625,1291.23876953125,6240.6220703125,1264.494384765625,970.679443359375,593.7138671875,3847.86962890625,0
45134.4140625,2,2,2,30.31379508972168,0,0,0,0,0,0,52507.9609375,45209.49609375,45851.1328125,39823.21875,40024.54296875,36249.4609375,2854.869384765625,3098.466064453125,2271.85400390625,2526.74658203125,2175.0615234375,3116.40625,0
233087.859375,2,1,1,40.47383499145508,-1,-1,-1,-1,-1,0,6019.9609375,1732.96484375,2305.5234375,6270.8359375,26776.66796875,15554.203125,1660.097412109375,1880.9326171875,3525.115478515625,13898.744140625,6625.51123046875,3928.12841796875,0
69398.7421875,2,2,2,41.613399505615234,0,0,0,0,0,0,12212.1953125,7409.5,8900.36328125,7033.9609375,7901.068359375,7693.65625,1498.65234375,1982.916015625,1274.49755859375,1065.050537109375,1072.85009765625,2742.9580078125,0
233205.203125,2,1,2,31.92876625061035,0,0,0,0,2,0,43071.9140625,40512.6796875,30957.361328125,31116.625,18459.349609375,24381.4375,5977.2734375,7380.7431640625,4188.068359375,4722.55322265625,4273.3642578125,8976.6943359375,0
73994.328125,2,2,2,31.11517906188965,0,0,0,0,0,0,49646.15625,36019.08203125,31655.640625,28200.4765625,22029.4296875,18243.708984375,5003.10400390625,5066.9560546875,12530.140625,3261.89599609375,2260.14599609375,3361.04052734375,0
45963.015625,1,3,1,41.609622955322266,2,2,2,0,0,0,12102.9375,9591.03515625,8663.9375,9301.953125,8967.28125,11123.60546875,1273.82958984375,1852.00244140625,1348.93603515625,1078.343505859375,1337.3203125,1975.665283203125,1
223057.9375,2,1,1,41.43497085571289,1,-2,-2,-2,-2,-2,3973.71875,824.5546875,463.359375,501.59765625,1117.47265625,-37.6015625,548.65478515625,801.484375,612.78173828125,534.8994140625,285.9736328125,2015.386474609375,0
225401.953125,2,1,2,33.78294372558594,1,2,2,0,-1,-1,12045.95703125,19725.05078125,13548.74609375,6449.99609375,63938.0859375,42756.1796875,2305.4501953125,8073.4658203125,3495.65771484375,75036.9765625,3662.6259765625,12606.3544921875,0
53918.8203125,1,2,1,30.637725830078125,2,2,2,2,2,2,29981.181640625,26877.05859375,28624.88671875,28758.25,29231.40625,26927.42578125,2070.906982421875,2196.227783203125,1946.799560546875,1336.06103515625,1429.70458984375,2127.349365234375,1
218726.4375,2,1,1,38.71999740600586,-2,-2,-2,-2,-2,-2,4473.62890625,1477.8828125,2488.64453125,3288.9609375,1321.46875,2382.12890625,909.2763671875,1486.60791015625,3611.2978515625,664.66259765625,553.3583984375,3062.381103515625,0
202806.9375,2,1,2,31.047752380371094,-1,-1,-1,-1,-1,-2,4283.04296875,846.296875,764.85546875,961.9140625,1115.33984375,-16.234375,903.30029296875,1075.6826171875,820.72021484375,619.60009765625,410.52880859375,2088.42822265625,0
45417.046875,2,2,2,31.48367691040039,0,0,0,0,0,0,54671.7578125,68344.0859375,47170.625,41293.859375,40533.76171875,38447.7421875,2785.64794921875,3258.78369140625,2360.5087890625,2505.66748046875,2147.597412109375,3275.6318359375,0
40509.5234375,2,2,1,42.01409912109375,1,2,2,2,2,2,11015.9296875,10193.19921875,10387.47265625,11434.888671875,11237.5703125,12542.251953125,1508.685546875,1901.314697265625,1480.849365234375,1033.034912109375,1034.255615234375,2033.186767578125,1
270416.9375,2,2,1,40.79425048828125,0,0,0,-1,0,0,29391.59375,24503.95703125,17672.38671875,230271.78125,242223.6875,241949.015625,6437.69677734375,15885.2666015625,260674.828125,15040.642578125,17352.78125,12306.025390625,0
234467.484375,2,1,1,40.89799118041992,-1,-1,-1,-1,-1,-1,6774.62890625,1334.625,-37.16796875,1364.4921875,2674.19140625,4424.21875,1831.050537109375,4160.052734375,2143.08642578125,3417.16015625,6885.9794921875,8027.9013671875,0
206488.84375,2,2,2,37.584842681884766,-1,-1,-1,-1,-1,-1,9009.6953125,9857.75,3331.40234375,1633.546875,1601.39453125,2345.7265625,13178.486328125,1568.6982421875,1241.182373046875,1168.18115234375,1014.2841796875,3858.83544921875,0
48751.5078125,1,2,2,35.35694885253906,0,0,0,2,2,2,44247.91015625,43342.9453125,44414.3515625,46673.50390625,44882.54296875,44801.2265625,2613.745361328125,3285.609619140625,2271.201171875,2294.58837890625,2333.454833984375,2597.964599609375,1
146221.125,2,2,2,31.969655990600586,0,0,0,0,0,0,153500.09375,150855.703125,145762.140625,149179.78125,75377.328125,126151.2421875,7053.59716796875,6029.92138671875,5698.84033203125,4405.37109375,459.00341796875,7617.46826171875,0
234859.15625,2,1,1,40.2833137512207,-2,-2,-2,-2,-2,-2,4524.45703125,513.83984375,177.30078125,416.15625,815.828125,-289.87890625,625.48046875,1258.70166015625,892.54541015625,629.384765625,602.02734375,3773.023681640625,0
120013.46875,2,1,2,29.590499877929688,0,0,0,0,0,0,15424.4296875,13076.51953125,11756.94140625,12126.62890625,12527.802734375,12949.291015625,1810.296875,2199.61572265625,1515.733154296875,1249.13525390625,1256.654052734375,2790.38232421875,0
70878.9609375,2,2,2,29.097854614257812,0,0,0,0,0,0,58800.765625,58589.27734375,57728.4921875,56763.41796875,56555.0078125,50127.26171875,3184.177978515625,3253.02490234375,2606.451171875,2682.766357421875,2752.26123046875,2595.861328125,0
278685.25,2,1,1,39.3111686706543,-2,-2,-2,-2,-1,-2,7456.984375,3225.4921875,3817.3984375,3386.03125,2693.6953125,2247.11328125,2715.167724609375,6729.099609375,4589.30224609375,3538.25830078125,4291.5302734375,5221.607421875,0
103309.75,2,2,2,28.44550323486328,-1,-1,-1,-1,-1,-1,3826.03515625,1504.86328125,1049.87109375,1769.5546875,1317.1015625,194.09375,724.5869140625,1118.09033203125,804.59228515625,880.022705078125,498.810546875,2016.951904296875,0
368988.71875,2,2,2,38.46715545654297,0,0,0,0,0,0,290906.34375,284248.875,292241.15625,256155.40625,259428.328125,239248.90625,13530.2060546875,13582.9150390625,14305.943359375,14729.58984375,14366.650390625,12704.42578125,1
255752.65625,2,1,1,41.800079345703125,-1,-1,-1,-1,-1,-1,5143.953125,3113.69921875,3469.00390625,1847.296875,3339.6953125,4707.62890625,2658.57568359375,2665.672119140625,1436.198486328125,2621.560546875,2929.391357421875,4451.181640625,0
194867.921875,2,1,2,37.17185974121094,1,2,2,2,0,0,151421.96875,157039.8125,158882.4375,157371.921875,159425.875,150906.765625,9239.6083984375,7174.9638671875,7647.009765625,8575.2197265625,8828.298828125,8068.13623046875,0
279232.4375,2,1,1,33.3424186706543,0,0,0,0,0,0,84657.234375,78089.3203125,78520.1875,70262.2421875,67792.390625,62928.46875,7870.7412109375,7647.27587890625,7094.92529296875,10486.8818359375,8134.5576171875,10472.22265625,0
111068.234375,2,2,1,29.980566024780273,0,0,2,0,0,0,12343.88671875,8232.91796875,7119.875,6225.14453125,6835.00390625,5260.046875,1850.89501953125,1677.2314453125,1177.88818359375,902.787109375,854.286376953125,2777.97509765625,0
230699.6875,2,1,2,42.368186950683594,1,-1,-1,-1,-2,-2,12693.68359375,9665.8828125,5016.5,858.18359375,854.18359375,-294.17578125,14185.20703125,1867.95849609375,1900.08154296875,1062.28369140625,1072.9541015625,6218.9287109375,0
190538.703125,2,1,1,31.17424774169922,-1,-1,-1,-1,-1,0,4865.4609375,6776.2734375,2778.26171875,1188.3125,5823.94140625,4830.296875,4099.88232421875,1282.93212890625,881.54833984375,3913.87890625,843.26123046875,3051.3955078125,0
223057.9375,2,1,1,42.50030517578125,1,-2,-2,-2,-2,-2,4378.328125,554.41015625,202.53125,437.4296875,846.33203125,-268.8359375,539.59814453125,1200.2783203125,891.01025390625,626.20068359375,545.00439453125,3824.75927734375,0
246900.03125,2,2,1,36.92870330810547,0,0,0,0,0,0,180226.28125,146785.0625,151054.671875,135213.8125,130826.328125,131848.59375,9472.3583984375,10096.328125,5911.7001953125,8743.7861328125,9157.017578125,6332.87744140625,0
182141.328125,2,1,1,38.73745346069336,-2,-2,-2,-2,-2,-2,4134.53515625,783.984375,475.66015625,495.15625,1098.390625,-31.7109375,632.5361328125,820.75244140625,614.31689453125,540.48779296875,342.734375,2051.27880859375,0
100184.4765625,2,2,1,40.887908935546875,0,0,0,0,0,0,75324.15625,73426.890625,63957.71484375,63521.71484375,23237.291015625,45081.4765625,3409.636962890625,3524.672119140625,2543.905517578125,2595.16015625,106.517578125,3060.693603515625,1
139575.390625,2,2,1,37.242408752441406,0,0,0,0,0,0,36664.16015625,32303.58203125,30988.68359375,26326.478515625,23272.751953125,23388.0078125,2415.474853515625,2666.65087890625,1904.081787109375,1414.65771484375,1192.651611328125,2584.666748046875,0
128293.546875,2,2,1,40.42898941040039,0,0,0,0,0,0,141889.078125,133820.1875,107618.734375,96490.8203125,67885.765625,56683.234375,5269.60791015625,5215.46484375,2920.694091796875,2932.7470703125,3152.0361328125,5029.2373046875,0
252013.0625,2,1,2,33.269859313964844,-1,-1,0,2,-1,-1,13146.34375,10778.859375,13411.33984375,5203.3203125,10510.365234375,11434.6640625,16084.95703125,7687.228515625,3260.41552734375,9877.833984375,10109.935546875,9046.76953125,0
129306.1640625,2,2,2,29.35251808166504,0,0,0,0,0,0,73920.1640625,75719.625,71395.140625,64670.2890625,62462.0390625,50807.0546875,3481.77587890625,3603.491943359375,2964.652099609375,2774.39990234375,2770.962890625,3034.05712890625,0
482409.84375,2,1,1,34.18091583251953,0,0,0,0,0,0,471284.3125,473486.0625,433080.34375,436604.53125,406389.5625,391156.75,21586.365234375,16213.1015625,17397.0625,17948.279296875,15936.39453125,20115.8828125,0
194752.96875,2,2,2,30.29313087463379,-2,-2,-2,-1,-1,0,4977.203125,4698.1015625,2257.8515625,5335.109375,8467.166015625,3302.8828125,1728.149169921875,1256.60791015625,3958.057861328125,6003.1982421875,6672.2998046875,2752.322265625,0
115200.765625,1,2,2,31.046619415283203,0,0,0,0,0,0,53576.81640625,67326.328125,46517.21484375,42777.71875,25470.943359375,30378.55859375,3615.8271484375,17396.27734375,3968.48095703125,1915.23046875,37251.40625,5907.34228515625,0
246176.375,2,1,1,43.24501037597656,-1,-1,-1,0,0,0,15356.625,6480.12109375,20365.294921875,19568.185546875,15293.51953125,6580.16796875,2553.7060546875,13968.53125,8864.837890625,3368.9345703125,2724.3056640625,11593.52734375,0
96291.6875,2,2,1,35.68178939819336,0,0,0,0,0,0,72983.890625,70911.8359375,63867.03125,54572.3359375,47628.328125,45601.6015625,3585.230712890625,3353.60107421875,2553.5693359375,2571.55126953125,2202.76025390625,2889.615966796875,0
97646.109375,2,2,2,28.366779327392578,0,0,0,0,0,0,14176.21875,6879.33203125,7888.9453125,16977.87109375,43152.28515625,35272.86328125,1573.20263671875,2776.790283203125,2824.373046875,29394.970703125,5076.78125,3939.4814453125,0
209071.1875,2,2,1,37.87244415283203,0,0,0,0,0,0,148803.6875,143686.03125,104207.46875,101096.8671875,59738.0078125,55784.484375,7887.888671875,5712.7578125,2375.376708984375,3013.81982421875,3225.90380859375,6466.537109375,0
62738.0078125,2,3,1,41.10773849487305,0,0,0,0,0,0,19743.7734375,26654.31640625,20253.287109375,17236.65625,17614.1484375,17481.892578125,1822.82080078125,2106.611083984375,1489.719970703125,1152.751220703125,1171.903076171875,2211.6435546875,0
227587.734375,2,1,1,36.7657356262207,-2,-2,-2,-2,-2,-2,4690.32421875,1316.8984375,2906.51171875,570.19140625,1095.86328125,448.03515625,954.81103515625,1787.18212890625,978.87548828125,1778.45947265625,1621.04443359375,2610.924560546875,0
247914.421875,2,1,2,30.14124870300293,-2,-2,-2,-1,-1,-1,4420.08984375,1486.3671875,1019.7265625,2436.33203125,1231.98828125,1497.984375,662.0615234375,1218.376953125,1634.6171875,652.85302734375,569.81640625,2494.25146484375,0
159826.546875,2,2,1,42.63535690307617,-1,-1,-1,-1,-1,-1,4245.19140625,1302.42578125,792.3046875,929.94921875,1160.34765625,787.765625,643.41455078125,1088.3544921875,622.37744140625,574.60791015625,416.37060546875,1693.2998046875,0
173916.90625,2,2,2,38.73716735839844,-1,2,-2,-2,-2,-2,10807.53125,1643.44140625,700.03515625,869.00390625,1107.23828125,13.9921875,667.12548828125,839.87353515625,618.43798828125,542.79931640625,349.30712890625,2095.5556640625,1
155367.890625,2,3,1,34.92391586303711,0,-1,0,0,0,0,21006.705078125,114686.4296875,78895.34375,65415.875,57962.453125,46904.91015625,15919.78125,11352.8828125,5567.57568359375,4246.994140625,3603.91455078125,6577.2734375,0
201862.609375,2,1,2,31.07542610168457,0,-1,0,-1,-1,-1,23863.650390625,21111.7734375,13649.109375,3083.16796875,3535.78515625,4291.6640625,17324.169921875,7831.2763671875,3063.797119140625,2873.11376953125,1405.587646484375,7043.9658203125,0
54741.7421875,2,2,2,28.540075302124023,1,2,2,2,0,2,29748.681640625,26390.556640625,28917.404296875,28256.453125,27687.203125,26085.15234375,1879.0771484375,2204.822998046875,1903.247314453125,1304.906982421875,1488.411865234375,2249.357421875,1
92038.3359375,2,2,2,39.870609283447266,0,0,0,0,0,0,20557.724609375,18242.51171875,21333.455078125,19739.2109375,21523.859375,18628.591796875,1891.503173828125,2603.010498046875,1795.97216796875,1433.212646484375,1649.58056640625,2575.571044921875,0
269509.25,2,2,2,39.25092315673828,-2,-2,-2,-2,-2,-2,3961.33984375,3260.890625,1100.7578125,532.7578125,1078.70703125,319.484375,864.19921875,920.36376953125,662.27490234375,1189.48583984375,888.287109375,2430.850830078125,0
241044.703125,2,2,1,32.796714782714844,0,0,0,0,0,0,135422.71875,136699.6875,133629.984375,132464.171875,131683.0,130958.4921875,6685.29296875,6050.20263671875,5734.18994140625,5805.81591796875,6326.02197265625,5458.2041015625,0
228858.4375,2,3,1,38.30805587768555,-1,-1,-2,-1,-1,-2,3914.0859375,840.0625,808.47265625,1742.42578125,1098.125,-32.83203125,727.283203125,856.5546875,1208.05859375,603.73828125,398.04296875,1914.831298828125,0
77401.0703125,2,2,2,30.485563278198242,-1,-1,-1,0,0,-1,4176.3046875,1525.51953125,4398.32421875,4291.94921875,2285.9765625,1549.22265625,599.6337890625,1595.85595703125,349.4462890625,412.47314453125,403.6904296875,1712.36865234375,0
22218.296875,2,2,2,34.44679641723633,0,0,0,0,0,0,30732.810546875,28481.771484375,29595.814453125,25878.796875,24412.67578125,21369.1328125,2073.507568359375,2339.394287109375,1955.479248046875,1368.77001953125,1552.59326171875,2393.065673828125,0
270334.09375,2,1,2,39.67253112792969,-1,-1,-1,-1,-2,-2,9518.47265625,3812.58984375,5620.08203125,1385.4765625,1096.9765625,-5838.640625,4728.2041015625,8249.955078125,2435.485595703125,3657.16748046875,2037.95166015625,11174.193359375,0
174959.6875,2,2,2,29.360837936401367,0,0,0,0,0,2,83668.578125,80530.453125,73814.421875,67440.2734375,62209.86328125,53720.40234375,3916.797607421875,3893.0205078125,3377.5830078125,3422.08984375,2631.6171875,3487.12255859375,0
175686.1875,2,2,1,40.497188568115234,1,2,0,0,2,0,145204.265625,138760.5,143273.015625,149213.5,140920.5625,144408.09375,6977.40966796875,8271.884765625,6542.93310546875,6906.13134765625,7571.42578125,4405.94287109375,0
86267.203125,2,2,1,36.5179443359375,0,0,0,0,0,0,10231.3359375,6363.8515625,7200.30859375,6128.9453125,6911.94921875,5650.89453125,1122.2666015625,1751.66748046875,1059.38623046875,982.526611328125,981.98974609375,1992.998291015625,0
139746.4375,1,2,1,35.20625686645508,0,0,0,0,-1,-1,44463.140625,34982.765625,21732.806640625,14227.626953125,2975.12890625,6198.0,3271.030517578125,2574.1708984375,1008.27099609375,981.329345703125,2967.1328125,2741.144775390625,0
72304.1875,2,2,1,34.563480377197266,0,0,0,0,0,2,55799.12109375,51443.90234375,32542.203125,19170.599609375,10524.546875,10233.328125,3215.303955078125,2207.56103515625,1255.0078125,1092.435302734375,1144.314697265625,2408.450927734375,0
112068.1328125,2,2,1,39.644195556640625,3,2,2,7,7,7,8054.16015625,5091.29296875,1716.71484375,1146.5,3180.5,5323.87890625,548.4833984375,722.77392578125,553.06787109375,346.02685546875,365.5380859375,1638.680419921875,1
152736.8125,2,2,1,39.575965881347656,0,-1,0,0,-1,-1,6245.5859375,7036.1328125,4904.28125,1912.04296875,4095.36328125,7666.1640625,940.07470703125,1561.6376953125,325.93017578125,1987.7939453125,705.877197265625,1917.785888671875,0
103398.0859375,2,2,1,39.997413635253906,0,0,2,0,0,0,51690.27734375,47351.87890625,45842.1796875,40445.26953125,36421.2109375,37588.78125,2948.687255859375,2968.400390625,2223.40771484375,2508.01416015625,2085.09765625,2691.273193359375,0
112114.2109375,2,2,1,36.79817581176758,0,0,0,0,0,0,28302.15625,30748.333984375,22268.50390625,16210.455078125,17865.880859375,17556.28125,2107.6396484375,1986.330078125,1608.91455078125,1223.234619140625,1395.622802734375,2689.527587890625,0
266241.0,2,1,2,31.50017547607422,0,0,0,0,0,0,46683.4921875,56390.4765625,48007.80859375,81694.40625,62138.9296875,49707.296875,17143.92578125,15008.4228515625,28045.328125,12952.623046875,7494.7919921875,16986.95703125,0
193008.84375,2,2,1,37.70426940917969,0,0,0,0,0,0,112417.65625,95589.515625,85981.375,68253.421875,65534.265625,62595.640625,4552.1796875,4126.07373046875,2983.67724609375,3287.03955078125,3117.342529296875,3444.67822265625,0
462099.1875,2,1,1,33.235931396484375,0,0,0,0,0,0,337619.1875,409744.375,345248.78125,360132.9375,322949.84375,348331.59375,15516.2109375,17654.9609375,14535.744140625,17577.396484375,14522.33203125,15681.708984375,0
388904.46875,2,1,1,39.16672134399414,1,-1,0,0,0,0,17707.27734375,50274.0234375,56349.9296875,101388.890625,112715.65625,83254.75,34002.23046875,39457.91015625,83172.328125,30847.9765625,26657.400390625,33509.89453125,0
88093.6796875,2,2,2,30.95084571838379,1,2,2,2,2,2,37342.65625,38738.60546875,40393.14453125,40121.7734375,43022.03515625,41827.2578125,2698.383544921875,2875.490966796875,2491.280029296875,2922.43310546875,2318.685791015625,2619.99560546875,1
244627.6875,2,1,1,39.8438720703125,1,-1,-1,-1,-1,-1,8229.71484375,3177.953125,6154.70703125,3069.1875,3242.13671875,3999.35546875,9848.712890625,5502.74462890625,2692.494384765625,2707.229736328125,3089.92626953125,7407.0791015625,0
292476.25,2,1,2,32.86985778808594,-2,-2,-2,-2,-2,-2,5408.6875,781.171875,830.515625,772.75,1798.98828125,4068.85546875,1248.83154296875,2006.509765625,1270.66455078125,2414.781005859375,5123.7373046875,4509.68115234375,0
218281.0625,2,2,1,41.83576202392578,0,0,0,2,0,0,102767.703125,100499.765625,113094.84375,110589.90625,111364.609375,107402.359375,14437.1640625,6513.55419921875,8650.0341796875,9482.509765625,10548.798828125,7357.76953125,1
277124.6875,1,2,1,42.170372009277344,0,0,0,0,0,0,196054.203125,202664.8125,185100.75,183209.453125,175863.828125,179155.921875,8812.81640625,7917.6171875,6801.7421875,9565.357421875,8523.439453125,7905.96923828125,0
110494.40625,2,3,1,39.38383483886719,0,0,0,0,0,0,10009.41015625,5926.6328125,5536.8125,5709.453125,5683.359375,7118.88671875,822.5322265625,1730.9326171875,881.732421875,771.134033203125,894.60791015625,2065.296630859375,0
87965.046875,1,2,2,34.79208755493164,0,0,0,0,0,0,53988.8203125,50065.62890625,45618.1640625,46846.1171875,33817.015625,28771.759765625,5108.0244140625,6600.2138671875,2286.4208984375,3758.748779296875,2834.44140625,3447.49755859375,0
177217.6875,1,2,1,29.710227966308594,0,0,0,0,0,0,19454.498046875,17263.298828125,17028.2578125,17107.091796875,17106.302734375,29096.875,2435.887451171875,2880.92138671875,2692.75439453125,3221.906005859375,2238.387451171875,5351.5361328125,0
44526.65625,1,2,2,28.386220932006836,2,2,2,7,7,7,8274.8125,2591.96484375,1219.078125,1173.76171875,3180.53515625,5352.2734375,513.92822265625,740.134765625,516.8115234375,339.931640625,369.9189453125,1648.16455078125,1
267429.03125,2,2,1,38.826324462890625,-2,-2,-2,-2,-2,-2,12034.546875,30306.455078125,21235.705078125,14579.048828125,13905.03125,8240.783203125,8757.98046875,6506.35302734375,27262.3359375,2385.57080078125,5981.82080078125,9099.2001953125,0
103923.796875,2,2,2,28.795812606811523,1,2,0,-1,2,2,16381.640625,16487.875,12550.48046875,32280.6796875,25056.48828125,24656.708984375,3655.733154296875,4381.49169921875,24865.5859375,11124.552734375,2671.9892578125,4596.8115234375,0
169308.734375,2,2,1,40.99189758300781,0,0,0,0,0,0,128452.265625,125310.0078125,107471.4921875,99028.625,74744.96875,81476.421875,5118.71044921875,5917.22265625,3632.998779296875,3528.135009765625,3055.66943359375,6223.6962890625,0
126442.046875,2,2,2,37.21786117553711,0,0,0,0,0,0,94537.296875,102089.515625,88249.28125,74204.3203125,73494.3125,60619.7265625,3662.2734375,4126.07861328125,3452.29833984375,3058.04736328125,3076.71728515625,3326.02001953125,0
306085.0,1,1,1,42.3118782043457,-1,-1,-1,-1,-1,-1,13535.26953125,9832.57421875,13799.40234375,27207.140625,20994.6015625,18280.13671875,14495.625,11011.7880859375,29950.3671875,8016.7880859375,13497.234375,16558.875,0
81208.1015625,1,2,1,28.87030792236328,0,0,0,0,0,0,45514.80078125,28777.74609375,28871.623046875,8708.45703125,8550.0234375,6807.5703125,2536.50244140625,1494.46142578125,1128.919921875,1011.1884765625,1007.28564453125,2063.203369140625,0
211576.078125,2,1,2,29.375669479370117,1,-2,-2,-2,-2,-2,4001.5546875,795.859375,509.00390625,868.59765625,1100.67578125,-38.26953125,479.44189453125,799.9619140625,512.48046875,457.92724609375,310.08740234375,1606.2880859375,0
270661.4375,2,1,1,44.43828582763672,-2,-2,-2,-2,-2,-2,6456.0234375,4048.7578125,6743.1171875,5063.71875,13864.189453125,8041.283203125,4169.2666015625,6934.34521484375,1791.83740234375,10380.435546875,5244.93896484375,4817.05029296875,0
224032.28125,2,1,2,33.40457534790039,1,-2,-1,-2,-2,-2,4768.0390625,2207.81640625,353.44140625,463.62109375,829.296875,-265.546875,2193.432373046875,1451.84326171875,902.5732421875,633.568359375,638.52197265625,3892.717529296875,0
71395.96875,2,2,2,30.61909294128418,0,0,0,2,0,0,30753.431640625,27591.712890625,29129.181640625,28900.80078125,29076.6171875,26014.96484375,2032.38037109375,2870.45458984375,1963.91748046875,1538.083251953125,1551.575927734375,2410.811279296875,0
87462.1796875,2,2,2,40.18473815917969,0,0,0,0,0,0,52109.7265625,49198.53515625,51854.80078125,50723.1640625,48344.2421875,44723.9609375,2645.274169921875,3144.84423828125,2285.946044921875,2605.75439453125,2759.505126953125,2676.23876953125,0
112289.7109375,1,2,2,31.00296401977539,1,2,2,2,0,0,39987.8359375,40901.0859375,40697.2734375,42955.8203125,47883.9140625,53509.74609375,3484.376220703125,4052.259033203125,3871.61962890625,6929.9306640625,12419.943359375,5483.8701171875,0
235489.34375,2,2,1,37.28638458251953,0,0,2,0,0,0,98027.328125,94056.328125,89691.0625,96777.484375,94992.90625,91637.4140625,7109.77685546875,7814.87158203125,6014.8935546875,8352.580078125,6344.5703125,6013.50927734375,0
162600.875,2,2,1,41.787269592285156,-1,-1,-1,0,0,-2,11479.6875,7712.671875,65685.6171875,29103.75390625,24087.271484375,5581.21875,3551.329345703125,35542.33203125,6903.033203125,1388.263427734375,1037.11328125,4131.580078125,0
378088.0,2,1,1,40.90373611450195,0,-1,-1,-1,-1,-1,60371.5234375,72927.84375,62661.796875,32380.60546875,32078.6015625,35061.56640625,83049.5859375,28149.2265625,36896.94140625,26807.1328125,56517.859375,40137.61328125,0
112387.4375,1,2,2,31.275257110595703,0,0,0,0,0,-1,50427.95703125,49242.234375,40117.97265625,23835.646484375,17248.501953125,23567.46484375,3400.243408203125,4199.93310546875,2956.4638671875,1691.76025390625,13417.16796875,5553.27783203125,0
197721.328125,2,1,1,39.36520767211914,-1,-1,-1,2,2,2,5042.25390625,3052.453125,6500.7890625,4375.1328125,6734.34375,5336.97265625,1292.71826171875,4993.5947265625,1044.5166015625,1403.641357421875,939.34423828125,4363.76171875,0
224147.28125,2,1,1,31.899333953857422,-1,-1,-2,-1,0,-1,3927.96875,953.33984375,993.6875,3302.82421875,1075.4765625,-45.55859375,1130.64501953125,1013.26416015625,3578.892578125,2569.565185546875,585.53857421875,20117.447265625,0
171452.109375,2,1,2,33.097938537597656,-2,-2,-2,-2,-2,-2,4379.33203125,530.77734375,219.6796875,454.05859375,830.3046875,-237.76171875,621.30126953125,1217.47705078125,892.87841796875,626.40625,607.35498046875,3855.54150390625,0
100398.5390625,2,2,2,40.26984405517578,0,0,0,0,0,0,77310.640625,71100.453125,66011.140625,52410.0625,43081.41015625,45289.2421875,3670.80615234375,3381.63623046875,2228.39306640625,2485.888671875,2470.023193359375,2841.84375,0
205937.5625,2,1,2,30.87195587158203,0,0,0,0,0,0,124085.796875,112015.78125,104713.84375,120590.578125,108681.890625,121225.953125,9301.423828125,13682.0703125,12255.412109375,16421.384765625,7261.0693359375,16378.408203125,0
273974.6875,2,2,1,37.32949447631836,0,-1,-1,-1,-1,-1,12625.5078125,6652.96484375,12343.2578125,8811.421875,5101.6953125,-3099.1484375,5956.0556640625,12313.765625,7686.1162109375,5712.62939453125,3757.9794921875,4320.7431640625,0
236408.375,2,2,2,28.907155990600586,0,0,0,0,2,0,21244.494140625,22560.607421875,23820.53515625,31337.630859375,14173.59765625,18399.2890625,7215.5966796875,11523.1611328125,4844.2646484375,6042.88720703125,5890.40576171875,6529.25048828125,0
236232.65625,2,1,1,32.73223876953125,-1,-1,-1,0,0,0,8016.07421875,9512.07421875,22273.98046875,13265.140625,12807.353515625,20653.724609375,7398.302734375,10293.6630859375,3057.819091796875,4150.0439453125,18287.326171875,11623.0126953125,0
167993.640625,2,1,2,30.093631744384766,1,-2,-2,-2,-2,-2,3776.3046875,872.9296875,512.01953125,880.86328125,1121.75390625,-10.90234375,451.4091796875,780.69384765625,506.91064453125,457.8642578125,263.390625,1683.14208984375,0
139408.296875,2,2,1,28.701438903808594,0,0,2,0,0,0,12741.1171875,8550.953125,5505.328125,5056.3359375,5733.45703125,5665.9921875,1877.900146484375,1659.47705078125,836.6845703125,1137.177978515625,783.979736328125,2106.644287109375,0
380717.0625,1,1,1,44.795257568359375,-1,-1,-1,-1,-1,-1,51002.1953125,55464.3359375,52013.57421875,84926.25,119431.03125,156858.1875,56388.9375,39726.3515625,37811.07421875,189386.578125,42573.7421875,41933.7109375,0
112695.328125,2,3,1,44.611778259277344,0,0,0,0,0,0,91250.546875,91888.375,70964.9375,54011.703125,36160.98828125,29151.0234375,3889.22509765625,4048.51416015625,2547.231689453125,1684.239501953125,1772.386962890625,3643.74951171875,0
83511.203125,2,2,2,39.6955680847168,0,0,0,0,0,0,20544.595703125,18362.296875,20099.484375,17632.3828125,18872.3203125,17407.921875,1776.66552734375,2062.31201171875,1540.3837890625,1150.671142578125,1528.54150390625,2150.603759765625,0
174075.40625,2,2,1,42.35057830810547,0,0,0,0,0,0,72682.796875,63044.703125,58944.07421875,45555.5,28366.671875,42136.97265625,4746.21240234375,5133.00634765625,3102.697021484375,4784.169921875,3544.380859375,7606.95556640625,0
219972.078125,2,1,1,32.64193344116211,1,-2,-2,-2,-1,-1,4191.73046875,882.859375,693.640625,715.79296875,1442.25,-32.3671875,664.20361328125,927.951171875,622.88818359375,1226.9619140625,485.12548828125,3066.646484375,0
142640.21875,2,2,2,42.33118438720703,0,0,0,0,0,0,111520.5703125,104923.796875,94079.421875,82140.484375,77501.140625,75136.2578125,5472.32421875,5312.63623046875,3795.921875,3561.34521484375,3725.2353515625,6816.16259765625,0
127185.484375,2,2,1,40.21280288696289,0,0,0,0,0,0,66748.3828125,62399.69140625,60617.23828125,49535.86328125,44999.50390625,44924.0390625,3617.478759765625,3205.4296875,2258.26025390625,2586.363037109375,2631.346435546875,3163.92626953125,0
270061.875,2,2,1,41.601234436035156,0,0,0,0,0,0,40653.24609375,35489.1796875,44639.44921875,36221.9765625,36881.05078125,36031.42578125,13792.0693359375,5742.845703125,6668.49951171875,9392.12890625,8831.8603515625,10338.4794921875,0
319589.375,2,2,1,31.80927085876465,0,0,0,0,0,0,277174.9375,238723.703125,233572.546875,176268.84375,134845.75,120433.3515625,9515.365234375,8257.3232421875,6506.4140625,3966.591796875,4705.2255859375,9274.419921875,0
175466.484375,2,2,1,41.221153259277344,0,0,0,0,-1,-1,40128.7578125,35180.3984375,21833.08203125,4703.06640625,4339.59375,6681.1953125,3084.917236328125,2004.10400390625,609.88134765625,1607.806884765625,823.973388671875,4567.9658203125,0
142112.515625,1,2,1,30.76173210144043,0,0,0,0,0,0,52669.21875,52000.40234375,51549.12890625,49068.08984375,44539.4921875,51731.42578125,3156.751708984375,3241.136962890625,2902.104736328125,5758.939453125,2478.348388671875,4457.4931640625,0
39283.90625,2,2,2,36.9926643371582,1,2,2,2,2,2,29741.5234375,25847.939453125,29008.703125,28288.875,28311.83203125,26805.009765625,1874.887451171875,2179.966796875,1931.024169921875,1307.20458984375,1327.301025390625,2260.6689453125,1
240872.5,2,1,2,30.800321578979492,0,0,0,0,0,0,162963.75,163663.53125,162470.71875,163579.46875,158426.46875,152082.4375,8657.876953125,6794.28515625,6788.19873046875,7288.97412109375,8177.5390625,5782.83203125,0
84418.078125,2,2,2,31.312114715576172,1,2,2,0,0,0,49759.88671875,47333.0234375,50279.78125,49539.36328125,44946.890625,44116.0234375,2522.8505859375,3026.092041015625,2284.891845703125,2575.569091796875,2617.987548828125,2601.70263671875,1
75566.0,2,2,1,44.109519958496094,0,0,2,0,0,0,13706.0546875,8829.15234375,8413.99609375,7429.88671875,12941.29296875,7841.861328125,3050.36279296875,1699.98828125,1103.08203125,990.7099609375,4968.4091796875,1839.53173828125,0
88093.9609375,1,2,1,31.08472442626953,0,0,0,0,0,0,50939.81640625,49577.7734375,52951.4140625,48562.2421875,37459.2421875,43657.66796875,2436.221923828125,3056.5283203125,2276.15673828125,2499.65869140625,2052.083251953125,2685.15185546875,0
88153.4296875,2,1,1,41.855613708496094,0,0,2,0,0,0,13043.5078125,8932.671875,7907.96875,8878.640625,9624.5234375,8847.525390625,1950.364501953125,1885.20361328125,1496.10107421875,1332.245361328125,1507.35693359375,4274.62060546875,0
172052.109375,2,1,1,41.85777282714844,-1,2,2,-2,-2,-2,8307.3125,4335.453125,990.01953125,467.4375,1036.83984375,-32.015625,755.9052734375,693.38720703125,699.9375,603.23291015625,370.021484375,3140.7861328125,1
222183.078125,2,2,1,39.10879135131836,2,2,2,2,2,2,248457.328125,235985.5625,228248.375,252678.15625,232937.5625,222044.953125,8523.2265625,9458.912109375,8991.658203125,7232.32373046875,9605.51171875,9082.537109375,1
234926.421875,2,2,1,37.52690505981445,0,0,0,0,0,0,135070.171875,136353.09375,134371.03125,139879.84375,132892.953125,139293.40625,7258.751953125,6239.7041015625,5490.35302734375,6907.98681640625,6442.73388671875,4994.5673828125,0
251827.25,2,1,2,32.149566650390625,-1,-2,-1,-2,-1,-2,4936.0,2701.85546875,2432.15625,1655.57421875,1884.6328125,3830.08984375,1640.068359375,1646.33642578125,1330.5380859375,1214.737060546875,2809.00634765625,4349.697265625,0
38650.359375,2,2,2,28.761516571044922,0,0,0,2,2,2,31113.236328125,28247.640625,29407.26953125,29982.34765625,33469.4453125,28042.126953125,2630.98583984375,2335.814208984375,2051.267333984375,1928.10302734375,1839.6904296875,2406.8154296875,0
223395.25,2,2,2,30.957012176513672,2,0,0,0,2,0,53400.4765625,83815.53125,55383.9609375,59191.16015625,55119.20703125,52476.4765625,4429.4765625,4709.2890625,4245.06982421875,4856.80419921875,5508.08740234375,3357.61376953125,0
274525.8125,2,2,1,41.76155471801758,0,0,0,0,0,0,117945.8125,176841.625,77270.71875,71634.6328125,36339.57421875,35035.765625,6632.1728515625,6096.166015625,2679.93701171875,4096.0244140625,4392.14013671875,8487.80078125,0
136655.109375,2,2,2,29.395545959472656,1,2,0,0,0,0,73299.421875,71910.7734375,72524.6015625,65433.87890625,64021.03125,55973.2421875,3221.16455078125,3599.701904296875,2968.09326171875,2838.54931640625,2799.01416015625,3131.57275390625,1
125823.6328125,1,2,2,28.34183120727539,0,0,0,2,0,0,31193.58984375,28905.4609375,30146.767578125,28616.328125,27838.41796875,26497.384765625,2165.2080078125,2632.6455078125,2038.310546875,1547.188720703125,1576.104248046875,2431.165283203125,0
227664.109375,2,2,1,37.942508697509766,0,0,0,0,0,0,149302.734375,144004.3125,143498.859375,147503.453125,136292.375,143535.59375,6472.787109375,6304.111328125,5857.27978515625,5506.79833984375,5279.619140625,5676.044921875,0
232644.625,2,2,1,30.6069278717041,1,2,2,4,2,4,113460.484375,109782.9375,113721.453125,122997.59375,116115.328125,124951.7265625,8150.462890625,6732.89453125,5972.94287109375,6851.1025390625,5335.91552734375,7465.43798828125,1
359030.3125,2,1,2,32.13258743286133,0,0,0,0,0,0,396808.1875,236332.09375,313107.0,219353.546875,191509.671875,193265.53125,16542.33984375,7387.029296875,8852.255859375,13015.8740234375,8077.18896484375,11909.146484375,0
155774.0,2,1,2,29.97274398803711,-1,-1,-2,-2,-2,-2,3537.35546875,872.9296875,621.80859375,892.203125,1121.75390625,0.16015625,692.92724609375,802.50439453125,510.6982421875,466.11181640625,267.181640625,1697.48486328125,0
262858.28125,2,2,1,43.16515350341797,0,0,0,0,0,0,196568.234375,188041.734375,188763.1875,187741.671875,171877.8125,177402.21875,9629.71484375,7923.62109375,6880.3271484375,8406.6259765625,7295.8740234375,6609.06103515625,0
231056.140625,2,1,1,41.02634811401367,-2,-2,-2,-2,-2,-2,5765.01953125,902.98828125,-41.18359375,5560.66015625,1878.53515625,5438.6484375,1178.5546875,3577.15283203125,5781.8017578125,1260.3681640625,5093.501953125,7630.001953125,0
155287.4375,1,2,2,30.471525192260742,0,0,-1,0,0,0,9001.16015625,24076.337890625,9913.87890625,6959.4765625,11205.19140625,10694.595703125,1967.543212890625,5265.9375,1252.01708984375,2123.119140625,2473.04833984375,2494.717529296875,0
184877.140625,2,1,2,31.376327514648438,0,0,0,0,0,0,99475.671875,95012.4609375,100972.15625,103961.171875,104017.171875,100029.0,5055.1162109375,4771.572265625,3897.70068359375,3644.07568359375,3793.58642578125,4646.7646484375,0
187790.5625,2,1,1,42.04424285888672,-1,2,-1,-2,-1,-1,5527.88671875,4521.0546875,1172.0,755.15234375,2593.03125,1590.41796875,630.62939453125,837.91064453125,1433.624267578125,2028.45751953125,553.49365234375,3831.0927734375,0
314616.6875,2,1,2,33.41825485229492,0,0,0,0,0,0,212623.5625,206808.203125,196095.109375,193205.390625,171840.265625,173607.828125,11925.3125,10156.564453125,7654.6416015625,9587.572265625,8585.9501953125,9416.47265625,0
179713.359375,2,2,2,29.365684509277344,0,0,0,0,0,0,68034.421875,61412.07421875,37016.21875,52351.875,37133.83984375,36768.0234375,6294.1396484375,8650.5869140625,17261.3125,5130.7431640625,4176.427734375,7067.34814453125,0
83489.1953125,2,2,2,39.171043395996094,0,0,0,0,0,0,21386.912109375,16708.21484375,14041.39453125,13222.751953125,11585.287109375,11912.552734375,2643.246826171875,4359.8857421875,2352.939208984375,1919.0224609375,2126.71533203125,8203.412109375,0
167447.53125,2,1,1,32.118446350097656,-1,-1,-1,-1,-1,-1,4249.515625,1389.796875,855.83984375,613.125,1159.63671875,933.33984375,796.75244140625,1195.10107421875,781.8505859375,674.6083984375,476.44677734375,2430.3134765625,0
134179.234375,2,2,2,29.385711669921875,-2,-2,-2,-2,-2,-2,4166.90234375,1567.71484375,864.828125,1027.3046875,1146.41796875,1706.4921875,492.44970703125,1037.484375,481.375,610.8876953125,731.2236328125,1896.466796875,0
141508.96875,2,2,2,39.98189926147461,-1,2,0,0,0,-1,8301.01171875,2447.015625,5483.828125,4251.34375,2368.05078125,2469.45703125,382.94140625,2239.236083984375,498.5361328125,435.43408203125,1340.307373046875,1951.347900390625,1
182249.28125,2,2,1,38.245845794677734,1,-2,-2,-2,-2,-2,4153.78515625,792.87109375,574.20703125,846.5390625,1098.09375,-31.96875,482.115234375,801.7275390625,477.43994140625,469.72900390625,313.12646484375,1621.974853515625,0
44934.7734375,1,2,2,27.56754493713379,0,0,0,0,0,0,20242.228515625,18886.25,19140.685546875,16689.6484375,10861.3984375,14223.25390625,1774.537841796875,1958.2412109375,1503.668701171875,1137.230712890625,235.46142578125,2053.500244140625,0
202752.125,2,2,1,35.644649505615234,0,0,0,0,0,0,134426.875,135342.65625,132302.328125,128469.515625,121529.046875,131773.765625,6351.35986328125,6297.09912109375,4937.439453125,8190.59765625,7881.5205078125,6371.388671875,0
181640.890625,2,2,1,37.78363037109375,-1,-1,-1,-1,-1,-1,4628.9296875,2328.45703125,4584.1015625,1621.96484375,1142.21875,142.25390625,1082.36181640625,1600.94091796875,558.80322265625,626.08642578125,467.2861328125,1937.843017578125,0
118295.234375,1,2,1,34.589962005615234,0,0,0,-1,-1,-1,11750.69140625,5170.1171875,2036.421875,2851.015625,1251.9296875,2302.67578125,1386.794921875,889.47216796875,1994.8779296875,636.48583984375,555.29052734375,2040.788330078125,0
229810.484375,2,1,2,33.23558807373047,-2,-2,-2,-2,-2,-2,122305.703125,128316.9609375,86337.640625,65860.6640625,43549.26953125,40168.28125,19858.24609375,22203.939453125,23220.29296875,11264.32421875,7020.099609375,6456.5166015625,0
181484.0625,2,2,1,38.6057014465332,-1,-1,-1,-1,-1,-1,4553.98046875,1410.36328125,919.18359375,558.02734375,1136.1015625,1175.83203125,911.2041015625,1224.1455078125,754.384765625,692.0859375,598.32080078125,2665.44970703125,0
224151.40625,2,2,1,39.313411712646484,-2,-2,-2,-2,-2,-2,4155.11328125,815.546875,1660.3203125,857.484375,1026.5390625,-42.4296875,551.25390625,778.87548828125,1533.44384765625,1369.65185546875,411.47607421875,8226.32421875,0
154935.578125,1,1,1,39.60187911987305,3,2,2,7,7,7,8982.6953125,4810.30859375,1395.5546875,732.58984375,980.453125,699.265625,698.01171875,1186.662109375,898.04541015625,500.53857421875,670.659912109375,4068.25048828125,1
30134.296875,1,2,2,28.115497589111328,0,0,0,0,0,0,17840.703125,14655.27734375,16870.611328125,15686.76953125,12031.84375,13452.96484375,1610.55615234375,2043.004638671875,1523.126708984375,1150.552001953125,988.618896484375,2201.336181640625,0
107682.34375,2,2,2,27.76150131225586,-1,-1,0,0,0,0,9520.41796875,14514.05078125,7817.7109375,6891.45703125,5307.85546875,5254.2109375,9765.2734375,2656.3056640625,1829.619140625,2014.626953125,2126.895263671875,3834.779052734375,0
312305.96875,2,1,2,32.015438079833984,0,0,0,0,0,0,213856.6875,218755.3125,258594.484375,244201.515625,172655.578125,140148.6875,29574.529296875,82478.828125,17938.025390625,6320.5263671875,6952.298828125,13089.810546875,0
326969.375,2,2,2,41.57707214355469,0,0,0,0,0,0,321729.625,310444.875,262546.53125,230986.375,184711.25,173594.0,12442.2216796875,9401.982421875,9058.8583984375,9423.150390625,7948.8564453125,11680.896484375,0
154151.453125,1,3,1,34.38212585449219,-1,-1,-1,0,0,0,4394.52734375,1413.1640625,3992.39453125,4222.74609375,4310.89453125,4501.3984375,682.84619140625,1265.61083984375,329.3154296875,400.53466796875,256.5390625,1597.654052734375,0
206584.125,2,1,2,32.2567253112793,-2,-2,-2,-2,-2,-2,4022.671875,671.48828125,374.62109375,459.69921875,1030.0546875,-60.80859375,657.05615234375,818.68359375,680.0537109375,577.0341796875,401.5244140625,2722.33447265625,0
219337.5625,2,2,1,37.90290069580078,0,0,0,0,0,0,83358.1953125,77978.1875,73030.9375,68778.7421875,69850.609375,119210.4296875,5233.724609375,5195.4580078125,5581.4951171875,8953.96484375,86742.015625,8746.0,0
165251.3125,2,2,1,43.00349044799805,-1,-1,-1,-1,-1,-1,4567.61328125,1205.69140625,753.15234375,545.3125,1121.57421875,757.67578125,911.69970703125,1204.51953125,760.50244140625,695.1240234375,577.99658203125,2699.609375,0
147212.6875,2,2,1,37.386207580566406,0,0,0,0,0,-2,34750.390625,29834.69921875,29259.296875,15941.212890625,13418.9765625,3374.31640625,5579.43408203125,3040.97509765625,2056.848876953125,546.3515625,556.4169921875,3519.68603515625,0
73098.265625,2,2,2,28.359567642211914,0,0,0,0,0,0,20519.591796875,18272.568359375,19884.310546875,17731.529296875,21343.787109375,17078.541015625,2033.57275390625,2234.18212890625,2044.844970703125,1857.6123046875,2410.38916015625,2370.355224609375,0
150673.40625,2,2,2,31.08759307861328,2,2,2,2,0,0,129350.015625,126675.390625,128756.78125,124933.203125,118959.5,122752.234375,4575.91552734375,5690.5419921875,4940.1845703125,4254.8720703125,4218.96923828125,4650.423828125,1
165598.65625,1,2,1,34.15192794799805,0,-1,0,-1,0,0,13480.34765625,7058.90234375,7842.3359375,15617.537109375,8257.501953125,5194.62890625,3932.7705078125,1992.922607421875,14435.158203125,3005.814453125,2071.19921875,2597.849853515625,0
173143.703125,2,1,1,35.647560119628906,-1,-1,-1,-1,0,-1,4585.27734375,10185.0546875,2908.78125,4651.58984375,3084.60546875,5528.08203125,1191.41943359375,1249.921875,1890.268310546875,690.7314453125,4610.13623046875,2586.82470703125,0
273853.5,2,1,2,31.303720474243164,0,0,0,0,0,0,53072.26171875,45285.34375,45019.8828125,45135.78515625,46723.70703125,44074.2421875,8175.6884765625,5863.50146484375,6417.126953125,10027.34765625,8792.09375,9519.0556640625,0
356558.25,2,2,1,38.8520622253418,0,0,0,0,0,0,123695.0625,116493.640625,107523.7109375,110819.1875,92346.2109375,98175.953125,26315.603515625,27390.97265625,25469.546875,32687.76171875,19858.6640625,25975.203125,0
162462.84375,2,2,1,37.0349006652832,0,0,0,0,0,0,57876.7578125,56146.7890625,43622.21484375,67096.6875,62046.6328125,66928.859375,5647.7490234375,8711.21875,17092.76171875,6061.67626953125,5257.55908203125,5607.6875,0
144128.03125,2,2,2,31.73863410949707,2,2,2,2,2,2,132492.515625,131748.921875,120830.015625,113820.921875,100596.328125,96724.625,4759.12353515625,6113.224609375,3995.71875,3155.33642578125,3490.1357421875,4913.9140625,1
263431.875,2,2,1,38.36457443237305,0,0,0,0,0,0,228744.125,219226.171875,188168.125,165522.671875,125382.15625,116820.4609375,9837.58984375,8228.208984375,4575.90478515625,3994.514404296875,4773.25146484375,8508.466796875,0
52735.609375,1,2,2,31.345996856689453,1,5,4,3,2,0,42023.9296875,39360.34375,37884.609375,37403.70703125,35659.21875,32818.65234375,2427.939208984375,2786.32861328125,2151.858154296875,2277.9755859375,1928.471923828125,2074.740478515625,1
54149.0390625,2,2,2,28.666006088256836,2,2,2,0,0,0,48842.96875,43901.625,43646.66015625,39393.765625,36428.87109375,35398.74609375,2418.279052734375,2934.75634765625,2219.6328125,2448.937744140625,2006.197509765625,2420.43212890625,1
165890.890625,2,1,2,32.069515228271484,-1,-1,-1,-1,-1,-1,6631.71484375,4260.7890625,7289.82421875,18551.455078125,10839.095703125,3025.93359375,1937.495361328125,2824.12841796875,23293.5234375,2431.437744140625,1557.446533203125,4627.67626953125,0
80543.0859375,2,2,1,36.661476135253906,0,0,0,2,0,0,10324.67578125,7154.9921875,9020.4453125,6827.25390625,7331.046875,5855.08203125,1186.18408203125,2080.445556640625,1202.025390625,992.371826171875,918.526123046875,2069.499267578125,0
200467.0625,1,2,1,29.439708709716797,0,0,0,-2,-2,-1,18701.6875,10481.8671875,5587.58984375,1553.796875,1212.50390625,2380.53515625,2800.564208984375,842.24072265625,738.41796875,1675.277587890625,2212.247802734375,1747.805419921875,0
283228.1875,2,1,2,34.26309585571289,0,0,0,0,0,0,161469.234375,175825.125,230173.625,240058.109375,233287.109375,226404.921875,29872.65625,23246.375,20192.46875,11814.998046875,13392.60546875,15293.890625,0
244949.75,2,1,2,33.05686950683594,1,-2,-2,-2,-2,-2,3984.4609375,556.41796875,191.09765625,454.69140625,841.390625,-193.2421875,535.74267578125,1192.9658203125,889.505859375,621.82470703125,552.470703125,3847.7705078125,0
39615.2265625,1,2,1,43.74851608276367,0,0,2,2,2,2,14392.44921875,10701.67578125,10473.7578125,10590.166015625,11168.369140625,12004.80078125,1908.791748046875,1849.83740234375,1479.752685546875,1034.020263671875,1025.283935546875,1909.24658203125,1
-3230.5,1,2,2,34.49702072143555,1,2,3,2,2,0,20587.16796875,18970.779296875,17708.390625,12767.33203125,10878.34765625,6657.279296875,1650.772216796875,1915.26513671875,1514.854736328125,952.364013671875,213.22705078125,1834.94189453125,0
80561.3125,1,2,1,41.201820373535156,0,0,0,0,0,0,35658.9375,28212.779296875,26528.341796875,22323.38671875,24155.380859375,22571.873046875,3393.0263671875,3151.161376953125,2550.005615234375,1991.853515625,2373.831787109375,7031.9091796875,0
233690.65625,2,1,2,31.953691482543945,-1,-1,-1,-1,-1,0,5195.859375,5352.7734375,2268.6640625,2233.4296875,6180.93359375,5004.73828125,4595.59814453125,1386.0625,1863.07421875,4452.8720703125,866.376953125,4376.82373046875,0
175780.3125,2,2,1,30.073196411132812,0,0,0,0,0,0,95129.3203125,89231.34375,90089.7890625,92539.125,92662.15625,89437.3515625,4110.5849609375,4515.67236328125,3778.5146484375,3365.576416015625,3484.38818359375,4075.378173828125,0
258185.875,2,2,1,44.4853515625,0,0,0,0,0,0,196860.0,191056.3125,190253.671875,192990.84375,188288.5625,179320.671875,9575.337890625,8021.18359375,7073.73388671875,8729.2880859375,8331.9892578125,6564.86279296875,0
151458.796875,2,2,2,29.72652244567871,0,0,0,0,0,0,101061.4140625,94412.703125,88527.390625,81024.421875,76029.484375,75516.171875,4257.4443359375,4283.4150390625,3414.267578125,3180.7265625,3208.11083984375,3327.24169921875,0
174401.78125,2,1,2,30.52962875366211,1,-2,-2,-2,-2,-2,3977.11328125,798.45703125,547.83203125,868.59765625,1100.67578125,-10.7578125,477.99658203125,751.12060546875,504.77392578125,451.32568359375,303.20458984375,1577.148193359375,0
106378.7421875,2,2,2,31.384235382080078,0,0,0,0,0,0,97773.796875,84595.75,76203.609375,53647.52734375,54674.6875,47816.0078125,3936.162841796875,3466.192626953125,2586.34375,2658.59130859375,2776.45849609375,3403.8642578125,0
353822.375,1,1,2,35.037986755371094,0,0,0,0,0,-2,256042.359375,361997.5,267541.8125,101193.703125,110273.96875,5692.3828125,12064.84765625,9897.3310546875,8020.4228515625,184.931640625,2057.479248046875,22996.205078125,0
251116.65625,2,1,2,31.87038803100586,0,0,0,0,0,0,34008.7265625,27892.55078125,33925.2734375,40198.2109375,40275.64453125,36604.50390625,12946.7470703125,4974.9384765625,6698.2734375,6177.71875,8036.521484375,5569.8828125,0
212237.671875,2,2,2,31.649154663085938,0,0,0,0,0,0,92743.609375,91143.4609375,97555.9609375,100547.5859375,95178.1640625,106237.578125,5210.89990234375,4775.18212890625,4749.064453125,6428.7431640625,5207.36181640625,6108.96337890625,0
320893.53125,2,1,1,34.95304870605469,-2,-2,-2,-2,-2,-2,9692.42578125,1766.50390625,5293.8203125,18808.33984375,14816.8515625,13400.55859375,2630.71142578125,6190.20654296875,30226.4921875,6894.0673828125,12854.666015625,12560.619140625,0
161332.28125,1,2,1,35.2968635559082,0,0,0,0,0,0,51538.24609375,43440.859375,36230.984375,28898.6484375,14245.654296875,14888.02734375,3895.616943359375,3970.326416015625,3151.123291015625,3122.90625,4317.509765625,2743.1005859375,0
97367.7421875,1,2,1,30.724502563476562,0,0,0,0,0,0,52571.2265625,49536.58203125,50095.51171875,44099.171875,21492.75,39331.86328125,2837.96142578125,3014.892578125,2266.242431640625,2469.883544921875,76.06591796875,2556.141845703125,0
111488.2578125,2,2,2,28.757963180541992,0,0,0,0,0,0,21640.55859375,21974.072265625,25930.181640625,28216.638671875,32948.28515625,28962.861328125,3122.12646484375,2812.88671875,2448.188720703125,2093.563232421875,2121.476318359375,3180.188232421875,0
226242.640625,2,2,1,40.54279708862305,1,-2,-1,-1,-2,-2,4296.36328125,1302.35546875,1944.83984375,882.55078125,1099.2265625,-38.03515625,482.4677734375,1196.82470703125,634.28173828125,459.892578125,300.65283203125,1577.685302734375,0
153822.5,2,2,2,28.976167678833008,1,2,2,2,2,2,8197.27734375,5053.65625,3758.7421875,4292.3671875,4864.5390625,5341.5078125,542.25732421875,819.69921875,424.19189453125,430.6015625,447.98388671875,1910.27490234375,1
165933.75,2,2,1,31.370685577392578,0,0,0,0,0,0,70716.65625,65000.74609375,67807.1015625,64299.484375,63645.7734375,60392.72265625,3560.5556640625,3567.251220703125,2976.133056640625,2969.04248046875,3060.396240234375,3076.468017578125,0
136583.640625,2,2,2,37.8941535949707,1,-2,-2,-2,-2,-2,3896.296875,908.13671875,538.63671875,868.09375,1124.30859375,2.0078125,386.22265625,731.232421875,473.65185546875,443.53125,243.63623046875,1557.682373046875,0
238619.515625,2,1,2,33.50740432739258,0,0,0,0,0,0,151873.15625,171828.25,140648.375,132405.703125,115233.921875,116572.1484375,7390.0771484375,7020.80908203125,5658.57080078125,4140.1953125,5315.28955078125,9227.119140625,0
139524.828125,1,2,1,28.642505645751953,0,0,0,0,0,0,48208.38671875,44413.9296875,48139.69140625,47895.875,44549.3671875,42980.765625,2651.998046875,3107.46923828125,2237.06640625,2494.988037109375,2501.217041015625,2510.32080078125,0
194714.875,2,2,1,40.271453857421875,0,0,0,0,0,0,99565.734375,92291.5234375,59686.51953125,48554.48828125,94236.640625,78862.484375,4931.03955078125,6814.49658203125,4940.13232421875,69432.0625,6657.84228515625,6369.279296875,0
124413.65625,1,2,1,34.413795471191406,0,0,0,0,0,-1,9970.1328125,5203.2265625,4739.1640625,4308.8984375,2276.56640625,464.00390625,1066.3203125,926.6142578125,523.06298828125,433.3466796875,477.9970703125,1674.953857421875,0
182173.40625,2,1,1,30.328746795654297,-1,-1,-1,-1,0,0,4851.24609375,7739.2421875,6463.81640625,7141.34765625,4686.94140625,4972.92578125,4464.70556640625,2012.414306640625,1608.72412109375,911.588134765625,501.6474609375,3000.666748046875,0
203563.34375,2,1,1,39.19935607910156,-2,-2,-2,-2,-2,-2,3955.17578125,666.87890625,574.265625,449.69921875,1033.3359375,-9.828125,725.3388671875,823.51220703125,683.1552734375,593.0234375,401.880859375,2844.42919921875,0
221393.65625,2,1,1,42.021854400634766,-1,-1,-2,-2,-2,-2,4022.73828125,549.83203125,380.3984375,449.69921875,968.234375,-124.06640625,869.91162109375,932.193359375,727.6337890625,609.1005859375,588.02685546875,3428.4306640625,0
30176.359375,2,2,2,28.5831356048584,0,0,0,0,0,2,14542.9296875,11472.33984375,11990.0703125,12841.044921875,13744.60546875,10999.521484375,1623.97021484375,2119.404541015625,1482.95166015625,1495.556640625,1101.40966796875,2138.073486328125,0
139642.875,2,2,2,33.036773681640625,0,0,0,0,0,0,114968.859375,108014.2109375,109643.546875,93849.40625,92273.765625,83343.8125,5460.8671875,4929.70458984375,4883.97216796875,5905.6572265625,6938.8095703125,4772.67529296875,0
307510.0,1,2,1,38.788246154785156,0,0,0,0,0,0,243619.484375,121385.2265625,231171.109375,102223.5625,104568.0625,109904.6875,31499.998046875,26824.8671875,13045.82421875,11022.611328125,9943.9189453125,16474.08984375,0
148275.28125,2,2,2,31.905498504638672,0,0,0,0,0,0,59215.67578125,43880.9375,70398.421875,51919.5390625,23882.40625,29446.546875,15660.201171875,17946.234375,6574.05908203125,4603.22509765625,3712.697265625,6058.626953125,0
248732.109375,2,2,1,37.740604400634766,0,0,0,0,0,0,116760.765625,114731.765625,113537.375,113995.71875,107467.28125,103143.59375,5666.1650390625,5239.0927734375,4144.40087890625,4544.89697265625,5005.97607421875,4170.65771484375,0
59965.109375,2,2,2,28.74290657043457,0,0,0,0,0,0,44122.95703125,37297.2578125,29770.587890625,25524.998046875,18514.5625,17958.6953125,2587.521484375,3112.730224609375,1363.29296875,1411.4111328125,1788.889404296875,2304.452392578125,0
239894.578125,2,2,1,42.11979675292969,-1,-1,-1,-1,-1,0,9582.56640625,2714.109375,8466.7109375,12057.7109375,91923.609375,79516.1875,1285.84619140625,6897.787109375,3537.94580078125,83228.671875,7203.7783203125,6375.3212890625,0
124554.59375,1,2,2,35.594749450683594,0,0,0,0,0,0,50892.92578125,49538.19921875,51683.90234375,50453.953125,47665.328125,48942.25,3030.256103515625,3190.386474609375,3235.774169921875,3330.556640625,2594.86083984375,2870.853515625,0
198491.5,2,1,1,38.7645378112793,-1,-1,-1,-1,0,-1,5692.01953125,3723.26953125,7157.37890625,7335.5859375,4326.140625,7328.21484375,3426.734375,7367.568359375,4164.396484375,703.3232421875,1054.203857421875,5419.7373046875,0
188432.984375,2,1,1,39.81959915161133,-2,-2,-2,-2,-2,-2,4575.6875,537.23046875,280.0625,448.125,828.08203125,-146.14453125,625.48046875,1222.95703125,849.41845703125,626.3212890625,598.35791015625,3817.60595703125,0
239247.03125,2,1,2,32.401248931884766,-2,-2,-2,-2,-2,-2,4008.48046875,1220.7578125,610.0703125,522.51171875,999.4375,95.0859375,655.16943359375,979.91552734375,712.40771484375,629.87646484375,465.0166015625,3821.40380859375,0
38938.046875,2,2,2,28.812931060791016,0,0,0,0,0,0,30834.10546875,26914.544921875,27334.12890625,27092.79296875,26524.6328125,24397.83203125,2076.483154296875,2367.224853515625,1898.695556640625,1391.736328125,1619.594482421875,2299.382568359375,0
95627.671875,2,3,1,40.18747329711914,0,0,0,0,0,0,58462.859375,57856.73828125,43851.33203125,40152.09375,28703.5625,28244.046875,3258.364501953125,3158.3623046875,1787.676025390625,1423.936767578125,1612.58056640625,2415.545654296875,0
124464.5,1,2,1,36.930938720703125,0,0,0,0,-1,-1,47700.79296875,34797.34375,23348.58203125,10229.16015625,5522.9140625,11006.654296875,3347.76708984375,2346.054443359375,3441.782470703125,3226.41943359375,6268.2919921875,4023.3017578125,0
109210.6875,1,2,2,31.378110885620117,1,2,0,2,0,0,57291.46484375,54277.71484375,40023.3046875,34385.01953125,14163.083984375,30593.072265625,4008.994873046875,4210.56005859375,2664.702880859375,4083.009033203125,7627.79296875,5855.9130859375,1
131857.78125,1,3,1,40.856990814208984,1,2,2,2,2,2,46746.99609375,47641.6171875,49895.0234375,48111.3515625,51025.4375,50131.58203125,3119.856689453125,2895.09765625,2446.08642578125,3147.43115234375,2633.044189453125,4243.56640625,1
150590.9375,1,2,1,36.478355407714844,0,0,-1,-1,0,0,15031.80859375,2906.62890625,5018.61328125,5289.17578125,6515.38671875,7135.6171875,771.20947265625,1855.12744140625,600.0869140625,654.849609375,2187.41943359375,2149.0537109375,0
299933.5625,2,1,1,41.399539947509766,-1,-1,-1,-1,-1,-1,5694.87109375,4068.86328125,7240.41796875,4385.66015625,3760.8671875,4591.14453125,4455.73681640625,7478.2099609375,4057.23388671875,4417.79443359375,5191.36669921875,3880.6904296875,0
87625.15625,2,2,2,28.792747497558594,0,0,0,0,0,0,68164.671875,63091.3828125,66286.4921875,62017.9296875,61413.515625,54657.5859375,3349.41455078125,3354.878662109375,2895.168701171875,2691.830810546875,2893.0947265625,2641.58349609375,0
10169.796875,2,2,2,42.08776092529297,1,2,3,2,0,0,18831.62109375,19899.8046875,18815.876953125,17634.71484375,17979.943359375,16508.86328125,1638.742431640625,2019.36669921875,1544.30859375,1153.741943359375,1122.12744140625,2031.927978515625,0
264429.71875,2,2,1,40.96513366699219,0,0,0,0,0,0,144875.109375,174208.40625,172214.625,169083.6875,166141.921875,166213.484375,34176.1171875,22951.80859375,9754.2822265625,10445.1171875,9772.8349609375,9559.9765625,0
211430.75,2,1,2,31.987638473510742,-1,-1,-2,-2,-2,-2,3841.0234375,696.19921875,574.9609375,462.46875,1062.50390625,-21.671875,965.94873046875,843.18359375,665.23388671875,588.85986328125,369.955078125,2849.36767578125,0
113184.0078125,2,2,2,29.382953643798828,1,2,2,2,2,2,72661.421875,38149.7890625,88844.53125,60389.6328125,59480.6640625,55924.99609375,25047.748046875,13312.68359375,8201.2744140625,4095.83251953125,3917.83642578125,4739.10107421875,1
192924.953125,1,1,1,45.98548126220703,0,0,0,0,0,0,138744.53125,127928.8203125,131069.90625,120990.46875,115838.046875,116537.875,6664.8583984375,9260.5302734375,5649.767578125,5262.39208984375,8470.125,10106.4765625,0
239128.28125,2,1,1,33.30739212036133,0,0,0,0,0,0,98508.984375,89768.3125,74946.0703125,49264.59765625,168574.3125,137052.6875,5907.45947265625,9197.9775390625,10293.4658203125,64625.95703125,7881.19140625,13930.2265625,0
136278.625,2,1,2,32.45360565185547,-1,-1,0,0,0,0,10170.02734375,16217.328125,13338.796875,13507.80078125,9641.587890625,10325.388671875,12903.349609375,2935.40087890625,2464.166015625,1882.6181640625,1435.8134765625,5554.2626953125,0
72292.859375,2,3,1,41.68450164794922,0,0,0,0,0,0,42032.12890625,38462.5625,38330.6015625,24403.078125,21044.798828125,9885.90625,2600.73681640625,3061.8212890625,2152.767822265625,974.781494140625,1138.367919921875,2350.841552734375,0
159025.046875,2,1,2,30.1370906829834,0,-1,-1,-1,0,2,5525.24609375,3769.2578125,997.9921875,3637.2890625,4379.68359375,4539.87890625,906.7841796875,1098.798828125,873.62353515625,349.44580078125,368.08056640625,2248.898193359375,0
73517.203125,2,2,2,34.83151626586914,1,2,0,0,0,0,22210.076171875,22667.41015625,22341.66015625,22981.837890625,24083.90625,23006.39453125,1656.785888671875,2437.398193359375,1992.156982421875,1408.984130859375,1639.75732421875,2412.5234375,0
163696.40625,2,2,1,37.68803787231445,1,0,0,0,0,0,98783.046875,95433.640625,103217.203125,102203.5390625,105073.6875,102856.53125,4217.10400390625,4523.7109375,3916.3037109375,3884.487548828125,4473.05078125,4174.02392578125,0
252331.34375,2,2,1,41.055633544921875,0,0,0,0,0,0,97146.25,90432.546875,105576.65625,118977.953125,96618.84375,90722.9140625,20521.04296875,39489.66796875,7793.7451171875,7094.1279296875,6514.4501953125,6640.08251953125,0
227371.25,2,1,2,40.84653854370117,-1,-1,-1,-1,-1,-1,5334.671875,3079.1328125,4308.1796875,3986.21875,10030.23046875,19784.01953125,2438.839599609375,2793.867431640625,3402.037109375,5285.515625,19396.525390625,7188.54736328125,0
118509.28125,2,2,1,36.994178771972656,0,0,0,0,0,0,55064.6875,37526.87890625,39705.17578125,22918.748046875,23692.15625,23078.37890625,3283.31787109375,2035.11865234375,1776.924560546875,1452.7861328125,1711.56005859375,2391.39306640625,0
193070.5625,2,2,1,32.008426666259766,0,0,0,0,0,0,145200.46875,117822.828125,106027.09375,57914.203125,39457.5234375,46173.203125,5393.68359375,5307.7412109375,3371.5693359375,3239.30078125,1202.66845703125,5027.5517578125,1
219293.203125,2,1,1,38.92731475830078,-1,-1,-1,-2,-1,0,9074.41015625,1168.97265625,4257.1328125,12758.240234375,53180.1484375,38648.30078125,1190.26611328125,2086.089599609375,2961.81103515625,43821.93359375,5640.39697265625,6088.1572265625,0
245951.75,2,1,1,29.75799560546875,-1,-1,-1,-1,-1,-1,4489.4921875,2921.97265625,999.12109375,1782.8671875,1146.90625,526.2734375,2415.58056640625,1356.58740234375,1370.6083984375,1797.461181640625,1754.63623046875,1989.531982421875,0
105583.0390625,2,2,1,36.98453903198242,0,0,0,0,-2,-2,51161.5703125,46213.9453125,26642.744140625,18600.87109375,2338.7734375,1839.6015625,2630.919677734375,2807.0849609375,94.1181640625,461.82666015625,330.51123046875,1956.1015625,0
104213.984375,2,2,2,28.665555953979492,1,2,2,2,2,2,35737.51953125,33800.671875,35275.7265625,35087.15625,34569.54296875,32221.13671875,2302.20458984375,2931.221923828125,2195.199462890625,2289.534912109375,1937.915283203125,2562.42919921875,1
325530.53125,2,2,2,38.70693588256836,0,0,0,0,0,0,226863.546875,212243.046875,193200.515625,174945.125,135368.75,136607.109375,11564.02734375,8291.61328125,6889.85498046875,7027.53857421875,8406.5654296875,8985.7880859375,0
503494.0625,2,2,2,41.88493728637695,0,0,0,0,0,0,483303.0,519408.4375,459655.25,454542.4375,460119.59375,404965.3125,21248.48046875,17669.931640625,15392.0302734375,22970.98046875,19389.775390625,32203.236328125,0
182850.84375,2,2,1,29.337081909179688,1,-2,-1,-1,-1,-1,4298.44921875,1469.58984375,2011.01171875,1866.85546875,4291.1015625,4809.97265625,489.03857421875,1200.107421875,845.2294921875,2581.936279296875,557.748046875,2101.388671875,0
174476.8125,2,1,2,33.52678298950195,1,-2,-2,-2,-2,-1,4632.83984375,721.25,831.875,895.5546875,3788.76171875,19287.392578125,1629.561279296875,6063.41650390625,2475.7216796875,2947.625244140625,14310.0703125,7558.0693359375,0
180458.875,2,1,2,31.5184383392334,0,0,0,0,0,0,117660.953125,118311.7734375,110384.140625,87320.9375,78773.6484375,58698.14453125,5815.994140625,5281.8154296875,3830.81201171875,3228.69873046875,3365.17919921875,6439.24609375,0
251680.71875,2,1,2,31.98626136779785,-1,-1,-1,-1,-1,-1,13830.68359375,15095.234375,13070.9453125,10346.52734375,9585.25390625,11318.638671875,11657.767578125,8909.083984375,8458.86328125,8573.578125,7394.908203125,10576.939453125,0
65790.4140625,2,2,1,36.826133728027344,1,2,0,0,0,0,30015.958984375,26838.7265625,28475.443359375,29106.66015625,27484.1171875,25815.0390625,1773.927734375,2346.156982421875,1941.815185546875,1455.362060546875,1498.991943359375,2334.190673828125,1
149404.25,2,2,1,35.928524017333984,-1,-1,0,0,0,0,21019.921875,140332.90625,70073.8828125,62939.15625,42652.62890625,39207.015625,86793.9140625,11556.4609375,5165.791015625,3694.969970703125,3348.119140625,8738.85546875,0
503070.40625,1,1,1,43.94092559814453,0,0,0,0,0,0,432366.78125,424995.75,442574.5625,392543.53125,368087.40625,360096.0625,21713.671875,16178.333984375,16872.73046875,19410.90625,16104.47265625,22274.16796875,0
417851.78125,1,2,1,39.36882400512695,1,2,2,0,0,0,425286.5625,421029.375,406936.46875,382989.78125,366661.71875,364248.03125,12318.166015625,16348.8759765625,13478.0849609375,13087.5859375,17612.66015625,10856.568359375,1
245835.25,2,1,2,29.898555755615234,1,-2,-1,-1,-2,-1,4181.640625,1478.24609375,3072.6015625,959.26953125,1219.66015625,2640.6875,621.70703125,3383.4130859375,799.61767578125,1534.786376953125,1960.671630859375,2049.94677734375,0
223189.15625,2,1,1,41.89474868774414,1,-2,-2,-2,-2,-2,4060.5703125,733.5390625,397.6796875,444.0859375,1093.86328125,-58.79296875,575.046875,800.9873046875,640.09765625,573.609375,306.41748046875,2643.61962890625,0
146652.90625,1,2,1,30.913124084472656,-1,-1,0,0,0,0,18694.3515625,28827.77734375,22057.642578125,17081.884765625,18115.181640625,17073.384765625,21701.412109375,5467.38818359375,2852.037109375,2323.67626953125,1962.75537109375,4622.50146484375,0
124749.671875,2,2,2,38.214881896972656,1,-1,-1,-1,-1,-1,12782.77734375,13791.08203125,9574.08203125,2537.33984375,2986.546875,695.53125,15159.962890625,6251.80615234375,1584.486328125,3121.78515625,1073.234130859375,5722.0869140625,0
137228.3125,2,2,2,38.21489334106445,0,0,0,0,0,0,32813.92578125,27003.9296875,28693.4140625,23140.908203125,22296.373046875,16628.2578125,3095.53173828125,2911.840087890625,2121.994140625,1514.594482421875,1716.82568359375,5355.90771484375,0
86081.8125,1,2,2,33.69055938720703,0,0,0,0,0,0,9981.1796875,6148.50390625,5462.671875,5060.83203125,5272.03125,7081.873046875,1078.42333984375,1736.38671875,970.74658203125,665.42041015625,838.14306640625,1951.198486328125,0
98500.8671875,2,2,2,30.260818481445312,0,0,0,-1,-1,0,18261.8046875,5549.57421875,4048.95703125,2478.87890625,29165.857421875,15449.201171875,2226.2587890625,2134.14892578125,2811.79248046875,17993.3125,3384.897705078125,3896.64599609375,0
125537.828125,2,2,2,31.129159927368164,2,2,2,2,2,2,75371.359375,75718.40625,76935.96875,75260.578125,76088.609375,76310.421875,3349.197021484375,3702.417724609375,3241.337890625,2830.632568359375,2922.07080078125,3235.963134765625,1
128908.7421875,2,2,1,40.979736328125,0,0,0,0,0,0,34280.109375,30253.9375,30318.509765625,29777.828125,27698.734375,27134.86328125,2564.15380859375,2475.005126953125,2230.077392578125,1678.072509765625,1607.751708984375,3807.568359375,0
72173.3203125,1,2,1,34.28076171875,1,2,0,0,0,0,25995.056640625,24147.55859375,25931.193359375,18468.685546875,18563.15234375,13592.873046875,2159.64892578125,2693.359130859375,1951.505126953125,1046.708251953125,1346.663818359375,2529.167724609375,1
42059.53125,2,2,1,37.802486419677734,2,2,2,2,2,2,18342.97265625,16721.626953125,17211.814453125,15703.96484375,16404.82421875,17156.751953125,1671.70068359375,1993.908447265625,1684.506103515625,1135.3046875,1043.941162109375,2650.76318359375,1
190982.234375,2,1,1,44.55797576904297,-1,-1,-1,-1,-1,-1,5082.84375,3146.7734375,3417.55859375,1807.0234375,3296.421875,3864.765625,2735.180908203125,2767.0546875,1538.25,3238.91259765625,1979.86962890625,4720.36962890625,0
204473.640625,2,2,1,42.28323745727539,-2,-2,-2,-2,-2,-2,4688.75390625,2913.9453125,2465.34375,2434.765625,3033.84375,55.41796875,1206.99267578125,1420.0224609375,1222.025390625,2312.10205078125,429.4482421875,2056.158447265625,0
50178.125,2,2,2,36.561222076416016,0,0,0,0,0,2,31558.45703125,30659.4921875,30109.470703125,29527.1171875,28934.86328125,24830.4375,2249.221435546875,2404.8564453125,2044.947998046875,1859.76025390625,1477.04150390625,2344.2939453125,0
144610.484375,2,1,2,31.400068283081055,0,0,0,0,0,0,134486.359375,135301.421875,94543.8203125,95003.78125,58462.25,54240.609375,5901.0234375,5242.306640625,2390.892578125,2982.436767578125,3020.67041015625,5635.35400390625,0
258924.953125,2,1,2,33.60353088378906,-1,-1,-1,0,0,-1,9557.41796875,9882.9921875,24778.28515625,17084.69140625,9477.6171875,10391.296875,10868.5791015625,10286.951171875,4144.29052734375,4917.05029296875,8612.8447265625,10182.9140625,0
132902.96875,2,2,2,31.37276840209961,0,0,0,0,0,0,83615.75,82859.4296875,74669.2421875,66335.921875,56665.34375,54580.30859375,3680.04931640625,3852.884521484375,2971.67626953125,2763.7353515625,2770.66357421875,3203.2060546875,0
168675.296875,2,2,2,38.40473175048828,-1,-1,-1,-1,-1,-1,4620.078125,1522.171875,2027.26171875,1360.484375,1365.20703125,2734.609375,892.7255859375,1532.64453125,988.49560546875,726.54931640625,1683.734375,2889.697509765625,0
153488.5,2,1,2,32.48133850097656,0,0,-2,-2,-2,-2,19236.826171875,6047.40625,1058.203125,750.8671875,825.890625,-181.09765625,980.26318359375,1228.8212890625,897.576171875,637.94091796875,610.1484375,4097.75390625,0
247143.328125,2,2,1,37.632232666015625,-1,-1,-1,-1,-1,-1,5419.4921875,3098.609375,3868.39453125,5552.3203125,3253.64453125,4448.375,2652.5947265625,2968.165771484375,5875.12841796875,3598.646484375,5056.20458984375,2462.939697265625,0
57988.8359375,1,2,1,39.700927734375,0,0,0,2,2,2,14504.19140625,10673.6796875,12019.53125,12617.103515625,11718.85546875,10727.78125,1565.22607421875,2274.521484375,1492.78369140625,1025.101806640625,976.828369140625,2032.82421875,0
241873.734375,2,1,1,34.21306610107422,0,0,0,0,0,0,211935.609375,208004.53125,215213.515625,154410.1875,108051.28125,81000.7734375,20391.201171875,9314.4609375,14497.091796875,4595.322265625,3027.7509765625,10652.8056640625,0
119946.390625,2,2,1,31.172691345214844,0,0,0,0,0,0,76498.921875,74962.265625,64286.08984375,54477.7890625,40124.10546875,37726.84765625,3563.52685546875,3652.331298828125,2192.626708984375,2464.596923828125,2103.1484375,2991.735107421875,0
256798.71875,2,2,2,38.637577056884766,0,0,0,0,0,0,226455.203125,211747.234375,191373.859375,135310.078125,114201.59375,62505.640625,9723.638671875,8245.4970703125,5280.43603515625,3311.25341796875,3895.470947265625,8388.49609375,0
182940.75,2,2,1,29.318288803100586,-1,-1,-1,-1,0,-1,4471.12890625,1518.98828125,3322.546875,3658.26953125,2267.0390625,847.84765625,693.13134765625,3433.7548828125,1144.87890625,453.39599609375,540.71923828125,2041.6328125,0
142453.015625,1,2,1,34.659725189208984,0,0,0,-1,-2,-1,27161.470703125,11197.67578125,11746.4609375,2567.96875,6461.07421875,19636.41015625,2844.664794921875,3490.175537109375,1487.213623046875,1491.4912109375,20400.4296875,5703.84619140625,0
239195.09375,2,1,1,40.82346725463867,1,-2,-2,-1,-1,-2,7397.9921875,1223.59765625,377.57421875,25742.322265625,12481.998046875,2322.19140625,1536.26611328125,3419.5087890625,34950.64453125,2957.8154296875,1740.936279296875,9138.7265625,0
67564.4140625,1,2,2,30.1579532623291,0,0,0,0,0,0,14360.9765625,9858.21484375,10181.37109375,10263.859375,10127.888671875,9822.65625,1605.364501953125,2088.95166015625,1497.696533203125,1168.537841796875,1163.442626953125,2046.75634765625,0
239526.65625,2,1,2,33.21397399902344,-2,-2,-2,-2,-2,-2,7282.30078125,7181.390625,4398.390625,923.3671875,1349.3671875,5236.4609375,6251.037109375,5183.40283203125,1745.324951171875,1023.847412109375,3849.5390625,7403.8173828125,0
156983.625,2,2,1,42.01788330078125,-1,-1,-1,0,0,0,4883.265625,5191.1640625,4942.0703125,4378.72265625,5129.015625,7033.6953125,1619.583984375,1060.66748046875,804.3984375,710.56982421875,891.39111328125,2709.87109375,0
205183.484375,2,1,1,42.29552459716797,-1,-1,-1,-1,-1,-1,39127.671875,36662.390625,42798.75390625,16591.42578125,2139.2265625,3090.7578125,69680.5859375,17007.67578125,7395.466796875,2795.09814453125,2021.86328125,9635.1171875,0
85804.5625,1,2,2,31.19641876220703,0,0,0,0,0,0,50587.84375,49089.27734375,47009.29296875,34774.30859375,32107.7890625,26699.685546875,2551.4169921875,3068.57421875,2258.73291015625,1439.374267578125,1626.932861328125,2441.1337890625,0
117357.953125,1,2,2,30.72399139404297,0,0,0,0,0,0,49449.015625,41442.26953125,38246.3828125,29053.8125,27676.8125,24982.953125,2660.24462890625,3068.142822265625,1910.393798828125,1430.175048828125,1593.90771484375,2369.701904296875,0
197951.21875,2,1,1,30.638309478759766,-1,-1,-1,-1,-1,-2,6494.3359375,6753.9375,2494.9609375,6097.80859375,1802.89453125,193.9921875,6055.35205078125,1622.58740234375,6810.7421875,1090.521240234375,716.34130859375,3524.15673828125,0
100815.9296875,2,2,1,40.06181716918945,0,0,0,0,0,0,51089.97265625,47651.62109375,50789.28515625,43031.6015625,42546.38671875,40798.66015625,2556.758056640625,3086.449462890625,2281.34423828125,2461.10302734375,2466.289306640625,2438.928955078125,0
12128.921875,1,2,2,34.26576232910156,0,0,0,0,0,0,13384.0078125,9546.45703125,9795.26953125,9326.13671875,8976.171875,11151.654296875,1435.0224609375,2067.703125,1324.96142578125,1084.478271484375,1316.129150390625,2046.729736328125,0
167720.25,2,1,1,43.208534240722656,1,-1,-1,-1,-1,-2,4779.62109375,1111.32421875,635.37890625,542.43359375,1060.625,1111.44921875,901.79638671875,1229.60009765625,662.4296875,602.58984375,625.869140625,3576.560546875,0
132599.375,2,2,1,37.796058654785156,0,0,0,0,0,0,81774.5625,72770.84375,71627.96875,62770.73828125,58869.06640625,51061.4296875,3882.77099609375,3709.568359375,2928.134521484375,2844.48193359375,2872.98193359375,4555.8486328125,0
232830.203125,2,1,1,32.640625,1,-1,-1,-1,-1,-1,5693.2421875,2566.109375,2142.5078125,7599.140625,3459.7734375,880.69921875,2558.124755859375,2317.3974609375,11557.771484375,1390.067138671875,1195.160888671875,4935.8876953125,0
199896.40625,2,2,2,38.79792404174805,0,0,2,0,0,0,115488.9453125,105281.265625,103344.125,101880.6015625,100947.6875,108089.5625,6279.193359375,6386.0634765625,4944.2412109375,8152.41015625,4084.4599609375,9613.6171875,0
84046.296875,2,2,2,36.6003532409668,0,0,0,0,0,0,12148.421875,8616.39453125,9602.671875,10082.046875,10696.55078125,11837.15234375,1376.8857421875,2045.46533203125,1414.48095703125,1092.800048828125,1391.838623046875,2153.842529296875,0
272394.125,2,1,2,32.739501953125,0,0,-2,-1,-1,-1,20701.974609375,26465.126953125,4602.84375,2906.76171875,17072.310546875,135111.3125,1860.370361328125,1683.91259765625,2675.51318359375,3225.37548828125,171729.34375,7820.875,0
59161.265625,1,3,1,45.62071228027344,0,0,0,0,0,0,44594.87109375,44817.06640625,24976.25,26331.6640625,15711.1640625,14263.1328125,2733.02490234375,3058.46484375,1311.186767578125,1140.5009765625,1156.268798828125,2185.936279296875,0
258130.59375,2,2,2,33.67494201660156,0,0,0,0,0,0,398230.59375,215760.921875,289492.3125,179325.4375,154015.109375,144163.53125,36340.53515625,6767.44189453125,7300.158203125,5290.962890625,5024.3115234375,9802.0703125,0
48751.40625,1,2,2,27.43173599243164,1,2,2,2,0,0,8036.69140625,7830.5,7320.9921875,6757.46875,5976.6796875,5059.1171875,1286.07275390625,1570.47509765625,1067.69189453125,960.2275390625,283.443359375,1743.59912109375,1
290619.0,2,1,2,42.469573974609375,-1,-1,-1,0,0,-1,16595.7265625,6973.05859375,35706.109375,40663.96875,23077.4296875,21937.001953125,9117.095703125,23298.453125,17268.41015625,15635.73046875,12189.677734375,13982.361328125,0
331632.3125,1,1,1,40.82959747314453,-1,-1,-1,-1,-1,-1,8581.0546875,3833.87890625,15421.373046875,14014.32421875,91986.984375,140897.234375,3040.82568359375,6255.48681640625,20799.697265625,13174.814453125,329615.125,14207.201171875,0
30329.09375,2,2,2,35.25914764404297,0,0,0,0,0,-1,48681.953125,46250.53125,24096.83203125,20112.359375,5689.9375,8947.150390625,2491.837890625,2909.34423828125,936.85107421875,409.810546875,535.11279296875,2198.486572265625,1
208687.015625,2,1,2,33.15055847167969,-1,-1,-1,-1,-1,-1,4439.046875,1233.64453125,572.85546875,621.97265625,1084.16015625,957.91015625,796.84765625,1332.1279296875,898.66748046875,846.861083984375,799.909912109375,4059.47119140625,0
294042.6875,2,2,1,41.605350494384766,0,0,0,0,0,0,229219.125,228481.953125,193514.890625,178154.671875,126656.265625,124165.1171875,9929.5927734375,7837.0283203125,5030.7958984375,4012.630615234375,5015.513671875,8101.08837890625,0
246777.1875,2,1,1,35.252933502197266,1,-2,-2,-2,-2,-2,4489.6796875,453.859375,-1204.328125,547.375,795.09375,-642.2734375,582.30078125,2959.641357421875,1059.21240234375,650.8427734375,1024.749267578125,6817.419921875,0
23545.984375,1,2,2,30.186994552612305,0,0,2,0,0,0,18942.9921875,15359.1015625,16338.486328125,15348.9296875,16194.298828125,15805.7421875,2312.7314453125,1908.345458984375,1522.095458984375,1186.082763671875,1201.7314453125,2092.193359375,0
172950.03125,2,1,1,31.67894744873047,-1,2,2,2,-1,-1,7545.90234375,5924.234375,3943.03125,1297.0078125,1562.453125,4014.68359375,2982.66748046875,984.7255859375,591.22021484375,831.543701171875,1684.20361328125,3202.02783203125,1
199393.484375,2,1,1,43.0067253112793,0,0,0,0,0,0,102410.125,93007.359375,99515.6484375,101765.8125,103814.078125,99480.421875,5256.02392578125,6647.662109375,4964.04052734375,4134.087890625,5877.24853515625,8162.2802734375,0
188878.5,2,2,1,37.90443420410156,0,0,2,0,0,0,150014.3125,159178.5,143670.28125,156503.34375,161202.203125,149972.90625,27135.642578125,8117.8837890625,9377.1630859375,8467.93359375,7527.2138671875,8435.6474609375,0
210980.359375,2,1,1,32.464229583740234,1,-2,-2,-2,-2,-1,4404.6640625,745.63671875,1227.75390625,1672.44140625,8218.669921875,22531.404296875,1346.04736328125,1377.75537109375,1539.30908203125,1601.587158203125,32962.63671875,7402.3564453125,0
175944.265625,2,2,1,29.63385581970215,-1,-1,-1,-2,-2,-2,4327.77734375,2485.2265625,765.54296875,902.8984375,1104.08203125,-3.24609375,2138.68798828125,1059.20703125,524.20947265625,480.5595703125,342.64697265625,1635.55908203125,0
324979.375,2,1,1,42.18244934082031,-1,-1,-1,-1,-1,-1,14614.2578125,24899.8671875,15860.837890625,10444.162109375,7471.744140625,9170.46875,15988.095703125,9243.921875,8154.4921875,11321.20703125,8945.1591796875,12612.5537109375,0
40509.5390625,1,2,1,36.93955993652344,2,2,2,2,2,2,20031.501953125,18323.783203125,18819.833984375,19551.8828125,19000.904296875,17771.78125,1555.505859375,1894.62353515625,1572.10693359375,1111.904052734375,1367.8134765625,2182.827392578125,1
257238.25,2,2,1,31.9864501953125,0,0,0,0,0,0,148834.9375,153803.265625,151755.109375,152868.65625,138925.53125,144455.125,10567.7646484375,7753.775390625,7510.47802734375,6378.1455078125,6987.3212890625,10210.59765625,1
47268.8984375,1,2,2,30.450149536132812,2,2,2,2,2,0,10704.7578125,9992.7265625,10388.82421875,11631.802734375,11200.2578125,12229.890625,1394.99609375,1850.44775390625,1517.850830078125,1022.39501953125,1021.272216796875,1942.7646484375,1
72557.4765625,2,2,2,30.83553695678711,0,0,0,2,4,3,45081.1953125,42567.859375,45281.03515625,46585.0859375,43889.36328125,40769.7109375,7492.7099609375,4254.2158203125,3746.134765625,3238.65234375,2936.0029296875,4176.244140625,0
208833.890625,2,1,1,42.70683288574219,-1,2,2,-1,-1,-1,6797.68359375,10290.109375,2378.8828125,3569.51953125,1870.765625,5844.0078125,5865.3837890625,2174.37451171875,3831.23291015625,1476.646728515625,5074.73486328125,6025.26318359375,0
249155.1875,2,1,1,31.654369354248047,-1,-1,-1,0,0,0,6050.96875,4369.03125,16092.185546875,6744.0703125,6510.828125,8387.025390625,2351.13037109375,9996.3037109375,1891.5283203125,2766.999755859375,1591.94580078125,4773.43359375,0
221137.1875,2,1,2,31.483423233032227,0,0,0,0,0,0,115335.078125,139210.25,98187.796875,97750.40625,89395.1640625,83473.1015625,6421.3056640625,6668.091796875,3752.02783203125,5285.00634765625,5019.021484375,5121.3837890625,0
154837.515625,2,1,2,32.12726593017578,0,0,0,0,0,0,15754.64453125,8596.828125,8711.953125,7009.7578125,8236.1484375,3057.86328125,3087.0673828125,3628.18408203125,2658.956787109375,2544.828857421875,3008.14599609375,4649.88232421875,0
169239.421875,2,1,2,31.767173767089844,-1,-1,-1,-1,-1,-1,17687.640625,16245.71875,4112.16015625,950.93359375,1124.8828125,616.69140625,12026.22265625,1728.36474609375,1602.722412109375,1474.613037109375,914.77197265625,5768.7705078125,0
162517.46875,2,2,1,43.959686279296875,0,-1,-1,-1,-2,-2,10925.11328125,2192.64453125,1580.03125,854.4375,3506.2421875,55.07421875,956.62353515625,1141.46142578125,874.169921875,1421.18798828125,427.25048828125,11421.4052734375,0
161479.96875,1,1,1,31.656553268432617,0,0,0,0,-2,-2,107598.671875,99573.609375,49533.0546875,36282.484375,3674.3515625,4064.765625,4062.47705078125,3768.503173828125,23.57958984375,532.04833984375,413.49658203125,4123.0634765625,0
155831.953125,2,1,2,36.57133865356445,2,2,2,2,2,0,152314.25,151970.78125,149754.875,147735.46875,142142.796875,144665.96875,7458.55908203125,5660.35693359375,5543.9091796875,4497.84326171875,6227.27587890625,6184.44970703125,1
80118.203125,1,2,2,28.311534881591797,0,0,0,0,0,0,28188.431640625,23144.908203125,18491.849609375,13175.642578125,9082.0078125,6211.623046875,2001.53369140625,2249.5107421875,1439.8173828125,985.06005859375,610.81494140625,2095.309814453125,0
197021.1875,2,1,1,30.303497314453125,-1,-1,2,-1,-1,-2,5742.23046875,5630.05078125,1414.69921875,2740.9453125,1107.7734375,1.64453125,687.35693359375,785.03515625,2583.50439453125,702.671875,470.205078125,2286.506591796875,0
109103.34375,2,1,2,30.287158966064453,1,-2,-2,-2,-1,-1,3955.2578125,1083.30078125,570.75,914.8203125,1227.11328125,-37.28515625,591.69921875,922.08740234375,533.81396484375,631.3720703125,427.98388671875,2240.16748046875,0
45373.5390625,2,2,2,30.176025390625,0,0,0,0,0,0,52260.79296875,43781.16796875,38879.17578125,24490.849609375,17443.3515625,18543.263671875,3006.5859375,3072.274658203125,1922.08642578125,1169.36328125,931.303955078125,3073.71728515625,0
290444.0,2,1,2,28.313182830810547,0,0,0,0,0,0,16014.05859375,11865.1328125,13226.1484375,18190.03515625,22476.1796875,23969.63671875,5113.34326171875,5244.20703125,5082.939453125,11707.38671875,6284.5927734375,5761.96337890625,0
249323.84375,2,2,1,32.96863555908203,0,0,0,0,2,0,118626.21875,115053.7734375,119604.125,134037.65625,124197.03125,122519.0234375,7445.75634765625,7439.4853515625,5743.923828125,6403.25927734375,7526.5751953125,5712.83056640625,0
194206.203125,1,2,2,30.38479995727539,0,0,0,0,0,0,53880.19921875,48351.109375,51846.8984375,44005.67578125,33192.6875,36603.7421875,4333.62939453125,5850.6279296875,6980.14208984375,2968.65869140625,2108.578857421875,7099.63671875,0
472311.375,2,1,1,43.005985260009766,0,0,0,0,0,0,425919.0625,414646.875,423857.03125,385527.84375,372692.3125,373400.15625,18810.20703125,17427.76171875,16746.03125,19948.73828125,15333.677734375,19287.990234375,0
32843.15625,1,2,2,30.208410263061523,0,0,0,0,0,0,19384.32421875,17725.7734375,19651.111328125,17337.48828125,16665.56640625,15788.017578125,1791.73388671875,2052.189697265625,1512.842529296875,1146.490966796875,1082.500244140625,2227.412109375,0
223339.5,2,2,1,36.788963317871094,0,0,0,0,0,0,178578.03125,153097.09375,159402.296875,134848.546875,129383.53125,122392.46875,7614.44189453125,6390.306640625,4745.85595703125,3878.295166015625,4769.63427734375,6858.97119140625,0
138939.84375,2,2,2,29.577167510986328,0,0,0,0,0,0,116087.890625,116516.1328125,115534.8125,95609.859375,90235.65625,73533.0859375,5364.869140625,5209.84912109375,4211.5126953125,3423.77734375,3371.459228515625,4138.1845703125,0
128231.6953125,2,2,1,37.21593475341797,1,2,2,2,2,0,74798.9140625,72006.203125,74067.1953125,66762.953125,64776.7265625,61700.8828125,3895.09228515625,3519.473876953125,3019.196533203125,4705.52783203125,4344.609375,3089.08447265625,1
130369.28125,2,2,2,29.886140823364258,1,-1,-1,-1,-1,-1,4567.421875,2917.265625,985.66015625,1023.32421875,1266.5546875,2661.015625,1967.45703125,1124.17236328125,702.26416015625,629.09326171875,1654.197265625,1847.2421875,0
53405.9921875,1,2,2,30.715085983276367,1,2,2,2,2,2,31987.4296875,30559.447265625,29258.16796875,28062.15625,27842.828125,24192.7734375,2432.90673828125,2255.85107421875,2490.9326171875,1789.83251953125,1282.31689453125,2408.905029296875,1
296934.46875,2,1,2,38.66840362548828,-1,-1,-1,-1,-1,-1,9174.015625,7864.9765625,9518.32421875,11526.26953125,12012.74609375,13737.234375,10899.2294921875,8221.2138671875,8915.9775390625,9778.7421875,11008.4521484375,9094.1962890625,0
131521.375,2,2,2,29.464887619018555,0,0,0,0,0,0,70764.6015625,66114.2734375,71368.171875,72644.546875,76018.109375,72498.796875,3719.9384765625,3782.678955078125,3589.658935546875,3161.05419921875,3160.0166015625,3190.987548828125,0
97484.15625,1,2,1,29.100791931152344,0,0,0,0,0,0,56136.125,52073.71484375,50961.1015625,45935.70703125,38533.18359375,40782.54296875,2938.291748046875,3134.002685546875,2233.027099609375,2456.181884765625,2082.41552734375,2497.651123046875,0
281732.5625,2,1,2,38.95973587036133,0,0,0,0,0,0,190926.515625,191768.234375,145334.640625,148586.5625,122423.1875,121423.921875,14026.98828125,13803.3046875,15864.1416015625,14989.220703125,17452.517578125,20628.408203125,0
98281.9140625,2,2,2,31.397035598754883,0,0,0,0,0,0,54573.6484375,34655.671875,47427.828125,48928.1171875,28072.052734375,19050.44921875,17853.89453125,8787.6884765625,20644.55859375,6049.6240234375,3567.265625,8250.90234375,0
79926.4140625,1,2,1,28.945510864257812,0,0,0,0,0,0,30026.2109375,27984.33203125,24462.35546875,21113.89453125,20913.708984375,18416.67578125,2073.3583984375,2329.35009765625,1827.485595703125,1391.44091796875,1510.362548828125,2194.17041015625,0
117263.953125,2,2,2,34.68783187866211,0,0,-2,-2,-2,-2,15387.03515625,6363.91796875,1392.38671875,1172.96484375,1105.7265625,30.68359375,836.4326171875,760.8974609375,486.14599609375,462.859375,305.998046875,1710.308837890625,0
48882.09375,1,2,1,34.9835090637207,1,2,0,0,0,0,11189.73046875,11393.6796875,12195.0703125,12330.525390625,11891.78515625,11426.529296875,1305.626953125,2004.19677734375,1493.078857421875,1169.14697265625,1118.869873046875,2026.73681640625,0
161365.25,2,1,2,31.98822021484375,0,0,0,0,0,0,119942.609375,115749.4453125,89567.5625,80028.9140625,66853.8984375,62313.69921875,6600.70751953125,7560.30517578125,3243.67822265625,4194.0869140625,3958.412109375,6817.46728515625,0
283948.03125,2,2,1,41.11912536621094,1,2,0,0,0,0,193946.578125,238548.765625,198989.53125,193152.875,191192.96875,173979.359375,10344.337890625,10554.87890625,8023.02587890625,9177.2890625,8318.75390625,7877.814453125,0
377075.96875,2,2,1,38.35439682006836,0,0,0,0,0,0,322680.21875,321302.9375,295429.875,259238.75,208594.390625,208426.71875,13747.630859375,15419.13671875,10899.2998046875,15656.10546875,8182.4921875,16864.052734375,0
50749.734375,2,2,2,30.18412971496582,0,0,0,0,0,0,19672.705078125,18764.91796875,20019.279296875,20809.140625,19496.197265625,18224.15234375,2121.88671875,2241.83251953125,1575.990966796875,1292.505126953125,1561.66162109375,2345.524169921875,0
123968.8984375,2,1,1,42.432701110839844,0,0,0,2,-1,-1,16411.34375,9015.31640625,5997.5078125,1943.85546875,1599.78515625,613.35546875,2409.415771484375,3990.220947265625,489.51123046875,2681.718017578125,1358.596435546875,7833.3603515625,0
235600.09375,2,2,2,29.522396087646484,0,0,0,0,0,2,133777.3125,120899.3359375,96848.46875,75269.7109375,60857.640625,52302.56640625,5877.94677734375,5889.41552734375,3494.37255859375,5486.361328125,4547.6142578125,4389.9228515625,0
66023.3828125,1,3,1,41.22013473510742,0,0,2,0,0,2,10029.16796875,7464.71875,5719.125,6168.86328125,6840.8828125,5808.90625,1795.487060546875,1674.79931640625,1034.69677734375,1487.651123046875,916.213134765625,2016.4755859375,0
218019.140625,2,2,1,39.073577880859375,-1,-1,-1,-1,-1,-1,7553.20703125,1382.07421875,860.0390625,632.515625,3731.609375,7951.19140625,809.669921875,1276.69677734375,809.6572265625,1551.236328125,598.81103515625,2720.67626953125,0
147119.78125,2,2,1,44.13510513305664,-1,-1,-1,-1,-1,-1,5694.6640625,2350.23828125,1133.94921875,2033.33984375,1594.92578125,2682.93359375,513.17041015625,1226.64453125,636.61865234375,1151.752685546875,638.3310546875,2107.69287109375,0
336630.8125,2,2,1,38.681175231933594,0,0,0,0,0,0,328427.96875,317295.0625,152575.453125,107225.9375,24081.31640625,17465.58984375,15440.044921875,15626.486328125,3673.0263671875,5132.794921875,8135.583984375,11031.4638671875,0
190013.703125,2,1,2,33.79035949707031,-1,2,2,-1,-1,-1,5620.46484375,9917.46484375,1080.75390625,1233.80078125,1060.93359375,1845.94140625,2453.520751953125,3162.2490234375,1349.921630859375,848.013427734375,2466.94580078125,8010.98681640625,0
74463.921875,2,2,2,28.07192611694336,0,0,0,0,0,0,9799.37109375,6050.4453125,5307.6015625,4712.0625,5133.14453125,5390.921875,892.26171875,1698.37060546875,809.2529296875,647.32666015625,778.12451171875,1946.53125,0
231219.1875,2,1,2,42.00556945800781,1,-1,-1,0,-1,-1,5904.796875,7279.98828125,5617.0546875,2704.46875,5111.078125,5279.2734375,6241.95556640625,5874.35986328125,1144.468505859375,4475.51416015625,4068.40185546875,5006.95703125,0
201271.40625,2,2,1,39.481529235839844,0,-1,-1,0,0,0,7066.57421875,2693.640625,8586.8125,4786.16015625,5230.21875,3598.66796875,1356.927734375,6548.29296875,1699.226806640625,2115.82666015625,1957.80615234375,2257.1826171875,0
131558.125,2,1,2,31.0722713470459,1,-2,-2,-2,-2,-2,3855.60546875,880.56640625,287.3359375,858.94140625,898.59375,-1.67578125,844.33251953125,4806.1640625,1309.308837890625,1470.573486328125,411.3818359375,8047.552734375,0
154217.859375,2,2,1,37.724308013916016,-1,-1,2,2,-2,-2,4371.09765625,3939.9921875,3660.55859375,1576.28125,1117.578125,-20.203125,731.15380859375,652.31103515625,334.52099609375,460.79248046875,310.20458984375,1572.464111328125,0
305097.8125,2,2,2,41.190284729003906,0,0,0,0,0,0,186842.140625,206823.46875,184769.609375,189144.953125,182812.375,182753.0,11019.1328125,10126.349609375,7868.76171875,11360.294921875,10063.953125,10188.85546875,0
169088.359375,2,1,1,43.304019927978516,-2,-2,-2,-2,-2,-2,4260.1796875,582.23046875,283.49609375,438.36328125,1002.71484375,-81.18359375,652.9677734375,877.4248046875,702.462890625,597.1953125,451.40185546875,3374.831787109375,0
202830.234375,2,2,2,38.37759780883789,0,0,0,-2,-2,-2,23701.10546875,26465.953125,19965.55859375,17455.078125,6083.35546875,1136.44921875,6802.0927734375,7907.2216796875,8754.1171875,2571.86865234375,1738.3232421875,8109.388671875,0
266611.03125,2,1,1,41.24761962890625,-1,-1,-1,-1,-1,-1,5843.109375,15641.45703125,6732.9765625,8087.640625,11829.36328125,24073.0,6273.10791015625,2766.908203125,7871.572265625,3847.611328125,42734.31640625,8653.0322265625,0
143887.515625,2,1,2,31.8374080657959,0,0,0,0,0,0,130477.359375,120620.6484375,107418.265625,88704.9921875,79398.125,74373.640625,5529.61572265625,6231.869140625,3990.327880859375,3635.23388671875,3586.58203125,6811.169921875,0
54722.671875,2,2,1,39.705379486083984,0,0,0,0,2,2,12484.953125,9689.1171875,10840.1875,10055.53515625,11198.748046875,12219.470703125,1471.322265625,1984.7744140625,1887.382080078125,950.60498046875,1228.121337890625,1968.119140625,1
50163.1484375,2,2,2,28.387868881225586,0,0,0,0,0,0,10022.7421875,6427.40234375,7089.9609375,6053.71875,6845.04296875,8156.92578125,1094.0478515625,1779.16064453125,1062.89111328125,876.32080078125,988.05712890625,2118.8408203125,0
81749.109375,1,2,2,35.16806411743164,0,0,0,0,0,0,21729.111328125,22050.25390625,20049.716796875,13813.76953125,11509.37109375,21450.537109375,2511.291748046875,2847.873291015625,2570.67578125,2708.630126953125,11404.55078125,5630.55224609375,0
43818.1640625,1,2,1,38.37394714355469,3,2,2,2,2,2,8697.7578125,6757.8046875,9680.59765625,8267.32421875,9038.953125,6268.451171875,864.99462890625,2181.381591796875,1088.12451171875,2464.052490234375,897.986083984375,2161.87109375,1
223939.640625,2,1,2,31.315658569335938,-1,-1,-1,-1,0,0,4412.21875,1043.15625,1046.328125,5122.34375,4308.46484375,4655.2265625,808.90478515625,1187.76171875,2093.80126953125,539.79833984375,383.81982421875,2413.431884765625,0
169565.984375,1,2,1,29.24216651916504,0,0,-2,-2,-2,-2,15488.71484375,7948.140625,1396.9921875,1215.6015625,1100.33984375,339.90234375,850.28125,792.30322265625,518.9892578125,468.30908203125,316.94921875,1686.5947265625,0
152912.125,2,1,2,31.224288940429688,0,0,0,0,0,0,24000.509765625,18227.68359375,15669.7421875,52703.6640625,43397.42578125,40605.10546875,5891.9814453125,4197.41845703125,37476.64453125,10347.341796875,11016.693359375,7665.5244140625,0
224758.15625,2,2,2,30.250652313232422,0,0,0,0,2,0,148947.09375,142337.390625,152234.5,142912.390625,128302.984375,130350.8203125,16524.7109375,7998.63134765625,8092.40673828125,8181.9873046875,9020.5703125,7246.439453125,0
257752.09375,2,1,1,37.345802307128906,0,0,0,0,0,0,65207.21875,63875.984375,74298.4765625,76626.390625,76479.140625,74296.71875,15670.9921875,7895.18212890625,7034.0556640625,8100.39697265625,7689.708984375,11545.677734375,0
261658.828125,2,1,2,29.234764099121094,-1,-1,-1,0,0,0,27804.095703125,23255.458984375,133648.625,62237.40234375,40081.703125,14556.41796875,22727.75390625,55090.140625,14154.05859375,6647.71142578125,3411.50537109375,9650.2265625,0
185022.359375,2,2,2,31.111125946044922,0,0,0,0,0,0,78046.6875,92109.828125,68250.0859375,89171.7109375,52239.44140625,45524.44921875,6145.84423828125,44658.35546875,5120.0498046875,5820.31640625,8412.23046875,2745.509521484375,0
106279.5234375,2,1,2,30.700611114501953,0,0,0,0,2,0,59677.21875,31854.5078125,33229.8984375,8997.04296875,7587.931640625,9237.2265625,3648.7705078125,1446.3544921875,1685.55810546875,980.128173828125,988.519287109375,3358.88818359375,0
88564.8046875,2,2,2,28.527725219726562,0,0,0,0,0,0,23300.66796875,20499.3984375,17372.17578125,15416.1796875,12246.94921875,12455.736328125,1922.326904296875,1991.098876953125,1515.208740234375,1167.07861328125,1196.914306640625,2203.4287109375,0
106807.46875,2,2,1,36.933780670166016,0,0,0,0,0,0,52771.90234375,50377.765625,51680.39453125,43946.80859375,39565.64453125,37069.1171875,2849.482666015625,3150.642578125,2428.297119140625,2435.733642578125,2093.0,2645.23876953125,0
124162.96875,2,2,1,40.799434661865234,0,0,0,0,0,0,25659.423828125,21317.83984375,21232.5546875,22165.857421875,24058.701171875,22887.5078125,2044.472900390625,2422.332275390625,2107.544921875,1551.03271484375,1684.708984375,3119.131103515625,0
33016.828125,1,2,2,29.953359603881836,2,2,2,2,0,0,15528.0859375,17728.40234375,17028.537109375,16622.857421875,16233.609375,15463.6875,1676.52001953125,1869.58154296875,1539.34716796875,1171.02734375,1047.287841796875,2050.776123046875,0
205334.921875,2,1,2,30.727182388305664,-1,-1,-2,-2,-2,-2,5353.40625,810.125,448.234375,910.078125,1094.8671875,-1195.17578125,1493.17578125,1657.99267578125,1211.746826171875,2062.019287109375,1703.572265625,2039.60595703125,0
128287.6875,2,3,1,40.414981842041016,0,0,0,0,0,0,26752.9765625,24168.623046875,41696.13671875,17798.103515625,33311.26953125,19013.197265625,1955.5908203125,2442.434814453125,23416.35546875,1151.284423828125,1174.947998046875,2212.2109375,0
123752.7890625,2,2,2,30.777538299560547,0,0,0,0,0,2,40423.5859375,44075.59375,37502.34375,38166.49609375,40787.0625,34393.07421875,2603.140869140625,3250.849365234375,2236.362548828125,3390.17138671875,2095.343994140625,3050.22021484375,0
67071.4296875,1,2,2,31.005081176757812,0,0,0,0,0,0,50464.796875,46703.10546875,40250.359375,34515.4609375,28709.037109375,27329.0703125,2470.37451171875,3030.689208984375,1891.548828125,1516.88916015625,1551.18994140625,2353.3046875,0
73272.375,2,2,1,31.13239097595215,1,0,0,0,0,0,21240.7734375,22158.43359375,22031.333984375,22479.267578125,24042.5703125,22825.59765625,1710.623779296875,2369.538330078125,2002.153564453125,1455.31396484375,1625.682373046875,2411.0810546875,0
73449.5234375,2,2,2,28.66179084777832,1,2,2,2,2,0,30847.01171875,27497.54296875,32300.671875,30694.1484375,29614.62109375,27172.5,2044.51708984375,2407.952880859375,2149.69287109375,1362.28271484375,1715.922607421875,2406.018798828125,1
206240.46875,1,1,1,43.35570526123047,-2,-2,-2,-2,-2,-2,12357.91796875,9227.28125,3959.91796875,961.82421875,865.1328125,-296.9921875,11829.2529296875,1682.7763671875,1689.483642578125,1060.636474609375,1154.2119140625,6082.3759765625,0
217022.984375,2,1,2,32.384498596191406,0,0,0,-2,-2,-2,201601.171875,105907.15625,84980.59375,696.71875,1131.72265625,1020.78125,7654.9140625,2744.57568359375,1228.41552734375,818.59326171875,1194.741943359375,7620.88037109375,0
112308.234375,2,2,2,35.705848693847656,0,0,0,0,0,0,66398.453125,65541.8203125,59674.20703125,48687.6875,42563.40234375,44617.7578125,3428.166259765625,3298.300048828125,2295.06396484375,2565.002685546875,2557.710693359375,3042.859619140625,0
244816.96875,2,1,1,32.436710357666016,0,0,-1,-1,-1,-1,34007.625,20133.86328125,29310.912109375,22595.5625,24062.5703125,25004.1328125,10155.037109375,10168.599609375,17081.451171875,12087.2783203125,27575.419921875,15345.349609375,0
184637.921875,2,1,2,29.886930465698242,-1,-1,-1,-1,-1,-1,4665.05078125,3134.37890625,1264.78125,5573.08203125,1168.3515625,846.37890625,3004.489013671875,1481.4130859375,5293.94970703125,907.3115234375,692.575927734375,2299.9013671875,0
119807.875,2,1,2,31.332412719726562,0,0,0,0,0,0,13151.4453125,7487.40234375,6889.6796875,5757.16015625,5086.69921875,5772.421875,1550.89013671875,2297.483154296875,1623.7880859375,884.492431640625,1017.357666015625,5508.8603515625,0
196002.375,2,1,1,37.578346252441406,-2,-2,-2,-2,-2,-2,4825.55859375,703.5703125,502.3359375,702.6015625,1042.609375,-230.1875,631.130859375,1393.44970703125,853.1357421875,1018.720458984375,625.3076171875,4330.615234375,0
108729.9609375,2,2,2,30.784395217895508,0,0,0,0,0,0,27872.931640625,31163.7265625,29435.861328125,28418.390625,26356.017578125,25959.8046875,3706.18798828125,3369.416748046875,1910.855712890625,1569.8515625,1847.747314453125,3046.85693359375,0
38119.0078125,2,2,2,41.439064025878906,0,0,0,0,0,0,19222.787109375,21574.837890625,12340.03125,10128.74609375,6538.4296875,7794.30078125,1821.168212890625,2128.61279296875,1015.55859375,785.504150390625,620.61767578125,2310.15625,0
109654.0,1,2,2,29.639204025268555,0,0,0,0,0,0,18054.3046875,15721.8359375,18567.896484375,16862.44921875,17039.36328125,14889.69921875,1694.396728515625,2059.393310546875,1561.69873046875,1158.782470703125,1200.252197265625,2151.197265625,0
124193.90625,2,2,1,37.9973030090332,1,2,0,0,0,2,48651.5859375,48503.1640625,53252.67578125,45647.9140625,48187.4375,45120.85546875,4048.342041015625,3463.18994140625,3737.60595703125,5648.1787109375,2608.6708984375,6400.7998046875,0
139200.734375,2,3,1,43.519554138183594,-1,-1,-1,-1,-1,0,4445.6953125,1480.15625,3317.9921875,4283.71875,4312.96484375,5458.984375,712.2744140625,1329.06396484375,324.4990234375,733.910888671875,195.90478515625,1790.509033203125,0
109178.640625,2,2,1,44.25243377685547,0,0,0,0,0,0,45928.1015625,44226.2265625,49406.2109375,47627.97265625,42175.890625,43634.17578125,2842.417236328125,3175.595703125,2239.981201171875,2593.175048828125,2286.309814453125,3198.31884765625,0
109314.90625,2,2,2,37.08921813964844,0,0,0,0,0,0,29517.408203125,26638.21484375,28211.744140625,24802.408203125,25442.8515625,21053.91796875,2068.574462890625,2284.872314453125,1959.8193359375,1371.970458984375,1530.301025390625,2294.443359375,1
293544.25,2,2,1,41.02849197387695,0,0,0,0,0,0,92422.609375,95045.421875,86255.515625,68824.0625,54898.8828125,51018.796875,14591.046875,5208.81689453125,6812.0341796875,9483.724609375,7711.66796875,9445.43359375,0
182536.734375,2,1,1,39.572715759277344,-2,-2,-2,-2,-2,-2,4310.34375,548.609375,282.91015625,437.64453125,971.5390625,-108.77734375,626.97412109375,910.3828125,723.7021484375,597.78125,584.23583984375,3422.261474609375,0
115216.984375,2,2,2,28.9727725982666,0,0,0,0,0,0,42716.84765625,41001.43359375,38679.9296875,34840.8828125,34262.671875,32521.837890625,2595.914306640625,3206.518798828125,2199.21533203125,2222.998779296875,1993.68310546875,2644.1689453125,0
245657.28125,2,1,1,31.953584671020508,-2,-2,-2,-2,-2,-2,3839.625,717.50390625,470.11328125,533.10546875,1086.66015625,-56.7734375,662.140625,844.2119140625,730.369140625,582.52734375,444.5458984375,2416.026123046875,0
248532.53125,2,1,1,39.37144470214844,-1,-1,-1,-1,-1,0,5307.12890625,3225.375,3204.453125,2621.109375,6101.05859375,4875.140625,3054.56103515625,2309.117431640625,2515.9501953125,4742.91943359375,988.12744140625,4524.958984375,0
218668.765625,2,1,2,42.36497116088867,-1,-1,-1,-1,-1,-1,5348.984375,3873.52734375,3301.234375,3176.74609375,1482.9921875,4045.71875,4711.29248046875,2073.927490234375,3713.76220703125,888.3857421875,2858.47607421875,5150.419921875,0
273239.9375,2,1,2,31.8057861328125,0,0,0,0,0,0,44855.21484375,87380.890625,174542.71875,149908.421875,159321.140625,152073.78125,58143.40625,45076.2578125,26667.28515625,19820.6484375,16305.34765625,20918.4453125,0
211042.296875,2,2,1,31.674095153808594,1,2,0,0,0,0,133500.1875,128566.3359375,128440.765625,109830.15625,97936.90625,82446.8125,7531.265625,9040.67578125,6915.5,6550.662109375,10091.0810546875,3809.1298828125,1
138903.375,2,2,2,30.652482986450195,0,0,0,0,2,0,36940.76953125,41517.4375,40322.6484375,31323.08984375,34659.41015625,39015.7421875,22085.35546875,10023.05859375,6067.1865234375,6563.74072265625,8257.109375,10054.029296875,0
223508.265625,2,2,1,37.81053161621094,0,0,-2,-2,-1,-1,18238.61328125,47487.234375,4569.875,3459.328125,5296.48046875,79005.1171875,1559.56494140625,1589.46923828125,2269.659423828125,1696.809326171875,81538.1015625,6529.93994140625,0
128552.1015625,2,2,2,40.35292434692383,1,2,0,0,0,0,44482.95703125,45239.05859375,41166.5078125,21362.076171875,22039.318359375,9521.384765625,2383.383056640625,3006.457763671875,2242.6416015625,543.00830078125,723.496337890625,2205.278076171875,0
196167.234375,2,1,2,32.775760650634766,-1,-1,-1,-2,-2,-1,12040.27734375,8871.3203125,2081.2109375,760.33203125,1118.75390625,701.328125,12065.2109375,1337.62646484375,1273.447998046875,725.8701171875,899.515625,4896.74365234375,0
249385.484375,2,2,1,37.27983856201172,2,2,2,2,2,2,284945.34375,262068.28125,265356.0625,250415.265625,251331.953125,223090.0,9489.900390625,8440.1171875,13606.052734375,7656.1279296875,11923.9580078125,10563.23046875,1
219791.09375,2,1,1,42.94009017944336,1,-1,-1,-2,-2,-2,5335.8046875,494.94140625,30.6875,503.5546875,825.203125,-503.4609375,913.2861328125,1693.38525390625,1014.7412109375,644.310546875,742.05322265625,5681.21923828125,0
177696.5,2,1,2,30.54474639892578,0,0,0,-1,-1,-1,14848.11328125,11141.640625,5008.01953125,2095.09765625,1572.4453125,2725.515625,3083.048095703125,1981.390380859375,1435.012939453125,1291.16162109375,1000.4775390625,3715.697265625,0
190951.953125,2,2,2,29.126163482666016,-1,-2,-1,-1,-1,-1,5147.6640625,3243.328125,3955.5234375,5415.1328125,6906.8359375,6680.439453125,2481.9990234375,1872.193359375,4181.3447265625,9589.9140625,6384.560546875,2871.805419921875,0
291282.09375,2,1,1,32.49245071411133,-2,-2,-2,-2,-2,-2,5939.6484375,15391.96875,2089.5234375,895.91796875,1124.08203125,-1210.23828125,4504.1396484375,1577.392578125,1277.405029296875,2252.576416015625,1764.0302734375,3110.18505859375,0
146847.3125,2,2,2,31.387786865234375,0,0,0,0,0,0,101286.5703125,94013.28125,94371.65625,79731.4765625,79778.3828125,70748.265625,3860.6123046875,4219.54248046875,3529.19140625,3192.679443359375,3135.55908203125,3358.68603515625,0
63366.1484375,2,2,1,41.56315612792969,0,0,0,0,0,0,31392.9609375,27441.197265625,30097.23046875,28971.6796875,29675.953125,25788.5703125,2168.13916015625,2389.449462890625,1964.153076171875,1529.91650390625,1719.251953125,2393.8251953125,0
185425.046875,2,1,2,31.438011169433594,0,0,0,0,0,0,141858.15625,135579.25,83135.3125,65741.5078125,25677.76171875,24418.44921875,5751.7734375,5177.900390625,1550.0869140625,1596.26171875,1807.7939453125,6523.3759765625,0
47928.9140625,1,3,1,41.62213134765625,1,2,2,0,0,0,6641.0078125,6643.984375,8283.24609375,7443.0546875,8420.13671875,7614.52734375,1069.7236328125,1638.60302734375,1122.198974609375,984.336669921875,1076.9677734375,2084.2216796875,1
192873.640625,2,2,2,40.61894989013672,0,0,0,0,-2,-2,112322.1328125,104927.09375,52704.2578125,43458.75390625,3687.66796875,4174.28515625,4590.0205078125,4183.11572265625,-143.8720703125,509.92724609375,506.9375,4216.81591796875,0
393795.96875,2,1,2,34.97306442260742,0,0,0,0,0,0,413670.5,361786.6875,320945.0625,200672.578125,133119.34375,98436.5078125,14742.994140625,7010.412109375,7638.3046875,4433.9423828125,7594.80859375,17018.1015625,0
181866.1875,2,2,1,38.12345504760742,-1,-1,-1,-1,-1,-1,4487.0234375,1357.08203125,1703.6796875,1012.6015625,1231.83984375,2526.53515625,849.30712890625,1165.7919921875,828.890625,636.859375,1505.42724609375,2153.814697265625,0
199871.3125,2,1,2,32.05611038208008,2,2,2,2,2,2,107684.1875,96542.0,105667.296875,102413.828125,105068.25,104124.984375,5031.08642578125,4298.205078125,3899.327880859375,3492.382568359375,4150.8486328125,4421.73876953125,1
67975.2734375,1,3,1,29.97481918334961,0,0,0,2,2,0,19410.857421875,17046.697265625,17913.490234375,13722.724609375,13550.21875,12231.34765625,2450.5888671875,1868.7138671875,1496.281982421875,910.183837890625,1389.117919921875,1958.10693359375,0
209617.421875,2,2,2,37.481197357177734,0,0,0,0,0,0,102261.671875,96567.2578125,103685.859375,103366.2265625,104032.7890625,100127.015625,5079.14501953125,4704.86865234375,3870.76953125,3675.5654296875,4359.05224609375,4377.66943359375,0
246272.875,2,2,1,31.083730697631836,0,0,0,0,0,0,162969.5625,164965.0,162028.90625,162684.546875,139563.109375,152437.109375,7393.349609375,6537.1650390625,5421.6962890625,5921.04296875,4820.00048828125,5758.18212890625,0
172980.953125,2,2,1,37.931671142578125,2,2,2,2,2,2,124381.09375,115115.921875,114762.84375,117304.0,117201.765625,118085.0390625,4706.6328125,5935.66650390625,5239.60009765625,4159.619140625,5059.52099609375,5060.693359375,0
325602.09375,2,1,2,37.05929946899414,0,0,0,0,0,0,218803.046875,201658.09375,194875.6875,130431.109375,96019.953125,36422.25,17242.587890625,12519.509765625,9118.2646484375,6205.16357421875,3476.60400390625,10047.8359375,0
273408.1875,2,1,2,31.69337272644043,0,0,0,0,0,-1,37261.640625,38970.6953125,38704.0234375,33010.55078125,15985.640625,26176.921875,18110.935546875,8459.349609375,7999.4169921875,14372.451171875,8365.2734375,20415.619140625,0
102837.9375,1,3,1,39.531089782714844,0,0,2,2,-2,-1,21241.2265625,19241.916015625,9027.69921875,7229.23046875,1456.5234375,860.68359375,2156.172119140625,1766.04052734375,287.10693359375,465.4541015625,472.5234375,1713.922119140625,0
78591.125,2,2,1,29.106130599975586,0,0,2,0,0,0,14327.8125,9907.57421875,9009.12890625,8566.1875,8916.544921875,9608.568359375,1948.235595703125,1935.211181640625,1197.4013671875,1203.920166015625,1356.1396484375,2124.748779296875,0
14128.90625,2,2,2,40.06536865234375,1,2,3,2,2,2,15794.734375,16449.298828125,16933.28125,16087.3828125,16306.68359375,16507.794921875,1622.53857421875,1920.67333984375,1520.560302734375,1038.7646484375,1013.986083984375,2033.430908203125,1
157031.84375,2,2,1,30.774681091308594,0,0,0,0,0,0,94508.59375,86443.9375,55472.390625,43023.30078125,14650.14453125,9934.494140625,3828.629638671875,4069.5380859375,1952.70458984375,937.788330078125,2482.33349609375,4318.9482421875,0
268206.53125,2,1,1,33.09197998046875,-2,-2,-2,-2,-2,-2,5249.046875,9787.66796875,6907.9140625,750.30859375,993.30078125,-7.1328125,3736.52978515625,1127.7255859375,996.34375,824.017822265625,1120.1220703125,5463.1240234375,0
121380.265625,2,2,2,31.449525833129883,0,0,0,0,0,2,59131.71875,100732.890625,57422.0390625,57135.5,50638.5703125,47889.0234375,3816.43896484375,3761.126220703125,2646.94189453125,3380.354736328125,2521.832275390625,3323.763916015625,0
55824.3359375,1,2,1,29.61846923828125,0,0,2,2,2,2,10645.68359375,7569.95703125,7462.0625,7147.3828125,8169.439453125,8161.96875,1584.32177734375,1606.0234375,1166.748291015625,867.82421875,947.361328125,1869.8447265625,1
42819.3984375,2,2,1,35.39854431152344,1,2,2,2,2,2,61995.44921875,43944.65234375,46783.796875,30784.1796875,28919.9609375,25713.4921875,3144.868408203125,2511.93603515625,2188.9013671875,1323.435791015625,1315.896484375,2400.632080078125,1
253616.734375,2,1,1,41.78550338745117,-2,-2,-2,-2,-2,-2,3960.30078125,692.96875,386.05859375,437.64453125,1069.09375,-80.60546875,662.0771484375,820.75244140625,664.2275390625,580.49609375,365.63427734375,2693.736083984375,0
66505.46875,2,2,2,28.688432693481445,0,0,0,0,0,0,10556.8359375,4998.71875,6756.04296875,4776.98046875,5406.49609375,7421.98046875,1307.9794921875,3527.766845703125,864.037109375,693.580078125,841.152587890625,2260.0263671875,0
85151.3046875,2,2,1,29.192346572875977,0,0,0,0,0,0,55175.8203125,51726.09765625,42752.01171875,34824.4765625,27760.7109375,27716.748046875,2917.89453125,3077.666015625,2106.136474609375,1503.567138671875,1565.850830078125,2459.934814453125,0
272362.0625,2,2,1,42.19672775268555,0,0,0,0,0,0,224425.703125,205601.328125,189203.765625,162197.90625,136698.40625,139446.5625,8742.9296875,7158.34521484375,5255.45166015625,7214.1298828125,6595.2333984375,7238.154296875,0
195976.6875,2,1,2,32.90037155151367,-2,-2,-2,-2,-2,-2,4092.47265625,552.3515625,194.11328125,467.40625,837.71484375,418.00390625,621.5859375,1264.0634765625,869.552734375,629.52392578125,641.6162109375,3916.65771484375,0
371817.5,2,1,2,35.15659713745117,-1,-1,-1,-1,-1,0,27364.427734375,26473.548828125,24862.001953125,29250.919921875,25535.43359375,57926.921875,23855.40234375,20896.095703125,29227.10546875,30745.951171875,43272.80859375,34558.1953125,0
222852.28125,2,1,2,30.720603942871094,-1,-1,-1,-1,-1,-1,9016.87109375,9994.26953125,5218.68359375,2465.37109375,4878.81640625,13509.712890625,12408.80859375,2203.7333984375,2155.01611328125,3097.466796875,10092.359375,5961.546875,0
175218.515625,2,2,1,37.99525451660156,-1,-1,-1,0,0,0,4565.66015625,1497.6640625,4232.8515625,4216.16015625,4315.828125,4648.03125,805.615234375,1641.2763671875,500.5224609375,497.17578125,330.85986328125,2226.264404296875,0
186332.59375,2,2,1,38.024959564208984,2,-1,-1,-1,2,-1,5512.19140625,2387.87890625,985.48046875,3581.48828125,4834.65234375,9322.537109375,416.5693359375,1060.71728515625,833.9658203125,275.984375,616.083984375,1763.877685546875,0
95500.2734375,1,2,2,29.734277725219727,0,0,0,0,0,0,19272.380859375,17553.783203125,19261.39453125,17688.46875,17829.3671875,15710.90625,1718.603271484375,2106.450439453125,1543.62841796875,1155.575439453125,1225.304931640625,2259.967041015625,0
165080.34375,2,1,2,30.994548797607422,0,0,0,0,0,0,76273.3515625,68472.34375,64938.359375,50531.8515625,43734.43359375,43914.01171875,3949.8525390625,3487.960205078125,2715.635009765625,2617.8984375,2224.42626953125,4171.3466796875,0
76135.3984375,2,2,2,29.187503814697266,2,2,2,0,0,0,74655.3125,72436.2421875,69132.90625,63076.1640625,53635.15234375,46917.59375,3215.892822265625,3507.446533203125,2882.989013671875,2610.890625,2524.45751953125,2798.772705078125,1
115741.296875,2,1,2,30.93886947631836,0,0,0,0,0,0,46167.7890625,47551.421875,41903.140625,42794.4609375,40075.234375,39397.8671875,2642.09326171875,3177.5791015625,2444.827880859375,2602.774658203125,2203.571044921875,4016.5458984375,0
51458.453125,1,3,1,36.619895935058594,2,2,2,2,2,2,8421.48046875,6049.01171875,5278.68359375,5352.34765625,6061.17578125,7768.857421875,888.65771484375,1549.033203125,1013.4716796875,720.81982421875,806.559326171875,1848.9111328125,1
153356.59375,2,2,1,39.712791442871094,0,0,0,-1,-1,-1,13838.07421875,6163.765625,2531.734375,743.71484375,941.16015625,1364.51953125,2285.487060546875,2131.5810546875,1385.261474609375,2090.468505859375,2126.629638671875,4276.4296875,0
239220.4375,2,1,1,41.967918395996094,-1,-1,-1,-1,0,0,5948.16015625,5344.9296875,4176.7109375,16238.619140625,8633.916015625,8186.248046875,1804.811279296875,2155.794921875,13935.953125,2500.3603515625,2065.16943359375,6655.283203125,0
115108.8046875,2,2,2,36.55691146850586,0,0,0,0,0,-1,11842.53125,7423.76953125,5341.43359375,4717.2734375,2371.2421875,2608.5703125,1447.6142578125,1593.51708984375,410.94287109375,432.36767578125,640.22705078125,1897.036865234375,0
74809.96875,2,2,2,28.90012550354004,0,0,0,0,0,0,27663.40625,20562.0546875,17819.431640625,12414.888671875,14161.029296875,13899.677734375,2887.9443359375,2598.402587890625,2141.781494140625,1707.620849609375,1719.949951171875,4015.652099609375,0
30752.375,2,2,2,30.30555534362793,1,2,0,0,0,0,16720.44921875,14740.55078125,17028.345703125,15250.541015625,15829.0859375,13807.8203125,1390.79833984375,2038.02587890625,1543.955810546875,1163.861083984375,1100.231689453125,2115.102294921875,1
20966.421875,2,2,2,30.840293884277344,1,2,2,0,0,0,22645.1015625,21773.416015625,20023.296875,17321.583984375,18318.140625,17143.9921875,1768.241943359375,2045.77978515625,1722.084716796875,1116.983642578125,1160.359375,2200.59912109375,0
114158.671875,2,2,2,40.01583480834961,1,2,0,0,0,2,42481.5703125,44901.046875,48232.1875,49831.2265625,45291.84375,42470.33984375,2468.239013671875,3114.957763671875,2446.789306640625,3274.14208984375,2523.75830078125,2567.697509765625,0
12305.40625,2,2,2,30.62826156616211,1,2,2,2,2,2,28486.73046875,25310.111328125,27463.2578125,28371.1640625,28899.44921875,24622.55859375,1817.4970703125,2200.05029296875,1935.23291015625,2258.641845703125,1386.3798828125,2302.20361328125,1
126648.6875,2,2,1,40.241092681884766,0,0,0,0,0,0,44988.54296875,65976.171875,40727.8515625,56673.32421875,38942.25,40104.01953125,3507.482177734375,15107.6201171875,5368.91162109375,3077.0556640625,3045.880126953125,4126.40576171875,0
49849.6484375,2,2,2,28.961669921875,1,2,0,0,0,2,76560.1953125,72689.03125,65696.5234375,62840.46875,46679.70703125,47069.21484375,3457.075439453125,3714.280517578125,2984.549072265625,2262.03271484375,2403.677001953125,2947.75830078125,0
108599.03125,2,2,2,40.059715270996094,0,0,0,0,0,0,47659.921875,28437.16015625,38532.58203125,13967.056640625,10595.453125,11722.51953125,11014.435546875,6511.7314453125,3035.588623046875,2102.985107421875,1785.49755859375,4565.81591796875,0
32235.71875,2,2,1,43.45641326904297,2,2,2,2,2,2,49457.3046875,49833.73046875,49941.75,33482.30078125,33194.30859375,24951.552734375,2377.204833984375,2847.56591796875,2264.870361328125,1230.941650390625,1339.87646484375,2213.537109375,1
252416.15625,2,2,2,41.47235870361328,0,0,0,0,0,0,85965.953125,197662.203125,170614.8125,137873.859375,132529.1875,130539.3984375,47991.5703125,13308.615234375,7194.94384765625,6943.7646484375,7664.640625,10278.4521484375,0
153523.03125,2,1,2,29.393491744995117,-1,2,-1,2,2,2,7283.74609375,6092.125,13229.16015625,8816.03515625,6907.4921875,8880.529296875,1344.806640625,9906.56640625,6636.7060546875,1713.46142578125,1273.61767578125,4008.53759765625,0
79802.4375,1,2,1,29.094573974609375,0,0,0,0,0,0,45689.796875,33635.09375,32156.408203125,15798.130859375,12379.0703125,12263.4296875,2522.561767578125,1769.95703125,1483.296630859375,1162.344482421875,1145.173583984375,2112.554931640625,1
96694.8046875,2,2,2,28.032405853271484,0,0,0,0,0,0,19269.44140625,19671.58984375,15663.07421875,13834.9453125,11205.265625,7584.2265625,2931.50732421875,2670.978759765625,2644.596923828125,2459.961669921875,3454.25146484375,2269.492919921875,0
165049.84375,2,2,2,31.95194435119629,0,0,0,0,0,0,134055.0,131896.0625,119368.625,105027.8515625,90535.2109375,82503.3125,5389.6259765625,5630.94189453125,3577.4560546875,3293.497314453125,3256.99267578125,4444.9189453125,0
79312.2890625,1,2,1,41.55874252319336,0,0,0,0,0,-2,50729.375,49281.09765625,48220.0234375,22241.5234375,18506.123046875,4980.1875,2554.438720703125,2867.971923828125,2192.275146484375,356.0849609375,413.05126953125,2102.258544921875,0
267528.46875,2,2,1,42.176265716552734,0,0,0,0,0,0,223489.890625,216463.9375,188826.078125,149863.078125,129184.453125,123849.734375,8577.9853515625,6891.32763671875,4805.63916015625,6810.4580078125,5769.94921875,7919.1943359375,0
80873.15625,1,2,1,39.318565368652344,1,2,2,2,2,0,8172.44921875,7976.00390625,7621.26171875,7040.75390625,7799.974609375,9084.353515625,1238.31689453125,1683.1826171875,1139.141357421875,757.361083984375,977.143798828125,1921.895263671875,0
163692.578125,2,1,1,45.635276794433594,-1,-1,-2,-2,-2,-2,4598.58984375,465.80859375,98.53515625,514.89453125,825.203125,-492.390625,921.75341796875,1482.9365234375,1012.609375,648.56103515625,742.967041015625,5663.482421875,0
112559.328125,2,2,2,36.63177490234375,0,0,0,0,-2,-2,11443.8828125,7298.1015625,5030.671875,1871.546875,1162.62890625,30.609375,1500.326171875,1551.2978515625,380.587890625,474.962890625,333.65283203125,1673.9453125,0
12148.4375,2,2,2,34.30453872680664,1,2,0,0,0,0,29995.52734375,27682.794921875,28221.865234375,18484.05078125,18504.693359375,9150.009765625,1960.359375,2261.15576171875,1894.64453125,972.01220703125,1065.8447265625,2271.2705078125,1
2500.53125,2,2,2,28.852380752563477,2,2,2,2,2,2,29786.4375,27824.158203125,29472.421875,29024.921875,28713.3515625,26972.23828125,2073.869140625,2224.17333984375,1934.396484375,1333.65771484375,1357.337158203125,2172.580322265625,1
203380.828125,2,1,2,39.60292434692383,-2,-2,-2,-2,-2,-2,3956.76953125,552.4296875,285.78515625,446.93359375,968.234375,-102.41796875,624.51708984375,907.69287109375,723.02783203125,591.61865234375,589.29638671875,3432.16064453125,0
130849.78125,1,2,1,40.64168930053711,2,2,2,2,0,0,50948.15625,49655.7734375,50423.5078125,42475.36328125,42037.5078125,37388.71484375,2465.22216796875,2935.677734375,2265.115234375,2467.862060546875,2124.742431640625,2271.818115234375,1
144197.171875,2,1,1,38.907958984375,-1,2,-2,-2,-2,-2,11126.1953125,1569.421875,566.5,456.24609375,1095.8671875,-5.66015625,584.87158203125,823.294921875,639.3662109375,574.8173828125,311.26513671875,2293.6162109375,1
100056.8359375,1,2,1,29.137514114379883,0,0,0,0,0,0,41855.0234375,39629.69921875,33710.640625,27399.98828125,24934.01953125,18797.16015625,2681.740478515625,3169.60693359375,1917.201416015625,1085.23486328125,1248.163818359375,2400.560546875,0
87166.8984375,2,1,1,42.41931915283203,1,2,0,0,0,-2,9972.953125,7405.25390625,8308.3046875,6873.57421875,5380.765625,-30.19140625,1419.20849609375,4785.21337890625,2320.920166015625,660.80810546875,1190.396484375,7393.79638671875,0
161458.5,2,2,1,42.679378509521484,-1,-1,-1,-2,-2,-2,4440.10546875,822.0078125,670.62109375,815.6953125,1098.09375,-47.140625,843.92626953125,1071.76318359375,573.81884765625,548.3291015625,357.58203125,2033.572021484375,0
220168.734375,2,1,1,41.467018127441406,-1,-1,-1,-1,-2,-2,5003.6015625,3755.0390625,3120.8828125,521.375,1087.91015625,-34.19140625,4110.6416015625,2331.115234375,780.994140625,633.72900390625,413.40869140625,2783.7041015625,0
253063.25,2,2,2,30.102092742919922,-2,-2,-2,-2,-2,-2,4480.375,3161.3828125,2190.31640625,1183.421875,2245.0859375,2656.46484375,1513.90966796875,1281.95947265625,531.83154296875,1560.0234375,1435.49462890625,1907.650146484375,0
187998.4375,2,2,1,38.914310455322266,-1,-1,-1,-1,-1,-1,4921.58984375,2456.0078125,2283.796875,4970.93359375,2400.9765625,2810.625,1119.544921875,1694.26953125,2291.210205078125,639.31689453125,1906.92626953125,4338.5068359375,0
151848.875,2,2,1,37.81006622314453,-1,2,2,-1,-1,-1,8937.50390625,7147.90234375,1813.98046875,2797.484375,3351.734375,2543.5078125,1263.47216796875,1410.4970703125,2007.88037109375,3297.15283203125,685.353515625,2685.397705078125,1
182599.640625,2,1,2,36.561187744140625,0,0,0,-1,-1,-1,20687.732421875,19083.27734375,20683.8125,13398.28125,3371.7421875,1067.35546875,5223.19189453125,13227.2421875,7476.9658203125,3538.66162109375,1835.431884765625,9988.943359375,0
56261.7734375,2,2,1,41.55333709716797,0,0,0,0,0,0,30125.685546875,27308.001953125,29454.716796875,29568.73046875,27546.37109375,26298.59375,2069.437744140625,2359.0263671875,1987.4482421875,1524.443115234375,1522.85595703125,2360.19482421875,1
263521.03125,2,2,1,42.38046646118164,0,0,0,0,0,0,188885.375,187382.40625,176826.984375,167033.984375,158274.53125,145710.765625,11033.0302734375,9494.43359375,6433.123046875,7414.8095703125,7406.953125,8818.494140625,0
236247.3125,2,1,1,36.804168701171875,-1,-1,-1,-1,0,0,7920.12890625,3813.46484375,17632.12109375,23995.955078125,21270.724609375,15106.1484375,3531.859375,26426.203125,15609.2509765625,6199.6474609375,6518.68994140625,9631.767578125,0
35629.578125,2,2,2,28.829185485839844,0,0,0,0,0,0,21574.43359375,17911.30859375,20526.265625,21442.76953125,21574.892578125,19318.3046875,1770.348388671875,2193.9833984375,1761.76171875,1412.408203125,1611.75048828125,2248.366943359375,0
106067.8125,2,2,2,37.07951354980469,0,0,0,0,0,0,90586.015625,86003.546875,86144.5078125,74315.71875,74187.484375,62738.0078125,3510.385498046875,4126.841796875,3385.5439453125,3027.14697265625,2988.40478515625,3443.397216796875,1
191100.046875,2,2,1,37.66574478149414,-1,-1,-1,-1,-1,-1,4969.51171875,2674.09765625,3756.09765625,5917.51171875,4192.74609375,2518.47265625,1328.7109375,3008.479248046875,5552.998046875,3328.920654296875,1287.0458984375,2507.5283203125,0
179198.453125,2,1,1,31.93141746520996,-1,-1,-1,-1,-1,-1,4413.08203125,1494.625,960.1328125,971.890625,1208.0625,2348.859375,862.46630859375,1256.1494140625,876.9951171875,708.4990234375,581.72412109375,2438.1708984375,0
255297.703125,2,1,1,31.551654815673828,0,0,0,0,0,0,196571.8125,191058.34375,190277.171875,189612.96875,187198.359375,179100.0,8461.6630859375,7599.451171875,6514.0439453125,8642.9970703125,6849.2958984375,6398.66796875,0
323873.59375,2,1,1,40.51438903808594,-1,-1,0,0,0,0,28423.583984375,92655.0,97330.140625,86379.140625,77236.171875,61910.8515625,75268.5546875,27207.72265625,16876.734375,11304.177734375,13483.6640625,23093.099609375,0
96284.015625,1,3,1,34.857177734375,0,0,0,0,0,0,82885.8125,81782.578125,55345.1640625,48044.26171875,18941.291015625,20269.09765625,3577.48828125,3821.221435546875,1745.276611328125,1199.0107421875,883.76025390625,3525.871337890625,0
160459.796875,1,2,1,31.14027976989746,0,0,0,0,0,0,16961.875,48765.9609375,25397.076171875,21669.306640625,19081.306640625,16862.556640625,10437.87890625,6669.875,3023.791015625,3238.69482421875,3541.265625,4924.4033203125,0
282726.3125,2,1,1,41.92158126831055,-2,-2,-2,-2,-2,-2,6510.90234375,2012.70703125,7058.95703125,13547.0703125,7507.234375,6203.939453125,1436.1357421875,6104.755859375,11439.296875,3090.812744140625,4536.50146484375,5685.09033203125,0
91272.8125,2,2,1,41.474205017089844,0,0,0,0,0,0,36282.94921875,43262.46875,17472.599609375,16709.365234375,5373.50390625,5782.625,2299.74658203125,2965.654541015625,380.74609375,442.6376953125,297.05322265625,1986.9921875,0
99421.171875,2,2,1,29.621234893798828,2,2,2,2,0,0,54871.7109375,50771.2734375,52536.6015625,52063.1015625,54745.27734375,47953.15625,2829.38818359375,3055.11328125,2653.212158203125,2631.947998046875,2649.098388671875,2560.59033203125,1
133175.078125,2,2,2,44.2967643737793,0,0,0,0,0,0,68082.3125,61593.59375,54736.21875,52400.96875,42797.9375,41721.51171875,3385.30078125,3238.97119140625,2168.0,2516.489990234375,2507.469970703125,2874.154296875,0
240135.328125,2,1,2,33.1771354675293,-1,-1,-1,-1,-1,-1,8191.87890625,2512.0859375,3778.9609375,3539.05078125,5789.96875,19189.859375,2217.900390625,3248.91650390625,4041.345458984375,3515.72265625,27803.9296875,9350.0048828125,0
48965.265625,2,2,2,28.685529708862305,0,0,0,0,0,0,42704.83203125,33362.2734375,33806.17578125,26986.970703125,27264.3671875,24649.18359375,2660.628173828125,2271.408935546875,1945.813720703125,1434.46044921875,1587.54736328125,2351.8017578125,0
61648.8125,2,2,2,30.221790313720703,0,0,0,2,2,2,10719.96484375,8163.90234375,8089.578125,6845.62890625,7666.466796875,6057.73828125,1575.8544921875,1639.29296875,1489.334716796875,855.58154296875,910.184326171875,1923.56103515625,0
156909.515625,2,2,2,40.467926025390625,0,0,0,0,0,0,82596.8046875,76980.484375,79054.84375,78135.703125,78856.109375,77806.328125,3870.34033203125,4054.09326171875,3507.37744140625,3332.552490234375,3371.23779296875,3770.533447265625,0
103979.40625,2,2,2,29.362133026123047,0,0,0,0,0,0,84671.65625,113288.609375,80374.703125,112180.453125,76394.5234375,75397.84375,3519.379150390625,49177.84375,2929.0126953125,3185.10009765625,3128.40576171875,3874.74658203125,0
247393.265625,2,1,2,32.64828872680664,1,-2,-2,-2,-2,-1,4350.80078125,826.75,1318.0859375,1697.89453125,7594.861328125,24055.97265625,1346.8994140625,1313.5302734375,1545.299560546875,1590.9033203125,37871.984375,6868.45458984375,0
180848.34375,2,2,1,40.80171203613281,0,0,0,0,0,0,85154.9140625,82237.0,80900.296875,79905.2578125,80171.546875,83224.2734375,4139.353515625,4136.3525390625,3772.672607421875,4134.44921875,5252.396484375,4735.51611328125,0
80533.125,2,1,2,31.15155792236328,0,0,0,0,0,0,12076.1171875,6841.18359375,8216.8359375,7308.05078125,7751.279296875,7578.873046875,1476.09716796875,1918.1572265625,1339.3193359375,1225.12255859375,1201.115478515625,4394.02001953125,0
134604.296875,2,2,2,28.69622802734375,0,0,0,0,0,0,43990.64453125,36937.63671875,34780.0390625,30026.57421875,35785.60546875,24707.203125,4731.85546875,6616.78125,5636.1376953125,1792.278564453125,2796.49169921875,4388.806640625,0
208705.84375,2,1,1,35.59930419921875,-1,-1,-1,-1,-1,-1,4848.53125,3322.6796875,3654.171875,2838.19140625,3700.15234375,5453.09375,2701.76220703125,2352.712646484375,1764.382568359375,3363.01806640625,4109.37353515625,2749.621826171875,0
35842.453125,2,3,1,41.75733184814453,2,2,2,2,2,2,27771.708984375,27142.2578125,28895.431640625,30173.16796875,27485.87109375,25400.49609375,2050.683349609375,2037.033447265625,2037.1025390625,1330.811279296875,1507.81591796875,2072.19189453125,0
85060.6796875,1,2,1,39.18696975708008,0,0,0,0,0,0,19478.3984375,15358.71484375,16977.171875,10585.037109375,12639.96875,6118.107421875,1761.05712890625,2070.89111328125,1557.13916015625,938.0712890625,971.687744140625,2185.837646484375,0
82518.5703125,2,2,2,30.177244186401367,0,0,0,0,0,0,13577.12890625,12353.2890625,11753.42578125,10495.162109375,9468.47265625,23052.205078125,2033.19970703125,2751.258544921875,2171.620849609375,2816.936767578125,9376.3447265625,4382.66943359375,0
220267.34375,2,1,2,31.339693069458008,-2,-2,-2,-2,-2,-2,3713.828125,750.5703125,454.94140625,479.30859375,1094.60546875,-33.4609375,629.224609375,821.4423828125,636.04052734375,549.6416015625,372.3740234375,2204.5400390625,0
195048.25,2,2,1,37.240020751953125,0,0,0,0,0,0,101767.1953125,95311.8203125,103639.9140625,89753.5546875,80574.4296875,82138.484375,4990.42578125,4602.62158203125,3740.794677734375,3475.65966796875,3167.739501953125,3924.58349609375,0
119198.5625,2,2,2,35.530487060546875,1,0,0,0,0,0,90925.296875,57019.49609375,47840.96875,9852.99609375,7571.85546875,6462.5703125,4956.07861328125,2885.15087890625,2607.10498046875,2414.707763671875,2666.256103515625,3365.32470703125,1
98171.5,1,2,2,30.006349563598633,1,2,-1,-1,0,0,8183.765625,5496.2265625,7530.84765625,24817.759765625,17927.275390625,16543.119140625,1204.8857421875,2035.123779296875,15144.447265625,2446.26806640625,2315.39599609375,3049.06982421875,0
137998.65625,2,2,1,41.56919860839844,0,0,0,0,0,0,53142.5625,50997.1875,51598.49609375,48156.9609375,35464.8359375,44022.83984375,3495.000244140625,4166.2236328125,2626.085693359375,2919.205322265625,2406.255615234375,5362.669921875,0
133202.765625,2,2,1,37.15634536743164,0,0,0,0,2,2,42185.453125,41027.30078125,41489.59765625,43861.9296875,42101.5,41192.8671875,2526.4189453125,3310.001708984375,2328.640380859375,2488.29833984375,2454.45947265625,2642.87548828125,1
204629.171875,1,2,1,30.55630874633789,-1,-1,-1,-1,-1,-1,15105.6015625,19126.51171875,7355.4296875,6480.08203125,5925.6328125,7226.755859375,20824.708984375,3965.89990234375,4039.23291015625,1421.656494140625,1069.60546875,4735.83154296875,0
170536.59375,2,2,1,37.2432861328125,0,0,0,0,0,0,98278.2265625,91834.9765625,91907.4921875,92525.765625,92414.3828125,90565.6171875,3895.812744140625,4489.986328125,3524.451416015625,3391.944091796875,3576.9990234375,3624.601318359375,0
98572.5,2,2,2,29.12999725341797,0,0,0,0,0,0,69815.4375,66881.015625,53638.50390625,48766.4921875,36818.44921875,34087.07421875,3416.49365234375,3437.622802734375,2123.430908203125,2319.759521484375,2105.1279296875,2630.423095703125,0
157831.921875,2,2,1,37.215919494628906,0,0,0,0,0,0,94672.359375,85940.953125,88445.640625,85425.890625,85404.9765625,81941.8984375,4127.0546875,4436.2060546875,3506.697265625,3322.27734375,3349.1708984375,3354.775390625,0
176629.96875,2,2,2,37.19284439086914,-1,-1,-1,-1,-1,-1,7644.2890625,8207.98046875,12195.0078125,5445.0390625,5256.2265625,-806.0859375,7385.357421875,9501.7783203125,3254.04345703125,7371.517578125,2385.75927734375,4608.6484375,0
172633.59375,2,1,1,42.80292892456055,1,-2,-1,-1,-1,-1,4585.41015625,1523.42578125,3033.484375,1290.6640625,1290.859375,2601.4296875,681.9677734375,3099.872314453125,1034.76953125,768.0439453125,1750.432861328125,3641.06201171875,0
153671.546875,2,2,2,37.23501205444336,0,0,0,0,0,0,90393.140625,76394.3828125,76210.75,64692.29296875,65237.390625,61470.9375,4240.60986328125,4016.52197265625,3400.77392578125,3020.224609375,3127.89013671875,3462.62939453125,0
82761.921875,1,2,1,30.80938148498535,0,0,0,0,0,-1,47462.55078125,34313.5546875,33676.60546875,7620.375,7743.2265625,3396.44921875,2521.623046875,1792.7890625,1532.897705078125,597.326171875,476.59130859375,2075.246826171875,0
179556.421875,2,2,1,29.83831024169922,2,2,2,2,2,2,126098.671875,120972.546875,122887.125,127835.5625,119102.984375,124284.7109375,4826.9833984375,5658.7490234375,4859.43017578125,4028.865234375,4418.43505859375,4124.85546875,1
257393.09375,2,2,1,38.587162017822266,-1,0,-1,-1,-1,-1,16486.578125,72392.125,5124.35546875,19347.3359375,60944.9453125,59093.6015625,1789.182861328125,3100.925537109375,4272.59326171875,88365.2890625,1469.469482421875,8362.232421875,0
66543.359375,1,2,2,28.47607421875,0,0,0,0,0,0,18117.8046875,17486.77734375,18965.849609375,17386.45703125,17375.5546875,16325.04296875,1611.990478515625,2098.56787109375,1539.521728515625,1142.509765625,1151.76025390625,2195.544189453125,1
107498.140625,2,2,1,37.612491607666016,2,2,2,2,2,2,44533.953125,43580.359375,43380.4375,44771.1796875,43424.171875,44411.28515625,2559.783447265625,3008.62158203125,2355.856689453125,2321.255615234375,2342.132568359375,2607.082275390625,1
162298.34375,2,1,1,43.30904006958008,-1,-1,-2,-2,-2,-1,4106.05078125,512.86328125,421.90625,456.82421875,854.578125,523.29296875,871.49658203125,1094.427734375,693.240234375,605.044921875,728.9970703125,3873.0517578125,0
170400.015625,2,1,2,32.225345611572266,0,0,0,2,-1,-1,12955.9921875,10140.98828125,10402.34765625,2715.93359375,3112.91796875,3675.609375,3602.06982421875,2203.65771484375,1299.81005859375,2173.685546875,1864.01318359375,4533.94384765625,0
97213.7421875,1,2,1,29.74160385131836,0,0,0,0,-2,-2,16768.8359375,12667.15625,8771.35546875,2578.9375,1176.51171875,453.2890625,1667.746337890625,1506.87890625,395.654296875,467.25634765625,264.16162109375,1731.01904296875,0
147395.359375,2,2,2,38.241539001464844,0,0,0,0,-2,-2,15071.29296875,12755.609375,7214.01171875,2746.67578125,1137.375,240.19921875,1903.52587890625,1748.50341796875,556.08642578125,588.33935546875,379.42724609375,2521.21435546875,0
341379.75,2,1,1,39.30314636230469,-1,-1,-1,-1,-1,-1,15325.22265625,17886.01171875,32982.359375,73792.171875,45924.09765625,3355.0078125,11789.33203125,27853.69921875,89422.7109375,18001.416015625,7529.408203125,14856.125,0
213866.515625,2,1,2,31.1873722076416,-2,-2,-2,-2,-2,-2,3758.9609375,792.390625,544.20703125,1242.65234375,1111.03515625,-13.21875,632.87353515625,841.52197265625,1101.64697265625,555.11865234375,455.3125,2405.236083984375,0
273834.5625,2,2,1,37.96690368652344,0,0,0,0,0,0,196582.421875,184986.671875,188691.640625,187706.8125,182005.453125,179182.390625,9096.3564453125,8041.794921875,7024.4931640625,8851.904296875,8567.642578125,7114.8193359375,0
82242.8359375,2,2,1,34.82750701904297,0,0,0,0,0,0,59534.484375,57833.29296875,46266.45703125,43190.09375,31369.892578125,30817.693359375,3242.576171875,3179.836669921875,2000.23193359375,1527.4072265625,1872.1845703125,2559.156982421875,0
216794.125,2,1,2,32.01462936401367,-1,-1,-1,-1,-1,-1,4150.69140625,1596.1953125,3555.859375,567.26953125,1851.61328125,5588.109375,1033.29345703125,4021.3828125,976.984375,1037.3603515625,4612.54443359375,3587.89892578125,0
82350.359375,2,2,2,36.635562896728516,0,0,0,0,0,0,10154.74609375,6379.734375,7271.95703125,5897.95703125,6921.1640625,7377.4453125,1191.5732421875,1789.95703125,1118.690185546875,979.862548828125,1022.369140625,2086.401611328125,0
122478.796875,2,1,2,31.873716354370117,2,2,0,0,2,2,92709.671875,88096.0390625,95347.1015625,107673.015625,97936.78125,97000.21875,6192.19482421875,7311.9287109375,8350.1337890625,3975.6826171875,4959.447265625,6374.4462890625,0
278846.6875,2,2,1,40.91094970703125,0,0,0,0,2,0,192569.609375,177395.59375,182650.390625,170022.84375,149266.890625,132684.96875,15716.296875,11076.3115234375,8418.216796875,8960.775390625,10678.845703125,6568.572265625,0
304722.21875,2,1,1,39.81221008300781,-1,-1,-2,-1,-1,-1,8717.84375,1825.8828125,-6568.11328125,18980.92578125,6635.19921875,1323.828125,2850.208984375,11938.365234375,14887.462890625,8617.681640625,4695.96240234375,7683.6083984375,0
356682.75,2,2,1,33.52333068847656,0,0,0,0,0,0,248521.625,299610.46875,236034.34375,193267.46875,166521.734375,145997.25,12153.658203125,13349.7919921875,11471.0927734375,8316.904296875,8500.7568359375,12288.0322265625,0
145525.6875,2,1,2,31.309545516967773,0,0,0,0,0,0,92910.484375,83692.78125,85804.0625,82189.5,80123.0390625,77771.3828125,3841.6455078125,4353.4677734375,3549.97802734375,3286.880859375,3276.96142578125,4455.49267578125,0
73054.828125,2,2,2,28.863630294799805,-1,2,2,2,-1,0,9939.3125,5380.0390625,5696.375,7324.82421875,27973.1796875,11815.701171875,821.38232421875,1657.8212890625,1575.759033203125,20634.5859375,11191.03515625,3481.9951171875,1
215744.125,2,1,2,31.05368423461914,-1,-1,-2,-2,-1,-1,3739.81640625,3142.03125,1033.45703125,3540.99609375,2261.8125,1506.94921875,965.640625,959.890625,1141.435546875,449.04443359375,472.6533203125,2382.282470703125,0
96783.3046875,2,2,1,37.88077926635742,0,0,0,0,0,0,53554.53125,50043.94921875,51961.6640625,50684.765625,44552.30859375,43265.4375,3263.70703125,3559.6708984375,2451.000244140625,2794.384765625,2733.96533203125,4731.62158203125,0
85233.859375,2,2,1,36.68777847290039,0,0,0,0,0,0,30216.24609375,25774.90234375,27225.3359375,26547.927734375,24993.78125,24077.3671875,2039.70458984375,2443.338623046875,1955.9599609375,1438.528564453125,1550.603271484375,2282.43359375,0
213212.40625,2,2,1,39.26395034790039,-2,-2,-2,-2,-2,-2,4728.828125,2277.359375,1168.95703125,814.25390625,2127.2109375,2616.0390625,1066.18994140625,1136.87451171875,802.435546875,1361.625,1484.9794921875,3818.1181640625,0
253367.09375,2,1,1,41.27663803100586,-2,-2,-2,-2,-2,-2,3960.86328125,1212.26171875,664.30078125,504.53125,1098.05078125,-37.7734375,637.296875,820.75244140625,615.46826171875,545.37646484375,345.0126953125,2051.23095703125,0
77498.90625,2,3,1,44.22698974609375,1,2,0,0,0,0,18255.90625,16920.4140625,15793.267578125,15844.0703125,15068.794921875,16618.322265625,1646.2060546875,1917.82080078125,1427.18359375,1180.81640625,1220.48193359375,2157.24072265625,1
215423.921875,2,1,2,30.95781707763672,-1,-1,-1,-1,-1,-2,13350.40234375,11425.16015625,9970.49609375,4600.30078125,1194.41015625,701.71484375,11671.36328125,6956.42333984375,4619.9365234375,1518.001220703125,1080.81640625,5632.39794921875,0
81682.578125,2,2,1,36.630794525146484,0,0,0,0,0,0,18220.53515625,16530.564453125,17708.923828125,16188.0546875,16600.00390625,15960.9765625,1706.8359375,2109.231201171875,1547.981201171875,1173.791015625,1202.416748046875,2209.175537109375,0
150627.296875,1,2,1,30.826078414916992,0,0,0,0,0,0,58332.41796875,54775.046875,28004.12109375,54654.953125,31998.30078125,28628.822265625,5607.97607421875,8817.203125,16371.5126953125,3543.10595703125,2819.76806640625,4957.53955078125,0
399095.9375,2,2,2,39.04602813720703,0,0,0,0,0,0,329838.40625,330445.5625,323353.90625,305064.1875,292045.53125,268503.71875,17070.69921875,16678.75,13874.0654296875,14563.71875,14590.275390625,15640.470703125,0
91963.578125,2,3,1,40.04848861694336,0,0,0,0,0,0,52159.625,55369.046875,47230.53515625,39497.77734375,36171.48828125,35090.0859375,2866.802734375,3080.551025390625,2203.66064453125,2464.564453125,2084.80078125,2596.63916015625,0
302488.5,2,1,2,29.82403564453125,1,-2,-2,-2,-2,-1,5522.38671875,971.30078125,1350.65234375,2645.125,3518.65234375,56670.3828125,1917.32177734375,1891.42431640625,2796.2294921875,3183.950927734375,63189.3046875,5373.41650390625,0
130208.96875,2,2,1,38.1275520324707,0,0,0,0,0,0,11145.9765625,8695.98828125,9584.390625,8357.76171875,10129.224609375,11133.32421875,1690.715576171875,2210.843994140625,1495.1884765625,1302.900390625,1473.795166015625,3606.419921875,0
277577.0625,2,1,2,32.2160758972168,0,0,0,0,0,2,249610.3125,242278.6875,258201.296875,271309.125,267141.625,248437.15625,15127.99609375,12070.630859375,12704.5390625,10413.021484375,8476.4296875,15153.6015625,1
160364.28125,2,2,1,37.17775344848633,0,0,0,0,0,2,113673.5859375,105028.6328125,96683.703125,84218.4375,74458.71875,62010.84765625,4217.6806640625,4280.98095703125,3439.41796875,4048.216796875,2894.06494140625,3797.02783203125,0
77791.3828125,1,2,2,30.099411010742188,0,0,0,0,0,0,28475.138671875,14733.41796875,20107.91796875,14019.828125,8889.66015625,11920.5546875,8556.0966796875,1795.4892578125,1581.606689453125,1157.705078125,300.65869140625,2156.259033203125,0
200141.109375,2,1,1,33.02819061279297,0,0,0,0,0,0,61956.359375,58210.859375,61242.625,62777.7578125,63619.1953125,62910.296875,5035.427734375,4327.80419921875,3913.75048828125,7100.9716796875,6904.1259765625,5066.0693359375,0
75525.7265625,2,2,2,36.759586334228516,0,0,0,0,2,0,24515.048828125,20929.4921875,20455.39453125,20782.9765625,18634.048828125,18251.42578125,1907.338134765625,2241.940673828125,2280.946044921875,948.859130859375,1100.833984375,2070.154052734375,0
218392.421875,2,1,2,42.20841598510742,1,-2,-2,-2,-1,-1,4267.6640625,670.6640625,347.0,511.4609375,1165.71484375,2250.25,656.796875,1010.26220703125,729.91845703125,1853.8046875,610.8154296875,3748.753173828125,0
53427.796875,2,2,2,29.687929153442383,0,0,0,0,0,0,45815.71875,46056.9140625,43909.625,42776.98046875,41947.265625,40392.86328125,2759.297607421875,3141.876708984375,2319.0009765625,2520.277587890625,2481.38330078125,2981.91943359375,0
244935.0,2,2,1,40.9304313659668,1,2,0,0,0,0,212087.5625,205419.109375,190408.671875,190919.453125,166362.015625,167108.09375,8632.71484375,8183.51416015625,6529.58740234375,8102.5654296875,7709.77978515625,6593.017578125,1
38476.5859375,2,2,2,37.094276428222656,2,2,2,2,2,2,20877.880859375,21982.18359375,20999.689453125,21007.484375,22491.484375,18022.44921875,1647.469482421875,2119.5390625,1838.1103515625,1231.49755859375,1450.3310546875,2249.801513671875,0
314996.375,2,1,2,38.216705322265625,-1,-1,-1,-1,-1,-1,25631.13671875,26793.421875,30875.853515625,43428.54296875,27800.71484375,24834.873046875,24330.80078125,32478.30078125,27729.5,17138.607421875,16310.2890625,18374.205078125,0
195277.578125,2,2,1,29.875070571899414,2,2,2,2,2,2,123702.03125,116911.125,124012.3125,121094.546875,115893.578125,118275.140625,5432.298828125,6243.03759765625,4691.70947265625,5108.70849609375,4932.16650390625,4164.427734375,0
196360.46875,2,1,2,31.578922271728516,0,0,0,0,0,0,109916.515625,99935.109375,106274.7109375,105640.609375,105653.015625,97179.3515625,4450.17578125,5164.49365234375,4777.451171875,3821.73388671875,4192.5634765625,6869.66650390625,0
216348.1875,2,1,1,33.127079010009766,0,0,0,0,0,0,92950.15625,56429.5390625,57571.35546875,25238.619140625,40307.82421875,32423.078125,8357.7919921875,4631.39111328125,4159.091796875,6641.9091796875,7224.3125,13579.947265625,0
183140.625,2,1,2,30.603023529052734,-1,2,2,-1,-1,-2,5559.5546875,4527.85546875,1244.171875,2568.9765625,1142.33984375,10.4609375,503.150390625,690.9658203125,2029.207275390625,606.064453125,410.48876953125,1857.73974609375,0
88504.0625,1,2,2,33.932369232177734,0,0,0,0,0,-1,10129.54296875,7653.4296875,9676.93359375,13344.921875,2305.77734375,23673.955078125,2147.8310546875,2637.175048828125,2031.366943359375,5236.583984375,5384.701171875,6352.3173828125,0
267381.125,2,1,2,43.68531036376953,1,-1,2,-1,-1,0,11335.22265625,1689.40625,5658.0,-823.67578125,151504.375,83173.3828125,1452.830078125,4877.37890625,3528.73876953125,97980.828125,32152.912109375,11138.380859375,0
181658.765625,2,2,2,38.062618255615234,0,0,0,0,0,0,49535.359375,44576.62890625,48688.67578125,55559.9765625,54835.24609375,49295.66015625,3719.416748046875,4033.05615234375,2736.589111328125,3154.36328125,3013.436279296875,4075.16748046875,0
217129.40625,2,1,2,31.713613510131836,-1,-1,-1,-1,-1,0,6929.3359375,1988.765625,5791.1796875,26627.78515625,12424.814453125,17776.197265625,1613.7109375,2143.601318359375,15875.3408203125,3808.375732421875,1813.228759765625,4995.1943359375,0
215968.546875,2,2,2,40.786521911621094,2,2,2,0,0,2,178903.328125,154532.59375,106051.8125,89661.1875,46485.79296875,35538.6953125,10985.134765625,8658.94140625,5037.2900390625,6789.0244140625,8518.8671875,6341.71142578125,0
281405.90625,2,2,1,38.40056610107422,0,0,0,0,0,0,50672.46875,80641.1953125,54662.5546875,47733.18359375,28332.30859375,40527.984375,6871.60693359375,5828.67041015625,5211.42431640625,7208.193359375,5066.80126953125,8224.1962890625,0
168333.71875,2,2,2,38.372314453125,1,-2,-2,-2,-2,-1,3980.81640625,904.53515625,711.6640625,966.80859375,1897.87890625,5234.51953125,399.09765625,877.24560546875,494.7509765625,566.06689453125,3483.0068359375,1742.95703125,0
170047.921875,2,1,2,32.58546447753906,0,0,0,0,0,-1,31131.869140625,24592.16796875,21889.314453125,11234.671875,19139.87890625,14982.70703125,3600.4228515625,3178.718505859375,3444.24609375,1417.86865234375,2740.126708984375,5872.298828125,0
225680.375,2,2,2,41.0485725402832,0,0,0,0,0,0,160932.390625,163279.71875,156044.609375,131718.03125,93942.015625,92599.5625,7117.23876953125,5929.2509765625,4368.12548828125,3437.236083984375,3051.425048828125,6088.64404296875,1
101257.234375,2,2,1,37.060935974121094,0,0,0,0,0,0,45448.2578125,46863.91015625,41706.19140625,34812.59375,33020.65234375,28255.88671875,2514.310546875,3145.52587890625,2217.2724609375,2126.74267578125,1879.432373046875,2767.603759765625,0
112084.9921875,1,3,1,44.49378967285156,0,0,0,0,0,0,57095.578125,53909.1171875,24605.986328125,50960.09375,24148.97265625,19996.392578125,5595.86181640625,8803.8564453125,13969.552734375,3372.29931640625,2360.810791015625,5488.54736328125,1
90635.6484375,1,2,2,28.632362365722656,0,0,0,0,0,-1,10901.08203125,7581.15625,7201.70703125,5985.0390625,3363.98046875,2964.45703125,1218.5205078125,1876.5908203125,1090.341796875,665.29248046875,1686.903076171875,2188.170654296875,0
51483.6953125,2,2,2,28.552867889404297,0,0,0,0,0,0,38101.8359375,33618.9921875,33364.703125,30372.69140625,27730.54296875,26294.134765625,2588.800537109375,3125.19287109375,2088.2431640625,1490.98681640625,1559.490234375,2403.06494140625,0
273525.0,2,1,1,40.456539154052734,1,-1,-1,-2,-2,-1,5770.9375,558.9765625,-3.77734375,536.34375,755.46484375,4050.04296875,2384.2861328125,2321.147216796875,1341.045166015625,3876.12841796875,4012.2197265625,5933.23486328125,0
273213.59375,2,1,1,39.09781265258789,-2,-2,-2,-2,-2,-2,4920.484375,3126.8984375,3347.1328125,2553.74609375,2851.78515625,3970.84375,2070.439453125,1635.689453125,2038.09130859375,1774.3369140625,1653.10986328125,3106.412353515625,0
292270.5625,2,2,1,33.40159225463867,0,0,0,0,0,0,228822.0,231164.875,229693.890625,222973.546875,216457.3125,195033.140625,11486.5,9597.265625,9308.7802734375,9261.60546875,10865.615234375,10691.904296875,1
111307.21875,2,2,2,29.291349411010742,0,0,2,0,0,0,94683.609375,90620.1640625,68880.640625,62386.671875,39815.03125,40028.3203125,4294.7607421875,3990.56005859375,2216.134765625,2636.849853515625,2176.20556640625,4227.5654296875,0
159836.15625,2,2,2,34.88846206665039,-1,0,-1,-1,-1,-1,9390.328125,5771.67578125,5779.4921875,2722.69140625,1183.0703125,1221.34765625,901.8037109375,1845.73583984375,510.81494140625,604.43310546875,558.49853515625,2368.750732421875,0
70709.125,1,2,2,34.53425979614258,0,0,0,0,0,2,15418.73828125,13299.22265625,16171.927734375,15232.513671875,15363.44921875,14411.748046875,1594.00439453125,2153.63330078125,1562.332763671875,1455.759521484375,1747.319091796875,2199.415283203125,0
387600.6875,2,2,2,39.278770446777344,0,0,0,0,0,0,336783.96875,350293.9375,349308.625,329540.96875,333425.03125,270078.0625,15012.46875,20732.51953125,11619.1474609375,11094.224609375,12709.1494140625,14323.693359375,0
166193.765625,2,1,2,31.51195526123047,0,-1,-1,-1,-1,-2,11489.5234375,2077.05859375,878.9453125,2166.83984375,1081.30859375,16.828125,1069.537109375,1087.611328125,1817.87646484375,725.75927734375,505.2900390625,2993.21484375,0
110767.2109375,2,2,2,30.53195571899414,0,0,0,0,0,2,45384.15625,44009.8515625,47040.7265625,48903.62890625,44849.65625,44769.81640625,2867.28173828125,3286.017333984375,2806.8447265625,2323.0263671875,2471.037109375,2784.150634765625,0
209226.203125,2,1,2,32.225990295410156,0,0,0,0,0,-1,50794.93359375,38553.6875,28003.63671875,17281.85546875,3985.43359375,55971.8671875,6193.72119140625,4819.85107421875,5601.97265625,3325.58544921875,46842.46875,6802.091796875,0
336472.34375,2,1,1,32.05950164794922,1,-1,0,0,0,0,83845.8828125,203011.375,235139.328125,253273.140625,246940.546875,254804.578125,263779.125,29996.890625,13523.9736328125,14793.150390625,12129.591796875,17042.302734375,0
186343.140625,2,1,1,40.65338134765625,-1,-1,-1,-1,-1,-1,4821.34765625,2078.4765625,2462.0625,1368.75390625,2133.140625,826.58203125,1085.40234375,1542.88427734375,946.84716796875,1433.269287109375,618.65087890625,2854.133544921875,0
100454.9375,2,2,1,37.443843841552734,2,2,2,0,0,2,18084.8828125,18571.185546875,18878.201171875,20220.09375,19916.314453125,16465.46484375,1519.18017578125,1905.1796875,1532.716064453125,1741.322509765625,1467.21484375,2182.473388671875,0
118026.421875,2,2,2,41.832275390625,1,2,0,0,0,0,73336.421875,75917.3515625,76931.0859375,75061.7734375,76115.4375,77437.2578125,3458.235107421875,3816.05224609375,3466.093505859375,3803.20166015625,3069.50732421875,3003.1650390625,0
92080.8671875,2,2,1,36.68684005737305,0,0,0,0,2,2,29532.849609375,29399.875,34744.171875,31002.296875,30867.87890625,25798.095703125,2348.6669921875,3667.329345703125,2218.29150390625,1920.798828125,1779.71337890625,2668.703857421875,0
194716.125,2,1,2,29.889488220214844,-1,-1,-1,-1,-1,-1,4126.37890625,1409.04296875,1562.6484375,984.125,1164.0703125,1196.70703125,705.908203125,1167.7041015625,704.1123046875,598.7421875,485.23974609375,2014.8203125,0
95281.2890625,2,2,1,29.01264190673828,0,0,0,0,0,0,57997.47265625,52149.54296875,52826.46875,28310.482421875,25152.62109375,14141.240234375,3287.043212890625,3128.12548828125,2351.965576171875,882.525390625,1392.95556640625,2499.20458984375,0
172848.296875,2,1,1,41.31414794921875,1,-1,-1,-1,-1,-1,4691.2578125,1207.10546875,622.546875,510.43359375,1138.66796875,797.92578125,817.35009765625,1154.91943359375,802.09423828125,699.513671875,487.8876953125,2738.407958984375,0
184597.40625,2,2,2,38.371620178222656,1,-2,-2,-2,-1,-1,4296.21875,949.1171875,507.8046875,851.61328125,2004.8984375,20.9140625,400.41845703125,4938.8369140625,1291.644775390625,1590.017822265625,456.6142578125,1894.888916015625,0
161641.171875,2,2,1,30.085830688476562,0,0,0,0,0,0,94994.75,88706.1875,90096.90625,92474.21875,92422.140625,89617.828125,3901.517578125,4473.43115234375,3638.33984375,3327.1611328125,3438.615966796875,3750.93212890625,0
217456.15625,2,1,1,41.3010139465332,-1,-1,-1,-1,-1,-1,5598.04296875,2545.66015625,2143.28125,703.63671875,932.4921875,1619.06640625,1151.6416015625,3938.534912109375,1335.32470703125,841.67529296875,1421.68115234375,8059.7373046875,0
360678.25,2,1,1,34.27244186401367,-1,-1,-1,-1,-1,-1,9361.359375,2367.046875,25304.681640625,8814.9765625,39683.5390625,143342.78125,2673.7646484375,6549.11376953125,14005.068359375,7615.3681640625,344338.59375,11458.11328125,0
168496.0,2,2,1,37.353302001953125,0,0,0,-2,-2,-2,12362.62109375,9560.2734375,1853.578125,1164.84765625,1141.8203125,331.83203125,1541.3125,864.3388671875,585.55029296875,1517.825927734375,900.9580078125,2095.12548828125,0
208673.140625,2,1,1,32.75123977661133,-1,-1,-1,-1,-1,-1,6389.9296875,8673.125,3595.58984375,2822.67578125,2098.62890625,4141.6484375,5335.77734375,1699.14208984375,2534.2919921875,1624.453369140625,2663.669189453125,4156.02734375,0
303297.5,2,2,1,37.15748977661133,0,0,0,0,0,0,148418.34375,286616.625,257279.078125,220153.84375,214157.96875,190206.5,29967.62890625,28139.59765625,17373.15234375,16601.32421875,11778.9130859375,22638.5546875,0
104797.6875,2,2,1,40.248531341552734,0,0,0,0,0,0,68437.6484375,61970.4609375,59701.5234375,54568.81640625,47202.515625,46049.12109375,3499.84765625,3300.250732421875,2631.902587890625,2493.67919921875,2206.19384765625,3109.19775390625,0
13095.1875,1,2,2,33.745384216308594,1,2,0,0,0,-2,18627.197265625,17885.83984375,12581.12109375,9918.71484375,5314.39453125,665.859375,1469.30224609375,1843.1357421875,1269.0693359375,451.162109375,291.5830078125,1785.37158203125,1
112115.234375,2,2,1,41.950958251953125,0,0,0,0,0,0,52780.44921875,52302.40625,53252.87890625,38838.5625,33507.29296875,29971.4375,4251.9814453125,3117.717529296875,2261.668212890625,2144.417724609375,1688.030029296875,3151.07861328125,0
199892.453125,2,3,1,42.72254943847656,1,-2,-2,-2,-2,-2,3797.31640625,1016.63671875,821.2890625,1111.80859375,1503.9296875,3.65234375,401.138671875,917.3388671875,471.80419921875,989.834228515625,256.7607421875,1820.055419921875,0
38214.625,2,2,2,37.1403923034668,0,0,0,0,0,0,40077.8828125,34793.7890625,29559.451171875,19607.171875,18265.173828125,16941.087890625,2503.5546875,2033.083740234375,1774.146240234375,1119.6201171875,1186.404541015625,2280.721923828125,0
259576.4375,2,2,1,41.11347961425781,0,0,0,0,0,0,185269.328125,184948.515625,181081.1875,189222.515625,181556.359375,180939.15625,9605.474609375,10185.513671875,6947.57080078125,9360.64453125,7984.3642578125,8038.96435546875,1
203954.578125,2,1,1,41.0904655456543,-1,-1,-1,-1,-1,-1,5469.5078125,3117.6015625,6536.0859375,6198.44921875,4108.87890625,13195.62109375,2147.623046875,6438.7783203125,6027.68994140625,2328.4931640625,9699.44140625,6465.56689453125,0
112557.546875,1,2,1,28.246837615966797,0,0,0,-2,-2,-2,12148.734375,6274.9921875,1799.1171875,1151.76171875,1161.56640625,159.7890625,1396.27685546875,716.701171875,529.3486328125,454.99072265625,270.92236328125,1647.910400390625,0
251835.296875,2,1,1,32.57040023803711,-1,-1,-1,-1,-1,-1,4651.82421875,841.69921875,697.94140625,3243.6875,2260.55859375,1917.66796875,1474.93408203125,1420.99853515625,1074.1123046875,1619.361572265625,1861.385498046875,2836.634765625,0
35598.484375,2,2,2,36.528648376464844,0,0,0,0,0,0,31051.662109375,28135.251953125,28415.947265625,26619.41015625,18208.125,24759.98828125,2163.158447265625,2315.781494140625,1886.98095703125,1450.736083984375,915.034912109375,2198.68798828125,0
152988.921875,2,2,1,31.009119033813477,1,-1,2,2,-2,-2,4547.02734375,4232.3203125,3605.25390625,1578.4296875,1117.55859375,-17.11328125,789.2919921875,679.88623046875,410.12060546875,475.21630859375,331.11865234375,1679.873779296875,0
101600.140625,2,2,2,31.424102783203125,0,0,0,0,0,0,57482.3828125,62476.3515625,49528.6015625,39106.34375,39466.73828125,36878.33984375,3266.19091796875,3269.64697265625,2224.757568359375,2468.39453125,2187.175048828125,3026.32275390625,0
35144.640625,1,2,2,27.867774963378906,0,0,0,0,0,0,11141.96484375,7620.953125,8525.390625,8675.1328125,8745.41015625,6311.029296875,1210.75048828125,1831.1533203125,1311.65576171875,1009.346923828125,1077.580078125,1999.464111328125,0
242196.03125,2,1,1,33.17023849487305,-2,-2,-1,0,0,0,11414.0234375,8114.4453125,43797.89453125,32544.3515625,11632.3125,10996.919921875,7260.63916015625,37246.06640625,11222.2978515625,3316.1533203125,2719.326171875,9263.1943359375,0
223603.734375,2,1,2,39.855064392089844,-1,-1,-2,-1,0,-1,4274.43359375,696.875,494.11328125,3195.3203125,4316.68359375,6489.865234375,838.56005859375,1352.27587890625,1459.2138671875,595.66064453125,859.30517578125,4129.5537109375,0
182515.25,2,2,1,42.13932418823242,1,-2,-1,0,0,-1,4304.4296875,1484.046875,5322.79296875,4235.8515625,2448.46875,3083.2109375,454.375,1845.35400390625,384.3271484375,426.65869140625,1567.593017578125,1837.846923828125,0
308626.40625,2,1,1,41.53910446166992,-1,-1,-1,-1,-1,-1,20739.27734375,22444.298828125,19578.212890625,13248.16015625,19427.958984375,17623.21875,22995.35546875,13153.7177734375,13694.7236328125,21558.5859375,12828.154296875,15515.892578125,0
105469.2265625,2,2,1,41.638824462890625,0,0,0,0,-1,-2,31805.732421875,26534.6328125,15125.1171875,11945.486328125,2065.61328125,3258.64453125,2400.73583984375,2165.56787109375,282.134765625,474.140625,1460.428955078125,2029.619384765625,0
67598.1484375,2,3,1,41.84162521362305,0,0,0,0,0,0,50962.8984375,50252.203125,51247.69140625,39477.703125,34835.6640625,28544.44921875,2783.6044921875,3206.973876953125,2377.196533203125,1512.297119140625,1570.482177734375,2554.309814453125,0
274702.0,2,1,1,31.270336151123047,-1,-1,-1,-1,-1,-1,8952.98828125,7122.11328125,7910.75390625,15342.5546875,15569.728515625,5623.015625,7953.099609375,3376.18359375,16689.484375,10178.3203125,7407.22314453125,5561.7119140625,0
137069.4375,1,2,2,29.667409896850586,-1,-1,-1,-1,-1,-1,4063.54296875,1389.01171875,795.94140625,955.9765625,1206.28515625,2238.1484375,643.568359375,1107.4775390625,640.43701171875,584.72412109375,561.654296875,1891.108642578125,0
145954.53125,1,2,2,30.541000366210938,0,0,0,0,0,0,81233.0234375,75361.4921875,73722.265625,49546.73046875,34241.0,32034.93359375,3606.78955078125,3507.5810546875,3169.84912109375,2312.85693359375,44.484375,2961.50830078125,0
211465.25,2,1,1,32.471439361572266,-1,-1,-1,-1,-1,-1,4518.34765625,5470.296875,1374.390625,516.3046875,1259.95703125,3754.12109375,2263.849365234375,795.47314453125,812.31298828125,731.950927734375,1711.618896484375,2426.134521484375,0
25247.203125,2,2,2,28.363956451416016,0,0,0,0,0,0,22310.80859375,22531.45703125,18929.99609375,24773.462890625,18197.990234375,17303.275390625,1631.7763671875,13681.767578125,1329.2158203125,1133.8173828125,1118.38623046875,2209.741455078125,0
109428.515625,2,1,2,31.802539825439453,0,0,0,-1,-1,-1,10908.1171875,4914.55078125,1389.75390625,651.7109375,1199.95703125,754.5703125,1296.2548828125,846.57177734375,792.5498046875,666.10107421875,470.54248046875,2226.699462890625,0
155455.453125,2,2,2,29.80878448486328,0,0,0,0,0,0,129008.90625,130954.03125,129232.515625,110470.9375,114846.546875,91239.6875,5310.330078125,6182.734375,4388.3857421875,3367.500244140625,3615.051025390625,4264.587890625,1
140033.046875,2,1,2,30.689987182617188,-1,-1,-1,0,0,-1,7237.125,13689.38671875,21801.611328125,10336.67578125,6337.1953125,8601.51953125,3849.8369140625,13784.455078125,3148.361328125,2510.54248046875,5211.35986328125,5547.337890625,0
161592.46875,2,2,1,43.9460334777832,0,-1,-1,-1,0,0,8531.3359375,3769.35546875,9615.8125,24716.19140625,18438.67578125,17254.07421875,1578.23779296875,6011.89599609375,18378.767578125,2628.03564453125,2585.497802734375,3373.79296875,0
241245.28125,2,1,2,32.21269989013672,-1,-1,-1,0,0,0,5749.15625,2902.0625,14019.21484375,14002.80859375,9563.091796875,9460.91796875,2078.687255859375,11551.671875,1756.72216796875,2001.388916015625,1601.657958984375,4868.10888671875,0
202045.0,2,2,1,42.35918426513672,-1,-1,-1,-1,-2,-2,5055.3671875,3648.55859375,6010.04296875,1759.82421875,1481.1640625,3224.76171875,3313.05810546875,5491.337890625,1019.78515625,2032.370361328125,2554.11767578125,3560.7333984375,0
220630.9375,2,2,1,33.46369934082031,0,0,0,0,0,0,153711.84375,153117.21875,149595.359375,132149.375,132060.28125,111605.3046875,7095.65771484375,6225.32763671875,5416.12548828125,3145.654052734375,4694.32373046875,5524.14599609375,0
186236.453125,2,1,1,32.45133972167969,-1,-1,-1,-1,-2,-2,4367.03515625,1116.81640625,2631.8515625,703.3828125,1013.0390625,24.6875,894.98876953125,2036.792724609375,877.41552734375,1670.677001953125,608.76171875,4141.1708984375,0
17509.5625,1,2,2,30.416608810424805,1,2,0,0,0,0,18795.5,17573.1796875,19933.177734375,17678.310546875,18165.681640625,16600.873046875,1394.220703125,2041.102294921875,1505.773681640625,1147.76123046875,1254.8076171875,2114.6025390625,1
162006.03125,2,1,1,41.618019104003906,2,2,2,2,2,2,8864.46484375,4894.94140625,3846.41796875,4093.55078125,4411.05859375,5335.9453125,764.08984375,882.8994140625,715.75341796875,578.1328125,529.7060546875,3621.90283203125,1
138362.296875,1,2,1,41.99345016479492,-1,-1,2,2,-1,-1,4205.0390625,4941.7890625,3584.83203125,1567.68359375,1208.59375,2151.06640625,650.8056640625,739.1416015625,350.92041015625,587.435546875,415.5400390625,1802.761962890625,0
144211.296875,2,2,1,41.87416076660156,0,0,0,0,0,0,65773.75,61090.61328125,48995.015625,46689.03125,30212.640625,31003.6328125,6517.70849609375,3220.913818359375,1944.218505859375,1704.656005859375,2033.211181640625,3827.3681640625,0
254791.15625,2,1,1,39.40840530395508,-2,-2,-2,-2,-2,-2,4527.65234375,1152.62109375,619.23046875,2046.109375,1115.359375,818.22265625,668.37646484375,996.9033203125,1642.294677734375,601.3759765625,497.052734375,3056.598388671875,0
254582.53125,2,1,1,41.814842224121094,1,-2,-2,-2,-2,-2,3807.03125,734.76171875,444.40625,444.8046875,1097.7890625,-60.140625,575.283203125,801.484375,636.7294921875,565.50927734375,309.7529296875,2255.004638671875,0
115825.5625,2,2,2,30.752107620239258,0,0,0,0,0,0,67227.640625,64317.2421875,69318.1953125,71510.0859375,74410.828125,70945.109375,6040.453125,3649.940185546875,3105.486083984375,3220.68994140625,3492.34326171875,3359.7451171875,0
19366.515625,2,2,2,34.3093147277832,1,2,0,0,0,2,31066.70703125,29548.373046875,30097.84765625,31994.3125,28758.37109375,25659.986328125,2037.33740234375,2450.407958984375,2537.137451171875,1353.6572265625,1418.197021484375,2330.857666015625,1
213229.171875,2,1,2,30.806636810302734,0,0,0,-1,0,0,17034.16796875,10127.984375,8901.91015625,25643.890625,22824.447265625,18279.01953125,3594.9765625,2392.496337890625,22642.08984375,5416.8671875,6107.4619140625,4507.39453125,0
141970.546875,2,1,2,29.091651916503906,-1,-1,-1,-1,-1,-1,11503.7265625,15945.54296875,4547.23828125,1630.41015625,3187.2109375,5166.71484375,17261.93359375,1768.85302734375,1475.4306640625,2625.60205078125,3956.613037109375,4366.36376953125,0
155964.5,2,2,1,37.66069030761719,1,2,0,0,0,0,159801.390625,142498.34375,133662.640625,98729.484375,79847.984375,71905.4921875,6621.64208984375,5943.88525390625,3272.72314453125,3330.287841796875,3290.48486328125,4488.49609375,1
57769.515625,2,2,1,41.67346954345703,0,0,0,0,0,0,30211.875,26591.923828125,25848.67578125,26600.732421875,24034.15234375,23958.173828125,2079.05224609375,2305.631103515625,1945.919921875,1396.25439453125,1530.610107421875,2311.6015625,0
243045.84375,2,2,2,38.01565170288086,0,0,0,0,0,0,41316.765625,21285.880859375,156811.828125,124550.546875,137965.453125,135160.65625,17642.28515625,51862.01171875,17098.986328125,9407.583984375,9164.0078125,10870.8818359375,0
200503.0,2,2,2,41.072837829589844,1,-2,-2,-2,-2,-2,6292.76171875,65787.46875,3292.51953125,1230.5234375,1098.25390625,224.10546875,1404.61962890625,1331.900390625,919.4931640625,703.68212890625,726.74169921875,4919.39501953125,0
88949.03125,2,2,1,38.121238708496094,0,0,0,0,0,2,17872.2109375,10304.92578125,13500.78125,12930.861328125,13671.18359375,11953.623046875,2068.38916015625,2619.843994140625,1957.6630859375,1855.779296875,1675.606689453125,5020.72705078125,0
278757.3125,2,1,2,32.445709228515625,-2,-2,-2,-2,-2,-2,5253.06640625,77030.09375,1845.31640625,3541.3046875,5183.1953125,13156.755859375,4897.13037109375,1771.9345703125,3108.336669921875,4564.90966796875,10525.09765625,7979.3486328125,0
290689.9375,2,1,2,34.05439376831055,-1,0,-1,0,-1,0,22615.255859375,23612.767578125,22464.6953125,26091.39453125,24561.03515625,21221.17578125,13675.861328125,13527.6455078125,16471.1328125,8125.3935546875,12328.353515625,22320.302734375,0
500137.5,2,1,2,35.33291244506836,0,0,0,0,0,0,426493.3125,426385.0625,454250.125,378715.3125,387659.71875,373787.96875,33989.6953125,41813.0546875,42917.640625,53988.4453125,28076.115234375,36468.59375,0
229727.453125,2,1,2,31.910261154174805,-1,-1,-1,-1,-1,-1,5504.51171875,5733.12890625,4865.81640625,6048.80078125,3706.37109375,9718.736328125,5099.69091796875,5499.9375,5980.6494140625,3514.1591796875,6683.41796875,5480.6650390625,0
299236.5625,2,1,1,42.308448791503906,-1,0,-1,0,-1,0,18521.56640625,19632.798828125,17246.51171875,31737.501953125,32803.25390625,47519.96875,9813.1708984375,11205.865234375,16856.36328125,26721.865234375,21911.48046875,20100.11328125,0
147919.203125,2,3,1,41.895103454589844,0,0,-2,-1,0,0,16215.07421875,14069.6953125,4852.71484375,12232.16796875,8574.630859375,7776.130859375,1335.81005859375,1660.70166015625,7680.8359375,1812.22509765625,1431.709716796875,2432.208984375,0
91106.875,2,2,2,30.96269989013672,0,0,0,0,0,0,57319.37109375,53404.57421875,53922.125,53482.58984375,56583.2109375,48548.578125,3199.729736328125,3271.811767578125,2736.32763671875,2836.6240234375,2829.24560546875,4037.47998046875,0
270535.1875,2,1,2,32.975807189941406,-1,-1,-1,2,0,-1,7913.89453125,5492.28515625,16469.73046875,7012.515625,5742.8125,9274.29296875,3482.68896484375,10567.6943359375,2680.050048828125,3984.462646484375,8442.607421875,8942.1328125,0
113869.8125,2,2,2,28.790584564208984,0,0,0,0,0,0,52482.93359375,50615.85546875,53180.5625,53624.84375,48264.48828125,48846.453125,2645.903076171875,3152.87744140625,2594.4287109375,2737.411865234375,2516.2490234375,2587.385498046875,0
65733.5625,2,2,2,36.787845611572266,0,0,0,0,0,0,35989.90234375,35751.40625,31561.037109375,28958.498046875,25979.33984375,26025.46875,2401.543701171875,2412.1728515625,1934.1513671875,1501.09228515625,1532.48779296875,2395.700927734375,0
62049.4140625,2,3,2,40.53415298461914,0,0,0,2,0,0,30696.212890625,26327.46875,26585.291015625,23452.703125,19646.412109375,18523.3515625,2495.46337890625,2217.098388671875,1957.185302734375,1235.8896484375,1054.279296875,2101.76806640625,0
111697.71875,2,2,2,38.13924789428711,-2,-2,-2,-2,-2,-2,3693.98828125,1419.98828125,735.45703125,977.1796875,1147.00390625,1542.05078125,398.1650390625,880.89306640625,474.7568359375,462.75439453125,330.6806640625,1829.819580078125,0
159529.203125,2,1,2,30.74599266052246,0,0,0,0,0,0,16184.12109375,14121.44921875,14276.169921875,13763.91015625,17359.888671875,22857.94921875,2932.92919921875,2778.8955078125,1930.7666015625,3014.21484375,8505.8271484375,5982.40771484375,0
74144.984375,2,2,2,41.764488220214844,0,0,0,0,0,0,14838.078125,10644.76171875,13226.08203125,14384.5703125,15528.82421875,14899.458984375,1619.424560546875,2141.69384765625,1693.235107421875,1190.037353515625,1242.863525390625,2150.925048828125,0
81922.421875,2,2,1,36.57004165649414,0,0,0,0,0,0,19321.169921875,16391.740234375,12762.6796875,12710.55859375,8998.802734375,6918.740234375,1736.28125,2052.376708984375,1232.521484375,1011.190185546875,1116.983154296875,2080.5126953125,0
143728.234375,2,2,1,42.12083435058594,0,0,0,0,0,0,92610.59375,83612.34375,71677.109375,63982.5390625,55158.8828125,56442.0,4037.81103515625,4302.9248046875,3513.88623046875,3508.07177734375,2882.51904296875,5006.32421875,0
173760.609375,2,2,1,39.65542984008789,1,-2,-2,-1,-1,-1,4250.5390625,1094.52734375,862.46875,3447.171875,1264.12890625,2306.12109375,844.771484375,1008.1630859375,2924.6640625,734.189208984375,609.4189453125,2627.5107421875,0
166752.46875,2,1,1,44.39524841308594,-1,-1,-1,-1,-1,-1,4471.80859375,1304.29296875,829.78515625,920.48828125,1141.359375,773.48046875,851.54443359375,1174.646484375,738.5615234375,654.36865234375,556.49609375,2338.793701171875,0
214810.09375,2,2,1,38.945106506347656,-2,-2,-2,-2,-2,-2,4687.109375,2655.79296875,1101.75,814.98046875,2138.453125,2581.4921875,1361.9423828125,1100.67626953125,739.357421875,1342.608154296875,1036.510009765625,2878.531494140625,0
198887.59375,1,2,1,30.94278335571289,2,2,2,2,2,2,142467.046875,144506.734375,140347.515625,138991.4375,144489.578125,138253.65625,5758.33837890625,6417.40234375,6732.9580078125,5077.28955078125,5967.8857421875,7331.6796875,1
230155.46875,2,1,1,41.25799560546875,0,0,0,0,0,0,56902.4609375,29777.021484375,31375.42578125,32505.5,24167.85546875,18870.34765625,45916.49609375,8440.9013671875,22300.6171875,5165.98486328125,3405.66162109375,12906.21484375,0
204107.796875,2,2,1,38.1286735534668,-1,-1,-1,-1,-1,0,7241.50390625,7000.84375,3341.45703125,2705.7265625,7300.90625,5011.26171875,6045.00927734375,1914.248291015625,1866.904052734375,7157.6376953125,1174.9912109375,4585.2578125,0
246854.125,2,1,2,31.437049865722656,0,0,0,0,0,-1,22394.892578125,25358.091796875,16367.623046875,9553.69921875,9831.85546875,11721.896484375,8429.05859375,3612.7568359375,4178.43359375,10314.2890625,9653.09765625,12304.37890625,0
97582.9453125,2,2,1,40.07756805419922,0,0,0,0,0,0,51969.671875,49060.421875,46326.5390625,41490.24609375,39654.82421875,36351.17578125,2587.075439453125,3066.24658203125,2191.513671875,2449.28369140625,2167.933837890625,2437.83642578125,0
199693.734375,2,3,1,37.846656799316406,-1,-1,-1,-1,-1,-1,5137.03515625,1718.65625,3370.4609375,11913.87890625,5420.6328125,2034.5234375,1317.11181640625,1997.7177734375,13529.7626953125,1983.946533203125,1193.771240234375,2727.9443359375,0
63810.4296875,2,2,2,28.319168090820312,0,0,0,0,0,0,30566.6875,26014.212890625,21257.228515625,21761.27734375,15636.4453125,14754.4375,2187.029541015625,2344.0673828125,1417.63671875,1169.564208984375,1193.8095703125,2214.556884765625,0
266868.8125,2,1,2,41.56132507324219,-2,-2,-2,-2,-2,-2,4872.01171875,1821.07421875,3986.2109375,904.1171875,2553.95703125,4002.23828125,877.62158203125,3366.26513671875,790.3740234375,1345.36474609375,1903.7021484375,3267.4111328125,0
401517.34375,2,2,1,38.67158508300781,0,0,0,0,0,0,399175.15625,316021.5,313073.90625,205754.03125,191276.640625,191627.515625,13059.4677734375,6465.5830078125,9334.005859375,13545.302734375,10584.2783203125,14234.81640625,0
67969.0703125,2,2,2,28.601821899414062,2,2,2,2,2,2,35276.28515625,33212.578125,34265.1796875,32479.5625,34572.453125,32184.884765625,2182.322509765625,2948.936279296875,2150.865478515625,2148.509521484375,1903.705322265625,2401.728515625,1
35559.171875,2,2,2,28.402036666870117,0,0,0,0,0,0,21590.587890625,20137.228515625,20194.9453125,19238.884765625,18958.65625,17347.271484375,1777.8125,2050.695556640625,1503.584228515625,1156.823974609375,1521.58251953125,2135.771484375,0
79734.3671875,1,2,1,30.375398635864258,2,2,2,0,0,0,29791.7890625,26760.732421875,26471.96875,21349.6640625,17647.66015625,12257.9765625,2120.311279296875,2162.66357421875,1948.012451171875,1065.599609375,309.55078125,2201.41162109375,1
122355.96875,2,2,1,40.97895050048828,0,0,0,0,0,0,75480.328125,79425.390625,69485.1875,64074.81640625,59974.828125,56042.09375,4063.3076171875,4136.2041015625,3148.065673828125,3066.861328125,2885.4111328125,5296.0869140625,0
129141.078125,2,2,2,28.770641326904297,0,0,0,0,0,0,21447.50390625,18830.55078125,66939.78125,59748.6484375,53794.2109375,48714.5625,5628.76904296875,21700.455078125,7044.6982421875,4327.58642578125,4109.408203125,5034.41455078125,0
107308.8828125,2,2,1,36.99203109741211,0,0,0,0,0,0,16823.28515625,16063.28125,12445.30859375,8929.83984375,5557.8046875,10262.33984375,2028.552490234375,2149.64697265625,1419.0068359375,1540.10791015625,5135.625,3016.259521484375,0
169809.21875,2,1,2,30.76382827758789,0,0,0,0,0,0,14895.15234375,11386.65625,19794.27734375,27844.6640625,26756.78125,19881.080078125,3349.075439453125,5279.03662109375,7398.6796875,3464.92431640625,3852.77197265625,4404.84521484375,0
69272.984375,2,1,2,31.32928466796875,1,2,2,-1,2,2,9088.37109375,6233.59375,12376.77734375,32835.68359375,31932.0234375,32107.65625,2329.450927734375,3018.8916015625,16440.73046875,4884.23046875,4071.0078125,6086.9501953125,1
79606.265625,2,2,2,28.60612678527832,0,0,0,0,2,2,40376.41015625,36818.65625,37663.3046875,39588.84375,39926.34375,37450.203125,2738.953125,3171.02197265625,2716.955810546875,2347.333251953125,2084.03857421875,2331.93115234375,0
134918.328125,2,2,1,37.26073455810547,0,0,0,0,0,0,60513.8046875,58122.625,58039.796875,49978.8046875,28906.03125,35906.45703125,4797.111328125,4630.24365234375,3089.78271484375,2837.619140625,320.65234375,3876.3896484375,0
250661.6875,2,1,1,41.959110260009766,1,2,-1,-1,-1,-1,11098.578125,10344.01171875,10437.4296875,27825.28515625,17712.224609375,7599.3125,3438.05029296875,12084.302734375,28051.60546875,8278.544921875,4925.7470703125,11232.115234375,0
73474.0,2,2,2,29.033082962036133,0,0,0,0,0,0,41986.66015625,41500.53515625,35036.953125,31163.15234375,30313.9609375,27488.9609375,2466.1328125,3110.882568359375,1996.417236328125,1528.861328125,1859.53857421875,2382.5830078125,0
86163.4765625,2,2,2,34.300750732421875,0,0,0,0,0,-1,10623.9453125,20782.15234375,12429.265625,11799.517578125,13224.115234375,20595.8125,2719.283935546875,3276.92236328125,3753.07421875,1864.32861328125,21970.638671875,6199.3779296875,0
223617.25,2,2,1,38.83583068847656,-1,-1,-1,-1,-1,-1,13336.28515625,31274.6015625,13239.01953125,12481.91015625,6528.75390625,689.9609375,13155.80078125,6130.04638671875,16450.166015625,4106.875,1749.80029296875,8416.046875,0
83596.390625,2,2,2,30.558879852294922,0,0,0,0,0,2,30054.880859375,25850.771484375,26535.205078125,23900.5234375,24815.50390625,22192.4140625,2066.361328125,2337.613037109375,1949.67529296875,1765.7060546875,1545.953857421875,2645.637451171875,0
367184.375,1,1,1,45.32804870605469,0,0,0,0,0,0,332766.4375,331726.75,345268.125,299342.4375,278811.375,262919.375,16409.2734375,15277.6318359375,12575.8671875,11366.826171875,12278.2763671875,14736.447265625,0
92105.3125,2,3,1,41.771018981933594,0,0,0,2,0,0,29119.341796875,23986.75,22144.177734375,22438.560546875,24168.658203125,22893.265625,5652.71484375,2419.9365234375,1911.506591796875,1549.71484375,1660.358642578125,2997.27783203125,0
130743.40625,2,3,1,36.70476531982422,0,0,0,0,0,-1,9737.51953125,6786.21484375,5350.73046875,4492.86328125,4415.9375,4831.47265625,675.26708984375,1120.787109375,516.845703125,462.26708984375,448.9443359375,1730.256591796875,0
108447.5,2,3,1,36.636322021484375,0,0,0,0,0,0,32240.623046875,34040.71484375,31378.40234375,29201.375,29478.99609375,26344.7734375,2249.5,3529.855224609375,1920.4990234375,1443.404052734375,1662.27001953125,2620.029541015625,0
140127.9375,2,2,1,44.122596740722656,0,0,0,0,0,0,38513.9921875,39360.8984375,23051.416015625,13752.078125,72074.484375,65859.15625,3664.074951171875,4534.4814453125,4001.404296875,71436.2890625,5625.70458984375,7598.2880859375,0
77313.015625,2,2,2,29.84817886352539,0,0,0,0,-1,-2,31028.583984375,25420.802734375,11425.40234375,11098.501953125,1939.5078125,746.17578125,2224.3466796875,2211.4443359375,642.724609375,658.24853515625,383.35009765625,2289.623291015625,0
33771.21875,1,2,1,43.673675537109375,0,0,0,2,2,2,11464.59375,8311.7734375,7767.3203125,7546.90625,8493.78125,8594.048828125,1648.733154296875,1650.61767578125,1138.61376953125,866.829833984375,932.684814453125,1789.095458984375,0
114880.875,1,2,1,31.26473617553711,0,0,0,0,0,0,52056.38671875,50242.0859375,50374.6640625,31094.130859375,30202.171875,20869.986328125,2944.219970703125,3101.8935546875,2437.4521484375,1076.985595703125,1256.498779296875,2562.7431640625,0
197165.921875,2,2,1,35.13887405395508,0,0,2,0,0,0,94671.5703125,84839.53125,86058.515625,87954.9609375,85378.234375,84878.984375,5568.73193359375,4795.6611328125,4201.57568359375,5791.04296875,6965.345703125,3631.89013671875,0
161966.890625,2,1,1,40.6938591003418,0,-1,0,-1,-1,-1,6635.421875,5114.05859375,4807.1796875,1731.4375,1387.21484375,2927.33203125,1188.9765625,1387.1103515625,688.6318359375,1038.791015625,1823.14453125,4297.162109375,0
224252.09375,2,1,2,31.73984146118164,-1,-1,-2,-1,0,0,8483.75,3555.7890625,5047.70703125,157579.53125,126983.453125,118480.84375,1977.579345703125,15967.3046875,137070.375,5931.0458984375,8018.9306640625,6410.71484375,0
102391.890625,2,2,2,28.207157135009766,0,0,0,0,0,0,14741.234375,10337.28125,8139.19140625,8668.88671875,13198.353515625,15234.10546875,2532.515625,2284.45068359375,1274.5517578125,5345.37939453125,5937.890625,4033.27001953125,0
345838.4375,2,1,1,41.95594787597656,-2,-2,-2,-1,-2,-1,9106.08203125,7224.60546875,6131.79296875,10373.29296875,16853.552734375,17650.865234375,7914.5595703125,4743.236328125,9140.9345703125,12863.51953125,10688.12109375,9484.9755859375,0
251005.0625,2,2,2,39.91791915893555,0,0,0,0,0,0,65437.90234375,59093.83984375,112254.5625,104038.90625,98326.734375,88612.59375,19116.458984375,27848.921875,15100.6318359375,6883.244140625,9555.5625,15525.35546875,0
122876.453125,2,2,1,40.33186721801758,2,2,2,0,0,0,78423.234375,75775.6796875,76048.625,75121.171875,76068.0390625,75263.9375,3438.74658203125,3678.980224609375,3288.3916015625,3298.5322265625,3160.79541015625,3301.51953125,0
39911.3359375,1,2,2,35.2053337097168,1,2,2,0,0,0,28626.638671875,27842.353515625,23830.552734375,25020.89453125,21578.673828125,18684.826171875,2095.9482421875,2081.630859375,1730.506103515625,1252.083984375,1545.9296875,2271.678466796875,0
210350.34375,2,2,2,37.9608039855957,2,0,0,0,0,0,150340.859375,146461.0,146977.890625,141996.09375,133294.671875,145948.78125,7452.669921875,6615.583984375,5859.0322265625,5526.41162109375,4563.97265625,7796.66796875,0
418161.9375,1,1,1,43.740474700927734,-2,-2,-2,-2,-2,-2,22808.1640625,11371.69921875,120675.203125,63184.2734375,15395.939453125,48682.06640625,9337.1630859375,130759.75,17271.4765625,9526.04296875,74339.171875,23505.5625,0
84363.5703125,2,2,2,36.837528228759766,0,0,0,0,0,0,19309.3359375,15775.2265625,14228.8984375,7612.4453125,7945.30078125,5243.55078125,1891.37353515625,2002.488525390625,1618.18994140625,688.22265625,410.48583984375,2748.510498046875,0
101338.2578125,1,2,1,30.84845542907715,0,0,0,0,0,0,51817.015625,48301.66015625,49308.765625,25537.5625,23230.689453125,12454.67578125,2645.530517578125,3087.76611328125,2245.853271484375,900.514892578125,1035.545166015625,2524.0244140625,0
45681.3671875,2,2,2,27.82283592224121,0,0,0,0,0,0,15065.421875,13055.6484375,13735.16015625,13828.70703125,14925.884765625,13687.759765625,1806.243896484375,2131.80224609375,1508.64306640625,1168.984130859375,1221.6923828125,2160.735107421875,0
11885.40625,2,2,2,40.08125686645508,2,2,2,4,3,2,27235.173828125,27134.955078125,26641.884765625,25555.908203125,25844.7265625,22479.59375,1993.641357421875,2020.21337890625,1891.35986328125,1222.0595703125,1385.67578125,2092.3359375,1
330576.0625,2,1,1,39.198612213134766,-2,-2,-2,-2,-2,-2,12888.7265625,12355.50390625,15795.400390625,16414.763671875,12083.638671875,4845.90234375,9395.833984375,10787.16015625,11116.7578125,8854.62109375,7401.13720703125,10113.802734375,0
79584.1484375,2,2,2,29.177827835083008,1,2,2,0,0,0,48627.171875,48900.390625,39383.9296875,35925.04296875,28408.11328125,28011.96875,2650.11181640625,2922.739990234375,1796.111328125,1493.243408203125,1621.19384765625,2369.256591796875,0
84248.4296875,1,2,1,41.54914474487305,0,0,2,2,2,0,20607.244140625,19923.181640625,18151.833984375,14742.322265625,17404.3828125,17020.78515625,2414.55615234375,1858.15185546875,1799.012939453125,2085.394775390625,3121.14794921875,3926.440673828125,0
122863.34375,1,2,2,30.381643295288086,0,0,0,0,0,0,19653.33984375,43279.8671875,27313.48046875,19916.939453125,16330.841796875,11151.60546875,2321.0439453125,7119.02978515625,3735.26806640625,2213.931640625,725.735595703125,4806.9931640625,0
187425.0625,2,2,1,37.7716178894043,-1,-1,-1,-1,-1,-1,4698.6796875,3352.13671875,3384.8515625,1796.72265625,1171.98046875,829.5234375,2133.1865234375,2891.10205078125,1251.4912109375,640.73291015625,586.388671875,2344.3720703125,0
74491.9765625,2,3,1,36.810611724853516,0,0,2,0,0,0,42176.30078125,38493.0,31885.451171875,31931.84375,27715.515625,26371.0,2842.047119140625,2951.513427734375,1773.15234375,1478.64404296875,1573.507080078125,2260.57861328125,0
57755.5390625,2,1,2,31.94217872619629,-1,2,2,-1,-1,-2,8074.5703125,4552.9140625,1145.1796875,565.28125,1098.78125,41.4609375,581.31982421875,668.298828125,877.66357421875,701.09814453125,381.337890625,2941.942138671875,1
69299.875,2,2,2,29.086442947387695,1,2,0,0,2,2,42185.99609375,41121.3515625,41547.01171875,43318.5234375,43045.3125,42833.625,2474.46923828125,3189.32373046875,3422.25537109375,2356.63232421875,2314.81884765625,2403.90869140625,1
67798.203125,2,2,2,36.91202926635742,0,0,0,2,0,0,16224.05859375,15658.65625,17832.259765625,15843.890625,16412.556640625,16013.439453125,1710.018798828125,2343.20947265625,1623.547607421875,1179.211181640625,1096.891845703125,2143.37158203125,0
157041.484375,2,2,1,40.90953063964844,0,0,0,-1,-1,-1,37421.9609375,33067.65234375,18120.939453125,18851.326171875,10671.66015625,21016.681640625,5678.7041015625,4690.34765625,11043.009765625,3233.90185546875,14302.22265625,8432.1689453125,0
76159.8359375,2,2,2,39.45913314819336,0,0,0,0,0,0,14358.2265625,14960.3984375,10107.1796875,7216.63671875,5647.87109375,5219.015625,1628.05908203125,1818.60791015625,1070.61279296875,866.6767578125,844.33642578125,2132.2099609375,0
244693.09375,2,1,1,39.36268615722656,-2,-2,-2,-2,-2,-2,4629.0859375,5084.04296875,828.48828125,895.7421875,1106.23046875,-10.84765625,2718.855224609375,891.572265625,866.5146484375,577.4287109375,390.89306640625,2393.458740234375,0
176085.546875,2,2,2,30.63321876525879,0,0,0,0,-1,0,139570.71875,153940.09375,91345.7734375,79902.28125,71772.671875,42251.64453125,19235.20703125,9829.0009765625,9217.740234375,38464.04296875,21038.01171875,13831.216796875,0
242930.0,2,1,1,41.078208923339844,-1,-2,-1,-2,-2,-2,4406.98828125,1002.8515625,841.46484375,960.765625,1476.90625,861.23828125,764.3701171875,1150.66259765625,1353.742919921875,1512.548583984375,342.36376953125,2243.240966796875,0
264546.8125,2,2,1,41.09959411621094,0,0,0,0,0,0,179702.171875,163898.34375,159167.484375,143659.40625,128015.015625,130933.0390625,8731.36328125,6541.5302734375,5716.68115234375,5329.69287109375,6103.70361328125,7242.68212890625,0
32497.328125,2,2,2,28.402759552001953,0,0,0,0,0,0,21151.98828125,20028.587890625,18940.943359375,18084.85546875,17198.625,16453.56640625,1763.898681640625,2302.539306640625,1478.0517578125,1168.23974609375,1209.423583984375,2210.628173828125,1
321953.65625,2,2,1,38.425865173339844,0,0,0,0,0,0,230614.921875,231498.09375,228808.109375,223813.15625,210822.96875,200021.078125,18074.302734375,11793.248046875,12550.2705078125,17275.248046875,12207.5986328125,14481.322265625,0
270501.0,2,2,2,38.537471771240234,2,0,0,0,0,0,192532.8125,204691.640625,175865.84375,175369.515625,158796.90625,151428.6875,8672.6728515625,8067.19775390625,6189.501953125,7337.232421875,6807.384765625,7169.939453125,0
300836.6875,2,1,2,33.4928092956543,-1,-1,-1,-1,2,-1,14896.5390625,24019.01171875,16938.623046875,90554.6640625,36305.4609375,64256.9453125,28857.935546875,16119.6015625,86841.625,18106.2890625,11412.482421875,17371.3359375,0
261363.671875,2,2,1,38.30317306518555,1,-1,-1,-1,-1,0,8590.77734375,1687.3359375,3133.20703125,8741.60546875,25433.369140625,24118.90625,1171.61328125,2293.0537109375,3979.6376953125,31331.568359375,3074.47119140625,4447.56884765625,0
56166.2265625,1,2,1,34.71001434326172,0,0,0,0,0,0,19148.052734375,18525.044921875,19444.396484375,16219.4140625,14413.56640625,13240.208984375,1647.84521484375,2071.187744140625,1531.096923828125,1134.898193359375,1128.440185546875,2187.047119140625,1
62364.40625,2,2,2,28.2706356048584,0,0,0,0,0,0,19154.509765625,16753.00390625,17146.771484375,12924.248046875,12587.833984375,10886.96484375,1722.6826171875,2086.034912109375,1502.504638671875,1064.402099609375,1366.255615234375,2104.110107421875,0
289905.0625,2,2,1,38.102638244628906,0,0,0,0,0,0,229273.59375,223020.84375,202673.140625,201298.8125,166356.875,170906.1875,10036.7421875,8302.630859375,7232.27783203125,8883.26953125,9156.0693359375,7789.96484375,0
254927.375,2,1,2,36.926116943359375,-2,-2,-1,0,0,0,15613.30859375,-2631.71484375,152687.3125,117494.265625,116433.4375,121953.1484375,3944.4794921875,124362.5078125,12321.5146484375,10395.701171875,8418.189453125,16829.791015625,0
58269.3828125,2,3,1,41.75023651123047,0,0,0,0,0,2,20566.328125,18418.75390625,19973.1875,20343.96484375,19289.798828125,16035.94140625,1798.255126953125,2018.61572265625,2154.078369140625,1111.94091796875,1419.602294921875,2185.201171875,0
225891.578125,2,1,2,33.3647575378418,-2,-2,-2,-2,-2,-2,5152.03125,3880.73046875,1051.43359375,907.3984375,3176.73046875,3568.75390625,3522.90283203125,1503.27001953125,975.775390625,3379.742431640625,1829.675048828125,5018.3046875,0
229451.46875,2,1,1,41.654075622558594,-1,-1,-1,-1,-1,-1,4534.7890625,1213.83984375,727.4140625,509.29296875,1117.01171875,724.1171875,911.583984375,1172.2724609375,762.5087890625,704.6650390625,537.32470703125,2469.62890625,0
190469.125,2,2,1,38.25174331665039,1,-2,-2,-2,-1,-1,4204.00390625,1000.98046875,902.35546875,1191.3046875,3099.12890625,3019.921875,549.46826171875,1015.1474609375,569.14013671875,2934.089111328125,1574.867919921875,2018.044921875,0
221002.671875,2,1,2,33.126190185546875,2,2,2,0,0,2,153288.3125,148233.609375,142032.703125,151758.3125,164381.8125,136080.875,28254.748046875,8678.896484375,11068.119140625,12063.0146484375,8674.0869140625,9017.0419921875,1
272907.75,2,1,2,32.94682693481445,-2,-2,-2,-2,-2,-2,5199.26171875,1829.6640625,3508.328125,5874.8828125,3909.7890625,4110.05859375,1279.7822265625,2995.1474609375,5653.2607421875,3488.029296875,2689.9677734375,4554.220703125,0
296976.03125,2,1,1,34.89303970336914,-2,-2,-2,-2,-2,-2,21269.7890625,34436.02734375,18397.845703125,10968.2109375,21263.228515625,29745.814453125,40738.23046875,8469.1884765625,6665.865234375,42304.8984375,11313.06640625,11158.0,0
167732.984375,2,2,1,40.361934661865234,0,0,0,0,0,0,101530.328125,94842.484375,96277.703125,94536.6015625,94870.7734375,91198.171875,3992.298095703125,4449.505859375,3644.396484375,3473.315185546875,3475.86083984375,3624.708251953125,0
101266.1640625,1,2,2,30.121482849121094,0,0,0,0,0,0,15992.55078125,14030.29296875,14850.873046875,13836.1171875,15074.474609375,14090.029296875,2024.552001953125,1973.907470703125,1559.435546875,1171.675537109375,1195.772705078125,2200.950927734375,0
204035.859375,2,1,1,40.69573974609375,-1,-1,0,-1,-1,-1,48568.88671875,61356.3671875,30606.26953125,36927.1796875,20029.828125,24321.53125,66542.53125,18707.38671875,8735.2890625,24827.76953125,9591.1025390625,21313.08203125,0
216235.6875,2,1,2,31.474124908447266,0,0,0,0,0,0,22409.599609375,18253.60546875,18109.38671875,12922.51953125,11540.619140625,10303.62109375,4959.47607421875,2795.22412109375,2528.828857421875,3117.3935546875,3640.93994140625,7277.548828125,0
265915.5,2,1,2,39.18456268310547,-1,-1,-1,-1,-1,-1,5345.66015625,5880.76171875,4903.72265625,992.39453125,1843.79296875,2487.3671875,5954.38818359375,5078.84912109375,1198.67626953125,2739.06640625,3150.5,3781.3134765625,0
130464.875,2,2,1,37.18146514892578,0,0,0,-2,-2,-2,10331.44140625,4605.265625,1225.78515625,896.67578125,1126.44921875,50.23046875,900.890625,729.3857421875,517.27392578125,461.736328125,257.56298828125,1635.6650390625,0
73952.9609375,1,2,1,29.304128646850586,1,0,0,0,0,0,8265.6328125,7080.31640625,8694.953125,7914.13671875,7677.974609375,6019.24609375,1136.6318359375,1836.01318359375,1071.5927734375,998.040771484375,1017.095947265625,1985.5283203125,0
39313.3359375,2,2,2,28.626785278320312,1,2,2,0,0,0,6259.203125,6071.5234375,4524.3359375,4814.54296875,4508.1640625,4844.2265625,1055.18359375,1530.1240234375,784.03564453125,612.14306640625,578.3349609375,1974.6083984375,0
90941.8359375,1,2,1,30.603179931640625,0,0,0,0,0,0,38150.9296875,32689.208984375,34191.859375,30709.671875,28740.0859375,28402.6484375,2500.059814453125,3117.462646484375,2168.273193359375,1529.027587890625,1574.572265625,2464.49072265625,0
90827.0078125,2,1,1,31.2718505859375,1,2,0,0,0,-1,64990.171875,46163.828125,38521.9609375,9577.37890625,5122.0625,1868.83984375,3555.779296875,2028.408447265625,1551.43115234375,762.68017578125,590.0947265625,3677.6552734375,0
44603.53125,2,2,1,41.808101654052734,2,2,2,2,2,0,28594.384765625,28969.68359375,29863.802734375,29376.607421875,27689.73046875,27128.0625,2092.966552734375,2284.736572265625,1917.075927734375,1263.3291015625,1403.0537109375,2157.737060546875,1
209328.4375,2,2,1,38.29331970214844,1,-2,-2,-2,-2,-2,3902.6171875,792.87109375,616.03125,858.8203125,1242.70703125,2567.7265625,493.05517578125,857.34814453125,470.07568359375,475.29052734375,1549.07275390625,1731.1123046875,0
278584.71875,2,1,1,41.77055358886719,-1,-1,-1,-1,-1,-1,8844.390625,23085.47265625,10646.90625,9717.6328125,7834.412109375,14486.173828125,9156.814453125,8347.078125,10144.8564453125,5803.22265625,13329.974609375,11027.021484375,0
123510.21875,2,2,1,38.291770935058594,0,0,0,0,0,0,28447.94140625,64491.70703125,50726.02734375,45824.33203125,40905.234375,42475.90234375,5135.23828125,9654.08203125,4199.87255859375,4013.1474609375,3089.625244140625,5315.11181640625,0
151041.75,2,1,2,32.528987884521484,0,0,0,0,0,0,92971.5703125,87018.4921875,86596.828125,84311.8125,85338.015625,83214.625,3839.86279296875,4294.125,3971.94677734375,3643.1611328125,3539.427001953125,4062.34326171875,0
173106.09375,2,1,2,30.707874298095703,-1,-1,2,-1,-1,-1,5677.19140625,6474.73828125,1572.68359375,1430.5,1246.28515625,2377.13671875,806.10986328125,961.58642578125,819.77001953125,634.91015625,575.41259765625,2181.341552734375,0
232715.921875,2,1,2,31.67839241027832,0,0,0,0,0,0,96533.71875,102601.7109375,83771.609375,83204.171875,82057.53125,85619.15625,6032.1572265625,6318.2529296875,5146.8486328125,9325.97265625,7416.3466796875,9333.572265625,0
106153.125,1,2,2,28.83622932434082,2,2,2,2,0,0,18138.8828125,20398.7109375,21660.84375,21094.677734375,22019.68359375,20323.16796875,1517.55712890625,2162.72509765625,1835.727294921875,1426.26708984375,1488.48046875,2312.137451171875,0
148206.171875,2,2,1,37.219024658203125,0,0,0,0,0,0,116222.4375,110504.90625,100520.1875,94766.0546875,85665.234375,84361.21875,4154.44580078125,4518.08837890625,3451.47119140625,3229.30908203125,3252.38671875,3803.820068359375,0
55543.90625,2,2,2,31.145862579345703,1,4,3,2,0,2,49042.01953125,50131.5078125,51011.109375,51832.1171875,51062.765625,44785.9609375,2749.513671875,2884.034423828125,2515.144287109375,2294.018798828125,2704.411376953125,2271.7001953125,0
264782.09375,2,2,1,39.23460388183594,-1,-1,-2,-2,-1,-1,5683.76171875,10361.1171875,2046.51171875,1047.671875,1469.28515625,-1167.796875,1836.2431640625,1820.7548828125,1266.22216796875,2774.960693359375,1839.099609375,2910.0244140625,0
281739.84375,2,1,1,31.662322998046875,-1,-1,-1,-1,-1,-1,5529.94140625,6278.88671875,5035.828125,5552.765625,4697.48046875,4111.9765625,5063.94091796875,5269.0986328125,4770.896484375,4578.80517578125,3333.256591796875,4542.06103515625,0
230881.484375,2,1,2,31.655500411987305,-1,-1,-1,-1,-1,-1,4574.16015625,1911.48046875,1341.60546875,2567.4765625,3468.15234375,5347.8203125,1115.806640625,1413.17724609375,2210.07177734375,2978.85888671875,3929.113037109375,3584.80419921875,0
254336.5,2,1,2,32.30015563964844,-1,0,0,0,-1,-1,37186.3515625,69008.8515625,64295.0,38991.47265625,40274.8203125,24738.271484375,37650.0546875,21542.43359375,20867.79296875,17194.095703125,18546.84765625,24336.08984375,0
100649.90625,1,2,2,28.420764923095703,0,0,0,0,0,-2,13763.52734375,7760.33984375,6162.93359375,4529.765625,2282.70703125,185.42578125,1615.523193359375,1521.708984375,360.79736328125,421.7880859375,326.76220703125,1717.71728515625,0
210241.234375,2,1,1,43.25150680541992,-2,-2,-2,-2,-2,-2,4584.3359375,1206.19140625,3132.7578125,561.77734375,1934.39453125,8049.89453125,706.72607421875,3584.4677734375,992.65869140625,924.516357421875,5376.0458984375,4464.8779296875,0
149536.28125,2,2,2,32.09956359863281,0,0,0,0,0,0,92506.4609375,85496.234375,87472.2734375,82653.9375,83865.078125,79037.984375,4003.5947265625,4372.4833984375,3604.67431640625,4373.6123046875,4532.69921875,4014.4658203125,0
210054.4375,1,1,1,32.878936767578125,0,0,0,0,-2,-2,209019.09375,187033.3125,114650.640625,57680.95703125,3716.0,4155.203125,9256.572265625,7011.7890625,-75.05126953125,804.513671875,1148.576416015625,8133.66552734375,0
184875.59375,2,2,1,37.85588455200195,0,0,0,0,0,0,67882.6953125,63632.0,64275.40234375,66081.1640625,64599.54296875,61946.37109375,5487.7177734375,4522.1826171875,3964.5439453125,5620.6279296875,6885.7255859375,5611.7568359375,0
275707.84375,2,2,1,41.28800964355469,0,0,0,0,0,0,179989.953125,183169.375,175569.984375,172156.09375,162432.265625,156663.28125,8959.19140625,7637.798828125,5381.0234375,6241.92041015625,6911.341796875,6033.75634765625,0
98591.90625,2,2,2,29.265750885009766,-1,-1,-1,-1,-1,-1,5246.203125,2240.19140625,712.1171875,926.8828125,1248.125,2638.15625,409.0986328125,1012.751953125,633.54638671875,582.12255859375,1370.43408203125,1705.982177734375,0
147243.828125,2,1,2,32.71514129638672,-1,-1,-1,-1,-1,-1,4211.12109375,1112.484375,484.37109375,511.8359375,1080.64453125,792.3828125,814.33544921875,1190.98974609375,834.46826171875,709.6826171875,536.56591796875,3291.22314453125,0
359587.9375,2,1,1,40.8059196472168,1,-2,-1,-1,0,0,12937.72265625,2379.6875,8236.1796875,32175.96875,21014.3203125,27782.55859375,4842.38330078125,5507.92724609375,32600.21875,16812.625,5991.3935546875,8078.7607421875,0
244424.75,2,1,1,31.632722854614258,1,-2,-2,-1,0,0,3911.20703125,854.08984375,551.76953125,3599.4921875,4367.8203125,4468.48046875,626.21923828125,879.77783203125,1347.228271484375,546.34423828125,620.181640625,3104.618408203125,0
139327.15625,2,2,1,36.60491180419922,0,0,0,0,0,0,35359.953125,31305.40625,34109.4765625,33490.2734375,36963.109375,32683.134765625,2453.625,3169.460693359375,2553.7080078125,2326.43505859375,2121.106201171875,2509.1611328125,0
194138.078125,2,2,1,30.34154510498047,0,0,0,0,0,0,142505.078125,135249.96875,139091.65625,136839.484375,142801.5625,137493.9375,5153.0634765625,5795.90576171875,5094.85986328125,4686.0146484375,5401.9677734375,4574.6591796875,0
112228.3046875,1,2,1,30.4298038482666,1,0,0,0,0,0,26931.658203125,26008.806640625,28023.71875,28374.74609375,27607.5234375,25853.18359375,1826.280029296875,2418.99365234375,1976.78076171875,1465.298095703125,1579.407958984375,2248.402099609375,0
319111.4375,2,2,2,32.070987701416016,0,0,0,0,0,0,248357.4375,250774.609375,244059.46875,222202.84375,229962.265625,193273.96875,11540.8291015625,9213.6689453125,9721.912109375,8463.025390625,10427.9140625,9523.16015625,0
117013.984375,2,2,2,29.26336669921875,2,2,2,0,0,0,93680.234375,88647.84375,76585.625,69604.21875,53295.15625,47988.0234375,3447.584716796875,3889.175537109375,2872.9990234375,2674.663818359375,2603.76123046875,3630.85302734375,1
172150.4375,2,2,1,37.319984436035156,0,0,0,0,0,0,102080.96875,95179.828125,101524.7421875,89364.328125,87397.609375,81878.40625,4646.76171875,4613.66650390625,3754.53369140625,3441.10546875,3476.73876953125,4201.458984375,0
127574.5234375,2,2,1,30.530269622802734,0,0,0,0,0,-1,24337.298828125,34594.78125,14644.966796875,7682.7109375,6321.08203125,6437.88671875,2183.49267578125,2167.993896484375,845.7578125,3945.04931640625,927.048828125,2611.490234375,0
199068.375,2,1,1,32.59727478027344,-1,-1,-1,-1,0,-1,4348.546875,4015.0390625,1501.59375,4880.625,2389.6484375,2881.81640625,802.05224609375,829.8193359375,1981.13916015625,602.72314453125,1692.72314453125,3181.50927734375,0
109782.1875,2,2,2,30.54234504699707,-1,-1,-1,-1,-1,-1,9997.9609375,1583.06640625,995.39453125,977.03125,1167.68359375,1201.71875,733.78662109375,1167.05419921875,646.91162109375,619.35791015625,511.15380859375,1948.336669921875,0
234842.890625,2,1,2,31.613590240478516,-2,-2,-2,-2,-2,-2,4536.48046875,2075.19921875,1288.77734375,1106.046875,2182.97265625,4752.25,817.70556640625,1121.84228515625,772.91552734375,1378.315673828125,2757.700927734375,3059.33935546875,0
221081.03125,2,2,1,40.78989028930664,-1,-1,-1,-1,0,-1,3895.7109375,852.51171875,783.171875,4089.796875,2264.75390625,703.03515625,761.08251953125,925.72607421875,1195.614501953125,429.97216796875,542.16015625,1945.9033203125,0
252137.875,2,2,1,37.95999526977539,0,0,0,0,0,0,128658.71875,138542.125,133343.9375,124691.59375,112172.15625,114294.078125,6567.267578125,7175.3095703125,7118.3818359375,8281.294921875,6024.52197265625,7760.88232421875,0
75388.9140625,2,2,2,37.08500671386719,0,0,0,-1,-1,0,53111.41015625,36962.9765625,28289.21875,9974.66015625,35224.73828125,12904.130859375,3614.449951171875,3647.2158203125,2135.590087890625,14664.5390625,3263.70166015625,4503.4619140625,0
253616.734375,2,1,1,42.379638671875,-2,-2,-2,-2,-2,-2,4286.9296875,512.6171875,202.53125,430.984375,832.4765625,-289.30078125,627.134765625,1219.54638671875,893.69677734375,633.087890625,604.0439453125,3837.46875,0
346552.25,2,1,1,43.96100616455078,-1,-1,-1,-1,0,-1,15354.953125,11462.296875,14092.0546875,17233.185546875,28917.89453125,24628.953125,13674.4140625,13183.6171875,15754.8486328125,22319.48828125,12698.087890625,18237.7578125,0
117394.03125,2,2,1,40.197975158691406,2,2,2,2,2,2,72968.8203125,67908.296875,69105.6875,71432.5,71891.515625,71559.609375,3745.5107421875,3834.693115234375,2945.38037109375,2974.75146484375,2885.5390625,2814.97900390625,1
128847.609375,1,3,1,34.18649673461914,-1,2,2,-1,0,0,8116.8984375,4673.8984375,1603.39453125,4451.76953125,4297.890625,4694.90234375,568.81201171875,613.32177734375,1935.822509765625,409.89306640625,323.2548828125,1748.590087890625,1
105156.5,2,2,1,44.790706634521484,0,0,0,0,-1,-1,36449.640625,32079.5390625,15172.134765625,13653.984375,4336.14453125,6006.0234375,2474.238037109375,3014.893310546875,97.07666015625,1436.7890625,301.01025390625,2034.84228515625,0
106348.65625,2,2,1,28.933338165283203,0,0,0,0,0,0,41331.5,35718.12109375,34829.71875,30416.978515625,29727.1328125,28848.7109375,2581.837158203125,2441.855224609375,2084.545654296875,1565.11474609375,1722.350341796875,2437.633544921875,0
226957.6875,1,1,1,44.47245788574219,-1,-1,-2,-1,2,-1,4084.07421875,98347.765625,612.81640625,3892.6171875,5757.66796875,15406.716796875,1641.49560546875,1521.84814453125,970.123046875,716.2021484375,1798.47265625,6512.3310546875,0
254285.890625,2,1,1,42.03997039794922,1,-2,-2,-2,-2,-2,3806.02734375,707.44921875,386.05859375,444.8046875,1050.49609375,-60.140625,574.77685546875,801.484375,678.45556640625,576.24267578125,341.45263671875,2686.632568359375,0
63639.40625,2,2,2,34.05149459838867,0,0,0,0,0,0,10050.71875,7888.42578125,6426.86328125,6023.8828125,7260.77734375,7519.2109375,1177.36572265625,1840.46533203125,1083.3583984375,952.232666015625,821.85107421875,2147.242431640625,0
153622.765625,2,1,1,31.07280731201172,0,0,0,-2,-2,-2,120978.359375,65099.8515625,46386.953125,2634.47265625,1436.56640625,1547.02734375,4471.17626953125,1543.86376953125,678.2529296875,583.89501953125,411.29345703125,4374.560546875,0
207565.703125,2,2,2,39.25774002075195,-1,-1,-1,-1,-1,-1,4611.19921875,4006.75390625,1380.56640625,967.39453125,2467.65625,13.6484375,919.85009765625,885.13671875,964.79443359375,2089.650146484375,609.27490234375,3369.43505859375,0
34226.734375,2,2,2,27.97142791748047,0,0,0,0,0,0,14513.16796875,13341.6328125,12285.73046875,12303.41796875,9443.23828125,11849.60546875,1654.389892578125,2074.1474609375,1479.728515625,1174.71533203125,934.8310546875,2175.524658203125,0
209865.09375,2,2,2,38.329219818115234,0,0,0,0,0,0,95114.34375,89895.5234375,61314.8046875,48207.1640625,35851.5078125,34135.34765625,4583.17578125,4092.0439453125,3665.822265625,3499.06982421875,4230.751953125,4875.9228515625,0
133918.21875,2,1,2,31.48698616027832,0,0,0,2,0,0,35818.01171875,30320.734375,31901.3125,30177.234375,29574.728515625,27216.9921875,3708.76806640625,4064.38671875,2625.558837890625,2514.166015625,2661.499267578125,5662.5771484375,0
127106.859375,1,2,1,30.35802459716797,0,0,0,0,-2,-2,32219.76953125,20388.248046875,16848.904296875,2438.390625,1434.91796875,492.69140625,2464.3251953125,922.3349609375,385.45703125,494.52880859375,341.68310546875,1984.6982421875,0
184366.546875,2,1,1,40.969505310058594,-1,-1,-1,-1,-1,-1,4827.16015625,2360.5234375,2376.76953125,1561.3125,1417.19140625,2780.3671875,1193.82861328125,1552.70556640625,1290.22216796875,1024.26904296875,1691.90234375,3039.07421875,0
221570.5,2,1,1,39.76128387451172,-1,-1,-2,-2,-2,-2,3931.86328125,666.87890625,440.09375,449.69921875,1033.3359375,-70.1171875,901.94091796875,842.56298828125,679.45166015625,583.00244140625,396.97314453125,2718.059814453125,0
262973.1875,2,2,1,41.59191131591797,0,0,0,0,0,0,154418.96875,154565.875,144075.34375,135662.375,126157.828125,116831.75,7332.79248046875,6306.07666015625,4694.8720703125,3784.866455078125,4239.3798828125,6610.0703125,0
242498.421875,2,1,2,31.335987091064453,1,2,0,0,0,0,192382.40625,191350.296875,184605.53125,172196.796875,163458.296875,161493.0625,9116.595703125,8934.970703125,5994.30810546875,7278.3876953125,6712.451171875,6123.79736328125,0
151476.640625,2,1,2,30.657716751098633,0,0,0,0,0,0,28201.15625,23394.525390625,74485.140625,65102.26171875,63457.734375,58197.80078125,6349.560546875,23604.90625,7488.01171875,4666.9609375,4411.56201171875,6538.5693359375,0
202767.40625,2,1,2,33.285179138183594,-1,-1,-1,-2,-1,0,5197.609375,1121.40234375,1102.703125,1622.29296875,7890.71484375,5864.58203125,1169.17578125,1712.138671875,1178.421142578125,7348.8251953125,1304.5595703125,4868.91552734375,0
171718.5,2,2,1,35.13877487182617,-1,-1,-1,-1,-1,-1,4572.375,2914.2890625,2742.37109375,2077.4609375,1668.09765625,2894.421875,1513.3203125,1549.0390625,1317.5224609375,1181.56494140625,1696.409912109375,2277.17431640625,0
257261.5,2,1,1,39.02334976196289,-1,-1,-2,-2,-2,-1,4300.86328125,850.16796875,647.17578125,917.64453125,1293.12109375,1782.015625,1328.19091796875,1399.30517578125,1221.926025390625,2140.425537109375,2883.97314453125,2089.380859375,0
168401.046875,2,2,1,34.88634490966797,1,-2,-2,-2,-2,-2,4021.4296875,795.859375,532.27734375,860.02734375,1100.67578125,-44.625,477.27099609375,765.01611328125,502.66748046875,460.45703125,300.4228515625,1579.025146484375,0
215951.1875,2,2,2,29.01888084411621,-1,-1,-1,-1,-1,-1,7177.03125,1344.58984375,3197.578125,1603.484375,1185.08203125,2310.5859375,732.9990234375,1303.67822265625,346.4853515625,596.4755859375,1027.82861328125,1752.135009765625,1
339063.90625,2,1,2,33.59545135498047,-1,-1,-1,0,0,0,30514.470703125,43468.0390625,74879.265625,53945.71875,37549.19140625,33956.08203125,26843.318359375,47861.70703125,14730.2041015625,14429.5703125,10012.4306640625,18308.478515625,0
196928.5,2,2,2,29.798084259033203,0,0,0,0,2,0,101764.5390625,96274.46875,104689.03125,105749.359375,102184.515625,99856.9453125,6384.6484375,5771.53076171875,3834.788818359375,3313.313232421875,3871.30126953125,4196.7412109375,0
142742.71875,2,2,2,37.6025276184082,0,0,0,0,0,0,56423.68359375,54556.9375,53280.80859375,53292.4609375,52078.8359375,48187.375,2946.02685546875,3259.67578125,2649.438720703125,2791.001708984375,2902.596435546875,3100.748779296875,0
207704.875,2,2,1,37.67509841918945,0,0,0,2,0,0,128170.421875,119037.3359375,126216.953125,121147.859375,115962.40625,125112.375,7865.3759765625,5916.38671875,5694.90380859375,6990.2451171875,5171.080078125,7466.7353515625,0
198007.140625,2,1,2,32.0560417175293,0,0,-2,-2,-2,-2,23434.732421875,5762.9609375,651.83984375,723.45703125,1124.26953125,-5503.5,2532.75390625,2524.482666015625,1830.050048828125,2138.40087890625,1828.56103515625,3045.768798828125,0
73802.0546875,2,2,2,39.87435531616211,0,0,0,0,0,0,9899.08203125,7199.484375,6821.578125,5886.3828125,6060.7734375,7325.19140625,1433.15771484375,1706.2392578125,1045.4453125,633.4609375,821.669189453125,2146.04150390625,0
172715.953125,2,2,2,30.42754364013672,0,0,0,0,0,-2,153815.046875,129541.984375,104213.9375,60275.5703125,20351.734375,7419.04296875,17439.794921875,9024.564453125,4918.796875,2341.00244140625,2347.2685546875,9425.125,0
45769.03125,2,2,2,44.2535514831543,0,0,0,0,0,0,50408.83984375,47113.3671875,49444.35546875,43626.33984375,43558.6953125,40745.80859375,2495.100830078125,3099.12548828125,2240.1435546875,2457.90478515625,2403.168212890625,2573.815185546875,0
54642.9609375,2,2,2,28.247587203979492,0,0,0,0,0,0,12061.42578125,9253.08203125,9605.15625,9166.3828125,8728.37109375,7674.71875,1448.81494140625,2016.41748046875,1337.97216796875,1088.130859375,1140.952880859375,2008.821533203125,0
208384.8125,2,2,1,30.32498550415039,0,0,0,-1,-1,-1,30483.041015625,17861.615234375,19125.150390625,14862.673828125,9882.421875,2098.6328125,4617.6396484375,5792.82177734375,8953.84765625,2863.1298828125,1399.534912109375,4395.78955078125,0
271847.5625,2,1,1,39.636260986328125,-2,-2,-2,-2,-2,-2,5031.41015625,3229.79296875,3880.015625,955.43359375,1658.15625,4108.1796875,1699.956787109375,4477.42578125,703.20751953125,941.692626953125,1879.07275390625,4363.1513671875,0
82753.703125,2,2,2,30.765522003173828,2,2,2,2,2,0,29915.560546875,26969.861328125,27950.611328125,26008.0546875,26103.341796875,24053.1796875,2953.434814453125,2159.1171875,1981.806396484375,1429.71240234375,1655.71142578125,2133.80029296875,1
63447.6875,2,2,1,41.7064323425293,0,0,0,2,2,0,42345.6875,39711.6875,37650.7578125,32578.341796875,29709.12109375,27336.486328125,2874.710205078125,2873.875,2166.219482421875,1344.813232421875,1561.72509765625,2252.4375,0
134449.34375,2,1,2,31.32208824157715,0,0,0,0,0,0,84708.421875,85060.625,78931.0625,70560.015625,67152.828125,65150.09765625,3817.8759765625,3874.066650390625,3336.23583984375,3262.49609375,2997.33837890625,3998.2529296875,0
134402.84375,2,3,1,44.3039665222168,0,0,0,0,0,0,94839.09375,90111.1796875,93132.5,88184.65625,91624.890625,84298.9453125,3755.735107421875,4314.9814453125,3659.9482421875,3240.05810546875,3297.95751953125,3908.65283203125,1
299967.75,2,1,2,30.843046188354492,-2,-2,-2,-2,-2,-2,7946.125,-35053.3671875,108124.9375,6283.0078125,14444.671875,8006.60546875,5186.99755859375,9779.34765625,13565.357421875,8946.67578125,9665.4638671875,9432.45703125,0
142668.453125,2,2,1,42.18893814086914,0,0,0,0,0,0,42511.2890625,34893.40234375,34126.55859375,30866.734375,27656.138671875,26229.05078125,3897.0068359375,4283.9619140625,2691.282958984375,2935.08642578125,3887.9443359375,6656.14306640625,0
309030.5625,2,2,1,38.113433837890625,0,0,0,0,0,0,213558.90625,198456.0,196153.390625,195866.859375,180080.953125,189507.28125,11590.169921875,11694.525390625,11474.751953125,12148.015625,12804.1875,9851.978515625,0
53102.4921875,2,2,2,30.67137908935547,0,0,2,2,2,2,21219.814453125,18819.271484375,19401.54296875,21358.861328125,19775.0546875,17020.625,2047.580322265625,1876.837158203125,1821.901123046875,1229.948974609375,1470.389404296875,2198.610107421875,0
193145.59375,2,1,2,33.41615676879883,-2,-2,-2,-2,-2,-2,4363.40234375,530.77734375,207.37890625,454.05859375,830.3046875,-264.12109375,622.7197265625,1217.47705078125,894.298828125,627.119140625,607.35498046875,3877.979736328125,0
130911.3203125,1,2,2,30.01201820373535,0,0,0,0,0,0,20156.919921875,18132.673828125,19638.53125,16210.01171875,11845.30859375,14411.255859375,1748.16650390625,2124.015625,1539.571044921875,1139.5126953125,937.976806640625,2333.49072265625,0
226580.3125,2,2,2,28.803035736083984,-1,-1,-1,-1,-1,-1,5314.4609375,3873.68359375,4238.6328125,4851.16796875,9074.197265625,19035.384765625,3078.94873046875,2980.901611328125,3048.38818359375,10857.482421875,11581.75,4924.48779296875,0
185862.53125,2,1,2,37.0018424987793,-1,-1,-1,-1,-1,0,5812.10546875,4774.0859375,4322.296875,7234.0078125,7444.8828125,8734.859375,4808.14794921875,5506.251953125,3424.80810546875,2630.232421875,1466.28955078125,5928.7607421875,0
200851.046875,2,1,2,31.852428436279297,-1,-1,-1,-1,-1,-1,4554.546875,2782.4140625,2201.359375,732.7734375,1271.203125,2393.578125,1509.36962890625,1261.21875,930.64697265625,933.688720703125,564.36474609375,3407.89404296875,0
199504.5625,2,1,1,32.811222076416016,0,-1,0,0,0,0,30511.154296875,20774.53515625,73236.0,59620.16796875,39485.76953125,41176.9921875,9028.5625,49123.3515625,9473.5771484375,7735.2158203125,7771.474609375,8811.478515625,0
314212.3125,2,2,2,38.78152084350586,0,0,0,0,0,0,279006.71875,285898.28125,253267.515625,194034.375,172014.125,159977.3125,10585.693359375,10635.009765625,9007.4482421875,7337.095703125,6837.470703125,12431.0166015625,1
162687.875,2,2,1,35.15843200683594,0,0,0,0,0,0,108549.2109375,104923.0625,95933.28125,89412.1171875,80765.328125,88592.78125,4809.35986328125,4581.6357421875,3754.65380859375,4074.76220703125,3189.0732421875,4647.73876953125,0
80748.484375,1,3,1,30.235843658447266,0,0,0,0,0,0,21689.25390625,20484.052734375,20036.88671875,18423.05078125,18110.11328125,16563.294921875,1778.61865234375,2044.52880859375,1503.38232421875,1153.61572265625,1306.8056640625,2148.8173828125,0
191586.09375,2,2,1,37.79933547973633,-1,-1,-1,-1,-1,-1,9544.84765625,2452.65625,2612.9296875,1977.328125,2063.84375,6259.318359375,1174.88818359375,1557.6669921875,1247.42041015625,1159.914794921875,4588.59423828125,2324.863037109375,0
294925.4375,2,1,2,31.763235092163086,0,0,0,0,0,0,196726.21875,179308.8125,187982.75,187623.625,181585.0,179329.453125,9631.837890625,8242.9599609375,6947.119140625,8787.8818359375,7627.08203125,8344.2744140625,0
181473.015625,2,2,1,37.16373825073242,-1,-1,0,0,0,-1,17867.765625,29984.44140625,20630.373046875,8915.20703125,12535.203125,20972.994140625,21909.65625,6397.9736328125,4524.0615234375,3045.43603515625,19661.455078125,9892.357421875,0
51176.9921875,2,2,2,35.73378372192383,0,0,0,0,0,0,59570.0546875,59613.94921875,59317.9453125,45608.4375,38107.796875,30393.8984375,3205.569091796875,3235.07080078125,2656.7353515625,1540.591796875,1566.688232421875,2727.033935546875,0
18151.515625,1,2,2,29.97859764099121,2,2,2,3,4,3,10812.390625,11386.96875,11775.40625,9759.546875,10406.703125,9597.58203125,1473.3310546875,1829.3623046875,1476.4267578125,937.77392578125,1013.5859375,1858.05908203125,1
294543.5,2,1,1,33.078521728515625,-1,-1,-1,-1,-1,-1,9526.1640625,5840.9140625,15863.021484375,18946.693359375,23235.638671875,24983.07421875,4442.763671875,15694.5390625,14196.603515625,19116.7734375,12756.8125,20287.544921875,0
138638.03125,2,2,2,37.477394104003906,1,2,2,2,0,0,5976.42578125,2870.13671875,8604.20703125,7326.99609375,7777.0234375,8617.732421875,582.98828125,5729.80859375,1307.61865234375,2922.740478515625,430.73291015625,2826.2353515625,0
216413.625,2,1,1,42.43778991699219,-1,-1,-1,-1,-1,-1,4197.484375,1066.88671875,470.16796875,546.515625,892.21484375,573.35546875,790.369140625,1539.041015625,1060.1630859375,763.9423828125,750.234619140625,4382.6474609375,0
346683.9375,2,1,2,44.08241653442383,-2,-2,-2,-2,-2,-2,9356.16015625,4098.09765625,4322.140625,5569.1875,1371.03125,2356.57421875,6942.62451171875,8913.4609375,5065.947265625,3091.609375,7132.3994140625,9211.78515625,0
208509.40625,2,1,2,36.72509765625,-1,-1,-1,-2,-2,-2,5894.3828125,742.27734375,284.80859375,519.39453125,1074.83984375,-1413.7890625,1712.831787109375,2475.95751953125,1592.35400390625,2116.605224609375,1776.34326171875,2262.85791015625,0
133851.9375,2,1,2,31.103273391723633,2,2,2,2,0,0,75830.796875,70966.8515625,59556.5859375,53402.98046875,44192.6484375,42876.34765625,3608.02197265625,3524.030517578125,2564.909912109375,3171.18017578125,2462.304443359375,3945.0830078125,1
44711.6015625,1,2,1,37.31165313720703,8,7,6,5,4,3,18831.333984375,14707.09375,14539.4140625,14803.875,13660.625,12352.16796875,1487.927734375,1742.17626953125,1533.852294921875,1020.209228515625,1049.45263671875,1820.195068359375,1
38103.7578125,2,2,2,35.52156448364258,2,2,2,0,0,0,52354.68359375,50439.90234375,49545.1328125,44099.34375,28931.7421875,42405.0078125,2961.21875,2967.5615234375,2415.631591796875,3092.02587890625,1070.160400390625,2575.466064453125,0
63095.15625,2,2,2,40.06093215942383,0,0,0,0,0,0,31028.287109375,43859.99609375,29293.61328125,26588.595703125,25240.4140625,23220.4375,1933.29833984375,2330.58251953125,1895.256103515625,1381.28466796875,1555.597900390625,2314.50537109375,0
150159.8125,2,2,2,34.77545928955078,0,0,0,0,0,0,49212.58984375,67481.375,23555.900390625,21177.5390625,5999.265625,2916.3515625,4692.74072265625,5874.49560546875,1167.167236328125,1853.244140625,2021.9560546875,3403.50146484375,0
137691.234375,2,2,2,39.63976287841797,0,0,-1,-2,-2,-2,33271.515625,17017.447265625,23309.9765625,1735.32421875,1418.4453125,425.25,9101.8251953125,491.431640625,1578.838623046875,1390.660888671875,732.623291015625,3814.862060546875,0
119502.625,1,2,2,29.731781005859375,-1,-1,-1,-1,0,0,4305.16015625,2605.6015625,1098.98046875,5152.59765625,4312.7890625,4816.6953125,735.591796875,1134.7392578125,1786.632080078125,418.30126953125,341.98779296875,1946.238525390625,0
94590.703125,2,2,2,30.453418731689453,0,0,-2,-2,-2,-2,17216.0390625,14375.51171875,2054.48828125,1137.484375,1124.2890625,50.7578125,1010.8388671875,825.3388671875,585.6044921875,546.0556640625,341.80908203125,2218.85595703125,0
226612.484375,2,1,1,42.39918899536133,-2,-2,-2,-2,-2,-2,4668.6953125,512.86328125,244.0,428.8515625,828.08203125,-390.5625,626.8984375,1235.9765625,897.51513671875,637.37841796875,705.196533203125,3820.29248046875,0
274411.34375,2,1,1,36.30622482299805,0,0,0,0,0,0,34806.18359375,30077.3828125,56818.53515625,98096.625,94897.671875,120050.2734375,12358.857421875,21881.51953125,39103.1328125,19341.65625,34905.38671875,20424.4609375,0
360803.84375,2,1,1,41.443504333496094,0,0,0,0,0,0,25858.259765625,78196.5078125,24730.490234375,24955.990234375,29253.138671875,21068.23046875,11009.904296875,9541.79296875,10659.298828125,11831.12890625,14147.21875,21215.736328125,0
113899.0859375,2,2,2,37.01432418823242,0,0,0,0,0,0,82417.5,75235.2265625,78080.0078125,65107.92578125,64773.68359375,52479.20703125,3561.47998046875,3716.7158203125,3164.60791015625,2732.196533203125,2754.27783203125,2892.223388671875,0
235675.65625,2,2,1,31.326663970947266,0,0,0,0,0,0,143540.921875,131897.96875,136946.21875,134083.203125,132535.515625,131215.09375,5806.76171875,5922.39404296875,5064.48974609375,5988.2734375,6517.369140625,5108.13525390625,0
95712.203125,2,2,2,38.890438079833984,0,0,0,0,0,0,11946.13671875,8851.03125,6654.12890625,6535.77734375,4410.53515625,4847.5,1455.98681640625,1735.5625,902.412109375,453.08349609375,373.7978515625,1943.367431640625,0
171808.8125,2,2,2,28.585092544555664,0,0,0,0,0,0,16529.6171875,19411.505859375,17936.94921875,17373.27734375,17399.619140625,22546.33984375,2422.59912109375,2381.80419921875,2229.905517578125,3188.7265625,2397.735595703125,3348.19287109375,0
154470.03125,2,2,2,37.258262634277344,0,0,0,0,0,0,19166.203125,32263.16015625,19013.375,26775.171875,52733.265625,40788.00390625,2109.798828125,3465.862548828125,4319.67626953125,27909.333984375,5448.9560546875,4408.93994140625,0
87332.1015625,2,2,1,36.629173278808594,0,0,0,0,0,0,31241.544921875,27448.513671875,29497.92578125,29152.5234375,27965.5078125,26820.525390625,2174.47216796875,2414.607177734375,1950.628173828125,1517.53955078125,1616.756591796875,2441.7314453125,0
195863.53125,2,2,2,37.62773132324219,0,0,0,0,0,0,78824.8984375,83046.0,71642.03125,54221.4453125,41255.390625,39209.73828125,19165.869140625,6916.244140625,8699.43359375,7807.0732421875,8975.1240234375,7961.7236328125,0
215589.109375,2,2,2,31.01475715637207,0,0,0,0,0,0,94058.6171875,60121.9453125,91624.15625,50791.6484375,35577.71875,29953.341796875,26834.908203125,22432.72265625,8962.1455078125,4177.48388671875,3204.8466796875,8215.6328125,0
65634.046875,2,2,1,41.79277420043945,0,0,0,2,0,0,32611.92578125,29711.486328125,26858.56640625,26858.7890625,24222.25,22369.958984375,2241.19970703125,3266.847900390625,1894.071044921875,1402.3193359375,1506.161376953125,2423.4521484375,1
160977.390625,2,2,2,37.417240142822266,-1,2,2,-1,0,0,6045.30078125,5296.125,2090.42578125,6431.875,4840.74609375,4514.8828125,1076.55712890625,1238.40771484375,4170.4365234375,614.306640625,569.50732421875,2031.755126953125,0
210024.1875,2,1,2,32.039180755615234,-1,-1,-1,-1,-1,0,7463.54296875,10744.953125,8301.06640625,2891.37109375,5629.42578125,5097.00390625,7021.92822265625,6649.97314453125,1188.73095703125,4938.76953125,1999.5458984375,5173.3291015625,0
131399.5625,2,2,2,29.370927810668945,0,0,0,2,0,0,50231.46875,96415.765625,97573.9375,85231.8125,86240.859375,83325.9609375,71708.875,12810.3974609375,7857.29248046875,5943.994140625,5390.35546875,6095.5478515625,0
90135.9921875,2,2,2,37.38515090942383,-1,-1,2,0,0,0,4512.6015625,6463.921875,3945.57421875,4272.3671875,4406.81640625,4521.59765625,2900.361572265625,1143.88037109375,510.74267578125,442.5546875,528.125,1713.841796875,0
122046.25,2,3,1,40.29855728149414,0,0,0,0,0,0,65221.42578125,104229.875,57356.8984375,56161.5078125,49137.734375,45807.79296875,3449.814208984375,3480.50439453125,2592.78369140625,2573.842529296875,2591.17578125,3222.28076171875,0
213116.03125,2,1,2,32.93114471435547,0,-1,0,0,0,0,29822.431640625,27433.388671875,36444.5625,43904.52734375,42704.96484375,42123.40625,10744.630859375,15282.419921875,5765.029296875,4666.58251953125,4729.41064453125,9896.6591796875,0
64146.90625,1,2,1,33.5780143737793,0,0,0,0,0,0,9948.3515625,6207.48046875,7170.49609375,6161.28515625,6434.76171875,5687.5,1003.27587890625,1745.6064453125,1099.31591796875,952.029541015625,917.85107421875,1979.90087890625,0
69019.5625,2,2,2,40.06298828125,0,0,0,0,0,0,50726.79296875,47588.8828125,47556.88671875,44748.609375,43246.578125,43480.59375,2544.4892578125,3103.8837890625,2234.42529296875,2484.2763671875,2470.90869140625,2507.017578125,0
110361.125,2,1,2,31.279573440551758,1,2,0,0,2,2,59258.25,61169.265625,64041.5546875,63958.8671875,67963.515625,63819.15625,4117.43017578125,3620.935791015625,3882.265625,3408.4208984375,3067.7548828125,3837.56201171875,0
49386.984375,2,2,2,28.591156005859375,0,0,0,0,0,0,33697.484375,30670.802734375,30433.146484375,30657.5234375,28827.572265625,27113.82421875,2341.564208984375,2665.218505859375,2040.785888671875,1535.75244140625,1618.740966796875,2392.639404296875,0
192782.84375,2,2,2,30.24489974975586,-1,-1,-1,-1,-1,-1,4566.73046875,2777.6875,2323.69140625,3671.42578125,12203.083984375,24825.54296875,1725.411865234375,1823.0634765625,1811.97998046875,10460.7802734375,10607.77734375,5517.95068359375,0
226733.953125,2,1,1,44.02914047241211,-2,-2,-2,-2,-2,-2,5019.6875,411.28125,-1203.27734375,528.8828125,782.234375,-678.109375,681.6396484375,2974.006103515625,1058.5302734375,659.943359375,1076.423583984375,6835.7353515625,0
54078.5,1,2,1,33.657981872558594,2,2,2,2,0,0,8058.58984375,8814.12890625,7556.703125,7600.10546875,7679.337890625,5953.28515625,1201.69873046875,1676.572265625,1122.488525390625,998.065185546875,880.177978515625,1900.4560546875,0
179393.625,2,1,1,31.796871185302734,-1,-1,-1,-1,-1,-1,4558.42578125,1547.52734375,4413.8359375,1623.609375,1245.43359375,2359.7734375,858.81689453125,1707.17724609375,508.3681640625,708.4990234375,538.79296875,2427.630615234375,0
147649.65625,2,2,2,30.758865356445312,0,0,0,0,0,0,68185.359375,63740.0390625,65920.453125,60577.45703125,35783.69921875,52096.87890625,3375.2412109375,3447.501708984375,2923.36865234375,2833.858642578125,1067.5654296875,2683.451904296875,0
231743.015625,2,1,2,31.316679000854492,-1,-1,-1,-1,-1,-1,5645.828125,3238.82421875,5561.546875,3871.79296875,16820.0234375,9909.310546875,2381.6767578125,2296.46044921875,1677.754150390625,17351.822265625,3112.78076171875,4017.46875,0
367032.90625,2,2,1,32.36205291748047,0,0,0,0,0,0,257824.546875,255827.71875,247273.53125,276135.625,257630.078125,258295.5,15049.392578125,16946.39453125,26761.484375,16637.734375,13973.65234375,19168.158203125,0
84523.34375,2,2,1,36.74119567871094,0,0,0,0,0,0,10321.19921875,6682.55859375,8009.09765625,6717.9609375,7339.93359375,6280.87890625,1194.458984375,1816.54541015625,1127.978759765625,1011.548583984375,1003.6943359375,2238.850341796875,0
75095.796875,2,2,2,30.106103897094727,0,0,0,0,0,0,67288.875,63042.8203125,52789.27734375,35958.3203125,22165.63671875,25171.240234375,3570.028564453125,3197.169677734375,2251.0205078125,1501.507568359375,1084.98779296875,3426.02587890625,0
248300.0,2,2,1,38.00020217895508,2,2,2,0,0,0,196556.109375,190239.28125,180402.9375,187689.90625,181678.515625,177699.421875,8240.7197265625,9129.083984375,8292.3310546875,10003.7509765625,12766.580078125,6760.6728515625,1
74781.8359375,1,2,2,30.866294860839844,0,0,0,0,0,-2,21755.3046875,20327.390625,27959.5,10384.94921875,15298.333984375,2839.62109375,1776.02978515625,1968.84619140625,11381.84375,380.380859375,422.369140625,2206.30224609375,0
182878.390625,2,2,1,38.87771987915039,1,-2,-2,-2,-2,-2,4012.66015625,807.8125,502.296875,496.6484375,1110.62890625,141.31640625,543.8662109375,812.8701171875,632.66796875,544.86572265625,305.6806640625,2186.891845703125,0
135102.59375,2,2,2,29.114709854125977,0,0,0,0,2,0,61857.8125,60219.2109375,63200.09765625,62859.4453125,60605.6015625,56098.2421875,4011.20703125,3851.808837890625,4185.99755859375,4942.4384765625,6320.1962890625,2653.501220703125,0
139667.828125,2,2,1,37.64841079711914,0,0,0,0,0,0,49497.09375,46252.5859375,47499.8828125,40555.38671875,38318.984375,37036.171875,2922.1884765625,3202.06494140625,2443.27783203125,2566.46923828125,2020.72900390625,4103.52880859375,0
263586.5625,2,1,1,38.087093353271484,-1,-1,-1,0,0,0,11230.03515625,4406.09765625,37377.453125,47708.4921875,20437.142578125,35932.76171875,3235.51513671875,30747.06640625,10292.833984375,6049.37646484375,3426.00732421875,7634.9765625,0
148348.9375,2,2,1,43.38298034667969,0,0,0,0,0,0,77675.0625,66880.21875,52134.515625,54382.99609375,41691.6875,43391.16796875,5656.58935546875,7156.5732421875,6199.67431640625,10161.193359375,8143.22607421875,9574.1630859375,0
180610.375,2,1,2,28.51116371154785,-1,-1,-1,-1,0,0,5172.67578125,2088.71875,9210.27734375,15832.90234375,7595.1484375,8252.83203125,1227.2978515625,4710.82373046875,5030.0107421875,2040.128662109375,991.771728515625,2729.261474609375,0
40255.6953125,2,2,2,30.02153778076172,1,2,0,0,0,0,15912.94921875,17110.439453125,17151.708984375,14283.90234375,11469.544921875,12169.560546875,2234.764892578125,2187.29052734375,2625.8017578125,2462.894775390625,2509.619873046875,2048.409423828125,0
94542.2109375,1,2,2,28.347515106201172,1,2,0,0,0,-1,27384.642578125,28719.802734375,23028.49609375,15230.537109375,9607.271484375,7411.890625,2090.248779296875,2221.820556640625,1563.002197265625,671.76416015625,3477.4892578125,1969.73046875,0
68450.875,2,2,2,31.02869415283203,1,2,0,0,-1,-1,79917.796875,76480.828125,74553.1953125,36333.609375,29398.970703125,7980.759765625,3539.67333984375,3920.412109375,3301.787353515625,658.26171875,544.3037109375,3049.207763671875,1
253199.03125,2,1,1,38.74127960205078,-1,-1,0,0,-1,-1,19355.529296875,28106.748046875,11199.42578125,6681.5,1709.41796875,-56.3515625,22627.72265625,6148.30859375,2124.91064453125,4069.58349609375,2323.7236328125,5990.16259765625,0
246390.265625,2,1,1,32.63778305053711,1,-2,-2,-2,-2,-2,4049.8671875,1068.453125,2449.625,493.5859375,844.90234375,-58.27734375,538.86279296875,1516.31884765625,745.94091796875,595.53662109375,534.369140625,3985.989990234375,0
48542.015625,2,2,2,28.420604705810547,0,0,0,0,0,2,14797.30859375,13103.78125,14272.681640625,15048.869140625,17088.1953125,14901.6015625,1662.750244140625,2139.90771484375,1530.0458984375,1505.25244140625,1112.9072265625,2221.739013671875,0
62467.859375,2,2,2,29.12655258178711,0,0,0,0,0,0,16394.7421875,13334.96875,18370.796875,18728.322265625,21977.595703125,22432.6171875,1910.522216796875,2241.13037109375,1757.8720703125,1835.636474609375,1837.71044921875,2472.239013671875,0
291120.0,2,1,1,39.630165100097656,-2,-2,-2,-2,-2,-2,4361.546875,708.72265625,386.10546875,459.96484375,1077.41796875,-900.515625,1258.5048828125,1341.14208984375,1246.048583984375,2109.853515625,1669.01953125,2675.046630859375,0
217061.53125,2,1,1,38.69213104248047,-2,-2,-2,-2,-2,-2,4867.1796875,2477.6875,1009.984375,944.625,4558.9921875,48.1640625,1726.55615234375,1029.1611328125,891.1142578125,3502.57177734375,506.5390625,2783.695068359375,0
261448.171875,2,2,1,41.6064338684082,0,0,0,0,0,0,144650.109375,129831.078125,128706.421875,107456.40625,114568.890625,111351.078125,8872.71484375,6630.07666015625,4993.15185546875,4711.005859375,5958.17333984375,8065.099609375,0
177050.71875,2,2,2,38.71104049682617,1,-1,-1,-1,-1,-1,5048.11328125,3006.23828125,6011.1875,1540.0625,1424.18359375,2843.57421875,902.0205078125,2542.786376953125,598.3310546875,1104.004150390625,1688.2412109375,3051.910888671875,0
34582.3125,2,2,2,36.53916931152344,0,0,0,0,0,2,25878.44140625,22592.9140625,21091.310546875,16737.046875,13354.623046875,11865.228515625,1892.52392578125,2257.583984375,1477.466796875,1598.554931640625,1028.2646484375,2246.908203125,0
324755.9375,2,2,1,37.8991813659668,-1,-1,-1,-1,-1,-1,15464.7109375,13801.2578125,21038.90625,15510.595703125,13667.5546875,13245.037109375,14692.552734375,12243.498046875,12765.685546875,12174.1875,10042.421875,10053.87890625,0
355210.625,2,1,2,31.132524490356445,-1,0,-1,0,0,0,17246.72265625,16526.95703125,31164.212890625,166496.578125,146519.109375,160827.25,11081.0673828125,19110.6875,131949.203125,23623.927734375,21321.0390625,20287.705078125,0
151899.921875,2,2,1,40.47163772583008,1,2,2,2,0,0,71919.4296875,62495.11328125,49774.8125,34240.08984375,21892.98828125,9947.857421875,7190.91845703125,6097.7763671875,4667.0478515625,3543.08056640625,4136.841796875,2943.307373046875,1
298777.59375,2,1,2,33.071598052978516,0,0,0,0,0,0,109348.953125,118279.1328125,135717.515625,165472.125,186155.140625,160712.5,22192.9375,52555.33984375,22237.25390625,15617.23828125,14389.18359375,14429.5234375,0
117796.890625,1,2,2,29.95829200744629,0,0,0,-2,-2,-1,17355.76171875,10366.2890625,6097.33203125,2328.93359375,5280.03515625,19661.126953125,2236.402587890625,1149.26220703125,990.45947265625,1406.009521484375,13312.330078125,3910.78857421875,0
171557.28125,2,1,2,32.0256233215332,0,0,0,0,0,-1,109474.609375,99508.3671875,49278.63671875,4980.2578125,1298.56640625,3748.70703125,5561.5322265625,2560.2353515625,946.23828125,697.67919921875,1939.53125,7561.5458984375,0
141878.640625,2,2,1,37.87605667114258,1,2,-1,-1,0,0,6441.0546875,3395.43359375,2801.1640625,8333.69921875,4671.828125,4623.9375,1408.71630859375,1494.41015625,5842.431640625,841.125732421875,471.373046875,2726.746826171875,0
137566.484375,2,2,1,30.664451599121094,0,0,0,-2,-2,-2,66329.71875,37853.12109375,30135.71484375,3138.5234375,1433.71484375,1489.96484375,3619.6142578125,433.62744140625,536.8828125,468.42529296875,331.8701171875,1810.21728515625,0
138568.390625,1,2,1,28.43055534362793,0,0,0,0,0,0,11173.6484375,10163.71875,8864.2421875,6610.109375,8744.330078125,9231.95703125,1379.91845703125,1938.413818359375,1116.8974609375,1664.29638671875,1613.6982421875,2210.998291015625,0
115407.75,2,2,2,28.51348114013672,0,0,0,0,0,0,20385.021484375,19559.73046875,22036.5546875,21693.95703125,25334.3359375,22332.080078125,2898.4150390625,2417.41650390625,1932.771484375,1502.440185546875,1731.814453125,2881.2861328125,0
153152.640625,2,2,2,38.43049240112305,-1,-1,-1,-1,-1,-1,4901.1953125,5482.6953125,3812.77734375,3783.5078125,2217.6171875,427.75,4480.775390625,1886.1806640625,3574.56201171875,2023.041259765625,731.500244140625,3133.943603515625,0
85535.953125,2,2,2,31.129854202270508,0,0,2,0,0,0,68826.71875,64516.3984375,59732.5078125,58272.32421875,49995.22265625,49200.85546875,4043.03662109375,3204.158203125,2734.291748046875,2866.138671875,2691.527587890625,4349.49609375,0
231434.84375,2,1,2,31.30438804626465,-1,0,-1,-1,-1,-2,13254.4921875,21113.919921875,3112.8203125,25725.51171875,12806.185546875,2821.8671875,2055.563232421875,2941.22509765625,34384.625,2389.7685546875,1412.288330078125,5043.4609375,0
72744.0390625,1,2,2,30.626678466796875,0,0,0,0,0,0,17833.55078125,14228.4375,16838.01171875,16007.658203125,16403.76953125,16494.79296875,2036.17822265625,1989.583740234375,1559.435546875,1189.34619140625,1231.30712890625,2209.4970703125,0
205182.71875,2,1,1,32.1331901550293,-2,-2,-2,-2,-2,-2,4460.6171875,1068.16015625,475.76171875,471.84765625,1074.265625,1.65625,686.86376953125,872.3798828125,637.91064453125,579.7099609375,383.94775390625,2358.29052734375,0
30172.0,2,2,2,28.770885467529297,1,0,0,0,2,2,26923.30859375,25005.498046875,28670.86328125,28941.609375,27422.22265625,27409.490234375,1969.18115234375,2244.180419921875,2335.625732421875,1261.41015625,1478.05859375,2133.47265625,0
215006.671875,2,1,1,39.40618133544922,1,-2,-2,-2,-2,-2,4068.5703125,1354.796875,1201.828125,530.19140625,1114.26953125,467.9375,583.5146484375,1002.27099609375,643.90625,603.48681640625,375.05615234375,3096.806884765625,0
204403.0,2,1,2,31.58962631225586,0,0,0,0,0,0,118108.546875,124185.1953125,107800.703125,95962.7109375,90925.03125,91570.296875,6199.8017578125,5344.4501953125,3927.83544921875,4027.537109375,3912.478271484375,6895.05126953125,0
283643.0,2,1,2,32.658836364746094,-1,-1,-1,-1,-1,-1,10940.96875,9690.86328125,11427.234375,12685.158203125,25357.53515625,10541.98046875,8534.0869140625,7623.11376953125,23609.5859375,8882.119140625,9025.966796875,11253.416015625,0
191126.34375,2,1,2,30.576705932617188,-1,-1,2,0,0,-2,4489.90234375,5733.765625,3901.50390625,4240.03515625,2203.27734375,-214.33984375,2676.423095703125,999.35595703125,565.31494140625,1571.786376953125,1584.27294921875,9919.8125,0
220343.5625,2,2,1,41.36001968383789,0,0,0,0,0,0,131561.9375,144971.21875,123313.8125,120983.140625,115892.375,116723.25,6335.85546875,7118.67041015625,5332.80810546875,4972.171875,6427.4423828125,8779.40625,0
274914.96875,2,1,2,33.19440841674805,-1,-1,0,0,0,0,42740.37109375,169429.546875,143927.890625,150939.296875,144243.578125,144836.5625,159834.375,17275.880859375,8763.599609375,6781.328125,7208.88671875,11455.912109375,0
214914.671875,2,1,1,38.629581451416016,-1,-1,-1,-1,-1,-1,24123.935546875,34527.2265625,25161.505859375,6287.7734375,6405.578125,20927.09765625,51938.40234375,13242.78125,7239.19921875,2958.666015625,24018.08984375,15179.896484375,0
365186.65625,2,1,2,32.291072845458984,0,0,0,0,0,0,326750.875,326453.5625,313978.53125,291032.9375,258580.453125,252312.015625,13025.23046875,14583.7744140625,10652.94921875,9750.25390625,9967.427734375,11504.4150390625,0
245825.375,2,1,1,39.0908203125,0,0,0,-1,-1,-1,28809.85546875,28933.037109375,22931.55859375,12456.62109375,2844.26171875,2104.69921875,7926.4375,8253.58984375,9741.93359375,3325.784912109375,2064.252685546875,11434.263671875,0
282939.5625,1,1,1,41.59462356567383,0,0,0,0,0,0,185076.71875,172674.5625,165861.65625,155404.15625,144973.9375,137637.1875,8315.0546875,7193.5703125,6196.81298828125,6328.14453125,8470.0869140625,6475.5322265625,0
176682.203125,2,1,1,38.924076080322266,-1,-1,-1,-1,-1,-1,4582.76171875,1346.3125,817.41796875,519.6015625,1121.578125,-14.58984375,907.20166015625,1156.751953125,806.72802734375,701.19677734375,564.10302734375,2714.2333984375,0
252880.5,2,1,2,31.524085998535156,-1,-1,-1,-1,0,-1,6896.26171875,6658.5625,2231.671875,8282.015625,3257.46484375,6379.279296875,9745.28125,1658.6474609375,5809.31201171875,1266.64697265625,5153.5546875,4193.79541015625,0
163338.5,2,2,2,40.44622039794922,0,0,0,0,0,-1,26322.974609375,22695.044921875,20331.009765625,13181.13671875,19442.482421875,80969.1328125,3178.30859375,3254.36083984375,4058.583984375,1600.0947265625,92302.2109375,8055.96484375,0
13789.078125,2,2,2,36.56371307373047,2,2,2,0,0,0,17995.625,17757.36328125,16906.880859375,12634.4765625,10347.923828125,6728.62109375,1654.4052734375,1874.559814453125,1452.676025390625,1032.821044921875,296.2080078125,2048.83447265625,1
229576.109375,2,1,2,33.223907470703125,0,-1,0,-1,-1,-1,26022.32421875,15234.8984375,12514.34765625,4206.0234375,6248.83984375,19730.65625,13067.82421875,2950.86962890625,4201.3974609375,2644.19482421875,21763.650390625,13594.70703125,0
209051.3125,2,2,1,38.560604095458984,1,-2,-2,-2,-2,-2,3899.79296875,792.87109375,560.8359375,846.5390625,1098.09375,-31.96875,592.9423828125,820.44873046875,567.62890625,537.36328125,344.35791015625,1982.408447265625,0
119397.71875,2,1,2,31.498371124267578,0,0,0,0,-2,-2,58169.73828125,104260.890625,29159.421875,23676.908203125,3175.08984375,3447.8359375,3347.631591796875,3157.580810546875,129.3076171875,512.978515625,365.08544921875,3993.81201171875,0
187618.25,2,2,1,37.24758529663086,0,0,0,0,0,0,108522.796875,108310.359375,104242.0546875,88916.765625,85008.4375,76064.484375,5654.1982421875,4397.6640625,3596.717041015625,3447.798828125,4018.630126953125,3963.18115234375,0
269534.15625,2,1,1,32.36042022705078,1,-2,-1,-2,-1,-1,8512.53125,4233.97265625,17522.3984375,13179.02734375,15164.103515625,3100.26171875,2971.849365234375,16831.08203125,5580.78125,13563.15234375,3894.149658203125,8664.8720703125,0
75679.703125,2,2,2,29.06387710571289,0,0,0,0,0,0,55618.08203125,49369.01953125,36716.359375,26271.9609375,42191.7421875,31004.212890625,3628.47705078125,5152.2373046875,3740.24658203125,27077.796875,3653.46142578125,4581.9912109375,0
130870.796875,2,2,2,29.269441604614258,0,0,2,0,0,0,83209.015625,80640.8125,77504.6484375,69947.28125,58002.80078125,51206.26953125,4627.3388671875,3942.24658203125,3222.38037109375,2817.6142578125,2642.16796875,3358.15771484375,0
161268.953125,2,2,2,37.386959075927734,0,0,0,0,0,0,74049.6015625,70597.0078125,72390.3046875,69157.84375,67799.359375,64527.21875,3560.84375,3683.476318359375,2979.936767578125,3143.378173828125,2980.1220703125,2737.70263671875,0
211961.09375,2,1,1,32.52362060546875,1,-1,-1,-2,-2,-1,4734.50390625,1436.6328125,581.42578125,460.390625,1102.4296875,974.3984375,1167.640625,1098.65087890625,641.8173828125,583.8076171875,532.7119140625,2378.839599609375,0
197795.375,2,2,1,42.52408218383789,1,-2,-2,-2,-2,-2,3869.51953125,792.62890625,532.7421875,847.2578125,1103.62109375,-58.64453125,480.18017578125,764.3955078125,502.75146484375,460.84912109375,299.8935546875,1565.010009765625,0
195596.671875,2,1,2,32.55280303955078,-1,-1,-1,-1,-1,-1,5158.36328125,919.27734375,1199.203125,2564.40625,10526.095703125,7650.232421875,1117.2783203125,1518.56103515625,1541.99462890625,10313.189453125,3720.47216796875,4403.642578125,0
172149.984375,2,1,2,32.70265197753906,-1,-1,-1,-2,-2,-1,4728.00390625,3161.75,552.47265625,552.3828125,1001.5703125,698.828125,3680.7177734375,1235.67431640625,731.30224609375,628.8193359375,792.21533203125,3783.802734375,0
161763.203125,2,2,1,40.60028839111328,0,0,0,0,0,0,74109.9140625,70686.6953125,71252.390625,68393.34375,69911.0234375,65400.6484375,3402.650146484375,3526.189453125,2984.809814453125,3091.29541015625,3021.13134765625,2643.947265625,0
214713.78125,2,1,1,32.33700180053711,-2,-2,-2,-2,-2,-2,4733.4375,3153.67578125,974.36328125,651.8359375,1096.24609375,2402.58984375,2519.81005859375,1052.52197265625,647.9365234375,626.55029296875,568.40771484375,3199.248046875,0
225689.015625,2,2,1,35.958335876464844,0,0,0,0,0,0,73572.171875,75555.5546875,86638.09375,97867.359375,96377.4375,91620.375,14344.9765625,13295.34765625,6802.6220703125,5481.255859375,5924.5576171875,7664.75830078125,0
162756.328125,2,1,1,32.42278289794922,0,0,0,0,0,0,39894.74609375,36761.328125,38399.4296875,41347.84765625,22511.744140625,37620.67578125,3746.7421875,4023.082763671875,3671.016845703125,5279.11083984375,4041.41162109375,3959.9365234375,0
234629.125,2,1,1,39.57599639892578,-2,-2,-2,-2,-2,-2,4222.18359375,690.7578125,460.640625,415.72265625,1043.015625,-80.74609375,660.9287109375,856.7216796875,593.384765625,567.1552734375,363.84228515625,2338.25732421875,0
243992.5,2,1,1,32.91010665893555,1,-1,-1,-1,-1,-1,13394.98046875,10049.4296875,8558.58984375,7037.78125,5563.68359375,9727.83984375,14925.869140625,3333.4599609375,9346.658203125,4597.80224609375,7012.982421875,7814.220703125,0
173074.578125,2,2,1,40.23823165893555,-1,-1,-1,-1,-1,-1,4404.06640625,1215.27734375,831.484375,921.65625,1184.484375,2189.23828125,734.58837890625,1067.73486328125,620.04248046875,587.41015625,510.27734375,1682.5439453125,0
154701.203125,2,2,1,40.72605514526367,0,0,0,0,0,0,26472.974609375,21497.060546875,16400.748046875,12610.55078125,7615.326171875,10329.541015625,3594.17578125,2973.404296875,2077.490234375,1767.777587890625,6430.80322265625,5751.3583984375,0
171977.65625,2,1,2,29.706199645996094,-1,-1,-1,-1,-1,-1,4332.85546875,1591.23828125,1716.68359375,1281.2109375,1251.3359375,2517.76171875,855.3955078125,1261.76513671875,799.5966796875,639.51171875,1098.998291015625,2186.935791015625,0
386113.25,2,1,1,33.2531623840332,0,0,0,0,0,0,330273.71875,327457.75,318135.84375,331127.375,310186.1875,321037.25,13689.48828125,15857.759765625,11527.6640625,12554.56640625,13767.13671875,13382.509765625,0
172964.578125,2,1,2,30.564743041992188,-1,-1,2,-1,0,-1,4499.0546875,4736.296875,4004.578125,4369.57421875,4526.97265625,5368.4921875,1124.27783203125,924.126953125,587.51513671875,576.49267578125,656.2509765625,2866.728759765625,0
74228.328125,2,2,2,28.76657485961914,0,0,0,0,0,0,33235.3203125,29221.98046875,31422.314453125,31235.8046875,30464.248046875,27818.9140625,2675.70703125,2406.796630859375,2136.732177734375,2095.57666015625,1879.53173828125,2414.2080078125,0
221584.84375,2,2,1,38.454864501953125,1,-2,-1,2,2,2,4129.85546875,1375.41015625,5124.20703125,4258.82421875,4216.15625,5625.5703125,395.9208984375,1112.08349609375,360.41162109375,246.7529296875,48.7509765625,2226.109619140625,0
144131.8125,2,2,2,31.26939582824707,2,2,2,2,2,2,91042.625,88740.3046875,89997.640625,92484.046875,92422.140625,90231.03125,3675.41015625,4249.416015625,3607.06103515625,2818.283447265625,3156.492919921875,3635.7783203125,0
63281.109375,2,2,1,44.18706512451172,0,0,0,0,0,0,14910.8515625,13324.65625,13453.5859375,13770.947265625,14917.68359375,13788.16015625,1648.533447265625,2339.12158203125,1574.533935546875,1171.479248046875,1237.514404296875,2148.445556640625,0
90776.6171875,2,2,1,30.950305938720703,2,2,2,2,2,2,39275.30078125,37638.1328125,38642.078125,41005.1171875,40421.30859375,40643.33984375,2404.94580078125,2972.353759765625,2396.064697265625,2373.952880859375,2308.523193359375,2446.5556640625,1
208889.890625,2,1,1,39.13945770263672,0,0,0,0,0,0,26724.31640625,22975.125,25989.3046875,29585.962890625,40360.2109375,38549.16015625,5676.31103515625,5797.9443359375,4190.2255859375,5791.986328125,13537.6015625,15310.333984375,0
49370.90625,1,3,1,45.77648162841797,0,0,0,0,0,0,49905.93359375,45853.7421875,33813.33984375,28435.81640625,17588.138671875,17416.998046875,2623.77294921875,2988.109619140625,1260.269287109375,1143.777587890625,1200.292724609375,2137.319580078125,0
9444.03125,1,2,2,33.876712799072266,2,2,2,2,0,-1,8017.4765625,8106.6171875,7856.23828125,5863.43359375,5710.75,7174.048828125,1193.13525390625,1688.5283203125,1138.405029296875,614.2138671875,226.201171875,1978.84814453125,0
124382.1953125,2,2,1,37.056636810302734,0,0,0,0,0,0,57307.63671875,58177.9140625,59714.640625,65637.2890625,34280.3515625,65417.8046875,3640.244140625,3300.791015625,2643.06005859375,6096.982421875,1260.26318359375,2918.31982421875,0
248886.21875,2,1,2,40.27180099487305,-2,-2,-2,-2,-2,-2,4252.28515625,513.83984375,192.14453125,430.984375,829.171875,-283.5234375,623.7158203125,1219.54638671875,892.19189453125,628.51806640625,604.79736328125,3860.47998046875,0
226573.125,2,1,1,41.909454345703125,1,-2,-2,-2,-2,-1,4202.796875,666.87890625,421.7734375,447.62109375,1104.71484375,2017.5078125,668.79248046875,867.33837890625,680.8720703125,586.8330078125,540.76220703125,2779.370849609375,0
250279.15625,2,1,2,31.31285858154297,-2,-2,-2,-2,-2,-2,6441.49609375,6902.80859375,1529.0546875,1205.10546875,1262.2421875,2615.66015625,6481.06884765625,1154.6953125,1159.458984375,636.3701171875,1993.40380859375,3516.848876953125,0
248908.625,2,1,2,31.88927459716797,0,0,0,2,2,0,195129.484375,204704.359375,191325.65625,199796.515625,203114.453125,202143.640625,11570.125,10856.279296875,10848.8671875,15235.974609375,10050.2490234375,11897.146484375,0
151312.875,2,2,2,30.798297882080078,0,0,2,2,2,2,45708.71875,44699.6015625,46086.25390625,51816.44921875,44848.8046875,41718.859375,3555.41943359375,3344.105224609375,2307.440673828125,2564.030517578125,2544.453857421875,2964.4931640625,0
255474.96875,2,1,2,33.11148452758789,-1,0,-1,0,0,0,27647.37890625,8996.50390625,137772.515625,86787.09375,84034.84375,81042.625,14591.654296875,50147.55859375,10846.927734375,6717.2001953125,6144.42529296875,13372.6376953125,0
9463.828125,2,2,2,29.066911697387695,2,2,2,2,2,2,24823.833984375,23552.669921875,24700.83203125,24928.125,27331.2578125,25060.7734375,2109.583984375,2413.96337890625,2280.74560546875,1287.373291015625,1450.460205078125,2318.628173828125,1
233397.5,2,1,1,42.015869140625,-1,-1,-1,-1,-1,-1,5283.796875,1520.68359375,3080.5859375,686.484375,2239.50390625,-46.2265625,1064.64990234375,2321.10595703125,916.41943359375,2093.429443359375,718.801025390625,4464.708984375,0
145550.4375,1,2,1,28.009510040283203,1,2,-1,0,0,0,6452.828125,3370.53515625,11663.33984375,6898.11328125,6733.81640625,5791.74609375,711.26708984375,6912.30517578125,1077.6416015625,1080.86181640625,1292.352294921875,2666.839599609375,0
81072.890625,2,2,1,40.36587905883789,0,0,0,0,0,0,51803.22265625,46828.34765625,46751.33203125,28552.181640625,27044.4296875,19916.27734375,2582.717041015625,3034.5009765625,2273.129638671875,1087.828369140625,1216.67724609375,2358.3212890625,0
100328.4140625,2,2,2,29.064411163330078,-1,-1,-1,-1,-1,-1,12250.72265625,1446.10546875,987.265625,986.76171875,1141.17578125,153.734375,723.20166015625,1041.37939453125,632.63232421875,586.876953125,472.17431640625,1701.30322265625,0
98819.9921875,2,2,1,36.86647033691406,0,0,0,0,0,0,40578.80859375,44364.1328125,37010.1484375,32831.32421875,34531.23046875,31380.703125,2465.3818359375,3137.973876953125,2184.10302734375,2318.6279296875,2070.227294921875,2468.552001953125,0
202515.84375,2,1,2,30.292888641357422,0,0,0,0,0,0,142687.6875,140614.78125,138750.0625,143577.40625,144422.46875,136809.65625,5863.3408203125,6057.63623046875,5617.75048828125,4370.4462890625,5126.7822265625,4753.0283203125,0
221631.78125,2,1,1,32.686614990234375,-2,-2,-2,-2,-2,-2,4009.35546875,617.66796875,530.6484375,589.45703125,1129.109375,3101.4765625,668.88525390625,1017.39404296875,679.568359375,599.1630859375,1711.591552734375,3389.65966796875,0
159232.671875,2,1,2,32.99755859375,-1,-1,-1,-1,-1,-2,3867.86328125,1163.75390625,734.5703125,564.1328125,1050.26953125,13.26171875,903.93505859375,1046.15625,933.4736328125,707.259765625,477.2275390625,2835.126953125,0
174309.0,2,2,1,37.98893737792969,-1,-1,-2,-2,-1,-1,3953.28515625,981.328125,673.98828125,901.2265625,1302.31640625,18.328125,729.72119140625,886.40380859375,520.7158203125,612.91015625,427.86767578125,1826.466552734375,0
148146.96875,2,2,1,37.19675064086914,0,0,0,0,0,0,87947.078125,82127.171875,79123.1484375,70579.609375,67738.734375,65450.3046875,3604.71923828125,3929.707275390625,2973.875244140625,3138.6923828125,3051.739013671875,3248.33642578125,0
254561.78125,2,1,1,38.01824188232422,-2,-2,-1,-1,-1,-1,6682.109375,6029.9140625,11173.07421875,13403.791015625,4918.78515625,3825.328125,4579.93408203125,10462.330078125,9689.048828125,1763.0947265625,2780.795654296875,5123.46728515625,0
68418.2265625,1,2,1,28.135568618774414,0,0,0,0,0,0,18203.71875,19053.337890625,17743.40234375,12617.76171875,11680.99609375,8498.181640625,1686.354736328125,1978.27880859375,1522.471435546875,998.948486328125,1016.576416015625,2165.8310546875,1
46077.7421875,2,2,2,28.54475975036621,0,0,0,0,0,0,19242.314453125,17826.755859375,18426.861328125,17159.474609375,17062.533203125,16359.697265625,1712.14111328125,2097.54150390625,1513.72021484375,1159.7333984375,1209.362060546875,2202.44873046875,0
190936.46875,2,2,1,41.949920654296875,0,0,0,0,0,0,127040.03125,117077.265625,115094.609375,120065.140625,113104.21875,116900.625,5263.81591796875,5786.7177734375,4376.50146484375,3428.4091796875,4524.41943359375,4144.9599609375,0
105370.765625,2,2,2,31.696439743041992,2,2,4,3,2,2,87891.25,83149.640625,79808.15625,74198.078125,65853.171875,70543.3203125,3811.060546875,3850.49072265625,3389.509521484375,2746.1142578125,2804.297607421875,3239.1396484375,0
172324.828125,2,1,1,41.153629302978516,-1,-1,-1,-1,-1,-1,3931.08203125,1189.80078125,804.12109375,588.59765625,1138.73828125,834.5703125,825.8173828125,1085.2529296875,850.2451171875,700.33251953125,527.40283203125,2408.4267578125,0
109899.65625,1,2,2,28.306684494018555,0,0,0,0,0,0,18949.869140625,15483.23828125,14924.5078125,11444.59765625,9741.814453125,23381.669921875,2518.33447265625,2763.3017578125,2542.65869140625,2867.71484375,8301.50390625,5125.07275390625,0
316528.3125,2,1,2,32.29071044921875,0,0,0,0,0,0,114205.828125,82979.125,86403.46875,70878.1640625,70495.984375,61664.9609375,24047.482421875,14927.8125,14843.470703125,18166.5625,16860.62890625,16116.3359375,0
259336.8125,2,2,2,39.40140151977539,0,0,0,0,0,0,200712.875,170108.453125,153801.78125,111532.203125,60872.5859375,74329.09375,13270.8046875,16759.404296875,10365.7919921875,6898.6748046875,5626.38037109375,8136.2861328125,0
328197.75,1,1,1,43.604915618896484,0,0,0,0,0,0,213977.578125,260682.875,183115.171875,150446.8125,112756.078125,125034.4921875,8833.6826171875,7866.06298828125,5173.13134765625,6836.7744140625,10602.181640625,11737.0673828125,0
148804.1875,2,2,1,29.69451904296875,0,0,0,0,0,0,97836.90625,86704.71875,84920.5703125,75210.578125,66771.578125,64638.48046875,3757.09765625,4079.52099609375,3278.715087890625,3149.42333984375,2944.07421875,3321.17431640625,0
196677.890625,2,2,2,40.89010238647461,0,0,0,0,0,0,109693.09375,150156.109375,104120.4375,102053.421875,105008.140625,102848.84375,4992.18408203125,4576.3173828125,3911.20703125,4225.54638671875,4604.39306640625,4947.55810546875,0
215291.28125,2,1,2,32.23579788208008,-1,-1,-1,-1,0,-1,4456.671875,6003.99609375,3827.734375,4180.4453125,2254.74609375,822.98046875,1054.56640625,1420.31982421875,480.646484375,547.2275390625,551.046875,3073.84814453125,0
135549.40625,2,1,2,30.0578556060791,0,0,0,0,0,0,31623.296875,27042.99609375,29593.791015625,28898.390625,27504.21484375,25994.83203125,2296.23193359375,2482.60107421875,2151.777587890625,2475.953369140625,2885.7353515625,3049.628662109375,0
46797.9765625,2,2,1,37.20609664916992,2,2,2,2,2,2,18044.0546875,16447.365234375,18993.46875,17387.556640625,17474.111328125,17533.986328125,1526.7451171875,1975.440673828125,1560.52392578125,998.8896484375,1067.79638671875,2205.91796875,1
127924.53125,1,3,1,37.39530944824219,1,2,0,0,0,2,47466.45703125,44732.36328125,39335.98046875,39950.57421875,38956.83984375,37853.68359375,3010.268310546875,5042.73046875,5427.99658203125,8186.921875,2980.89013671875,4166.98828125,0
181728.0625,2,1,1,33.506412506103516,0,0,0,0,0,0,55445.6328125,51587.87109375,52510.90234375,52066.85546875,52907.19921875,50305.171875,4026.344970703125,4466.51318359375,3174.97314453125,5433.46337890625,4245.43408203125,7332.515625,0
131211.453125,2,2,1,38.26679611206055,0,0,0,-2,-2,-2,16261.015625,29704.818359375,5539.12890625,1496.88671875,1100.41796875,217.6640625,1903.948974609375,797.48974609375,712.01806640625,601.033203125,428.763671875,3012.161376953125,0
66119.4453125,2,2,1,37.037593841552734,2,2,2,2,2,2,30130.46875,27103.17578125,28242.138671875,29690.68359375,29235.1328125,25284.384765625,2215.76171875,2217.483642578125,2030.62158203125,1900.31103515625,1524.3232421875,2629.563720703125,1
163465.046875,2,2,1,37.23609161376953,0,0,0,0,0,0,108403.5078125,96552.4609375,97637.046875,82368.65625,70510.46875,63004.6171875,4029.48291015625,4244.138671875,3487.89990234375,3238.93017578125,3102.69287109375,3581.83056640625,0
36908.59375,2,2,2,29.38715934753418,0,0,0,0,0,0,9982.90234375,6319.87890625,6740.3828125,5998.265625,6228.3125,5508.73828125,1033.74853515625,1747.93701171875,1046.8310546875,890.1484375,946.245849609375,2017.248779296875,0
83303.359375,2,2,2,40.264183044433594,2,2,2,2,2,2,47554.42578125,49512.41796875,51701.140625,50257.33984375,49193.0234375,45710.34765625,2467.223388671875,3007.871826171875,2291.96630859375,2328.31982421875,2564.657470703125,2484.9658203125,0
62438.9140625,1,3,1,43.45306396484375,1,2,0,0,0,-2,18175.8515625,18302.587890625,18221.59765625,9929.76171875,8570.064453125,1548.99609375,1457.72412109375,1867.75341796875,1476.149658203125,420.08251953125,314.87890625,1781.890625,0
142597.78125,2,2,2,39.43627166748047,-1,-1,-1,-1,-1,-1,4553.375,1092.98046875,537.140625,529.71875,1015.3828125,1101.3203125,871.3232421875,1263.99609375,861.376953125,717.52392578125,763.188720703125,3673.68603515625,0
47643.859375,1,2,2,30.07207679748535,0,0,0,0,0,0,17472.5390625,15612.13671875,14827.912109375,12417.818359375,13855.001953125,13635.9609375,1727.8662109375,2070.677734375,1480.5009765625,1173.1279296875,1239.3447265625,2277.39013671875,0
68075.9609375,2,2,1,39.93924331665039,1,2,2,2,2,0,8724.48828125,8349.03125,10493.99609375,9113.2578125,9739.830078125,6381.54296875,1255.30810546875,3166.43994140625,1451.96826171875,969.274169921875,1138.595947265625,2048.150634765625,1
102458.640625,1,2,1,31.03565216064453,0,0,0,0,0,0,50915.15625,47561.265625,47243.703125,41620.0546875,41901.83984375,38894.828125,2555.69091796875,3079.367431640625,2276.908935546875,2492.420166015625,2470.5439453125,2459.248046875,0
103111.609375,2,2,2,28.13690757751465,1,-1,-1,0,-1,-1,4729.72265625,4398.9609375,4531.0625,1871.71484375,1776.77734375,2588.89453125,1223.32275390625,938.8564453125,374.302734375,1325.61767578125,1387.31396484375,1974.031982421875,0
137053.8125,2,1,2,32.693294525146484,0,0,0,0,0,0,73658.859375,71627.796875,60120.80859375,41655.37109375,33960.796875,26359.876953125,4283.861328125,3426.600830078125,2710.815673828125,1634.900390625,1245.39404296875,4302.1240234375,0
208007.3125,2,1,2,30.306541442871094,-1,-1,-1,-1,-1,-1,4183.91015625,1391.16796875,764.3515625,945.56640625,1166.17578125,2009.26171875,842.5654296875,1186.97216796875,728.876953125,608.26220703125,495.3447265625,2304.38818359375,0
289217.65625,2,1,2,31.743234634399414,0,0,0,0,0,0,226461.28125,214010.03125,223360.515625,190765.234375,183998.875,156220.3125,10510.478515625,9803.6826171875,8542.7626953125,7630.95166015625,7998.4072265625,7466.14453125,0
142074.671875,2,2,2,30.741409301757812,1,2,2,0,0,0,61326.0625,60799.0234375,54365.84765625,55344.890625,46571.71875,48182.55078125,3176.4736328125,3076.6416015625,2496.81787109375,3067.60546875,2576.236083984375,2543.598876953125,0
99440.59375,2,2,1,36.93754959106445,0,0,0,0,0,0,61602.8828125,60521.0625,51001.42578125,50539.015625,40540.4140625,38362.72265625,3300.084716796875,3187.95556640625,2156.511962890625,2434.29150390625,2172.811279296875,2618.614013671875,0
131057.609375,2,2,1,33.810001373291016,2,2,2,0,0,0,126557.484375,113836.921875,97563.125,101369.7890625,73168.859375,83792.796875,4411.64697265625,5447.068359375,3748.97607421875,3331.455810546875,2995.2392578125,4976.47998046875,1
77419.78125,2,2,2,29.893739700317383,0,0,0,0,0,0,27283.279296875,24337.841796875,23798.65625,23850.0546875,25162.171875,23984.484375,2056.359375,2505.873779296875,2040.21044921875,1527.631591796875,1615.81591796875,2902.671142578125,0
195009.984375,2,1,2,31.619930267333984,1,-1,-1,-1,0,-1,4352.3125,943.49609375,711.33203125,3584.46875,2282.37890625,801.26953125,717.447265625,1178.8154296875,1182.807861328125,485.12890625,516.60546875,2261.14306640625,0
204926.0,2,2,1,41.93093490600586,0,0,0,0,0,0,127265.765625,117050.625,115120.484375,117132.578125,113111.125,111504.2421875,5377.849609375,5892.47607421875,4376.50146484375,3630.409912109375,4605.41455078125,4244.47705078125,0
102769.703125,2,2,1,37.04716110229492,0,0,0,0,0,0,50851.19921875,49379.5078125,51596.828125,51128.578125,49096.44921875,47126.14453125,2569.796630859375,3165.7978515625,2431.82861328125,2616.97607421875,2730.3837890625,2599.454345703125,0
227803.046875,2,1,1,41.739906311035156,-1,-1,-2,-2,-2,-2,3937.296875,727.8046875,488.7421875,483.66796875,1074.41796875,76.50390625,903.86572265625,853.9482421875,643.47314453125,588.1572265625,365.52294921875,2661.935302734375,0
80390.46875,2,2,2,37.053897857666016,0,0,0,0,0,0,43066.75,39115.015625,37726.703125,32219.1328125,32373.220703125,30970.87109375,2706.028564453125,3185.38720703125,2207.380859375,2237.0068359375,1871.39404296875,2937.18115234375,0
209051.3125,2,1,1,39.184139251708984,-2,-2,-2,-2,-2,-2,3988.28515625,693.2109375,451.44921875,437.64453125,1073.0546875,-54.5078125,661.16455078125,820.44873046875,591.57666015625,578.79248046875,365.85888671875,2286.333740234375,0
138139.078125,2,2,2,31.453399658203125,0,0,0,0,0,2,112141.0859375,99350.96875,78500.40625,67227.078125,46220.08984375,44044.921875,4076.65576171875,3968.312255859375,2396.4111328125,2952.154052734375,2318.160888671875,3673.93212890625,1
220147.8125,2,2,1,31.036176681518555,0,0,0,0,0,0,130568.53125,115480.078125,106536.125,110641.515625,94178.9375,91333.234375,6168.18017578125,8261.6220703125,3626.2822265625,5233.7080078125,5438.0068359375,4784.685546875,0
187107.484375,2,2,2,30.75067901611328,0,0,0,0,0,0,56358.0546875,57277.0234375,57551.23828125,58086.26171875,59961.31640625,53446.546875,3912.8466796875,3632.6494140625,3351.83544921875,4646.24560546875,5071.58935546875,2754.984130859375,0
130942.734375,2,2,2,31.128917694091797,0,0,0,0,0,-1,59490.3359375,58523.8046875,52854.75390625,30494.6328125,25204.978515625,25671.345703125,3756.47705078125,4239.568359375,3469.6396484375,1613.644287109375,11598.521484375,4288.44677734375,0
176381.046875,1,2,1,27.82929801940918,0,0,0,-1,-1,-2,10032.47265625,5045.71875,1412.28125,2006.765625,1159.25390625,55.4609375,807.04931640625,749.17041015625,1244.8193359375,589.8876953125,340.98974609375,1825.155029296875,0
266120.5,2,2,1,39.50245666503906,-1,-1,-1,-1,-1,-1,5079.29296875,1601.7890625,2731.9375,4864.65625,5199.921875,57422.28515625,1636.300048828125,1897.800537109375,5336.59423828125,3471.8779296875,51431.9140625,8338.025390625,0
312279.375,2,2,1,37.716156005859375,0,0,0,0,0,0,292120.34375,292887.9375,279658.40625,182459.828125,181694.140625,85479.140625,10199.005859375,21662.46875,10603.193359375,4327.7705078125,8785.466796875,8442.412109375,0
251014.109375,2,1,2,32.966522216796875,0,0,0,0,0,0,164327.3125,164688.515625,160586.078125,164514.15625,97994.390625,131856.4375,8502.95703125,8349.20703125,8307.23046875,5611.15185546875,3266.119140625,8671.0068359375,0
45729.28125,1,2,1,28.673009872436523,1,2,2,2,2,2,18968.93359375,17124.0546875,20640.6328125,19037.662109375,18040.388671875,15302.828125,1528.95458984375,1883.58251953125,1560.731689453125,1003.051513671875,1060.00830078125,2188.42724609375,1
38956.5390625,2,2,2,28.373184204101562,0,0,0,0,0,-2,25690.529296875,21398.115234375,13881.40625,10138.7109375,3679.52734375,672.83984375,1987.01953125,2008.244140625,953.00390625,446.62255859375,409.93701171875,1936.169921875,0
209393.875,2,1,2,32.53542709350586,-2,-2,-2,-2,-2,-2,3789.05859375,800.16015625,588.66796875,504.43359375,1103.046875,618.76953125,665.01708984375,960.912109375,649.27587890625,577.79248046875,433.2138671875,2460.382080078125,0
181445.859375,2,2,1,39.95218276977539,-1,-1,-1,-1,0,0,5081.48046875,1707.23828125,3767.48046875,10507.65625,7603.0703125,7178.37890625,1136.8662109375,1896.560791015625,7147.3251953125,1658.10302734375,1289.04150390625,2221.8994140625,0
234547.375,2,1,1,39.38884353637695,-1,-1,-1,-1,-1,-2,4106.56640625,1227.30078125,1821.4296875,588.28515625,1046.9140625,151.5703125,906.69580078125,1143.8876953125,932.24072265625,717.54345703125,439.1123046875,2775.951904296875,0
122770.234375,2,2,1,40.09368896484375,0,0,0,0,0,0,56323.125,52194.83203125,53329.2265625,53971.34765625,54732.578125,48024.8984375,2926.362060546875,3197.1162109375,2599.20947265625,2598.926025390625,2748.599609375,2593.39208984375,0
55665.7578125,2,2,2,34.19447326660156,0,0,0,-1,0,-1,10575.72265625,3278.96875,3520.46875,4524.9765625,2441.38671875,2727.0859375,1321.42822265625,1343.708984375,345.87646484375,426.50830078125,1639.682861328125,1879.177978515625,0
161740.515625,2,2,1,42.452232360839844,-1,-1,-1,-1,-1,-1,4578.328125,1534.11328125,3186.08984375,1040.18359375,1248.43359375,717.18359375,848.0302734375,1677.255859375,703.5,857.559814453125,547.16650390625,2465.58203125,0
50722.765625,2,2,2,29.063331604003906,0,0,0,0,0,0,65235.13671875,53035.7109375,38377.2734375,27166.4453125,11606.62109375,14910.322265625,3412.183837890625,3039.4921875,1242.394775390625,1751.37060546875,1669.520263671875,2217.478515625,0
97227.2265625,2,2,2,29.45952796936035,-1,-1,-1,-1,-1,-1,4245.984375,1395.70703125,952.77734375,1491.83203125,1291.3046875,3325.64453125,729.82666015625,1150.25439453125,749.88818359375,608.115234375,1682.173583984375,1935.013671875,0
266523.0,2,1,2,31.680768966674805,0,0,0,0,0,0,154549.265625,161163.90625,149629.359375,151106.34375,145117.796875,145506.9375,8015.3447265625,6405.88720703125,6665.1171875,6829.638671875,7271.9736328125,6431.49560546875,0
182290.609375,2,2,2,29.470081329345703,0,0,0,0,0,0,94303.828125,86898.953125,82934.140625,79843.0390625,74174.046875,72905.078125,3660.18994140625,4171.31787109375,3226.056640625,3167.36767578125,3073.18115234375,3335.3564453125,0
62043.8046875,2,2,2,27.989233016967773,0,0,0,-1,0,0,12514.0234375,2958.1171875,2785.08984375,9931.3203125,6360.140625,4828.86328125,2328.282470703125,1651.4521484375,7114.275390625,1427.47509765625,1141.279541015625,2384.023193359375,0
268727.9375,2,1,2,31.631376266479492,-1,-1,-1,-1,-1,-1,11448.5234375,8217.453125,15801.5390625,21010.2109375,33429.625,36539.9765625,4395.986328125,13668.8828125,11446.47265625,40257.296875,11544.615234375,12799.76953125,0
82233.3359375,2,2,1,36.63196563720703,0,0,0,0,0,0,35065.03125,31134.056640625,30427.86328125,30883.017578125,27755.97265625,26849.2890625,2383.451904296875,2642.02880859375,2071.361328125,1543.478759765625,1592.177001953125,2379.9951171875,0
96984.828125,1,2,1,34.11838912963867,0,0,0,0,-1,-1,15060.1015625,13230.84375,12611.4609375,6115.71875,6756.97265625,1113.83203125,2509.94482421875,2092.7412109375,1500.286865234375,692.08984375,560.67138671875,2336.606689453125,0
139687.03125,2,1,2,30.97925567626953,0,-1,0,0,0,0,18578.462890625,36235.5078125,32003.13671875,31734.30859375,34304.2578125,30479.77734375,23627.244140625,8637.4658203125,4486.93603515625,3953.65283203125,3015.823974609375,6481.48828125,0
72696.859375,2,2,1,40.12455749511719,0,0,2,2,2,0,20447.70703125,18326.01953125,17764.03125,17287.037109375,16535.865234375,15611.79296875,2150.12109375,1913.871337890625,1563.288818359375,1032.136962890625,1179.0869140625,2109.428955078125,0
68362.6015625,2,3,1,34.26902389526367,0,0,0,0,0,0,14464.34375,9264.90234375,10913.88671875,10773.302734375,11147.23828125,10062.392578125,1609.77001953125,2024.82275390625,1461.55712890625,1159.416259765625,1167.33251953125,2076.345458984375,0
236860.90625,2,1,1,39.06466293334961,-2,-2,-2,-2,-2,-2,5819.05078125,6591.47265625,4855.86328125,11802.3203125,5086.4609375,3539.484375,3536.2041015625,2504.81591796875,11207.634765625,2099.683349609375,2530.61376953125,6163.189453125,0
146125.21875,2,1,2,30.85052490234375,0,0,0,0,0,0,54461.53125,50339.6328125,52678.03125,52809.0859375,46273.265625,46056.53125,3060.731689453125,3221.022705078125,2438.757080078125,2716.294189453125,2710.976318359375,3588.3603515625,0
45615.21875,1,2,1,30.003803253173828,2,2,2,2,2,2,10887.59765625,10458.78125,9330.55859375,10241.24609375,10188.27734375,9465.025390625,1415.02587890625,1891.66015625,1398.250732421875,1531.30419921875,994.6455078125,1862.2880859375,1
149556.09375,2,2,1,37.651519775390625,-1,-1,-1,-1,-1,-1,5529.80078125,2383.25390625,917.85546875,970.19140625,3231.79296875,4681.6640625,409.91552734375,1082.67236328125,626.35986328125,1455.027587890625,280.76220703125,1862.666259765625,0
232571.921875,2,1,1,38.28404235839844,-1,-1,-1,-1,0,-1,6339.6953125,6416.4765625,9148.98046875,16068.296875,6571.47265625,6206.75390625,3770.001708984375,10149.517578125,10288.5556640625,1894.605712890625,5445.59130859375,4902.52685546875,0
151164.90625,2,1,2,32.720027923583984,1,-1,-1,-1,-1,-1,4666.58203125,4137.74609375,1254.8984375,641.1875,1678.25390625,3962.9921875,919.33984375,916.12646484375,1136.03662109375,740.328369140625,1970.830810546875,3240.42626953125,0
284255.53125,2,2,1,38.81056594848633,-1,-1,-1,-1,-1,-1,10961.828125,18232.52734375,11271.04296875,4489.16015625,5040.2421875,4451.3671875,9400.9267578125,6763.5986328125,3425.05126953125,4086.040283203125,3449.97021484375,6297.5361328125,0
182807.25,2,1,1,40.72929000854492,-1,-1,-1,-1,-1,-1,4515.890625,1305.3515625,865.8359375,913.44140625,1142.05078125,1197.37890625,854.5966796875,1206.08642578125,738.5615234375,672.6806640625,563.4365234375,2368.47509765625,0
80252.640625,1,2,2,29.26175308227539,0,0,0,0,0,0,10978.0390625,8269.140625,9886.9140625,8302.71875,8272.091796875,6844.330078125,1273.2900390625,1852.79736328125,1181.0048828125,1020.539794921875,1036.40869140625,2203.1904296875,0
218886.140625,2,2,2,38.8525276184082,-1,-1,-1,-1,0,-1,6832.76953125,2789.69921875,3309.7890625,7891.3359375,2330.26953125,1192.73828125,2846.246337890625,2889.77392578125,6150.30224609375,2212.251708984375,3288.58544921875,4432.28662109375,0
350351.625,2,2,1,31.83522605895996,0,0,0,0,0,0,214458.265625,203501.1875,210992.90625,209345.375,215462.375,194755.328125,17170.53125,13656.5234375,17886.841796875,18872.451171875,15366.826171875,14757.62109375,0
248536.90625,2,2,1,42.04343795776367,-2,-2,-2,-2,-2,-2,13581.08203125,16340.234375,10357.15625,12148.27734375,14709.37109375,3540.109375,14991.67578125,6998.54296875,9676.81640625,6757.5927734375,2406.251220703125,6846.56640625,0
92609.4765625,2,2,2,30.998689651489258,2,2,2,2,2,2,49491.70703125,48890.20703125,50232.390625,52253.078125,48615.92578125,44471.21875,2753.954833984375,3089.884765625,2380.626220703125,2323.06787109375,2695.44873046875,2470.467041015625,1
175292.9375,2,2,1,42.66204833984375,-1,-1,-1,-1,-1,0,6095.87890625,1902.05859375,3861.5859375,4558.796875,25261.658203125,14778.5546875,1440.869140625,1789.8330078125,2577.892333984375,18072.70703125,3423.79931640625,4960.46240234375,0
333879.0625,1,2,1,39.07823181152344,0,0,0,0,0,0,193886.390625,179141.1875,181518.6875,201394.8125,215327.734375,179081.5625,14279.189453125,13989.302734375,13052.9609375,15413.578125,18644.46875,13911.474609375,0
191585.8125,1,2,1,29.105335235595703,-1,-1,-1,-1,-1,-1,4000.03515625,1409.203125,1028.03515625,1159.98828125,3484.98046875,13645.474609375,998.091796875,1188.447265625,962.2880859375,1424.68603515625,9846.291015625,3691.325439453125,0
137183.5625,2,2,2,31.168354034423828,0,0,0,0,0,0,73719.4921875,71577.3515625,64908.796875,60257.28515625,43287.52734375,46381.02734375,3882.9013671875,3778.582763671875,2605.622802734375,2634.4990234375,1985.4375,3182.130126953125,0
62696.5078125,2,2,2,28.58116912841797,0,0,0,0,0,0,30860.212890625,26879.27734375,28955.37109375,28191.80078125,27470.34375,26666.49609375,2076.072021484375,2325.74267578125,1915.2080078125,1447.979736328125,1568.5751953125,2333.65478515625,0
124183.125,2,2,2,29.737918853759766,0,0,0,0,0,0,94281.578125,87742.421875,80847.3125,76876.84375,67904.25,70691.671875,3847.14306640625,4416.04150390625,2941.49560546875,3278.4560546875,3080.036865234375,3964.4833984375,0
229965.5625,2,2,1,37.9381217956543,0,0,0,0,0,0,103576.984375,93888.65625,100356.9453125,99074.53125,45611.40234375,85724.125,7596.337890625,7005.87158203125,4016.8583984375,4466.28564453125,1363.619873046875,7840.39501953125,0
319154.875,2,1,1,38.60702133178711,-1,-1,-1,0,0,0,9382.94921875,6891.55078125,24973.900390625,22830.779296875,14524.177734375,12531.65625,5104.19189453125,13557.640625,5403.33935546875,5175.70654296875,5832.15234375,6994.986328125,0
178221.46875,2,1,2,32.448516845703125,-2,-2,-2,-2,-2,-2,4507.65234375,1260.921875,662.57421875,612.25,1755.921875,5351.47265625,695.03173828125,1165.3583984375,710.53271484375,1326.33349609375,3988.01611328125,3907.556640625,0
203424.09375,2,2,1,40.475990295410156,0,0,0,0,0,0,95303.0703125,86963.625,84218.7421875,76631.2890625,74827.96875,72090.8125,4227.95654296875,4327.302734375,3626.63427734375,3924.202880859375,3893.905029296875,4304.625,0
109657.4375,2,2,2,29.43060302734375,-1,-1,-1,-1,0,0,4408.69921875,1734.64453125,2752.890625,9091.39453125,3523.04296875,5223.7109375,1050.0146484375,1664.17822265625,7119.0654296875,982.72021484375,2836.12451171875,2257.053955078125,0
356600.875,2,2,1,32.30780792236328,0,0,0,0,0,0,293390.0,296733.3125,296605.96875,270876.0625,243899.015625,232436.046875,11966.197265625,17745.9765625,10090.302734375,11446.869140625,10271.322265625,12768.787109375,0
281281.8125,2,1,2,36.78379821777344,0,0,0,0,0,0,79659.1796875,83442.546875,70959.34375,154301.84375,214933.03125,218199.46875,10183.57421875,26309.171875,81485.8046875,69943.5234375,25551.0390625,19242.220703125,0
51895.75,2,2,2,28.85082244873047,0,0,0,0,0,0,32656.23828125,30700.025390625,29306.84765625,27174.537109375,26091.388671875,25108.49609375,2337.584228515625,2322.27783203125,1899.970458984375,1421.76220703125,1555.1015625,2342.512451171875,0
242086.46875,2,1,1,32.733558654785156,-2,-2,-2,-2,-2,-2,6140.203125,6582.328125,776.859375,1022.85546875,872.29296875,-18.44140625,4382.1875,5299.5029296875,989.4248046875,723.861328125,731.890625,4606.400390625,0
69511.0546875,1,3,1,41.14543151855469,0,0,0,0,0,0,11461.08984375,7439.76171875,8561.32421875,7509.81640625,7792.60546875,6311.900390625,1310.32958984375,1823.6572265625,1125.487060546875,990.357666015625,960.632080078125,1943.491455078125,0
160102.5,2,3,1,42.55129623413086,-1,-1,-1,-1,-1,-1,4295.078125,1787.64453125,960.12890625,891.609375,1163.06640625,712.3125,908.15625,1031.20703125,619.66943359375,558.6865234375,428.599609375,1596.642333984375,0
136432.046875,1,2,2,30.637752532958984,1,0,0,0,-2,-2,47503.69140625,47804.94140625,26628.810546875,19727.470703125,2335.49609375,1823.08984375,2394.83447265625,2808.762451171875,88.98388671875,448.6240234375,323.99169921875,1913.140869140625,0
261875.03125,2,1,1,31.111005783081055,-2,-2,-2,-2,-2,-2,4868.70703125,2487.68359375,6431.6328125,1851.54296875,3052.71484375,3047.4765625,1338.25634765625,6340.072265625,805.9130859375,2643.16748046875,1906.94970703125,3611.68896484375,0
163764.890625,2,1,2,30.305233001708984,1,-1,-1,-1,-2,-2,4427.05078125,2817.80859375,759.1640625,947.921875,1125.16015625,234.82421875,1775.84033203125,1029.7001953125,703.26806640625,485.50927734375,289.73974609375,1968.68115234375,0
99286.1640625,1,2,2,28.315961837768555,2,2,2,2,2,2,7948.921875,4983.046875,3482.578125,4267.453125,4334.03515625,5357.390625,406.48388671875,608.46240234375,350.03173828125,252.51708984375,73.25146484375,1600.32177734375,1
229459.828125,2,1,2,31.613609313964844,-1,-1,-1,-1,-1,-1,8321.8125,11124.69140625,4129.4296875,3812.58984375,3231.8828125,5921.052734375,10872.1826171875,2532.07666015625,4541.30615234375,2305.57373046875,5098.7568359375,5411.7158203125,0
202683.421875,2,2,1,37.77227783203125,-1,0,-1,0,0,-1,7212.97265625,4380.48046875,4985.2109375,1659.57421875,3279.22265625,4627.546875,1141.9951171875,960.1767578125,366.49755859375,1446.156494140625,233.58837890625,1892.715576171875,1
61330.1875,2,2,2,30.141494750976562,0,0,0,0,0,0,36115.90234375,33383.2890625,16957.337890625,23669.638671875,8321.37890625,14223.17578125,2428.8427734375,2782.5693359375,767.03759765625,3911.0625,931.110107421875,2368.221435546875,0
221685.484375,2,1,2,30.365962982177734,0,0,0,0,0,0,23576.654296875,40985.078125,14911.671875,154192.609375,109780.40625,113687.59375,4638.6591796875,5519.78955078125,123536.703125,8338.9931640625,8127.076171875,6532.3056640625,0
210254.703125,2,2,2,30.647321701049805,-1,-1,-1,-1,-1,-1,12498.921875,18138.263671875,11307.75390625,7041.8515625,3450.84765625,6922.419921875,10491.96484375,7085.7587890625,7983.04541015625,3688.472900390625,6870.31640625,5197.46142578125,0
107050.03125,1,2,2,30.55279541015625,1,3,2,2,2,2,39153.24609375,35245.6328125,35572.40625,34985.7421875,35434.078125,32262.1484375,2446.367919921875,2921.948974609375,2196.6201171875,2282.402587890625,1964.550048828125,2420.188232421875,1
45872.5078125,2,2,1,41.820770263671875,2,2,2,2,2,0,29781.640625,26343.26953125,27876.251953125,26121.9609375,27350.9921875,25654.716796875,1979.281494140625,2163.490966796875,1955.4033203125,1259.692138671875,1499.76708984375,2081.20458984375,1
38036.0703125,1,2,2,30.344982147216797,2,2,2,2,2,0,16592.703125,18312.78125,20176.79296875,19418.427734375,19060.388671875,17203.84765625,1531.30908203125,1852.1240234375,1645.88623046875,988.6611328125,1472.63720703125,2105.574951171875,0
215634.03125,2,1,2,29.923934936523438,-1,-1,-1,-1,-2,-2,12876.1015625,24413.76171875,11839.84765625,1353.2109375,1203.71484375,-144.09765625,37351.9140625,6882.3125,2781.924072265625,1413.041015625,720.236083984375,4498.708984375,0
154596.703125,2,2,1,37.234439849853516,0,0,0,0,0,0,92285.015625,85654.609375,87152.2890625,90990.515625,90977.25,90938.59375,4016.470703125,4459.44287109375,4196.7333984375,4026.9501953125,2922.5439453125,3787.82373046875,0
45626.4765625,2,2,2,28.891815185546875,2,2,2,0,0,2,27594.736328125,24297.314453125,22478.6640625,22871.48046875,24584.75390625,22038.16796875,1706.34423828125,2250.422119140625,1910.07275390625,1716.79345703125,1452.530517578125,2113.98193359375,1
39795.8984375,2,2,2,34.434452056884766,0,0,0,0,0,-1,20242.060546875,18781.06640625,9616.359375,7549.046875,4637.89453125,7702.392578125,1698.91259765625,1877.616943359375,426.255859375,436.48779296875,293.08251953125,2235.251953125,0
168777.953125,2,2,1,39.007789611816406,0,0,0,0,0,-1,114707.0,94611.15625,55903.5390625,44907.125,16490.166015625,12277.578125,7517.4189453125,9263.4033203125,14375.623046875,3371.30078125,3331.35009765625,7782.6513671875,0
80547.1171875,2,2,1,40.222320556640625,0,0,0,0,0,0,42497.0234375,40167.1796875,34076.47265625,26611.72265625,23250.12890625,23697.4296875,2524.843017578125,3097.76806640625,2015.37255859375,1388.809814453125,1274.018798828125,2330.581787109375,0
174367.953125,2,1,1,32.50605773925781,0,0,0,0,0,0,25506.494140625,21153.83203125,21335.11328125,23179.02734375,28399.6875,26311.41015625,2800.69775390625,5021.68896484375,2935.714111328125,3309.55078125,6070.677734375,8320.2890625,0
319642.46875,2,1,2,33.92059326171875,0,0,0,0,0,0,247161.59375,236231.96875,217334.21875,193906.203125,179080.96875,166192.453125,12602.390625,10701.1005859375,8878.134765625,9701.623046875,10159.751953125,10268.212890625,0
101641.2109375,2,2,2,28.769866943359375,1,2,2,2,2,2,39675.05078125,41267.359375,41868.6953125,43494.68359375,43102.6875,43763.125,2472.1337890625,2977.856201171875,2279.0869140625,2306.04150390625,2376.08544921875,2661.16064453125,0
212992.359375,2,2,1,37.71795654296875,0,0,0,0,0,0,108872.453125,120228.265625,98026.75,91663.609375,91780.15625,84422.546875,4559.099609375,4692.65966796875,3635.184814453125,3407.783203125,3580.64111328125,3965.57470703125,0
183067.765625,2,1,1,41.87786102294922,-2,-2,-2,-2,-2,-2,4559.453125,513.83984375,228.09765625,430.984375,831.09375,-262.3671875,626.8984375,1219.54638671875,893.69677734375,633.087890625,601.765625,3832.5302734375,0
22026.296875,1,2,2,34.39217758178711,2,2,2,2,2,2,13461.1640625,10769.109375,12463.33203125,12029.123046875,13591.931640625,12921.20703125,1482.80126953125,1884.73828125,1523.076904296875,1021.7568359375,1059.52001953125,1960.4716796875,1
223928.671875,2,2,1,33.17858123779297,0,0,0,0,0,0,135521.15625,132387.90625,136665.328125,138017.984375,142793.328125,139288.046875,6753.955078125,5986.7138671875,5617.130859375,6969.8037109375,6620.59375,5375.27685546875,0
152943.8125,1,2,1,36.552120208740234,0,0,0,0,0,-2,64616.3671875,213466.765625,152323.484375,62047.16015625,66017.8828125,7602.703125,6015.71728515625,14657.828125,8179.10546875,637.0908203125,1200.324951171875,16809.2578125,0
200735.765625,2,2,2,31.08102798461914,0,0,0,0,0,0,115822.484375,109977.4140625,109314.78125,114109.484375,108450.625,109606.2265625,5886.12890625,5715.37255859375,6530.8408203125,6744.22509765625,9780.515625,3775.379150390625,0
209111.03125,1,2,1,34.1530647277832,-1,-1,-1,-1,-1,-1,5279.0078125,2379.37109375,7145.37890625,4949.80078125,4739.66015625,5302.35546875,1593.165283203125,7247.67041015625,3651.4267578125,4195.650390625,1989.283447265625,3062.17138671875,0
140278.34375,2,2,1,41.87211227416992,0,0,-1,0,-1,-1,14871.4375,2797.515625,7989.55859375,1930.6875,3838.65625,4865.125,821.4033203125,2943.25,643.578125,2208.7919921875,381.25439453125,2493.5400390625,0
299015.09375,2,1,1,31.49538803100586,-1,-1,-1,0,0,0,19926.859375,42039.96875,55310.8671875,63814.078125,52788.734375,51598.5390625,33880.421875,18975.59375,11732.80078125,9697.333984375,9295.36328125,11572.91796875,0
105216.8046875,2,2,1,34.768184661865234,0,0,0,0,0,0,35558.6640625,31182.84375,33416.67578125,32054.23046875,38294.0078125,36637.8203125,2732.905517578125,3198.8623046875,2574.936767578125,4222.72998046875,4513.93408203125,4500.6171875,0
168422.40625,2,3,1,42.665470123291016,1,-2,-2,-2,-1,-1,4307.84765625,940.78125,546.39453125,890.640625,3312.30078125,4494.58203125,406.61328125,4839.66943359375,1236.936279296875,1434.2451171875,306.2197265625,1777.39013671875,0
85062.0703125,1,2,1,39.55654525756836,1,2,0,0,0,0,6558.3046875,6977.57421875,8520.296875,8234.79296875,11619.419921875,11303.498046875,1136.76220703125,1825.48974609375,1247.955078125,1630.75,2301.982177734375,2170.963623046875,0
179569.09375,2,2,2,40.95383071899414,0,-1,-1,-1,-1,-1,6036.75,14257.20703125,3827.2265625,1128.796875,1625.125,2857.3828125,1164.943359375,1614.90478515625,894.69384765625,1598.899658203125,1873.814453125,3994.717529296875,0
197369.28125,2,2,1,39.15538787841797,-1,-1,-1,-1,-1,-1,7234.8125,9076.08984375,6562.421875,13701.91015625,6408.21484375,3099.2890625,1946.9951171875,2740.400390625,15075.228515625,1691.8046875,1748.44287109375,5897.11962890625,0
66667.15625,1,2,2,30.181692123413086,0,0,0,0,0,0,20066.83984375,17577.7109375,18730.42578125,16843.236328125,16721.953125,14010.392578125,1736.41845703125,2102.779296875,1536.43994140625,1151.655517578125,1148.458984375,2125.24755859375,0
66700.3828125,1,2,2,30.766374588012695,0,0,0,0,0,0,20351.6953125,17603.490234375,19989.373046875,19256.59375,18932.228515625,16550.16015625,1760.1171875,2062.080810546875,1514.197998046875,1157.53662109375,1521.397705078125,2132.815673828125,0
80845.4921875,2,2,2,40.17816925048828,0,0,0,0,0,0,79439.53125,63782.46484375,66477.546875,51779.734375,44873.50390625,45128.6328125,3643.3994140625,3294.6982421875,2269.069091796875,2609.110595703125,2632.2783203125,2772.226318359375,0
153730.453125,2,2,2,37.26674270629883,0,0,0,0,-1,-1,30602.2734375,40540.046875,17458.103515625,4389.99609375,13417.064453125,36607.81640625,3237.1806640625,2287.6064453125,2512.468505859375,3107.4189453125,51261.828125,7072.03515625,0
84719.1328125,2,2,1,36.59764099121094,0,0,0,0,0,0,26902.08203125,25521.185546875,27967.88671875,28759.49609375,28710.4296875,25468.234375,2038.8486328125,2425.47021484375,1972.13525390625,1534.249755859375,1593.8857421875,2277.2431640625,0
178832.828125,2,2,1,28.696630477905273,0,0,2,2,2,2,51029.12109375,48647.32421875,51285.796875,56165.6796875,55193.48828125,50296.2578125,4899.52197265625,5306.60400390625,3271.95458984375,3255.30615234375,2915.0771484375,3108.61962890625,0
114398.3828125,1,2,2,29.451242446899414,1,2,2,2,-1,-1,49789.609375,45585.8984375,25367.658203125,20159.9375,7272.6328125,22137.13671875,3352.45703125,4030.64501953125,930.080078125,1440.669921875,24076.783203125,5582.25146484375,1
192716.421875,2,2,2,29.926055908203125,0,0,0,0,0,0,98388.421875,116965.65625,91968.515625,89093.96875,89134.5625,91459.90625,4623.396484375,4548.06689453125,3875.55029296875,4986.8896484375,4543.888671875,4172.5615234375,0
109503.40625,2,1,1,38.01567459106445,1,2,0,0,0,0,7501.59765625,5038.109375,4134.8046875,4574.3359375,4941.5703125,4234.44921875,968.5166015625,3656.800048828125,1384.6669921875,904.952392578125,1638.93798828125,7614.943359375,0
124063.6171875,2,2,2,29.82622528076172,1,2,0,0,0,0,94633.828125,92192.671875,94293.15625,90852.2890625,91616.75,86615.4375,4049.849609375,4502.7646484375,3862.2763671875,3908.76904296875,3359.017578125,3600.02099609375,0
75567.2421875,2,2,2,30.23537826538086,0,0,0,0,0,2,24451.673828125,21351.3046875,23691.318359375,25837.220703125,27452.94921875,23928.1015625,1808.912841796875,2300.898681640625,1965.52197265625,1821.869384765625,1405.722412109375,2310.032470703125,0
153890.125,2,1,1,42.73219299316406,-1,-1,-2,-2,-2,-2,3710.33203125,746.68359375,623.30859375,580.7265625,1105.21484375,-30.515625,784.3330078125,776.49658203125,573.02490234375,537.11279296875,310.88134765625,2156.86962890625,0
185984.4375,2,1,2,36.8514289855957,1,-2,-2,-1,-1,-1,4897.33984375,1004.7890625,1204.1796875,3943.6796875,14169.087890625,11423.103515625,1068.4150390625,1390.1181640625,1817.101318359375,11544.37109375,5777.8408203125,3992.3427734375,0
87995.09375,2,2,2,44.30276107788086,0,0,0,0,0,0,48156.84765625,48241.97265625,48776.87109375,46996.53125,44849.59765625,43519.00390625,2507.732421875,3129.271484375,2281.946533203125,2498.780517578125,2486.19970703125,2601.77734375,0
241400.25,2,1,2,31.572948455810547,-1,-1,-1,-1,-1,-1,5064.046875,3200.37890625,3755.94140625,5802.484375,2965.13671875,4653.3828125,2860.794921875,2200.505615234375,5750.84716796875,2834.68603515625,3762.278076171875,3361.021484375,0
66260.828125,2,3,1,35.2161750793457,0,0,0,0,0,0,36911.93359375,31486.70703125,32222.28515625,30882.796875,26395.984375,26635.888671875,2416.232666015625,2730.195068359375,2125.25732421875,1522.659912109375,1509.28857421875,2319.00927734375,0
67151.296875,1,2,1,44.60317611694336,0,0,0,0,0,0,50589.59375,48919.00390625,35510.01953125,31989.5390625,19026.486328125,18091.83984375,2599.580810546875,3035.368408203125,1281.00537109375,1141.265380859375,1298.446533203125,2234.078125,1
299965.0625,2,1,1,40.85279083251953,1,-2,-2,-2,-2,-2,6611.0234375,426.40234375,-343.703125,583.38671875,884.94140625,299.5859375,1506.33984375,3540.1171875,1963.116943359375,2254.407958984375,2377.80224609375,5837.7373046875,0
49146.3359375,2,2,2,28.2896728515625,0,0,0,0,0,0,26151.845703125,22589.646484375,21869.6640625,21603.763671875,22886.79296875,19996.060546875,1875.118896484375,2343.2919921875,1798.169677734375,1409.149169921875,1610.8095703125,2273.802001953125,0
268213.125,2,1,2,31.591833114624023,-2,-2,-2,-2,-2,-2,4306.6875,1755.9453125,3450.4296875,1724.984375,4009.28125,16502.306640625,943.88134765625,3343.383056640625,1626.490234375,1661.994873046875,9547.94140625,5400.826171875,0
131696.25,1,2,1,40.36037063598633,0,0,0,0,0,0,50413.265625,48158.59765625,37903.75,31385.822265625,15415.4765625,18478.712890625,2556.583251953125,2957.8037109375,1732.5966796875,1342.2900390625,545.79638671875,2166.762451171875,0
49773.0,2,2,2,30.87061882019043,0,0,0,0,0,0,33483.8359375,28917.890625,29331.45703125,26386.42578125,23517.70703125,18953.333984375,2331.64892578125,2664.76025390625,1927.93017578125,1194.874755859375,1291.252197265625,2324.49658203125,0
264039.0625,2,2,1,38.37797546386719,-1,-1,-1,0,0,0,15379.8671875,-2293.02734375,145835.453125,110883.296875,105905.296875,104583.3671875,6542.03466796875,79791.9609375,9567.6103515625,7005.3984375,6731.138671875,11243.6533203125,0
154479.5625,2,2,1,42.063560485839844,-1,-1,2,2,-1,-1,6631.171875,10522.078125,7071.69921875,3065.99609375,3413.40625,4394.51171875,7778.9716796875,2227.718994140625,1105.259765625,1498.448486328125,2322.13720703125,2985.642822265625,0
167494.609375,2,2,1,38.0609016418457,0,-1,0,0,-1,-1,11499.671875,3829.875,6467.07421875,2431.34375,1848.75390625,3507.12109375,1235.73828125,6746.1669921875,661.7607421875,1480.95263671875,1716.462646484375,3202.470703125,0
212608.34375,2,1,1,43.100528717041016,-2,-2,-2,-2,-2,-2,5145.6796875,4745.32421875,893.5625,675.66796875,1545.0,19160.515625,4050.92626953125,1405.33740234375,1999.88623046875,2983.349609375,9863.259765625,7127.771484375,0
86588.8046875,1,2,2,29.535085678100586,-1,-1,-1,-1,0,0,9720.40234375,3321.78515625,3372.17578125,10232.3125,3912.32421875,2489.44921875,2475.7158203125,1877.378173828125,7748.19921875,1618.187255859375,970.143798828125,2214.693359375,0
153545.828125,2,2,2,31.939697265625,0,0,2,2,2,2,127165.078125,132987.84375,110706.390625,103583.890625,100459.125,90055.171875,6620.4736328125,7029.060546875,5829.78173828125,5725.2255859375,5485.26318359375,7518.1318359375,0
237036.71875,2,2,2,29.584741592407227,0,0,0,0,0,0,60392.62109375,148037.21875,74239.15625,66365.59375,54348.4296875,49771.5234375,5580.24560546875,12914.283203125,6798.87890625,8406.4326171875,9889.443359375,6735.248046875,0
91726.0859375,2,2,1,44.37236785888672,0,0,0,0,0,0,131462.1875,72777.875,99948.359375,62645.8984375,44135.28125,52407.2734375,35912.328125,5031.2822265625,2909.634033203125,2745.908447265625,1980.810791015625,3465.69287109375,1
285704.90625,2,1,2,37.05418014526367,0,0,0,0,0,0,225327.046875,206325.65625,177509.203125,149414.359375,113462.375,109208.15625,11380.005859375,9483.794921875,7332.2158203125,10251.5849609375,9337.298828125,12189.9306640625,0
184541.34375,2,1,1,39.28928756713867,-1,-1,-1,-1,-1,-1,4624.671875,1211.6796875,810.1796875,793.52734375,4244.80078125,4713.578125,910.1923828125,1310.29052734375,864.05712890625,2306.688232421875,681.337646484375,3626.83642578125,0
199774.421875,2,1,2,37.408817291259766,-2,-2,-2,-2,-2,-2,9719.19921875,21975.5546875,9385.43359375,818.21875,1102.06640625,1853.10546875,22738.23828125,6748.44482421875,2821.73876953125,1578.951416015625,1616.614013671875,7406.93603515625,0
185307.09375,2,2,2,40.891700744628906,0,0,0,0,0,0,101268.65625,91196.6015625,94258.8125,74860.734375,74412.8515625,62965.66015625,4184.22265625,4250.7138671875,3559.42236328125,3252.674072265625,3228.843994140625,3635.35791015625,0
265210.28125,2,2,2,38.25010681152344,0,0,0,0,0,0,29302.73828125,42192.50390625,43168.91796875,24443.462890625,24886.62109375,18426.609375,10788.806640625,13348.2666015625,12512.650390625,5843.1181640625,6740.91796875,12644.162109375,0
220602.71875,2,2,1,38.28373336791992,0,0,0,0,-1,-1,56069.06640625,155926.03125,61859.12109375,35042.59765625,5582.87109375,4983.4921875,77768.90625,18095.2734375,3614.16357421875,3299.58935546875,2107.703369140625,10595.685546875,0
121686.625,1,2,2,30.32295036315918,0,0,0,0,-1,-1,36573.609375,37946.140625,19214.408203125,12206.853515625,3405.52734375,3229.10546875,2492.625,2271.63232421875,672.080078125,1941.34765625,554.61865234375,2382.738037109375,0
131727.984375,2,2,2,31.496719360351562,0,0,0,0,0,0,99415.609375,92700.2421875,91740.3671875,86555.1875,85676.7578125,83198.21875,4386.0771484375,4512.3134765625,3728.42626953125,3351.71875,3373.3896484375,5041.859375,0
81357.7734375,2,2,1,36.88071060180664,0,0,0,0,0,0,45062.12109375,40340.5703125,36907.9921875,30671.716796875,27801.603515625,26620.625,2551.9873046875,3071.83349609375,1906.415771484375,1515.63427734375,1594.691162109375,2323.87353515625,0
201642.203125,2,1,1,41.08335494995117,-1,-1,-1,-1,-2,-2,4976.3046875,1859.62109375,5893.94140625,1379.8125,1048.39453125,298.40234375,1328.03271484375,5922.0185546875,858.72216796875,650.36767578125,530.181640625,3041.667724609375,0
307765.875,2,1,1,32.43052673339844,0,0,0,0,0,0,38800.90625,29182.580078125,226423.296875,340715.46875,251469.234375,231184.875,7886.091796875,659988.25,19124.640625,12321.775390625,15513.486328125,20577.796875,0
166570.328125,2,2,2,30.730066299438477,0,0,0,0,2,2,51955.4609375,56048.45703125,52692.515625,47518.4296875,43469.89453125,45972.515625,2997.6201171875,3552.237060546875,3408.240234375,2690.012939453125,2971.519775390625,3699.55029296875,0
123876.109375,2,2,2,29.554418563842773,0,0,0,0,0,0,101544.2109375,94374.375,96764.71875,88320.875,88026.3125,84254.5234375,3965.198974609375,4292.45947265625,3668.0849609375,3328.906982421875,3367.42529296875,3698.322021484375,0
273381.40625,2,1,2,33.87815856933594,0,0,0,0,0,0,213821.765625,200434.4375,231542.359375,227297.875,213457.1875,221139.015625,17668.318359375,9518.83203125,10821.2275390625,10698.810546875,10531.337890625,9513.7265625,0
67003.109375,2,3,1,41.9337272644043,0,0,0,2,0,0,38050.671875,36796.171875,28749.525390625,27228.05859375,24480.697265625,21823.33984375,2583.860595703125,3272.417236328125,1850.9326171875,1366.958740234375,1553.224609375,2252.564453125,0
220942.796875,2,1,1,40.162879943847656,1,-1,-1,-1,-2,-1,5181.73828125,2407.29296875,1955.12890625,498.07421875,1343.71484375,3690.9140625,1460.64794921875,1752.00830078125,1011.986328125,622.63623046875,2380.18603515625,3984.8505859375,0
231357.828125,2,1,2,32.11524200439453,1,-2,-1,0,0,-2,4255.46484375,912.7734375,2741.86328125,3838.55078125,2138.53515625,110.87109375,589.0166015625,1396.6484375,558.958984375,524.16748046875,588.65771484375,4276.67578125,0
100895.640625,2,2,1,28.79218864440918,0,0,0,0,0,2,29580.974609375,42357.5859375,28184.57421875,29004.2109375,29995.984375,25560.34375,1979.8349609375,2434.010498046875,2090.109619140625,2242.138671875,1491.361572265625,2313.20556640625,0
30959.5,1,2,2,35.66178512573242,8,7,6,5,4,3,44027.7578125,36108.79296875,35058.51171875,27743.890625,25816.60546875,23285.3359375,2551.211181640625,2699.128173828125,2076.380126953125,1247.419189453125,1400.206298828125,1942.560546875,1
120065.09375,2,1,2,32.6396598815918,0,0,0,0,0,0,17544.17578125,11634.546875,12431.69140625,12953.033203125,13383.298828125,10748.75390625,2113.33056640625,4435.65771484375,2388.456787109375,1928.118896484375,2287.39892578125,8027.24072265625,0
244446.546875,2,1,2,32.825992584228516,0,0,0,0,0,0,142980.90625,135885.015625,137644.296875,117347.03125,111002.5625,103120.15625,6724.62646484375,6087.55419921875,4529.25439453125,4453.37451171875,5045.9228515625,5360.89697265625,0
176903.546875,2,2,2,40.39533233642578,-1,-1,-1,-2,-2,-2,4220.86328125,2422.2578125,809.5078125,956.2890625,1127.8046875,342.8515625,1679.18798828125,1093.4306640625,533.80517578125,589.32763671875,614.78076171875,1704.505615234375,0
404050.0,2,1,2,33.7112922668457,0,0,0,0,0,0,252683.28125,245385.484375,232325.171875,200060.796875,210824.9375,183837.765625,30099.47265625,28704.59765625,29312.73046875,24714.818359375,31006.166015625,36938.25,0
36243.1875,2,2,2,28.480615615844727,0,0,0,0,0,0,19716.48046875,17489.728515625,13872.40625,9415.05859375,7615.47265625,7998.236328125,1854.65673828125,1821.77978515625,1145.782958984375,1006.682861328125,964.96240234375,2238.041259765625,0
327077.4375,2,1,2,43.90080642700195,-1,-1,-1,-1,-1,-1,11322.2421875,7270.58984375,6896.2421875,12133.234375,8965.31640625,7529.224609375,12464.84765625,9567.1552734375,13907.693359375,8788.646484375,9274.94140625,12341.8876953125,0
156540.734375,2,2,1,38.88407516479492,2,2,2,2,2,2,8766.43359375,5006.65625,3895.0,4093.55078125,4765.8671875,5308.92578125,767.12255859375,819.68603515625,697.173828125,558.80126953125,443.51904296875,2913.89794921875,1
274760.5,2,2,1,31.629098892211914,0,0,0,0,0,0,179294.75,175530.53125,172779.265625,161421.203125,157414.9375,146866.109375,10613.55078125,9475.9716796875,7966.80029296875,8323.8173828125,8035.89453125,8514.7783203125,0
60506.515625,1,2,1,39.47801208496094,2,2,2,0,0,0,6282.9453125,6035.94921875,5001.4375,5343.24609375,6048.3515625,6827.7109375,864.001953125,1637.17626953125,965.33935546875,880.85205078125,874.4912109375,1961.473876953125,0
212355.890625,2,2,1,40.585731506347656,1,2,2,2,0,0,162257.296875,152910.53125,152338.546875,137831.703125,112076.453125,129869.1484375,6980.92138671875,6806.7783203125,7943.86669921875,7735.837890625,9244.3291015625,7190.75390625,1
161563.046875,2,1,2,31.86713218688965,0,0,0,0,0,0,15015.8046875,31699.13671875,22071.763671875,104436.484375,101567.90625,94909.171875,3028.151611328125,5630.84716796875,69481.2890625,6298.2978515625,6613.47314453125,6373.29052734375,0
241372.75,2,1,1,41.728172302246094,1,-2,-2,-2,-2,-2,4326.6875,668.5390625,336.81640625,460.69140625,856.31640625,132.63671875,1049.44677734375,4850.5341796875,1368.716796875,541.560546875,426.93359375,2615.0009765625,0
131666.21875,2,1,2,30.73038101196289,0,0,0,0,0,0,43179.23828125,38621.09375,39377.796875,35644.75390625,34931.25,30636.685546875,2801.962646484375,3205.7509765625,2377.67138671875,2446.152587890625,2144.2119140625,3391.4111328125,0
91360.2265625,2,3,1,41.78608703613281,1,2,0,0,0,0,42538.59375,44416.04296875,44811.9296875,46660.390625,43633.078125,43911.49609375,2415.776611328125,3048.385498046875,2238.23193359375,2482.687255859375,2479.05322265625,2461.193359375,0
183984.59375,2,1,2,31.195411682128906,-1,-1,-1,-1,0,-1,4662.10546875,1510.57421875,3776.7265625,6796.81640625,5541.328125,8796.431640625,1045.236328125,1617.19921875,1041.57470703125,811.861328125,1336.9033203125,3112.08349609375,0
474039.625,1,1,1,43.147335052490234,0,0,0,0,0,0,427721.25,407730.0625,414961.78125,274218.90625,246248.453125,157244.125,21815.48828125,16259.171875,12635.068359375,11239.626953125,13130.861328125,17258.49609375,0
208277.28125,2,1,2,32.4891242980957,-1,-1,-1,-2,-1,-1,15768.3828125,14877.2421875,3993.03125,1965.8046875,5523.0546875,6061.6640625,7962.54150390625,1760.0654296875,1661.25244140625,6555.43017578125,5010.70458984375,5841.85986328125,0
171069.75,2,2,2,41.53697204589844,0,0,0,2,0,0,24482.337890625,20786.083984375,21837.619140625,21876.2265625,21829.189453125,26474.67578125,2817.2890625,3254.522705078125,2517.515869140625,3544.513427734375,2729.948486328125,5187.7197265625,0
282528.5625,2,1,1,39.53404998779297,-1,-2,-1,-1,-2,-2,5874.40625,6126.01953125,5674.86328125,8690.66015625,8922.6484375,19523.916015625,6017.75830078125,4531.5322265625,11301.6591796875,3465.618408203125,18317.083984375,9382.013671875,0
92426.90625,2,2,2,30.72239875793457,1,2,0,0,0,2,29859.013671875,34662.33203125,50364.9375,50483.58203125,50124.0546875,45543.08984375,6039.7802734375,11875.6748046875,4280.146484375,7312.0400390625,3461.380615234375,4898.3759765625,0
124099.359375,2,2,1,41.90199279785156,0,0,0,0,0,0,74221.9921875,70531.28125,71240.9453125,66917.9765625,62443.5,61670.4765625,3494.65087890625,3587.105712890625,2990.00732421875,3000.777587890625,2936.725341796875,2778.067138671875,0
122507.59375,2,2,2,33.09667205810547,0,0,0,0,0,0,152074.09375,145612.453125,101573.2578125,83491.828125,38953.6484375,49661.1171875,5977.12158203125,6102.4130859375,2785.06787109375,3078.83056640625,2614.4345703125,6661.0595703125,0
225231.125,2,1,1,39.20175552368164,-2,-2,-2,-2,-2,-2,4159.3671875,731.58984375,491.5625,461.33203125,1088.05078125,-62.046875,630.115234375,798.11669921875,592.58056640625,548.0390625,363.85107421875,2158.23583984375,0
241744.25,2,2,1,40.371429443359375,0,0,0,0,0,0,16286.25,14837.0546875,19668.05859375,23764.609375,27711.505859375,26899.2265625,3757.1396484375,2995.56640625,3291.10888671875,4585.84423828125,4455.89306640625,3162.353515625,0
160751.984375,2,1,2,33.21950149536133,2,2,2,2,2,2,114290.125,110191.09375,108174.375,110603.71875,106082.421875,96939.3359375,6373.23095703125,6078.72265625,4284.76611328125,4983.1025390625,5034.0615234375,6263.19189453125,0
131421.546875,1,2,1,28.887086868286133,2,2,2,2,-1,0,8777.15234375,5379.79296875,4565.34375,3872.61328125,12723.76171875,6117.4765625,827.92236328125,1188.0068359375,1099.337890625,9920.63671875,7846.3583984375,2545.80419921875,1
113008.421875,2,2,2,37.23246383666992,0,0,0,0,0,0,101436.078125,95079.078125,100788.84375,94553.96875,95759.5625,90625.515625,3984.4580078125,4447.74560546875,3663.37890625,3345.789794921875,3459.5732421875,3644.4892578125,0
67312.8125,2,2,1,42.01140213012695,1,2,2,2,2,0,12873.75390625,15184.609375,18399.552734375,16008.501953125,16333.48828125,15792.927734375,1563.3662109375,1903.6826171875,1589.65966796875,1223.594970703125,1282.873779296875,2102.670654296875,1
282540.34375,2,1,2,33.923973083496094,0,0,0,0,-1,-1,48297.41796875,38387.36328125,28444.25,36561.23828125,46613.671875,52149.3671875,25686.10546875,9158.5107421875,10473.9140625,80232.796875,16410.86328125,25356.408203125,0
62734.6015625,2,2,1,39.6336555480957,0,0,0,2,0,0,9930.0390625,8195.23046875,7586.06640625,6625.25390625,6918.109375,6345.3671875,1440.00390625,1724.2021484375,1162.025146484375,977.622802734375,871.741943359375,1951.587890625,0
135009.640625,2,2,1,29.588542938232422,1,2,2,0,0,0,44376.1484375,39072.97265625,38682.9921875,35074.34375,33651.6171875,21894.537109375,4209.21923828125,5193.01123046875,4004.92041015625,2104.152099609375,2480.3798828125,3466.650634765625,1
79936.171875,2,2,2,36.903419494628906,0,0,0,0,0,0,43562.29296875,36916.58203125,29310.626953125,20853.029296875,13512.228515625,13045.47265625,2679.462890625,2242.95361328125,1433.050048828125,1153.889892578125,1200.53515625,2280.742919921875,0
154579.609375,2,1,2,31.34108543395996,0,0,-1,-1,-2,-2,24414.73828125,21371.912109375,3108.859375,53624.73828125,1090.6328125,-69.79296875,8505.16796875,12729.486328125,1746.322265625,5065.6181640625,2161.5625,9012.958984375,0
49505.0078125,2,2,2,28.178592681884766,0,0,0,0,0,0,11766.33203125,8066.65234375,5392.6328125,4801.078125,4394.296875,4711.40234375,1450.44287109375,1578.296875,498.76171875,425.2783203125,334.63427734375,1877.926025390625,0
95465.4765625,2,2,1,37.66889190673828,0,0,0,0,0,0,13239.0,8732.05859375,6976.83984375,5695.87890625,5848.609375,7336.587890625,1724.642822265625,2096.18408203125,1293.897705078125,878.0712890625,987.281982421875,4517.234375,0
508173.34375,2,1,1,40.749671936035156,0,0,0,0,0,0,488214.28125,495244.25,439228.9375,442052.96875,272959.9375,384146.59375,38520.03125,23629.08203125,73245.46875,25398.892578125,22409.87890625,32120.533203125,0
223304.1875,2,1,1,33.470733642578125,0,0,0,0,0,0,120593.171875,113625.390625,124038.828125,121231.0625,111702.84375,113030.0546875,6667.08935546875,6568.10693359375,5090.3544921875,4092.56884765625,4984.56298828125,7820.9072265625,0
152328.28125,2,1,2,31.64333152770996,0,0,0,0,0,0,85147.15625,80919.2421875,77421.6171875,70178.578125,63786.4375,67262.359375,4340.9462890625,4343.3427734375,3470.953125,3960.8125,2988.74169921875,5589.28955078125,0
77550.7734375,1,2,1,29.21535873413086,0,0,0,0,0,0,11166.99609375,8323.79296875,7366.06640625,7446.24609375,7149.203125,7861.22265625,1815.294189453125,1754.56103515625,1096.56005859375,992.379150390625,871.578857421875,1977.955322265625,0
165745.265625,2,2,1,41.645606994628906,0,0,0,0,0,0,95192.484375,87863.109375,89168.0703125,68300.9609375,63769.8359375,47537.25390625,4153.47314453125,4322.14697265625,3903.898193359375,2772.18505859375,2608.28369140625,4312.11279296875,0
170520.15625,2,2,2,29.470802307128906,0,0,0,0,2,0,94668.953125,88789.8359375,91982.09375,95700.703125,89945.5625,90037.515625,4348.55078125,4907.18505859375,4236.89306640625,3142.50048828125,3493.160400390625,3523.43798828125,0
27234.703125,2,2,2,28.33028221130371,0,0,0,0,0,2,9893.7109375,7368.71875,7726.81640625,7252.546875,8339.990234375,6428.5859375,1525.2744140625,1697.60546875,1049.21435546875,1460.77490234375,936.952392578125,2078.64306640625,0
84818.796875,2,1,2,31.119619369506836,0,0,0,0,0,0,21571.89453125,34187.47265625,20647.7734375,20601.3984375,11256.107421875,12853.662109375,2389.438232421875,2509.0625,2473.31494140625,1558.330322265625,1736.053466796875,3942.04638671875,0
214141.96875,2,1,1,40.01472473144531,-1,-1,-1,-1,-1,-1,4607.625,2616.0234375,679.09375,500.69140625,1024.8984375,56.0,1930.94677734375,1197.57275390625,841.65576171875,719.1396484375,693.97119140625,3528.39306640625,0
63603.1953125,1,2,2,31.06572723388672,0,0,0,0,2,0,49489.40234375,38608.40625,35434.86328125,24623.015625,18326.56640625,17394.44140625,2541.393798828125,2094.6845703125,2156.57421875,985.989013671875,1125.903076171875,2119.246337890625,0
277059.21875,2,1,2,31.402618408203125,0,0,0,0,0,0,103125.484375,85753.6640625,85449.078125,71108.25,72324.390625,70197.8359375,8253.5166015625,5124.1767578125,5704.9296875,6092.89453125,8501.3828125,6983.79296875,0
267652.875,2,2,1,37.90138626098633,0,0,0,0,0,0,157001.546875,166612.34375,155063.625,143669.8125,136322.5,133496.703125,23163.908203125,13932.962890625,25639.59765625,11187.40234375,12412.2578125,19580.88671875,0
40966.0,1,2,1,39.89287567138672,2,2,2,2,2,2,20426.951171875,19815.845703125,19583.591796875,19514.0234375,19262.26953125,18705.337890625,1579.908203125,1965.665771484375,1803.19482421875,1079.157958984375,1361.819091796875,1923.713134765625,1
270474.0,2,1,1,42.51798629760742,-1,-1,-1,-1,-1,-1,23052.955078125,31310.529296875,34970.23046875,31526.978515625,26539.25,24739.908203125,24637.47265625,25541.97265625,26711.80859375,17097.306640625,27706.908203125,26803.056640625,0
92014.0,2,2,2,36.633609771728516,0,0,0,0,0,0,16331.234375,13852.0078125,17311.470703125,16142.5546875,16596.130859375,17151.056640625,1687.100341796875,2122.36962890625,1593.052978515625,1181.06787109375,1444.258056640625,2207.2353515625,0
145769.984375,2,2,2,40.343448638916016,0,0,0,0,2,0,81733.53125,79753.6171875,72578.859375,65580.5390625,59181.03125,54882.02734375,4203.2373046875,4061.57177734375,3635.92138671875,2399.485107421875,2801.52490234375,3528.427734375,0
81601.0546875,2,2,1,36.808326721191406,0,0,0,0,0,0,29907.62109375,21500.771484375,20145.068359375,11957.0234375,12154.712890625,11207.8359375,2352.43505859375,1829.31982421875,1461.614990234375,1170.606689453125,1191.277099609375,2112.611328125,0
149761.09375,2,2,1,38.440818786621094,1,2,2,2,0,0,58465.37890625,60515.19140625,65274.03125,45266.55078125,30082.916015625,26945.9609375,13407.2734375,3592.953369140625,4640.71826171875,2763.205078125,1646.251708984375,5935.830078125,0
119543.96875,2,2,1,36.96133804321289,0,0,0,0,0,0,74684.875,62680.31640625,56394.33984375,40139.46484375,50837.84375,40045.4296875,4540.8349609375,4353.10546875,5314.3291015625,7123.77685546875,4946.80908203125,3954.32470703125,0
98165.4296875,1,2,2,29.99717903137207,1,2,0,0,0,0,7657.37109375,7702.5703125,8472.296875,8672.5234375,8783.140625,8104.853515625,1178.57666015625,1751.29541015625,1147.33935546875,1017.279052734375,1157.001953125,2132.506591796875,0
221612.71875,2,1,2,29.97879409790039,-1,-1,-1,-1,-1,-1,4810.9140625,3234.4296875,3002.2734375,5437.40625,2985.515625,2482.3046875,1644.384033203125,1773.94580078125,4735.2724609375,2535.160888671875,637.314453125,2789.519775390625,0
280681.1875,1,1,1,42.647430419921875,0,0,0,0,0,0,217425.796875,203656.484375,211895.09375,212731.9375,214473.703125,188872.546875,11522.591796875,12647.349609375,9150.994140625,9572.6806640625,12004.8095703125,12924.49609375,0
297632.40625,2,1,2,38.96390914916992,-2,-2,-1,-1,-1,-1,7294.0859375,5432.453125,7719.10546875,4215.62109375,3782.10546875,-25.6171875,4571.98583984375,6827.51611328125,2472.131591796875,4076.127197265625,3399.992431640625,4443.14990234375,0
277128.625,2,1,1,39.40412521362305,-2,-2,-2,-2,-2,-2,5085.55859375,6358.98828125,3827.18359375,3596.046875,3181.76171875,4155.515625,2851.729736328125,2613.657958984375,3651.4765625,3093.81396484375,2060.594970703125,5264.677734375,0
203074.25,1,2,2,29.572744369506836,-1,-1,-1,-1,-1,-1,4245.9140625,1217.82421875,808.76953125,943.71484375,1185.93359375,2182.23828125,731.9150390625,1065.96923828125,668.45703125,589.06689453125,518.02197265625,1747.8740234375,0
182249.28125,2,2,1,38.238162994384766,1,-2,-2,-2,-2,-2,4159.625,792.87109375,574.20703125,846.5390625,1098.09375,-31.96875,482.115234375,800.35498046875,471.82861328125,462.15966796875,303.84326171875,1621.974853515625,0
223743.8125,2,1,2,31.893600463867188,-1,-1,2,-1,-1,-1,14994.875,23310.333984375,9587.18359375,17753.2734375,16749.89453125,23358.984375,14130.83203125,4492.26171875,14236.0029296875,10318.3955078125,28458.22265625,16574.9921875,0
163703.890625,2,2,2,29.529502868652344,1,2,2,2,2,2,96619.203125,92442.265625,98456.75,96459.40625,97418.71875,90984.5546875,3892.16455078125,4299.666015625,3881.9462890625,2883.7333984375,3380.446044921875,3409.54443359375,1
142938.21875,2,2,1,29.522979736328125,0,0,0,0,0,0,74172.8203125,68830.546875,71561.65625,69367.140625,72154.1484375,70591.09375,3458.055419921875,3720.13037109375,3002.446533203125,3144.96435546875,3098.71240234375,2946.49169921875,0
128885.375,2,2,2,36.97996520996094,1,2,0,0,0,0,63724.1796875,53231.97265625,48034.890625,39747.2890625,26910.42578125,46028.36328125,4214.98828125,4321.61962890625,3880.34521484375,5927.32421875,6069.60400390625,6353.9228515625,1
185806.21875,2,2,1,40.63285446166992,-1,-1,-1,-1,0,0,5606.3515625,2387.1015625,968.70703125,4048.26171875,4373.78125,4555.046875,461.2451171875,1106.42724609375,1253.1123046875,444.45263671875,318.251953125,1940.560791015625,0
64346.6796875,2,1,2,36.3690185546875,0,0,0,0,0,0,7142.37109375,6809.28125,4837.2734375,18844.640625,8126.2734375,19627.98828125,2301.019287109375,3400.24609375,13223.162109375,3995.34228515625,7187.6298828125,7329.3017578125,0
169031.390625,2,2,1,42.2276496887207,1,-2,-2,-2,-2,-2,4105.80859375,785.94140625,534.21875,847.2578125,1103.953125,-57.5703125,477.943359375,751.62255859375,502.66748046875,454.857421875,297.61474609375,1571.32861328125,0
234900.3125,1,2,1,41.83538818359375,0,0,0,0,0,0,117744.78125,102936.078125,109635.7578125,103569.34375,92180.9765625,92144.75,6004.24609375,5725.75244140625,4745.89501953125,4999.93994140625,5770.82568359375,6995.35595703125,0
280941.03125,2,1,2,31.647472381591797,0,0,0,0,0,0,68991.5,62710.203125,62450.921875,63688.84765625,61435.25,62332.0546875,9492.28125,8787.62109375,7049.318359375,11870.041015625,13161.603515625,12005.357421875,0
157704.875,2,2,1,43.96419906616211,0,-1,-1,-1,-1,-1,13614.9296875,14974.59375,16208.609375,7776.77734375,13706.322265625,4120.51171875,4838.23193359375,6903.6455078125,2187.06396484375,11830.828125,2222.212890625,6154.24462890625,0
162117.734375,2,2,2,29.471630096435547,2,2,2,2,2,2,94599.46875,92096.5,96750.046875,96631.8984375,97270.1171875,93086.40625,3926.11767578125,4458.02783203125,3713.057373046875,2993.615478515625,3314.126953125,3635.76513671875,1
265304.625,2,1,1,40.970664978027344,-1,-1,-1,-1,-1,-1,7631.04296875,7915.37890625,6991.4609375,6374.72265625,4239.1953125,9262.44140625,8124.150390625,6197.91455078125,5810.3359375,4736.3232421875,6942.2763671875,5485.9111328125,0
250388.0625,2,2,2,30.357887268066406,0,0,0,0,0,0,23140.23828125,19057.83984375,20871.48046875,30752.51171875,21672.166015625,31774.724609375,5906.59375,5451.8349609375,18444.828125,11179.912109375,7510.2734375,8455.3955078125,0
64898.7890625,2,2,1,34.72154998779297,0,0,0,0,0,0,33842.4765625,31027.68359375,31624.45703125,30978.470703125,30361.78125,27455.84765625,2319.713623046875,2817.996337890625,2202.149169921875,1543.113525390625,1820.337646484375,2520.98486328125,0
181073.625,2,2,1,38.31951904296875,-1,-1,-1,-1,-1,-1,10784.66015625,2984.68359375,1761.48828125,2700.375,4442.171875,19380.0859375,4334.658203125,1628.55126953125,2206.81005859375,1704.5087890625,14445.123046875,5898.2626953125,0
95083.3984375,2,2,2,30.021305084228516,-1,-1,-1,-1,-1,-1,4414.19140625,2940.24609375,1781.1328125,1110.48828125,1291.44140625,2680.58984375,1481.00537109375,1261.76513671875,763.73486328125,639.51171875,1491.07666015625,2192.7275390625,0
273625.15625,2,2,2,32.150634765625,0,0,0,0,0,0,312881.875,261888.484375,223360.75,160630.078125,111875.03125,120058.3203125,11331.30078125,10436.9453125,5543.83837890625,6833.7763671875,7051.6064453125,10254.28515625,0
110498.1875,2,2,2,34.905269622802734,-2,-2,-2,-2,-2,-2,3906.73046875,1379.37109375,2107.22265625,974.1015625,1854.87109375,5043.0390625,484.89501953125,1132.3837890625,494.708984375,580.0302734375,3474.052490234375,1678.68310546875,0
185490.765625,2,1,2,32.10987091064453,1,-2,-2,-2,-2,-2,3865.859375,769.73828125,389.26171875,467.87890625,1093.07421875,-33.44140625,569.44970703125,799.41552734375,635.9111328125,566.92822265625,313.0634765625,2316.479248046875,0
68526.46875,1,2,1,29.363283157348633,1,2,0,0,0,0,46486.6171875,43709.6328125,39510.109375,31667.6484375,26035.93359375,21440.4375,2225.827880859375,3003.744140625,1846.39501953125,1347.78369140625,1557.11083984375,2376.216552734375,0
74966.6484375,2,2,1,37.661617279052734,1,2,0,0,0,0,15942.1171875,13787.671875,14870.197265625,13490.7734375,14973.978515625,14079.5546875,1646.71142578125,2153.05908203125,1635.725830078125,1277.095458984375,1273.474609375,2879.23583984375,1
58273.34375,2,2,2,33.755462646484375,0,0,0,0,0,0,15992.890625,14632.11328125,13043.41796875,11007.3203125,13591.35546875,9222.2734375,1989.704833984375,2211.246337890625,1865.471435546875,1235.7236328125,1611.344970703125,2449.927001953125,0
356497.3125,2,1,1,41.64780044555664,-2,-2,-1,0,0,0,13998.80078125,3931.90234375,38822.73828125,51111.69140625,50264.29296875,50031.109375,6412.6572265625,34154.08984375,13269.533203125,13868.9765625,12891.212890625,12709.88671875,0
188440.0625,2,2,1,31.44295310974121,0,0,0,0,0,2,77389.0,74314.6796875,77479.9609375,76052.5390625,75642.2578125,75219.4375,4081.2861328125,4213.6640625,3905.849365234375,2837.519775390625,3210.077880859375,3623.50927734375,0
240275.25,2,2,2,31.9547176361084,0,0,0,0,0,0,246590.28125,261736.515625,203163.28125,172430.5,126674.734375,113477.0546875,8696.052734375,8454.11328125,5507.51171875,3551.708984375,4698.4853515625,8338.09765625,0
15381.390625,2,2,2,27.96076774597168,0,0,0,0,2,2,9635.6875,8384.296875,9059.31640625,9512.83984375,8509.3125,6484.765625,1132.5185546875,1744.248046875,1722.676513671875,863.955810546875,920.659912109375,1922.334716796875,1
256389.0,2,1,1,36.288597106933594,0,0,0,0,0,0,162197.171875,167164.84375,162784.078125,164434.578125,159715.390625,164606.34375,9421.873046875,7451.95068359375,6693.06005859375,7307.76220703125,7505.2470703125,6229.666015625,1
336865.3125,2,2,1,31.914945602416992,0,0,0,0,0,0,244663.40625,236832.265625,232542.53125,209390.09375,196648.453125,180203.921875,11018.4677734375,9068.9990234375,8310.126953125,8853.318359375,7537.990234375,9267.55078125,0
490624.5,2,1,2,34.16366958618164,0,0,0,0,0,0,422059.125,403791.6875,389982.09375,342282.875,231624.796875,283645.375,28345.154296875,18022.76171875,24502.203125,20996.06640625,19687.607421875,22345.57421875,0
42343.3359375,1,2,1,42.588172912597656,0,0,0,0,0,0,22034.484375,18688.626953125,19232.21484375,17062.21875,10862.791015625,14230.193359375,2034.805419921875,1916.026611328125,1528.02294921875,1153.8212890625,199.81787109375,2146.6337890625,0
35042.78125,2,2,2,36.763092041015625,1,2,0,0,0,0,27760.06640625,27653.61328125,30273.623046875,29007.931640625,27787.783203125,26097.3359375,1826.263916015625,2370.15283203125,2042.261962890625,1501.138427734375,1521.383056640625,2346.76513671875,0
184881.65625,2,1,1,42.936466217041016,1,-1,-1,-1,-1,-1,4701.88671875,802.53515625,601.55078125,3155.87890625,2267.8359375,503.9296875,1058.837890625,1332.12158203125,1411.55859375,1620.602783203125,1498.79931640625,2352.000732421875,0
310661.46875,2,2,1,38.24756622314453,-1,-1,-1,-1,-1,-1,15004.22265625,16834.810546875,14063.5546875,14921.46875,8254.57421875,36099.8671875,19901.287109375,9654.076171875,12797.69921875,3662.81787109375,43732.00390625,14858.751953125,0
178896.203125,2,1,1,35.6892204284668,-1,-1,-1,-1,-1,-1,4679.6171875,3229.6796875,2415.8125,2451.4609375,1353.32421875,3296.09765625,2454.876220703125,1536.142578125,1499.838623046875,723.6689453125,1727.777099609375,2598.49755859375,0
31741.46875,2,2,2,28.866458892822266,0,0,0,0,0,-2,10823.77734375,6867.72265625,6928.08984375,5268.51171875,3154.19921875,318.2109375,1250.65087890625,1641.3330078125,1406.009765625,456.7158203125,343.8046875,1709.48193359375,0
106786.828125,2,2,2,28.92866325378418,-1,-1,-1,-1,-1,-2,4363.92578125,3174.0,2197.60546875,992.12109375,1123.1953125,153.7109375,2417.322509765625,1470.75390625,650.5654296875,591.68603515625,351.96142578125,1668.783203125,0
316682.59375,2,2,2,38.59357833862305,-2,-2,-2,-2,-2,-2,8399.96484375,10205.25390625,13676.75,15105.830078125,16558.201171875,11980.642578125,6879.2822265625,10836.35546875,8791.03515625,6743.12744140625,6987.3486328125,7579.7109375,0
76267.265625,2,2,1,29.201499938964844,0,0,0,0,0,0,26484.140625,24007.345703125,22694.783203125,22097.658203125,24413.76171875,23189.4296875,2334.118896484375,2337.30224609375,1972.1259765625,1420.181884765625,1649.2861328125,2412.986572265625,0
276721.40625,2,1,2,41.668025970458984,-2,-2,-2,-2,-2,-2,4621.98046875,-2905.734375,17336.46484375,240.1953125,997.8671875,3509.84765625,2249.135498046875,4887.34716796875,4756.7265625,2529.55126953125,1066.480224609375,12167.53125,0
246321.921875,2,1,1,31.95330238342285,-2,-2,-2,-2,-2,-2,3842.02734375,696.19921875,430.09375,451.1328125,1077.3515625,-67.1640625,660.4921875,821.37255859375,637.99462890625,571.8779296875,369.3212890625,2286.431884765625,0
170715.578125,2,2,1,35.76944351196289,0,0,0,0,0,0,94052.828125,76403.46875,49270.83203125,71654.84375,45785.01171875,45620.30859375,7080.97412109375,9499.701171875,15923.99609375,6797.9775390625,6674.8173828125,5816.0751953125,0
313050.5,2,1,1,38.61852264404297,-1,-1,-1,0,0,0,38718.51171875,50503.3125,170283.0625,129055.109375,108314.15625,100888.234375,70369.015625,78350.6015625,18382.68359375,9487.76953125,9578.919921875,20172.291015625,0
204667.375,2,1,2,31.169139862060547,-1,-1,-1,-1,-1,-1,4128.34375,1266.27734375,679.97265625,3284.40234375,2280.9375,790.03125,756.2666015625,1178.69775390625,1181.387451171875,482.248046875,498.248046875,2156.198486328125,0
209974.984375,1,2,1,29.74744415283203,-2,-2,-2,-2,-2,-2,4274.921875,1265.125,731.7890625,969.11328125,1167.95703125,2355.5234375,489.2138671875,919.6240234375,505.234375,467.73291015625,409.48046875,1749.366943359375,0
70626.6328125,2,2,1,39.82951354980469,0,0,0,0,0,2,20588.751953125,19071.48828125,20742.26171875,20967.837890625,23078.744140625,18696.388671875,1701.724365234375,2169.417724609375,1810.36083984375,1736.654541015625,1455.4716796875,2255.158935546875,1
109117.890625,2,2,2,32.516300201416016,0,0,0,0,0,0,115265.265625,125377.71875,56624.75,36963.046875,11229.45703125,12060.994140625,4968.4833984375,3969.3212890625,929.34375,1183.779052734375,1248.91357421875,4766.42529296875,0
25271.453125,2,2,2,30.14647674560547,0,0,0,0,0,0,15498.609375,12999.6328125,15394.6171875,13510.6640625,14561.462890625,12458.685546875,1685.353759765625,2315.88818359375,1624.43994140625,1165.449951171875,1218.835693359375,2275.55810546875,0
186213.21875,2,1,2,30.290908813476562,0,0,0,0,0,0,22360.509765625,36678.8046875,22271.546875,17286.771484375,17603.81640625,13949.974609375,2557.689453125,2324.66650390625,2278.7802734375,2619.34619140625,3180.23095703125,4163.255859375,0
134806.46875,2,2,1,40.039058685302734,0,0,0,0,0,-2,112936.765625,104117.6640625,71960.8515625,40806.23046875,18463.97265625,7282.982421875,4040.17822265625,3920.86767578125,2191.307861328125,520.0361328125,417.771484375,4544.2509765625,0
74848.671875,2,2,1,40.136287689208984,0,0,0,0,0,0,42522.25390625,38047.8203125,37505.75,28675.80859375,25434.5234375,24502.736328125,2512.7587890625,3133.363037109375,2099.14453125,1380.590576171875,1529.0615234375,2365.933349609375,0
75780.546875,2,2,1,30.871822357177734,0,0,0,0,0,0,32324.611328125,24593.65625,24220.26171875,18721.634765625,14551.275390625,17549.37890625,2919.564697265625,2010.285888671875,1918.96826171875,1267.675048828125,1156.05810546875,3726.64697265625,0
192689.5625,2,2,2,40.46115493774414,0,0,2,2,2,0,134528.65625,126384.2578125,127971.640625,133968.078125,130139.71875,142416.71875,7975.4287109375,8333.748046875,6194.53759765625,9454.42578125,6816.330078125,7834.34326171875,0
203154.6875,2,1,1,29.82756233215332,-1,2,-1,-1,-1,-1,5809.671875,2491.39453125,5598.1171875,1752.04296875,1332.16796875,2666.8984375,655.33544921875,1930.890380859375,483.29833984375,866.5615234375,1427.36865234375,2486.282958984375,0
43623.3671875,1,2,2,29.642414093017578,2,2,2,7,7,7,8285.09765625,2587.9609375,1233.58984375,3775.28515625,4081.53125,5323.484375,440.58935546875,732.0205078125,518.23193359375,252.10302734375,362.1435546875,1683.9208984375,1
328003.21875,2,1,1,39.42781448364258,-2,-2,-2,-2,-2,-2,13612.71875,11053.69140625,16233.3046875,10737.421875,11812.77734375,11241.580078125,16490.359375,9654.744140625,9114.34765625,11795.59375,11370.955078125,12919.98828125,0
311685.0625,2,2,1,38.55203628540039,0,0,0,0,0,0,226628.6875,214005.359375,224053.640625,209335.671875,196378.9375,177790.953125,10292.3349609375,8426.7890625,8022.8134765625,7761.78564453125,7150.912109375,8118.84912109375,0
178978.734375,2,1,1,39.956398010253906,1,-2,-2,-2,-2,-2,4408.5859375,553.1875,214.83203125,437.4296875,849.640625,-242.48046875,538.18017578125,1200.2783203125,889.58984375,625.48828125,545.00439453125,3838.53857421875,0
179903.765625,2,1,2,32.981666564941406,0,0,0,0,0,0,130954.53125,145667.875,106737.703125,83593.640625,81263.046875,77911.9609375,5065.75439453125,5601.83447265625,3627.859375,3442.6240234375,3265.07861328125,4848.82177734375,0
80984.3515625,2,2,1,37.08700942993164,0,0,0,0,0,0,40084.4296875,39981.74609375,28949.880859375,24530.759765625,20904.5078125,17942.341796875,2440.333984375,2600.295166015625,1840.504150390625,1086.2001953125,1204.931396484375,2276.326904296875,0
102386.875,2,2,2,30.58642578125,-1,-1,-1,0,0,0,10455.7890625,4886.5390625,41878.890625,43104.7734375,42564.1015625,42115.41796875,2348.75927734375,41498.8671875,6237.40185546875,3996.24609375,3767.849609375,4622.69970703125,0
184396.46875,2,1,2,34.75603103637695,1,-2,-2,-2,-2,-2,3702.75,810.7890625,550.8515625,870.3359375,1105.09375,-32.8828125,477.42041015625,749.5537109375,504.77392578125,451.32568359375,305.4833984375,1579.087646484375,0
181245.625,2,3,1,40.9001579284668,2,2,2,2,2,2,115631.203125,111419.421875,115318.96875,117624.328125,111297.28125,111142.78125,6011.673828125,6133.68017578125,4754.3203125,3151.733154296875,3918.371826171875,3929.236328125,1
48278.6953125,2,1,2,32.03105926513672,0,0,0,0,0,0,10503.25,7008.70703125,6196.58203125,5343.83984375,5206.80859375,7149.736328125,1462.275390625,1369.79541015625,1343.082275390625,634.11181640625,893.022705078125,2927.222900390625,1
246495.609375,2,1,2,30.90340232849121,1,-2,-2,-2,-2,-2,3613.8515625,836.4296875,493.33984375,866.47265625,1116.70703125,-24.16015625,502.96923828125,802.10498046875,611.27783203125,531.07568359375,291.06005859375,2022.294677734375,0
162973.953125,2,3,1,44.27195739746094,0,0,0,0,0,0,61367.42578125,62243.55859375,59436.8125,58867.07421875,60250.7578125,56634.359375,4455.80126953125,3502.53369140625,3374.872802734375,3452.0146484375,3016.2705078125,3096.52783203125,0
226782.4375,2,1,2,29.969966888427734,-1,-1,-1,-1,0,0,9764.01953125,9684.01953125,23773.810546875,97152.359375,89178.640625,86029.0,6790.685546875,15803.5322265625,82236.5546875,10695.822265625,7116.7578125,9512.8369140625,0
240643.25,2,1,2,31.564733505249023,0,0,0,0,0,0,45703.98828125,38881.48828125,46382.3515625,51174.39453125,53512.375,51326.41015625,5512.814453125,4995.38037109375,5416.99365234375,6288.4970703125,7230.48291015625,6530.07177734375,0
211576.078125,2,1,2,29.375669479370117,1,-2,-2,-2,-2,-2,4001.5546875,795.859375,509.00390625,868.59765625,1100.67578125,-38.26953125,479.44189453125,799.9619140625,512.48046875,457.92724609375,310.08740234375,1606.2880859375,0
206073.765625,2,2,1,38.98762512207031,-1,-1,-1,-1,-1,-1,4688.18359375,1962.06640625,2515.1953125,5749.2578125,1944.2734375,4036.64453125,1514.41455078125,1569.88916015625,6315.3037109375,1068.25,2117.341796875,3467.66748046875,0
107327.8125,1,3,1,41.58293914794922,1,-1,2,2,2,2,5977.515625,5780.203125,5103.8046875,4640.17578125,5109.14453125,5450.91015625,763.20263671875,1354.8671875,807.359375,517.62744140625,654.40283203125,1852.758544921875,0
119122.59375,2,2,2,30.563072204589844,0,0,0,0,0,0,32885.3203125,29916.44140625,26937.79296875,21124.181640625,15561.078125,13464.7890625,2447.5986328125,2297.887451171875,1987.752685546875,1096.921630859375,350.0947265625,2290.616943359375,0
363105.5625,2,2,1,41.1604118347168,0,0,0,0,-1,0,248812.296875,235160.53125,148231.203125,146803.28125,107899.359375,102148.921875,56508.3984375,29475.3984375,12538.8046875,174776.75,23028.572265625,18435.3046875,0
77484.1796875,1,2,2,30.23223876953125,0,0,0,0,0,0,20627.298828125,18273.724609375,19988.8828125,20038.123046875,18296.263671875,17504.904296875,1765.710205078125,2201.03271484375,1794.782958984375,1247.062255859375,1344.927490234375,2241.169921875,1
112788.5625,1,2,2,39.527732849121094,0,0,0,0,0,0,21463.5703125,18439.03515625,19443.244140625,17220.904296875,10878.525390625,14234.01953125,1691.73583984375,1947.5703125,1534.61083984375,1138.7802734375,209.24267578125,2179.98681640625,0
79063.8828125,1,2,1,34.00840759277344,0,0,0,0,2,2,15134.55078125,12784.0703125,15716.87890625,18162.126953125,18534.095703125,15461.396484375,2548.201416015625,2618.09765625,1754.77587890625,2717.114990234375,1471.2177734375,2432.406982421875,0
83547.015625,1,2,1,41.2087516784668,0,0,0,0,0,0,13723.60546875,11071.9765625,8306.19921875,8712.828125,10752.5546875,6422.76171875,1893.706298828125,2129.853271484375,1362.200927734375,2454.708984375,1401.680419921875,2504.816650390625,1
294933.96875,2,1,2,32.659088134765625,0,0,0,0,0,0,71827.3125,71773.3515625,71047.8828125,68932.625,69850.765625,61839.1015625,10926.1943359375,8082.8515625,10731.31640625,11849.8759765625,12092.4541015625,11598.8203125,0
14574.265625,1,2,2,30.2569580078125,2,2,2,2,4,3,18237.46875,16112.578125,17522.568359375,21140.732421875,18015.546875,15428.068359375,1941.13818359375,2148.362548828125,4358.35791015625,1228.123046875,1112.961669921875,2111.494873046875,1
106495.96875,2,1,2,30.065258026123047,0,0,0,0,0,2,53236.00390625,50915.03125,54471.5078125,55345.06640625,56067.953125,46734.09375,3302.578369140625,3435.281005859375,3359.781982421875,2554.456787109375,2659.2099609375,3251.5185546875,0
181304.703125,2,2,1,41.79734802246094,0,0,0,0,0,0,83297.9921875,94658.296875,110898.359375,102266.25,101969.8828125,90618.8359375,39000.51171875,13813.244140625,6046.23583984375,5058.166015625,4689.23193359375,7078.8486328125,0
175406.421875,2,2,1,37.48252487182617,0,-1,-1,-1,-1,-1,5865.44140625,2725.57421875,2295.83203125,1806.37109375,1191.1484375,2539.11328125,875.70751953125,1229.8681640625,1331.541259765625,633.90478515625,599.10302734375,2183.234130859375,0
192246.984375,2,2,2,42.555870056152344,-2,-2,-2,-2,-2,-2,4229.953125,796.44921875,535.62109375,855.828125,1107.36328125,-52.2890625,477.4873046875,797.1806640625,503.35400390625,450.41845703125,314.38623046875,1572.493408203125,0
79737.53125,1,2,2,30.576101303100586,0,0,0,0,0,0,20419.71875,22196.41796875,20600.3671875,20686.46484375,19339.01953125,17719.865234375,1772.29150390625,2118.57763671875,1819.685546875,1271.953125,1617.39501953125,2278.383056640625,0
296256.5625,2,1,1,33.108642578125,-2,-2,-2,-2,-2,-2,5574.203125,1618.92578125,3927.58203125,5206.87890625,3544.078125,1821.1171875,1479.24267578125,4545.521484375,5370.1240234375,4973.1552734375,3334.056396484375,4836.115234375,0
38853.9375,2,2,2,28.920446395874023,2,2,2,2,2,2,29914.353515625,29208.5234375,31082.0078125,31093.751953125,29704.47265625,25742.376953125,2210.41162109375,2362.0166015625,2146.7080078125,1358.5732421875,1609.137939453125,2337.564697265625,0
100646.53125,1,2,2,30.908239364624023,0,0,0,0,0,0,48112.1171875,46028.37890625,48657.70703125,47718.0234375,44032.03125,44190.4609375,2647.025634765625,3123.386962890625,2281.946533203125,2539.390625,2562.13916015625,2579.91015625,0
172098.15625,2,1,2,33.76332092285156,-1,-1,2,-1,2,-1,6387.3046875,2086.28515625,3898.6640625,1408.54296875,4271.7578125,5075.47265625,596.875,1817.240234375,907.55224609375,2727.443603515625,793.047119140625,6463.349609375,0
163236.71875,2,1,2,31.485458374023438,0,0,0,0,0,0,7191.46484375,5970.8046875,6123.171875,6240.20703125,8778.12890625,8988.3203125,1569.15576171875,2408.252685546875,1777.22265625,2619.911865234375,3547.10791015625,5295.98583984375,0
68446.75,1,2,2,29.842132568359375,-1,-1,-1,0,-1,-1,4656.5859375,6697.75,4756.796875,4510.91015625,2353.73046875,333.875,3897.99560546875,1699.82568359375,1095.474609375,485.6103515625,545.99755859375,2394.2998046875,0
222284.953125,2,1,1,30.766239166259766,-1,-1,-1,-1,-1,-1,5338.30078125,5816.43359375,4498.48046875,3652.6640625,5091.39453125,4189.68359375,4914.28369140625,3762.091552734375,3716.8642578125,3412.65283203125,2056.359375,3606.54345703125,0
102146.484375,2,3,1,41.563201904296875,0,0,0,0,0,0,61811.77734375,59877.9453125,60628.6875,58990.0625,27783.28125,47551.875,3366.761474609375,3104.306640625,2703.150390625,2730.589111328125,408.50732421875,2674.947998046875,0
139534.84375,2,2,1,36.467830657958984,0,0,0,0,0,-1,31829.30078125,29989.1875,16393.298828125,13100.822265625,5878.73046875,4532.27734375,3509.243408203125,2869.867919921875,2137.283447265625,1954.5888671875,1841.692138671875,2278.400634765625,0
299121.90625,2,1,2,31.562358856201172,0,0,0,0,0,0,197065.6875,196224.3125,190632.765625,191805.6875,193919.71875,183247.203125,10285.07421875,8784.8984375,9756.78515625,10905.013671875,10259.57421875,10462.45703125,0
370999.3125,2,1,2,39.846126556396484,-1,-1,-1,-1,-1,-1,18174.90234375,10999.15625,13043.828125,28053.95703125,32565.69921875,27465.552734375,20046.8671875,13646.353515625,35680.4375,21790.474609375,36469.0546875,25367.298828125,0
193386.265625,2,1,1,30.438350677490234,0,0,0,0,-1,0,22468.8359375,11645.19140625,9106.8671875,2524.640625,139948.34375,106082.078125,2362.213623046875,4201.0322265625,3394.625,102822.78125,4656.54150390625,6408.3330078125,0
335306.5,2,1,1,41.08442306518555,-1,-1,-1,-1,-1,2,24346.193359375,15852.4765625,16608.708984375,16295.193359375,67806.6796875,33370.24609375,19739.978515625,12808.103515625,7549.6787109375,63441.42578125,23258.77734375,21291.62109375,0
5577.28125,2,2,2,30.269210815429688,1,2,2,2,2,2,18105.20703125,15934.27734375,18463.076171875,18164.580078125,17696.087890625,15310.328125,1539.18408203125,1787.982421875,1878.953125,1002.07275390625,1013.05029296875,2012.927978515625,1
78502.5078125,1,2,2,31.090728759765625,1,2,0,0,0,0,49852.24609375,47671.421875,51858.21875,50279.203125,44971.0703125,46386.59375,2214.916015625,3081.806640625,2261.06787109375,2582.933837890625,2551.407958984375,2507.213134765625,1
115384.0234375,2,2,2,34.76869201660156,0,0,0,0,0,0,51335.953125,52302.5078125,41942.2265625,38659.7890625,30667.3046875,29286.720703125,9489.119140625,5002.54833984375,4404.42529296875,3398.345703125,3282.7685546875,5164.59716796875,0
227125.6875,2,1,2,32.65228271484375,0,0,0,0,0,0,32272.939453125,35476.84375,24760.537109375,19962.888671875,9067.90625,11722.96484375,6645.13671875,3275.61181640625,2709.59765625,3900.94775390625,8164.40625,9232.712890625,0
144031.296875,2,3,1,40.23845291137695,0,0,0,-1,-1,-1,38568.97265625,33247.5078125,19998.919921875,18832.640625,12775.583984375,6349.771484375,5192.53125,4416.32958984375,13867.13671875,4226.77392578125,3196.98974609375,4250.85986328125,0
118215.015625,2,1,2,31.626962661743164,0,0,0,0,0,0,45587.24609375,42689.0078125,38458.69140625,40321.34375,27583.40234375,26661.77734375,5390.69140625,6102.55029296875,5515.7783203125,3073.63232421875,2868.31103515625,6702.02099609375,0
252837.84375,2,1,2,31.666400909423828,-2,-2,-2,-2,-2,-2,4650.35546875,1511.390625,2553.61328125,2312.9921875,2963.1796875,5144.99609375,733.3427734375,1392.9365234375,1405.03955078125,2010.892333984375,2671.5361328125,3013.85595703125,0
83697.875,2,2,1,37.263736724853516,1,2,2,2,0,0,60114.84765625,59958.5390625,57512.140625,44874.36328125,40536.33984375,31841.162109375,3011.52734375,3071.568115234375,2620.28369140625,2280.50439453125,1820.251708984375,2577.016357421875,1
213503.828125,2,1,2,30.74970245361328,1,-2,-1,-2,-2,-2,4202.87890625,824.9921875,518.35546875,860.02734375,1099.54296875,-44.625,823.08447265625,1034.22021484375,616.365234375,537.96240234375,347.48876953125,2038.836669921875,0
215008.5625,2,1,2,42.07180404663086,-1,-1,-1,-1,-1,-1,4132.85546875,961.98828125,512.37890625,458.26953125,1061.7109375,212.25390625,903.1826171875,1172.8037109375,861.900390625,717.08837890625,575.427734375,3235.18408203125,0
216222.25,1,1,1,42.399967193603516,1,-1,-1,-1,-2,-1,5201.3125,1814.66015625,3401.484375,503.25390625,966.41796875,2243.59375,835.02880859375,5106.2998046875,1037.40283203125,644.98779296875,1718.332275390625,4342.61962890625,0
198557.546875,2,2,1,40.81982421875,-1,-1,-1,-1,-1,-1,4818.81640625,3299.296875,1287.0703125,863.63671875,1852.89453125,2976.53125,3710.6591796875,1333.52001953125,823.34033203125,1575.373291015625,1867.78466796875,2916.452880859375,0
169466.28125,1,2,1,29.03696632385254,0,0,0,0,0,0,54830.2265625,50304.66015625,50603.4609375,34299.3828125,29177.59375,19361.41796875,4048.9072265625,3921.71533203125,4384.13623046875,3141.359619140625,5328.71484375,2477.760009765625,0
119538.3515625,2,2,2,28.66691780090332,0,0,0,0,0,0,36930.1796875,34343.25,34700.09765625,32766.4609375,35260.7421875,31302.62890625,2416.872314453125,3333.34423828125,2201.904052734375,2486.895263671875,2211.54052734375,3410.06494140625,0
159901.5,2,1,2,29.667869567871094,-1,-1,-2,-2,-1,-2,3838.3359375,1017.57421875,865.84765625,978.48828125,1946.4765625,4925.765625,731.1591796875,974.85791015625,494.76025390625,545.6357421875,3316.94482421875,1876.632568359375,0
198477.875,2,1,2,32.330448150634766,-1,-1,-1,-1,-1,-1,4627.33203125,2828.14453125,2627.8515625,1158.62109375,2987.90234375,3261.83203125,1630.34423828125,1586.00634765625,944.72705078125,2402.65673828125,1739.78955078125,3072.96044921875,0
102399.6171875,2,3,1,40.175880432128906,0,0,0,0,2,2,26141.650390625,25326.39453125,27571.599609375,26978.76953125,26090.5703125,22812.484375,1871.397705078125,2461.95068359375,2284.408203125,1249.6708984375,1398.8046875,2232.579345703125,1
273605.40625,2,1,1,37.58403396606445,2,0,0,0,0,0,213376.40625,216497.9375,219788.875,238832.703125,234493.21875,254511.390625,11219.2861328125,11938.359375,10767.388671875,13940.970703125,9426.40234375,14562.04296875,1
273268.125,2,1,2,33.13138198852539,0,0,0,0,0,0,184958.125,179692.625,166972.4375,167842.1875,158748.1875,157599.765625,10105.337890625,7799.97900390625,6573.61279296875,7277.30712890625,7349.32421875,6540.8798828125,0
86752.9609375,1,2,1,40.349857330322266,0,0,0,0,0,0,51879.90625,49684.81640625,54873.26953125,32120.67578125,33527.75390625,21220.150390625,2560.969970703125,3100.091552734375,3042.7998046875,1222.35302734375,1343.01123046875,2354.424560546875,0
207505.03125,2,1,1,43.49254608154297,1,-2,-2,-2,-2,-2,3783.7578125,602.09375,338.10546875,549.08984375,1033.140625,-64.12109375,569.37646484375,801.650390625,634.64990234375,572.05615234375,363.07958984375,3085.394775390625,0
72154.1328125,2,3,1,42.028324127197266,0,0,0,0,0,0,66639.65625,59849.046875,46040.56640625,37222.0546875,26556.75,26985.234375,3398.412109375,3081.85546875,1735.689697265625,1413.22802734375,1585.568115234375,2384.911865234375,0
279606.5625,2,2,2,38.08135223388672,0,0,0,0,0,0,226617.90625,221252.953125,208667.234375,205112.484375,172429.453125,177607.484375,10082.12890625,8177.064453125,7086.4501953125,8762.3662109375,8465.810546875,7962.50537109375,0
112260.796875,2,2,2,39.93568801879883,0,0,2,0,0,0,32590.123046875,29004.33984375,27796.29296875,27874.3984375,16040.47265625,23967.15625,2591.393310546875,2221.654296875,1918.282958984375,1516.015625,323.54345703125,2233.387451171875,0
300377.8125,2,2,2,38.67414855957031,0,0,0,0,0,0,180900.40625,168412.0625,180415.21875,184791.09375,187775.8125,190351.625,10385.54296875,9957.2587890625,7781.11328125,11504.216796875,9187.470703125,10193.2568359375,0
107195.328125,2,2,2,30.693096160888672,0,0,0,0,0,0,28990.53125,24033.8984375,27180.345703125,26377.048828125,24519.5078125,25641.99609375,2081.80615234375,2389.200927734375,2132.172607421875,1540.101806640625,1515.354736328125,2441.04833984375,0
98566.1953125,1,2,1,31.02764892578125,0,0,0,0,0,0,51831.15625,51134.73046875,46644.79296875,35951.72265625,32673.646484375,29093.69921875,2578.0654296875,3080.894287109375,2224.529541015625,1543.299560546875,1734.93505859375,2442.09423828125,0
87086.5390625,1,2,1,30.962522506713867,0,0,0,0,0,0,96977.109375,48707.13671875,51067.8828125,26059.744140625,8887.62890625,8578.453125,26101.541015625,3092.7958984375,793.77978515625,974.78369140625,988.81689453125,2392.798583984375,0
81502.453125,1,2,1,29.17754364013672,1,2,2,2,0,0,16954.1796875,18172.080078125,21395.572265625,20045.216796875,21307.37890625,19254.974609375,1568.76123046875,2900.40673828125,1844.24169921875,1292.16748046875,1733.2255859375,2369.4912109375,0
123652.015625,2,1,1,31.30843734741211,0,0,0,-2,-2,-2,13601.3046875,10805.85546875,2319.10546875,1014.94921875,1119.15234375,110.4296875,1752.058837890625,806.22119140625,666.59228515625,582.55712890625,383.75146484375,2480.900146484375,0
163340.859375,2,1,1,40.55254364013672,-1,-1,-1,2,0,-1,4512.3359375,4113.734375,1347.2734375,3903.87890625,2263.76953125,787.8828125,863.1826171875,826.966796875,849.3662109375,354.85009765625,578.9345703125,2332.7216796875,0
113347.5546875,1,2,1,28.15459442138672,0,0,0,0,-2,-2,11450.83203125,6742.5234375,5693.12890625,2660.99609375,1116.64453125,214.9453125,1332.10888671875,1641.49755859375,373.13916015625,1417.085205078125,410.9091796875,8636.076171875,0
197725.609375,2,1,1,39.22276306152344,1,-2,-2,-2,-2,-2,4505.84765625,451.65625,-653.25390625,565.47265625,881.63671875,1757.76171875,597.0849609375,3003.7880859375,1011.56640625,660.1728515625,2015.046630859375,6837.1455078125,0
249136.25,2,1,1,38.465431213378906,-1,-1,-1,-1,2,0,7434.640625,5127.76953125,9366.63671875,21847.05078125,10508.712890625,19918.435546875,4848.9462890625,6123.24267578125,14298.74609375,4149.99560546875,7392.7099609375,6321.09619140625,0
46375.5078125,1,3,1,44.669769287109375,1,2,0,0,0,0,7531.80859375,6949.9921875,8201.65625,7372.14453125,7664.353515625,6535.376953125,1042.31640625,1785.41455078125,1061.9697265625,989.696044921875,997.56640625,1958.763427734375,0
460157.09375,2,1,1,34.559749603271484,-1,-1,-1,-1,-1,-1,35544.796875,160712.125,41937.484375,127985.0625,200870.140625,157347.828125,48301.91796875,37669.6171875,186344.71875,52838.1796875,118112.875,43539.953125,0
140605.71875,1,2,2,29.87240982055664,0,0,-1,-1,-1,-1,10726.5,5928.6484375,4387.64453125,1207.4765625,1340.5390625,2957.93359375,1335.53662109375,3456.83642578125,819.9541015625,629.4287109375,1712.13916015625,2400.362548828125,0
183611.765625,2,2,1,37.23667907714844,0,0,0,0,0,0,116403.03125,114350.5,114347.421875,114190.515625,113094.640625,111534.890625,4776.73681640625,5199.134765625,4439.625,3894.17626953125,4776.4931640625,3860.9404296875,0
81166.6875,2,2,2,39.96784210205078,0,0,0,0,0,0,15084.2734375,14076.0546875,13696.265625,13213.896484375,14000.830078125,11591.447265625,1695.053466796875,2090.217041015625,1525.052734375,1170.74658203125,1209.853515625,2083.275634765625,0
242340.09375,2,1,1,31.848066329956055,-1,-1,0,0,0,0,46824.14453125,98780.1875,47017.1875,60338.69140625,12594.162109375,8397.361328125,94192.1328125,19355.84765625,13495.849609375,4778.57373046875,4687.22900390625,9259.986328125,0
258737.40625,2,1,2,31.340524673461914,0,0,0,0,0,0,185723.84375,178069.921875,182418.125,186921.46875,190869.84375,171694.78125,8933.591796875,8541.208984375,7604.21240234375,8367.359375,6661.35986328125,6185.86083984375,0
173845.46875,2,2,1,38.94792175292969,0,0,0,-2,-2,-2,11897.6796875,9592.5078125,1608.921875,767.71875,1017.0625,-19.70703125,1446.42919921875,872.12451171875,719.10107421875,610.8427734375,449.60546875,3538.01611328125,0
192265.984375,2,1,1,44.79171371459961,-1,-1,-1,-1,-1,-1,5572.375,6234.98046875,3223.29296875,3246.69140625,990.41796875,2217.51171875,6224.97607421875,3064.457275390625,3835.705322265625,889.312744140625,823.681640625,5394.16064453125,0
141455.625,1,2,1,34.536842346191406,-1,2,-1,0,0,-1,5707.01171875,2285.27734375,4662.13671875,4242.99609375,2404.09375,2671.7109375,514.6904296875,1579.44873046875,390.06689453125,435.5380859375,1586.377685546875,1758.67724609375,0
244963.6875,2,1,1,42.224388122558594,1,-1,-2,-1,-1,-1,5183.23046875,889.234375,859.5078125,6466.23046875,8172.337890625,7760.8671875,1005.44677734375,7746.7294921875,5174.38037109375,6578.876953125,1781.488037109375,5278.6279296875,0
234691.96875,2,1,1,34.69218444824219,-1,-1,-1,-1,-1,0,18189.1796875,23613.03125,10794.5703125,3154.5859375,18182.6328125,11282.15234375,40330.1640625,8761.078125,2464.942138671875,20509.65234375,3465.71142578125,15060.55078125,0
270521.6875,2,1,2,30.96710968017578,0,0,0,0,0,0,38090.91796875,38665.84375,34235.45703125,33094.07421875,29879.73828125,31939.48046875,9733.1044921875,6753.6953125,6734.71435546875,8206.77734375,7118.50390625,10464.3642578125,0
209954.609375,2,1,1,40.97937774658203,-1,-1,-1,-1,-1,-1,9641.89453125,6698.38671875,6609.37890625,18749.294921875,10561.171875,1684.55859375,6828.01318359375,5186.96923828125,27178.70703125,2929.9501953125,2301.834228515625,10684.8515625,0
129895.4453125,2,2,1,29.642391204833984,2,2,2,2,2,2,58732.91796875,59063.63671875,60373.1796875,59023.1796875,59094.37109375,55209.390625,3247.056396484375,3189.179931640625,2729.604248046875,2330.533935546875,2759.25830078125,3072.55810546875,1
169016.796875,2,1,1,42.75003433227539,1,-2,-2,-2,-1,-1,4145.89453125,824.33203125,545.94140625,587.55078125,1114.359375,-69.66015625,631.484375,825.28515625,570.49609375,646.9482421875,457.771484375,2078.100830078125,0
58224.640625,2,3,1,43.02166748046875,0,0,0,0,0,0,48123.32421875,46754.6015625,48156.1796875,47700.09765625,44555.43359375,43060.84765625,2571.381591796875,3073.17333984375,2223.00390625,2480.50244140625,2443.614990234375,2505.35595703125,0
226139.21875,2,1,1,41.37896728515625,1,-2,-1,-1,-2,-1,4205.63671875,1134.7265625,623.43359375,467.78125,1164.8515625,2161.70703125,642.6435546875,1089.3173828125,796.75341796875,557.88037109375,508.14794921875,2277.119384765625,0
141646.265625,2,2,2,40.06766128540039,1,2,2,0,0,0,93992.3515625,79706.734375,57601.2734375,38782.0703125,17140.357421875,18238.837890625,6664.939453125,6216.27734375,3701.42822265625,3455.58349609375,1806.944580078125,4924.0458984375,0
487558.21875,2,1,2,35.51942825317383,0,0,0,0,0,0,425657.875,413293.5625,427395.21875,378445.125,366047.09375,353322.53125,21224.91796875,16212.314453125,17688.087890625,15888.1171875,14875.7734375,18859.384765625,0
292947.0625,2,1,1,32.74278259277344,0,0,0,0,0,0,92779.890625,90272.390625,79548.125,80145.421875,132480.96875,133533.59375,10512.6162109375,10828.841796875,11396.74609375,34490.8359375,14528.376953125,14860.521484375,0
173762.53125,2,2,2,31.721269607543945,0,0,0,0,0,0,116432.140625,111588.28125,109681.8515625,106684.84375,99988.9140625,100216.0234375,4660.619140625,4709.033203125,3935.2421875,5236.185546875,4794.23046875,3921.31494140625,0
296124.5,2,1,1,39.55009841918945,-1,-1,-1,-1,-1,-1,7914.78125,12569.796875,9559.3203125,15199.283203125,10876.162109375,10802.484375,7708.927734375,10121.9169921875,11479.826171875,6812.3984375,7125.798828125,10990.2587890625,0
116119.1171875,2,2,2,37.130619049072266,1,2,0,0,-2,-2,6434.60546875,15061.4375,6027.97265625,1895.9921875,1180.65234375,60.5859375,1087.60888671875,1477.36328125,380.80322265625,468.36279296875,311.49951171875,1782.449462890625,0
109092.53125,2,2,1,41.44036865234375,0,0,0,0,0,0,13559.7890625,9483.08984375,9865.1171875,8709.49609375,4641.640625,3750.48828125,1559.00927734375,2008.443359375,1140.099853515625,900.301025390625,1717.0107421875,2353.967041015625,0
371641.03125,1,1,1,34.585060119628906,2,2,2,2,2,2,296221.1875,297670.5,300872.28125,289913.84375,287120.5625,230957.59375,12155.96484375,34146.96875,20355.6875,11866.451171875,16640.673828125,14652.953125,1
202790.875,2,2,2,38.39543914794922,0,0,0,0,0,0,134346.359375,131302.859375,132359.078125,124674.953125,126623.0625,117007.625,5694.16259765625,6292.798828125,4944.04736328125,4421.00537109375,5237.01904296875,4467.85595703125,0
271670.0,2,1,2,31.28801727294922,0,0,0,0,0,0,131814.890625,140299.890625,131292.640625,129855.59375,127049.5,117789.2578125,8450.1318359375,7009.61181640625,4891.94775390625,5102.91064453125,5682.02001953125,5815.7216796875,0
136458.65625,2,2,1,36.932376861572266,0,0,0,0,0,0,66177.90625,62908.6796875,62560.640625,62318.125,62558.0234375,60058.8125,3569.89208984375,3426.078125,2969.806396484375,3411.07470703125,3821.656494140625,2986.179931640625,0
90191.28125,2,2,2,29.335338592529297,1,2,0,0,0,0,70994.453125,72254.5078125,74091.5390625,73812.78125,74313.359375,71508.265625,3257.557861328125,3838.617431640625,3166.6591796875,3152.18603515625,3084.9677734375,3191.52490234375,0
309666.53125,2,1,1,33.1107063293457,-2,-2,-2,-2,-2,-2,10611.37109375,618.8125,-9.01171875,-4260.12890625,53085.125,14573.28125,2670.791015625,4541.99560546875,5019.11328125,4792.6005859375,6780.279296875,11280.62109375,0
115034.96875,2,2,2,29.216541290283203,0,0,0,0,0,0,42256.3828125,33702.7421875,26818.26953125,33219.80859375,76697.34375,55806.92578125,3416.86083984375,5347.947265625,3846.0517578125,49600.73046875,6072.3125,5515.3447265625,0
213584.4375,2,1,1,32.76758575439453,-1,-1,-1,-2,-1,-1,4968.640625,2501.13671875,632.0859375,504.6953125,848.91015625,-272.43359375,2852.388916015625,1568.36669921875,866.9501953125,764.841064453125,756.72119140625,4363.1162109375,0
217484.609375,2,1,1,40.01310729980469,-1,-1,-2,-2,-2,-2,4252.28515625,1677.390625,531.40234375,442.32421875,835.9453125,-8.39453125,1015.79443359375,1307.3056640625,899.810546875,643.345703125,641.013671875,4174.9462890625,0
144705.25,2,2,1,37.55156326293945,-1,-1,-1,-1,-1,-1,4267.765625,4174.296875,1555.11328125,1209.28125,3710.875,5361.8671875,745.91357421875,806.4541015625,666.73193359375,2122.098388671875,448.736328125,1931.504150390625,0
119644.09375,2,2,1,31.312633514404297,0,0,0,0,0,0,82368.109375,77107.25,77612.8125,57937.796875,57653.2890625,43572.69921875,3936.891845703125,3866.0546875,3195.189453125,2606.997314453125,2519.872802734375,3085.802001953125,0
481723.21875,2,2,1,39.80155563354492,0,0,0,0,0,0,426732.5,424513.6875,444853.375,383441.875,358425.53125,362209.5625,21534.599609375,17096.666015625,16721.587890625,20365.390625,16346.599609375,19998.484375,0
182623.96875,2,1,1,33.14360809326172,-1,-1,-1,-1,-1,-2,4467.890625,596.4375,531.5390625,667.37109375,980.85546875,-18.6796875,915.08984375,1124.4345703125,1650.216064453125,713.20654296875,498.9873046875,3789.931640625,0
95189.2109375,2,2,2,29.19498062133789,0,0,0,0,0,0,59565.2109375,59114.86328125,56380.73828125,42849.17578125,37657.36328125,30290.68359375,3242.500244140625,3241.3388671875,2583.69287109375,1566.64306640625,1601.859619140625,2657.8330078125,0
318932.125,2,2,1,37.64598846435547,-2,-2,-2,-2,-2,-2,8811.0859375,7818.05859375,7945.453125,12442.83984375,17502.154296875,8088.18359375,3507.60546875,8933.90234375,8322.9482421875,12901.57421875,8672.7890625,4425.0673828125,0
210067.984375,2,2,1,38.37401580810547,-2,-2,-2,-2,-2,-2,3917.7421875,876.9140625,815.82421875,3330.203125,1145.6171875,-7.20703125,676.2822265625,868.63134765625,3288.5771484375,572.24365234375,453.9326171875,2283.6396484375,0
160724.96875,2,2,2,35.959129333496094,2,2,2,2,2,0,146038.109375,138381.53125,125423.234375,126911.9375,104532.015625,102989.203125,6467.59423828125,6587.24365234375,3878.45458984375,3289.44921875,4619.27587890625,4242.0849609375,1
90058.109375,1,2,2,28.094205856323242,0,0,0,0,0,0,15111.72265625,12113.37109375,12618.3515625,6531.9921875,6901.80859375,9155.943359375,1707.00927734375,2101.53759765625,1222.40283203125,725.66943359375,893.47900390625,2227.84619140625,0
81283.515625,2,2,1,29.177671432495117,0,0,0,0,0,0,25614.763671875,23031.041015625,21901.65625,22645.2734375,23606.2890625,20417.12890625,1875.852783203125,2451.534423828125,1936.2890625,1398.13232421875,1619.31298828125,2413.530029296875,0
87867.4296875,1,2,1,34.542724609375,0,0,0,0,0,0,27199.9765625,37287.36328125,25448.9609375,35015.921875,26634.748046875,25457.41015625,1938.25048828125,11879.560546875,1786.47412109375,1466.562744140625,1639.564697265625,2458.54638671875,0
105462.078125,1,2,2,27.99295425415039,-1,2,2,0,0,0,16545.0234375,23066.37890625,10893.80078125,8860.81640625,8905.814453125,10239.3984375,17488.787109375,2708.6796875,2041.767333984375,2987.04150390625,4520.91064453125,4355.76513671875,1
109775.0546875,2,2,2,28.55270767211914,0,0,0,0,0,0,19178.111328125,22588.224609375,14057.59765625,11060.45703125,7367.076171875,5146.9609375,1842.681396484375,1962.260986328125,1342.499267578125,872.648681640625,372.05615234375,2273.227783203125,0
200051.375,2,2,1,38.07795715332031,0,0,0,0,0,0,115318.25,106714.09375,109806.6171875,113182.9375,108329.59375,103158.984375,5372.07177734375,5342.2119140625,4277.63037109375,3936.474609375,4725.25390625,6051.5986328125,0
345258.40625,2,1,2,32.93631362915039,0,0,0,0,0,0,229015.109375,336188.75,228333.125,208222.6875,179272.828125,188576.40625,10878.666015625,10367.666015625,10056.958984375,14501.5703125,7243.59716796875,18060.423828125,0
89480.7421875,2,2,2,29.289796829223633,1,2,0,0,0,0,70805.46875,70740.5703125,71489.5,68401.34375,71748.90625,67026.8359375,3435.400390625,3585.321044921875,3142.276123046875,3743.42919921875,3051.859375,2969.677734375,0
65305.7109375,1,2,1,30.778270721435547,0,0,0,0,0,0,22398.642578125,24866.18359375,20871.939453125,19216.662109375,17872.994140625,16912.794921875,1736.115966796875,2213.53125,1637.622802734375,1147.71630859375,1144.1982421875,2230.218505859375,0
161640.515625,2,1,2,29.883325576782227,1,-2,-2,-2,-2,-2,3933.5,894.3828125,535.78125,885.40234375,1102.73046875,-1.5390625,475.02099609375,799.9619140625,488.27294921875,457.92724609375,307.33447265625,1664.829833984375,0
106857.53125,2,2,2,28.57970428466797,0,0,0,0,0,-1,21009.755859375,17584.51171875,19600.59765625,11651.134765625,18215.23046875,13574.31640625,3034.030517578125,2706.056640625,3036.32373046875,5724.50830078125,2555.563232421875,3126.25341796875,0
104718.328125,2,3,1,29.204952239990234,0,0,0,0,0,0,65882.453125,57480.5,52030.61328125,33196.7421875,32203.73828125,31403.23828125,3429.072998046875,3216.935302734375,2143.973876953125,2240.896484375,1965.8251953125,3028.95361328125,0
244374.5,2,1,1,33.14519500732422,0,0,0,0,0,0,142678.03125,107625.09375,99590.109375,142083.0625,156440.375,145317.953125,9774.6083984375,16895.58203125,95415.3046875,10922.783203125,9866.134765625,8370.51171875,0
75026.203125,1,2,1,39.93503189086914,2,2,2,2,0,0,14875.29296875,14101.296875,19298.240234375,16776.775390625,17303.771484375,16494.94921875,2182.83837890625,2599.056884765625,1541.930419921875,1186.1181640625,1242.476318359375,2492.89453125,1
211895.953125,2,2,1,34.78498840332031,-1,-1,-1,-1,-1,-1,4891.8671875,3807.0234375,6741.4375,4634.3203125,3597.04296875,5329.8984375,4042.202392578125,3944.245849609375,852.962890625,2701.04541015625,3575.39990234375,2648.04248046875,0
156096.28125,2,1,1,43.27784729003906,-1,-1,-1,-1,-1,-2,9797.6953125,5638.8203125,1023.0625,696.3203125,886.6875,-362.5703125,4835.4443359375,1647.79638671875,1136.494873046875,857.422119140625,775.35400390625,5453.39794921875,1
40181.75,2,2,2,29.113706588745117,0,0,0,0,0,0,51789.015625,49157.69921875,45943.5546875,37134.19921875,31412.689453125,28126.1484375,2715.303955078125,3069.8955078125,2215.046875,1525.683837890625,1606.4677734375,2403.057861328125,0
72658.75,2,2,1,40.0558967590332,1,2,2,2,2,0,26736.08203125,25857.3203125,28477.244140625,28076.203125,27627.71875,25397.3125,1871.263916015625,2428.18505859375,1973.507080078125,1287.46923828125,1546.150146484375,2201.80322265625,1
205601.234375,2,1,2,29.974628448486328,-1,-1,-1,-1,-1,-1,7613.49609375,4352.3828125,3906.75390625,1861.84765625,2075.328125,6041.421875,3790.7041015625,4533.083984375,1455.8310546875,920.570068359375,4658.9482421875,2862.22607421875,1
190579.703125,2,2,1,38.93101119995117,-1,-1,-1,-1,-1,-1,10914.1484375,1747.515625,3158.12109375,2295.41796875,1499.41796875,1009.421875,1003.40283203125,2320.18115234375,1778.104736328125,1390.690673828125,887.132080078125,4605.2548828125,0
155549.625,2,1,2,39.5157470703125,1,-1,-1,-2,-2,-2,5083.9609375,4640.234375,456.6875,489.89453125,976.6875,-92.140625,4355.42236328125,1158.0,707.9765625,620.671875,627.0751953125,3747.619873046875,0
79741.28125,1,2,1,36.6562614440918,0,0,0,0,0,0,19507.484375,17125.81640625,19154.755859375,17189.400390625,16959.916015625,16357.025390625,1769.317138671875,2039.12890625,1540.61669921875,1172.00341796875,1199.867919921875,2103.207275390625,0
68295.1640625,1,2,2,30.872451782226562,0,0,0,0,0,0,32129.69921875,29504.412109375,24965.45703125,22142.828125,18960.71484375,16953.447265625,2261.578857421875,2320.454833984375,1488.23486328125,1136.916259765625,1172.111083984375,2168.489990234375,0
221327.84375,2,1,2,32.388031005859375,-1,-1,-1,-1,-1,-1,4385.61328125,1100.015625,455.7890625,482.70703125,1074.54296875,669.234375,905.43359375,1179.76513671875,841.82958984375,719.44580078125,582.80224609375,2883.798095703125,0
110199.0625,2,1,2,31.698646545410156,0,0,0,0,0,0,32214.021484375,27019.1484375,29823.287109375,44166.22265625,27592.46875,48244.12109375,2339.638671875,2453.08251953125,2121.142333984375,15983.599609375,1675.446044921875,3234.409423828125,0
265460.5,2,1,1,43.07955551147461,-2,-2,-2,-2,-2,-2,5901.51953125,3145.73046875,4564.19140625,6234.2734375,4220.140625,4718.1875,3023.665283203125,2537.73876953125,7140.5400390625,4609.6845703125,3963.880859375,5360.380859375,0
32760.703125,2,2,2,29.776525497436523,0,0,0,0,0,0,21551.490234375,20043.998046875,20797.208984375,20296.609375,19751.3671875,18392.041015625,1680.518798828125,2213.159912109375,1755.580810546875,1386.378173828125,1543.525634765625,2265.637939453125,0
59725.3828125,2,1,2,29.780075073242188,0,0,0,0,0,0,14937.59765625,8835.19921875,8418.23046875,26810.66796875,15749.759765625,13192.71875,2913.00537109375,5921.28759765625,25538.59765625,3357.2607421875,1983.7890625,5772.20166015625,0
40974.2421875,2,2,2,29.47679901123047,0,0,0,0,0,0,51973.21875,49340.50390625,35932.65625,32354.2109375,19211.98046875,18835.12890625,2841.182861328125,3043.26904296875,1402.585693359375,1239.232666015625,1342.461669921875,2249.52587890625,0
176463.734375,2,2,1,40.45032501220703,1,2,0,0,0,0,92174.921875,84476.359375,88420.515625,98723.828125,102980.140625,99503.40625,4856.15234375,5084.56103515625,6418.77392578125,5319.1396484375,7627.45947265625,4544.4482421875,1
382567.96875,2,1,2,32.66610336303711,0,0,0,0,0,0,325016.75,314757.375,319596.46875,291565.65625,314147.1875,267479.0625,14681.650390625,10245.4755859375,15875.849609375,13442.404296875,13611.3671875,14444.3125,0
213024.09375,2,1,1,31.746301651000977,-1,2,-2,-1,0,-1,11273.6328125,1737.73828125,1016.94140625,4918.69140625,2390.046875,3375.0,649.96826171875,983.001953125,1947.257568359375,588.7978515625,1757.802001953125,3181.541015625,0
238613.28125,2,1,1,39.433746337890625,-2,-2,-2,-2,-2,-2,5690.3046875,2685.84375,6348.0078125,3276.79296875,2656.05078125,5089.66796875,2452.6513671875,2666.772705078125,3105.819091796875,2084.505859375,4026.251953125,7737.015625,0
123935.1171875,1,2,1,39.72529983520508,0,0,0,0,0,0,49718.9375,42975.33203125,26859.5,24132.212890625,6865.234375,6710.1796875,2861.561767578125,3384.20947265625,1108.49755859375,1110.69677734375,723.92138671875,3317.164794921875,0
80856.7421875,1,2,1,40.340946197509766,0,0,0,0,0,0,49887.171875,46463.05859375,33910.61328125,26597.775390625,16552.431640625,15459.92578125,2574.212646484375,3034.072021484375,1338.8671875,1141.60595703125,1216.719970703125,2175.33935546875,0
216595.9375,2,2,1,40.91458511352539,0,0,0,2,2,2,142132.703125,135286.5,144627.53125,133164.625,136518.890625,129027.4140625,8495.6083984375,6068.7802734375,7095.2783203125,5827.9111328125,6942.47607421875,5961.25244140625,1
135286.359375,2,2,1,37.88991165161133,-1,2,2,-2,-2,-2,5942.44140625,4485.24609375,1261.65234375,889.4140625,1101.4609375,-2.2421875,701.064453125,651.25244140625,521.84228515625,474.5029296875,318.4716796875,1679.09130859375,0
185481.484375,2,2,1,42.20805358886719,-1,-1,-1,-1,-1,-1,8062.5859375,3003.4140625,4072.88671875,13824.57421875,9159.90234375,2183.0859375,1383.6142578125,2640.87548828125,22052.16796875,3915.0341796875,2703.18359375,2954.30615234375,0
203073.4375,2,1,2,31.68459129333496,0,0,0,0,0,0,153121.609375,161117.34375,127518.6875,108335.3046875,87567.4609375,82056.515625,5904.58984375,5727.6162109375,3666.67236328125,4181.8173828125,4366.87451171875,5998.14697265625,0
224559.90625,2,1,2,31.74346160888672,-1,-1,-1,-1,-1,-2,8643.36328125,7112.9921875,1676.8203125,960.3984375,1114.89453125,34.7421875,12061.70703125,1316.56884765625,1501.373779296875,868.423095703125,817.830322265625,4357.75390625,0
251199.203125,2,1,1,39.219669342041016,-2,-2,-2,-2,-2,-2,3912.2109375,732.65234375,491.5625,455.515625,1088.73828125,-58.90625,633.40283203125,819.076171875,592.58056640625,553.87451171875,366.12939453125,2166.623291015625,0
144206.34375,2,2,1,36.981746673583984,0,0,0,0,0,0,78163.015625,58274.2890625,58326.83203125,36473.34765625,35041.078125,33383.56640625,3713.189453125,3253.879150390625,2122.70947265625,2229.992919921875,2273.121826171875,2866.4677734375,0
101596.953125,2,2,1,37.16537094116211,0,0,0,0,0,0,35173.37890625,34394.390625,35524.66796875,32759.880859375,35278.64453125,31300.9140625,2710.14306640625,3216.386962890625,2306.64453125,2409.7763671875,2134.462890625,3040.639404296875,0
182560.84375,2,1,1,42.618553161621094,-1,-1,-1,-1,-1,-1,5209.39453125,5687.3046875,3679.265625,1622.65625,1451.43359375,2855.73046875,5131.396484375,3296.8671875,1300.966064453125,1087.43017578125,1747.32080078125,4304.7158203125,0
168962.40625,2,2,1,41.946617126464844,0,0,0,0,0,0,133976.703125,133067.515625,124155.265625,117504.9375,104117.1484375,102110.375,5479.9169921875,6060.9580078125,4297.2822265625,3941.485107421875,4565.8623046875,4117.94384765625,0
90872.4375,2,3,1,37.20661544799805,0,0,0,0,0,0,94789.3984375,35408.67578125,58785.4296875,20865.408203125,19413.080078125,18731.033203125,25535.8203125,2087.225830078125,1606.62744140625,1282.3984375,1548.785400390625,2661.65283203125,0
154731.921875,2,2,2,40.80998992919922,0,0,0,0,0,0,81694.875,94061.171875,68392.0234375,62348.64453125,62206.578125,59645.78125,4127.5556640625,3729.148681640625,2973.966552734375,4021.5068359375,6694.775390625,6137.10205078125,0
116400.84375,2,2,1,38.14353942871094,1,2,0,0,0,0,36639.84375,32302.765625,35196.17578125,34700.9375,36614.13671875,34688.47265625,2352.65673828125,3168.621826171875,2283.568359375,2884.9287109375,1962.4697265625,3917.55859375,1
243912.171875,2,1,2,32.447784423828125,0,0,0,0,0,0,161948.484375,161970.125,156926.5,129881.484375,115116.84375,111637.140625,7406.951171875,5992.458984375,4501.6669921875,4002.89208984375,4783.2763671875,5192.57373046875,0
197419.40625,2,1,1,41.06626510620117,-1,-1,-1,-1,-1,-1,4932.64453125,3605.40625,3968.8828125,672.26171875,1610.4453125,4157.9375,3637.935546875,3253.165771484375,806.1669921875,933.07421875,2605.7451171875,3375.42919921875,0
61972.484375,2,2,2,28.75031852722168,0,0,0,0,-2,-2,19714.330078125,12453.7109375,9496.609375,3820.87890625,1162.53515625,401.84765625,1812.60205078125,1576.33984375,380.2841796875,467.85400390625,316.69873046875,1755.97705078125,0
158561.5625,2,2,1,39.61407470703125,0,0,0,-1,-1,-1,21272.408203125,33850.859375,10709.3359375,8191.26953125,1552.26953125,1603.44140625,2842.724365234375,2556.049560546875,874.71142578125,2135.566650390625,1951.794189453125,2160.7119140625,0
255228.9375,2,1,1,32.24732971191406,-1,-1,-1,-1,-1,-1,4837.13671875,2702.60546875,1264.9609375,814.51953125,3580.44921875,14420.357421875,1855.1240234375,1624.53955078125,1454.3984375,2771.892333984375,11795.90234375,6153.61376953125,0
187568.765625,2,1,1,39.607940673828125,-2,-2,-2,-2,-2,-2,4108.5703125,793.84765625,519.3671875,805.078125,1100.92578125,-58.64453125,603.236328125,820.95068359375,844.32373046875,540.48779296875,342.734375,2037.718994140625,0
169013.4375,2,2,1,36.6935920715332,0,0,0,0,0,0,115020.3046875,125290.5859375,109542.0,106804.640625,108112.890625,103029.2421875,5066.0322265625,4839.185546875,4204.63671875,3726.095458984375,4562.03173828125,5669.552734375,0
49377.5390625,1,2,2,30.299259185791016,0,0,0,0,0,0,21642.28125,19312.96484375,29174.1953125,19040.791015625,25073.6015625,17903.001953125,1674.660400390625,2064.705322265625,10826.9580078125,1094.644775390625,1243.90283203125,2195.836669921875,0
179752.265625,2,1,2,32.549930572509766,-2,-2,-2,-2,-2,-2,3854.1796875,601.69140625,292.00390625,476.859375,916.06640625,-97.3671875,620.63623046875,920.59423828125,696.01220703125,591.8125,593.01904296875,3737.228515625,0
133454.75,2,1,2,32.0898323059082,0,0,0,0,0,0,32662.833984375,25545.33203125,28041.953125,26309.267578125,27617.3828125,24599.8515625,3881.5869140625,4244.42138671875,3425.30029296875,4068.358154296875,5894.42041015625,7681.232421875,0
133944.171875,2,2,1,44.2159538269043,0,0,0,0,0,0,45061.3671875,43712.109375,42187.35546875,40754.65625,39718.7578125,38152.11328125,2653.5234375,3151.81640625,2210.790283203125,2486.181396484375,2216.07958984375,2671.28466796875,0
64469.640625,2,2,2,30.710355758666992,0,0,0,0,0,-1,43074.97265625,43010.83203125,20853.470703125,5960.98046875,2588.515625,1575.87890625,2604.778076171875,1182.8623046875,354.119140625,434.4814453125,464.6767578125,2881.0361328125,0
25827.9375,2,2,2,30.283409118652344,1,2,0,0,0,0,16872.15625,17078.6953125,19651.69140625,17912.666015625,17671.595703125,16958.19140625,1491.2568359375,2008.900634765625,1529.328857421875,1152.45068359375,1161.349853515625,2088.7275390625,0
194496.1875,2,2,2,29.439369201660156,-1,-1,-1,-1,-1,-1,6324.2421875,2707.31640625,2136.55859375,4262.9375,10257.529296875,22916.953125,2459.794677734375,3290.4091796875,4209.783203125,5043.93408203125,41761.0234375,6014.76025390625,0
207940.140625,2,1,2,30.950180053710938,0,0,0,-2,-2,-1,6047.203125,6764.98046875,1738.96484375,1013.66796875,1873.640625,5706.75,1477.36669921875,938.080078125,751.0068359375,1735.38818359375,4415.833984375,2188.208984375,0
83071.125,2,2,1,40.92428970336914,0,0,0,0,0,0,12547.46875,9813.19921875,13323.17578125,14398.634765625,15226.26171875,15395.81640625,1928.780517578125,2869.9794921875,1753.86083984375,1230.44970703125,1506.804931640625,2304.52783203125,0
66956.0390625,2,2,2,29.270179748535156,0,0,0,-2,-2,-1,42972.9140625,27406.51953125,17209.81640625,1944.66015625,1456.55078125,2892.61328125,2600.127685546875,463.2314453125,493.4853515625,459.103515625,347.75830078125,1786.775634765625,0
138859.578125,2,2,1,41.97843551635742,1,2,2,2,0,-1,6630.6328125,3378.5078125,9580.1328125,5803.41015625,4144.125,20632.19140625,2170.80224609375,5528.46630859375,1704.407958984375,1508.90087890625,20342.8359375,6336.0166015625,0
190647.046875,2,1,1,39.590293884277344,1,-2,-2,-1,-1,-1,4650.32421875,815.73828125,648.28125,3028.41796875,996.2265625,-132.20703125,714.90771484375,1400.9365234375,3838.913330078125,818.5498046875,821.67138671875,4655.43408203125,0
101182.6640625,2,2,2,29.652904510498047,0,0,0,0,0,0,93174.0625,88446.671875,80145.3046875,76641.53125,69931.890625,65518.015625,3543.6796875,4084.86376953125,2952.12451171875,3103.2890625,3011.618896484375,3298.34423828125,1
252389.5,1,1,1,43.434104919433594,-1,-1,-1,-1,-1,-1,9949.66015625,7717.69921875,3862.9296875,1741.68359375,8011.310546875,19208.39453125,11959.30859375,6573.0703125,2686.5341796875,6469.28564453125,14392.091796875,13477.912109375,0
86515.3125,2,2,2,29.489723205566406,1,-1,-1,-2,-2,-1,4433.3828125,927.21875,568.765625,883.67578125,1135.55859375,670.26171875,710.39892578125,1028.39892578125,470.5869140625,451.326171875,448.279296875,1624.541748046875,0
218389.703125,2,2,2,29.80962371826172,0,0,0,0,0,0,95279.375,86650.203125,90308.953125,88367.484375,89416.71875,84307.78125,4605.5908203125,4655.361328125,3765.81494140625,3356.7216796875,3452.11669921875,4229.3486328125,0
269473.71875,2,1,2,39.90510559082031,-2,-2,-2,-2,-2,-2,7873.00390625,6855.09375,2645.890625,11716.943359375,4730.8046875,108.5703125,5806.017578125,2355.4013671875,12114.3203125,1423.93896484375,1818.422607421875,7090.63427734375,0
204368.328125,2,2,1,38.72265625,-2,-2,-2,-2,-2,-2,4315.70703125,1374.07421875,808.4140625,919.8828125,1142.21875,842.73046875,524.595703125,986.6201171875,618.1083984375,540.8935546875,391.5126953125,2354.093505859375,0
81794.6875,1,2,2,38.97990036010742,0,0,0,2,0,0,10660.73828125,7192.70703125,10182.55859375,8018.19140625,7891.322265625,7989.564453125,1206.1669921875,2568.181396484375,1252.474853515625,1028.07080078125,974.168701171875,2270.890869140625,0
80299.71875,2,2,1,41.500553131103516,0,0,0,0,0,-2,47186.1953125,42265.2578125,37586.31640625,18469.998046875,13875.189453125,3538.234375,2658.168212890625,2883.989501953125,2108.594970703125,350.23583984375,405.30126953125,2124.187255859375,0
68035.25,1,2,1,36.6756706237793,0,0,0,0,0,0,16289.0703125,13785.359375,15402.26171875,14241.337890625,15086.75,13880.86328125,1603.975341796875,2095.697265625,1534.244140625,1170.649658203125,1120.88818359375,2149.01708984375,0
96383.9296875,2,2,2,43.721527099609375,0,0,0,2,0,0,21751.169921875,19287.484375,20469.044921875,18774.77734375,13402.419921875,15929.0234375,2306.240966796875,2524.316650390625,2407.0732421875,2576.6376953125,3115.91552734375,2203.934326171875,0
154110.390625,2,1,2,30.348642349243164,-1,-1,2,2,0,0,14713.38671875,16872.58984375,24842.203125,9469.07421875,15637.326171875,7311.6953125,11096.3798828125,1904.92236328125,9219.2294921875,715.275390625,308.51611328125,3248.31201171875,0
95392.6875,2,2,1,44.12144470214844,1,2,2,-2,-2,-2,9863.91015625,6687.1796875,3245.00390625,1165.5703125,1156.7109375,113.49609375,1436.50244140625,577.49462890625,463.1591796875,459.75390625,254.97265625,1629.47021484375,0
134468.5,2,2,1,38.44562911987305,2,-1,2,-1,-1,-1,5979.16015625,5787.94140625,1734.7109375,1390.1953125,4640.30078125,5604.92578125,810.376953125,969.396484375,922.89599609375,2080.5517578125,534.35009765625,2901.301025390625,0
37971.1328125,2,2,2,30.228076934814453,0,0,0,0,0,-1,20799.78515625,30420.6796875,11816.18359375,6818.37109375,2342.2734375,1189.5859375,1871.34326171875,1926.984375,964.24609375,712.53515625,551.296875,2726.177734375,0
65451.3828125,2,2,2,36.597503662109375,1,2,0,0,0,2,8442.078125,5918.265625,5543.83984375,5214.453125,5638.96875,5386.4140625,697.11181640625,1622.88671875,1337.998291015625,1222.3984375,796.511962890625,2081.311279296875,1
268437.25,2,1,2,32.94175720214844,0,0,0,0,0,0,195912.71875,196326.984375,167725.15625,144140.828125,115354.234375,91989.703125,8508.40625,8155.2978515625,5406.5576171875,5099.07958984375,5383.1787109375,7687.73388671875,0
298214.5625,1,1,1,44.57462692260742,0,0,0,0,0,2,282354.1875,250768.984375,262721.125,255025.671875,267231.25,221629.171875,11024.296875,10844.119140625,13034.728515625,10154.7041015625,11331.697265625,9718.80078125,0
82833.1953125,2,2,2,36.91313171386719,0,0,0,0,0,0,51941.25390625,50321.953125,47200.390625,40157.80078125,35656.98828125,36170.89453125,2738.39404296875,3129.329345703125,2266.855224609375,2463.436767578125,2054.71435546875,2571.782470703125,0
100341.3359375,2,2,1,36.9332389831543,1,2,2,0,0,0,8735.765625,7393.18359375,4603.73828125,5109.6015625,5133.109375,5623.75390625,1080.91357421875,1583.47607421875,920.62255859375,986.417724609375,834.868896484375,2031.50732421875,1
166733.984375,2,1,1,32.34102249145508,-1,-1,-1,-1,-1,-1,4767.484375,1217.00390625,4103.2265625,1261.3984375,3159.80859375,4440.12109375,869.9228515625,1262.34912109375,583.65576171875,1583.86328125,578.74658203125,3949.733154296875,0
271267.125,2,2,1,38.16014862060547,0,0,0,0,0,-1,59196.203125,128202.390625,46152.19140625,16171.314453125,12136.060546875,12790.56640625,7938.1123046875,3738.576171875,3770.60693359375,8632.001953125,8818.69921875,9617.107421875,0
134915.21875,2,1,2,33.084407806396484,0,0,0,0,2,0,48364.8828125,42236.76953125,45482.34375,38112.9140625,30354.759765625,31379.75,3847.75634765625,6448.41845703125,4275.8095703125,3135.67236328125,3348.6875,9606.439453125,0
67463.53125,1,2,1,28.63473129272461,1,2,2,2,2,0,18296.86328125,15350.3125,18035.833984375,17640.1953125,17695.283203125,16517.169921875,1627.506103515625,1891.03369140625,1598.276611328125,1036.3271484375,1206.82177734375,2079.7158203125,1
179823.078125,2,1,2,32.56443405151367,-1,-1,-1,-1,-1,-1,6185.328125,2972.84765625,1955.421875,2113.1328125,1297.328125,1450.8203125,2518.20361328125,2811.6650390625,2616.371337890625,2256.054931640625,3107.68798828125,2998.169921875,0
340662.3125,2,1,1,39.80111312866211,-2,-2,-2,-2,-2,-2,8144.23828125,5248.00390625,2143.9921875,8279.26953125,8923.65234375,4462.296875,5663.6826171875,3380.156005859375,8053.35693359375,8401.6240234375,7366.814453125,6036.572265625,0
325858.0,2,1,1,40.237510681152344,-1,-1,-1,-1,-1,-1,16877.70703125,25086.998046875,16436.93359375,10589.515625,11510.7890625,8330.71484375,16431.740234375,11595.193359375,9930.6474609375,12299.890625,7774.837890625,15350.74609375,0
407763.8125,2,1,2,34.029293060302734,0,0,0,0,0,0,421473.6875,339314.8125,363937.90625,279858.5,206976.71875,235635.5625,18515.37890625,18506.5390625,14932.751953125,17707.107421875,11593.9521484375,17852.318359375,0
216027.171875,2,2,1,31.814634323120117,0,0,0,0,0,0,130668.90625,129268.3984375,129151.71875,125907.734375,126616.625,117866.6953125,5548.984375,5948.3779296875,4746.435546875,4905.94775390625,5236.87890625,4507.6005859375,0
266904.59375,2,2,1,38.15920639038086,0,0,0,0,0,0,162426.078125,163815.890625,156651.09375,141133.46875,126556.34375,122694.5,7381.20947265625,6016.78369140625,4513.5712890625,4260.13525390625,5182.48291015625,5522.79443359375,0
47321.0703125,2,2,2,29.08555793762207,0,0,0,2,2,2,20946.947265625,17077.765625,17178.20703125,10217.50390625,11000.953125,8760.833984375,2072.757080078125,1838.57421875,1595.59765625,844.450439453125,861.470703125,2152.963134765625,0
76548.9140625,2,3,1,41.335941314697266,0,0,0,0,0,0,30615.65625,26130.30078125,16620.326171875,14999.080078125,6767.8046875,5373.4375,2179.320556640625,2180.580078125,917.0234375,450.46044921875,352.19384765625,1947.379150390625,0
103650.203125,1,2,2,29.386951446533203,2,2,2,2,2,2,6039.9453125,5875.8515625,6794.29296875,5273.14453125,5610.6796875,5672.98828125,929.91015625,1647.56396484375,1136.664306640625,1958.379638671875,1447.61376953125,2041.00830078125,1
198603.125,2,1,2,31.010845184326172,1,-1,-1,-1,-1,-1,5141.5703125,3517.9921875,3604.21484375,3322.01171875,3361.5078125,4205.6953125,2943.223876953125,2730.258056640625,3012.07470703125,2501.544921875,2568.04736328125,3232.03369140625,0
61028.0546875,2,2,2,28.52669906616211,0,0,0,0,-1,-1,14314.35546875,10749.26953125,6968.08984375,6594.9921875,2526.37109375,3564.29296875,1646.4765625,2072.965087890625,662.8603515625,481.0498046875,1663.14404296875,2235.510498046875,0
141742.140625,2,2,2,40.990055084228516,0,0,0,0,0,-1,12337.2109375,10239.03125,11582.3125,4824.40625,9868.7578125,20091.080078125,2851.96923828125,3527.400146484375,3787.42138671875,4492.205078125,20650.828125,9726.90625,0
91398.7578125,2,2,2,29.211105346679688,0,0,0,2,0,2,21605.18359375,19434.880859375,14667.5625,12948.87109375,10585.740234375,79356.234375,2645.967041015625,3380.234130859375,3068.278076171875,1862.84228515625,74952.53125,6089.32080078125,1
230697.046875,2,1,1,32.44366455078125,1,-2,-1,0,0,0,10261.609375,1808.92578125,40671.41796875,41157.43359375,36429.99609375,42001.9296875,2516.14208984375,27920.390625,6722.6767578125,4522.12646484375,3467.0634765625,6344.05615234375,0
116847.6640625,1,2,1,30.46077537536621,0,0,0,0,0,0,31238.384765625,39856.953125,30070.81640625,28719.740234375,27728.37109375,26054.12890625,2004.70654296875,2373.449462890625,1872.395751953125,1500.429931640625,1615.64306640625,2306.689697265625,0
229433.890625,2,1,1,32.448692321777344,-1,-1,-1,-1,-1,-1,4608.70703125,1914.828125,3314.88671875,911.2421875,3533.6640625,2941.80078125,1204.5830078125,2966.224609375,1351.53759765625,3646.0947265625,3061.767822265625,4577.900390625,0
56317.4453125,1,2,2,31.435651779174805,0,0,0,0,0,0,50105.86328125,46917.484375,35471.90625,28705.82421875,18604.732421875,17675.060546875,2494.60009765625,3002.48291015625,1322.034423828125,1132.573974609375,1137.177001953125,2236.57177734375,0
205673.625,2,1,2,38.52914810180664,-1,-1,-1,-1,-1,-1,9214.5,5822.41796875,18560.037109375,14288.4921875,4064.8203125,4634.328125,4103.6669921875,27400.1484375,6990.98828125,2536.517333984375,948.931640625,5112.53369140625,0
110186.9375,1,2,1,35.61256408691406,0,0,0,0,-1,0,54163.12109375,46205.703125,27464.337890625,16654.908203125,36413.6484375,12494.611328125,3324.363525390625,5107.3134765625,2265.857666015625,11878.5078125,2776.708984375,4446.13427734375,0
241831.5,2,1,1,35.929039001464844,-2,-2,-2,-2,-2,-2,8943.265625,9616.12890625,3447.7265625,1903.35546875,5314.5859375,19692.7265625,9675.6474609375,1718.53173828125,1730.74658203125,2287.4658203125,11730.732421875,7111.1748046875,0
206235.5625,2,1,1,30.576000213623047,1,-2,-2,-2,-2,-2,3795.46484375,795.859375,545.54296875,860.02734375,1100.67578125,-17.11328125,478.92578125,766.58349609375,504.08740234375,461.169921875,302.701171875,1564.889892578125,0
89332.828125,2,2,1,31.000642776489258,2,2,2,0,0,0,50705.23828125,49992.21875,50383.15625,51660.54296875,49821.55078125,47159.1328125,2331.87353515625,2957.46630859375,2390.77734375,2603.11376953125,2678.871337890625,2428.48779296875,1
337463.625,2,2,1,42.15467071533203,0,0,0,0,0,0,213377.921875,210669.59375,267991.3125,215805.84375,98071.2734375,117627.78125,37866.28515625,22042.181640625,17222.390625,11127.416015625,2914.345458984375,42211.76171875,0
147626.125,2,2,2,29.240745544433594,-1,-1,-1,-1,-1,-1,4905.62109375,1352.43359375,2416.46875,5912.06640625,2930.3359375,7738.892578125,1834.656982421875,2089.396484375,7392.41943359375,2428.244873046875,6263.75244140625,2196.2060546875,0
91212.4609375,2,2,2,29.282676696777344,0,0,0,0,2,0,48025.7421875,46989.55078125,47675.6484375,49218.78125,44501.97265625,44082.0234375,3024.373046875,3227.0048828125,2784.87109375,2325.7158203125,2571.01513671875,2507.217041015625,0
194380.046875,2,1,2,33.09892654418945,-2,-2,-2,-2,-2,-2,3856.4609375,588.34765625,275.453125,465.51953125,970.00390625,-107.85546875,621.53466796875,908.3134765625,701.12255859375,592.52490234375,592.10400390625,3454.59912109375,0
255716.375,2,2,1,38.33592224121094,0,0,0,0,0,0,192120.25,161505.53125,165291.84375,126838.703125,94110.84375,117260.3828125,7720.74951171875,6208.73583984375,4593.52783203125,3830.813232421875,3599.01123046875,5776.56982421875,1
119127.1171875,2,2,1,42.853233337402344,0,0,0,0,0,0,32754.1640625,25113.34375,17956.9375,14598.552734375,34535.8515625,29737.591796875,3488.939697265625,3235.88427734375,2356.727294921875,25635.4375,4005.3046875,6001.08935546875,0
85770.0390625,2,2,2,28.806533813476562,0,0,0,0,0,0,58706.765625,57994.78125,53801.98828125,48238.55859375,43829.1328125,44634.171875,3178.05810546875,3192.5458984375,2244.08251953125,2467.1787109375,2460.869384765625,2576.65625,0
115857.28125,2,2,2,40.11368942260742,1,2,2,2,2,0,67845.328125,63152.25,68692.5,64258.453125,60531.8984375,57403.8046875,3372.642578125,3291.41162109375,2920.667236328125,2647.61962890625,3003.0654296875,2821.875732421875,1
198221.28125,2,2,2,44.445709228515625,0,0,0,0,0,0,179727.484375,168198.625,176281.546875,174711.828125,167439.1875,163677.5,8961.6435546875,9580.1357421875,6861.90966796875,6186.68408203125,7148.00341796875,7024.4189453125,0
151988.890625,2,1,2,31.56049156188965,0,0,0,0,0,0,68331.1796875,62270.2578125,58794.4609375,59030.36328125,57109.45703125,51550.93359375,4299.39794921875,4359.6884765625,3074.082275390625,3259.38134765625,3777.31689453125,5976.83984375,0
152392.109375,2,2,2,30.349550247192383,-1,-1,-1,-1,-1,-1,4390.9921875,2916.74609375,3225.65625,976.2734375,1153.88671875,223.9921875,1496.73388671875,1122.4580078125,672.521484375,614.53662109375,455.9619140625,1982.7294921875,0
255397.90625,2,1,1,34.29254150390625,-1,-1,-1,-1,-1,-1,6621.08203125,1231.453125,1338.0390625,3772.875,19131.537109375,20342.568359375,2000.197509765625,4480.8486328125,3225.63623046875,18213.744140625,11062.955078125,14295.7421875,0
198806.390625,2,1,1,32.25887680053711,-1,-1,2,0,2,0,14130.7421875,10368.046875,4768.55859375,10242.61328125,11781.875,15765.732421875,11451.599609375,3293.159423828125,8206.3876953125,2389.895263671875,6137.60693359375,9139.345703125,0
233065.765625,2,2,1,42.15499496459961,0,0,0,0,0,0,153872.359375,140169.28125,146908.21875,140555.171875,141688.703125,145339.375,8772.205078125,6659.18408203125,5036.48046875,6254.5400390625,6716.4560546875,7071.3369140625,0
123555.828125,2,2,2,41.61804962158203,1,2,2,0,0,0,33521.2265625,31955.18359375,33253.76171875,35741.53125,40252.171875,35452.6953125,2365.533935546875,3061.908203125,2546.953857421875,4185.2890625,3429.548095703125,2425.34375,0
163941.0,2,2,1,37.22404861450195,0,0,0,0,0,0,101977.203125,121040.78125,51778.01171875,44589.16015625,9333.560546875,68631.8828125,5897.51220703125,5616.91162109375,2363.88427734375,2355.074462890625,51546.29296875,9541.427734375,0
188697.859375,1,2,2,30.800357818603516,2,2,2,2,2,2,161615.578125,163767.6875,162559.875,156479.984375,170644.125,158550.5625,7090.4072265625,6303.5439453125,8671.193359375,4445.00244140625,6829.4033203125,6182.7607421875,1
79207.0546875,2,2,2,31.308671951293945,0,0,0,0,0,0,58162.0859375,57870.2578125,39316.2578125,37539.6484375,25142.4375,23330.20703125,3206.55859375,3169.85546875,1750.061767578125,1369.838623046875,1621.44091796875,2429.32763671875,0
108448.84375,2,2,1,37.331417083740234,2,2,2,0,0,0,97665.140625,92201.6171875,96326.5390625,58731.94921875,54805.5078125,29663.806640625,4180.5966796875,4186.2197265625,3577.31982421875,1627.886474609375,1671.567626953125,3489.3154296875,0
172063.59375,2,2,2,28.793811798095703,0,0,0,0,0,2,66195.0234375,62915.48828125,63288.74609375,66040.71875,64689.640625,63590.9765625,3876.61328125,3731.782470703125,3581.26708984375,2838.01806640625,2889.26416015625,2801.102783203125,0
226693.9375,2,2,1,37.9173583984375,-1,-1,-1,-1,-1,-1,4753.7734375,3091.52734375,1262.83984375,2290.00390625,1322.46875,2866.3984375,2999.345458984375,1470.919921875,1724.863525390625,1868.993896484375,2962.7041015625,2185.5830078125,0
94544.8671875,2,2,2,41.70051574707031,0,0,0,0,0,0,20408.375,17477.154296875,20159.86328125,22149.318359375,23411.75390625,21906.080078125,1751.672607421875,2167.444091796875,1828.51806640625,1480.48095703125,1642.21728515625,2355.081787109375,0
116632.40625,1,3,1,27.558368682861328,1,2,2,2,0,0,6411.09765625,8782.5703125,8039.63671875,5535.58984375,4840.0703125,4712.8984375,1035.45458984375,1794.90478515625,1087.70751953125,598.85107421875,529.51025390625,2007.500244140625,0
494363.0625,2,1,1,36.24592208862305,0,0,0,0,0,0,471243.0,508004.4375,413216.5,426699.84375,397507.09375,367346.125,20801.2109375,16561.26171875,14626.8564453125,17806.767578125,17401.189453125,23403.16796875,0
138747.796875,2,2,1,42.660518646240234,-1,2,2,-1,-1,-1,6706.73046875,6319.2890625,1743.84375,1646.6015625,2774.42578125,4067.29296875,1124.52587890625,1125.80712890625,1366.129638671875,1910.09228515625,2219.919189453125,4364.80908203125,0
93694.1328125,2,2,2,28.954330444335938,0,0,0,0,2,0,38472.3828125,41065.0,40431.53125,42525.546875,34037.75390625,37711.47265625,3272.812255859375,3452.140625,2972.406982421875,2377.02880859375,1918.8330078125,2883.684326171875,0
117812.1875,2,2,1,44.22748947143555,2,2,2,0,0,0,78514.890625,79699.046875,71682.4921875,64912.296875,60652.640625,56376.59375,3961.37939453125,3802.485595703125,3132.228515625,3427.7138671875,2763.01953125,3225.44091796875,0
234000.78125,2,2,1,38.92477798461914,-1,-1,2,-1,2,-1,5019.1875,4676.87890625,4773.94921875,9383.3359375,4810.30078125,11444.390625,1800.739990234375,1280.43896484375,2103.20751953125,1797.258544921875,8051.78515625,5181.65673828125,0
198686.609375,2,2,1,28.79201889038086,0,0,0,-1,0,0,18323.27734375,11135.6796875,5279.59765625,15804.103515625,9021.45703125,3300.71484375,4735.6591796875,3367.543212890625,16161.779296875,2957.8564453125,2778.1103515625,2676.63525390625,0
90461.9140625,2,2,2,28.092620849609375,0,0,0,0,0,0,30596.65234375,26728.58984375,22605.919921875,18815.02734375,13164.794921875,9538.623046875,2191.58447265625,2356.45068359375,1424.496826171875,1061.95751953125,1397.38134765625,2229.697265625,0
250511.078125,2,1,2,32.87687683105469,0,0,0,2,2,2,163983.28125,165925.625,170631.078125,145350.40625,135516.484375,114275.40625,12227.7734375,7766.9560546875,9491.9912109375,7177.7236328125,9221.205078125,8584.2373046875,0
81448.671875,2,2,1,39.916770935058594,0,0,0,0,0,0,20584.06640625,21930.498046875,20698.25390625,17344.91796875,17862.39453125,17269.193359375,1798.4541015625,2199.521728515625,1806.81884765625,1136.88330078125,1204.1845703125,2245.283935546875,0
231373.640625,2,2,2,31.27306365966797,0,0,0,0,0,0,74877.140625,66974.40625,73743.2578125,75955.40625,65167.34375,78890.1640625,4602.8857421875,4256.125,4543.748046875,5127.84423828125,4866.84375,3968.630859375,0
204700.265625,2,2,2,38.37302017211914,0,0,0,0,0,0,194960.84375,183187.703125,140717.828125,130516.09375,85753.734375,84503.3515625,7612.966796875,7504.740234375,4276.87744140625,4106.3466796875,3922.833984375,6991.9091796875,0
66117.0703125,2,2,2,37.07666015625,1,2,2,2,0,0,25804.974609375,24439.61328125,22339.5703125,22515.0625,24285.515625,22949.8671875,1812.7529296875,2254.278076171875,1933.82080078125,1388.1455078125,1549.770263671875,2094.694580078125,0
156768.28125,2,2,1,30.353084564208984,0,0,0,0,0,0,47098.8125,43569.80078125,48204.203125,68969.7265625,44528.01953125,87031.78125,2820.836181640625,3375.97265625,2677.36865234375,33451.03125,2598.58935546875,3381.09228515625,0
50619.296875,2,2,1,44.48473358154297,1,6,5,4,3,2,34658.4296875,30096.408203125,30074.0078125,29830.701171875,27686.568359375,24835.0078125,2310.604248046875,2454.80419921875,2170.0205078125,1356.710693359375,1396.2294921875,2036.421630859375,1
201618.3125,2,1,2,30.01024055480957,1,-2,-2,-2,-2,-2,3676.90234375,1351.93359375,692.30859375,939.44140625,1152.6640625,2410.82421875,575.8955078125,924.6953125,545.65625,496.720703125,919.927734375,1924.259521484375,0
205557.03125,2,2,1,41.49774169921875,0,0,0,0,0,0,134474.640625,118821.2421875,106249.3125,54720.64453125,49748.9296875,29372.01953125,5865.86376953125,5822.76123046875,3513.99755859375,1681.365234375,1797.654541015625,6073.3212890625,0
288310.625,2,1,2,39.78099822998047,-2,-2,-2,-2,-2,-2,4937.9765625,1166.51953125,5499.609375,3299.515625,3419.30859375,5170.015625,900.5791015625,3038.084228515625,3259.423828125,3307.0419921875,4681.60546875,6397.67724609375,0
187245.359375,2,1,2,32.60564422607422,-1,-1,-1,-1,-1,-1,5129.87109375,6916.046875,3856.5625,1554.1171875,1425.47265625,2692.171875,4969.67724609375,3376.150634765625,1007.54736328125,1112.03369140625,1608.0546875,3983.43603515625,0
46529.109375,1,2,1,28.579387664794922,1,2,2,2,2,2,15623.6015625,14893.59765625,16576.443359375,16604.30859375,16258.427734375,14851.822265625,1504.82958984375,1833.86962890625,1545.794189453125,1027.59033203125,1010.03662109375,2105.60693359375,1
164078.203125,2,2,1,42.8498420715332,1,2,2,2,0,0,112830.1171875,109845.109375,116454.0,112068.015625,113039.640625,111515.7890625,6783.37890625,4810.77294921875,4789.349609375,3607.822265625,4757.404296875,4410.9267578125,1
276202.15625,2,1,2,31.949445724487305,0,0,0,0,0,0,186451.078125,178844.125,176780.1875,174309.59375,166377.953125,172607.640625,10168.134765625,8037.95751953125,6759.70849609375,8428.994140625,7795.5234375,8468.55859375,0
122049.5,2,2,1,37.161346435546875,0,0,0,0,0,0,61907.0234375,80711.09375,59762.23046875,60959.0625,49567.98828125,51927.5078125,3257.470703125,3457.51953125,2646.362548828125,2761.02392578125,2599.948486328125,3430.61181640625,0
352156.9375,2,1,2,33.52912902832031,0,0,0,0,0,0,286630.78125,273130.9375,281839.1875,236111.171875,214271.640625,180173.859375,21200.060546875,10639.00390625,16701.53515625,10749.748046875,8987.408203125,12900.025390625,0
109453.671875,2,2,2,29.22674560546875,0,0,0,0,0,0,82115.3515625,74944.84375,67293.234375,64056.2421875,46198.98828125,46001.95703125,3576.127197265625,3680.153076171875,2239.761474609375,2545.27392578125,2608.1416015625,2891.28857421875,0
188756.25,2,2,2,30.49697494506836,0,0,0,0,0,0,30429.064453125,41642.54296875,19413.689453125,11940.458984375,8131.5859375,11370.365234375,2727.119384765625,3089.61474609375,2054.521240234375,1266.955322265625,3577.26025390625,4436.74951171875,0
81844.3828125,2,2,2,28.2960205078125,0,0,0,0,0,0,33868.390625,34100.0546875,26098.4296875,19378.822265625,12973.779296875,14719.318359375,2564.634521484375,2264.522216796875,1656.709228515625,1148.995849609375,772.235595703125,2769.97802734375,0
79928.8046875,1,2,2,28.596139907836914,0,0,0,0,0,0,9999.90234375,6790.359375,7580.3359375,6559.5,6894.69140625,7243.455078125,1045.66748046875,1793.6357421875,1071.40234375,976.64892578125,994.731201171875,2144.5771484375,0
243761.90625,2,1,2,30.783004760742188,-2,-2,-2,-2,-2,-2,4681.03125,2797.97265625,1184.1796875,5210.6640625,1182.15234375,1056.3125,1807.734375,1152.99462890625,4458.603515625,821.107421875,562.951171875,2524.540283203125,0
70468.9921875,2,2,1,39.96938705444336,0,0,0,0,0,0,50663.3125,49864.421875,49337.12890625,25069.130859375,23269.345703125,11483.548828125,2484.330322265625,3008.20654296875,2261.344482421875,868.808837890625,970.720458984375,2394.9326171875,0
68068.1484375,1,2,1,44.12187957763672,2,2,2,2,-2,-2,51337.74609375,48241.2265625,24512.744140625,20602.20703125,2347.6953125,2539.46875,2765.294677734375,2662.673828125,58.482421875,443.79052734375,268.75634765625,1794.876708984375,0
226140.59375,2,2,1,38.328834533691406,-1,-1,-1,-1,0,-1,4506.20703125,1542.5390625,3390.39453125,4738.14453125,2425.171875,3800.88671875,934.9853515625,1444.12841796875,513.4892578125,522.51904296875,1698.760498046875,2468.693115234375,0
26146.703125,2,2,2,36.74062728881836,0,0,0,0,2,0,25444.51953125,23779.373046875,24093.97265625,23579.142578125,24743.890625,22845.9296875,1807.6650390625,2308.080078125,2329.499267578125,1211.494873046875,1545.50048828125,2077.51123046875,0
277700.84375,2,1,2,31.702714920043945,0,0,0,0,0,0,43135.9375,40397.7734375,46412.8515625,55562.16015625,59908.71875,53872.75,10511.9033203125,6198.9560546875,7306.57080078125,8580.953125,7672.544921875,6248.7451171875,0
197333.703125,2,1,2,33.18189239501953,-1,0,-1,-1,-1,-1,11148.8046875,6098.3203125,1223.703125,648.9765625,956.39453125,2207.3046875,3006.747314453125,1536.0,1064.763671875,788.9052734375,1827.55419921875,4334.56494140625,0
162202.96875,2,2,1,42.43251037597656,-1,-1,-1,-1,-1,-1,4460.6328125,2317.86328125,1280.10546875,1020.84375,1397.55078125,2708.48828125,1009.42529296875,1197.6318359375,672.17333984375,827.27587890625,1648.81201171875,1961.3896484375,0
63016.21875,1,3,1,34.50831604003906,0,0,0,0,2,2,14067.9140625,12822.6640625,15862.09375,13810.408203125,14774.60546875,12451.337890625,1805.192138671875,2345.185546875,1904.921630859375,1037.405517578125,1159.465087890625,2226.540771484375,1
328674.125,2,1,1,30.756324768066406,-1,-2,-1,-1,0,-1,10628.73828125,9516.90234375,18483.744140625,20663.279296875,10066.28125,3401.60546875,8704.2900390625,13550.9814453125,14699.2666015625,5348.75048828125,5651.5810546875,7338.9287109375,0
106558.9296875,2,2,1,37.00774002075195,0,0,0,0,0,0,76556.421875,74864.140625,64729.4453125,61860.796875,46080.55859375,45897.125,3557.811767578125,3651.5126953125,2192.740478515625,2533.256103515625,2557.214111328125,2870.294677734375,0
277958.75,2,1,1,32.37239456176758,-1,-1,-1,-1,-1,-1,11266.1953125,8325.578125,6783.78125,5736.84375,3349.24609375,2783.0078125,10061.09765625,7581.5,6547.12646484375,4689.5029296875,3954.13330078125,7364.5439453125,0
227898.96875,2,1,2,36.93646240234375,0,0,0,0,0,0,184528.59375,174195.859375,166110.484375,153344.328125,139399.328125,122859.078125,8286.2861328125,7364.17578125,5428.36279296875,4632.201171875,5582.78125,6366.2890625,0
228743.109375,2,2,1,37.34376525878906,0,0,0,0,0,0,134607.953125,133449.109375,125637.859375,130409.34375,114211.546875,117454.0703125,7191.1875,5932.53173828125,4547.24755859375,4275.56005859375,4945.85107421875,5216.85595703125,0
141186.484375,2,2,1,28.787647247314453,0,0,0,0,0,0,56176.7578125,61252.1328125,64726.765625,46600.59375,56135.84375,39758.37109375,2925.526123046875,3247.594970703125,14386.9228515625,2526.428466796875,2170.30517578125,2616.72900390625,0
88975.640625,1,2,1,28.30368995666504,0,0,0,2,0,0,14851.3203125,12835.4921875,15154.896484375,20360.923828125,15038.8984375,25646.42578125,1624.374755859375,2330.861572265625,1612.989013671875,7356.6962890625,951.45166015625,2184.0439453125,0
182249.28125,2,1,1,39.153926849365234,-2,-2,-2,-2,-2,-2,4243.33984375,693.2109375,451.44921875,436.2265625,1073.0546875,-54.5078125,660.9287109375,819.076171875,595.1376953125,573.7294921875,363.580078125,2286.333740234375,0
104719.2421875,2,2,1,41.96856689453125,0,0,0,0,0,0,126222.828125,99525.234375,87319.8125,55015.046875,51096.2265625,40925.41015625,4220.392578125,4617.20263671875,2883.662353515625,2570.466552734375,2238.64892578125,3741.91650390625,0
191951.21875,2,1,2,31.794158935546875,1,-2,-1,-1,-1,-1,4444.28515625,1523.0,5275.6171875,1585.76171875,1173.09375,1983.74609375,793.18115234375,5381.28076171875,1400.6171875,742.123291015625,739.61328125,3140.322265625,0
39745.265625,2,2,2,28.074743270874023,0,0,0,0,0,2,12004.40625,8035.1796875,8970.58984375,9783.89453125,8786.455078125,9637.60546875,1364.19580078125,1915.834228515625,1330.74267578125,1410.958251953125,1046.89990234375,2114.880859375,0
219255.75,2,1,2,32.57587432861328,-1,-1,-1,-1,-1,-1,4516.05078125,1343.5390625,896.78125,813.2265625,1565.83984375,814.671875,916.53173828125,1285.73388671875,804.6962890625,1251.99365234375,590.90380859375,2862.181884765625,0
438143.53125,2,1,2,34.34918975830078,-1,-1,-1,-1,-1,-1,48157.4140625,119657.6953125,162100.9375,179415.09375,66519.0,69432.140625,41937.8828125,308969.1875,37219.31640625,92227.90625,38737.9765625,59309.2734375,0
234521.96875,2,2,1,42.13832473754883,-1,-1,-1,-1,-1,-1,6760.6484375,1684.16015625,3510.0859375,6078.98046875,2985.5546875,1208.40234375,1922.92578125,3466.037109375,7303.12255859375,3538.16796875,2128.479736328125,2573.27294921875,0
95113.734375,2,2,1,41.90610122680664,0,0,0,0,0,0,73940.953125,70189.15625,61951.70703125,62106.046875,46840.46484375,46322.4375,3426.091064453125,3481.44970703125,2364.324462890625,2520.69140625,2569.17431640625,2649.50439453125,0
147842.078125,2,2,1,45.100616455078125,0,0,0,0,0,-1,150593.640625,146122.03125,80817.5,53207.40625,15357.125,19228.833984375,6210.8193359375,5213.923828125,1473.49365234375,1527.9482421875,9867.62890625,6314.779296875,0
162282.6875,2,1,1,43.86457824707031,-1,-1,-1,0,-1,-1,6375.9375,8717.03125,5188.375,5297.265625,7322.1640625,19125.6015625,6355.74169921875,4876.5048828125,2414.801025390625,1609.149658203125,22092.95703125,13004.6748046875,0
101838.4140625,2,2,2,29.01327896118164,0,0,0,0,0,0,58921.6484375,91339.875,58308.953125,58019.8046875,58245.484375,54751.640625,3128.805419921875,3411.22607421875,2611.925537109375,2741.38623046875,2900.6796875,3035.366455078125,0
156268.90625,2,2,1,41.89848327636719,0,0,0,-1,-1,-1,38330.2265625,16683.919921875,14338.671875,9121.62890625,34473.484375,22581.68359375,3360.867431640625,1758.55615234375,2731.766357421875,38683.6015625,1496.8681640625,4403.25,0
85565.53125,2,2,1,38.119384765625,0,0,0,0,0,0,12203.8671875,6922.85546875,8586.6640625,8428.75,7688.0546875,6117.236328125,1496.0263671875,2529.604248046875,1750.759033203125,1362.3203125,1418.147216796875,5517.73779296875,0
237263.90625,2,2,1,38.2155876159668,0,0,0,0,0,0,272284.96875,200687.484375,203849.703125,127308.640625,131321.390625,121697.46875,7620.34326171875,6426.0791015625,6314.580078125,4720.40478515625,4946.47119140625,7544.55908203125,0
46339.2265625,1,2,2,29.759532928466797,0,0,0,0,0,0,20285.703125,17525.248046875,19966.490234375,19251.51953125,18188.580078125,17056.041015625,1880.50537109375,2088.929443359375,1526.533447265625,1263.465576171875,1330.099609375,2132.6201171875,0
123392.296875,2,2,2,41.62103271484375,0,0,0,0,0,-2,10347.55859375,6693.60546875,4727.2421875,5707.83984375,2287.328125,43.46875,1063.98388671875,1062.767578125,757.87451171875,514.240234375,469.732421875,2291.943603515625,0
223571.609375,2,3,1,40.51261901855469,-1,-1,-1,-1,-1,-1,12867.19921875,13805.34765625,10311.14453125,4291.80078125,3030.53125,3086.0625,16424.458984375,6827.19140625,3274.437255859375,4230.455078125,3329.23388671875,5881.7158203125,0
426103.75,1,1,1,42.4112548828125,0,0,0,0,0,0,328240.96875,346963.5625,330864.3125,302832.09375,285330.75,256707.640625,22156.619140625,34249.97265625,20969.41015625,21326.25390625,22026.859375,20963.63671875,0
75228.578125,1,2,2,30.16468048095703,1,2,2,2,2,2,10890.078125,11221.21875,12374.7890625,13600.10546875,16338.13671875,14414.01953125,1574.26416015625,1921.4609375,1649.578857421875,1362.460693359375,858.963134765625,2135.530517578125,1
66750.015625,2,2,2,28.494245529174805,0,2,2,0,0,0,33112.6953125,30385.052734375,34120.33984375,32619.328125,34425.48046875,29113.96875,10926.861328125,2967.7734375,2461.162109375,2325.978759765625,2089.512939453125,2531.626708984375,0
236847.75,2,2,1,44.522178649902344,0,0,0,0,0,0,154649.03125,188291.765625,151418.9375,140750.90625,132843.0625,116986.9375,7761.0009765625,6457.0673828125,5381.96533203125,3745.0693359375,5133.53076171875,6984.451171875,0
290148.875,2,1,2,32.14626693725586,0,0,0,0,0,0,123686.015625,118037.7421875,108070.8359375,131568.734375,129113.875,146539.09375,14644.376953125,13473.365234375,15084.3408203125,33697.59765625,20713.14453125,20404.013671875,0
245954.78125,2,1,1,42.23125076293945,-1,-1,-1,-1,-1,-1,6136.75,2940.80859375,2003.94921875,3652.23828125,17208.486328125,15651.01171875,2701.71923828125,2187.376220703125,2498.125732421875,19651.9140625,6105.44921875,6373.69873046875,0
63034.9140625,1,2,2,29.969247817993164,-1,-1,-1,-1,0,0,4067.28515625,4225.46484375,1311.671875,3600.5859375,4341.05078125,4557.25390625,604.4111328125,686.57568359375,1126.045654296875,404.39794921875,261.755859375,1709.5478515625,0
192024.015625,2,1,2,32.65279006958008,1,-2,-2,-2,-2,-2,3948.3515625,624.72265625,262.1875,467.87890625,986.53515625,-54.81640625,563.4892578125,857.65478515625,720.341796875,584.92529296875,404.40869140625,3362.379150390625,0
90001.1015625,2,2,1,36.91451644897461,0,0,0,0,0,0,40724.609375,38651.68359375,33937.359375,29565.50390625,27449.17578125,26079.72265625,2485.10791015625,2275.654296875,1974.8544921875,1434.260498046875,1585.67724609375,2417.041259765625,0
46364.5546875,1,2,2,29.037160873413086,0,0,0,0,0,-2,9950.6796875,8174.5703125,5112.796875,4437.234375,2256.44921875,74.765625,1381.095703125,1641.4296875,946.01123046875,473.14599609375,424.20751953125,1950.48779296875,0
127319.21875,1,2,2,28.254758834838867,0,-1,0,-1,-1,-1,7388.0625,3536.37890625,1607.9921875,1239.5234375,1184.77734375,295.22265625,1488.27783203125,1073.21240234375,649.9541015625,587.328125,491.12353515625,1889.180908203125,0
72242.859375,1,2,2,29.921173095703125,0,0,0,-2,-2,-2,19792.8046875,10825.7734375,5785.1328125,1611.19140625,1073.671875,447.421875,1812.9150390625,629.171875,496.0029296875,442.69580078125,318.19140625,2458.559326171875,0
65293.625,1,2,1,41.505332946777344,0,0,0,0,0,0,19388.896484375,18183.919921875,18970.267578125,19536.376953125,16879.13671875,16651.025390625,1772.799560546875,2259.108642578125,1500.850341796875,1195.46875,1115.284912109375,2292.941162109375,0
169083.078125,2,2,1,42.553138732910156,1,-2,-2,-2,-2,-1,4135.87890625,790.421875,592.3359375,855.796875,1130.7578125,614.79296875,484.44189453125,797.71142578125,458.140625,460.3203125,441.78759765625,1601.86279296875,0
256743.8125,2,1,2,31.09156036376953,-1,-1,-1,-1,-1,-1,4872.53125,3001.0859375,4288.34765625,1099.54296875,5247.0234375,13757.17578125,1604.582763671875,4062.22216796875,1181.852783203125,4292.90966796875,10770.740234375,5252.3505859375,0
242684.359375,2,2,1,38.49100112915039,0,0,-1,-1,-1,-1,47762.328125,13129.8984375,25125.703125,4276.39453125,6038.74609375,8306.330078125,18191.958984375,4483.29736328125,2724.040283203125,6409.6748046875,5596.49755859375,4643.57666015625,0
104119.796875,2,2,2,30.388710021972656,0,0,0,0,0,0,35106.546875,29154.62109375,29940.970703125,27821.142578125,30688.130859375,27149.41796875,8801.990234375,2712.68505859375,2962.46044921875,1907.0556640625,2234.52587890625,4061.689208984375,0
135512.375,2,1,2,32.54011535644531,0,0,0,0,0,0,60087.6328125,58543.25390625,55153.171875,55388.9609375,49905.8671875,46067.7109375,3427.447021484375,3284.988037109375,2565.376220703125,2694.675048828125,2817.577880859375,4088.512939453125,0
109172.8359375,2,2,1,37.25570297241211,0,0,0,0,0,0,44223.015625,47691.00390625,40644.42578125,28649.5703125,24073.53125,18916.505859375,2745.121826171875,3066.7822265625,2112.10302734375,1110.79443359375,1209.853271484375,2564.385009765625,0
91236.828125,2,2,1,34.268070220947266,0,0,0,0,0,2,27276.673828125,24702.849609375,27001.1796875,27669.13671875,29145.71875,24635.67578125,2159.31640625,2405.698974609375,2137.24609375,2255.399169921875,1353.06591796875,2439.880126953125,0
306392.875,2,1,1,41.3282470703125,-2,-2,-2,-2,-2,-2,6562.53125,3421.09375,2619.8046875,6471.04296875,6716.73828125,14479.59765625,4333.4072265625,5411.9423828125,6357.9619140625,4646.4609375,10314.560546875,11437.4423828125,0
329452.1875,2,1,1,32.04261016845703,0,0,0,0,0,0,79341.1796875,72815.3359375,73499.8984375,71020.640625,67214.046875,62183.0390625,11659.0361328125,9401.033203125,10664.9140625,13189.19921875,13088.849609375,14614.28515625,0
118757.046875,2,2,2,31.570039749145508,2,2,2,2,2,2,70621.34375,67961.515625,68996.3125,71512.71875,72288.7890625,70263.5703125,4049.21728515625,4221.01953125,2997.373046875,3814.03857421875,3221.055419921875,3214.12939453125,0
101983.90625,1,2,2,30.481792449951172,0,0,0,0,0,0,15660.765625,18162.150390625,20079.310546875,20730.197265625,22256.982421875,19401.4765625,1728.826171875,2173.8046875,1601.552490234375,1436.944091796875,1645.775146484375,2412.0419921875,1
58597.0859375,2,2,2,30.513771057128906,0,0,0,0,2,2,15473.12890625,14528.80078125,19614.173828125,18208.2734375,18081.076171875,17314.509765625,1714.379150390625,2062.037109375,2092.30419921875,1011.249755859375,1108.736083984375,2236.793701171875,1
126450.515625,2,1,2,31.889406204223633,-1,-1,-1,-1,-1,-1,4356.734375,1306.37109375,661.8203125,587.01953125,1159.30859375,2380.83203125,907.0595703125,1211.67919921875,776.94677734375,703.31005859375,575.72314453125,2789.40771484375,0
82664.4921875,2,2,2,28.756973266601562,-1,2,2,-1,-1,-1,6783.39453125,5667.875,2453.53515625,6406.74609375,5166.8125,2713.9375,1685.94140625,2114.255859375,5999.47509765625,3804.638671875,1919.56298828125,2552.257080078125,0
247815.625,2,2,1,38.437538146972656,0,0,0,0,0,0,214138.015625,205558.296875,193981.40625,136097.75,119876.390625,76913.640625,10042.025390625,10247.8671875,7118.3134765625,4824.67138671875,5157.333984375,11483.7021484375,0
153080.046875,2,1,2,32.559200286865234,0,0,0,0,0,0,35833.38671875,31264.51953125,32111.138671875,31609.40234375,30388.12890625,28899.103515625,3544.453369140625,6443.03173828125,2332.962890625,2593.5859375,3855.59375,9020.7607421875,0
259987.8125,2,1,2,33.47329330444336,1,2,0,0,0,0,247454.75,249668.078125,217777.3125,231110.390625,198662.328125,187390.953125,7718.5361328125,8540.4658203125,8001.7353515625,8952.474609375,8110.7099609375,7589.6552734375,0
183705.4375,2,2,1,37.676513671875,-1,-1,-1,-1,-1,-1,5120.9140625,6514.62109375,3940.91015625,4402.68359375,3383.7421875,5759.765625,3481.649658203125,1351.48388671875,3946.551513671875,2297.744140625,4514.93017578125,2794.887939453125,0
121820.125,2,2,2,37.00944519042969,0,0,0,0,0,0,73102.25,74872.6328125,54541.9609375,33034.7265625,36179.6640625,39409.46875,4007.7626953125,3938.77978515625,3111.031494140625,4778.52978515625,7118.17626953125,4931.1513671875,0
17035.0625,2,2,2,28.843128204345703,2,2,0,0,0,0,15556.87109375,16044.8203125,17426.12109375,16714.77734375,17028.435546875,16709.841796875,1452.69921875,1950.08984375,1498.596923828125,1163.07470703125,1164.756103515625,2194.22705078125,0
162376.140625,2,2,1,37.10076904296875,0,-1,0,-1,-1,-1,5954.55859375,4822.4375,1780.1796875,2024.1484375,1514.0546875,260.17578125,887.08544921875,975.83154296875,1261.4619140625,1142.577880859375,520.62255859375,2140.8046875,0
102220.75,2,2,2,30.01488494873047,0,0,0,0,0,-2,11672.1796875,19976.98828125,20938.478515625,9921.3828125,7982.65625,1423.80859375,2130.910400390625,5019.27392578125,1702.333251953125,526.8291015625,741.544677734375,3221.8134765625,0
66304.71875,1,2,1,29.216976165771484,0,0,2,2,2,0,9715.23828125,7468.68359375,5197.48046875,5187.6484375,5879.38671875,5327.03515625,1644.60791015625,1580.94970703125,1017.7900390625,650.81982421875,845.491455078125,1865.2353515625,0
211214.046875,2,2,2,36.25498962402344,0,0,0,0,0,0,134539.59375,132272.625,134038.796875,132532.046875,131791.125,123732.34375,7281.46142578125,6421.60986328125,5437.18994140625,6146.34912109375,5574.35791015625,4915.38330078125,0
179474.203125,2,1,2,29.52739906311035,0,0,-2,-2,-1,-1,15821.22265625,1798.640625,962.47265625,1199.44140625,5540.78515625,7818.912109375,676.990234375,5072.6611328125,1317.0908203125,3669.04296875,643.5107421875,2043.909912109375,0
126669.890625,2,1,1,36.78022766113281,-1,2,2,-1,-1,-1,5555.5390625,4821.40234375,1177.78515625,642.48046875,1134.76953125,764.5546875,596.20849609375,724.58251953125,734.7568359375,675.87451171875,489.6728515625,2407.996826171875,0
284159.3125,2,2,1,38.13397979736328,0,0,0,0,0,0,229671.25,223321.15625,208884.078125,216013.578125,188857.1875,181231.703125,10753.970703125,9227.470703125,7541.55810546875,8838.623046875,8537.6357421875,8100.560546875,0
115803.96875,2,2,2,29.395774841308594,0,0,0,0,0,0,74446.953125,84022.1875,74151.7890625,73371.3203125,74298.390625,71508.203125,3476.65869140625,3835.0263671875,3194.474609375,3174.38134765625,3142.4365234375,3224.3095703125,0
95399.0859375,1,2,1,29.99163055419922,0,0,0,0,0,0,10141.375,6231.73046875,6411.7578125,5409.49609375,5854.04296875,7085.552734375,1101.88818359375,1764.65966796875,1049.9951171875,877.781982421875,951.662353515625,2080.90478515625,0
136557.84375,2,2,2,40.39642333984375,0,0,0,0,0,0,42312.140625,38757.0625,39476.21875,40362.62890625,40121.578125,36416.96875,2592.197265625,3139.327880859375,2243.161376953125,2474.567626953125,2198.06591796875,2507.08544921875,0
185614.90625,2,2,1,41.82488250732422,0,0,0,0,0,0,72851.296875,76542.2578125,74126.625,66501.265625,65898.609375,51602.98046875,3856.468505859375,4998.4873046875,4781.322265625,4298.6630859375,3402.73291015625,5586.185546875,0
102907.21875,2,2,1,44.25144958496094,2,2,2,2,2,-2,104972.875,96396.359375,97975.03125,41412.8671875,43109.08984375,8078.99609375,3989.01171875,3670.080078125,3866.6259765625,434.73193359375,531.974609375,5339.4736328125,0
117932.34375,2,2,2,29.155193328857422,0,0,0,2,0,0,33652.47265625,32458.25390625,30951.80078125,26367.21484375,25980.125,22337.125,2340.102783203125,3395.875732421875,1973.7119140625,1405.85205078125,1737.234619140625,2574.406005859375,0
107811.890625,2,2,2,28.287059783935547,0,0,0,0,0,0,27785.89453125,20282.498046875,15606.119140625,13597.822265625,10568.609375,11408.126953125,2615.78466796875,2452.4921875,1227.41064453125,1509.43115234375,3302.318359375,2376.48583984375,0
237397.890625,2,1,2,41.34678268432617,-1,-1,-1,-1,-1,-2,5203.6484375,5753.26171875,4626.3828125,3100.78515625,1118.48046875,12.3984375,4758.70458984375,4886.77197265625,3513.0771484375,786.571533203125,652.8056640625,17997.662109375,0
129070.5625,2,2,1,31.05070686340332,2,2,2,2,2,2,80607.1328125,77730.5,78083.171875,75499.375,78137.359375,73847.640625,3915.40234375,3663.29345703125,3839.702880859375,2973.064697265625,2901.82421875,3541.77783203125,1
60697.59375,1,2,1,43.93006896972656,0,0,0,0,0,0,21096.759765625,18927.490234375,20155.099609375,18964.931640625,18028.310546875,17383.45703125,1784.988037109375,2053.608154296875,1514.4912109375,1482.350341796875,1199.779296875,2169.5791015625,0
61477.15625,1,2,1,34.843570709228516,0,0,0,0,0,0,20150.912109375,18453.888671875,20911.404296875,17557.736328125,18107.3984375,16873.927734375,1895.63623046875,2165.1572265625,1534.42333984375,1162.890625,1359.335205078125,2233.093017578125,0
113624.125,2,2,1,36.92319107055664,0,0,0,0,0,0,51173.02734375,50130.33203125,52738.27734375,51156.28125,45024.76953125,44253.04296875,2531.303466796875,3117.230224609375,2301.420654296875,2532.8173828125,2570.181884765625,2560.673828125,0
24978.859375,2,2,2,36.70659255981445,0,0,0,0,0,0,29947.482421875,27285.146484375,28013.712890625,26865.53125,19326.232421875,25761.3359375,2068.552001953125,2343.243896484375,1893.653564453125,1484.728271484375,943.15380859375,2267.9404296875,1
192941.3125,2,2,1,37.32594680786133,0,0,0,0,0,0,129343.1875,113116.203125,114811.59375,102122.421875,100066.4921875,100289.9296875,5371.0859375,5615.107421875,3933.203125,3522.30859375,4261.783203125,4701.73583984375,0
260840.875,2,1,2,31.087095260620117,0,0,0,0,0,0,164512.28125,166990.59375,162703.0,163479.890625,161965.71875,164910.21875,9381.08984375,7413.8935546875,8712.052734375,8465.080078125,10808.8544921875,6469.23681640625,0
229088.515625,2,2,1,44.473995208740234,0,0,0,0,0,0,151393.703125,142432.78125,143027.34375,151990.4375,165218.21875,172070.59375,8927.0390625,9825.751953125,10268.205078125,18260.373046875,9677.24609375,9710.841796875,0
78595.0703125,2,2,2,28.892093658447266,1,2,2,2,2,0,49068.703125,48061.41796875,50121.99609375,45446.55078125,42597.0703125,43147.38671875,2349.313232421875,2838.33203125,2259.171630859375,2284.51171875,2236.28955078125,2539.693359375,1
240345.59375,2,2,1,40.71356201171875,0,0,0,0,0,0,161512.21875,151196.75,155815.640625,122531.609375,112047.015625,111622.1875,7296.94873046875,6023.4912109375,4536.357421875,4007.49853515625,4734.5986328125,5248.16455078125,0
141752.265625,2,2,2,31.382965087890625,0,0,0,0,0,0,67395.84375,64903.578125,58822.859375,47164.53515625,45866.21875,42142.765625,3415.552001953125,3258.9228515625,2344.771484375,2521.540771484375,2480.085693359375,3443.51123046875,0
184499.625,2,1,1,31.32859992980957,1,-1,-1,-1,-2,-2,5148.8359375,6168.12890625,2956.71484375,581.078125,1136.83203125,2.58984375,5603.19091796875,2006.848388671875,806.23095703125,598.48193359375,397.369140625,2812.525146484375,0
234252.9375,2,2,1,37.69514083862305,0,0,0,0,0,0,146968.4375,142040.71875,131532.359375,120651.296875,113169.1875,111470.0859375,7086.2373046875,7610.6455078125,5696.62548828125,5648.5771484375,5378.3359375,6974.40478515625,0
102955.359375,2,2,1,41.858314514160156,0,0,0,0,0,0,59836.015625,61163.26171875,60069.41796875,52446.390625,49240.50390625,45544.5390625,3231.529541015625,3301.3505859375,2661.199462890625,2501.55322265625,2466.08837890625,2707.53173828125,0
134190.0,2,2,2,28.770751953125,0,0,0,0,0,0,45587.640625,46556.0390625,44133.4921875,40579.9140625,43383.91796875,43363.03125,2846.502197265625,3122.3720703125,2617.18359375,4642.0947265625,2505.224609375,4469.501953125,0
86233.21875,1,2,2,34.44542694091797,1,2,-1,-1,2,0,13143.2265625,9663.66796875,6820.79296875,25273.759765625,18822.54296875,16934.587890625,2581.3818359375,2128.832275390625,18915.046875,2371.0302734375,2691.745849609375,2915.857177734375,1
113845.890625,2,1,2,36.21075439453125,0,0,0,-1,0,-1,11675.1015625,5067.67578125,1345.18359375,1274.94921875,3140.9375,4522.14453125,1320.77001953125,852.59814453125,830.24853515625,1572.551025390625,409.09765625,2750.949462890625,0
323435.40625,2,1,1,38.30156707763672,-1,-1,-1,0,0,0,20723.80859375,12466.89453125,81937.3125,99142.0,122237.171875,121042.34375,9757.408203125,58600.2265625,31249.4609375,26903.326171875,21270.439453125,19384.251953125,0
198706.984375,2,1,2,32.794227600097656,0,0,0,-1,-1,0,21607.982421875,27590.947265625,7102.859375,173769.109375,145256.625,135346.296875,4865.583984375,7708.62451171875,131906.5,23969.015625,12275.3671875,10821.3310546875,0
189437.0625,2,2,1,36.869197845458984,0,0,0,0,0,0,11420.06640625,9321.9140625,12539.1015625,15960.234375,12762.203125,17574.205078125,1927.126953125,4772.640625,2113.279296875,1682.260498046875,1008.36279296875,2843.461669921875,0
223717.828125,2,2,1,37.688385009765625,-2,-2,-2,-2,-2,-2,6029.94140625,8301.7734375,11944.8828125,3349.09375,1350.234375,295.0859375,3802.177734375,8612.0693359375,1056.79345703125,1355.544921875,678.618896484375,3959.1826171875,0
336376.625,2,1,1,38.65351486206055,-1,-1,-1,-1,0,0,9212.9609375,7629.37890625,8936.8671875,28309.23828125,35844.9765625,73911.703125,7195.3544921875,3315.598876953125,19993.3671875,21475.701171875,41987.140625,12471.1025390625,0
74995.390625,2,3,1,36.821815490722656,0,0,0,0,0,0,19504.236328125,16959.642578125,18928.7109375,17616.828125,18357.923828125,17322.65625,1720.4580078125,2082.128662109375,1503.631591796875,1150.23876953125,1536.681884765625,2189.3291015625,0
143942.15625,2,3,1,37.3101806640625,0,0,0,0,0,0,113711.0625,97738.8671875,88694.453125,71884.5,64902.25390625,55277.375,4047.73291015625,4004.83984375,2918.86181640625,2826.60546875,2929.9697265625,3863.889892578125,0
74699.90625,2,2,2,36.821815490722656,0,0,0,0,0,0,22412.857421875,20176.85546875,20740.068359375,20340.4296875,21878.767578125,21489.513671875,1733.4921875,2370.812744140625,1810.054931640625,2248.388916015625,2774.82470703125,2267.832275390625,0
132068.59375,2,2,2,37.26899337768555,2,2,2,2,2,2,94568.5,91993.75,92702.921875,93295.40625,94903.53125,90824.7265625,4002.87353515625,4627.5927734375,3674.071044921875,3169.72265625,3354.07080078125,4260.93212890625,1
170546.265625,2,1,2,32.01567077636719,1,-2,-1,2,-2,-2,4242.60546875,1269.390625,4211.03125,3917.00390625,2087.5078125,32.79296875,1011.8037109375,5287.08642578125,544.10791015625,349.23681640625,424.26318359375,2167.019775390625,0
125916.4375,2,2,2,29.0022029876709,-1,-1,-1,-1,-1,-1,5097.48828125,3443.55859375,4026.07421875,5330.71875,5999.47265625,2900.6484375,2581.2490234375,1910.491943359375,3815.126953125,7334.791015625,1259.46484375,2804.572021484375,0
54409.4453125,2,2,2,28.607711791992188,0,0,0,0,0,0,31391.8125,28958.3984375,30765.51953125,30209.3515625,27735.6171875,27703.775390625,2273.052978515625,2377.455322265625,1928.969482421875,1509.9716796875,1582.596435546875,2522.100341796875,0
193522.484375,2,1,1,43.22246170043945,-2,-2,-2,-2,-2,-2,4014.92578125,599.51953125,399.30078125,449.69921875,968.234375,-124.64453125,640.03076171875,972.35107421875,731.953125,607.8017578125,592.66259765625,3839.017578125,0
395844.75,2,1,2,33.65174102783203,0,0,0,0,0,0,242389.09375,273272.78125,250484.0625,229050.015625,181359.296875,191927.765625,28252.95703125,29607.06640625,25526.54296875,22096.6796875,16478.591796875,23254.712890625,0
27037.71875,2,2,2,27.577909469604492,0,0,0,0,0,0,11227.3828125,7879.28515625,8350.67578125,7530.52734375,6123.19140625,7990.009765625,1344.8779296875,1824.95751953125,1125.10009765625,992.8017578125,302.9931640625,1854.928955078125,0
132982.65625,2,1,2,40.54487609863281,0,0,0,0,0,-2,15473.65625,9969.21484375,13521.59765625,18250.853515625,12157.826171875,2310.78515625,2530.462158203125,6551.63330078125,8702.1396484375,1382.932861328125,1711.102783203125,5521.07958984375,0
167995.625,2,2,2,31.40077018737793,-1,0,-1,-1,0,0,15012.6171875,33603.515625,18692.90625,104107.453125,102373.8359375,98370.2578125,6143.6611328125,7227.20947265625,104118.6796875,9888.447265625,10637.595703125,6679.58203125,0
50814.2578125,2,2,2,28.798236846923828,0,0,0,0,0,0,26773.466796875,23626.580078125,25321.794921875,23806.119140625,25040.0546875,23800.58984375,1943.596923828125,2422.31005859375,1936.6923828125,1392.628173828125,1592.0849609375,2254.657958984375,0
147130.328125,2,2,1,38.2862663269043,0,0,0,0,0,0,95290.0546875,86323.4296875,95575.9296875,95079.2734375,44228.17578125,79014.28125,4514.17431640625,4563.921875,4879.927734375,3384.26318359375,299.68603515625,4602.91796875,0
213011.96875,2,1,1,38.65113067626953,-1,-1,-1,-1,-1,-1,4780.27734375,1380.515625,1179.73046875,2219.5859375,2828.37890625,797.78515625,1226.01806640625,1197.53173828125,1861.076416015625,3323.193115234375,1440.222900390625,2952.667236328125,0
77634.453125,2,1,2,32.737953186035156,0,0,0,0,0,0,19198.78515625,15252.53515625,16983.826171875,15464.181640625,15746.75,14642.08203125,1947.661865234375,2178.20166015625,1741.96826171875,1404.2001953125,1278.220947265625,3538.252685546875,0
49958.515625,1,2,2,28.997459411621094,0,0,0,0,0,0,9928.70703125,8359.4765625,8282.13671875,5933.625,6013.04296875,4892.6953125,1140.3583984375,1678.1240234375,1133.5322265625,658.38671875,314.501953125,1973.1630859375,0
205189.5625,2,2,1,40.702392578125,0,0,0,0,0,0,73361.796875,64134.7265625,100575.0546875,98070.625,95363.65625,85211.109375,19650.658203125,24655.890625,9484.3037109375,6034.779296875,6259.7822265625,6389.79833984375,0
168530.75,2,1,2,32.614627838134766,0,0,0,0,0,2,93220.2890625,81229.3125,86459.6875,90038.3046875,83494.9140625,85225.4375,4178.736328125,4337.90771484375,4241.552734375,4132.5498046875,2863.46044921875,4305.181640625,0
210210.65625,2,1,1,39.491024017333984,1,-2,-2,-2,-2,-2,3843.015625,706.2265625,422.05078125,456.37109375,1143.71484375,2410.98828125,583.68505859375,848.0703125,678.0419921875,586.88916015625,1332.404541015625,2772.163330078125,0
124341.2109375,2,2,2,38.97203063964844,0,0,0,0,0,0,142493.796875,126036.1875,105438.859375,58523.390625,44287.02734375,34260.46875,6241.486328125,6220.27978515625,4760.53857421875,4985.85205078125,5653.22265625,5090.46923828125,0
229171.515625,2,1,2,31.544830322265625,0,0,0,0,0,0,179509.578125,172191.1875,164345.9375,149494.53125,144310.75,147679.6875,7930.41748046875,6413.345703125,6144.4248046875,4959.30126953125,5174.72119140625,7148.79833984375,0
164898.859375,2,1,2,30.14752960205078,0,0,0,0,0,0,67822.6328125,63987.4453125,60271.578125,54878.52734375,52954.25,49278.66015625,3532.086669921875,3290.420166015625,2549.6611328125,2723.45458984375,2832.375732421875,3650.9033203125,0
186925.90625,2,1,1,38.271419525146484,1,-1,-1,-1,-1,-1,5155.03515625,2180.4296875,6055.04296875,1806.75,1131.703125,142.37890625,1310.4375,6667.8603515625,803.6552734375,721.61669921875,697.681396484375,3050.668701171875,0
338375.09375,2,1,2,35.07307434082031,0,-1,0,0,0,0,73962.6015625,65924.3359375,94993.28125,49743.78515625,41012.36328125,36905.796875,57012.73828125,40777.43359375,52278.578125,14544.423828125,14095.69140625,34529.6796875,0
192144.71875,2,1,1,42.6483039855957,1,-1,-1,-1,-1,-1,5572.1953125,1724.23046875,3269.3125,11499.748046875,4599.5078125,3976.57421875,1457.97998046875,2002.127197265625,13165.892578125,1354.546142578125,2362.77392578125,3591.4560546875,0
70177.2578125,1,2,2,28.032215118408203,0,0,0,0,0,0,20228.6875,17092.353515625,19074.58984375,18960.736328125,11303.248046875,14544.98828125,1723.8818359375,2064.576416015625,1509.19384765625,1154.67724609375,592.333984375,2219.029296875,0
60875.65625,2,2,1,44.25825119018555,1,3,2,0,0,0,49721.19921875,47237.3125,50443.0390625,50212.8359375,44564.0,42517.47265625,2231.291259765625,2838.562744140625,2185.077880859375,2524.608154296875,2490.678955078125,2370.401611328125,1
208577.15625,2,2,2,31.314695358276367,0,0,0,2,2,2,116609.0546875,113628.1875,112476.2890625,110416.96875,106276.515625,96814.40625,7074.16162109375,5215.8251953125,4434.75732421875,4508.4453125,4868.79541015625,4600.83544921875,0
75468.6796875,2,2,2,29.763809204101562,0,0,0,0,0,0,18456.95703125,33888.6953125,20300.982421875,16965.806640625,17117.484375,17490.837890625,1727.2509765625,2211.369384765625,1678.252685546875,1275.771484375,1301.108642578125,2960.749267578125,0
65030.484375,2,2,1,40.024208068847656,2,2,2,0,0,0,25032.994140625,22348.703125,21198.888671875,21846.669921875,22139.0859375,19568.798828125,1696.12841796875,2204.70947265625,1896.198486328125,1384.618408203125,1561.419677734375,2201.724365234375,1
288215.8125,2,1,2,33.354759216308594,0,0,0,0,0,0,209739.671875,184292.953125,173219.71875,106870.2734375,93682.015625,67939.859375,8979.431640625,6719.55517578125,5501.50341796875,5189.3388671875,4998.80419921875,9096.837890625,0
85268.71875,2,2,1,35.40559387207031,0,0,0,0,0,-1,66459.6953125,42396.515625,39597.88671875,8459.8046875,4380.12890625,3996.921875,3601.333740234375,1768.443359375,1315.658447265625,707.7275390625,617.9521484375,2380.9755859375,0
76683.828125,2,2,2,28.77750015258789,2,2,2,2,2,2,18019.69921875,16748.232421875,17867.998046875,21111.3515625,19096.33203125,18540.625,1842.3759765625,2059.759765625,2709.364013671875,1016.23876953125,1491.1533203125,2172.093017578125,1
253835.0625,2,2,1,30.350706100463867,0,0,0,0,0,0,30279.978515625,33485.55078125,46129.0234375,44239.09765625,62441.33203125,56680.3359375,7685.24365234375,16614.068359375,14269.431640625,18566.486328125,22645.3984375,19565.208984375,0
80394.796875,2,2,2,29.184280395507812,-1,2,-2,-2,-2,-2,10407.34375,1773.31640625,654.28125,892.3046875,1121.15234375,18.9140625,432.71435546875,753.66357421875,466.06396484375,454.33251953125,240.9267578125,1601.1044921875,1
268073.875,2,1,2,33.43751907348633,0,0,0,0,0,0,86151.546875,76842.625,79389.625,85363.96875,89562.703125,90671.1953125,7067.8583984375,6716.623046875,6749.826171875,10395.150390625,9431.90234375,10304.7451171875,0
143255.15625,1,3,1,37.192588806152344,-1,-1,2,2,-1,-1,5765.6640625,6428.26171875,3835.09765625,1613.15625,1196.359375,-11.22265625,674.53173828125,782.787109375,321.2373046875,600.71142578125,447.23388671875,1784.31103515625,0
59541.921875,2,2,1,36.95286560058594,1,2,2,2,0,0,27199.837890625,26314.234375,29010.625,28208.1015625,27741.01953125,26278.568359375,1797.88916015625,2451.036376953125,1951.833740234375,1515.08642578125,1480.2412109375,2345.17431640625,0
127099.8828125,1,2,1,39.546485900878906,-1,0,2,0,0,-2,16787.68359375,27997.08984375,16538.46875,9832.65234375,8465.9140625,1104.07421875,9223.751953125,2717.524658203125,2728.348388671875,1186.154296875,718.49658203125,4305.7451171875,0
221160.3125,2,1,1,32.93714904785156,-1,-1,-1,-1,-1,-1,4077.37109375,1323.98828125,912.16015625,882.921875,5685.046875,7082.603515625,973.82763671875,1319.52392578125,870.6435546875,4000.19580078125,933.208740234375,3686.624267578125,0
11055.859375,2,2,2,27.832447052001953,0,0,2,2,2,0,10855.20703125,8593.640625,7739.26953125,8322.609375,7836.361328125,6928.109375,1611.50244140625,1662.04052734375,1556.04296875,864.276123046875,976.4306640625,1932.2900390625,0
120725.484375,2,1,2,30.580318450927734,0,0,0,0,0,0,15321.76171875,9379.9453125,9885.3984375,9416.76171875,9870.34375,9893.2421875,1830.39892578125,2116.267578125,1577.048095703125,1230.730224609375,1465.197265625,3604.30810546875,0
231084.140625,2,1,1,38.57362747192383,1,-1,-1,0,-1,-1,21635.80859375,36815.06640625,25931.267578125,28136.1953125,18585.896484375,9840.123046875,25172.591796875,20268.30859375,5168.2373046875,14187.384765625,7086.3486328125,11187.939453125,0
86384.53125,2,2,1,37.0605583190918,1,2,2,2,2,2,39842.63671875,41174.71484375,36651.6953125,34198.0234375,28332.19921875,26528.630859375,2586.84326171875,2920.59716796875,2184.9482421875,1352.217529296875,1337.412353515625,2423.676025390625,1
315641.78125,1,2,1,41.51128005981445,0,0,0,0,0,0,201521.328125,183358.03125,187941.640625,173851.4375,139458.375,139264.96875,13525.9296875,12405.95703125,9221.134765625,9403.2177734375,9706.94921875,6734.3037109375,1
163266.15625,2,2,2,37.90884017944336,0,0,0,0,0,0,152985.046875,146476.34375,129891.359375,99595.203125,79883.03125,76868.71875,6148.4765625,5734.03515625,3739.06884765625,3381.92138671875,3219.04443359375,5541.990234375,0
110356.390625,2,1,2,30.677570343017578,1,-2,-1,-1,-1,-1,4685.0,1805.48046875,3474.51953125,3011.50390625,6085.0859375,712.6015625,764.4921875,2556.754638671875,1214.19091796875,7708.45166015625,1166.65185546875,3238.644287109375,0
290298.75,2,1,1,42.52349853515625,-2,-2,-2,-2,0,-2,17376.47265625,14887.328125,25810.060546875,16692.65625,9005.015625,11498.19140625,9667.7392578125,21888.73828125,17988.796875,11704.845703125,9618.705078125,14933.359375,0
132088.40625,2,2,1,37.15957260131836,0,0,0,0,0,0,29698.23046875,33967.2578125,23442.255859375,18483.267578125,12858.611328125,13823.150390625,2810.4306640625,2481.89697265625,1773.850341796875,1538.02001953125,1065.47021484375,3462.996826171875,0
120315.375,2,2,1,41.80683898925781,1,2,0,0,0,0,70633.046875,71196.46875,68089.8671875,48835.99609375,48837.88671875,42823.37109375,4511.82080078125,4664.2685546875,4460.54833984375,5059.12548828125,6388.24169921875,6010.0126953125,0
202756.171875,2,1,2,31.887414932250977,-1,-1,-1,0,0,0,5877.74609375,8929.5078125,9039.73046875,9152.6171875,14497.412109375,18594.783203125,5434.8984375,2485.617919921875,2058.296142578125,2926.19091796875,10673.4873046875,8385.4833984375,0
171468.59375,2,1,2,29.5350399017334,-1,-1,2,0,0,-1,4115.3984375,5362.6171875,3814.86328125,4234.703125,2411.33984375,3082.34375,1440.26171875,740.849609375,370.32470703125,425.30810546875,1544.6884765625,1766.22021484375,0
149479.15625,2,2,2,29.412832260131836,0,0,0,0,0,0,83867.7890625,79000.4140625,84465.984375,82287.203125,82542.2421875,77593.28125,3736.353759765625,4115.1376953125,3415.866943359375,3177.03759765625,3275.50732421875,3241.80859375,0
329055.4375,2,2,1,33.46211624145508,0,0,0,0,0,0,246830.5,246905.703125,211516.140625,198186.125,157477.90625,159972.265625,9437.5498046875,8346.595703125,7062.826171875,8033.923828125,6850.02587890625,8569.546875,0
117451.21875,2,2,1,42.33446502685547,2,2,2,-1,-1,-1,8218.91015625,11631.84375,2222.484375,1280.71484375,1168.484375,836.78125,820.49365234375,766.892578125,674.20068359375,583.63330078125,480.41650390625,1968.205810546875,1
164228.078125,2,1,2,30.146953582763672,-1,-1,-1,-2,-2,-2,4176.296875,839.921875,604.88671875,881.671875,1107.36328125,4.5390625,719.455078125,1052.84326171875,517.6904296875,462.763671875,325.58935546875,1674.629150390625,0
202488.328125,2,1,2,32.8758544921875,-2,-2,-2,-2,-2,-2,4225.07421875,966.48828125,708.81640625,1169.125,4918.5078125,196.38671875,766.63720703125,1000.861328125,929.9453125,4967.88037109375,519.431640625,3507.825439453125,0
187902.5,2,1,1,42.36540603637695,-1,-1,-1,-1,0,-1,7065.22265625,6961.8125,6708.61328125,11944.82421875,4062.390625,3063.84375,7465.7607421875,5552.00537109375,9207.556640625,1983.458740234375,2073.107421875,5141.41455078125,0
146234.046875,2,1,2,29.80998420715332,-1,-1,-1,-1,-1,-1,4142.94921875,4108.6484375,1300.671875,974.125,1150.09765625,393.44921875,796.53125,830.408203125,672.65771484375,600.32568359375,537.45458984375,1976.8134765625,0
143664.96875,2,2,2,31.358659744262695,0,0,0,0,0,0,73151.703125,65776.859375,69536.34375,66047.09375,67789.8125,66100.3515625,5005.68310546875,5213.779296875,6213.646484375,4552.71337890625,6505.26806640625,6832.29541015625,0
96717.2421875,2,2,2,27.96769142150879,0,0,0,0,0,0,9805.140625,6019.40625,5422.23046875,5098.078125,5152.04296875,4584.56640625,994.6025390625,1608.20068359375,899.248046875,646.068359375,741.62353515625,1959.42724609375,0
124648.78125,2,2,1,30.963520050048828,0,0,0,0,0,0,72322.78125,69057.9609375,50797.9609375,40745.046875,28900.86328125,28160.12890625,3564.114990234375,3250.5078125,1938.75732421875,1451.287353515625,1632.224609375,2767.6123046875,0
313772.875,1,2,1,42.23568344116211,2,2,3,2,2,2,327209.0,327623.8125,308898.75,307796.34375,335007.84375,289342.59375,11937.3125,12266.4072265625,18468.95703125,8074.14111328125,16918.513671875,9509.169921875,1
218575.515625,2,1,2,39.429290771484375,-1,-1,-2,-2,-1,-1,4132.99609375,896.4765625,797.5234375,826.8671875,3273.76171875,-6.3828125,983.99169921875,996.8291015625,880.42626953125,3298.198486328125,585.056640625,2778.057373046875,0
234676.15625,2,2,1,37.811790466308594,-1,-1,-1,-1,0,-1,6918.7578125,15093.921875,5256.12890625,9142.69140625,2984.90234375,1144.3828125,4240.8681640625,2769.0029296875,8135.515625,2388.33740234375,2322.080810546875,2963.80712890625,0
249644.625,2,1,1,39.166893005371094,-1,-1,-1,-1,0,-1,5500.6796875,1442.18359375,4788.41796875,9253.3828125,6644.02734375,9880.96875,1296.5,3440.07470703125,7390.33251953125,1431.582763671875,1440.357177734375,5036.69140625,0
90311.9140625,2,2,2,41.73255157470703,0,0,0,0,0,-1,31671.5390625,26671.79296875,15518.310546875,9552.3828125,7311.58203125,24685.65625,9466.2607421875,3024.296875,1074.65234375,2527.2421875,9045.912109375,6241.06787109375,0
132675.9375,2,2,2,30.270938873291016,0,0,0,0,2,0,22643.873046875,21879.861328125,28239.66796875,29354.384765625,29168.9453125,27470.94921875,4533.0986328125,2356.644775390625,2519.947998046875,1457.914794921875,1890.835205078125,3165.67041015625,0
142408.5625,2,2,1,43.969871520996094,0,0,-2,-2,-2,-2,17025.1015625,5742.46875,1150.48828125,1083.50390625,1101.4609375,3.84765625,922.80126953125,811.310546875,525.00341796875,501.1943359375,316.70068359375,1792.716552734375,0
147625.875,2,2,2,29.596738815307617,0,0,2,0,0,2,100999.2421875,95386.515625,93664.015625,98056.984375,96789.546875,86169.734375,4727.4453125,4562.97314453125,4205.81298828125,4496.03759765625,3316.4736328125,4244.28955078125,0
124473.09375,2,2,1,41.71638488769531,0,0,0,0,0,0,46218.55859375,43799.9921875,48708.3203125,48519.68359375,44919.98828125,43935.5,2793.756591796875,3207.673583984375,2296.39990234375,2613.047119140625,2619.055908203125,3137.53955078125,0
108258.75,2,2,2,30.42963409423828,0,0,0,0,0,0,53735.4609375,53425.84375,53168.4609375,51064.4453125,45138.92578125,44963.5625,3008.763671875,3179.1220703125,2400.33544921875,2695.500732421875,2694.6943359375,3456.777099609375,0
42425.375,1,2,2,29.744626998901367,0,0,0,0,0,0,17943.4765625,14869.24609375,16558.853515625,15227.5625,9366.34375,11855.240234375,1697.130615234375,1942.49951171875,1527.867919921875,1158.582275390625,218.6142578125,1880.69775390625,0
187464.359375,2,1,2,29.550466537475586,-1,-1,-1,-1,-1,-1,4568.90625,1590.171875,1640.37109375,5572.55078125,1852.3828125,2936.0546875,1037.90625,1524.1259765625,5276.2919921875,1727.384765625,1740.73583984375,2422.794677734375,0
255816.6875,2,1,1,39.87389373779297,-2,-2,-2,-2,-2,-2,4570.984375,1070.3203125,558.765625,583.56640625,1046.015625,790.74609375,668.9814453125,1025.2998046875,795.45556640625,608.64404296875,542.4208984375,3366.4814453125,0
197248.828125,2,1,2,32.02700424194336,0,0,0,0,-1,-1,12639.6171875,8548.1171875,7928.51953125,3487.23046875,16193.529296875,133897.5,2199.921630859375,2846.579345703125,2684.211181640625,2502.23974609375,130486.4609375,7371.4833984375,0
15061.765625,2,2,2,29.04384994506836,1,2,2,2,0,0,22897.3125,22895.181640625,21808.271484375,21713.88671875,23512.6171875,20260.466796875,1648.49462890625,2175.03369140625,1932.472900390625,1382.815673828125,1466.859619140625,2099.740966796875,0
183270.640625,2,2,1,37.71106719970703,-1,-1,-1,-1,-1,-1,4600.625,3495.33203125,3934.91015625,1002.20703125,1160.140625,1537.09765625,1902.51318359375,3607.9326171875,700.1083984375,624.46826171875,557.412109375,2178.708740234375,0
161551.546875,2,2,1,37.45500183105469,-1,-1,-1,0,0,0,10521.93359375,5544.8671875,33130.03125,29166.486328125,27544.294921875,26667.45703125,1847.7607421875,16783.08203125,5866.39208984375,2874.12158203125,2608.12890625,5703.23486328125,0
252161.859375,2,2,2,37.96088790893555,-2,-2,-2,-2,-2,-2,13829.87109375,16379.1875,11934.97265625,2858.94921875,1068.5546875,-111.0390625,11940.251953125,6615.6328125,1619.506103515625,1518.171142578125,988.291748046875,5631.10986328125,0
42980.796875,1,2,1,41.628170013427734,0,0,0,2,0,0,19038.373046875,17640.12109375,17924.99609375,16977.4921875,17091.1015625,16552.591796875,2465.501220703125,1876.4775390625,1575.047119140625,1171.7705078125,1196.833740234375,2076.906494140625,0
137611.5625,2,2,1,41.87548828125,0,0,0,0,0,0,74326.3984375,70660.7421875,71405.0703125,68378.4375,69897.546875,65380.5078125,3492.479736328125,3568.719970703125,2938.37109375,3099.574951171875,3073.033203125,2751.393798828125,0
61541.9609375,2,2,2,28.893463134765625,0,0,0,2,0,0,42513.265625,41423.078125,40242.6953125,37534.3359375,39386.640625,35877.65234375,2490.063232421875,3320.799072265625,2219.4462890625,2472.012939453125,2040.855224609375,2495.77685546875,0
106591.0703125,2,2,2,31.263402938842773,0,0,0,0,0,0,50462.26171875,48602.78125,50454.484375,50891.71875,35994.0,47154.328125,2652.12353515625,3174.84375,2304.256103515625,2625.059326171875,1901.654296875,2703.523193359375,0
240218.484375,2,1,2,31.586606979370117,0,0,0,0,0,0,128848.015625,117241.7421875,122296.34375,117638.515625,121246.90625,103116.078125,5913.94189453125,7283.123046875,4626.90625,4665.6787109375,5280.833984375,6296.12744140625,0
166853.53125,2,1,2,30.88271713256836,0,0,-1,0,-1,-1,10412.765625,7326.16796875,3215.1796875,4855.9609375,2848.9609375,3849.34375,1071.94384765625,1790.38525390625,1819.242919921875,521.93798828125,2252.102783203125,2730.954345703125,0
158062.40625,2,1,2,36.98310470581055,0,0,0,0,0,0,51142.40625,52858.47265625,37368.90625,29185.203125,22290.7109375,19521.490234375,3529.506591796875,3916.09130859375,3717.218994140625,2940.505859375,4295.6953125,5272.03662109375,0
74252.9375,2,3,1,40.25019073486328,1,2,0,0,0,0,47981.69921875,38428.25390625,39180.34375,27063.765625,26747.041015625,24661.796875,2349.607666015625,2289.559814453125,1869.1787109375,1421.71044921875,1564.3369140625,2274.650146484375,1
315845.6875,2,1,1,39.03581237792969,-1,-1,-1,-1,-1,-1,7844.49609375,6661.06640625,10743.640625,11076.83984375,17555.31640625,12455.326171875,7058.5244140625,10974.953125,7586.90087890625,11835.970703125,7891.14599609375,6660.73876953125,0
292851.03125,2,2,2,38.35665512084961,-1,-1,-1,-1,-1,-1,24237.2421875,68295.8203125,53313.9609375,30703.48828125,17073.65625,22681.203125,84055.0,23420.68359375,21375.26171875,8004.958984375,25316.26953125,17527.37890625,0
64022.59375,2,2,1,36.63957977294922,0,0,0,0,2,2,12488.6640625,10015.86328125,10637.82421875,11805.623046875,12182.7265625,10541.4609375,1413.70556640625,3047.669921875,1490.65087890625,1029.407470703125,1054.28076171875,2113.995849609375,0
133999.5625,2,1,2,30.385229110717773,-1,0,-1,-1,0,-1,8743.97265625,4514.6171875,4989.06640625,1887.5546875,3316.9296875,7094.931640625,1200.26220703125,1026.1708984375,473.96337890625,1441.00390625,554.6923828125,2184.922119140625,0
284408.25,2,1,1,37.35724639892578,-2,-2,-2,-2,-2,-2,7982.2578125,6726.2109375,7438.4140625,10304.4453125,16437.611328125,15502.6015625,7876.5869140625,7157.775390625,10272.01171875,10540.873046875,8852.724609375,11373.6328125,0
274270.90625,2,1,2,41.9117317199707,-1,-1,-1,-1,2,0,9081.58203125,4250.61328125,6452.98828125,158404.65625,116205.796875,138738.8125,2690.677978515625,7550.1640625,135944.0625,11858.6259765625,7032.572265625,13262.1640625,0
114720.75,1,2,2,29.562053680419922,-1,-1,-1,-1,-1,-1,9543.0234375,3291.78515625,1600.70703125,2339.8203125,6420.72265625,5366.8046875,1994.52490234375,1253.24658203125,908.34130859375,6978.8837890625,3128.60302734375,2484.151611328125,0
88707.0546875,2,2,2,36.83211135864258,2,2,2,2,2,0,37108.39453125,31899.515625,35479.90625,35827.53515625,34269.55078125,31520.810546875,5598.3349609375,3332.488525390625,3359.645751953125,3386.71826171875,3214.92626953125,2919.337646484375,1
221842.5625,2,1,1,39.6897087097168,1,-2,-2,-2,-2,-2,4032.13671875,734.76171875,431.140625,444.8046875,1095.8671875,-60.71875,573.62841796875,801.484375,635.30859375,564.79638671875,307.4736328125,2273.722412109375,0
57323.7890625,2,2,2,30.684345245361328,0,0,0,0,0,0,35042.625,32829.81640625,34120.49609375,34996.01953125,36632.65625,34315.25390625,2317.447265625,3136.673095703125,2152.08251953125,3117.8193359375,2020.804931640625,2509.09912109375,0
208005.3125,2,2,1,41.16041946411133,1,5,4,3,2,2,243981.78125,231640.09375,208650.953125,200214.421875,136725.4375,219169.734375,7732.64208984375,9222.0126953125,10753.947265625,13379.568359375,9374.3310546875,8334.3759765625,1
269274.40625,2,1,2,33.97314453125,-1,-2,-1,0,0,0,10096.2109375,11291.859375,15684.0,18682.119140625,24902.7265625,19209.71484375,8951.0205078125,12377.2451171875,13615.625,4245.67236328125,7479.8623046875,10740.123046875,0
64218.359375,2,2,2,31.10785675048828,2,2,2,2,2,2,66810.84375,63882.68359375,64950.2578125,63075.9453125,65226.25390625,63322.0390625,3214.94287109375,3364.7802734375,3325.920166015625,3932.531982421875,2583.886962890625,2643.561767578125,1
80484.9921875,2,2,1,36.71666717529297,0,0,0,0,0,0,31458.1953125,27550.005859375,29044.921875,26811.03515625,26897.02734375,24398.16796875,2281.90673828125,2351.264404296875,1859.269775390625,1429.742919921875,1577.52197265625,2283.928466796875,0
215983.5625,2,2,2,37.690982818603516,0,0,0,0,0,0,117973.421875,114038.703125,123814.65625,123321.171875,115992.859375,116587.9296875,6426.1572265625,5796.0703125,5389.27978515625,6073.814453125,7807.5048828125,4981.91259765625,0
206726.625,2,1,2,32.78076171875,0,0,0,0,0,0,23109.189453125,16069.54296875,78958.421875,72821.6484375,57668.24609375,67996.765625,5194.01513671875,44103.51171875,9003.587890625,5082.21435546875,4477.15576171875,9946.16796875,0
162842.1875,2,2,1,38.56010818481445,1,2,0,0,0,0,35377.765625,31993.55859375,35156.48046875,32053.228515625,34656.69140625,31433.1484375,3433.92138671875,4415.21435546875,3378.6865234375,2906.445556640625,3137.978515625,7213.10791015625,0
202693.484375,2,1,2,30.525081634521484,-2,-2,-2,-2,-2,-2,6248.5859375,3654.8046875,5806.47265625,14537.306640625,18572.21875,4334.44921875,2772.629150390625,4381.865234375,11320.478515625,5989.15234375,1976.754150390625,4092.737548828125,0
65075.8359375,2,2,2,30.79717254638672,0,0,0,0,0,2,40353.3046875,35602.359375,34576.79296875,30486.0859375,28921.3671875,25373.794921875,2476.78955078125,2481.844482421875,2052.641845703125,1847.837158203125,1417.36083984375,2407.968505859375,1
273477.875,2,2,1,42.415035247802734,0,0,0,0,0,0,96468.546875,233862.734375,204748.109375,189293.578125,170776.890625,159489.109375,88006.65625,27087.44921875,9879.5302734375,9268.3544921875,9666.6298828125,14056.92578125,0
356257.625,2,1,2,31.985578536987305,-2,-2,-2,-2,-2,-2,17886.18359375,28292.759765625,24590.939453125,21628.91015625,17356.8828125,11156.103515625,18530.951171875,22158.921875,14852.609375,12893.296875,10501.4189453125,15061.51953125,0
74292.28125,2,2,2,29.292375564575195,0,0,0,0,0,0,23899.669921875,29478.40625,22852.962890625,17433.830078125,18193.2734375,18632.35546875,7444.283203125,4634.119140625,2768.634765625,2345.83837890625,2041.983642578125,4901.05517578125,0
170710.0625,2,2,2,44.340484619140625,-1,-1,-1,-1,-1,-1,4441.14453125,1266.19140625,777.0859375,882.0390625,1146.78125,777.95703125,852.59619140625,1194.810546875,780.74853515625,665.96728515625,526.68798828125,2401.311767578125,0
220810.96875,2,2,1,37.814735412597656,-2,-2,-2,-2,-2,-2,4062.84765625,1413.3203125,2276.90234375,3372.64453125,1145.6171875,333.8125,535.966796875,1325.7568359375,3220.945556640625,515.25244140625,426.6259765625,2004.599609375,0
83610.671875,1,2,1,39.181312561035156,0,0,0,0,0,0,10352.15234375,6728.92578125,7671.12890625,6456.63671875,6908.578125,5774.37890625,1189.71826171875,1775.9912109375,1075.873046875,954.537353515625,921.067138671875,1857.152587890625,0
7987.21875,2,2,2,43.09425354003906,1,2,0,0,0,0,27980.076171875,37782.94140625,30037.6953125,28251.25390625,28449.123046875,26172.494140625,1899.099853515625,2285.719482421875,1944.83154296875,1506.975830078125,1581.907470703125,2348.6875,0
184807.53125,2,2,2,39.13833236694336,0,0,0,0,0,0,16502.12109375,22956.845703125,8960.83203125,15734.04296875,11402.826171875,11705.470703125,3195.643310546875,5459.28125,4317.541015625,3848.931396484375,4496.44140625,8414.669921875,0
157334.171875,2,2,1,41.93660354614258,0,0,0,0,0,0,80974.4296875,61071.86328125,42071.4921875,76990.78125,57067.19921875,52937.48828125,6703.546875,11919.775390625,29098.40234375,4738.46875,5420.0859375,5427.60107421875,0
211576.078125,2,1,2,29.89101219177246,1,-2,-2,-2,-2,-2,3995.71484375,795.859375,509.00390625,868.59765625,1099.54296875,-38.26953125,479.44189453125,799.9619140625,521.0947265625,464.75146484375,319.3701171875,1664.829833984375,0
156810.796875,2,2,1,37.45110321044922,0,0,-2,-2,-2,-2,15590.3671875,1748.3359375,746.90234375,879.10546875,1171.88671875,2402.50390625,678.70703125,939.123046875,511.9248046875,501.25830078125,429.2744140625,1837.866943359375,0
69595.109375,1,3,1,28.878528594970703,1,2,2,0,0,2,15994.328125,12852.82421875,13890.6328125,13433.771484375,15696.216796875,12522.75,1531.12353515625,1904.0009765625,1461.998779296875,1490.635986328125,1085.195068359375,1974.985595703125,1
302467.78125,2,1,2,33.629058837890625,0,0,0,0,0,0,160551.859375,159904.421875,172830.140625,171915.625,150378.125,141965.484375,22737.73046875,10660.9267578125,15619.0908203125,10510.4609375,13377.087890625,13852.703125,0
249111.28125,2,2,1,41.86956024169922,0,0,0,0,0,0,112416.078125,97450.5,104489.0625,103618.046875,104975.15625,102520.890625,6017.81787109375,5857.8642578125,4537.7021484375,4621.11572265625,5573.96875,8653.1328125,0
271794.09375,2,1,1,39.328590393066406,-1,2,-1,-1,-1,-1,19659.736328125,12071.6875,104207.859375,82753.671875,17999.728515625,8486.482421875,5889.3974609375,190279.515625,7410.943359375,13512.048828125,5919.39697265625,12983.3310546875,0
227874.453125,2,1,2,31.274169921875,-1,-1,-1,-1,-1,-1,12674.67578125,12001.6796875,8316.20703125,6189.09375,17045.630859375,8209.779296875,7774.35107421875,4029.71337890625,4581.4169921875,11476.662109375,5366.8134765625,6405.078125,0
80696.609375,2,2,1,37.417457580566406,0,0,0,0,0,0,23159.38671875,22406.541015625,20636.23046875,17351.544921875,17802.8828125,16635.556640625,1947.72021484375,2288.002197265625,1754.385009765625,1238.689697265625,1252.509765625,2872.451904296875,0
123059.5234375,2,2,2,29.064189910888672,-1,-1,2,-1,0,-1,4394.5546875,8050.76171875,1454.86328125,3674.51171875,2269.54296875,804.0546875,4022.46142578125,791.37158203125,1141.337158203125,443.7216796875,569.05419921875,2016.71826171875,0
167757.765625,2,2,2,37.23655319213867,0,0,0,0,0,0,98142.2734375,94010.625,98171.21875,98311.140625,97305.3984375,91392.734375,3948.46630859375,4584.5849609375,3704.6875,3385.812255859375,3695.296875,3674.30029296875,0
97058.140625,2,2,2,30.750802993774414,0,0,0,0,0,0,68418.140625,61428.984375,62957.7265625,55389.453125,56044.0078125,51595.5859375,3497.34765625,3236.702880859375,2582.95947265625,2757.9150390625,2762.9423828125,2690.732666015625,0
124730.1796875,2,2,2,41.00518035888672,-1,-1,0,0,0,0,26590.91015625,88174.78125,71266.265625,62188.828125,57981.625,53518.6875,77881.953125,13381.068359375,4766.31396484375,4474.9873046875,3938.744384765625,8674.3125,0
205722.4375,2,2,1,41.85060501098633,0,0,0,0,0,0,15233.55078125,13561.89453125,18582.875,21806.75390625,27537.515625,23995.13671875,3797.36376953125,6729.8896484375,5749.962890625,4189.994140625,5920.62109375,7113.01171875,0
124512.5390625,2,2,2,27.969837188720703,0,0,0,-1,-1,-1,19343.564453125,8498.609375,10989.91015625,12544.1328125,7009.84765625,4789.13671875,5036.447265625,6231.33740234375,13771.8544921875,2976.80517578125,2067.522705078125,3185.23193359375,0
276601.3125,2,1,2,33.55549621582031,0,0,0,0,0,0,215517.03125,202656.46875,188919.90625,175070.234375,133740.34375,122480.9375,10231.3359375,9495.9580078125,6082.12646484375,4086.87890625,4791.22314453125,9096.7216796875,0
290976.21875,2,2,1,41.472747802734375,0,0,0,0,0,2,196522.390625,185170.65625,192042.796875,191372.46875,215033.75,164535.484375,11019.16796875,9120.6875,10519.744140625,10031.634765625,10665.224609375,8748.3798828125,1
259748.53125,2,1,2,31.49457359313965,0,0,0,-1,-1,-1,59369.6484375,52738.65625,32790.9453125,24415.5,11193.353515625,18823.095703125,9441.8291015625,8228.9619140625,8403.560546875,5591.4716796875,13268.54296875,11372.904296875,0
260507.75,2,2,2,41.76504135131836,0,0,0,0,0,0,166965.34375,149862.0,121029.078125,71598.3359375,39678.7890625,22153.73828125,13631.4736328125,14031.09375,5071.94287109375,6661.01611328125,4446.30224609375,16824.41015625,0
31804.078125,2,2,1,38.705928802490234,2,2,2,2,2,2,29794.1328125,26784.46484375,27329.353515625,28669.140625,27598.5234375,24469.39453125,2047.4228515625,2232.264404296875,1969.635986328125,1329.11279296875,1425.3701171875,2383.177490234375,1
79034.4921875,2,3,1,40.024024963378906,0,0,0,2,0,0,19697.83203125,18416.708984375,21042.384765625,19684.177734375,18655.89453125,17433.40625,1753.550537109375,2504.458251953125,1825.478515625,1253.189208984375,1219.648193359375,2221.505859375,1
209236.484375,2,2,1,38.04969787597656,1,-2,-2,-2,-2,-2,3892.4765625,790.421875,567.31640625,846.5390625,1102.59765625,-31.26953125,482.3515625,801.53369140625,513.416015625,464.51708984375,306.7763671875,1591.468994140625,0
129093.2265625,2,1,2,32.987823486328125,0,0,0,0,0,0,69021.34375,76866.28125,57606.4609375,38808.13671875,28856.9609375,22528.56640625,3571.38720703125,3394.61865234375,2427.55419921875,1243.812744140625,1324.24755859375,4962.23291015625,0
196314.03125,2,1,2,32.57412338256836,-1,-1,-1,-1,-1,-1,9822.640625,11487.171875,5347.25390625,12261.798828125,7936.822265625,2924.51953125,8636.33984375,2389.30908203125,15818.6923828125,4232.86962890625,1976.416259765625,7951.310546875,0
247892.65625,2,1,2,32.61309814453125,0,0,0,0,0,0,308513.75,208537.328125,129247.59375,32570.2578125,22089.00390625,20336.904296875,8873.7314453125,5740.1884765625,3315.3798828125,2156.79345703125,2288.341064453125,10050.447265625,0
72316.578125,2,2,1,36.87068176269531,2,2,2,2,2,2,30519.9140625,30494.767578125,31310.123046875,31107.3203125,30351.29296875,28555.5703125,2210.62939453125,2506.89697265625,2174.914794921875,1914.153564453125,1752.431396484375,2379.049072265625,0
245883.4375,2,1,1,32.94491195678711,-2,-2,-2,-2,-2,-2,5401.15234375,3590.12890625,5998.0703125,3383.515625,3626.75,4436.234375,3226.324951171875,4729.8349609375,3115.425048828125,2634.870361328125,2704.99658203125,4538.4873046875,0
129666.2109375,2,2,2,31.184301376342773,0,0,0,0,0,0,67289.9296875,60637.21875,39236.46875,63580.73046875,26982.75390625,44501.7890625,5840.3515625,6713.02880859375,1929.486328125,9869.1201171875,2733.167236328125,3462.517333984375,0
98062.6015625,1,2,1,35.73076629638672,0,0,0,0,0,0,52148.30078125,43078.33203125,39815.0625,19627.236328125,33047.5,15588.037109375,3439.23046875,4154.09912109375,4952.34326171875,8010.18896484375,2822.723388671875,3589.067626953125,0
264576.5,2,2,1,31.648460388183594,0,0,0,0,0,0,210947.375,197811.4375,177639.171875,152721.65625,133470.890625,131019.6171875,8939.212890625,7143.0556640625,5088.46435546875,5021.09033203125,5615.115234375,6782.99462890625,0
138734.921875,2,1,2,30.337688446044922,0,0,-1,-1,0,0,13344.74609375,7012.2890625,7300.5546875,28917.44140625,24771.8359375,26598.140625,2701.7841796875,3300.6953125,29404.390625,6738.72021484375,4273.09765625,7649.794921875,0
214215.0,2,2,1,38.33918762207031,0,0,0,0,0,0,213670.234375,186592.8125,144965.3125,114409.140625,68411.5234375,60509.5546875,8392.35546875,7412.03662109375,3374.16552734375,3756.655517578125,4311.4482421875,9298.03515625,0
59619.921875,2,2,2,28.644371032714844,0,0,0,0,0,0,14561.828125,11273.15234375,11724.8984375,10922.541015625,10726.578125,10684.490234375,1694.744140625,2211.4873046875,1510.406494140625,1178.6337890625,1095.13232421875,2314.9794921875,0
285019.28125,2,2,1,31.8552188873291,1,2,0,0,0,0,247699.703125,241071.515625,245522.859375,221464.375,219963.03125,192689.28125,10391.3505859375,9622.3984375,8799.232421875,8727.46484375,9416.359375,8145.43359375,1
55597.9453125,1,3,1,33.75722885131836,0,0,0,2,2,0,11697.6015625,8731.41015625,8494.59765625,7243.70703125,7789.326171875,6496.150390625,1835.2080078125,1681.0732421875,1152.034912109375,862.263427734375,995.855224609375,1924.583984375,0
115170.75,1,2,1,28.838321685791016,1,2,2,2,2,2,14741.6953125,8857.14453125,46349.24609375,45722.8046875,42871.19921875,43891.0,2173.222900390625,21133.33203125,6976.5380859375,3887.280517578125,3595.4287109375,4602.171875,1
100717.8203125,1,2,1,30.93714714050293,0,0,0,0,0,0,50802.96484375,40139.41015625,40896.89453125,30930.4921875,29539.251953125,26696.4453125,2730.970947265625,2463.433837890625,2235.88037109375,1542.6416015625,1594.70947265625,2350.705810546875,0
339295.03125,2,2,1,31.857851028442383,0,0,0,-1,-1,-1,42583.38671875,23593.24609375,22863.50390625,24812.677734375,216748.953125,189708.0625,7741.0517578125,5847.7568359375,27244.91015625,115971.5703125,83821.28125,17087.830078125,0
95084.90625,2,2,1,39.95564651489258,0,0,0,0,0,0,20338.017578125,16762.513671875,20516.294921875,18199.99609375,17421.734375,16462.287109375,1890.921142578125,2584.48486328125,1483.40625,1202.848388671875,1288.473876953125,2478.359375,0
10902.796875,1,2,2,28.62957000732422,1,2,2,0,0,0,15316.8359375,16657.66015625,17073.041015625,16256.685546875,16772.41015625,16464.220703125,1507.97314453125,1908.70703125,1547.701171875,1159.01123046875,1138.112548828125,2193.92333984375,0
165802.0625,2,2,1,36.88568115234375,2,2,2,0,0,0,86476.46875,78009.6875,75574.5,68023.9296875,35843.41015625,49739.953125,6036.3701171875,6344.4150390625,5664.02783203125,6500.63427734375,1888.803466796875,15593.486328125,1
50678.09375,2,2,1,44.22431945800781,1,2,0,0,0,0,14801.4453125,15235.82421875,18078.947265625,17155.177734375,17001.234375,17032.8515625,1472.95654296875,2065.6044921875,1519.9169921875,1500.550537109375,1106.764404296875,2170.941162109375,0
153184.453125,2,2,1,44.05870056152344,-1,-1,-1,-1,-1,-1,4526.453125,5772.390625,1676.53515625,1549.60546875,1360.99609375,12.58984375,937.80126953125,795.70849609375,747.6591796875,822.101806640625,563.5947265625,1958.5244140625,0
132921.875,2,2,2,37.14853286743164,0,0,0,0,0,0,45748.51171875,49724.98046875,49738.01171875,32827.9921875,28516.34375,20284.408203125,4703.8125,4115.85986328125,2276.229248046875,1313.683837890625,1691.399169921875,3080.076416015625,0
206106.6875,2,1,2,41.406551361083984,-1,2,-1,-1,-2,-1,10302.5859375,1826.57421875,1071.5234375,580.0703125,1423.98828125,4424.5703125,762.18408203125,3533.8544921875,1242.230712890625,735.217041015625,4004.44677734375,7357.125,1
174568.8125,2,1,1,40.831912994384766,-1,-1,-1,-1,-1,-1,4606.33203125,2837.7890625,2443.69140625,847.01953125,1689.24609375,2858.39453125,1489.9580078125,1263.49462890625,821.888671875,1235.22998046875,1656.3603515625,2727.213623046875,0
256439.125,2,1,2,33.11349868774414,-1,-1,-1,-1,-1,-1,10904.15625,15535.2578125,7200.33984375,8605.28125,6904.7421875,16673.673828125,11647.23046875,4105.97705078125,6383.2978515625,3199.943359375,12404.072265625,9427.412109375,0
166549.296875,2,2,1,44.302650451660156,1,-2,-2,-2,-2,-2,4002.8828125,833.44140625,587.46875,852.984375,1116.390625,-37.16015625,394.0625,732.05126953125,457.46142578125,451.0283203125,240.19921875,1531.023681640625,0
89008.390625,1,2,1,35.21598815917969,0,0,0,0,-2,-2,50075.8046875,45064.01171875,26441.015625,17318.3984375,2168.515625,1824.73828125,2626.253173828125,2802.70849609375,88.89404296875,453.4697265625,332.66455078125,1912.005859375,0
133262.40625,2,1,1,40.81632995605469,-1,-1,-1,2,0,-1,4991.7578125,5780.75390625,4508.36328125,5883.96875,4466.44140625,7019.2265625,4086.660400390625,1415.89501953125,1025.45849609375,561.6572265625,676.06298828125,3234.65185546875,0
256779.75,2,1,1,40.06393814086914,-2,-2,-2,-2,-2,-2,4569.828125,2108.60546875,745.70703125,494.7578125,1234.52734375,3131.66015625,1354.3056640625,935.70654296875,801.7099609375,583.07861328125,1573.2568359375,2367.180908203125,0
219086.6875,2,2,1,40.918853759765625,0,0,0,0,0,0,147818.234375,135510.125,103825.3671875,63516.8046875,102277.796875,88426.8125,7467.08251953125,8649.576171875,8854.8935546875,14282.142578125,6900.5849609375,9606.599609375,0
341140.40625,2,2,1,39.13639450073242,0,0,0,0,0,0,249842.953125,233567.875,238421.171875,189600.90625,188713.328125,141159.34375,12228.73046875,10594.224609375,10609.6328125,7705.96875,12186.7509765625,8038.3857421875,0
31934.875,2,2,2,30.563261032104492,0,0,0,0,0,0,14783.0078125,12073.51953125,13036.14453125,13610.646484375,14468.271484375,13896.53125,1636.884033203125,2107.53076171875,1516.56298828125,1174.580322265625,1224.8330078125,2166.54296875,0
212343.03125,2,1,2,31.386112213134766,2,-1,2,2,2,2,187037.875,142068.09375,127585.03125,77677.1640625,63526.625,55971.609375,35167.0859375,12985.2861328125,9076.6748046875,6327.93212890625,4787.2294921875,9629.9296875,0
6093.265625,2,2,2,29.375415802001953,1,2,2,2,0,0,6250.76171875,6922.66796875,8920.359375,6550.22265625,7347.923828125,5460.5625,958.98291015625,1653.58544921875,1129.577392578125,963.47265625,849.19482421875,1984.890380859375,1
191159.078125,2,2,2,28.694534301757812,0,0,0,-1,-1,0,15251.01953125,26750.955078125,9110.02734375,7758.3671875,24163.87109375,12476.916015625,2599.046142578125,2069.09326171875,5251.46142578125,12501.38671875,3061.61083984375,4595.244140625,0
49879.546875,1,2,2,27.725404739379883,0,0,0,0,0,0,20024.849609375,17813.90234375,17958.185546875,16286.626953125,12488.9921875,14367.271484375,1896.77880859375,2082.45849609375,1488.74365234375,1162.799560546875,1100.287353515625,2145.181396484375,0
290927.0,2,2,2,38.41082000732422,0,0,0,0,0,2,234744.3125,235549.359375,233545.859375,253776.546875,252366.890625,203642.984375,11954.2421875,11522.3515625,11746.7021484375,9837.4697265625,14004.634765625,10850.7939453125,0
175164.921875,2,2,1,37.107147216796875,0,0,0,0,0,0,183328.84375,168268.90625,145673.046875,99668.4375,67212.1875,57057.09375,8295.833984375,5552.109375,3592.136474609375,3265.91943359375,2920.69677734375,7200.0029296875,0
248678.421875,1,2,1,40.371395111083984,0,0,0,2,-1,-1,73014.7421875,59730.78125,40465.0078125,22538.755859375,21343.107421875,16660.07421875,9487.30078125,10308.111328125,7851.98974609375,14326.845703125,12199.12890625,17375.6484375,0
51182.7421875,2,2,1,41.86947250366211,1,2,2,2,2,0,8852.7109375,8629.57421875,10655.83203125,9646.8671875,9947.078125,9896.921875,1254.3154296875,2411.18115234375,1487.288818359375,951.812255859375,1141.369873046875,2015.223388671875,1
231181.1875,2,1,2,31.99681854248047,-1,-1,-1,-1,-2,-1,4557.93359375,1501.4453125,3554.47265625,604.5234375,2127.41796875,6698.19140625,1621.874755859375,4409.2890625,1265.629638671875,2147.745849609375,6153.29443359375,2718.322021484375,0
99260.28125,1,2,1,40.44538879394531,2,2,2,2,2,2,29800.701171875,29070.796875,28605.93359375,30348.22265625,31526.8125,28020.765625,2189.73046875,2348.70947265625,1915.342529296875,1349.24267578125,1633.718994140625,2117.421142578125,1
281392.375,2,1,2,31.590877532958984,0,0,0,0,0,0,196374.796875,184793.703125,190166.953125,188227.671875,187835.640625,173317.125,9281.357421875,7564.6005859375,6932.6669921875,8529.9140625,7666.97265625,7297.52587890625,0
179633.5,2,1,1,33.229618072509766,-2,-2,-2,-2,-2,-2,4184.44921875,667.66796875,312.46484375,450.4140625,1033.890625,-39.65234375,660.23876953125,846.2568359375,682.14892578125,598.111328125,413.45947265625,2688.797607421875,0
212966.96875,2,2,1,28.969846725463867,0,0,0,0,0,0,34936.56640625,38335.34375,52917.078125,53876.44140625,55919.1171875,50876.78125,12254.8056640625,6234.693359375,7093.1650390625,4754.14208984375,4528.34228515625,5809.70166015625,0
379008.6875,2,1,2,32.89238739013672,0,0,0,0,0,0,262623.125,238829.65625,290868.28125,289804.625,308787.09375,271334.0,31330.609375,12591.330078125,30643.38671875,19065.865234375,16959.603515625,24038.671875,0
122550.640625,1,3,1,39.44314956665039,0,0,0,-2,-2,-2,22055.650390625,10918.21484375,1788.53515625,14163.416015625,972.47265625,74.49609375,3561.10595703125,1606.2880859375,476.88037109375,1352.4404296875,1283.807373046875,2710.9169921875,0
146986.375,2,2,2,29.711740493774414,0,0,0,0,0,0,101057.6640625,94486.296875,84591.15625,76809.28125,69866.078125,65586.125,3853.58251953125,4068.80419921875,2974.3427734375,3140.73046875,3107.3251953125,3623.603515625,0
257590.53125,2,2,1,38.177330017089844,1,2,0,0,0,0,111636.734375,108973.4375,114449.375,122698.890625,117099.453125,123876.8359375,7731.43212890625,5645.185546875,5480.43603515625,7820.36376953125,6567.1513671875,6971.3955078125,0
133927.171875,2,2,2,31.599231719970703,0,0,0,0,0,0,76945.921875,82932.96875,76986.0859375,75147.3828125,76065.015625,75283.890625,3593.6279296875,3968.65380859375,3321.419921875,3212.498046875,3172.16455078125,3204.61328125,0
305487.34375,2,1,2,31.959590911865234,0,0,0,0,0,0,152918.359375,170990.28125,157236.796875,161283.8125,156064.1875,134591.421875,32957.7734375,19866.712890625,22457.05078125,20168.486328125,16001.287109375,18760.794921875,0
508411.25,1,1,1,34.83485412597656,0,0,0,0,0,0,476564.5,462352.3125,525037.8125,445557.9375,413169.28125,372309.96875,42941.9375,18986.048828125,63063.66015625,19018.21484375,21494.857421875,15853.20703125,0
169016.796875,2,2,1,42.53619384765625,1,-2,-2,-2,-2,-2,4142.3515625,792.87109375,574.20703125,846.5390625,1099.2265625,-58.90625,479.9443359375,751.3193359375,456.3330078125,455.58984375,296.9599609375,1523.67138671875,0
154443.140625,2,2,1,29.73166275024414,0,0,-2,-2,-2,-2,15721.5,16889.216796875,2478.58203125,1165.2734375,1120.9765625,69.09765625,956.80712890625,809.30712890625,539.63720703125,478.90673828125,320.91650390625,1888.6513671875,0
289865.4375,2,1,2,31.409488677978516,-1,-1,-1,-1,0,0,6586.05859375,1831.51953125,3629.3359375,20959.32421875,20935.990234375,22990.525390625,2525.300048828125,2747.496826171875,15632.3115234375,6094.70703125,6933.21142578125,6000.37158203125,0
68019.4921875,2,3,1,41.593021392822266,0,0,0,0,0,0,18042.25390625,15767.50390625,14086.71484375,11533.728515625,10865.537109375,9953.45703125,1712.0966796875,2023.577392578125,1449.525634765625,1154.31982421875,1120.658447265625,2048.538330078125,0
132004.75,2,2,1,42.46990203857422,-1,-1,-1,-1,-2,-2,5673.03515625,2286.04296875,3010.27734375,858.8671875,1123.49609375,33.96484375,533.380859375,1458.97119140625,791.0078125,546.6591796875,303.14306640625,2192.333984375,0
145397.375,2,3,1,43.00788497924805,0,0,0,-1,0,0,15903.7578125,6747.3203125,6222.44921875,16725.171875,9625.943359375,6907.626953125,3606.53076171875,2102.818359375,13821.0029296875,3035.26708984375,3265.270263671875,2742.624755859375,0
213191.828125,2,1,2,39.857505798339844,-2,-2,-2,-2,-2,-2,5035.1875,1299.22265625,2641.7890625,914.94140625,2293.7109375,2370.3828125,667.73095703125,1946.679931640625,1025.07470703125,2025.697998046875,1291.414306640625,4828.40234375,0
68293.265625,1,2,2,29.72854232788086,1,2,2,2,2,2,8169.5234375,5040.921875,3566.234375,4469.08203125,4335.30078125,5371.51953125,500.384765625,666.7841796875,388.03271484375,267.025390625,163.580078125,1805.03125,1
175406.53125,2,1,2,31.760038375854492,1,-2,-2,-1,-1,-1,4342.01171875,1017.07421875,491.05859375,5050.7890625,1204.22265625,2982.65234375,1287.4091796875,5762.7392578125,1662.081298828125,944.0146484375,1804.076904296875,2742.817138671875,0
45012.0703125,1,2,2,29.77692222595215,0,0,0,2,0,0,14984.30078125,12239.7890625,13591.5390625,13699.634765625,12031.7109375,13556.634765625,1713.93505859375,2130.740234375,1511.47265625,1177.9638671875,862.518310546875,2087.13916015625,0
171324.578125,2,2,1,37.86186599731445,0,0,0,0,0,0,134930.203125,125909.578125,121317.21875,82714.984375,83693.03125,63285.5234375,5349.318359375,5901.6259765625,4085.982421875,3280.81982421875,3197.52587890625,4869.28759765625,0
337901.25,2,1,1,39.34359359741211,-1,-1,-1,-1,2,0,20111.986328125,26949.888671875,45570.6796875,101659.703125,51760.3984375,69069.4140625,15163.982421875,46928.53515625,121708.7890625,30047.369140625,24153.037109375,26809.5,0
145971.96875,2,2,1,36.621036529541016,0,0,0,-1,-1,0,21631.931640625,27984.275390625,15213.29296875,13911.564453125,47314.81640625,35677.0625,2205.05126953125,2063.931640625,2880.99560546875,40707.15625,5247.0732421875,4661.98681640625,1
304757.5625,2,1,1,32.23347473144531,-1,-1,-1,-1,-1,-1,8546.5703125,6985.9375,6229.91796875,3839.43359375,6849.640625,15062.884765625,7571.13671875,6690.4052734375,3688.61962890625,9307.4697265625,11303.6298828125,9525.50390625,0
295080.1875,1,1,1,43.311553955078125,2,2,2,0,0,0,247272.140625,236070.65625,230426.640625,238510.140625,233570.515625,228777.921875,9286.091796875,12099.96484375,9937.5546875,10512.146484375,14836.404296875,13894.234375,0
262224.0,2,2,2,38.59619140625,0,0,0,0,0,0,224658.5625,212285.625,176022.140625,137547.28125,88438.2421875,89002.734375,8261.193359375,7067.1494140625,3925.2431640625,3770.23828125,3507.97900390625,8359.111328125,0
86005.5703125,1,2,2,34.15488815307617,0,-1,-1,-1,-1,-1,10601.76171875,3441.85546875,1247.35546875,1072.515625,1209.3125,914.34375,989.69140625,1183.52294921875,739.015625,621.716796875,541.302734375,1986.96728515625,0
81373.578125,2,2,1,36.718231201171875,0,0,0,0,0,0,30993.9453125,26838.861328125,28530.98828125,26684.943359375,23826.5625,24192.029296875,2079.0224609375,2322.06982421875,1993.501708984375,1404.700439453125,1581.40283203125,2297.4619140625,0
82184.6875,1,2,1,28.610698699951172,0,0,0,0,0,0,14773.15625,12636.8984375,13045.578125,13387.80859375,14055.630859375,12679.693359375,1646.4423828125,2127.512939453125,1533.367431640625,1176.2490234375,1225.7265625,2147.8984375,0
134132.609375,2,2,2,29.339290618896484,1,-2,-1,-1,-2,-2,3986.84765625,1291.546875,588.79296875,908.390625,1103.8671875,103.03125,473.955078125,958.1025390625,636.23291015625,454.880859375,290.814453125,1584.074462890625,0
183712.640625,2,2,2,40.14833450317383,1,-2,-2,-1,-1,-1,5875.37890625,1078.17578125,418.93359375,2192.9140625,1267.76171875,1030.828125,1170.67333984375,2278.265625,2213.53662109375,2121.864013671875,1937.174560546875,2019.58447265625,0
299478.0625,2,1,2,33.44976043701172,0,0,0,0,0,0,224283.96875,217857.28125,205164.46875,168098.84375,166379.875,170342.203125,10526.484375,7965.96826171875,7506.6484375,9793.2646484375,10117.12890625,10962.0234375,0
193654.171875,2,2,1,40.229801177978516,-1,-1,-1,-1,-1,-1,4706.0234375,3134.47265625,2159.8671875,2651.1015625,3425.8984375,3878.296875,2491.195556640625,1113.275390625,1619.01904296875,2606.751708984375,2226.79150390625,2227.69677734375,0
104469.328125,2,2,2,30.885982513427734,0,0,0,0,0,0,87981.1328125,59835.21875,58017.8515625,30324.978515625,27563.705078125,27212.41015625,3630.85693359375,2594.027099609375,2005.109375,1524.844482421875,1542.122802734375,3168.378662109375,1
179097.171875,2,1,2,41.32514953613281,-1,-1,-1,-1,-1,-1,4692.64453125,1230.109375,1407.12890625,592.85546875,1118.58984375,2238.7578125,913.06591796875,1193.20947265625,855.3505859375,718.4306640625,634.48583984375,2973.791259765625,0
180826.5,1,2,2,28.88817024230957,-1,0,-1,-1,-2,-2,9169.078125,5158.95703125,1454.31640625,927.53125,1109.1328125,40.890625,2588.06640625,1007.67626953125,673.818359375,472.18603515625,339.14501953125,1716.815185546875,0
247077.375,2,2,1,41.72016143798828,0,0,0,-1,-1,-1,60247.34375,53537.7265625,30617.078125,25430.380859375,4978.27734375,59237.29296875,7776.85107421875,5620.2783203125,2536.7373046875,3378.77392578125,55793.7421875,7705.419921875,0
125727.3046875,2,2,2,29.193557739257812,0,0,0,0,0,0,50675.515625,49681.64453125,50679.71875,43951.33984375,44680.5546875,42644.9609375,2567.61865234375,3151.92529296875,2316.51025390625,2604.4833984375,2521.600341796875,2642.423828125,0
84307.0390625,2,2,1,39.47461700439453,0,0,0,0,0,0,10236.16796875,6372.0546875,7696.46484375,6723.2109375,7341.0703125,6856.697265625,1124.91845703125,1791.6220703125,1111.658203125,998.12255859375,1022.849609375,2107.417236328125,0
367308.25,2,1,2,41.54433822631836,-1,-1,-1,-1,0,0,21828.578125,25398.73828125,37563.42578125,71128.109375,57870.0234375,33085.80078125,36812.26171875,21655.068359375,71533.8671875,20371.4296875,14516.158203125,24631.822265625,0
103735.390625,2,2,1,29.16410255432129,2,2,2,2,2,2,40852.6171875,37641.7109375,39324.00390625,40137.23828125,40118.90625,37789.46875,2400.485595703125,3029.989501953125,2253.691650390625,2309.581787109375,2045.061767578125,2554.27783203125,1
225099.9375,2,2,1,40.41070556640625,-2,-2,-2,-2,0,-2,89222.90625,79535.0546875,71001.9140625,60496.33984375,26896.953125,86967.109375,10202.1982421875,20405.345703125,21782.4375,16252.1328125,14152.009765625,6721.95556640625,0
128671.578125,2,2,1,40.38822937011719,0,0,0,0,0,-2,50614.375,49327.71484375,49095.84375,24447.931640625,21812.66796875,5002.65625,2512.9365234375,2976.52685546875,2569.990234375,341.03955078125,363.18017578125,2312.337890625,0
49247.875,1,2,2,29.61341094970703,0,0,2,2,2,2,14597.65234375,13003.47265625,12265.0078125,13058.484375,12095.0703125,12313.87109375,2168.439208984375,1927.3544921875,1519.6181640625,1040.68115234375,1122.273681640625,2123.46630859375,0
32117.59375,2,2,2,34.588138580322266,2,2,2,2,2,2,46712.625,43807.984375,46827.0234375,44814.921875,43518.890625,45807.86328125,2456.7578125,2878.848388671875,2242.230712890625,2335.323974609375,2356.6953125,2306.885986328125,1
111858.5234375,1,2,2,29.562131881713867,1,-1,-1,-1,-1,-1,4438.37890625,948.08203125,801.17578125,987.9921875,1892.63671875,5024.3203125,721.6728515625,1084.4521484375,634.97509765625,692.46923828125,3601.963134765625,1734.8232421875,0
159444.5,2,2,2,28.900920867919922,0,0,0,0,0,0,31923.89453125,42243.57421875,30651.033203125,22609.369140625,20210.412109375,16254.11328125,8044.0224609375,7720.45361328125,3556.0537109375,2741.20166015625,2374.8486328125,4855.14990234375,0
165955.078125,2,1,2,31.06319236755371,0,0,0,0,0,0,9646.9921875,7670.15234375,9437.43359375,11120.3359375,12938.0,13013.2734375,1469.29736328125,2081.097412109375,2268.085205078125,1608.81494140625,1437.846435546875,4438.82421875,0
149044.40625,2,2,2,40.128047943115234,0,0,-2,-2,-2,-2,17346.90625,3750.98046875,1101.5390625,869.00390625,1107.23828125,41.50390625,940.56787109375,829.40673828125,620.7685546875,544.43896484375,348.3095703125,2165.324462890625,0
135867.234375,2,2,2,30.881208419799805,0,0,0,0,0,0,51868.1875,49786.8359375,45619.1953125,37697.50390625,29756.01171875,30073.16015625,2783.917236328125,3132.71923828125,2098.304931640625,2136.025146484375,1524.36083984375,2775.858154296875,0
45249.4921875,2,2,2,29.12868881225586,0,0,0,0,0,0,50861.0546875,50687.57421875,48161.69140625,37715.21875,33556.28125,29091.515625,2554.3818359375,3103.968994140625,2226.511474609375,1526.1376953125,1710.8505859375,2487.956787109375,0
149685.25,2,2,1,40.38011932373047,0,0,0,0,0,0,84251.984375,84953.84375,89295.453125,72334.7578125,63571.515625,47439.9296875,6126.34228515625,4230.0791015625,3507.03173828125,2864.17236328125,2958.9794921875,3697.861572265625,0
151326.890625,2,2,1,39.78952407836914,0,0,2,0,0,0,40549.484375,32585.248046875,31895.03515625,31687.583984375,29828.55859375,27077.82421875,4429.7255859375,2916.982421875,2586.3271484375,2147.27001953125,2152.103515625,3452.301513671875,0
65942.75,2,2,2,30.26447868347168,0,0,0,2,2,0,27009.306640625,24022.275390625,25966.8671875,25958.52734375,25846.291015625,24167.39453125,2072.164794921875,2560.17529296875,1978.031494140625,1276.109619140625,1601.209228515625,2580.536376953125,0
95235.5078125,2,2,2,29.76934051513672,1,-2,-2,-2,-1,-1,4211.4296875,935.23046875,733.80859375,896.69140625,1256.5546875,2679.375,395.876953125,884.45751953125,628.4619140625,581.5546875,1349.883544921875,1809.4638671875,0
211763.71875,2,1,2,30.13102912902832,0,0,0,0,0,0,29609.234375,13697.72265625,23264.458984375,11002.478515625,8389.72265625,5656.49609375,5922.68212890625,6989.73291015625,2282.873779296875,1403.723876953125,1126.18017578125,5414.4306640625,0
183995.546875,2,1,2,37.745147705078125,1,-2,-2,-2,-2,-2,3921.5234375,589.390625,219.6796875,465.0,846.4375,-186.34375,534.2373046875,1188.70947265625,890.1923828125,619.51904296875,554.4990234375,3844.771484375,0
136947.46875,2,2,1,43.90134048461914,-1,-1,2,2,-1,-1,9184.23046875,20396.3671875,6866.5078125,3747.52734375,4588.09765625,5386.21875,10914.7412109375,2704.849609375,1209.08837890625,2908.853515625,818.02099609375,4419.8212890625,0
233076.921875,2,2,2,29.041820526123047,0,0,0,0,0,0,52949.1953125,51845.609375,46832.67578125,42582.9609375,28455.890625,20911.744140625,13881.728515625,7241.1591796875,4122.81884765625,4466.58984375,6877.9638671875,5433.912109375,0
306652.65625,2,2,1,41.47678756713867,0,0,0,0,0,0,211668.609375,207297.546875,195777.453125,176256.75,177988.21875,151800.328125,9703.6865234375,8918.6689453125,7529.11328125,7168.62939453125,6525.8046875,6581.26171875,0
241205.15625,2,1,2,30.847061157226562,-2,-2,-2,-2,-2,-2,4375.55078125,6854.87109375,1436.21484375,1066.00390625,1102.94921875,9.52734375,1979.307373046875,876.0537109375,624.533203125,554.4658203125,383.28515625,2185.329345703125,0
257259.828125,2,1,2,39.684425354003906,-2,-2,-2,-2,-2,-2,3940.48828125,694.19140625,415.65625,434.87109375,1027.8125,-70.1171875,658.65771484375,862.6669921875,665.23388671875,587.44482421875,369.5634765625,2648.912109375,0
205322.734375,2,2,1,41.911163330078125,0,0,0,0,0,0,134322.46875,131527.9375,132048.28125,128457.296875,126526.25,122697.0390625,5460.5234375,6278.3984375,4588.50439453125,4709.5048828125,5248.21875,4347.91796875,0
288888.21875,2,1,1,41.72916030883789,0,-1,0,-1,0,-1,17863.375,23195.353515625,15823.87890625,11077.462890625,28939.310546875,24994.203125,13044.923828125,5408.83154296875,24125.6015625,14615.701171875,8871.42578125,14310.85546875,0
59033.8046875,2,2,2,35.23249435424805,0,0,0,0,0,-1,34782.703125,30808.103515625,31285.529296875,17061.87890625,14006.8828125,5592.87890625,2379.806884765625,3017.805908203125,2141.3564453125,371.44140625,571.005859375,2296.966064453125,0
184778.09375,2,1,2,29.111722946166992,0,-1,0,0,0,-1,12190.078125,7768.8984375,6686.8515625,4607.44140625,2337.9375,2477.2421875,4316.78125,3907.480712890625,538.669921875,1523.95947265625,1450.070068359375,3109.064208984375,0
200373.203125,2,1,1,32.22780990600586,-1,-1,2,-1,-1,-1,21548.859375,38404.46875,10929.5625,151454.3125,55544.515625,3476.515625,34532.9375,17489.0703125,117588.25,5516.90625,2202.96435546875,11999.380859375,0
207832.421875,2,2,2,37.0509033203125,0,0,0,0,0,0,60810.0859375,91791.640625,89897.015625,35605.125,57736.2734375,32787.80078125,17546.3203125,10630.62890625,17101.99609375,13292.0234375,7193.0478515625,11147.515625,0
161275.875,2,2,1,29.795616149902344,0,0,0,0,0,0,132553.015625,120110.2421875,110484.6484375,88769.796875,85605.9375,82192.78125,5127.7236328125,5899.2314453125,3619.54443359375,3310.262451171875,3278.938720703125,4018.27734375,1
96261.7890625,1,2,1,30.58778190612793,0,0,2,0,0,0,30581.953125,28564.958984375,27321.64453125,26312.74609375,27255.369140625,25045.51953125,2617.8134765625,2170.709716796875,1941.421142578125,1464.385986328125,1654.065673828125,2499.100341796875,0
115692.1328125,2,2,1,35.61195373535156,0,0,0,0,0,-2,97708.1796875,90852.6171875,94318.796875,45221.08984375,43147.59765625,8122.548828125,4264.90673828125,4307.60693359375,3649.2880859375,579.1123046875,521.52490234375,3765.7275390625,0
54460.5234375,2,2,2,30.737070083618164,0,0,0,0,0,0,31095.048828125,28273.10546875,29233.36328125,25767.056640625,27710.96875,28485.2421875,2377.67236328125,2406.791748046875,2132.041015625,2073.7275390625,2745.87109375,2489.3515625,0
78745.4140625,1,2,2,28.611303329467773,0,0,0,0,0,0,10089.73828125,6877.7265625,9340.53125,7484.06640625,8165.099609375,6107.830078125,1179.8681640625,1874.21435546875,1142.171630859375,988.48828125,1037.387939453125,2113.529052734375,0
249278.5,2,1,1,38.47111129760742,-1,-1,-1,-1,-1,-1,6563.78125,8642.30859375,12456.26953125,3817.38671875,3257.2890625,2523.609375,6713.544921875,9392.4443359375,1665.9873046875,4588.60693359375,2836.51513671875,5949.99169921875,0
218286.265625,2,2,2,30.297378540039062,1,-2,-1,0,0,0,6177.64453125,4753.0390625,23068.87109375,15944.931640625,17357.171875,17111.212890625,2045.1484375,10765.7412109375,2734.8525390625,3029.1923828125,4315.619140625,4245.439453125,0
214615.46875,2,1,1,38.90443420410156,1,-2,-2,-2,-2,-2,3794.50390625,797.34375,499.421875,481.953125,1110.29296875,108.953125,546.1025390625,801.484375,632.751953125,548.72314453125,308.64208984375,2182.6171875,0
100993.28125,2,2,1,36.93857955932617,0,0,0,0,0,0,59655.37890625,57831.91015625,48408.3515625,44308.5703125,36324.69921875,34024.5703125,3243.248779296875,3187.458251953125,2127.525390625,2321.27685546875,2097.153564453125,2586.442626953125,0
92479.7265625,2,2,2,28.73630714416504,0,0,0,-2,-2,-2,14249.5,11814.3984375,3070.33203125,1199.16015625,1159.359375,124.953125,1572.28955078125,740.1435546875,491.6630859375,509.4951171875,286.7880859375,2289.5576171875,0
223562.78125,2,2,1,42.67074203491211,-2,-2,-2,-2,-2,-2,5061.54296875,3125.76953125,3401.390625,2666.34765625,3301.9375,4142.47265625,2209.0732421875,1654.57177734375,2164.44873046875,2360.822509765625,2394.299072265625,3536.866943359375,0
107207.3828125,2,2,1,36.80179214477539,0,0,0,0,0,0,21999.78515625,23245.08984375,21562.630859375,18942.91015625,18116.71484375,17687.994140625,1960.6083984375,2350.270751953125,1644.777587890625,1213.78369140625,1286.978759765625,2871.555908203125,0
32071.9375,1,2,2,30.266868591308594,0,0,0,0,0,0,20261.125,18149.412109375,19337.244140625,16877.26171875,17673.431640625,16371.904296875,1734.192138671875,2107.080810546875,1501.271240234375,1151.655517578125,1190.27099609375,2124.038330078125,0
62073.828125,1,2,1,34.28547668457031,0,0,0,0,0,0,10124.546875,8579.671875,9414.453125,10562.021484375,10299.4296875,11932.234375,1117.140625,1960.03515625,1341.466064453125,1170.77587890625,1171.35205078125,2166.466796875,0
99583.4375,1,3,1,27.780437469482422,1,2,0,0,0,0,6297.2734375,6188.45703125,5170.84375,4545.92578125,4409.25390625,4613.1875,773.41064453125,1514.50634765625,773.021484375,591.9267578125,436.251953125,1721.873291015625,0
67213.4453125,2,2,1,37.21614074707031,1,2,2,2,2,2,13742.57421875,9303.796875,13735.078125,9235.85546875,8358.74609375,6664.7578125,1568.923828125,1800.4697265625,1197.368408203125,895.568603515625,894.60888671875,2361.73486328125,1
161374.609375,1,2,1,29.150136947631836,-1,-1,-1,-1,-2,-2,3736.8125,1293.640625,803.27734375,886.47265625,1113.109375,45.9921875,634.59521484375,938.87255859375,613.54150390625,452.486328125,244.11376953125,1567.50927734375,0
148271.8125,2,2,1,37.98789978027344,0,0,0,0,0,0,11369.49609375,7704.921875,9397.74609375,8991.6171875,10864.810546875,9592.701171875,1105.47216796875,2398.6748046875,1753.27880859375,2292.578125,2602.482177734375,4931.88037109375,0
277743.53125,2,1,1,41.46631622314453,-1,-1,-1,-1,-1,-1,5701.25,6116.0546875,6828.1015625,5583.9375,2110.80859375,5509.45703125,5525.71826171875,5977.314453125,3882.064453125,1707.64794921875,4370.27294921875,4300.83837890625,0
21416.390625,2,2,2,34.53399658203125,0,0,0,0,0,-2,17954.0625,14816.796875,16115.8671875,9311.984375,7429.595703125,1394.61328125,1698.603271484375,1929.202880859375,1496.58642578125,448.71923828125,403.95703125,1956.423828125,0
122239.4375,2,2,2,29.45732879638672,0,0,0,0,0,0,93247.484375,91264.453125,88359.296875,73649.5546875,72769.9453125,59656.9453125,4088.9736328125,4530.3427734375,3404.234619140625,2914.81787109375,3120.4736328125,3607.6640625,1
110736.7734375,2,2,1,38.054481506347656,2,2,2,2,2,2,78230.546875,75481.140625,74149.1796875,66549.8203125,40788.5390625,58603.3671875,3452.4013671875,3458.334228515625,2973.85498046875,2633.000244140625,1362.39892578125,3407.19921875,1
322404.1875,2,1,1,39.28776931762695,-1,-1,-1,-1,-1,-1,13617.27734375,13058.73046875,15912.498046875,13938.708984375,12802.255859375,17123.2734375,13374.248046875,12494.92578125,12388.650390625,11935.86328125,24674.33203125,18729.017578125,0
87835.984375,2,2,2,28.287540435791016,0,0,0,0,0,0,28151.935546875,24404.78125,26642.662109375,26783.79296875,27191.474609375,24499.58984375,1935.022705078125,2383.934326171875,1951.53271484375,1432.21875,1588.8095703125,2295.6435546875,1
73055.6171875,2,2,2,28.241928100585938,1,2,2,2,2,2,10779.828125,7653.62109375,6788.2578125,10696.77734375,6766.76953125,6074.470703125,2122.25927734375,1990.771240234375,1336.865478515625,1086.711181640625,985.22021484375,2191.1650390625,1
59997.140625,1,3,1,34.68088912963867,0,0,0,0,0,0,36243.55859375,31986.271484375,25082.3125,25629.05859375,17884.880859375,17191.8125,2350.767578125,3072.324462890625,1364.010498046875,1148.327880859375,1182.046142578125,2275.784423828125,0
209401.5,2,1,2,32.274967193603516,0,0,0,0,0,0,96832.40625,101430.78125,97722.3046875,100896.671875,99286.125,92038.5234375,5470.3916015625,5855.1357421875,4062.529052734375,4569.31640625,5130.44677734375,4457.57666015625,0
287037.1875,2,1,2,32.246070861816406,-2,-2,-2,-2,-2,-2,15271.80859375,20260.3671875,15926.283203125,14715.99609375,17342.69140625,10821.9375,10930.73828125,9522.486328125,6745.12890625,12805.880859375,6591.17333984375,11579.0869140625,0
146109.40625,2,2,2,41.24277114868164,2,2,2,2,2,2,8350.6171875,5010.4765625,3939.73046875,4081.6484375,4771.30859375,5314.5078125,756.55615234375,798.0634765625,695.828125,545.25146484375,441.095703125,2536.5673828125,1
27330.875,2,2,2,28.662630081176758,0,0,0,0,0,0,31162.64453125,29747.775390625,30777.42578125,28997.93359375,26221.90625,27203.33203125,2165.909423828125,2329.6611328125,1940.02099609375,1525.528564453125,1450.677734375,2458.69580078125,0
131780.203125,2,2,1,44.077239990234375,1,2,-2,-2,-2,-2,10607.2109375,25488.455078125,3503.640625,1498.68359375,1140.05859375,268.609375,582.36865234375,807.48876953125,544.88671875,475.46875,261.591796875,1860.026611328125,1
177281.140625,2,1,2,31.99605941772461,0,0,0,0,-1,0,76417.484375,68837.875,38791.12109375,15395.0546875,133386.953125,81083.6953125,5794.869140625,7080.376953125,2582.46240234375,97725.8359375,6613.048828125,10792.2451171875,0
111099.0625,2,2,1,40.14414978027344,0,0,0,0,0,0,50733.31640625,46566.03125,49751.41796875,49809.85546875,45092.93359375,44249.046875,2654.47265625,3192.06201171875,2254.593505859375,2543.862548828125,2630.858642578125,2584.997314453125,0
251199.203125,2,1,1,40.86825942993164,-2,-2,-2,-2,-2,-2,4610.82421875,464.8359375,60.2890625,502.8359375,824.12109375,-504.296875,684.92822265625,1465.79736328125,968.06201171875,647.18603515625,740.799560546875,5616.97265625,0
140364.859375,2,2,1,41.82238006591797,0,0,0,0,0,0,95727.421875,89419.5546875,75855.3984375,72864.71875,59479.6640625,54681.4921875,3887.930908203125,4125.60498046875,3037.4443359375,2805.09033203125,2987.31201171875,4465.21728515625,0
254891.296875,1,1,1,42.8692626953125,-1,-1,-1,-1,-1,-2,10982.89453125,46486.515625,23763.923828125,17439.509765625,1807.2265625,504.59375,7441.2265625,29093.9296875,4785.40966796875,1874.9677734375,1670.21923828125,12078.8740234375,0
251454.84375,1,1,1,41.60321807861328,-1,-1,-1,-1,-1,-2,10558.31640625,18549.60546875,7755.2421875,3339.4765625,1572.78515625,2572.6875,9015.873046875,6891.4130859375,3769.049560546875,2532.544189453125,4859.8095703125,7685.77685546875,0
158035.40625,2,1,2,31.085617065429688,0,0,0,0,0,0,26721.54296875,23350.5078125,21124.328125,20234.97265625,14285.013671875,19109.58203125,2538.34765625,2478.105224609375,2782.296142578125,3258.9833984375,1860.780029296875,2706.693359375,0
61028.28125,2,2,2,32.563236236572266,0,0,0,0,0,0,44135.41015625,42534.79296875,41122.2265625,41382.9765625,42909.109375,41522.41015625,2710.377197265625,3202.484375,2407.595458984375,2601.5849609375,2495.09814453125,3525.4892578125,0
246001.0625,2,1,2,33.854862213134766,0,0,0,0,0,0,127233.90625,122920.609375,111389.5625,123901.1875,114438.4375,123209.28125,7647.171875,11011.8193359375,7792.84130859375,12326.06640625,7572.6123046875,13503.814453125,0
324142.875,2,1,1,33.47587585449219,0,0,0,0,0,0,230477.421875,221358.6875,226772.5625,206308.296875,203668.28125,183441.734375,11259.990234375,10797.6015625,9450.33984375,9080.7783203125,11713.9482421875,12802.216796875,0
283108.28125,2,2,1,38.91565704345703,-1,-1,-1,-1,-1,-1,10366.55859375,12291.3671875,9925.9921875,13678.73828125,11768.9140625,19982.4140625,10850.3720703125,7312.1904296875,15956.8388671875,8547.662109375,22749.208984375,14468.923828125,0
251114.84375,2,1,1,38.3899040222168,-1,-1,0,0,0,0,34698.11328125,61837.75,58685.765625,58845.875,50835.73828125,50772.98828125,62405.79296875,10698.0244140625,4828.0478515625,4486.2822265625,3682.01708984375,7947.2314453125,0
46729.3515625,1,2,1,41.527748107910156,0,0,0,0,0,2,18444.517578125,19598.689453125,19216.86328125,20044.765625,19018.607421875,17284.845703125,1679.983154296875,2057.604248046875,1939.392333984375,1008.31640625,1368.947509765625,2219.4599609375,1
52140.1484375,1,2,1,33.95225143432617,1,2,2,2,0,0,6565.48828125,7225.2421875,8780.73828125,6926.12890625,6949.26171875,6411.66796875,1105.1181640625,1723.529296875,1130.34716796875,992.19580078125,913.792236328125,2065.087890625,1
79001.7109375,2,2,1,44.031585693359375,0,0,0,0,2,0,35901.17578125,36850.3125,35163.04296875,31065.3828125,29724.732421875,28097.6953125,2345.254150390625,3240.55712890625,2196.84423828125,1344.361572265625,1538.310302734375,2430.357666015625,1
22385.34375,1,2,2,34.79899215698242,0,0,0,0,0,0,19446.1484375,19020.609375,19229.064453125,18526.181640625,18051.873046875,16478.458984375,1733.13671875,2080.489013671875,1507.470703125,1157.916748046875,1214.194580078125,2230.1083984375,0
249347.9375,2,1,2,32.911380767822266,0,0,0,0,0,0,154305.546875,152179.0,149122.421875,156665.375,159402.421875,150865.921875,7250.861328125,6404.375,6100.4931640625,5427.40234375,6217.61083984375,5689.92236328125,0
290487.65625,2,1,2,31.847393035888672,-2,-2,-2,-2,-2,-2,4217.44140625,1214.73828125,2800.2421875,533.01953125,1551.44140625,3542.07421875,1231.947265625,1592.26708984375,910.69970703125,1805.5263671875,3041.708984375,2472.845703125,0
80623.8125,1,2,1,40.49295425415039,0,0,0,0,0,0,51287.62109375,48733.34375,35216.78125,29424.83984375,17082.00390625,16522.576171875,2612.705322265625,3026.80859375,1267.6240234375,1157.048583984375,1169.88525390625,2220.043701171875,0
155952.0,2,2,2,28.74310302734375,0,0,-1,0,0,0,12066.2734375,8070.96875,14909.990234375,7543.30078125,26430.12109375,13009.9609375,2090.462158203125,5859.38525390625,3140.611083984375,10804.076171875,4076.734619140625,4638.30712890625,0
192959.625,2,1,2,39.73009490966797,1,-2,-2,-2,-2,-2,4021.03515625,583.95703125,409.0859375,525.21484375,1004.07421875,3097.19140625,629.99853515625,1094.7958984375,709.58642578125,601.9853515625,1875.29345703125,3925.650634765625,0
148744.875,2,2,2,28.523317337036133,-1,-1,-1,-1,-1,-1,4452.171875,2234.26171875,6611.42578125,2182.91015625,2621.640625,8856.802734375,1410.14794921875,6469.2744140625,1017.48583984375,2491.031494140625,7260.3642578125,3046.093994140625,0
73895.3515625,1,2,2,30.230411529541016,0,0,0,0,0,0,22391.4921875,23229.69921875,15913.267578125,24919.919921875,15925.6484375,17208.697265625,2277.036376953125,13968.1044921875,1786.96337890625,1206.650634765625,1196.88916015625,2579.9384765625,0
53949.5390625,1,3,1,33.67390060424805,0,0,0,0,0,0,11247.390625,7543.87890625,8783.64453125,7605.89453125,7806.48828125,6261.1953125,1215.5380859375,1767.6845703125,1123.86279296875,982.209716796875,967.6171875,1956.548095703125,0
176435.234375,2,1,2,30.83708381652832,-1,-1,-1,-1,-1,-1,4579.30859375,3051.5546875,1987.5625,1977.9921875,2608.53515625,297.390625,1903.059326171875,1254.8388671875,1363.54150390625,2048.9697265625,579.1220703125,2601.981689453125,0
142276.515625,2,1,2,29.40909194946289,-1,-1,-1,0,0,-1,8826.10546875,5504.86328125,21514.236328125,12164.056640625,9429.0234375,4733.09375,4347.30908203125,17452.619140625,4828.66259765625,7645.5966796875,2667.639892578125,4563.123046875,0
216073.890625,2,2,1,38.09077072143555,-1,-1,-1,-1,0,0,14373.96484375,3993.03125,10084.02734375,53823.3125,54053.9453125,47299.79296875,1920.697509765625,3349.60693359375,46280.12890625,5332.3271484375,5278.3046875,6134.8359375,0
63837.0546875,1,2,2,28.843292236328125,0,0,0,0,-2,-2,29784.8515625,25988.8828125,14895.287109375,4442.23046875,1672.2265625,743.98828125,2375.138916015625,1651.91162109375,344.3896484375,454.64794921875,316.04150390625,1812.134765625,0
233897.1875,2,2,2,38.234188079833984,0,0,0,0,-1,0,40340.3359375,21886.337890625,19080.806640625,27073.92578125,25411.6015625,27452.83203125,8522.1630859375,5392.908203125,16573.2421875,24668.88671875,15789.61328125,11345.994140625,0
297450.4375,2,2,1,32.108428955078125,0,0,0,0,-1,0,242799.953125,186552.640625,134591.59375,62563.546875,148083.203125,110888.6484375,10583.802734375,8478.42578125,2397.5625,94205.9921875,9983.1865234375,11814.3359375,0
90620.8828125,1,2,1,30.08800506591797,0,0,0,0,0,0,19340.400390625,16005.51171875,16097.857421875,11361.28125,12188.240234375,13505.2734375,1739.021240234375,2021.81201171875,1576.337646484375,1086.0498046875,2044.656005859375,2195.68994140625,0
104361.5234375,2,2,2,40.15033721923828,1,2,0,0,0,0,49488.2265625,48985.88671875,52704.1875,52170.921875,45775.07421875,45116.5390625,2464.294189453125,3100.148193359375,2415.8408203125,2565.584716796875,2600.26416015625,2591.3388671875,0
191849.625,2,2,2,38.62595748901367,0,0,-2,-2,-2,-2,17386.078125,1879.6015625,653.3125,515.1640625,1098.390625,9.1875,927.47900390625,829.40673828125,619.34765625,546.4453125,348.3095703125,2129.3515625,0
65326.234375,2,2,2,28.82172966003418,0,0,0,2,0,0,38270.046875,36180.58203125,36566.90234375,33476.5,35277.51171875,31022.17578125,2582.2509765625,3338.09521484375,2232.66796875,2338.271728515625,2017.071533203125,2516.986083984375,0
80787.8125,2,2,1,39.796043395996094,0,0,0,0,0,0,31558.3671875,28152.091796875,29098.740234375,28747.359375,27737.14453125,26018.37109375,2283.3251953125,2378.594482421875,1958.763671875,1514.420166015625,1583.12451171875,2309.560546875,0
290454.46875,2,2,1,38.325199127197266,0,0,0,0,0,0,65003.44921875,73402.515625,71071.609375,78904.171875,78700.9765625,80442.0625,11349.11328125,13898.26953125,10437.65234375,9825.0185546875,10714.1640625,11694.3330078125,0
176880.25,2,2,1,42.5228157043457,-1,-1,-1,-1,-1,-1,4474.3046875,1305.109375,944.953125,924.32421875,1568.00390625,3898.5859375,859.384765625,1205.89892578125,791.42236328125,691.966796875,1675.2314453125,2439.1826171875,0
146906.4375,2,2,2,31.615835189819336,0,0,0,0,0,0,108082.734375,105272.078125,86661.53125,75652.4765625,66071.1875,57664.09375,3865.788818359375,4121.19091796875,2960.066650390625,2910.572509765625,3120.8486328125,3693.9404296875,0
109006.140625,2,2,1,39.750823974609375,0,0,0,0,0,0,22711.1328125,22618.0390625,22345.0078125,23576.876953125,26620.27734375,25434.8046875,1785.059814453125,2377.076904296875,1992.562744140625,1507.902587890625,1682.917236328125,2347.0361328125,0
210809.5625,2,1,1,41.42959976196289,-2,-2,-2,-2,-2,-2,3995.4921875,663.44921875,446.19921875,437.64453125,1035.62109375,-53.23046875,662.0771484375,820.2548828125,682.41015625,584.3369140625,398.21337890625,2688.797607421875,0
135144.65625,2,2,2,32.015010833740234,0,0,0,0,0,0,141064.890625,137413.8125,137786.640625,121516.078125,115074.15625,116393.5625,6917.24658203125,5863.20751953125,4496.4404296875,4298.5341796875,3922.322265625,4969.94482421875,1
266479.75,2,1,1,32.44655990600586,-1,-1,-1,-1,-1,-1,6035.48046875,2197.80859375,9392.46875,5037.6015625,4389.04296875,10339.7265625,2005.61376953125,9449.720703125,4183.2138671875,3769.21826171875,6412.23193359375,9089.685546875,0
188753.90625,2,2,1,37.98897171020508,-1,-1,-1,-1,-1,-1,4521.56640625,1466.91796875,1054.72265625,2834.921875,2991.1171875,880.15625,832.1650390625,1277.84375,2050.420654296875,2184.042236328125,565.97509765625,2195.1396484375,0
212715.5625,2,1,2,32.169395446777344,-1,-1,-2,-2,-2,-2,3841.0234375,668.88671875,508.953125,462.46875,1030.0546875,-56.09765625,965.94873046875,843.18359375,683.1552734375,593.21728515625,402.53369140625,2788.125,0
239358.40625,2,1,1,39.14435958862305,-1,-1,-1,-1,-1,-1,31924.244140625,53458.48828125,21523.48828125,30534.53125,19761.607421875,8945.140625,17639.546875,10542.625,48708.9609375,4907.16845703125,6843.39501953125,15656.46484375,0
195602.921875,2,2,2,40.860111236572266,0,0,0,0,0,0,26973.408203125,24145.150390625,26427.873046875,28275.953125,40402.26171875,38145.74609375,2704.404541015625,2674.833984375,3231.463623046875,8456.76171875,4636.18994140625,6459.10986328125,0
255718.1875,2,2,2,39.39289474487305,0,0,-2,-1,-1,-1,19012.7421875,126883.9921875,855.21484375,968.1875,971.90625,2549.50390625,1659.509521484375,2436.12646484375,995.23095703125,868.23779296875,1996.683837890625,6345.49609375,0
277268.25,2,1,1,36.96500015258789,0,0,0,0,0,0,226909.15625,213919.390625,210680.4375,210453.125,198049.359375,187936.4375,11164.04296875,8724.36328125,8429.029296875,9113.923828125,8476.099609375,8313.00390625,0
68117.3203125,2,3,1,35.29444885253906,0,0,0,0,0,0,26713.71484375,23596.59765625,25380.26953125,22586.353515625,24765.787109375,20741.796875,1936.662353515625,2416.43212890625,1939.38134765625,1376.016357421875,1616.515625,2236.145751953125,0
168687.609375,2,1,2,29.745683670043945,-1,2,2,-1,-1,-2,5753.8125,4600.20703125,1833.25390625,5636.8828125,1448.734375,331.21875,1003.08544921875,1064.8388671875,5346.72900390625,904.5693359375,565.11669921875,2159.759521484375,0
81517.3515625,1,3,1,40.39598083496094,0,0,0,0,0,0,50505.29296875,49085.2109375,49692.98046875,30185.23046875,27265.3515625,19914.080078125,2550.3896484375,3048.955322265625,2221.115234375,1065.6396484375,1205.05810546875,2330.28515625,0
102518.2734375,2,2,2,30.37291717529297,-1,2,-2,-1,-1,0,11992.30859375,2230.5078125,2654.3359375,7367.76171875,26519.2734375,15494.306640625,784.853515625,1508.580078125,2342.41943359375,11025.171875,2949.5234375,3352.5908203125,0
269650.875,2,1,2,32.9357795715332,0,0,0,0,0,0,196220.453125,190584.171875,168580.59375,156787.078125,119053.21875,122998.5390625,9050.076171875,7135.50927734375,4515.62841796875,5098.7236328125,5525.26416015625,6319.54833984375,0
228008.140625,2,1,1,42.0379524230957,-1,-1,-2,-2,-1,-1,4022.30859375,817.671875,539.0703125,491.07421875,1061.28125,69.3359375,908.517578125,1001.5,709.6318359375,757.396484375,536.23779296875,3505.68603515625,0
25365.421875,2,2,2,28.724027633666992,0,0,0,0,0,0,20607.1171875,18950.708984375,20656.74609375,20394.576171875,21532.236328125,18443.87109375,1668.622314453125,2213.159912109375,1757.383544921875,1384.73828125,1538.5498046875,2243.158935546875,1
176836.140625,2,2,2,40.11835479736328,1,-1,-1,-1,-1,0,6839.52734375,18034.853515625,6607.98046875,9271.4140625,8926.451171875,10154.72265625,1591.0478515625,1587.78955078125,4105.63671875,2201.422119140625,3176.6708984375,3460.38330078125,0
207927.515625,2,2,1,37.248634338378906,0,0,0,0,0,0,101782.2890625,100978.84375,78737.578125,78858.9921875,59696.6484375,53275.30078125,5810.68310546875,5276.33349609375,3273.63037109375,3203.48681640625,3080.60546875,4247.33447265625,0
85055.0859375,2,1,1,31.90403175354004,0,0,0,0,0,0,66553.671875,58897.8515625,49382.875,38041.0234375,30228.58984375,27598.03515625,4310.138671875,4184.1181640625,2854.346435546875,2091.08935546875,2332.483642578125,5839.275390625,0
322895.9375,2,1,1,40.867427825927734,-1,-2,-1,-1,-1,-1,37952.703125,69587.15625,72822.4609375,34743.39453125,24658.28515625,6177.439453125,83995.6640625,34692.75390625,30531.26953125,20206.177734375,8208.19921875,25385.546875,0
84314.8359375,2,2,2,41.780372619628906,1,2,2,0,0,0,47161.8671875,46956.1015625,46054.16796875,42719.10546875,41948.35546875,41334.8984375,2415.344482421875,2988.56884765625,2280.317626953125,2487.217041015625,2478.21630859375,2549.264892578125,0
184129.65625,2,2,1,37.65562438964844,0,0,0,0,0,0,27988.25,22634.173828125,21188.552734375,24000.875,16674.09375,15689.8203125,4939.1376953125,4684.9609375,3801.870361328125,4489.31201171875,4505.916015625,5416.95068359375,0
76317.2734375,1,2,1,30.16411781311035,0,0,0,0,0,0,11400.1796875,7322.26171875,8942.76171875,7626.7421875,7263.62890625,5817.94921875,1361.439453125,1819.76904296875,1325.947021484375,996.55029296875,960.365478515625,1997.936767578125,0
231369.21875,2,2,2,39.07801818847656,-1,-1,-1,-1,-1,-1,4787.51171875,1592.26953125,3648.89453125,1319.52734375,1116.47265625,9985.44921875,1130.03662109375,3888.848876953125,1191.0,1997.5595703125,1171.411376953125,4825.04833984375,0
56903.390625,2,2,2,29.533203125,0,0,0,-2,-2,-2,12379.390625,5138.6796875,1655.28125,1151.13671875,1146.58203125,147.921875,1482.9296875,783.94775390625,550.015625,493.62255859375,327.55126953125,1791.500244140625,0
65929.8515625,2,2,2,37.23411560058594,0,0,0,0,0,0,44919.1640625,45770.59765625,32376.962890625,27849.212890625,18746.70703125,17903.689453125,2596.548828125,3051.333251953125,1324.414794921875,1138.7265625,1229.70556640625,2295.716796875,0
79858.7578125,2,2,1,44.06926727294922,0,0,0,0,0,2,22614.892578125,21168.05078125,20780.15625,22647.34765625,23793.84375,21452.705078125,1784.018310546875,2319.669677734375,1940.8701171875,1770.935302734375,1525.9560546875,2251.528076171875,0
379216.75,2,2,1,36.838645935058594,0,0,0,0,0,0,187878.171875,325693.1875,248601.046875,189276.359375,97233.578125,62049.61328125,20867.404296875,42185.31640625,16030.77734375,13088.830078125,6493.2138671875,22154.486328125,0
144325.15625,2,2,2,29.5140380859375,0,0,0,0,0,0,95547.2265625,99924.296875,88551.75,77917.890625,78512.28125,77041.109375,4148.2578125,4364.01171875,4070.103759765625,6394.29638671875,3114.016357421875,5238.2822265625,0
95558.0390625,1,2,2,29.065929412841797,0,0,0,2,0,0,48076.9375,43559.02734375,47645.6953125,44231.23046875,43279.1953125,43052.19140625,2646.000732421875,3315.194580078125,2312.458984375,2499.05859375,2412.82958984375,2536.296875,0
214772.296875,2,2,2,41.631874084472656,0,0,0,0,0,0,27204.13671875,25168.732421875,24420.2421875,23241.677734375,21467.1875,20236.185546875,5495.45068359375,3308.409423828125,3463.27587890625,4069.244384765625,5987.62841796875,3459.517578125,0
173493.4375,2,3,1,39.803428649902344,0,0,0,0,0,0,13994.74609375,10430.2421875,11593.7265625,14288.158203125,15287.529296875,15254.4765625,2425.348876953125,2274.041748046875,2306.03125,3028.47900390625,3934.954833984375,2427.060546875,0
300106.90625,2,2,2,41.05785369873047,0,0,0,0,0,0,226917.1875,178720.234375,160058.25,224077.015625,213190.984375,181428.46875,13463.55078125,15863.638671875,126624.171875,13513.359375,11187.8154296875,11311.65234375,0
151891.015625,2,2,2,31.362276077270508,0,0,0,0,0,0,115582.0703125,103444.8515625,81476.0078125,70390.0234375,46126.0,46663.97265625,4144.6181640625,4199.107421875,2264.73046875,2579.19482421875,2636.576416015625,3577.130615234375,0
179651.625,2,2,1,41.99079895019531,-1,-1,-1,-1,-1,-1,4596.5625,1931.203125,8978.1640625,2270.4296875,3024.4921875,3439.2265625,797.703125,5933.1298828125,1052.64892578125,1907.27392578125,1916.472900390625,2816.44580078125,0
221973.78125,2,1,1,42.034332275390625,1,-2,-2,-2,-2,-2,4799.1640625,451.8515625,-742.9296875,534.60546875,798.375,-656.875,598.79638671875,2959.02099609375,1057.7919921875,655.26025390625,1019.66259765625,6836.1376953125,0
165800.796875,1,2,1,30.89950180053711,0,0,0,0,0,0,55930.79296875,29483.673828125,50359.7265625,33654.8046875,26540.71875,25233.255859375,14446.107421875,9943.4189453125,5293.4033203125,2572.611328125,2753.93310546875,4610.13525390625,0
95670.234375,2,3,1,42.039878845214844,0,0,0,0,0,0,51465.53125,46295.375,43629.84765625,24956.794921875,33913.29296875,10771.291015625,3420.536376953125,4180.95556640625,5342.9130859375,1077.0908203125,6386.384765625,3473.485107421875,0
274691.4375,2,1,2,31.52540397644043,0,0,0,0,0,0,211379.578125,202581.609375,180438.0625,167141.28125,145222.4375,137930.75,10182.193359375,10262.822265625,7176.4462890625,6745.3271484375,7274.162109375,8067.74072265625,0
119090.6015625,2,2,2,28.004817962646484,0,0,0,0,0,0,10123.40625,8523.95703125,10147.87890625,12971.537109375,14009.37890625,13524.2734375,1313.00048828125,2297.77099609375,1608.652099609375,1185.178955078125,1255.6474609375,2246.23095703125,0
71125.5625,2,2,2,31.245319366455078,1,2,0,0,0,0,71744.515625,66666.0546875,38808.953125,37767.91796875,10647.7265625,12513.353515625,3222.476318359375,3440.8662109375,826.56396484375,2282.4140625,873.196533203125,2677.933349609375,1
108726.921875,2,2,2,36.54877853393555,0,0,0,0,0,0,31139.521484375,25547.9140625,17228.435546875,14331.595703125,13011.625,7118.732421875,3104.490966796875,2520.691650390625,1249.498046875,9066.12890625,2096.62744140625,3255.84619140625,0
115727.4453125,2,2,1,39.08228302001953,1,2,2,2,2,2,8862.37109375,5418.6171875,4303.3203125,4271.5234375,5063.01953125,5252.7890625,1004.4619140625,1588.22509765625,1041.24658203125,677.33203125,922.358154296875,3737.0654296875,1
140230.828125,2,2,1,41.84262466430664,0,0,0,0,0,0,41800.62109375,37633.98828125,39611.46875,44821.1484375,44313.7265625,43791.890625,3262.662841796875,3407.11083984375,2602.341552734375,2654.81787109375,2607.788330078125,3598.54638671875,0
201317.234375,2,2,1,44.134342193603516,-2,-2,-2,-1,-2,-1,4489.4921875,1449.91796875,2051.7265625,1471.73046875,1121.80078125,1473.71484375,493.30517578125,970.6123046875,757.2705078125,594.458984375,428.77978515625,1983.08056640625,0
341223.375,2,2,1,41.630279541015625,0,0,0,0,0,0,228387.984375,221105.5625,206755.046875,193845.25,169041.953125,171332.984375,11045.8603515625,10748.013671875,8315.55859375,10469.91015625,11566.7734375,7631.9873046875,0
107657.265625,2,2,2,29.75486183166504,2,2,2,2,2,0,114938.65625,112102.2578125,111411.7890625,113283.5625,104414.4921875,103004.5625,4087.553466796875,4724.00244140625,3927.0859375,3073.14111328125,3825.8330078125,3647.502685546875,1
190150.671875,2,3,1,44.29985809326172,0,0,0,0,0,0,97863.28125,93125.8203125,91856.140625,90157.765625,87582.46875,84167.7109375,4685.52099609375,4735.4375,4231.74169921875,4475.197265625,4566.50244140625,4156.4599609375,1
165127.984375,2,2,1,44.03079605102539,1,-1,0,0,0,0,20811.349609375,91000.140625,60614.25390625,39871.984375,27428.904296875,41892.71875,79728.25,12254.892578125,7264.39599609375,4409.17041015625,40571.24609375,12439.71484375,0
120657.828125,2,2,1,37.69953155517578,0,0,0,0,0,0,11043.89453125,7908.046875,8614.859375,8248.5625,8746.458984375,7834.52734375,1362.01708984375,1852.630859375,1309.693115234375,1274.977294921875,1223.182861328125,2975.16015625,0
188921.078125,2,1,2,30.320575714111328,1,-2,-2,-2,-2,-2,3904.11328125,828.83203125,498.64453125,870.3359375,1104.59375,-31.37109375,588.52783203125,799.9619140625,563.51220703125,482.35791015625,321.615234375,1935.559326171875,0
66457.78125,2,2,2,35.70844650268555,1,2,0,0,0,0,64306.48046875,64071.44140625,45532.86328125,34318.15234375,22464.515625,19838.0,3269.674560546875,3154.856201171875,1769.451904296875,1784.695068359375,2082.94287109375,2683.072021484375,0
126454.625,2,2,1,44.30107879638672,0,0,0,0,0,0,70524.203125,65108.7421875,69328.7109375,67195.3828125,69778.828125,66110.375,3451.2470703125,3576.267333984375,2989.92919921875,3110.53955078125,3077.89208984375,2663.433349609375,0
89329.75,2,2,2,31.177852630615234,0,0,0,0,0,0,33939.7421875,30873.798828125,28424.08203125,25618.953125,22935.40625,18802.544921875,2433.667724609375,2379.616943359375,1909.945068359375,1230.563720703125,1271.02880859375,2751.63427734375,0
212672.796875,2,2,1,41.9948844909668,-1,-1,-1,-1,-1,-1,5307.72265625,5029.4375,7366.2421875,4837.140625,3553.5390625,5085.18359375,4904.96435546875,6811.07470703125,3517.0263671875,3124.3046875,3169.9892578125,3234.1787109375,0
101543.7265625,2,2,1,37.17265701293945,0,0,0,0,0,0,45880.21875,41512.9453125,41754.1796875,41767.1328125,42940.1484375,40719.8671875,2773.469482421875,3193.476318359375,2415.28271484375,2562.505126953125,2532.538330078125,3088.54833984375,0
123208.515625,1,3,1,40.91007614135742,0,0,0,0,0,0,51563.9140625,48917.9453125,35789.19921875,31873.423828125,19164.865234375,18712.400390625,2727.3369140625,3011.763671875,1393.03955078125,1225.204833984375,1345.42529296875,2157.6552734375,0
449928.15625,2,1,2,35.047142028808594,0,0,0,0,0,0,431146.46875,352477.0625,408945.65625,391689.78125,381469.15625,350224.59375,23099.244140625,25805.1796875,16127.9189453125,22301.265625,19441.71484375,16948.349609375,0
222690.0,2,1,1,39.13847351074219,1,-2,-1,-1,-2,-2,4249.421875,1421.9921875,2800.44921875,497.96875,1114.72265625,4.50390625,546.97216796875,2369.46240234375,762.2763671875,566.11962890625,315.52099609375,2412.216552734375,0
265449.46875,2,1,1,43.948036193847656,-2,-2,-2,-2,-2,-2,4695.72265625,1170.11328125,-551.11328125,3053.41796875,988.05859375,1856.30078125,659.25244140625,3213.953857421875,3063.272216796875,904.07275390625,1173.174072265625,7556.2607421875,0
57162.1640625,2,2,2,36.9214973449707,0,0,0,0,0,0,50749.60546875,48484.53125,52419.890625,50271.0625,44705.734375,43524.66015625,2541.9130859375,3098.27685546875,2244.632568359375,2541.159912109375,2596.56103515625,2541.0634765625,0
103518.1875,2,2,2,28.900184631347656,0,0,0,0,0,0,73861.2265625,72413.7578125,70610.53125,60184.3125,54229.390625,47545.10546875,3475.895263671875,3632.73974609375,2943.11083984375,2582.73828125,2495.61962890625,2872.031982421875,0
64020.0078125,2,2,2,30.296863555908203,0,0,0,0,0,0,28152.939453125,28533.53125,24145.6484375,20630.75,18812.12109375,17039.98046875,2495.177978515625,2354.315185546875,2160.84814453125,1385.256591796875,1228.694580078125,2514.9833984375,0
251249.125,2,2,1,44.01236343383789,-1,-1,-1,-1,-1,-1,8883.41796875,13891.640625,18341.275390625,9746.18359375,8312.376953125,10237.556640625,7260.9501953125,14771.267578125,5422.61962890625,6473.470703125,2520.595458984375,5681.865234375,0
33653.90625,2,2,2,28.289363861083984,0,0,0,0,0,0,14539.40234375,12721.78125,11845.46875,11712.8125,13200.01953125,12047.537109375,1644.08740234375,2144.172119140625,1456.46630859375,1169.65478515625,1194.2353515625,2101.166015625,0
100114.5859375,2,2,1,31.223905563354492,0,0,0,0,0,0,76038.515625,75139.375,53395.421875,49621.8828125,29266.48046875,29577.1640625,3566.42724609375,3609.3330078125,1801.5126953125,1540.86181640625,1647.1484375,2953.74462890625,0
254735.28125,2,2,1,41.02294158935547,1,0,0,0,0,0,209875.203125,208165.828125,214202.8125,228017.015625,213407.6875,219994.90625,9352.5205078125,9992.87890625,8392.8515625,9257.2333984375,10692.974609375,7200.69970703125,0
77046.2890625,1,2,2,30.679126739501953,0,0,0,0,0,0,19271.458984375,17481.083984375,18541.517578125,16798.900390625,17059.21875,15662.638671875,1731.400634765625,2078.737548828125,1562.385498046875,1153.996826171875,1195.482666015625,2228.168701171875,0
184410.140625,2,1,1,41.162357330322266,-1,-1,-1,-1,-1,-1,4616.26171875,2153.53125,1241.53125,1166.0859375,4233.1484375,7697.056640625,1196.19775390625,1277.0009765625,920.68603515625,2275.928466796875,683.66796875,2974.25830078125,0
142988.140625,2,2,2,29.576505661010742,-1,-1,-1,0,0,2,13776.44140625,3279.81640625,12879.4375,6658.69921875,23038.91015625,6181.1328125,2796.475830078125,11499.2421875,3591.35595703125,11922.90234375,7309.3896484375,4792.52197265625,0
105499.3125,1,2,1,29.14828872680664,0,0,0,0,0,0,53283.984375,50506.07421875,53883.08984375,52474.3515625,45872.16796875,45180.1875,3272.747314453125,3125.8701171875,2379.192626953125,2583.749267578125,2686.114990234375,2881.137451171875,0
309988.125,2,2,1,37.663818359375,0,0,0,0,0,0,45289.21875,39135.75,52652.45703125,66360.671875,85174.1015625,75012.1953125,12877.3701171875,9798.8037109375,17216.142578125,18170.890625,21303.955078125,12751.5498046875,0
150013.421875,2,2,2,30.425167083740234,0,0,2,2,2,2,26482.529296875,49611.01953125,16608.787109375,68330.75,50883.2109375,54250.5625,4844.80908203125,8225.6318359375,31297.453125,4830.8671875,5079.8837890625,4923.015625,0
99624.2109375,1,2,1,30.00579071044922,0,0,0,0,0,0,38736.21875,55830.43359375,32642.634765625,31677.6015625,18992.244140625,9967.236328125,2709.86376953125,5394.46630859375,2232.65673828125,372.8935546875,365.21044921875,2234.40234375,0
176073.953125,2,2,2,30.79852867126465,0,0,0,0,0,0,20647.849609375,50656.9375,30938.5078125,54028.7265625,57273.68359375,51782.625,3954.5869140625,5845.49072265625,19408.12890625,7325.2041015625,6904.923828125,5023.80126953125,0
231572.671875,2,1,2,38.15106201171875,-1,-1,-1,-1,-1,-1,10005.8984375,10261.5625,7428.796875,11815.3828125,8163.751953125,4088.08203125,13108.130859375,3796.9375,14775.2109375,4895.89404296875,2939.02392578125,6094.3564453125,0
86991.1328125,2,2,2,35.12466049194336,2,2,2,0,0,0,28172.623046875,24211.466796875,22940.353515625,21778.205078125,19369.291015625,19364.3359375,2465.87451171875,2529.97265625,2497.63916015625,3177.40673828125,3726.2275390625,2262.91845703125,1
232296.09375,2,2,1,37.37564468383789,1,2,-1,-1,-1,-1,9544.23046875,8328.18359375,13443.83203125,8394.9375,5840.78125,6552.751953125,3571.0791015625,9145.892578125,5744.4033203125,5491.95703125,5894.876953125,4393.22314453125,0
148305.984375,2,2,2,38.41836929321289,0,0,0,0,0,-1,6417.32421875,5947.55078125,2238.39453125,3496.78515625,2308.2578125,1218.78125,1304.388671875,1699.44921875,1266.63916015625,534.36376953125,528.22412109375,2514.532958984375,0
88494.8125,2,2,1,41.7470703125,0,0,0,0,0,0,46098.18359375,43505.21875,43619.0546875,44444.94921875,43099.73828125,43109.53125,2745.205078125,3171.886962890625,2344.778564453125,2520.866455078125,2493.595947265625,2639.15283203125,0
208397.390625,2,1,2,30.788190841674805,-1,-1,-1,-1,-2,-2,4581.4609375,3656.1328125,919.2734375,883.51171875,1102.94921875,0.640625,3655.79833984375,1091.1796875,784.205078125,569.13330078125,393.14306640625,2329.502197265625,0
189715.28125,2,1,2,33.199405670166016,1,-2,-2,-2,-2,-2,3962.19140625,624.72265625,275.453125,467.87890625,986.53515625,-54.234375,564.90771484375,857.65478515625,721.76220703125,585.63818359375,404.40869140625,3379.87890625,0
178451.484375,2,2,1,38.624778747558594,-1,-1,-1,-1,-1,-2,4180.85546875,1188.83203125,716.4375,464.89453125,1107.90625,3.58203125,875.791015625,1081.169921875,750.72265625,682.60888671875,370.4453125,2224.646728515625,0
135375.84375,2,2,2,28.798442840576172,0,0,0,0,0,0,66511.4765625,62543.00390625,73817.65625,44428.36328125,59352.8203125,41678.1328125,3410.823486328125,3271.62744140625,20358.12890625,2564.716796875,2497.217041015625,2850.9375,0
66070.6171875,1,2,1,34.489627838134766,0,0,0,0,0,0,20416.8046875,17720.412109375,18738.70703125,13141.259765625,13316.30078125,9203.41015625,1747.412109375,2117.748046875,1526.49951171875,1052.872802734375,1136.940185546875,2183.4462890625,0
242196.5625,2,1,1,39.06998825073242,0,0,0,0,0,0,10554.45703125,12525.890625,15948.931640625,38156.546875,40031.84765625,36404.69140625,2569.072509765625,4984.08837890625,23550.41015625,6391.29296875,5445.36669921875,10482.0224609375,0
95970.9765625,2,2,1,38.11857604980469,0,0,0,0,0,0,92299.125,66402.2421875,58245.34375,33582.47265625,25798.107421875,26228.25390625,4658.5888671875,3881.357421875,2050.347412109375,1713.662841796875,1893.2451171875,6225.67333984375,0
149717.28125,2,2,2,40.55952072143555,0,0,0,0,2,2,41239.1171875,39584.0625,40820.1015625,44385.94921875,43563.4453125,43901.359375,2812.0244140625,3453.431884765625,3005.242919921875,2353.534912109375,2425.132568359375,3240.94384765625,0
271626.6875,2,1,2,37.291465759277344,0,0,0,0,0,0,119364.234375,97651.171875,91141.296875,85254.328125,118834.8125,148509.21875,8098.001953125,7989.6103515625,13245.1337890625,30433.171875,60909.828125,17301.310546875,0
402748.09375,2,1,1,35.76286697387695,-1,-1,-1,-1,0,0,46748.91015625,89505.265625,317727.5,353448.78125,342532.25,251955.546875,17891.716796875,164707.90625,151114.75,43379.83203125,27080.939453125,31087.365234375,0
152513.625,1,3,1,28.849727630615234,0,0,0,0,0,-1,32397.16015625,19134.494140625,33111.3671875,10121.265625,9411.5859375,6528.591796875,8552.689453125,6459.76513671875,2542.955322265625,1267.879150390625,3612.017578125,3918.185791015625,0
45644.1640625,2,2,2,29.816246032714844,0,0,0,0,0,0,10100.92578125,11688.10546875,9264.0,8333.98828125,8271.892578125,6849.6015625,1307.7138671875,1906.7646484375,1142.954345703125,1004.355712890625,1029.845458984375,2204.553466796875,0
139851.71875,1,3,1,39.92732238769531,0,0,0,0,0,0,15580.8125,13806.42578125,18636.71875,19548.55859375,17700.36328125,16769.34765625,1801.453857421875,2548.729736328125,1540.563720703125,1200.409912109375,1239.787841796875,2473.834716796875,0
51007.4765625,2,2,1,41.748104095458984,1,2,0,0,2,2,8805.28515625,6083.0703125,7843.51171875,5461.0625,6858.8203125,8791.49609375,797.00390625,1671.4755859375,1493.447998046875,769.90283203125,1085.543701171875,1942.262451171875,1
109358.671875,1,2,1,29.93937110900879,3,2,2,7,7,7,7980.89453125,5093.3046875,1709.77734375,1159.26953125,1254.7109375,919.640625,549.8486328125,725.4482421875,552.79833984375,331.70556640625,368.345703125,1638.680419921875,1
190584.875,2,1,2,36.370872497558594,-1,-2,-1,-1,-1,-1,4481.37890625,1035.703125,954.26171875,1398.2734375,1177.2265625,2334.16796875,959.09326171875,1228.90087890625,1377.62646484375,742.68896484375,612.51171875,2999.722900390625,0
169742.21875,2,2,2,38.86498260498047,1,-1,-1,-1,-1,-1,4961.578125,2951.99609375,1315.96875,3226.40234375,2545.07421875,46.15234375,2400.111328125,1242.42822265625,3593.2392578125,2099.617431640625,614.2392578125,2992.84033203125,0
240544.1875,2,2,2,38.459930419921875,0,0,0,0,0,0,188561.9375,181887.5,137137.546875,121708.34375,73084.765625,59010.859375,9539.3466796875,8079.919921875,4438.34619140625,4743.078125,7747.6982421875,10342.44921875,0
204465.0625,2,2,1,31.778322219848633,0,0,0,0,0,0,114381.5234375,112926.53125,111696.359375,109254.3125,102416.828125,91560.359375,5734.6953125,6154.41748046875,4290.7880859375,4567.45654296875,4862.49951171875,3844.33349609375,0
90177.203125,2,2,2,30.741323471069336,-1,-1,2,0,0,0,21186.8515625,47909.46484375,43768.1328125,22886.4375,20007.7421875,8864.849609375,40328.8984375,9110.5986328125,4144.986328125,1093.229736328125,730.330322265625,4620.1396484375,0
194273.5,2,2,1,44.20094680786133,-2,-2,-2,-2,-2,-2,3901.140625,1107.40625,762.79296875,857.87890625,1098.09375,-13.90625,550.451171875,802.91943359375,478.337890625,474.22412109375,309.78955078125,1672.969970703125,0
196292.65625,2,1,2,31.96389389038086,-1,-1,-1,-2,-2,-2,14518.41796875,25063.6328125,6827.4140625,1064.15625,1214.6484375,-326.75,9780.4521484375,3706.09326171875,2285.890625,1551.927490234375,775.230224609375,6058.2958984375,0
316761.875,2,1,1,41.40258026123047,-2,-2,-2,-2,-2,-2,7498.87109375,6167.0078125,4402.87890625,12654.501953125,6927.6328125,5519.36328125,3780.182373046875,2875.767822265625,12987.783203125,4672.6513671875,6427.02587890625,4235.8134765625,0
173609.4375,2,2,1,31.004161834716797,-1,-1,-2,-2,-2,-2,3816.51953125,794.63671875,612.2578125,870.6484375,1099.20703125,-6.046875,724.3798828125,824.4619140625,522.642578125,473.04931640625,311.0966796875,1631.29345703125,0
161782.5625,2,1,2,30.51363754272461,0,0,0,0,0,0,18966.34765625,18283.22265625,46738.0703125,45665.76953125,28091.31640625,39641.71875,4334.609375,22611.140625,8648.2109375,7487.9130859375,5822.81494140625,6435.43115234375,0
40395.4296875,2,2,2,28.785160064697266,2,2,2,0,0,0,35542.0703125,31536.357421875,32777.0625,31749.42578125,32206.998046875,30656.7109375,2173.122802734375,2981.281005859375,2103.578369140625,2193.349365234375,1902.26416015625,2375.74755859375,1
51542.375,2,2,2,29.093952178955078,0,0,0,0,0,0,49982.8515625,47166.16015625,37994.796875,34956.74609375,27841.880859375,27093.572265625,2573.228271484375,3065.43115234375,1803.49560546875,1480.964599609375,1602.692626953125,2361.060546875,0
199742.875,2,1,1,39.60640335083008,1,-2,-2,-2,-1,0,5146.2734375,914.50390625,978.53515625,2920.28125,13651.453125,5896.234375,810.0693359375,1515.50732421875,1335.806396484375,11269.1875,2530.2216796875,5098.13330078125,0
114677.328125,2,2,1,37.15396499633789,0,0,0,0,0,0,55303.1796875,45436.54296875,36530.63671875,18028.95703125,12717.34765625,14126.42578125,3311.713623046875,2889.83203125,2350.123779296875,1789.0712890625,1487.683837890625,4619.99267578125,0
83157.9140625,2,2,2,29.996219635009766,0,-1,0,0,0,-1,6083.29296875,7525.1171875,6806.8203125,5842.0703125,4759.203125,5957.146484375,945.66845703125,1806.39794921875,1016.705078125,667.9697265625,409.8603515625,1985.29052734375,0
382533.28125,2,1,2,33.2210807800293,0,-1,0,-1,-1,-1,71327.296875,61765.1015625,43917.4296875,39738.00390625,31479.6328125,64145.65625,28555.259765625,24952.2109375,33476.81640625,29850.130859375,36074.08203125,24096.046875,0
346260.375,2,1,1,32.89088821411133,-2,-2,-2,-2,-2,-2,20540.271484375,36330.4921875,11898.046875,17172.525390625,19481.234375,16346.8515625,11307.322265625,7686.21923828125,16761.076171875,21224.65625,10598.216796875,13574.826171875,0
391434.9375,2,1,2,32.57083511352539,0,0,0,0,0,0,145072.140625,127511.046875,291953.4375,298935.0625,306541.125,253841.421875,37933.66015625,97613.5859375,39097.3515625,30131.392578125,23780.83984375,29158.47265625,0
134862.6875,2,2,1,38.90915298461914,0,0,0,0,0,0,114330.859375,118501.6015625,84957.6796875,57593.9609375,45676.43359375,35350.5859375,4658.44189453125,4064.23681640625,3238.1904296875,2455.356201171875,2063.94287109375,4822.77392578125,0
218456.0,2,1,1,31.891801834106445,-1,-1,-1,0,0,0,14263.52734375,13347.88671875,77064.2265625,72213.890625,79520.421875,79211.828125,5655.7109375,51041.91015625,9356.912109375,8334.765625,7377.2705078125,11146.5771484375,0
197507.9375,2,3,1,42.52408218383789,1,-2,-2,-2,-2,-2,3887.296875,790.421875,574.20703125,852.35546875,1099.2265625,-62.046875,480.18017578125,763.02587890625,459.8935546875,454.794921875,299.2392578125,1531.367919921875,0
73885.3046875,2,1,2,31.132047653198242,0,0,0,0,0,0,10335.29296875,6038.609375,5772.41796875,4843.23046875,5131.88671875,4965.9609375,1077.318359375,1760.71240234375,1013.89013671875,718.52099609375,855.2861328125,2533.993408203125,0
91636.3359375,1,2,2,30.945703506469727,2,2,2,0,0,2,50736.83203125,48749.5625,50226.97265625,50288.484375,44553.6484375,40659.296875,2437.785888671875,2915.26123046875,2246.86962890625,2594.607177734375,2620.57080078125,2627.40185546875,1
177001.4375,2,1,2,29.2149658203125,-1,-1,-1,0,0,-1,4412.5,2930.33203125,6551.96875,4602.4453125,2880.0234375,4909.8359375,875.3701171875,4847.185546875,687.68115234375,500.68310546875,2750.593017578125,2044.34423828125,0
204151.296875,2,1,1,31.45266342163086,0,0,0,0,0,0,182767.0,170145.484375,149591.5625,90316.171875,84096.0390625,63254.1015625,6887.73681640625,6344.91845703125,4356.216796875,3362.150390625,3256.79150390625,5067.95556640625,0
158059.484375,2,1,2,32.917579650878906,1,2,2,2,0,0,95421.09375,91865.890625,101206.8125,99086.265625,101315.59375,99898.9453125,5772.177734375,4225.3349609375,3860.319580078125,3472.814453125,3965.697509765625,4443.40380859375,0
162597.140625,2,2,2,37.72581100463867,0,0,0,0,0,0,78021.0,75182.3515625,74260.8671875,69345.046875,71819.3984375,65433.140625,4116.2978515625,4000.94970703125,3094.2099609375,3426.137451171875,3464.22314453125,4048.419921875,0
234925.34375,1,2,2,28.381752014160156,0,0,0,0,0,0,14632.26953125,13534.61328125,13095.43359375,14624.79296875,12502.1875,11304.25,6084.96337890625,3690.995361328125,1594.503662109375,2282.015869140625,3057.520751953125,3783.201171875,0
256213.84375,2,1,2,31.630746841430664,-1,-1,-1,0,0,0,13938.8203125,10906.37890625,81732.609375,75276.734375,38364.08203125,67449.953125,4367.3740234375,64349.6484375,9637.591796875,7342.1435546875,2791.16552734375,8460.109375,0
229565.875,2,2,1,38.54722213745117,1,-1,-1,-2,-1,-1,11634.75390625,9974.31640625,3947.875,1254.67578125,1064.453125,91.07421875,13718.8671875,1789.77099609375,1287.521240234375,1309.561279296875,783.416015625,3746.26611328125,0
166343.09375,1,3,1,29.80512809753418,-1,-1,-1,-1,-1,0,7586.0,8482.18359375,2637.390625,478.75390625,19240.11328125,2892.5390625,8271.2900390625,6904.1357421875,2452.707275390625,9391.681640625,2637.67822265625,4495.6416015625,0
184158.28125,2,1,1,44.8654670715332,-1,-1,-1,-1,-1,-1,5107.00390625,4844.20703125,1670.703125,1165.8828125,7198.9453125,8622.498046875,1267.89990234375,1161.65625,1094.49462890625,6254.7373046875,1221.427978515625,4664.9501953125,0
221500.421875,2,1,2,29.542875289916992,0,-1,0,-1,0,0,16227.66015625,4528.00390625,10446.09375,25184.05078125,57348.1953125,46081.73828125,1737.141845703125,3312.489501953125,4511.90087890625,36817.1484375,6513.806640625,5931.654296875,0
221009.171875,2,1,1,31.928396224975586,1,-1,-1,-1,-1,-1,8079.1015625,4803.62109375,16993.044921875,15587.404296875,5291.66015625,4063.6640625,2833.3603515625,12898.8955078125,10396.88671875,2927.51318359375,3759.365234375,7066.0712890625,0
184969.40625,1,2,1,40.1832389831543,1,-1,-1,-1,-2,-2,4679.97265625,1144.484375,587.78125,831.7109375,1064.65625,-24.01171875,707.11572265625,955.90869140625,618.23486328125,1355.234375,396.29248046875,7655.6201171875,0
115586.078125,2,2,2,30.07139015197754,0,0,0,0,0,0,56796.078125,52181.546875,46498.9609375,32519.3515625,24494.12109375,26291.880859375,3266.8818359375,3131.2529296875,2250.757080078125,2330.509521484375,2046.510009765625,3010.5732421875,1
179757.15625,2,3,1,39.69631576538086,0,0,0,0,0,0,23256.66796875,21096.8515625,26415.4296875,29244.392578125,34392.23828125,32534.046875,3773.04638671875,2873.744873046875,2314.748779296875,2797.088134765625,2508.04296875,3531.974609375,0
155774.0,1,2,2,28.47150421142578,-1,-1,-2,-2,-2,-2,3543.19921875,865.0234375,577.921875,892.203125,1122.890625,0.16015625,627.068359375,753.66357421875,477.341796875,443.7255859375,250.2353515625,1562.620849609375,0
183029.109375,2,1,1,41.87786102294922,-2,-2,-2,-2,-2,-2,4574.04296875,512.6171875,228.09765625,430.26953125,831.45703125,-261.01953125,626.8984375,1223.8291015625,897.06494140625,633.087890625,601.765625,3826.92431640625,0
133862.78125,2,1,2,32.752662658691406,0,0,2,2,2,0,73660.9296875,67545.203125,65157.984375,62963.0625,57173.5078125,51695.5078125,4532.0078125,3768.20703125,3876.8232421875,2762.151611328125,3327.31689453125,5372.52978515625,0
40794.78125,1,3,1,43.412479400634766,0,0,0,0,0,0,51785.32421875,49677.26171875,50731.08984375,32041.13671875,28012.39453125,19972.671875,2679.8310546875,3023.25244140625,2209.448486328125,1065.582275390625,1112.9814453125,2383.107666015625,0
99568.5234375,2,3,1,35.024078369140625,0,0,0,0,0,0,67572.9609375,57461.84765625,54192.2578125,37265.7265625,34474.984375,30682.109375,3502.926513671875,3081.05517578125,2160.8818359375,2103.548095703125,1989.31494140625,2577.54443359375,0
227516.65625,2,1,1,39.456260681152344,-1,-1,-1,-1,-1,-1,4537.6015625,1161.953125,649.234375,514.609375,1125.96875,745.0234375,911.69970703125,1177.0556640625,804.63671875,697.5888671875,540.40576171875,2460.129150390625,0
156081.1875,2,1,2,31.848291397094727,-1,-1,-1,-1,-1,-1,7590.04296875,1417.69921875,881.77734375,818.3359375,4024.55078125,7085.748046875,917.130859375,1294.1328125,800.48193359375,2285.27392578125,625.4130859375,3291.09228515625,0
183413.375,2,1,1,39.30293273925781,1,-2,-2,-1,0,-1,4345.15234375,625.66015625,506.03125,4379.77734375,2284.25390625,2408.0,646.619140625,995.68701171875,2143.272216796875,565.880859375,1709.797607421875,3623.875732421875,0
234841.015625,2,1,2,31.223011016845703,-1,-1,-1,-1,0,0,5215.3515625,3358.8828125,4402.6875,8738.3671875,5477.69921875,4691.890625,3306.421142578125,3744.916259765625,7268.732421875,2260.818115234375,2034.3291015625,3325.722412109375,0
124514.0625,2,2,2,43.767677307128906,0,0,-1,0,0,0,7206.1875,21666.376953125,6437.78515625,4612.0546875,4405.30859375,4867.6015625,3017.6455078125,902.0439453125,362.51025390625,419.39501953125,245.37451171875,1898.05078125,1
243361.890625,2,1,2,30.88849639892578,2,2,2,2,2,2,161854.25,165234.71875,161979.9375,163664.078125,161289.96875,163316.59375,7520.037109375,6500.826171875,6975.49560546875,6823.072265625,7377.76708984375,6131.93603515625,1
85212.8828125,2,2,1,36.7387580871582,0,0,0,0,0,0,27003.1171875,23017.0390625,25307.0078125,24218.9296875,26264.6171875,24389.8671875,1933.507080078125,2406.79296875,1926.10546875,1445.6630859375,1587.91357421875,2253.58203125,0
85445.7109375,1,2,2,31.313709259033203,0,0,0,0,0,0,42556.37109375,46669.03125,30307.4765625,27414.12890625,18100.79296875,18106.3828125,2497.6904296875,3104.983642578125,1364.528076171875,1141.93798828125,1215.900146484375,2291.984619140625,0
222278.34375,2,1,2,31.521671295166016,-1,-1,-1,-1,-1,-2,6299.57421875,5831.3828125,1380.98046875,1220.28515625,1139.01171875,50.09765625,7703.2431640625,1221.69970703125,880.3154296875,785.30126953125,543.27099609375,3112.0615234375,0
65405.9140625,2,2,2,38.36054992675781,0,0,0,0,0,0,18414.75390625,26356.591796875,24160.259765625,16893.974609375,21035.97265625,18136.55859375,1793.527099609375,2146.71484375,4203.4892578125,1091.304443359375,1141.509033203125,2394.978271484375,0
181666.109375,2,1,1,38.92875671386719,-1,-1,-1,-2,-2,-2,4817.7265625,3550.82421875,799.91796875,470.53125,1047.4453125,-6.453125,4161.978515625,1093.2490234375,652.24365234375,611.34326171875,410.50048828125,2554.683837890625,0
321229.15625,2,1,1,36.79707717895508,0,0,0,0,0,0,58184.87109375,68270.46875,82786.890625,73570.9140625,91969.0859375,72779.7734375,36182.3828125,18245.26171875,35959.14453125,29340.63671875,26693.361328125,26771.13671875,0
141786.3125,2,2,1,35.65579605102539,0,0,0,0,0,0,59050.015625,70246.6875,60503.2578125,57677.55859375,57835.3046875,53883.359375,3455.841796875,3395.423828125,2993.77978515625,5245.83447265625,4079.408203125,2850.0302734375,0
89299.40625,2,2,2,39.9049186706543,0,0,0,0,0,0,47997.4140625,46158.5546875,45500.0703125,25212.369140625,22838.62109375,12704.05859375,2608.015380859375,3106.8037109375,2249.538818359375,896.4609375,1142.0185546875,2430.072021484375,0
40609.2890625,1,2,2,27.572599411010742,0,0,2,0,0,0,10989.99609375,10221.6953125,7269.3359375,6604.26953125,7344.880859375,5761.12890625,1683.952392578125,1641.8388671875,1053.8251953125,978.41455078125,943.7275390625,1912.185302734375,0
239632.9375,2,2,1,41.20301818847656,0,0,0,0,2,0,128206.234375,139390.796875,109289.09375,107665.96875,96632.4140625,90086.171875,6259.69677734375,7391.73486328125,4445.892578125,4440.77392578125,4781.04638671875,4629.18310546875,0
67467.84375,1,2,1,34.71680450439453,0,0,0,0,0,0,29232.443359375,37172.55078125,22960.4453125,21983.806640625,16757.919921875,15806.103515625,1935.384521484375,2378.84375,1442.509521484375,1180.088623046875,1200.131591796875,2233.979248046875,0
80109.2421875,2,2,2,40.00440216064453,0,0,0,0,0,0,10066.1015625,28398.509765625,8362.02734375,6256.546875,5853.87890625,7343.71484375,1154.25,1999.587158203125,1041.9921875,1317.829345703125,750.011962890625,2305.001708984375,0
246094.390625,2,1,1,41.315433502197266,-2,-2,-2,-2,-2,-2,4178.15234375,763.81640625,528.5859375,519.26171875,1092.109375,273.59375,636.1552734375,879.787109375,600.5546875,680.01708984375,497.0830078125,2175.941650390625,0
184972.046875,2,2,1,31.432931900024414,0,0,0,0,0,0,99301.0859375,90013.5234375,81156.921875,76494.8515625,65980.390625,65515.59375,4003.700927734375,4307.69775390625,3113.360595703125,3352.3896484375,3188.01220703125,4856.49609375,0
192831.71875,2,2,1,31.66274642944336,0,0,0,0,0,0,114086.7109375,112840.5,97473.875,92184.765625,71312.6484375,57427.15625,7950.64892578125,6800.7802734375,3198.5244140625,3636.88671875,3638.46533203125,4636.86181640625,0
197188.625,2,1,1,39.34507369995117,1,-2,-1,-1,-2,-2,4572.91796875,1263.640625,2660.14453125,534.71484375,1010.44921875,282.5,656.07373046875,2439.743896484375,845.419921875,621.9404296875,466.93408203125,3718.8828125,0
101293.328125,2,2,2,36.00084686279297,0,0,0,0,-1,-1,34553.91796875,22106.39453125,16400.400390625,23868.185546875,62980.66015625,58520.8515625,3103.07568359375,3710.745361328125,2710.16796875,87648.5546875,1277.720703125,7710.0107421875,0
276683.90625,2,2,1,44.77021026611328,0,0,0,0,0,0,229559.21875,221439.890625,208571.21875,205187.6875,181948.65625,173281.78125,10608.7109375,9405.73046875,7735.8779296875,8767.3369140625,6984.1220703125,9338.7578125,0
100324.265625,2,2,2,29.139995574951172,0,0,0,0,0,0,31499.35546875,72153.234375,31619.630859375,30778.978515625,30353.44140625,27392.228515625,2174.822998046875,2639.565673828125,2084.341552734375,1579.40478515625,1878.44677734375,3260.08056640625,0
77614.671875,2,2,2,28.552404403686523,0,-1,0,0,0,-1,5897.00390625,5485.12109375,5051.65625,4510.48828125,4493.3046875,5381.18359375,760.78662109375,1107.1484375,540.9306640625,573.77880859375,526.79736328125,1856.904296875,0
151118.328125,2,2,1,42.09050750732422,0,0,0,0,0,0,99551.8046875,91781.625,98098.8125,98183.90625,97240.59375,91334.390625,4411.63671875,4759.02685546875,3825.170654296875,3388.33349609375,3724.263671875,4259.85595703125,0
201753.265625,2,1,2,33.8572998046875,-2,-2,-2,-2,-2,-2,5086.2890625,2248.05078125,374.22265625,742.2890625,848.51171875,-153.75,2156.668701171875,1555.51513671875,1141.441162109375,653.66162109375,830.584228515625,5967.50244140625,0
223026.375,2,1,2,31.268802642822266,0,0,0,0,0,0,60502.578125,63057.703125,55266.06640625,43230.12890625,38526.625,37131.33984375,4260.767578125,4087.1826171875,2945.82958984375,2955.58935546875,1789.647705078125,5330.9189453125,0
108017.953125,2,2,2,34.97831344604492,0,0,0,0,-1,0,23833.982421875,19905.033203125,22040.2109375,18393.08984375,32524.359375,16535.533203125,2966.80029296875,4025.994140625,4373.99560546875,10503.7109375,11071.46484375,4356.369140625,0
81416.15625,2,2,2,39.965789794921875,0,0,0,0,0,0,26768.044921875,23735.9609375,23267.66796875,19366.564453125,20359.009765625,17367.744140625,1937.61962890625,2394.37158203125,1969.016357421875,1097.39501953125,1154.035888671875,2266.5302734375,0
286096.8125,2,1,2,33.41054153442383,-1,-1,-1,0,-1,-1,10508.6328125,18651.892578125,20248.95703125,6935.70703125,4784.3515625,8853.021484375,8515.908203125,12263.5625,3755.16845703125,5407.72119140625,10166.271484375,11841.3125,0
267869.0,2,1,2,31.960729598999023,-1,-1,-1,-1,-1,-1,24112.86328125,51131.21875,33956.9375,16103.25390625,8023.763671875,36018.0234375,29515.98828125,18794.23046875,10577.7626953125,6475.291015625,47068.85546875,17424.482421875,0
273520.0,2,1,1,41.59897232055664,-1,-1,-1,-1,-1,-1,6237.05859375,15562.5625,8801.21875,12870.001953125,6441.6015625,11009.6796875,3466.260986328125,6362.455078125,13358.935546875,2125.457275390625,6990.9189453125,6677.5439453125,0
61564.765625,1,2,2,35.206600189208984,2,2,2,2,2,2,31475.65234375,31258.578125,30203.109375,30382.541015625,32956.80859375,28417.681640625,2327.75830078125,2598.22119140625,2165.451904296875,1910.789306640625,1810.953369140625,2243.453369140625,1
217162.375,2,2,2,37.3592414855957,0,0,0,0,0,0,147716.578125,138354.78125,140303.375,119401.9375,122218.28125,103288.4453125,6573.533203125,5944.15771484375,4548.42919921875,3444.482421875,4627.06787109375,4602.447265625,0
169112.65625,2,2,1,42.53619384765625,1,-2,-2,-2,-2,-2,4140.39453125,792.87109375,574.20703125,846.5390625,1099.2265625,-58.20703125,479.9443359375,751.3193359375,458.140625,457.20263671875,296.9599609375,1551.707275390625,0
313230.03125,2,1,2,31.81597900390625,0,0,0,0,0,0,212321.75,202232.046875,192551.25,175973.5,152637.4375,159363.453125,19061.70703125,8829.623046875,10141.515625,9239.857421875,8650.4765625,10936.912109375,0
323600.6875,2,1,1,43.305763244628906,-2,-2,-2,-2,-2,-2,11864.21484375,7230.70703125,22171.76171875,71324.984375,46069.203125,4762.07421875,7588.7705078125,15156.0283203125,121703.3125,12895.9892578125,6946.3232421875,13034.828125,0
111755.4140625,1,2,2,30.82060432434082,1,2,0,0,0,0,46710.6015625,43953.46484375,40983.3671875,45447.921875,26377.92578125,42560.39453125,2290.275634765625,3026.216064453125,2112.981201171875,7306.63623046875,1381.827880859375,2474.689697265625,1
345063.4375,2,1,2,34.0369873046875,-1,-1,-1,0,-1,0,27292.59765625,36920.2109375,50919.3515625,55969.0,26190.6640625,107490.0390625,40842.71875,47026.359375,13650.611328125,49652.59375,38171.96484375,33209.890625,0
198441.046875,2,1,2,32.38945388793945,0,0,0,0,0,0,152310.65625,150492.125,121479.390625,102869.109375,85699.828125,79423.59375,6737.7275390625,5665.98876953125,3395.64404296875,3369.67724609375,5375.24609375,4977.3076171875,0
452786.5,2,1,2,36.238162994384766,-1,0,0,-1,-1,-1,219466.53125,380649.5625,263875.03125,303003.65625,332659.40625,206640.015625,80787.796875,259724.875,175108.015625,63324.7734375,64178.51171875,50295.0078125,0
120404.0390625,1,2,2,33.54889678955078,0,0,0,0,0,0,9872.9296875,5535.984375,5207.17578125,4768.98828125,4829.65625,5230.56640625,962.21630859375,1491.396484375,809.26513671875,615.23779296875,671.695556640625,1951.9111328125,0
325413.96875,2,1,1,32.399139404296875,-2,-2,-2,-2,-2,-2,18688.23046875,33976.80859375,25585.9921875,14698.427734375,18824.71875,20516.974609375,16954.212890625,15276.4892578125,13260.26171875,26127.26171875,13593.8828125,16840.40234375,0
15989.328125,2,2,2,34.676666259765625,0,0,0,2,0,0,28815.021484375,26792.619140625,27579.701171875,27447.15625,23655.04296875,25119.654296875,1873.01318359375,2592.61328125,1966.603759765625,1448.8681640625,1298.52783203125,2335.19140625,1
145458.828125,2,2,1,37.8051872253418,0,0,0,0,0,0,83452.734375,75779.5390625,76894.390625,68372.4765625,71621.109375,65298.0703125,3805.93896484375,3791.19775390625,3105.90625,3241.859375,3145.8466796875,3930.765625,0
301019.3125,2,1,1,39.4185791015625,-2,-2,-2,-2,-2,-2,7487.28125,3575.21484375,7043.76171875,14725.599609375,11787.576171875,11049.6328125,3419.960205078125,2961.54541015625,13438.99609375,6272.5517578125,6263.37744140625,6919.84033203125,0
362829.0625,2,1,1,34.125274658203125,-2,-2,-2,-2,-2,-2,19570.849609375,17736.416015625,7605.58203125,20536.068359375,47708.1171875,30430.0859375,14650.134765625,6135.24072265625,15319.9853515625,55135.0078125,7084.2705078125,18096.185546875,0
101769.375,1,2,1,33.9204216003418,0,0,-1,-1,0,0,6701.33203125,5709.1328125,4561.7421875,12961.630859375,7749.70703125,5541.58203125,1673.194091796875,1903.48046875,10798.71875,1695.95703125,1216.12060546875,2395.172119140625,0
210465.09375,2,2,2,29.39407730102539,-2,-2,-2,-2,-2,-2,4588.51171875,1726.5234375,1274.11328125,4612.30859375,1788.6953125,882.9296875,970.50927734375,1225.375,3499.67822265625,757.639404296875,503.537109375,2135.52587890625,0
162952.390625,2,1,2,31.434959411621094,-1,-1,-1,-1,-1,-1,9564.8203125,9592.80859375,2146.40234375,6707.92578125,4529.96875,5980.51953125,12677.212890625,2431.54248046875,5180.5068359375,2382.51611328125,1393.492919921875,5481.4658203125,0
269085.09375,2,1,2,32.577877044677734,-2,-2,-2,-2,-2,-2,4731.64453125,3025.3203125,1269.0234375,5110.42578125,1653.9921875,4005.11328125,2287.287841796875,1313.61181640625,4503.05078125,1019.6943359375,1793.732421875,3572.88720703125,0
130131.2421875,2,2,1,36.919376373291016,0,0,0,0,0,0,66042.125,65582.6171875,62059.78125,62031.0390625,61593.796875,57147.4140625,3305.363037109375,3276.504638671875,2761.645263671875,2780.510986328125,3046.9638671875,2654.27490234375,0
99407.7734375,2,2,1,33.04456329345703,0,0,0,0,0,0,42866.58984375,40557.6640625,34400.7421875,27268.064453125,18355.021484375,18901.25,3672.095703125,5983.81982421875,2760.885009765625,2177.99560546875,2004.16552734375,8430.24609375,0
139509.171875,2,1,2,31.288227081298828,0,0,0,0,0,0,22232.208984375,19423.927734375,22441.587890625,23572.951171875,27652.49609375,25656.96484375,2087.924560546875,2496.001708984375,2126.0146484375,2446.7783203125,2971.27685546875,3041.3076171875,0
96697.9921875,2,2,2,37.276283264160156,0,0,0,2,0,0,19686.076171875,17347.314453125,19379.720703125,17346.15625,17304.955078125,16582.5,2304.225830078125,1924.947265625,1589.256103515625,1149.520263671875,1103.870849609375,2106.371337890625,0
75557.7578125,2,2,1,40.26041030883789,0,0,0,0,0,0,50704.1875,49165.98828125,50792.9765625,34459.984375,32935.83984375,26944.458984375,2469.474365234375,3030.78076171875,2285.755615234375,1368.457763671875,1574.432861328125,2464.28564453125,0
292035.15625,2,1,2,31.336305618286133,0,0,0,0,0,0,196439.984375,183430.515625,190196.296875,188942.0625,188281.28125,179251.375,9600.6337890625,7876.76025390625,6968.62744140625,8634.060546875,8054.0888671875,6706.455078125,0
61587.5,1,3,1,33.7715950012207,0,0,0,0,2,0,11638.328125,7816.20703125,9680.734375,8001.1171875,6087.72265625,5458.87109375,1307.73486328125,2201.676513671875,1205.041015625,991.451416015625,305.501953125,1806.336669921875,0
149360.546875,2,2,1,32.870262145996094,0,0,0,0,2,0,85409.1796875,78761.0234375,85806.796875,85769.6796875,83715.375,82681.46875,4832.31103515625,4730.279296875,3803.98974609375,3815.559814453125,5054.59326171875,4111.5263671875,0
163121.71875,2,1,2,31.061309814453125,0,0,0,-1,-1,-1,30678.8125,23860.91015625,12613.41015625,9899.80859375,2094.14453125,4347.78125,2934.9951171875,2495.279296875,2961.214111328125,844.87548828125,1875.112548828125,3792.57177734375,0
57189.671875,2,2,2,30.76376724243164,0,0,0,0,0,0,32204.720703125,34317.9453125,30791.00390625,44022.10546875,27261.853515625,46567.1328125,2330.695556640625,2305.152099609375,1941.361572265625,20563.0390625,1552.374267578125,2408.699951171875,0
242466.1875,2,1,2,29.075450897216797,-1,-1,-1,-1,-1,-1,4691.73046875,5074.55078125,1466.90625,3047.48828125,3068.296875,4136.7890625,4458.3427734375,1320.1005859375,2207.621337890625,2230.988525390625,2256.64111328125,2519.49072265625,0
127476.390625,2,1,2,31.792667388916016,1,2,0,0,0,-1,17006.46875,15771.83203125,17684.38671875,7917.54296875,11332.412109375,4491.3125,2881.387939453125,2587.565185546875,2707.362548828125,5534.8603515625,2779.478515625,5657.8095703125,0
174155.0,2,1,1,40.974708557128906,-1,-1,-1,-1,-1,-1,4419.21875,1239.75390625,748.484375,545.96875,1149.859375,807.96875,798.05615234375,1167.80322265625,757.265625,669.28662109375,483.26123046875,2301.892822265625,0
223553.78125,2,2,2,28.980409622192383,-1,-1,-1,0,2,0,17968.55859375,33145.11328125,24716.833984375,12103.482421875,7778.740234375,8392.87890625,13186.412109375,9709.580078125,3572.22607421875,2647.155517578125,1346.688720703125,6074.67919921875,0
220490.421875,1,2,1,28.46118927001953,1,-2,-2,-1,-1,-2,4037.515625,816.72265625,625.45703125,1150.0625,1116.47265625,-26.4765625,482.9208984375,776.64892578125,778.9208984375,582.69873046875,381.54833984375,1736.892822265625,0
159385.46875,2,2,2,32.992069244384766,0,0,0,0,0,0,141951.703125,135835.0625,110715.921875,102053.5,78732.140625,79459.875,5781.31787109375,5415.48681640625,3471.2998046875,3347.88916015625,3488.069091796875,4593.19189453125,0
166095.90625,1,2,2,40.106239318847656,0,0,0,-2,-2,-2,28639.150390625,16700.80078125,10691.82421875,1568.56640625,1415.796875,283.0859375,2361.57666015625,511.5927734375,531.0029296875,465.3408203125,328.65966796875,1762.96044921875,0
168866.828125,2,2,1,41.93489074707031,0,0,0,0,0,0,113757.71875,107416.375,109488.140625,107854.59375,111294.78125,111384.0703125,4498.87890625,4507.5234375,4057.07763671875,4237.55517578125,5018.01318359375,3512.5966796875,0
337426.9375,2,1,1,34.87547302246094,-2,-2,-1,0,0,0,21140.0703125,9751.359375,262901.875,231900.921875,216320.9375,190489.09375,5747.6884765625,214172.609375,19692.19140625,12707.212890625,16397.763671875,21210.755859375,0
238541.4375,2,2,1,31.250078201293945,1,2,0,0,0,0,185369.109375,177547.6875,182672.53125,191538.0625,197921.671875,159272.203125,9820.6611328125,9594.02734375,9243.2568359375,9652.306640625,9678.06640625,6916.52392578125,1
287338.34375,2,1,1,40.03443145751953,-2,-2,-2,-2,-2,-2,4744.9296875,1236.92578125,839.62109375,1548.59765625,5706.96484375,573.70703125,1202.18603515625,1610.71337890625,1322.833740234375,7982.39599609375,2169.029296875,5061.8349609375,0
145492.875,2,2,1,41.95382308959961,0,0,0,0,0,0,94603.2578125,86024.9375,87677.265625,82610.84375,80019.71875,77658.03125,3665.635986328125,4312.87158203125,3373.8681640625,3164.417236328125,3197.34521484375,3233.408203125,0
249955.890625,2,1,1,32.408695220947266,1,-2,-1,-1,-1,-1,6047.203125,1554.32421875,1830.90234375,4845.02734375,23940.158203125,76378.140625,1771.207763671875,2335.508544921875,3718.230224609375,12995.6103515625,77031.5859375,10078.931640625,0
122735.34375,2,2,1,37.082916259765625,0,0,0,0,0,0,90910.453125,80543.875,79017.703125,65428.9453125,66048.640625,57459.9140625,3502.421875,3901.789794921875,2971.08935546875,2863.591796875,3002.681640625,3075.63134765625,0
470039.8125,2,2,1,43.02691650390625,0,0,0,0,0,0,420611.6875,408127.5,386796.0625,334588.75,314185.40625,272823.3125,15638.70703125,16628.046875,14251.8798828125,16693.353515625,14207.49609375,15006.892578125,0
166046.515625,1,2,2,29.703474044799805,-1,-1,-1,-1,-1,-2,4243.359375,838.390625,733.0703125,961.9140625,1116.47265625,10.69921875,723.85693359375,1026.84130859375,756.7734375,577.24853515625,389.59375,1665.150390625,0
204387.96875,2,1,1,39.10503005981445,-2,-2,-2,-2,-2,-2,3975.96875,2826.77734375,706.7421875,449.69921875,1036.64453125,-9.828125,823.287109375,823.51220703125,684.14892578125,593.609375,401.880859375,2866.239013671875,0
266611.4375,2,1,1,41.557464599609375,0,0,0,0,-1,-1,54807.1640625,56844.73828125,32410.89453125,27385.931640625,6495.109375,18881.796875,17033.5703125,10367.330078125,3289.09375,5763.0361328125,25038.455078125,18548.296875,0
148754.296875,2,1,1,44.7298469543457,0,0,0,0,0,0,72339.875,66356.34375,50242.5859375,34612.96875,25208.646484375,23721.41015625,4812.1689453125,5477.005859375,3511.70751953125,3058.9609375,2792.361572265625,9227.1240234375,0
399904.875,2,2,1,38.2016487121582,-1,-1,-1,-1,-1,-1,37001.6796875,42355.44140625,38585.328125,38390.0078125,46603.41796875,50908.84375,48671.69921875,28543.1171875,24532.6953125,78465.203125,28610.54296875,26811.7578125,0
164690.484375,2,2,2,30.54277801513672,0,0,0,0,0,0,98661.125,93541.859375,98601.140625,102044.6171875,99108.84375,100227.3671875,4381.4384765625,4582.76318359375,3898.010498046875,4463.25634765625,4781.39990234375,3916.8798828125,0
130075.609375,2,2,1,37.712772369384766,1,2,2,3,3,2,8052.359375,5050.6640625,3590.953125,4071.46875,4244.10546875,5510.828125,495.291015625,737.6259765625,420.927734375,291.916015625,125.728515625,1728.5625,1
207002.9375,2,1,2,32.16931915283203,-1,-1,-1,-1,-1,-2,4659.796875,1375.8359375,2880.3828125,1403.1015625,1035.74609375,2312.2890625,962.20166015625,1676.9990234375,1370.931884765625,619.8994140625,691.03271484375,4059.0263671875,0
141888.859375,2,2,2,31.374271392822266,0,0,0,0,2,0,100148.796875,99574.03125,90593.7265625,83602.265625,74808.875,75360.3203125,5428.10400390625,4440.8388671875,4261.31591796875,5145.263671875,4542.6943359375,3810.460205078125,1
86930.5,1,2,1,36.70880126953125,0,0,0,0,0,0,47972.58203125,47945.04296875,45789.98828125,24108.943359375,22352.234375,10467.775390625,2560.260498046875,3037.84912109375,2205.14990234375,852.831298828125,976.871337890625,2389.090576171875,0
242030.0,2,1,2,31.53399085998535,1,-2,-1,-1,0,-1,3922.7578125,1257.8359375,1146.765625,5851.2578125,2776.29296875,3792.41796875,719.5703125,978.82275390625,3994.498046875,610.69775390625,1997.184814453125,2856.867431640625,0
306434.9375,2,1,1,43.11100769042969,-1,-1,0,0,0,0,50582.37890625,68879.4765625,96341.5546875,97506.2421875,97653.3515625,138140.1875,71343.515625,22833.953125,13453.5,15603.158203125,101677.65625,31846.365234375,0
241956.59375,2,1,2,33.258575439453125,0,0,0,0,0,0,226205.546875,213806.375,186658.8125,156619.578125,93321.84375,93390.2265625,9291.3291015625,7858.47705078125,5205.6787109375,3986.854248046875,3900.095947265625,9723.171875,0
299247.9375,2,1,1,38.59343719482422,-1,-1,-1,-1,0,-1,6280.703125,6834.9765625,14208.837890625,15659.041015625,8513.759765625,5910.443359375,6511.4267578125,7381.791015625,3883.03515625,2542.6455078125,6119.7646484375,4783.587890625,0
83679.453125,2,2,1,40.214229583740234,0,0,0,0,0,0,60113.0234375,60054.640625,45374.21484375,41714.17578125,27481.03125,29458.94140625,3235.718017578125,3176.188232421875,1784.964111328125,1586.17431640625,1682.76171875,2486.427734375,1
179242.8125,2,2,1,31.787555694580078,0,0,0,0,0,0,87339.1015625,78630.7890625,84169.28125,84009.390625,83733.0859375,81340.46875,4663.03564453125,5257.517578125,4206.36767578125,3697.62548828125,4377.88671875,7711.884765625,0
182907.65625,2,1,1,44.0083122253418,-2,-2,-2,-2,-2,-2,5272.6328125,-605.24609375,-968.8359375,68.12109375,-571.15234375,-672.60546875,699.5439453125,2675.136474609375,2718.814453125,684.38134765625,989.362060546875,6787.638671875,0
171034.859375,2,1,1,40.613948822021484,-1,-1,-1,-1,0,0,4524.82421875,1342.7734375,800.02734375,3258.890625,4316.54296875,4527.84765625,844.8125,1175.45263671875,1234.529541015625,500.75439453125,365.08251953125,2234.633544921875,0
52233.796875,1,2,1,41.762325286865234,1,3,2,2,0,0,20440.884765625,18636.34375,20013.982421875,17934.494140625,18446.009765625,16967.92578125,1611.30419921875,1992.665283203125,1572.2607421875,1160.525634765625,1269.06103515625,2104.046875,1
228346.0625,1,1,1,44.714115142822266,0,0,0,0,0,0,152473.75,143918.15625,143664.84375,147407.296875,151416.859375,151378.0,8543.416015625,7588.5947265625,7055.15771484375,7604.1376953125,10037.84375,7678.3603515625,0
264295.21875,2,1,2,30.84617042541504,-2,-2,-2,-2,-2,-2,15744.8046875,19345.708984375,7068.35546875,1525.2734375,3033.91015625,-152.23828125,15922.73828125,3634.971435546875,2257.994384765625,3185.47119140625,751.19287109375,5506.5927734375,0
211877.578125,2,1,2,31.827001571655273,1,-2,-2,-1,2,-1,3970.17578125,778.48828125,660.1796875,3184.61328125,4816.29296875,9258.947265625,585.30810546875,879.3818359375,798.1923828125,383.96923828125,557.888671875,2416.11328125,0
186941.203125,2,1,1,39.912498474121094,-1,2,2,-2,-2,-2,6208.92578125,4206.453125,891.34375,442.32421875,829.171875,-261.76171875,697.64501953125,1085.02197265625,896.06396484375,640.6220703125,617.51123046875,3885.26708984375,0
276652.75,2,1,1,37.03023147583008,-1,-1,-1,-1,-1,-1,25781.904296875,34178.94140625,33500.96875,24085.154296875,16931.4921875,22432.54296875,29003.166015625,18701.671875,20901.72265625,9360.189453125,29381.509765625,21408.66015625,0
146973.84375,2,2,1,42.20540237426758,0,0,-2,-2,-2,-2,17002.2421875,42026.66796875,3570.62109375,1641.34375,1123.91796875,243.66015625,834.24853515625,964.8896484375,574.6513671875,502.0263671875,319.080078125,2965.579833984375,0
95437.71875,2,2,2,36.53223419189453,0,0,0,0,0,-2,13766.6171875,12054.546875,8429.61328125,7728.64453125,2890.125,449.41015625,1541.10986328125,1954.409423828125,976.80810546875,461.4794921875,451.611328125,2148.31982421875,0
279415.4375,2,2,1,38.10423278808594,-1,-1,-1,-1,-1,-1,11433.83203125,13639.09765625,7720.04296875,8532.70703125,16574.791015625,3996.85546875,9878.818359375,8051.8984375,6982.93408203125,12297.58984375,5651.49755859375,6448.3271484375,0
215152.109375,2,1,1,39.25533676147461,-2,-2,-2,-2,-2,-2,3993.74609375,717.58203125,463.5859375,437.64453125,1064.69921875,-26.4609375,660.65869140625,820.44873046875,615.1123046875,578.79248046875,363.5986328125,2692.296630859375,0
194896.265625,2,2,1,40.839111328125,2,2,2,2,2,2,107733.328125,107055.421875,110492.90625,114098.625,108247.234375,107036.6328125,7767.68017578125,5453.0400390625,5223.14697265625,6443.794921875,7022.8857421875,4899.28662109375,1
27860.0625,2,2,2,28.811840057373047,0,0,0,0,0,0,30603.1484375,30747.126953125,28650.453125,25651.8203125,23535.34765625,19210.373046875,2196.38720703125,2423.006591796875,1861.203857421875,1337.214599609375,1134.45458984375,2297.867431640625,1
95232.1875,2,2,2,31.144634246826172,0,0,0,0,2,0,45588.77734375,44049.5859375,46937.74609375,49082.59375,44484.37890625,43683.7734375,3132.4794921875,3430.83984375,2795.4697265625,2335.742919921875,2594.169677734375,2653.783447265625,0
113715.3359375,2,1,1,35.91275405883789,0,0,2,0,-1,-1,12375.01171875,9237.01953125,4914.1015625,4447.78125,2926.609375,4680.7265625,1951.40087890625,1638.92724609375,732.6123046875,629.76953125,2815.197998046875,2761.242431640625,0
141333.75,2,2,2,29.162479400634766,0,0,0,0,0,0,56037.2109375,53371.328125,53907.19921875,53988.7890625,56029.296875,49872.0390625,2977.56396484375,3262.868408203125,2616.4990234375,2777.050537109375,2775.9638671875,2697.8984375,0
154872.875,2,2,2,37.909278869628906,0,0,0,0,0,0,11382.4765625,5717.328125,5246.3671875,5097.84765625,5386.234375,6753.193359375,1359.0478515625,2158.089599609375,1372.94189453125,2116.832763671875,2646.143798828125,4691.4951171875,0
32929.8125,2,2,2,28.327030181884766,0,0,0,0,0,0,15500.84765625,13940.46484375,14685.1796875,14496.861328125,15077.7890625,14152.939453125,1686.389892578125,2129.1025390625,1551.326171875,1173.303955078125,1174.750732421875,2184.79443359375,0
147962.40625,2,1,2,30.378225326538086,0,0,0,0,0,2,12329.171875,10032.8203125,8666.296875,16834.458984375,29273.328125,16978.826171875,2372.2255859375,3198.29345703125,2351.13427734375,10711.90234375,3091.58056640625,4455.30810546875,0
111670.40625,2,1,2,31.111343383789062,1,-2,-2,-2,-2,-2,3807.13671875,934.12109375,524.2109375,880.86328125,1119.89453125,16.03125,498.31201171875,799.41552734375,584.9482421875,525.4990234375,283.111328125,2007.615234375,0
61138.0859375,2,1,2,31.241952896118164,0,0,0,0,0,0,12536.48046875,8934.140625,9373.73046875,11046.4453125,10687.021484375,11378.455078125,1503.91552734375,2113.6484375,1505.3427734375,1260.2744140625,1218.1259765625,2749.3857421875,0
130858.75,2,2,1,37.05568313598633,2,2,2,2,0,0,72937.0859375,70816.2890625,67473.78125,63675.40625,69236.40625,62359.53125,3589.735107421875,3404.210693359375,3126.3125,3570.230712890625,3195.70263671875,2928.230712890625,1
129287.546875,2,2,1,40.8032341003418,2,2,2,2,2,2,94260.015625,88099.53125,90000.15625,87711.640625,89195.1171875,85395.515625,3676.3955078125,4106.4482421875,3774.115234375,3055.820068359375,3183.641845703125,4494.9912109375,1
223826.734375,2,2,1,37.656471252441406,-2,-2,-2,-2,-2,-2,4651.140625,1872.609375,2709.828125,3108.92578125,3017.0,2979.52734375,735.93701171875,1367.21337890625,2378.71435546875,2055.551513671875,1586.516845703125,2197.357177734375,0
241569.8125,2,1,1,31.399921417236328,0,0,0,0,0,0,56254.5,146911.0625,53213.9453125,50166.31640625,22588.177734375,36070.58984375,5350.37939453125,6127.00732421875,4938.67529296875,6083.2744140625,1848.302978515625,5419.32958984375,0
310600.3125,1,1,1,42.72160339355469,-2,-2,-2,-2,-2,-2,29788.033203125,38862.1015625,35827.0,25966.654296875,37749.1015625,24656.8125,48705.7578125,22365.3515625,10160.8505859375,43324.37890625,4827.5087890625,22407.931640625,0
171895.265625,2,2,1,42.303043365478516,-1,-1,-1,-1,0,0,4456.54296875,1496.03125,1903.9453125,9337.60546875,6108.3046875,4835.11328125,1248.9580078125,1643.8251953125,7249.91015625,1248.23828125,1161.941650390625,2697.81689453125,0
76534.859375,2,2,2,34.65278244018555,0,0,0,0,2,2,45390.8828125,43312.41015625,46220.671875,45017.3359375,43501.015625,45506.80859375,2686.10205078125,3252.353759765625,2270.112548828125,2343.175537109375,2387.916015625,2548.188232421875,0
208275.625,1,2,1,38.9331169128418,1,2,2,2,0,0,110567.140625,106721.171875,111235.390625,111221.046875,112675.28125,111140.6953125,7787.2109375,6206.662109375,5294.4716796875,4232.99853515625,5361.8251953125,7735.873046875,1
106472.203125,2,2,2,37.14412307739258,1,2,0,0,0,0,56632.046875,60112.8984375,61590.0859375,62055.6953125,61756.3828125,56212.9296875,2957.87646484375,3267.76025390625,2779.882080078125,2812.943359375,4577.7412109375,2780.093505859375,0
64749.7265625,2,2,2,29.296934127807617,2,2,2,4,3,2,8081.828125,5079.625,3474.71484375,3983.38671875,4299.41796875,5507.171875,396.79345703125,616.7412109375,350.03173828125,264.0791015625,78.57763671875,1583.592529296875,1
132824.78125,2,1,2,32.3594970703125,0,0,0,0,-2,-2,11010.26171875,7128.9296875,5903.60546875,1353.40625,1025.71484375,11.19921875,1430.08837890625,1701.5986328125,942.88720703125,617.13330078125,493.34130859375,3709.306396484375,0
147366.703125,2,2,2,29.209497451782227,0,0,0,0,0,0,21252.05078125,19186.21875,24102.537109375,26225.998046875,31880.55859375,31068.591796875,2715.07177734375,2696.494873046875,2367.0224609375,3301.1240234375,9634.21484375,5024.8583984375,0
85551.53125,2,2,2,28.952617645263672,1,2,2,2,2,2,52806.9375,56811.67578125,55152.375,55665.765625,58726.9375,54007.2578125,2923.279052734375,3073.975830078125,3140.05126953125,2386.111572265625,2406.287841796875,2658.395751953125,1
151062.125,2,2,2,29.477195739746094,0,0,0,0,0,0,53347.7890625,51800.55078125,43238.9921875,38963.76953125,38212.8203125,34767.671875,3895.11767578125,3524.605712890625,3181.27294921875,6256.7548828125,6564.2568359375,4537.67236328125,0
245296.0625,2,2,1,38.59645462036133,-2,-2,-2,-2,0,0,141200.125,116858.7109375,115849.1875,55612.5,78662.375,36437.56640625,24969.728515625,26361.87890625,38243.58203125,12326.1484375,7451.740234375,9791.21875,0
90427.921875,2,2,1,36.48629379272461,0,0,0,0,0,0,54499.85546875,50369.5078125,52533.72265625,53290.92578125,51446.6640625,47193.1640625,2996.93994140625,3244.09521484375,2730.619873046875,2712.06396484375,2788.38232421875,3420.4970703125,0
81110.3046875,2,2,2,28.833354949951172,0,0,0,0,-1,0,32822.8203125,31552.140625,18753.46875,9476.765625,29419.49609375,21033.267578125,3156.030517578125,3050.83642578125,1522.410400390625,19911.458984375,3288.78076171875,4234.43359375,0
220802.421875,2,2,1,38.32095718383789,2,2,2,2,2,2,196326.125,192533.15625,191024.546875,184472.421875,204968.015625,188208.25,9371.3408203125,8448.044921875,9834.201171875,8511.2578125,10010.703125,8822.73828125,1
168269.46875,2,2,2,40.892433166503906,0,0,0,0,0,0,133038.109375,112522.6796875,97756.203125,66166.59375,60221.01953125,51538.53515625,5087.392578125,5372.1376953125,2960.97216796875,2822.3173828125,2761.998291015625,3847.441650390625,0
225132.796875,2,1,2,39.551300048828125,-2,-2,-2,-2,-2,-2,4177.03125,694.19140625,431.7265625,438.36328125,1078.70703125,-81.18359375,658.927734375,820.75244140625,637.91064453125,571.09765625,364.234375,2300.447021484375,0
238955.96875,2,1,1,31.584178924560547,-1,-1,-1,-1,-1,-1,5818.7421875,3350.7109375,4988.34765625,12364.814453125,4914.046875,3097.5625,2249.603515625,3935.1572265625,14169.3642578125,1459.510986328125,1288.491943359375,3517.17919921875,0
86128.265625,2,2,1,41.87455749511719,0,0,0,0,0,0,59590.828125,58471.90625,49774.44921875,47999.9296875,35966.51171875,37993.6796875,3232.369873046875,3181.190185546875,2129.35595703125,2431.06103515625,2053.3359375,2596.146484375,0
310288.6875,2,1,2,33.677757263183594,-1,-1,-1,0,0,0,26394.720703125,32907.796875,34644.13671875,40358.02734375,31774.84765625,38140.71484375,23886.216796875,28658.89453125,26627.5390625,15935.8828125,27669.68359375,27936.810546875,0
222126.140625,2,1,2,29.890636444091797,-2,-2,-2,-2,-1,-1,5632.125,6761.640625,1322.5,1153.625,1269.68359375,158.1015625,2748.4423828125,1076.6337890625,579.78369140625,745.187744140625,472.3154296875,2925.618896484375,0
214794.390625,2,2,2,38.6264762878418,1,-1,-1,-1,0,0,4660.39453125,981.65234375,690.39453125,3564.5703125,4319.30859375,4478.0703125,789.990234375,1153.56640625,1275.49169921875,490.59619140625,361.291015625,2357.440185546875,0
294324.84375,2,1,2,33.25880432128906,0,0,0,0,0,0,212419.046875,196403.109375,177387.78125,128082.015625,92184.0234375,78208.921875,12162.228515625,9341.8408203125,8528.802734375,7129.86669921875,10176.041015625,7907.517578125,0
70360.9921875,2,1,2,35.94367218017578,1,2,2,2,2,2,52693.59375,50683.97265625,52311.04296875,55107.58203125,55267.5,53209.58984375,3450.352294921875,3109.328369140625,2874.370361328125,3275.8447265625,2637.739990234375,3052.781494140625,1
49265.0390625,2,2,2,29.045886993408203,1,2,2,2,2,2,11105.79296875,12474.96875,11595.0625,12427.5078125,11596.5859375,10784.5546875,1493.49853515625,1928.938720703125,1489.326416015625,1025.37158203125,1041.03515625,1971.27685546875,0
83551.5,1,3,1,39.42782974243164,0,0,0,0,0,0,21379.50390625,21064.501953125,11994.99609375,9806.71484375,3379.4140625,3157.58984375,1845.045166015625,1936.94482421875,1019.146484375,886.69677734375,1634.0888671875,2089.441650390625,0
290267.1875,2,2,1,32.670448303222656,0,0,0,0,0,0,195148.890625,173337.828125,164679.609375,166454.21875,134170.6875,145374.21875,9705.4150390625,9140.6171875,6108.13671875,7247.46484375,8033.0986328125,7983.9716796875,0
357245.78125,2,1,2,32.379032135009766,0,0,0,0,0,0,153849.265625,153914.578125,124280.140625,161628.0,136498.484375,164771.34375,16831.142578125,38648.953125,16125.8544921875,22449.0390625,30272.958984375,28076.375,0
180185.265625,2,1,2,31.03152084350586,0,0,0,0,0,0,6273.84375,5752.09765625,4504.375,4308.0703125,4344.57421875,4560.76953125,1086.89404296875,1237.9287109375,579.06201171875,575.24658203125,707.742431640625,3960.525634765625,0
160829.640625,2,1,2,31.96775245666504,0,0,0,0,-2,-2,89922.09375,86513.078125,44638.82421875,14705.744140625,2190.953125,1923.7421875,3958.03759765625,2640.732666015625,320.4130859375,553.73486328125,394.15478515625,4139.517578125,0
190388.390625,2,1,2,33.278629302978516,0,0,0,0,0,0,80385.640625,72112.6640625,75604.5546875,78834.5234375,82718.9140625,82467.953125,5038.4814453125,6153.9072265625,5981.27783203125,5506.64404296875,5794.88818359375,8367.0654296875,0
94239.1796875,2,2,2,39.93476867675781,1,2,2,2,2,2,31822.255859375,31572.236328125,34684.04296875,31676.98828125,33493.79296875,29532.58203125,2273.56005859375,2893.095947265625,2156.901611328125,2164.524658203125,1771.076171875,2464.474853515625,1
58462.5546875,2,2,1,41.88767623901367,1,2,2,2,0,0,8414.91015625,8110.6953125,8660.8203125,8461.94140625,8478.15625,6321.23828125,1315.43505859375,1813.662109375,1380.972412109375,1016.312744140625,1004.017578125,1920.381103515625,0
267598.46875,2,1,2,31.072126388549805,-1,0,0,0,0,0,74355.4140625,181192.34375,172026.0,203005.0,147275.4375,192219.25,153351.296875,22884.62890625,8139.44921875,46217.7890625,5974.99609375,9836.11328125,0
51516.1015625,1,2,2,28.041778564453125,0,0,0,0,0,0,20265.990234375,20007.38671875,18699.04296875,15599.7421875,10878.4375,10648.18359375,1680.0302734375,1977.370361328125,1485.118896484375,1114.929443359375,277.236328125,2072.01171875,1
281539.9375,2,2,1,39.0208625793457,-2,-2,-2,-2,-2,-2,6677.859375,7244.32421875,10027.4375,8363.359375,5928.08984375,16775.541015625,6020.2060546875,9295.1875,5641.09326171875,6758.072265625,7958.59619140625,9276.595703125,0
197883.53125,2,2,1,29.76207733154297,0,0,0,0,0,0,108431.4375,106572.4453125,105721.4296875,79524.265625,71855.5625,47431.0078125,5147.33251953125,4748.6533203125,4759.74169921875,4929.7431640625,4844.86865234375,3870.25146484375,0
269418.21875,2,2,1,38.58949661254883,-2,-2,-2,-2,-1,-2,4819.234375,11787.0546875,4674.78125,3824.55859375,2109.59375,6234.677734375,2439.926513671875,2093.684326171875,3448.98193359375,865.774169921875,4664.0869140625,3023.244873046875,0
30414.984375,2,2,2,29.299972534179688,2,2,2,0,0,0,48471.20703125,41500.00390625,37520.09375,26551.962890625,25708.837890625,20513.41796875,2320.74072265625,2862.48486328125,1778.700927734375,1444.02734375,1635.980712890625,2304.320068359375,1
167705.1875,1,2,1,37.856529235839844,1,-1,-1,-2,-2,-2,4524.35546875,2354.84765625,681.8203125,853.703125,1126.44921875,-7.8671875,1386.62939453125,964.61376953125,508.33935546875,449.6943359375,269.74267578125,1568.145751953125,0
244698.5,2,2,1,41.12010955810547,0,0,0,0,0,0,198156.421875,202923.921875,193460.75,170991.203125,163401.671875,125252.8828125,10409.0302734375,9660.716796875,7777.8564453125,7856.8017578125,7473.0,9840.818359375,0
376662.625,2,1,1,41.56511688232422,-2,-2,-1,0,0,0,34358.53125,41334.59375,198328.421875,171513.46875,104703.796875,122380.078125,25870.650390625,199634.234375,61121.08984375,35239.66796875,11303.2109375,31439.181640625,0
113232.984375,2,1,2,32.43150329589844,0,0,0,0,0,0,19131.611328125,14544.47265625,18157.994140625,16678.640625,18248.916015625,17349.19921875,1947.392578125,2281.520751953125,1766.888427734375,1440.003173828125,1679.923828125,4255.89404296875,0
85263.984375,2,2,1,36.85944366455078,0,0,0,0,0,0,41120.625,38934.4609375,34353.875,28826.1875,27505.759765625,26282.201171875,2504.4150390625,2315.596923828125,1999.341064453125,1515.0390625,1599.009521484375,2350.452880859375,0
39754.8203125,2,2,1,41.99641799926758,2,2,2,2,2,0,13250.6875,9742.94140625,9076.91015625,9294.27734375,9961.42578125,9398.642578125,1533.53662109375,1932.00830078125,1575.545654296875,1035.065185546875,1122.580078125,2532.885498046875,1
335127.375,2,1,1,35.323974609375,-2,-2,-2,-2,-2,-2,16696.08984375,15956.83203125,21468.53515625,33065.22265625,30283.9296875,24704.21875,12616.234375,15884.9443359375,37496.28515625,19776.6484375,11423.0234375,27384.533203125,0
177043.296875,2,2,1,28.935392379760742,0,0,0,0,0,0,74698.65625,73930.0234375,62846.51953125,66519.2890625,45957.46875,45895.70703125,4930.0546875,4930.39306640625,2231.064208984375,2819.36181640625,2806.472900390625,3315.02001953125,0
92863.15625,2,2,1,37.31187057495117,0,0,0,0,0,0,27056.166015625,21375.724609375,13307.58984375,12481.228515625,6224.15234375,5127.45703125,2476.223876953125,2372.218994140625,1123.6220703125,779.329345703125,442.34033203125,2964.00537109375,0
268389.875,2,2,1,32.83261489868164,0,0,0,0,0,2,180544.75,167649.796875,174262.296875,181910.109375,191949.703125,159429.15625,10397.826171875,7971.7470703125,9051.470703125,10206.0927734375,8902.458984375,7280.2431640625,0
66997.1328125,1,3,1,44.480003356933594,0,0,0,0,0,0,42701.55859375,36919.515625,30477.03125,20020.666015625,18572.333984375,16828.15234375,2525.52099609375,2175.45263671875,1504.385498046875,1136.5419921875,1298.398681640625,2207.849853515625,0
174901.921875,2,2,1,28.99946403503418,0,0,0,0,0,0,76480.6875,75713.5625,73595.859375,61238.26171875,59054.6640625,47383.48828125,4246.369140625,3961.59912109375,3696.21240234375,2630.259033203125,2579.56591796875,3319.49560546875,0
218696.59375,2,2,1,31.497364044189453,0,0,0,0,0,0,207475.21875,171080.25,140457.671875,72588.109375,47416.23046875,48147.91015625,6645.291015625,5883.6171875,3380.60986328125,3047.173828125,1887.52099609375,6222.44384765625,0
308985.84375,2,1,1,38.89170455932617,0,0,0,0,0,0,107127.234375,89019.921875,64522.3359375,62496.03125,49434.87890625,40396.640625,16411.83203125,13185.431640625,9093.9765625,11925.302734375,21808.361328125,16093.345703125,0
76998.0078125,2,2,2,30.863750457763672,0,0,0,0,0,0,53446.74609375,51374.296875,35075.69921875,23765.802734375,8728.845703125,4903.30078125,4099.98291015625,3882.1083984375,2487.973876953125,2503.742919921875,3098.11376953125,2334.533203125,0
219450.078125,2,1,1,40.933475494384766,-1,-1,-1,-1,-1,-1,5176.5703125,4486.62109375,4505.390625,3538.53125,3819.03515625,5476.19921875,4286.4609375,5147.82080078125,3620.02587890625,3653.19970703125,4183.4892578125,3667.85498046875,0
85820.5859375,1,2,1,39.12824630737305,1,2,2,0,0,0,6478.76171875,6238.3984375,7044.703125,7083.29296875,6915.48046875,6251.44140625,877.892578125,1678.9052734375,1059.27587890625,995.351806640625,988.930419921875,2088.524658203125,0
86394.7890625,2,2,2,29.605606079101562,-1,2,2,-1,-1,-1,5479.203125,5050.32421875,1430.078125,951.38671875,1146.81640625,1155.61328125,551.9599609375,788.5595703125,646.87109375,595.66845703125,488.75390625,1956.535400390625,0
50014.0390625,1,3,1,36.83647155761719,2,2,2,2,2,2,9759.92578125,8285.55859375,6763.3515625,6631.546875,6967.3359375,5905.189453125,1269.12158203125,1589.10107421875,1085.01171875,825.210205078125,772.87939453125,1875.95947265625,1
166674.125,1,2,2,37.545143127441406,0,0,0,-2,-2,-2,47618.39453125,27776.720703125,20415.931640625,1888.96875,1427.0625,523.20703125,2875.5830078125,394.3720703125,534.19384765625,470.22412109375,328.65966796875,1805.690673828125,0
215715.921875,2,1,1,38.916229248046875,-1,-1,-1,0,0,-1,5583.9921875,2432.8515625,12178.40234375,6146.8515625,4014.93359375,2439.83984375,1516.80859375,8981.125,1445.66796875,1123.10595703125,874.56201171875,4532.560546875,0
242246.1875,2,1,1,40.942054748535156,0,0,0,0,0,0,15648.96484375,7290.45703125,5263.48828125,4490.76171875,4519.55859375,-1307.6015625,2896.4345703125,3007.44140625,1831.60302734375,2146.49853515625,2034.392578125,3577.533935546875,0
256136.9375,2,1,2,32.93720245361328,0,0,0,0,0,0,163405.0625,165195.875,163149.5,152462.765625,140043.796875,137743.0,8530.48046875,6510.5419921875,5969.58642578125,5297.5029296875,5441.4033203125,6039.29931640625,0
287272.5625,2,2,1,38.57297134399414,0,0,0,0,0,0,129733.1875,169918.171875,133166.734375,89998.71875,70445.1484375,52806.375,11727.7138671875,6364.234375,5991.228515625,5496.953125,2782.94970703125,10683.150390625,0
14942.46875,2,2,2,41.57175064086914,1,2,0,0,0,0,26105.44921875,27838.169921875,27594.740234375,28449.283203125,28474.94140625,26946.89453125,1670.92724609375,2373.129638671875,1938.853271484375,1815.547119140625,1426.780517578125,2320.288330078125,0
204868.625,2,1,2,31.1668701171875,0,0,0,0,-1,-1,36101.0390625,34979.62109375,25011.001953125,14441.884765625,21720.20703125,22824.578125,17123.30078125,5234.232421875,5587.412109375,10596.3984375,16043.462890625,15113.408203125,0
194163.734375,2,2,2,39.679595947265625,-1,-1,-1,-1,-1,-1,5648.671875,2100.1796875,614.95703125,521.7734375,1094.45703125,828.546875,588.8408203125,1154.54541015625,845.833984375,709.68212890625,523.5673828125,3180.80908203125,0
46459.265625,2,2,2,36.80585861206055,0,0,0,0,0,2,24856.048828125,23291.779296875,20479.56640625,16305.0546875,16086.265625,12781.705078125,1830.664794921875,2180.513427734375,1488.273193359375,1447.6025390625,1034.49951171875,2099.845703125,1
123354.7890625,1,2,2,28.679094314575195,0,-1,0,0,-2,-2,18487.837890625,36510.78125,13134.30078125,13216.0625,1984.01171875,514.04296875,22210.31640625,8225.185546875,1237.483154296875,1386.4658203125,665.935546875,4275.6943359375,0
80647.390625,1,2,1,30.338172912597656,0,0,0,0,0,0,24019.1875,21982.794921875,14271.833984375,10474.1640625,6643.1171875,7798.1171875,1965.343017578125,2022.421142578125,1266.262451171875,983.607666015625,373.75927734375,2097.737548828125,0
50792.875,2,2,2,30.47659683227539,0,0,0,0,0,0,11494.05078125,10081.63671875,5013.21484375,5855.45703125,4871.02734375,5089.44140625,1798.24169921875,1702.37548828125,726.49169921875,614.98583984375,610.5625,2143.4443359375,0
135637.5625,2,2,2,37.16360855102539,0,0,0,0,0,2,101357.96875,94006.53125,93961.6875,84306.15625,82048.21875,71783.890625,4351.6357421875,4391.7705078125,4154.81787109375,4040.322265625,2848.9501953125,3538.615478515625,0
264389.6875,2,1,2,33.62451934814453,0,0,0,0,0,0,237194.109375,217267.28125,201277.171875,164158.5625,77578.8515625,72867.6796875,27122.6796875,9585.2119140625,13364.625,5624.6923828125,1608.061767578125,19098.37109375,0
227351.640625,1,1,2,28.857521057128906,0,-1,-1,-1,-1,-2,17067.3984375,23642.779296875,18846.578125,5383.859375,1263.578125,70.71875,19142.15234375,10875.53125,6109.359375,2011.831298828125,1156.434814453125,6088.36572265625,0
195670.90625,2,2,2,37.94453811645508,-1,-1,-1,-1,-1,-1,4524.16796875,2495.3125,2612.87890625,1962.49609375,1467.34375,2863.16015625,1007.91943359375,1482.45361328125,855.80859375,896.551513671875,1680.63720703125,2126.68017578125,0
168070.75,2,2,1,34.842506408691406,-1,0,-1,0,-1,0,13644.29296875,7400.47265625,25852.681640625,10214.4921875,21749.61328125,14693.0546875,2802.017578125,12135.037109375,5079.58544921875,14199.806640625,8573.25390625,6570.18603515625,0
167170.734375,2,1,2,31.221336364746094,0,0,0,-1,-1,-1,12615.9296875,4609.05859375,6164.765625,1944.515625,4130.5625,2899.63671875,2314.3720703125,5233.4140625,1297.79443359375,3610.552734375,2005.05517578125,4437.4541015625,0
179899.40625,2,1,2,31.640819549560547,-1,-1,-1,-1,-1,-2,4584.7734375,2759.359375,3170.43359375,2299.23828125,1111.28515625,53.3671875,1607.667236328125,1534.525390625,1704.3125,680.3310546875,473.27392578125,2366.9384765625,0
166549.296875,2,1,1,44.72540283203125,1,-2,-2,-2,-2,-2,4082.078125,731.328125,464.71484375,444.0859375,1093.5859375,-59.69921875,575.046875,799.419921875,592.70458984375,574.23095703125,306.8193359375,2284.882080078125,0
200946.46875,2,1,1,39.43592071533203,-1,-1,-1,-1,-1,-1,6349.4453125,2952.15625,3135.53125,3231.1796875,16551.4765625,9925.779296875,2790.087890625,2427.619140625,2439.95703125,18392.625,2148.37744140625,6367.14453125,0
103944.8671875,2,2,2,39.95387268066406,0,0,0,0,0,0,39916.30859375,38789.05078125,33045.79296875,31008.51171875,28835.84375,27499.236328125,2512.325439453125,2533.50390625,2079.907958984375,1550.954345703125,1619.7451171875,2440.42626953125,0
185548.375,2,1,2,44.339942932128906,-1,-1,-1,-1,-1,-2,5207.93359375,5991.8125,6238.63671875,2335.890625,1073.80078125,291.7265625,4781.06201171875,6201.982421875,1342.27978515625,796.368408203125,720.110107421875,3665.19482421875,0
169975.296875,2,1,1,32.72383499145508,-1,-1,-1,-1,-1,0,6969.921875,2176.296875,1288.5390625,4170.5625,7477.630859375,5494.90234375,1044.9208984375,1919.647216796875,4577.5009765625,5641.09228515625,1207.177978515625,5897.18701171875,0
108927.46875,2,3,1,37.24055480957031,2,0,0,0,0,0,82251.78125,79810.65625,58492.53125,54450.79296875,28716.8125,31339.271484375,3324.27734375,3901.591552734375,1988.670166015625,2103.121337890625,1471.734130859375,3139.069091796875,1
224119.65625,2,1,1,30.158355712890625,-2,-2,-2,-2,-1,-2,3952.40625,996.72265625,1412.76171875,1833.50390625,4318.1875,19383.169921875,1187.40771484375,1307.734375,1377.02197265625,1484.497314453125,19194.40625,5185.0068359375,0
321763.8125,1,2,1,38.60581588745117,0,0,0,0,0,0,252467.71875,249090.859375,245528.25,238471.953125,231038.125,226410.3125,12415.8525390625,10833.166015625,9431.591796875,10067.76953125,11330.767578125,11723.205078125,0
157180.578125,2,1,2,30.471790313720703,-1,-1,-1,-1,-1,-2,4155.08984375,2399.6328125,935.6796875,1117.41015625,1137.046875,42.3046875,1781.487060546875,1024.02001953125,790.3193359375,591.68603515625,359.263671875,1792.586181640625,0
40716.296875,2,2,2,28.59579086303711,0,0,0,0,0,2,21453.501953125,20228.66796875,23725.896484375,25956.306640625,27624.5859375,24076.0390625,2029.94189453125,2467.9169921875,1966.9833984375,1722.33837890625,1459.57763671875,2382.415283203125,1
69680.6875,1,2,1,42.137203216552734,0,0,0,0,0,0,50284.171875,48749.28515625,33141.84375,28554.15234375,15494.552734375,14547.625,2573.08642578125,3018.113525390625,1257.220458984375,1156.00390625,1234.48828125,2386.60986328125,0
156123.953125,2,1,1,31.671199798583984,0,0,0,-1,0,-1,25386.51171875,22667.052734375,8493.2265625,7999.82421875,2843.28125,4040.33984375,3349.408447265625,1428.35986328125,4410.51171875,1073.219970703125,2513.286376953125,4501.75048828125,0
25893.28125,2,2,2,36.87376022338867,1,2,2,2,2,0,35548.7890625,30945.017578125,32702.77734375,32151.203125,31643.66015625,27353.08984375,2216.82861328125,2843.305908203125,2456.0634765625,1336.406494140625,1640.316650390625,2171.330322265625,1
355002.9375,2,2,2,41.73368453979492,0,0,0,0,0,0,417366.65625,399749.375,360013.90625,268288.28125,190096.59375,154144.15625,21423.822265625,16176.822265625,12884.1103515625,9852.9609375,9291.6484375,19856.158203125,0
115982.1640625,2,2,2,28.7448787689209,0,0,0,0,2,0,49458.66015625,50379.0234375,52397.203125,49896.796875,44523.78515625,44251.5625,2820.865478515625,3176.5966796875,2771.554931640625,2685.607421875,3367.15478515625,2452.3583984375,1
197315.125,2,1,1,38.813087463378906,-1,-1,-1,-1,-1,-1,4667.2421875,1430.5703125,2539.54296875,10558.73828125,3936.55078125,364.5,1458.3544921875,1894.123779296875,13142.4931640625,1351.6845703125,980.0732421875,3193.251220703125,0
224719.046875,2,1,2,40.188018798828125,1,-2,-1,-1,-2,-2,4848.8046875,957.43359375,1324.828125,508.4921875,826.09765625,-363.2734375,624.58544921875,1415.3896484375,1108.1201171875,650.91845703125,704.666015625,4020.787109375,0
36860.921875,2,2,2,28.412668228149414,0,0,0,0,0,0,26580.37890625,24792.708984375,22503.796875,21294.873046875,15130.06640625,19512.9453125,1980.345458984375,2423.060546875,1885.298828125,1391.4970703125,829.061767578125,2270.352783203125,0
214997.5625,2,1,2,32.020267486572266,2,2,2,2,2,0,129385.03125,128982.8671875,130323.078125,129208.984375,127330.375,133077.953125,5901.7353515625,5707.22900390625,4889.59814453125,8174.3642578125,5073.232421875,6800.14794921875,1
