Length,Width,Size,Conc,Conc1,Asym,M3Long,M3Trans,Alpha,Dist,class
30.951248168945312,15.345952033996582,2.526252269744873,0.41494622826576233,0.2446025311946869,17.62822151184082,7.74883508682251,-0.4811287820339203,53.196693420410156,145.38632202148438,g
32.050010681152344,16.15020751953125,2.2667763233184814,0.5657129287719727,0.36541295051574707,2.0746474266052246,-1.3593168258666992,-1.2030185461044312,49.66246032714844,156.7681884765625,h
14.197223663330078,4.402891159057617,2.271759510040283,0.6247094869613647,0.376323938369751,12.727392196655273,-0.8207950592041016,0.45987921953201294,34.163822174072266,182.67037963867188,g
55.212371826171875,19.31422996520996,2.890732526779175,0.328838586807251,0.1635177731513977,-12.705718994140625,11.791542053222656,0.5722188353538513,14.893271446228027,196.3087921142578,g
19.51557159423828,12.763528823852539,2.4277806282043457,0.46650272607803345,0.26822102069854736,22.098812103271484,-3.616887092590332,0.5460150241851807,34.670413970947266,118.44583129882812,h
51.93295669555664,8.328322410583496,2.7970547676086426,0.3983573913574219,0.21896077692508698,2.479005813598633,5.8163347244262695,0.3788541853427887,41.2608757019043,165.5584716796875,g
104.32968139648438,36.575828552246094,3.2022416591644287,0.2631961405277252,0.1295216679573059,1.4585561752319336,-37.13653564453125,2.290048122406006,46.620994567871094,209.44259643554688,h
40.179649353027344,15.141692161560059,2.514509677886963,0.45437467098236084,0.2803264856338501,8.894716262817383,5.607855319976807,-0.2490343153476715,51.21632385253906,176.33358764648438,g
46.779361724853516,20.938499450683594,2.8505773544311523,0.3114718198776245,0.15992683172225952,-1.8614895343780518,24.28176498413086,0.14782565832138062,17.003843307495117,193.85507202148438,g
8.680557250976562,7.026881217956543,2.1299381256103516,0.6541879177093506,0.4068242907524109,-0.1270275115966797,-10.64127254486084,-0.10029393434524536,33.083763122558594,117.7217788696289,h
143.69351196289062,42.48088836669922,3.715555191040039,0.20483948290348053,0.09928125143051147,-29.692068099975586,-32.15719223022461,5.439247131347656,42.615169525146484,197.06069946289062,h
36.34606170654297,14.862701416015625,2.671062469482422,0.3548109829425812,0.20188209414482117,13.51821517944336,9.21226692199707,-0.10492652654647827,23.119831085205078,184.13644409179688,g
61.21233367919922,16.519081115722656,2.9689536094665527,0.2976382076740265,0.15651845932006836,10.462091445922852,8.460684776306152,1.2261559963226318,17.976268768310547,200.65296936035156,g
39.04452896118164,15.981172561645508,2.7704148292541504,0.377042293548584,0.20462793111801147,8.869037628173828,23.34341812133789,0.2167668640613556,18.68185043334961,191.10655212402344,g
38.83189010620117,11.674620628356934,2.689169406890869,0.42882609367370605,0.23138245940208435,5.9960618019104,8.103036880493164,1.254179835319519,25.98297691345215,179.1734619140625,g
295.82647705078125,72.97681427001953,5.271091461181641,0.06139349937438965,0.021765023469924927,-81.0012435913086,-181.8690185546875,21.857025146484375,122.13428497314453,286.5709228515625,h
13.4981689453125,9.744546890258789,2.222144365310669,0.5997941493988037,0.349770188331604,9.131244659423828,-6.838557243347168,0.43377846479415894,36.879173278808594,155.94911193847656,g
32.255096435546875,10.565465927124023,2.6263182163238525,0.4540517330169678,0.24700848758220673,8.897262573242188,12.62762451171875,0.2566896975040436,20.98637580871582,185.1041717529297,g
57.105438232421875,17.689311981201172,2.9223480224609375,0.43942689895629883,0.22873836755752563,-10.918112754821777,13.508123397827148,0.8987166881561279,10.103290557861328,203.59356689453125,g
57.420257568359375,23.709325790405273,3.1280016899108887,0.22582688927650452,0.11798948794603348,0.37076711654663086,35.63348388671875,-0.06638786196708679,7.927850723266602,200.8013458251953,g
71.9391098022461,32.35420227050781,3.2197518348693848,0.14719358086585999,0.08498390018939972,20.96114158630371,42.992549896240234,0.09245681762695312,9.787181854248047,230.9296417236328,g
32.235267639160156,12.235458374023438,2.654813528060913,0.3976961672306061,0.2394443303346634,12.334991455078125,19.114702224731445,-0.20809122920036316,21.54669189453125,186.69012451171875,g
45.32255172729492,34.95122528076172,2.915147542953491,0.3167875409126282,0.18185600638389587,-21.431934356689453,15.00753402709961,-1.2796103954315186,45.5715217590332,182.646484375,h
43.379364013671875,23.043466567993164,3.0517399311065674,0.2939695715904236,0.14507471024990082,-6.201634407043457,25.000476837158203,-0.0034956037998199463,15.999853134155273,199.57012939453125,g
64.04179382324219,24.114328384399414,3.01731538772583,0.23377233743667603,0.10357402265071869,1.4307527542114258,12.903863906860352,0.8611944913864136,46.439666748046875,187.3131561279297,g
31.13953399658203,13.91209602355957,2.3130533695220947,0.5866325497627258,0.35849592089653015,-6.200375556945801,-4.462813377380371,-0.7747550010681152,48.57131576538086,137.09588623046875,h
85.87710571289062,50.30072021484375,3.6597771644592285,0.09341755509376526,0.041090816259384155,-52.20817184448242,42.414737701416016,0.768358588218689,37.50865173339844,218.31494140625,h
79.29743194580078,23.41053009033203,3.0222818851470947,0.24749316275119781,0.12004702538251877,-3.7812976837158203,-10.768576622009277,1.8356267213821411,49.68921661376953,187.42239379882812,g
21.457218170166016,10.7393798828125,2.3300561904907227,0.554044246673584,0.35077252984046936,3.7724452018737793,8.457263946533203,-0.41582760214805603,25.993677139282227,169.34341430664062,g
133.70936584472656,45.632469177246094,3.637967586517334,0.1286226212978363,0.06436319649219513,-37.04317092895508,-30.50806427001953,2.038146734237671,34.36327362060547,265.6537170410156,h
90.33129119873047,46.154727935791016,3.488447666168213,0.06906121969223022,0.06089097261428833,6.005052089691162,59.65108108520508,-0.8175392150878906,-1.1126155853271484,284.9192199707031,g
1.4756240844726562,4.290258407592773,2.043074369430542,0.6756068468093872,0.4503837823867798,3.6669259071350098,-1.1235809326171875,-0.9088610410690308,34.61884307861328,169.19862365722656,g
2.9323577880859375,6.738608360290527,2.0554027557373047,0.7466573715209961,0.427295982837677,0.7837996482849121,-10.453873634338379,0.23143473267555237,35.53785705566406,142.52352905273438,h
24.08589744567871,10.117388725280762,2.527298927307129,0.4677262306213379,0.24823464453220367,8.16404914855957,-0.4765148162841797,0.5265068411827087,26.287681579589844,120.730712890625,h
53.28664016723633,20.94307518005371,2.9276983737945557,0.2820705473423004,0.15283086895942688,11.559850692749023,24.11681365966797,0.44031140208244324,16.49273109436035,200.17018127441406,g
45.72795867919922,18.401514053344727,2.9058868885040283,0.27859362959861755,0.1449735164642334,20.245014190673828,22.663532257080078,0.7619496583938599,21.875896453857422,167.54457092285156,g
12.054191589355469,9.489245414733887,2.2581052780151367,0.6856117844581604,0.3512973189353943,5.365171909332275,-3.0310287475585938,1.0199363231658936,32.98817825317383,150.6901092529297,h
25.597951889038086,16.935367584228516,2.2063446044921875,0.6546874046325684,0.40928566455841064,-11.024680137634277,2.9362874031066895,-1.524174690246582,46.581817626953125,151.2691650390625,h
23.98121452331543,11.866579055786133,2.6571991443634033,0.39324766397476196,0.22426794469356537,-5.6339030265808105,25.53264808654785,-0.5115299224853516,19.652477264404297,168.94549560546875,g
32.60749053955078,14.040532112121582,2.6689510345458984,0.4829428195953369,0.24056673049926758,10.370098114013672,19.81058692932129,0.618167519569397,20.89990997314453,193.14892578125,g
26.47760009765625,12.561671257019043,2.6230545043945312,0.4772909879684448,0.2666485011577606,7.338353633880615,17.366580963134766,0.13761486113071442,23.697528839111328,184.07801818847656,g
36.43489074707031,27.457416534423828,2.7540550231933594,0.28288957476615906,0.14401480555534363,7.658362865447998,18.112625122070312,-0.1472044289112091,24.65288734436035,143.0255126953125,h
53.865264892578125,18.833227157592773,2.9918367862701416,0.2994692623615265,0.17208316922187805,2.7043371200561523,28.058059692382812,0.20764462649822235,12.358063697814941,200.6491241455078,g
71.76675415039062,29.317636489868164,3.2399306297302246,0.184658944606781,0.05862396955490112,5.187417507171631,21.834712982177734,0.4340403378009796,36.86138916015625,191.28977966308594,g
35.291603088378906,13.704338073730469,2.5786707401275635,0.5038100481033325,0.24813075363636017,1.6941099166870117,-3.6013412475585938,1.2415860891342163,26.007347106933594,149.459228515625,h
133.4520721435547,47.554161071777344,3.7247519493103027,0.11147654056549072,0.07942868769168854,-19.938304901123047,15.733859062194824,2.093350887298584,29.921571731567383,264.78125,h
44.31642150878906,11.750837326049805,2.7725682258605957,0.39184385538101196,0.20607565343379974,-7.670906066894531,8.389452934265137,0.494140088558197,15.174215316772461,167.78369140625,g
41.54756546020508,16.54950714111328,2.7694168090820312,0.3119250237941742,0.1794421374797821,24.654027938842773,18.10099983215332,0.49478381872177124,24.464380264282227,175.84934997558594,g
28.643383026123047,11.096426963806152,2.373577117919922,0.6956545114517212,0.4003283679485321,-9.759832382202148,13.851238250732422,-0.964975118637085,41.44613265991211,206.02586364746094,g
165.70547485351562,73.81304931640625,3.740403890609741,0.15716023743152618,0.08562301099300385,-113.81969451904297,-61.1081428527832,4.887404441833496,50.176177978515625,285.3304748535156,h
45.10763931274414,16.53390121459961,2.8025240898132324,0.33409011363983154,0.17743782699108124,1.0985817909240723,16.638385772705078,0.3813311457633972,17.888465881347656,182.11801147460938,g
52.78386306762695,20.956968307495117,2.863511323928833,0.314079225063324,0.16932621598243713,11.681737899780273,4.891519546508789,0.1173737496137619,48.35564422607422,176.39239501953125,g
13.900810241699219,13.15062427520752,2.3232228755950928,0.4899232089519501,0.29973405599594116,13.704200744628906,5.96437931060791,-0.24886980652809143,34.287925720214844,150.07179260253906,g
29.500263214111328,7.9883527755737305,2.22794246673584,0.8026247620582581,0.440357506275177,2.0597052574157715,-2.3147201538085938,0.7026196718215942,51.662784576416016,202.16616821289062,g
143.58926391601562,60.86840057373047,3.7594125270843506,0.13039252161979675,0.06629601120948792,-79.32121276855469,-11.476338386535645,3.801630735397339,42.09197998046875,229.34759521484375,h
40.552024841308594,16.637531280517578,2.6940417289733887,0.3668053448200226,0.23485293984413147,2.9562783241271973,18.84747314453125,-1.4398859739303589,40.250694274902344,169.0216064453125,g
44.46354293823242,11.91724967956543,2.7626254558563232,0.38803982734680176,0.20386561751365662,-2.0605831146240234,10.241438865661621,0.7407379746437073,18.61172866821289,177.50767517089844,g
45.78581237792969,24.452754974365234,2.8691015243530273,0.2629668116569519,0.12743490934371948,-4.215994834899902,15.880317687988281,0.45041316747665405,22.72693634033203,167.0957489013672,g
59.60124206542969,24.819137573242188,3.0946273803710938,0.19281496107578278,0.10849753022193909,20.934711456298828,37.35517120361328,0.1469058096408844,13.914743423461914,215.81321716308594,g
52.08294677734375,20.907894134521484,2.902798891067505,0.33201053738594055,0.16273124516010284,21.427217483520508,24.149412155151367,1.0326688289642334,19.469816207885742,192.7030029296875,g
20.496517181396484,10.016219139099121,2.352846384048462,0.5275771617889404,0.3353484272956848,-2.567608118057251,4.848901748657227,-0.44487789273262024,26.014497756958008,153.34812927246094,g
42.64564514160156,12.325109481811523,2.7486398220062256,0.35321834683418274,0.19417674839496613,3.1896791458129883,7.743060111999512,0.7901507616043091,22.715713500976562,176.30592346191406,g
69.03880310058594,30.12216567993164,3.115927219390869,0.1877998560667038,0.08801482617855072,-10.127219200134277,23.431411743164062,0.6538954973220825,13.148510932922363,209.46841430664062,g
13.682231903076172,13.572436332702637,2.2240843772888184,0.5613354444503784,0.3583758473396301,0.3481864929199219,0.5994548797607422,-0.7305269241333008,29.709184646606445,132.24111938476562,h
75.61613464355469,23.666851043701172,3.156482219696045,0.18867337703704834,0.08785639703273773,9.384897232055664,9.750916481018066,0.6030728220939636,9.34956169128418,220.6822052001953,g
64.98048400878906,38.76136779785156,3.3808937072753906,0.1520334631204605,0.09173273295164108,-9.694578170776367,58.66656494140625,-0.9449411630630493,2.2379627227783203,245.23475646972656,g
54.993385314941406,22.16485595703125,3.0550942420959473,0.2457600086927414,0.11539007723331451,-0.19680261611938477,29.11761474609375,-0.10038593411445618,9.10877799987793,201.21148681640625,g
52.46799850463867,22.536401748657227,2.882463216781616,0.2580377161502838,0.09546834230422974,10.431230545043945,6.076603889465332,0.18561238050460815,45.26096725463867,140.34490966796875,h
12.927413940429688,7.9792022705078125,2.104724168777466,0.7203381061553955,0.4202882647514343,-0.3978700637817383,-2.308535575866699,-1.050050973892212,52.4627571105957,165.76121520996094,h
58.371009826660156,18.079578399658203,2.9935078620910645,0.3017618954181671,0.15253765881061554,-0.9275872707366943,15.385662078857422,0.005808204412460327,36.14070129394531,160.62655639648438,g
17.956836700439453,8.951176643371582,2.3068721294403076,0.5536916851997375,0.34191685914993286,8.792505264282227,2.0364532470703125,-0.03354230523109436,30.755077362060547,159.73727416992188,g
143.86891174316406,46.69449996948242,3.5657057762145996,0.1592935472726822,0.099733866751194,-39.79117965698242,-1.0441694259643555,2.5023601055145264,29.382244110107422,279.1015930175781,h
19.606136322021484,5.812265396118164,2.400972843170166,0.5117638111114502,0.3101382851600647,0.0007576942443847656,1.1359481811523438,0.08214223384857178,28.784717559814453,154.21875,g
37.03105163574219,11.091283798217773,2.739682912826538,0.34395331144332886,0.17188230156898499,18.260852813720703,1.3116731643676758,1.1560232639312744,27.415027618408203,137.2141571044922,g
92.99798583984375,42.28266525268555,3.3584887981414795,0.14682918787002563,0.10346752405166626,-12.538324356079102,36.48259735107422,-0.3756309449672699,-0.8952789306640625,271.9195251464844,g
38.41203689575195,6.067155838012695,2.5568203926086426,0.43612658977508545,0.25268587470054626,11.43284797668457,-6.054171562194824,0.48734623193740845,54.78788375854492,169.17181396484375,g
107.61982727050781,47.903541564941406,3.5595452785491943,0.0640358030796051,0.055907413363456726,-1.7872052192687988,38.22538757324219,0.3175383508205414,0.15184593200683594,290.0838623046875,g
23.727506637573242,10.847970008850098,2.4069557189941406,0.6314005851745605,0.32047730684280396,3.743529796600342,5.761467456817627,1.104042649269104,27.95119857788086,184.7064208984375,g
69.7386245727539,28.933692932128906,3.1625428199768066,0.20731320977210999,0.11855915933847427,17.89472007751465,40.38511276245117,0.18460224568843842,9.061090469360352,234.88816833496094,g
46.46375274658203,15.782476425170898,2.922297477722168,0.2805374562740326,0.15072162449359894,12.698444366455078,24.034786224365234,0.1435173749923706,15.769182205200195,187.0420684814453,g
46.512840270996094,18.60923194885254,2.9471774101257324,0.3449246883392334,0.15697728097438812,12.808197021484375,28.336559295654297,0.9730948209762573,17.39975357055664,195.2125701904297,g
38.748416900634766,23.459333419799805,3.0429656505584717,0.3312768042087555,0.17691336572170258,-22.82488441467285,34.49900436401367,-0.8667490482330322,9.972570419311523,201.36911010742188,g
35.25255584716797,10.611230850219727,2.6260271072387695,0.4268181324005127,0.2460702657699585,11.441843032836914,8.767461776733398,0.4399791359901428,24.117467880249023,185.8778076171875,g
168.87315368652344,62.01446533203125,3.74969482421875,0.09542369842529297,0.06469514966011047,-50.16371536254883,-26.51245880126953,4.384764671325684,37.11753845214844,249.92625427246094,h
41.553489685058594,17.507694244384766,2.597805976867676,0.4454028308391571,0.2680899202823639,4.434045314788818,13.212400436401367,-1.083269715309143,41.67373275756836,170.0777587890625,h
59.391788482666016,23.162395477294922,3.0830576419830322,0.2414301186800003,0.10563736408948898,-3.190074920654297,24.86502456665039,0.9835569858551025,14.350495338439941,175.95333862304688,g
50.01216125488281,20.063758850097656,2.9820494651794434,0.3037777543067932,0.14304913580417633,12.748235702514648,27.320056915283203,0.7900110483169556,16.729562759399414,195.8590545654297,g
101.67570495605469,37.32114791870117,3.110757350921631,0.32297998666763306,0.19607026875019073,-63.128135681152344,-17.02558135986328,1.2216118574142456,38.50447082519531,222.12490844726562,h
15.955314636230469,8.358281135559082,2.0257561206817627,0.9958430528640747,0.5145204067230225,-7.407382965087891,-3.313858985900879,0.5541951060295105,49.5294303894043,180.0477752685547,h
23.1915283203125,6.984890937805176,2.362969398498535,0.5860797166824341,0.34411346912384033,-4.134880065917969,-0.6724205017089844,0.29655709862709045,27.04659080505371,173.59291076660156,g
46.20796585083008,15.811077117919922,2.954397678375244,0.31297650933265686,0.16218902170658112,5.348659038543701,26.888980865478516,0.31180065870285034,12.883441925048828,165.21421813964844,g
65.13388061523438,28.80354118347168,3.119863271713257,0.2512332797050476,0.1403520703315735,-9.579756736755371,35.38290786743164,-1.291741132736206,28.365270614624023,221.9258270263672,g
31.71204376220703,8.55894947052002,2.4103341102600098,0.5014159679412842,0.297726035118103,-2.8809099197387695,-10.36425495147705,-0.4981720745563507,51.336669921875,157.1940460205078,g
32.69487762451172,17.28430938720703,2.788848876953125,0.36678481101989746,0.18892954289913177,9.288520812988281,28.288562774658203,0.04758444428443909,19.257892608642578,173.35585021972656,g
33.58997344970703,10.407907485961914,2.284597158432007,0.6379541158676147,0.3919300436973572,-5.48933219909668,-7.851723670959473,-0.44341185688972473,50.27667236328125,175.761962890625,g
25.534685134887695,11.119277000427246,2.392807960510254,0.49837759137153625,0.3177555203437805,2.715893268585205,7.908854961395264,-0.4294832646846771,25.935543060302734,187.81466674804688,g
70.67951965332031,30.492389678955078,3.136007308959961,0.2298986315727234,0.13258026540279388,-13.004465103149414,15.221858024597168,-0.500003457069397,7.134523391723633,242.32473754882812,g
98.692138671875,51.80759811401367,3.609590768814087,0.10448101162910461,0.07031504809856415,-38.71746826171875,13.511515617370605,0.36738860607147217,41.12352752685547,274.63311767578125,h
47.62836456298828,27.44149398803711,2.825726270675659,0.3338435888290405,0.20784007012844086,-1.3144190311431885,16.319656372070312,-0.9012068510055542,46.75688171386719,193.7084197998047,h
52.4129524230957,24.664140701293945,3.0785107612609863,0.21698017418384552,0.12270314246416092,7.978363513946533,43.994754791259766,-0.5628824234008789,8.934303283691406,210.10482788085938,g
12.606559753417969,8.828953742980957,2.086059093475342,0.8426759243011475,0.4548356533050537,-3.3739168643951416,-10.351872444152832,0.9264092445373535,29.81205177307129,148.97726440429688,h
30.224945068359375,10.704646110534668,2.5147032737731934,0.4476463198661804,0.2739187180995941,6.517298221588135,2.773526191711426,0.409500390291214,29.146934509277344,176.69668579101562,g
113.49800109863281,29.66170883178711,3.3970870971679688,0.24091973900794983,0.1277482807636261,-19.173381805419922,-32.022274017333984,2.4520418643951416,39.21412658691406,240.7779541015625,g
87.72024536132812,51.492706298828125,3.01641845703125,0.25343257188796997,0.176286518573761,-71.22067260742188,13.28710651397705,-2.0292999744415283,27.880403518676758,241.43910217285156,h
44.54901885986328,18.19219970703125,2.753458023071289,0.3522343337535858,0.20262368023395538,-0.2152247428894043,20.66995620727539,-0.041084349155426025,17.217987060546875,187.85536193847656,g
94.46002197265625,31.116682052612305,3.2907557487487793,0.18689250946044922,0.07263942062854767,-27.528810501098633,0.6089773178100586,2.0197744369506836,40.156890869140625,193.8219451904297,g
6.258502960205078,8.974803924560547,2.135441780090332,0.6124728918075562,0.38633713126182556,3.50754976272583,-5.741124153137207,-0.8013440370559692,32.02057647705078,128.01583862304688,h
42.314605712890625,20.734437942504883,2.8950998783111572,0.30583655834198,0.17444464564323425,10.695072174072266,37.15079116821289,-0.5147539377212524,13.407612800598145,203.39724731445312,g
51.697025299072266,18.199565887451172,2.846635341644287,0.3246789276599884,0.1758906990289688,1.2602877616882324,16.35733413696289,0.5511218309402466,16.468013763427734,183.4873046875,g
97.50784301757812,56.985130310058594,3.705526351928711,0.015805929899215698,0.03678438067436218,-3.2749271392822266,70.0322036743164,-0.14271166920661926,1.9698657989501953,293.0201416015625,g
145.59963989257812,60.99017333984375,4.052593231201172,-0.016261279582977295,0.023499980568885803,1.8502402305603027,34.26511001586914,4.052975654602051,15.861873626708984,307.1771240234375,h
40.228824615478516,14.44862174987793,2.862333297729492,0.4137641191482544,0.2086847424507141,-3.1032984256744385,18.029382705688477,0.7268189191818237,16.936935424804688,162.823486328125,g
29.576669692993164,10.564815521240234,2.6365749835968018,0.40533268451690674,0.23390920460224152,13.221994400024414,16.699308395385742,0.04019644856452942,22.863468170166016,178.86581420898438,g
6.7725067138671875,5.095159530639648,2.1877503395080566,0.6626303195953369,0.4042074680328369,-2.548996686935425,0.737640380859375,-0.49566176533699036,28.388856887817383,149.98159790039062,g
68.57460021972656,18.579469680786133,2.7861597537994385,0.37416213750839233,0.22101862728595734,-1.0337421894073486,-7.631106376647949,1.3493473529815674,50.891929626464844,194.61959838867188,g
47.181663513183594,12.791131019592285,2.813458204269409,0.3363417387008667,0.17186258733272552,3.1327333450317383,4.572476387023926,0.9386686086654663,20.692461013793945,167.73077392578125,g
52.777000427246094,17.928878784179688,2.7347350120544434,0.5697615742683411,0.2979296147823334,-6.583967208862305,18.754600524902344,0.22939713299274445,36.513336181640625,216.49710083007812,g
59.91193389892578,26.362144470214844,3.014721155166626,0.23716580867767334,0.12014640867710114,-13.59980583190918,23.474262237548828,-0.0016131699085235596,12.01755142211914,208.12974548339844,g
42.49436569213867,15.377378463745117,2.5407114028930664,0.4911993145942688,0.2876766622066498,6.6757941246032715,4.067435264587402,-0.28190377354621887,45.4786262512207,159.25201416015625,h
78.11676788330078,32.19220733642578,3.0336198806762695,0.31081652641296387,0.172987699508667,-44.775482177734375,0.01922607421875,0.9303334951400757,13.657173156738281,222.2113800048828,g
85.84355926513672,37.406646728515625,3.1639602184295654,0.164913147687912,0.09689579159021378,-14.090217590332031,11.49379825592041,0.683916449546814,40.56233596801758,185.48057556152344,h
45.212100982666016,17.866958618164062,2.901186943054199,0.344476580619812,0.17876185476779938,5.148863315582275,24.96853256225586,0.16377271711826324,14.66709041595459,193.7909393310547,g
48.79551696777344,15.810354232788086,2.792907238006592,0.3076667785644531,0.17224520444869995,10.070320129394531,9.442575454711914,0.7633663415908813,23.647380828857422,190.68580627441406,g
62.16819381713867,30.04177474975586,2.748384475708008,0.37480178475379944,0.22528411448001862,-10.66401481628418,4.7760419845581055,-0.15847709774971008,42.9454345703125,160.663818359375,h
28.98053550720215,14.08546257019043,2.52321457862854,0.5506209135055542,0.3067876100540161,10.099527359008789,18.18512725830078,0.12917964160442352,22.006860733032227,196.60214233398438,g
45.48365783691406,12.991204261779785,2.665792226791382,0.5265509486198425,0.2896918058395386,-1.782867670059204,8.01784610748291,0.20251163840293884,42.27117156982422,182.68975830078125,g
63.333919525146484,28.962125778198242,3.1243996620178223,0.19636312127113342,0.10153358429670334,8.99173355102539,23.13409423828125,0.1672436147928238,44.232906341552734,196.1082305908203,g
30.149904251098633,7.195887565612793,2.689272165298462,0.4033435881137848,0.2200344353914261,9.590232849121094,12.566039085388184,0.37165793776512146,21.86846923828125,168.7834014892578,g
45.20184326171875,19.074871063232422,2.7898337841033936,0.37296074628829956,0.19629649817943573,8.826290130615234,24.544750213623047,0.5528207421302795,18.727985382080078,194.134765625,g
46.01103210449219,15.557348251342773,2.90815806388855,0.30726784467697144,0.1599300652742386,9.357030868530273,26.165401458740234,0.136925607919693,14.031159400939941,188.90037536621094,g
32.2848014831543,18.197402954101562,2.5759949684143066,0.3901611566543579,0.22415396571159363,21.082826614379883,7.480796813964844,0.604041576385498,31.543354034423828,147.215576171875,h
35.85413360595703,5.77015495300293,2.3984947204589844,0.6882072687149048,0.3705042898654938,1.8572988510131836,-1.8200759887695312,0.9100866317749023,49.650413513183594,188.04129028320312,g
42.96151351928711,7.605070114135742,2.541774034500122,0.6284098625183105,0.32337602972984314,1.8241963386535645,-2.1325454711914062,1.0007472038269043,45.43194580078125,177.12033081054688,g
36.082489013671875,19.535730361938477,2.8600997924804688,0.3417870104312897,0.1761082410812378,9.185474395751953,31.605823516845703,-0.17783501744270325,16.90882110595703,191.80235290527344,g
29.774812698364258,7.8108720779418945,2.505167245864868,0.504198431968689,0.31488755345344543,-5.559422969818115,8.556010246276855,0.02265632152557373,22.85431480407715,177.24818420410156,g
146.89207458496094,45.71113586425781,3.8672289848327637,0.1528104990720749,0.09345707297325134,-16.2428035736084,-10.465102195739746,5.0820465087890625,40.5750732421875,226.16983032226562,h
9.805233001708984,5.862810134887695,2.1189775466918945,0.7047516107559204,0.4314812421798706,-1.0047039985656738,-6.508236885070801,0.07291379570960999,32.17938995361328,146.76797485351562,g
42.053932189941406,20.44420623779297,2.9266865253448486,0.3322245180606842,0.18573513627052307,3.832976818084717,31.963455200195312,-0.6573992967605591,12.107001304626465,207.81614685058594,g
37.627994537353516,16.812267303466797,2.7271335124969482,0.33094164729118347,0.18902508914470673,21.191265106201172,16.967626571655273,0.4237612783908844,25.368206024169922,171.91775512695312,g
46.30552673339844,23.22010612487793,2.9764175415039062,0.2665308713912964,0.1528509259223938,6.406954288482666,39.73135757446289,-0.4904063045978546,13.227129936218262,208.75558471679688,g
5.308158874511719,1.666330337524414,2.183713912963867,0.6869720816612244,0.40894851088523865,1.2500648498535156,-0.11466789245605469,0.0023861825466156006,31.735031127929688,171.34954833984375,g
64.3617935180664,22.28067398071289,2.9913413524627686,0.28545498847961426,0.16344282031059265,8.212606430053711,23.968669891357422,-0.05387338995933533,8.177831649780273,223.27532958984375,g
59.79859924316406,30.05052947998047,2.739400863647461,0.4129859507083893,0.21279269456863403,-29.939777374267578,4.503459930419922,-0.5949621200561523,38.52559280395508,191.13621520996094,h
38.579811096191406,19.337129592895508,2.710050344467163,0.3258102536201477,0.16110624372959137,12.92588996887207,4.984621047973633,0.7402498126029968,27.08196258544922,147.01055908203125,g
33.62933349609375,17.148061752319336,2.8668594360351562,0.3323616683483124,0.17514565587043762,7.109780788421631,17.773029327392578,0.1366168111562729,22.09259605407715,176.61260986328125,g
146.59408569335938,54.1623649597168,3.5888283252716064,0.15111203491687775,0.08258886635303497,-71.41110229492188,-26.195682525634766,3.54573392868042,37.87194061279297,247.7767333984375,h
67.22703552246094,22.214689254760742,3.0851526260375977,0.2729799747467041,0.157460555434227,-0.7224817276000977,19.56555938720703,0.1623128354549408,8.19134521484375,223.9830780029297,g
32.281517028808594,11.6846923828125,2.6372251510620117,0.3962014615535736,0.24217873811721802,18.21531867980957,15.587333679199219,0.27875542640686035,25.985488891601562,172.6636505126953,g
116.34603881835938,41.7852783203125,3.2584879398345947,0.28460434079170227,0.15042650699615479,-56.378963470458984,-39.333160400390625,2.8573660850524902,43.577613830566406,212.63148498535156,h
6.416423797607422,3.3974246978759766,2.2058238983154297,0.6255906820297241,0.3894713521003723,-1.0463294982910156,-0.5704383850097656,-0.5136408805847168,29.94472312927246,147.3157958984375,g
35.391029357910156,8.63071060180664,2.4959793090820312,0.6015339493751526,0.3461398482322693,5.629960536956787,11.694968223571777,-0.05351117253303528,45.31589126586914,195.47483825683594,g
66.26588439941406,26.242294311523438,3.041630983352661,0.26984700560569763,0.15393535792827606,-1.3289005756378174,26.52054214477539,-0.27875056862831116,5.952182769775391,232.12753295898438,g
88.37580871582031,45.14931106567383,3.0637576580047607,0.3713699281215668,0.17701582610607147,-74.00736999511719,-28.566570281982422,1.2540302276611328,16.43865203857422,244.06338500976562,h
9.613689422607422,8.29414176940918,2.1685099601745605,0.6707797050476074,0.4006189703941345,-5.022933006286621,-6.228381156921387,-0.4878303110599518,26.97889518737793,124.82746887207031,h
58.39567565917969,19.47771453857422,3.1109519004821777,0.24353043735027313,0.12168094515800476,4.594614505767822,26.43960952758789,0.641150712966919,11.253128051757812,191.49560546875,g
94.20478820800781,47.202823638916016,3.5299644470214844,0.06905585527420044,0.05876174569129944,-4.465829849243164,54.224693298339844,-0.4669897258281708,-1.4896926879882812,279.4260559082031,g
43.862579345703125,8.460451126098633,2.5079808235168457,0.585927426815033,0.3096301853656769,-18.393081665039062,-21.377517700195312,1.3421804904937744,54.193687438964844,179.55718994140625,g
42.77938461303711,17.93482208251953,2.796145439147949,0.30123335123062134,0.1564439833164215,14.751380920410156,11.670846939086914,0.973081111907959,26.982282638549805,165.5433807373047,g
52.543121337890625,21.25004005432129,2.917273998260498,0.2573961019515991,0.1322033405303955,3.179248332977295,20.774608612060547,0.3385797142982483,16.58698272705078,189.01832580566406,g
24.921831130981445,16.608739852905273,2.195132255554199,0.7096682786941528,0.4003368318080902,2.462765693664551,-5.413476943969727,0.1555231511592865,57.80657196044922,165.9945831298828,h
77.28132629394531,29.040546417236328,2.904334783554077,0.3351183831691742,0.19379664957523346,-38.77452087402344,-6.844082832336426,0.04540252685546875,39.23382568359375,224.95103454589844,g
32.09400177001953,13.26794719696045,2.3729500770568848,0.6216952204704285,0.36252546310424805,0.2874641418457031,3.643322467803955,-0.37544962763786316,47.85535430908203,163.28561401367188,h
34.945526123046875,10.789546012878418,2.3976802825927734,0.5999175310134888,0.369284987449646,3.073808193206787,8.450798034667969,-0.5856645107269287,47.411930084228516,201.9819793701172,g
76.14737701416016,42.19873046875,3.4296135902404785,0.13192516565322876,0.0820976048707962,0.7387089729309082,57.283470153808594,-0.4884375035762787,3.1133670806884766,260.1520080566406,g
68.07189178466797,31.105838775634766,3.3019449710845947,0.17044000327587128,0.09339606761932373,3.4953932762145996,50.79125213623047,-0.5415922403335571,1.796243667602539,233.5531463623047,g
48.1033935546875,15.971696853637695,2.5784223079681396,0.4756026268005371,0.2679125666618347,0.13393545150756836,-7.849841117858887,0.5198270678520203,48.26750946044922,131.41558837890625,h
135.96803283691406,37.68434143066406,3.717824697494507,0.16671380400657654,0.08872425556182861,-11.686996459960938,-5.04759407043457,3.9984240531921387,35.97272491455078,249.13099670410156,g
114.44085693359375,63.788360595703125,3.3529911041259766,0.1382974088191986,0.09212694317102432,-82.2420425415039,-2.8989830017089844,-0.3589518964290619,31.04256820678711,246.75697326660156,h
65.46571350097656,31.05951499938965,3.1324079036712646,0.19350451231002808,0.1174120306968689,14.38330078125,45.358909606933594,-0.6347630023956299,6.920764923095703,242.2812957763672,g
49.569271087646484,17.585289001464844,2.5915884971618652,0.5107696652412415,0.2837916612625122,3.5025153160095215,6.1130595207214355,0.18931198120117188,44.0550537109375,173.87147521972656,h
51.820980072021484,20.60951042175293,3.001885175704956,0.2607020437717438,0.12921142578125,1.1148171424865723,26.958873748779297,-0.16143545508384705,10.438405990600586,200.97315979003906,g
209.3290252685547,79.41324615478516,4.719435691833496,0.10707336664199829,0.03407865762710571,-97.12354278564453,-98.1529541015625,13.984457969665527,90.8721923828125,220.63938903808594,h
46.401737213134766,13.098174095153809,2.698638916015625,0.3802003860473633,0.22486791014671326,13.812902450561523,8.747885704040527,0.036629170179367065,47.373939514160156,173.9952850341797,g
96.52568817138672,39.15330505371094,3.215394973754883,0.13966251909732819,0.05658958852291107,-11.750909805297852,0.05902099609375,0.9510946273803711,39.97781753540039,196.3983917236328,h
44.616580963134766,16.572128295898438,2.750803232192993,0.4115173816680908,0.2296583205461502,11.751522064208984,15.596532821655273,0.6210848093032837,19.524028778076172,174.78965759277344,g
47.02409362792969,19.705251693725586,2.9787564277648926,0.3101048469543457,0.13861039280891418,13.926605224609375,29.227664947509766,0.8705453872680664,17.521209716796875,192.31861877441406,g
80.28936004638672,29.791919708251953,3.226001501083374,0.16713744401931763,0.08840259909629822,4.153382778167725,25.067272186279297,0.11402618885040283,5.053438186645508,240.98828125,g
125.43977355957031,48.85803985595703,3.352301597595215,0.23433002829551697,0.17482224106788635,-68.75730895996094,2.191451072692871,1.246579885482788,30.505531311035156,269.3460388183594,h
24.93789291381836,17.229021072387695,2.3052568435668945,0.5035584568977356,0.3116922378540039,5.28937292098999,-2.342799186706543,-1.0745124816894531,55.66362762451172,146.6591796875,h
37.50502395629883,13.44290828704834,2.5498228073120117,0.48433366417884827,0.27635544538497925,-8.004648208618164,6.955691814422607,-0.6877709627151489,43.99708557128906,168.88638305664062,g
49.55717468261719,16.05559539794922,2.7466955184936523,0.3954383432865143,0.2067617028951645,5.129666805267334,3.3350086212158203,0.25189852714538574,43.72084045410156,134.50628662109375,h
36.1842155456543,36.36227035522461,2.667137622833252,0.43717771768569946,0.24278505146503448,-42.942543029785156,29.21609115600586,-1.8285812139511108,40.39688491821289,159.07940673828125,h
29.264171600341797,12.321861267089844,2.520580530166626,0.6296348571777344,0.29876306653022766,11.794960021972656,3.003207206726074,1.814192295074463,26.159282684326172,152.0228271484375,h
303.4283752441406,103.16776275634766,4.594573974609375,-0.07359784841537476,0.03227066993713379,-67.041748046875,-139.70960998535156,12.923598289489746,79.77449035644531,379.40582275390625,h
72.59201049804688,25.58355712890625,3.112011671066284,0.21419911086559296,0.10655537992715836,0.9863495826721191,7.043365001678467,0.41180625557899475,10.607976913452148,227.00253295898438,g
80.99930572509766,33.14655685424805,3.222348928451538,0.31139686703681946,0.16067270934581757,-8.266607284545898,24.435583114624023,0.9867290258407593,6.295169830322266,251.44984436035156,g
6.224708557128906,8.740619659423828,2.0259785652160645,0.7268726825714111,0.46011942625045776,1.4791669845581055,-6.5210371017456055,-0.4598354995250702,32.80418014526367,140.16087341308594,h
55.1430778503418,29.884078979492188,3.182112216949463,0.2312113493680954,0.12376373261213303,-10.563384056091309,41.07512664794922,-1.005758285522461,4.220170974731445,226.4424591064453,g
137.23193359375,56.61790466308594,3.4477744102478027,0.2810380458831787,0.12202129513025284,-94.61812591552734,-43.528934478759766,2.8021750450134277,36.26667785644531,231.60955810546875,h
19.84339141845703,8.265761375427246,2.526299238204956,0.5757012367248535,0.31328174471855164,-3.624457359313965,17.774951934814453,-0.08086785674095154,20.02440643310547,184.9595184326172,g
26.032106399536133,5.981870651245117,2.394109010696411,0.5244846343994141,0.31602543592453003,14.595596313476562,-14.826329231262207,1.0561634302139282,35.99662780761719,152.82167053222656,g
49.86762619018555,12.915017127990723,2.866365432739258,0.3381553292274475,0.1881425529718399,8.871410369873047,12.774430274963379,0.7037182450294495,17.50197982788086,183.51007080078125,g
6.851238250732422,3.795215606689453,2.0958597660064697,0.8177988529205322,0.4429815113544464,7.447590351104736,-8.004170417785645,1.25507390499115,36.34752655029297,166.5921630859375,g
73.70014953613281,42.219032287597656,2.9158308506011963,0.3643377721309662,0.2168569713830948,-48.363922119140625,19.713882446289062,-1.7321134805679321,28.431631088256836,247.7869110107422,h
21.707860946655273,15.600632667541504,2.4549367427825928,0.514153003692627,0.28016725182533264,13.134895324707031,8.217967987060547,0.0411720871925354,26.701738357543945,142.9512939453125,h
54.969825744628906,25.263633728027344,3.094783067703247,0.23956558108329773,0.1357230693101883,7.998236179351807,37.61934280395508,-0.5132236480712891,9.271612167358398,220.2450408935547,g
33.86634826660156,14.221099853515625,2.8116633892059326,0.350240558385849,0.18462353944778442,7.292768955230713,24.935344696044922,-0.193485826253891,17.155044555664062,178.79840087890625,g
43.02732467651367,16.01030731201172,2.5254740715026855,0.5133826732635498,0.2929893136024475,-0.7212529182434082,5.4468231201171875,-0.26351460814476013,46.78816223144531,202.50433349609375,g
11.886886596679688,12.808204650878906,2.2022461891174316,0.5504795908927917,0.35133785009384155,18.163999557495117,-4.594598770141602,-0.46319034695625305,35.18412780761719,136.00360107421875,h
53.45993423461914,18.750713348388672,2.9837207794189453,0.27156662940979004,0.13456575572490692,13.054344177246094,19.40092658996582,0.6080614328384399,16.03730010986328,184.9466552734375,g
5.126350402832031,5.368410110473633,1.958860158920288,0.9396602511405945,0.5268048048019409,5.387599468231201,0.7857828140258789,0.7680890560150146,33.80161666870117,210.9773406982422,g
69.81556701660156,28.174043655395508,3.316976547241211,0.1947006732225418,0.09406823664903641,-14.300323486328125,29.488914489746094,0.23737289011478424,6.041236877441406,217.94712829589844,g
33.45106506347656,12.29320240020752,2.7570269107818604,0.38653308153152466,0.20632392168045044,-2.8684241771698,10.200569152832031,0.4043525457382202,21.67523193359375,155.3483123779297,g
13.222808837890625,9.289955139160156,2.274667263031006,0.5693838000297546,0.3277576267719269,15.119026184082031,-2.377537727355957,0.40941864252090454,35.791778564453125,147.46212768554688,g
71.81462097167969,22.32890510559082,3.1893622875213623,0.2855079174041748,0.15459205210208893,-11.257957458496094,12.31814956665039,0.5593666434288025,37.312129974365234,204.13986206054688,g
32.57902526855469,11.782879829406738,2.6032521724700928,0.44050920009613037,0.27801501750946045,9.525457382202148,18.21790885925293,-0.13441920280456543,21.805767059326172,178.83538818359375,g
53.86804962158203,21.94855308532715,3.0197701454162598,0.27366676926612854,0.1394098699092865,11.81240463256836,33.44057083129883,0.3045309782028198,12.303322792053223,202.02769470214844,g
101.60198974609375,29.46280288696289,3.43495512008667,0.1679585725069046,0.07476887106895447,-0.546290397644043,-3.598611831665039,2.533839464187622,13.469273567199707,235.80479431152344,g
50.770912170410156,14.614177703857422,2.8273894786834717,0.38761192560195923,0.19967272877693176,15.846654891967773,13.009724617004395,0.5697296261787415,44.662879943847656,177.6659393310547,g
42.31855773925781,13.743624687194824,2.7711076736450195,0.3276691436767578,0.1745263785123825,5.7601637840271,8.1464262008667,0.7509916424751282,24.445770263671875,179.74375915527344,g
60.732017517089844,29.539249420166016,3.1091701984405518,0.18034757673740387,0.10848112404346466,18.76616668701172,47.57377243041992,-0.006710916757583618,12.733355522155762,221.3321533203125,g
44.019676208496094,21.691165924072266,2.816793441772461,0.4058794677257538,0.21223732829093933,-1.8187355995178223,31.25749969482422,-0.8956731557846069,37.09193801879883,189.8661346435547,g
47.061302185058594,20.768882751464844,2.8136351108551025,0.38612431287765503,0.18401822447776794,-15.978723526000977,9.280439376831055,0.9155234098434448,19.98150062561035,184.63531494140625,g
63.66495132446289,31.471176147460938,3.2609009742736816,0.21162079274654388,0.1140606701374054,-0.7849013805389404,48.79643249511719,-0.25319215655326843,6.193202972412109,232.42013549804688,g
33.88854217529297,9.035998344421387,2.6299610137939453,0.44333869218826294,0.2598907947540283,7.750953197479248,6.720965385437012,0.4754195809364319,21.75934600830078,140.86215209960938,g
38.61875915527344,11.978914260864258,2.7149524688720703,0.3765316307544708,0.2015562504529953,2.0082459449768066,9.140497207641602,0.6036505699157715,22.076290130615234,175.7429656982422,g
104.90974426269531,33.132083892822266,3.2577664852142334,0.2652912735939026,0.151238813996315,-6.555246829986572,-11.202513694763184,2.2711713314056396,39.13060760498047,185.80078125,h
8.424373626708984,6.869243621826172,2.084224224090576,0.673221230506897,0.42094242572784424,-2.4313042163848877,-8.940531730651855,-0.4407176673412323,32.97246551513672,158.83018493652344,g
42.26190948486328,22.011157989501953,2.9000890254974365,0.2840391993522644,0.17304380238056183,14.208795547485352,40.38576889038086,-0.6257895231246948,14.783609390258789,206.87283325195312,g
31.82147789001465,13.851320266723633,2.4256856441497803,0.5014828443527222,0.2810102701187134,16.539398193359375,-6.586173057556152,0.07168316841125488,55.50724792480469,132.76251220703125,h
33.99128341674805,17.4118595123291,2.636774778366089,0.41931140422821045,0.22278113663196564,21.82396697998047,9.6908540725708,0.6867561340332031,27.062246322631836,151.0366973876953,h
26.949411392211914,13.963702201843262,2.5828325748443604,0.3972398638725281,0.21691296994686127,18.25290298461914,6.552651882171631,0.8110102415084839,32.3806266784668,134.14842224121094,g
47.98837661743164,17.20431900024414,2.9041340351104736,0.26939529180526733,0.1263822317123413,20.89118766784668,12.10802173614502,1.1220390796661377,24.064727783203125,169.69664001464844,g
38.01734924316406,14.75283432006836,2.402167797088623,0.5363341569900513,0.3077535629272461,5.132726192474365,-17.563945770263672,0.7141798734664917,57.65978240966797,130.58905029296875,h
41.23413848876953,15.64345932006836,2.76741099357605,0.3663513958454132,0.21863090991973877,11.464704513549805,24.29895782470703,0.20251867175102234,19.327903747558594,179.21563720703125,g
176.84173583984375,66.34719848632812,4.06318998336792,0.06143352389335632,0.0700417011976242,-41.948116302490234,-28.738906860351562,5.520371913909912,42.56549835205078,255.72976684570312,h
39.559837341308594,10.687918663024902,2.613008975982666,0.42544734477996826,0.26062697172164917,2.4255475997924805,9.35554313659668,0.27872446179389954,21.426258087158203,182.6883087158203,g
41.19215393066406,14.917936325073242,2.7324447631835938,0.38140353560447693,0.20458872616291046,-2.9295692443847656,11.094175338745117,0.6211058497428894,21.615203857421875,182.8321990966797,g
45.86625671386719,18.537460327148438,2.8600287437438965,0.30102986097335815,0.16336536407470703,8.233211517333984,20.50485610961914,0.15432128310203552,16.873416900634766,176.7294464111328,g
99.25227355957031,23.968835830688477,3.250502347946167,0.30619361996650696,0.15695109963417053,-6.179258346557617,-13.443278312683105,2.3039112091064453,40.11823272705078,230.39773559570312,g
40.884830474853516,16.902568817138672,2.8470945358276367,0.31091800332069397,0.17060407996177673,-2.051654815673828,32.31461715698242,-0.22332653403282166,14.257102012634277,182.25196838378906,g
29.523868560791016,14.003375053405762,2.5070323944091797,0.4701976478099823,0.272168904542923,5.951867580413818,8.64228630065918,-0.00880056619644165,22.909442901611328,149.59295654296875,g
16.586929321289062,2.8652687072753906,2.2207844257354736,0.7204716205596924,0.42660218477249146,-2.8156518936157227,1.1136665344238281,0.48716551065444946,28.365337371826172,183.85923767089844,g
35.08930206298828,13.094589233398438,2.6254794597625732,0.45572495460510254,0.2548995614051819,14.76884651184082,5.895299434661865,0.8486589193344116,27.01757049560547,168.80459594726562,g
55.17828369140625,26.253463745117188,3.0224790573120117,0.2262468934059143,0.13226857781410217,16.452442169189453,45.747005462646484,-0.4592287838459015,10.216348648071289,213.77288818359375,g
31.55876350402832,10.20641803741455,2.5679214000701904,0.46825042366981506,0.27012982964515686,3.5224575996398926,13.029464721679688,0.16068997979164124,21.400047302246094,170.9835205078125,g
25.63242530822754,8.996037483215332,2.4268598556518555,0.531384289264679,0.31349295377731323,1.061610221862793,5.915184020996094,0.2035643607378006,26.767011642456055,183.27639770507812,g
160.90341186523438,61.564308166503906,3.720978260040283,0.14500604569911957,0.10414477437734604,-75.66165924072266,-21.129390716552734,4.0546555519104,37.52326583862305,254.15545654296875,h
76.12814331054688,40.42780685424805,3.055962085723877,0.4006706178188324,0.19248250126838684,-77.51397705078125,5.265931606292725,0.8349393606185913,9.009416580200195,235.3907928466797,h
98.24468994140625,45.92042541503906,3.2894651889801025,0.24165070056915283,0.1424737572669983,-41.16545486450195,3.3776917457580566,-0.3555317223072052,30.227659225463867,272.529541015625,h
16.88623809814453,9.976381301879883,2.2915477752685547,0.5627299547195435,0.3432222604751587,5.6890950202941895,-4.249672889709473,-0.17373237013816833,28.95151138305664,124.21016693115234,h
36.22447967529297,19.134187698364258,2.58553147315979,0.38063108921051025,0.2175695300102234,13.224340438842773,2.2826528549194336,0.5615405440330505,29.57204818725586,150.25729370117188,h
35.636783599853516,13.257476806640625,2.6295979022979736,0.4160744547843933,0.2373882383108139,9.002466201782227,8.084722518920898,0.1757461279630661,21.640640258789062,158.14605712890625,g
8.389163970947266,8.823086738586426,2.232062578201294,0.6529944539070129,0.3648267984390259,13.887659072875977,3.2173357009887695,0.3166985511779785,33.708805084228516,159.4646453857422,g
28.371540069580078,19.525522232055664,2.5241758823394775,0.386211633682251,0.24344317615032196,24.9045467376709,16.597251892089844,-0.22638437151908875,29.221267700195312,162.95269775390625,g
45.617008209228516,19.63266372680664,2.6999576091766357,0.3719736933708191,0.20173051953315735,19.266162872314453,13.76267147064209,-0.5636134147644043,42.68608474731445,154.22445678710938,h
43.24946594238281,17.01882553100586,2.9905200004577637,0.2965339422225952,0.14663125574588776,-3.3724570274353027,29.332752227783203,-0.22674337029457092,10.324464797973633,184.56704711914062,g
15.129962921142578,6.2732696533203125,2.294379234313965,0.5602625608444214,0.32093989849090576,6.868648052215576,-9.651860237121582,0.5570740699768066,35.847835540771484,152.6310577392578,g
38.357688903808594,16.708110809326172,2.8458855152130127,0.29970812797546387,0.16967055201530457,11.089754104614258,29.777076721191406,-0.110505610704422,18.924510955810547,186.5910186767578,g
109.52897644042969,33.57252502441406,3.2333083152770996,0.25331246852874756,0.1650359332561493,-16.009815216064453,-30.998096466064453,0.8364946842193604,36.295448303222656,253.02392578125,h
48.85078811645508,23.312427520751953,2.9424540996551514,0.26304155588150024,0.13087715208530426,-3.494314432144165,28.922534942626953,-0.27051183581352234,12.647852897644043,196.3208770751953,g
43.16275405883789,15.995380401611328,2.688046455383301,0.3809741735458374,0.2233346700668335,12.13388442993164,13.833527565002441,-0.4314204752445221,44.68528747558594,155.37286376953125,g
20.430519104003906,2.0646305084228516,2.4557595252990723,0.5032424926757812,0.3002839982509613,7.120269298553467,-0.8718481063842773,0.27612578868865967,28.27086639404297,161.5552520751953,g
42.943206787109375,15.159475326538086,2.822188138961792,0.36999833583831787,0.1953992247581482,10.848861694335938,22.19416046142578,0.39359018206596375,17.029457092285156,192.8997802734375,g
106.92568969726562,49.57197570800781,3.6215498447418213,0.059252649545669556,0.054602861404418945,-3.0376996994018555,48.12908172607422,0.33745843172073364,-0.9051132202148438,286.8157958984375,g
44.75607681274414,18.547319412231445,3.0136213302612305,0.29897359013557434,0.15598562359809875,-1.4584450721740723,29.96026611328125,-0.2096925675868988,11.14750862121582,196.90213012695312,g
41.006656646728516,14.82435417175293,2.6533122062683105,0.4687386453151703,0.2665548324584961,6.6840291023254395,19.161535263061523,-0.6740832328796387,39.90372848510742,167.40768432617188,g
49.35759353637695,25.7182559967041,2.8443071842193604,0.305772989988327,0.1596333086490631,8.374109268188477,14.557165145874023,1.1583672761917114,26.19187355041504,170.37730407714844,g
56.82722854614258,36.62305450439453,3.2571258544921875,0.18704700469970703,0.11881536990404129,-3.5571863651275635,58.35153579711914,-1.4173479080200195,3.8038806915283203,244.77529907226562,g
9.32326889038086,4.86277961730957,2.119966506958008,0.8198795318603516,0.44599413871765137,3.8474478721618652,-5.155982971191406,1.1127680540084839,32.96164321899414,169.0799560546875,g
44.751953125,16.831523895263672,2.5148799419403076,0.5304961204528809,0.3082132041454315,3.1427578926086426,2.854218006134033,-0.3463200032711029,43.5683708190918,166.5262451171875,h
44.0900993347168,20.532718658447266,2.9574737548828125,0.3060154914855957,0.16172288358211517,-2.4070229530334473,31.496177673339844,-0.7363079786300659,9.557729721069336,204.6539306640625,g
22.063114166259766,10.572492599487305,2.233698844909668,0.6921581029891968,0.4190783202648163,5.9951090812683105,13.16152572631836,-0.9216099977493286,49.59105682373047,199.05223083496094,g
49.87131881713867,17.11838150024414,3.0507304668426514,0.2652079164981842,0.11873813718557358,8.20012092590332,31.27440643310547,0.8731296062469482,14.382139205932617,178.0159149169922,g
70.36044311523438,18.418048858642578,3.128943920135498,0.23463527858257294,0.11049167066812515,12.962625503540039,13.496689796447754,1.2271603345870972,39.909542083740234,159.2406005859375,g
41.68203353881836,26.836166381835938,2.7079546451568604,0.35189923644065857,0.1653863936662674,9.561729431152344,7.576971054077148,0.7353102564811707,26.90652847290039,144.3343505859375,h
106.70660400390625,33.73540115356445,3.465329170227051,0.2261289805173874,0.09688395261764526,-17.492557525634766,-0.5074491500854492,1.8103464841842651,31.717004776000977,213.65013122558594,h
51.86391830444336,21.527467727661133,3.049694299697876,0.2683531939983368,0.14173069596290588,-0.7313010692596436,31.161331176757812,-0.12675485014915466,11.018369674682617,204.5923614501953,g
48.40668869018555,18.733783721923828,2.9440722465515137,0.3062519133090973,0.16207191348075867,8.664953231811523,30.114551544189453,-0.021595865488052368,11.993770599365234,200.94607543945312,g
46.258941650390625,25.11101722717285,2.751884937286377,0.29904016852378845,0.19062937796115875,13.954994201660156,19.51303482055664,-1.591501235961914,42.28077697753906,182.90899658203125,h
43.092979431152344,19.704002380371094,2.915415048599243,0.3122450113296509,0.1748783439397812,9.314777374267578,38.42658615112305,-0.5331835746765137,11.468719482421875,205.11434936523438,g
11.22823715209961,3.9800662994384766,2.183668613433838,0.6487367153167725,0.3982350528240204,-0.4274578094482422,-9.14064884185791,0.17265932261943817,32.625877380371094,132.1650848388672,g
60.87236785888672,26.809568405151367,3.1899325847625732,0.18469619750976562,0.09603456407785416,9.300806045532227,37.05746841430664,0.060104966163635254,10.669244766235352,218.67453002929688,g
4.609336853027344,8.164450645446777,2.030616044998169,0.765998125076294,0.4516369104385376,0.43378305435180664,-9.030194282531738,-0.18660268187522888,32.42741012573242,142.20663452148438,h
54.87984085083008,28.941757202148438,2.871441602706909,0.4048902094364166,0.2154504656791687,-25.97540855407715,25.909379959106445,-0.09507349133491516,41.717010498046875,215.33499145507812,g
5.28021240234375,2.7212066650390625,2.0951650142669678,0.7065178155899048,0.42175909876823425,6.294331073760986,-11.064095497131348,0.636899471282959,38.99829864501953,153.86212158203125,g
15.915599822998047,12.166236877441406,2.2650399208068848,0.6656721830368042,0.3839290738105774,0.7656607627868652,4.983614444732666,-0.2344878613948822,23.803770065307617,138.21884155273438,h
62.18801498413086,25.522653579711914,3.1167471408843994,0.17479795217514038,0.09481685608625412,23.400665283203125,34.999732971191406,0.563880205154419,16.403606414794922,214.39207458496094,g
33.85021209716797,17.54310417175293,2.6837401390075684,0.4045824110507965,0.23084495961666107,12.905073165893555,28.455463409423828,-0.2576492726802826,19.11762237548828,191.0201873779297,g
3.6479949951171875,5.444896697998047,2.0658974647521973,0.6948810815811157,0.4520217776298523,-4.598616600036621,7.899740695953369,-1.6764148473739624,24.63381004333496,182.19537353515625,g
30.94443702697754,11.811903953552246,2.4598937034606934,0.4210810661315918,0.24340733885765076,15.40872573852539,-12.40981388092041,-0.1578410565853119,56.441856384277344,120.62393188476562,h
35.50880432128906,13.346214294433594,2.5194966793060303,0.5946626663208008,0.33757567405700684,-6.579525947570801,19.835018157958984,-0.9429436922073364,39.371490478515625,207.94580078125,g
57.75701904296875,17.381515502929688,2.7615914344787598,0.4213167726993561,0.21399465203285217,0.6355142593383789,1.002589225769043,0.9015610218048096,47.644649505615234,202.3062286376953,g
46.495391845703125,21.857694625854492,3.063255786895752,0.3250487148761749,0.1550906002521515,-1.9399466514587402,37.0809211730957,-0.19522133469581604,8.594707489013672,203.24708557128906,g
36.32978057861328,11.231846809387207,2.308053493499756,0.7029311060905457,0.4093184471130371,2.1966147422790527,0.0016326904296875,0.09042549133300781,48.13211441040039,192.98194885253906,g
105.84271240234375,45.774024963378906,3.5123848915100098,0.1087023913860321,0.08111295104026794,-14.184921264648438,34.20083236694336,0.582419753074646,0.5088634490966797,275.5849304199219,g
49.45807647705078,17.653390884399414,2.8216917514801025,0.34417182207107544,0.20546603202819824,1.2574667930603027,16.066574096679688,-0.686924934387207,40.78450012207031,180.2587432861328,g
38.44782257080078,13.277351379394531,2.649430751800537,0.4071696102619171,0.22929321229457855,2.366450309753418,3.826411724090576,0.3856891095638275,20.412364959716797,141.7110137939453,g
59.63936996459961,25.663110733032227,3.2364611625671387,0.2520490288734436,0.11777657270431519,-8.739242553710938,20.089614868164062,0.9555675983428955,15.717052459716797,200.3682861328125,g
29.978551864624023,16.223108291625977,2.6038897037506104,0.46742090582847595,0.2506222724914551,22.264081954956055,21.417583465576172,0.359262615442276,25.567020416259766,197.7658233642578,g
52.499412536621094,23.539493560791016,2.983126640319824,0.23466451466083527,0.13511019945144653,22.86647605895996,39.49043655395508,0.017285704612731934,15.906331062316895,210.88597106933594,g
67.46737670898438,21.54676055908203,3.001007080078125,0.2585406005382538,0.12464141845703125,21.494029998779297,3.916961193084717,1.2412997484207153,47.01017761230469,165.50172424316406,g
80.71907043457031,44.91277313232422,2.9978766441345215,0.2818094491958618,0.12703369557857513,-59.93315124511719,-15.381516456604004,0.47805434465408325,45.798194885253906,213.5010528564453,h
28.771686553955078,11.200201988220215,2.6248040199279785,0.42249858379364014,0.2353241741657257,3.9428744316101074,16.910625457763672,0.22215017676353455,23.341846466064453,173.4931640625,g
53.255897521972656,17.100448608398438,2.8081741333007812,0.430069237947464,0.23988646268844604,-18.081405639648438,-2.743088722229004,0.11478692293167114,12.086650848388672,204.3384246826172,g
78.04437255859375,32.158409118652344,3.2558677196502686,0.18706052005290985,0.09283063560724258,-6.920697212219238,27.12697982788086,-0.32148244976997375,1.8940753936767578,248.46136474609375,g
41.639339447021484,17.570457458496094,2.916609048843384,0.37864023447036743,0.18264907598495483,3.1657538414001465,28.186100006103516,0.4460405707359314,15.091971397399902,196.45480346679688,g
74.90753936767578,41.049461364746094,3.3837690353393555,0.09352585673332214,0.0606783926486969,13.141895294189453,53.36247634887695,-0.16551008820533752,8.895797729492188,255.56515502929688,g
62.14988327026367,30.815250396728516,3.189711332321167,0.17026107013225555,0.09507584571838379,11.381610870361328,48.47056579589844,-0.20487335324287415,9.435285568237305,227.19723510742188,g
27.13556480407715,15.696256637573242,2.6406266689300537,0.41613322496414185,0.2491973638534546,8.217521667480469,19.14026641845703,-0.41059646010398865,23.67925453186035,188.2542266845703,g
86.68750762939453,19.079851150512695,3.1041653156280518,0.31152135133743286,0.16459807753562927,-1.0974438190460205,-10.711892127990723,1.2941398620605469,37.14607620239258,218.99166870117188,g
46.957149505615234,16.51499366760254,2.655808925628662,0.45301806926727295,0.23864561319351196,2.6447339057922363,-8.674336433410645,0.6775631904602051,50.22597885131836,139.9362335205078,h
75.09071350097656,38.26890563964844,3.206521987915039,0.25720030069351196,0.14880606532096863,-22.419612884521484,39.466487884521484,-0.5697932243347168,1.2343120574951172,258.2647399902344,g
45.8859977722168,18.948049545288086,2.7991843223571777,0.40624478459358215,0.24452362954616547,-9.540870666503906,21.43982696533203,-0.8969088792800903,39.68597412109375,201.34231567382812,g
25.947250366210938,16.947834014892578,2.405022621154785,0.5401414632797241,0.3120845556259155,5.763979434967041,8.049715995788574,-0.042557984590530396,24.807239532470703,147.15618896484375,h
34.176937103271484,14.641923904418945,2.4127306938171387,0.5198847651481628,0.3128899931907654,7.502871990203857,3.541105270385742,-0.3933762013912201,52.119178771972656,167.73558044433594,g
70.34297180175781,37.719051361083984,3.311657428741455,0.16670766472816467,0.09942814707756042,-17.512338638305664,39.08723068237305,-1.158780813217163,33.627342224121094,240.43995666503906,g
34.8795051574707,17.139114379882812,2.79587984085083,0.3602704107761383,0.18616166710853577,11.891046524047852,27.494064331054688,-0.03788787126541138,18.84920883178711,186.19351196289062,g
25.364906311035156,9.295492172241211,2.5446884632110596,0.4791494905948639,0.273770809173584,9.730924606323242,14.070381164550781,0.09908050298690796,24.240732192993164,183.5994873046875,g
15.283798217773438,9.593375205993652,2.2248153686523438,0.5977993011474609,0.37914639711380005,-7.024247169494629,-0.8114490509033203,-0.7149171829223633,27.610681533813477,162.5470428466797,g
35.14862823486328,5.195085525512695,2.3769657611846924,0.6780815124511719,0.3609120845794678,-5.411288738250732,-10.560273170471191,1.0433719158172607,52.67227554321289,188.67437744140625,g
46.1440315246582,20.845949172973633,2.9254159927368164,0.27947598695755005,0.15489372611045837,1.185880184173584,38.47454071044922,-0.13543269038200378,13.756998062133789,190.3284454345703,g
48.231693267822266,15.378263473510742,2.7848448753356934,0.37978610396385193,0.21024462580680847,17.015993118286133,17.34379768371582,0.8654896020889282,20.22522735595703,190.8896484375,g
121.90974426269531,65.691162109375,3.191176414489746,0.22846491634845734,0.15209941565990448,-122.87322235107422,-43.33089828491211,0.16682511568069458,37.337711334228516,254.5048370361328,h
77.7445068359375,35.124664306640625,3.2414934635162354,0.21302588284015656,0.11328985542058945,-6.086383819580078,32.45283508300781,-0.25914254784584045,2.4679336547851562,254.35147094726562,g
74.75074768066406,34.47816467285156,3.263843536376953,0.13333526253700256,0.08470827341079712,18.697744369506836,47.506805419921875,0.07267087697982788,9.532392501831055,245.0935516357422,g
66.81546783447266,25.40701675415039,3.151050329208374,0.23163612186908722,0.12746736407279968,-2.6134777069091797,27.431415557861328,-0.2072332799434662,4.428361892700195,220.6781005859375,g
63.437965393066406,31.2772216796875,3.1818623542785645,0.20162886381149292,0.12470608949661255,-2.5564992427825928,43.419315338134766,-0.6917345523834229,5.501924514770508,234.12908935546875,g
23.510766983032227,4.546895980834961,2.423482894897461,0.5435357689857483,0.3084447383880615,3.5477709770202637,-1.4227380752563477,0.5534012317657471,27.676286697387695,169.2943878173828,g
62.22938919067383,13.389062881469727,2.8397886753082275,0.32505810260772705,0.17557673156261444,4.291615009307861,-11.256257057189941,1.146990180015564,48.166282653808594,160.23094177246094,g
74.6185302734375,43.71493148803711,3.4322569370269775,0.10774463415145874,0.07821884751319885,-5.665472030639648,62.99467086791992,-1.4271516799926758,-1.9396018981933594,268.80596923828125,g
40.81892013549805,17.828262329101562,2.831240653991699,0.3285963833332062,0.17194581031799316,5.770457744598389,28.64150619506836,0.10734890401363373,17.124439239501953,181.23736572265625,g
35.09095001220703,17.173110961914062,2.7087185382843018,0.4235721528530121,0.20109494030475616,16.161502838134766,11.909560203552246,0.809971809387207,22.06514549255371,141.43267822265625,h
39.09388732910156,8.836852073669434,2.7416529655456543,0.3797924220561981,0.20514580607414246,13.987747192382812,11.220878601074219,0.9677449464797974,23.451133728027344,174.7322998046875,g
33.66039276123047,14.613018035888672,2.5712690353393555,0.42458242177963257,0.2570306658744812,2.5963191986083984,13.847382545471191,-0.3410660922527313,20.32668113708496,175.1923065185547,g
20.954200744628906,5.250699996948242,2.2936582565307617,0.6924169063568115,0.3950808644294739,0.7451596260070801,-0.4231853485107422,0.6780115365982056,26.824291229248047,173.4182891845703,g
39.96079635620117,16.292789459228516,2.8766863346099854,0.30532804131507874,0.1714465320110321,7.411380290985107,26.21263885498047,-0.2780049741268158,16.537906646728516,192.9344482421875,g
148.756591796875,62.062156677246094,3.4338951110839844,0.2822872996330261,0.1514422595500946,-118.63986206054688,-67.31925201416016,4.717624664306641,52.72234344482422,207.8175811767578,h
142.7244415283203,39.1202278137207,3.50632643699646,0.2623525857925415,0.1457982212305069,-25.155338287353516,-62.24467849731445,5.217148780822754,52.85874938964844,271.7920227050781,h
61.27426528930664,27.404075622558594,2.896599769592285,0.3395523130893707,0.13993602991104126,-27.47325897216797,-12.236536979675293,1.3683048486709595,52.69660186767578,172.83509826660156,h
14.98153305053711,10.662031173706055,2.280745267868042,0.70794677734375,0.3628469705581665,5.974867343902588,-1.960627555847168,0.784693717956543,27.818897247314453,143.30105590820312,h
60.76839065551758,27.332015991210938,3.1301112174987793,0.19571129977703094,0.09081847220659256,7.896547794342041,30.353057861328125,0.40759989619255066,13.062760353088379,203.36831665039062,g
139.67437744140625,67.89847564697266,3.5764224529266357,0.10154584050178528,0.06161808967590332,-58.381011962890625,2.439511299133301,2.1882715225219727,35.001468658447266,239.3784942626953,h
27.28377914428711,23.21015167236328,2.898016929626465,0.38150909543037415,0.19622591137886047,-7.980861663818359,5.471948146820068,0.04376089572906494,28.061229705810547,192.05538940429688,h
56.880672454833984,17.567306518554688,2.8305444717407227,0.34496331214904785,0.194765105843544,3.8098511695861816,10.448817253112793,0.3839706480503082,42.58318328857422,154.57113647460938,g
28.84615707397461,13.198114395141602,2.4234261512756348,0.5222864151000977,0.32563596963882446,-14.0462646484375,6.834689140319824,-0.845575213432312,20.09602928161621,198.74371337890625,g
61.191314697265625,26.165651321411133,3.117760181427002,0.29605579376220703,0.15139195322990417,-4.511368274688721,24.512056350708008,0.6451432108879089,11.589781761169434,210.64810180664062,g
17.748828887939453,5.119112014770508,2.316041946411133,0.6272541284561157,0.3537026345729828,12.139938354492188,-0.15182876586914062,0.7930313944816589,32.20581817626953,177.68699645996094,g
25.62889289855957,8.727823257446289,2.355477809906006,0.6616729497909546,0.36153414845466614,0.7014031410217285,3.37326717376709,0.9011452198028564,26.948684692382812,191.50607299804688,g
57.00212097167969,23.43844985961914,2.8761448860168457,0.34718215465545654,0.19520710408687592,-5.355256080627441,21.51276206970215,-0.8786795139312744,34.41496658325195,188.2388153076172,g
32.515472412109375,13.223563194274902,2.6570799350738525,0.3996318578720093,0.2450920045375824,8.509490966796875,17.954248428344727,-0.0956777036190033,22.84836769104004,179.78221130371094,g
47.68617248535156,19.341960906982422,2.8017544746398926,0.3530322313308716,0.20365720987319946,11.148443222045898,8.596827507019043,-0.40493521094322205,43.84065246582031,149.20297241210938,h
36.89954376220703,14.932769775390625,2.66914439201355,0.3754144608974457,0.2178775817155838,-0.3773036003112793,16.971364974975586,-0.34540441632270813,18.55392074584961,185.61502075195312,g
141.2091522216797,55.20299530029297,3.7408652305603027,0.05846598744392395,0.05789265036582947,-7.994836807250977,3.9344406127929688,2.5549440383911133,38.93942642211914,263.2342224121094,h
41.15962600708008,18.364213943481445,2.7303829193115234,0.41695860028266907,0.20687834918498993,-2.3045051097869873,11.139310836791992,0.8073384761810303,21.763578414916992,181.16253662109375,g
27.315330505371094,10.294377326965332,2.2946114540100098,0.5321276187896729,0.3614107072353363,17.468181610107422,8.158617973327637,-1.1798908710479736,52.74156188964844,185.50314331054688,g
30.756410598754883,16.453994750976562,2.767235279083252,0.3518435060977936,0.208222433924675,5.667418956756592,30.551197052001953,-0.7916965484619141,16.82036590576172,188.34703063964844,g
42.29768371582031,19.338491439819336,2.9013969898223877,0.3068286180496216,0.18407712876796722,4.82562780380249,30.891864776611328,-0.8796994686126709,11.626787185668945,205.6710662841797,g
68.54283142089844,30.399700164794922,3.0424962043762207,0.2876775562763214,0.16629181802272797,-34.2794303894043,18.475576400756836,-0.0408516526222229,7.59233283996582,221.6175994873047,g
154.41702270507812,40.062679290771484,4.1165242195129395,0.08324870467185974,0.03273443877696991,6.512548923492432,-33.55645751953125,8.418390274047852,68.92517852783203,240.05026245117188,h
63.155818939208984,29.91659164428711,3.077441453933716,0.19484785199165344,0.1150217056274414,0.24471521377563477,45.06113815307617,-0.25236251950263977,8.42127799987793,215.95364379882812,g
43.53339385986328,15.830438613891602,2.789304494857788,0.5253127813339233,0.27196311950683594,-5.4054951667785645,14.986641883850098,1.006032943725586,16.254314422607422,198.11497497558594,g
9.97308349609375,4.16864013671875,2.0993521213531494,0.8994331359863281,0.471626877784729,-5.025489807128906,-3.20950984954834,1.2397167682647705,29.553089141845703,191.5921630859375,g
23.62154769897461,3.8667259216308594,2.4621355533599854,0.5122705101966858,0.3099837005138397,-6.096099376678467,3.719639778137207,0.08305269479751587,24.429277420043945,163.29115295410156,g
37.93703079223633,8.059737205505371,2.741788625717163,0.3878266513347626,0.201963871717453,6.041479587554932,3.5136656761169434,0.8146548271179199,20.911178588867188,145.66302490234375,g
25.51158332824707,11.29669189453125,2.4689643383026123,0.5626643300056458,0.2926463782787323,2.4961800575256348,3.535637855529785,0.6751563549041748,24.37872886657715,140.06668090820312,h
49.554630279541016,19.126815795898438,2.886261224746704,0.33000510931015015,0.17364662885665894,8.932661056518555,24.287067413330078,0.2410528063774109,14.563857078552246,204.9927520751953,g
20.318313598632812,6.781120300292969,2.3277554512023926,0.6839489936828613,0.358752965927124,15.403053283691406,-6.425786018371582,1.6884862184524536,34.75450897216797,167.78761291503906,g
30.52487564086914,13.70358657836914,2.368687391281128,0.5487507581710815,0.3113844096660614,4.076879978179932,-4.896880149841309,-0.17307612299919128,54.71071243286133,162.6435546875,h
93.81886291503906,38.868011474609375,3.3569436073303223,0.13693779706954956,0.03728532791137695,-17.001453399658203,8.681791305541992,1.7443205118179321,40.29193878173828,180.83364868164062,h
66.09086608886719,24.104101181030273,2.8685271739959717,0.3165518641471863,0.176880344748497,-16.645776748657227,2.662292957305908,0.23549216985702515,42.32251739501953,174.97903442382812,h
85.88993835449219,31.42926025390625,2.984639883041382,0.41026589274406433,0.24409648776054382,-34.07389450073242,-12.321333885192871,-0.3749223053455353,31.869476318359375,252.35610961914062,h
68.14895629882812,43.215965270996094,3.281480312347412,0.22655178606510162,0.12283246964216232,-14.32463264465332,27.571861267089844,-1.0405675172805786,36.3333740234375,221.95152282714844,h
66.20843505859375,32.9306526184082,2.743312120437622,0.36565589904785156,0.23734091222286224,-54.7436637878418,-6.285357475280762,-1.7683364152908325,36.330772399902344,231.13636779785156,h
39.55062484741211,8.779973983764648,2.7738547325134277,0.4392596483230591,0.22447329759597778,0.8134465217590332,7.7433319091796875,1.0614081621170044,18.35390853881836,155.00181579589844,g
31.758642196655273,6.005462646484375,2.3009045124053955,0.903118371963501,0.44518908858299255,-2.8283398151397705,-4.481488227844238,1.5441334247589111,46.57286834716797,192.86643981933594,g
24.750728607177734,17.133207321166992,2.397861957550049,0.5307413935661316,0.2962760031223297,10.754486083984375,1.5191774368286133,0.4607788920402527,29.690296173095703,133.67222595214844,h
23.061233520507812,10.306522369384766,2.2499279975891113,0.7336952686309814,0.3939613401889801,7.496657848358154,-1.5423622131347656,0.3106098473072052,53.629112243652344,170.30859375,h
23.044845581054688,9.436256408691406,2.5080840587615967,0.5065605640411377,0.2936323881149292,-8.345598220825195,13.802401542663574,-0.34697893261909485,20.61583137512207,174.76727294921875,g
153.42636108398438,53.788612365722656,3.8279879093170166,0.046641767024993896,0.04529187083244324,-12.272994041442871,-5.691187858581543,3.0046515464782715,35.96521759033203,292.4346923828125,h
78.89720916748047,40.11000442504883,3.3946585655212402,0.13125157356262207,0.04758898913860321,2.513978958129883,15.63650894165039,0.9908422231674194,43.13085174560547,172.05592346191406,h
36.713768005371094,20.11359977722168,2.537966251373291,0.4218943417072296,0.24389532208442688,12.017133712768555,8.144807815551758,-1.0710982084274292,47.131675720214844,160.23623657226562,h
72.00215148925781,38.43956756591797,3.1527884006500244,0.2027875930070877,0.11168542504310608,3.6376852989196777,41.549522399902344,-1.3629456758499146,29.14727783203125,227.68344116210938,h
96.61575317382812,40.96111297607422,3.2446584701538086,0.1547546237707138,0.07777483761310577,-22.790088653564453,19.589454650878906,0.07468968629837036,31.02198028564453,238.1050262451172,g
54.44537353515625,18.81389617919922,2.9115939140319824,0.294150710105896,0.1535632610321045,8.857366561889648,20.255327224731445,0.8715101480484009,17.816171646118164,183.59828186035156,g
103.1015396118164,45.793678283691406,3.486645221710205,0.12175053358078003,0.08231082558631897,-12.690820693969727,36.92930221557617,0.049075156450271606,-2.5155715942382812,281.07940673828125,g
13.856964111328125,0.8882865905761719,2.2095563411712646,0.7112966179847717,0.4189321994781494,-2.1653974056243896,-4.413313865661621,0.670181393623352,31.0867977142334,171.13217163085938,g
5.951328277587891,8.755786895751953,2.0693836212158203,0.754798173904419,0.4355989694595337,-4.506916046142578,-7.6026506423950195,-0.05957520008087158,31.073326110839844,138.1589813232422,h
79.62843322753906,56.163856506347656,3.359463930130005,0.20709967613220215,0.08918105065822601,-79.32842254638672,35.330360412597656,-0.31940749287605286,33.35798263549805,176.69073486328125,h
79.14327239990234,29.849937438964844,3.1721384525299072,0.25413253903388977,0.13463817536830902,-10.261032104492188,14.469883918762207,0.660500168800354,7.584295272827148,236.4086151123047,g
20.501842498779297,9.252667427062988,2.377819299697876,0.5662890672683716,0.32161110639572144,10.012584686279297,3.2762842178344727,0.2809032201766968,27.777406692504883,154.01632690429688,g
96.07463836669922,36.618743896484375,3.2718143463134766,0.25758662819862366,0.14057230949401855,-34.716163635253906,7.750743865966797,-0.16279998421669006,27.378826141357422,259.4288330078125,h
44.52764129638672,19.399646759033203,2.6590402126312256,0.3771418631076813,0.22664855420589447,1.0050091743469238,3.347118377685547,-0.660693883895874,45.00352478027344,140.8230438232422,h
73.23043823242188,26.304840087890625,3.1415412425994873,0.229709193110466,0.12415962666273117,3.2557783126831055,21.667552947998047,0.4850153923034668,7.818553924560547,221.49195861816406,g
10.743488311767578,6.830826759338379,2.2697486877441406,0.6646372079849243,0.36022838950157166,12.020275115966797,0.5453996658325195,0.701478123664856,32.73230743408203,155.75653076171875,g
74.15397644042969,63.94032287597656,2.553884983062744,0.5941696166992188,0.3872089684009552,-150.40850830078125,-16.99199676513672,-3.1158461570739746,33.074554443359375,297.0836181640625,h
56.168209075927734,22.581499099731445,3.0511040687561035,0.23846273124217987,0.12822987139225006,9.961223602294922,30.79290771484375,0.0039251744747161865,11.001379013061523,205.31954956054688,g
63.739112854003906,20.843881607055664,3.1052565574645996,0.21768106520175934,0.11200527846813202,15.538583755493164,27.747474670410156,0.8678747415542603,13.355725288391113,198.14907836914062,g
100.83915710449219,38.24183654785156,3.2748069763183594,0.2525348663330078,0.11795756965875626,-53.41849136352539,-4.645683288574219,1.3428080081939697,35.59021759033203,224.11434936523438,h
28.04062843322754,10.373883247375488,2.3274903297424316,0.5590495467185974,0.37021398544311523,-2.629246711730957,5.79802131652832,-1.0920323133468628,50.9642333984375,190.48928833007812,g
71.9879150390625,28.71095085144043,3.1249945163726807,0.20666930079460144,0.12097153067588806,0.9912247657775879,24.055362701416016,-0.22963479161262512,6.434270858764648,235.34188842773438,g
28.27927589416504,12.002620697021484,2.2711613178253174,0.8224725127220154,0.4134223461151123,2.0993690490722656,0.6602039337158203,0.7738126516342163,48.382545471191406,180.69656372070312,h
14.257755279541016,6.919939041137695,2.283278465270996,0.6658132076263428,0.3901524543762207,2.0758185386657715,8.508550643920898,-0.11697927117347717,26.33755111694336,189.85394287109375,g
55.77082443237305,18.742774963378906,2.8081905841827393,0.35977548360824585,0.19360406696796417,-5.6237945556640625,12.164140701293945,-0.2722647488117218,37.60508346557617,157.25869750976562,g
3.285175323486328,2.8050079345703125,2.029764175415039,0.7035089135169983,0.44441747665405273,9.666278839111328,-9.509114265441895,0.18117927014827728,40.95124816894531,165.5237274169922,g
46.08523941040039,19.065523147583008,2.6064963340759277,0.5111943483352661,0.2750849723815918,4.376098155975342,7.98292875289917,0.03192037343978882,43.205711364746094,154.803466796875,h
46.553348541259766,16.177654266357422,2.815049648284912,0.30676549673080444,0.15872184932231903,18.40869903564453,5.341559886932373,1.2685599327087402,25.975116729736328,162.86337280273438,g
41.530029296875,19.11376953125,2.758739471435547,0.3400888442993164,0.1664574295282364,21.006624221801758,9.494917869567871,0.753990113735199,23.43567657470703,140.093505859375,h
55.079410552978516,14.812856674194336,2.7036004066467285,0.3999842405319214,0.23095321655273438,4.568604946136475,3.2848730087280273,0.4494088292121887,47.26416015625,188.6550750732422,g
156.60238647460938,41.572547912597656,3.7115516662597656,0.18805834650993347,0.09127062559127808,-24.864349365234375,-45.89906311035156,4.411932945251465,36.319854736328125,251.6512908935547,h
34.38740539550781,15.656330108642578,2.3966121673583984,0.5817834734916687,0.3247501254081726,12.24069595336914,3.598909378051758,-0.20748886466026306,50.36966323852539,177.92437744140625,h
75.8829574584961,29.702177047729492,3.2089645862579346,0.16972611844539642,0.07822124660015106,-6.513530254364014,31.095600128173828,0.6184401512145996,7.830028533935547,216.2460174560547,g
96.58935546875,41.02800750732422,3.430450677871704,0.15208998322486877,0.08763481676578522,-13.913272857666016,29.97631072998047,-0.21772655844688416,-2.5113372802734375,279.2427062988281,g
49.931297302246094,25.20848846435547,3.021759033203125,0.2644592225551605,0.13425806164741516,13.895807266235352,44.83163070678711,-0.15060332417488098,11.416339874267578,208.52023315429688,g
65.48457336425781,31.87159538269043,3.1941933631896973,0.1842866837978363,0.12005560845136642,13.059398651123047,53.69021224975586,-0.5998411178588867,6.170963287353516,241.09414672851562,g
38.29672622680664,11.784022331237793,2.678105592727661,0.375713050365448,0.2075226753950119,4.0007500648498535,4.011508464813232,0.7072209715843201,25.22581672668457,166.68710327148438,g
70.42672729492188,35.652366638183594,3.3982949256896973,0.12738236784934998,0.07079295814037323,2.198423385620117,53.680355072021484,-0.054281264543533325,5.345062255859375,232.6843719482422,g
64.8819808959961,19.654212951660156,2.911618232727051,0.3097418248653412,0.18024969100952148,2.8472065925598145,16.55976104736328,-0.5306383371353149,33.695899963378906,187.36912536621094,g
18.477603912353516,5.48188591003418,2.350611686706543,0.5737348794937134,0.3344406187534332,12.953775405883789,1.3117284774780273,0.544151246547699,31.691001892089844,174.8091583251953,g
63.92970275878906,27.80500602722168,3.1066036224365234,0.21157048642635345,0.09087222814559937,0.006614208221435547,26.355945587158203,0.6961426734924316,12.602143287658691,193.4846649169922,g
73.96511840820312,39.808502197265625,3.3275299072265625,0.11740949749946594,0.08109168708324432,5.872329235076904,58.35186004638672,-0.7775808572769165,3.0022850036621094,253.51254272460938,g
45.668033599853516,21.619386672973633,2.931868076324463,0.3144501745700836,0.1848181188106537,5.107457637786865,40.428741455078125,-0.7599437236785889,8.796747207641602,205.77835083007812,g
50.9533805847168,13.355810165405273,2.736989974975586,0.44480496644973755,0.23838713765144348,6.1332478523254395,11.639850616455078,0.3037571310997009,41.370208740234375,180.7721710205078,g
24.476110458374023,8.481527328491211,2.237771987915039,0.8748021125793457,0.4307153820991516,4.337025165557861,-0.4160022735595703,1.2383434772491455,51.6137580871582,196.28939819335938,g
121.44039916992188,52.958160400390625,3.3109130859375,0.20360736548900604,0.14766347408294678,-71.10494995117188,2.392812728881836,0.7512786984443665,33.61948776245117,276.39825439453125,h
79.75326538085938,32.59735870361328,3.245436906814575,0.25193941593170166,0.14674457907676697,-4.816493034362793,-2.3444108963012695,1.6848137378692627,52.27976989746094,210.43414306640625,h
36.59760665893555,16.687122344970703,2.405294895172119,0.5317315459251404,0.324176162481308,0.6441841125488281,3.2304677963256836,-1.3224289417266846,42.86145782470703,155.83709716796875,h
13.808246612548828,1.9547195434570312,2.2116549015045166,0.6142105460166931,0.39436018466949463,-5.9809746742248535,-7.035025596618652,-0.4193234145641327,28.964807510375977,170.28582763671875,g
44.34998321533203,20.20416259765625,2.8280344009399414,0.3069080710411072,0.16575497388839722,24.71148681640625,20.178184509277344,0.6188713312149048,23.489810943603516,181.87490844726562,g
38.350013732910156,23.548782348632812,2.7107300758361816,0.41009238362312317,0.2161058932542801,2.9749016761779785,24.7918701171875,-1.2244024276733398,39.374794006347656,162.61029052734375,h
37.17804718017578,14.016396522521973,2.493537425994873,0.47794753313064575,0.2985113263130188,8.923927307128906,8.469412803649902,-0.8950381278991699,46.0419807434082,168.1064910888672,g
42.14491271972656,17.564149856567383,2.652081251144409,0.4063491225242615,0.2470705658197403,3.256032943725586,21.056007385253906,-0.11702859401702881,18.877395629882812,199.12869262695312,g
24.864578247070312,15.396820068359375,2.4877443313598633,0.4765360951423645,0.2567928433418274,12.370363235473633,6.442717552185059,0.28060775995254517,26.627914428710938,134.02032470703125,h
75.01399230957031,41.91053009033203,3.4100141525268555,0.09475082159042358,0.05365033447742462,2.956295967102051,61.908016204833984,-0.29728028178215027,4.883455276489258,247.676513671875,g
20.83618927001953,9.223514556884766,2.384458065032959,0.49662527441978455,0.2905787229537964,6.905494213104248,-6.076491355895996,0.08179393410682678,29.000911712646484,126.30498504638672,h
33.4432373046875,9.908535957336426,2.6409294605255127,0.529607892036438,0.2610836625099182,14.292400360107422,13.128796577453613,1.481594443321228,24.772659301757812,180.9087677001953,g
64.72705078125,17.524826049804688,3.0648396015167236,0.2988676130771637,0.15727391839027405,5.138382434844971,10.368992805480957,0.6819573640823364,40.05178451538086,168.48106384277344,g
97.54733276367188,35.017189025878906,3.1177456378936768,0.3695555329322815,0.245139017701149,-58.31550598144531,-36.274620056152344,-0.27811768651008606,33.475860595703125,279.41192626953125,h
19.131179809570312,11.899250030517578,2.38348126411438,0.6386795043945312,0.3364505469799042,5.738626003265381,5.888421058654785,0.4296054244041443,24.553911209106445,150.85626220703125,h
38.22623825073242,18.760576248168945,2.68399977684021,0.4174653887748718,0.21480365097522736,-15.452354431152344,10.143675804138184,0.2542610466480255,20.59455108642578,178.74417114257812,g
81.99703216552734,36.179542541503906,3.197381019592285,0.2472771257162094,0.12022761255502701,-32.22746276855469,21.442520141601562,0.6760380864143372,6.648141860961914,233.87722778320312,g
128.4228973388672,64.69513702392578,3.4192705154418945,0.19695207476615906,0.09412325173616409,-91.06395721435547,-28.000537872314453,0.9341994524002075,33.82792663574219,244.49082946777344,h
53.19453430175781,31.21181869506836,2.867067813873291,0.2668682634830475,0.13109125196933746,20.009021759033203,17.821144104003906,0.8031903505325317,23.638954162597656,158.3526153564453,h
14.582233428955078,4.478771209716797,2.2655153274536133,0.7562729120254517,0.39113983511924744,6.51710844039917,-0.6348915100097656,1.2314456701278687,30.20523452758789,184.27696228027344,g
49.859317779541016,17.24153709411621,2.933248519897461,0.2822592556476593,0.1532047688961029,9.196434020996094,22.621631622314453,0.4630548655986786,16.973352432250977,185.1436309814453,g
44.52350616455078,17.33660888671875,2.8281030654907227,0.3615485429763794,0.18543784320354462,13.290260314941406,25.333332061767578,0.4908180236816406,17.18999671936035,194.04672241210938,g
21.172794342041016,21.166440963745117,2.416712522506714,0.43186068534851074,0.261220246553421,9.164020538330078,8.55845832824707,-0.5825748443603516,29.661462783813477,137.36090087890625,h
3.7798690795898438,8.847718238830566,1.9872820377349854,0.850615918636322,0.4501921534538269,8.810338973999023,-17.22293472290039,1.3168619871139526,39.90098571777344,141.34466552734375,h
44.76804733276367,18.536907196044922,2.8474862575531006,0.34131577610969543,0.18299220502376556,4.826165676116943,26.36318588256836,-0.08362722396850586,14.079693794250488,198.052001953125,g
67.075439453125,25.531967163085938,3.17659330368042,0.26848092675209045,0.1319478452205658,-12.327176094055176,19.812692642211914,0.3064013123512268,5.974958419799805,210.87083435058594,g
23.687223434448242,10.036134719848633,2.3143463134765625,0.5811754465103149,0.3408467173576355,15.370223999023438,2.6524462699890137,-0.4897431433200836,52.78131103515625,148.47943115234375,h
24.063356399536133,15.198490142822266,2.310947895050049,0.6036196947097778,0.337871253490448,8.12057113647461,0.47643375396728516,-0.5192756652832031,53.052513122558594,153.377197265625,h
91.72624206542969,47.83180618286133,3.105125665664673,0.20213410258293152,0.0933944433927536,-63.578468322753906,-2.47670841217041,-0.9477715492248535,32.20750045776367,254.67135620117188,h
75.1036605834961,34.25502395629883,3.3178670406341553,0.12807044386863708,0.0734097957611084,11.912776947021484,41.63407897949219,0.13854923844337463,8.236106872558594,242.3150634765625,g
60.34431838989258,25.294626235961914,3.143418788909912,0.19309788942337036,0.09011509269475937,8.964546203613281,34.07249069213867,0.4136500060558319,12.57923412322998,199.46170043945312,g
23.15265655517578,11.300239562988281,2.381180763244629,0.5306769609451294,0.3075818121433258,-0.7131824493408203,-4.749333381652832,-0.13221636414527893,24.22182273864746,117.42017364501953,h
55.15995788574219,28.845396041870117,3.0798404216766357,0.30216550827026367,0.18591968715190887,-16.371137619018555,26.95953369140625,-1.2320899963378906,37.607643127441406,226.04183959960938,g
27.675228118896484,15.691814422607422,2.6427273750305176,0.39715468883514404,0.22512538731098175,13.055219650268555,15.414092063903809,0.2963283061981201,27.130332946777344,155.79916381835938,g
109.99299621582031,64.5106430053711,3.124298095703125,0.29701778292655945,0.1570790410041809,-128.8096923828125,-36.7787971496582,0.07128047943115234,39.98652648925781,273.31304931640625,h
154.0860137939453,81.8100357055664,3.550100088119507,0.0824556052684784,0.04949299991130829,-116.92819213867188,-41.52297592163086,1.034354567527771,35.77595901489258,281.8173522949219,h
40.26338577270508,17.53386688232422,2.6745364665985107,0.40845611691474915,0.22323983907699585,19.107473373413086,9.640355110168457,0.8953371047973633,25.859167098999023,167.67364501953125,g
77.00144958496094,26.29459571838379,3.22086238861084,0.21533940732479095,0.10628676414489746,-4.523462295532227,11.251664161682129,0.8127619028091431,8.229183197021484,218.8340301513672,g
52.53338623046875,19.647876739501953,2.9135842323303223,0.26965799927711487,0.13914915919303894,24.972442626953125,16.654281616210938,0.9971612691879272,22.319255828857422,179.34213256835938,g
37.586856842041016,13.054494857788086,2.733670711517334,0.3734550178050995,0.20107071101665497,4.971045970916748,6.876392364501953,0.9811568260192871,26.43686866760254,157.7189178466797,g
36.93601989746094,13.694025039672852,2.707413673400879,0.38397645950317383,0.21793438494205475,7.69877290725708,20.998794555664062,0.19754037261009216,20.523731231689453,183.1104278564453,g
8.739093780517578,9.468064308166504,2.2019128799438477,0.6130411624908447,0.3879169821739197,-5.2576398849487305,1.5581483840942383,-1.1329526901245117,24.96638298034668,119.15330505371094,h
190.28668212890625,86.70748138427734,3.776813507080078,0.05904892086982727,0.059833377599716187,-147.10694885253906,-52.97209167480469,4.002470016479492,44.727935791015625,317.8413391113281,h
42.55244445800781,15.89607048034668,2.5548911094665527,0.49302858114242554,0.2953073978424072,5.6918416023254395,7.854396820068359,-0.4365074336528778,44.9867057800293,172.68765258789062,g
46.68524932861328,18.2030029296875,2.892052173614502,0.3178060054779053,0.1668846756219864,16.158157348632812,23.940662384033203,0.778697669506073,21.043481826782227,190.6471405029297,g
27.582935333251953,7.439027786254883,2.5622763633728027,0.49972760677337646,0.27289098501205444,7.21097993850708,3.677748203277588,0.7515431642532349,25.806291580200195,156.22694396972656,g
54.04202651977539,18.500436782836914,2.9685685634613037,0.2815655469894409,0.14204207062721252,4.3177666664123535,19.97613525390625,1.09903883934021,17.436798095703125,172.52122497558594,g
53.66200256347656,11.124579429626465,2.7123281955718994,0.38596758246421814,0.23090209066867828,0.31501007080078125,0.3535490036010742,0.12032875418663025,44.55394744873047,189.6937713623047,g
36.321067810058594,18.30307960510254,2.63796067237854,0.4340322017669678,0.2685675323009491,-9.842900276184082,12.799796104431152,-1.700466275215149,39.831356048583984,162.3115234375,h
113.2120361328125,48.279930114746094,3.2653675079345703,0.23667331039905548,0.14840072393417358,-47.898529052734375,-5.471585273742676,1.7020087242126465,39.09506607055664,227.92539978027344,h
29.396820068359375,11.036482810974121,2.514432907104492,0.541297972202301,0.2825937867164612,9.365676879882812,6.006749153137207,1.1173675060272217,28.266212463378906,180.5893096923828,g
22.931230545043945,2.826539993286133,2.3876891136169434,0.5297507643699646,0.3268502354621887,1.292501449584961,-3.611870765686035,0.22299014031887054,28.227216720581055,168.9910430908203,g
46.95140838623047,20.873491287231445,2.939918279647827,0.3083378076553345,0.16831143200397491,9.761608123779297,36.55921173095703,-0.2811824381351471,12.151605606079102,208.73777770996094,g
12.686538696289062,9.679300308227539,2.0412404537200928,0.797917902469635,0.47109514474868774,-2.4440650939941406,-6.858181953430176,0.08338221907615662,30.009056091308594,159.34860229492188,h
48.484901428222656,20.266576766967773,2.8356802463531494,0.27307194471359253,0.1666455864906311,29.76441192626953,25.565275192260742,0.5392452478408813,24.097639083862305,204.21539306640625,g
63.365455627441406,20.141494750976562,2.9839582443237305,0.2829839587211609,0.14022129774093628,9.70380973815918,3.547550678253174,0.4851296544075012,42.404239654541016,178.6621551513672,g
35.8381233215332,13.224894523620605,2.612027406692505,0.4427143335342407,0.2409646213054657,6.835151195526123,7.190702438354492,0.6492176055908203,24.343074798583984,166.75282287597656,g
27.48480224609375,10.14427661895752,2.2863850593566895,0.5757714509963989,0.350801557302475,16.349597930908203,-11.350110054016113,-0.06514143943786621,58.014286041259766,150.14833068847656,h
32.600624084472656,11.476648330688477,2.7620935440063477,0.37763282656669617,0.20174694061279297,9.231678009033203,24.339492797851562,-0.0019369423389434814,18.079496383666992,178.82569885253906,g
65.55220031738281,26.044189453125,3.027533531188965,0.3147122859954834,0.17549853026866913,-2.473909616470337,19.399593353271484,0.036954015493392944,8.337455749511719,234.78732299804688,g
5.906475067138672,4.349849700927734,2.0522830486297607,0.8516247868537903,0.4688481390476227,5.938867092132568,-6.598757743835449,1.0965780019760132,35.48163604736328,175.86822509765625,g
49.21266174316406,20.404808044433594,2.98081111907959,0.28163981437683105,0.13285791873931885,2.18886661529541,32.99821853637695,0.5313076376914978,14.483482360839844,187.30612182617188,g
46.0267333984375,15.160499572753906,2.8082802295684814,0.34118932485580444,0.19267229735851288,4.96168851852417,17.16020965576172,0.11486813426017761,16.14995574951172,194.36451721191406,g
44.13316345214844,11.010015487670898,2.5440940856933594,0.43472820520401,0.2753918468952179,6.647807598114014,5.059037208557129,-0.8430643081665039,42.860443115234375,170.3543701171875,g
42.22256088256836,20.226062774658203,2.85345721244812,0.3431433141231537,0.17224600911140442,16.1995849609375,22.632003784179688,0.40884265303611755,19.292844772338867,174.41842651367188,g
45.933258056640625,20.846834182739258,3.009784698486328,0.2694280445575714,0.1496884673833847,0.06819534301757812,34.23580551147461,-0.46442845463752747,11.744677543640137,196.82936096191406,g
35.7661018371582,18.77804183959961,2.889148712158203,0.3966767191886902,0.20383569598197937,-4.592797756195068,26.94898223876953,-0.5305114984512329,12.896353721618652,205.1252899169922,g
52.28961181640625,23.499744415283203,3.1250736713409424,0.25377729535102844,0.13075461983680725,0.22850751876831055,39.021278381347656,0.10388189554214478,10.684202194213867,203.60491943359375,g
45.61479187011719,17.279640197753906,2.7769453525543213,0.3601823151111603,0.2128128856420517,7.889077663421631,18.524641036987305,0.2759191393852234,17.124855041503906,163.15573120117188,g
100.45585632324219,33.878719329833984,3.2834203243255615,0.16113099455833435,0.0747261643409729,-3.495018243789673,-6.061491966247559,1.0237116813659668,35.5163688659668,217.2015838623047,h
41.92189025878906,13.857352256774902,2.7634103298187256,0.40646564960479736,0.21233421564102173,16.58002281188965,15.83340835571289,0.9846287965774536,21.454570770263672,173.9189910888672,g
14.671310424804688,10.109711647033691,2.2424848079681396,0.6300655603408813,0.3668040335178375,7.790539264678955,-2.957991600036621,0.10736656188964844,30.314105987548828,142.3931884765625,h
56.72735595703125,26.5246639251709,2.8675708770751953,0.27986279129981995,0.1449631154537201,-4.082884311676025,13.990409851074219,-0.44122979044914246,41.671653747558594,167.9703369140625,h
30.399703979492188,10.531296730041504,2.3766543865203857,0.559333086013794,0.34910768270492554,8.269412994384766,7.976537704467773,-0.7400680780410767,51.03754425048828,205.65650939941406,g
51.89402770996094,19.23521614074707,3.039665937423706,0.24307572841644287,0.12981469929218292,15.798135757446289,24.67818260192871,0.565292477607727,18.53182601928711,198.2708282470703,g
46.81147384643555,19.3035888671875,2.9237496852874756,0.29304641485214233,0.14301154017448425,-0.7779736518859863,26.03498649597168,0.4061300754547119,15.222153663635254,177.5611572265625,g
38.06900405883789,11.50316333770752,2.737781286239624,0.4656101167201996,0.24922296404838562,5.189915180206299,22.976543426513672,0.5567395091056824,16.955867767333984,190.27517700195312,g
71.34078216552734,29.517566680908203,3.1782686710357666,0.17006438970565796,0.07808437943458557,24.904836654663086,15.797089576721191,1.5989140272140503,19.889514923095703,183.44334411621094,g
8.941658020019531,7.09593391418457,2.2900502681732178,0.546471118927002,0.340507447719574,9.837034225463867,5.732512474060059,-0.477218359708786,32.48406219482422,169.92636108398438,g
49.131996154785156,16.9102783203125,2.7073416709899902,0.4260350465774536,0.23748265206813812,4.3028998374938965,10.008489608764648,-0.4874821603298187,39.06587600708008,162.86550903320312,h
50.737098693847656,20.37819480895996,3.0467944145202637,0.27019941806793213,0.13331858813762665,7.985615253448486,33.58221435546875,0.4031743109226227,13.116539001464844,192.9549102783203,g
52.91458511352539,23.33711051940918,2.8548216819763184,0.3357616066932678,0.16407643258571625,1.4728670120239258,15.275481224060059,0.2201768010854721,43.00967788696289,136.08721923828125,h
108.07551574707031,38.78351593017578,3.4007933139801025,0.266640305519104,0.15560436248779297,-20.3179988861084,16.463539123535156,1.226258635520935,31.10910415649414,260.2389831542969,h
45.784385681152344,21.188884735107422,2.6591310501098633,0.3682567775249481,0.21963874995708466,-2.3615667819976807,12.572507858276367,-0.9566044807434082,42.9862174987793,161.14845275878906,h
63.49677276611328,36.63023376464844,2.9890031814575195,0.2773173153400421,0.16347438097000122,-60.891021728515625,17.065086364746094,-1.0397875308990479,6.687276840209961,226.23728942871094,h
83.14730834960938,29.793476104736328,2.962364673614502,0.3212186396121979,0.20534230768680573,-21.306968688964844,10.98678970336914,-0.048063427209854126,34.707740783691406,237.59776306152344,g
55.64559555053711,24.17049217224121,3.098944664001465,0.21799185872077942,0.09673603624105453,-11.977341651916504,33.11726760864258,0.10736094415187836,10.017236709594727,190.2305450439453,g
90.03024291992188,44.79505157470703,3.465883255004883,0.07122090458869934,0.058077841997146606,22.94733428955078,43.50886154174805,0.7893773317337036,12.940834045410156,261.5648193359375,g
43.41149139404297,14.806084632873535,2.905480146408081,0.28997188806533813,0.14885643124580383,12.091859817504883,22.33418083190918,0.522108793258667,18.099559783935547,172.15940856933594,g
34.40874481201172,13.908185958862305,2.549874782562256,0.4793058931827545,0.28014206886291504,-2.2145674228668213,11.536886215209961,-0.10023969411849976,18.921283721923828,171.6220703125,g
61.16446304321289,45.82860565185547,2.6601502895355225,0.3921666443347931,0.22729046642780304,-73.96271514892578,-13.417204856872559,-1.177601933479309,45.23699951171875,182.50808715820312,h
32.021907806396484,10.63390827178955,2.344280958175659,0.7291674613952637,0.4017546772956848,0.20412969589233398,1.8210697174072266,0.4962407350540161,51.3353157043457,206.32696533203125,g
36.332603454589844,13.217914581298828,2.775726556777954,0.4597404897212982,0.22649219632148743,-0.8053610324859619,21.609708786010742,0.3698049783706665,14.926130294799805,192.2501220703125,g
30.492786407470703,13.629049301147461,2.6633315086364746,0.43022871017456055,0.2630155682563782,-3.074519157409668,27.256202697753906,-1.1111358404159546,12.378698348999023,184.58258056640625,g
55.67219924926758,25.169031143188477,2.976752996444702,0.29134976863861084,0.15159852802753448,-13.547317504882812,1.9894657135009766,-0.8197237253189087,9.145471572875977,211.32498168945312,g
36.37417221069336,12.158888816833496,2.664726495742798,0.45961812138557434,0.23321500420570374,-11.178915977478027,3.9133858680725098,0.6233772039413452,20.81109619140625,176.34405517578125,g
78.09033966064453,27.814306259155273,3.0149075984954834,0.30608415603637695,0.18781086802482605,-21.770774841308594,1.3005437850952148,-0.36355844140052795,34.114280700683594,213.6311492919922,h
36.379737854003906,18.598745346069336,2.7437493801116943,0.34843429923057556,0.20427721738815308,20.212106704711914,21.66567611694336,0.19578498601913452,24.81833267211914,186.1671142578125,g
80.47256469726562,39.626731872558594,3.2750589847564697,0.18676318228244781,0.1356399655342102,-17.906906127929688,47.048492431640625,-1.165590524673462,-2.122007369995117,263.9659423828125,g
62.00486373901367,27.744121551513672,3.3398709297180176,0.20856693387031555,0.10040724277496338,-7.9804368019104,41.1353874206543,-0.08928415179252625,5.036827087402344,218.29347229003906,g
38.998348236083984,20.125526428222656,2.6895534992218018,0.3410660922527313,0.20182520151138306,2.0216217041015625,23.96318817138672,-1.2079282999038696,44.45299530029297,181.23455810546875,g
35.834136962890625,17.107385635375977,2.6158559322357178,0.4253080487251282,0.2486231029033661,8.78448486328125,14.483909606933594,-0.8642497062683105,47.059425354003906,183.43661499023438,g
92.5582275390625,46.978389739990234,3.1979737281799316,0.1723191887140274,0.07381054759025574,-30.622785568237305,20.668899536132812,-0.46520742774009705,28.794343948364258,200.58670043945312,h
15.490615844726562,9.200077056884766,2.1099205017089844,0.7662018537521362,0.451453298330307,-5.24200963973999,-7.320834159851074,0.10958799719810486,27.137357711791992,149.987548828125,h
71.29464721679688,28.700090408325195,3.082495927810669,0.23108376562595367,0.1501137614250183,2.95205020904541,27.729568481445312,-0.35831424593925476,6.57490348815918,241.44288635253906,g
74.380859375,26.201650619506836,3.1831209659576416,0.2760666608810425,0.13465169072151184,-2.9569621086120605,20.08017349243164,0.8514928817749023,7.576318740844727,221.74636840820312,g
23.878026962280273,5.410139083862305,2.448704719543457,0.5948123335838318,0.3316677212715149,0.5407214164733887,5.300796031951904,0.3888716697692871,22.14850616455078,172.93568420410156,g
38.244049072265625,14.672773361206055,2.834514856338501,0.33750754594802856,0.18416893482208252,14.050416946411133,23.7247257232666,0.4062904119491577,20.79960060119629,184.21954345703125,g
61.205814361572266,27.39142608642578,3.1366724967956543,0.22999994456768036,0.11382319778203964,20.49225425720215,33.8242073059082,0.6917116641998291,15.847967147827148,215.53652954101562,g
70.16992950439453,26.199129104614258,3.1753997802734375,0.19182978570461273,0.08928869664669037,-3.857146978378296,18.217130661010742,0.4413481056690216,10.309438705444336,219.09857177734375,g
20.906761169433594,8.617101669311523,2.47039532661438,0.49516886472702026,0.30751025676727295,5.768397808074951,12.740227699279785,-0.4817381799221039,23.92189598083496,167.28050231933594,g
10.07686996459961,0.8783435821533203,2.206963539123535,0.6338549852371216,0.4009150266647339,-3.5960230827331543,-5.384800910949707,-0.35260364413261414,29.403684616088867,161.73333740234375,g
70.89602661132812,29.903581619262695,3.025420665740967,0.3047565221786499,0.16759371757507324,-25.612701416015625,2.5604753494262695,-0.5395570993423462,6.576112747192383,249.22679138183594,g
11.20925521850586,5.563871383666992,2.116410732269287,0.6733913421630859,0.4143827259540558,4.409839153289795,-16.53386688232422,0.09966766834259033,34.003448486328125,125.59782409667969,h
20.943897247314453,12.923513412475586,2.403947114944458,0.5784658193588257,0.2997475862503052,5.417149066925049,6.516197681427002,0.586213231086731,28.336759567260742,170.74224853515625,g
42.84428405761719,16.564815521240234,2.7405800819396973,0.35535043478012085,0.18862774968147278,5.76943826675415,6.457833766937256,0.7503464221954346,22.909908294677734,161.46163940429688,g
39.64189147949219,21.52444839477539,2.622521162033081,0.3830159306526184,0.24025291204452515,11.602264404296875,19.484838485717773,-1.419772982597351,43.34370422363281,166.6553955078125,h
84.33891296386719,22.788421630859375,3.1422691345214844,0.3781281113624573,0.1733912229537964,-6.949150085449219,0.6444473266601562,1.7376259565353394,35.020469665527344,209.5472412109375,g
50.03789520263672,23.428451538085938,3.0834290981292725,0.2797278165817261,0.135425865650177,0.8589382171630859,45.465919494628906,-0.18142613768577576,7.084482192993164,203.60586547851562,g
32.38713073730469,18.238399505615234,2.485539436340332,0.4320281147956848,0.2661621570587158,11.011188507080078,9.369132041931152,-1.335466742515564,48.655982971191406,165.27859497070312,h
37.00157165527344,14.490966796875,2.865495443344116,0.3635570704936981,0.2001631110906601,-2.2274651527404785,27.905567169189453,-0.5141769647598267,12.08753776550293,190.35379028320312,g
115.95392608642578,51.776695251464844,3.4898581504821777,0.10521820187568665,0.08089695870876312,-38.576534271240234,31.33531951904297,0.8086633682250977,-0.7359580993652344,275.2218017578125,g
75.42426300048828,37.202247619628906,3.2935876846313477,0.14080867171287537,0.09062441438436508,15.767501831054688,50.646728515625,-0.07648470997810364,7.539283752441406,239.93203735351562,g
19.644947052001953,5.0386810302734375,2.3985488414764404,0.6628486514091492,0.3582194745540619,3.6641430854797363,8.174278259277344,0.6771645545959473,24.7459716796875,182.5387420654297,g
47.873146057128906,20.04810333251953,2.936582088470459,0.294146865606308,0.15426260232925415,8.116716384887695,30.60293197631836,0.01770809292793274,13.781698226928711,202.51461791992188,g
89.85580444335938,40.14179992675781,3.4392318725585938,0.08559584617614746,0.05504733324050903,17.224849700927734,42.1473388671875,0.8033419847488403,10.306173324584961,252.8203887939453,g
23.44674301147461,10.973030090332031,2.4651570320129395,0.569452702999115,0.3382088541984558,-1.3907270431518555,14.525764465332031,-0.15691480040550232,22.62456512451172,189.95181274414062,g
27.4999942779541,17.668819427490234,2.606985569000244,0.37145745754241943,0.20901577174663544,24.22759246826172,11.220703125,0.18681462109088898,28.96889305114746,131.7771453857422,h
21.81136131286621,5.815956115722656,2.3648412227630615,0.554293692111969,0.3485063910484314,3.817060947418213,3.3075037002563477,-0.20771929621696472,25.565385818481445,167.1723175048828,g
61.41419219970703,35.02325439453125,3.369504928588867,0.16335304081439972,0.07961961627006531,-2.920787811279297,48.407196044921875,-0.5471740961074829,6.289546966552734,228.0819091796875,g
62.05923080444336,25.37995719909668,3.116786003112793,0.24268603324890137,0.1392717957496643,4.465811252593994,35.20244216918945,0.4745681881904602,11.035863876342773,201.45504760742188,g
56.93368148803711,30.535297393798828,2.8200695514678955,0.3965308964252472,0.23715364933013916,-47.46294403076172,5.725098133087158,-0.4131043255329132,13.645859718322754,226.7601776123047,h
17.639328002929688,7.378531455993652,2.2982256412506104,0.5587152242660522,0.35681843757629395,10.858285903930664,5.344326972961426,-0.32233646512031555,29.94305992126465,180.2993927001953,g
57.6525993347168,21.53011131286621,2.8267109394073486,0.4180077314376831,0.2180669754743576,-18.058107376098633,12.687447547912598,0.5202751755714417,12.524388313293457,211.8110809326172,g
63.599937438964844,28.203834533691406,3.1628735065460205,0.18279418349266052,0.09240665286779404,7.5096659660339355,37.921226501464844,0.047898948192596436,10.160076141357422,217.06407165527344,g
49.64580154418945,16.232528686523438,2.908220052719116,0.28421539068222046,0.14607934653759003,6.132748126983643,19.463871002197266,0.6935643553733826,17.836322784423828,174.51011657714844,g
35.95995330810547,16.009763717651367,2.7408783435821533,0.38468071818351746,0.22822205722332,6.287583827972412,28.773170471191406,-0.5075033903121948,15.53014087677002,184.83245849609375,g
188.8548583984375,62.61207580566406,3.789046287536621,0.16597089171409607,0.10740227997303009,-109.079345703125,-102.7601318359375,7.654731273651123,67.09800720214844,267.6276550292969,h
40.24139404296875,10.452156066894531,2.6696949005126953,0.4290408194065094,0.23654404282569885,1.9800267219543457,6.431155681610107,0.7148934006690979,20.838054656982422,166.97117614746094,g
41.84245300292969,18.897462844848633,2.762596368789673,0.38002946972846985,0.21353541314601898,14.212213516235352,29.798046112060547,0.03275296092033386,16.935813903808594,193.2862091064453,g
33.951908111572266,13.040446281433105,2.5801897048950195,0.45022934675216675,0.2323565036058426,7.28071928024292,-4.634982109069824,1.0527124404907227,28.388065338134766,145.0054168701172,g
65.57308959960938,36.29290771484375,3.2759060859680176,0.15274830162525177,0.09199856966733932,4.334498882293701,47.90589141845703,-0.6897681951522827,6.353841781616211,233.77874755859375,g
43.658477783203125,21.62726402282715,3.053657054901123,0.2513895630836487,0.1267736852169037,0.04484272003173828,42.83403396606445,-0.5856888294219971,9.19550895690918,195.68797302246094,g
61.07624816894531,28.2749080657959,3.1728479862213135,0.21757084131240845,0.1303834766149521,7.2988600730896,47.68088150024414,-0.1365305781364441,9.474777221679688,225.07275390625,g
18.342365264892578,8.903097152709961,2.3054938316345215,0.6810981035232544,0.36549314856529236,4.47236967086792,2.340456962585449,0.7376677393913269,27.629085540771484,166.77023315429688,g
39.2928466796875,16.10352897644043,2.867973804473877,0.368775874376297,0.18630391359329224,8.828561782836914,23.815963745117188,0.4301103353500366,18.406227111816406,192.770263671875,g
52.785850524902344,21.597482681274414,2.9118592739105225,0.27575868368148804,0.15794214606285095,7.093702793121338,24.380962371826172,-0.9370834827423096,38.94448471069336,199.56723022460938,g
42.47673034667969,21.380550384521484,2.7295329570770264,0.3835383951663971,0.17937006056308746,12.653268814086914,3.5155744552612305,1.4401353597640991,27.157564163208008,137.4764404296875,h
106.33888244628906,57.03028106689453,3.1717529296875,0.1498607099056244,0.09908290952444077,-57.64440155029297,5.541846752166748,-0.11872673034667969,36.94383239746094,249.8643341064453,h
32.26154327392578,14.707696914672852,2.720733404159546,0.3909004330635071,0.20591972768306732,3.201150894165039,27.81570053100586,-0.06470826268196106,18.372962951660156,184.86705017089844,g
60.2371826171875,24.70226287841797,3.161818265914917,0.21588850021362305,0.11255285143852234,2.5780534744262695,38.52595138549805,-0.21082696318626404,6.990257263183594,216.03564453125,g
14.817699432373047,10.02005672454834,2.286435604095459,0.5487352609634399,0.3567504286766052,9.367420196533203,5.8244757652282715,-0.710868239402771,28.947898864746094,154.97279357910156,g
45.96881103515625,22.618793487548828,2.864508628845215,0.26257652044296265,0.15950718522071838,20.184844970703125,31.942962646484375,-0.30319491028785706,18.648780822753906,202.33441162109375,g
57.437015533447266,20.875661849975586,2.6967339515686035,0.4221789240837097,0.251555472612381,-9.227283477783203,9.478891372680664,-0.34194889664649963,39.11747360229492,178.40643310546875,g
45.63355255126953,23.406309127807617,2.8279941082000732,0.2929486036300659,0.15690363943576813,22.691617965698242,14.156622886657715,0.4886612892150879,23.22066879272461,151.28236389160156,h
85.93782806396484,29.277639389038086,3.2401533126831055,0.17017078399658203,0.08286385238170624,0.014630317687988281,3.005342960357666,0.5687872171401978,7.901233673095703,239.01446533203125,g
81.04486083984375,28.178733825683594,3.2330048084259033,0.1986408680677414,0.09733735769987106,-6.294373989105225,8.401028633117676,0.4565356373786926,5.724390029907227,233.97731018066406,g
79.689453125,43.31324005126953,2.837895393371582,0.4086337089538574,0.2416049987077713,-84.12773895263672,-20.99850845336914,0.5660610198974609,47.0181884765625,210.69973754882812,h
27.286014556884766,11.183638572692871,2.4877400398254395,0.488407164812088,0.2791675329208374,1.6555166244506836,-0.6340360641479492,0.48148638010025024,26.859119415283203,133.66873168945312,g
55.96851348876953,16.157224655151367,2.891923189163208,0.33325329422950745,0.18464821577072144,-3.897705078125,4.840451717376709,0.46137410402297974,13.297992706298828,185.93423461914062,g
76.71459197998047,34.0977897644043,3.3994252681732178,0.1287793219089508,0.06123962998390198,5.098337650299072,35.129940032958984,0.7980486154556274,10.125017166137695,230.01304626464844,g
8.259407043457031,8.665726661682129,2.113133430480957,0.7387405037879944,0.4172191619873047,2.3250603675842285,-8.736750602722168,0.539969801902771,33.5865364074707,129.25311279296875,h
55.985225677490234,23.388282775878906,2.776831865310669,0.43413087725639343,0.23858918249607086,-20.571308135986328,11.694140434265137,0.21665629744529724,12.391797065734863,219.7504119873047,g
16.493572235107422,5.73497200012207,2.1420047283172607,0.6492874622344971,0.40717583894729614,-13.916543960571289,-10.303311347961426,-1.265651822090149,54.303985595703125,183.0078582763672,g
84.70448303222656,34.048805236816406,3.238873243331909,0.19773748517036438,0.13814882934093475,3.851166248321533,33.31727600097656,-0.00853496789932251,4.952791213989258,258.7208557128906,g
106.86432647705078,48.826507568359375,3.3722803592681885,0.15056730806827545,0.07694518566131592,-67.17555236816406,6.973605632781982,0.24192285537719727,29.299068450927734,246.37510681152344,h
38.07062530517578,13.984098434448242,2.667522430419922,0.39584532380104065,0.22897344827651978,7.622063159942627,12.524288177490234,0.09948569536209106,19.604557037353516,159.25454711914062,g
68.51785278320312,27.09609603881836,3.1007704734802246,0.2347787469625473,0.12856724858283997,-1.068528175354004,24.19240951538086,-0.21349534392356873,6.513280868530273,225.84921264648438,g
56.900386810302734,21.868022918701172,3.028498649597168,0.24169360101222992,0.11343501508235931,14.600191116333008,26.118621826171875,0.5586233139038086,14.428495407104492,191.49119567871094,g
61.961387634277344,28.29210090637207,3.1571996212005615,0.2461676299571991,0.16014446318149567,-14.776493072509766,39.791805267333984,-1.9162646532058716,26.46886444091797,221.87371826171875,g
74.63186645507812,35.52554702758789,3.393117904663086,0.1492411196231842,0.07865239679813385,-13.469831466674805,36.997657775878906,-0.4591085612773895,1.7569904327392578,242.2961883544922,g
34.54694366455078,9.347999572753906,2.7301700115203857,0.3453712463378906,0.1878529042005539,22.893903732299805,9.64765739440918,1.1232002973556519,28.843894958496094,162.22242736816406,g
29.4260196685791,14.706697463989258,2.625525712966919,0.4244667589664459,0.23729082942008972,14.632171630859375,11.642091751098633,0.38453948497772217,28.170381546020508,178.5595245361328,g
30.23345375061035,12.270292282104492,2.449411630630493,0.5162694454193115,0.3123890161514282,-4.063212871551514,6.48136043548584,-0.269929438829422,22.89631462097168,191.7130584716797,g
49.28904724121094,23.83171272277832,2.8364827632904053,0.31515705585479736,0.15959051251411438,2.009294033050537,16.753446578979492,0.29567739367485046,17.768573760986328,171.4554901123047,g
25.353681564331055,8.061284065246582,2.3824777603149414,0.5684114694595337,0.3380816578865051,-2.7391204833984375,2.1005325317382812,0.20475558936595917,25.621028900146484,177.67523193359375,g
14.825695037841797,8.982596397399902,2.306574821472168,0.5598829984664917,0.33562979102134705,-3.1427974700927734,2.397854804992676,-0.43540313839912415,28.152334213256836,162.08602905273438,g
30.166160583496094,10.201973915100098,2.5752217769622803,0.47501838207244873,0.2739638388156891,10.85467529296875,13.95199203491211,0.2783980369567871,23.388450622558594,187.0214080810547,g
61.51511764526367,27.774551391601562,3.0096867084503174,0.31975480914115906,0.1619250625371933,-30.868309020996094,0.11107540130615234,-0.12379521131515503,11.55981159210205,222.40269470214844,g
106.56185913085938,36.176856994628906,3.322143316268921,0.22050271928310394,0.13027967512607574,-29.980915069580078,-24.88379669189453,0.4780796766281128,34.62630844116211,270.133056640625,h
94.76216888427734,42.214012145996094,3.3795745372772217,0.12965863943099976,0.08985763043165207,-15.566394805908203,27.72894287109375,-0.5633413791656494,-0.23316192626953125,278.98516845703125,g
105.41909790039062,37.80789566040039,3.396026611328125,0.2327355295419693,0.11888875812292099,-36.90740203857422,-17.797298431396484,1.2228809595108032,36.348426818847656,245.96763610839844,h
80.46037292480469,35.86042022705078,3.2632219791412354,0.24034999310970306,0.13076838850975037,-5.285982131958008,38.24578094482422,-0.07710593938827515,1.5488147735595703,258.09130859375,g
49.2615966796875,19.39196014404297,2.6785993576049805,0.3778155744075775,0.22169457376003265,-9.453472137451172,7.045932292938232,-0.6689846515655518,41.996768951416016,166.10507202148438,g
21.323368072509766,2.6729183197021484,2.4922025203704834,0.5652462244033813,0.31557929515838623,-0.7237167358398438,5.488687038421631,0.3882870078086853,22.58356285095215,157.43592834472656,g
43.53765106201172,16.650367736816406,2.9074785709381104,0.32605212926864624,0.16798196732997894,9.546854019165039,29.848907470703125,0.2936524450778961,15.155311584472656,189.23532104492188,g
51.18124008178711,19.99427032470703,2.880678415298462,0.2836046814918518,0.15091432631015778,-2.4405806064605713,15.460646629333496,0.2800115644931793,16.403640747070312,185.45298767089844,g
38.133338928222656,13.031411170959473,2.8601386547088623,0.3334868252277374,0.1701825112104416,12.23635482788086,23.11825180053711,0.521465003490448,19.31637191772461,165.4009552001953,g
69.63253021240234,44.55461120605469,3.5088260173797607,0.14560885727405548,0.08598779141902924,-26.637863159179688,44.40093231201172,-0.3725621998310089,9.458314895629883,255.3291473388672,h
84.61050415039062,43.582820892333984,3.2478652000427246,0.16254740953445435,0.08274932205677032,-28.846431732177734,5.935896873474121,-0.709109902381897,4.027505874633789,233.45948791503906,h
55.43789291381836,27.769271850585938,3.165687084197998,0.192191019654274,0.09980850666761398,4.7522807121276855,49.31095504760742,-0.7627805471420288,6.066661834716797,219.21658325195312,g
64.20845031738281,31.952075958251953,3.1856892108917236,0.17192141711711884,0.08107635378837585,-7.541842460632324,43.313255310058594,0.06432226300239563,8.442224502563477,206.8740234375,g
42.202396392822266,14.3370361328125,2.556820869445801,0.4652039408683777,0.30578097701072693,3.5812582969665527,21.963375091552734,-1.3852393627166748,40.08598327636719,207.41766357421875,g
81.04991149902344,28.359325408935547,3.0658037662506104,0.3106781840324402,0.17999766767024994,-14.48704719543457,14.675586700439453,-0.6713504791259766,27.444074630737305,232.36663818359375,g
16.104583740234375,7.140713691711426,2.2650365829467773,0.6131963729858398,0.37047964334487915,-4.469001770019531,0.6192560195922852,-0.1322048008441925,29.21282196044922,182.6338348388672,g
-1.4286766052246094,3.9581146240234375,2.1093311309814453,0.6991485953330994,0.4267391264438629,-2.7261667251586914,9.174764633178711,-1.1609437465667725,27.298063278198242,172.5830535888672,g
76.80038452148438,40.01036071777344,3.358729839324951,0.1156817078590393,0.08168002963066101,9.956380844116211,57.99837875366211,-0.5727773904800415,3.4023780822753906,258.9762268066406,g
29.578632354736328,10.457535743713379,2.3740315437316895,0.5211874842643738,0.32408180832862854,18.91651153564453,6.649928092956543,-0.5566742420196533,53.71188735961914,185.02410888671875,g
53.030941009521484,21.602216720581055,3.0938398838043213,0.3267822861671448,0.15003043413162231,-3.6556856632232666,32.95283126831055,0.4450109601020813,8.212635040283203,198.44337463378906,g
160.94729614257812,101.54606628417969,3.4581785202026367,0.06436395645141602,0.061542361974716187,-190.54067993164062,-60.30393600463867,-0.6825226545333862,37.69894027709961,375.9380798339844,h
59.45191192626953,27.350624084472656,3.142662286758423,0.19646713137626648,0.09727229923009872,8.565803527832031,45.74354553222656,-0.10963085293769836,8.84388542175293,215.18463134765625,g
82.34822082519531,34.93233871459961,3.1485304832458496,0.20766687393188477,0.10347229987382889,-34.363128662109375,10.38205337524414,-0.008749127388000488,34.56782150268555,214.7517852783203,g
110.09788513183594,47.08833312988281,3.1131856441497803,0.4801468253135681,0.22718670964241028,-70.46062469482422,-31.84809112548828,3.065060615539551,44.68050765991211,262.9004211425781,h
46.736572265625,20.796859741210938,2.9153785705566406,0.25667890906333923,0.13626815378665924,6.379915714263916,29.03237533569336,0.12478503584861755,17.988800048828125,190.99302673339844,g
53.33667755126953,28.82872772216797,3.1372976303100586,0.23617875576019287,0.13380709290504456,0.3360176086425781,42.28599548339844,-0.7159088850021362,9.079719543457031,224.68572998046875,g
14.510871887207031,8.484783172607422,2.3496522903442383,0.6228740215301514,0.3417404294013977,0.030651092529296875,3.904378890991211,-0.06703802943229675,24.39177131652832,148.69850158691406,h
69.32475280761719,37.17381286621094,3.398756980895996,0.1207171082496643,0.07036297023296356,-4.700832843780518,56.48765563964844,-0.9575372934341431,1.2976646423339844,245.43060302734375,g
79.1218490600586,39.800682067871094,3.3918440341949463,0.10535204410552979,0.07219278812408447,13.250272750854492,55.67880630493164,-0.1125732958316803,5.436025619506836,254.1111602783203,g
15.070423126220703,6.726840019226074,2.3585503101348877,0.5557631254196167,0.3134748339653015,11.51658821105957,-3.2656736373901367,0.37883782386779785,31.398160934448242,145.86056518554688,g
80.24443054199219,30.59783935546875,3.1590499877929688,0.2052733302116394,0.10800472646951675,-7.855202674865723,-18.883785247802734,-0.05130350589752197,11.358757019042969,260.55169677734375,g
32.402809143066406,14.694662094116211,2.796882390975952,0.33572033047676086,0.18957531452178955,8.694450378417969,28.653827667236328,-0.27265867590904236,18.540267944335938,179.1422576904297,g
21.361623764038086,6.059812545776367,2.3414201736450195,0.5406643152236938,0.3345855176448822,2.2213263511657715,-3.605703353881836,-0.007959365844726562,28.523849487304688,158.51596069335938,g
14.291484832763672,3.939746856689453,2.0499472618103027,0.7266460657119751,0.45776885747909546,1.1812834739685059,-11.978514671325684,-0.43779680132865906,60.55775833129883,179.5732421875,g
114.14321899414062,40.61629867553711,3.3847098350524902,0.12122491002082825,0.08104664087295532,-9.623271942138672,-27.372142791748047,0.9584646224975586,38.31873321533203,248.4238739013672,h
100.22119140625,42.64818572998047,3.3693490028381348,0.1628832221031189,0.08780074119567871,-7.5180816650390625,2.0498428344726562,0.8907250165939331,36.17729187011719,205.67181396484375,h
106.45560455322266,51.42913055419922,3.7296371459960938,0.12535691261291504,0.07493412494659424,-34.85537338256836,15.543980598449707,1.2200361490249634,35.851158142089844,244.53659057617188,h
18.17132568359375,17.389495849609375,2.4035584926605225,0.46642154455184937,0.2811601161956787,24.050140380859375,11.57611083984375,-0.39187589287757874,31.226089477539062,147.44863891601562,h
31.62612533569336,9.095791816711426,2.683319330215454,0.42381665110588074,0.23204293847084045,4.056681156158447,16.591657638549805,0.24128642678260803,20.175495147705078,175.6892547607422,g
53.96818923950195,29.44906997680664,2.7526907920837402,0.32745787501335144,0.16589154303073883,-12.593351364135742,2.578113555908203,-0.7241618633270264,42.519691467285156,154.30294799804688,h
43.9056282043457,14.155976295471191,2.5947768688201904,0.4300278425216675,0.26055532693862915,19.926836013793945,9.099162101745605,0.23080550134181976,52.52558898925781,192.86318969726562,g
48.85423278808594,24.995790481567383,3.174227237701416,0.2610483467578888,0.1303723305463791,-10.379827499389648,32.99009323120117,-0.034760504961013794,11.636638641357422,202.3227996826172,g
78.88365936279297,32.84100341796875,3.2444188594818115,0.20386755466461182,0.12796273827552795,-2.0430009365081787,34.30034637451172,-0.2510601580142975,3.531238555908203,251.92160034179688,g
45.00644302368164,37.55732727050781,2.6613235473632812,0.42379963397979736,0.19697098433971405,-49.07670593261719,0.4738349914550781,-1.3879611492156982,42.39122009277344,182.4130096435547,h
18.044288635253906,10.34278678894043,2.3939881324768066,0.6371840834617615,0.3190933167934418,12.748197555541992,4.563046932220459,0.9011240005493164,28.528038024902344,161.2835693359375,g
28.04252815246582,9.459025382995605,2.605956554412842,0.4331135153770447,0.24694252014160156,8.982769012451172,11.831087112426758,0.12008894979953766,23.15612030029297,168.40660095214844,g
55.282684326171875,26.161251068115234,2.9679839611053467,0.22928035259246826,0.13541534543037415,9.698265075683594,33.3952751159668,-1.384729027748108,37.23832702636719,215.9033660888672,g
5.559299468994141,6.87647819519043,2.068966865539551,0.7743741869926453,0.4321959912776947,4.056204319000244,-11.70227336883545,0.7630603313446045,36.260475158691406,132.94569396972656,h
17.16144561767578,9.490954399108887,2.4151132106781006,0.50259929895401,0.2959767282009125,11.786840438842773,4.540817737579346,-0.08358108997344971,28.480995178222656,141.51087951660156,g
40.285064697265625,9.314740180969238,2.5958495140075684,0.4946092367172241,0.2729707360267639,8.166698455810547,2.70367431640625,0.36262041330337524,48.923648834228516,175.24713134765625,g
63.531829833984375,29.530311584472656,3.1627542972564697,0.1908612698316574,0.1132802963256836,15.274072647094727,37.36031723022461,-0.0932195782661438,11.48716926574707,232.98388671875,g
30.844024658203125,11.375409126281738,2.5760629177093506,0.41300880908966064,0.23955266177654266,16.430051803588867,9.367137908935547,0.5789762735366821,29.062788009643555,170.3896942138672,g
146.24813842773438,51.71723175048828,3.591327428817749,0.15398342907428741,0.10962258279323578,-57.558597564697266,-11.41797924041748,2.7739782333374023,33.82326126098633,251.1138916015625,h
62.9670295715332,24.85573387145996,3.138704776763916,0.24862468242645264,0.12460596114397049,5.583943843841553,36.32459259033203,0.504868745803833,8.993043899536133,211.22007751464844,g
47.26923370361328,16.452791213989258,2.7326321601867676,0.459780752658844,0.21059435606002808,6.377872943878174,7.163314342498779,0.27179235219955444,39.98263168334961,150.08926391601562,h
41.25658416748047,16.085538864135742,2.9114062786102295,0.3251032531261444,0.1591283679008484,-8.388086318969727,19.36603355407715,0.8267083764076233,19.181671142578125,156.68798828125,g
21.786592483520508,9.451238632202148,2.3697996139526367,0.5361894369125366,0.35215771198272705,11.82472038269043,10.678079605102539,-0.32146915793418884,28.760337829589844,190.3989715576172,g
69.92035675048828,31.039508819580078,3.234473466873169,0.1603803038597107,0.09309826791286469,15.736358642578125,43.29319381713867,0.13422705233097076,9.747356414794922,227.16941833496094,g
22.246288299560547,7.149348258972168,2.421980619430542,0.5087477564811707,0.3073781728744507,2.4172801971435547,1.9012384414672852,-0.039232075214385986,25.58513641357422,144.0120391845703,g
41.31197738647461,17.44460678100586,2.8052985668182373,0.3261692523956299,0.17415282130241394,19.344499588012695,15.870874404907227,0.6920664310455322,23.74181365966797,161.402587890625,g
39.7421875,37.43002700805664,2.7446882724761963,0.3532496690750122,0.2312096506357193,-48.21828079223633,24.492918014526367,-1.68663489818573,48.27081298828125,198.16064453125,h
44.33599853515625,19.7304630279541,2.9333081245422363,0.2607109248638153,0.14397017657756805,13.310356140136719,37.22245788574219,-0.11116930842399597,15.631288528442383,190.51470947265625,g
34.56598663330078,13.381842613220215,2.714491128921509,0.505126953125,0.24657489359378815,7.157653331756592,14.627204895019531,0.9851193428039551,20.3685302734375,174.75753784179688,g
31.333818435668945,14.667072296142578,2.429152011871338,0.6427563428878784,0.3529510498046875,-1.406400442123413,8.847548484802246,-0.19312253594398499,47.064666748046875,187.09275817871094,g
26.979175567626953,11.036840438842773,2.4490151405334473,0.5584568977355957,0.3148652911186218,-5.670739650726318,7.553851127624512,0.1670840084552765,22.466047286987305,172.17628479003906,g
31.86629867553711,17.200326919555664,2.49755859375,0.4747679531574249,0.2850116193294525,5.8591742515563965,10.437819480895996,-0.11611336469650269,22.3289794921875,145.8600311279297,h
41.31278991699219,14.463847160339355,2.893929958343506,0.30594927072525024,0.1564897894859314,8.604547500610352,24.545406341552734,0.20777855813503265,15.75615119934082,166.7576904296875,g
49.479148864746094,25.634565353393555,2.8682048320770264,0.3295723497867584,0.17783254384994507,4.4070000648498535,38.83106994628906,-0.05883902311325073,13.665705680847168,211.67005920410156,g
44.054473876953125,17.389421463012695,2.84578013420105,0.3286071717739105,0.17829479277133942,15.830854415893555,10.773514747619629,0.6265268921852112,23.290760040283203,178.81890869140625,g
67.7113037109375,33.69402313232422,3.050279378890991,0.19040066003799438,0.09371974319219589,6.675976276397705,19.95842742919922,0.9253493547439575,18.339994430541992,169.5813446044922,h
45.1736946105957,24.418212890625,3.0613720417022705,0.3062286972999573,0.17351573705673218,-23.061079025268555,33.87535095214844,-0.8872796297073364,8.214677810668945,204.22708129882812,g
77.07279968261719,30.397361755371094,2.768876552581787,0.6369569301605225,0.31382474303245544,-37.196903228759766,-1.976151466369629,1.6541296243667603,38.270179748535156,215.64419555664062,h
45.55845642089844,21.209243774414062,2.8476011753082275,0.3019654154777527,0.15983693301677704,-7.959405422210693,18.787368774414062,0.11891674995422363,18.471603393554688,189.0179443359375,g
60.806427001953125,32.236968994140625,2.8207666873931885,0.45844003558158875,0.2102026343345642,-50.84431457519531,-2.2710609436035156,-0.36490538716316223,38.27516174316406,234.12985229492188,h
14.229774475097656,6.549679756164551,2.1101579666137695,0.6506385207176208,0.43284618854522705,8.706502914428711,-4.310410499572754,-0.4086698591709137,33.56119155883789,177.0237579345703,g
23.80982780456543,11.026634216308594,2.63138747215271,0.4584827721118927,0.2547704875469208,2.5033202171325684,20.771589279174805,-0.24790999293327332,20.036550521850586,173.79837036132812,g
44.492530822753906,20.696290969848633,3.0155117511749268,0.2295491248369217,0.11610954999923706,10.181493759155273,37.14643096923828,0.09491196274757385,16.696300506591797,187.14625549316406,g
75.08158874511719,17.604503631591797,3.0537922382354736,0.26709452271461487,0.11313299834728241,11.589744567871094,-0.18178653717041016,2.1961965560913086,48.71643829345703,186.56057739257812,g
47.60621643066406,22.901994705200195,2.6434085369110107,0.43718308210372925,0.2192084640264511,-0.7453536987304688,2.7496285438537598,-0.1999114453792572,44.70006561279297,157.01895141601562,h
47.441349029541016,16.831327438354492,2.968984603881836,0.2764008045196533,0.13170920312404633,18.04876136779785,24.78185272216797,0.8980146646499634,19.424964904785156,186.60897827148438,g
84.04793548583984,38.39128494262695,3.445441722869873,0.12829530239105225,0.07826235890388489,-1.1245102882385254,43.855892181396484,0.6604714393615723,5.889827728271484,243.2652587890625,g
4.828487396240234,6.336458206176758,1.9671331644058228,0.767040491104126,0.4979470372200012,-4.027242660522461,0.15474891662597656,-0.7993180751800537,32.68593215942383,190.8125,g
54.69408416748047,21.659225463867188,2.8426218032836914,0.3486022651195526,0.21299223601818085,-20.232757568359375,15.76960563659668,-0.18675336241722107,12.119335174560547,206.38453674316406,g
56.13779067993164,31.982044219970703,2.8468282222747803,0.4470634460449219,0.2648351788520813,-53.162288665771484,-4.140074729919434,-1.554311990737915,7.5691375732421875,265.51629638671875,h
60.099151611328125,22.482444763183594,3.088214874267578,0.23545388877391815,0.1055886372923851,-8.749054908752441,23.876304626464844,0.4327779710292816,9.06199836730957,181.93800354003906,g
79.49712371826172,38.764190673828125,3.1790754795074463,0.33431127667427063,0.17863844335079193,-57.534175872802734,-12.738545417785645,-0.4250244200229645,6.062305450439453,275.29583740234375,h
77.68634796142578,27.34556007385254,3.143625497817993,0.3084682822227478,0.16043005883693695,-1.9126627445220947,19.14737319946289,1.1845874786376953,8.414798736572266,230.6536102294922,g
69.38432312011719,29.61530876159668,3.251802682876587,0.1425412893295288,0.07142160832881927,9.214851379394531,38.15386962890625,0.03219005465507507,8.54134750366211,226.62184143066406,g
23.532649993896484,12.791217803955078,2.3911876678466797,0.5498356819152832,0.32183322310447693,12.897573471069336,7.541238307952881,0.09569910168647766,27.012134552001953,164.4600372314453,g
36.4980354309082,13.754383087158203,2.8507914543151855,0.31409528851509094,0.17035311460494995,8.854230880737305,27.832088470458984,-0.23251530528068542,16.187725067138672,182.5882568359375,g
195.8115997314453,72.45026397705078,3.9248032569885254,0.07139641046524048,0.06315095722675323,-82.31234741210938,-51.31018829345703,6.327495098114014,47.0947380065918,286.375244140625,h
70.97465515136719,38.214996337890625,2.9845199584960938,0.33204367756843567,0.18985684216022491,-53.95818328857422,17.90870475769043,-0.7999736070632935,3.6302757263183594,248.05789184570312,h
23.25984001159668,7.374597549438477,2.5057387351989746,0.5442400574684143,0.2995127737522125,5.590148448944092,10.021021842956543,0.3377998471260071,23.264400482177734,170.73643493652344,g
-8.059619903564453,8.021893501281738,1.897804856300354,0.7383164763450623,0.4640065133571625,3.1819205284118652,-1.4013147354125977,-1.3250644207000732,35.46357345581055,159.3726806640625,h
27.626943588256836,12.189644813537598,2.5163815021514893,0.49749189615249634,0.3006061613559723,-2.205310583114624,14.066959381103516,-0.12918546795845032,22.25127601623535,163.87103271484375,g
50.80519104003906,19.603322982788086,2.9498696327209473,0.2968728244304657,0.16000552475452423,4.8144659996032715,26.442129135131836,0.458343505859375,15.906752586364746,192.61903381347656,g
31.629789352416992,11.742873191833496,2.6430652141571045,0.4379047155380249,0.25408440828323364,7.120047092437744,19.704919815063477,-0.1511535942554474,19.075862884521484,177.9980010986328,g
76.14236450195312,34.3717041015625,3.1655917167663574,0.2754400968551636,0.14341837167739868,-8.358110427856445,34.09159851074219,-0.21217575669288635,2.271390914916992,259.21063232421875,g
23.11963653564453,10.94666576385498,2.6216206550598145,0.40148499608039856,0.22637471556663513,14.224918365478516,17.288249969482422,0.035168200731277466,25.69112777709961,161.64144897460938,g
61.11558151245117,23.610151290893555,3.0860540866851807,0.2593929171562195,0.12246913462877274,-12.387523651123047,30.37497329711914,0.42529433965682983,8.606832504272461,196.98379516601562,g
109.55229187011719,46.14989471435547,3.1039717197418213,0.29096686840057373,0.18845884501934052,-75.40560150146484,-16.605152130126953,0.03823059797286987,31.776063919067383,252.84567260742188,h
134.2019805908203,34.184024810791016,3.4437713623046875,0.1872165948152542,0.09732387214899063,-40.81206130981445,-42.25871658325195,4.585691928863525,51.04553985595703,227.34031677246094,g
61.515106201171875,26.868907928466797,3.123840093612671,0.21946342289447784,0.12993192672729492,8.4588623046875,43.87404251098633,-0.22506901621818542,8.121877670288086,220.114501953125,g
34.247344970703125,8.78288745880127,2.5757787227630615,0.46323204040527344,0.2782650589942932,-2.516101837158203,5.766762733459473,0.09061089158058167,21.030942916870117,179.2025909423828,g
43.92198944091797,27.448284149169922,2.862537145614624,0.2774472236633301,0.14364436268806458,11.338838577270508,25.117053985595703,-1.0403704643249512,42.9749870300293,160.78372192382812,h
29.538488388061523,10.301651000976562,2.336820125579834,0.6733160018920898,0.35231298208236694,5.007049083709717,-11.098675727844238,0.7581453323364258,53.393516540527344,135.39288330078125,h
112.47537994384766,43.85029602050781,3.688546895980835,0.12799257040023804,0.06058363616466522,-4.086124420166016,2.633425712585449,1.2279926538467407,31.812572479248047,224.66555786132812,h
98.54438781738281,28.2788143157959,3.0769126415252686,0.401680588722229,0.20812225341796875,-20.841148376464844,-19.64086151123047,2.7622225284576416,42.521732330322266,187.29270935058594,h
33.68564224243164,15.563106536865234,2.741650104522705,0.39571213722229004,0.22525329887866974,12.513360977172852,27.736526489257812,-0.0773760974407196,20.236787796020508,195.17840576171875,g
77.83348846435547,39.19940948486328,3.451491355895996,0.1178620457649231,0.06772482395172119,-2.58481502532959,48.47239685058594,-0.2508592903614044,3.087491989135742,250.91537475585938,g
43.17321014404297,18.454540252685547,2.6783506870269775,0.4255881905555725,0.2217940390110016,8.14202880859375,22.806655883789062,-0.4766979515552521,42.63534927368164,194.8248291015625,g
56.336368560791016,28.15243911743164,2.961412191390991,0.3383646011352539,0.17166990041732788,-2.0219602584838867,23.07625961303711,-0.27365562319755554,38.35502243041992,178.19937133789062,h
82.15843200683594,33.99628448486328,3.1862289905548096,0.17910148203372955,0.11195185035467148,0.6469550132751465,24.6466064453125,-0.22842994332313538,4.443286895751953,255.29220581054688,g
42.252506256103516,14.140161514282227,2.8413517475128174,0.3419249653816223,0.17198438942432404,4.8183674812316895,17.115575790405273,1.061793565750122,21.961406707763672,174.58470153808594,g
90.4420166015625,32.88812255859375,3.0834155082702637,0.2901294231414795,0.15428891777992249,-8.061162948608398,-17.479896545410156,3.5915284156799316,60.747135162353516,206.06092834472656,g
49.67278289794922,21.017927169799805,2.9600296020507812,0.29140883684158325,0.15346759557724,10.46095085144043,34.32816696166992,0.2644968032836914,13.855365753173828,194.29171752929688,g
88.61840057373047,29.45925521850586,3.1973865032196045,0.17576740682125092,0.08375652134418488,-6.920006275177002,10.291487693786621,1.2392243146896362,40.676387786865234,205.13528442382812,g
29.530258178710938,11.216085433959961,2.5663414001464844,0.42236146330833435,0.24147354066371918,10.417970657348633,9.439297676086426,0.5230235457420349,29.03481674194336,178.78707885742188,g
63.56306076049805,35.438941955566406,3.352510929107666,0.1425701528787613,0.07608315348625183,-2.4477391242980957,52.37501907348633,-0.6316657066345215,4.201835632324219,224.86134338378906,g
15.560340881347656,12.689326286315918,2.2292332649230957,0.6901019811630249,0.39268556237220764,6.6613640785217285,1.0853004455566406,0.08955159783363342,27.667556762695312,142.8687744140625,h
75.87287902832031,36.33041763305664,3.3165767192840576,0.11825007200241089,0.07735340297222137,16.37110137939453,54.292720794677734,-0.14112401008605957,6.840145111083984,248.36158752441406,g
12.952213287353516,6.73381233215332,2.2872602939605713,0.5592156648635864,0.3546724319458008,-3.7845873832702637,4.228376865386963,-0.5991876125335693,29.04355812072754,168.51321411132812,g
13.587127685546875,11.238903999328613,2.153573513031006,0.6249892711639404,0.39832043647766113,-8.319539070129395,-6.444846153259277,-1.0456490516662598,25.626554489135742,128.53298950195312,h
24.296483993530273,11.1261625289917,2.509058713912964,0.5377504229545593,0.2888987958431244,6.627248287200928,9.797722816467285,0.2359498292207718,22.029094696044922,151.48374938964844,g
19.81325912475586,8.073537826538086,2.3134829998016357,0.6075197458267212,0.34571701288223267,6.387996196746826,1.4848213195800781,0.42696815729141235,30.09874725341797,184.19215393066406,g
97.3686294555664,50.37352752685547,3.6165261268615723,0.16912098228931427,0.08556848764419556,-48.88762283325195,21.806800842285156,0.5189807415008545,31.530725479125977,203.75498962402344,h
40.33039093017578,12.185752868652344,2.8851542472839355,0.3480874300003052,0.17444461584091187,8.657840728759766,16.704456329345703,1.0951969623565674,21.283504486083984,168.56301879882812,g
44.93809127807617,18.27714729309082,2.851039409637451,0.31301718950271606,0.1697729378938675,19.6710205078125,21.71017837524414,0.6040893793106079,21.067913055419922,170.25067138671875,g
57.12422561645508,22.103744506835938,2.9637162685394287,0.2512946128845215,0.13302969932556152,0.25455188751220703,24.40327262878418,0.41918686032295227,15.097949981689453,194.42123413085938,g
69.66004180908203,29.136274337768555,3.073162078857422,0.2538483738899231,0.1620664894580841,-6.953735828399658,25.759658813476562,-0.5988057851791382,5.011684417724609,240.6194305419922,g
16.084091186523438,15.07577133178711,2.2747044563293457,0.5416522026062012,0.3221646845340729,13.335166931152344,-2.165360450744629,0.1628427952528,35.59299087524414,130.27963256835938,h
42.980743408203125,24.933435440063477,3.023467779159546,0.24752944707870483,0.12236770242452621,3.7696566581726074,44.40951919555664,-0.49777957797050476,12.052841186523438,186.1822509765625,g
44.28355026245117,11.756166458129883,2.608274459838867,0.6701943278312683,0.32340314984321594,-3.934049129486084,7.697137832641602,0.896187424659729,40.04657745361328,188.1179656982422,g
81.16322326660156,32.871826171875,3.127420663833618,0.2457958459854126,0.14597028493881226,-17.022266387939453,13.056541442871094,-1.2920109033584595,27.638656616210938,261.05023193359375,g
33.24696350097656,14.193092346191406,2.601374387741089,0.4949868321418762,0.27082163095474243,15.336225509643555,11.299959182739258,0.8690289258956909,26.61614418029785,188.04249572753906,g
134.5958709716797,42.623985290527344,3.6345419883728027,0.1610356718301773,0.07272480428218842,-16.004064559936523,-13.303967475891113,2.971165895462036,36.25643539428711,261.221923828125,h
23.969043731689453,12.045458793640137,2.5363872051239014,0.5458795428276062,0.30814868211746216,-2.428471326828003,24.390018463134766,-0.44709041714668274,16.762798309326172,185.40550231933594,g
64.2558364868164,26.420944213867188,2.9936540126800537,0.245504692196846,0.1284084916114807,7.938974857330322,20.096935272216797,0.8556818962097168,15.350955963134766,182.62725830078125,g
21.713499069213867,5.136556625366211,2.3142685890197754,0.732093095779419,0.4027629792690277,-0.03301429748535156,3.860065460205078,0.7729036808013916,24.060949325561523,195.40817260742188,g
58.22853088378906,20.05960464477539,2.942657709121704,0.3610384464263916,0.16185778379440308,-3.8295373916625977,16.365028381347656,1.3325222730636597,14.104930877685547,190.33958435058594,g
14.757919311523438,10.557395935058594,2.338620901107788,0.5197863578796387,0.32486164569854736,1.732731819152832,8.00204849243164,-0.5492101907730103,28.463489532470703,145.360595703125,g
38.58104705810547,10.772233963012695,2.470402479171753,0.6962642669677734,0.33398979902267456,5.146390438079834,-2.835221290588379,1.703033685684204,50.82747268676758,175.5447540283203,g
40.094635009765625,12.15640640258789,2.7946810722351074,0.342647522687912,0.1849737912416458,11.108039855957031,14.819319725036621,0.7170659303665161,21.2930908203125,163.73117065429688,g
62.26530838012695,21.435211181640625,3.0037155151367188,0.35246190428733826,0.18580175936222076,-0.11133384704589844,2.1563148498535156,1.57733952999115,51.75480651855469,201.298095703125,g
42.91807174682617,20.552160263061523,2.8907134532928467,0.28461161255836487,0.15104801952838898,21.467355728149414,23.89208984375,0.5651824474334717,24.012596130371094,195.48817443847656,g
29.962724685668945,12.146369934082031,2.5196690559387207,0.5287057757377625,0.28383517265319824,5.983194828033447,8.31640911102295,0.7491629123687744,24.673458099365234,165.2063446044922,g
33.334556579589844,9.208303451538086,2.3305068016052246,0.5947676301002502,0.34594130516052246,7.723160266876221,-8.835762977600098,0.4110719859600067,56.84482955932617,186.9467010498047,g
34.452903747558594,8.274907112121582,2.5846900939941406,0.5138834714889526,0.2817787528038025,-2.287752389907837,6.65681266784668,0.7184151411056519,21.481853485107422,178.04751586914062,g
54.032901763916016,26.287614822387695,3.173778533935547,0.20223000645637512,0.0990404337644577,4.741959095001221,49.55681228637695,-0.39863279461860657,7.265880584716797,206.00244140625,g
37.5676383972168,11.805803298950195,2.451171875,0.5028397440910339,0.31543463468551636,12.040580749511719,-3.4050893783569336,-0.2694171369075775,50.13783645629883,145.11788940429688,h
142.05548095703125,45.55929946899414,3.8846025466918945,0.14998209476470947,0.0742989331483841,-11.920766830444336,-35.441001892089844,6.554288864135742,58.53740692138672,225.71058654785156,h
30.54931640625,13.730819702148438,2.372844696044922,0.659401535987854,0.3443536162376404,9.981884002685547,-5.018520355224609,0.6144368648529053,53.20500183105469,146.64840698242188,h
78.11519622802734,31.70238494873047,3.1261661052703857,0.236082062125206,0.13791289925575256,-16.77939224243164,16.848262786865234,-1.0889261960983276,28.10589599609375,219.1968994140625,h
54.83945083618164,18.472389221191406,2.7828757762908936,0.36690375208854675,0.20403264462947845,-2.0547232627868652,-3.3091373443603516,0.5736738443374634,46.168209075927734,134.44325256347656,h
40.49119186401367,11.917618751525879,2.693321466445923,0.38446924090385437,0.22077415883541107,15.544893264770508,4.519073963165283,0.718023419380188,23.945127487182617,159.79779052734375,g
66.66146850585938,33.42523193359375,3.266228437423706,0.1782657355070114,0.11306394636631012,0.1788930892944336,48.19058609008789,-1.014404535293579,2.8110923767089844,247.1033935546875,g
26.441186904907227,7.068552017211914,2.45292329788208,0.5093167424201965,0.2913097143173218,7.474881649017334,-0.22367000579833984,0.661218523979187,29.72739601135254,175.12550354003906,g
82.0504150390625,38.65538024902344,3.0185632705688477,0.4510316252708435,0.2511192858219147,-58.247642517089844,-13.255209922790527,-1.097994089126587,28.503385543823242,267.5211181640625,h
24.63887596130371,11.550329208374023,2.583559274673462,0.4005511999130249,0.24280349910259247,16.58205795288086,21.344877243041992,-0.13939180970191956,26.35939598083496,181.1636962890625,g
43.71263885498047,16.198976516723633,2.809627056121826,0.3305780291557312,0.18502570688724518,-3.286569595336914,21.338062286376953,-0.05908539891242981,15.61050796508789,183.83349609375,g
85.38333129882812,37.485347747802734,3.151801347732544,0.18690787255764008,0.08595666289329529,-26.47926139831543,12.872185707092285,0.44311508536338806,37.23994445800781,206.2073974609375,h
30.330551147460938,17.874313354492188,2.5523269176483154,0.5182493329048157,0.24664437770843506,22.327157974243164,1.9808855056762695,1.4841630458831787,31.412097930908203,141.7986602783203,h
42.08238220214844,14.316438674926758,2.795919418334961,0.3624229431152344,0.1948280930519104,19.482210159301758,17.15487289428711,0.8325726985931396,23.604480743408203,192.07846069335938,g
111.52705383300781,43.57810974121094,3.412903308868408,0.1572873294353485,0.1287807822227478,-8.884660720825195,24.04779815673828,-0.027767211198806763,26.587539672851562,253.4696502685547,h
101.58782196044922,26.268552780151367,3.3044064044952393,0.255779892206192,0.1450030505657196,-6.466968536376953,-10.816582679748535,2.4574759006500244,39.92378234863281,207.7100372314453,g
56.63396072387695,26.070863723754883,3.2141706943511963,0.19438832998275757,0.09631463885307312,-0.30072689056396484,46.08373260498047,-0.2237347662448883,6.244556427001953,204.1038818359375,g
56.766448974609375,24.666519165039062,3.0248537063598633,0.21718615293502808,0.10473184287548065,-3.8192827701568604,23.30030059814453,0.22575247287750244,14.987541198730469,198.09133911132812,g
100.93628692626953,42.33003234863281,3.212075710296631,0.29193466901779175,0.17394834756851196,-57.52091979980469,6.977241516113281,1.4222551584243774,36.77920150756836,224.49884033203125,h
10.797416687011719,7.170337677001953,2.1671559810638428,0.6032141447067261,0.3883397579193115,8.852499008178711,-2.9196863174438477,-0.1516859233379364,35.48823547363281,149.33328247070312,g
54.72733688354492,21.66330909729004,3.0704965591430664,0.2229589819908142,0.10941728949546814,10.695676803588867,30.940967559814453,0.06961807608604431,12.314604759216309,205.12965393066406,g
42.78902816772461,22.142019271850586,2.730952739715576,0.4851415157318115,0.2197432518005371,-11.651880264282227,9.983053207397461,0.205293670296669,43.04771041870117,150.7124786376953,h
51.12733459472656,20.244647979736328,2.6436431407928467,0.3206396698951721,0.20356032252311707,10.1051025390625,-8.71359920501709,0.34012970328330994,57.957733154296875,164.27658081054688,g
88.37882232666016,21.028976440429688,3.1473886966705322,0.3440610468387604,0.19891352951526642,-17.637174606323242,7.121172904968262,1.220622181892395,31.437583923339844,214.28965759277344,g
47.6981086730957,20.733184814453125,2.8256988525390625,0.37311404943466187,0.21868303418159485,-14.689664840698242,12.98382568359375,-0.8156458139419556,10.588891983032227,212.887939453125,g
39.349334716796875,12.419336318969727,2.67716908454895,0.3866787850856781,0.23420481383800507,8.8824462890625,16.10614585876465,0.3323562443256378,21.549989700317383,183.2576446533203,g
46.7318000793457,30.788509368896484,2.7153985500335693,0.32157963514328003,0.18586818873882294,-3.1140947341918945,19.873531341552734,-1.5425034761428833,41.647361755371094,170.3043975830078,h
77.75602722167969,34.42499923706055,2.931549549102783,0.2665276527404785,0.156026691198349,-12.867990493774414,-5.757946968078613,0.8258388042449951,48.036705017089844,166.82296752929688,h
142.6438751220703,51.02891540527344,3.6775364875793457,0.08719345927238464,0.06611351668834686,-34.82280731201172,4.034835338592529,2.5780489444732666,32.592559814453125,253.48138427734375,h
91.12129211425781,32.63212585449219,3.3635048866271973,0.1880902647972107,0.07273788750171661,-5.959539413452148,0.36029720306396484,2.1758930683135986,41.92161178588867,174.07595825195312,h
69.5650634765625,26.319625854492188,3.066042423248291,0.27372822165489197,0.13830676674842834,12.298410415649414,29.593074798583984,0.12749183177947998,35.59454345703125,209.00038146972656,g
119.17959594726562,55.58799743652344,3.308910369873047,0.11305379867553711,0.05536164343357086,-49.23613739013672,-26.1480712890625,1.4664522409439087,45.22296905517578,238.946044921875,h
33.858367919921875,13.681381225585938,2.473456859588623,0.4732418954372406,0.28696516156196594,10.477285385131836,2.2701311111450195,-0.5024311542510986,50.42788314819336,140.3502960205078,h
55.850074768066406,14.92802619934082,2.686159610748291,0.4410759210586548,0.24544668197631836,-3.523127555847168,-1.356679916381836,0.5099487900733948,45.57637023925781,183.65469360351562,g
11.574653625488281,2.7465171813964844,2.200082778930664,0.6255457997322083,0.39393576979637146,3.8148818016052246,-5.069500923156738,0.23746341466903687,34.46589279174805,159.24951171875,g
54.23741149902344,24.80035972595215,2.871591567993164,0.4414637088775635,0.20527182519435883,-38.60568618774414,11.976799964904785,0.25767508149147034,9.574838638305664,213.62258911132812,g
180.83560180664062,62.592323303222656,3.869892120361328,0.13110332190990448,0.08366213738918304,-59.56435775756836,-43.352149963378906,5.959135055541992,43.91838073730469,257.138671875,h
64.04570770263672,25.538631439208984,3.0932974815368652,0.23519863188266754,0.12438931316137314,-2.437349557876587,28.068157196044922,-0.7962251901626587,31.07615852355957,186.2218475341797,g
10.113391876220703,4.935710906982422,2.15028715133667,0.6791889667510986,0.4102223515510559,4.1573100090026855,-6.028033256530762,0.3210044801235199,34.64411926269531,151.93959045410156,g
47.31378936767578,23.630176544189453,3.1043245792388916,0.28706952929496765,0.15404105186462402,-10.381486892700195,30.91667938232422,0.09896346926689148,13.4866304397583,192.46435546875,g
32.4976692199707,12.448341369628906,2.3346595764160156,0.636232852935791,0.3598800003528595,0.7735371589660645,-4.75008487701416,-0.42143914103507996,47.71962356567383,165.11392211914062,h
37.562828063964844,22.013675689697266,2.7178823947906494,0.40190601348876953,0.21850717067718506,2.769094944000244,32.25698471069336,-1.6476181745529175,35.56353759765625,159.89056396484375,h
38.57366943359375,8.677392959594727,2.3687713146209717,0.6202516555786133,0.3687450885772705,12.097589492797852,-1.818887710571289,0.302066445350647,52.103816986083984,200.4551239013672,g
121.79962158203125,40.367820739746094,3.340505599975586,0.3149866461753845,0.16754364967346191,-25.547866821289062,-54.0857048034668,2.6736936569213867,45.56920623779297,265.5622253417969,h
40.80653762817383,14.514928817749023,2.839456081390381,0.33732086420059204,0.18461205065250397,13.526403427124023,24.92369842529297,0.18711793422698975,17.6845760345459,183.6660919189453,g
59.488136291503906,30.48394012451172,3.1975958347320557,0.2370757758617401,0.12044655531644821,2.671746253967285,39.32548904418945,-0.10609406232833862,9.034688949584961,227.68304443359375,g
96.83432006835938,43.931671142578125,3.7452378273010254,0.11739107966423035,0.06076139211654663,-20.43012046813965,21.19668197631836,1.7274738550186157,40.06155014038086,240.83221435546875,h
27.041505813598633,15.49666976928711,2.424987554550171,0.5429431200027466,0.2998228669166565,5.378262042999268,-1.8047113418579102,0.7041560411453247,29.25235366821289,127.75940704345703,h
53.816558837890625,29.950624465942383,3.2211663722991943,0.24313481152057648,0.12905195355415344,-19.230030059814453,48.064369201660156,-0.9524979591369629,2.8110218048095703,221.82693481445312,g
75.60822296142578,27.851016998291016,3.1655428409576416,0.26861289143562317,0.12743055820465088,5.558857440948486,12.956174850463867,1.3147834539413452,43.29644012451172,208.79676818847656,g
161.47865295410156,78.05621337890625,3.6942577362060547,0.03657624125480652,0.037786006927490234,-71.27007293701172,-15.173579216003418,2.2894222736358643,34.75918960571289,271.3222961425781,h
141.39508056640625,72.35226440429688,3.566420793533325,0.045568615198135376,0.024906709790229797,-93.82645416259766,-28.505699157714844,1.3689640760421753,39.4112434387207,296.9918212890625,h
73.98793029785156,36.00872802734375,3.2491698265075684,0.18045054376125336,0.10457126796245575,-4.207343578338623,41.65883255004883,-0.4189341366291046,4.928310394287109,249.169677734375,g
6.588916778564453,2.1372013092041016,2.1316614151000977,0.7291463613510132,0.4469214081764221,-2.606477975845337,0.5849409103393555,-0.2901916801929474,29.533245086669922,177.30908203125,g
63.12730407714844,35.25095748901367,3.3034164905548096,0.1308893859386444,0.07212226092815399,6.552984714508057,60.84670639038086,-1.1939488649368286,1.9927749633789062,242.1251983642578,g
87.53746795654297,42.759857177734375,3.472421884536743,0.11043834686279297,0.08177246153354645,-4.468811511993408,58.403160095214844,-0.6943874359130859,-2.6297073364257812,269.70269775390625,g
151.7089080810547,40.191070556640625,3.739774465560913,0.2400158792734146,0.08782406151294708,-57.54658508300781,-57.89126205444336,7.134888172149658,53.957366943359375,224.1085662841797,h
42.97029113769531,18.40789794921875,2.848783016204834,0.3167014420032501,0.15163984894752502,4.945133686065674,21.41500473022461,0.6240643262863159,20.11315155029297,179.64920043945312,g
47.23295593261719,17.54404067993164,2.753861904144287,0.36123111844062805,0.20853498578071594,3.9380593299865723,13.450323104858398,0.2886713147163391,17.223403930664062,166.17218017578125,g
18.616287231445312,10.068367004394531,2.342985153198242,0.6489142775535583,0.34077176451683044,10.551631927490234,2.572031021118164,0.9067033529281616,29.66109275817871,166.49266052246094,g
217.41050720214844,48.20421600341797,4.075446605682373,0.19885888695716858,0.09166374057531357,-25.284168243408203,-143.7384796142578,10.56003475189209,68.86865234375,274.71990966796875,h
41.07936096191406,17.123859405517578,2.7332966327667236,0.3396168053150177,0.1971433460712433,23.652740478515625,13.776432037353516,0.8659487962722778,28.605125427246094,173.0789337158203,g
40.9027099609375,10.46087646484375,2.790412425994873,0.42878320813179016,0.21601524949073792,2.278151512145996,18.49449348449707,0.5492861270904541,13.879157066345215,181.92799377441406,g
30.79643440246582,13.565048217773438,2.617906093597412,0.40995022654533386,0.2522434592247009,16.344675064086914,20.756364822387695,-0.16911426186561584,24.275053024291992,192.51010131835938,g
78.53780364990234,20.463884353637695,3.0039944648742676,0.44840532541275024,0.22754403948783875,-11.143197059631348,5.922914505004883,1.599145531654358,36.761234283447266,205.98875427246094,g
29.80927276611328,20.87322998046875,2.778355836868286,0.29664766788482666,0.15799131989479065,2.354485511779785,32.69523620605469,-0.46579036116600037,21.830360412597656,175.08799743652344,g
67.73847961425781,18.90219497680664,3.0849294662475586,0.2471819669008255,0.1150759756565094,11.814407348632812,5.330415725708008,1.410591721534729,45.46771240234375,171.51841735839844,g
48.831790924072266,21.082172393798828,2.9176225662231445,0.3042658269405365,0.1739574521780014,11.914827346801758,36.41895294189453,-0.3874846398830414,11.060731887817383,209.7250518798828,g
59.68046188354492,27.323226928710938,3.0516581535339355,0.21318931877613068,0.1350681632757187,12.864509582519531,44.98652648925781,-0.5412126779556274,9.145998001098633,223.5757293701172,g
47.4022102355957,28.912330627441406,2.7961244583129883,0.333988755941391,0.17634344100952148,-15.40327262878418,15.065378189086914,0.4503316879272461,23.00817108154297,184.45008850097656,h
23.565006256103516,11.443161964416504,2.1782774925231934,0.7287237644195557,0.4029363989830017,11.527776718139648,-1.4527034759521484,0.004073917865753174,52.95720291137695,165.6110382080078,h
51.092506408691406,11.221978187561035,2.712602376937866,0.45460793375968933,0.2724488377571106,5.7130961418151855,17.49213218688965,-0.2325768768787384,38.29301071166992,194.4525146484375,g
29.712446212768555,10.755850791931152,2.1701955795288086,0.7129824161529541,0.4373570382595062,-1.570295810699463,-11.520188331604004,-0.40845730900764465,50.621681213378906,154.05929565429688,h
57.496253967285156,24.927148818969727,3.1864051818847656,0.23430703580379486,0.11406576633453369,-5.5831756591796875,32.46489334106445,0.03700324892997742,8.674713134765625,203.6693115234375,g
44.39934539794922,20.25659942626953,2.84682559967041,0.3579314649105072,0.18766234815120697,14.277599334716797,31.24151611328125,0.33754825592041016,17.39708137512207,196.73196411132812,g
20.515907287597656,8.5771484375,2.1100988388061523,0.6596999764442444,0.4215503931045532,-13.65080451965332,-17.974567413330078,-1.1379305124282837,53.76106262207031,145.26060485839844,h
28.48373794555664,5.097257614135742,2.568920135498047,0.47229698300361633,0.2707127332687378,12.830917358398438,0.7550163269042969,1.0072386264801025,28.763195037841797,160.97634887695312,g
70.50829315185547,35.50067138671875,2.79329514503479,0.6056979894638062,0.28167855739593506,-66.1836166381836,-1.4144659042358398,0.5537412762641907,33.43110656738281,227.8479461669922,h
64.11128234863281,27.6796932220459,2.9052515029907227,0.23340517282485962,0.1370416283607483,3.5878548622131348,4.125952243804932,0.5470818281173706,49.49711608886719,155.82275390625,h
59.66346740722656,32.99896240234375,3.229426145553589,0.17484386265277863,0.09815368056297302,4.109782695770264,47.85696029663086,-0.979752779006958,5.048179626464844,230.6549072265625,g
45.59720230102539,14.66136360168457,2.778817653656006,0.41664403676986694,0.19915220141410828,4.799973964691162,5.937571048736572,1.7177881002426147,24.126741409301758,160.7339324951172,g
63.623958587646484,22.205644607543945,3.0461854934692383,0.3043273389339447,0.1507762372493744,-5.633119583129883,15.720775604248047,0.4189962148666382,8.372114181518555,214.03675842285156,g
60.66529083251953,22.07174301147461,3.165086269378662,0.2349429875612259,0.11350683122873306,8.046466827392578,31.20608901977539,0.6947304010391235,11.090469360351562,192.25880432128906,g
88.53596496582031,38.36012268066406,3.294050931930542,0.20769929885864258,0.12572413682937622,-33.413963317871094,30.165298461914062,0.7316206097602844,6.153940200805664,238.7261505126953,g
67.4656753540039,28.30137062072754,3.2129359245300293,0.2492021918296814,0.13292287290096283,-21.510114669799805,21.97561264038086,0.014665395021438599,5.70747184753418,223.79022216796875,g
48.7935791015625,14.512540817260742,2.942917823791504,0.32122254371643066,0.17620402574539185,-0.7832581996917725,23.30099868774414,0.15608346462249756,11.7096529006958,185.08529663085938,g
77.19904327392578,27.15772819519043,3.132854461669922,0.2878960967063904,0.1535811871290207,-18.549102783203125,-7.0491838455200195,0.8864487409591675,13.171418190002441,232.8635711669922,g
22.19852638244629,3.8223094940185547,2.447730541229248,0.5680713653564453,0.3269421458244324,2.8622045516967773,0.892176628112793,0.6454622745513916,27.25273323059082,168.99366760253906,g
29.053781509399414,16.698678970336914,2.48173189163208,0.4966432452201843,0.2632496654987335,11.814802169799805,1.3853578567504883,0.7199758291244507,28.988039016723633,138.86212158203125,h
38.66726303100586,13.12328815460205,2.7574493885040283,0.41787683963775635,0.21050012111663818,-0.028801918029785156,18.94928741455078,0.6471556425094604,17.299678802490234,171.1765899658203,g
97.53584289550781,38.960514068603516,3.6827127933502197,0.11140340566635132,0.013894796371459961,-8.747903823852539,10.998551368713379,2.362398386001587,42.58509826660156,207.22628784179688,h
46.53580856323242,17.029823303222656,2.9323794841766357,0.330127477645874,0.17393186688423157,8.952165603637695,29.41571807861328,0.12604646384716034,12.86945915222168,192.99879455566406,g
36.60151672363281,13.690858840942383,2.884164333343506,0.32206934690475464,0.16972476243972778,0.8265180587768555,29.582576751708984,-0.2615096867084503,13.258301734924316,176.82835388183594,g
28.30474853515625,13.420353889465332,2.4452157020568848,0.5288216471672058,0.3107771575450897,1.349456787109375,6.429962635040283,-0.9681187868118286,46.4230842590332,142.7274932861328,h
49.691123962402344,19.354955673217773,2.7817001342773438,0.3574749231338501,0.2249918133020401,3.722817897796631,24.760936737060547,-1.5449941158294678,34.97557830810547,198.22567749023438,g
35.170074462890625,14.08984375,2.5762295722961426,0.48999711871147156,0.25253453850746155,3.5520291328430176,2.5501604080200195,0.786811113357544,22.75218963623047,147.63868713378906,h
33.87809753417969,7.450312614440918,2.359227180480957,0.6193294525146484,0.36632877588272095,5.764639377593994,-2.5139570236206055,0.1857459545135498,51.8143310546875,185.9550018310547,g
34.380165100097656,11.144083023071289,2.4527699947357178,0.5588472485542297,0.3251149654388428,8.855096817016602,8.443899154663086,-0.35501739382743835,48.43102264404297,193.77529907226562,g
94.93318939208984,41.00900650024414,3.4627010822296143,0.16674576699733734,0.10447610914707184,-16.12917709350586,40.7662239074707,0.1366911083459854,-0.9870109558105469,268.65484619140625,g
44.24335861206055,15.934165954589844,2.7799899578094482,0.3427499830722809,0.1980116218328476,17.90599822998047,15.27128791809082,0.5973118543624878,21.531213760375977,172.71157836914062,g
18.926177978515625,8.910078048706055,2.3510100841522217,0.5358863472938538,0.3294842541217804,2.8287248611450195,5.263138771057129,-0.08044326305389404,29.162250518798828,166.380615234375,g
54.45840835571289,64.78070068359375,3.2012946605682373,0.1750849038362503,0.09789559245109558,-98.29145812988281,59.90410232543945,-2.773986577987671,33.49502944946289,204.05860900878906,h
40.62455749511719,18.972618103027344,2.7008092403411865,0.39433467388153076,0.23084962368011475,6.68013334274292,27.056228637695312,-0.03682538866996765,19.453861236572266,201.18614196777344,g
14.729591369628906,7.297244071960449,2.2748031616210938,0.6701993942260742,0.3848416209220886,4.875072002410889,5.249351501464844,0.1806030422449112,27.500558853149414,167.01100158691406,g
23.326480865478516,12.59142017364502,2.5408847332000732,0.4915783107280731,0.271120548248291,-4.907158374786377,18.057218551635742,-0.202199786901474,21.40904426574707,172.86032104492188,g
52.56216049194336,20.557376861572266,2.970524311065674,0.25609010457992554,0.13786593079566956,5.9191203117370605,28.113868713378906,0.7621265649795532,18.536697387695312,184.21511840820312,g
23.471750259399414,6.360637664794922,2.0960776805877686,0.7423772811889648,0.4487640857696533,1.3031420707702637,-10.697297096252441,-0.27373120188713074,54.375465393066406,178.73220825195312,g
56.70734405517578,26.098590850830078,3.2015585899353027,0.22818847000598907,0.11090362817049026,4.411628246307373,40.66347122192383,0.24817664921283722,11.359548568725586,213.30154418945312,g
50.27937698364258,21.291522979736328,3.008476734161377,0.2967795729637146,0.16066433489322662,8.090412139892578,35.47453689575195,-0.10009899735450745,11.061004638671875,209.71661376953125,g
69.03076171875,34.73409652709961,2.9107933044433594,0.37800630927085876,0.20557114481925964,-76.42977905273438,-22.580081939697266,-0.02816036343574524,13.290759086608887,230.11862182617188,h
59.890846252441406,19.55851173400879,2.954174280166626,0.42964106798171997,0.20120872557163239,-12.493728637695312,16.004194259643555,1.0210775136947632,9.487663269042969,211.94454956054688,g
134.0371856689453,61.77024841308594,3.293632984161377,0.30853432416915894,0.20654138922691345,-113.38471984863281,-33.3188362121582,1.741499423980713,38.09961700439453,294.31976318359375,h
74.9714126586914,35.838592529296875,3.268639326095581,0.25498947501182556,0.12400563806295395,-21.43367576599121,29.100292205810547,-0.15858379006385803,1.8204898834228516,248.2227783203125,g
86.39344024658203,34.52082824707031,3.2662835121154785,0.1592489629983902,0.10136150568723679,4.9441094398498535,24.47319221496582,0.05667808651924133,6.027111053466797,257.27264404296875,g
57.2623176574707,18.9079647064209,2.9300944805145264,0.3176731765270233,0.15719588100910187,-16.473007202148438,7.2092790603637695,0.6526204347610474,13.062935829162598,183.03109741210938,g
52.08021926879883,14.736745834350586,2.8196842670440674,0.4293650686740875,0.23038248717784882,1.121826171875,19.439083099365234,-0.2133106291294098,36.70670700073242,195.78062438964844,g
68.0435791015625,22.035430908203125,3.2369437217712402,0.23557862639427185,0.11318989098072052,-7.571469306945801,18.678434371948242,1.2804795503616333,11.455636978149414,198.71408081054688,g
147.3602752685547,36.686317443847656,3.6789798736572266,0.18717677891254425,0.08802777528762817,-14.646135330200195,-57.1098518371582,4.949305057525635,42.724971771240234,230.1982879638672,h
55.3990478515625,27.86306381225586,2.931169033050537,0.31511688232421875,0.17041434347629547,-5.29397439956665,32.82712936401367,0.19142118096351624,13.980931282043457,213.91763305664062,g
210.63272094726562,89.96049499511719,4.018750190734863,-0.015681833028793335,0.047504737973213196,-122.57369232177734,-54.184871673583984,5.554042339324951,50.10242462158203,313.7641296386719,h
48.511680603027344,14.566933631896973,2.9586379528045654,0.29518455266952515,0.15720203518867493,12.393867492675781,27.16577911376953,0.5223809480667114,14.98655891418457,181.3600616455078,g
33.700523376464844,10.086636543273926,2.63535213470459,0.468092679977417,0.25114402174949646,8.411096572875977,-1.1459436416625977,1.1757005453109741,24.971328735351562,128.39556884765625,g
49.92003631591797,13.046806335449219,2.7472751140594482,0.44877567887306213,0.25046390295028687,5.760500431060791,17.47283363342285,0.04453292489051819,40.192020416259766,194.29444885253906,g
19.308486938476562,8.337076187133789,2.3653807640075684,0.5202707052230835,0.2983987331390381,5.4694504737854,-8.142308235168457,0.1973637193441391,29.515668869018555,124.50204467773438,h
0.8530693054199219,8.237081527709961,1.9913920164108276,0.6826475858688354,0.43403321504592896,8.305313110351562,-13.562207221984863,-0.22862079739570618,40.27013397216797,122.26790618896484,h
52.74607849121094,17.849084854125977,2.78664231300354,0.3874954283237457,0.23168006539344788,1.55820894241333,17.311288833618164,-0.14258232712745667,11.92566204071045,216.12554931640625,g
88.52740478515625,24.3657283782959,3.2908339500427246,0.19840450584888458,0.0924665629863739,12.22840690612793,15.111520767211914,1.8386123180389404,39.39455795288086,193.52294921875,g
68.75575256347656,24.98611831665039,3.1653714179992676,0.249294713139534,0.14203599095344543,-3.047044277191162,27.834228515625,-0.3860267102718353,33.167579650878906,222.33314514160156,g
54.7984733581543,21.804826736450195,2.7540628910064697,0.3546859920024872,0.2074679732322693,1.6138176918029785,8.779491424560547,0.04129993915557861,44.008819580078125,145.7977294921875,h
69.5916748046875,31.27154541015625,3.212103843688965,0.18213623762130737,0.07775688171386719,-18.45305824279785,31.301437377929688,0.40433043241500854,8.633583068847656,204.37945556640625,g
77.66654205322266,40.57135772705078,3.0138540267944336,0.2059391587972641,0.1256522834300995,-39.19813537597656,12.990389823913574,-0.6171551942825317,40.233978271484375,237.5611572265625,g
26.870336532592773,11.802286148071289,2.2911741733551025,0.6039800643920898,0.35167908668518066,5.810617923736572,-5.456944465637207,-0.2968413531780243,54.74962615966797,164.373779296875,h
125.00279235839844,52.0694580078125,3.3886191844940186,0.17037001252174377,0.11282481253147125,-57.647979736328125,4.003854751586914,0.8083182573318481,28.47301483154297,247.36572265625,h
29.539342880249023,12.352004051208496,2.598794460296631,0.41528385877609253,0.25950372219085693,14.75925064086914,21.309946060180664,-0.17470726370811462,24.266315460205078,185.56878662109375,g
55.16164779663086,23.01756477355957,2.910660982131958,0.2947692275047302,0.16046419739723206,9.582250595092773,19.09552764892578,-0.48926636576652527,37.803466796875,147.85296630859375,h
92.97098541259766,45.86083984375,3.484562397003174,0.09473612904548645,0.05291390419006348,0.9978423118591309,23.54416275024414,-0.3907908499240875,33.62312698364258,244.051025390625,h
21.90109634399414,8.129487037658691,2.115192174911499,0.7782430648803711,0.45499464869499207,-0.8948001861572266,-11.884566307067871,0.08883935213088989,54.84510803222656,154.75027465820312,h
28.76197052001953,5.543100357055664,2.293928861618042,0.5461482405662537,0.35907089710235596,20.302268981933594,-9.66706371307373,-0.20153209567070007,60.33335494995117,187.48797607421875,g
32.82454299926758,8.87193775177002,2.6780035495758057,0.3964587152004242,0.22366297245025635,9.12568473815918,9.486815452575684,0.570814311504364,23.740312576293945,161.22509765625,g
67.77281951904297,26.13923454284668,3.1503372192382812,0.326252281665802,0.1698664128780365,-14.076923370361328,28.581554412841797,0.2967994809150696,3.4833545684814453,228.6050262451172,g
53.81517791748047,17.736431121826172,2.731889009475708,0.3999664783477783,0.2162763923406601,3.597322940826416,0.5603122711181641,-0.18763211369514465,40.10532760620117,147.1990966796875,h
53.3859977722168,26.45003890991211,3.0854063034057617,0.2607143223285675,0.13393384218215942,8.671171188354492,43.865562438964844,-0.15467187762260437,9.80872917175293,217.4404754638672,g
51.568359375,19.240772247314453,3.1057841777801514,0.27580726146698,0.1286894977092743,-1.026534080505371,24.349842071533203,0.567661702632904,12.474042892456055,174.91281127929688,g
64.40222930908203,24.275104522705078,2.987154960632324,0.37002357840538025,0.2386353313922882,-17.69078254699707,16.409616470336914,-0.2181570827960968,37.710960388183594,215.41650390625,g
38.73517608642578,15.63763427734375,2.8401124477386475,0.36854684352874756,0.1931987702846527,9.420103073120117,30.822776794433594,0.2118726372718811,16.290056228637695,188.59861755371094,g
24.046493530273438,9.265828132629395,2.5172982215881348,0.5242874622344971,0.2794327437877655,7.023369312286377,5.2734456062316895,0.5136964321136475,24.065441131591797,136.73634338378906,g
60.854583740234375,22.438182830810547,2.9917805194854736,0.2596435546875,0.1526896357536316,30.361713409423828,7.155698776245117,1.929903268814087,30.682125091552734,201.54107666015625,g
21.67633819580078,12.21037483215332,2.4699761867523193,0.4419170916080475,0.24740390479564667,4.676925182342529,-0.40489864349365234,0.04125306010246277,28.252452850341797,126.83094787597656,h
65.25291442871094,31.91925811767578,3.0084431171417236,0.264259934425354,0.11424887180328369,-36.485565185546875,13.090871810913086,-0.2672324478626251,39.436988830566406,211.95462036132812,g
70.62715911865234,18.940265655517578,2.947561740875244,0.48393335938453674,0.23196318745613098,0.7230820655822754,-4.381992340087891,2.449895143508911,47.84559631347656,219.51217651367188,g
64.54316711425781,27.834083557128906,2.8879809379577637,0.3768793046474457,0.2232506424188614,-35.99192428588867,-5.272425651550293,-0.3451816141605377,10.754648208618164,241.19647216796875,g
80.69662475585938,29.76723861694336,2.9138927459716797,0.5140714645385742,0.27212682366371155,-37.844261169433594,8.590652465820312,0.3602134883403778,25.874385833740234,182.36180114746094,h
24.8388614654541,6.709948539733887,2.4935081005096436,0.6229079961776733,0.31947562098503113,5.58672571182251,8.327688217163086,1.109651803970337,23.82825469970703,176.41091918945312,g
57.29901885986328,22.045066833496094,3.026402711868286,0.2226634919643402,0.12260689586400986,12.818645477294922,30.909893035888672,0.03573402762413025,12.156025886535645,209.080810546875,g
0.099395751953125,8.864226341247559,2.023859739303589,0.695555567741394,0.44379985332489014,-8.738450050354004,3.0246219635009766,-1.7427343130111694,25.698768615722656,148.05784606933594,h
46.572975158691406,13.65214729309082,2.624028444290161,0.4322139024734497,0.2688337564468384,6.423580646514893,-0.7902050018310547,-0.08332660794258118,47.84954833984375,157.97744750976562,g
44.52498245239258,22.866130828857422,2.6871137619018555,0.4714990258216858,0.2521354556083679,6.101460933685303,18.211898803710938,-0.42668649554252625,42.263671875,181.15599060058594,h
41.44824981689453,21.633207321166992,2.769028425216675,0.31415489315986633,0.15745192766189575,1.0743613243103027,20.249210357666016,-0.8804556131362915,42.275264739990234,145.89520263671875,h
41.98847961425781,15.44655990600586,2.8652682304382324,0.3153373599052429,0.1510685682296753,10.03812026977539,18.277870178222656,1.1963002681732178,23.81062126159668,168.48922729492188,g
116.85311126708984,40.10794448852539,3.440453052520752,0.1868913322687149,0.09524725377559662,-27.09657859802246,-10.546813011169434,3.2781097888946533,44.6342658996582,182.66859436035156,h
100.815673828125,55.09416198730469,3.1375293731689453,0.23049744963645935,0.1717613935470581,-81.69664001464844,17.514728546142578,-1.1406129598617554,30.031360626220703,266.5959777832031,h
42.443870544433594,15.824517250061035,2.684562921524048,0.3453626036643982,0.23281390964984894,6.118662357330322,23.527816772460938,-1.207973837852478,42.33234405517578,181.35777282714844,g
71.39248657226562,40.082611083984375,3.0349178314208984,0.24900314211845398,0.13289619982242584,-23.205461502075195,18.631183624267578,-0.1668432652950287,40.27037048339844,171.71539306640625,h
72.88859558105469,34.840213775634766,3.262270450592041,0.15321879088878632,0.10081956535577774,9.464086532592773,43.939666748046875,-0.41035106778144836,6.450689315795898,247.73046875,g
73.52420806884766,32.64217758178711,3.1747748851776123,0.1456795036792755,0.09084992855787277,28.63162612915039,35.377262115478516,0.9758559465408325,19.80246353149414,234.7426300048828,g
8.147743225097656,4.92596435546875,2.0483150482177734,0.7108510136604309,0.45030122995376587,-2.554715156555176,-6.317143440246582,-0.36200717091560364,33.95003128051758,186.85752868652344,g
33.29033279418945,9.562506675720215,2.5837137699127197,0.44221174716949463,0.2545704245567322,6.394859790802002,3.6748266220092773,0.2655729651451111,22.018840789794922,158.61244201660156,g
26.6463680267334,10.590974807739258,2.428774356842041,0.5052657127380371,0.3063175678253174,-0.35952043533325195,-7.421813011169434,-0.0860758125782013,26.230186462402344,147.6323699951172,g
61.689334869384766,33.6182975769043,3.2983710765838623,0.1226157546043396,0.05910143256187439,4.5804009437561035,50.29750442504883,-0.47756633162498474,7.925806045532227,225.94171142578125,g
93.4674072265625,38.36018753051758,3.167417049407959,0.23938800394535065,0.13137422502040863,-47.11453628540039,-11.17404842376709,1.1256139278411865,10.787187576293945,236.75144958496094,h
63.18564224243164,35.58571243286133,3.317824125289917,0.1545291543006897,0.08978703618049622,0.26019811630249023,52.92053985595703,-0.7628129720687866,5.973485946655273,239.74029541015625,g
173.6864776611328,68.99398803710938,4.325904846191406,0.08223560452461243,0.05713711678981781,-68.84783935546875,-56.348026275634766,7.469682693481445,58.70661926269531,255.03622436523438,h
32.969566345214844,13.313854217529297,2.5597963333129883,0.5223885774612427,0.2660652995109558,0.5045228004455566,1.1047029495239258,1.1302248239517212,24.569198608398438,146.2712860107422,g
38.49477767944336,14.197412490844727,2.7014849185943604,0.4481004476547241,0.23075124621391296,-0.4636211395263672,16.285804748535156,0.5623917579650879,19.073993682861328,186.34164428710938,g
57.644309997558594,23.004714965820312,2.9917404651641846,0.23064649105072021,0.11936939507722855,19.628643035888672,18.99996566772461,0.9091653823852539,19.794878005981445,187.66661071777344,g
51.438682556152344,40.058990478515625,2.522806167602539,0.4290845990180969,0.2718481421470642,-79.65847778320312,-13.617510795593262,-2.4522666931152344,39.95735549926758,175.98129272460938,h
79.8153076171875,28.91738510131836,3.102689266204834,0.3212279975414276,0.1594938039779663,-38.26818084716797,-1.344552993774414,1.6103882789611816,11.689505577087402,212.34959411621094,g
70.00589752197266,25.803361892700195,3.2660045623779297,0.27866822481155396,0.14305970072746277,-15.510444641113281,28.60417938232422,0.8419073820114136,7.248451232910156,216.81301879882812,g
50.49357986450195,32.274925231933594,2.6610312461853027,0.414777010679245,0.23073576390743256,-54.5648307800293,3.5195465087890625,-1.2842904329299927,40.548439025878906,185.3399658203125,h
12.01645278930664,11.473906517028809,2.051736354827881,0.6725869178771973,0.4150571823120117,6.429932117462158,-6.466305732727051,-1.2516424655914307,57.17314910888672,138.84373474121094,h
29.57259750366211,12.24587345123291,2.4782161712646484,0.4513370394706726,0.2918948829174042,8.629159927368164,13.480501174926758,-0.35181185603141785,25.13842010498047,193.1401824951172,g
23.707054138183594,12.08414363861084,2.4161019325256348,0.5005158185958862,0.33357954025268555,11.996795654296875,15.111311912536621,-0.6422834396362305,26.350526809692383,196.4544219970703,g
40.86440658569336,14.609783172607422,2.8675730228424072,0.3190017342567444,0.165704146027565,8.817276000976562,18.80001449584961,0.612764298915863,21.14322280883789,175.80804443359375,g
129.44447326660156,47.93152618408203,3.469684600830078,0.14668434858322144,0.07938878238201141,-36.420352935791016,-37.067054748535156,0.7804368734359741,31.446929931640625,272.9666748046875,h
19.589027404785156,7.415205001831055,2.3143293857574463,0.5870086550712585,0.36508285999298096,-2.9690141677856445,5.580200672149658,-0.22359266877174377,26.719825744628906,173.50674438476562,g
41.18279266357422,17.763717651367188,2.9004621505737305,0.36506813764572144,0.18669694662094116,4.985256671905518,29.963558197021484,0.13045544922351837,13.385473251342773,184.13677978515625,g
42.090179443359375,13.667952537536621,2.7424964904785156,0.3412758409976959,0.20073075592517853,22.15593719482422,13.881210327148438,0.6246224641799927,25.322322845458984,193.78001403808594,g
33.98381805419922,10.907353401184082,2.46863055229187,0.4710462689399719,0.30415743589401245,11.750211715698242,7.047670364379883,-0.8126488924026489,50.18467712402344,188.9186553955078,g
39.39800262451172,17.725566864013672,2.8194801807403564,0.33048775792121887,0.16899846494197845,19.221506118774414,21.712955474853516,0.500950813293457,21.992908477783203,170.4108123779297,g
20.221420288085938,8.403721809387207,2.434983968734741,0.5348426103591919,0.33201658725738525,2.476724624633789,13.231752395629883,-0.5278787612915039,23.372600555419922,178.29307556152344,g
66.21502685546875,20.125839233398438,2.9394590854644775,0.28714311122894287,0.15024331212043762,1.7838616371154785,16.959978103637695,-0.02911946177482605,34.876731872558594,181.08111572265625,g
66.94448852539062,30.06317710876465,3.155221700668335,0.28476735949516296,0.15723678469657898,-39.828250885009766,18.67209243774414,-0.04849737882614136,7.491449356079102,223.6110382080078,g
66.06793212890625,27.406572341918945,3.188732147216797,0.1714126616716385,0.08111816644668579,12.72956657409668,35.89189910888672,0.552313506603241,12.18567180633545,209.0075225830078,g
245.28561401367188,92.04285430908203,4.146450042724609,0.03133562207221985,0.03982841968536377,-122.24671173095703,-98.24385070800781,7.238261699676514,48.71234893798828,334.8200378417969,h
68.10381317138672,27.29303550720215,3.0962717533111572,0.19731609523296356,0.11762481182813644,20.403818130493164,34.53813171386719,0.3969201147556305,13.2131929397583,220.8627471923828,g
39.12227249145508,12.65566635131836,2.794296979904175,0.38205334544181824,0.18384402990341187,17.08726692199707,14.963888168334961,1.0289279222488403,23.347354888916016,185.11370849609375,g
144.75709533691406,60.49903106689453,3.604928731918335,0.07834500074386597,0.025717422366142273,-50.681331634521484,-31.422569274902344,3.8779938220977783,45.76335144042969,227.48434448242188,h
54.03529739379883,24.079343795776367,3.006714344024658,0.24305720627307892,0.128145232796669,-7.267325401306152,32.83991241455078,-0.212581604719162,10.463481903076172,200.08755493164062,g
16.79947280883789,11.113381385803223,2.0206730365753174,0.7632771730422974,0.48238036036491394,-4.383710861206055,-3.876826286315918,-1.6479109525680542,50.943519592285156,185.92660522460938,h
66.1748046875,30.526159286499023,3.2414591312408447,0.15667985379695892,0.08079607784748077,11.819509506225586,43.79267883300781,0.18471449613571167,9.219352722167969,218.66104125976562,g
27.870607376098633,11.737150192260742,2.4926562309265137,0.5382403135299683,0.29504749178886414,11.668170928955078,0.47600650787353516,0.9441626071929932,27.862346649169922,139.74380493164062,h
33.37673568725586,8.895600318908691,2.4136364459991455,0.530417799949646,0.34151315689086914,-1.326878547668457,-4.811017990112305,-0.25883832573890686,52.301856994628906,147.69793701171875,g
32.591819763183594,17.604454040527344,2.5975723266601562,0.39661747217178345,0.2214924842119217,23.070405960083008,2.90499210357666,0.6846864223480225,30.700435638427734,134.45468139648438,h
93.94189453125,34.19899368286133,3.3513619899749756,0.17812953889369965,0.08951122313737869,-16.479541778564453,6.940098762512207,1.1439632177352905,7.663393020629883,247.2059326171875,g
32.152244567871094,10.893532752990723,2.449463129043579,0.534443736076355,0.3304447829723358,9.570636749267578,11.877161979675293,-0.6216990947723389,49.601356506347656,201.45379638671875,g
36.766029357910156,7.697895050048828,2.5332565307617188,0.6093978881835938,0.31295233964920044,7.144606113433838,2.692920684814453,1.0188069343566895,50.778564453125,193.36328125,g
34.2766227722168,12.888083457946777,2.7803690433502197,0.4021342992782593,0.19984205067157745,12.748586654663086,22.87223243713379,0.5905444622039795,20.72633934020996,181.9431610107422,g
82.09468078613281,25.362796783447266,3.143134117126465,0.19903983175754547,0.08198179304599762,-0.4262681007385254,-0.4928417205810547,1.6940664052963257,44.18643569946289,175.97381591796875,g
68.45979309082031,35.71503829956055,3.3308815956115723,0.14825695753097534,0.09131678938865662,5.856719493865967,59.7086067199707,-0.8058538436889648,2.2502384185791016,245.32350158691406,g
69.1511459350586,32.70677947998047,3.214959144592285,0.16484101116657257,0.09966697543859482,21.08634376525879,40.41836166381836,0.622848629951477,15.116414070129395,232.54998779296875,g
46.91054153442383,13.696853637695312,2.8002877235412598,0.35391148924827576,0.17409229278564453,0.5314078330993652,-4.672774314880371,1.6807197332382202,27.801239013671875,166.13882446289062,g
104.39262390136719,43.356346130371094,3.3508851528167725,0.0972089171409607,0.05762684345245361,7.665318965911865,18.71588897705078,1.521661400794983,44.762359619140625,237.51434326171875,h
48.97748947143555,22.0211238861084,3.0772557258605957,0.22198575735092163,0.10212100297212601,19.594764709472656,33.53890609741211,0.6432081460952759,19.612668991088867,200.4337158203125,g
72.814697265625,25.62763214111328,3.0719001293182373,0.28239813446998596,0.1544697880744934,-13.004343032836914,8.229071617126465,0.12413302063941956,6.269710540771484,232.63182067871094,g
22.03152847290039,15.186880111694336,2.4525201320648193,0.46974918246269226,0.28636208176612854,7.4365410804748535,15.084375381469727,-0.7820478677749634,21.581226348876953,130.58352661132812,h
36.44932556152344,20.15570640563965,2.572422504425049,0.43763402104377747,0.2593275308609009,6.38205099105835,22.530519485473633,-1.406247854232788,41.96031188964844,175.8308563232422,h
22.773088455200195,17.81793212890625,2.533442974090576,0.40306398272514343,0.23635907471179962,18.94331932067871,15.675294876098633,-0.2808831036090851,29.042354583740234,155.35336303710938,g
52.13435363769531,16.718225479125977,2.841799736022949,0.32781416177749634,0.188198521733284,5.9414849281311035,14.861645698547363,0.16394920647144318,14.820573806762695,193.37644958496094,g
68.18827819824219,30.42060089111328,3.220658540725708,0.20611199736595154,0.09687045961618423,4.905974864959717,41.18155288696289,0.13277959823608398,6.996496200561523,230.86309814453125,g
81.58312225341797,40.01373291015625,3.35434627532959,0.0958268940448761,0.0628902018070221,14.042085647583008,47.7667350769043,0.1553468108177185,8.17459487915039,255.46836853027344,g
96.95846557617188,30.38634490966797,3.200805425643921,0.2119302749633789,0.11405054479837418,2.8313231468200684,-3.316761016845703,0.49210959672927856,32.572513580322266,220.47755432128906,h
34.488014221191406,20.241506576538086,2.609161853790283,0.4120582938194275,0.22689056396484375,10.884721755981445,12.2809476852417,0.2302531898021698,22.756946563720703,130.983642578125,h
48.260528564453125,16.282032012939453,2.935062885284424,0.313222736120224,0.16002172231674194,9.14798355102539,26.301559448242188,0.2440800815820694,13.324485778808594,195.17855834960938,g
38.416282653808594,12.223723411560059,2.6546032428741455,0.5049546360969543,0.25989699363708496,-3.8661341667175293,5.473968982696533,0.21952244639396667,44.23569107055664,142.83016967773438,h
8.899871826171875,8.962217330932617,2.078805446624756,0.6543467044830322,0.42976275086402893,5.822969913482666,-3.1098031997680664,-0.5758770704269409,34.230674743652344,148.11474609375,h
246.26177978515625,68.9755859375,5.1546125411987305,0.1064545214176178,0.018209248781204224,-80.21424102783203,-128.53219604492188,17.693208694458008,100.64212799072266,242.3754119873047,h
47.74216079711914,19.472970962524414,2.921271324157715,0.3165472149848938,0.16940848529338837,15.079122543334961,29.274986267089844,0.41330835223197937,17.662822723388672,201.7473907470703,g
62.57701873779297,32.919700622558594,3.228983163833618,0.16354034841060638,0.08991646021604538,3.879828929901123,55.9655876159668,-0.9116860628128052,2.3403892517089844,229.12258911132812,g
74.64581298828125,46.38166046142578,3.4920969009399414,0.09173288941383362,0.06294144690036774,-7.004293918609619,60.739532470703125,-0.6449464559555054,5.323413848876953,261.8874816894531,g
60.40190124511719,21.92285919189453,2.983363389968872,0.26268142461776733,0.1394176483154297,15.760128021240234,18.3258056640625,0.8671936988830566,17.014312744140625,179.81503295898438,g
22.794370651245117,7.700328826904297,2.3882365226745605,0.6477663516998291,0.3606446087360382,2.167119026184082,4.578165054321289,0.4784426689147949,23.20096778869629,163.3431396484375,g
28.19002914428711,14.134657859802246,2.7263736724853516,0.40338268876075745,0.22207818925380707,0.7791728973388672,29.271263122558594,-0.579216480255127,16.40422821044922,182.13571166992188,g
84.70581817626953,27.783878326416016,2.9246206283569336,0.35001373291015625,0.23072826862335205,-40.17629623413086,-1.9150352478027344,-0.0643400251865387,34.95616912841797,232.6999053955078,g
26.946571350097656,9.283015251159668,2.264946460723877,0.657324492931366,0.3774585723876953,0.26230859756469727,-7.290135383605957,0.12162597477436066,54.97710418701172,164.86032104492188,g
101.65560913085938,30.0028018951416,3.4678843021392822,0.13402222096920013,0.05196063220500946,-2.0240283012390137,1.4241743087768555,2.748337507247925,45.8502311706543,219.92466735839844,g
50.90461730957031,18.606929779052734,2.8529012203216553,0.32365602254867554,0.18464481830596924,-2.2893476486206055,22.73773193359375,0.393065869808197,16.561203002929688,191.64402770996094,g
67.69410705566406,25.61501121520996,3.137753486633301,0.24551178514957428,0.13084417581558228,-3.5993473529815674,14.9051513671875,0.2949107885360718,8.377376556396484,206.1988525390625,g
26.645305633544922,11.360881805419922,2.2166450023651123,0.6054261922836304,0.405411958694458,2.966547966003418,4.167666912078857,-1.5943386554718018,48.12239074707031,168.79493713378906,h
97.49617004394531,40.455169677734375,3.177800416946411,0.32192397117614746,0.17870256304740906,-51.06556701660156,-40.76367950439453,-0.4413624107837677,35.809268951416016,305.2135314941406,h
91.66032409667969,41.082847595214844,3.291674852371216,0.21160447597503662,0.12324202060699463,-28.917388916015625,11.087050437927246,-0.7969906330108643,28.218294143676758,263.47088623046875,h
28.73501205444336,10.71196174621582,2.6615564823150635,0.4816722869873047,0.2317124903202057,13.397388458251953,13.378957748413086,1.0181572437286377,24.078418731689453,159.89564514160156,g
53.59410858154297,17.221372604370117,2.691967725753784,0.5430688261985779,0.2578807473182678,-17.491039276123047,2.3646240234375,0.6013738512992859,38.21393966674805,168.21163940429688,h
108.4218978881836,53.51514434814453,3.1549739837646484,0.4397547245025635,0.24576056003570557,-69.60133361816406,-61.56306838989258,-0.5513224601745605,35.78313446044922,337.26300048828125,h
69.02286529541016,25.203807830810547,3.1037182807922363,0.28586632013320923,0.14201095700263977,-5.631053924560547,14.058815002441406,0.5414686799049377,8.515504837036133,223.27267456054688,g
34.77738952636719,14.127115249633789,2.828400135040283,0.33818063139915466,0.17915044724941254,11.32491683959961,27.99392318725586,0.1846393495798111,19.279769897460938,179.88453674316406,g
29.92997169494629,15.48104190826416,2.5893611907958984,0.47315555810928345,0.23728728294372559,18.91002655029297,5.271856307983398,1.0618106126785278,27.318328857421875,130.05795288085938,h
28.21492576599121,16.162601470947266,2.553011417388916,0.4280613660812378,0.23841138184070587,21.06829071044922,7.6371660232543945,0.5513421297073364,31.057758331298828,153.9001007080078,g
100.87066650390625,46.929039001464844,3.059643268585205,0.25986185669898987,0.19000110030174255,-66.90853118896484,-3.3907270431518555,-1.1994938850402832,29.544506072998047,266.5070495605469,h
37.659610748291016,16.119115829467773,2.7934560775756836,0.38663846254348755,0.19645875692367554,13.100351333618164,25.375957489013672,0.25275784730911255,18.155059814453125,187.61277770996094,g
44.44557571411133,19.131595611572266,2.7445108890533447,0.36600589752197266,0.2208023965358734,7.534445285797119,27.561355590820312,-1.1345701217651367,39.50020217895508,181.99392700195312,g
25.0122127532959,10.732144355773926,2.545888900756836,0.4421045780181885,0.26129886507987976,11.048652648925781,12.587584495544434,-0.10970059037208557,24.77578353881836,157.93023681640625,g
62.0863151550293,25.015050888061523,3.165562868118286,0.2558898627758026,0.13354361057281494,-0.24341726303100586,29.735767364501953,0.43974727392196655,9.884054183959961,202.89952087402344,g
53.33659362792969,26.234453201293945,3.2225418090820312,0.2186371088027954,0.09767492115497589,6.693362712860107,43.32948684692383,-0.023853331804275513,9.942022323608398,210.72801208496094,g
47.69901657104492,18.30583381652832,2.730987071990967,0.4422094523906708,0.24664998054504395,-13.393131256103516,7.851401329040527,-0.287104994058609,12.82332992553711,212.38848876953125,g
31.787492752075195,5.540775299072266,2.4252049922943115,0.5122387409210205,0.3200899362564087,6.823619365692139,-6.542349815368652,-0.263229638338089,52.474361419677734,164.54318237304688,g
39.08865737915039,13.131071090698242,2.7563791275024414,0.41046297550201416,0.22492492198944092,10.212352752685547,21.048542022705078,0.5384001731872559,18.896427154541016,180.60061645507812,g
26.736003875732422,11.68979263305664,2.2146713733673096,0.6174087524414062,0.3754338026046753,4.793628215789795,-9.755520820617676,-0.4378293454647064,56.215599060058594,164.842529296875,h
71.70510864257812,32.26678466796875,3.244016647338867,0.1553276628255844,0.08765816688537598,16.842811584472656,45.43503952026367,0.39317572116851807,9.770790100097656,227.1139678955078,g
57.85221481323242,24.343679428100586,2.9717111587524414,0.28713953495025635,0.1612711250782013,-3.5202016830444336,21.3328914642334,-0.9298444986343384,6.280937194824219,230.13641357421875,g
70.9341049194336,29.198678970336914,3.3360800743103027,0.21728381514549255,0.11644560098648071,-13.003755569458008,27.490192413330078,0.565186619758606,7.181221008300781,222.54013061523438,g
62.81090545654297,22.995386123657227,3.1364097595214844,0.22784188389778137,0.11506565660238266,4.748636722564697,25.670486450195312,0.43092048168182373,10.036714553833008,202.62330627441406,g
2.496715545654297,3.244810104370117,1.990856647491455,0.6484286785125732,0.4315778315067291,8.021829605102539,-15.493830680847168,-1.1666966676712036,65.55325317382812,141.29595947265625,g
30.169076919555664,8.284505844116211,2.5052576065063477,0.5241992473602295,0.2836377024650574,18.408693313598633,11.276795387268066,-0.0637044608592987,48.55907440185547,165.08045959472656,g
97.59358215332031,41.72683334350586,3.3740930557250977,0.11825510859489441,0.08267751336097717,0.9748120307922363,32.86419677734375,-0.2888982594013214,-1.0164642333984375,279.85223388671875,g
45.303524017333984,18.805572509765625,2.8157408237457275,0.31293514370918274,0.19122378528118134,7.232115268707275,22.880481719970703,-1.2871603965759277,41.512733459472656,209.39212036132812,g
92.60371398925781,50.71120071411133,3.2018465995788574,0.2162405401468277,0.13872984051704407,-73.354736328125,18.901561737060547,-1.2303273677825928,28.617036819458008,257.5920715332031,h
70.70594024658203,27.275711059570312,3.008579730987549,0.29997703433036804,0.17231425642967224,-17.09603500366211,20.416004180908203,0.17781130969524384,8.037591934204102,224.7298126220703,g
20.32663345336914,5.308601379394531,2.4350879192352295,0.5252698659896851,0.3248932957649231,7.259138584136963,8.98355484008789,-0.07236292958259583,26.017459869384766,174.47103881835938,g
67.59481048583984,30.673471450805664,3.2016115188598633,0.17344245314598083,0.10666069388389587,11.167842864990234,47.878448486328125,-0.26007381081581116,7.268871307373047,229.29933166503906,g
146.34695434570312,58.587989807128906,3.6796042919158936,0.12791681289672852,0.07907211780548096,-41.402671813964844,-33.733673095703125,0.9661463499069214,28.002538681030273,302.9744567871094,h
37.17462158203125,12.805411338806152,2.5564379692077637,0.5530006289482117,0.31781530380249023,4.832494258880615,9.512137413024902,-0.088298499584198,48.59894561767578,205.4576416015625,g
41.50178146362305,14.372878074645996,2.790161609649658,0.37236806750297546,0.19260333478450775,0.721858024597168,16.51573944091797,0.5081023573875427,16.673114776611328,149.27821350097656,g
38.87528991699219,20.475921630859375,2.817814588546753,0.2748263478279114,0.13730373978614807,-0.4192824363708496,16.644901275634766,-0.06457021832466125,21.22864532470703,175.6531219482422,g
40.6304931640625,14.943811416625977,2.8673975467681885,0.3015614151954651,0.15411080420017242,11.429162979125977,18.702482223510742,0.27469295263290405,17.857925415039062,163.67022705078125,g
51.50579833984375,18.56717872619629,2.794034719467163,0.3730841875076294,0.17896448075771332,12.381063461303711,-0.430145263671875,0.5733762383460999,45.8064079284668,137.17596435546875,h
25.618125915527344,18.45393943786621,2.4331400394439697,0.46847712993621826,0.2800036370754242,19.198619842529297,11.7227201461792,0.05558907985687256,31.351173400878906,167.43875122070312,g
37.29377746582031,15.166961669921875,2.7588295936584473,0.37171995639801025,0.17461568117141724,15.898700714111328,6.909914493560791,0.9915673732757568,23.41230010986328,136.9186553955078,g
39.9116096496582,11.886758804321289,2.760103464126587,0.37833675742149353,0.21618904173374176,13.597627639770508,20.212501525878906,0.7216973304748535,22.308727264404297,182.97425842285156,g
51.37974548339844,15.43093490600586,2.726212501525879,0.5421947836875916,0.2536446750164032,2.7106680870056152,-0.4721202850341797,1.4958313703536987,46.03277587890625,161.9805908203125,h
28.941572189331055,12.500651359558105,2.5832254886627197,0.49293485283851624,0.2586715817451477,14.070760726928711,11.829607009887695,0.8854959011077881,26.051651000976562,161.06143188476562,g
38.55112075805664,10.81444263458252,2.573117256164551,0.46923258900642395,0.2698820233345032,2.8452792167663574,-0.8670368194580078,0.7006610631942749,55.75933074951172,163.7235565185547,g
44.4344482421875,13.458831787109375,2.7858457565307617,0.3338039219379425,0.17496182024478912,13.747480392456055,3.3564038276672363,0.6564211249351501,20.576974868774414,158.4701385498047,g
46.374576568603516,20.52411651611328,2.847271203994751,0.29911887645721436,0.16533228754997253,23.85712432861328,23.783824920654297,0.44575169682502747,21.16951560974121,182.423583984375,g
2.447998046875,2.789266586303711,2.1018993854522705,0.8048446178436279,0.4419175982475281,5.81055212020874,-1.8968610763549805,0.6838164329528809,34.635032653808594,181.82168579101562,g
47.830013275146484,25.070011138916016,2.797305107116699,0.32209229469299316,0.15846526622772217,4.6379313468933105,12.743413925170898,0.7988085746765137,25.070756912231445,181.74806213378906,g
29.466747283935547,18.836681365966797,2.371657609939575,0.5059362649917603,0.3555971384048462,-2.95050311088562,5.721319675445557,-2.034189462661743,48.286888122558594,166.7163848876953,h
88.09228515625,37.48256301879883,3.243262529373169,0.2858831584453583,0.1431303173303604,-26.978107452392578,-22.79519271850586,1.33688223361969,43.28569030761719,193.09616088867188,h
133.8904266357422,49.12922668457031,3.532928466796875,0.11310967803001404,0.08983732759952545,-34.88272476196289,1.7708892822265625,2.006415367126465,35.5360221862793,260.0850524902344,h
56.922874450683594,36.47721862792969,3.1855759620666504,0.1740104705095291,0.1216793954372406,-22.309385299682617,50.640541076660156,-2.4289331436157227,29.924551010131836,228.80380249023438,g
79.6102066040039,37.94877624511719,3.0863261222839355,0.2147560566663742,0.10166587680578232,-49.25584411621094,3.6326112747192383,0.23104500770568848,41.14615249633789,211.96185302734375,h
26.397397994995117,12.524165153503418,2.3827874660491943,0.6095806956291199,0.3178563117980957,9.7052001953125,-8.08155345916748,1.5947225093841553,34.313270568847656,151.49989318847656,h
86.32078552246094,40.0863037109375,3.4167709350585938,0.13985034823417664,0.07052324712276459,-0.03617286682128906,23.94883918762207,0.19355085492134094,35.089012145996094,202.7686767578125,h
17.64798355102539,7.941579818725586,2.3896994590759277,0.5409680604934692,0.3266374468803406,7.716526508331299,5.781756401062012,0.13227199018001556,30.05634307861328,164.70330810546875,g
40.86766815185547,21.425586700439453,3.0077085494995117,0.248127281665802,0.11680912226438522,-11.972514152526855,38.87388229370117,-0.10862106084823608,13.600172996520996,175.53665161132812,g
39.68730545043945,12.467350006103516,2.566873550415039,0.43453821539878845,0.24501994252204895,6.43977689743042,-8.06601619720459,0.6931183338165283,57.33948516845703,150.94338989257812,g
23.483888626098633,10.114476203918457,2.1196186542510986,0.8969776034355164,0.4721425771713257,-4.0822062492370605,-10.911486625671387,0.7811744213104248,50.941688537597656,153.09292602539062,h
11.938640594482422,8.30873966217041,2.2066574096679688,0.5960887670516968,0.3946724534034729,-4.183279037475586,7.633033752441406,-0.9658502340316772,28.778568267822266,184.4622344970703,g
30.91573715209961,10.416316986083984,2.4797823429107666,0.577389657497406,0.30032020807266235,9.101400375366211,-6.474030494689941,1.473854422569275,28.549968719482422,152.8015899658203,g
102.38357543945312,50.141361236572266,3.5866243839263916,0.05874454975128174,0.054773569107055664,-9.984726905822754,48.44425964355469,-0.48238882422447205,-3.8843631744384766,293.4669189453125,g
20.093547821044922,8.556268692016602,2.2428970336914062,0.626188337802887,0.37184688448905945,11.496994018554688,-3.735215187072754,-0.22490361332893372,58.040008544921875,164.50955200195312,g
53.51725387573242,20.311941146850586,2.971928834915161,0.2755824327468872,0.12652353942394257,17.503284454345703,8.56692886352539,1.6259301900863647,22.880212783813477,129.28375244140625,h
43.727783203125,18.306303024291992,2.53889536857605,0.4067346453666687,0.25950098037719727,14.577119827270508,7.42576265335083,-0.2096860110759735,52.623985290527344,172.43165588378906,g
63.16394805908203,33.68101119995117,3.21124529838562,0.16450028121471405,0.09816117584705353,-11.80093765258789,36.58473205566406,-1.9607495069503784,27.779277801513672,195.69851684570312,h
53.90250015258789,25.891948699951172,3.1592540740966797,0.24751754105091095,0.13448704779148102,-4.759523868560791,46.027610778808594,-0.28631195425987244,6.956439971923828,209.7238006591797,g
16.546092987060547,3.0168285369873047,2.2380077838897705,0.6312659978866577,0.4041849374771118,0.6275444030761719,1.4914169311523438,0.003192216157913208,29.99993133544922,178.0026397705078,g
40.39842987060547,12.175209999084473,2.8264496326446533,0.4208486080169678,0.19925622642040253,10.542823791503906,19.075885772705078,1.1435933113098145,19.150760650634766,185.92666625976562,g
193.08778381347656,79.19874572753906,4.185506343841553,0.009408771991729736,0.027289986610412598,-36.995948791503906,-28.25826644897461,4.85581636428833,36.79364776611328,306.9397888183594,h
68.60173797607422,21.746206283569336,3.0015599727630615,0.3135450780391693,0.16094692051410675,3.392892837524414,8.7488431930542,0.7221968173980713,38.1366081237793,152.626220703125,h
75.05204772949219,32.50423812866211,3.18162202835083,0.20891903340816498,0.12307452410459518,-7.41923713684082,28.441112518310547,-0.47683361172676086,3.9834861755371094,249.35560607910156,g
91.63484191894531,39.255855560302734,3.403900146484375,0.1584962159395218,0.09103474020957947,-24.146913528442383,22.291000366210938,-0.09776046872138977,0.8363819122314453,264.63275146484375,g
88.95297241210938,41.579952239990234,3.374126434326172,0.13676190376281738,0.09340329468250275,-4.773738384246826,43.24913787841797,-0.5895934104919434,-0.476837158203125,275.1238098144531,g
5.863655090332031,3.4947433471679688,2.1887662410736084,0.6086893081665039,0.39102399349212646,-6.589717864990234,8.728849411010742,-1.3857848644256592,24.9217472076416,177.70567321777344,g
32.448829650878906,15.370991706848145,2.7128098011016846,0.4036608636379242,0.23203693330287933,9.11983871459961,17.894214630126953,0.02658236026763916,22.014039993286133,168.6721954345703,g
124.61802673339844,66.03791046142578,3.345472812652588,0.17006993293762207,0.1152052953839302,-93.61038208007812,-23.487930297851562,-0.002275228500366211,33.825462341308594,249.24905395507812,h
59.7702522277832,24.20635986328125,2.659909248352051,0.5111232995986938,0.256473571062088,-20.32131004333496,-23.968505859375,1.302677869796753,52.40923309326172,177.47157287597656,h
31.270545959472656,14.453121185302734,2.818772554397583,0.39677515625953674,0.20189239084720612,2.3011422157287598,19.247699737548828,0.1474771946668625,20.380043029785156,186.8091278076172,g
6.740619659423828,5.744239807128906,2.149569034576416,0.686546802520752,0.42423832416534424,3.1188669204711914,5.335435390472412,-0.4842585027217865,30.284570693969727,179.44956970214844,g
21.51987075805664,10.96652889251709,2.4834933280944824,0.5564088821411133,0.28180718421936035,12.422380447387695,1.292048454284668,0.9745051860809326,28.1506404876709,128.2947998046875,h
35.95688247680664,18.435199737548828,2.5674633979797363,0.471979022026062,0.265596479177475,7.919116497039795,16.070510864257812,-0.8244848251342773,44.827091217041016,174.47113037109375,g
5.805030822753906,7.805517196655273,2.069645404815674,0.7007178664207458,0.424990177154541,3.6441216468811035,-10.372353553771973,0.09487804770469666,35.916175842285156,129.00819396972656,h
27.292699813842773,7.959650993347168,2.1131749153137207,0.7057925462722778,0.4575250744819641,-0.2967262268066406,-11.579646110534668,-0.6332011222839355,54.167972564697266,173.78997802734375,g
39.42818832397461,15.724668502807617,2.6967806816101074,0.3684867322444916,0.2164803445339203,-3.9159650802612305,12.31253433227539,-0.06614577770233154,19.982585906982422,185.80496215820312,g
86.27262878417969,31.58233642578125,3.190350294113159,0.3288210928440094,0.15591081976890564,-19.31314468383789,13.25633716583252,2.059576988220215,10.971635818481445,221.2366180419922,g
53.18231964111328,11.155739784240723,3.009247303009033,0.2980395555496216,0.14256951212882996,6.944823741912842,10.930383682250977,1.5385798215866089,17.871421813964844,171.59353637695312,g
12.370403289794922,3.1468029022216797,2.137925863265991,0.7285617589950562,0.44798019528388977,-2.9052789211273193,-3.1431808471679688,0.11946424841880798,30.311450958251953,170.47988891601562,g
78.60617065429688,23.011789321899414,3.1307270526885986,0.28244322538375854,0.16839121282100677,-6.07387638092041,19.577117919921875,0.09934389591217041,31.16535186767578,219.8023223876953,g
66.23841094970703,33.189178466796875,2.882472038269043,0.28662431240081787,0.14680664241313934,-30.115585327148438,-9.544520378112793,-0.06998938322067261,45.49034881591797,177.24496459960938,h
31.167253494262695,10.188508987426758,2.6970396041870117,0.37552839517593384,0.20646503567695618,11.550642013549805,14.754518508911133,0.001910179853439331,21.01746940612793,174.84951782226562,g
78.08183288574219,29.609737396240234,3.2763686180114746,0.29529303312301636,0.1348569393157959,-19.313190460205078,12.698945999145508,1.1427874565124512,6.085409164428711,227.13711547851562,g
85.55683898925781,52.04615020751953,3.5383081436157227,0.08357787132263184,0.057456523180007935,-12.86244010925293,55.870025634765625,-1.2416380643844604,28.006467819213867,244.141845703125,h
78.85559844970703,17.776649475097656,3.114178419113159,0.3018803298473358,0.14446748793125153,5.134713649749756,6.0825090408325195,1.3395276069641113,37.54161834716797,206.22503662109375,g
136.60939025878906,51.695228576660156,3.5000762939453125,0.1343047320842743,0.0733419805765152,-63.2691535949707,-26.929763793945312,2.820622682571411,42.58104705810547,255.4167938232422,h
67.27549743652344,38.45719909667969,2.9696943759918213,0.21125322580337524,0.10444261133670807,-13.635881423950195,19.41409683227539,-1.0644538402557373,36.265689849853516,171.61839294433594,h
68.61903381347656,38.2275276184082,3.3876638412475586,0.1648181974887848,0.08319656550884247,-3.594316244125366,39.420921325683594,0.4446099102497101,12.473092079162598,238.53680419921875,g
68.24946594238281,38.960105895996094,3.362607479095459,0.12219572067260742,0.07750663161277771,0.43082714080810547,58.51911544799805,-1.4883769750595093,0.2991504669189453,260.7964782714844,g
45.99197006225586,14.371244430541992,2.8011934757232666,0.38139426708221436,0.20881754159927368,14.092597961425781,17.94497299194336,1.039236307144165,20.92677116394043,189.1129608154297,g
67.48756408691406,25.29529571533203,2.962291955947876,0.35836443305015564,0.17289799451828003,2.0702290534973145,8.87846851348877,0.7312129735946655,37.4683837890625,151.2352294921875,h
38.297996520996094,18.34769630432129,2.7715537548065186,0.4401640295982361,0.22080861032009125,5.694026470184326,31.32636260986328,0.03962826728820801,14.012626647949219,204.21957397460938,g
52.886043548583984,16.795284271240234,2.9101221561431885,0.331284761428833,0.18808194994926453,8.824508666992188,23.4417724609375,0.5909842252731323,15.397741317749023,192.10107421875,g
15.334789276123047,3.4824695587158203,2.3259458541870117,0.6800586581230164,0.3730565905570984,4.0913987159729,3.585789680480957,0.7233264446258545,27.88976287841797,174.59461975097656,g
8.3359375,4.302389144897461,2.0382375717163086,0.7722907066345215,0.45466169714927673,3.940722942352295,-14.009516716003418,0.5989277362823486,36.913307189941406,161.5175018310547,g
76.55012512207031,24.634004592895508,3.126312494277954,0.3012199401855469,0.1745423972606659,0.7427158355712891,13.789840698242188,1.0733102560043335,40.42863082885742,209.1162872314453,g
159.71022033691406,43.75688934326172,3.9339427947998047,0.09648466110229492,0.04601815342903137,-6.957777976989746,-17.606189727783203,4.829661846160889,39.98326110839844,291.9134521484375,g
76.5044937133789,82.43311309814453,3.5829148292541504,0.21766695380210876,0.09339108318090439,-154.09083557128906,47.17498016357422,0.8265606164932251,50.53771209716797,236.1486053466797,h
32.3835563659668,11.611844062805176,2.548008441925049,0.4900463819503784,0.2635481357574463,12.633613586425781,4.838892936706543,1.091301679611206,28.688186645507812,169.0013885498047,g
87.58016204833984,34.37938690185547,3.3800806999206543,0.22120894491672516,0.10931519418954849,-18.01327896118164,16.109344482421875,1.2494450807571411,7.234148025512695,239.67733764648438,g
61.50542068481445,24.322256088256836,2.909900426864624,0.3404814302921295,0.17578557133674622,-9.450572967529297,6.780540466308594,0.5479175448417664,42.44963455200195,137.21231079101562,h
55.34778594970703,19.151248931884766,2.811189889907837,0.3615938723087311,0.18573206663131714,-6.3872833251953125,5.600896835327148,0.3129969537258148,42.535072326660156,159.4392547607422,g
83.8741455078125,36.07514190673828,3.2723388671875,0.17468029260635376,0.10617630183696747,-0.3509831428527832,31.495304107666016,-0.17816993594169617,2.921710968017578,260.8694152832031,g
38.36238098144531,16.430767059326172,2.7518882751464844,0.38584792613983154,0.20448943972587585,16.170808792114258,19.27606964111328,0.6228803396224976,22.024259567260742,176.56871032714844,g
98.99740600585938,42.58758544921875,3.435438632965088,0.10682570934295654,0.07642890512943268,-5.177579402923584,36.684906005859375,-0.26635023951530457,-1.5051918029785156,280.10601806640625,g
59.47863006591797,27.684673309326172,3.2171292304992676,0.19349518418312073,0.09233088046312332,-0.8923192024230957,46.58184051513672,-0.06255936622619629,7.218729019165039,208.96238708496094,g
58.70446014404297,17.445890426635742,2.9633145332336426,0.3143541216850281,0.1579510122537613,8.588741302490234,17.53369140625,0.42849868535995483,39.34003829956055,164.0156707763672,g
62.708404541015625,20.1397762298584,2.8389525413513184,0.3417382836341858,0.18420463800430298,-16.571243286132812,-1.6544914245605469,0.1026163101196289,40.02883529663086,176.73582458496094,g
38.924339294433594,19.224817276000977,2.520099639892578,0.5336567759513855,0.27326729893684387,-2.5733723640441895,-0.35489368438720703,0.11055615544319153,48.42858123779297,153.77032470703125,h
25.276939392089844,6.234131813049316,2.5203499794006348,0.5263633728027344,0.305010050535202,2.712679386138916,9.740278244018555,0.27893346548080444,22.387807846069336,164.95184326171875,g
5.08099365234375,9.199836730957031,2.0855295658111572,0.7453291416168213,0.4175249934196472,-2.152803897857666,-10.054469108581543,0.12765778601169586,32.031795501708984,124.85858154296875,h
26.105609893798828,10.442943572998047,2.4935288429260254,0.48503533005714417,0.26830968260765076,3.4611778259277344,-0.234771728515625,0.41769251227378845,27.44478988647461,151.7064971923828,g
53.24875259399414,23.971736907958984,3.1829400062561035,0.19964727759361267,0.0945468544960022,6.427821636199951,40.184391021728516,-0.10261151194572449,9.680976867675781,205.2544403076172,g
45.119503021240234,14.354673385620117,2.690674304962158,0.49785906076431274,0.2285693883895874,-7.685382843017578,9.064004898071289,0.3319903612136841,40.77494812011719,179.05950927734375,g
41.73185348510742,21.952054977416992,2.713200092315674,0.39978131651878357,0.21366813778877258,-13.401678085327148,17.71485137939453,-0.16101595759391785,17.176856994628906,198.2216033935547,g
40.64045333862305,11.212294578552246,2.391397714614868,0.5860151052474976,0.34600991010665894,-4.955067157745361,-7.993161201477051,0.1090414822101593,49.75006866455078,178.24612426757812,g
18.008644104003906,11.869492530822754,2.3558263778686523,0.4757584035396576,0.2920214533805847,14.091001510620117,-1.262624740600586,0.25389501452445984,36.197792053222656,143.70265197753906,g
33.91798782348633,10.902559280395508,2.383894681930542,0.539842963218689,0.35220277309417725,7.756078243255615,12.769591331481934,-1.2610551118850708,44.967735290527344,193.69935607910156,g
50.8369026184082,24.32559585571289,2.9925191402435303,0.2380085289478302,0.12595579028129578,-2.7041234970092773,36.92795181274414,-0.07052043080329895,13.18322467803955,195.2050323486328,g
32.28589630126953,17.436935424804688,2.437314510345459,0.6175119876861572,0.30831223726272583,9.633415222167969,3.1959495544433594,0.13038916885852814,49.120201110839844,163.8565673828125,h
56.16463851928711,19.373729705810547,2.9396812915802,0.2754819691181183,0.1472337245941162,8.814142227172852,21.106246948242188,0.6317451596260071,15.830493927001953,183.32640075683594,g
26.23978042602539,7.274208068847656,2.561004877090454,0.4897167682647705,0.27833881974220276,5.890267848968506,11.903666496276855,0.1341019868850708,21.599334716796875,168.66920471191406,g
46.940433502197266,13.249317169189453,2.879138708114624,0.3528045415878296,0.1857670694589615,5.482157230377197,19.493518829345703,0.48705220222473145,14.1005220413208,187.7907257080078,g
45.80949401855469,21.339059829711914,2.8324403762817383,0.29579025506973267,0.16954411566257477,-2.4312219619750977,25.72814178466797,-0.4655872881412506,14.635796546936035,190.31851196289062,g
38.69955825805664,11.845701217651367,2.498631477355957,0.6679512858390808,0.3288448452949524,3.282433032989502,0.8103199005126953,0.9671474695205688,45.49675369262695,162.2669677734375,h
18.30035400390625,2.306497573852539,2.453794002532959,0.5205449461936951,0.30727219581604004,5.100658893585205,6.530439376831055,0.22506962716579437,26.95214080810547,163.29843139648438,g
45.6456184387207,18.679931640625,2.830673933029175,0.3830353319644928,0.18273082375526428,-11.817998886108398,19.623504638671875,0.36725154519081116,14.4479398727417,191.70240783691406,g
38.66278839111328,12.976639747619629,2.532900810241699,0.5196996927261353,0.30009618401527405,3.504941463470459,6.220927715301514,-0.3494527041912079,44.379493713378906,150.31927490234375,h
91.79137420654297,36.605709075927734,3.3435208797454834,0.22259588539600372,0.1138470247387886,-7.90780782699585,28.002174377441406,0.7223078012466431,2.8838138580322266,263.59844970703125,g
29.633447647094727,13.679190635681152,2.757486343383789,0.3638426959514618,0.19013993442058563,9.11661148071289,24.034465789794922,-0.12855491042137146,20.227842330932617,178.98248291015625,g
113.66893005371094,42.765113830566406,3.510150909423828,0.12844491004943848,0.08781768381595612,-16.553918838500977,19.37128257751465,0.7257938981056213,-0.9381542205810547,283.04718017578125,g
48.660133361816406,10.065985679626465,2.8317325115203857,0.3970526456832886,0.2129487693309784,-3.0347273349761963,11.86095142364502,0.38853132724761963,42.63312530517578,174.19717407226562,g
81.41568756103516,34.20225143432617,3.28121280670166,0.28785425424575806,0.1509333699941635,-14.03080940246582,32.11078643798828,0.5337926149368286,1.8496131896972656,249.5936737060547,g
39.51973342895508,16.45121955871582,2.689486265182495,0.36132392287254333,0.21333982050418854,6.144670009613037,17.287765502929688,0.12245643138885498,22.170366287231445,187.53456115722656,g
24.135372161865234,10.901941299438477,2.485750436782837,0.4868772625923157,0.29350030422210693,7.69592809677124,11.579764366149902,-0.23754236102104187,23.242671966552734,153.09951782226562,g
49.802433013916016,24.31614112854004,2.878815174102783,0.30480122566223145,0.15248268842697144,6.418949604034424,18.4439697265625,0.3411991596221924,49.572364807128906,179.064208984375,g
16.53493881225586,8.987504959106445,2.2727112770080566,0.5486259460449219,0.35747987031936646,4.230854511260986,5.0619587898254395,-0.4379315674304962,31.263906478881836,176.39231872558594,g
46.64821243286133,20.192834854125977,3.074324131011963,0.209380641579628,0.10061612725257874,13.406776428222656,38.63648223876953,0.0676594078540802,14.007096290588379,190.3310546875,g
27.131982803344727,8.627147674560547,2.398653030395508,0.5733355283737183,0.3359578549861908,2.7199249267578125,4.724966526031494,0.398829847574234,26.4807071685791,187.8808135986328,g
19.085445404052734,5.000133514404297,2.122349977493286,0.7109451293945312,0.42497745156288147,3.354783058166504,-17.471263885498047,0.2468312680721283,60.923492431640625,146.17947387695312,h
61.246925354003906,26.564870834350586,3.1641340255737305,0.18362446129322052,0.09016269445419312,11.14781379699707,43.0540657043457,-0.004107236862182617,8.636804580688477,207.3227996826172,g
22.51572608947754,6.4485063552856445,2.434105157852173,0.49885329604148865,0.3052369952201843,1.8566536903381348,3.9650321006774902,-0.11020553112030029,25.305606842041016,153.19375610351562,g
28.27903175354004,14.93786907196045,2.4839861392974854,0.468949556350708,0.2514961063861847,12.176811218261719,-0.5412454605102539,0.8032722473144531,32.47348403930664,162.69461059570312,g
8.778480529785156,2.5160293579101562,2.1974105834960938,0.6357333064079285,0.3899887204170227,-0.9284286499023438,-5.183720588684082,-0.154544860124588,31.546222686767578,159.6216583251953,g
18.565547943115234,3.9275379180908203,2.4119255542755127,0.6227261424064636,0.3280622959136963,8.831066131591797,-1.592116355895996,1.2511975765228271,31.22561264038086,166.75889587402344,g
147.0360107421875,87.61894226074219,3.4168951511383057,0.09237471222877502,0.08361592888832092,-151.45162963867188,-19.077808380126953,-1.2126437425613403,26.127822875976562,332.4364013671875,h
66.32884216308594,26.026748657226562,2.7467312812805176,0.48751163482666016,0.2778264284133911,-22.700422286987305,-28.41192626953125,-0.565410852432251,40.49436950683594,229.06939697265625,h
54.63611602783203,20.35066795349121,2.938812732696533,0.2929362654685974,0.14425426721572876,-3.8669025897979736,22.506290435791016,0.3925674557685852,12.4817476272583,194.01522827148438,g
58.05160140991211,24.849050521850586,3.027841329574585,0.24942855536937714,0.14780840277671814,20.986888885498047,32.99229431152344,0.5028375387191772,17.74420928955078,210.24227905273438,g
24.687902450561523,13.348196029663086,2.681954860687256,0.3946927487850189,0.2419264316558838,8.079488754272461,22.475387573242188,-0.6232379674911499,23.178237915039062,193.04493713378906,g
43.704776763916016,19.288005828857422,2.679774284362793,0.39765268564224243,0.2218092381954193,8.603404998779297,15.718266487121582,-0.7303123474121094,44.326995849609375,192.29904174804688,g
81.43690490722656,31.810821533203125,3.290660858154297,0.16872720420360565,0.10053791850805283,3.816502094268799,31.37820816040039,0.17096221446990967,3.9017791748046875,243.49203491210938,g
51.6353759765625,20.25153350830078,2.9330406188964844,0.2861021161079407,0.13769224286079407,19.889404296875,22.042524337768555,1.0948296785354614,20.306840896606445,179.70530700683594,g
95.12673950195312,47.3092041015625,3.7720537185668945,0.14880497753620148,0.06749586760997772,-45.15847396850586,-2.276559829711914,1.447733998298645,42.5282096862793,221.5880584716797,h
2.197887420654297,3.0462684631347656,2.1407113075256348,0.7023828029632568,0.4087292551994324,5.120697498321533,-3.1570301055908203,0.14463107287883759,34.637142181396484,160.48355102539062,g
37.44541931152344,13.474919319152832,2.5277066230773926,0.5563013553619385,0.2976241111755371,6.22527551651001,6.4876790046691895,0.12419790029525757,46.24754333496094,156.80555725097656,h
92.06634521484375,34.48322296142578,3.353921413421631,0.14391206204891205,0.07288184762001038,0.620760440826416,28.50726318359375,0.7208213806152344,4.215492248535156,249.36077880859375,g
15.753528594970703,8.633131980895996,2.264967679977417,0.656542181968689,0.368683397769928,13.015867233276367,-0.10856819152832031,0.5484490394592285,31.648338317871094,172.51800537109375,g
21.414762496948242,9.43719482421875,2.3729770183563232,0.5075652599334717,0.3195917010307312,13.834358215332031,2.21407413482666,-0.09091639518737793,30.05755615234375,158.0683135986328,g
23.419368743896484,10.429279327392578,2.597588300704956,0.39254292845726013,0.22188800573349,20.423126220703125,10.810225486755371,0.31339937448501587,29.49410629272461,150.40248107910156,g
128.48887634277344,36.91294479370117,3.6810877323150635,0.17388303577899933,0.08510233461856842,4.212630748748779,-41.60948944091797,5.385143756866455,57.041473388671875,189.40354919433594,h
28.46384048461914,11.435128211975098,2.7184083461761475,0.4031626284122467,0.22388865053653717,8.579854965209961,25.655736923217773,-0.25027087330818176,19.001224517822266,184.16014099121094,g
16.134727478027344,2.339151382446289,2.169825553894043,0.7731940746307373,0.44175589084625244,-1.9039649963378906,-9.18554973602295,0.8069243431091309,29.3720703125,171.13026428222656,g
62.31035614013672,24.36965560913086,3.1842527389526367,0.22959744930267334,0.1180960163474083,8.188638687133789,32.90366744995117,0.885528564453125,13.072535514831543,207.72080993652344,g
53.72141647338867,20.598154067993164,3.104548215866089,0.253145694732666,0.11725622415542603,2.4776840209960938,31.36597442626953,0.4573940336704254,10.85161018371582,188.62977600097656,g
15.559791564941406,9.95352840423584,2.385624647140503,0.5740442872047424,0.32963091135025024,8.3875732421875,10.479116439819336,-0.10187757015228271,26.87961196899414,164.84996032714844,g
14.785903930664062,3.336162567138672,2.3771257400512695,0.6168774366378784,0.33641403913497925,8.92270278930664,5.11236047744751,0.7479985952377319,29.794103622436523,174.21925354003906,g
170.14024353027344,92.21052551269531,3.677943706512451,0.1488659679889679,0.10487841814756393,-165.57945251464844,-60.11885452270508,4.040759086608887,52.06505584716797,293.2694091796875,h
35.24395751953125,14.208728790283203,2.4458231925964355,0.6112666130065918,0.3288221061229706,0.8843450546264648,-0.13955307006835938,-0.110709547996521,44.64954376220703,145.50491333007812,h
46.019290924072266,22.13016128540039,3.0490715503692627,0.2965787649154663,0.16576476395130157,-14.272687911987305,36.87529373168945,-0.7817180156707764,7.554710388183594,202.54403686523438,g
38.25492477416992,14.88637638092041,2.4143483638763428,0.5037167072296143,0.32815906405448914,-5.041968822479248,5.321849346160889,-1.042292833328247,47.84535217285156,191.1873779296875,g
12.433403015136719,3.810199737548828,2.1754369735717773,0.6327657699584961,0.4004780054092407,-2.0747463703155518,-4.980446815490723,-0.3262340724468231,31.2343807220459,179.66485595703125,g
15.591251373291016,5.057695388793945,2.3651413917541504,0.5800912380218506,0.3412099778652191,7.253015041351318,8.165545463562012,0.1213545948266983,28.14682388305664,173.91368103027344,g
107.13648986816406,41.756072998046875,3.3282926082611084,0.17364445328712463,0.06810155510902405,-32.907047271728516,-22.18020248413086,2.071958303451538,44.231300354003906,208.44261169433594,h
56.89420700073242,24.00542449951172,2.7115604877471924,0.41920945048332214,0.21293708682060242,-0.9615983963012695,1.1223630905151367,0.4312486946582794,45.547019958496094,163.77427673339844,h
162.06024169921875,89.97211456298828,3.7701568603515625,0.03392273187637329,0.04583980143070221,-118.29207611083984,-2.5041494369506836,0.9201524257659912,28.18146324157715,294.15606689453125,h
30.742752075195312,12.382997512817383,2.6890363693237305,0.49525707960128784,0.24353298544883728,7.852924823760986,22.47955322265625,0.5269400477409363,18.476303100585938,187.57925415039062,g
54.191368103027344,23.081525802612305,3.0899882316589355,0.19541071355342865,0.10184372961521149,16.066171646118164,40.786556243896484,-0.028679221868515015,12.365570068359375,205.14181518554688,g
19.450180053710938,6.846087455749512,2.360121726989746,0.5384408831596375,0.3371063470840454,11.174795150756836,5.453329086303711,-0.18253245949745178,28.96476173400879,180.91636657714844,g
60.38394546508789,24.244796752929688,3.052273750305176,0.19462983310222626,0.10541533678770065,20.6522159576416,28.94382095336914,0.6427002549171448,18.503128051757812,210.2160186767578,g
46.314453125,22.06944465637207,3.0135912895202637,0.21529985964298248,0.11221786588430405,21.49887466430664,37.60404586791992,0.13781870901584625,18.022403717041016,198.06103515625,g
26.14006996154785,8.6638822555542,2.3355636596679688,0.5616456270217896,0.36078521609306335,3.9922995567321777,-8.047245979309082,0.10640451312065125,28.40735626220703,155.86865234375,g
94.22883605957031,40.49683380126953,3.4301981925964355,0.15323548018932343,0.10479390621185303,-5.674036502838135,40.598079681396484,0.16560544073581696,-0.406494140625,266.401611328125,g
86.77433013916016,41.32633972167969,3.2339658737182617,0.19954584538936615,0.11135619133710861,-30.566303253173828,4.4396281242370605,-1.1521283388137817,28.31991958618164,236.26031494140625,h
57.923553466796875,36.063201904296875,2.7821600437164307,0.36250028014183044,0.16160057485103607,-32.241756439208984,-1.149820327758789,-0.5416533946990967,42.0890998840332,177.4823760986328,h
51.25022506713867,11.928160667419434,2.81923770904541,0.3256244659423828,0.194542795419693,14.514320373535156,18.463611602783203,-0.12019917368888855,42.18484878540039,180.1143035888672,g
36.6405143737793,11.438775062561035,2.799805164337158,0.37056973576545715,0.19741927087306976,5.525110721588135,15.4320068359375,0.491616427898407,20.353702545166016,170.2686004638672,g
39.019832611083984,16.569843292236328,2.7895984649658203,0.37256506085395813,0.20917311310768127,9.663856506347656,24.865734100341797,-0.09273043274879456,17.355493545532227,194.66685485839844,g
152.501220703125,53.29541778564453,3.5858237743377686,0.23877008259296417,0.15707990527153015,-90.83839416503906,-52.907508850097656,5.232814311981201,50.66712188720703,247.46510314941406,h
43.73503875732422,12.587080955505371,2.450277805328369,0.5716120600700378,0.34314364194869995,2.749115467071533,2.6940407752990723,0.2554018795490265,50.68457794189453,204.6716766357422,g
33.307899475097656,11.728647232055664,2.692499876022339,0.3968345522880554,0.2388928383588791,4.6857991218566895,22.981361389160156,-0.3200438916683197,17.091053009033203,176.60299682617188,g
51.20866012573242,21.27943992614746,2.875274181365967,0.2890685200691223,0.1593858301639557,12.487760543823242,22.498016357421875,0.7341935634613037,21.955280303955078,195.08071899414062,g
19.380901336669922,6.943605422973633,2.262611150741577,0.7139924764633179,0.3926469683647156,-4.71462345123291,-0.05175971984863281,0.5950870513916016,26.579748153686523,186.52362060546875,g
41.582000732421875,14.546940803527832,2.6399178504943848,0.44834741950035095,0.23188191652297974,-1.3227829933166504,-1.5633068084716797,-0.30631300806999207,45.36591339111328,173.6776580810547,g
90.25546264648438,37.28449249267578,3.198547124862671,0.23559148609638214,0.10114756226539612,-66.18756866455078,-5.439723968505859,0.4607558846473694,34.96171188354492,218.8666534423828,h
69.77021789550781,32.126102447509766,3.3319971561431885,0.13475404679775238,0.0693863034248352,14.416265487670898,46.92839050292969,0.4219224750995636,10.740995407104492,221.03622436523438,g
35.66297149658203,13.273341178894043,2.839935302734375,0.3483492434024811,0.17397697269916534,5.2751336097717285,24.213211059570312,0.1636521816253662,16.438552856445312,171.0026092529297,g
71.17617797851562,36.798946380615234,3.350886106491089,0.13801176846027374,0.0832635760307312,-1.6927924156188965,46.87054443359375,-0.8126654624938965,2.6645469665527344,249.51170349121094,g
22.555330276489258,11.622956275939941,2.438476085662842,0.538887619972229,0.31816521286964417,6.368049144744873,10.203944206237793,-0.10210675001144409,23.94356918334961,153.01235961914062,g
47.10158920288086,20.664306640625,2.7862093448638916,0.30903199315071106,0.19064071774482727,6.360462665557861,27.547496795654297,-0.2583671510219574,17.050701141357422,201.5474853515625,g
76.22740936279297,41.53271484375,3.449723958969116,0.08100652694702148,0.04192635416984558,0.5369076728820801,51.27590560913086,-0.3282075822353363,4.838476181030273,247.47093200683594,g
161.70703125,65.41645812988281,3.80610728263855,0.08124417066574097,0.06494331359863281,-74.99431610107422,-6.271943092346191,3.9782166481018066,37.67585754394531,275.6619873046875,h
48.87323760986328,26.47418212890625,3.1127235889434814,0.2707386910915375,0.14842768013477325,-7.53096866607666,47.70280075073242,-0.7733107805252075,6.934244155883789,212.16189575195312,g
52.882301330566406,31.236392974853516,3.286827802658081,0.20160607993602753,0.10481441020965576,-11.886861801147461,47.25474166870117,-0.9781454801559448,4.8526153564453125,226.91143798828125,g
51.18149185180664,22.723752975463867,3.0864903926849365,0.2230379432439804,0.09963025152683258,8.654594421386719,32.0103759765625,0.6029595136642456,16.016765594482422,182.7310333251953,g
29.370210647583008,9.036020278930664,2.616184711456299,0.47345978021621704,0.25494226813316345,11.292633056640625,13.921825408935547,0.43783068656921387,22.814498901367188,181.25303649902344,g
29.057252883911133,17.45218276977539,2.5717387199401855,0.39682725071907043,0.23323333263397217,21.584123611450195,9.486478805541992,0.2646293640136719,30.238502502441406,147.72555541992188,h
73.26234436035156,31.122379302978516,3.2570478916168213,0.2653076648712158,0.13352219760417938,-14.083789825439453,33.65053176879883,0.13397285342216492,1.8535881042480469,237.67237854003906,g
73.42210388183594,28.879331588745117,3.131988048553467,0.24309653043746948,0.15188586711883545,-3.228358745574951,11.49924087524414,-0.05292496085166931,39.05235290527344,213.21864318847656,g
56.95072555541992,23.377233505249023,3.0505690574645996,0.2618599534034729,0.1451808214187622,3.70058012008667,35.44021987915039,-0.05980578064918518,9.354564666748047,211.1172332763672,g
229.3705291748047,71.63806915283203,4.090818405151367,0.1626819670200348,0.08166724443435669,-118.56944274902344,-124.32861328125,11.19482135772705,72.09767150878906,240.84568786621094,h
39.10505294799805,14.095486640930176,2.771888017654419,0.3793845474720001,0.21497857570648193,6.3698906898498535,21.110794067382812,0.24104151129722595,18.536537170410156,172.2197265625,g
31.610036849975586,13.492720603942871,2.5602731704711914,0.4461669325828552,0.26121360063552856,7.292176723480225,13.91802978515625,0.08330124616622925,23.196359634399414,170.87843322753906,g
56.64818572998047,13.062029838562012,2.7333319187164307,0.4849068820476532,0.2551175355911255,1.6714487075805664,6.3758463859558105,0.7185224294662476,40.64021301269531,193.37413024902344,g
53.32260513305664,34.29309844970703,2.59780216217041,0.3823389708995819,0.22287485003471375,-35.156768798828125,-11.461884498596191,-0.7104871273040771,50.482398986816406,168.24913024902344,h
45.77122116088867,19.798383712768555,2.9880526065826416,0.2785583436489105,0.14731982350349426,7.229875087738037,27.32494354248047,-0.1359279453754425,13.571369171142578,191.47116088867188,g
53.68942642211914,28.07440757751465,3.198374032974243,0.18239623308181763,0.09248103201389313,7.869558811187744,49.642330169677734,-0.38803961873054504,9.816936492919922,212.13475036621094,g
17.30074691772461,5.754158020019531,2.067119598388672,0.7758674621582031,0.45934727787971497,-4.280242443084717,-13.648282051086426,-0.11232191324234009,57.509552001953125,169.0800323486328,g
47.362369537353516,19.884483337402344,2.711177349090576,0.3827792704105377,0.23143889009952545,2.905550956726074,9.422779083251953,-0.11160778999328613,18.76559066772461,193.9073028564453,g
47.606712341308594,24.092546463012695,2.8193488121032715,0.2874915599822998,0.18152719736099243,25.74869728088379,33.41750717163086,-0.15380743145942688,20.5423583984375,213.40335083007812,g
49.87289810180664,19.14634895324707,2.866408586502075,0.3605881929397583,0.1903804987668991,0.5979070663452148,27.34038543701172,-0.874107837677002,35.73841857910156,204.45285034179688,g
18.035900115966797,10.378377914428711,2.2953600883483887,0.6473910212516785,0.35446611046791077,6.4704203605651855,0.1538238525390625,0.5865680575370789,29.252710342407227,149.01461791992188,h
20.116924285888672,24.131872177124023,2.7485263347625732,0.4250456988811493,0.22440510988235474,-9.784040451049805,10.946425437927246,-0.8582648038864136,24.170421600341797,174.13336181640625,h
26.221166610717773,12.244767189025879,2.5349819660186768,0.45358288288116455,0.28005439043045044,5.394525051116943,16.773826599121094,-0.7742384672164917,20.978816986083984,196.16433715820312,g
32.0352783203125,11.241626739501953,2.6604769229888916,0.4304404854774475,0.23965123295783997,12.677242279052734,14.77060317993164,0.2866204082965851,23.340917587280273,190.63125610351562,g
60.16421127319336,20.407955169677734,3.132362127304077,0.22026950120925903,0.10964703559875488,8.599952697753906,29.48754119873047,0.44159212708473206,10.559125900268555,196.44017028808594,g
116.13494873046875,35.55159378051758,3.3844823837280273,0.23818963766098022,0.11699511110782623,0.05744647979736328,-33.233848571777344,4.662474632263184,55.32762145996094,195.412841796875,h
36.808597564697266,17.892406463623047,2.7294294834136963,0.3925229012966156,0.20473572611808777,22.834571838378906,24.209197998046875,0.541445255279541,23.706253051757812,190.04481506347656,g
4.325946807861328,3.2921619415283203,2.081782579421997,0.6656128168106079,0.42560988664627075,5.564412593841553,-7.2950849533081055,-0.42441442608833313,35.795658111572266,165.16261291503906,g
41.1407356262207,20.806564331054688,2.781508445739746,0.3123832941055298,0.18552184104919434,22.29175567626953,25.59405517578125,0.1360567957162857,22.783798217773438,184.99862670898438,g
50.98270034790039,16.73968505859375,2.9850640296936035,0.3070579171180725,0.15166419744491577,9.51310920715332,20.36592674255371,0.857837438583374,15.491853713989258,178.49365234375,g
30.293067932128906,8.230055809020996,2.6519553661346436,0.4121308922767639,0.22793790698051453,9.563884735107422,10.963221549987793,0.8795959949493408,26.962419509887695,165.69439697265625,g
30.480398178100586,21.553369522094727,2.4908523559570312,0.5314667820930481,0.3304249346256256,-32.53706359863281,7.29172420501709,-0.8583858013153076,53.057373046875,194.7406463623047,h
58.496376037597656,24.0465087890625,3.0616073608398438,0.21991027891635895,0.12325165420770645,17.751808166503906,30.729209899902344,0.605474054813385,17.870494842529297,207.1001739501953,g
47.21908187866211,14.771683692932129,2.532120943069458,0.6321332454681396,0.3356090784072876,11.939107894897461,-4.84938907623291,1.463853359222412,52.93533706665039,183.79638671875,h
24.85799789428711,14.120789527893066,2.523787021636963,0.4349435269832611,0.2246357500553131,22.85300064086914,-2.4254961013793945,0.9088302850723267,32.963233947753906,117.22943115234375,h
69.47734069824219,52.193763732910156,2.907038450241089,0.2443062961101532,0.14178156852722168,-78.07584381103516,-7.967347145080566,-2.476107120513916,37.51214599609375,229.8992462158203,h
111.33694458007812,41.94135284423828,3.142732620239258,0.3243299722671509,0.21328185498714447,-70.05491638183594,-17.750972747802734,1.5483139753341675,36.536033630371094,226.94705200195312,h
38.41605758666992,9.95826244354248,2.6832830905914307,0.4386349320411682,0.23519077897071838,-7.882089614868164,7.39439582824707,0.5124286413192749,18.277565002441406,175.40164184570312,g
34.92921447753906,13.216060638427734,2.5818567276000977,0.4250716269016266,0.26474785804748535,15.147851943969727,16.187162399291992,-0.7604656219482422,49.51427459716797,193.9352264404297,g
168.6565399169922,63.998130798339844,3.78239107131958,0.155861496925354,0.08741039037704468,-82.51826477050781,-39.001487731933594,5.602634906768799,43.33274459838867,228.08421325683594,h
33.767799377441406,14.090453147888184,2.6210713386535645,0.47409605979919434,0.24899862706661224,-16.470060348510742,3.6211400032043457,0.3264290988445282,21.81804656982422,186.74826049804688,g
16.301124572753906,4.3514556884765625,2.1647446155548096,0.7903350591659546,0.44481417536735535,-5.788402557373047,-9.697033882141113,0.764912486076355,27.224538803100586,158.8027801513672,g
3.3559417724609375,4.593217849731445,2.090306043624878,0.684893012046814,0.4138376712799072,4.368505954742432,-10.332873344421387,-0.10723716020584106,35.61045837402344,145.49073791503906,g
61.34809112548828,31.31094741821289,2.723170518875122,0.43660768866539,0.23633712530136108,-49.421791076660156,-11.93420124053955,0.61846923828125,51.2252082824707,209.84173583984375,h
26.97045135498047,7.7902326583862305,2.4882919788360596,0.6436259150505066,0.3202700614929199,9.905462265014648,3.185147762298584,1.5905194282531738,27.315279006958008,179.67730712890625,g
32.55624771118164,9.517309188842773,2.395609140396118,0.6103273630142212,0.3368782699108124,3.9336981773376465,-3.7316246032714844,0.098055899143219,48.59379196166992,152.77804565429688,h
17.72602081298828,10.71806526184082,2.481865167617798,0.6161924004554749,0.3147245943546295,3.5323262214660645,7.36198616027832,0.7020359039306641,27.804931640625,184.97142028808594,g
61.53983688354492,23.093534469604492,3.0392210483551025,0.26413846015930176,0.14383795857429504,-8.104691505432129,14.385313987731934,-0.3837796151638031,8.258279800415039,220.29769897460938,g
28.315914154052734,12.653557777404785,2.5639796257019043,0.4651489853858948,0.2547442317008972,3.603428363800049,11.185199737548828,0.10492908954620361,22.779632568359375,160.49685668945312,g
38.7177734375,11.882521629333496,2.4746928215026855,0.5213017463684082,0.31202268600463867,3.488682270050049,6.833467483520508,-0.5910294055938721,45.386940002441406,186.07281494140625,g
28.707120895385742,11.622923851013184,2.5207417011260986,0.4964004456996918,0.26825565099716187,22.038036346435547,9.145712852478027,1.0063865184783936,30.573171615600586,185.064697265625,g
53.01450729370117,17.870140075683594,2.8618228435516357,0.34167030453681946,0.17404131591320038,2.4216341972351074,13.47623348236084,0.8330133557319641,16.767192840576172,188.61785888671875,g
80.52680969238281,35.33387756347656,3.3071556091308594,0.19173027575016022,0.10122518986463547,-16.77178955078125,26.540542602539062,-0.8632199764251709,26.27956199645996,217.72625732421875,h
65.28417205810547,38.983924865722656,3.0680906772613525,0.24583765864372253,0.13532468676567078,-9.025028228759766,22.11988067626953,-1.2877167463302612,37.70420837402344,225.4915313720703,h
54.933204650878906,22.213375091552734,3.0628387928009033,0.2854807376861572,0.1487189084291458,4.7714104652404785,37.953590393066406,-0.13693538308143616,6.717020034790039,209.0128173828125,g
25.04658317565918,10.746176719665527,2.1788034439086914,0.7838077545166016,0.4403548240661621,-7.0760040283203125,-11.163500785827637,0.4583359360694885,53.77904510498047,141.44691467285156,h
73.16639709472656,34.315067291259766,3.310795783996582,0.13886332511901855,0.079763263463974,8.001140594482422,45.71669387817383,-0.33829644322395325,5.341184616088867,242.734375,g
75.51333618164062,29.25815773010254,3.1010305881500244,0.2770582139492035,0.17285487055778503,-9.052206993103027,25.67951202392578,0.3007732927799225,6.6168212890625,234.2059326171875,g
55.18118667602539,32.57917785644531,3.110384225845337,0.27353379130363464,0.14710085093975067,-11.268386840820312,16.224071502685547,-0.6140751838684082,41.93880081176758,189.107421875,h
21.333595275878906,3.646455764770508,2.4296953678131104,0.5153975486755371,0.3093770146369934,9.022123336791992,2.048543930053711,0.30520209670066833,28.534162521362305,166.90127563476562,g
36.250999450683594,9.642916679382324,2.5132102966308594,0.4965207874774933,0.30319103598594666,6.897914409637451,11.204071998596191,-0.5161296129226685,46.3201904296875,179.19192504882812,g
46.6768913269043,18.76215934753418,2.9010891914367676,0.2845351994037628,0.14833971858024597,-2.669257402420044,23.6126708984375,0.27792465686798096,16.18506622314453,178.58534240722656,g
49.267913818359375,21.089752197265625,2.87638258934021,0.31959354877471924,0.16957232356071472,-2.9390580654144287,6.504589080810547,0.20305679738521576,19.002487182617188,194.66554260253906,g
28.824764251708984,17.43092918395996,2.4575517177581787,0.4788026809692383,0.27963531017303467,3.0814857482910156,7.8198933601379395,-0.8520325422286987,51.279052734375,154.13807678222656,h
21.359668731689453,9.057388305664062,2.4130687713623047,0.4721943438053131,0.29964399337768555,15.20431137084961,6.180694103240967,-0.29173609614372253,29.457612991333008,179.6536102294922,g
48.71577453613281,42.82872009277344,3.3999645709991455,0.2624680995941162,0.11928720772266388,-39.83818817138672,28.024398803710938,-1.7975002527236938,36.785560607910156,253.3463134765625,h
25.010547637939453,11.499190330505371,2.612672805786133,0.434307724237442,0.2332332730293274,-1.8644979000091553,9.022403717041016,0.514938473701477,26.068267822265625,138.95535278320312,g
50.93707275390625,31.511932373046875,2.992277145385742,0.37351006269454956,0.18480388820171356,-22.03772735595703,-3.3943967819213867,-0.38042744994163513,44.44470977783203,182.6785430908203,h
36.992767333984375,16.36166000366211,2.756556272506714,0.3802478611469269,0.19839408993721008,12.073684692382812,22.50276756286621,0.30830609798431396,20.483366012573242,190.68411254882812,g
24.273324966430664,7.389730453491211,2.6932291984558105,0.4096165895462036,0.22932729125022888,-0.021416664123535156,13.314603805541992,0.06459730863571167,22.794452667236328,160.29971313476562,g
45.316627502441406,13.390695571899414,2.7404448986053467,0.4034828245639801,0.23348157107830048,1.984649658203125,9.781393051147461,-0.09499391913414001,44.40202713012695,161.51107788085938,g
69.21257781982422,40.20225524902344,3.0136985778808594,0.1758837252855301,0.1000835970044136,18.622028350830078,24.14301872253418,0.949937105178833,22.30228042602539,174.8720703125,h
88.22199249267578,37.689178466796875,3.3554582595825195,0.1493498533964157,0.09660439193248749,-3.6040589809417725,35.259822845458984,-0.22566089034080505,1.6212120056152344,265.3514709472656,g
45.273780822753906,30.400177001953125,3.04536771774292,0.2118980884552002,0.08945495635271072,17.489158630371094,33.08574676513672,-0.07907617092132568,17.74746322631836,171.08950805664062,h
31.89202880859375,9.469367027282715,2.6588938236236572,0.4713316559791565,0.2412690818309784,13.518260955810547,9.603046417236328,1.1547588109970093,26.0299072265625,180.85646057128906,g
81.58448028564453,27.870208740234375,2.9482102394104004,0.4140155613422394,0.22827912867069244,-34.22797393798828,6.927858352661133,0.30533528327941895,32.750858306884766,237.53512573242188,g
84.00052642822266,36.12116241455078,2.9775636196136475,0.37963056564331055,0.23421090841293335,-54.4005126953125,-11.743998527526855,-1.1776864528656006,29.67094612121582,266.3753662109375,h
58.8065071105957,23.68726348876953,2.9931480884552,0.2611861228942871,0.13556760549545288,2.713536262512207,25.78970718383789,0.776803195476532,16.977352142333984,197.3000946044922,g
20.061016082763672,7.51698112487793,2.539486885070801,0.4841933846473694,0.26955246925354004,9.621210098266602,14.431365966796875,0.06489786505699158,24.724990844726562,164.79061889648438,g
95.24514770507812,29.103729248046875,3.346851348876953,0.27172309160232544,0.1541627198457718,-24.540128707885742,0.09648609161376953,1.3379346132278442,35.231414794921875,223.40292358398438,g
48.78953552246094,10.383430480957031,2.893425464630127,0.33337798714637756,0.17107388377189636,9.703628540039062,10.989554405212402,1.1923490762710571,19.236408233642578,173.97451782226562,g
42.829498291015625,13.672932624816895,2.633511543273926,0.4488729238510132,0.24474364519119263,11.917713165283203,-1.8459882736206055,0.516255259513855,49.81922912597656,142.40496826171875,h
67.33769226074219,27.752546310424805,3.082040786743164,0.2455560564994812,0.14371445775032043,-7.668252944946289,15.223105430603027,-0.2029021680355072,8.84554672241211,228.48797607421875,g
123.63717651367188,57.44435119628906,3.4674925804138184,0.17052727937698364,0.10943429172039032,-79.46129608154297,-11.26086139678955,1.664949655532837,38.303340911865234,265.5098571777344,h
30.95554542541504,7.145798683166504,2.2921767234802246,0.6701297760009766,0.40698254108428955,2.461458206176758,0.958338737487793,-0.21547982096672058,50.15936279296875,192.5019073486328,g
51.134830474853516,40.67021560668945,2.7468392848968506,0.43754076957702637,0.20536842942237854,-69.314208984375,-6.955304145812988,0.4784013628959656,23.08135223388672,195.47833251953125,h
74.48368072509766,45.970558166503906,3.221389055252075,0.13930357992649078,0.08623780310153961,-19.857057571411133,49.8962516784668,-0.7107094526290894,6.195341110229492,247.12969970703125,g
61.24765396118164,24.7631778717041,3.155219554901123,0.2255067676305771,0.10460270941257477,-0.2869534492492676,23.832218170166016,0.11230781674385071,9.78610610961914,210.36264038085938,g
48.552494049072266,9.076207160949707,2.66011905670166,0.6120710968971252,0.3001921772956848,1.718886375427246,6.060469150543213,1.2845500707626343,41.774417877197266,189.442138671875,g
61.22531509399414,24.33383560180664,2.8920764923095703,0.3011545240879059,0.16000036895275116,-4.1898722648620605,6.207989692687988,0.14053532481193542,41.90993118286133,154.66824340820312,h
52.155696868896484,15.264602661132812,2.9017488956451416,0.3228178024291992,0.1520606279373169,10.68083381652832,12.465181350708008,1.6120549440383911,21.616615295410156,180.4475555419922,g
47.615394592285156,19.41915512084961,2.8853323459625244,0.30895352363586426,0.14687839150428772,-7.609947204589844,19.357166290283203,0.3446938693523407,16.237564086914062,188.73194885253906,g
163.63763427734375,72.1434555053711,3.5803489685058594,0.07526230812072754,0.04152099788188934,-96.36094665527344,-47.10807418823242,2.414846181869507,39.75703430175781,299.2429504394531,h
2.118915557861328,1.1455764770507812,2.1338417530059814,0.6270480155944824,0.4084843397140503,3.280060291290283,-3.682927131652832,-0.5295116901397705,35.02842330932617,159.1142578125,g
122.73153686523438,81.74629974365234,3.3595845699310303,0.20294161140918732,0.13257820904254913,-166.50331115722656,-8.06309986114502,0.2253166288137436,37.056697845458984,281.5583801269531,h
73.24993896484375,32.45272445678711,3.1216206550598145,0.27274179458618164,0.15764133632183075,-29.207504272460938,2.72324275970459,-0.4135994017124176,6.875520706176758,242.96168518066406,g
37.00324249267578,17.524057388305664,2.741425037384033,0.3719339072704315,0.19515734910964966,17.76694679260254,18.884532928466797,0.46327826380729675,22.14438247680664,165.6423797607422,g
17.12692642211914,12.93330192565918,2.222266912460327,0.715264081954956,0.3967468738555908,-1.5527746677398682,-0.023754119873046875,0.26413097977638245,25.68014144897461,140.54046630859375,h
79.90414428710938,31.28658103942871,3.150430202484131,0.24412813782691956,0.14171186089515686,-8.880006790161133,11.410813331604004,0.7302483320236206,10.549392700195312,228.58877563476562,g
75.47135162353516,29.392417907714844,3.2806007862091064,0.19468313455581665,0.10458266735076904,9.289466857910156,40.81180191040039,0.5072801113128662,6.781867980957031,233.58766174316406,g
10.361499786376953,3.5921764373779297,2.297154426574707,0.6682711839675903,0.36071622371673584,11.332258224487305,-0.42369842529296875,0.9726570844650269,33.7977294921875,172.7765655517578,g
33.35055923461914,15.877071380615234,2.8076605796813965,0.35833778977394104,0.19787269830703735,2.5534400939941406,28.822307586669922,-0.3011338412761688,17.56130599975586,188.47256469726562,g
174.86680603027344,78.62918090820312,3.6679184436798096,0.16330252587795258,0.08753623068332672,-127.93396759033203,-89.66354370117188,3.751077651977539,48.586944580078125,311.9668884277344,h
60.36674118041992,15.204011917114258,2.859436273574829,0.350474089384079,0.19010604918003082,13.561321258544922,-2.762758255004883,1.0573458671569824,47.05284881591797,154.5427703857422,g
48.969512939453125,20.890422821044922,2.8479692935943604,0.29474595189094543,0.16565173864364624,22.822032928466797,22.476985931396484,0.5105690360069275,21.614173889160156,191.56515502929688,g
56.459075927734375,25.997846603393555,3.0094573497772217,0.29943734407424927,0.16898253560066223,-10.492793083190918,31.828990936279297,-1.2279237508773804,31.46274185180664,195.78208923339844,g
38.75389099121094,12.298009872436523,2.5603246688842773,0.4723285734653473,0.262570321559906,15.820354461669922,5.212334156036377,-0.12688741087913513,47.180572509765625,152.4542236328125,g
36.113197326660156,10.066522598266602,2.53249192237854,0.5194425582885742,0.30228391289711,6.736541271209717,6.708510398864746,-0.1841067373752594,47.71482849121094,173.68824768066406,g
100.39561462402344,36.18270492553711,3.448206901550293,0.1817411184310913,0.07429586350917816,-19.59865951538086,19.142410278320312,0.49067574739456177,26.380779266357422,250.34927368164062,g
33.86296081542969,9.451663970947266,2.6751465797424316,0.4634043872356415,0.2384248524904251,4.220017910003662,10.294569969177246,1.2437899112701416,23.842641830444336,160.81614685058594,g
83.14352416992188,36.4279899597168,3.2952682971954346,0.19809572398662567,0.12228869646787643,-5.111580848693848,37.1099967956543,-0.18951508402824402,1.5782470703125,261.1013488769531,g
98.54132080078125,39.09181213378906,3.1982369422912598,0.35837092995643616,0.1536000669002533,-45.106422424316406,-24.25629425048828,0.8281216621398926,34.86818313598633,276.2139587402344,h
43.219905853271484,18.26093864440918,2.84475040435791,0.3219487965106964,0.1682891696691513,2.311911106109619,27.451583862304688,0.22821255028247833,16.956493377685547,188.1650848388672,g
53.00254821777344,22.95816993713379,2.7122809886932373,0.4213995933532715,0.21142138540744781,-20.974720001220703,-7.706301689147949,0.3993254005908966,49.47074890136719,191.21630859375,h
31.5118408203125,12.705371856689453,2.5867130756378174,0.42763322591781616,0.2553584575653076,15.258245468139648,15.099637985229492,0.03217247128486633,23.976600646972656,176.62315368652344,g
65.10775756835938,36.55595016479492,3.045696496963501,0.15153075754642487,0.10825634747743607,21.43450927734375,31.41930389404297,-0.753258466720581,44.32410430908203,201.97817993164062,h
76.62345123291016,29.256725311279297,3.2269206047058105,0.2118457555770874,0.12026931345462799,-2.8571057319641113,22.445289611816406,0.6087732315063477,38.81388854980469,207.7049560546875,g
54.419437408447266,19.96449851989746,3.1121232509613037,0.24068869650363922,0.11668478697538376,3.9914631843566895,33.86376953125,0.10817447304725647,9.079769134521484,196.90066528320312,g
45.06822967529297,25.229150772094727,2.607114791870117,0.3876328468322754,0.23411259055137634,-8.31889820098877,10.392565727233887,-1.3544862270355225,41.577171325683594,153.3978729248047,h
95.21151733398438,48.790122985839844,3.2216646671295166,0.25789642333984375,0.17279300093650818,-75.06314849853516,-39.236366271972656,-1.0972295999526978,37.167640686035156,282.42333984375,h
45.91652297973633,16.195507049560547,2.8474457263946533,0.3307527005672455,0.18671298027038574,9.559158325195312,23.580102920532227,0.1583944410085678,16.112659454345703,186.91119384765625,g
32.45592498779297,12.045222282409668,2.468414306640625,0.6446220278739929,0.3413276672363281,-2.1320226192474365,9.586016654968262,-0.16168788075447083,43.2768440246582,174.9364471435547,h
25.830596923828125,8.690674781799316,2.1610794067382812,0.6981257796287537,0.4480532705783844,0.9971237182617188,1.5667724609375,-0.9466967582702637,51.43073272705078,207.6510009765625,g
42.98396301269531,15.890120506286621,2.7716917991638184,0.3473842740058899,0.2047756165266037,21.429109573364258,19.601016998291016,0.7541075348854065,24.357421875,187.3319549560547,g
48.37559127807617,15.711444854736328,2.8083128929138184,0.3413533866405487,0.17844271659851074,7.288450717926025,9.872946739196777,1.0180115699768066,20.540245056152344,163.60772705078125,g
61.93883514404297,28.757259368896484,3.042250394821167,0.31804314255714417,0.17135363817214966,-42.05127716064453,-8.535792350769043,-1.1142114400863647,6.5324859619140625,244.37353515625,h
69.05776977539062,32.06527328491211,3.2677252292633057,0.14083027839660645,0.07786208391189575,17.33187484741211,48.98887252807617,0.1755329668521881,9.234647750854492,231.54588317871094,g
89.69641876220703,45.642730712890625,3.2018232345581055,0.25135570764541626,0.12656253576278687,-81.06190490722656,-17.734180450439453,0.46911293268203735,11.011478424072266,253.75570678710938,h
96.54332733154297,39.373435974121094,3.3314621448516846,0.14410558342933655,0.0960049256682396,2.2476658821105957,28.389034271240234,0.470187246799469,5.558389663696289,267.8852233886719,g
61.03562927246094,17.686908721923828,3.0210020542144775,0.2786164879798889,0.13089656829833984,2.2806968688964844,13.944173812866211,0.378114253282547,9.009370803833008,201.72494506835938,g
16.933853149414062,1.4913616180419922,2.2037582397460938,0.6527371406555176,0.40413427352905273,1.757863998413086,-8.4159574508667,-0.39449867606163025,57.250579833984375,169.18658447265625,g
36.160831451416016,13.506516456604004,2.2798726558685303,0.5556135177612305,0.3614431619644165,9.843582153320312,-14.908148765563965,-0.4900335967540741,54.298683166503906,145.6646270751953,h
35.922119140625,13.983811378479004,2.749715566635132,0.3928198218345642,0.21734708547592163,6.697750568389893,21.02792739868164,0.08744692802429199,17.87975311279297,176.05136108398438,g
68.0035629272461,33.824424743652344,3.062403440475464,0.3817814886569977,0.21580447256565094,-25.36271095275879,34.35812759399414,-0.13820049166679382,3.802417755126953,249.33523559570312,g
75.7437973022461,29.364198684692383,3.095773696899414,0.32513707876205444,0.1611352562904358,-29.222412109375,9.438093185424805,1.5610840320587158,12.358749389648438,211.68402099609375,g
104.8532485961914,45.898155212402344,3.534487247467041,0.0692729651927948,0.06131339073181152,2.3146190643310547,43.20924377441406,0.004564791917800903,-2.1898021697998047,287.3475341796875,g
29.590396881103516,9.396635055541992,2.3194386959075928,0.6226447224617004,0.3544597029685974,6.264589786529541,-6.167496681213379,0.23620933294296265,54.546531677246094,162.22592163085938,g
33.23728942871094,17.48312759399414,2.37434720993042,0.4812439978122711,0.31987476348876953,16.645235061645508,5.287138938903809,-1.121148705482483,51.78258514404297,155.9829864501953,h
38.79902267456055,11.373538970947266,2.863034963607788,0.34674516320228577,0.17470400035381317,4.7592339515686035,19.289691925048828,0.5148062705993652,16.952980041503906,168.50990295410156,g
34.13007736206055,14.39427375793457,2.3960084915161133,0.5134752988815308,0.34029513597488403,5.796508312225342,1.9492721557617188,-1.155355453491211,47.61949157714844,144.92788696289062,h
47.868534088134766,19.70111656188965,3.0199947357177734,0.2565668821334839,0.11499234288930893,12.173107147216797,29.89792251586914,0.46676862239837646,15.382821083068848,187.02696228027344,g
173.69410705566406,83.12208557128906,3.643663167953491,0.1998525857925415,0.08691713213920593,-149.7701873779297,-81.66146850585938,4.246358871459961,46.268531799316406,283.530517578125,h
155.1118621826172,65.51813507080078,3.5168652534484863,0.21069839596748352,0.10251030325889587,-128.6180877685547,-64.44648742675781,3.439204454421997,43.42041015625,256.86407470703125,h
50.09016036987305,11.156716346740723,2.6622018814086914,0.4762667417526245,0.2896467447280884,3.6931681632995605,5.693136692047119,0.4699743092060089,46.66175842285156,177.27622985839844,g
79.65792846679688,26.72494125366211,3.0246071815490723,0.25877851247787476,0.12147308140993118,-13.42774772644043,-18.97933578491211,2.1820690631866455,51.690895080566406,168.1114501953125,h
69.00721740722656,27.92786979675293,2.9929873943328857,0.3326733112335205,0.1942543238401413,-11.141999244689941,25.96112060546875,-1.6521276235580444,25.175697326660156,247.05055236816406,g
43.94708251953125,26.96326446533203,2.8409340381622314,0.28883227705955505,0.1801520586013794,2.974137783050537,33.8306770324707,-1.6727756261825562,40.86564254760742,194.911376953125,g
18.298316955566406,10.73226261138916,2.374403953552246,0.5429680943489075,0.3219960629940033,2.986575126647949,-0.9982547760009766,-0.09838703274726868,27.41771125793457,122.4422836303711,h
30.874916076660156,13.071683883666992,2.6385490894317627,0.40081608295440674,0.22961047291755676,4.543864727020264,17.520496368408203,0.16035403311252594,23.310787200927734,169.79441833496094,g
55.342247009277344,17.124799728393555,2.9634828567504883,0.25465449690818787,0.12179054319858551,15.937337875366211,10.698991775512695,0.4155474603176117,45.21422576904297,172.12094116210938,g
14.055171966552734,10.341085433959961,2.1895334720611572,0.5877351760864258,0.39217305183410645,-1.6642658710479736,3.851789951324463,-1.1300196647644043,28.217355728149414,174.00149536132812,g
15.0733642578125,10.297646522521973,2.337301731109619,0.5540653467178345,0.3333955407142639,4.136114597320557,4.529485702514648,-0.4309386909008026,25.94774055480957,127.94152069091797,h
45.78044891357422,18.642187118530273,2.862661838531494,0.34102997183799744,0.17308920621871948,3.1041150093078613,17.993995666503906,0.025781244039535522,14.12437915802002,190.01254272460938,g
96.000244140625,36.22751998901367,3.2613940238952637,0.20847822725772858,0.11615793406963348,-31.366226196289062,0.6282730102539062,-0.37585511803627014,28.508222579956055,246.5375518798828,h
55.651451110839844,21.855422973632812,2.95713210105896,0.2578694820404053,0.125308558344841,8.64280891418457,19.712570190429688,0.8129593133926392,18.340049743652344,181.60107421875,g
118.42095947265625,59.512977600097656,3.2607595920562744,0.2632565200328827,0.1696828305721283,-114.39611053466797,-18.643203735351562,0.6251729726791382,33.800537109375,252.2161102294922,h
8.582698822021484,7.502863883972168,2.1251232624053955,0.7021682262420654,0.4215601682662964,-1.5782458782196045,-5.294149398803711,-0.3849300444126129,29.204730987548828,143.25527954101562,h
11.69124984741211,2.910846710205078,2.0790014266967773,0.7072576284408569,0.45466384291648865,0.9189152717590332,-9.324511528015137,-0.003349512815475464,34.019622802734375,179.04486083984375,g
78.83163452148438,39.28003692626953,3.435304880142212,0.11740228533744812,0.06898647546768188,-8.83026123046875,46.717002868652344,-0.6086496114730835,0.09139060974121094,253.3114776611328,g
38.12527847290039,13.046080589294434,2.641834020614624,0.4182144105434418,0.2625088691711426,7.417809009552002,16.832849502563477,-0.1778346598148346,20.151369094848633,196.98709106445312,g
30.76430892944336,9.98266887664795,2.2701048851013184,0.6148160696029663,0.3918653130531311,-0.8725008964538574,-2.5246591567993164,-0.645906925201416,51.12311553955078,169.78634643554688,g
146.32998657226562,62.295257568359375,3.848700761795044,0.03935426473617554,0.050786763429641724,-24.075212478637695,12.52323055267334,1.6605974435806274,28.963666915893555,276.3514709472656,h
35.29983139038086,8.706570625305176,2.386359930038452,0.7035401463508606,0.3753178119659424,6.564573764801025,1.752854347229004,0.6747821569442749,49.577301025390625,206.46243286132812,g
35.80767059326172,15.538759231567383,2.670680284500122,0.3821354806423187,0.2044139951467514,24.682283401489258,8.29187297821045,0.8574743270874023,28.25399398803711,153.2096405029297,g
46.554725646972656,26.280790328979492,2.635446071624756,0.3559173047542572,0.19921648502349854,-7.1153435707092285,4.329407691955566,-0.9808021783828735,45.455467224121094,156.40713500976562,h
29.818389892578125,11.467642784118652,2.5903263092041016,0.4906907081604004,0.27180901169776917,7.461639881134033,17.31035041809082,0.04923820495605469,19.41147232055664,182.12933349609375,g
57.9024658203125,27.68838882446289,2.9237682819366455,0.2539668083190918,0.13753584027290344,8.612627029418945,19.011022567749023,-0.858566403388977,37.06987380981445,155.5990447998047,h
53.699459075927734,18.645492553710938,2.866436243057251,0.31601881980895996,0.17065414786338806,2.069434642791748,6.723681449890137,-0.09759342670440674,41.342411041259766,147.9933319091797,h
29.052379608154297,8.821986198425293,2.249032974243164,0.6946309804916382,0.4030040502548218,0.15086078643798828,-7.294569969177246,-0.009869396686553955,51.97644805908203,172.22958374023438,g
7.580242156982422,7.739180564880371,2.1415205001831055,0.6540477275848389,0.39848873019218445,-2.420342445373535,-5.732151985168457,-0.45644065737724304,30.74452018737793,137.26458740234375,h
62.132240295410156,20.994409561157227,2.921656370162964,0.316236674785614,0.14431479573249817,22.748838424682617,-1.3049840927124023,1.466256856918335,51.162750244140625,160.52439880371094,h
37.30156707763672,12.71902847290039,2.661081552505493,0.38490334153175354,0.2136886715888977,0.7590827941894531,6.2653398513793945,0.12593698501586914,21.400951385498047,175.8616943359375,g
24.662864685058594,13.62805461883545,2.5961310863494873,0.5434472560882568,0.28803133964538574,0.23388242721557617,17.370718002319336,0.31278640031814575,22.57433319091797,188.53091430664062,g
52.09341049194336,24.774227142333984,2.7659668922424316,0.4693423807621002,0.2517511546611786,-44.667423248291016,4.480076789855957,-0.27783432602882385,10.897369384765625,220.91407775878906,g
16.977203369140625,7.329242706298828,2.3856253623962402,0.5029706954956055,0.30353668332099915,0.862818717956543,4.981182098388672,-0.36234983801841736,28.284717559814453,173.71463012695312,g
52.302738189697266,34.00627136230469,2.8446362018585205,0.278564989566803,0.147193044424057,-11.90985107421875,26.68958282470703,-1.6389368772506714,35.96345901489258,163.0287628173828,h
32.8007926940918,17.548221588134766,2.6317574977874756,0.40273216366767883,0.20921634137630463,17.288543701171875,5.4992547035217285,0.7348664999008179,28.05415916442871,133.30181884765625,h
54.9932975769043,29.668561935424805,3.263134479522705,0.212857186794281,0.11067318916320801,-8.694951057434082,46.002899169921875,-0.8404437303543091,5.261348724365234,228.12332153320312,g
42.119075775146484,12.451435089111328,2.4499258995056152,0.5168556571006775,0.3164808452129364,-2.566342830657959,-8.324606895446777,-0.09194564819335938,48.873512268066406,149.94021606445312,h
30.309160232543945,15.819168090820312,2.6106467247009277,0.45059043169021606,0.2224937528371811,13.699420928955078,8.4177827835083,1.1115286350250244,28.959304809570312,144.73561096191406,g
30.69382667541504,11.293310165405273,2.5529563426971436,0.4219271242618561,0.2415538877248764,8.999166488647461,-1.0655622482299805,-0.4909837543964386,50.719688415527344,137.80052185058594,g
17.297252655029297,10.214994430541992,2.3334381580352783,0.6092538833618164,0.3540254235267639,5.8458123207092285,8.95502758026123,-0.142644464969635,25.22985076904297,155.9155731201172,g
65.6913833618164,36.54890441894531,3.334639072418213,0.11743280291557312,0.06754648685455322,-0.6952462196350098,55.33842468261719,-1.3261044025421143,1.3568763732910156,247.60125732421875,g
44.48916244506836,23.72416877746582,2.6098835468292236,0.42833179235458374,0.25312843918800354,-6.385212421417236,17.885826110839844,-1.354173183441162,38.36370086669922,154.24847412109375,h
58.869537353515625,17.506837844848633,2.939088821411133,0.3185633420944214,0.1453976333141327,20.473583221435547,9.856917381286621,1.2455066442489624,47.6793212890625,186.27749633789062,g
10.136940002441406,2.2878036499023438,2.162339925765991,0.6099339723587036,0.39384832978248596,0.28226280212402344,-8.595088005065918,-0.32665959000587463,33.84571838378906,172.78707885742188,g
91.24375915527344,37.77057647705078,3.3428306579589844,0.1951284110546112,0.09723283350467682,6.889403820037842,32.04147720336914,0.38626566529273987,30.048595428466797,213.52633666992188,h
63.78862380981445,18.841083526611328,2.774606227874756,0.4005739092826843,0.21492524445056915,-12.194513320922852,-5.2978315353393555,0.7472765445709229,43.813392639160156,169.56585693359375,g
29.902158737182617,11.063827514648438,2.61120343208313,0.5243726968765259,0.27197298407554626,8.268051147460938,11.610746383666992,0.682194173336029,22.898237228393555,183.20668029785156,g
60.92795181274414,25.26260757446289,2.8289999961853027,0.24316295981407166,0.1615595519542694,-8.948347091674805,10.324895858764648,-0.8622043132781982,42.79895782470703,204.59507751464844,g
37.81071090698242,9.805017471313477,2.750976324081421,0.4161784052848816,0.2163105607032776,10.595298767089844,13.493520736694336,0.9446320533752441,21.64434051513672,173.450439453125,g
58.46642303466797,22.25756072998047,2.998919725418091,0.24719233810901642,0.13121286034584045,3.7689623832702637,27.19330596923828,0.502476692199707,13.720878601074219,196.0518798828125,g
21.279468536376953,9.979031562805176,2.4355204105377197,0.6713858842849731,0.33110082149505615,6.234220027923584,7.5561652183532715,1.1222541332244873,24.922618865966797,162.22329711914062,g
82.82654571533203,40.2885856628418,3.398688793182373,0.10123232007026672,0.07258559763431549,8.636898040771484,52.86174011230469,-0.7083945274353027,1.234395980834961,269.09954833984375,g
26.302574157714844,7.74649715423584,2.4573562145233154,0.5828808546066284,0.30116796493530273,4.3379693031311035,-0.43611812591552734,1.2035083770751953,28.026443481445312,166.63885498046875,g
55.54816818237305,23.389862060546875,2.947899103164673,0.24932248890399933,0.13781827688217163,-3.491518497467041,27.934814453125,-0.2655703127384186,11.74708366394043,205.6304931640625,g
150.50357055664062,51.850738525390625,3.5846612453460693,0.11648055911064148,0.05679740011692047,-41.483123779296875,-37.060218811035156,4.089293479919434,45.90580749511719,241.90489196777344,h
34.931461334228516,20.699077606201172,2.5840437412261963,0.4232887327671051,0.23644518852233887,18.00943946838379,13.902679443359375,0.6077252626419067,28.72972297668457,172.10635375976562,g
26.980045318603516,17.583797454833984,2.166837215423584,0.5892258286476135,0.4067240357398987,4.66027307510376,4.9882965087890625,-1.8249090909957886,51.971168518066406,179.99276733398438,h
72.21585083007812,48.18608856201172,3.275477409362793,0.2620401382446289,0.13692639768123627,-79.65621948242188,28.054027557373047,-0.0005865693092346191,41.34658432006836,230.05718994140625,h
35.33946990966797,13.529879570007324,2.344374656677246,0.7468929290771484,0.37133705615997314,-10.72723388671875,-7.78121280670166,0.6373875737190247,44.474632263183594,144.640380859375,h
30.60054588317871,16.72418975830078,2.5204834938049316,0.5343091487884521,0.260701984167099,12.631891250610352,1.3273305892944336,1.3895673751831055,28.7528018951416,137.01443481445312,h
61.11583709716797,20.468050003051758,2.96720027923584,0.32100576162338257,0.18510201573371887,-6.228623867034912,12.641931533813477,-0.11615651845932007,9.280017852783203,216.8873748779297,g
42.764122009277344,14.03164291381836,2.8643975257873535,0.32810816168785095,0.1680355668067932,17.140098571777344,22.906600952148438,0.6486581563949585,19.309974670410156,186.56399536132812,g
61.281227111816406,24.770719528198242,2.854471445083618,0.42457327246665955,0.22501413524150848,-11.393444061279297,-18.355236053466797,2.1129021644592285,26.74909210205078,177.83721923828125,h
96.34355163574219,50.25286102294922,2.94875431060791,0.3443114459514618,0.22883911430835724,-91.85713195800781,-5.538142204284668,-1.6695579290390015,25.9832706451416,271.0549011230469,h
44.518585205078125,16.68457794189453,2.963653564453125,0.29186058044433594,0.14129438996315002,0.1392374038696289,20.710830688476562,0.32054799795150757,15.43285083770752,178.38125610351562,g
36.08531951904297,10.27855396270752,2.3720901012420654,0.5766533613204956,0.3650631308555603,5.76597261428833,1.4006233215332031,-0.587730884552002,48.25069808959961,187.2471160888672,g
182.43853759765625,93.71588897705078,3.825246810913086,0.049452513456344604,0.04091052711009979,-144.64874267578125,-55.187984466552734,2.2725467681884766,37.29855728149414,315.0132751464844,h
35.224830627441406,12.271674156188965,2.70609712600708,0.36752215027809143,0.20494265854358673,10.655059814453125,14.209957122802734,0.027976036071777344,21.362682342529297,185.7490234375,g
34.32238006591797,20.34244155883789,2.8228914737701416,0.3175813853740692,0.16742664575576782,3.6289734840393066,13.56051254272461,-0.6205703020095825,49.25590133666992,154.3228302001953,h
16.846641540527344,13.661478996276855,2.212049961090088,0.59128737449646,0.37078040838241577,13.52206802368164,-2.2326536178588867,0.3465036451816559,38.56644058227539,171.1738739013672,g
80.08491516113281,33.130401611328125,2.913928270339966,0.3915806710720062,0.24476024508476257,-71.36652374267578,-7.930758476257324,-0.1503884494304657,35.6159782409668,218.55409240722656,h
66.57659149169922,45.43672180175781,2.8428635597229004,0.3372255861759186,0.17177273333072662,-86.78675079345703,-17.098861694335938,-0.5774041414260864,48.50368118286133,230.60928344726562,h
15.588302612304688,7.772004127502441,2.0050227642059326,0.721459150314331,0.481537789106369,5.6766676902771,-9.652735710144043,-1.222557783126831,56.66458511352539,151.4519805908203,h
48.251983642578125,20.418506622314453,2.5124833583831787,0.7175251245498657,0.37970322370529175,-43.079524993896484,-24.49166488647461,-0.39847126603126526,39.29440689086914,223.3436737060547,h
61.55391311645508,24.814476013183594,2.8893346786499023,0.3188973367214203,0.17030787467956543,-10.046732902526855,16.03711700439453,-0.5552902221679688,34.93042755126953,165.08885192871094,h
168.6565399169922,63.998130798339844,3.78239107131958,0.155861496925354,0.08741039037704468,-82.51826477050781,-39.001487731933594,5.602634906768799,43.33274459838867,228.08421325683594,h
105.31106567382812,51.96486282348633,3.272412061691284,0.2254704087972641,0.1578112095594406,-75.7001953125,18.53181266784668,-0.05712583661079407,29.518911361694336,256.3009948730469,h
67.0748291015625,26.8087100982666,3.1082077026367188,0.2696040868759155,0.1462695300579071,-1.1965043544769287,17.8055362701416,-0.23037895560264587,36.68638229370117,209.29017639160156,g
72.52528381347656,31.081214904785156,3.142035484313965,0.24059148132801056,0.14709199965000153,-5.3004913330078125,32.333980560302734,-0.5640370845794678,2.4423980712890625,246.89425659179688,g
51.181427001953125,24.580257415771484,2.919062614440918,0.3056736886501312,0.17603830993175507,0.23407506942749023,34.25929641723633,-1.3664515018463135,33.80339431762695,181.76409912109375,g
52.31840515136719,23.27161979675293,2.9523115158081055,0.32547709345817566,0.14073985815048218,2.5200586318969727,24.232177734375,-0.7669329643249512,32.50749969482422,164.81427001953125,h
60.949066162109375,31.753341674804688,3.116027355194092,0.2109939306974411,0.12678641080856323,11.892024993896484,49.18257141113281,-0.7309138774871826,7.015176773071289,240.28640747070312,g
14.742733001708984,1.3542327880859375,2.2141530513763428,0.6999366879463196,0.42352479696273804,-6.835865020751953,-4.541171073913574,0.38205134868621826,28.53714942932129,163.8403778076172,g
-4.722858428955078,6.266999244689941,1.9897077083587646,0.7516974210739136,0.4399808347225189,4.126213550567627,0.9645557403564453,-0.6748156547546387,35.028804779052734,176.36813354492188,g
132.88107299804688,38.65684509277344,3.5283825397491455,0.2063959836959839,0.13103137910366058,-31.21007537841797,-32.28317642211914,3.7154664993286133,42.40255355834961,239.96568298339844,h
35.54302978515625,9.233530044555664,2.687948226928711,0.4796243906021118,0.2397850900888443,13.928714752197266,9.884045600891113,1.4030166864395142,24.470861434936523,171.3464813232422,g
33.68017578125,6.286707878112793,2.3241705894470215,0.6273300647735596,0.40681126713752747,4.276238918304443,5.615139484405518,-0.7074955701828003,46.65184783935547,202.9275360107422,g
51.2601318359375,21.033058166503906,2.8076534271240234,0.344723641872406,0.21881234645843506,0.8369803428649902,24.18317413330078,-1.438882827758789,36.39359664916992,210.8272705078125,g
17.078643798828125,9.818618774414062,2.3233070373535156,0.6240885853767395,0.3352371156215668,1.272585391998291,-4.931486129760742,0.5475833415985107,27.728784561157227,121.46854400634766,h
37.3408088684082,15.787297248840332,2.6203067302703857,0.4554516673088074,0.2581733167171478,15.230445861816406,16.379207611083984,0.519099235534668,23.98457145690918,192.7279052734375,g
88.55213928222656,35.51768493652344,3.321479320526123,0.16748550534248352,0.10188070684671402,-1.087827444076538,31.01445770263672,0.5794835090637207,4.672685623168945,249.3837127685547,g
27.478530883789062,15.184833526611328,2.603388547897339,0.402811735868454,0.2114037424325943,21.0108585357666,7.091655254364014,0.5923298597335815,29.074167251586914,128.8114013671875,h
34.628501892089844,12.490781784057617,2.3977696895599365,0.619452714920044,0.3458316922187805,12.539205551147461,2.3070859909057617,0.3321172893047333,51.60198974609375,179.49903869628906,g
85.36714172363281,35.247135162353516,3.3849925994873047,0.13605286180973053,0.0887589305639267,8.682352066040039,44.41651916503906,0.30619949102401733,4.31507682800293,248.8617706298828,g
65.79365539550781,32.221832275390625,3.160720109939575,0.36447033286094666,0.1723407804965973,-13.079475402832031,10.826956748962402,1.3920105695724487,48.461883544921875,227.5760498046875,h
99.25177001953125,51.28430938720703,3.188852310180664,0.12317416071891785,0.08162301778793335,-21.647401809692383,21.897869110107422,-0.1859513819217682,36.1020393371582,247.5245361328125,h
32.73686981201172,9.933176040649414,2.6480484008789062,0.49439388513565063,0.2552856206893921,8.137189865112305,13.131567001342773,0.7905737161636353,21.187618255615234,171.1472625732422,g
23.91632843017578,12.93548583984375,2.1161787509918213,0.7120174169540405,0.42966583371162415,-3.456724166870117,-7.597031593322754,-0.733238697052002,53.29584503173828,173.03688049316406,h
91.72003173828125,54.98462677001953,3.141148090362549,0.15544043481349945,0.07977518439292908,-61.37075424194336,9.3303804397583,-1.128129482269287,30.599227905273438,202.70858764648438,h
51.18074417114258,16.939067840576172,2.830380916595459,0.3381638526916504,0.1808314323425293,-0.3407254219055176,11.376282691955566,0.815569281578064,19.720712661743164,192.1980743408203,g
31.03331756591797,12.582799911499023,2.591028928756714,0.5407267808914185,0.2755013108253479,-8.251920700073242,17.33696746826172,0.30549004673957825,17.454004287719727,184.8462371826172,g
71.02194213867188,32.41105651855469,3.3009867668151855,0.1644006222486496,0.09625883400440216,7.073547840118408,52.375675201416016,-0.4035676419734955,3.063709259033203,239.17529296875,g
41.009674072265625,20.433523178100586,2.616176128387451,0.4204895496368408,0.25899556279182434,-6.003448009490967,19.80734634399414,-1.6086581945419312,37.43574142456055,157.3897247314453,h
78.58524322509766,29.290081024169922,3.2145309448242188,0.2063557654619217,0.1050981804728508,-13.977907180786133,11.051454544067383,0.3040713667869568,7.351884841918945,235.50546264648438,g
62.919071197509766,32.32413101196289,3.0042381286621094,0.3442063629627228,0.25428009033203125,-26.167875289916992,4.28545618057251,-0.9509011507034302,43.16252899169922,210.33642578125,h
57.47872543334961,24.1262149810791,3.0919129848480225,0.23078741133213043,0.13436636328697205,9.748235702514648,41.91669845581055,-0.0911339819431305,10.428668975830078,213.44070434570312,g
63.13459777832031,30.783357620239258,3.278640031814575,0.17279992997646332,0.09435079246759415,0.14443445205688477,45.43943786621094,-0.48195531964302063,5.723222732543945,224.34756469726562,g
19.027042388916016,9.867317199707031,2.310488700866699,0.6955888271331787,0.3714294135570526,-2.721897840499878,6.32750940322876,0.5998026132583618,25.220993041992188,175.56378173828125,g
38.21950912475586,23.797046661376953,2.9484071731567383,0.3079400062561035,0.16223378479480743,7.752910137176514,29.516460418701172,-0.4542618691921234,18.173234939575195,217.47012329101562,g
46.398284912109375,13.084437370300293,2.922390937805176,0.31594187021255493,0.16130921244621277,11.336944580078125,23.69106674194336,0.73976731300354,16.85357093811035,181.61143493652344,g
21.22420883178711,10.078142166137695,2.0299882888793945,0.7975916862487793,0.47045934200286865,-0.3330240249633789,-17.692657470703125,0.04146599769592285,57.713783264160156,155.7856903076172,h
27.071800231933594,9.618121147155762,2.2506537437438965,0.5805601477622986,0.4107450246810913,0.6522464752197266,6.66190242767334,-1.8063966035842896,49.3428955078125,210.33462524414062,g
10.171329498291016,5.377222061157227,2.123608112335205,0.6833323240280151,0.4146338403224945,-3.603425979614258,-8.40352725982666,-0.17851796746253967,31.893115997314453,163.63670349121094,g
10.059947967529297,7.799389839172363,2.2753992080688477,0.5934531688690186,0.37761956453323364,3.4227261543273926,13.443550109863281,-0.9635778665542603,26.78169059753418,183.69833374023438,g
19.447895050048828,7.409270286560059,2.3405439853668213,0.5900881290435791,0.3478752374649048,-0.2649879455566406,4.318779468536377,0.16696768999099731,27.881877899169922,169.11219787597656,g
37.62638854980469,14.048469543457031,2.564117431640625,0.48851388692855835,0.28502634167671204,9.872762680053711,8.267242431640625,-0.17675110697746277,49.8980712890625,180.0454559326172,g
69.85678100585938,32.80057144165039,3.089998483657837,0.2691662311553955,0.15600791573524475,-46.36069869995117,25.070125579833984,-0.3838030993938446,4.444414138793945,220.50543212890625,g
62.227020263671875,30.546960830688477,3.2395641803741455,0.17432387173175812,0.08745065331459045,-1.7459337711334229,35.32732009887695,-0.5160219669342041,6.682277679443359,221.5390625,g
80.41873931884766,31.01089859008789,3.2364461421966553,0.1761806458234787,0.09585528820753098,0.1222538948059082,15.538064956665039,0.08789420127868652,7.475589752197266,249.96820068359375,g
77.9797592163086,34.54151916503906,2.8742549419403076,0.36160439252853394,0.19108456373214722,-17.257667541503906,-10.83862590789795,1.5382990837097168,48.804893493652344,170.53219604492188,h
36.24742889404297,13.118363380432129,2.780336380004883,0.3458370864391327,0.18668049573898315,19.054813385009766,19.26126480102539,0.6896899938583374,24.525381088256836,170.39865112304688,g
79.24363708496094,35.59660339355469,3.127978801727295,0.20911651849746704,0.07600909471511841,0.9329299926757812,0.2591514587402344,0.2571127414703369,38.39161682128906,195.50204467773438,h
12.667343139648438,6.977211952209473,2.3228368759155273,0.6732495427131653,0.3558773398399353,7.993008136749268,2.995523452758789,0.7635495662689209,29.717546463012695,163.7098388671875,g
59.77729415893555,48.11585235595703,3.4604365825653076,0.16254614293575287,0.08164027333259583,-31.647859573364258,32.9364128112793,-1.077784776687622,41.6400146484375,240.23301696777344,h
141.16632080078125,34.144554138183594,3.5416531562805176,0.2940221130847931,0.17059656977653503,-39.4877815246582,-90.6775131225586,4.99140739440918,52.81963348388672,273.73443603515625,h
70.65542602539062,36.28913879394531,3.407193660736084,0.10765185952186584,0.04990376532077789,3.8226914405822754,54.038272857666016,0.0300939679145813,6.28657341003418,228.17349243164062,g
56.62174987792969,19.64697265625,2.994321584701538,0.27116572856903076,0.14522811770439148,17.227596282958984,23.607595443725586,0.8734782934188843,18.071701049804688,199.20628356933594,g
57.36941146850586,30.465578079223633,3.2208499908447266,0.18894410133361816,0.10054470598697662,0.5061464309692383,47.30350875854492,-0.45637062191963196,7.58778190612793,217.18411254882812,g
37.895267486572266,17.072988510131836,2.720963478088379,0.3719596862792969,0.18517732620239258,0.5571775436401367,14.388555526733398,0.32250499725341797,21.62350082397461,185.43402099609375,g
48.74380111694336,19.3079891204834,2.997694730758667,0.30202746391296387,0.14967170357704163,2.547563076019287,27.059391021728516,0.15234658122062683,11.200183868408203,182.58245849609375,g
59.3632698059082,16.76141929626465,2.763448715209961,0.36479651927948,0.24421460926532745,12.54969596862793,4.5359086990356445,0.3911563456058502,47.68844985961914,184.205810546875,g
69.52609252929688,29.491092681884766,3.2228505611419678,0.15732261538505554,0.07950791716575623,11.837394714355469,43.547847747802734,0.2540442943572998,8.83553695678711,223.6278533935547,g
58.07862854003906,27.053565979003906,3.046267509460449,0.2521378993988037,0.1267222762107849,-0.37007570266723633,34.10552978515625,-1.1901311874389648,30.289730072021484,180.70497131347656,h
89.37873840332031,29.833759307861328,2.878349542617798,0.4271114766597748,0.2744448482990265,-40.55108642578125,-17.920467376708984,1.3951219320297241,46.01492691040039,234.94422912597656,h
27.583454132080078,8.858368873596191,2.5574557781219482,0.5313011407852173,0.27895453572273254,7.090904712677002,9.062538146972656,0.6793200969696045,22.32072639465332,154.60494995117188,g
77.42619323730469,31.30416488647461,3.1530556678771973,0.16942335665225983,0.08003479242324829,-12.580619812011719,17.038904190063477,0.233564555644989,8.028776168823242,227.10101318359375,g
127.87771606445312,59.5164794921875,3.4598498344421387,0.1629922240972519,0.09618798643350601,-56.358558654785156,-12.28773021697998,2.027766227722168,36.938560485839844,219.12574768066406,h
4.111980438232422,4.917015075683594,2.274505615234375,0.6572154760360718,0.35297641158103943,5.861690044403076,11.1792631149292,-0.2559102475643158,27.534093856811523,184.42196655273438,g
57.78155517578125,23.940763473510742,3.0273401737213135,0.26609736680984497,0.13552245497703552,18.622100830078125,28.174137115478516,0.9249842166900635,17.36394500732422,203.5286865234375,g
39.35337448120117,10.902620315551758,2.766517162322998,0.4122031331062317,0.2192467749118805,5.04871129989624,13.535888671875,0.5935778617858887,19.005428314208984,181.90928649902344,g
11.907649993896484,7.605463027954102,2.3143222332000732,0.5257019996643066,0.3256082534790039,15.021184921264648,1.4923629760742188,-0.17549172043800354,33.570472717285156,149.70526123046875,g
18.59325408935547,7.436650276184082,2.236187696456909,0.5999224781990051,0.3853414058685303,-0.957430362701416,-1.3228883743286133,-0.20891866087913513,30.362037658691406,179.83665466308594,g
43.8728141784668,21.275365829467773,2.775850296020508,0.3688739836215973,0.19546808302402496,8.397872924804688,35.40473175048828,-1.2786498069763184,34.29523849487305,171.90087890625,g
29.520883560180664,14.051079750061035,2.5635032653808594,0.41579771041870117,0.21892397105693817,13.360118865966797,-0.1515789031982422,0.7914577722549438,30.736190795898438,139.42669677734375,g
21.882692337036133,8.00711727142334,2.4640207290649414,0.5353278517723083,0.2905488908290863,13.230915069580078,1.3684167861938477,0.8667972087860107,31.355541229248047,163.58880615234375,g
37.126705169677734,16.025604248046875,2.618558406829834,0.42234671115875244,0.24900180101394653,6.5799641609191895,17.782346725463867,-0.08114424347877502,20.03658103942871,177.24696350097656,g
37.91481399536133,12.179020881652832,2.7016968727111816,0.39306193590164185,0.2077573835849762,5.4331793785095215,11.204987525939941,0.8189082741737366,24.283931732177734,177.927734375,g
22.896257400512695,9.722330093383789,2.45206356048584,0.5082686543464661,0.3105355203151703,1.917513370513916,12.364843368530273,-0.13756468892097473,25.37787437438965,168.3898468017578,g
23.476350784301758,13.016629219055176,2.3321568965911865,0.5737470388412476,0.34023669362068176,1.3843731880187988,3.219515800476074,-0.2500188648700714,24.468847274780273,155.71278381347656,h
42.182952880859375,10.501197814941406,2.7431623935699463,0.37465864419937134,0.20634950697422028,8.74955940246582,3.3359060287475586,0.9188846349716187,23.19159698486328,176.54367065429688,g
42.6317138671875,19.36378288269043,2.6676156520843506,0.3920012414455414,0.23171564936637878,-0.9009230136871338,16.041776657104492,-0.837905764579773,42.62883377075195,156.69781494140625,h
10.844627380371094,2.7425918579101562,2.1213583946228027,0.650478720664978,0.4260590076446533,-5.833911895751953,-7.758942604064941,-0.5378278493881226,31.51940155029297,176.2619171142578,g
23.897682189941406,10.68507194519043,2.421311140060425,0.5879207849502563,0.30517446994781494,12.550535202026367,-6.659773826599121,1.1376218795776367,29.742551803588867,127.63519287109375,h
60.962310791015625,25.08820915222168,3.144519805908203,0.20819558203220367,0.1025538221001625,8.769598007202148,32.82661437988281,0.06636610627174377,9.592435836791992,205.5900115966797,g
51.40912628173828,24.752140045166016,3.098660469055176,0.25899606943130493,0.12390876561403275,1.752873420715332,41.45466613769531,-0.453784316778183,6.686540603637695,211.35769653320312,g
41.689300537109375,10.685328483581543,2.7700014114379883,0.3991619348526001,0.20574086904525757,5.180302143096924,9.331978797912598,0.5876020193099976,17.928451538085938,177.8606719970703,g
37.47688293457031,16.88096046447754,2.681795597076416,0.4041217863559723,0.2207954376935959,-6.89084529876709,18.37827491760254,-0.16454508900642395,17.53345489501953,191.84368896484375,g
41.32968521118164,14.57492446899414,2.437375545501709,0.5307460427284241,0.3102536201477051,-1.4698584079742432,-12.774197578430176,0.2244665026664734,51.0732421875,133.9930419921875,h
45.359310150146484,17.164005279541016,2.7981491088867188,0.3368309438228607,0.19571836292743683,7.9250712394714355,23.946048736572266,-0.9563671350479126,38.80757141113281,172.2185516357422,g
60.67262268066406,17.788616180419922,3.0291008949279785,0.2828931212425232,0.14112941920757294,-0.3803110122680664,10.898004531860352,0.20249097049236298,39.39191436767578,184.35202026367188,g
14.46059799194336,11.261313438415527,2.199441909790039,0.6079535484313965,0.36849844455718994,4.385818958282471,-2.1429996490478516,-0.1630748212337494,32.90512466430664,169.34616088867188,g
74.7518081665039,17.40662384033203,3.0755198001861572,0.32711806893348694,0.156389519572258,1.8112940788269043,0.7817173004150391,1.4364051818847656,38.71897888183594,183.98599243164062,g
208.3579559326172,86.64115905761719,3.956700325012207,0.014135152101516724,0.03729824721813202,-94.56221008300781,-54.22341537475586,4.887293338775635,42.20866012573242,320.9450988769531,h
34.64094924926758,8.026147842407227,2.631782054901123,0.44057154655456543,0.24674473702907562,4.977834224700928,5.296008110046387,0.2535080909729004,20.918798446655273,183.81356811523438,g
33.97995376586914,6.365847587585449,2.611879825592041,0.4385254979133606,0.2504599392414093,6.676588535308838,3.0421361923217773,0.44156116247177124,22.20904541015625,165.24974060058594,g
52.34598922729492,21.817352294921875,3.030118703842163,0.2879672050476074,0.135250523686409,-4.582739353179932,25.327436447143555,0.09911075234413147,11.17972183227539,199.95201110839844,g
40.40509033203125,12.062081336975098,2.822964668273926,0.3212836980819702,0.1672201007604599,8.894134521484375,10.583099365234375,1.2309855222702026,26.97229766845703,165.11940002441406,g
39.79103469848633,10.904206275939941,2.8267786502838135,0.423031210899353,0.2153489738702774,-0.27850961685180664,20.28640365600586,0.6092695593833923,15.190722465515137,178.0306396484375,g
7.417377471923828,2.6559066772460938,2.138638973236084,0.6569758653640747,0.4146903455257416,-2.8791322708129883,-4.736882209777832,-0.3069702684879303,32.771907806396484,169.2450714111328,g
127.82467651367188,42.580596923828125,3.703340530395508,0.09110283851623535,0.03317880630493164,8.259378433227539,-15.273161888122559,3.758535861968994,47.52653503417969,224.09193420410156,h
42.00905227661133,16.2233943939209,2.5596675872802734,0.4300140142440796,0.262587308883667,12.483285903930664,6.215691566467285,-0.7329586744308472,47.21656799316406,179.31883239746094,g
20.413551330566406,13.134293556213379,2.460231065750122,0.5396697521209717,0.28203052282333374,7.031199932098389,2.82009220123291,0.16884176433086395,24.656036376953125,125.43476867675781,h
20.790081024169922,11.445504188537598,2.3254270553588867,0.5313318371772766,0.3215462863445282,2.0007710456848145,-5.908791542053223,-0.27193525433540344,27.03521728515625,120.1008071899414,h
38.858314514160156,10.983352661132812,2.6033244132995605,0.48317110538482666,0.27798688411712646,8.848072052001953,10.607439041137695,-0.39130768179893494,43.57610321044922,165.9652862548828,g
77.55520629882812,31.37084197998047,3.364732027053833,0.14773927628993988,0.06132212281227112,3.9007821083068848,25.93193244934082,0.883724570274353,9.8223876953125,215.3188934326172,g
61.05754470825195,25.91939926147461,3.0299317836761475,0.21301710605621338,0.1092807725071907,2.7811155319213867,28.288463592529297,0.18757735192775726,12.558577537536621,196.7270050048828,g
39.71642303466797,14.419797897338867,2.4974794387817383,0.5656901597976685,0.30310961604118347,-10.989980697631836,-1.2154264450073242,-0.13743805885314941,42.36288070678711,140.0395050048828,h
26.943336486816406,15.484933853149414,2.6715564727783203,0.40455392003059387,0.2242467701435089,7.5957932472229,30.033214569091797,-0.39547380805015564,19.727447509765625,180.8383026123047,g
51.807533264160156,22.42085075378418,2.7587409019470215,0.32232779264450073,0.1812097132205963,23.310955047607422,10.863923072814941,0.25103849172592163,50.330963134765625,158.03794860839844,h
56.81040573120117,16.714035034179688,2.9233243465423584,0.3122705817222595,0.16779159009456635,6.952332973480225,18.726581573486328,-0.13104203343391418,37.4006233215332,166.52345275878906,g
46.894752502441406,15.965997695922852,2.865506410598755,0.3570910692214966,0.18461014330387115,-1.8963124752044678,22.939517974853516,0.6392126679420471,15.243255615234375,181.10643005371094,g
54.871212005615234,25.551740646362305,2.9314944744110107,0.31634995341300964,0.18057172000408173,0.40302515029907227,16.47848129272461,-0.4913225471973419,40.230194091796875,171.1804656982422,h
51.174312591552734,15.414119720458984,2.8485171794891357,0.3216545283794403,0.17730969190597534,5.146353244781494,10.053420066833496,0.3303518295288086,47.87152862548828,183.99778747558594,g
42.73181915283203,21.730546951293945,2.7047433853149414,0.33329081535339355,0.17763613164424896,12.656871795654297,7.227622985839844,0.4980219602584839,25.06916618347168,152.44015502929688,h
55.11684799194336,33.17036437988281,2.7121031284332275,0.4706915318965912,0.2676735520362854,-93.63358306884766,-9.212836265563965,-1.5043210983276367,6.433753967285156,233.16461181640625,h
62.063987731933594,26.671829223632812,3.1297879219055176,0.20853964984416962,0.10071779787540436,4.9481682777404785,31.587772369384766,0.001367717981338501,9.585399627685547,214.02816772460938,g
84.88407897949219,27.154624938964844,3.093897819519043,0.3079615533351898,0.15369001030921936,1.2078828811645508,3.2363438606262207,1.3527882099151611,36.81735610961914,159.83714294433594,h
43.29096603393555,17.5653076171875,2.6607275009155273,0.49697867035865784,0.2643636167049408,4.348892688751221,17.425992965698242,-0.1991954743862152,41.4638557434082,180.55328369140625,g
72.751708984375,37.09111785888672,3.3642544746398926,0.1696016788482666,0.09889264404773712,1.67673921585083,57.43162155151367,-0.30701497197151184,3.1147212982177734,249.15420532226562,g
68.86802673339844,22.957395553588867,3.046060800552368,0.25285804271698,0.14770597219467163,2.532001495361328,19.47584342956543,0.313200980424881,8.990489959716797,216.06253051757812,g
41.36485290527344,15.347850799560547,2.7592852115631104,0.35166749358177185,0.19148468971252441,22.705001831054688,11.949579238891602,1.1624281406402588,27.826732635498047,180.55838012695312,g
44.618064880371094,16.480663299560547,2.9854092597961426,0.25203174352645874,0.11533396691083908,8.54854965209961,22.419174194335938,1.2813974618911743,23.30325698852539,166.6497344970703,g
176.2492218017578,58.81181335449219,3.6719605922698975,0.23161454498767853,0.16374722123146057,-96.49658966064453,-58.88563919067383,5.726957321166992,48.55113220214844,255.93716430664062,h
48.092567443847656,22.097280502319336,2.979782819747925,0.27980902791023254,0.1405668556690216,13.145889282226562,34.304527282714844,0.07243737578392029,14.192761421203613,205.0518341064453,g
52.82851791381836,27.78582763671875,3.048738718032837,0.2660578191280365,0.16096729040145874,-6.267126083374023,38.846458435058594,-0.9340590238571167,7.284528732299805,220.5390625,g
41.81062698364258,19.029361724853516,2.5720953941345215,0.42301130294799805,0.2391023486852646,12.726358413696289,0.6024036407470703,-0.5501307249069214,47.17147445678711,148.47857666015625,h
44.4814567565918,19.534170150756836,2.855865240097046,0.31830519437789917,0.1615857481956482,5.698919773101807,17.295265197753906,0.8585174083709717,21.069438934326172,150.65626525878906,g
38.815032958984375,19.74207305908203,2.822962522506714,0.3029894232749939,0.163661926984787,-3.3752493858337402,29.778568267822266,-0.4779984652996063,14.878177642822266,176.11679077148438,g
42.819461822509766,12.798247337341309,2.757875680923462,0.34309080243110657,0.18697576224803925,6.198115825653076,8.768166542053223,0.6881294846534729,21.896738052368164,174.78857421875,g
17.29227066040039,5.264719009399414,2.3506813049316406,0.5458711981773376,0.3537691831588745,3.5297980308532715,8.200254440307617,-0.46536514163017273,26.266305923461914,169.3267364501953,g
35.50905227661133,13.36439037322998,2.6375248432159424,0.5337828397750854,0.28617358207702637,5.132273197174072,21.82380485534668,0.4498771131038666,16.824132919311523,192.33004760742188,g
70.695556640625,43.47918701171875,3.083838939666748,0.156998410820961,0.10583212971687317,-19.500518798828125,23.612655639648438,-2.3354060649871826,29.301786422729492,196.57369995117188,h
105.94129943847656,50.415313720703125,3.215738534927368,0.31837669014930725,0.1988307684659958,-62.88405990600586,-20.522289276123047,-0.6680134534835815,29.507780075073242,280.3697204589844,h
10.079017639160156,7.215267181396484,2.1514899730682373,0.770829439163208,0.42226308584213257,-4.0295915603637695,-4.880803108215332,0.39343366026878357,28.291990280151367,149.35337829589844,h
46.110469818115234,15.971630096435547,2.837938070297241,0.35215747356414795,0.1795342117547989,-9.99155044555664,14.622714042663574,0.5513129234313965,17.22543716430664,179.32847595214844,g
53.37092971801758,11.554190635681152,2.8052029609680176,0.41929712891578674,0.22162222862243652,-0.3888101577758789,7.548479080200195,0.3992081582546234,38.63930130004883,158.58160400390625,g
17.58786392211914,7.356396675109863,2.3066158294677734,0.571523904800415,0.35885584354400635,-5.62152099609375,2.296463966369629,-0.6531887054443359,24.99312973022461,167.83360290527344,g
41.94629669189453,12.709824562072754,2.7385380268096924,0.4010803699493408,0.23190531134605408,8.297050476074219,17.13433074951172,0.4714769423007965,19.4223575592041,183.85093688964844,g
18.58995819091797,12.502191543579102,2.4008007049560547,0.5276381969451904,0.2853405475616455,17.130964279174805,1.2904348373413086,0.4781803488731384,31.27358055114746,140.14727783203125,h
52.11638641357422,25.266971588134766,2.947382926940918,0.29085826873779297,0.1389530897140503,7.268203258514404,34.06403350830078,0.4146299362182617,15.436930656433105,203.72402954101562,g
29.122268676757812,7.4886884689331055,2.4337756633758545,0.5581139326095581,0.3163596987724304,11.294879913330078,-12.546504020690918,1.2322438955307007,31.8218936920166,151.19772338867188,g
25.06801986694336,5.109346389770508,2.383350133895874,0.5935377478599548,0.3371428847312927,8.931314468383789,-13.38990306854248,1.275132417678833,32.85282897949219,159.48281860351562,g
59.309043884277344,22.81231689453125,3.147470474243164,0.19590897858142853,0.0948384553194046,15.619672775268555,31.603313446044922,0.6311841011047363,14.796414375305176,204.42984008789062,g
54.94046401977539,28.92068099975586,3.022228479385376,0.28785669803619385,0.12864823639392853,18.389684677124023,27.16488265991211,0.936272382736206,17.41455841064453,171.77139282226562,h
34.211029052734375,8.57781982421875,2.699082374572754,0.4140990972518921,0.23166780173778534,7.696031093597412,11.603767395019531,0.6372523307800293,21.645835876464844,158.05886840820312,g
54.29026794433594,15.033145904541016,2.8475916385650635,0.2745104730129242,0.16045333445072174,14.20602035522461,18.75773811340332,-0.11813798546791077,43.49146270751953,179.4989013671875,g
21.494461059570312,7.373752593994141,2.328371524810791,0.5765732526779175,0.3496602773666382,-3.137465000152588,-2.0291261672973633,-0.1609381139278412,25.37826156616211,158.8592987060547,g
80.7221450805664,34.99085235595703,3.1694507598876953,0.2108135223388672,0.09510526806116104,-41.36726379394531,11.1103515625,0.6869767308235168,8.182733535766602,218.76634216308594,g
36.67573547363281,11.145977020263672,2.7370896339416504,0.37942638993263245,0.2019064575433731,11.923294067382812,7.784539222717285,0.704156756401062,22.75432777404785,159.77487182617188,g
34.679893493652344,10.061455726623535,2.7263407707214355,0.41541290283203125,0.22915150225162506,7.670411586761475,17.028797149658203,0.43746447563171387,19.93012046813965,170.36705017089844,g
50.83944320678711,20.562501907348633,2.8995752334594727,0.29616954922676086,0.15718787908554077,2.550441265106201,27.145191192626953,0.2620159983634949,14.953289031982422,198.14706420898438,g
32.68389129638672,19.249778747558594,2.7401421070098877,0.31026360392570496,0.16200552880764008,22.2142391204834,16.1429500579834,0.24109454452991486,26.1920223236084,151.6114959716797,g
19.073307037353516,6.17408561706543,2.404728412628174,0.5335121750831604,0.3291349709033966,7.229442119598389,10.652563095092773,-0.16613635420799255,26.184341430664062,172.06907653808594,g
63.896636962890625,27.681283950805664,3.0843698978424072,0.26569777727127075,0.13540422916412354,0.5632071495056152,16.525724411010742,0.03965148329734802,39.074676513671875,161.87278747558594,h
48.059608459472656,21.341602325439453,2.783907890319824,0.31309840083122253,0.1923898309469223,10.457744598388672,23.19791030883789,-1.2582778930664062,40.17558288574219,190.74366760253906,g
12.882545471191406,5.882894515991211,2.216247797012329,0.6825782656669617,0.4279848635196686,-4.546004772186279,10.651507377624512,-0.7406083345413208,23.517223358154297,187.2607879638672,g
42.072792053222656,15.776567459106445,2.8989880084991455,0.3188798725605011,0.15346357226371765,-2.9837679862976074,26.509315490722656,0.26764553785324097,13.754623413085938,167.10011291503906,g
83.74766540527344,34.0054817199707,3.3366081714630127,0.17232464253902435,0.09905639290809631,-1.6292307376861572,33.12759017944336,0.06866788864135742,2.300901412963867,247.30450439453125,g
103.93907165527344,58.37260437011719,3.5398573875427246,0.06774359941482544,0.04984121024608612,-42.793479919433594,10.516343116760254,-0.5767550468444824,35.990875244140625,279.1061706542969,h
54.459747314453125,13.364399909973145,2.8121984004974365,0.38325610756874084,0.19412396848201752,14.584831237792969,1.0904159545898438,1.0793533325195312,49.73713684082031,192.94976806640625,g
36.032127380371094,15.027610778808594,2.6120128631591797,0.4112371802330017,0.23632964491844177,6.988768100738525,12.079973220825195,0.12902401387691498,22.909608840942383,182.1602020263672,g
75.14984893798828,22.09227180480957,2.9925646781921387,0.3548312187194824,0.19659028947353363,-4.43239164352417,2.1623010635375977,0.005308270454406738,34.17899703979492,224.93960571289062,g
36.59417724609375,12.051608085632324,2.529707670211792,0.4344720244407654,0.2797378897666931,16.397064208984375,12.022595405578613,-0.5149943828582764,50.956581115722656,185.49986267089844,g
18.828960418701172,10.258817672729492,2.3926336765289307,0.5349446535110474,0.2956014573574066,18.670095443725586,2.026836395263672,0.5539212226867676,32.58159637451172,154.84811401367188,g
100.30384826660156,30.41751480102539,3.3178977966308594,0.17310677468776703,0.08865629136562347,-2.9140424728393555,9.020390510559082,0.9395171403884888,32.67064666748047,234.1514892578125,g
55.6330451965332,21.28412437438965,2.928159236907959,0.24167203903198242,0.14441600441932678,25.43924903869629,27.32470703125,0.372769832611084,18.974834442138672,211.7279052734375,g
24.14236831665039,10.959861755371094,2.1619603633880615,0.7272059321403503,0.41782769560813904,8.700384140014648,-11.372797966003418,0.0868852436542511,56.63755798339844,161.19384765625,h
185.94207763671875,74.86774444580078,3.8267462253570557,0.020350992679595947,0.027765363454818726,-43.023921966552734,-48.19343185424805,6.050551414489746,59.65269088745117,270.86572265625,h
70.93431091308594,35.42152404785156,3.139026165008545,0.25816240906715393,0.14811083674430847,-54.56665802001953,23.532838821411133,0.03236263990402222,7.340808868408203,214.48529052734375,g
87.406494140625,43.573204040527344,3.441530227661133,0.07420653104782104,0.058024197816848755,22.92845344543457,48.61880874633789,0.6645435094833374,11.566279411315918,263.73907470703125,g
91.21199035644531,34.39949035644531,3.496986150741577,0.10966062545776367,0.06174851953983307,9.387842178344727,16.932653427124023,1.0389975309371948,41.087730407714844,236.9032745361328,g
89.18829345703125,42.54433059692383,3.1077587604522705,0.23719166219234467,0.13197995722293854,-58.826019287109375,9.998390197753906,-0.5940179824829102,31.320533752441406,233.07638549804688,h
41.766929626464844,11.050378799438477,2.747779130935669,0.37297263741493225,0.2045900523662567,-0.5020699501037598,11.7673921585083,0.29087328910827637,17.433452606201172,178.48056030273438,g
118.1749267578125,50.95720291137695,3.7110214233398438,0.03922301530838013,0.04297153651714325,-3.9538328647613525,40.90679931640625,0.8145864009857178,-0.1803131103515625,298.1507873535156,g
51.896934509277344,23.314966201782227,2.9707226753234863,0.23186132311820984,0.12619464099407196,27.4685115814209,33.0667839050293,0.49338164925575256,19.94882583618164,204.76788330078125,g
69.46365356445312,29.963199615478516,3.26753830909729,0.1689877212047577,0.09031891822814941,7.629305362701416,44.331424713134766,0.08325496315956116,6.175758361816406,225.42503356933594,g
165.35272216796875,69.97498321533203,3.603151559829712,0.16436141729354858,0.09673909097909927,-97.72301483154297,-73.12686157226562,4.166240692138672,44.58163070678711,251.3076171875,h
84.405517578125,39.42835235595703,3.320700168609619,0.2003021091222763,0.12563498318195343,-11.300190925598145,40.96604919433594,-0.5180227756500244,-1.23114013671875,269.7915344238281,g
19.18313980102539,6.647541046142578,2.3716323375701904,0.5124561786651611,0.31731435656547546,6.570192813873291,2.2766971588134766,-0.03309395909309387,29.5379695892334,157.3927001953125,g
40.17021942138672,13.2933988571167,2.7125353813171387,0.3689887523651123,0.2013915777206421,3.9414124488830566,11.28108024597168,0.39604541659355164,21.50994110107422,184.9676971435547,g
46.26465606689453,18.72509002685547,2.7949814796447754,0.34292227029800415,0.17686744034290314,-4.712194919586182,11.959505081176758,0.43960726261138916,18.444461822509766,174.75584411621094,g
38.61521911621094,12.697992324829102,2.452629804611206,0.5925873517990112,0.33582764863967896,-1.8917884826660156,4.933017730712891,-0.20640018582344055,43.60700988769531,158.07696533203125,h
73.71656036376953,34.855247497558594,3.1951093673706055,0.30758529901504517,0.16495159268379211,-44.43913269042969,36.432674407958984,0.08531820774078369,1.8313884735107422,229.49935913085938,g
105.822998046875,32.926109313964844,3.20422625541687,0.40568915009498596,0.21521441638469696,-24.949344635009766,-29.255138397216797,2.663522481918335,42.470516204833984,219.86129760742188,h
34.15026092529297,17.245275497436523,2.8224291801452637,0.40202924609184265,0.2118486911058426,1.582167148590088,27.508609771728516,0.07548776268959045,18.130504608154297,193.93003845214844,g
91.7396240234375,48.794185638427734,3.0496344566345215,0.30433905124664307,0.18391720950603485,-76.4361801147461,5.124117851257324,-0.9586277008056641,31.030080795288086,257.6739501953125,h
43.31171798706055,22.92854881286621,2.7123022079467773,0.3681648075580597,0.1927172839641571,2.197024345397949,13.64560604095459,-0.47103384137153625,44.77947998046875,146.6505584716797,h
53.59062194824219,29.05400848388672,2.847348690032959,0.30761289596557617,0.17540597915649414,-3.3616323471069336,13.145713806152344,0.36289092898368835,53.5395622253418,174.4705047607422,h
-1.3933753967285156,4.238073348999023,2.124922752380371,0.6858058571815491,0.41382503509521484,-1.2392821311950684,8.379073143005371,-1.1022371053695679,27.35327911376953,163.7763671875,g
59.72647476196289,24.86170196533203,3.1252756118774414,0.22214563190937042,0.12068594992160797,9.302824020385742,36.94347381591797,-0.03116518259048462,8.944448471069336,214.0555877685547,g
30.721397399902344,8.3340482711792,2.7540295124053955,0.3748878538608551,0.20634253323078156,3.7570204734802246,21.637454986572266,0.08022812008857727,18.163410186767578,165.4163818359375,g
51.1442756652832,19.997900009155273,2.856454372406006,0.27678775787353516,0.15253227949142456,24.641334533691406,15.702079772949219,0.7159494161605835,22.856487274169922,186.34487915039062,g
80.35932159423828,35.98126983642578,3.273408889770508,0.20627231895923615,0.12274323403835297,-7.6332807540893555,36.504417419433594,-0.3255636990070343,2.002065658569336,258.07049560546875,g
40.11018753051758,28.175777435302734,2.6775734424591064,0.33647555112838745,0.2038104236125946,5.965260028839111,17.753793716430664,-1.598027229309082,45.997459411621094,172.6533203125,h
46.66080856323242,12.439894676208496,2.8266873359680176,0.35938411951065063,0.18252678215503693,4.63530969619751,13.093159675598145,1.0636566877365112,19.374095916748047,173.80715942382812,g
37.975616455078125,11.649674415588379,2.699324131011963,0.3884643018245697,0.22490376234054565,2.92708158493042,7.313494682312012,0.008652091026306152,20.0205078125,183.8634796142578,g
81.29817962646484,46.65166473388672,3.5407443046569824,0.06013995409011841,0.05200476944446564,6.324038028717041,68.2137680053711,-0.45084187388420105,3.2339725494384766,267.888427734375,g
15.451534271240234,3.8699073791503906,2.1840786933898926,0.6918082237243652,0.4246346354484558,-14.113590240478516,-5.778380393981934,-0.3146995007991791,25.18354606628418,168.52426147460938,g
31.060760498046875,11.215860366821289,2.509197950363159,0.507535994052887,0.29089120030403137,11.91372299194336,5.111330986022949,0.8276267051696777,27.604101181030273,169.92042541503906,g
155.38397216796875,65.25180053710938,3.5646934509277344,0.1566789299249649,0.08602643013000488,-98.50511169433594,-64.44854736328125,3.316997766494751,46.755455017089844,265.36749267578125,h
75.69000244140625,30.643648147583008,3.1852035522460938,0.2885156273841858,0.14691025018692017,-9.312129020690918,25.829065322875977,0.39462098479270935,5.513782501220703,246.05870056152344,g
31.533344268798828,12.403790473937988,2.6274328231811523,0.4467811584472656,0.2487965226173401,18.270442962646484,14.097160339355469,0.6509420871734619,26.773441314697266,178.5511016845703,g
122.48886108398438,47.7630615234375,3.396852731704712,0.1783379763364792,0.09989086538553238,-40.319698333740234,-3.019174575805664,1.9443180561065674,35.78630065917969,220.7035369873047,h
52.75790786743164,21.614871978759766,2.6677348613739014,0.4942800998687744,0.30140283703804016,-37.21088790893555,2.3353872299194336,0.01743006706237793,14.029878616333008,210.02102661132812,g
33.99652862548828,15.496054649353027,2.411222457885742,0.5707947015762329,0.33298784494400024,8.058713912963867,5.564371585845947,-0.4405457079410553,47.82065963745117,156.58758544921875,h
47.059322357177734,25.97612953186035,3.1062965393066406,0.2849797308444977,0.15864677727222443,-10.356522560119629,36.43875503540039,-1.0977098941802979,7.286113739013672,224.10093688964844,g
34.912208557128906,15.336573600769043,2.554006338119507,0.4189615249633789,0.2580931484699249,-1.3706152439117432,10.356001853942871,-0.4176912009716034,22.33298683166504,193.48419189453125,g
80.80587768554688,39.24152374267578,3.268982172012329,0.18142837285995483,0.11614949256181717,-27.931129455566406,28.687217712402344,-0.8615641593933105,1.8437385559082031,261.7963562011719,g
55.3671989440918,25.423540115356445,2.9138317108154297,0.2804795205593109,0.1839328408241272,-2.871809959411621,26.13519287109375,-1.8198176622390747,34.831382751464844,220.85000610351562,g
23.829771041870117,11.219443321228027,2.4517581462860107,0.6349145174026489,0.32673850655555725,12.206632614135742,12.983704566955566,0.9973952770233154,26.265884399414062,192.55506896972656,g
130.85662841796875,44.00016784667969,3.5413126945495605,0.17900347709655762,0.1210290864109993,-35.71497344970703,0.017881393432617188,3.051868438720703,38.0145378112793,240.18345642089844,h
101.94032287597656,72.0711669921875,3.086162567138672,0.41328129172325134,0.2104356586933136,-154.35508728027344,-33.705318450927734,-1.2488112449645996,32.93526077270508,299.9858703613281,h
65.28514099121094,22.532390594482422,3.1847500801086426,0.2587321102619171,0.13583904504776,-11.867707252502441,15.809883117675781,0.3000638782978058,7.292903900146484,211.46766662597656,g
35.5521240234375,13.2620210647583,2.404590368270874,0.563668429851532,0.3377704620361328,-5.155796527862549,-5.862259864807129,-0.4365643560886383,49.13031005859375,166.81484985351562,h
13.349681854248047,5.586091995239258,2.112745761871338,0.8054791688919067,0.4501858949661255,-4.407622337341309,-11.471543312072754,0.82110595703125,30.027259826660156,154.8416748046875,h
31.916963577270508,16.71938705444336,2.6244471073150635,0.37464359402656555,0.23007868230342865,18.10210609436035,19.03073501586914,-0.10524529218673706,26.5079345703125,192.2001953125,g
16.269222259521484,5.0021514892578125,2.1566720008850098,0.7308855652809143,0.43631377816200256,1.9660396575927734,-6.482817649841309,0.342431902885437,29.87390899658203,170.53939819335938,g
127.33480834960938,81.90264129638672,3.418339490890503,0.08294457197189331,0.05464175343513489,-123.6934814453125,-22.851524353027344,-1.6637040376663208,28.594881057739258,292.0060729980469,h
35.200477600097656,10.835554122924805,2.536029100418091,0.5023242235183716,0.28658199310302734,3.834280490875244,6.485149383544922,0.7175025343894958,24.486072540283203,184.70858764648438,g
28.236196517944336,9.721288681030273,2.4566659927368164,0.5140116810798645,0.2984924912452698,2.504119396209717,1.0795974731445312,0.4025704860687256,26.94941520690918,173.69110107421875,g
62.31291961669922,28.46004867553711,3.123974084854126,0.18706883490085602,0.0993482694029808,29.931072235107422,37.89500045776367,0.9177539348602295,19.821521759033203,212.94857788085938,g
12.135013580322266,3.5981197357177734,2.1719274520874023,0.7099676132202148,0.4112696647644043,-4.844577789306641,-5.858395576477051,0.29580795764923096,30.719818115234375,182.23077392578125,g
59.46342086791992,21.61638641357422,3.0475010871887207,0.2213992327451706,0.12047024071216583,24.19542121887207,28.215343475341797,0.9350228309631348,19.142257690429688,206.32301330566406,g
33.135650634765625,10.922080993652344,2.6876142024993896,0.38299280405044556,0.21381652355194092,16.292396545410156,16.459806442260742,0.4724861979484558,24.42243194580078,179.15008544921875,g
31.333261489868164,11.1519136428833,2.5618910789489746,0.49364134669303894,0.2659802734851837,8.154403686523438,3.084595203399658,0.08156067132949829,51.181182861328125,149.39834594726562,g
32.12730407714844,14.517998695373535,2.5696394443511963,0.4539383351802826,0.2668200731277466,26.063526153564453,13.133155822753906,0.7644821405410767,31.19878578186035,190.67274475097656,g
30.943933486938477,12.52961254119873,2.412402391433716,0.5265110731124878,0.3227632939815521,12.822443008422852,6.6833367347717285,-0.5858871936798096,52.31221008300781,191.9190216064453,g
113.25440979003906,48.419883728027344,3.6654603481292725,0.05723336338996887,0.05093584954738617,-4.176939487457275,39.79343032836914,1.1063435077667236,3.352874755859375,281.0003662109375,g
27.123292922973633,10.60538387298584,2.680102586746216,0.5085461139678955,0.2536744475364685,-2.2816083431243896,18.456581115722656,0.1945655792951584,17.504276275634766,182.4466552734375,g
23.142547607421875,12.026979446411133,2.525988817214966,0.49707821011543274,0.28370779752731323,3.849494457244873,10.482255935668945,-0.17670580744743347,22.204063415527344,146.80621337890625,g
37.178977966308594,13.989825248718262,2.5456533432006836,0.5027653574943542,0.29768818616867065,5.8999409675598145,15.618858337402344,-0.690636396408081,44.12152099609375,181.19827270507812,g
46.65141677856445,19.38613510131836,2.799222946166992,0.3854408264160156,0.21871507167816162,3.175381660461426,26.64718246459961,-0.9792792797088623,37.624412536621094,198.14080810546875,g
49.983421325683594,18.601707458496094,2.929786205291748,0.3180726170539856,0.16133610904216766,16.1377010345459,27.449542999267578,0.7448350787162781,16.619029998779297,195.01539611816406,g
63.90486526489258,17.85721206665039,3.0059211254119873,0.3099152445793152,0.165501207113266,14.271913528442383,9.352231979370117,0.8949177265167236,43.32966613769531,161.38766479492188,g
21.637548446655273,10.79366683959961,2.3790407180786133,0.5431061387062073,0.3275643587112427,-1.985274314880371,6.8262224197387695,-0.29116252064704895,24.575885772705078,158.51832580566406,g
56.27153778076172,26.046836853027344,2.7515411376953125,0.4176962673664093,0.2703692317008972,-28.899581909179688,17.424053192138672,-0.2728363573551178,12.860738754272461,219.4357147216797,g
21.635313034057617,4.409687042236328,2.4219255447387695,0.5120806097984314,0.31557604670524597,3.325442314147949,4.895682334899902,-0.012875288724899292,26.670127868652344,171.3769989013672,g
69.77031707763672,33.71666717529297,3.3182106018066406,0.1444070190191269,0.078900545835495,10.169809341430664,46.17228698730469,0.14087353646755219,7.98872184753418,224.64132690429688,g
39.4119873046875,11.90179443359375,2.5627408027648926,0.5209580659866333,0.2927621304988861,9.775421142578125,13.499544143676758,0.04362866282463074,46.56223678588867,191.83697509765625,g
60.280433654785156,19.35691261291504,2.992680549621582,0.3710443675518036,0.18180681765079498,-4.087163925170898,-6.308409690856934,1.367990493774414,45.268856048583984,138.59967041015625,h
9.791458129882812,6.338603973388672,2.1229054927825928,0.7565970420837402,0.43169644474983215,4.252604007720947,-3.5356063842773438,0.6910175085067749,33.88947677612305,166.9198455810547,g
62.197479248046875,42.55296325683594,2.7333602905273438,0.3529093265533447,0.211290180683136,-64.65809631347656,-1.0488061904907227,-1.811524510383606,39.58708190917969,212.10687255859375,h
59.71808624267578,26.97904396057129,3.1116151809692383,0.21463486552238464,0.11295553296804428,14.937273025512695,36.19662094116211,0.2766581177711487,13.425105094909668,220.63267517089844,g
55.75284194946289,22.66236686706543,2.738725185394287,0.473629891872406,0.2828006446361542,-17.762571334838867,1.2071256637573242,0.03745278716087341,14.506355285644531,233.36001586914062,g
67.9825439453125,29.942668914794922,3.252405881881714,0.19476839900016785,0.10424667596817017,4.277540683746338,43.54447937011719,0.18901604413986206,6.557172775268555,221.37301635742188,g
91.996826171875,41.44977569580078,3.3932929039001465,0.15337134897708893,0.10746348649263382,-14.073055267333984,35.98220443725586,0.12891028821468353,1.9751510620117188,260.6649169921875,g
30.63080406188965,8.841675758361816,2.4703993797302246,0.4818892776966095,0.2971891164779663,3.722827434539795,0.2210988998413086,0.4092501103878021,27.61178970336914,169.9170379638672,g
13.64053726196289,6.789984703063965,2.371419906616211,0.5505479574203491,0.3183937668800354,10.04861068725586,1.9997949600219727,0.16753141582012177,30.205982208251953,144.65435791015625,g
87.82733917236328,28.63222885131836,3.143763780593872,0.23498216271400452,0.11641517281532288,-5.071271896362305,4.498935222625732,1.6344879865646362,40.72962951660156,164.4938201904297,h
33.263919830322266,10.866080284118652,2.5930211544036865,0.5016341805458069,0.2712499499320984,-7.145589828491211,9.088478088378906,0.20986004173755646,17.13827896118164,158.27734375,g
78.83988952636719,34.115020751953125,3.2211225032806396,0.20085686445236206,0.12521687150001526,-2.1307783126831055,34.77876663208008,-0.25164905190467834,3.4833927154541016,252.2002410888672,g
35.049720764160156,18.154708862304688,2.4476635456085205,0.4944838881492615,0.27252453565597534,12.537651062011719,5.922604560852051,-0.463593989610672,49.52408218383789,159.79269409179688,h
122.88594055175781,39.657958984375,3.556074380874634,0.1745748370885849,0.07625053822994232,-50.13221740722656,-7.88474178314209,2.9663803577423096,36.90052795410156,230.12173461914062,h
20.336135864257812,4.197227478027344,2.244676113128662,0.6585431098937988,0.40589433908462524,6.056750774383545,-1.5882883071899414,0.25465524196624756,29.0122013092041,185.98045349121094,g
22.823810577392578,9.078668594360352,2.4544219970703125,0.5304777026176453,0.2882785201072693,10.685293197631836,5.1807756423950195,0.802442729473114,30.459579467773438,174.09280395507812,g
4.9494781494140625,8.509990692138672,2.0248100757598877,0.801949143409729,0.4604676365852356,2.7025699615478516,-9.729655265808105,0.3596227765083313,33.86513137817383,135.64453125,h
48.569358825683594,22.128129959106445,2.8648760318756104,0.3396582007408142,0.1525975912809372,-10.086190223693848,14.892810821533203,0.7480462789535522,19.374038696289062,193.22872924804688,g
56.81134796142578,30.433074951171875,3.131993055343628,0.1731807142496109,0.08283793926239014,20.90632438659668,34.45418167114258,0.10594865679740906,15.084078788757324,184.3205108642578,g
25.298917770385742,12.136014938354492,2.478431463241577,0.4745730757713318,0.2982998788356781,1.0780611038208008,18.93545150756836,-0.5403798818588257,23.19187355041504,184.2017822265625,g
17.293052673339844,1.5022830963134766,2.2148826122283936,0.641380250453949,0.40736544132232666,4.175074100494385,-8.464369773864746,0.18925398588180542,31.404890060424805,169.68597412109375,g
29.14995765686035,10.543676376342773,2.5154731273651123,0.5350807309150696,0.2930009365081787,-6.262356758117676,4.327504634857178,0.544151246547699,24.517047882080078,184.77684020996094,g
82.46061706542969,39.426475524902344,3.275266647338867,0.17941060662269592,0.11409731954336166,-11.067485809326172,33.685638427734375,-0.7885266542434692,0.29351234436035156,270.6103515625,g
65.82228088378906,24.91530418395996,3.1279361248016357,0.27568215131759644,0.14057686924934387,-7.9387431144714355,25.74446678161621,-0.05748951435089111,4.889230728149414,226.1958770751953,g
55.09178161621094,23.355831146240234,2.8044674396514893,0.3282405734062195,0.17656195163726807,-9.650983810424805,5.989180564880371,-0.21581056714057922,44.4384765625,178.30360412597656,g
127.93199157714844,44.14490509033203,3.4641332626342773,0.20456701517105103,0.13243485987186432,-36.66324234008789,-60.5631217956543,1.834272027015686,44.47157287597656,295.9690856933594,h
30.87632942199707,12.816872596740723,2.5671629905700684,0.5527193546295166,0.2835279107093811,6.086898326873779,12.80810546875,0.6782529354095459,21.554988861083984,179.938720703125,g
53.234317779541016,11.225618362426758,2.831207275390625,0.3902762234210968,0.19864366948604584,6.10368013381958,8.72283935546875,0.5416364669799805,42.31103515625,180.27798461914062,g
51.64530563354492,15.99801254272461,2.7597692012786865,0.45597344636917114,0.2221011519432068,-5.974438190460205,8.501619338989258,0.6087133884429932,41.45326614379883,169.5520782470703,g
88.98772430419922,37.829429626464844,3.2198233604431152,0.17688800394535065,0.08255907893180847,-16.476716995239258,8.801165580749512,1.1964713335037231,40.04023742675781,180.79737854003906,h
77.9151611328125,25.05735969543457,3.2545125484466553,0.19400475919246674,0.08566907048225403,-5.7208251953125,-2.094696044921875,0.8959904909133911,11.199197769165039,225.1681365966797,g
33.601531982421875,14.981256484985352,2.7191038131713867,0.39943230152130127,0.19415198266506195,0.5169925689697266,14.08689022064209,0.5544404983520508,21.56222915649414,160.206787109375,g
55.6710090637207,24.861478805541992,2.920409679412842,0.26756346225738525,0.14470389485359192,8.700294494628906,25.431095123291016,0.31826239824295044,16.296886444091797,189.23452758789062,g
31.02245330810547,10.81732177734375,2.3799033164978027,0.5378789305686951,0.31326133012771606,-11.433820724487305,-5.030686378479004,-1.113283395767212,44.19868469238281,144.50631713867188,h
44.130165100097656,11.363619804382324,2.818047285079956,0.3549983501434326,0.20192565023899078,12.355369567871094,18.012184143066406,0.8827308416366577,20.301074981689453,178.21697998046875,g
49.850730895996094,17.801769256591797,2.9451119899749756,0.2735334634780884,0.13113190233707428,-4.349893093109131,17.399723052978516,0.5807791352272034,16.152515411376953,179.7584228515625,g
22.478675842285156,9.381474494934082,2.3689627647399902,0.558032214641571,0.35638242959976196,4.657995700836182,8.940000534057617,-0.6091676950454712,24.120819091796875,184.5858612060547,g
66.3787841796875,31.702497482299805,3.095818042755127,0.16864435374736786,0.0951390340924263,29.371410369873047,26.820446014404297,0.9369665384292603,20.83367919921875,203.07569885253906,g
28.71175193786621,9.706503868103027,2.5473930835723877,0.4442552924156189,0.2483481615781784,5.608307361602783,0.007049560546875,0.4107774496078491,25.07416343688965,136.1600341796875,g
45.49455642700195,20.360889434814453,2.8043863773345947,0.3659556210041046,0.1706876903772354,7.682779788970947,13.10265064239502,1.085523009300232,20.540700912475586,144.78179931640625,h
115.1855697631836,34.78989791870117,3.5238029956817627,0.22530589997768402,0.10490132868289948,-31.035451889038086,-17.917678833007812,2.9646012783050537,39.30643081665039,237.27481079101562,h
67.05609893798828,32.903221130371094,2.9990577697753906,0.18109627068042755,0.12033844739198685,23.272375106811523,20.909215927124023,-0.6347590684890747,42.8753662109375,182.87481689453125,h
23.94463539123535,11.852627754211426,2.470318555831909,0.5344229936599731,0.29605239629745483,14.21677017211914,11.745569229125977,0.3494110405445099,26.10750961303711,164.47360229492188,g
63.0720100402832,28.143203735351562,3.2452259063720703,0.16458426415920258,0.07748432457447052,10.782569885253906,41.60615539550781,0.07127344608306885,9.329301834106445,216.05392456054688,g
128.43736267089844,71.8769302368164,3.2866616249084473,0.23160794377326965,0.14757828414440155,-138.4352264404297,-39.76448059082031,0.5017454028129578,37.38710403442383,251.599365234375,h
55.54685592651367,26.55605125427246,2.948688507080078,0.26919281482696533,0.14838188886642456,-0.231781005859375,37.134620666503906,-0.0837450921535492,12.658647537231445,210.53208923339844,g
45.844017028808594,23.787939071655273,2.384504795074463,0.6132537722587585,0.3808273673057556,-59.319705963134766,-14.294941902160645,-1.5721418857574463,40.672706604003906,208.9949951171875,h
29.60902976989746,7.7177629470825195,2.3669934272766113,0.7121228575706482,0.3882215917110443,-2.3154656887054443,5.74906063079834,0.2155229151248932,47.18311309814453,197.56492614746094,g
45.67243194580078,19.46780776977539,2.830193519592285,0.3086121082305908,0.1705520898103714,10.20428466796875,22.684978485107422,0.6296430826187134,22.13508415222168,187.52976989746094,g
50.081932067871094,17.773704528808594,2.6153299808502197,0.48816758394241333,0.2787678837776184,5.272679805755615,7.553055763244629,-0.04394024610519409,42.45741271972656,166.18511962890625,h
25.456520080566406,12.831278800964355,2.5128328800201416,0.5201123952865601,0.27582022547721863,16.118694305419922,8.07758903503418,0.7487938404083252,27.636404037475586,157.00450134277344,g
35.96522903442383,10.358999252319336,2.8020193576812744,0.3926166594028473,0.2016669660806656,2.40994930267334,15.65085506439209,0.42986226081848145,17.502506256103516,171.99977111816406,g
35.94544982910156,13.588508605957031,2.5258395671844482,0.486512154340744,0.28255006670951843,-2.971646785736084,2.885601043701172,-0.8152368068695068,44.26209259033203,151.86679077148438,h
9.406684875488281,8.032947540283203,2.1328375339508057,0.6514382362365723,0.405235230922699,4.945136547088623,-5.488181114196777,-0.04560655355453491,34.400352478027344,139.89698791503906,h
18.138031005859375,8.00871753692627,2.2148187160491943,0.860798716545105,0.4198246896266937,4.426236629486084,-4.80577278137207,2.2476961612701416,32.7608757019043,184.17518615722656,g
25.152311325073242,8.836383819580078,2.247666597366333,0.5546689629554749,0.33565324544906616,8.4619140625,-16.568126678466797,0.11462900042533875,62.06708908081055,141.46485900878906,g
39.139915466308594,16.234760284423828,2.488771677017212,0.4490151107311249,0.2733389735221863,12.606193542480469,1.5268611907958984,-0.2945198118686676,52.70790100097656,165.68190002441406,g
36.14569091796875,17.877416610717773,2.766706943511963,0.37413492798805237,0.21696564555168152,-0.7467784881591797,29.179141998291016,-0.5471609830856323,16.27066421508789,198.17120361328125,g
29.563873291015625,9.85368537902832,2.5763418674468994,0.5760325193405151,0.269860178232193,14.270547866821289,2.908968925476074,1.7888230085372925,26.934497833251953,150.41433715820312,g
84.56655883789062,47.182884216308594,3.5556671619415283,0.06291601061820984,0.05601076781749725,-0.4960660934448242,72.36219024658203,-0.6857273578643799,-0.9816741943359375,268.8577880859375,g
45.636009216308594,16.71563720703125,2.8040754795074463,0.3709758520126343,0.2009660303592682,12.225509643554688,24.36983871459961,0.29226967692375183,16.35965347290039,195.6777801513672,g
35.10707092285156,15.571783065795898,2.5076842308044434,0.4967590868473053,0.3100992441177368,2.634705066680908,19.488548278808594,-1.202744960784912,43.40987014770508,182.66204833984375,g
42.92071533203125,14.965209007263184,2.8413937091827393,0.36962568759918213,0.19464494287967682,10.318065643310547,25.482223510742188,0.49374866485595703,16.4735107421875,179.53981018066406,g
37.76445770263672,17.734472274780273,2.430180788040161,0.5418698191642761,0.3143784999847412,-4.881938934326172,2.971370220184326,-0.7594507932662964,45.02544021606445,154.790771484375,h
11.99178695678711,10.567936897277832,2.3079891204833984,0.5735260844230652,0.3304332196712494,2.0299501419067383,4.682222843170166,-0.26274529099464417,29.761474609375,154.9448699951172,g
57.73062515258789,21.19684600830078,2.7173409461975098,0.39867743849754333,0.23155467212200165,-6.0893144607543945,9.105866432189941,-0.5463696718215942,37.758853912353516,168.50698852539062,h
56.19491958618164,17.822832107543945,3.0806188583374023,0.27120181918144226,0.12535905838012695,11.289461135864258,22.673166275024414,1.0509157180786133,15.411040306091309,190.5038299560547,g
44.89365768432617,19.493324279785156,2.469560146331787,0.5274926424026489,0.32606908679008484,4.345703601837158,3.84043550491333,-0.5710766315460205,44.819610595703125,163.59213256835938,h
70.33152770996094,28.11302947998047,3.210951805114746,0.20521511137485504,0.10643600672483444,12.337360382080078,40.724388122558594,0.4550045430660248,8.498268127441406,227.28814697265625,g
54.312294006347656,26.956541061401367,3.109283447265625,0.19304099678993225,0.11244337260723114,11.617195129394531,49.365474700927734,-0.7292907238006592,7.801868438720703,217.9690704345703,g
32.97856903076172,11.3568696975708,2.6048223972320557,0.5062302350997925,0.26670193672180176,12.519309997558594,10.047886848449707,1.0554605722427368,25.562034606933594,178.0189971923828,g
115.87747192382812,47.457035064697266,3.6005663871765137,0.06790110468864441,0.053273603320121765,-8.56572437286377,26.184490203857422,0.7774406671524048,1.2899551391601562,291.3287353515625,g
30.935815811157227,15.484369277954102,2.349766492843628,0.5332736372947693,0.33585458993911743,1.0670981407165527,4.21212100982666,-0.9691553115844727,50.331260681152344,164.73097229003906,h
53.73973846435547,21.21213150024414,2.95151424407959,0.2896873652935028,0.14366251230239868,4.702348232269287,27.086959838867188,0.8035120368003845,16.413049697875977,193.94090270996094,g
30.445354461669922,14.190692901611328,2.448847770690918,0.6220446228981018,0.31299498677253723,7.669044017791748,-3.8552722930908203,1.8568035364151,32.39302062988281,163.95846557617188,h
44.086036682128906,15.427251815795898,2.7813475131988525,0.33372262120246887,0.19451548159122467,9.14542007446289,11.298110008239746,0.10386353731155396,20.49980354309082,195.78173828125,g
30.24945640563965,15.85389518737793,2.55491042137146,0.4373738169670105,0.24527721107006073,8.611799240112305,4.060426712036133,0.6605710387229919,28.791051864624023,138.36956787109375,h
40.036842346191406,13.199127197265625,2.4745726585388184,0.6729923486709595,0.34481263160705566,1.569441795349121,2.475245475769043,0.6577684879302979,43.911659240722656,165.3675079345703,h
7.19573974609375,4.566350936889648,2.075850009918213,0.6900100708007812,0.44722527265548706,-0.31061220169067383,-5.015002250671387,-0.7185806035995483,31.44349479675293,166.34268188476562,g
32.6885986328125,9.057502746582031,2.456186294555664,0.5249139666557312,0.3281523585319519,-0.7737677097320557,5.541123390197754,-0.8379541635513306,46.545997619628906,172.7139892578125,g
58.5285758972168,25.275001525878906,3.082831621170044,0.2546232342720032,0.139222651720047,7.49862813949585,40.828643798828125,-0.19596919417381287,6.908733367919922,209.54063415527344,g
77.76715850830078,37.214683532714844,3.2349512577056885,0.11757349967956543,0.07413992285728455,28.375797271728516,42.57223892211914,0.47011688351631165,15.061298370361328,255.805419921875,g
57.08642578125,22.87688446044922,2.937128782272339,0.24208225309848785,0.12994906306266785,26.815486907958984,17.255237579345703,1.0631357431411743,23.11739730834961,177.16580200195312,g
37.53352355957031,14.093663215637207,2.7259976863861084,0.38465362787246704,0.20867766439914703,23.41666030883789,16.782011032104492,0.8671067953109741,26.716670989990234,188.45223999023438,g
59.1800651550293,19.45379066467285,3.027186632156372,0.2747335433959961,0.14445288479328156,2.6304564476013184,20.783428192138672,0.8636512756347656,13.507207870483398,186.18057250976562,g
12.091011047363281,9.691170692443848,2.349903106689453,0.6658645868301392,0.3597191274166107,-1.567199945449829,12.782066345214844,-0.22670862078666687,23.591808319091797,188.4136962890625,g
17.895191192626953,9.212587356567383,2.3012778759002686,0.7247620224952698,0.375046044588089,-9.05587387084961,2.1616077423095703,0.6002771854400635,23.816404342651367,170.63137817382812,g
60.351009368896484,21.633159637451172,3.0454864501953125,0.29682815074920654,0.14514616131782532,1.9003276824951172,16.636594772338867,0.6520420908927917,12.458107948303223,203.65682983398438,g
80.85901641845703,35.34947967529297,3.311100721359253,0.14357951283454895,0.08315598964691162,14.315637588500977,35.40486145019531,0.6300356984138489,9.189043045043945,233.4232177734375,g
89.66368103027344,26.60666847229004,3.07180118560791,0.25614073872566223,0.1706235110759735,-13.570009231567383,-13.55112361907959,0.4162686765193939,38.969024658203125,218.35906982421875,g
218.41343688964844,99.4754867553711,3.9965882301330566,0.20586760342121124,0.10480328649282455,-220.4139404296875,-132.83253479003906,8.80333423614502,66.11287689208984,287.83984375,h
54.27298355102539,16.273292541503906,3.004696846008301,0.26059553027153015,0.1206701323390007,3.412041187286377,15.106088638305664,1.4689186811447144,20.16321563720703,174.02891540527344,g
25.398902893066406,11.026711463928223,2.2804746627807617,0.7930152416229248,0.40118929743766785,0.07987308502197266,-1.1870193481445312,0.3636986017227173,46.792510986328125,164.0973663330078,h
57.1281623840332,27.269886016845703,2.997694253921509,0.3512592613697052,0.18372967839241028,-24.29386329650879,13.893590927124023,-0.48659375309944153,8.011228561401367,232.877197265625,g
129.5334014892578,52.306766510009766,3.7291557788848877,0.07807964086532593,0.0439135879278183,-7.006241798400879,4.484158039093018,2.5692501068115234,35.80903244018555,231.4309539794922,h
30.806364059448242,7.312055587768555,2.655548334121704,0.47587379813194275,0.24587078392505646,12.038961410522461,11.90009880065918,1.144715666770935,24.668596267700195,173.7393798828125,g
48.807559967041016,25.9768009185791,2.7774147987365723,0.29943615198135376,0.16615551710128784,5.6547532081604,13.350646018981934,-0.1812366545200348,49.010780334472656,143.6132354736328,h
23.1826229095459,9.500724792480469,2.4260001182556152,0.586301326751709,0.30568593740463257,3.286616802215576,3.8561344146728516,0.9604443311691284,29.106201171875,181.0352325439453,g
67.61148071289062,21.548242568969727,3.1541876792907715,0.2182108759880066,0.1090235784649849,8.973426818847656,22.19011878967285,0.4440915286540985,39.86248779296875,202.26950073242188,g
26.862812042236328,10.065396308898926,2.4959561824798584,0.5997826457023621,0.2934410572052002,-8.85402774810791,1.5597305297851562,1.1620454788208008,26.068859100341797,182.46717834472656,g
81.05165100097656,32.82279586791992,3.3445687294006348,0.17852215468883514,0.10278313606977463,3.889955997467041,36.91196823120117,0.611226499080658,5.682394027709961,240.73927307128906,g
32.70008087158203,17.960041046142578,2.749937057495117,0.32613056898117065,0.18889568746089935,3.4636778831481934,28.219623565673828,-0.0988551676273346,22.761259078979492,181.57838439941406,g
44.274139404296875,14.47414779663086,2.630025625228882,0.44920092821121216,0.26694896817207336,11.349695205688477,10.760149002075195,-0.10729217529296875,46.30144500732422,177.5297393798828,g
57.935665130615234,21.597930908203125,3.0936381816864014,0.2743614912033081,0.1387750506401062,8.464195251464844,37.7781867980957,0.26943570375442505,8.391780853271484,206.42149353027344,g
70.92756652832031,34.05522918701172,3.169295072555542,0.19708377122879028,0.08475366234779358,23.475765228271484,18.993408203125,1.6529878377914429,21.632129669189453,179.50991821289062,h
20.993999481201172,11.765654563903809,2.185094118118286,0.5904345512390137,0.37819480895996094,5.609486103057861,-3.073942184448242,-1.148844838142395,54.53733825683594,143.41578674316406,h
76.05398559570312,35.49264907836914,3.0852880477905273,0.3546982407569885,0.1860671043395996,-50.71944046020508,19.322772979736328,0.4989321231842041,6.064096450805664,229.0616912841797,h
73.02322387695312,31.473766326904297,3.269005298614502,0.1664702445268631,0.09683609753847122,11.781438827514648,38.52765655517578,0.8625634908676147,11.513795852661133,220.4075469970703,g
44.63803482055664,22.10921859741211,2.913477897644043,0.2800981402397156,0.1388719081878662,22.579336166381836,25.089862823486328,0.6507307291030884,22.78553581237793,174.97637939453125,g
80.59062957763672,31.701541900634766,3.245554208755493,0.22574394941329956,0.1358667016029358,-3.459911346435547,33.705291748046875,-0.01943954825401306,2.254467010498047,248.28472900390625,g
31.853870391845703,20.163288116455078,2.6599395275115967,0.33356979489326477,0.17794114351272583,6.885996341705322,13.431107521057129,-0.06288990378379822,26.223535537719727,168.36087036132812,g
29.715438842773438,10.326924324035645,2.482945203781128,0.4931631088256836,0.2870445251464844,3.1613845825195312,3.1332106590270996,0.16589215397834778,24.43770408630371,164.74514770507812,g
121.89079284667969,53.45074462890625,3.32065749168396,0.21297402679920197,0.12236355245113373,-81.26632690429688,-7.678109169006348,0.5033790469169617,27.946697235107422,257.4482421875,h
56.008140563964844,28.21527671813965,3.1596016883850098,0.1918172836303711,0.10325401276350021,12.473146438598633,51.71330642700195,-0.48715510964393616,8.60165023803711,222.7518310546875,g
52.687477111816406,19.966182708740234,2.783112049102783,0.4138029217720032,0.19082720577716827,11.447847366333008,5.5966339111328125,0.7494808435440063,46.20592498779297,178.66653442382812,g
17.35089111328125,5.212324142456055,2.3540027141571045,0.5640106797218323,0.3531116843223572,2.7645959854125977,6.758303642272949,-0.30926796793937683,25.900360107421875,162.6698760986328,g
63.72321319580078,28.73164176940918,3.2399141788482666,0.17474515736103058,0.09088821709156036,8.397932052612305,48.926998138427734,-0.3395805060863495,4.908306121826172,220.1842498779297,g
38.34503173828125,16.34487533569336,2.698054552078247,0.34821105003356934,0.20483608543872833,23.55596351623535,13.763107299804688,0.5106043815612793,26.65956687927246,167.6549530029297,g
130.6568145751953,49.75859069824219,3.64813494682312,0.028363913297653198,0.037079110741615295,11.595977783203125,14.255884170532227,2.0046498775482178,8.906896591186523,305.8546142578125,g
36.45433807373047,10.638729095458984,2.6408238410949707,0.4622173011302948,0.2540595531463623,-1.5544779300689697,12.627978324890137,0.5621910095214844,20.530990600585938,180.70428466796875,g
55.62260055541992,23.19134521484375,2.846750497817993,0.323668897151947,0.1856321394443512,3.447521686553955,17.196916580200195,-0.8447883129119873,35.380714416503906,150.24227905273438,h
69.67234802246094,26.489728927612305,3.2019193172454834,0.19527049362659454,0.09265610575675964,20.489055633544922,22.466358184814453,1.831067442893982,19.46941375732422,193.2881317138672,g
56.61237335205078,25.279821395874023,3.0498385429382324,0.260469913482666,0.14157989621162415,17.369129180908203,39.416839599609375,0.12763550877571106,12.090731620788574,219.61724853515625,g
94.83213806152344,42.47369384765625,3.388352870941162,0.08967441320419312,0.07015469670295715,7.7482686042785645,41.32412338256836,-0.6377365589141846,-0.5802688598632812,283.7057189941406,g
37.32570266723633,13.596030235290527,2.800170421600342,0.37081247568130493,0.1829925924539566,14.156719207763672,19.808795928955078,0.8333950042724609,21.71294593811035,173.49368286132812,g
38.26793670654297,16.07851791381836,2.6373727321624756,0.44487428665161133,0.2387496531009674,-18.131996154785156,2.1630821228027344,0.1115652471780777,19.107364654541016,176.59751892089844,g
57.705196380615234,23.721513748168945,2.814690113067627,0.3319140076637268,0.17261631786823273,12.179412841796875,18.723567962646484,-0.010395675897598267,40.616539001464844,162.86489868164062,h
56.406837463378906,16.014678955078125,2.9820163249969482,0.26954302191734314,0.12286154180765152,12.568414688110352,8.32571029663086,1.5551867485046387,20.6898250579834,167.54183959960938,g
46.304771423339844,28.63538932800293,2.623359441757202,0.35434627532958984,0.21146829426288605,-39.122249603271484,-7.647204399108887,-1.1400927305221558,50.39525604248047,199.87461853027344,h
27.607141494750977,12.602677345275879,2.457874059677124,0.5116659998893738,0.30357807874679565,-4.643413543701172,5.776901721954346,-1.229928970336914,43.717864990234375,125.873046875,h
58.28464126586914,24.96324348449707,3.027434825897217,0.21927860379219055,0.11096246540546417,7.003195285797119,26.7596435546875,-0.37154731154441833,37.446441650390625,151.1363983154297,h
12.647533416748047,2.4095230102539062,2.0032083988189697,0.6096220016479492,0.4485618472099304,11.536214828491211,-13.806153297424316,-1.4330521821975708,63.96295166015625,175.537353515625,g
36.950035095214844,18.07119369506836,2.7214231491088867,0.35718658566474915,0.1993326097726822,4.786479473114014,22.288558959960938,0.13489554822444916,22.24381446838379,187.52224731445312,g
50.42607498168945,20.327768325805664,2.894763946533203,0.3183099329471588,0.15073555707931519,23.035552978515625,18.668386459350586,1.2460684776306152,22.188804626464844,177.9114990234375,g
42.14442443847656,17.825679779052734,2.6019341945648193,0.4885919988155365,0.24915653467178345,8.817840576171875,0.3469552993774414,0.24601569771766663,47.47547149658203,150.88265991210938,h
35.46089172363281,13.000618934631348,2.701833724975586,0.3933316469192505,0.2150905877351761,-0.4765777587890625,18.787933349609375,0.11386783421039581,19.15749740600586,176.51535034179688,g
46.915767669677734,14.896193504333496,2.836331844329834,0.3409932851791382,0.17451849579811096,8.855398178100586,8.647201538085938,0.8514948487281799,20.32136344909668,171.13766479492188,g
38.960899353027344,14.979042053222656,2.6927151679992676,0.39605531096458435,0.19428910315036774,13.231687545776367,6.398458480834961,1.2228832244873047,27.594274520874023,172.09194946289062,g
24.228229522705078,8.089020729064941,2.453491687774658,0.6332759857177734,0.33473294973373413,5.739720821380615,11.953250885009766,0.6350438594818115,22.750953674316406,191.14378356933594,g
45.601158142089844,15.047703742980957,2.8650286197662354,0.3444289565086365,0.16275042295455933,6.560052394866943,11.88914966583252,1.405350923538208,22.741918563842773,172.09097290039062,g
40.706573486328125,13.216676712036133,2.4015560150146484,0.683880090713501,0.40872645378112793,-15.424339294433594,-15.041851997375488,0.8345030546188354,20.12704086303711,148.167236328125,h
73.9351806640625,29.0756893157959,2.946951150894165,0.38802722096443176,0.20507262647151947,-19.55580711364746,-15.505404472351074,0.3552106022834778,41.203125,211.22540283203125,h
59.53349304199219,27.374544143676758,3.0401628017425537,0.24679939448833466,0.12527571618556976,-12.692655563354492,33.97242736816406,-0.10416224598884583,9.462114334106445,210.0372772216797,g
47.69094467163086,9.6989107131958,2.6989612579345703,0.4220942258834839,0.22701983153820038,15.846382141113281,0.057369232177734375,0.822095513343811,48.739288330078125,161.05133056640625,g
166.9200439453125,56.35803985595703,3.7554636001586914,0.22334016859531403,0.1420472264289856,-78.09625244140625,-56.99594497680664,6.819809913635254,54.262115478515625,235.39321899414062,h
11.222854614257812,1.0997238159179688,2.1534788608551025,0.6506956815719604,0.4274734556674957,-0.26653099060058594,-5.816838264465332,-0.15485092997550964,32.87760543823242,163.299072265625,g
94.05846405029297,40.37336730957031,3.346160411834717,0.2697688639163971,0.13017849624156952,-57.02600860595703,-10.57919979095459,3.367053747177124,56.977970123291016,197.00311279296875,h
33.67902374267578,10.71701431274414,2.651855707168579,0.5507131814956665,0.2817463278770447,2.894458770751953,14.436439514160156,0.7537826299667358,18.892934799194336,194.09024047851562,g
75.38919067382812,36.51687240600586,3.2974987030029297,0.17094141244888306,0.11280258744955063,5.453711032867432,51.19530487060547,-0.36465510725975037,3.4769859313964844,251.64321899414062,g
143.05198669433594,85.88758850097656,4.118767738342285,0.14339137077331543,0.04367567598819733,-136.6616973876953,-35.760841369628906,7.730834484100342,75.86424255371094,212.37965393066406,h
44.42230224609375,19.341684341430664,2.7964184284210205,0.3164443373680115,0.17482811212539673,20.423444747924805,17.585140228271484,0.44950705766677856,21.775222778320312,172.72860717773438,g
37.39619827270508,14.292060852050781,2.366337776184082,0.5119310617446899,0.3355256915092468,4.596277713775635,0.19455432891845703,-0.9329596757888794,49.03398132324219,169.89166259765625,g
90.56210327148438,34.49494171142578,3.3475353717803955,0.17619793117046356,0.0930095687508583,1.641465187072754,0.5087852478027344,1.0962105989456177,41.71733093261719,203.8948974609375,h
-0.9910926818847656,10.268134117126465,2.0425307750701904,0.6493105888366699,0.41154390573501587,-1.6074309349060059,2.458064079284668,-1.748088002204895,28.34703254699707,134.59454345703125,h
25.60494041442871,8.911996841430664,2.4894113540649414,0.5847800970077515,0.3043912649154663,17.304988861083984,8.483686447143555,1.3159918785095215,29.340120315551758,184.5562286376953,g
83.77092742919922,27.07436752319336,3.2340521812438965,0.24436339735984802,0.13275662064552307,-25.1911563873291,7.345335006713867,0.43257755041122437,2.847665786743164,228.21014404296875,g
37.27577209472656,15.195734024047852,2.6313161849975586,0.41518622636795044,0.24152910709381104,11.385513305664062,15.502716064453125,-0.7392878532409668,45.560367584228516,173.36270141601562,g
45.30581283569336,14.266843795776367,2.8874237537384033,0.31964296102523804,0.17650052905082703,7.588158130645752,23.14240264892578,0.3628137707710266,15.393177032470703,178.60231018066406,g
37.971824645996094,10.49162769317627,2.7316677570343018,0.3891703188419342,0.20707683265209198,-3.171280860900879,3.1819381713867188,-0.03936752676963806,17.20585060119629,185.87937927246094,g
67.94491577148438,17.509262084960938,3.014897108078003,0.35036927461624146,0.1953185349702835,-2.1654791831970215,4.105388164520264,1.7855916023254395,15.7236328125,194.17845153808594,g
32.485443115234375,13.877641677856445,2.5407919883728027,0.46154922246932983,0.27985894680023193,17.821012496948242,11.526325225830078,0.18249399960041046,25.998361587524414,178.5570526123047,g
45.73307418823242,24.584928512573242,2.7059826850891113,0.37873563170433044,0.21111755073070526,11.067525863647461,20.288793563842773,-1.1129658222198486,42.143272399902344,191.136474609375,h
27.711320877075195,13.206180572509766,2.464667797088623,0.5410842299461365,0.293601393699646,0.008786678314208984,-0.8648271560668945,0.6276232004165649,25.144515991210938,121.43047332763672,h
26.211669921875,12.182693481445312,2.313350200653076,0.4977262616157532,0.3575334846973419,9.327686309814453,9.41246223449707,-1.6372606754302979,51.71237564086914,177.0572967529297,g
29.707551956176758,14.307988166809082,2.786314010620117,0.32632771134376526,0.17137554287910461,9.237018585205078,25.780311584472656,-0.24043288826942444,19.44633674621582,166.96275329589844,g
37.653079986572266,16.24104881286621,2.396430253982544,0.5696995258331299,0.3309144675731659,-5.179177284240723,2.3060503005981445,-0.7696473598480225,43.15385818481445,147.9714813232422,h
97.48509216308594,37.07807922363281,3.2794322967529297,0.2013724446296692,0.12277510017156601,-20.245689392089844,4.196477890014648,-0.1948849856853485,29.21566390991211,252.46304321289062,h
134.95469665527344,59.77857208251953,3.4005753993988037,0.1499335914850235,0.09977632761001587,-71.94153594970703,-5.673357963562012,0.4157205820083618,27.10855484008789,292.66796875,h
41.16761779785156,14.628454208374023,2.8578412532806396,0.31306350231170654,0.15640060603618622,4.800573825836182,15.535330772399902,0.27178892493247986,17.848880767822266,167.05108642578125,g
53.152610778808594,25.24556541442871,2.758009672164917,0.3321545422077179,0.19740352034568787,-10.577685356140137,18.419025421142578,-1.3510334491729736,37.69200134277344,190.12539672851562,g
30.29513931274414,12.393041610717773,2.5764262676239014,0.4923318326473236,0.27266648411750793,3.4247841835021973,14.41522216796875,-0.021342068910598755,18.730358123779297,160.97427368164062,g
47.99322509765625,19.6131591796875,2.9154834747314453,0.43652665615081787,0.21894849836826324,-0.10341739654541016,28.20264434814453,0.45915496349334717,11.389554977416992,204.25048828125,g
30.022340774536133,8.122676849365234,2.5457913875579834,0.47601568698883057,0.2785590887069702,13.546297073364258,8.256707191467285,0.5606896281242371,26.947980880737305,182.51023864746094,g
19.96532440185547,8.849510192871094,2.4825899600982666,0.4775976240634918,0.29624754190444946,11.783407211303711,17.123605728149414,-0.3872285783290863,25.857709884643555,183.61219787597656,g
60.54786682128906,21.21915054321289,2.953460216522217,0.3546382486820221,0.21215710043907166,-18.442535400390625,15.486141204833984,0.04653865098953247,9.822160720825195,213.4391632080078,g
59.49521255493164,30.308134078979492,2.869262933731079,0.2796404957771301,0.164920836687088,3.792715549468994,21.562297821044922,0.2587931156158447,15.752577781677246,164.16619873046875,h
51.37105178833008,33.06700134277344,2.6169426441192627,0.3685719966888428,0.2259312868118286,-42.89238739013672,-12.935408592224121,-1.1066972017288208,50.036109924316406,181.4611358642578,h
42.09915542602539,21.528661727905273,2.5512008666992188,0.47362932562828064,0.2867841124534607,-3.793245792388916,19.28250503540039,-1.1505919694900513,42.80018615722656,201.89874267578125,g
38.93833541870117,15.482060432434082,2.658104181289673,0.42896562814712524,0.24640637636184692,11.254972457885742,19.412887573242188,-0.623207688331604,44.47257995605469,183.7784423828125,g
25.630428314208984,5.914636611938477,2.5162339210510254,0.6115630269050598,0.3139127492904663,2.6615352630615234,8.746991157531738,0.918136715888977,21.67605209350586,180.5089111328125,g
24.408231735229492,8.742807388305664,2.217092514038086,0.7474626302719116,0.3916822671890259,11.579780578613281,-13.96666431427002,1.1173675060272217,59.43102264404297,156.88479614257812,h
60.282257080078125,17.17556381225586,2.9382126331329346,0.35404157638549805,0.14255796372890472,8.046014785766602,-1.9572620391845703,1.239794373512268,42.215858459472656,130.482666015625,h
19.991561889648438,9.044913291931152,2.4027583599090576,0.5210696458816528,0.3101119101047516,-10.788314819335938,-0.035915374755859375,-0.3398418724536896,26.47824478149414,174.16015625,g
19.077163696289062,5.846160888671875,2.4416041374206543,0.5265173316001892,0.31080353260040283,8.232776641845703,6.51330041885376,0.07000482082366943,26.76611328125,157.79261779785156,g
50.968910217285156,18.30694007873535,2.985499382019043,0.3134980797767639,0.15602055191993713,8.90237808227539,26.179519653320312,0.8351366519927979,15.523659706115723,179.05149841308594,g
128.2097930908203,52.47500228881836,3.459764003753662,0.17001572251319885,0.11074219644069672,-44.68869400024414,4.72754430770874,1.8753684759140015,33.343563079833984,255.0602569580078,h
125.979248046875,58.853477478027344,3.729444980621338,0.10906875133514404,0.05019088089466095,-59.34321212768555,-5.8666276931762695,5.247824192047119,63.3647575378418,200.2437744140625,h
47.950347900390625,20.853845596313477,2.9007022380828857,0.26889342069625854,0.15314602851867676,5.3620476722717285,34.46440887451172,-0.22225961089134216,13.679191589355469,197.0581817626953,g
49.88945388793945,15.94297981262207,2.842550754547119,0.3162969648838043,0.16945333778858185,22.999591827392578,4.442512035369873,1.5058702230453491,27.463293075561523,165.42068481445312,g
115.3948974609375,43.706520080566406,3.428673267364502,0.16624248027801514,0.08906228840351105,-30.920536041259766,-1.0162954330444336,3.229609727859497,46.16530227661133,220.91542053222656,h
59.31815719604492,16.735992431640625,2.918943405151367,0.34256404638290405,0.16138853132724762,2.3490161895751953,6.226045608520508,0.7934188842773438,40.39970397949219,142.2337188720703,g
133.3485565185547,40.56296157836914,3.561938524246216,0.12557530403137207,0.05627281963825226,9.025701522827148,-17.115108489990234,3.2026495933532715,38.91643524169922,254.878662109375,h
47.61024856567383,17.53421974182129,2.8940272331237793,0.32476383447647095,0.1506151258945465,5.380972385406494,15.497349739074707,1.4878736734390259,23.274078369140625,175.50765991210938,g
35.48193359375,13.613937377929688,2.718689441680908,0.4013395309448242,0.19929245114326477,6.735795497894287,12.248104095458984,0.9703245162963867,23.67375373840332,153.6930389404297,g
82.30021667480469,34.111839294433594,3.3121581077575684,0.18270637094974518,0.11511284112930298,-3.0144002437591553,39.71465301513672,-0.38621786236763,-0.1774749755859375,254.22560119628906,g
36.439613342285156,14.204056739807129,2.8364977836608887,0.35945603251457214,0.18817244470119476,7.612966060638428,30.009796142578125,-0.0903421938419342,14.417765617370605,182.39317321777344,g
27.981689453125,8.090160369873047,2.50719952583313,0.5152615904808044,0.2995285391807556,7.015859127044678,7.650586128234863,0.7213064432144165,27.749441146850586,171.0276336669922,g
16.335121154785156,15.637828826904297,2.341174840927124,0.5871513485908508,0.3319935202598572,8.21710205078125,8.817381858825684,-0.23310276865959167,25.914106369018555,135.87709045410156,h
72.27629089355469,35.17744445800781,3.1385836601257324,0.2021549493074417,0.14179596304893494,-2.4645016193389893,39.228309631347656,-1.389931321144104,1.776296615600586,264.4844665527344,g
45.329811096191406,19.881437301635742,3.027669906616211,0.25642216205596924,0.1100405678153038,3.314204216003418,27.882709503173828,1.043735146522522,20.67173194885254,177.1203155517578,g
33.39476013183594,22.67731475830078,2.6100351810455322,0.38953912258148193,0.22634956240653992,10.517494201660156,14.89639663696289,-1.324487328529358,48.26002502441406,168.31118774414062,h
129.73562622070312,92.01963806152344,3.8715226650238037,0.14217516779899597,0.10741961002349854,-162.65975952148438,-4.237424850463867,4.542459964752197,64.49153137207031,223.4761199951172,h
16.630996704101562,4.532983779907227,2.3208234310150146,0.5707114934921265,0.3512645959854126,-2.0378377437591553,0.6711063385009766,-0.01824018359184265,29.264137268066406,172.97671508789062,g
29.07509422302246,11.636794090270996,2.614196300506592,0.401704877614975,0.2373662143945694,2.595792293548584,17.011865615844727,-0.1943856179714203,21.987777709960938,172.15292358398438,g
131.7467498779297,55.20667266845703,3.81191349029541,0.02167212963104248,0.03977327048778534,-3.129619598388672,33.86425018310547,2.1455204486846924,4.332469940185547,303.4052734375,g
41.76020050048828,13.186636924743652,2.777921676635742,0.42582201957702637,0.2132146954536438,4.468019962310791,17.51869010925293,-0.11658594012260437,42.17256546020508,183.7477569580078,g
40.156124114990234,16.388601303100586,2.7104790210723877,0.3405892550945282,0.18840977549552917,15.607444763183594,7.930355072021484,0.3827284276485443,23.602331161499023,164.6804656982422,g
37.3109130859375,14.97836971282959,2.6807947158813477,0.42636385560035706,0.22750183939933777,10.024744033813477,11.100239753723145,0.4520592987537384,19.852113723754883,144.47813415527344,h
51.596519470214844,16.797319412231445,2.704540252685547,0.3830092251300812,0.24061962962150574,-1.5632884502410889,15.024707794189453,-1.3167906999588013,36.87046813964844,213.12689208984375,g
78.93109130859375,34.84453582763672,3.188494920730591,0.18882687389850616,0.11699617654085159,2.226175308227539,33.01502227783203,-0.48908689618110657,3.4929065704345703,259.65301513671875,g
67.97637939453125,33.02498245239258,3.36723256111145,0.15070445835590363,0.08201979100704193,-0.015364646911621094,48.873779296875,-0.2815404236316681,4.230649948120117,233.5440673828125,g
58.705474853515625,21.00600242614746,2.74642014503479,0.34935230016708374,0.19576837122440338,2.825629711151123,-4.876049995422363,0.5059917569160461,49.35314178466797,166.27915954589844,h
35.418609619140625,12.804072380065918,2.593383312225342,0.4747842848300934,0.28299638628959656,-5.134706497192383,8.830361366271973,-0.9702324867248535,43.94361877441406,186.23745727539062,g
14.67898178100586,3.1192474365234375,2.1272644996643066,0.7898627519607544,0.4532718062400818,-0.5768537521362305,-7.313185691833496,0.821183443069458,31.502038955688477,184.9443817138672,g
117.1707763671875,49.31829071044922,3.6488351821899414,0.035487860441207886,0.0383731871843338,12.35325813293457,31.83316421508789,1.9411495923995972,8.46484375,284.26641845703125,g
2.7664031982421875,5.870718002319336,2.006927013397217,0.9759939908981323,0.479743093252182,10.292182922363281,-9.57938289642334,2.1074161529541016,37.726539611816406,170.77130126953125,h
34.77360534667969,7.783243179321289,2.7022922039031982,0.3902216851711273,0.21183153986930847,11.109720230102539,6.713461875915527,0.6125001907348633,23.619556427001953,173.99526977539062,g
39.68093490600586,16.01483917236328,2.7441272735595703,0.41008034348487854,0.2145691215991974,-12.246711730957031,17.377254486083984,0.19402749836444855,16.218854904174805,182.21617126464844,g
56.06254196166992,18.317625045776367,3.01572322845459,0.237960547208786,0.1154479905962944,19.700429916381836,16.542409896850586,1.279165506362915,20.65605926513672,182.22215270996094,g
28.21829605102539,10.691240310668945,2.2972335815429688,0.5656229257583618,0.38250213861465454,6.904042720794678,11.621474266052246,-1.5222254991531372,48.123497009277344,197.36061096191406,g
13.054798126220703,-0.3595542907714844,2.198460578918457,0.6642017364501953,0.39686667919158936,9.78093147277832,-13.537516593933105,0.8562934398651123,36.4927864074707,167.3486328125,g
11.081809997558594,6.016077041625977,2.1625335216522217,0.618781328201294,0.4158775508403778,11.416496276855469,2.9547038078308105,-0.5527507066726685,33.98237991333008,186.02587890625,g
10.844669342041016,1.6133193969726562,2.211263656616211,0.626876711845398,0.3983047306537628,0.10668754577636719,-1.6769208908081055,-0.3726653754711151,30.191570281982422,175.36070251464844,g
67.41959381103516,26.049055099487305,3.0125999450683594,0.34188151359558105,0.17957362532615662,-12.553808212280273,-1.0615129470825195,0.42343783378601074,13.135719299316406,235.49691772460938,g
52.37810134887695,20.505756378173828,2.930952787399292,0.2826138436794281,0.16611357033252716,14.659734725952148,34.271446228027344,-0.12516677379608154,13.112409591674805,210.75338745117188,g
39.50849151611328,19.121150970458984,2.8429384231567383,0.319559246301651,0.17652130126953125,-0.994154691696167,36.5023307800293,-0.4543206989765167,13.803642272949219,188.20834350585938,g
152.4300994873047,64.38106536865234,3.6338682174682617,0.1191076934337616,0.06587526202201843,-86.3176040649414,-28.399749755859375,2.6194987297058105,32.140995025634766,245.76400756835938,h
28.9454288482666,9.27772045135498,2.3148107528686523,0.6503568887710571,0.3549618124961853,5.049600124359131,-13.010663032531738,0.48597773909568787,53.905242919921875,134.45346069335938,h
28.36675262451172,14.393623352050781,2.500107765197754,0.4438369572162628,0.2590096592903137,7.429861545562744,2.760714054107666,-0.06869903206825256,24.3763370513916,129.70297241210938,h
31.415203094482422,10.547531127929688,2.7222652435302734,0.3762800395488739,0.19873538613319397,6.990638256072998,14.855030059814453,0.19343265891075134,19.291370391845703,143.650146484375,g
39.577083587646484,12.979496002197266,2.717548131942749,0.43803107738494873,0.2138788253068924,6.82668924331665,14.63227367401123,1.0884710550308228,21.729537963867188,183.55955505371094,g
45.32341003417969,20.9506778717041,2.636047124862671,0.4243727922439575,0.22888831794261932,9.077262878417969,8.16441535949707,-0.43513986468315125,44.37690353393555,159.45553588867188,h
71.84346771240234,33.636009216308594,3.3087034225463867,0.13249032199382782,0.06718228757381439,1.8442211151123047,37.82341384887695,-0.6108804941177368,33.57536315917969,205.6974334716797,g
156.9945831298828,69.64327239990234,3.7050445079803467,0.13630546629428864,0.0829576849937439,-112.06535339355469,-46.8193473815918,3.249711275100708,44.86846923828125,279.9639587402344,h
67.46598815917969,19.395401000976562,2.800236701965332,0.44687095284461975,0.25629541277885437,-9.431791305541992,-4.713191986083984,0.18036644160747528,38.673561096191406,212.72494506835938,g
40.89556884765625,22.322181701660156,2.921164035797119,0.3183901309967041,0.17313581705093384,7.218103885650635,38.89109802246094,-0.47800812125205994,14.038090705871582,207.5775604248047,g
62.86595153808594,33.077552795410156,3.2598161697387695,0.1929791122674942,0.11412253975868225,4.686129093170166,52.536006927490234,-0.6893742084503174,4.403907775878906,239.2024688720703,g
82.62388610839844,36.95587921142578,3.2718966007232666,0.2666647434234619,0.15008234977722168,-12.650320053100586,33.05155563354492,0.4772292375564575,3.6772232055664062,255.74671936035156,g
40.96657943725586,13.034883499145508,2.84177303314209,0.34827524423599243,0.18338903784751892,-1.2089216709136963,23.50999641418457,0.3892812132835388,16.026901245117188,166.862060546875,g
96.03366088867188,43.87498474121094,3.068934440612793,0.3391175866127014,0.19796597957611084,-78.6917495727539,-9.894843101501465,0.08810710906982422,33.094451904296875,242.21051025390625,h
38.63948059082031,14.3609037399292,2.509376287460327,0.5781658887863159,0.3211284279823303,3.722224712371826,9.320160865783691,-0.2686414420604706,43.733367919921875,176.40235900878906,h
43.50478744506836,15.290952682495117,2.756521701812744,0.43657585978507996,0.1939728856086731,10.312824249267578,5.17669153213501,2.0710794925689697,26.237306594848633,161.6062469482422,g
99.22699737548828,52.989288330078125,3.043217420578003,0.32803428173065186,0.2004397064447403,-99.00041961669922,-16.18260955810547,0.036321818828582764,38.63121032714844,269.7211608886719,h
-0.14687347412109375,9.256007194519043,2.077326536178589,0.6301101446151733,0.3975646495819092,-1.889033317565918,4.019753932952881,-1.5737619400024414,28.857669830322266,144.8560028076172,h
76.20013427734375,29.542705535888672,3.1996397972106934,0.2014639973640442,0.10715683549642563,-6.093563079833984,14.422567367553711,0.2919338047504425,8.168355941772461,232.0858917236328,g
47.738372802734375,36.27423858642578,3.115426778793335,0.23213830590248108,0.11823733896017075,-42.640663146972656,48.60348892211914,-1.0216156244277954,8.378667831420898,205.2960662841797,g
68.33639526367188,28.658920288085938,2.9980413913726807,0.30994921922683716,0.1784457564353943,-37.61844253540039,1.3363771438598633,0.5648425221443176,14.524576187133789,216.3200225830078,g
20.90045928955078,9.075532913208008,2.1118922233581543,0.8183530569076538,0.4430365562438965,-3.234833240509033,-6.7694902420043945,-0.0959436297416687,49.24793243408203,155.92556762695312,h
67.24227905273438,45.299346923828125,2.7826807498931885,0.31846994161605835,0.20100124180316925,-87.7010269165039,-26.003292083740234,-0.9306132793426514,52.51435852050781,237.43548583984375,h
52.6900520324707,20.831478118896484,2.97605299949646,0.24471236765384674,0.1047486662864685,19.714496612548828,8.184560775756836,1.0762356519699097,21.268735885620117,154.9805450439453,g
17.790576934814453,3.9539737701416016,2.188591957092285,0.7165849208831787,0.4298315644264221,-0.2884044647216797,-6.923018455505371,0.3301384747028351,28.411306381225586,167.5703582763672,g
46.814613342285156,17.861066818237305,2.6448147296905518,0.4233936071395874,0.23985172808170319,-17.168840408325195,4.192187786102295,-0.8330146074295044,39.82109832763672,166.54168701171875,g
166.76597595214844,38.766597747802734,3.7868154048919678,0.22666582465171814,0.12172398716211319,-30.046327590942383,-83.25144958496094,6.61376428604126,49.31612777709961,269.40667724609375,h
34.38172912597656,16.484071731567383,2.5541722774505615,0.4531508982181549,0.2681286036968231,6.9351983070373535,14.911908149719238,0.09379798173904419,23.643674850463867,175.2757568359375,g
57.012977600097656,21.51479721069336,3.0061275959014893,0.2749437093734741,0.13529488444328308,-0.45902442932128906,28.64404296875,0.552395224571228,12.370451927185059,191.23733520507812,g
54.707618713378906,20.852079391479492,2.975266695022583,0.2564988136291504,0.13107085227966309,-2.844181537628174,20.40395736694336,0.5172646641731262,16.226253509521484,188.12071228027344,g
80.76409912109375,26.48542594909668,3.160799264907837,0.19454282522201538,0.08827048540115356,0.5701766014099121,-11.863968849182129,1.1188801527023315,15.2893648147583,222.20755004882812,g
9.185626983642578,1.045785903930664,2.0743467807769775,0.6959091424942017,0.44164901971817017,8.469470977783203,-12.962189674377441,0.28554901480674744,38.38230895996094,175.41043090820312,g
40.69491195678711,16.047199249267578,2.7305376529693604,0.38506343960762024,0.2103303223848343,19.588428497314453,18.016950607299805,0.8251321911811829,25.309982299804688,192.19142150878906,g
85.12496948242188,36.322105407714844,3.252794027328491,0.12390947341918945,0.0826924592256546,33.11967468261719,26.74402618408203,1.8210631608963013,24.016475677490234,235.74417114257812,g
33.235450744628906,12.126264572143555,2.482877016067505,0.5480538606643677,0.3001667559146881,5.95741605758667,19.858585357666016,-1.1150124073028564,38.20166015625,173.2898406982422,g
69.15511322021484,31.448749542236328,3.1002182960510254,0.2628718614578247,0.1624024212360382,-2.61458158493042,32.31864547729492,-0.7275876998901367,4.063203811645508,254.35870361328125,g
