Administrative,Administrative_Duration,Informational,Informational_Duration,ProductRelated,ProductRelated_Duration,BounceRates,ExitRates,PageValues,SpecialDay,Month,OperatingSystems,Browser,Region,TrafficType,VisitorType,Weekend,Revenue
1.0822088718414307,45.25237274169922,0.03975924849510193,2.8497352600097656,31.180904388427734,967.342041015625,0.04570581763982773,0.06500743329524994,1.802046775817871,0.002759072929620743,Nov,2,2,1,1,Returning_Visitor,False,False
0.05465412139892578,4.431694030761719,0.024495452642440796,2.225910186767578,15.27000617980957,351.37939453125,0.004131905734539032,0.025930242612957954,0.8285298347473145,0.15553627908229828,May,2,2,1,2,Returning_Visitor,False,False
9.819442749023438,235.00808715820312,0.12686023116111755,12.840499877929688,105.07422637939453,4882.12255859375,0.003926297649741173,0.02306818775832653,9.892843246459961,-0.00021141767501831055,Nov,2,2,1,2,Returning_Visitor,False,True
0.020954370498657227,1.9538803100585938,0.034805893898010254,1.1258316040039062,6.357183456420898,279.4014892578125,0.05026226118206978,0.10136323422193527,0.004739284515380859,0.3153790235519409,May,3,2,1,3,Returning_Visitor,False,False
1.553873062133789,33.27785873413086,0.027043402194976807,1.5644912719726562,8.76005744934082,278.1004638671875,-0.0017499104142189026,0.028982555493712425,0.15521955490112305,-0.00021364539861679077,Mar,2,2,1,2,Returning_Visitor,False,False
0.07189345359802246,10.164115905761719,0.028045237064361572,1.263946533203125,27.62968635559082,846.47509765625,0.007969523780047894,0.022473929449915886,1.1033978462219238,0.23998183012008667,May,2,2,1,3,Returning_Visitor,False,False
4.6292009353637695,161.7721405029297,0.04818752408027649,3.972705841064453,26.51376724243164,1318.439453125,0.004179749637842178,0.01388457976281643,4.026091575622559,0.00013063102960586548,Nov,2,2,1,2,Returning_Visitor,False,False
6.772069931030273,245.7589111328125,0.060510843992233276,6.576017379760742,31.813879013061523,952.28955078125,0.0029887277632951736,0.0073821209371089935,4.929372310638428,0.00014473497867584229,Nov,1,1,1,2,Returning_Visitor,False,True
0.04021167755126953,3.050689697265625,0.025278210639953613,0.8339462280273438,3.189014434814453,277.76885986328125,0.005065657198429108,0.09830624610185623,-0.3644237518310547,3.3855438232421875e-05,Mar,2,2,1,1,Returning_Visitor,False,False
0.04096627235412598,2.9302139282226562,0.025142520666122437,1.0433998107910156,3.9030323028564453,278.53118896484375,0.005046576261520386,0.09832625091075897,-0.3628244400024414,0.00011668354272842407,Mar,2,2,1,1,Returning_Visitor,False,False
0.021541357040405273,1.6216659545898438,0.034759581089019775,1.2331809997558594,5.293910980224609,256.43450927734375,0.19922862946987152,0.1986664980649948,-0.06511163711547852,-0.0001216307282447815,Nov,3,2,1,1,Returning_Visitor,False,False
4.503231048583984,179.437744140625,1.9940977096557617,64.02162170410156,63.5946044921875,2563.680419921875,0.00104602612555027,0.007908374071121216,6.4713616371154785,-0.0005366317927837372,Nov,2,2,1,2,Returning_Visitor,False,False
5.064750671386719,116.33802032470703,0.04293668270111084,5.533214569091797,33.72077178955078,515.3643798828125,0.0011783242225646973,0.016355745494365692,38.560829162597656,-0.0005348064005374908,Nov,2,2,1,2,Returning_Visitor,False,True
3.5994441509246826,167.81130981445312,0.050244301557540894,3.306661605834961,16.0545654296875,488.73486328125,0.0014933347702026367,0.018376538529992104,2.032042980194092,-0.0003897957503795624,May,2,2,1,2,Returning_Visitor,False,False
0.10183000564575195,3.812347412109375,0.042553722858428955,1.873504638671875,20.08363151550293,564.1959838867188,0.009012489579617977,0.03931593522429466,0.8223476409912109,-0.00016510114073753357,May,2,2,1,1,Returning_Visitor,False,False
0.0757133960723877,20.169742584228516,1.4034183025360107,117.7049789428711,36.09697341918945,914.6369018554688,0.014406569302082062,0.021961871534585953,1.7624473571777344,6.034970283508301e-05,Mar,2,2,1,2,Returning_Visitor,False,False
5.841506004333496,116.3494873046875,0.06750944256782532,5.910770416259766,45.21227264404297,1867.5400390625,0.008475884795188904,0.02141866646707058,4.028258800506592,0.00035661086440086365,Nov,2,1,1,2,Returning_Visitor,False,False
3.1373443603515625,91.2521743774414,0.027502000331878662,3.7654342651367188,32.1949577331543,1217.4212646484375,0.0020334385335445404,0.006348762661218643,32.67340850830078,0.000284586101770401,Nov,1,1,1,2,Returning_Visitor,False,True
0.3627591133117676,11.276397705078125,0.03195098042488098,2.7271881103515625,28.281522750854492,2051.1708984375,0.005032045766711235,0.018219556659460068,1.9245736598968506,0.00011580437421798706,Nov,2,2,1,2,Returning_Visitor,False,False
3.997640609741211,101.3268814086914,0.04263821244239807,4.758199691772461,19.802412033081055,672.6614379882812,0.0012600794434547424,0.015073893591761589,36.2631721496582,-0.0006133168935775757,Nov,2,2,1,2,Returning_Visitor,False,True
0.02363276481628418,1.6522903442382812,0.03755083680152893,0.9139595031738281,7.030977249145508,328.639404296875,0.0283554345369339,0.05874202027916908,0.12385272979736328,0.29760491847991943,May,2,2,1,13,Returning_Visitor,False,False
0.022363662719726562,1.2426300048828125,0.03450804948806763,0.9684486389160156,6.21533203125,259.3922119140625,0.19389700889587402,0.20163989067077637,-0.038580894470214844,0.1960160732269287,May,2,2,1,3,Returning_Visitor,False,False
1.685149908065796,73.93540954589844,0.04750525951385498,3.6429080963134766,24.032146453857422,704.528076171875,0.0064470767974853516,0.01973213255405426,2.3773305416107178,0.00040126219391822815,Nov,1,1,1,2,Returning_Visitor,False,False
3.2816550731658936,31.343379974365234,0.027814924716949463,2.179048538208008,15.57868480682373,860.1820068359375,0.0064791664481163025,0.015067154541611671,1.958923101425171,0.14270056784152985,Nov,2,2,1,2,Returning_Visitor,False,False
0.07445788383483887,2.2202835083007812,1.4264750480651855,54.76998519897461,15.642721176147461,360.0498046875,0.015286128968000412,0.049579113721847534,0.9654617309570312,0.2758065164089203,May,1,1,1,3,Returning_Visitor,False,False
0.11314988136291504,4.448646545410156,0.04099929332733154,1.4035911560058594,21.461584091186523,1311.9163818359375,0.023517731577157974,0.0437898114323616,1.8575372695922852,0.408372163772583,May,2,2,1,3,Returning_Visitor,False,False
0.09424352645874023,4.4535980224609375,0.04001018404960632,0.8817977905273438,20.06130599975586,1201.60205078125,0.0417725145816803,0.0622820109128952,1.6436400413513184,0.37017011642456055,May,1,1,1,3,Returning_Visitor,False,False
0.009988069534301758,4.2441253662109375,0.025992125272750854,0.7165489196777344,13.149913787841797,276.09161376953125,0.011384682729840279,0.0690295472741127,0.472412109375,0.17379269003868103,Mar,1,1,1,3,Returning_Visitor,False,False
0.057318925857543945,3.5976943969726562,0.02882319688796997,1.3403701782226562,9.296863555908203,343.02642822265625,0.00786067545413971,0.03025677055120468,0.10361576080322266,6.0129910707473755e-05,Mar,2,2,1,1,Returning_Visitor,False,False
3.120636463165283,91.7488784790039,0.04775214195251465,7.42805290222168,52.12188720703125,1252.3548583984375,0.002644278109073639,0.017402807250618935,5.586860179901123,0.1016547828912735,Nov,2,2,1,2,Returning_Visitor,False,True
4.820230484008789,74.8893051147461,0.04389902949333191,51.673919677734375,3.7948646545410156,282.69512939453125,0.002015072852373123,0.030984923243522644,0.7146759033203125,0.15851545333862305,Dec,1,1,1,2,Returning_Visitor,False,False
0.049397945404052734,3.4468536376953125,0.026514768600463867,0.6382293701171875,10.834482192993164,345.02740478515625,0.03190210089087486,0.030291035771369934,0.3368949890136719,-0.0001640133559703827,Mar,2,2,1,1,Returning_Visitor,False,False
0.02341461181640625,2.2412796020507812,0.035353511571884155,1.3984260559082031,6.556682586669922,266.429443359375,0.025462711229920387,0.09670725464820862,0.18938207626342773,-1.2360513210296631e-05,Mar,2,2,1,1,Returning_Visitor,False,False
2.2565724849700928,71.61392211914062,0.0415094792842865,2.381925582885742,25.740861892700195,1231.9969482421875,0.006567263975739479,0.015221893787384033,3.4771761894226074,0.0008049160242080688,Nov,2,2,1,2,Returning_Visitor,False,False
8.817408561706543,386.407958984375,0.1777454912662506,49.98778533935547,174.3158416748047,2963.8349609375,0.01321395207196474,0.01996891386806965,2.8106837272644043,0.00029084086418151855,Nov,2,2,1,1,Returning_Visitor,False,False
3.786379337310791,281.57208251953125,1.9068644046783447,118.13605499267578,32.25297927856445,985.2452392578125,0.0050273314118385315,0.015074169263243675,4.025803565979004,0.0005389302968978882,Nov,2,2,1,2,Returning_Visitor,False,False
1.1547536849975586,30.396888732910156,0.025206685066223145,0.9638519287109375,3.3105316162109375,282.1800537109375,0.0075620729476213455,0.039779309183359146,-0.2756624221801758,-0.00022048503160476685,Mar,2,2,1,1,Returning_Visitor,False,False
0.0431368350982666,3.5290603637695312,0.038072437047958374,1.5147438049316406,17.858413696289062,698.529541015625,0.035526156425476074,0.0765257179737091,1.1151418685913086,0.000519338995218277,May,2,2,1,1,Returning_Visitor,False,False
11.123046875,424.5848083496094,3.5979833602905273,203.19461059570312,119.3799819946289,5087.35498046875,0.0021252818405628204,0.013898782432079315,9.162687301635742,0.1387498676776886,May,2,2,1,2,Returning_Visitor,False,False
5.966194152832031,169.34266662597656,2.3858556747436523,123.0423812866211,12.198137283325195,1466.5225830078125,0.016343001276254654,0.0526912659406662,2.5656726360321045,0.1710798442363739,May,3,1,1,4,Returning_Visitor,False,False
0.021899700164794922,1.3252639770507812,0.03455284237861633,1.0663948059082031,6.143369674682617,259.3922119140625,0.18992316722869873,0.19322609901428223,-0.03562450408935547,0.2631866931915283,May,2,2,1,3,Returning_Visitor,False,False
6.347434997558594,397.99700927734375,1.5488884449005127,124.40825653076172,32.26345443725586,962.3343505859375,0.013634643517434597,0.0366513654589653,4.297695159912109,0.0009126290678977966,Nov,1,1,1,2,Returning_Visitor,False,False
0.10386037826538086,3.0826873779296875,0.04311910271644592,1.7692031860351562,11.05910873413086,494.91046142578125,0.011657895520329475,0.03295554965734482,0.190643310546875,0.0011869221925735474,Mar,2,2,1,2,Returning_Visitor,False,False
3.8564391136169434,97.62480163574219,0.06059238314628601,1.9033889770507812,8.229135513305664,655.52685546875,0.022513868287205696,0.03350012004375458,1.4383955001831055,0.19746586680412292,Nov,2,1,1,3,Returning_Visitor,False,False
0.06464862823486328,4.1866607666015625,0.029275715351104736,2.352396011352539,11.01020622253418,387.63189697265625,0.001954779028892517,0.02838471159338951,0.4074230194091797,-0.00018687918782234192,Nov,2,2,1,2,Returning_Visitor,False,False
0.0652930736541748,3.55145263671875,0.029540657997131348,1.2162437438964844,10.966102600097656,289.76715087890625,-0.0010151974856853485,0.05016655847430229,0.05153369903564453,-0.00016232579946517944,May,2,2,1,2,Returning_Visitor,False,False
2.412972927093506,99.3724594116211,0.023183226585388184,2.774221420288086,23.38353729248047,408.05181884765625,0.0010743346065282822,0.0199515949934721,2.8637349605560303,0.12741151452064514,Mar,2,2,1,2,Returning_Visitor,False,False
0.14899992942810059,2.4657211303710938,0.03920245170593262,1.4615135192871094,15.186941146850586,1151.7669677734375,0.014786962419748306,0.03629256784915924,1.3466949462890625,0.3345943093299866,Mar,2,2,1,3,Returning_Visitor,False,False
-0.014815092086791992,11.656875610351562,0.042345792055130005,1.6231613159179688,32.04978942871094,780.8511962890625,0.01598171889781952,0.04501066729426384,1.6118507385253906,-0.00011672079563140869,Nov,1,1,1,3,Returning_Visitor,False,False
0.0666201114654541,2.23138427734375,0.040672868490219116,1.3732032775878906,7.239309310913086,500.47491455078125,0.04236554726958275,0.08462618291378021,16.549558639526367,0.001135505735874176,Nov,2,2,1,1,Returning_Visitor,False,False
5.907501220703125,148.02825927734375,0.07884097099304199,5.479330062866211,62.18455505371094,2683.97998046875,0.01777171716094017,0.03388899564743042,3.345580816268921,-8.885934948921204e-05,Nov,1,1,1,1,Returning_Visitor,False,False
0.023373842239379883,1.3220062255859375,0.03492456674575806,1.3583717346191406,5.566062927246094,255.5537109375,0.19574543833732605,0.20145797729492188,-0.04755401611328125,-0.0005630925297737122,Nov,3,2,1,1,Returning_Visitor,False,False
4.512240409851074,44.29947280883789,0.04100698232650757,4.55390739440918,39.94445037841797,1638.43017578125,0.0019536707550287247,0.013346279039978981,4.379796981811523,0.04367861896753311,May,2,2,1,2,Returning_Visitor,False,True
9.420443534851074,280.4551696777344,4.244076728820801,64.03705596923828,43.907073974609375,2087.8251953125,0.008999723009765148,0.02401139587163925,5.675307273864746,0.0002541057765483856,Nov,1,1,1,2,Returning_Visitor,False,False
6.7560224533081055,313.5083312988281,3.7273941040039062,133.44789123535156,16.304718017578125,868.0759887695312,0.0025147907435894012,0.015587719157338142,31.322505950927734,0.03957381099462509,Nov,2,2,1,2,Returning_Visitor,False,True
2.745662212371826,134.05384826660156,0.05825576186180115,11.975931167602539,101.33236694335938,738.7518310546875,0.002842891961336136,0.031109608709812164,22.388729095458984,-0.0006797835230827332,Nov,2,2,1,2,Returning_Visitor,False,True
-0.033182621002197266,13.168312072753906,0.03015369176864624,3.117429733276367,37.372982025146484,410.007568359375,0.002417750656604767,0.02561718225479126,1.6626157760620117,-0.0001743622124195099,Nov,2,2,1,2,Returning_Visitor,False,False
8.512374877929688,205.4365234375,3.132685661315918,268.40655517578125,120.56079864501953,3724.5732421875,0.0021179690957069397,0.012115184217691422,15.589949607849121,-0.0008011013269424438,Nov,2,2,1,2,Returning_Visitor,False,True
2.2662339210510254,33.929630279541016,0.04330945014953613,4.297342300415039,15.921255111694336,729.981689453125,0.0038602426648139954,0.03218027949333191,29.782817840576172,0.1961171180009842,Nov,2,2,1,2,Returning_Visitor,False,True
0.2753942012786865,10.373016357421875,0.024125486612319946,2.758962631225586,9.668464660644531,301.02191162109375,-0.0006469208747148514,0.025437232106924057,37.81219482421875,-0.00042766332626342773,Nov,1,1,1,2,New_Visitor,False,True
0.07106828689575195,4.42706298828125,0.022382646799087524,2.6156063079833984,12.786828994750977,349.64111328125,-4.692003130912781e-05,0.03147856146097183,0.5850272178649902,0.1575901210308075,May,2,2,1,2,Returning_Visitor,False,False
0.9903135299682617,40.04962158203125,0.024542123079299927,2.444784164428711,13.192773818969727,408.967041015625,0.0005338285118341446,0.010224837809801102,37.096717834472656,-0.0004703104496002197,Nov,1,1,1,2,New_Visitor,False,True
7.909485340118408,309.21844482421875,0.07864773273468018,9.994518280029297,35.795005798339844,1736.8619384765625,0.009732862934470177,0.03420185670256615,4.5396528244018555,-0.0002994611859321594,May,3,2,1,1,Returning_Visitor,False,False
1.617508888244629,72.93509674072266,0.022789567708969116,2.6443347930908203,20.764266967773438,640.6142578125,0.0012457109987735748,0.01697956584393978,2.7863242626190186,-0.00036199018359184265,Nov,2,2,1,2,Returning_Visitor,False,False
0.1410531997680664,11.852455139160156,0.06212961673736572,6.399528503417969,84.90706634521484,2228.040283203125,0.007581439800560474,0.027884699404239655,14.408720016479492,8.801743388175964e-05,Nov,3,2,1,2,Returning_Visitor,False,False
0.003618478775024414,5.061698913574219,0.038660258054733276,1.1671714782714844,20.10051727294922,559.3790893554688,0.01359865628182888,0.07572220265865326,1.0762090682983398,0.34179651737213135,May,2,2,1,3,Returning_Visitor,False,False
0.06117606163024902,10.777931213378906,0.040355384349823,1.8875045776367188,30.43657684326172,825.869873046875,0.015210785903036594,0.04051368683576584,1.5790619850158691,-0.000183839350938797,Mar,2,2,1,1,Returning_Visitor,False,False
3.6564807891845703,102.24075317382812,0.025610119104385376,2.18280029296875,17.25949478149414,474.27197265625,0.0015629101544618607,0.010531745851039886,3.7075917720794678,-0.0002173595130443573,May,1,1,1,2,New_Visitor,False,False
-0.04034113883972168,11.397293090820312,0.02652686834335327,1.2529220581054688,25.934946060180664,285.69635009765625,0.029866445809602737,0.03622850775718689,1.0788249969482422,0.23398709297180176,Nov,2,2,1,3,Returning_Visitor,False,False
3.6732676029205322,108.19234466552734,0.05365473031997681,3.11370849609375,27.623790740966797,980.85791015625,0.011640463024377823,0.02572236955165863,3.836637020111084,0.0003975778818130493,Nov,2,2,1,1,Returning_Visitor,False,False
2.2529051303863525,72.20792388916016,0.02844792604446411,1.68121337890625,14.792531967163086,785.1317138671875,0.009851775132119656,0.014985645189881325,1.7942099571228027,0.21491305530071259,May,2,2,1,4,Returning_Visitor,False,False
0.06807756423950195,4.083892822265625,0.02908790111541748,2.4407196044921875,9.971120834350586,385.31732177734375,0.00188433937728405,0.02930978685617447,0.21675348281860352,0.00020712614059448242,Nov,2,2,1,2,Returning_Visitor,False,False
2.7288341522216797,97.13311004638672,0.04307401180267334,1.7916793823242188,11.412347793579102,488.1260986328125,0.02362891286611557,0.029352203011512756,1.264223575592041,0.23244570195674896,May,2,2,1,3,Returning_Visitor,False,False
0.12657976150512695,5.530754089355469,0.02936282753944397,2.6499271392822266,18.9927978515625,939.5121459960938,0.005193715915083885,0.01905214414000511,1.6133017539978027,-0.00021239742636680603,May,1,1,1,2,Returning_Visitor,False,False
0.009706497192382812,4.0487060546875,0.018764257431030273,1.8547477722167969,17.749614715576172,673.4308471679688,0.002987513318657875,0.021774183958768845,-0.06757974624633789,0.1816222220659256,May,1,1,1,4,Returning_Visitor,True,False
2.448596477508545,59.234066009521484,2.670349597930908,221.32366943359375,24.403728485107422,1087.0447998046875,0.004041749984025955,0.030767114832997322,3.6276564598083496,0.18934832513332367,Mar,2,2,1,2,Returning_Visitor,False,True
9.641912460327148,282.0572204589844,2.406040668487549,255.99830627441406,86.32466888427734,3398.2353515625,0.006165007129311562,0.017175791785120964,7.281225681304932,-0.0005079172551631927,Nov,2,2,1,2,Returning_Visitor,False,True
0.026840925216674805,1.2809219360351562,0.03492456674575806,1.2506179809570312,6.182317733764648,259.94549560546875,0.19395047426223755,0.20145131647586823,-0.04865550994873047,-0.00039735063910484314,Mar,2,2,1,1,Returning_Visitor,False,False
7.116948127746582,395.4058532714844,0.12253305315971375,10.321584701538086,66.8369369506836,1793.697265625,0.003247033804655075,0.017973406240344048,6.910394191741943,0.10887699574232101,May,2,2,1,2,Returning_Visitor,False,False
4.199984550476074,147.0574951171875,3.1963419914245605,376.76617431640625,26.129758834838867,1752.45166015625,0.01327786035835743,0.033078327775001526,4.969296455383301,0.2890165448188782,Nov,3,2,1,2,Returning_Visitor,False,False
0.025697946548461914,1.6981964111328125,0.03512930870056152,0.8939743041992188,6.324384689331055,264.97607421875,0.06528544425964355,0.1357162594795227,-0.02789592742919922,0.26703500747680664,May,2,2,1,3,Returning_Visitor,False,False
3.0903420448303223,39.79317855834961,0.046124935150146484,4.628292083740234,38.830955505371094,1867.150634765625,0.004705687984824181,0.01427927054464817,17.000017166137695,0.00033719465136528015,Nov,2,2,1,2,Returning_Visitor,False,True
0.0659780502319336,5.329338073730469,0.029320955276489258,2.0566253662109375,16.733795166015625,639.2236938476562,0.004186462610960007,0.02225758694112301,1.0079360008239746,0.00028388574719429016,Nov,2,2,1,1,Returning_Visitor,False,False
3.8377904891967773,97.08570861816406,0.033438295125961304,55.819374084472656,16.5542049407959,992.1534423828125,0.004147408530116081,0.015641260892152786,2.886704206466675,0.00017498433589935303,Mar,2,2,1,2,Returning_Visitor,False,False
0.12683701515197754,3.5386428833007812,0.0438883900642395,2.664449691772461,15.979965209960938,646.42138671875,0.004037151113152504,0.03700179234147072,0.7282419204711914,0.00026727095246315,Mar,2,2,1,1,Returning_Visitor,False,False
6.904633522033691,276.8951721191406,0.09124118089675903,10.757148742675781,41.782630920410156,1193.1439208984375,0.007352314889431,0.026007208973169327,16.11016845703125,7.314607501029968e-05,Nov,2,2,1,1,Returning_Visitor,False,False
0.009920835494995117,6.405220031738281,0.022182047367095947,2.315977096557617,16.851516723632812,656.0632934570312,0.004245370626449585,0.020397266373038292,0.4047574996948242,-0.00018758326768875122,Mar,2,2,1,2,Returning_Visitor,False,False
0.023125410079956055,1.2694320678710938,0.034651875495910645,1.0346183776855469,6.143369674682617,259.3922119140625,0.193940207362175,0.20029956102371216,0.09993886947631836,0.22963275015354156,May,2,2,1,3,Returning_Visitor,False,False
5.228139877319336,126.05538940429688,0.09472119808197021,56.289344787597656,15.540181159973145,675.6890869140625,0.025441713631153107,0.02937156707048416,2.2390973567962646,-0.00029321014881134033,Nov,1,1,1,2,Returning_Visitor,False,False
8.164518356323242,428.792236328125,2.8553762435913086,192.50453186035156,69.39421081542969,2503.65966796875,0.0032313652336597443,0.013361737132072449,7.166389465332031,-0.0007302649319171906,Nov,2,2,1,2,Returning_Visitor,False,False
2.3398032188415527,30.272777557373047,0.0427459180355072,1.8187675476074219,11.262683868408203,1221.3411865234375,0.023499852046370506,0.03769285976886749,1.176748275756836,0.0006676465272903442,May,1,1,1,1,Returning_Visitor,False,False
6.326889991760254,247.77532958984375,0.0795137882232666,7.769657135009766,70.56307983398438,3273.15771484375,0.0069638583809137344,0.016943592578172684,4.587220191955566,3.112480044364929e-05,Nov,2,2,1,2,Returning_Visitor,False,False
3.3981614112854004,194.26080322265625,2.4736080169677734,119.41829681396484,48.77449035644531,2367.621337890625,0.02059246599674225,0.025984235107898712,4.085965156555176,4.388391971588135e-05,Nov,2,2,1,2,Returning_Visitor,False,False
5.370602607727051,172.64849853515625,0.0682995617389679,3.8498592376708984,29.793914794921875,1248.1688232421875,0.00979471206665039,0.029877908527851105,4.662723541259766,0.0001144707202911377,Nov,3,2,1,2,Returning_Visitor,False,False
6.554629802703857,192.92184448242188,0.05417758226394653,9.066287994384766,41.41474533081055,1062.429931640625,0.002544524148106575,0.01554020307958126,5.395959377288818,-0.0003073550760746002,Nov,2,2,1,2,Returning_Visitor,False,False
-0.0008573532104492188,7.147216796875,0.019850105047225952,2.0271472930908203,16.181209564208984,366.29022216796875,0.001886742189526558,0.02439325675368309,-0.03565645217895508,-0.000737357884645462,May,1,1,1,2,Returning_Visitor,False,False
0.22692513465881348,5.800453186035156,0.05543839931488037,4.964498519897461,66.79561614990234,3520.6083984375,0.0051710233092308044,0.01899271458387375,2.4422051906585693,0.0003785155713558197,Nov,2,2,1,2,Returning_Visitor,False,False
0.5791637897491455,4.370445251464844,0.0361502468585968,3.0789928436279297,35.79376983642578,3743.24658203125,0.0017964765429496765,0.018098991364240646,3.8410837650299072,0.2804540991783142,Nov,2,2,1,2,Returning_Visitor,False,False
9.060678482055664,608.3306274414062,2.939378261566162,276.1788024902344,98.13662719726562,2487.297607421875,0.002793198451399803,0.01455121673643589,16.74863052368164,-0.0008283033967018127,Nov,2,2,1,2,Returning_Visitor,False,False
6.574415683746338,107.9163818359375,1.5213689804077148,60.75122833251953,38.23314666748047,2068.73486328125,0.006779946386814117,0.027756432071328163,4.6338090896606445,0.21072497963905334,May,2,2,1,2,Returning_Visitor,False,False
0.02610468864440918,1.2608489990234375,0.03529176115989685,1.067108154296875,6.69793701171875,281.5108642578125,0.029100973159074783,0.08063717186450958,-0.03226423263549805,0.29921022057533264,May,3,2,1,3,Returning_Visitor,False,False
1.4815938472747803,46.015411376953125,1.4679746627807617,66.56978607177734,64.99813842773438,2048.305908203125,0.006422344595193863,0.024318000301718712,4.223670482635498,-0.000403624027967453,Nov,2,2,1,2,Returning_Visitor,False,False
2.0800795555114746,61.29997253417969,2.418612003326416,239.950927734375,176.9002227783203,2414.663330078125,0.003551088273525238,0.014348292723298073,3.7606918811798096,-0.0006634034216403961,Nov,2,2,1,2,Returning_Visitor,False,False
1.5142621994018555,128.67068481445312,0.030791044235229492,2.6637954711914062,20.54894256591797,965.7974243164062,0.00439998134970665,0.013860424980521202,3.2320749759674072,-0.00014197081327438354,May,2,1,1,2,Returning_Visitor,False,False
5.863857269287109,192.964599609375,0.0690147876739502,7.920328140258789,62.467769622802734,1789.4158935546875,0.0049580167979002,0.018466917797923088,6.979897499084473,-0.0007709302008152008,Nov,2,2,1,1,Returning_Visitor,False,False
7.2264790534973145,372.3519592285156,0.1122560203075409,9.49087905883789,40.87091827392578,1353.05615234375,0.009743694216012955,0.02112496644258499,4.458723068237305,0.0004784390330314636,May,3,2,1,1,Returning_Visitor,False,False
6.139695644378662,268.1577453613281,3.9635114669799805,81.64691162109375,106.42155456542969,4373.44677734375,0.01163250021636486,0.036853812634944916,3.2972569465637207,0.29524528980255127,May,2,2,1,2,Returning_Visitor,False,False
0.027097225189208984,1.3354721069335938,0.03347942233085632,1.1505355834960938,6.08900260925293,263.57501220703125,0.19416353106498718,0.2013900876045227,-0.056262969970703125,-0.0001702234148979187,Mar,2,2,1,1,Returning_Visitor,False,False
9.792572021484375,172.68063354492188,2.1348273754119873,195.89418029785156,187.8933563232422,8262.7021484375,0.00550302118062973,0.023028461262583733,1.9309492111206055,-0.00011422112584114075,Nov,2,2,1,2,Returning_Visitor,False,False
1.8097771406173706,75.82777404785156,0.05463987588882446,4.903131484985352,47.48546600341797,3760.61669921875,0.008679959923028946,0.025666803121566772,3.8626620769500732,0.39387184381484985,May,2,2,1,4,Returning_Visitor,False,False
4.870649337768555,105.14497375488281,0.041341692209243774,2.8317203521728516,26.786117553710938,767.22216796875,0.0017985999584197998,0.01551714539527893,4.718902111053467,-0.0004311278462409973,Nov,2,2,1,2,Returning_Visitor,False,False
12.010723114013672,237.811279296875,2.3369295597076416,127.80543518066406,194.9564971923828,6007.14208984375,0.005752762779593468,0.022506335750222206,4.436789035797119,-0.000452626496553421,Nov,1,1,1,2,Returning_Visitor,False,True
5.182114601135254,74.01805877685547,0.043655961751937866,3.1940441131591797,14.747797012329102,578.3984375,0.0020488370209932327,0.01637124828994274,35.24688720703125,-0.0008406266570091248,Nov,1,1,1,2,Returning_Visitor,False,False
3.824014663696289,83.68733978271484,0.04604649543762207,4.67828369140625,45.1417236328125,1484.1748046875,0.0029891561716794968,0.01576080732047558,4.9771728515625,-0.0004299730062484741,Nov,2,2,1,2,Returning_Visitor,False,False
0.27980470657348633,16.885555267333984,1.9120397567749023,152.23663330078125,26.52678680419922,1403.7532958984375,0.011083562858402729,0.03129586577415466,3.0669314861297607,0.00044935569167137146,Nov,2,2,1,2,Returning_Visitor,False,False
6.4559125900268555,168.47332763671875,1.9794304370880127,56.207489013671875,24.30607032775879,1453.5654296875,0.0009673982858657837,0.007834408432245255,5.127738952636719,-0.0003749579191207886,May,2,2,1,2,New_Visitor,False,False
3.1791930198669434,164.5369873046875,0.03307628631591797,2.229846954345703,13.597230911254883,621.6237182617188,0.005310181528329849,0.01916532777249813,1.3422183990478516,-0.0002390742301940918,May,2,2,1,2,Returning_Visitor,False,False
0.16832923889160156,3.0949630737304688,0.044380247592926025,2.1483383178710938,19.8455867767334,851.6773681640625,0.0072424570098519325,0.028037920594215393,1.3754677772521973,0.28155165910720825,May,1,1,1,3,Returning_Visitor,False,False
9.436635971069336,391.12725830078125,3.8927206993103027,264.40570068359375,113.4388656616211,2611.63037109375,0.0017314087599515915,0.012798245996236801,18.494842529296875,-0.0005613379180431366,Nov,2,2,1,2,Returning_Visitor,False,False
0.02086806297302246,1.368988037109375,0.03416574001312256,0.8981437683105469,6.288751602172852,257.683349609375,0.03332880884408951,0.12859541177749634,-0.18736648559570312,0.2874162793159485,May,3,2,1,13,Returning_Visitor,False,False
1.01039719581604,43.33543395996094,0.02284356951713562,4.489511489868164,49.81470489501953,2131.586181640625,0.0018883626908063889,0.015479015186429024,5.478861331939697,-0.0007122568786144257,Nov,2,2,1,2,Returning_Visitor,False,False
3.4660916328430176,124.33462524414062,0.037867575883865356,1.6880760192871094,6.89051628112793,284.8248291015625,0.003978915512561798,0.03136299178004265,0.4952583312988281,0.10764949023723602,May,2,2,1,2,Returning_Visitor,False,False
3.4776978492736816,96.87164306640625,0.040208399295806885,2.5679588317871094,11.320858001708984,354.188720703125,0.0011675860732793808,0.022110549733042717,1.388463020324707,-0.0001928769052028656,Dec,2,2,1,2,New_Visitor,False,False
1.7197843790054321,70.53359985351562,0.04374393820762634,3.6479434967041016,22.467697143554688,648.1727294921875,0.003169579431414604,0.02029266767203808,2.091531276702881,0.0001633279025554657,Nov,2,2,1,1,Returning_Visitor,False,False
2.979741096496582,74.35667419433594,0.021555930376052856,2.1148433685302734,13.574094772338867,456.38726806640625,-6.998702883720398e-05,0.01268884725868702,1.4814643859863281,-0.00023187324404716492,Mar,2,2,1,2,New_Visitor,False,False
4.021550178527832,154.66778564453125,0.0636562705039978,2.5855064392089844,17.62796401977539,825.6767578125,0.021464083343744278,0.03800252079963684,2.1791489124298096,-0.00034358352422714233,Nov,3,2,1,1,Returning_Visitor,False,False
0.038663625717163086,3.1828765869140625,0.025298774242401123,0.66021728515625,4.146661758422852,286.0185546875,0.026708971709012985,0.044977542012929916,-0.019289493560791016,0.22679069638252258,May,2,2,1,3,Returning_Visitor,False,False
0.3574281930923462,9.251678466796875,0.05377477407455444,3.3248233795166016,40.726593017578125,2758.0537109375,0.006525635719299316,0.023063167929649353,12.787636756896973,0.0002635754644870758,Nov,2,2,1,1,Returning_Visitor,False,False
0.03868889808654785,2.7741775512695312,0.025410324335098267,0.3769035339355469,4.174348831176758,277.92364501953125,0.007006381638348103,0.05981363728642464,-0.2250223159790039,0.20604924857616425,May,2,2,1,3,Returning_Visitor,False,False
4.203790664672852,195.82406616210938,1.7117130756378174,146.94607543945312,136.44744873046875,4420.02490234375,0.002223297953605652,0.016982655972242355,5.83880090713501,-0.0006264373660087585,Nov,2,2,1,2,Returning_Visitor,False,False
0.28031396865844727,10.751792907714844,0.050356119871139526,3.9063549041748047,41.49628448486328,2063.050537109375,0.00836075097322464,0.025057947263121605,14.743056297302246,-0.00023293495178222656,May,2,2,1,1,Returning_Visitor,False,False
4.848699569702148,188.20523071289062,2.2473080158233643,209.60760498046875,23.945171356201172,1396.032470703125,0.028211425989866257,0.04086299613118172,4.966668128967285,0.23200108110904694,May,3,2,1,13,Returning_Visitor,False,False
3.7708513736724854,198.65977478027344,0.039267897605895996,3.2889270782470703,32.816463470458984,946.1153564453125,0.0030425097793340683,0.005522433668375015,33.69623565673828,0.038771409541368484,May,2,2,1,2,Returning_Visitor,False,True
4.981598854064941,155.5975341796875,0.06526726484298706,2.7731685638427734,16.689800262451172,861.629638671875,0.010725018568336964,0.023570047691464424,1.9092600345611572,0.000615198165178299,May,1,1,1,1,Returning_Visitor,False,False
0.09523606300354004,10.939712524414062,0.02958431839942932,3.1317386627197266,19.511619567871094,642.1751708984375,0.008459946140646935,0.01622752845287323,37.5718994140625,0.16742172837257385,May,2,2,1,2,Returning_Visitor,False,True
0.6658111810684204,24.141510009765625,3.141665458679199,127.27933502197266,97.23910522460938,4017.90625,0.0019960738718509674,0.02142420969903469,5.299890518188477,-0.00032459571957588196,Nov,2,2,1,2,Returning_Visitor,False,False
-0.06886529922485352,11.541046142578125,0.04143974184989929,2.085062026977539,33.46614074707031,617.315185546875,0.03067297488451004,0.04725264385342598,1.4983410835266113,0.0005981698632240295,Nov,2,2,1,1,Returning_Visitor,False,False
3.7560055255889893,316.9068298339844,2.0416104793548584,56.19390869140625,24.339847564697266,1043.8609619140625,0.004373500123620033,0.008434820920228958,3.914220094680786,0.100060373544693,May,2,2,1,2,Returning_Visitor,False,True
0.027066707611083984,2.2671279907226562,0.03608906269073486,1.2143325805664062,6.4251556396484375,286.88934326171875,0.02698505111038685,0.08967281877994537,-0.06756353378295898,7.0445239543914795e-06,Nov,3,2,1,13,Returning_Visitor,False,False
2.249690294265747,40.6413459777832,1.3383138179779053,150.322021484375,12.706283569335938,735.7510986328125,0.00597434863448143,0.01567664183676243,1.268754005432129,0.0002886652946472168,Dec,1,1,1,2,Returning_Visitor,False,False
9.10943603515625,365.0631103515625,2.3279993534088135,139.82142639160156,34.665184020996094,1841.9310302734375,0.008367577567696571,0.03048652783036232,18.37795639038086,0.15879610180854797,May,3,2,1,2,Returning_Visitor,False,False
3.639676094055176,84.43743133544922,0.06257060170173645,2.6716461181640625,30.547557830810547,756.5157470703125,0.011286006309092045,0.023938771337270737,3.1474390029907227,0.0004919953644275665,Nov,2,2,1,2,Returning_Visitor,False,False
0.26746392250061035,10.364364624023438,1.4081509113311768,113.32853698730469,28.810583114624023,1633.1136474609375,0.004356706514954567,0.024636847898364067,2.4463958740234375,-7.019191980361938e-05,Nov,2,2,1,2,Returning_Visitor,False,False
0.01618027687072754,1.6212539672851562,0.03410458564758301,0.8857955932617188,5.822031021118164,261.0155029296875,0.1969510167837143,0.20050375163555145,-0.07950687408447266,0.22145213186740875,Mar,1,1,1,1,Returning_Visitor,False,False
0.026840925216674805,1.2682037353515625,0.03458490967750549,1.2669563293457031,6.1270294189453125,263.45513916015625,0.19400373101234436,0.2013978511095047,-0.05537605285644531,-2.3078173398971558e-05,May,2,2,1,1,Returning_Visitor,False,False
0.0054569244384765625,3.1264801025390625,0.037268489599227905,1.3529167175292969,17.305219650268555,266.92071533203125,0.1466391235589981,0.1504543423652649,0.8561978340148926,-0.0005921721458435059,Nov,3,2,1,13,Returning_Visitor,False,False
6.218967437744141,79.21833038330078,0.04530477523803711,5.928220748901367,25.579551696777344,975.0198974609375,0.004507172852754593,0.013329621404409409,4.39886474609375,-0.00019585713744163513,Nov,1,1,1,11,Returning_Visitor,False,False
0.032666683197021484,1.6987152099609375,0.036983877420425415,1.4504013061523438,6.37309455871582,291.70709228515625,0.07826607674360275,0.08439445495605469,-0.015870094299316406,-8.160248398780823e-05,May,2,2,1,1,Returning_Visitor,False,False
0.09954357147216797,1.58856201171875,0.03726595640182495,1.0549812316894531,11.540788650512695,785.2579345703125,0.03498486801981926,0.07028824090957642,0.6985969543457031,0.3869457244873047,May,3,2,1,13,Returning_Visitor,False,False
0.032392263412475586,2.7823867797851562,0.024113714694976807,0.5031661987304688,3.892618179321289,278.529052734375,0.01629294455051422,0.05545877292752266,-0.3893413543701172,0.21560606360435486,May,2,2,1,3,Returning_Visitor,False,False
1.7333869934082031,117.67423248291016,0.0292932391166687,4.606964111328125,59.73594665527344,1254.525634765625,0.0019350647926330566,0.015089794993400574,5.405337333679199,0.21554774045944214,May,2,2,1,3,Returning_Visitor,False,False
5.9547624588012695,86.03115844726562,1.8132765293121338,150.42005920410156,111.10681915283203,8170.078125,0.002828085795044899,0.017171530053019524,2.988337278366089,-0.0005555152893066406,Nov,2,2,1,2,Returning_Visitor,False,False
5.703981399536133,171.75588989257812,0.06449189782142639,5.205726623535156,32.01994323730469,1187.9029541015625,0.0030720606446266174,0.017387166619300842,5.369492053985596,0.09526515007019043,May,1,1,1,2,Returning_Visitor,False,False
10.669736862182617,139.76339721679688,1.6562752723693848,89.5521240234375,139.28558349609375,7917.6884765625,0.011606651358306408,0.029640130698680878,1.6078310012817383,-9.721517562866211e-05,Nov,3,2,1,1,Returning_Visitor,False,False
0.04547119140625,3.668609619140625,0.029349476099014282,1.07415771484375,5.179222106933594,385.05029296875,0.011615704745054245,0.02884584292769432,0.03204154968261719,-0.00034146755933761597,Nov,2,2,1,1,Returning_Visitor,False,False
7.10342264175415,105.79829406738281,1.5451691150665283,117.5237808227539,18.935810089111328,1367.8255615234375,0.017661811783909798,0.044684089720249176,3.205733299255371,0.00010933727025985718,May,1,1,1,1,Returning_Visitor,False,False
0.034052133560180664,2.3664474487304688,0.03979909420013428,1.392852783203125,6.312343597412109,335.5205078125,0.02177301049232483,0.06248055025935173,0.1958446502685547,-0.0006118640303611755,Nov,1,1,1,1,Returning_Visitor,False,False
6.295584678649902,324.551025390625,0.10469219088554382,4.69093132019043,33.76594161987305,1111.477294921875,0.0006681550294160843,0.0076238736510276794,32.29550552368164,-0.00018944218754768372,Nov,2,2,1,2,New_Visitor,False,False
0.07679486274719238,3.03289794921875,0.0255889892578125,52.823707580566406,3.294893264770508,287.5966796875,0.005475431680679321,0.0811181366443634,-0.06270885467529297,0.0012422874569892883,Mar,2,2,1,1,Returning_Visitor,False,False
0.019744873046875,2.2622909545898438,0.03596493601799011,1.2234687805175781,6.208045959472656,263.41107177734375,0.1399877667427063,0.16173788905143738,-0.06346511840820312,-0.0008096806704998016,May,3,2,1,1,Returning_Visitor,False,False
0.08518242835998535,2.4554824829101562,0.039594948291778564,1.6015281677246094,7.329570770263672,488.87249755859375,0.015161050483584404,0.044919662177562714,0.07207345962524414,0.0004889890551567078,May,2,2,1,1,Returning_Visitor,False,False
-0.06854486465454102,9.236740112304688,0.019699513912200928,2.8395347595214844,13.551460266113281,302.76409912109375,-0.004871675744652748,0.07454505562782288,51.22897720336914,-0.00017473101615905762,Oct,2,2,1,2,Returning_Visitor,False,True
0.055988311767578125,2.9940261840820312,0.041439205408096313,1.6540985107421875,18.618331909179688,483.3797607421875,0.02523723617196083,0.027825936675071716,0.7731804847717285,0.3271545171737671,May,1,1,1,3,Returning_Visitor,False,False
0.1167747974395752,13.743644714355469,0.045308202505111694,2.291149139404297,20.889612197875977,881.752197265625,0.014607511460781097,0.04550185427069664,18.115890502929688,0.2949150800704956,Nov,2,2,1,3,Returning_Visitor,False,False
0.10424327850341797,11.448310852050781,1.4062029123306274,54.805084228515625,16.418489456176758,614.1948852539062,-0.0002066679298877716,0.013826074078679085,41.72861862182617,0.1272139549255371,May,2,2,1,2,Returning_Visitor,False,True
1.977791666984558,30.739994049072266,0.04347580671310425,1.8915824890136719,14.283126831054688,638.7438354492188,0.015984417870640755,0.04347999393939972,0.6352548599243164,0.0012167394161224365,Mar,3,2,1,2,Returning_Visitor,False,False
0.08121371269226074,9.065963745117188,0.02192854881286621,1.3779640197753906,12.020477294921875,593.4505004882812,0.0005424171686172485,0.02179689146578312,4.775240898132324,0.0003429912030696869,Dec,8,13,9,20,Other,False,False
0.03598308563232422,3.6982192993164062,0.026837021112442017,0.9883842468261719,3.8541316986083984,280.3134765625,0.006727513857185841,0.07247334718704224,-0.32349538803100586,0.0003383643925189972,Nov,2,2,1,2,Returning_Visitor,False,False
0.024222135543823242,1.2806320190429688,0.03431224822998047,0.9849510192871094,6.040395736694336,263.021728515625,0.19398897886276245,0.20023022592067719,0.08471441268920898,0.18902243673801422,May,2,2,1,3,Returning_Visitor,False,False
0.023376941680908203,4.649192810058594,0.036275386810302734,4.006448745727539,25.102567672729492,671.0191650390625,0.0025018826127052307,0.031246183440089226,1.6407723426818848,-0.00022716820240020752,Mar,1,1,1,2,Returning_Visitor,True,False
2.82226824760437,96.53877258300781,0.051396310329437256,5.782535552978516,53.317962646484375,876.3733520507812,0.007528661750257015,0.021135006099939346,3.8199222087860107,0.00031900033354759216,Nov,2,2,1,2,Returning_Visitor,False,True
8.935152053833008,203.30685424804688,3.51631498336792,235.2610626220703,18.82294464111328,1752.975341796875,0.004713857546448708,0.013399224728345871,18.82183074951172,7.115304470062256e-07,Mar,2,2,1,2,Returning_Visitor,False,False
0.052546024322509766,3.4679794311523438,0.027561843395233154,0.8836250305175781,4.659114837646484,286.0185546875,0.0046574268490076065,0.044376008212566376,-0.29451704025268555,0.1748044192790985,May,2,2,1,3,Returning_Visitor,False,False
0.02354121208190918,1.308837890625,0.03485104441642761,1.376129150390625,5.566062927246094,255.5537109375,0.19395138323307037,0.20140625536441803,-0.04841423034667969,-0.00016353651881217957,Mar,2,2,1,1,Returning_Visitor,False,False
1.7561793327331543,31.850032806396484,0.03636908531188965,3.7304821014404297,22.426349639892578,484.12451171875,0.002299956977367401,0.04079636558890343,1.745582103729248,0.19123198091983795,May,1,1,1,3,Returning_Visitor,False,False
0.04138612747192383,3.8495407104492188,0.027458906173706055,0.5551528930664062,4.033023834228516,284.5736083984375,0.0018606707453727722,0.08515895903110504,-0.41718149185180664,0.0002246275544166565,May,1,1,1,2,Returning_Visitor,False,False
0.20989704132080078,11.652313232421875,0.021839112043380737,3.1388015747070312,28.203657150268555,1182.27197265625,0.0017200391739606857,0.01918918266892433,3.809998035430908,0.1659964919090271,Nov,2,2,1,2,Returning_Visitor,False,True
4.652439117431641,177.35227966308594,3.3918726444244385,307.74554443359375,32.4115104675293,1647.9427490234375,0.004942523315548897,0.025739669799804688,15.337944984436035,1.736357808113098e-05,Nov,2,2,1,2,Returning_Visitor,False,True
4.061670780181885,177.69815063476562,0.060965538024902344,7.607046127319336,99.63018798828125,1737.9239501953125,0.0019115936011075974,0.016938650980591774,7.647061347961426,-0.0006836913526058197,Nov,2,2,1,2,Returning_Visitor,False,False
3.528071403503418,84.75432586669922,0.04537329077720642,5.219511032104492,46.8995246887207,2177.205810546875,0.002754785120487213,0.009928904473781586,5.023723602294922,-0.0006303861737251282,Nov,2,2,1,2,Returning_Visitor,False,False
3.5590288639068604,111.72735595703125,0.06246364116668701,2.2984275817871094,30.06688690185547,707.6007080078125,0.00991352740675211,0.03896335884928703,2.8672759532928467,0.14650821685791016,May,1,1,1,3,Returning_Visitor,False,False
1.7042949199676514,45.532249450683594,0.04539865255355835,4.69599723815918,38.485382080078125,978.2423706054688,0.015107854269444942,0.024070465937256813,2.613997220993042,0.001104794442653656,May,2,2,1,1,Returning_Visitor,False,False
0.2025144100189209,40.17721939086914,3.045067071914673,344.53375244140625,15.348346710205078,1100.3453369140625,0.01587088592350483,0.0576198473572731,1.643874168395996,0.2840253710746765,Nov,2,1,1,3,Returning_Visitor,False,False
0.8903781175613403,70.31785583496094,0.029439151287078857,1.0401191711425781,5.981071472167969,561.30859375,0.012281940318644047,0.02254401706159115,0.5915112495422363,0.23202838003635406,May,2,2,1,3,Returning_Visitor,False,False
0.026067018508911133,1.3957901000976562,0.03389585018157959,1.1076889038085938,6.261074066162109,267.2481689453125,0.19401000440120697,0.2013985961675644,-0.0972604751586914,-0.00015987083315849304,Mar,2,2,1,1,Returning_Visitor,False,False
1.5943657159805298,34.03748321533203,0.027187258005142212,0.37542724609375,5.287927627563477,268.90838623046875,0.007171234115958214,0.01993773691356182,0.0024704933166503906,7.944181561470032e-05,Dec,2,2,1,2,New_Visitor,False,False
2.388981580734253,70.33041381835938,0.0277135968208313,1.4005355834960938,4.013086318969727,283.77044677734375,0.000978054478764534,0.041554491966962814,0.2626762390136719,-0.0002093687653541565,Nov,2,2,1,1,Returning_Visitor,False,False
7.054703235626221,144.1627655029297,1.4438340663909912,185.87904357910156,200.3455047607422,6533.17919921875,0.0031358320266008377,0.016409607604146004,4.788022041320801,-0.0007194578647613525,Nov,2,2,1,2,Returning_Visitor,False,False
3.4214227199554443,100.86119079589844,0.03652343153953552,1.8376045227050781,8.432609558105469,324.69677734375,0.004610512405633926,0.016751082614064217,0.6951565742492676,-0.00018204376101493835,Dec,2,2,1,2,New_Visitor,False,False
0.07201671600341797,3.5245208740234375,0.02900683879852295,1.3093910217285156,5.494190216064453,278.550537109375,-0.002101864665746689,0.06076100468635559,-0.32479047775268555,-0.00015379860997200012,Mar,2,2,1,1,Returning_Visitor,False,False
0.08076643943786621,12.006874084472656,1.3791754245758057,54.86473083496094,25.81038475036621,848.5546264648438,0.002908363938331604,0.01038111001253128,37.66663360595703,-0.00010409578680992126,Nov,3,2,1,2,Returning_Visitor,False,False
0.023054838180541992,1.9246749877929688,0.03541457653045654,1.5618019104003906,6.1381683349609375,376.89239501953125,0.1270211935043335,0.14017915725708008,-0.055948734283447266,0.0005742572247982025,Nov,3,2,1,1,Returning_Visitor,False,False
0.2116835117340088,12.73797607421875,0.05172392725944519,3.8960800170898438,35.657772064208984,1293.4544677734375,0.00719295721501112,0.023042596876621246,16.40980339050293,0.0007152631878852844,Nov,2,2,1,1,Returning_Visitor,False,False
3.8397254943847656,196.21340942382812,0.04392176866531372,2.227865219116211,15.693680763244629,308.3121337890625,-0.000463288277387619,0.01612776331603527,1.5900678634643555,-0.00024215877056121826,May,2,2,1,2,New_Visitor,False,False
3.518996477127075,111.21176147460938,0.054967015981674194,4.739805221557617,48.13770294189453,2255.86767578125,0.01033631432801485,0.028028858825564384,3.6310603618621826,-0.00011797621846199036,Nov,2,2,1,2,Returning_Visitor,False,False
0.21393370628356934,3.23223876953125,0.04517218470573425,3.886373519897461,25.27070426940918,1273.4771728515625,0.003592478111386299,0.02569204568862915,2.110076427459717,-1.7404556274414062e-05,Mar,2,2,1,1,Returning_Visitor,False,False
0.18459343910217285,3.2568817138671875,0.029009521007537842,1.2161140441894531,12.328672409057617,1210.7064208984375,0.010736045427620411,0.020776288583874702,0.7696352005004883,0.25091201066970825,Mar,2,2,1,2,Returning_Visitor,False,False
3.0880322456359863,152.4038848876953,0.04618152976036072,2.2837181091308594,12.478055953979492,486.3580322265625,0.005855942144989967,0.03522438928484917,1.1750354766845703,0.16400635242462158,Nov,2,2,1,2,Returning_Visitor,False,False
0.03285503387451172,2.9370574951171875,0.02539771795272827,0.7663536071777344,8.124916076660156,281.607421875,0.0088056530803442,0.07131334394216537,0.09701156616210938,0.19274060428142548,May,2,2,1,3,Returning_Visitor,False,False
4.207221031188965,37.25503921508789,0.05139172077178955,5.011125564575195,41.48837661743164,1911.8408203125,0.0019606221467256546,0.020280614495277405,4.8409037590026855,-0.0008098520338535309,Mar,2,2,1,2,Returning_Visitor,False,False
0.006996870040893555,10.083831787109375,0.026912212371826172,1.01568603515625,23.64470100402832,482.80535888671875,0.006786637008190155,0.027132177725434303,1.2609729766845703,0.21460075676441193,May,2,2,1,4,Returning_Visitor,False,False
9.161487579345703,190.81375122070312,0.08247098326683044,13.043542861938477,45.49449157714844,1902.5654296875,0.0032987724989652634,0.022337930276989937,6.776240348815918,-0.000489257276058197,Nov,1,1,1,2,Returning_Visitor,False,False
3.5912914276123047,112.5003662109375,0.05789583921432495,2.913005828857422,31.121461868286133,793.1756591796875,0.011623372323811054,0.02271287515759468,3.531517744064331,0.0006378889083862305,Nov,2,2,1,1,Returning_Visitor,False,False
0.08120274543762207,4.056236267089844,0.029298782348632812,1.341796875,6.42424201965332,277.8299560546875,0.004640525206923485,0.051513317972421646,-0.38178443908691406,-0.0001780875027179718,May,2,2,1,3,Returning_Visitor,False,False
0.046578407287597656,3.5002365112304688,0.025578439235687256,0.9624252319335938,3.9048309326171875,286.57183837890625,0.00584760494530201,0.05141754448413849,-0.20168399810791016,-0.00018331781029701233,Nov,2,2,1,1,Returning_Visitor,False,False
0.3071925640106201,6.789588928222656,0.06036490201950073,6.798130035400391,94.23255920410156,4267.5830078125,0.0023482590913772583,0.023020615801215172,4.217439651489258,-0.0003309287130832672,Nov,2,2,1,2,Returning_Visitor,False,False
3.139115571975708,87.63187408447266,0.05363059043884277,8.323749542236328,60.819976806640625,1867.2208251953125,0.003176094964146614,0.017582952976226807,16.065818786621094,-0.0008085854351520538,May,2,2,1,2,Returning_Visitor,False,True
1.3455593585968018,72.39220428466797,0.026915699243545532,0.24052810668945312,3.967723846435547,267.90777587890625,0.001788455992937088,0.030362635850906372,0.670478343963623,-0.0007330998778343201,Nov,2,2,1,2,New_Visitor,False,False
1.4907071590423584,42.550384521484375,0.024981141090393066,3.2517223358154297,44.684669494628906,2058.030517578125,0.0023135151714086533,0.014245530590415001,5.777998447418213,-0.00036346912384033203,Nov,2,1,1,2,Returning_Visitor,False,False
0.055112361907958984,5.518730163574219,0.025802910327911377,0.12763595581054688,3.046905517578125,271.42535400390625,-0.0022067371755838394,0.0749361515045166,-0.3025484085083008,0.00034306198358535767,Nov,2,2,1,2,Returning_Visitor,False,False
8.437484741210938,180.98477172851562,1.4658517837524414,96.54645538330078,102.59891510009766,1951.36767578125,0.0027525369077920914,0.01209195889532566,24.736530303955078,0.057541847229003906,Nov,2,2,1,2,Returning_Visitor,False,False
2.327711820602417,155.42889404296875,0.028067290782928467,1.4051628112792969,10.11776351928711,270.144775390625,-0.0014422424137592316,0.028973329812288284,0.7979555130004883,0.16018518805503845,May,2,2,1,2,New_Visitor,False,False
3.034240245819092,98.42350006103516,0.026490122079849243,2.061281204223633,10.158914566040039,389.848876953125,0.0003437921404838562,0.014413386583328247,1.4328804016113281,-3.487616777420044e-05,Dec,2,2,1,2,New_Visitor,False,False
3.2887520790100098,138.44754028320312,1.5362751483917236,57.56004333496094,36.30146026611328,2041.70849609375,0.0011447630822658539,0.007177248597145081,7.073091506958008,-0.0005127042531967163,May,2,2,1,2,Returning_Visitor,False,False
2.102461099624634,70.21514129638672,0.02820199728012085,1.5410003662109375,10.346702575683594,278.550537109375,0.0012625977396965027,0.0395919531583786,1.4693856239318848,6.4898282289505e-05,Nov,2,2,1,1,Returning_Visitor,False,False
2.709355592727661,49.780521392822266,0.027578204870224,5.520849227905273,61.07817077636719,782.311279296875,0.004924790933728218,0.013837872073054314,3.6529555320739746,-0.00020511820912361145,Mar,2,2,1,2,Returning_Visitor,False,False
0.1254420280456543,11.067398071289062,0.060700058937072754,6.889829635620117,71.6156005859375,2713.687744140625,0.003886951133608818,0.025093818083405495,2.5401623249053955,-0.0003385767340660095,Nov,2,2,1,2,Returning_Visitor,False,False
2.9680466651916504,71.36701202392578,0.044637858867645264,2.347799301147461,12.981319427490234,484.1529541015625,0.02014980837702751,0.031821370124816895,1.46394681930542,-0.0006368868052959442,Nov,2,2,1,2,Returning_Visitor,False,False
8.891783714294434,401.3580322265625,3.6266276836395264,362.16900634765625,90.54804229736328,3161.322509765625,0.005096685141324997,0.012638881802558899,9.26970100402832,0.14850494265556335,May,2,2,1,2,Returning_Visitor,False,False
6.052892684936523,37.51667785644531,0.042167842388153076,4.1973419189453125,44.745704650878906,3195.74267578125,0.0011124331504106522,0.007139608263969421,7.865356922149658,-0.0005078054964542389,Nov,2,2,1,2,Returning_Visitor,False,False
3.520224094390869,82.50068664550781,1.9131522178649902,106.00491333007812,5.408939361572266,413.3193359375,-0.0032046902924776077,0.03588436543941498,0.49629926681518555,0.000784650444984436,Dec,2,2,1,2,New_Visitor,False,False
5.137616157531738,143.647216796875,3.0920958518981934,292.1634521484375,71.62577056884766,4282.08251953125,0.002179812639951706,0.014757974073290825,8.068795204162598,0.17231427133083344,Nov,2,2,1,2,Returning_Visitor,False,False
2.9090800285339355,68.9664306640625,0.039476245641708374,1.9957408905029297,10.936014175415039,824.611572265625,0.02357909083366394,0.04570423811674118,2.031184673309326,-0.0004605241119861603,Mar,2,2,1,1,Returning_Visitor,False,False
2.689697265625,97.68788146972656,0.043938010931015015,2.2266197204589844,13.266889572143555,614.291015625,0.010505808517336845,0.028796836733818054,1.5436639785766602,0.00031200796365737915,Mar,2,2,1,1,Returning_Visitor,False,False
3.248573064804077,116.41845703125,2.3747105598449707,225.4053192138672,53.27180862426758,2062.197509765625,0.005008939653635025,0.010986171662807465,20.977134704589844,-0.0007120184600353241,Nov,2,2,1,2,Returning_Visitor,False,True
1.9722793102264404,73.61241149902344,0.024248242378234863,2.529796600341797,12.890693664550781,786.6204833984375,0.0030280500650405884,0.01410384476184845,2.5517425537109375,-0.00010776892304420471,Nov,1,1,1,2,New_Visitor,False,False
1.6285390853881836,99.07933044433594,0.023120194673538208,1.4803199768066406,12.12100601196289,618.3099975585938,0.0005120038986206055,0.011611316353082657,1.8789246082305908,0.1860632598400116,Dec,2,2,1,2,Returning_Visitor,False,False
9.62906265258789,479.40081787109375,5.2221999168396,506.48651123046875,207.7872772216797,6509.54541015625,0.004925580695271492,0.017907986417412758,7.648405075073242,0.00019117072224617004,Nov,1,1,1,2,Returning_Visitor,False,True
0.023143529891967773,1.530853271484375,0.03425535559654236,0.9872894287109375,6.370491027832031,261.9691162109375,0.10916060954332352,0.16068094968795776,-0.03813362121582031,0.29877138137817383,May,3,2,1,3,Returning_Visitor,False,False
2.23880672454834,95.484619140625,0.04244750738143921,1.8253173828125,12.042224884033203,753.1044921875,0.013553950004279613,0.03739155828952789,1.5150508880615234,-0.0006203465163707733,May,2,2,1,1,Returning_Visitor,False,False
3.9214372634887695,66.42418670654297,3.5260205268859863,168.26174926757812,75.05776977539062,6037.64599609375,0.007910269312560558,0.024089626967906952,4.112874984741211,0.00030184537172317505,Nov,2,2,1,2,Returning_Visitor,False,False
4.499664306640625,178.56976318359375,0.830398440361023,63.20146179199219,43.12169647216797,2707.452880859375,0.00781674962490797,0.02172798290848732,5.244936943054199,-0.0005769655108451843,May,2,2,1,1,Returning_Visitor,False,False
4.951517581939697,130.77565002441406,0.03962349891662598,2.2363128662109375,13.269678115844727,620.254638671875,0.00270027294754982,0.008810300379991531,1.771115779876709,-0.0002842806279659271,Dec,2,2,1,2,New_Visitor,False,False
2.4475743770599365,114.97611236572266,0.04688239097595215,6.02647590637207,62.982383728027344,1836.84375,0.007841583341360092,0.01348940096795559,4.749598503112793,0.27034586668014526,Nov,2,2,1,2,Returning_Visitor,False,False
7.117865562438965,364.9249267578125,1.4806969165802002,65.63773345947266,37.06229019165039,1980.67333984375,0.0015055462718009949,0.009861283004283905,36.263275146484375,-0.0008079148828983307,Nov,2,2,1,2,Returning_Visitor,False,True
0.06470513343811035,8.372642517089844,0.027171850204467773,1.163360595703125,8.784429550170898,290.875244140625,-0.00020363368093967438,0.031781360507011414,3.1518070697784424,-5.852431058883667e-06,Dec,8,13,9,20,Other,False,False
10.142644882202148,139.78187561035156,1.5623629093170166,70.62213134765625,50.08054733276367,3817.40673828125,0.015645304694771767,0.026925500482320786,3.938565731048584,0.00014409050345420837,Nov,3,2,1,2,Returning_Visitor,False,False
0.13337111473083496,14.974227905273438,0.040918558835983276,2.800548553466797,24.84221649169922,834.05615234375,0.04774227738380432,0.08357323706150055,15.712955474853516,0.0029571279883384705,Nov,1,1,1,1,Returning_Visitor,False,True
2.8332624435424805,139.67190551757812,1.673933506011963,215.10523986816406,28.118377685546875,1980.740478515625,0.03291613608598709,0.03777085244655609,4.1119771003723145,-0.00043513625860214233,Nov,2,2,1,1,Returning_Visitor,False,False
0.024237871170043945,0.478851318359375,0.03455382585525513,0.7164878845214844,6.338762283325195,254.50909423828125,0.1955386847257614,0.20226477086544037,-0.18129730224609375,0.1934763789176941,May,3,2,1,3,Returning_Visitor,False,False
0.038227081298828125,2.884002685546875,0.026556193828582764,0.4628715515136719,4.170492172241211,282.08209228515625,0.0060870461165905,0.05190761014819145,-0.3516983985900879,0.20763929188251495,May,2,2,1,3,Returning_Visitor,False,False
0.02955317497253418,5.253288269042969,0.03520306944847107,0.37490081787109375,4.592321395874023,251.66827392578125,0.19356538355350494,0.20093443989753723,1.68198823928833,0.00029789283871650696,Dec,2,2,1,3,Returning_Visitor,False,False
0.0375063419342041,1.8912429809570312,0.03627878427505493,1.2361564636230469,6.18890380859375,252.5185546875,0.19923770427703857,0.18520860373973846,-0.2453465461730957,0.0009072571992874146,Mar,3,2,1,1,Returning_Visitor,False,False
2.249119997024536,40.94163513183594,0.0216122567653656,3.0851821899414062,20.14663314819336,894.7415771484375,0.002702748402953148,0.005359996110200882,47.32838821411133,0.00011910498142242432,Nov,2,2,1,2,New_Visitor,False,True
0.05588698387145996,2.3539276123046875,0.03929874300956726,1.4796714782714844,10.586050033569336,655.5387573242188,0.024755101650953293,0.049063052982091904,0.44275617599487305,-0.0007505342364311218,Nov,2,2,1,1,Returning_Visitor,False,False
0.15193986892700195,8.854202270507812,0.0424426794052124,59.06555938720703,33.149715423583984,1291.4293212890625,0.007695754989981651,0.021296190097928047,1.8276071548461914,0.0005200020968914032,Mar,2,2,1,1,Returning_Visitor,False,False
3.3795690536499023,158.58380126953125,0.034073710441589355,2.3205833435058594,13.742563247680664,298.450927734375,0.0005881898105144501,0.015541475266218185,1.4617924690246582,-0.0001956149935722351,Mar,1,1,1,2,New_Visitor,False,False
0.14952492713928223,9.804275512695312,0.04428938031196594,5.857841491699219,54.0906867980957,1969.084716796875,0.002860451117157936,0.021997280418872833,3.4861390590667725,-0.0005016662180423737,Nov,2,2,1,2,Returning_Visitor,False,False
4.72292423248291,81.88408660888672,0.05661681294441223,5.3487396240234375,80.10809326171875,3609.2294921875,0.0025005340576171875,0.01387806236743927,6.083492755889893,0.1610383838415146,May,2,2,1,2,Returning_Visitor,False,False
2.1068243980407715,77.76712036132812,0.022444218397140503,1.8572044372558594,20.245452880859375,663.3496704101562,0.002980971708893776,0.008631952106952667,2.624718189239502,-0.0001338273286819458,Nov,2,2,1,2,Returning_Visitor,False,False
0.07559013366699219,10.11199951171875,0.04506492614746094,1.6338691711425781,29.07797622680664,854.56591796875,0.010264960117638111,0.04460093379020691,1.4951128959655762,0.0011823996901512146,Nov,1,1,1,1,Returning_Visitor,False,False
7.259186267852783,184.02685546875,0.07106393575668335,10.207321166992188,45.613006591796875,1676.880859375,0.006440110504627228,0.016229338943958282,5.588982582092285,-0.000500854104757309,Nov,2,2,1,2,Returning_Visitor,False,False
0.026254892349243164,16.17431640625,0.023886650800704956,2.288938522338867,33.292327880859375,2054.04443359375,0.0006189681589603424,0.007138218730688095,78.10093688964844,-0.0006757006049156189,Nov,2,2,1,2,New_Visitor,False,True
2.582247018814087,91.1778335571289,0.043409913778305054,3.49517822265625,37.963653564453125,645.2470703125,0.013451975770294666,0.04369262978434563,2.7798280715942383,0.21835288405418396,Mar,2,2,1,3,Returning_Visitor,False,False
2.7243151664733887,33.59446716308594,0.023150891065597534,-0.1253814697265625,2.4587669372558594,264.5069580078125,0.011681890115141869,0.04522400349378586,-0.4619474411010742,0.17528940737247467,May,2,2,1,2,Returning_Visitor,False,False
0.9202390909194946,35.01181411743164,0.023316174745559692,1.7650604248046875,16.75338363647461,904.599853515625,0.0007130950689315796,0.01129593700170517,1.6241459846496582,-8.57040286064148e-05,May,2,2,1,2,Returning_Visitor,False,False
0.08720278739929199,4.2317352294921875,0.027760565280914307,2.220102310180664,11.002117156982422,286.0079345703125,-0.0007006339728832245,0.03910589963197708,0.642003059387207,0.0004250332713127136,Mar,2,2,1,2,Returning_Visitor,False,False
0.18069791793823242,10.318511962890625,0.03471294045448303,5.367219924926758,55.66105270385742,2661.989990234375,0.0022010132670402527,0.01711713895201683,25.69696044921875,-0.0004550628364086151,Nov,2,2,1,2,Returning_Visitor,False,False
5.741350173950195,102.4979019165039,0.04274946451187134,7.480136871337891,17.916728973388672,514.0714111328125,0.0004818141460418701,0.016818910837173462,36.371124267578125,-0.0007788687944412231,Nov,2,2,1,2,New_Visitor,False,True
7.551663875579834,132.77244567871094,2.019573450088501,64.77918243408203,32.60554885864258,1486.792724609375,0.005365567281842232,0.01566619984805584,5.142581939697266,-0.0005943141877651215,Nov,1,1,1,2,Returning_Visitor,False,False
0.03678250312805176,3.4689712524414062,0.026290684938430786,0.7960891723632812,4.152061462402344,343.44805908203125,0.0110766077414155,0.036848802119493484,-0.25502538681030273,0.2307376265525818,Mar,2,2,1,3,Returning_Visitor,False,False
10.78089714050293,382.63336181640625,5.107118606567383,200.97787475585938,63.757080078125,4263.92822265625,0.005551092326641083,0.01929299160838127,7.8766045570373535,-0.0006883181631565094,Nov,1,1,1,2,Returning_Visitor,False,False
0.018323898315429688,6.090339660644531,0.023630261421203613,2.4258480072021484,16.223711013793945,725.031005859375,0.0024802740663290024,0.019435567781329155,1.2074851989746094,-0.0003285817801952362,Nov,1,1,1,2,Returning_Visitor,False,False
0.38952338695526123,20.481525421142578,2.152109384536743,158.35491943359375,22.424625396728516,990.8442993164062,0.004119507968425751,0.017725972458720207,33.02305221557617,-0.00014671310782432556,Nov,1,1,1,2,Returning_Visitor,False,False
9.055742263793945,57.56616973876953,2.240116596221924,195.55810546875,84.24384307861328,2350.593505859375,0.0015342477709054947,0.014579756185412407,24.35931396484375,0.1024419292807579,May,2,2,1,2,Returning_Visitor,False,False
0.9186599254608154,31.085189819335938,0.02737182378768921,1.9083938598632812,15.660872459411621,648.7041625976562,0.004212480038404465,0.017894400283694267,0.9082746505737305,0.2197357565164566,May,2,2,1,2,Returning_Visitor,False,False
0.051985740661621094,24.04438018798828,2.8951163291931152,118.30210876464844,37.899574279785156,2360.466796875,0.0015759002417325974,0.013439659029245377,31.66659927368164,0.15710163116455078,Nov,2,2,1,2,Returning_Visitor,False,True
0.11468672752380371,4.603309631347656,0.04321950674057007,1.6400489807128906,14.933755874633789,677.7724609375,0.003616204485297203,0.029721679165959358,0.9836978912353516,0.2753920257091522,May,2,2,1,2,Returning_Visitor,False,False
0.017017602920532227,12.735816955566406,0.030041605234146118,2.020050048828125,30.84742546081543,770.3287353515625,0.007519667036831379,0.02207406423985958,1.3144278526306152,0.0003734119236469269,Mar,2,2,1,1,Returning_Visitor,False,False
1.6598458290100098,69.40142822265625,0.03843781352043152,1.4598846435546875,9.258800506591797,796.269775390625,0.023321377113461494,0.04862581565976143,1.290621280670166,0.000555139034986496,Mar,2,2,1,1,Returning_Visitor,False,False
0.029588937759399414,3.8610000610351562,0.025644242763519287,0.8447837829589844,3.8517799377441406,284.841064453125,0.009886689484119415,0.042441703379154205,-0.12941503524780273,-0.0003055967390537262,Nov,1,1,1,1,Returning_Visitor,False,False
2.1534461975097656,39.51381301879883,1.9389710426330566,60.14216613769531,27.332918167114258,907.4094848632812,0.003584541380405426,0.017823871225118637,23.673355102539062,-5.247443914413452e-05,Nov,2,2,1,2,Returning_Visitor,False,True
3.464399576187134,35.24353790283203,0.02963462471961975,2.858430862426758,14.536029815673828,309.253662109375,0.001107577234506607,0.020684057846665382,0.9019074440002441,-0.006342194974422455,May,8,1,1,1,New_Visitor,False,False
0.20691227912902832,15.750808715820312,1.4076135158538818,201.8739776611328,10.703245162963867,480.4344482421875,0.019132422283291817,0.03791888803243637,19.64929962158203,-0.00034641847014427185,Nov,2,2,1,1,Returning_Visitor,False,False
7.0304999351501465,218.87551879882812,0.0728144645690918,9.67044448852539,30.363056182861328,974.0753173828125,0.006774595007300377,0.021983712911605835,3.791191339492798,-0.0001494884490966797,May,2,2,1,1,Returning_Visitor,False,False
9.542648315429688,362.5369567871094,1.4557576179504395,74.36900329589844,46.100555419921875,2122.505126953125,0.0042653754353523254,0.014628330245614052,19.759849548339844,-0.0009336657822132111,Nov,1,1,1,2,Returning_Visitor,False,False
0.08448600769042969,4.161445617675781,0.030446887016296387,1.3505744934082031,15.44620132446289,695.2654418945312,0.009230002760887146,0.02002067118883133,0.7675771713256836,0.00041688233613967896,Nov,1,1,1,3,Returning_Visitor,False,False
0.0285646915435791,2.2508316040039062,0.037716805934906006,1.4924278259277344,11.718835830688477,462.99566650390625,0.07347215712070465,0.08954787254333496,0.5107312202453613,-0.0005978234112262726,May,1,1,1,3,Returning_Visitor,False,False
4.174251079559326,294.9344177246094,0.05201694369316101,3.293363571166992,31.366670608520508,733.2755126953125,0.002002837136387825,0.015743358060717583,4.091411590576172,-0.0007092095911502838,May,1,1,1,2,Returning_Visitor,False,False
0.2868340015411377,4.3568572998046875,1.450775146484375,65.8332748413086,88.19300842285156,3997.12841796875,0.012471011839807034,0.031925953924655914,1.9456801414489746,0.0002568177878856659,Nov,2,2,1,2,Returning_Visitor,False,False
0.1349620819091797,6.675407409667969,2.018599271774292,54.6522216796875,10.325641632080078,695.7724609375,0.0037418175488710403,0.022758811712265015,0.5500326156616211,-4.522502422332764e-06,Nov,2,2,1,2,Returning_Visitor,False,False
9.91559886932373,288.59130859375,3.7252469062805176,402.49554443359375,182.97476196289062,5407.4169921875,0.007034480571746826,0.022123439237475395,4.879411697387695,0.27196353673934937,Nov,2,2,1,2,Returning_Visitor,False,False
0.08921122550964355,43.665714263916016,0.046126335859298706,4.0790863037109375,42.440860748291016,1307.985107421875,0.01512005366384983,0.03885387256741524,2.0619568824768066,-0.00030745193362236023,Nov,2,2,1,1,Returning_Visitor,False,False
0.030435562133789062,2.9985504150390625,0.025038599967956543,0.5053939819335938,4.14178466796875,276.03729248046875,0.020533200353384018,0.042863115668296814,-0.3872032165527344,0.2216612845659256,May,1,1,1,3,Returning_Visitor,False,False
8.083944320678711,364.0616760253906,2.2306151390075684,165.7908477783203,108.70374298095703,2862.248046875,0.0027869921177625656,0.013258896768093109,5.431353569030762,0.10247322916984558,May,2,2,1,2,Returning_Visitor,False,False
0.127763032913208,12.019416809082031,0.05004274845123291,5.76945686340332,59.83896255493164,1338.6312255859375,0.0051502324640750885,0.024365175515413284,2.4371211528778076,0.00031550973653793335,Nov,2,2,1,2,Returning_Visitor,False,False
0.42404794692993164,30.73175048828125,3.341069221496582,175.40756225585938,86.72348022460938,3125.3486328125,0.004370475187897682,0.02426748350262642,3.978464126586914,0.3318987488746643,Nov,2,2,1,2,Returning_Visitor,False,False
5.471991539001465,161.091796875,0.04266956448554993,4.678153991699219,13.188879013061523,363.5947265625,0.004123972728848457,0.019836606457829475,1.2270536422729492,-0.0005468800663948059,Dec,2,2,1,2,New_Visitor,False,True
-0.02199530601501465,9.38519287109375,0.02948138117790222,1.0040550231933594,6.622734069824219,350.45361328125,0.004707997664809227,0.016727764159440994,34.983089447021484,0.1275111436843872,Nov,1,1,1,2,Returning_Visitor,False,True
0.028731584548950195,1.6970672607421875,0.035818397998809814,1.4094696044921875,6.558942794799805,266.03997802734375,0.10682059824466705,0.16051353514194489,-0.056752681732177734,-0.00015899911522865295,Mar,2,2,1,1,Returning_Visitor,False,False
6.51359748840332,252.77444458007812,1.9580976963043213,167.21023559570312,33.093814849853516,1297.3941650390625,0.01079667080193758,0.01697414182126522,5.561098098754883,0.13143271207809448,May,2,2,1,4,Returning_Visitor,False,False
9.937067031860352,340.1020202636719,4.044805526733398,653.2764282226562,131.9836883544922,5593.48681640625,0.0026715081185102463,0.015590853989124298,6.93280553817749,-0.0003399588167667389,Nov,2,2,1,2,Returning_Visitor,False,False
2.908670663833618,92.49937438964844,1.9706580638885498,122.22222137451172,29.407764434814453,637.9529418945312,0.013936106115579605,0.030520426109433174,2.9994423389434814,0.00017118453979492188,May,2,2,1,1,Returning_Visitor,False,False
0.039370059967041016,1.6361083984375,0.03503599762916565,1.0471572875976562,6.938753128051758,723.953125,0.08103437721729279,0.09863372892141342,0.2077798843383789,0.4372680187225342,May,2,2,1,13,Returning_Visitor,False,False
0.033371686935424805,3.6086807250976562,0.025873005390167236,1.0006484985351562,3.2235107421875,276.66424560546875,0.01099703274667263,0.0540962740778923,-0.3381843566894531,-0.000660426914691925,Mar,1,1,1,3,Returning_Visitor,False,False
0.057807207107543945,14.59246826171875,0.025997966527938843,4.457263946533203,49.96653366088867,1203.1865234375,0.0018829237669706345,0.020533688366413116,3.4562487602233887,-0.00022032856941223145,May,2,2,1,2,Returning_Visitor,False,False
1.5455018281936646,32.192649841308594,0.0286312997341156,1.7042884826660156,9.85260009765625,341.65301513671875,0.009418720379471779,0.019653333351016045,0.33962535858154297,0.19691196084022522,May,2,2,1,2,Returning_Visitor,False,False
2.704639196395874,79.42437744140625,1.8465778827667236,106.98499298095703,6.253814697265625,404.2801513671875,0.005477273836731911,0.026452554389834404,0.7388448715209961,0.15902361273765564,May,1,1,1,2,Returning_Visitor,False,False
2.1375441551208496,33.288936614990234,0.03428182005882263,3.2929248809814453,14.309181213378906,273.70098876953125,4.588998854160309e-05,0.046944618225097656,1.0110254287719727,-0.00028453022241592407,Mar,3,1,1,2,Returning_Visitor,True,False
1.044875979423523,51.667442321777344,0.020773321390151978,4.013130187988281,47.66485595703125,869.951416015625,0.001003200188279152,0.010211274027824402,2.9483282566070557,-3.777071833610535e-05,May,2,2,1,2,Returning_Visitor,False,False
3.7924985885620117,179.13436889648438,0.05617967247962952,8.048818588256836,61.466339111328125,3722.2001953125,0.0028888992965221405,0.02029944583773613,5.832577705383301,0.2603178918361664,May,2,2,1,4,Returning_Visitor,False,False
0.013654708862304688,2.1020126342773438,0.03474065661430359,1.3227958679199219,7.295160293579102,262.880615234375,0.06891606748104095,0.11026602238416672,0.23911237716674805,-0.0007114112377166748,May,1,1,1,1,Returning_Visitor,False,False
0.0446169376373291,6.818717956542969,0.025920450687408447,-0.10488510131835938,6.293066024780273,274.62451171875,0.0034534595906734467,0.07023048400878906,1.7073731422424316,0.0006864741444587708,Dec,2,2,9,2,Returning_Visitor,False,False
0.07738327980041504,6.314445495605469,0.02773866057395935,1.5770912170410156,8.786602020263672,289.8941650390625,0.002584557980298996,0.02841387316584587,0.027828216552734375,-0.00021518021821975708,May,2,2,1,2,Returning_Visitor,False,False
0.03348851203918457,3.7222061157226562,0.026737987995147705,1.0027008056640625,3.2235107421875,275.92169189453125,0.014375926926732063,0.04466312378644943,-0.40277814865112305,-0.00027293339371681213,Mar,2,2,1,1,Returning_Visitor,False,False
0.04080057144165039,3.8446884155273438,0.027534514665603638,0.6245269775390625,4.033023834228516,284.5736083984375,0.00943477638065815,0.04934704676270485,-0.3598470687866211,-0.00039825960993766785,May,1,1,1,2,Returning_Visitor,False,False
0.0592951774597168,3.6627197265625,0.02693849802017212,1.0906524658203125,4.361139297485352,280.45880126953125,0.00675300695002079,0.05774877965450287,-0.1968684196472168,-0.0006176121532917023,Nov,2,2,1,3,Returning_Visitor,False,False
0.02940654754638672,1.4078750610351562,0.03569355607032776,1.0411834716796875,6.635656356811523,281.5108642578125,0.014288214035332203,0.08712495118379593,-0.09689569473266602,0.28330445289611816,May,2,2,1,3,Returning_Visitor,False,False
0.1031484603881836,3.386444091796875,0.044281214475631714,2.7266101837158203,13.270713806152344,489.02301025390625,0.005401210859417915,0.040680285543203354,0.5499057769775391,0.0006567500531673431,Nov,1,1,1,2,Returning_Visitor,False,False
0.13411903381347656,4.785392761230469,0.02907705307006836,2.377901077270508,19.804798126220703,840.69384765625,0.0033091194927692413,0.02042887546122074,1.7956628799438477,-0.00032501667737960815,May,1,1,1,2,Returning_Visitor,False,False
2.8413400650024414,127.51642608642578,0.02392074465751648,2.034740447998047,15.572478294372559,538.0535888671875,0.0001433342695236206,0.01183958537876606,2.1821470260620117,-0.00046830251812934875,May,2,2,1,2,New_Visitor,False,False
0.02126598358154297,1.6216659545898438,0.03458490967750549,1.2509422302246094,5.293910980224609,256.43450927734375,0.1990462690591812,0.1996060311794281,-0.11754846572875977,-5.165860056877136e-05,Mar,2,2,1,1,Returning_Visitor,False,False
1.4462532997131348,46.42649841308594,1.4086413383483887,109.3017807006836,24.940425872802734,801.9928588867188,0.010898527689278126,0.013101551681756973,2.0429577827453613,0.00023381784558296204,Nov,2,2,1,2,Returning_Visitor,False,False
1.6262273788452148,45.10901641845703,0.02232968807220459,1.7489776611328125,26.45728874206543,908.5502319335938,0.0010084081441164017,0.010051075369119644,3.117107629776001,0.18553024530410767,Mar,2,2,1,2,Returning_Visitor,False,False
0.06390047073364258,4.115692138671875,0.02872854471206665,2.387510299682617,10.200325012207031,402.00555419921875,0.001751784235239029,0.028505530208349228,0.14901399612426758,-0.00016747787594795227,Mar,2,2,1,2,Returning_Visitor,False,False
2.7375478744506836,97.63772583007812,0.02159544825553894,2.8357295989990234,22.25091552734375,1300.8104248046875,0.004535609856247902,0.011549282819032669,4.424147129058838,0.20729312300682068,Nov,2,2,1,4,New_Visitor,False,False
4.239252090454102,132.38658142089844,0.058658599853515625,4.717868804931641,32.05242919921875,1210.76708984375,0.005721841007471085,0.018027741461992264,5.062270641326904,0.11214487999677658,May,2,2,1,2,Returning_Visitor,False,False
1.8397080898284912,73.62727355957031,0.02541026473045349,2.441844940185547,14.027786254882812,487.80438232421875,0.0026234015822410583,0.017892954871058464,1.450164794921875,-0.0005952082574367523,May,1,1,1,1,Returning_Visitor,False,False
2.76259446144104,71.07345581054688,0.04245102405548096,2.007699966430664,13.0765380859375,484.13189697265625,0.008439134806394577,0.03939865529537201,1.2279272079467773,0.17339381575584412,May,1,1,1,3,Returning_Visitor,False,False
4.644491672515869,109.96671295166016,0.04292672872543335,58.37726593017578,25.715946197509766,832.707275390625,0.002675965428352356,0.01062735915184021,34.172245025634766,-0.00044182687997817993,Nov,1,1,1,2,Returning_Visitor,False,True
5.911660194396973,258.10345458984375,2.138948917388916,74.7856216430664,55.80915832519531,808.97021484375,0.007467399351298809,0.022051727399230003,5.314148902893066,-0.0007374361157417297,Nov,2,2,1,2,Returning_Visitor,False,False
6.5161519050598145,428.267822265625,0.12403106689453125,6.038259506225586,41.840702056884766,1300.7684326171875,0.0035676397383213043,0.019018080085515976,4.955964088439941,-0.000434286892414093,May,2,2,1,2,Returning_Visitor,False,False
5.285097122192383,199.2197265625,0.04911583662033081,7.192996978759766,19.015911102294922,454.20330810546875,0.002640102058649063,0.010959584265947342,0.8465008735656738,-0.0001837126910686493,May,2,2,1,2,Returning_Visitor,False,False
0.028500080108642578,3.5657730102539062,0.024213850498199463,0.8958244323730469,3.2592296600341797,280.29364013671875,0.011064669117331505,0.0529261939227581,0.2334909439086914,-0.0004108846187591553,Nov,2,1,1,1,Returning_Visitor,False,False
3.647484540939331,127.46771240234375,0.04583650827407837,3.1831817626953125,12.100519180297852,391.39892578125,0.003641512244939804,0.019370926544070244,1.352487564086914,-0.00033085793256759644,Mar,1,1,1,2,Returning_Visitor,False,False
0.16779804229736328,7.955474853515625,0.027824848890304565,2.599681854248047,32.69046401977539,2160.05615234375,0.0026361308991909027,0.01808248646557331,2.6340372562408447,-0.0005275346338748932,Nov,2,2,1,2,Returning_Visitor,False,False
1.0647064447402954,48.875755310058594,0.030796974897384644,4.9640350341796875,44.05818176269531,1282.6212158203125,0.0026372093707323074,0.014078071340918541,31.249774932861328,-0.0005112774670124054,Nov,1,1,1,2,Returning_Visitor,False,True
0.13117551803588867,7.3307952880859375,0.029314249753952026,2.1492271423339844,24.2525577545166,1238.2425537109375,0.0037817824631929398,0.020674491301178932,1.9655444622039795,0.2194923460483551,May,2,2,1,2,Returning_Visitor,False,False
0.10355496406555176,6.182380676269531,0.045499712228775024,2.344419479370117,24.89267921447754,743.4024658203125,0.008606953546404839,0.027596941217780113,1.6597161293029785,0.2550066113471985,Mar,2,1,1,3,Returning_Visitor,False,False
0.03376197814941406,2.0731887817382812,0.03730008006095886,1.0356864929199219,6.705842971801758,316.89678955078125,0.1154407411813736,0.14988934993743896,0.09728384017944336,0.0006278157234191895,May,1,1,1,3,Returning_Visitor,False,False
2.4452927112579346,78.47679901123047,0.06513041257858276,63.53569412231445,58.55116653442383,3882.3271484375,0.014750873669981956,0.03506387397646904,3.0399372577667236,0.00036214664578437805,Nov,2,2,1,1,Returning_Visitor,False,False
0.027834415435791016,9.059638977050781,0.018390566110610962,1.2397804260253906,13.815935134887695,301.82159423828125,-0.0006849002093076706,0.026097556576132774,-0.1646590232849121,-0.00021596252918243408,May,2,2,1,2,Returning_Visitor,False,False
5.875165939331055,216.38870239257812,0.047020912170410156,3.785581588745117,26.451292037963867,1222.456787109375,0.0010089986026287079,0.00563470646739006,35.495201110839844,-0.00031476467847824097,Nov,2,2,1,2,Returning_Visitor,False,True
0.0298917293548584,1.67181396484375,0.03599587082862854,1.2237014770507812,6.600299835205078,266.03997802734375,0.005484437569975853,0.16197048127651215,0.0050811767578125,0.00015242397785186768,Mar,2,2,1,1,Returning_Visitor,False,False
3.8767852783203125,39.16287612915039,1.3802673816680908,56.940673828125,21.39518928527832,1313.2376708984375,0.006792774423956871,0.012756416574120522,2.7098195552825928,0.11718234419822693,May,2,2,1,2,Returning_Visitor,False,True
0.09728312492370605,9.256767272949219,0.04737439751625061,3.5232582092285156,47.51509094238281,1493.6806640625,0.02160133793950081,0.03732743114233017,1.7584729194641113,0.3878074884414673,May,2,2,1,13,Returning_Visitor,False,False
-0.05198502540588379,6.460968017578125,0.042136430740356445,1.6042289733886719,9.036600112915039,373.683837890625,0.01916130632162094,0.045928314328193665,22.704425811767578,0.2134227305650711,Nov,2,2,1,3,Returning_Visitor,False,True
3.6426239013671875,79.99137878417969,0.04013031721115112,3.7757720947265625,22.284992218017578,807.8438720703125,0.002558821812272072,0.010469574481248856,37.427284240722656,0.006855137646198273,May,1,1,1,4,Returning_Visitor,False,True
0.042935848236083984,2.7589035034179688,0.02644464373588562,0.7051734924316406,5.293540954589844,471.4718017578125,0.020924435928463936,0.028585372492671013,-0.14085149765014648,0.24462628364562988,May,2,2,1,3,Returning_Visitor,False,False
9.06210994720459,99.7205581665039,1.5926904678344727,187.162841796875,64.65734100341797,2434.81640625,0.005399016663432121,0.026145633310079575,5.553351402282715,0.16311365365982056,May,2,2,1,2,Returning_Visitor,False,False
3.7379746437072754,174.60586547851562,3.929436683654785,386.27044677734375,177.14138793945312,9047.7177734375,0.006973206996917725,0.027676604688167572,2.229292392730713,0.00044523924589157104,Nov,2,2,1,2,Returning_Visitor,False,False
3.0018444061279297,94.21441650390625,0.04145294427871704,67.06869506835938,99.7222671508789,1428.1114501953125,0.002519669011235237,0.014823172241449356,5.213865756988525,-0.00017878785729408264,Nov,2,2,1,2,Returning_Visitor,False,False
0.1355912685394287,10.295326232910156,0.022531330585479736,1.3891410827636719,24.726661682128906,1144.37890625,0.0009389147162437439,0.013603119179606438,2.5275940895080566,2.4884939193725586e-06,Nov,2,2,1,2,New_Visitor,False,False
7.196850776672363,289.0362243652344,2.731438159942627,232.62001037597656,42.50372314453125,1385.359375,0.0028936639428138733,0.011530846357345581,32.415496826171875,-0.00026854127645492554,Mar,3,1,1,2,Returning_Visitor,True,False
1.6548222303390503,34.01267623901367,0.04127556085586548,2.3421878814697266,15.51945686340332,707.0875244140625,0.0173357967287302,0.03844756260514259,1.1163430213928223,0.3204653859138489,May,1,1,1,3,Returning_Visitor,False,False
0.056317806243896484,7.2999725341796875,0.02945047616958618,2.4480228424072266,22.482131958007812,487.701904296875,0.002384776249527931,0.023953430354595184,1.2776918411254883,-0.00048498809337615967,Nov,2,1,1,2,Returning_Visitor,False,False
0.05317282676696777,5.610969543457031,0.02541545033454895,2.170827865600586,21.02325439453125,339.952392578125,0.0023367367684841156,0.028348956257104874,1.4515180587768555,0.1799861192703247,Nov,1,1,1,3,Returning_Visitor,False,False
8.382753372192383,362.5429992675781,0.12215793132781982,26.287643432617188,109.34722900390625,2760.49853515625,0.0020412858575582504,0.011732060462236404,5.440497398376465,-0.0008345916867256165,May,2,2,1,2,Returning_Visitor,False,False
0.19649243354797363,29.346817016601562,0.035817861557006836,-0.4850807189941406,5.452859878540039,241.99468994140625,0.1971156895160675,0.19473077356815338,-0.0329127311706543,0.21206744015216827,Nov,3,1,1,3,Returning_Visitor,False,False
0.12375402450561523,1.7196807861328125,0.8055797815322876,54.492584228515625,23.579927444458008,556.8600463867188,0.009411743842065334,0.03526829555630684,1.1004300117492676,0.2837468385696411,May,3,2,1,4,Returning_Visitor,True,False
0.03100109100341797,2.5643386840820312,0.03803068399429321,1.1632156372070312,17.54239273071289,750.060302734375,0.02114638313651085,0.06822788715362549,1.1740846633911133,0.3562890291213989,May,2,2,1,3,Returning_Visitor,False,False
0.04076099395751953,2.892547607421875,0.024666130542755127,0.5284423828125,4.0359039306640625,285.71160888671875,-0.0013769064098596573,0.09058931469917297,-0.31218719482421875,0.19358526170253754,May,2,2,1,3,Returning_Visitor,False,False
6.0950608253479,155.99945068359375,0.051402002573013306,7.959419250488281,49.222694396972656,965.8118896484375,0.0018072780221700668,0.015536611899733543,5.637211799621582,-0.0005289129912853241,Nov,2,2,1,2,Returning_Visitor,False,False
0.041375160217285156,6.721046447753906,0.02715626358985901,0.441131591796875,13.6767578125,391.41851806640625,0.008483700454235077,0.019453303888440132,0.6391243934631348,0.0008587390184402466,Dec,2,2,1,2,Returning_Visitor,False,False
0.11660957336425781,4.555183410644531,0.028917700052261353,2.155771255493164,12.512649536132812,765.0241088867188,0.009345894679427147,0.019131237640976906,0.6441459655761719,0.00026096776127815247,Mar,2,2,1,2,Returning_Visitor,False,False
6.0048065185546875,156.22036743164062,0.08001318573951721,5.761003494262695,30.357940673828125,759.52880859375,0.004559038206934929,0.02675490826368332,3.7815961837768555,0.09629936516284943,May,1,1,1,3,Returning_Visitor,False,False
0.04102730751037598,2.057891845703125,0.0381375253200531,1.1133842468261719,10.261926651000977,559.3790893554688,0.022148804739117622,0.055369459092617035,0.4084763526916504,0.35189110040664673,May,2,2,1,3,Returning_Visitor,False,False
0.044268131256103516,2.3179931640625,0.03801971673965454,1.1009101867675781,7.135322570800781,695.9556274414062,0.035250648856163025,0.06603585183620453,0.3865499496459961,0.3925279378890991,Nov,1,1,1,3,Returning_Visitor,False,False
7.230320930480957,116.07479095458984,3.447676420211792,225.3733367919922,44.55833053588867,2006.27490234375,0.0032780542969703674,0.019322674721479416,8.04336166381836,-0.0007467456161975861,Nov,1,1,1,2,Returning_Visitor,False,False
0.026241064071655273,3.3365936279296875,0.026396870613098145,0.47721099853515625,10.468242645263672,335.80792236328125,0.02079376019537449,0.0307849682867527,0.18446874618530273,0.22479365766048431,May,2,1,1,3,Returning_Visitor,False,False
1.7142043113708496,43.53742218017578,0.025254487991333008,2.9250926971435547,35.43962097167969,603.9717407226562,0.00328223779797554,0.01704709231853485,2.120915412902832,0.1633848398923874,Mar,1,1,1,4,Returning_Visitor,False,False
3.8966219425201416,94.09398651123047,0.04931759834289551,56.691322326660156,20.868661880493164,1316.4571533203125,0.004851598292589188,0.026433054357767105,3.482041835784912,0.00027684494853019714,Nov,2,2,1,1,Returning_Visitor,False,False
4.312145233154297,143.83424377441406,1.775439977645874,62.95624923706055,38.2684211730957,1348.75146484375,0.002979626879096031,0.017038557678461075,21.256816864013672,0.06554443389177322,May,1,1,1,2,Returning_Visitor,False,False
0.23462867736816406,9.449493408203125,0.02599114179611206,3.2744789123535156,22.632522583007812,1195.32861328125,0.001254284754395485,0.01745971292257309,37.06672286987305,-7.997453212738037e-05,Nov,2,2,1,2,New_Visitor,False,True
3.539604663848877,198.01913452148438,0.045383602380752563,3.248403549194336,17.343978881835938,624.1939086914062,0.0011306852102279663,0.020450877025723457,2.2957663536071777,0.0005742944777011871,Mar,2,2,1,2,Returning_Visitor,False,False
1.9746387004852295,118.14019775390625,0.050106048583984375,5.693935394287109,46.75234603881836,1320.56884765625,0.008203434757888317,0.021060071885585785,3.893963098526001,0.00024111196398735046,May,2,2,1,2,Returning_Visitor,False,False
0.06634974479675293,4.7705230712890625,0.02364659309387207,2.7267608642578125,15.639031410217285,385.9954833984375,0.0005345568060874939,0.029389183968305588,0.8415713310241699,-0.00020179152488708496,Mar,2,2,1,2,Returning_Visitor,False,False
8.90117073059082,140.0299072265625,4.0782270431518555,181.0189971923828,39.71265411376953,1562.6861572265625,0.0038827043026685715,0.016702761873602867,8.664461135864258,0.1419106423854828,May,2,2,1,2,Returning_Visitor,False,False
0.044886112213134766,3.1923065185546875,0.026004254817962646,1.2046546936035156,4.032989501953125,280.6278076171875,0.006592887453734875,0.062232013791799545,-0.2684793472290039,0.0004849433898925781,Mar,2,2,1,1,Returning_Visitor,False,False
0.021899700164794922,1.2279815673828125,0.03440368175506592,1.0346183776855469,6.143369674682617,259.3922119140625,0.19409170746803284,0.201411634683609,-0.03562450408935547,0.19836516678333282,May,2,2,1,3,Returning_Visitor,False,False
1.968139886856079,158.77883911132812,3.030102252960205,111.84623718261719,25.927921295166016,1506.6326904296875,0.01440991647541523,0.020657438784837723,4.4201531410217285,0.0012848973274230957,Nov,2,2,1,2,Returning_Visitor,False,False
0.05125617980957031,3.4738540649414062,0.027860522270202637,1.1520233154296875,5.074560165405273,295.6048583984375,0.00692657008767128,0.03511124849319458,-0.13193893432617188,-0.0003896057605743408,May,2,2,1,1,Returning_Visitor,False,False
2.809579849243164,143.94512939453125,0.044118523597717285,3.353403091430664,29.208518981933594,497.99639892578125,0.022020654752850533,0.0321456640958786,2.6820387840270996,-0.0011277981102466583,May,2,2,1,1,Returning_Visitor,False,False
0.027599811553955078,1.6333465576171875,0.03412008285522461,1.1233367919921875,6.308881759643555,277.40667724609375,0.03321455046534538,0.09770651161670685,-0.03283882141113281,0.3020191192626953,May,2,2,1,3,Returning_Visitor,False,False
0.05960226058959961,3.3852691650390625,0.02902907133102417,1.3501930236816406,5.204341888427734,284.14532470703125,0.004617312923073769,0.04410126060247421,-0.37257862091064453,0.0009579174220561981,Mar,2,2,1,2,Returning_Visitor,False,False
0.023602962493896484,1.2806320190429688,0.032804906368255615,0.9833908081054688,6.045171737670898,263.021728515625,0.19398897886276245,0.20023022592067719,0.07820987701416016,0.19261638820171356,May,2,2,1,3,Returning_Visitor,False,False
1.2128912210464478,36.24110412597656,0.027736902236938477,56.6190185546875,18.53871726989746,818.838134765625,0.001054331660270691,0.015722323209047318,37.016422271728516,-0.0002909265458583832,Nov,2,2,1,2,Returning_Visitor,False,True
3.144322395324707,191.734130859375,3.2787246704101562,319.16363525390625,17.528289794921875,801.393798828125,0.009019022807478905,0.01949797011911869,2.0392541885375977,0.0008746609091758728,Dec,2,2,1,2,Returning_Visitor,False,False
3.365412473678589,84.0875473022461,0.04687631130218506,5.502349853515625,37.48210144042969,1285.6094970703125,0.0036906693130731583,0.0207197442650795,4.175970077514648,-0.00028970465064048767,Mar,2,2,1,2,Returning_Visitor,False,False
5.5001702308654785,146.01470947265625,3.6105644702911377,228.60145568847656,64.25852966308594,4813.64794921875,0.007532883435487747,0.026699896901845932,7.258338928222656,3.0100345611572266e-06,Nov,2,2,1,2,Returning_Visitor,False,False
2.892498016357422,98.34172058105469,0.04156976938247681,1.7876777648925781,8.179319381713867,639.63818359375,0.025586413219571114,0.054020218551158905,1.321493148803711,0.0012687481939792633,May,1,1,1,1,Returning_Visitor,False,False
7.665877342224121,182.20065307617188,2.240424156188965,130.37548828125,38.254737854003906,1550.166015625,0.0032872986048460007,0.012184424325823784,6.110679626464844,-0.00042869895696640015,Mar,1,1,1,2,Returning_Visitor,False,False
1.6457874774932861,32.661468505859375,0.025028109550476074,2.6783180236816406,14.143999099731445,632.0528564453125,0.0018291287124156952,0.01613311655819416,0.8322315216064453,-0.00039270520210266113,Dec,2,1,1,2,New_Visitor,False,False
0.013446569442749023,6.160408020019531,0.02308526635169983,2.4090614318847656,16.141817092895508,444.5699462890625,0.0020383838564157486,0.022787872701883316,0.5452866554260254,0.20980702340602875,May,1,1,1,2,Returning_Visitor,False,False
3.3119430541992188,49.239707946777344,0.027532488107681274,3.5481090545654297,32.20111083984375,813.56640625,0.0005939938127994537,0.006534799933433533,39.25590896606445,-0.0002569630742073059,Nov,2,2,1,2,New_Visitor,False,True
3.8388631343841553,33.58821487426758,0.03767392039299011,2.9268436431884766,14.104440689086914,405.31903076171875,0.002274641767144203,0.020071182399988174,1.4797544479370117,-0.0005161091685295105,May,1,1,1,2,Returning_Visitor,False,False
1.1258134841918945,70.13462829589844,0.026813507080078125,1.0453453063964844,7.873966217041016,286.0185546875,-0.002047201618552208,0.05085233598947525,1.0879459381103516,0.16413232684135437,May,2,2,1,2,Returning_Visitor,False,False
6.954787254333496,476.0645446777344,1.574836015701294,130.39544677734375,73.6341552734375,1898.7796630859375,0.0019988063722848892,0.013318320736289024,7.047176361083984,-0.0008112527430057526,Nov,2,2,1,2,Returning_Visitor,False,False
2.9706735610961914,161.79534912109375,3.028987169265747,211.96490478515625,22.539012908935547,551.2409057617188,0.003816196694970131,0.017886999994516373,3.778496503829956,0.00010007619857788086,Mar,2,2,1,2,New_Visitor,False,False
3.368513584136963,35.006492614746094,0.0230562686920166,3.102510452270508,25.118946075439453,1241.9393310546875,0.00267840176820755,0.011637508869171143,45.85337829589844,-0.0001792125403881073,Nov,2,1,1,2,New_Visitor,False,False
8.612552642822266,134.74020385742188,0.09802055358886719,18.883331298828125,102.90638732910156,3874.8154296875,0.006164291873574257,0.023210525512695312,3.638485908508301,0.23371465504169464,May,2,2,1,4,Returning_Visitor,False,False
0.9028879404067993,46.13087844848633,0.029638200998306274,3.202566146850586,40.73660659790039,786.8516845703125,0.0024816766381263733,0.017265453934669495,2.9014892578125,-0.00013964250683784485,Nov,2,2,1,2,Returning_Visitor,False,False
4.70412540435791,95.96882629394531,0.04541286826133728,2.064830780029297,8.684635162353516,287.84716796875,0.001338450238108635,0.03474491089582443,0.5172734260559082,0.00016687437891960144,May,3,2,1,2,Returning_Visitor,False,False
2.182215690612793,125.88447570800781,0.024706989526748657,3.2125167846679688,19.857494354248047,738.263671875,0.0015734080225229263,0.017136571928858757,2.935272216796875,-0.0003113299608230591,Mar,2,2,1,2,Returning_Visitor,False,False
0.0683431625366211,4.944252014160156,0.02232566475868225,2.478748321533203,16.64714813232422,405.19110107421875,0.0007177442312240601,0.02557266689836979,2.1875624656677246,-0.00018805637955665588,Mar,2,2,1,2,Returning_Visitor,False,False
0.019028186798095703,6.1422576904296875,0.017473042011260986,2.211252212524414,14.29379653930664,357.57666015625,0.0008424948900938034,0.034599918872117996,0.10409259796142578,4.8276036977767944e-05,Mar,2,1,1,2,Returning_Visitor,False,False
-0.0006084442138671875,13.628150939941406,0.024830609560012817,2.3954200744628906,22.412673950195312,703.291259765625,0.0017779450863599777,0.010862335562705994,39.434226989746094,-0.00045836716890335083,Nov,1,1,1,2,Returning_Visitor,False,True
2.9930288791656494,113.44010162353516,1.9898114204406738,152.7527618408203,11.041894912719727,451.11505126953125,0.0036368705332279205,0.02359061688184738,1.6015472412109375,0.11073003709316254,May,1,1,1,2,Returning_Visitor,False,False
0.023895263671875,1.6216659545898438,0.035271286964416504,1.0073966979980469,5.330255508422852,252.92486572265625,0.19931960105895996,0.1988946497440338,-0.0592036247253418,-6.391853094100952e-05,Nov,3,2,1,1,Returning_Visitor,False,False
4.926243782043457,76.12565612792969,0.06317564845085144,2.3017807006835938,22.726890563964844,343.7109375,0.01494445651769638,0.04292718321084976,2.3790998458862305,0.00034758076071739197,May,3,2,1,1,Returning_Visitor,False,False
4.750104904174805,179.00209045410156,3.5373940467834473,164.0528106689453,34.840091705322266,1626.779052734375,0.010653056204319,0.03882555291056633,5.340468883514404,4.3272972106933594e-05,Nov,2,2,1,2,Returning_Visitor,False,False
1.648223876953125,37.668670654296875,1.8595738410949707,56.70637512207031,23.095966339111328,650.9160766601562,0.0027155987918376923,0.014540530741214752,1.338498592376709,-0.00022160634398460388,Nov,1,1,1,2,New_Visitor,False,False
0.060724496841430664,3.6673049926757812,0.02753719687461853,1.2902412414550781,5.395359039306641,290.98370361328125,0.009985840879380703,0.03467731922864914,-0.32782745361328125,0.0005942061543464661,Mar,2,2,1,1,Returning_Visitor,False,False
2.2433230876922607,81.51081848144531,0.04591831564903259,2.7619171142578125,36.81718444824219,2105.77783203125,0.013086616061627865,0.02530909702181816,3.140613079071045,0.0006969906389713287,Nov,2,2,1,2,Returning_Visitor,False,False
0.26084423065185547,12.654716491699219,0.05765753984451294,6.697977066040039,54.692771911621094,2325.630615234375,0.00800933875143528,0.022694773972034454,14.211465835571289,-9.987503290176392e-06,Nov,2,2,1,2,Returning_Visitor,False,True
4.733825206756592,165.38323974609375,0.09101554751396179,4.5071258544921875,13.52424430847168,361.43017578125,0.010563175193965435,0.06228804215788841,1.5161724090576172,1.8950551748275757e-05,Nov,3,2,1,2,Returning_Visitor,False,False
0.020749568939208984,1.6104660034179688,0.03509920835494995,1.2589874267578125,5.331615447998047,252.92486572265625,0.19913311302661896,0.19875700771808624,-0.07123517990112305,-0.0005391836166381836,Nov,3,2,1,1,Returning_Visitor,False,False
0.02544713020324707,1.6185073852539062,0.035946041345596313,1.0176811218261719,9.866147994995117,475.7774658203125,0.047774434089660645,0.0750022828578949,0.269805908203125,0.3898637294769287,May,3,2,1,13,Returning_Visitor,False,False
0.19011712074279785,10.176475524902344,0.045994311571121216,3.30169677734375,26.320892333984375,754.683837890625,0.008434802293777466,0.03157207742333412,1.8185505867004395,0.0004267394542694092,Nov,1,1,1,1,Returning_Visitor,False,False
2.5949108600616455,119.06051635742188,1.430010199546814,123.09591674804688,59.29663848876953,2184.45166015625,0.0038126353174448013,0.014446377754211426,5.338291168212891,-0.00032332539558410645,Nov,2,2,1,2,Returning_Visitor,False,False
3.8181984424591064,181.54681396484375,1.434159755706787,68.58329772949219,91.2889404296875,4300.96875,0.0038648732006549835,0.019992394372820854,5.537004470825195,-0.00026953965425491333,Nov,2,2,1,1,Returning_Visitor,False,False
1.3420741558074951,72.46052551269531,0.024623066186904907,2.5697994232177734,26.207626342773438,1613.2421875,0.0017148405313491821,0.014470599591732025,4.457259178161621,-0.000434335321187973,Nov,2,2,1,2,Returning_Visitor,False,False
0.052397966384887695,4.433067321777344,0.028705209493637085,2.007038116455078,20.43207550048828,484.68438720703125,0.002031950280070305,0.026844868436455727,1.090296745300293,0.17407992482185364,May,2,2,1,4,Returning_Visitor,False,False
0.2014758586883545,10.514762878417969,1.3971881866455078,114.83057403564453,26.57364845275879,1071.445556640625,0.004514507949352264,0.02959282323718071,3.1892518997192383,-0.00024958327412605286,Nov,1,1,1,2,Returning_Visitor,False,False
-0.047863006591796875,9.757392883300781,0.0369124710559845,1.8038291931152344,27.329097747802734,319.34039306640625,0.045913465321063995,0.09728869795799255,1.151878833770752,4.1462481021881104e-05,Nov,3,2,1,1,Returning_Visitor,False,False
4.9175920486450195,77.52973937988281,0.06304693222045898,5.883430480957031,28.1973876953125,764.0386352539062,0.0037362705916166306,0.017450787127017975,28.749710083007812,-0.00021009892225265503,Nov,1,1,1,2,Returning_Visitor,False,False
3.7783656120300293,216.87789916992188,3.4186179637908936,202.4815216064453,128.05516052246094,8319.953125,0.004397917538881302,0.012778768315911293,8.940896034240723,-0.0003283396363258362,Nov,2,1,1,2,Returning_Visitor,False,True
8.154621124267578,194.35435485839844,0.08233031630516052,11.44011116027832,57.58768844604492,2061.81005859375,0.0016689784824848175,0.026304516941308975,20.30731964111328,-0.0005614981055259705,Nov,2,2,1,1,Returning_Visitor,False,False
0.07902359962463379,2.95916748046875,0.02963295578956604,0.9120407104492188,5.834737777709961,279.242431640625,0.007107904180884361,0.03655484691262245,-0.37661027908325195,0.20155777037143707,May,1,1,1,3,Returning_Visitor,False,False
5.1336236000061035,39.057518005371094,0.03924214839935303,2.991596221923828,32.93391418457031,2065.02294921875,0.004899203777313232,0.011507842689752579,5.948713779449463,-0.0007398761808872223,May,2,2,1,2,Returning_Visitor,False,False
0.0618891716003418,2.16192626953125,0.03963080048561096,1.0916061401367188,9.034784317016602,302.77374267578125,0.03171202167868614,0.04398636892437935,0.33910274505615234,0.2774059772491455,May,2,2,1,3,Returning_Visitor,False,False
0.021382808685302734,1.6744613647460938,0.036496758460998535,1.5141029357910156,8.852397918701172,258.130615234375,0.10854966193437576,0.13349342346191406,0.36598920822143555,-0.00047202035784721375,Nov,3,2,1,1,Returning_Visitor,False,False
3.155649423599243,101.6835708618164,0.023185521364212036,2.6605224609375,14.955717086791992,365.448486328125,0.0038053058087825775,0.018709499388933182,0.4538707733154297,9.414926171302795e-05,Mar,2,2,1,2,New_Visitor,False,False
1.0275146961212158,70.71463775634766,0.03807210922241211,1.3819503784179688,6.732385635375977,335.98095703125,0.027982426807284355,0.07302460819482803,0.6567516326904297,0.0010455325245857239,Nov,3,2,1,13,Returning_Visitor,False,False
0.07092094421386719,6.1655120849609375,0.02814146876335144,0.3340263366699219,5.517248153686523,371.978515625,0.006563324481248856,0.021456502377986908,0.006699562072753906,9.127706289291382e-05,Dec,1,1,1,2,Returning_Visitor,False,False
6.289182662963867,175.86227416992188,0.05947005748748779,7.89111328125,67.64002227783203,1892.407470703125,0.0018752776086330414,0.01638994738459587,7.468447685241699,0.09526548534631729,Nov,2,2,1,2,Returning_Visitor,False,False
3.3465240001678467,97.13095092773438,0.048491090536117554,1.9588546752929688,10.023578643798828,297.87054443359375,0.009345922619104385,0.06890536844730377,0.8081345558166504,0.0010864920914173126,Nov,1,1,1,2,Returning_Visitor,False,False
6.683398246765137,246.98974609375,0.09126120805740356,8.109720230102539,109.88758087158203,5210.2626953125,0.0019753556698560715,0.015447214245796204,7.415977954864502,-0.000545162707567215,Nov,2,2,1,2,Returning_Visitor,False,False
0.03978776931762695,2.0139312744140625,0.0399208664894104,1.0058517456054688,7.231836318969727,382.53497314453125,0.01520172506570816,0.054570265114307404,-0.04098987579345703,0.2855871319770813,May,1,1,1,3,Returning_Visitor,False,False
0.08554911613464355,5.161918640136719,0.02881711721420288,1.6707267761230469,17.08318328857422,739.6346435546875,0.006205786019563675,0.02287880890071392,0.7792520523071289,0.22135502099990845,May,2,2,1,3,Returning_Visitor,False,False
0.05362296104431152,3.6333999633789062,0.0291995108127594,1.15594482421875,8.654888153076172,331.876708984375,0.004402391612529755,0.03149987757205963,0.052776336669921875,-0.0004622340202331543,Mar,1,1,1,2,Returning_Visitor,False,False
0.07035326957702637,2.84124755859375,0.035893768072128296,3.149181365966797,16.907615661621094,399.4095458984375,0.000767238438129425,0.05512441322207451,0.9908747673034668,0.21213605999946594,May,3,2,1,2,Returning_Visitor,False,False
5.276965141296387,130.45687866210938,0.038608431816101074,6.170017242431641,11.586231231689453,347.15228271484375,0.0006244704127311707,0.015517115592956543,1.35459566116333,-0.0003292188048362732,May,1,1,1,2,New_Visitor,False,False
1.400984764099121,96.73065185546875,2.9996111392974854,59.76441955566406,34.51662826538086,1373.8758544921875,0.007779307663440704,0.030301103368401527,3.372039794921875,0.0006490610539913177,Mar,2,2,1,1,Returning_Visitor,False,False
1.8634014129638672,39.62046432495117,0.059294432401657104,6.54411506652832,63.705047607421875,2731.4912109375,0.0037845540791749954,0.020508689805865288,3.2112271785736084,-0.00010632351040840149,May,2,2,1,2,Returning_Visitor,False,False
0.06002354621887207,4.414306640625,0.028960615396499634,2.2810611724853516,11.06096076965332,403.861083984375,0.006252644583582878,0.02354610338807106,0.2024822235107422,-5.1762908697128296e-05,Nov,2,2,1,2,Returning_Visitor,False,False
2.290560245513916,79.80774688720703,1.7531144618988037,110.61441040039062,22.876262664794922,872.0582275390625,0.009494543075561523,0.014896756038069725,2.4424309730529785,0.25096023082733154,May,2,2,1,2,Returning_Visitor,False,False
1.326558232307434,35.94374084472656,0.022522270679473877,2.5171966552734375,23.10019302368164,1075.555908203125,0.004599930718541145,0.013227125629782677,2.3155672550201416,4.268065094947815e-05,Nov,2,2,1,2,Returning_Visitor,False,False
0.14464974403381348,5.100921630859375,0.03707405924797058,2.1882972717285156,10.67507553100586,406.910888671875,0.04175247624516487,0.07653531432151794,0.41345739364624023,0.3160279393196106,Mar,2,2,1,3,Returning_Visitor,False,False
5.7113542556762695,208.63397216796875,0.06357619166374207,5.172536849975586,14.578073501586914,704.52001953125,0.0042119938880205154,0.017340149730443954,1.6606383323669434,-9.535253047943115e-05,Dec,2,2,1,2,Returning_Visitor,False,False
4.05554723739624,136.69754028320312,2.916537046432495,161.36141967773438,38.236358642578125,1527.132568359375,0.004951583221554756,0.011570479720830917,6.569310665130615,0.13133959472179413,Nov,2,2,1,2,Returning_Visitor,False,False
10.192178726196289,386.04315185546875,2.616417407989502,289.01715087890625,135.01390075683594,4981.5517578125,0.0029701832681894302,0.019192755222320557,6.765848159790039,-0.00024412944912910461,Nov,2,2,1,2,Returning_Visitor,False,False
5.803426742553711,51.16368865966797,2.0731706619262695,67.970703125,46.859375,1221.7021484375,0.003251120448112488,0.019916236400604248,23.600482940673828,-0.00019837543368339539,Nov,2,2,1,2,Returning_Visitor,False,False
2.5823731422424316,82.18759155273438,0.0581974983215332,7.112129211425781,65.62741088867188,3405.46435546875,0.007698950357735157,0.02031862363219261,17.51323890686035,0.24862520396709442,Nov,2,2,1,2,Returning_Visitor,False,False
1.7715660333633423,93.53211975097656,2.1176509857177734,74.058349609375,78.61256408691406,2089.749755859375,0.024495158344507217,0.0568307563662529,2.5747792720794678,0.0004106089472770691,Nov,2,2,1,1,Returning_Visitor,False,False
7.06240701675415,168.97726440429688,-0.02605646848678589,14.138164520263672,28.902122497558594,1734.7298583984375,0.0017857048660516739,0.014001922681927681,4.896988868713379,-0.0002011805772781372,Mar,2,2,1,2,New_Visitor,False,False
-0.035552263259887695,10.063529968261719,0.0407639741897583,1.5859298706054688,27.879924774169922,390.1533203125,0.015391699969768524,0.057093821465969086,1.7405519485473633,0.2505841851234436,May,1,1,1,3,Returning_Visitor,False,False
3.1768007278442383,87.08248138427734,1.767183542251587,153.28268432617188,20.749040603637695,958.2227172851562,0.031269632279872894,0.04246971011161804,3.9698636531829834,-0.0005161166191101074,Nov,2,2,1,1,Returning_Visitor,False,False
2.4158389568328857,168.5711669921875,0.05183255672454834,7.239978790283203,94.7961654663086,3062.83447265625,0.002466075122356415,0.015284281224012375,5.881643772125244,-5.5633485317230225e-05,Nov,2,2,1,2,Returning_Visitor,False,False
0.05574679374694824,4.670783996582031,0.028751462697982788,1.8331565856933594,10.871191024780273,483.71185302734375,0.00851315539330244,0.022953439503908157,0.21346426010131836,0.00018685311079025269,Mar,3,2,1,1,Returning_Visitor,False,False
0.01668524742126465,10.863166809082031,0.028974175453186035,2.0132980346679688,29.598691940307617,697.1846923828125,0.00391167588531971,0.023168016225099564,1.3473405838012695,0.2054525911808014,May,2,2,1,3,Returning_Visitor,False,False
0.23254966735839844,40.57528305053711,1.8924407958984375,146.24029541015625,9.118900299072266,776.6339111328125,0.02179785631597042,0.02192069962620735,0.9260406494140625,-0.0006024762988090515,Nov,2,2,1,1,Returning_Visitor,False,False
3.8174595832824707,102.17138671875,0.0380818247795105,2.091764450073242,14.641250610351562,516.4133911132812,0.0024369601160287857,0.009642358869314194,1.6611332893371582,0.08411207795143127,Mar,2,2,1,2,New_Visitor,False,False
0.05083465576171875,4.8825836181640625,0.03960958123207092,1.0857124328613281,21.48647689819336,854.6411743164062,0.02511098049581051,0.04920107498764992,1.5756983757019043,0.3578765392303467,May,2,2,1,3,Returning_Visitor,False,False
0.06558799743652344,2.52197265625,0.039995789527893066,1.2170982360839844,17.430007934570312,645.0347900390625,0.02539420872926712,0.03704134747385979,0.833564281463623,0.34098613262176514,May,2,2,1,3,Returning_Visitor,False,False
0.07244563102722168,3.4108810424804688,0.027368217706680298,1.9331283569335938,10.173263549804688,305.520751953125,0.0003703739494085312,0.04012118652462959,0.30440711975097656,0.14392970502376556,May,2,2,1,4,Returning_Visitor,False,False
2.967252254486084,36.481201171875,0.022460728883743286,2.938812255859375,25.01154327392578,815.23779296875,0.0021194759756326675,0.015540773048996925,4.120757102966309,-0.0001525580883026123,Nov,2,2,1,2,Returning_Visitor,False,False
0.07034564018249512,5.162101745605469,0.023902475833892822,2.3263187408447266,14.108009338378906,348.80987548828125,0.0031868834048509598,0.029823899269104004,0.5650200843811035,-0.0005148984491825104,Mar,2,2,1,2,Returning_Visitor,False,False
0.03369760513305664,1.6603012084960938,0.03583019971847534,1.2851715087890625,6.275550842285156,254.13702392578125,0.13146492838859558,0.1224941685795784,0.20288944244384766,0.2597126364707947,May,3,2,1,3,Returning_Visitor,False,False
0.10618782043457031,14.774551391601562,0.025312811136245728,5.4391021728515625,47.55767059326172,1595.845703125,0.004426177591085434,0.014232777059078217,42.36262893676758,-0.00019494816660881042,Nov,2,2,1,2,Returning_Visitor,False,True
0.1606299877166748,8.612907409667969,0.03211227059364319,2.5175342559814453,12.734260559082031,663.2841186523438,0.016472287476062775,0.01744125410914421,25.224365234375,0.00028415024280548096,Nov,2,2,1,1,Returning_Visitor,False,True
3.809623956680298,36.25578689575195,0.034316837787628174,2.1539058685302734,18.223398208618164,581.6148071289062,0.00046646036207675934,0.011525072157382965,0.03387308120727539,-0.0006577223539352417,May,2,2,1,2,Returning_Visitor,False,False
4.5064826011657715,136.87782287597656,0.06556755304336548,3.6606674194335938,35.254642486572266,1319.5498046875,0.006791894324123859,0.02075432427227497,4.343003273010254,0.1701795756816864,May,2,2,1,2,Returning_Visitor,False,False
3.5392889976501465,192.54405212402344,0.03270044922828674,2.6578731536865234,41.267066955566406,884.486572265625,0.0011102333664894104,0.008734017610549927,4.900155067443848,3.972649574279785e-05,May,2,2,1,2,Returning_Visitor,False,False
0.30101847648620605,43.365928649902344,0.03496035933494568,11.42794418334961,105.29478454589844,2766.705078125,0.002444002777338028,0.017338672652840614,2.1827120780944824,0.271336168050766,Nov,2,2,1,2,Returning_Visitor,False,False
0.12238717079162598,10.955230712890625,0.06066024303436279,6.001365661621094,70.25740814208984,2733.099365234375,0.008735190145671368,0.02678443305194378,2.2660279273986816,0.000561244785785675,Nov,2,2,1,2,Returning_Visitor,False,False
0.0381922721862793,3.2695236206054688,0.03452059626579285,0.760406494140625,5.195415496826172,248.2667236328125,0.1935558021068573,0.1985057294368744,-0.018289566040039062,-9.04574990272522e-05,May,3,2,1,2,Returning_Visitor,False,False
0.07120060920715332,7.08135986328125,0.028732895851135254,2.176870346069336,21.036209106445312,748.0556030273438,0.0030961167067289352,0.021372541785240173,1.4072346687316895,0.20756275951862335,May,2,2,1,2,Returning_Visitor,False,False
0.21022486686706543,4.79193115234375,1.695328950881958,65.49327087402344,70.66119384765625,3196.921630859375,0.0031394418329000473,0.021496370434761047,3.446951389312744,-0.00045972689986228943,Nov,2,2,1,2,Returning_Visitor,False,False
0.07819986343383789,4.0348358154296875,0.027989447116851807,2.2638187408447266,10.430513381958008,481.85382080078125,0.0016634948551654816,0.029285425320267677,0.3116292953491211,0.16698910295963287,Mar,2,2,1,2,Returning_Visitor,False,False
0.026355981826782227,1.6366500854492188,0.034818023443222046,1.0380096435546875,5.921150207519531,257.316650390625,0.19923339784145355,0.1997600793838501,-0.1534891128540039,-0.0004948824644088745,Mar,2,2,1,1,Returning_Visitor,False,False
-0.0059337615966796875,13.224220275878906,0.024015992879867554,2.9848804473876953,21.130077362060547,646.1002807617188,0.0004351455718278885,0.011029236018657684,42.27186584472656,-0.0003960318863391876,Nov,2,2,1,2,Returning_Visitor,False,True
0.06758284568786621,32.40812683105469,0.03886023163795471,1.3161849975585938,17.4158878326416,777.199462890625,0.03467625007033348,0.055310457944869995,1.5887627601623535,-0.0007056631147861481,Nov,2,2,1,1,Returning_Visitor,False,False
3.1371870040893555,78.35192108154297,0.045430660247802734,2.275388717651367,35.45780563354492,1676.179443359375,0.01037033461034298,0.022680087015032768,3.2251157760620117,0.22837646305561066,May,1,1,1,3,Returning_Visitor,False,False
0.012624263763427734,5.267791748046875,0.02166968584060669,2.069517135620117,14.519546508789062,488.2410888671875,0.0006235502660274506,0.02749396115541458,0.528261661529541,0.17103058099746704,Mar,2,2,1,2,Returning_Visitor,False,False
0.7141329050064087,21.877460479736328,3.296069383621216,123.37828826904297,85.71278381347656,4366.8251953125,0.006837570108473301,0.030765701085329056,2.8111214637756348,0.00031351298093795776,Nov,2,2,1,2,Returning_Visitor,False,False
0.1629624366760254,9.076736450195312,0.05248019099235535,6.561517715454102,66.77156829833984,2691.73046875,0.003272421658039093,0.019501304253935814,15.130523681640625,-0.00033192336559295654,Nov,2,2,1,2,Returning_Visitor,False,False
2.963059902191162,98.67112731933594,0.04384332895278931,2.123514175415039,16.96576690673828,748.2310791015625,0.01343793235719204,0.05364464223384857,2.116868495941162,0.00018612295389175415,Mar,1,1,1,1,Returning_Visitor,False,False
1.81857430934906,30.978248596191406,0.02832213044166565,1.352386474609375,8.689088821411133,815.529052734375,0.00727155152708292,0.016926603391766548,0.4490928649902344,0.0006844885647296906,May,2,2,1,1,Returning_Visitor,False,False
0.036985158920288086,3.2247390747070312,0.025564879179000854,0.5804443359375,5.088386535644531,282.38916015625,0.007577431388199329,0.0500907227396965,0.015179157257080078,0.20617322623729706,May,2,2,1,3,Returning_Visitor,False,False
0.13390755653381348,15.367599487304688,0.032850295305252075,3.766002655029297,31.039321899414062,796.2464599609375,0.0032017454504966736,0.019312789663672447,33.39516830444336,-0.00035911425948143005,Nov,2,2,1,2,Returning_Visitor,False,True
1.5904886722564697,36.3115119934082,0.025952428579330444,3.464406967163086,17.831623077392578,393.85052490234375,0.0002789068967103958,0.021294143050909042,39.66942596435547,-0.000546872615814209,May,2,2,1,2,Returning_Visitor,False,True
6.0443267822265625,114.9365234375,0.03992322087287903,4.485750198364258,35.859798431396484,1191.7900390625,0.0014379620552062988,0.012419039383530617,38.793392181396484,0.02752711996436119,May,2,2,1,2,Returning_Visitor,False,True
0.078216552734375,7.830406188964844,1.4332636594772339,106.74610137939453,6.639108657836914,369.83544921875,0.0710984393954277,0.1526690274477005,0.4428544044494629,0.000771544873714447,Nov,1,1,1,3,Returning_Visitor,False,False
0.10561704635620117,5.9419403076171875,0.03749328851699829,3.2875499725341797,19.703449249267578,472.89129638671875,0.002673584967851639,0.03345185145735741,1.6235461235046387,-0.00028831884264945984,Nov,3,2,1,2,Returning_Visitor,False,False
0.8600449562072754,28.948741912841797,0.03733065724372864,1.1473045349121094,7.473581314086914,483.27166748046875,0.04015033692121506,0.05836409330368042,0.4043002128601074,0.3834047317504883,May,2,2,1,3,Returning_Visitor,False,False
0.02433323860168457,1.3331985473632812,0.03485104441642761,1.2399215698242188,5.561182022094727,255.5537109375,0.19395963847637177,0.2013903707265854,-0.04524517059326172,-5.844607949256897e-05,Mar,2,2,1,1,Returning_Visitor,False,False
8.258749008178711,150.18263244628906,3.2273178100585938,241.87350463867188,38.605567932128906,1678.088134765625,0.0043862927705049515,0.01493898220360279,6.291408061981201,0.00033618882298469543,Nov,2,2,1,2,Returning_Visitor,False,False
0.02126598358154297,1.6216659545898438,0.03458490967750549,1.2509422302246094,5.293910980224609,256.43450927734375,0.1990462690591812,0.1996060311794281,-0.11754846572875977,-5.165860056877136e-05,Mar,2,2,1,1,Returning_Visitor,False,False
3.6168932914733887,138.1019287109375,0.03352630138397217,2.830961227416992,25.63649559020996,1241.09814453125,0.003589911386370659,0.015458576381206512,3.9262828826904297,0.11295421421527863,May,2,2,1,2,Returning_Visitor,False,False
0.091156005859375,3.7519989013671875,0.04273897409439087,2.106142044067383,21.61919593811035,617.9937744140625,0.0055992454290390015,0.03907982259988785,1.2154784202575684,0.0002712644636631012,Mar,2,2,1,1,Returning_Visitor,False,False
6.301905632019043,241.42559814453125,3.8089168071746826,126.27811431884766,19.810562133789062,982.6981201171875,0.004017392173409462,0.014781201258301735,2.3451485633850098,-0.0004864819347858429,Mar,3,2,1,2,Returning_Visitor,True,False
7.528421401977539,183.19393920898438,0.06894370913505554,9.558025360107422,45.16476821899414,2205.023681640625,0.004055103287100792,0.016516204923391342,5.797893524169922,0.1450171172618866,Nov,2,2,1,2,Returning_Visitor,False,False
0.03464317321777344,2.7923660278320312,0.026269972324371338,0.6297531127929688,4.613391876220703,277.92364501953125,0.009186445735394955,0.046911388635635376,-0.19829988479614258,0.21408216655254364,May,2,2,1,3,Returning_Visitor,False,False
0.03845858573913574,2.95904541015625,0.025142520666122437,1.0504684448242188,3.289905548095703,274.139404296875,0.004980599507689476,0.09833475947380066,-0.3659830093383789,0.00010586157441139221,Mar,2,2,1,1,Returning_Visitor,False,False
3.4704551696777344,34.01789474487305,0.041022032499313354,0.59698486328125,3.3641510009765625,264.5069580078125,0.010669710114598274,0.021547632291913033,-0.5417613983154297,0.1296471655368805,May,3,2,1,11,Returning_Visitor,False,False
6.740394592285156,362.0283508300781,1.6375410556793213,354.8873291015625,19.770721435546875,1001.6055297851562,0.01739073172211647,0.03849441930651665,3.704505681991577,0.0003758333623409271,May,1,1,1,1,Returning_Visitor,False,False
1.1412405967712402,39.085662841796875,0.03625527024269104,1.2299423217773438,25.46277618408203,277.40667724609375,0.03766646236181259,0.07916390895843506,1.3662991523742676,0.3033345341682434,May,3,2,1,3,Returning_Visitor,False,False
-0.07080936431884766,18.183391571044922,1.2455875873565674,76.45394897460938,58.827415466308594,459.312744140625,0.000528968870639801,0.019050071015954018,2.6654043197631836,0.17558497190475464,May,2,2,1,2,Returning_Visitor,False,False
1.6169586181640625,73.12554168701172,0.031289756298065186,0.6613960266113281,8.435298919677734,470.71234130859375,0.0037742312997579575,0.01392076164484024,28.41387176513672,0.0003438293933868408,May,2,2,1,2,Returning_Visitor,False,False
11.606491088867188,373.0535583496094,2.3443260192871094,330.65924072265625,102.45614624023438,6576.98828125,0.0025310683995485306,0.014163482934236526,6.887027740478516,-0.0002832934260368347,Nov,2,2,1,2,Returning_Visitor,False,False
0.10164523124694824,5.271881103515625,0.029340624809265137,2.1066970825195312,9.84115982055664,284.53924560546875,0.001261213794350624,0.04076142609119415,0.07913732528686523,-0.0005815103650093079,May,1,1,1,2,Returning_Visitor,False,False
0.1757068634033203,6.603813171386719,0.052151381969451904,2.3463287353515625,34.44157791137695,2270.828125,0.010181241668760777,0.025599714368581772,1.7446112632751465,0.00022825226187705994,Nov,1,1,1,2,Returning_Visitor,False,False
0.03883099555969238,2.8562774658203125,0.02530384063720703,1.12103271484375,3.300107955932617,271.8248291015625,0.004978399723768234,0.09825320541858673,-0.43094730377197266,0.001160837709903717,Mar,2,2,1,1,Returning_Visitor,False,False
0.0332331657409668,3.3482513427734375,0.025301188230514526,0.486541748046875,3.9475746154785156,280.77215576171875,0.008078050799667835,0.06550449877977371,-0.35489702224731445,0.2130896896123886,Mar,1,1,1,3,Returning_Visitor,False,False
2.864382266998291,99.87860107421875,0.04610472917556763,2.5887928009033203,23.476699829101562,971.935546875,0.011703435331583023,0.02712603472173214,3.2496273517608643,0.0004584118723869324,May,2,2,1,2,Returning_Visitor,False,False
8.553817749023438,340.92608642578125,3.8678250312805176,384.29443359375,74.28961181640625,1555.718017578125,0.007392823696136475,0.03494484722614288,7.039472579956055,0.00010921433568000793,Nov,1,1,1,2,Returning_Visitor,False,False
6.121485233306885,149.5347900390625,1.2181880474090576,115.06542205810547,30.438980102539062,1310.897705078125,0.003300802782177925,0.013712132349610329,5.2975239753723145,-0.0006883963942527771,May,1,1,1,2,Returning_Visitor,False,False
0.021732330322265625,1.2279815673828125,0.03440368175506592,1.0346183776855469,6.143369674682617,259.3922119140625,0.1959637850522995,0.2014193832874298,-0.025089263916015625,0.19930440187454224,Nov,3,2,1,3,Returning_Visitor,False,False
0.02445054054260254,7.9495849609375,0.02497747540473938,2.7461166381835938,25.306955337524414,552.3861694335938,0.0014492496848106384,0.023770647123456,1.8369450569152832,-0.00045369192957878113,Nov,2,2,1,2,Returning_Visitor,False,False
0.16993165016174316,5.206695556640625,0.029863625764846802,2.155118942260742,22.6336669921875,1432.9788818359375,0.003745153546333313,0.02005457691848278,1.6817355155944824,0.2365383505821228,May,2,2,1,2,Returning_Visitor,False,False
0.2656545639038086,19.39630126953125,3.0649893283843994,60.29829788208008,41.51314926147461,2912.060546875,0.011934008449316025,0.02920975163578987,2.450061082839966,0.0005906373262405396,Nov,2,2,1,1,Returning_Visitor,False,False
0.027157306671142578,1.7592086791992188,0.03614461421966553,1.0573997497558594,6.1165008544921875,264.8839111328125,0.19695362448692322,0.20051008462905884,-0.10375738143920898,-0.00048267096281051636,Mar,1,1,1,3,Returning_Visitor,False,False
9.331331253051758,199.3310546875,3.631328821182251,185.96511840820312,34.22895812988281,1795.574951171875,0.0036711711436510086,0.01414027065038681,6.251933574676514,0.054841164499521255,May,2,2,1,2,Returning_Visitor,False,False
0.059096336364746094,3.5943603515625,0.02977612614631653,1.4565353393554688,15.550725936889648,341.49566650390625,0.0038201380521059036,0.031908538192510605,0.532069206237793,-0.0002527572214603424,Mar,2,2,1,2,Returning_Visitor,False,False
5.245615482330322,126.69288635253906,0.0402258038520813,3.445058822631836,15.771917343139648,472.232421875,0.00041065365076065063,0.012142175808548927,2.125716209411621,0.06787176430225372,Dec,2,2,1,2,Returning_Visitor,False,False
0.1436755657196045,2.8051910400390625,0.04195064306259155,1.5340576171875,10.540325164794922,794.278076171875,0.02608201839029789,0.02777688577771187,0.970311164855957,0.0005241669714450836,Nov,1,1,1,1,Returning_Visitor,False,False
0.06504297256469727,39.628170013427734,2.7822508811950684,52.248497009277344,7.620737075805664,423.45849609375,0.03803681582212448,0.06120016425848007,0.6204109191894531,0.3141496181488037,May,2,2,1,3,Returning_Visitor,True,False
8.637069702148438,194.4897003173828,2.0880379676818848,239.2299346923828,61.71330261230469,2976.71484375,0.013075190596282482,0.02510540373623371,5.42265510559082,0.0002693571150302887,Nov,3,2,1,2,Returning_Visitor,False,False
0.024866580963134766,1.5106887817382812,0.03541421890258789,1.3320808410644531,5.95661735534668,255.74456787109375,0.19708727300167084,0.20034237205982208,-0.11830997467041016,0.0007410794496536255,Mar,1,1,1,1,Returning_Visitor,False,False
0.09063029289245605,12.887611389160156,0.054824501276016235,4.508747100830078,75.10316467285156,1312.9969482421875,0.007731608115136623,0.025061260908842087,2.22910213470459,0.3241931200027466,May,1,1,1,3,Returning_Visitor,False,False
8.457784652709961,273.1156921386719,3.77573823928833,182.6702117919922,61.494873046875,1785.5301513671875,0.007341404445469379,0.021305575966835022,6.996796131134033,8.397549390792847e-05,Nov,2,1,1,2,Returning_Visitor,False,False
1.6869206428527832,46.65290832519531,0.0259493887424469,3.9108943939208984,32.862300872802734,971.481689453125,0.001452714204788208,0.014276841655373573,37.28474807739258,-0.00030348077416419983,Nov,2,2,1,2,Returning_Visitor,False,True
1.5085957050323486,46.75300216674805,0.019831568002700806,2.2087364196777344,27.44488525390625,1083.616943359375,0.0005776211619377136,0.00551363080739975,47.275882720947266,-2.6594847440719604e-05,Nov,2,2,1,2,New_Visitor,False,True
0.03894305229187012,1.091400146484375,0.035710275173187256,1.1499252319335938,5.98814582824707,269.26751708984375,0.09363816678524017,0.10854111611843109,0.09050321578979492,0.22053347527980804,May,3,2,1,3,Returning_Visitor,False,False
3.628483295440674,167.86459350585938,0.04649803042411804,1.7699813842773438,8.95014762878418,385.32318115234375,0.003504246473312378,0.017214689403772354,1.5487060546875,0.00017971917986869812,Dec,2,2,1,2,Returning_Visitor,False,False
0.021899700164794922,1.2279815673828125,0.03440368175506592,1.0346183776855469,6.143369674682617,259.3922119140625,0.19409170746803284,0.201411634683609,-0.03562450408935547,0.19836516678333282,May,2,2,1,3,Returning_Visitor,False,False
8.204519271850586,630.4684448242188,0.14384225010871887,27.219249725341797,123.37342071533203,2148.79638671875,0.0038063451647758484,0.01613171584904194,5.507768630981445,-0.0005896724760532379,Nov,2,2,1,2,Returning_Visitor,False,False
4.78917121887207,233.76080322265625,0.07323485612869263,5.189907073974609,40.16743469238281,2186.106689453125,0.0030288994312286377,0.013072904199361801,5.395431995391846,0.0818517729640007,May,2,2,1,2,Returning_Visitor,False,False
1.5961034297943115,39.61445999145508,0.024171680212020874,2.5586490631103516,18.722545623779297,816.4273681640625,0.0014753323048353195,0.005427509546279907,37.692962646484375,-0.0002182982861995697,Nov,2,1,1,2,New_Visitor,False,True
0.08661985397338867,2.52655029296875,0.040339887142181396,1.48602294921875,6.475980758666992,270.99359130859375,0.1883288472890854,0.19502027332782745,16.892290115356445,-0.00021887943148612976,Nov,2,2,1,1,Returning_Visitor,False,False
0.11578655242919922,2.3932266235351562,0.038559406995773315,1.516632080078125,13.727460861206055,1121.510009765625,0.0905209481716156,0.11686215549707413,0.951350212097168,0.003070741891860962,Nov,1,1,1,3,Returning_Visitor,False,False
0.03658914566040039,1.7513198852539062,0.0377485454082489,0.8327865600585938,6.122611999511719,255.57562255859375,0.19703172147274017,0.1991184949874878,0.029819965362548828,-0.00016609206795692444,Nov,1,1,1,3,Returning_Visitor,False,False
2.429478406906128,35.33610153198242,0.029889971017837524,3.4439964294433594,17.44735336303711,835.7828369140625,0.004902703687548637,0.015085067600011826,1.96909499168396,0.00041219592094421387,Nov,2,2,1,2,Returning_Visitor,False,True
-0.018711566925048828,4.114616394042969,0.038518309593200684,1.1215972900390625,20.308467864990234,336.54656982421875,0.03173358738422394,0.060320090502500534,1.031705379486084,0.3011355400085449,May,2,2,1,3,Returning_Visitor,False,False
2.7226381301879883,128.48394775390625,0.022812366485595703,2.1391258239746094,19.373384475708008,477.80316162109375,0.0004018601030111313,0.012271195650100708,4.189847946166992,-0.00026642531156539917,Dec,2,2,1,2,New_Visitor,False,False
4.182844638824463,40.00708770751953,0.03750413656234741,1.888427734375,25.99762725830078,641.9219360351562,0.0007115025073289871,0.010402988642454147,2.5197696685791016,-0.000539090484380722,Dec,2,2,1,2,New_Visitor,False,False
0.018718481063842773,1.8974685668945312,0.036496758460998535,1.5810813903808594,11.379983901977539,259.89349365234375,0.07055163383483887,0.12225361913442612,0.4707612991333008,-0.0005199350416660309,Mar,2,2,1,1,Returning_Visitor,False,False
0.03618049621582031,2.0116729736328125,0.036573201417922974,1.2671089172363281,6.096883773803711,341.12591552734375,0.039501868188381195,0.06066092848777771,0.3526611328125,-0.00021100789308547974,Mar,2,2,1,1,Returning_Visitor,False,False
0.03887677192687988,3.3445892333984375,0.025873005390167236,0.8013114929199219,3.5540504455566406,292.29766845703125,0.01906818151473999,0.04015810042619705,-0.2973651885986328,-0.0006036385893821716,May,2,2,1,1,Returning_Visitor,False,False
0.03152632713317871,3.6413497924804688,0.02683168649673462,0.6778488159179688,3.9890289306640625,279.76025390625,0.014619691297411919,0.043028149753808975,-0.326840877532959,0.22103647887706757,May,2,2,1,3,Returning_Visitor,False,False
3.6060500144958496,145.96054077148438,0.05734774470329285,4.234365463256836,31.490930557250977,765.3582763671875,0.011450788006186485,0.024348238483071327,3.1586837768554688,0.105789914727211,May,2,2,1,2,Returning_Visitor,False,True
0.03360128402709961,3.2745590209960938,0.02602890133857727,1.0129165649414062,3.8986988067626953,272.70556640625,0.016141356900334358,0.06802552938461304,-0.15434837341308594,0.0009474381804466248,Nov,2,2,1,1,Returning_Visitor,False,False
0.15894746780395508,13.986198425292969,1.7359201908111572,61.58366394042969,36.5711555480957,1273.9759521484375,0.04630538076162338,0.06984639167785645,16.279273986816406,0.37394458055496216,May,2,2,1,13,Returning_Visitor,False,False
1.9366090297698975,37.88088607788086,0.024914026260375977,3.6101531982421875,22.52926254272461,835.1480712890625,0.002151345834136009,0.016126971691846848,2.608734130859375,-4.800036549568176e-05,Mar,2,2,1,2,Returning_Visitor,False,True
0.07365155220031738,3.5282135009765625,0.028802096843719482,1.4022979736328125,5.494190216064453,278.550537109375,-0.0020787399262189865,0.06229744479060173,-0.22225666046142578,-9.720027446746826e-05,Mar,2,2,1,1,Returning_Visitor,False,False
5.2006731033325195,152.30963134765625,2.0776281356811523,165.43917846679688,43.99919891357422,1651.4837646484375,0.006053781136870384,0.015364507213234901,6.319944858551025,-0.0005360133945941925,Mar,2,2,1,2,Returning_Visitor,False,False
2.5509493350982666,66.04874420166016,3.000645160675049,273.2327575683594,28.041297912597656,1501.0635986328125,0.0019649434834718704,0.014565564692020416,5.13496208190918,0.00014241784811019897,Mar,2,2,1,2,Returning_Visitor,False,True
2.2742221355438232,136.95993041992188,0.047705262899398804,4.1787567138671875,41.29338455200195,1672.44921875,0.006158977746963501,0.015723295509815216,4.122565746307373,1.0259449481964111e-05,Nov,2,1,1,2,Returning_Visitor,False,False
0.008407354354858398,4.0008697509765625,0.03719249367713928,1.1576652526855469,19.60663414001465,261.248046875,0.00843024905771017,0.11449284106492996,0.8803644180297852,0.22861522436141968,May,2,2,1,3,Returning_Visitor,False,False
0.01854681968688965,1.67913818359375,0.03482067584991455,0.9003028869628906,6.482517242431641,318.6019287109375,0.0373561754822731,0.10345013439655304,-0.03783464431762695,0.33403170108795166,May,1,1,1,3,Returning_Visitor,False,False
0.2033984661102295,7.321678161621094,0.04618236422538757,60.581825256347656,35.1501579284668,1705.6705322265625,0.006348233669996262,0.024125248193740845,3.0993080139160156,0.28982028365135193,May,2,2,1,4,Returning_Visitor,False,False
0.017461299896240234,25.776996612548828,2.782123327255249,110.1751708984375,28.805639266967773,817.6139526367188,0.0018489137291908264,0.02214113064110279,1.8947279453277588,-0.000727526843547821,Mar,1,1,1,2,Returning_Visitor,False,False
6.309838771820068,319.4183654785156,3.8022663593292236,388.45574951171875,43.53568649291992,3096.239990234375,0.004023818299174309,0.014033593237400055,7.268921852111816,-0.00044263526797294617,Nov,2,2,1,2,Returning_Visitor,False,False
9.387238502502441,187.34417724609375,4.112904071807861,304.3673095703125,113.51428985595703,2578.75537109375,0.0051610469818115234,0.023634465411305428,12.23055648803711,-0.0005453713238239288,Nov,1,1,1,2,Returning_Visitor,False,False
5.076615333557129,71.45895385742188,0.04489657282829285,5.276149749755859,15.149744033813477,297.28448486328125,0.006698542274534702,0.021425632759928703,1.6792373657226562,0.10170707106590271,May,2,1,1,2,Returning_Visitor,False,False
0.09243440628051758,4.7299346923828125,0.029642969369888306,1.985910415649414,12.293373107910156,302.81793212890625,0.0014179311692714691,0.03414040058851242,0.15394067764282227,-0.00010013580322265625,Mar,2,2,1,2,Returning_Visitor,False,False
3.757183313369751,124.41548156738281,0.04442781209945679,2.1268482208251953,8.123950958251953,280.986328125,0.0013724640011787415,0.03183301165699959,0.6838798522949219,-0.00015189871191978455,Mar,2,2,1,2,Returning_Visitor,False,False
4.47035026550293,120.783203125,0.04264029860496521,6.160221099853516,54.00605773925781,1515.6298828125,0.0009668953716754913,0.007700201123952866,5.468499183654785,-0.00015303492546081543,Nov,2,2,1,2,Returning_Visitor,False,True
0.5813498497009277,10.429985046386719,0.06622084975242615,7.546455383300781,113.35205078125,4456.78955078125,0.0015842132270336151,0.018397986888885498,19.235939025878906,4.805624485015869e-06,Nov,2,2,1,1,Returning_Visitor,False,True
0.9932175874710083,30.94189453125,0.0426163375377655,2.0133190155029297,18.409496307373047,550.5044555664062,0.01170188095420599,0.04577460139989853,0.9893288612365723,0.0006615519523620605,Mar,3,2,1,1,Returning_Visitor,False,False
6.3409624099731445,40.98149108886719,0.07500636577606201,6.608985900878906,33.51253890991211,984.3389892578125,0.006833855994045734,0.024995308369398117,3.2360658645629883,0.00046673044562339783,Mar,2,2,1,2,Returning_Visitor,False,False
6.9825639724731445,354.2503662109375,0.10932660102844238,7.213848114013672,58.92527770996094,2747.349853515625,0.008767317049205303,0.023344354704022408,5.306581974029541,0.00010872632265090942,Nov,3,2,1,2,Returning_Visitor,False,False
-0.10658740997314453,12.448570251464844,0.039085716009140015,7.406103134155273,38.82941436767578,263.41107177734375,0.11315222084522247,0.12235590815544128,1.3613128662109375,-0.002116680145263672,Nov,3,2,1,13,Returning_Visitor,False,False
4.152586460113525,149.97177124023438,0.04295274615287781,6.499746322631836,49.104732513427734,1419.1483154296875,0.001982828602194786,0.01172197237610817,5.8218207359313965,0.02809583768248558,Nov,2,2,1,2,Returning_Visitor,False,True
0.1231083869934082,39.31904220581055,1.952115535736084,56.725486755371094,22.459186553955078,644.0397338867188,0.006010549142956734,0.02983171120285988,27.81433868408203,0.00041744112968444824,Nov,3,1,1,2,Returning_Visitor,False,True
5.137521743774414,179.66729736328125,1.4132524728775024,58.844947814941406,29.246444702148438,859.3690185546875,0.002806656062602997,0.02080003172159195,5.157663345336914,0.09152476489543915,May,3,1,1,2,Returning_Visitor,False,False
0.01987147331237793,10.412689208984375,0.04198148846626282,2.421283721923828,27.180221557617188,484.9730224609375,0.013130450621247292,0.02712590992450714,1.4796133041381836,-0.00022739917039871216,Nov,2,2,1,1,Returning_Visitor,False,False
1.8237698078155518,41.727806091308594,0.04375410079956055,4.910449981689453,48.303897857666016,2055.45263671875,0.007667374797165394,0.017130116000771523,2.8712573051452637,0.00035376474261283875,Nov,2,1,1,1,Returning_Visitor,False,False
3.401214122772217,104.1939697265625,0.05632978677749634,4.1772918701171875,22.12363052368164,495.15008544921875,0.0015467442572116852,0.020151061937212944,30.697933197021484,0.04748756065964699,Nov,1,1,1,2,Returning_Visitor,False,True
0.12650632858276367,10.446670532226562,0.04385042190551758,4.251657485961914,45.17457580566406,1400.3719482421875,0.007840532809495926,0.023838192224502563,2.497366189956665,0.33476507663726807,May,2,2,1,4,Returning_Visitor,False,False
4.726010799407959,109.3265151977539,3.3130338191986084,125.5315170288086,49.40821075439453,2549.03955078125,0.0016557462513446808,0.009806014597415924,25.96044158935547,-0.0008877888321876526,Nov,2,2,1,2,Returning_Visitor,False,True
0.019457101821899414,1.5408096313476562,0.03440368175506592,0.9783439636230469,5.8515472412109375,260.07061767578125,0.20239807665348053,0.1996309906244278,-0.11638689041137695,0.19891348481178284,Nov,3,2,1,3,Returning_Visitor,False,False
2.5662293434143066,123.33721160888672,0.04556018114089966,2.394460678100586,14.02474594116211,339.84259033203125,0.00452842004597187,0.050145335495471954,1.5146074295043945,-0.0002844221889972687,Nov,3,2,1,1,Returning_Visitor,False,False
0.09497499465942383,6.9270782470703125,0.03737780451774597,2.8811378479003906,22.917827606201172,749.2242431640625,0.0016507282853126526,0.02079167775809765,1.64324951171875,-4.5821070671081543e-07,Nov,1,1,1,2,Returning_Visitor,False,False
-0.022569894790649414,6.17828369140625,0.025997400283813477,0.5608787536621094,18.369787216186523,295.8292236328125,0.020412174984812737,0.03335941955447197,0.9143581390380859,0.21800316870212555,May,2,2,1,3,Returning_Visitor,False,False
3.700666904449463,32.67813491821289,0.038292914628982544,2.773092269897461,17.26677894592285,791.0224609375,0.004191478714346886,0.013669926673173904,2.316563367843628,-9.567663073539734e-05,Nov,1,1,1,2,New_Visitor,False,False
0.24189114570617676,0.69244384765625,0.045704424381256104,2.1087589263916016,13.884773254394531,1392.96337890625,0.009909387677907944,0.03477400541305542,0.8082561492919922,0.00022058561444282532,May,2,2,1,1,Returning_Visitor,False,False
0.12473177909851074,2.5356826782226562,1.6661465167999268,54.13811111450195,14.357295989990234,587.9089965820312,0.021873464807868004,0.03723596781492233,0.9164175987243652,0.3366057872772217,May,2,2,1,3,Returning_Visitor,False,False
3.7960891723632812,30.196575164794922,0.04135847091674805,1.6267547607421875,3.7438125610351562,280.64642333984375,0.0062145087867975235,0.04493952915072441,0.02720022201538086,-0.00016523152589797974,Mar,2,2,1,1,Returning_Visitor,False,False
0.021136999130249023,1.6212539672851562,0.03487902879714966,0.7553482055664062,5.897705078125,257.50592041015625,0.19699646532535553,0.20052102208137512,-0.07613754272460938,0.22149471938610077,May,1,1,1,3,Returning_Visitor,False,False
6.075104713439941,172.25439453125,0.058891624212265015,7.430614471435547,98.5574722290039,4178.74267578125,0.0017694253474473953,0.012578597292304039,5.827836513519287,-0.0006557740271091461,Nov,2,2,1,2,Returning_Visitor,False,True
3.8988900184631348,78.75653839111328,0.039897143840789795,3.107240676879883,24.508380889892578,347.14178466796875,0.00200578011572361,0.0193833876401186,3.626945972442627,-0.0006360076367855072,Dec,2,1,1,2,New_Visitor,False,False
0.038184165954589844,2.3544235229492188,0.03657230734825134,1.1212387084960938,13.65841293334961,745.4744873046875,0.0481858104467392,0.0696907490491867,0.8514509201049805,0.39470988512039185,Nov,3,2,1,13,Returning_Visitor,False,False
1.3661714792251587,38.65420150756836,0.06991022825241089,6.872535705566406,94.36730194091797,4678.90283203125,0.0033478960394859314,0.012876350432634354,20.214431762695312,-0.00023965537548065186,Nov,1,1,1,2,Returning_Visitor,False,False
4.055849075317383,126.16024780273438,0.05520811676979065,2.1328487396240234,21.740562438964844,1316.09521484375,0.010252293199300766,0.027922797948122025,2.7865278720855713,0.19336730241775513,May,1,1,1,3,Returning_Visitor,False,False
6.824864387512207,183.38229370117188,1.7064239978790283,65.53485107421875,64.67180633544922,1288.328857421875,0.013025286607444286,0.026703668758273125,4.710902214050293,0.00023980066180229187,Nov,2,2,1,2,Returning_Visitor,False,False
5.57827091217041,151.349609375,0.10282275080680847,52.0103645324707,284.0870056152344,8747.5927734375,0.0026984866708517075,0.01466655544936657,10.071657180786133,-0.0006382875144481659,Nov,2,2,1,2,Returning_Visitor,False,True
0.034683942794799805,3.6883544921875,0.02700701355934143,0.33390045166015625,3.775667190551758,278.115478515625,0.008319896645843983,0.07588347792625427,-0.3344459533691406,0.18064026534557343,May,2,2,1,3,Returning_Visitor,False,False
4.1157097816467285,73.4429702758789,0.03807792067527771,2.7319068908691406,11.054830551147461,537.714599609375,0.00017975829541683197,0.012120859697461128,1.4866766929626465,-0.0004221014678478241,Dec,2,2,1,2,New_Visitor,False,False
3.5277609825134277,31.522953033447266,0.03783726692199707,4.347414016723633,28.351285934448242,978.3236083984375,0.002407841384410858,0.018222471699118614,3.1670868396759033,-0.00019085407257080078,Mar,2,2,1,2,Returning_Visitor,False,False
6.316447734832764,120.52046966552734,0.07679173350334167,7.660467147827148,32.9376106262207,1234.826416015625,0.02396847866475582,0.02822653204202652,3.8500521183013916,-0.0002865903079509735,Nov,1,1,1,1,Returning_Visitor,False,False
10.361122131347656,379.4394836425781,0.12952250242233276,14.503055572509766,91.62081146240234,4902.2138671875,0.0016895215958356857,0.013208899646997452,26.218902587890625,-0.0005300752818584442,Nov,2,2,1,2,Returning_Visitor,False,False
0.036817073822021484,2.9623031616210938,0.024770766496658325,0.7407302856445312,3.859201431274414,277.97796630859375,0.022783931344747543,0.07722156494855881,-0.338775634765625,0.21872146427631378,Mar,2,2,1,3,Returning_Visitor,False,False
0.03767561912536621,1.8699111938476562,0.03755146265029907,1.3338394165039062,11.678842544555664,558.4885864257812,0.0422232560813427,0.06613963842391968,0.670839786529541,0.39251893758773804,May,2,2,1,3,Returning_Visitor,False,False
0.022510528564453125,2.2277450561523438,0.037131428718566895,1.1537132263183594,8.595113754272461,370.7459716796875,0.1165480837225914,0.14590370655059814,0.27799224853515625,-0.00027562305331230164,Mar,1,1,1,3,Returning_Visitor,False,False
0.06744980812072754,9.3797607421875,0.024443835020065308,2.2579288482666016,26.49957847595215,692.7591552734375,0.0046799276024103165,0.020249657332897186,1.754732608795166,-0.00029909610748291016,Mar,2,2,1,2,Returning_Visitor,False,False
0.04547572135925293,6.722251892089844,0.025725722312927246,-0.06313705444335938,2.408243179321289,266.9061279296875,0.022122062742710114,0.05709289014339447,1.1831698417663574,-0.0005091652274131775,Dec,2,2,1,2,Returning_Visitor,False,False
0.07710814476013184,4.0802001953125,0.028760284185409546,2.6636581420898438,12.414762496948242,479.87384033203125,0.0010282453149557114,0.026060674339532852,0.3878440856933594,-0.0002593807876110077,Mar,2,2,1,2,Returning_Visitor,False,False
0.17762184143066406,4.1330413818359375,0.05152726173400879,4.354913711547852,42.120025634765625,3173.66796875,0.0077217333018779755,0.03289809823036194,1.5509309768676758,0.00034744665026664734,Nov,2,2,1,1,Returning_Visitor,False,False
3.12430477142334,127.97579193115234,0.040795862674713135,3.2602920532226562,15.161535263061523,671.0013427734375,0.02289445884525776,0.04157181456685066,2.304461717605591,-0.0008321478962898254,Mar,2,2,1,1,Returning_Visitor,False,False
0.07126522064208984,4.3236541748046875,0.027657806873321533,2.021921157836914,15.632819175720215,563.1735229492188,0.003740273416042328,0.024121781811118126,0.7216391563415527,0.0001880340278148651,Nov,2,2,1,2,Returning_Visitor,False,False
3.466641426086426,188.1195068359375,0.036578595638275146,5.74510383605957,51.40928268432617,1124.868896484375,0.0006900075823068619,0.0056470222771167755,30.67325210571289,-3.141164779663086e-05,Nov,2,2,1,2,New_Visitor,False,True
0.026355504989624023,1.4580307006835938,0.035296618938446045,1.1126785278320312,6.338733673095703,266.97271728515625,0.19418641924858093,0.2013799399137497,-0.07280206680297852,-0.00015385448932647705,Mar,2,2,1,1,Returning_Visitor,False,False
7.361240863800049,243.68399047851562,1.7430295944213867,66.71234130859375,36.981475830078125,1721.7012939453125,0.014604113064706326,0.028431929647922516,3.9638705253601074,-7.755309343338013e-05,May,2,2,1,1,Returning_Visitor,False,False
0.09857678413391113,9.890983581542969,0.04277125000953674,1.7035255432128906,27.942302703857422,969.8853759765625,0.011875755153596401,0.03685178980231285,1.8015937805175781,0.2966001331806183,Nov,2,2,1,1,Returning_Visitor,False,False
8.022995948791504,421.0736999511719,0.15735620260238647,7.938928604125977,56.675575256347656,2953.36328125,0.00788363628089428,0.031095195561647415,4.138861179351807,0.00025117024779319763,Nov,2,2,1,1,Returning_Visitor,False,False
0.09132695198059082,10.54254150390625,0.0451795756816864,2.5602474212646484,36.66468048095703,833.5997314453125,0.006970535963773727,0.03172057867050171,2.106902837753296,0.28027427196502686,May,2,2,1,3,Returning_Visitor,False,False
6.1427812576293945,297.0299072265625,2.5608954429626465,226.06822204589844,46.773895263671875,2296.9970703125,0.0077868178486824036,0.013441946357488632,5.990288257598877,0.000350169837474823,Nov,2,1,1,2,Returning_Visitor,False,False
-0.07368826866149902,19.19293975830078,0.05217394232749939,4.468351364135742,74.02375793457031,986.31787109375,0.035547588020563126,0.053803663700819016,1.1657872200012207,-0.00025652721524238586,Nov,2,2,1,1,Returning_Visitor,False,False
8.524932861328125,412.5954284667969,4.709477424621582,181.5778045654297,92.90571594238281,4293.046875,0.004739690572023392,0.019836824387311935,6.667466640472412,0.21920347213745117,May,2,2,1,2,Returning_Visitor,False,False
8.688767433166504,345.1600646972656,0.12790155410766602,7.726522445678711,49.16656494140625,2808.79052734375,0.002592453733086586,0.015236716717481613,6.0829033851623535,0.15307703614234924,May,2,2,1,2,Returning_Visitor,False,False
2.815822124481201,34.698211669921875,0.02751392126083374,1.7150840759277344,7.766912460327148,277.22540283203125,3.0839815735816956e-05,0.02338210865855217,0.19945716857910156,-5.350634455680847e-05,Dec,1,1,1,2,New_Visitor,False,False
0.03542065620422363,0.8294906616210938,0.03605294227600098,0.8858108520507812,5.868974685668945,246.896240234375,0.19375987350940704,0.20069460570812225,0.01074838638305664,0.1889350265264511,May,2,2,1,3,Returning_Visitor,False,False
0.031087160110473633,2.1943588256835938,0.036035627126693726,1.2650070190429688,11.580371856689453,633.1439819335938,0.05867544934153557,0.07291075587272644,0.5614333152770996,0.4182094931602478,May,3,2,1,13,Returning_Visitor,False,False
0.06583070755004883,6.073577880859375,0.02784469723701477,1.4957008361816406,15.657866477966309,288.344482421875,-0.00034120306372642517,0.02571343630552292,1.1480307579040527,0.157589852809906,Dec,2,2,1,2,Returning_Visitor,False,False
0.411105751991272,4.3227996826171875,0.06777587532997131,5.378990173339844,67.82571411132812,4349.75146484375,0.004213713109493256,0.024550694972276688,2.5129473209381104,0.3664930462837219,May,2,2,1,4,Returning_Visitor,False,False
0.03452301025390625,1.3619537353515625,0.035463422536849976,1.0339736938476562,5.673585891723633,251.56005859375,0.19425764679908752,0.20143555104732513,-0.09054327011108398,0.1904008537530899,Mar,2,2,1,3,Returning_Visitor,False,False
4.803374767303467,114.14179992675781,0.06571289896965027,5.205146789550781,39.3848876953125,2082.384033203125,0.014585006982088089,0.02943723276257515,3.8589553833007812,0.0008209235966205597,Nov,2,2,1,1,Returning_Visitor,False,False
0.022907018661499023,5.5035552978515625,0.0429629385471344,1.5360260009765625,20.615447998046875,350.5880126953125,0.019358491525053978,0.05052781105041504,1.0919790267944336,-0.00037289783358573914,Nov,3,2,1,1,Returning_Visitor,False,False
1.5679125785827637,31.414722442626953,0.04110848903656006,1.6625442504882812,7.306623458862305,279.4591064453125,0.020883435383439064,0.09186425805091858,20.475849151611328,-5.172565579414368e-05,Nov,1,1,1,1,Returning_Visitor,False,False
0.02414083480834961,1.8974685668945312,0.03525325655937195,1.4431724548339844,6.1323089599609375,314.92926025390625,0.08380015939474106,0.11961633712053299,-0.0026416778564453125,2.6300549507141113e-06,Mar,2,2,1,1,Returning_Visitor,False,False
10.032999038696289,235.71969604492188,1.6346158981323242,69.9366683959961,40.10395431518555,2713.65869140625,0.007705393247306347,0.026185890659689903,4.719374179840088,0.1856836974620819,Nov,2,2,1,2,Returning_Visitor,False,False
0.08804774284362793,5.4266510009765625,0.02420133352279663,2.447032928466797,12.918737411499023,734.2288818359375,0.0022912435233592987,0.020102830603718758,0.939690113067627,-0.0004414282739162445,Nov,1,1,1,2,Returning_Visitor,False,False
0.10879302024841309,3.421722412109375,0.042476117610931396,1.5614852905273438,10.087348937988281,486.1610107421875,0.019398357719182968,0.03829392045736313,0.3161616325378418,-0.0002020709216594696,May,2,2,1,1,Returning_Visitor,False,False
0.027531862258911133,2.0443878173828125,0.03555229306221008,1.2043685913085938,6.293262481689453,266.92071533203125,0.0659395307302475,0.15524420142173767,-0.1475224494934082,-0.00031535327434539795,Nov,3,2,1,13,Returning_Visitor,False,False
6.475322723388672,162.49276733398438,3.7987735271453857,230.8756866455078,11.336009979248047,1102.190185546875,-9.275972843170166e-05,0.014612725004553795,2.417703151702881,9.191781282424927e-05,Dec,2,2,1,2,Returning_Visitor,False,False
0.03934049606323242,1.4829177856445312,0.03553113341331482,1.1068840026855469,6.4684600830078125,592.2831420898438,0.0766744464635849,0.10417012870311737,0.1522822380065918,0.41062456369400024,May,2,2,1,3,Returning_Visitor,False,False
0.5297114849090576,-4.0248565673828125,2.921288013458252,238.66001892089844,205.9848175048828,11758.1708984375,0.022085821256041527,0.048042844980955124,-1.0912699699401855,3.7122517824172974e-05,Nov,2,2,1,1,Returning_Visitor,False,False
5.885615348815918,159.17601013183594,0.09400713443756104,10.685388565063477,21.40237808227539,615.1571655273438,0.007291775196790695,0.03708721697330475,21.279481887817383,0.00016946345567703247,Nov,3,2,1,1,Returning_Visitor,False,False
2.378329277038574,78.90568542480469,1.409639596939087,109.17512512207031,15.251035690307617,871.0841064453125,0.011802569963037968,0.022986596450209618,2.100283145904541,-7.198378443717957e-05,May,1,1,1,2,Returning_Visitor,False,False
4.882443904876709,213.09188842773438,0.0716608464717865,4.802421569824219,28.96517562866211,862.0638427734375,0.007805962115526199,0.017648132517933846,4.213747501373291,0.1279645711183548,May,3,2,1,2,Returning_Visitor,False,False
6.985442161560059,244.1754150390625,0.06301578879356384,6.231739044189453,48.50732421875,1956.5919189453125,0.005365096032619476,0.012838887050747871,6.285011291503906,-0.00048642605543136597,Nov,2,2,1,2,Returning_Visitor,False,False
2.605386972427368,47.473445892333984,0.056073397397994995,4.394350051879883,54.03519058227539,798.2423095703125,0.010927654802799225,0.0273301899433136,2.726714611053467,0.2636783719062805,Nov,2,2,1,1,Returning_Visitor,False,False
0.026246070861816406,1.7324981689453125,0.0359557569026947,1.2574234008789062,7.575267791748047,279.5032958984375,0.028993114829063416,0.0771133154630661,0.2160167694091797,0.3089563250541687,May,3,2,1,3,Returning_Visitor,False,False
7.1150336265563965,349.6686706542969,0.1376975178718567,5.620325088500977,34.822509765625,2751.18603515625,0.008187676779925823,0.03047819435596466,4.286729335784912,1.874193549156189e-05,Nov,3,2,1,1,Returning_Visitor,False,False
-0.00496363639831543,7.952056884765625,0.026437759399414062,3.3056201934814453,12.988502502441406,507.1839599609375,0.004135197028517723,0.017135880887508392,40.79973602294922,-0.0004500932991504669,May,2,2,1,2,Returning_Visitor,False,True
2.7191545963287354,100.69793701171875,0.0263826847076416,3.5899524688720703,15.84599494934082,771.642822265625,0.0013300832360982895,0.012540949508547783,37.05046463012695,0.04922492057085037,Nov,2,2,1,2,Returning_Visitor,False,True
0.04962468147277832,3.6051406860351562,0.028477728366851807,0.5573005676269531,4.907024383544922,280.77215576171875,0.0059239305555820465,0.04050595685839653,-0.14500761032104492,0.18108177185058594,May,1,1,1,3,Returning_Visitor,False,False
0.04610323905944824,5.353736877441406,0.02913638949394226,1.8837318420410156,18.554157257080078,345.69451904296875,0.005703376606106758,0.028295356780290604,0.6459298133850098,0.0006738714873790741,Mar,2,2,1,2,Returning_Visitor,False,False
0.11955833435058594,2.1991348266601562,0.03815755248069763,1.7164649963378906,14.153905868530273,932.2261962890625,0.04399535804986954,0.09791561961174011,0.920842170715332,0.0022351108491420746,May,2,2,1,1,Returning_Visitor,False,False
2.8946845531463623,172.24676513671875,0.05117011070251465,2.409292221069336,20.540382385253906,747.8388671875,0.016905641183257103,0.0308473389595747,2.6484270095825195,2.251565456390381e-05,May,1,1,1,3,Returning_Visitor,False,False
2.20987606048584,96.11137390136719,0.0306321382522583,1.2898368835449219,11.645574569702148,484.3380126953125,0.006125966086983681,0.019557815045118332,0.9259738922119141,0.0005662739276885986,Mar,2,2,1,2,Returning_Visitor,False,False
0.037629127502441406,13.385787963867188,0.02453446388244629,2.010122299194336,21.60107421875,1150.6175537109375,0.0015243254601955414,0.007608179003000259,36.14727020263672,1.0728836059570312e-05,Nov,1,1,1,2,New_Visitor,False,True
0.06346583366394043,2.6281967163085938,0.039846569299697876,2.095979690551758,11.53060531616211,271.88372802734375,0.005154388025403023,0.08449508994817734,0.44365930557250977,0.23114988207817078,May,3,2,1,3,Returning_Visitor,False,False
10.108007431030273,376.9226989746094,2.7562854290008545,365.24102783203125,202.8430938720703,8336.2734375,0.0055761076509952545,0.020786790177226067,3.6391448974609375,-0.0002980567514896393,Nov,2,1,1,2,Returning_Visitor,False,True
0.022350072860717773,1.806121826171875,0.03805530071258545,0.9551124572753906,7.437950134277344,333.2969970703125,0.04183470457792282,0.06429257988929749,0.3035392761230469,0.3287774324417114,May,2,2,1,13,Returning_Visitor,False,False
6.333489894866943,194.7093505859375,0.058648914098739624,67.25552368164062,56.458282470703125,1318.4622802734375,0.0036789588630199432,0.011203546077013016,6.998178958892822,-0.0004904568195343018,Nov,1,1,1,2,Returning_Visitor,False,True
0.22334575653076172,6.9456939697265625,0.045240968465805054,2.950977325439453,18.743698120117188,788.1656494140625,0.01282685436308384,0.040813155472278595,1.2088141441345215,0.00022067129611968994,Nov,2,2,1,2,Returning_Visitor,False,True
0.018271923065185547,1.6216659545898438,0.03307756781578064,1.2299880981445312,5.255880355834961,256.5543212890625,0.19901379942893982,0.1996060311794281,-0.12915802001953125,-6.837397813796997e-05,Mar,2,2,1,1,Returning_Visitor,False,False
9.345958709716797,409.27471923828125,4.648892402648926,164.1556396484375,140.40965270996094,4575.05126953125,0.0033862777054309845,0.0177876278758049,6.918927192687988,-0.0008076578378677368,Nov,1,1,1,2,Returning_Visitor,False,False
5.241116523742676,100.95012664794922,0.040636539459228516,3.1615943908691406,11.85035514831543,468.037353515625,0.0015451684594154358,0.01088930293917656,1.6730384826660156,-0.00037128105759620667,Dec,1,1,1,2,New_Visitor,False,False
9.791994094848633,545.7909545898438,4.675183296203613,407.3148193359375,72.20233917236328,3168.777099609375,0.0026116296648979187,0.015397196635603905,8.375035285949707,-0.0009882301092147827,Nov,2,2,1,2,Returning_Visitor,False,False
3.237313985824585,69.25717163085938,0.04682770371437073,2.2095909118652344,12.136455535888672,487.22100830078125,0.012609562836587429,0.03362356126308441,1.4346156120300293,-0.00033085793256759644,May,2,2,1,1,Returning_Visitor,False,False
0.2610595226287842,9.141555786132812,0.0224134624004364,3.2347240447998047,24.233156204223633,1345.6256103515625,0.0032471176236867905,0.017103096470236778,2.988321542739868,0.0018222443759441376,Mar,2,2,1,2,Returning_Visitor,False,True
5.700222015380859,272.31201171875,3.824683666229248,66.96565246582031,54.93690872192383,1568.9383544921875,0.004414154216647148,0.02041170746088028,6.337284088134766,-0.00028307363390922546,Nov,2,2,1,2,Returning_Visitor,False,False
2.9319958686828613,99.95370483398438,0.02230525016784668,2.7891616821289062,22.003551483154297,1149.8056640625,0.0030512437224388123,0.013766877353191376,2.3270814418792725,-2.3126602172851562e-05,May,1,1,1,2,Returning_Visitor,False,False
3.3913352489471436,125.626708984375,1.837033748626709,74.37236022949219,287.9080810546875,10714.2060546875,0.002762790769338608,0.014464322477579117,2.269500494003296,-0.00011723116040229797,Nov,2,2,1,2,Returning_Visitor,False,False
1.6190987825393677,36.11774444580078,0.027542203664779663,2.006284713745117,4.889486312866211,309.31524658203125,0.014315151609480381,0.024520790204405785,-0.11094331741333008,-0.0005352161824703217,Mar,1,1,1,1,Returning_Visitor,False,True
0.022650957107543945,1.2446441650390625,0.033486753702163696,0.8840103149414062,6.118104934692383,259.3922119140625,0.1943313479423523,0.20142246782779694,-0.051784515380859375,0.1897774487733841,May,2,2,1,3,Returning_Visitor,False,False
0.10681295394897461,3.9975662231445312,0.029484033584594727,54.02284240722656,13.959236145019531,657.8744506835938,0.00992363691329956,0.02357577532529831,0.6287369728088379,0.0002184659242630005,Mar,2,2,1,2,Returning_Visitor,False,False
0.03927898406982422,2.1906661987304688,0.03861534595489502,1.4682731628417969,6.097177505493164,390.748291015625,0.031996950507164,0.05483214557170868,0.21542739868164062,4.434958100318909e-05,Nov,2,2,1,1,Returning_Visitor,False,False
0.036217689514160156,10.333175659179688,0.044635117053985596,2.012828826904297,31.33895492553711,704.4366455078125,0.00927961990237236,0.0355202816426754,1.2945504188537598,0.2816542088985443,Mar,2,2,1,1,Returning_Visitor,False,False
2.1648738384246826,70.73878479003906,0.0428653359413147,1.9313087463378906,19.711471557617188,349.46832275390625,0.005192777141928673,0.03433028608560562,2.1272048950195312,0.20641157031059265,May,2,2,1,1,Returning_Visitor,False,False
1.47353196144104,37.67335510253906,0.02518218755722046,2.6472301483154297,24.523746490478516,480.759765625,0.003006601706147194,0.017484888434410095,1.8666787147521973,-0.000454973429441452,Nov,1,1,1,2,Returning_Visitor,False,False
1.6291699409484863,33.39360809326172,0.06474331021308899,4.560478210449219,58.6248893737793,4795.55810546875,0.0077904509380459785,0.02471175231039524,2.9595279693603516,0.378190279006958,May,1,1,1,3,Returning_Visitor,False,False
5.520549297332764,161.92013549804688,0.04296407103538513,4.952104568481445,31.097980499267578,1966.351806640625,0.0022140033543109894,0.014121199026703835,5.183968544006348,-0.0005143433809280396,Nov,2,2,1,2,Returning_Visitor,False,True
3.099384307861328,116.5694580078125,0.05508244037628174,6.827430725097656,72.83173370361328,2178.935791015625,0.003921231254935265,0.021953338757157326,5.9118733406066895,-0.0008573867380619049,Nov,1,1,1,2,Returning_Visitor,False,False
0.02566671371459961,2.1361083984375,0.03607147932052612,1.3847618103027344,6.353433609008789,370.00341796875,0.08974830061197281,0.14851874113082886,-0.10396528244018555,-3.64743173122406e-05,Nov,3,2,1,13,Returning_Visitor,False,False
2.247343063354492,47.51691818237305,0.041283875703811646,6.698295593261719,75.5515365600586,2215.55615234375,0.0037201736122369766,0.01338873989880085,3.2831313610076904,-0.00019041448831558228,Nov,2,2,1,2,Returning_Visitor,False,True
0.03287816047668457,13.287673950195312,0.04943346977233887,10.861749649047852,107.15531158447266,1825.04736328125,0.0051674991846084595,0.020561911165714264,1.0482664108276367,0.00022158026695251465,Nov,2,2,1,1,Returning_Visitor,False,False
7.996840000152588,388.8526611328125,1.6032397747039795,179.72959899902344,41.91044998168945,1375.2452392578125,0.011907314881682396,0.0355101078748703,6.2866339683532715,7.932260632514954e-05,Nov,3,2,1,2,Returning_Visitor,False,False
0.06762886047363281,7.830284118652344,0.026707321405410767,0.12897491455078125,5.84149169921875,321.97125244140625,0.0031310953199863434,0.034842610359191895,2.295764684677124,0.0004795975983142853,Dec,8,13,9,20,Other,False,False
5.557941436767578,98.85686492919922,0.07273980975151062,20.53857421875,310.7626037597656,10061.2724609375,0.0016138721257448196,0.014605386182665825,13.31700611114502,-0.00025483593344688416,Nov,2,2,1,2,Returning_Visitor,False,False
-0.06493592262268066,19.841655731201172,0.029440462589263916,6.236455917358398,84.15690612792969,1590.5462646484375,0.0014634449034929276,0.01352638378739357,44.07545852661133,-0.0004991777241230011,Nov,2,2,1,2,Returning_Visitor,False,True
5.503585338592529,195.45590209960938,1.780277967453003,65.69251251220703,46.93901824951172,2049.305419921875,0.014548420906066895,0.04402381554245949,6.508234024047852,-0.0006562918424606323,Nov,2,2,1,1,Returning_Visitor,False,False
1.1000196933746338,32.402183532714844,0.02818414568901062,2.043407440185547,10.910667419433594,309.28948974609375,0.00279049389064312,0.02578037977218628,0.3387322425842285,-0.00028441473841667175,Nov,1,1,1,2,Returning_Visitor,False,False
1.4767818450927734,30.137958526611328,0.03608906269073486,1.3427505493164062,6.251848220825195,282.4781494140625,0.04874338209629059,0.07591060549020767,-0.05956315994262695,0.00022641941905021667,Nov,3,2,1,13,Returning_Visitor,False,False
3.776578426361084,138.53517150878906,0.07159709930419922,8.919113159179688,90.5381851196289,4261.255859375,0.01210537925362587,0.034379079937934875,2.3939826488494873,0.3519977331161499,May,2,2,1,4,Returning_Visitor,False,False
1.1484469175338745,47.41254806518555,1.966505527496338,119.92803955078125,44.785247802734375,2374.68115234375,0.004383670166134834,0.027391089126467705,3.967900037765503,-0.00040439143776893616,Nov,3,1,1,2,Returning_Visitor,False,False
0.10131406784057617,10.6292724609375,1.9285812377929688,105.34916687011719,4.632501602172852,438.33807373046875,0.019125433638691902,0.03903797268867493,0.1249856948852539,0.2254122644662857,May,2,2,1,3,Returning_Visitor,False,False
0.21535873413085938,0.36940765380859375,0.03999435901641846,53.558433532714844,11.56507682800293,1516.35205078125,0.036128997802734375,0.06740962713956833,0.909604549407959,0.001618456095457077,May,2,2,1,1,Returning_Visitor,False,False
0.020152807235717773,1.5442581176757812,0.03458157181739807,0.8690681457519531,5.994932174682617,257.50592041015625,0.19677601754665375,0.20072408020496368,-0.0665593147277832,0.22744473814964294,May,1,1,1,3,Returning_Visitor,False,False
0.23565220832824707,9.416213989257812,1.3017009496688843,60.92427062988281,34.91696548461914,2229.248046875,0.0023751500993967056,0.01669064536690712,19.01784896850586,-0.00040887296199798584,Nov,2,2,1,2,Returning_Visitor,False,False
4.771646022796631,193.8922576904297,2.772135019302368,352.01873779296875,82.6330795288086,2999.893310546875,0.0038534384220838547,0.015791170299053192,7.997685432434082,-0.0006383135914802551,Nov,1,1,1,2,Returning_Visitor,False,False
0.04441118240356445,3.558319091796875,0.026828378438949585,0.6878623962402344,4.250677108764648,279.88739013671875,0.011248037219047546,0.05201109126210213,-0.2783222198486328,0.0006084553897380829,Mar,1,1,1,3,Returning_Visitor,False,False
0.10622477531433105,10.482490539550781,0.044610172510147095,3.6302757263183594,32.093692779541016,1139.1707763671875,0.005357401445508003,0.03246340900659561,2.689830780029297,-0.00022374466061592102,Nov,1,1,1,2,Returning_Visitor,False,False
10.241576194763184,360.07257080078125,2.7061333656311035,172.18545532226562,159.22235107421875,4255.76171875,0.0037631988525390625,0.019169526174664497,5.848731994628906,0.17258447408676147,May,2,2,1,2,Returning_Visitor,True,False
5.0916619300842285,75.35169219970703,0.053938329219818115,5.312778472900391,8.235185623168945,291.90289306640625,0.006365461274981499,0.016322152689099312,0.7825384140014648,-0.00017446279525756836,Dec,2,2,1,2,New_Visitor,False,False
0.026252269744873047,1.9647369384765625,0.035401999950408936,1.3373641967773438,6.086071014404297,260.635986328125,0.13569042086601257,0.16534583270549774,-0.07271099090576172,-0.0007345713675022125,May,1,1,1,1,Returning_Visitor,False,False
0.09666895866394043,10.399368286132812,0.046087563037872314,2.975200653076172,38.584564208984375,1254.9998779296875,0.01546384021639824,0.02838091179728508,2.177957057952881,0.3178195357322693,May,1,1,1,3,Returning_Visitor,False,False
-0.04101848602294922,9.629974365234375,0.039013952016830444,1.5742721557617188,24.45667839050293,340.77301025390625,0.04643191397190094,0.06628623604774475,1.416736125946045,0.0006944760680198669,Nov,1,1,1,1,Returning_Visitor,False,False
2.3543028831481934,39.029842376708984,0.12272641062736511,100.17378997802734,181.24185180664062,6577.70361328125,0.0032528694719076157,0.0184995848685503,11.474706649780273,-0.00026486441493034363,Nov,2,2,1,2,Returning_Visitor,False,True
0.018891096115112305,1.6348342895507812,0.03465843200683594,1.2315483093261719,5.251106262207031,256.5543212890625,0.1989189237356186,0.19968122243881226,-0.12265300750732422,-0.0004741773009300232,Mar,2,2,1,1,Returning_Visitor,False,False
3.154797315597534,168.89578247070312,0.043999165296554565,4.560359954833984,35.46034240722656,1370.999755859375,0.0017184987664222717,0.017967283725738525,5.7628865242004395,0.16706538200378418,May,2,2,1,2,Returning_Visitor,False,False
1.1475679874420166,37.848487854003906,0.029749572277069092,4.76765251159668,50.918617248535156,3447.93212890625,0.0010370966047048569,0.008390583097934723,5.523007869720459,-0.0002262890338897705,Nov,2,2,1,2,Returning_Visitor,False,False
0.04272198677062988,2.98907470703125,0.023963600397109985,0.9155807495117188,3.785074234008789,282.16064453125,0.005417287349700928,0.08289612829685211,0.1419663429260254,0.00013912096619606018,Mar,2,2,1,1,Returning_Visitor,False,False
3.7929577827453613,128.1328125,0.04834258556365967,4.4532012939453125,31.706470489501953,1421.7763671875,0.0028379224240779877,0.018106600269675255,4.818020343780518,-0.000348508358001709,Nov,2,2,1,1,Returning_Visitor,False,False
5.652690887451172,81.12628173828125,1.6240105628967285,156.33782958984375,8.070539474487305,406.42889404296875,-0.0018318817019462585,0.03999325633049011,1.464747428894043,0.0002647489309310913,Dec,2,2,1,2,Returning_Visitor,False,False
-0.005347251892089844,48.83025360107422,0.023690491914749146,4.700796127319336,46.6122932434082,1923.2275390625,0.0006372369825839996,0.006913904100656509,44.590919494628906,-0.0007670335471630096,Nov,2,2,1,2,Returning_Visitor,False,True
-0.06917166709899902,9.602607727050781,0.023959040641784668,2.8623600006103516,15.074848175048828,603.6957397460938,0.003447890281677246,0.016008391976356506,41.91286087036133,0.11805979907512665,May,2,2,1,2,Returning_Visitor,False,True
2.281637668609619,76.83235168457031,0.018749088048934937,1.8157501220703125,22.740848541259766,1053.3848876953125,0.000741736963391304,0.008410230278968811,2.6917829513549805,0.00018875300884246826,Nov,2,2,1,2,New_Visitor,False,False
0.025658369064331055,1.5477752685546875,0.035221606492996216,1.3062744140625,5.896446228027344,259.254150390625,0.19699305295944214,0.20038986206054688,-0.12842941284179688,0.0005429759621620178,Mar,1,1,1,1,Returning_Visitor,False,False
3.719827175140381,91.40924835205078,0.03083023428916931,64.15444946289062,32.44296646118164,714.3226928710938,0.00042903609573841095,0.009312950074672699,35.21046829223633,-0.0007105395197868347,May,2,2,1,2,Returning_Visitor,False,True
0.2284376621246338,3.2740478515625,0.04438045620918274,1.6052627563476562,15.897709846496582,1219.09521484375,0.014406733214855194,0.03511449322104454,1.2775697708129883,7.16671347618103e-05,Mar,2,2,1,1,Returning_Visitor,False,False
5.414276123046875,185.8516845703125,0.0625685453414917,11.244844436645508,124.8665771484375,5223.4384765625,0.0015893969684839249,0.01317649520933628,24.927886962890625,-0.0004558376967906952,Nov,2,2,1,2,Returning_Visitor,False,True
3.0992627143859863,91.03749084472656,0.06195661425590515,6.736082077026367,66.59420013427734,2099.919921875,0.006492964923381805,0.028035320341587067,10.836990356445312,4.8313289880752563e-05,Nov,2,2,1,2,Returning_Visitor,False,True
4.601051330566406,250.146728515625,1.7762401103973389,130.60089111328125,97.5991439819336,2252.3681640625,0.0040098074823617935,0.013295629993081093,13.812292098999023,0.16798990964889526,May,2,2,1,2,Returning_Visitor,False,False
2.448185682296753,155.67007446289062,1.3566317558288574,121.29469299316406,64.88386535644531,1546.8797607421875,0.0019323844462633133,0.013800330460071564,6.261061668395996,0.18392720818519592,Nov,2,2,1,2,Returning_Visitor,False,False
3.465989589691162,141.47860717773438,1.371558427810669,145.526611328125,4.127452850341797,378.46173095703125,0.007286832667887211,0.029318876564502716,1.0453529357910156,0.194410502910614,May,2,2,1,2,Returning_Visitor,False,False
0.02299642562866211,1.252349853515625,0.034137576818466187,0.9849510192871094,6.040395736694336,263.021728515625,0.19404561817646027,0.2013940066099167,-0.050848960876464844,0.18958033621311188,May,2,2,1,3,Returning_Visitor,False,False
6.417145729064941,43.077091217041016,0.06529143452644348,5.890439987182617,44.69391632080078,1678.26513671875,0.003746192902326584,0.024207377806305885,4.008265495300293,-0.0006415918469429016,Nov,2,2,1,2,Returning_Visitor,False,False
9.439157485961914,406.9943542480469,0.05431532859802246,20.237537384033203,100.6955337524414,2564.727294921875,0.007757916115224361,0.020187174901366234,5.461391448974609,-0.0006959661841392517,Nov,2,2,1,2,Returning_Visitor,False,False
3.827828884124756,138.32766723632812,0.032635658979415894,4.081258773803711,27.919340133666992,947.82080078125,0.0031466539949178696,0.013790000230073929,4.35426139831543,0.050215087831020355,May,2,1,1,4,Returning_Visitor,False,True
3.5926308631896973,132.40072631835938,0.03197389841079712,1.974069595336914,19.17007064819336,727.749755859375,0.0008080098778009415,0.013584451749920845,7.450552940368652,0.00032655149698257446,Dec,8,13,9,20,Other,False,False
4.952796936035156,185.66140747070312,0.06366270780563354,6.383583068847656,52.85939025878906,755.7208251953125,0.00558638758957386,0.018978899344801903,4.128767967224121,-0.00015387311577796936,Nov,2,1,1,1,Returning_Visitor,False,False
0.03960251808166504,2.20703125,0.03653186559677124,1.4551200866699219,6.3541412353515625,261.4095458984375,0.07338261604309082,0.11655820161104202,-0.17828750610351562,0.000924132764339447,May,3,2,1,1,Returning_Visitor,False,False
2.1317858695983887,40.95387649536133,0.02382713556289673,1.7380218505859375,25.177532196044922,1153.696044921875,0.0020777154713869095,0.008401643484830856,3.073488712310791,-0.00031767040491104126,May,1,1,1,2,Returning_Visitor,False,False
5.7337846755981445,110.22471618652344,2.2571706771850586,213.87811279296875,25.00070571899414,935.691162109375,0.013528537005186081,0.042698394507169724,4.394774436950684,0.0010101720690727234,Nov,1,1,1,2,Returning_Visitor,False,False
5.724190711975098,208.35113525390625,0.05743896961212158,4.912818908691406,39.820064544677734,977.29296875,0.0030701011419296265,0.016245702281594276,6.096310138702393,0.041342057287693024,May,2,2,1,2,Returning_Visitor,False,False
1.4102637767791748,69.76996612548828,0.04525509476661682,3.7423877716064453,18.251163482666016,741.8421630859375,0.0021389126777648926,0.02981172502040863,2.7736194133758545,-0.0001526661217212677,May,3,2,1,1,Returning_Visitor,False,False
1.9616955518722534,96.66404724121094,0.02764543890953064,1.8525886535644531,8.899087905883789,348.40679931640625,0.0024753883481025696,0.024489903822541237,0.8782615661621094,0.15649595856666565,May,2,2,1,2,Returning_Visitor,False,False
0.020502328872680664,3.5990829467773438,0.026464104652404785,0.7056961059570312,10.807228088378906,276.93365478515625,0.009440364316105843,0.048912446945905685,0.38683319091796875,-0.0007684528827667236,Mar,1,1,1,1,Returning_Visitor,False,False
5.303950309753418,107.22599029541016,0.037054479122161865,2.9320068359375,26.407852172851562,738.2437133789062,0.006077837198972702,0.013702979311347008,3.6292243003845215,0.05991692095994949,May,3,2,1,4,Returning_Visitor,True,False
0.02497267723083496,2.5080947875976562,0.03864815831184387,1.0875701904296875,8.253156661987305,346.8394775390625,0.022893894463777542,0.052032191306352615,0.26021242141723633,0.2905805706977844,Nov,3,2,1,3,Returning_Visitor,False,False
0.09730219841003418,13.406715393066406,0.04674673080444336,64.32242584228516,46.07001495361328,841.98974609375,0.006819297559559345,0.030551932752132416,2.6617488861083984,0.0004488341510295868,Nov,2,2,1,1,Returning_Visitor,False,False
10.144879341125488,354.3962707519531,0.2034388780593872,91.293701171875,129.2367706298828,4586.6962890625,0.009989779442548752,0.027126852422952652,3.996931552886963,-0.00021156668663024902,Nov,1,1,1,2,Returning_Visitor,False,False
5.588860034942627,159.8948516845703,3.0475194454193115,127.5102767944336,105.74324035644531,4479.5341796875,0.0032235141843557358,0.014445852488279343,5.490964412689209,-0.0004815720021724701,Nov,2,2,1,2,Returning_Visitor,False,False
4.7229719161987305,131.33201599121094,0.03944012522697449,1.7243385314941406,22.206077575683594,720.1285400390625,0.001039380207657814,0.008847177028656006,3.6303751468658447,0.07173486053943634,May,1,1,1,2,Returning_Visitor,False,False
0.17441058158874512,5.565826416015625,0.045589059591293335,1.7038459777832031,29.539291381835938,1706.632080078125,0.010822989977896214,0.030244000256061554,1.396155834197998,0.3691696524620056,May,2,2,1,3,Returning_Visitor,False,False
4.934625148773193,100.38362884521484,0.04359695315361023,4.011091232299805,4.909271240234375,273.22650146484375,0.0015049036592245102,0.035063572227954865,0.021955490112304688,0.000346403568983078,May,3,2,1,2,Returning_Visitor,False,False
0.022326231002807617,1.962921142578125,0.03525325655937195,1.4392433166503906,5.517509460449219,255.50177001953125,0.06954854726791382,0.14577001333236694,-0.12219667434692383,-0.0003212764859199524,Mar,2,2,1,1,Returning_Visitor,False,False
3.0669312477111816,173.966064453125,0.02712872624397278,3.3372859954833984,30.10090446472168,767.3016357421875,0.0017324071377515793,0.01665734127163887,4.463673114776611,-0.00022599101066589355,Mar,2,2,1,2,Returning_Visitor,False,False
0.4752013683319092,30.791664123535156,3.0793745517730713,351.5252685546875,21.031885147094727,1088.8648681640625,0.008782603777945042,0.03841628134250641,2.9999310970306396,0.00042344629764556885,Nov,1,1,1,2,Returning_Visitor,False,False
2.875363349914551,97.66407012939453,0.023087412118911743,2.8691272735595703,19.41832160949707,609.8417358398438,0.0010629966855049133,0.018610307946801186,3.831225633621216,-0.0004225000739097595,May,2,2,1,2,Returning_Visitor,False,False
0.07721114158630371,5.2396392822265625,0.03988125920295715,1.1649131774902344,21.642601013183594,856.2900390625,0.02382899634540081,0.03780331462621689,1.7289972305297852,0.3565794825553894,May,2,2,1,3,Returning_Visitor,False,False
1.8863266706466675,69.7233657836914,0.02548345923423767,0.8627738952636719,3.9930191040039062,280.07452392578125,0.005394212901592255,0.05605541914701462,0.19942998886108398,0.21200716495513916,May,2,2,1,3,Returning_Visitor,False,False
3.198540210723877,74.12822723388672,0.023645073175430298,2.7615604400634766,22.74755859375,449.85858154296875,0.0008858051151037216,0.018586859107017517,2.3232595920562744,-0.0003523118793964386,Mar,2,2,1,2,New_Visitor,False,False
0.06919360160827637,3.4680328369140625,0.02826368808746338,1.0123405456542969,8.084474563598633,340.9344482421875,0.003378935158252716,0.03841131925582886,-0.12218332290649414,0.1717449128627777,May,2,2,1,2,Returning_Visitor,False,False
0.06836891174316406,1.6381378173828125,0.040718257427215576,1.4720039367675781,16.970579147338867,696.9190673828125,0.00987535435706377,0.05550111085176468,0.687009334564209,0.28737208247184753,May,2,2,1,3,Returning_Visitor,False,False
0.9927935600280762,39.505619049072266,0.03206777572631836,2.492471694946289,18.150423049926758,974.0914916992188,0.010070017538964748,0.014001317322254181,25.124393463134766,0.20338471233844757,Nov,2,2,1,2,Returning_Visitor,False,True
6.006860733032227,160.4405517578125,0.0693669319152832,11.564931869506836,31.368146896362305,842.6796875,0.0015622898936271667,0.018270784988999367,28.19021987915039,-0.0008623078465461731,May,2,2,1,2,Returning_Visitor,False,True
1.1747384071350098,33.82381057739258,0.023374736309051514,2.412212371826172,20.921127319335938,481.718994140625,0.002690529450774193,0.019367264583706856,1.4233241081237793,0.160239577293396,Mar,2,1,1,2,Returning_Visitor,False,False
0.022279024124145508,1.0330810546875,0.034418851137161255,0.997406005859375,6.483299255371094,257.3052978515625,0.10635499656200409,0.14763018488883972,-0.11415529251098633,0.3100808262825012,May,3,2,1,3,Returning_Visitor,False,False
6.047876358032227,197.5245361328125,0.044111788272857666,7.110614776611328,21.94806671142578,741.3955688476562,0.0008609537035226822,0.009956687688827515,3.7411048412323,-0.00040208548307418823,Nov,2,2,1,2,Returning_Visitor,False,False
0.05993056297302246,3.5124053955078125,0.028967976570129395,1.0401573181152344,5.231546401977539,289.96954345703125,0.004799839109182358,0.04233190417289734,-0.18772029876708984,0.00016989558935165405,Mar,2,2,1,2,Returning_Visitor,False,False
2.785435438156128,41.92822265625,0.042816102504730225,2.2948379516601562,30.247228622436523,855.4993286132812,0.032045576721429825,0.036180440336465836,2.450676441192627,-0.00036685168743133545,Nov,2,2,1,1,Returning_Visitor,False,False
3.6803464889526367,197.588134765625,0.043704837560653687,2.4722042083740234,17.59749984741211,622.7911376953125,0.002845127135515213,0.008346401154994965,2.010918140411377,6.02230429649353e-05,Dec,2,2,1,2,New_Visitor,False,False
3.013002872467041,40.03693771362305,1.9992308616638184,113.05403137207031,24.35099220275879,1804.89111328125,0.002953397110104561,0.014077223837375641,3.4002480506896973,-0.00035916268825531006,Nov,2,2,1,2,Returning_Visitor,False,False
0.003072023391723633,9.191398620605469,0.037421196699142456,1.6400680541992188,21.367877960205078,725.9205322265625,0.07766968756914139,0.09902427345514297,1.4371280670166016,0.004672229290008545,Mar,3,2,1,1,Returning_Visitor,False,False
1.0998952388763428,30.136550903320312,0.02723214030265808,1.6446037292480469,10.157739639282227,285.54986572265625,-0.004427896812558174,0.07867422699928284,0.1865062713623047,0.14993122220039368,May,2,2,1,2,New_Visitor,False,False
0.019727706909179688,0.9196548461914062,0.03416574001312256,0.9591217041015625,6.483299255371094,361.61053466796875,0.1607939451932907,0.1766563504934311,-0.08010101318359375,0.33022868633270264,May,3,2,1,3,Returning_Visitor,False,False
7.200439453125,323.4727478027344,0.051406532526016235,10.307817459106445,36.2425422668457,1221.8182373046875,0.0014181453734636307,0.010679535567760468,38.63405227661133,-0.00039035454392433167,Nov,2,2,1,2,New_Visitor,False,True
7.931098937988281,167.72589111328125,0.06885433197021484,7.215097427368164,41.8668212890625,2542.267578125,0.0019452180713415146,0.01639596000313759,8.147866249084473,0.0012198984622955322,Nov,2,2,1,2,Returning_Visitor,False,False
2.0074563026428223,72.87667083740234,0.04475250840187073,4.424812316894531,31.09650421142578,1664.785888671875,0.0025809630751609802,0.02618417702615261,3.949547290802002,0.26877039670944214,May,2,2,1,2,Returning_Visitor,False,False
0.034688472747802734,3.2100830078125,0.026318013668060303,0.9879875183105469,4.926601409912109,277.1053466796875,0.020103275775909424,0.06940049678087234,-0.30582666397094727,0.0008035190403461456,Nov,2,2,1,2,Returning_Visitor,False,False
1.602123498916626,55.383872985839844,2.1950433254241943,231.75912475585938,80.98802185058594,3778.57177734375,0.0038448330014944077,0.022296614944934845,14.765230178833008,-4.5709311962127686e-06,Nov,2,2,1,2,Returning_Visitor,False,False
1.669518232345581,36.98745346069336,0.04484856128692627,3.4366188049316406,30.559097290039062,743.93017578125,0.0024740472435951233,0.027499273419380188,3.3671810626983643,0.2300354689359665,May,3,2,1,2,Returning_Visitor,False,False
2.5338454246520996,137.68704223632812,1.7504820823669434,62.10874557495117,43.002838134765625,2750.854736328125,0.008219309151172638,0.03558759018778801,3.499047040939331,0.39319533109664917,May,2,2,1,4,Returning_Visitor,False,False
0.05327320098876953,9.435417175292969,0.041204988956451416,1.4784126281738281,26.22643280029297,1148.759765625,0.015118472278118134,0.0459526963531971,1.7034311294555664,0.3504142165184021,May,2,2,1,1,Returning_Visitor,False,False
5.531580924987793,269.3415832519531,0.06396633386611938,6.073457717895508,34.90493392944336,859.9935302734375,0.007380292750895023,0.013165431097149849,4.123589038848877,0.07863958179950714,May,2,2,1,2,Returning_Visitor,False,False
0.11238741874694824,6.1287078857421875,0.04422995448112488,2.3926639556884766,22.3291072845459,1147.3892822265625,0.01746593788266182,0.02164277620613575,1.885087013244629,3.936886787414551e-05,Nov,1,1,1,2,Returning_Visitor,False,False
0.07285428047180176,3.5282135009765625,0.028802096843719482,1.4466629028320312,5.494190216064453,278.550537109375,-0.0020606722682714462,0.058679722249507904,-0.16277456283569336,-9.720027446746826e-05,Mar,2,2,1,1,Returning_Visitor,False,False
1.9186161756515503,98.11483001708984,0.028046071529388428,0.5619125366210938,3.796628952026367,268.24761962890625,-0.0017928965389728546,0.04486294463276863,0.35402488708496094,0.000474732369184494,Dec,2,2,1,2,New_Visitor,False,False
0.02415609359741211,1.87139892578125,0.0358910858631134,1.285888671875,6.177553176879883,264.72601318359375,0.1314152181148529,0.1723678708076477,-0.13564109802246094,0.0004420354962348938,May,3,2,1,13,Returning_Visitor,False,False
8.702247619628906,157.591064453125,-0.013226985931396484,9.233835220336914,14.609607696533203,1954.3958740234375,0.007234109565615654,0.014559071511030197,18.376502990722656,0.00018953904509544373,Nov,2,2,1,2,Returning_Visitor,False,False
5.579937934875488,202.66513061523438,0.047457218170166016,5.143304824829102,16.957109451293945,613.7645874023438,0.0015172939747571945,0.009763069450855255,2.4213268756866455,-0.000520315021276474,Dec,1,1,1,2,Returning_Visitor,False,True
4.762243270874023,174.71957397460938,0.042905569076538086,3.760995864868164,29.825878143310547,1176.40234375,0.003110574558377266,0.01270395889878273,5.244804859161377,-2.9791146516799927e-05,Nov,1,1,1,2,Returning_Visitor,False,False
-0.07501912117004395,11.222412109375,0.039982616901397705,1.9786663055419922,33.58780288696289,707.837890625,0.02338729240000248,0.06243043392896652,1.5336909294128418,-0.0005613826215267181,Nov,2,2,1,1,Returning_Visitor,False,False
1.673487663269043,73.71903991699219,0.02857506275177002,0.9929618835449219,7.3562469482421875,281.1025390625,0.0012556780129671097,0.021310288459062576,0.6800394058227539,0.0003098100423812866,Mar,2,2,1,2,Returning_Visitor,False,False
0.05817294120788574,30.04094696044922,0.03981366753578186,1.2333221435546875,6.160989761352539,272.63330078125,0.19344763457775116,0.18859520554542542,13.316200256347656,-0.0002188459038734436,Nov,3,2,1,13,Returning_Visitor,False,False
0.07426595687866211,7.631805419921875,0.02332901954650879,1.8343162536621094,19.70116424560547,611.9273071289062,0.0008493941277265549,0.016297640278935432,1.5709962844848633,-0.0004299432039260864,Dec,2,2,1,2,Returning_Visitor,False,False
0.006013393402099609,3.43853759765625,0.0387902557849884,1.4301986694335938,15.619636535644531,337.0592041015625,0.024165745824575424,0.06348960101604462,0.8854904174804688,-0.0012076720595359802,May,1,1,1,1,Returning_Visitor,False,False
2.8711438179016113,89.38948059082031,0.04502752423286438,4.224729537963867,42.64253616333008,809.5123291015625,0.004589864984154701,0.023063797503709793,4.44735050201416,0.1636810004711151,May,1,1,1,3,Returning_Visitor,False,False
1.4900400638580322,46.23222351074219,0.025352388620376587,3.741962432861328,30.100414276123047,719.98095703125,0.001494046300649643,0.01516169123351574,42.16801452636719,0.11013880372047424,May,2,2,1,2,Returning_Visitor,False,True
7.244561672210693,211.09130859375,0.053938597440719604,8.866741180419922,27.030508041381836,1327.089599609375,0.002808099612593651,0.015011807903647423,4.179797649383545,-0.00026595592498779297,Mar,2,2,1,2,Returning_Visitor,False,False
2.7858567237854004,52.41992950439453,2.2832448482513428,116.0791015625,33.5214729309082,813.2369995117188,0.004267234355211258,0.01870257779955864,4.244111061096191,-0.0005306117236614227,Nov,3,2,1,2,Returning_Visitor,False,False
2.2412045001983643,58.78468704223633,3.312653064727783,291.91058349609375,71.3971176147461,4266.388671875,0.0017452128231525421,0.01802540011703968,20.948776245117188,-0.00047642365097999573,Nov,2,2,1,2,Returning_Visitor,False,False
-0.01666402816772461,9.929176330566406,0.7990930676460266,68.1098403930664,27.505250930786133,491.39019775390625,0.05488982051610947,0.0739288330078125,1.3970789909362793,0.3840980529785156,May,3,2,1,13,Returning_Visitor,False,False
0.04073500633239746,2.8167343139648438,0.02630847692489624,0.4428443908691406,4.02197265625,285.71160888671875,0.006154503673315048,0.05208135396242142,-0.286221981048584,0.20399239659309387,May,2,2,1,3,Returning_Visitor,False,False
7.033729076385498,175.138427734375,1.4610826969146729,79.94966125488281,129.4070587158203,4898.5908203125,0.002117045223712921,0.010672762989997864,26.29891586303711,-0.0006451457738876343,Nov,2,1,1,2,Returning_Visitor,False,True
0.021170616149902344,0.7804718017578125,0.03436121344566345,0.800933837890625,6.042686462402344,255.389892578125,0.20202915370464325,0.20058615505695343,-0.24849891662597656,0.23053228855133057,May,3,2,1,13,Returning_Visitor,False,False
0.037848472595214844,1.6840362548828125,0.0360260009765625,1.0215415954589844,6.447765350341797,263.5484619140625,0.10680931806564331,0.15926283597946167,0.046448707580566406,-0.00036877021193504333,May,2,2,1,1,Returning_Visitor,False,False
0.044560909271240234,43.93740463256836,0.04468461871147156,2.5774173736572266,21.931652069091797,504.40472412109375,0.012634006328880787,0.04554494097828865,23.312908172607422,0.23011285066604614,Nov,2,2,1,3,Returning_Visitor,False,True
0.14107179641723633,9.288665771484375,0.02816873788833618,1.7278175354003906,19.749319076538086,803.8433837890625,0.002033064141869545,0.014133421704173088,2.2137224674224854,0.00016160309314727783,Dec,2,2,1,2,Returning_Visitor,False,False
0.22552847862243652,4.710395812988281,0.06578850746154785,5.84765625,71.45077514648438,3805.23046875,0.010673381388187408,0.02630673721432686,1.4596147537231445,0.0004794113337993622,Nov,2,2,1,1,Returning_Visitor,False,False
5.980908393859863,140.17593383789062,0.056190937757492065,2.913684844970703,24.384279251098633,1249.0589599609375,0.013492443598806858,0.01547938771545887,24.773536682128906,-0.0035561323165893555,May,2,2,1,1,Returning_Visitor,False,False
0.08469104766845703,9.995628356933594,0.02393120527267456,2.8936080932617188,34.467201232910156,1836.826171875,0.0017656125128269196,0.018146006390452385,4.6895246505737305,-0.00033556297421455383,Nov,2,2,1,2,Returning_Visitor,False,False
6.010565757751465,339.6984558105469,0.08041548728942871,4.780406951904297,46.102516174316406,2765.969482421875,0.013592978939414024,0.025233162567019463,3.946333408355713,0.2626216411590576,May,2,2,1,13,Returning_Visitor,False,False
0.03366231918334961,1.9315109252929688,0.037156522274017334,1.3588638305664062,7.973077774047852,341.03631591796875,0.019027477130293846,0.061082206666469574,0.29125213623046875,-0.0011296868324279785,May,2,2,1,1,Returning_Visitor,False,False
2.774291515350342,128.08607482910156,0.0471896231174469,3.1258201599121094,20.589038848876953,339.654541015625,0.0076004741713404655,0.023563796654343605,1.9898490905761719,0.0001427680253982544,May,2,1,1,1,Returning_Visitor,False,False
0.07342195510864258,4.1022186279296875,0.0261649489402771,1.0710830688476562,4.419914245605469,282.19140625,0.009091291576623917,0.06014192849397659,-0.3075728416442871,-0.000607512891292572,May,2,2,1,1,Returning_Visitor,False,False
0.033428192138671875,3.2619857788085938,0.025066912174224854,0.446075439453125,3.643770217895508,275.34906005859375,0.014666054397821426,0.09270350635051727,-0.29072046279907227,0.20371617376804352,Nov,2,2,1,3,Returning_Visitor,False,False
5.797327995300293,187.1955108642578,0.06525775790214539,4.104265213012695,37.02857971191406,1214.2860107421875,0.001700839027762413,0.013506511226296425,5.878137111663818,-0.00038280338048934937,Nov,2,2,1,2,Returning_Visitor,False,False
4.146506309509277,126.7179946899414,0.04362130165100098,2.4084606170654297,14.604522705078125,468.5943603515625,0.0008323974907398224,0.012300454080104828,1.9895329475402832,-0.000529024749994278,Mar,2,2,1,2,New_Visitor,False,False
7.886928081512451,167.96218872070312,1.6723928451538086,60.24153518676758,25.85634994506836,1976.89208984375,0.0011181831359863281,0.008031848818063736,5.18449592590332,0.10935784131288528,May,2,2,1,2,Returning_Visitor,False,False
8.812313079833984,258.8996887207031,3.860332489013672,391.33807373046875,51.22684097290039,1781.5546875,0.005981074646115303,0.016632497310638428,16.921558380126953,0.0002116858959197998,Nov,1,1,1,2,Returning_Visitor,False,False
0.04073381423950195,3.71124267578125,0.026932626962661743,0.8279609680175781,4.063966751098633,282.44586181640625,-0.00013351254165172577,0.07988733053207397,-0.42229127883911133,0.000237245112657547,Mar,2,1,1,2,Returning_Visitor,False,False
0.008947372436523438,15.787460327148438,0.02013576030731201,1.6657295227050781,33.29085159301758,747.430419921875,0.0010062698274850845,0.014444256201386452,3.7707111835479736,-0.00012862682342529297,Nov,2,2,1,2,New_Visitor,False,False
10.395122528076172,206.96206665039062,2.854330539703369,264.561767578125,192.2008056640625,8387.4501953125,0.00904378853738308,0.01679358072578907,3.376621723175049,0.00013271719217300415,Nov,2,2,1,2,Returning_Visitor,False,False
7.224327087402344,79.06086730957031,0.044270455837249756,8.131525039672852,32.96746063232422,1770.95458984375,0.0020742006599903107,0.014953674748539925,5.624617576599121,0.07730554789304733,May,2,2,1,4,Returning_Visitor,False,False
0.11632275581359863,10.525482177734375,0.05013689398765564,5.039754867553711,55.038429260253906,1506.3123779296875,0.006900358013808727,0.031207747757434845,2.284884214401245,0.00025944784283638,Nov,2,2,1,2,Returning_Visitor,False,False
2.407552719116211,125.54035949707031,3.079529285430908,108.4352798461914,10.896894454956055,667.29443359375,0.00043887458741664886,0.013280099257826805,33.69892120361328,0.000334031879901886,Nov,2,1,1,2,New_Visitor,False,False
0.01762843132019043,13.661643981933594,0.026080280542373657,1.3723335266113281,22.788265228271484,475.1370849609375,0.0011036545038223267,0.01798640936613083,1.7506470680236816,0.1839161068201065,Dec,2,2,1,2,Returning_Visitor,False,False
4.210888862609863,234.76705932617188,3.6892518997192383,179.21966552734375,298.5685729980469,7792.24560546875,0.0039869993925094604,0.016503795981407166,3.19018816947937,-0.0003219097852706909,Nov,2,2,1,2,Returning_Visitor,False,False
0.02916240692138672,-0.252288818359375,0.037529706954956055,0.8074073791503906,6.316675186157227,260.211181640625,0.08303794264793396,0.10429791361093521,-0.02534961700439453,0.3113641142845154,May,1,1,1,3,Returning_Visitor,True,False
4.1571149826049805,206.75030517578125,0.0658465027809143,5.674928665161133,32.10395050048828,1252.8465576171875,0.002253357321023941,0.02055438421666622,4.900060653686523,-0.0007707178592681885,May,2,2,1,2,Returning_Visitor,False,False
4.644885063171387,176.8170928955078,0.03681221604347229,2.5123291015625,46.10844421386719,1148.9091796875,0.0013460349291563034,0.009866077452898026,3.4548771381378174,0.07340439409017563,May,2,2,1,2,Returning_Visitor,False,False
0.018336772918701172,1.1329269409179688,0.03468993306159973,0.9372711181640625,6.657390594482422,314.5263671875,0.05577801913022995,0.11413463205099106,-0.1198115348815918,0.32163339853286743,May,3,2,1,13,Returning_Visitor,False,False
0.0993657112121582,10.867286682128906,0.046460092067718506,2.432537078857422,31.96698570251465,994.8939208984375,0.00768919475376606,0.027526980265975,1.9784266948699951,0.0005135200917720795,Nov,2,2,1,2,Returning_Visitor,False,False
0.03939938545227051,10.506187438964844,0.042038142681121826,1.7248725891113281,30.213289260864258,973.9562377929688,0.02401861548423767,0.04517360404133797,2.000995635986328,-0.00029730796813964844,Nov,2,2,1,1,Returning_Visitor,False,False
1.5211926698684692,125.75996398925781,0.04222854971885681,1.7283096313476562,7.4242706298828125,334.676025390625,0.030231621116399765,0.055359289050102234,0.7127690315246582,-0.00670468807220459,May,3,2,1,13,Returning_Visitor,False,False
0.1440877914428711,13.604194641113281,2.571798086166382,53.572853088378906,12.815052032470703,906.73681640625,0.021906118839979172,0.020035741850733757,1.0680007934570312,0.2753237187862396,May,3,2,1,4,Returning_Visitor,False,False
5.419334411621094,187.01011657714844,0.050667256116867065,3.506450653076172,27.734085083007812,1267.080078125,0.006423778831958771,0.011659812182188034,4.8554582595825195,-0.00018786638975143433,Nov,2,2,1,2,Returning_Visitor,False,False
0.039819955825805664,2.4434356689453125,0.039511680603027344,1.6490402221679688,7.740907669067383,275.3504638671875,0.012010529637336731,0.07205971330404282,0.18741798400878906,-2.7414411306381226e-05,Mar,2,2,1,1,Returning_Visitor,False,False
10.751531600952148,252.4390869140625,0.08910214900970459,19.000003814697266,125.701171875,4468.513671875,0.00505002960562706,0.0120120570063591,6.96486759185791,-0.0003669746220111847,Nov,2,2,1,2,Returning_Visitor,False,True
4.13974666595459,184.08294677734375,0.06846535205841064,5.351503372192383,28.670223236083984,667.0363159179688,0.0048460401594638824,0.02254643477499485,3.7210965156555176,-0.0009531937539577484,May,1,1,1,2,Returning_Visitor,False,True
2.841217279434204,147.9125518798828,1.9637823104858398,66.68355560302734,91.55427551269531,2668.619384765625,0.0020239409059286118,0.013980459421873093,6.223186492919922,0.2285335659980774,May,2,2,1,2,Returning_Visitor,False,False
3.304788827896118,207.3033447265625,2.9514319896698,119.33065795898438,39.325626373291016,2109.45703125,0.0011393427848815918,0.007202368229627609,6.381778240203857,-0.0006348490715026855,Mar,2,2,1,2,Returning_Visitor,False,True
0.07679033279418945,3.8455657958984375,0.028500795364379883,1.4815330505371094,7.793754577636719,269.03900146484375,0.002222871407866478,0.044023267924785614,-0.06914329528808594,0.18047650158405304,May,1,1,1,3,Returning_Visitor,False,False
4.755753517150879,31.94268798828125,0.057075947523117065,3.1209659576416016,7.8827972412109375,445.84515380859375,0.015133572742342949,0.021539853885769844,0.3103508949279785,-0.0006109587848186493,Mar,1,1,1,3,Returning_Visitor,False,False
0.0682532787322998,1.5962448120117188,0.04052212834358215,1.3380813598632812,12.597953796386719,743.8952026367188,0.013936835341155529,0.0474996492266655,0.5215678215026855,0.3426814675331116,May,2,2,1,3,Returning_Visitor,False,False
3.840806007385254,169.38710021972656,0.06290104985237122,2.399026870727539,9.514375686645508,404.4544677734375,0.0350806787610054,0.06888269633054733,1.3547515869140625,-0.00032280758023262024,Mar,1,1,1,1,Returning_Visitor,False,False
0.11749601364135742,40.56510543823242,0.023355215787887573,1.6929473876953125,25.940135955810547,744.4449462890625,0.0009002853184938431,0.013856688514351845,2.8379812240600586,-0.0003989674150943756,Nov,2,2,1,2,Returning_Visitor,False,False
4.781205177307129,237.34097290039062,1.5491023063659668,81.53895568847656,120.0572509765625,2295.1689453125,0.005285518243908882,0.01997831091284752,3.926624298095703,-8.0060213804245e-05,Nov,2,2,1,2,Returning_Visitor,False,False
0.8005419969558716,32.23394775390625,0.03495582938194275,3.9441680908203125,17.7551212310791,330.29541015625,0.0030482690781354904,0.038161519914865494,0.8535647392272949,-0.0005668811500072479,Nov,3,2,1,1,Returning_Visitor,False,False
8.56399917602539,265.43756103515625,3.5567688941955566,68.20266723632812,85.0205078125,3849.994140625,0.004584178328514099,0.008819065988063812,19.231300354003906,-0.0006169788539409637,Nov,2,2,1,2,Returning_Visitor,False,True
2.5341358184814453,95.40168762207031,2.0113494396209717,60.68690872192383,33.050167083740234,1264.996826171875,0.003317069262266159,0.012879030779004097,33.89346694946289,-6.225332617759705e-05,Nov,1,1,1,2,Returning_Visitor,False,False
5.8454999923706055,249.68350219726562,0.07111793756484985,5.925666809082031,48.70754623413086,1689.893798828125,0.0037550274282693863,0.016763586550951004,5.30265474319458,0.1588190197944641,May,2,2,1,2,Returning_Visitor,False,False
0.2008836269378662,6.032722473144531,0.0368269681930542,1.9899654388427734,15.487594604492188,707.4830932617188,0.03466673940420151,0.07261592894792557,1.0117359161376953,-0.0002187862992286682,Nov,2,2,1,1,Returning_Visitor,False,False
0.04596209526062012,3.0852279663085938,0.025642812252044678,0.7563667297363281,4.056661605834961,285.55841064453125,0.005045806989073753,0.09691844880580902,-0.2484421730041504,0.0002330988645553589,Nov,2,2,1,2,Returning_Visitor,False,False
3.018794536590576,105.12249755859375,2.937340259552002,211.55653381347656,18.61790657043457,576.2551879882812,0.014832842163741589,0.03044726513326168,3.205256462097168,0.0011204443871974945,Nov,1,1,1,2,Returning_Visitor,False,False
3.977241039276123,153.35824584960938,0.06646308302879333,5.821138381958008,70.16365814208984,1438.4847412109375,0.00897994264960289,0.024676630273461342,4.135162830352783,0.0001500062644481659,Nov,2,1,1,1,Returning_Visitor,False,False
3.7392430305480957,73.49778747558594,0.05935180187225342,1.8640823364257812,8.08945083618164,375.5609130859375,0.01307536568492651,0.031018370762467384,0.6723532676696777,4.3801963329315186e-05,Dec,3,2,1,2,Returning_Visitor,False,False
3.132009506225586,151.37855529785156,0.027936995029449463,5.616022109985352,47.886627197265625,1196.638916015625,0.0014629848301410675,0.011256199330091476,31.854389190673828,-0.0003292188048362732,Nov,2,2,1,2,Returning_Visitor,False,True
0.017360687255859375,1.4131851196289062,0.03455454111099243,0.9269371032714844,6.181434631347656,259.04840087890625,0.11144378036260605,0.15185412764549255,-0.08246564865112305,0.29813340306282043,May,1,1,1,3,Returning_Visitor,False,False
0.07561826705932617,4.16131591796875,0.029123306274414062,2.1153297424316406,8.203411102294922,388.05401611328125,0.0025130994617938995,0.03452818840742111,-0.034420013427734375,0.00037966296076774597,Nov,2,2,1,2,Returning_Visitor,False,False
2.237518072128296,73.84574127197266,0.03951370716094971,1.8478050231933594,20.57223892211914,965.4130249023438,0.037755921483039856,0.0620696097612381,2.5715250968933105,0.0026738643646240234,Nov,3,2,1,1,Returning_Visitor,False,False
4.057304382324219,130.00946044921875,0.046913981437683105,1.9493026733398438,6.674655914306641,298.52618408203125,0.0024727899581193924,0.03823570907115936,19.434955596923828,0.0003136061131954193,Nov,1,1,1,2,New_Visitor,False,False
0.03453779220581055,8.228782653808594,0.037784725427627563,0.982177734375,25.520488739013672,791.1954956054688,0.07112066447734833,0.09806117415428162,1.531930923461914,0.42445099353790283,May,2,2,1,3,Returning_Visitor,False,False
1.6967833042144775,37.043087005615234,0.022441834211349487,1.9314498901367188,19.42940902709961,739.92431640625,0.003828141838312149,0.00788644328713417,2.2925779819488525,-0.00015176087617874146,Dec,2,2,1,2,Returning_Visitor,False,False
3.710972309112549,128.96490478515625,0.03981485962867737,1.069671630859375,5.809537887573242,279.429443359375,-0.003329087048768997,0.03850879520177841,15.07436466217041,0.00017404556274414062,Nov,2,2,1,5,New_Visitor,False,False
4.561997890472412,170.15066528320312,0.06926336884498596,3.448354721069336,16.039405822753906,679.223388671875,0.02250317670404911,0.042432185262441635,16.08901596069336,-0.0008139088749885559,Nov,1,8,1,1,Returning_Visitor,False,False
0.07052850723266602,3.773895263671875,0.0207635760307312,2.054716110229492,11.787967681884766,295.43084716796875,0.0005715284496545792,0.04525517672300339,0.20357322692871094,0.1359151005744934,May,2,2,1,4,Returning_Visitor,False,False
0.03324389457702637,11.224555969238281,0.05682015419006348,7.4337005615234375,78.36113739013672,2772.50439453125,0.02422514744102955,0.035367559641599655,0.5884709358215332,-0.00011234357953071594,Nov,2,2,1,1,Returning_Visitor,False,False
8.517705917358398,235.46810913085938,0.09105309844017029,12.376293182373047,33.48566818237305,1795.35595703125,0.000703953206539154,0.012286011129617691,25.689414978027344,-0.00022063404321670532,Nov,2,2,1,2,Returning_Visitor,False,True
0.02779221534729004,5.536102294921875,0.03348320722579956,0.16834259033203125,4.198781967163086,247.9296875,0.1952759176492691,0.19952231645584106,1.7585325241088867,9.71183180809021e-05,Dec,8,13,9,20,Other,False,False
-0.025345325469970703,10.798553466796875,0.04506734013557434,2.3052845001220703,33.128658294677734,396.1214599609375,0.010312655940651894,0.04551900178194046,1.6190719604492188,0.00010980665683746338,Nov,2,2,1,2,Returning_Visitor,False,False
0.026024818420410156,1.44287109375,0.03632014989852905,1.1097450256347656,6.723302841186523,381.4593505859375,0.020961496978998184,0.07753269374370575,0.1449136734008789,0.31173884868621826,May,2,2,1,3,Returning_Visitor,False,False
5.363775253295898,248.86395263671875,3.6724164485931396,374.11676025390625,50.003326416015625,3093.32421875,0.0039855558425188065,0.024123065173625946,6.928274631500244,-0.0002338699996471405,Nov,2,2,1,2,Returning_Visitor,False,False
0.04017186164855957,3.8446884155273438,0.027534514665603638,0.6422882080078125,4.074916839599609,284.5736083984375,0.010045735165476799,0.045877858996391296,-0.34874391555786133,-7.654726505279541e-05,Mar,1,1,1,2,Returning_Visitor,False,False
4.584549903869629,131.44326782226562,2.214038372039795,222.90122985839844,31.842945098876953,1409.9530029296875,0.0038585420697927475,0.01590418443083763,24.391700744628906,-0.00026441365480422974,Nov,1,1,1,2,Returning_Visitor,False,True
3.155038833618164,110.5838394165039,0.04203590750694275,4.707494735717773,39.437644958496094,1264.358154296875,0.0037868376821279526,0.027411270886659622,5.26097297668457,-0.00012383237481117249,Mar,1,1,1,2,Returning_Visitor,False,False
5.272313117980957,190.3331298828125,2.166447401046753,159.66102600097656,12.314607620239258,548.7162475585938,0.0015315953642129898,0.01972959376871586,27.68939971923828,-0.0003526322543621063,Nov,2,2,1,2,New_Visitor,False,True
0.04719972610473633,3.6143951416015625,0.027168363332748413,0.6502685546875,3.7488536834716797,277.4456787109375,0.006053730845451355,0.07552769780158997,-0.20780420303344727,0.21075750887393951,Nov,2,2,1,3,Returning_Visitor,False,False
0.020273208618164062,1.6576080322265625,0.03457179665565491,1.1472663879394531,6.009641647338867,262.8916015625,0.19724041223526,0.19956019520759583,-0.1348409652709961,0.0007527954876422882,Nov,1,8,1,1,Returning_Visitor,False,False
0.09705448150634766,3.1946792602539062,0.043540894985198975,1.7919502258300781,13.847415924072266,614.5987548828125,0.008773351088166237,0.04446939006447792,0.43617916107177734,3.2357871532440186e-05,Mar,1,1,1,1,Returning_Visitor,False,False
2.0511457920074463,96.511962890625,0.030137985944747925,53.25202178955078,8.802164077758789,302.51861572265625,-0.0013594366610050201,0.04392020404338837,0.8076977729797363,7.81528651714325e-05,Dec,2,2,1,2,New_Visitor,False,False
0.03542804718017578,2.3055267333984375,0.0371459424495697,1.3625755310058594,5.814308166503906,345.69268798828125,0.010866655968129635,0.06094636023044586,0.09746885299682617,-0.0004673972725868225,Nov,2,2,1,1,Returning_Visitor,False,False
3.5506556034088135,124.67964172363281,0.03352424502372742,6.316349029541016,62.32853317260742,1307.9483642578125,0.00225064717233181,0.013975761830806732,5.217075824737549,0.08548371493816376,May,2,2,1,2,Returning_Visitor,False,True
4.249262809753418,167.04261779785156,0.049557387828826904,2.503072738647461,12.381746292114258,393.5760498046875,0.005367731675505638,0.020014461129903793,1.4416637420654297,0.00043623894453048706,Dec,2,2,1,2,New_Visitor,False,False
3.040379047393799,168.0594482421875,0.03424113988876343,2.1602001190185547,11.186845779418945,296.47979736328125,0.00012418441474437714,0.017270492389798164,1.6378016471862793,-0.0002848207950592041,Dec,2,2,1,2,New_Visitor,False,False
4.0764384269714355,189.27685546875,0.07126250863075256,5.101785659790039,49.5777702331543,1682.1741943359375,0.006979486905038357,0.030713113024830818,4.633996486663818,-7.269158959388733e-05,Nov,2,2,1,2,Returning_Visitor,False,False
0.2012336254119873,5.584037780761719,0.042886167764663696,2.5884151458740234,33.73224639892578,2077.26318359375,0.005394292995333672,0.0235562976449728,2.67012357711792,0.3727990388870239,May,2,2,1,4,Returning_Visitor,False,False
-0.02285599708557129,17.604778289794922,0.024131834506988525,4.619117736816406,46.598995208740234,1735.2740478515625,0.0005693342536687851,0.007323067635297775,42.232147216796875,-0.0006093569099903107,Nov,2,2,1,2,Returning_Visitor,False,True
0.2147669792175293,5.730445861816406,0.04690784215927124,2.6253585815429688,25.52545166015625,1259.89794921875,0.006551925092935562,0.02909735217690468,2.3164265155792236,0.0008305422961711884,Nov,2,2,1,2,Returning_Visitor,False,False
0.021509170532226562,1.5192031860351562,0.034966856241226196,0.8436698913574219,5.907905578613281,255.1912841796875,0.19713252782821655,0.20033816993236542,-0.13142728805541992,0.19900667667388916,May,1,1,1,3,Returning_Visitor,False,False
3.6700515747070312,76.35608673095703,0.04614773392677307,2.740255355834961,7.262941360473633,323.98291015625,0.005792044103145599,0.01807052083313465,23.936874389648438,-0.0008324980735778809,May,1,1,1,2,Returning_Visitor,False,True
0.11080670356750488,5.166435241699219,0.03004509210586548,1.5189056396484375,12.93351936340332,696.2554931640625,0.010906380601227283,0.019157471135258675,0.4633016586303711,0.00033498555421829224,Nov,2,2,1,2,Returning_Visitor,False,False
5.333797454833984,311.4100646972656,0.12433081865310669,7.685314178466797,18.99948501586914,520.9790649414062,0.00922915805131197,0.019403638318181038,1.570979118347168,-3.393739461898804e-05,Dec,2,2,1,1,Returning_Visitor,False,False
0.14588117599487305,9.74664306640625,0.048473864793777466,2.981618881225586,34.23506546020508,1257.908935546875,0.006719137541949749,0.02508820965886116,2.348954916000366,0.000905938446521759,Nov,2,2,1,2,Returning_Visitor,False,False
0.021314620971679688,1.2164382934570312,0.03606417775154114,1.2111740112304688,11.751033782958984,458.55755615234375,0.07670428603887558,0.12354990839958191,0.4652891159057617,0.4058483839035034,May,2,2,1,3,Returning_Visitor,False,False
0.08111333847045898,48.79768753051758,0.024957209825515747,2.922494888305664,26.21521759033203,822.9509887695312,0.0005913469940423965,0.010655615478754044,36.67523193359375,-0.00010082870721817017,Nov,2,2,1,2,Returning_Visitor,False,True
0.1610255241394043,4.0772705078125,0.030134081840515137,1.4319610595703125,12.080198287963867,796.2122802734375,0.006266161799430847,0.022210491821169853,0.671933650970459,0.00048473477363586426,Mar,2,2,1,1,Returning_Visitor,False,False
0.04022789001464844,1.8993301391601562,0.036142498254776,1.610076904296875,8.074064254760742,485.91046142578125,0.03413122519850731,0.07701878994703293,0.3268461227416992,0.0006794929504394531,Mar,2,2,1,1,Returning_Visitor,False,False
0.029285430908203125,3.2465057373046875,0.026674330234527588,1.0571937561035156,5.154378890991211,269.93841552734375,0.010600102134048939,0.06904394924640656,-0.16480636596679688,0.0008054114878177643,Mar,1,1,1,1,Returning_Visitor,False,False
0.046413421630859375,4.027931213378906,0.038371145725250244,0.723236083984375,6.132606506347656,283.80419921875,0.018362155184149742,0.05815712735056877,0.3845696449279785,-0.0002121962606906891,Dec,2,2,1,2,Returning_Visitor,False,False
4.352869510650635,281.55340576171875,0.05667203664779663,3.291248321533203,19.201961517333984,496.68975830078125,0.0038539785891771317,0.01950167864561081,1.614717960357666,2.4802982807159424e-05,May,2,2,1,2,Returning_Visitor,False,False
0.10807466506958008,10.066017150878906,0.03032386302947998,2.5287208557128906,14.02712631225586,491.370849609375,0.0025721322745084763,0.014059662818908691,39.05085372924805,0.11896660923957825,Nov,1,1,1,2,Returning_Visitor,False,True
6.336843490600586,191.85293579101562,0.04261907935142517,10.169525146484375,34.19694519042969,816.030029296875,0.0056442636996507645,0.010899826884269714,5.710139274597168,-0.0004574693739414215,Nov,2,2,1,2,Returning_Visitor,False,True
3.6044111251831055,114.40541076660156,0.048630982637405396,7.307018280029297,79.47574615478516,2650.34375,0.002447601407766342,0.016418570652604103,5.809953212738037,-0.0004971213638782501,Nov,2,2,1,2,Returning_Visitor,False,False
-0.10298991203308105,11.197288513183594,0.0384921133518219,5.313947677612305,35.730525970458984,263.41107177734375,0.10941730439662933,0.14635220170021057,1.3107523918151855,-0.0006213858723640442,Nov,3,2,1,13,Returning_Visitor,False,False
0.059450387954711914,3.0208282470703125,0.04396435618400574,2.8412113189697266,18.752981185913086,477.72625732421875,0.010257822461426258,0.048902854323387146,0.9616589546203613,0.0003463849425315857,Nov,3,2,1,2,Returning_Visitor,False,False
9.689373016357422,402.9876403808594,4.3853678703308105,246.0613250732422,70.36759948730469,4438.32080078125,0.0043792687356472015,0.010591544210910797,20.72148323059082,-0.000531412661075592,Nov,2,1,1,2,Returning_Visitor,False,True
-0.00592350959777832,6.4234466552734375,0.025655001401901245,0.8539276123046875,16.809921264648438,283.7039794921875,0.007287520915269852,0.04182209447026253,0.7028689384460449,0.21538732945919037,Mar,2,2,1,4,Returning_Visitor,False,False
0.04318428039550781,2.98907470703125,0.025142520666122437,0.85650634765625,3.8981494903564453,278.53118896484375,0.005262415856122971,0.0911741629242897,-0.3662242889404297,0.00015341490507125854,Mar,2,2,1,1,Returning_Visitor,False,False
3.9573307037353516,117.19830322265625,0.031270891427993774,5.395669937133789,49.1517333984375,1456.8055419921875,0.0019141510128974915,0.014410078525543213,5.678475379943848,-0.00042439624667167664,Nov,2,2,1,2,Returning_Visitor,False,False
2.686837673187256,34.86882781982422,0.019080698490142822,2.2925186157226562,14.603517532348633,267.384765625,0.002583736553788185,0.027974285185337067,-0.3115096092224121,-0.0002561621367931366,Aug,2,2,1,2,Returning_Visitor,False,False
2.639796495437622,72.57808685302734,0.036758482456207275,1.5813102722167969,17.106998443603516,404.10797119140625,0.04769089072942734,0.06396808475255966,1.8402519226074219,0.25738728046417236,Nov,3,2,1,13,Returning_Visitor,False,False
0.03800559043884277,2.2913665771484375,0.03677237033843994,1.3743057250976562,6.642980575561523,258.15252685546875,0.11039017885923386,0.13335508108139038,-0.023481369018554688,-0.0003557167947292328,Mar,1,1,1,3,Returning_Visitor,False,False
0.8662309646606445,32.81622314453125,0.027978092432022095,0.6014328002929688,10.221124649047852,328.33148193359375,0.010364583693444729,0.01808786951005459,0.6220264434814453,-0.0005053244531154633,Dec,2,2,1,2,Returning_Visitor,False,False
0.01704716682434082,6.575904846191406,0.028506606817245483,0.8378181457519531,16.968250274658203,283.43853759765625,0.008524570614099503,0.040589839220047,0.3986382484436035,0.0003630146384239197,Mar,1,1,1,2,Returning_Visitor,False,False
0.025080204010009766,3.065887451171875,0.02600497007369995,0.3473243713378906,7.8074798583984375,339.88909912109375,0.03669580817222595,0.029149912297725677,0.011200904846191406,0.2466217279434204,May,1,1,1,3,Returning_Visitor,False,False
0.22646880149841309,39.75321578979492,1.3632876873016357,109.91830444335938,23.11648941040039,1639.589599609375,0.005470398813486099,0.015510814264416695,23.634506225585938,0.0001763366162776947,Nov,2,1,1,2,Returning_Visitor,False,False
0.29511094093322754,42.0825309753418,0.045273274183273315,3.7784461975097656,32.535423278808594,1505.8291015625,0.01302197016775608,0.020153669640421867,1.6786470413208008,0.00020413100719451904,May,2,2,1,1,Returning_Visitor,False,False
2.260052442550659,74.10601043701172,0.021824389696121216,1.251953125,13.891607284545898,437.9970703125,7.160007953643799e-05,0.013936839997768402,1.3640623092651367,0.1570112705230713,May,2,2,1,2,New_Visitor,False,False
2.594013214111328,40.14368438720703,0.023004531860351562,1.6817436218261719,25.795665740966797,1085.329833984375,0.0009524598717689514,0.008473146706819534,3.1274335384368896,0.00012435391545295715,Dec,2,2,1,2,Returning_Visitor,False,False
1.8849782943725586,78.43794250488281,0.04606857895851135,4.022987365722656,27.036657333374023,1229.2279052734375,0.005081465467810631,0.02525334060192108,3.375426769256592,0.22229841351509094,May,1,1,1,4,Returning_Visitor,False,True
7.714257717132568,360.8697204589844,1.602442741394043,182.0394287109375,57.01239776611328,2003.045166015625,0.00946457963436842,0.013150723651051521,13.800244331359863,0.0001315101981163025,Nov,3,2,1,2,Returning_Visitor,False,False
0.1690523624420166,8.054901123046875,0.02545630931854248,1.8423690795898438,20.727863311767578,806.640625,0.0011076722294092178,0.01251770555973053,36.63362503051758,-8.79243016242981e-05,Nov,2,2,1,2,Returning_Visitor,False,False
0.08672118186950684,6.5752716064453125,0.022192448377609253,1.5378227233886719,17.17249298095703,598.9307250976562,0.0005705468356609344,0.01754574105143547,1.2256083488464355,-0.00037235021591186523,Dec,2,2,1,2,Returning_Visitor,False,False
0.025750160217285156,2.2751998901367188,0.036573559045791626,1.2641105651855469,6.968629837036133,374.25555419921875,0.08021427690982819,0.10165436565876007,0.2090291976928711,6.560608744621277e-05,Mar,1,1,1,3,Returning_Visitor,False,False
3.5953643321990967,111.84278106689453,0.060242533683776855,6.485939025878906,62.431190490722656,2742.0556640625,0.006690113805234432,0.02105315960943699,4.028843879699707,0.30472028255462646,Nov,2,2,1,2,Returning_Visitor,False,False
0.06975102424621582,5.96649169921875,0.027739524841308594,0.13077926635742188,4.984407424926758,272.84625244140625,0.0002515427768230438,0.04505172371864319,-0.1948556900024414,-0.000308353453874588,May,1,1,1,11,Returning_Visitor,False,False
7.613060474395752,352.07208251953125,-0.019929349422454834,16.225648880004883,34.39093780517578,2039.7479248046875,0.001444600522518158,0.010668199509382248,32.23090362548828,0.015572160482406616,May,2,2,1,2,Returning_Visitor,False,True
0.05313444137573242,3.8525390625,0.02730146050453186,0.9849052429199219,8.94405746459961,297.845703125,0.010168236680328846,0.029845820739865303,0.06805658340454102,-0.0001746639609336853,Dec,8,2,9,20,Returning_Visitor,False,False
0.02332592010498047,1.8786163330078125,0.035290658473968506,1.1411170959472656,5.922639846801758,261.075439453125,0.10099166631698608,0.18168096244335175,-0.003924369812011719,0.26877784729003906,May,1,1,1,3,Returning_Visitor,False,False
0.023773670196533203,1.5566635131835938,0.03485104441642761,1.2587203979492188,5.895378112792969,260.62384033203125,0.19915947318077087,0.19962476193904877,-0.1268787384033203,1.3437122106552124e-05,Mar,2,2,1,1,Returning_Visitor,False,False
0.0396265983581543,2.4971771240234375,0.024907827377319336,0.4782905578613281,4.1181488037109375,339.92974853515625,0.033669449388980865,0.04078628867864609,-0.39903783798217773,0.24577265977859497,May,2,2,1,3,Returning_Visitor,False,False
3.014005184173584,117.59568786621094,0.04166269302368164,6.987157821655273,53.00193405151367,1697.023193359375,0.0021474435925483704,0.014364233240485191,20.478836059570312,0.10753042995929718,May,2,2,1,2,Returning_Visitor,False,True
0.026992082595825195,1.22222900390625,0.03541421890258789,1.3619232177734375,6.1974029541015625,257.63092041015625,0.194264754652977,0.20131683349609375,-0.08982372283935547,0.0008068755269050598,Mar,2,2,1,1,Returning_Visitor,False,False
5.64301061630249,107.70203399658203,0.06046292185783386,5.853879928588867,66.631591796875,3046.045654296875,0.001837417483329773,0.014349156990647316,6.371781349182129,-0.0006925612688064575,Nov,2,2,1,2,Returning_Visitor,False,False
11.664976119995117,58.0009765625,4.533528804779053,261.65802001953125,182.26429748535156,6355.64990234375,0.003988154232501984,0.020915167406201363,3.46587872505188,-0.0004622712731361389,Nov,2,2,1,2,Returning_Visitor,False,True
0.1978893280029297,13.5870361328125,0.03937527537345886,5.085880279541016,42.84355163574219,1287.217041015625,0.0015322715044021606,0.015911951661109924,29.3614501953125,-0.00047678500413894653,Nov,2,2,1,2,Returning_Visitor,False,True
0.06938862800598145,2.2096939086914062,0.03762251138687134,1.6589202880859375,6.410205841064453,474.59832763671875,0.04199472814798355,0.05008353665471077,0.26827478408813477,-0.0004101954400539398,Nov,2,2,1,1,Returning_Visitor,False,False
0.11139965057373047,2.8727340698242188,0.04403194785118103,1.9298362731933594,13.915281295776367,748.9898071289062,0.016681212931871414,0.04006177559494972,0.9369330406188965,0.00037723779678344727,Nov,2,2,1,1,Returning_Visitor,False,False
3.2571592330932617,78.58077239990234,0.021244555711746216,1.9228096008300781,21.764835357666016,668.3606567382812,0.002927888184785843,0.007921338081359863,1.693784236907959,-8.412078022956848e-05,Mar,2,2,1,2,Returning_Visitor,True,False
5.1380743980407715,184.42044067382812,0.048436492681503296,3.7668190002441406,42.05571365356445,1664.518798828125,0.0038265492767095566,0.013948347419500351,4.748622894287109,-0.00022023916244506836,May,2,2,1,2,Returning_Visitor,False,False
0.05395936965942383,3.7369766235351562,0.02896738052368164,0.9417800903320312,7.377742767333984,280.50274658203125,-0.0006336383521556854,0.06929239630699158,-0.11425924301147461,0.18384331464767456,Mar,1,1,1,3,Returning_Visitor,False,False
0.029045581817626953,1.3018798828125,0.03423184156417847,1.1766891479492188,6.331289291381836,264.77801513671875,0.19416609406471252,0.2003886103630066,-0.09145402908325195,0.0008844137191772461,Nov,3,2,1,1,Returning_Visitor,False,False
5.242048263549805,170.3411865234375,0.06673777103424072,5.693347930908203,37.66754150390625,1500.3876953125,0.006570007652044296,0.020632151514291763,5.006982803344727,-0.0006244294345378876,Nov,2,2,1,2,Returning_Visitor,False,False
0.0316767692565918,1.6901397705078125,0.036232829093933105,1.5406837463378906,6.615381240844727,266.7322998046875,0.06463275849819183,0.12334176898002625,-0.11349725723266602,0.0009172819554805756,Mar,3,2,1,1,Returning_Visitor,False,False
2.5894532203674316,82.17755889892578,0.05021145939826965,5.309104919433594,46.405635833740234,2724.850830078125,0.006810062564909458,0.019231338053941727,4.009171485900879,0.3703349828720093,May,2,2,1,2,Returning_Visitor,False,False
2.095179796218872,39.071659088134766,1.3960753679275513,54.41804885864258,22.842893600463867,644.5941162109375,0.0018233172595500946,0.01004304364323616,1.2299041748046875,0.15338224172592163,Aug,1,1,1,2,Returning_Visitor,False,False
0.05226850509643555,3.7628250122070312,0.026500940322875977,0.8754196166992188,4.144948959350586,275.515380859375,0.01618274673819542,0.05170223489403725,-0.3565664291381836,0.00015061348676681519,May,2,2,1,1,Returning_Visitor,False,False
4.409955024719238,121.41236877441406,0.04009851813316345,3.300222396850586,41.29035186767578,907.4632568359375,0.0022568199783563614,0.013789327815175056,5.262479782104492,-0.0001653432846069336,Nov,2,1,1,2,Returning_Visitor,False,False
0.023102521896362305,1.7760467529296875,0.03555229306221008,1.0986213684082031,6.064565658569336,264.46368408203125,0.1987132877111435,0.19123917818069458,-0.1499009132385254,-0.0007307864725589752,Nov,3,2,1,13,Returning_Visitor,False,False
-0.03499960899353027,11.0902099609375,0.027950584888458252,0.94390869140625,20.377262115478516,276.93365478515625,0.008714759722352028,0.0406498946249485,0.9023938179016113,-0.00045349448919296265,Mar,2,1,1,1,Returning_Visitor,False,False
0.14080500602722168,3.272430419921875,1.633021593093872,54.63523864746094,16.1644229888916,641.67529296875,0.012657630257308483,0.03384920582175255,1.087263584136963,0.0003058500587940216,Mar,1,1,1,1,Returning_Visitor,False,False
2.374560594558716,30.692886352539062,0.03998616337776184,1.8254928588867188,8.929727554321289,491.93048095703125,0.016421711072325706,0.031341589987277985,0.45040416717529297,-0.0004149004817008972,Mar,1,1,1,1,Returning_Visitor,False,False
0.02267742156982422,29.47020721435547,0.03618389368057251,-0.5553703308105469,5.902584075927734,253.78619384765625,0.1970929503440857,0.19479312002658844,0.09752082824707031,0.20168347656726837,Nov,1,1,1,3,Returning_Visitor,False,False
8.508747100830078,188.85235595703125,0.08240962028503418,19.198869705200195,103.34619903564453,2761.0791015625,0.006849783472716808,0.028706226497888565,3.689293384552002,6.291642785072327e-05,Nov,2,2,1,1,Returning_Visitor,False,False
7.502802848815918,237.11416625976562,2.1490066051483154,67.13211059570312,44.40386199951172,1328.82470703125,0.0038196388632059097,0.019491462036967278,5.978082180023193,-0.00037872791290283203,Nov,2,2,1,2,Returning_Visitor,False,False
0.03600955009460449,3.6751785278320312,0.024611830711364746,0.9195289611816406,3.7559356689453125,284.68548583984375,0.010533167980611324,0.05529297888278961,-0.19603681564331055,-0.0005830675363540649,Nov,1,1,1,2,Returning_Visitor,False,False
0.10202741622924805,1.4731216430664062,0.03643229603767395,0.8448638916015625,8.528135299682617,809.83251953125,0.04611785709857941,0.07661804556846619,0.5917668342590332,0.4212947487831116,May,1,1,1,3,Returning_Visitor,False,False
0.17284345626831055,0.6130752563476562,0.051444172859191895,3.526773452758789,41.13475036621094,3019.553466796875,0.01335954200476408,0.0463077574968338,1.3436684608459473,0.4556507468223572,May,3,2,1,4,Returning_Visitor,True,False
1.7291300296783447,98.71720886230469,0.03127479553222656,1.3322982788085938,8.892040252685547,286.5028076171875,-0.004293518140912056,0.03420792520046234,25.256752014160156,0.00016980618238449097,Nov,2,2,1,2,New_Visitor,False,False
0.052781105041503906,3.30535888671875,0.0261649489402771,0.5581130981445312,4.266378402709961,280.45880126953125,0.006899724714457989,0.059271253645420074,-0.3337864875793457,-0.000199783593416214,May,2,2,1,1,Returning_Visitor,False,False
1.4628727436065674,100.38717651367188,0.02960917353630066,1.3107337951660156,15.304573059082031,342.91522216796875,0.019857201725244522,0.018545106053352356,1.5234489440917969,0.0006382837891578674,Nov,2,2,1,2,Returning_Visitor,False,False
0.017873048782348633,2.0347366333007812,0.03433075547218323,1.3774757385253906,5.788030624389648,327.18109130859375,0.12034787982702255,0.08484470844268799,-0.0170745849609375,-0.00014169886708259583,Mar,3,2,1,1,Returning_Visitor,False,False
3.643751859664917,128.1202850341797,0.0245438814163208,2.0770263671875,19.070148468017578,880.939208984375,0.0007841493934392929,0.008695196360349655,1.7061676979064941,-0.0002582632005214691,Mar,2,2,1,2,New_Visitor,False,False
0.04337430000305176,13.507270812988281,1.4428751468658447,63.048927307128906,54.1671028137207,1162.3382568359375,0.011827025562524796,0.05207580700516701,2.701720952987671,0.0005723312497138977,Nov,3,2,1,2,Returning_Visitor,False,False
3.321861743927002,167.18133544921875,1.4272801876068115,59.01814270019531,39.27497482299805,1302.4332275390625,0.005181828513741493,0.014594541862607002,4.368765354156494,0.00047724321484565735,Nov,2,2,1,2,Returning_Visitor,False,False
9.561883926391602,431.5097351074219,4.108704090118408,407.80987548828125,104.04247283935547,3070.19775390625,0.005983976647257805,0.01912381872534752,14.896053314208984,-0.0005020536482334137,Nov,2,2,1,2,Returning_Visitor,False,False
0.02896857261657715,1.4580307006835938,0.0342976450920105,0.9751434326171875,6.321088790893555,267.09259033203125,0.19414010643959045,0.2013908326625824,-0.09063529968261719,-0.0004884935915470123,May,2,2,1,1,Returning_Visitor,False,False
3.188199996948242,70.80946350097656,0.0447559654712677,1.7830924987792969,13.31515121459961,477.1201171875,0.014905042946338654,0.04971888288855553,1.126009464263916,0.1832994669675827,May,3,2,1,13,Returning_Visitor,False,False
2.36118221282959,98.41544342041016,0.0289975106716156,1.3472213745117188,9.936624526977539,469.1920166015625,0.0012530330568552017,0.01433664932847023,1.1048617362976074,0.00022978335618972778,Mar,2,2,1,2,Returning_Visitor,False,False
0.03877544403076172,3.2344436645507812,0.026738256216049194,0.9287872314453125,4.149364471435547,280.41253662109375,0.0162197295576334,0.07047463953495026,-0.27338171005249023,0.0011020936071872711,Nov,2,2,1,2,Returning_Visitor,False,False
6.015348434448242,170.86532592773438,0.059399545192718506,8.583887100219727,31.68014144897461,772.7379150390625,0.003516167402267456,0.01727994717657566,4.864348411560059,-0.0007947683334350586,May,1,1,1,2,Returning_Visitor,False,False
5.106306076049805,94.42530059814453,2.1062445640563965,113.5505142211914,27.428571701049805,903.71728515625,0.0011831298470497131,0.01017746701836586,3.9541265964508057,-0.0002571120858192444,Mar,2,2,1,2,Returning_Visitor,False,False
3.8283724784851074,73.52059173583984,0.8016791939735413,57.72459411621094,16.964988708496094,859.285400390625,0.022766346111893654,0.01858523301780224,2.8071513175964355,-0.000548291951417923,Nov,2,2,1,2,Returning_Visitor,False,False
0.07023310661315918,3.4816131591796875,0.02700948715209961,1.2249984741210938,5.440155029296875,295.9271240234375,0.003769678995013237,0.042029619216918945,-0.2936267852783203,0.00023670122027397156,Mar,2,2,1,1,Returning_Visitor,False,False
6.507893085479736,174.66128540039062,1.4498847723007202,65.74972534179688,25.724365234375,763.1231689453125,0.0046575628221035,0.01310650072991848,2.057497262954712,-0.00037664175033569336,Nov,2,2,1,2,New_Visitor,False,False
0.2292168140411377,2.7163314819335938,0.03637063503265381,1.2333831787109375,6.185276031494141,259.1729736328125,0.19676078855991364,0.19906754791736603,0.02156209945678711,-0.0004873797297477722,May,2,1,1,1,Returning_Visitor,False,False
0.03096294403076172,2.2550125122070312,0.03821653127670288,1.3151092529296875,6.715984344482422,297.99951171875,0.028137044981122017,0.06419938057661057,-0.09761619567871094,0.0005969293415546417,Mar,3,2,1,1,Returning_Visitor,False,False
0.017519474029541016,2.2396621704101562,0.03586587309837341,1.0871086120605469,8.327964782714844,374.09320068359375,0.037977203726768494,0.0980384349822998,0.30774354934692383,0.33527082204818726,May,1,1,1,3,Returning_Visitor,False,False
4.40838623046875,88.68611145019531,3.2572200298309326,112.9660415649414,20.42194175720215,1654.403076171875,0.014378275722265244,0.0246132705360651,3.740946054458618,-8.78162682056427e-05,Nov,2,2,1,2,Returning_Visitor,False,False
0.037209272384643555,3.8247604370117188,0.024754762649536133,1.1062965393066406,12.182863235473633,485.62677001953125,0.021903647109866142,0.025446582585573196,0.4275054931640625,-0.0005062520503997803,Mar,2,2,1,1,Returning_Visitor,False,False
0.07565116882324219,4.2640838623046875,0.029620110988616943,2.153921127319336,10.96316146850586,488.50970458984375,0.0032474715262651443,0.024840502068400383,0.28595781326293945,-5.59389591217041e-05,Nov,2,2,1,2,Returning_Visitor,False,False
0.03282809257507324,7.793586730957031,0.02546757459640503,0.052783966064453125,2.0296878814697266,268.80035400390625,0.005361352115869522,0.07034026086330414,1.4169731140136719,0.0005477368831634521,Dec,2,2,9,20,Returning_Visitor,False,False
0.02035975456237793,1.5474929809570312,0.03487542271614075,1.0065116882324219,5.809812545776367,258.82080078125,0.19701874256134033,0.19914120435714722,0.007394313812255859,0.19254814088344574,May,1,1,1,3,Returning_Visitor,False,False
4.183176040649414,129.85086059570312,1.9159588813781738,55.37198257446289,24.078622817993164,883.71826171875,0.0054303742945194244,0.015974411740899086,3.6264753341674805,0.10365112125873566,May,2,2,1,2,Returning_Visitor,False,False
8.424687385559082,372.45159912109375,2.3347017765045166,184.19761657714844,41.069007873535156,1583.2369384765625,0.0029302965849637985,0.013692809268832207,23.777297973632812,-0.0007741115987300873,Nov,1,1,1,2,Returning_Visitor,False,False
5.209448337554932,223.34414672851562,3.275216817855835,166.41629028320312,38.204288482666016,1370.6787109375,0.004864608868956566,0.010168183594942093,6.740011692047119,-0.0004491545259952545,May,2,2,1,2,Returning_Visitor,False,True
1.6355459690093994,34.845584869384766,0.022817939519882202,1.4440116882324219,12.820953369140625,283.38323974609375,-0.0021001696586608887,0.025573518127202988,0.7125167846679688,-0.00038933753967285156,Dec,2,2,1,2,New_Visitor,False,False
0.06313896179199219,4.20721435546875,0.02762305736541748,1.8985481262207031,9.563133239746094,283.994384765625,0.004124235361814499,0.039983753114938736,-0.10256481170654297,0.17072494328022003,Mar,2,2,1,2,Returning_Visitor,False,False
0.030080556869506836,1.7445220947265625,0.035818397998809814,1.3902320861816406,6.6051788330078125,269.046875,0.06503448635339737,0.13604037463665009,-0.06957864761352539,-0.0001102350652217865,May,3,2,1,1,Returning_Visitor,False,False
0.07651114463806152,4.022247314453125,0.026270568370819092,0.8466072082519531,4.216255187988281,281.40966796875,0.034806642681360245,0.04552583023905754,-0.18320274353027344,-3.456324338912964e-05,Nov,2,2,1,1,Returning_Visitor,False,False
8.077823638916016,62.26418685913086,4.070785045623779,239.36807250976562,182.01539611816406,5126.68798828125,0.0019823554903268814,0.011344008147716522,18.599056243896484,-0.0006730742752552032,Nov,2,2,1,2,Returning_Visitor,False,True
2.542041301727295,70.7960433959961,0.03920263051986694,1.8788414001464844,14.795663833618164,555.6131591796875,0.03662480413913727,0.05976783484220505,1.8228797912597656,0.0008706189692020416,May,1,1,1,3,Returning_Visitor,False,False
0.16194725036621094,1.9295730590820312,0.041338592767715454,1.1097755432128906,17.437389373779297,1246.0897216796875,0.015364764258265495,0.045628197491168976,1.300384521484375,0.36576491594314575,May,2,2,1,3,Returning_Visitor,False,False
8.81242561340332,232.941162109375,0.0552215576171875,12.146160125732422,39.24296569824219,2603.6953125,0.004983862861990929,0.01147862896323204,6.643460273742676,0.09203635156154633,May,2,2,1,2,Returning_Visitor,False,False
0.14526867866516113,2.9413528442382812,0.027649223804473877,0.9808158874511719,13.66244125366211,810.3115234375,0.01057887077331543,0.02270144782960415,0.6189932823181152,0.23930898308753967,May,2,2,1,4,Returning_Visitor,False,False
0.03056168556213379,3.9806976318359375,0.0424952507019043,2.7164440155029297,24.131290435791016,293.9456787109375,0.004036178812384605,0.06062009930610657,1.2321748733520508,0.23215343058109283,May,1,1,1,3,Returning_Visitor,False,False
0.1077578067779541,13.20611572265625,0.04468291997909546,6.819337844848633,67.57962799072266,1208.89697265625,0.004040565341711044,0.024232715368270874,3.632324695587158,-0.0003891885280609131,Nov,1,1,1,2,Returning_Visitor,False,False
1.8987023830413818,42.9512825012207,0.02950403094291687,2.9085044860839844,27.080339431762695,1316.6868896484375,0.00739442091435194,0.013745684176683426,1.974691390991211,-7.58543610572815e-05,May,2,2,1,2,Returning_Visitor,False,True
-0.037305593490600586,9.025581359863281,0.03825277090072632,1.24951171875,21.498760223388672,334.76806640625,0.040659330785274506,0.05951591953635216,1.226839542388916,0.30807220935821533,May,2,2,1,3,Returning_Visitor,False,False
1.5498285293579102,33.33115768432617,0.02686139941215515,1.542388916015625,8.039653778076172,390.3665771484375,0.0008272118866443634,0.01982819475233555,0.20156049728393555,-7.404759526252747e-05,Nov,2,2,1,2,Returning_Visitor,False,False
3.3500208854675293,125.26235961914062,0.03283262252807617,2.5927734375,14.943674087524414,625.437255859375,0.0029047485440969467,0.01822073943912983,1.665827751159668,6.429851055145264e-05,Nov,2,2,1,2,Returning_Visitor,False,False
3.8082146644592285,130.7166290283203,0.04087179899215698,3.307758331298828,23.559215545654297,642.1783447265625,0.0031023044139146805,0.015843158587813377,2.8156697750091553,-0.000689975917339325,May,1,1,1,2,Returning_Visitor,False,False
0.05526280403137207,2.5875930786132812,0.03960531949996948,1.4432487487792969,7.430206298828125,490.503662109375,0.024619046598672867,0.048244692385196686,0.24416255950927734,-0.00028495118021965027,May,1,1,1,3,Returning_Visitor,False,False
0.03812050819396973,3.3207855224609375,0.02452528476715088,0.7180938720703125,4.752618789672852,286.72747802734375,0.007404575124382973,0.05189472436904907,-0.019525527954101562,-0.0007477439939975739,Dec,8,2,9,1,Returning_Visitor,False,False
0.1922314167022705,12.753738403320312,2.0670580863952637,108.08189392089844,11.805431365966797,1021.9773559570312,0.03213304281234741,0.08630795776844025,1.1830296516418457,0.0011998564004898071,May,2,2,1,13,Returning_Visitor,False,False
4.578442573547363,39.56622314453125,0.040107518434524536,3.4315757751464844,19.70718002319336,706.573974609375,0.0005225855857133865,0.007472630590200424,39.883480072021484,-0.0005073472857475281,Nov,2,2,1,2,Returning_Visitor,False,True
1.2195048332214355,95.95462036132812,2.1444225311279297,125.33639526367188,36.646202087402344,644.029296875,0.0026835333555936813,0.03266281634569168,3.611776828765869,3.987550735473633e-05,Nov,2,2,1,2,Returning_Visitor,False,False
4.268715858459473,233.01876831054688,3.0302891731262207,316.64483642578125,62.10635757446289,3059.656005859375,0.024135399609804153,0.039709340780973434,5.478901386260986,0.0002623610198497772,Nov,2,2,1,1,Returning_Visitor,False,False
2.880042552947998,183.552978515625,0.06938439607620239,78.30052185058594,134.73779296875,4416.53125,0.0037873629480600357,0.013402724638581276,3.3935325145721436,0.0002396702766418457,Nov,2,2,1,2,Returning_Visitor,False,True
5.589353561401367,172.71109008789062,0.04121232032775879,4.655694961547852,35.71028137207031,845.1934814453125,0.001630311831831932,0.012641655281186104,35.78526306152344,0.007460813969373703,May,2,2,1,4,Returning_Visitor,False,True
2.562387704849243,40.52484893798828,0.022034674882888794,1.5627479553222656,25.47258758544922,689.71337890625,0.0007030032575130463,0.009978048503398895,2.7337536811828613,0.1439310759305954,May,2,2,1,2,Returning_Visitor,False,False
3.9284563064575195,136.77890014648438,1.0883762836456299,56.83208465576172,25.508499145507812,666.1658935546875,0.008163387887179852,0.013843048363924026,3.0059633255004883,-2.2802501916885376e-05,Dec,2,2,1,2,Returning_Visitor,False,False
0.022861003875732422,2.35736083984375,0.037976205348968506,1.305328369140625,8.174495697021484,394.5712890625,0.029417844489216805,0.06657109409570694,0.396207332611084,-0.00041824206709861755,Nov,3,2,1,1,Returning_Visitor,False,False
2.707108497619629,124.46556091308594,0.030362695455551147,2.0307235717773438,9.743997573852539,647.229736328125,0.008322367444634438,0.017771290615200996,0.9791460037231445,0.0005260445177555084,May,2,2,1,2,Returning_Visitor,False,False
3.409579277038574,98.46422576904297,0.03932037949562073,1.5208244323730469,7.703397750854492,486.477783203125,0.012535180896520615,0.017211617901921272,0.9014153480529785,0.11637142300605774,May,1,1,1,3,Returning_Visitor,False,False
0.03167724609375,1.607513427734375,0.03506162762641907,0.8938484191894531,5.434255599975586,248.93121337890625,0.19917865097522736,0.19965088367462158,-0.1512594223022461,0.19034044444561005,May,2,2,1,3,Returning_Visitor,False,False
2.8984103202819824,48.285804748535156,0.02438986301422119,4.942922592163086,57.924232482910156,1160.0140380859375,0.0018481891602277756,0.014528902247548103,5.409621715545654,0.10266894102096558,Nov,2,2,1,2,Returning_Visitor,False,False
0.0630953311920166,3.6993408203125,0.026240557432174683,1.9372749328613281,9.826871871948242,307.170166015625,0.003998847678303719,0.03928942605853081,0.155303955078125,0.15075600147247314,May,2,2,1,4,Returning_Visitor,False,False
0.0029103755950927734,16.51764678955078,0.027532756328582764,5.531038284301758,50.73257064819336,2092.677734375,0.0014362074434757233,0.012749899178743362,44.53388595581055,-0.0006454549729824066,Nov,2,2,1,2,Returning_Visitor,False,True
0.10390329360961914,3.7562713623046875,0.028984546661376953,53.9190673828125,12.23121452331543,650.6145629882812,0.009783683344721794,0.023494770750403404,0.5202484130859375,0.001020871102809906,May,2,2,1,1,Returning_Visitor,False,False
0.04212379455566406,12.094589233398438,0.02913728356361389,2.0852909088134766,27.981718063354492,749.505126953125,0.010962014086544514,0.019172444939613342,1.5168213844299316,0.0002604834735393524,Nov,2,2,1,2,Returning_Visitor,False,False
8.456510543823242,255.20684814453125,2.6124989986419678,73.66258239746094,62.5997314453125,1687.5687255859375,0.002535127103328705,0.013886863365769386,6.614658355712891,0.07501337677240372,Nov,2,2,1,2,Returning_Visitor,False,False
5.703203201293945,97.3223648071289,0.03970673680305481,3.196685791015625,20.48552703857422,1180.8817138671875,0.0016612038016319275,0.015004804357886314,3.9258625507354736,-0.0002819932997226715,Nov,2,2,1,2,Returning_Visitor,False,False
0.02232980728149414,1.0984344482421875,0.034702956676483154,0.9093818664550781,6.112710952758789,257.7642822265625,0.14318978786468506,0.18063382804393768,-0.24838638305664062,0.3029780983924866,May,3,2,1,13,Returning_Visitor,False,False
3.4897632598876953,102.5037841796875,0.03721216320991516,2.255369186401367,11.978521347045898,257.465576171875,0.0012384317815303802,0.017168547958135605,1.1828131675720215,-0.0003844164311885834,Mar,2,2,1,2,New_Visitor,False,False
3.5377392768859863,95.04375457763672,0.056284189224243164,2.300539016723633,10.20199203491211,362.12969970703125,0.00446535088121891,0.043194808065891266,14.566471099853516,3.736838698387146e-05,Nov,3,2,1,1,Returning_Visitor,False,False
0.08834600448608398,2.7075271606445312,0.04195570945739746,1.7070350646972656,11.251174926757812,483.18096923828125,0.009443848393857479,0.04404691234230995,0.4197254180908203,7.409602403640747e-05,Nov,1,1,1,1,Returning_Visitor,False,False
0.02389073371887207,2.1155548095703125,0.03646647930145264,1.4688758850097656,6.394573211669922,271.69281005859375,0.03696632385253906,0.08615180850028992,0.18047380447387695,0.0014384612441062927,Mar,1,1,1,1,Returning_Visitor,False,False
9.095208168029785,363.5357360839844,0.11121904850006104,12.416105270385742,100.32271575927734,2447.94482421875,0.002270149067044258,0.01477636955678463,6.97305965423584,-0.0009239763021469116,May,2,2,1,2,Returning_Visitor,False,False
0.020344972610473633,1.5837173461914062,0.034805506467819214,0.8915557861328125,5.902584075927734,257.50592041015625,0.19708310067653656,0.20044849812984467,-0.06306266784667969,0.1958884596824646,May,1,1,1,3,Returning_Visitor,False,False
4.958308219909668,118.39149475097656,2.2436487674713135,69.03524780273438,86.6846923828125,3864.9541015625,0.008119102567434311,0.01985720358788967,4.857852935791016,-0.0004165247082710266,Nov,2,2,1,2,Returning_Visitor,False,False
4.13981819152832,154.74020385742188,0.06224718689918518,2.5271949768066406,19.458641052246094,832.8453369140625,0.017449837177991867,0.030227933079004288,2.5503945350646973,0.16328805685043335,May,3,2,1,13,Returning_Visitor,False,False
3.0896506309509277,103.547607421875,0.019158512353897095,1.385589599609375,25.647071838378906,1887.387939453125,0.0033231601119041443,0.0057948678731918335,5.899799346923828,0.15725630521774292,Nov,2,2,1,2,Returning_Visitor,False,False
5.205318927764893,77.83653259277344,0.058014094829559326,4.759181976318359,31.337888717651367,649.7861938476562,0.0028986092656850815,0.026106007397174835,4.628691673278809,-0.0008922368288040161,Nov,1,1,1,2,Returning_Visitor,False,False
1.6187291145324707,33.76001739501953,0.026563942432403564,-1.4069786071777344,2.7071590423583984,281.66290283203125,0.004543818533420563,0.05116873234510422,19.448875427246094,0.0006322190165519714,Nov,1,1,1,2,New_Visitor,False,False
3.494086265563965,158.6795654296875,0.028343796730041504,2.1987972259521484,16.917118072509766,720.449951171875,0.0029584113508462906,0.008770570158958435,2.2423133850097656,-0.00013363733887672424,May,2,2,1,2,Returning_Visitor,False,False
3.5036869049072266,48.102745056152344,0.0534915030002594,80.17085266113281,109.86167907714844,2692.2373046875,0.0028333421796560287,0.014610646292567253,20.27974510192871,-0.0010802261531352997,Nov,1,1,1,2,Returning_Visitor,False,True
4.057767391204834,85.06106567382812,0.03964003920555115,3.2598323822021484,36.58660888671875,745.6672973632812,0.0017640478909015656,0.016164381057024002,4.312420845031738,0.05677548050880432,May,2,2,1,4,Returning_Visitor,False,False
0.0720827579498291,13.466552734375,0.054646432399749756,4.797216415405273,71.98948669433594,2004.128662109375,0.02318846806883812,0.041697289794683456,1.3336968421936035,0.00038924440741539,Nov,2,2,1,1,Returning_Visitor,False,False
8.75273609161377,341.9346923828125,1.3140842914581299,137.1601104736328,68.4987564086914,3954.13037109375,0.008136365562677383,0.022858573123812675,5.900857448577881,-0.00013730302453041077,Nov,2,2,1,2,Returning_Visitor,False,False
5.358570575714111,131.72732543945312,0.04598143696784973,4.142326354980469,20.69609832763672,556.2780151367188,0.0034463386982679367,0.009558826684951782,2.717015027999878,-0.0004327744245529175,Dec,2,2,1,2,Returning_Visitor,False,False
1.6297322511672974,155.80377197265625,1.344386339187622,55.740421295166016,21.32869529724121,630.4873046875,0.0013518817722797394,0.01828753761947155,2.29203200340271,0.17446064949035645,May,2,2,1,2,Returning_Visitor,False,False
3.1894636154174805,198.55886840820312,2.1652472019195557,324.85784912109375,53.052276611328125,3483.8056640625,0.017850521951913834,0.03280503675341606,4.456577777862549,0.0006721392273902893,Nov,2,2,1,1,Returning_Visitor,False,False
1.1614433526992798,35.4803352355957,0.04510942101478577,1.7181549072265625,20.24886703491211,506.2891845703125,0.021929901093244553,0.0294918492436409,20.05543327331543,-0.0004336349666118622,Nov,1,8,1,3,Returning_Visitor,False,False
0.07659626007080078,4.643608093261719,0.023799091577529907,2.366374969482422,12.007328033447266,352.4312744140625,-1.9611790776252747e-05,0.03395997732877731,0.5018801689147949,0.15850678086280823,Mar,2,2,1,2,Returning_Visitor,False,False
6.133335590362549,36.90773391723633,0.060441404581069946,5.100353240966797,25.651079177856445,1234.165283203125,0.03314151242375374,0.05046551674604416,2.7516045570373535,0.2533531188964844,May,3,2,1,13,Returning_Visitor,True,False
0.14888358116149902,2.863922119140625,0.04160648584365845,1.4418716430664062,9.638938903808594,801.5376586914062,0.021487317979335785,0.02747660130262375,0.5742177963256836,0.0008064620196819305,Nov,2,2,1,1,Returning_Visitor,False,False
1.5280437469482422,79.8561782836914,0.029382705688476562,1.18890380859375,20.51919174194336,476.607421875,0.00725494883954525,0.019167710095643997,1.9305105209350586,0.1764344424009323,May,2,1,1,3,Returning_Visitor,False,False
0.031044483184814453,1.4617233276367188,0.03678154945373535,1.1504745483398438,6.3591156005859375,266.97271728515625,0.19400721788406372,0.20008109509944916,0.0582733154296875,-3.630295395851135e-05,Nov,2,2,1,1,Returning_Visitor,False,False
6.392303466796875,258.5935974121094,2.157423973083496,140.6108856201172,38.823036193847656,914.57080078125,0.0036208759993314743,0.01542297936975956,27.7706298828125,-1.7505139112472534e-05,Nov,2,2,1,2,Returning_Visitor,False,True
2.988983392715454,107.77745819091797,0.023409515619277954,2.181102752685547,25.135828018188477,614.6069946289062,0.0006369557231664658,0.010821681469678879,3.723989248275757,-0.0005765557289123535,Mar,2,2,1,2,Returning_Visitor,False,False
2.739845037460327,97.75550079345703,0.04741090536117554,1.894561767578125,12.69637680053711,302.0001220703125,0.021409882232546806,0.031564123928546906,15.314094543457031,-0.000921301543712616,Nov,1,1,1,3,Returning_Visitor,False,False
0.2701077461242676,27.441848754882812,2.450503349304199,165.38754272460938,67.70252227783203,2472.72216796875,0.0046984851360321045,0.017706939950585365,4.761144638061523,-0.00043078139424324036,Nov,2,1,1,2,Returning_Visitor,False,False
0.07242083549499512,2.7355880737304688,0.04204744100570679,1.4163322448730469,11.313411712646484,561.7696533203125,0.01632528193295002,0.04035738855600357,0.6512126922607422,0.33705127239227295,Nov,1,1,1,3,Returning_Visitor,False,False
0.05811572074890137,7.276771545410156,0.0227220356464386,2.178895950317383,25.378732681274414,749.7671508789062,0.0016016792505979538,0.020763646811246872,1.884917974472046,-0.00017108768224716187,Nov,2,2,1,2,Returning_Visitor,False,False
3.296206474304199,154.47262573242188,0.05763429403305054,2.2113113403320312,8.513669967651367,299.5545654296875,0.025716807693243027,0.06691895425319672,1.0389089584350586,-0.0002315528690814972,Nov,2,2,1,1,Returning_Visitor,False,False
0.11348772048950195,10.879432678222656,0.04429340362548828,6.824897766113281,58.94236755371094,2119.64111328125,0.0032100267708301544,0.022808009758591652,4.422565460205078,-0.0006995424628257751,Nov,1,1,1,2,Returning_Visitor,False,False
6.459033489227295,167.19442749023438,0.04249918460845947,3.6125259399414062,37.65671920776367,2491.7978515625,0.002277970314025879,0.012296300381422043,7.767996788024902,-0.00032642483711242676,Nov,1,1,1,2,Returning_Visitor,False,False
2.5504369735717773,111.06179809570312,0.06840163469314575,7.0499114990234375,106.43099212646484,4657.88671875,0.0025891922414302826,0.01641535386443138,4.1820173263549805,0.30347973108291626,Nov,2,2,1,2,Returning_Visitor,False,False
5.178766250610352,127.14673614501953,0.06460309028625488,5.573192596435547,16.14481544494629,301.64208984375,0.007554154843091965,0.04230151325464249,1.627622127532959,-0.0005588866770267487,May,3,2,1,1,Returning_Visitor,False,False
4.233656406402588,132.1673583984375,0.0604897141456604,1.8836631774902344,21.53776741027832,747.5508422851562,0.031200984492897987,0.037010930478572845,2.806419849395752,0.2086181640625,May,3,2,1,13,Returning_Visitor,False,False
6.000041961669922,123.75163269042969,1.5465319156646729,62.218719482421875,37.32035827636719,958.1788330078125,0.000825909897685051,0.00691865012049675,32.881744384765625,0.005449898540973663,Mar,2,2,1,2,Returning_Visitor,False,True
0.0269622802734375,1.3331985473632812,0.035271286964416504,1.1379623413085938,5.545188903808594,258.86090087890625,0.1941743940114975,0.20068253576755524,0.01352071762084961,-6.590038537979126e-06,Nov,3,2,1,1,Returning_Visitor,False,False
2.4013655185699463,36.35019302368164,0.03835156559944153,1.5389976501464844,21.187225341796875,647.972900390625,0.03510617837309837,0.042919449508190155,1.7602629661560059,0.3290559649467468,Nov,2,2,1,3,Returning_Visitor,False,False
5.111098289489746,320.9807434082031,0.05222874879837036,3.3568763732910156,34.545772552490234,752.806396484375,0.0020463187247514725,0.014671724289655685,5.236333847045898,-0.00045353174209594727,May,2,1,1,2,Returning_Visitor,False,False
0.025532245635986328,0.9933319091796875,0.03483867645263672,0.9381637573242188,6.323982238769531,377.62200927734375,0.1370375156402588,0.17530782520771027,-0.1616077423095703,0.3245197534561157,May,2,2,1,3,Returning_Visitor,False,False
-0.007333993911743164,5.719512939453125,0.020976215600967407,2.2686405181884766,13.931344985961914,298.17987060546875,0.004862189292907715,0.036275576800107956,0.29229164123535156,-0.00043706968426704407,Nov,2,2,1,2,Returning_Visitor,False,False
0.10645890235900879,4.479217529296875,0.029525935649871826,1.3077926635742188,6.495994567871094,295.9384765625,0.0034551918506622314,0.04753808677196503,-0.3427901268005371,9.573996067047119e-05,Mar,2,2,1,1,Returning_Visitor,False,False
2.1048240661621094,113.14722442626953,0.022985011339187622,2.980205535888672,33.786556243896484,391.81707763671875,0.0009553767740726471,0.020982999354600906,3.5175859928131104,-0.0005166307091712952,May,2,2,1,2,Returning_Visitor,False,False
-0.020006895065307617,8.701828002929688,0.030119508504867554,2.9229259490966797,16.513153076171875,419.92315673828125,0.0027288179844617844,0.022404858842492104,36.636474609375,-0.0003094896674156189,Nov,2,2,1,2,Returning_Visitor,False,True
0.085784912109375,9.991386413574219,0.02340877056121826,1.4272193908691406,26.740665435791016,1242.033935546875,0.0009886398911476135,0.013335462659597397,2.9483399391174316,-0.0002946704626083374,Nov,2,2,1,2,Returning_Visitor,False,False
0.23411965370178223,4.08807373046875,0.03968524932861328,4.034954071044922,30.920270919799805,1787.293212890625,0.003522641956806183,0.02001163922250271,3.0311875343322754,-0.0003381557762622833,Nov,1,1,1,2,Returning_Visitor,False,False
3.888798236846924,142.97560119628906,0.060760498046875,5.581930160522461,92.75630187988281,2250.0712890625,0.00552494078874588,0.02709208056330681,3.3532254695892334,0.28915950655937195,May,2,2,1,4,Returning_Visitor,False,False
0.2120075225830078,3.4395675659179688,0.04487806558609009,3.121133804321289,25.351119995117188,1311.54248046875,0.004585195332765579,0.024408232420682907,1.8862864971160889,-3.617629408836365e-05,Nov,1,1,1,2,Returning_Visitor,False,False
0.09476494789123535,2.7180252075195312,0.039814502000808716,1.682769775390625,8.594276428222656,295.6890869140625,0.009915346279740334,0.04780303314328194,0.10098409652709961,3.496930003166199e-05,Nov,3,2,1,1,Returning_Visitor,False,False
0.06084465980529785,2.3099594116210938,0.037080615758895874,1.1713409423828125,6.423974990844727,262.82403564453125,0.19389142096042633,0.20000147819519043,0.04974174499511719,-0.00019532814621925354,Nov,2,2,1,1,Returning_Visitor,False,False
3.596236228942871,40.91925048828125,0.052823424339294434,6.946523666381836,101.28150177001953,3958.81982421875,0.002333538606762886,0.014054317027330399,4.424863338470459,-0.00019682571291923523,Nov,2,2,1,2,Returning_Visitor,False,True
2.8010244369506836,74.78732299804688,0.02575993537902832,2.6532115936279297,27.20834732055664,1753.67041015625,0.0023088157176971436,0.013554565608501434,4.449586868286133,-0.0003822334110736847,Mar,1,1,1,2,Returning_Visitor,False,False
0.07649779319763184,12.948165893554688,0.029926657676696777,4.903804779052734,62.002159118652344,1898.7760009765625,0.0015471503138542175,0.01727609522640705,32.073856353759766,-0.0005624145269393921,Nov,2,2,1,2,Returning_Visitor,False,False
3.4318950176239014,186.48316955566406,0.04627716541290283,5.970453262329102,47.738670349121094,1364.4517822265625,0.0056203193962574005,0.016907455399632454,5.616538047790527,-0.00039415061473846436,May,2,2,1,2,Returning_Visitor,False,False
3.709695339202881,77.22975158691406,0.055291205644607544,4.470617294311523,22.400667190551758,490.77984619140625,0.005717596039175987,0.029715746641159058,2.268181562423706,-0.0005425885319709778,May,1,1,1,2,Returning_Visitor,False,True
3.6759443283081055,99.33499145507812,0.038424283266067505,2.839273452758789,19.460134506225586,450.1983642578125,0.0008018743246793747,0.01849738135933876,2.0442745685577393,-0.0006207972764968872,May,2,2,1,2,Returning_Visitor,False,False
0.030782222747802734,1.803375244140625,0.03635513782501221,1.2227058410644531,6.6421966552734375,334.18255615234375,0.068001389503479,0.09279678016901016,0.03698158264160156,0.0004315674304962158,May,3,2,1,1,Returning_Visitor,False,False
0.025920867919921875,5.413543701171875,0.032664954662323,0.15775680541992188,3.9864578247070312,244.41217041015625,0.19525043666362762,0.19952155649662018,2.14572811126709,9.816884994506836e-05,Dec,8,13,9,20,Other,False,False
0.17271757125854492,5.857246398925781,0.0391828715801239,3.848417282104492,29.069856643676758,799.4174194335938,0.002312127500772476,0.03177676349878311,2.6932032108306885,0.23910781741142273,May,2,2,1,3,Returning_Visitor,False,False
0.19045376777648926,15.13031005859375,0.024298429489135742,3.780557632446289,31.162145614624023,771.5714111328125,0.0021986979991197586,0.020771421492099762,2.5092930793762207,-0.00048219040036201477,Nov,2,2,1,2,Returning_Visitor,False,True
3.890388011932373,106.43515014648438,0.05402413010597229,1.9613494873046875,28.352806091308594,1251.06103515625,0.022242076694965363,0.05917254835367203,3.739377498626709,0.24945016205310822,May,2,2,1,3,Returning_Visitor,False,False
1.3461157083511353,76.04098510742188,0.03228825330734253,2.7927074432373047,13.702741622924805,505.238037109375,0.005317410454154015,0.01793326623737812,33.16473388671875,0.19103053212165833,May,1,1,1,2,Returning_Visitor,False,True
0.029478073120117188,1.823028564453125,0.03760334849357605,1.4035758972167969,7.197593688964844,276.8753662109375,0.023836325854063034,0.07726377248764038,0.28635597229003906,-0.0009028501808643341,Mar,2,2,1,1,Returning_Visitor,False,False
0.05127763748168945,1.9658966064453125,0.03596830368041992,1.3077850341796875,6.560977935791016,259.86285400390625,0.19401216506958008,0.20140527188777924,-0.11254072189331055,-0.00014623254537582397,May,2,2,1,1,Returning_Visitor,False,False
4.897601127624512,189.9073486328125,0.06488439440727234,67.3675308227539,84.33930969238281,3439.70556640625,0.0023417938500642776,0.01057250052690506,13.957133293151855,-0.0007100924849510193,Nov,2,2,1,2,Returning_Visitor,False,True
2.504767656326294,95.87101745605469,1.862598180770874,67.69256591796875,53.067596435546875,788.6455078125,0.004757847636938095,0.015731001272797585,3.334548234939575,0.00016916170716285706,Nov,2,2,1,2,Returning_Visitor,False,False
0.022980213165283203,2.2706680297851562,0.035591691732406616,1.1331291198730469,6.742374420166016,400.423828125,0.03740841522812843,0.07877765595912933,0.23591089248657227,0.3200622797012329,May,1,1,1,3,Returning_Visitor,False,False
5.935838222503662,147.53054809570312,0.06627440452575684,6.57832145690918,52.022239685058594,1302.271728515625,0.006582155823707581,0.017234964296221733,5.474952220916748,0.1322309374809265,Nov,2,2,1,2,Returning_Visitor,False,False
3.07828688621521,146.32110595703125,0.03013893961906433,3.3977737426757812,28.322765350341797,741.1583251953125,0.0023234188556671143,0.007591217756271362,3.5272865295410156,-0.0002955906093120575,Dec,2,2,1,2,Returning_Visitor,False,True
5.053423881530762,170.17657470703125,0.03769010305404663,4.416601181030273,26.595191955566406,431.94781494140625,0.0005893614143133163,0.013051874935626984,2.403210163116455,0.06326781213283539,May,2,2,1,2,New_Visitor,False,False
10.933866500854492,252.16415405273438,2.4004409313201904,221.7858428955078,150.52316284179688,5738.56689453125,0.005306141451001167,0.019203541800379753,10.006061553955078,-0.0006323829293251038,Nov,1,1,1,2,Returning_Visitor,False,True
0.016434907913208008,5.3409423828125,0.03861483931541443,1.5240554809570312,19.19268226623535,487.653564453125,0.025375070050358772,0.05779506638646126,1.307121753692627,-0.0007215961813926697,Nov,1,1,1,1,Returning_Visitor,False,False
0.12485957145690918,6.506080627441406,1.994175910949707,56.26359176635742,19.71658706665039,747.25537109375,0.002840150147676468,0.020765550434589386,1.6661486625671387,0.18851882219314575,May,1,1,1,2,Returning_Visitor,False,False
1.0469739437103271,39.61685562133789,0.045153528451919556,3.4296493530273438,29.22064971923828,1314.4820556640625,0.00771922804415226,0.02816803753376007,2.6362245082855225,-7.504969835281372e-05,Nov,2,2,1,2,Returning_Visitor,False,False
1.9933093786239624,47.981292724609375,2.3019700050354004,155.65667724609375,23.51467514038086,989.427734375,0.006928052753210068,0.023448968306183815,3.1476287841796875,0.0001540146768093109,Mar,2,1,1,2,Returning_Visitor,False,False
4.118357181549072,149.45553588867188,2.2250173091888428,67.43865966796875,84.09925079345703,2895.90185546875,0.010699489153921604,0.020781977102160454,3.7231132984161377,0.0001579783856868744,Nov,2,2,1,1,Returning_Visitor,False,False
0.16159343719482422,3.114227294921875,0.04534748196601868,2.3830623626708984,16.47648048400879,957.0885620117188,0.021229887381196022,0.021908190101385117,1.1868901252746582,0.0015639476478099823,Nov,2,2,1,2,Returning_Visitor,False,False
10.419002532958984,467.1601867675781,0.6344978213310242,242.92848205566406,280.7901611328125,15843.595703125,0.003305956721305847,0.019175879657268524,7.356965065002441,-0.0006630346179008484,Nov,2,2,1,2,Returning_Visitor,False,True
0.9754457473754883,34.265968322753906,0.04131460189819336,2.2559070587158203,20.793838500976562,957.3431396484375,0.024005001410841942,0.02567690797150135,1.8870899677276611,-0.0003064684569835663,May,2,2,1,1,Returning_Visitor,False,False
0.1696937084197998,3.6275787353515625,0.042993783950805664,3.561504364013672,23.899213790893555,1152.485107421875,0.004067759960889816,0.02713092975318432,2.9939279556274414,0.2571699619293213,May,2,2,1,2,Returning_Visitor,False,False
3.9360971450805664,78.23719024658203,0.028759658336639404,2.9231929779052734,22.592288970947266,1422.698974609375,0.0005387123674154282,0.004895985126495361,34.350502014160156,-0.00037804245948791504,Nov,2,2,1,2,New_Visitor,False,True
0.1661214828491211,6.3553924560546875,0.044679850339889526,2.2008094787597656,30.895238876342773,2073.368408203125,0.01323412824422121,0.034561723470687866,1.5453367233276367,0.00025862082839012146,Nov,2,2,1,1,Returning_Visitor,False,False
1.5732779502868652,89.05242919921875,0.04455915093421936,3.240083694458008,26.135475158691406,758.157470703125,0.021155644208192825,0.024581583216786385,2.5295827388763428,-5.012005567550659e-05,Nov,3,2,1,1,Returning_Visitor,False,False
0.02122211456298828,2.087310791015625,0.034823477268218994,1.1093521118164062,6.137378692626953,282.8184814453125,0.03588302060961723,0.08967367559671402,-0.04376983642578125,0.3019868731498718,May,2,2,1,3,Returning_Visitor,False,False
3.80068302154541,37.279117584228516,0.04967772960662842,5.744123458862305,27.468576431274414,786.314453125,0.0025159046053886414,0.016972217708826065,30.595748901367188,-3.481283783912659e-05,Nov,1,1,1,2,Returning_Visitor,False,True
0.022650957107543945,1.2446441650390625,0.033486753702163696,0.9017677307128906,6.118104934692383,259.3922119140625,0.19422465562820435,0.20141471922397614,-0.04210996627807617,0.19233866035938263,Mar,2,2,1,3,Returning_Visitor,False,False
4.993390083312988,198.30670166015625,0.05136147141456604,6.005346298217773,12.380636215209961,357.219482421875,0.0033525116741657257,0.022740453481674194,1.1950955390930176,0.06963300704956055,Mar,1,1,1,2,Returning_Visitor,False,False
0.23299360275268555,12.732254028320312,2.119743824005127,152.36428833007812,20.87875747680664,873.7550659179688,0.006122073158621788,0.03388391062617302,2.1266486644744873,0.26593267917633057,Mar,2,2,1,2,Returning_Visitor,False,False
8.478034973144531,371.94537353515625,2.25940203666687,91.32455444335938,139.76124572753906,2740.347900390625,0.0019911453127861023,0.015193739905953407,6.248916149139404,-0.0006400309503078461,Nov,2,2,1,2,Returning_Visitor,False,False
1.1499607563018799,29.101654052734375,0.035364508628845215,1.2415771484375,6.890296936035156,641.4879150390625,0.03478720784187317,0.07427215576171875,0.5077929496765137,0.38689500093460083,May,2,2,1,3,Returning_Visitor,False,False
4.855457305908203,125.90768432617188,0.05539083480834961,2.5154685974121094,8.114522933959961,303.5428466796875,0.0017457567155361176,0.023848403245210648,0.9098482131958008,0.11256235837936401,May,2,2,1,2,Returning_Visitor,False,False
4.470278739929199,30.56988525390625,0.05768400430679321,1.9960308074951172,7.495967864990234,292.918701171875,0.051340147852897644,0.03405648469924927,0.2718238830566406,-0.0006210319697856903,Mar,3,2,1,1,Returning_Visitor,False,False
8.217487335205078,253.67538452148438,3.814173460006714,342.169189453125,58.39936828613281,2346.92431640625,0.005006024613976479,0.011876339092850685,8.790060043334961,-0.0004638694226741791,Nov,2,2,1,2,Returning_Visitor,False,False
0.07087326049804688,6.1655120849609375,0.027901381254196167,0.20773696899414062,8.171697616577148,384.69964599609375,0.0069201551377773285,0.018449589610099792,0.2226696014404297,7.07283616065979e-05,Nov,1,1,1,2,Returning_Visitor,False,False
8.320890426635742,254.68203735351562,1.5998289585113525,68.99999237060547,30.27244758605957,1865.21533203125,0.0018494948744773865,0.011823732405900955,6.140679359436035,-0.0007758252322673798,May,2,2,1,2,Returning_Visitor,False,True
4.648571014404297,169.08251953125,0.07118594646453857,2.673442840576172,11.752595901489258,559.6895141601562,0.015561558306217194,0.027046794071793556,1.6043548583984375,0.0008726231753826141,Nov,1,1,1,1,Returning_Visitor,False,False
0.08185696601867676,2.9291152954101562,0.04301944375038147,1.8829078674316406,10.360040664672852,388.40960693359375,0.011936222203075886,0.031898632645606995,0.9364833831787109,0.2319653183221817,Nov,2,2,1,1,Returning_Visitor,False,False
5.197232246398926,191.57601928710938,0.07351067662239075,6.126617431640625,52.58391189575195,2195.001708984375,0.008058669045567513,0.023019174113869667,5.495148658752441,-0.0003453977406024933,Nov,3,2,1,2,Returning_Visitor,False,False
0.004960060119628906,14.66876220703125,0.021441668272018433,4.397377014160156,44.92366027832031,1128.57763671875,0.0017841402441263199,0.019535522907972336,2.9790945053100586,0.00019811838865280151,Nov,2,2,1,2,Returning_Visitor,False,False
0.06693291664123535,3.8642196655273438,0.02962157130241394,1.1370964050292969,10.307497024536133,337.48162841796875,0.004396557807922363,0.029866889119148254,0.19060754776000977,-0.00014189258217811584,Nov,2,1,1,2,Other,False,False
4.958526134490967,189.71273803710938,1.9425737857818604,70.31926727294922,44.271392822265625,801.9555053710938,0.00505516491830349,0.010537710040807724,34.229408264160156,-0.0005593374371528625,Nov,2,2,1,2,Returning_Visitor,False,True
-0.04911065101623535,18.193477630615234,0.024800509214401245,2.6089019775390625,25.840972900390625,657.572998046875,0.0005426723510026932,0.01108551025390625,39.9827995300293,-0.0006447248160839081,Nov,2,2,1,2,Returning_Visitor,False,True
-0.09875154495239258,10.578468322753906,0.0369124710559845,2.1445884704589844,30.03939437866211,258.130615234375,0.13505449891090393,0.15360888838768005,1.276435375213623,-0.0005486495792865753,Mar,2,2,1,1,Returning_Visitor,False,False
2.816563129425049,43.08073043823242,0.03320834040641785,3.861726760864258,32.535179138183594,1295.7314453125,0.003648849204182625,0.0143586415797472,31.625133514404297,0.1610495150089264,May,2,2,1,4,Returning_Visitor,False,True
0.16362380981445312,5.357048034667969,0.04573315382003784,1.5002059936523438,21.489028930664062,1238.7257080078125,0.014590378850698471,0.03467972204089165,1.654634952545166,0.00016138330101966858,Mar,2,2,1,1,Returning_Visitor,False,False
0.10025715827941895,2.7499237060546875,0.04360055923461914,1.4353675842285156,8.765750885009766,617.22216796875,0.012873833999037743,0.03991442173719406,0.42943620681762695,3.594160079956055e-05,Nov,2,2,1,1,Returning_Visitor,False,False
0.03412270545959473,2.262542724609375,0.03902432322502136,1.0470962524414062,7.383211135864258,345.83880615234375,0.011227489449083805,0.05981697887182236,0.2995929718017578,0.2884009778499603,May,2,2,1,3,Returning_Visitor,False,False
5.681002616882324,226.99725341796875,0.07738524675369263,5.312644958496094,36.19831466674805,860.2325439453125,0.005118044093251228,0.014416979625821114,4.304645538330078,-0.0003366991877555847,Nov,1,1,1,2,Returning_Visitor,False,False
7.312093257904053,86.82780456542969,0.07657867670059204,20.729167938232422,86.60456085205078,2084.822021484375,0.010296283289790154,0.021646438166499138,3.0329976081848145,0.0006121620535850525,Nov,2,2,1,1,Returning_Visitor,False,False
1.8114559650421143,61.1605110168457,2.5904500484466553,64.22958374023438,65.41744995117188,1374.0079345703125,0.0026564262807369232,0.015023425221443176,4.045248508453369,0.20484407246112823,Nov,2,2,1,2,Returning_Visitor,False,False
3.507411479949951,74.6977310180664,0.04263278841972351,0.7731246948242188,2.679218292236328,263.7254638671875,0.0034808870404958725,0.027292944490909576,0.31127071380615234,-0.00018072128295898438,Dec,1,1,1,2,Returning_Visitor,False,False
6.736744403839111,171.23858642578125,0.08154290914535522,4.128917694091797,21.166044235229492,1454.4200439453125,0.02722502499818802,0.04303469508886337,2.9416191577911377,-0.00016372650861740112,May,1,1,1,3,Returning_Visitor,False,False
2.540954828262329,87.22193908691406,0.0291745662689209,3.1623878479003906,34.927730560302734,982.6341552734375,0.0034605804830789566,0.014492666348814964,3.6739683151245117,0.00019412487745285034,Nov,2,2,1,2,Returning_Visitor,False,False
3.0136117935180664,129.42788696289062,3.3338983058929443,79.73715209960938,120.42752075195312,2828.41015625,0.0015464406460523605,0.01345261000096798,18.254261016845703,-0.0005464628338813782,Nov,1,2,1,2,Returning_Visitor,False,True
0.02526068687438965,28.125751495361328,0.03634527325630188,-0.3676605224609375,6.133186340332031,253.3580322265625,0.1942804604768753,0.1957181692123413,0.06989908218383789,0.20925293862819672,Nov,2,2,1,3,Returning_Visitor,False,False
0.05793166160583496,32.16276168823242,0.02867463231086731,2.0096054077148438,12.043237686157227,404.30047607421875,0.006242614239454269,0.021715184673666954,0.3474903106689453,0.1775270700454712,May,2,2,1,4,Returning_Visitor,False,False
0.022426128387451172,2.0898971557617188,0.0387902557849884,1.5785140991210938,13.947908401489258,388.9635009765625,0.021265815943479538,0.06698432564735413,0.812065601348877,-0.0008666254580020905,Mar,2,2,1,1,Returning_Visitor,False,False
0.0719289779663086,2.8636474609375,0.042987555265426636,1.3888473510742188,9.707466125488281,409.8572998046875,0.019722668454051018,0.033521510660648346,0.2033519744873047,-0.00022701919078826904,May,2,2,1,1,Returning_Visitor,False,False
0.08062934875488281,5.606697082519531,0.028033822774887085,0.5417060852050781,3.7192115783691406,271.42535400390625,0.0033562686294317245,0.03816758841276169,-0.1470041275024414,3.37846577167511e-05,Nov,2,2,1,2,Returning_Visitor,False,False
0.039465904235839844,3.2418212890625,0.025899261236190796,0.9275856018066406,4.34820556640625,279.543212890625,0.007505960762500763,0.05147089809179306,-0.22420597076416016,5.536898970603943e-05,May,2,2,1,1,Returning_Visitor,False,False
2.373358726501465,66.1517105102539,2.953545570373535,335.0244140625,29.041624069213867,3080.00244140625,0.03119129315018654,0.04272879287600517,3.6626136302948,-0.00013399869203567505,Nov,2,2,1,13,Returning_Visitor,False,False
-0.05648493766784668,15.696388244628906,0.022404789924621582,1.773162841796875,26.5189266204834,440.56964111328125,0.002748752012848854,0.01566746085882187,1.7316045761108398,-0.00016786158084869385,Nov,2,2,1,2,New_Visitor,False,False
8.042255401611328,199.82440185546875,3.113424062728882,176.6296844482422,47.89142608642578,1879.1107177734375,0.008040821179747581,0.026320474222302437,6.838677883148193,-0.0005646012723445892,Nov,3,2,1,2,Returning_Visitor,False,False
4.516828536987305,182.98297119140625,0.07385316491127014,3.8158912658691406,36.819393157958984,2218.724609375,0.008947384543716908,0.024686500430107117,4.509737968444824,-0.00010535120964050293,Nov,1,1,1,2,Returning_Visitor,False,False
2.676240921020508,98.3882827758789,0.02830567955970764,2.1123428344726562,11.009841918945312,394.32916259765625,0.0003146287053823471,0.01452571339905262,1.4920921325683594,-0.00010407716035842896,Dec,2,2,1,2,New_Visitor,False,False
10.102783203125,413.60760498046875,4.243153095245361,364.98895263671875,113.29460906982422,6251.37353515625,0.002358619123697281,0.015659630298614502,8.742704391479492,0.13559699058532715,May,2,2,1,4,Returning_Visitor,False,False
0.02468585968017578,1.751678466796875,0.035818397998809814,1.212738037109375,6.167537689208984,260.834228515625,0.19872727990150452,0.1912567913532257,-0.13467645645141602,-0.0007173530757427216,Nov,3,2,1,13,Returning_Visitor,False,False
6.141980171203613,190.5778350830078,0.07561179995536804,68.16617584228516,209.97940063476562,1054.0001220703125,0.0018763039261102676,0.015343280509114265,4.367823600769043,-0.00033561885356903076,Nov,2,2,1,2,Returning_Visitor,False,False
3.6355934143066406,203.9006805419922,2.894456624984741,166.76007080078125,50.66334915161133,1392.0400390625,0.001965094357728958,0.015620341524481773,6.3914899826049805,-0.00030586495995521545,Mar,2,2,1,2,Returning_Visitor,False,False
5.062137126922607,468.1257019042969,3.7185497283935547,326.87957763671875,65.4369125366211,3058.824462890625,0.015369188040494919,0.02812202274799347,5.632665157318115,-0.00045351311564445496,May,2,2,1,1,Returning_Visitor,False,False
-0.006698131561279297,9.894813537597656,0.028416723012924194,2.0758399963378906,14.868961334228516,504.033935546875,0.0009684376418590546,0.01356634870171547,45.30246353149414,0.10532364249229431,Nov,2,2,1,2,Returning_Visitor,False,True
4.596985816955566,128.76898193359375,0.06412827968597412,4.377094268798828,27.981399536132812,972.3502197265625,0.004464639350771904,0.02027861401438713,4.594227313995361,0.09675917029380798,May,1,1,1,2,Returning_Visitor,False,False
3.53957462310791,74.64237213134766,0.04963001608848572,4.21989631652832,25.602811813354492,1703.98779296875,0.004712546244263649,0.021271198987960815,18.291650772094727,0.18623027205467224,May,2,2,1,2,Returning_Visitor,False,False
0.044858694076538086,3.4889602661132812,0.025400519371032715,0.7813949584960938,4.20311164855957,290.08941650390625,0.005999699234962463,0.05097595229744911,-0.3299598693847656,-0.0001942068338394165,Mar,2,2,1,2,Returning_Visitor,False,False
7.0862717628479,432.66937255859375,3.2723214626312256,244.4928436279297,53.15234375,1312.146728515625,0.008073488250374794,0.03585916385054588,6.224174499511719,0.15213719010353088,May,3,2,1,2,Returning_Visitor,False,False
0.022470474243164062,1.2952499389648438,0.034805506467819214,0.9213943481445312,6.143369674682617,259.3922119140625,0.1942642331123352,0.201411634683609,-0.034577369689941406,0.19549418985843658,May,2,2,1,3,Returning_Visitor,False,False
1.4926342964172363,31.005237579345703,0.024796277284622192,-0.8724403381347656,3.769796371459961,276.0987548828125,0.009842918254435062,0.06572987139225006,-0.3899664878845215,0.2041691243648529,May,2,2,1,3,Returning_Visitor,False,False
0.08602571487426758,4.676513671875,0.0452842116355896,2.8005752563476562,22.17223358154297,617.8662109375,0.009161354042589664,0.029483851045370102,1.224928379058838,0.25679776072502136,May,1,1,1,3,Returning_Visitor,True,False
0.038367271423339844,3.6555099487304688,0.026799142360687256,0.6624717712402344,7.000677108764648,272.67059326171875,0.011615064926445484,0.04786605015397072,0.04282426834106445,0.1857582926750183,Mar,1,1,1,3,Returning_Visitor,False,False
0.03303217887878418,12.169700622558594,0.04599091410636902,3.990732192993164,42.83978271484375,742.6163330078125,0.013141844421625137,0.02533099427819252,1.5735106468200684,0.28411155939102173,May,1,1,1,3,Returning_Visitor,False,False
0.0450284481048584,5.47747802734375,0.02488192915916443,0.042827606201171875,2.714151382446289,265.1278076171875,0.00846017338335514,0.08140479028224945,-0.2594294548034668,1.9866973161697388e-05,Dec,1,1,1,2,Returning_Visitor,False,False
4.821686744689941,200.1544189453125,0.03850683569908142,5.856332778930664,52.8653564453125,1145.6646728515625,0.0033409353345632553,0.005734503269195557,3.0096688270568848,-4.352256655693054e-05,May,2,2,1,2,Returning_Visitor,False,True
0.06121206283569336,3.9184646606445312,0.029740899801254272,1.2930259704589844,9.082742691040039,339.601318359375,0.005951041355729103,0.02969047799706459,0.16766595840454102,5.9101730585098267e-05,Nov,1,1,1,2,Returning_Visitor,False,False
1.2057898044586182,37.55548858642578,0.022734612226486206,1.667999267578125,21.888309478759766,1148.999755859375,0.003185862675309181,0.008152633905410767,2.347529411315918,4.954636096954346e-07,Nov,2,2,1,2,Returning_Visitor,False,False
1.9110291004180908,38.45915985107422,1.568922758102417,107.60138702392578,9.801240921020508,403.5404052734375,0.00353400781750679,0.028935829177498817,0.4204535484313965,0.15405504405498505,May,1,1,1,4,Returning_Visitor,False,False
0.1575005054473877,2.7862396240234375,0.040599167346954346,2.702798843383789,18.616044998168945,794.650390625,0.012301219627261162,0.039198070764541626,1.1565322875976562,0.29104891419410706,May,2,2,1,3,Returning_Visitor,False,False
2.5607426166534424,122.63621520996094,1.6680223941802979,115.69082641601562,24.75809097290039,840.9720458984375,0.016818378120660782,0.03769461065530777,18.635589599609375,0.0008744224905967712,May,2,2,1,1,Returning_Visitor,False,False
6.935582637786865,117.7823486328125,1.4778783321380615,69.04057312011719,26.277915954589844,1191.2874755859375,0.007379042915999889,0.010047480463981628,29.03247833251953,-0.00020673498511314392,Nov,2,2,1,2,Returning_Visitor,False,True
0.15087318420410156,2.5316925048828125,1.4089961051940918,53.480186462402344,20.302677154541016,1252.103271484375,0.0277160182595253,0.05035177618265152,1.5884504318237305,0.38916218280792236,May,1,1,1,3,Returning_Visitor,True,False
4.249481678009033,216.35232543945312,0.050623953342437744,3.6805648803710938,25.978805541992188,754.9312744140625,0.0032081734389066696,0.01587093435227871,3.150739908218384,-0.0003455802798271179,May,2,2,1,2,Returning_Visitor,False,False
7.401027202606201,82.75818634033203,0.05835190415382385,6.101797103881836,85.39061737060547,4216.1767578125,0.005152979865670204,0.011793732643127441,5.027899742126465,-0.00032668933272361755,Nov,2,2,1,2,Returning_Visitor,False,False
4.405703544616699,80.26248168945312,1.5254848003387451,111.21944427490234,12.638694763183594,934.6972045898438,0.008688701316714287,0.013286817818880081,2.438094139099121,0.10382146388292313,Dec,1,1,1,2,Returning_Visitor,False,False
1.3641682863235474,90.70610046386719,0.025120168924331665,2.085634231567383,29.661367416381836,1114.9281005859375,0.0005659498274326324,0.006233595311641693,33.19989776611328,-0.00014001131057739258,Nov,2,2,1,2,Returning_Visitor,False,True
2.144578456878662,73.02142333984375,0.02758362889289856,1.3064155578613281,6.855325698852539,285.1607666015625,0.0012471135705709457,0.019795285537838936,0.6219906806945801,0.00018044188618659973,Dec,2,2,1,2,New_Visitor,False,False
0.019457101821899414,1.5408096313476562,0.03440368175506592,0.7990303039550781,5.897705078125,256.76336669921875,0.20241235196590424,0.1996309906244278,-0.11342191696166992,0.200420543551445,Nov,3,2,1,3,Returning_Visitor,False,False
0.020345211029052734,1.1003570556640625,0.03561249375343323,0.9808006286621094,7.133298873901367,261.662109375,0.0970597043633461,0.1434645652770996,0.18829774856567383,0.27716726064682007,May,2,2,1,3,Returning_Visitor,False,False
9.500968933105469,450.6420593261719,4.604634761810303,394.0517578125,100.3613510131836,4468.9990234375,0.005897620692849159,0.014142714440822601,8.299428939819336,-0.0003088638186454773,Nov,2,2,1,2,Returning_Visitor,False,False
4.7647552490234375,153.4539794921875,0.06077080965042114,6.008453369140625,7.523838043212891,277.630126953125,0.007433847524225712,0.04176303744316101,0.5347647666931152,0.0006322413682937622,May,3,2,1,2,Returning_Visitor,False,False
0.12503433227539062,12.974739074707031,0.04531171917915344,3.70172119140625,38.97878646850586,1239.7705078125,0.0030034370720386505,0.020132549107074738,2.609428644180298,0.00020334497094154358,Nov,2,2,1,2,Returning_Visitor,False,False
0.12311434745788574,12.732383728027344,0.025422245264053345,3.348508834838867,41.140769958496094,1568.2578125,0.0016893818974494934,0.01758899912238121,43.35208511352539,0.20671020448207855,May,2,2,1,4,Returning_Visitor,False,False
0.4405064582824707,41.57012939453125,1.635354995727539,142.80474853515625,134.65213012695312,6967.99267578125,0.0040551964193582535,0.021240944042801857,10.37556266784668,0.0003475956618785858,Nov,2,2,1,2,Returning_Visitor,False,False
0.015372753143310547,1.9737091064453125,0.03586587309837341,0.9178428649902344,8.092451095581055,260.082763671875,0.06895613670349121,0.15904109179973602,0.27341127395629883,0.270125150680542,May,1,1,1,3,Returning_Visitor,False,False
1.0600436925888062,50.715492248535156,0.02462199330329895,2.272672653198242,31.50531768798828,1164.2767333984375,0.0008110012859106064,0.01008191704750061,56.405704498291016,-5.687028169631958e-05,Dec,8,13,9,20,Other,False,True
0.3033928871154785,4.750732421875,0.0520382821559906,5.193881988525391,72.72626495361328,3972.05859375,0.005151206627488136,0.018947899341583252,2.2448203563690186,0.0005339048802852631,Nov,2,2,1,2,Returning_Visitor,False,False
0.03010702133178711,1.6481552124023438,0.035093456506729126,-0.359588623046875,6.049579620361328,261.48651123046875,0.19703266024589539,0.19892361760139465,-0.057118892669677734,-0.00022191554307937622,Nov,1,1,1,3,Returning_Visitor,False,False
0.135634183883667,13.151283264160156,0.04094025492668152,5.435678482055664,65.7989501953125,2032.423828125,0.0025069154798984528,0.016218939796090126,26.276973724365234,-0.0005770176649093628,Nov,2,2,1,2,Returning_Visitor,False,False
0.08084249496459961,3.0894851684570312,0.04570513963699341,1.5683021545410156,11.283082962036133,714.875,0.016718579456210136,0.04088369384407997,18.762737274169922,0.00042062997817993164,Nov,1,1,1,3,Returning_Visitor,False,False
0.1555798053741455,3.5529708862304688,0.04398113489151001,2.6998157501220703,14.738838195800781,775.92529296875,0.006399683654308319,0.032076116651296616,0.8996410369873047,0.0006302930414676666,May,2,1,1,2,Returning_Visitor,False,False
8.151005744934082,266.9744873046875,2.273463010787964,129.6251983642578,76.38990020751953,2871.14111328125,0.0023799557238817215,0.01437581516802311,7.706998348236084,0.12647147476673126,Nov,2,2,1,2,Returning_Visitor,False,False
3.56169056892395,74.95439910888672,0.0376356840133667,3.398967742919922,20.915374755859375,585.439208984375,0.0041347164660692215,0.013834530487656593,2.1151983737945557,-0.00010285526514053345,Mar,2,2,1,2,New_Visitor,False,False
8.945844650268555,295.18585205078125,4.158720016479492,376.87738037109375,162.73170471191406,4115.79150390625,0.005055442452430725,0.011774178594350815,7.081992149353027,-0.0006259381771087646,Nov,2,2,1,2,Returning_Visitor,False,False
0.1407928466796875,11.082115173339844,0.059054791927337646,6.117639541625977,65.37406158447266,2709.56396484375,0.003755781799554825,0.024948284029960632,2.9060308933258057,0.3575506806373596,May,2,2,1,2,Returning_Visitor,False,False
0.03282642364501953,1.7790145874023438,0.037141770124435425,1.5347137451171875,8.345951080322266,281.4775390625,0.033978171646595,0.08779652416706085,0.4560370445251465,0.00030005723237991333,Nov,3,2,1,1,Returning_Visitor,False,False
1.5525628328323364,33.45341873168945,0.043026119470596313,2.7727718353271484,14.555370330810547,468.0306396484375,0.0023914221674203873,0.030040161684155464,1.1145048141479492,-6.898492574691772e-05,Nov,1,1,1,2,Returning_Visitor,False,False
6.063643455505371,176.28399658203125,0.05909013748168945,7.614521026611328,37.945987701416016,794.7374267578125,0.004321154206991196,0.01238740049302578,29.55048370361328,0.04229384660720825,May,3,2,1,4,Returning_Visitor,False,True
1.933803677558899,45.1685791015625,0.0354328453540802,5.375802993774414,66.0069351196289,2174.459228515625,0.00246480293571949,0.013437740504741669,3.912515163421631,-0.00024443864822387695,Nov,2,2,1,1,Returning_Visitor,False,False
0.15442299842834473,5.5030670166015625,0.04285171627998352,3.2888011932373047,41.518089294433594,1801.8460693359375,0.004959478974342346,0.024667588993906975,1.9768261909484863,0.33280277252197266,May,2,2,1,4,Returning_Visitor,True,False
3.8585147857666016,138.06161499023438,1.9248948097229004,110.34748077392578,15.071832656860352,494.60296630859375,0.0015062745660543442,0.01174967736005783,2.2058045864105225,-0.0004541128873825073,May,1,1,1,2,New_Visitor,False,False
0.17235493659973145,6.69342041015625,0.05828508734703064,5.912008285522461,68.32149505615234,3243.16015625,0.007987271063029766,0.018364541232585907,2.3498694896698,0.0003080405294895172,Nov,2,2,1,2,Returning_Visitor,False,False
0.039676666259765625,1.9942550659179688,0.03894054889678955,1.2921485900878906,10.768365859985352,483.267822265625,0.04223691672086716,0.06484275311231613,0.46918487548828125,-0.00045926496386528015,May,2,2,1,1,Returning_Visitor,False,False
0.025574922561645508,1.72076416015625,0.035135865211486816,1.2429580688476562,5.88624382019043,261.56878662109375,0.19577187299728394,0.18652668595314026,-0.06961345672607422,-0.00021944567561149597,Mar,1,1,1,1,Returning_Visitor,False,False
4.463591575622559,113.42027282714844,0.06031745672225952,5.454183578491211,22.87251853942871,334.313720703125,0.010387469083070755,0.05000689625740051,2.7807154655456543,0.14513227343559265,May,1,1,1,3,Returning_Visitor,False,False
4.9545087814331055,142.85008239746094,1.4688141345977783,122.2501220703125,57.37437438964844,3973.142578125,0.014594769105315208,0.0333920456469059,4.033367156982422,-0.00017306208610534668,Nov,2,2,1,1,Returning_Visitor,False,False
4.413826942443848,181.63973999023438,0.0656789243221283,3.9521846771240234,43.98359298706055,1148.4918212890625,0.013179067522287369,0.03971056267619133,4.197773456573486,0.1626172810792923,May,3,2,1,13,Returning_Visitor,False,False
2.770779609680176,30.470123291015625,0.04263123869895935,1.95184326171875,12.74252700805664,486.21417236328125,0.01198238879442215,0.031159380450844765,0.48215723037719727,0.2070309966802597,May,1,1,1,3,Returning_Visitor,False,False
11.026193618774414,253.51324462890625,2.44340443611145,276.2646179199219,231.3905029296875,4839.54541015625,0.0034907516092061996,0.015502845868468285,6.871626853942871,-0.0007708296179771423,Nov,1,1,1,2,Returning_Visitor,False,False
5.024597644805908,156.5777587890625,0.0630408525466919,4.971157073974609,12.292661666870117,397.31072998046875,0.007192076183855534,0.02313217520713806,1.0220847129821777,-0.0001862756907939911,Dec,1,1,1,2,Returning_Visitor,False,False
0.03954648971557617,3.2428207397460938,0.0249519944190979,0.8922996520996094,3.3255157470703125,282.1800537109375,0.00635376013815403,0.07720853388309479,-0.3649630546569824,-0.0004534013569355011,Mar,2,2,1,1,Returning_Visitor,False,False
0.05420565605163574,3.5244674682617188,0.029241204261779785,1.26153564453125,4.471624374389648,278.550537109375,0.004693511873483658,0.041729334741830826,-0.15816879272460938,-2.3659318685531616e-05,Mar,2,2,1,1,Returning_Visitor,False,False
0.03593015670776367,1.7352371215820312,0.035327374935150146,0.9960060119628906,5.541086196899414,270.455322265625,0.1271405965089798,0.1242818832397461,-0.012797355651855469,0.21605664491653442,May,2,2,1,3,Returning_Visitor,False,False
10.066666603088379,73.00873565673828,3.947732925415039,333.72711181640625,66.9709243774414,6018.58203125,0.004523927345871925,0.02582709863781929,5.653690338134766,-0.00017502903938293457,Nov,2,2,1,2,Returning_Visitor,False,False
-0.001348257064819336,10.35845947265625,0.01942726969718933,2.1348609924316406,29.323944091796875,765.395263671875,0.004765557125210762,0.017752990126609802,2.061734676361084,-3.376603126525879e-05,Nov,2,2,1,2,Returning_Visitor,False,False
5.415748596191406,214.73513793945312,0.07072502374649048,6.560216903686523,37.10313415527344,2197.4736328125,0.0023411232978105545,0.018551887944340706,19.712753295898438,0.09324529767036438,May,2,2,1,4,Returning_Visitor,False,False
0.034586429595947266,2.1377029418945312,0.03677237033843994,1.0936927795410156,6.188386917114258,319.21142578125,0.11571268737316132,0.1600228250026703,-0.07853412628173828,-0.0005119107663631439,May,1,1,1,3,Returning_Visitor,False,False
8.108131408691406,381.36322021484375,3.4509334564208984,180.668701171875,46.30057907104492,2390.3203125,0.003874313086271286,0.013409936800599098,6.777766704559326,-0.0003990381956100464,Nov,2,2,1,2,Returning_Visitor,False,False
0.11575603485107422,11.077873229980469,0.04635906219482422,6.754716873168945,70.15254974365234,1792.54248046875,0.0022736787796020508,0.02337830513715744,3.8317224979400635,-0.0006466172635555267,Nov,2,2,1,2,Returning_Visitor,False,False
2.490201234817505,43.988792419433594,0.023273080587387085,2.885782241821289,33.90991973876953,577.5250244140625,0.0011454243212938309,0.017935140058398247,2.517136335372925,-0.0003439709544181824,Mar,2,2,1,2,Returning_Visitor,False,False
3.3430137634277344,100.33507537841797,0.032924503087997437,0.8786888122558594,3.842784881591797,271.9747314453125,0.003635190427303314,0.02661929465830326,0.4159355163574219,-0.0002223961055278778,Nov,1,1,1,2,New_Visitor,False,False
1.4075324535369873,31.81668472290039,0.0380251407623291,1.0848464965820312,17.212635040283203,792.0687255859375,0.028227243572473526,0.03797244280576706,1.7084221839904785,0.3514697551727295,May,3,2,1,3,Returning_Visitor,False,False
5.338752746582031,132.25030517578125,0.049301743507385254,6.221555709838867,21.83816146850586,319.4503173828125,0.0015825387090444565,0.015303445979952812,2.515587091445923,-0.000552833080291748,May,3,2,1,2,New_Visitor,False,False
0.0647730827331543,4.22882080078125,0.024991720914840698,2.148283004760742,13.067911148071289,350.37872314453125,0.00012883730232715607,0.030301477760076523,0.6378393173217773,0.15739169716835022,Mar,2,2,1,2,Returning_Visitor,False,False
3.555720329284668,30.55371856689453,0.045320481061935425,3.1984786987304688,22.402950286865234,1310.25439453125,0.00654996745288372,0.031141458079218864,2.3535869121551514,-0.00014015287160873413,May,2,2,1,1,Returning_Visitor,False,False
7.967421054840088,190.2240447998047,0.08590096235275269,8.261859893798828,101.4017105102539,4094.73388671875,0.003912828862667084,0.015186265110969543,4.807583332061768,0.17588675022125244,May,2,2,1,2,Returning_Visitor,False,False
4.435932159423828,129.34780883789062,0.061610251665115356,3.9029159545898438,26.598562240600586,806.5733032226562,0.00856536254286766,0.015593087300658226,3.733675956726074,0.12611909210681915,Nov,2,2,1,2,Returning_Visitor,False,False
0.05612039566040039,5.3877410888671875,0.04045790433883667,1.8928718566894531,20.386005401611328,562.0394287109375,0.01287295762449503,0.039972685277462006,1.0599493980407715,0.0001494288444519043,Mar,2,2,1,1,Returning_Visitor,False,False
0.0455477237701416,1.0260543823242188,0.03748077154159546,1.0767250061035156,7.233068466186523,275.485595703125,0.03593327850103378,0.059743911027908325,0.2412867546081543,0.29963552951812744,May,2,2,1,3,Returning_Visitor,False,False
0.12862133979797363,10.702095031738281,0.02458837628364563,2.5253849029541016,31.20960235595703,1254.8779296875,0.0031052902340888977,0.01719210483133793,2.9055216312408447,-0.00013500824570655823,Nov,1,1,1,2,Returning_Visitor,False,False
6.887107849121094,133.12794494628906,3.534719228744507,165.69085693359375,42.03140640258789,1922.2266845703125,0.004143591970205307,0.0262815710157156,7.222707748413086,-0.0009161084890365601,Nov,1,1,1,2,Returning_Visitor,False,False
0.16327643394470215,4.217094421386719,0.04080754518508911,1.3238945007324219,10.171846389770508,811.0601196289062,0.022574208676815033,0.027701541781425476,1.0536494255065918,0.0007488727569580078,Nov,2,2,1,2,Returning_Visitor,False,False
-0.03212141990661621,13.212677001953125,0.05610966682434082,7.689382553100586,83.70556640625,2323.709228515625,0.02380390465259552,0.0597434900701046,0.46044206619262695,-0.0003683716058731079,Nov,2,2,1,1,Returning_Visitor,False,False
8.37945556640625,349.3302307128906,1.3062447309494019,74.79518127441406,84.61957550048828,1996.47998046875,0.004959121346473694,0.012291319668293,7.618678569793701,-0.0007952824234962463,Nov,2,2,1,2,Returning_Visitor,False,False
10.592004776000977,425.452880859375,4.680005073547363,261.22039794921875,101.34320831298828,4447.19775390625,0.006958484649658203,0.021469613537192345,6.095121383666992,0.0004350990056991577,Nov,2,2,1,2,Returning_Visitor,False,True
0.046568870544433594,3.8748779296875,0.02641516923904419,1.0013656616210938,11.972238540649414,284.24395751953125,0.007114631123840809,0.04189340025186539,0.33895349502563477,-0.00042381882667541504,Mar,2,2,1,1,Returning_Visitor,False,False
0.13625073432922363,10.728866577148438,0.025476157665252686,2.2765121459960938,32.37548828125,1276.97509765625,0.0032454803586006165,0.018411360681056976,2.813829183578491,-0.0005128122866153717,May,1,1,1,2,Returning_Visitor,False,False
0.17293763160705566,10.292633056640625,1.5819311141967773,106.791259765625,11.295940399169922,753.275146484375,0.005544951185584068,0.023785153403878212,0.35698938369750977,0.0005119293928146362,May,2,2,1,2,Returning_Visitor,False,False
7.049899101257324,258.5589904785156,0.055502086877822876,10.946300506591797,82.54742431640625,2054.466796875,0.0017505288124084473,0.004832569509744644,26.98263931274414,-0.0005222000181674957,Nov,2,1,1,2,Returning_Visitor,False,True
0.07053208351135254,2.4416656494140625,0.041247934103012085,1.9113273620605469,11.144880294799805,701.0130615234375,0.009917040355503559,0.05900988355278969,0.40256214141845703,6.606802344322205e-05,Mar,2,2,1,1,Returning_Visitor,False,False
2.0214855670928955,39.440826416015625,0.02382490038871765,2.9002552032470703,28.13918685913086,603.3433227539062,0.0042943693697452545,0.01374785229563713,42.503780364990234,-0.00028638914227485657,Nov,2,2,1,2,Returning_Visitor,False,False
0.04716610908508301,9.951812744140625,0.04265129566192627,2.1344242095947266,29.59587287902832,566.5238647460938,0.006402172148227692,0.0378609299659729,1.6196231842041016,0.000284489244222641,Nov,2,2,1,1,Returning_Visitor,False,False
0.14725685119628906,8.803390502929688,0.02516111731529236,3.1002063751220703,32.55851745605469,1646.697998046875,0.0024887900799512863,0.019537150859832764,2.3927347660064697,-0.00037522614002227783,May,2,2,1,2,Returning_Visitor,False,False
4.587955474853516,315.6100158691406,1.7115697860717773,124.2029800415039,29.022010803222656,1094.1513671875,0.001958375796675682,0.014790993183851242,4.626582622528076,-0.0004168674349784851,Mar,2,2,1,2,Returning_Visitor,False,True
2.27253794670105,40.141197204589844,0.042236506938934326,1.9618682861328125,28.254318237304688,832.3724365234375,0.015261324122548103,0.055669479072093964,2.264559268951416,0.0009496062994003296,Mar,2,2,1,1,Returning_Visitor,False,False
0.023055315017700195,4.6924285888671875,0.027349621057510376,1.07525634765625,13.236299514770508,477.05377197265625,0.030273929238319397,0.022757815197110176,0.3958449363708496,0.00046360865235328674,Mar,2,2,1,1,Returning_Visitor,False,False
0.08046555519104004,11.369178771972656,0.03137153387069702,1.0406608581542969,20.081022262573242,805.4810791015625,0.01535181887447834,0.019548341631889343,0.9742527008056641,-0.004288986325263977,May,1,1,1,3,Returning_Visitor,False,False
6.664481163024902,376.4649353027344,0.08059605956077576,10.002914428710938,35.643516540527344,1009.29638671875,0.010809198021888733,0.034380506724119186,14.710465431213379,0.00012663379311561584,May,2,2,1,1,Returning_Visitor,False,False
6.472383499145508,40.29668045043945,0.03923386335372925,5.947206497192383,31.85944938659668,1333.068603515625,0.0018008705228567123,0.013930173590779305,4.2135114669799805,-0.00024997442960739136,Nov,2,2,1,2,Returning_Visitor,False,False
4.56153678894043,194.11553955078125,0.0632268488407135,4.993207931518555,41.74751281738281,1105.9906005859375,0.00282110832631588,0.01254425011575222,6.247915744781494,-0.0003538206219673157,Nov,2,1,1,2,Returning_Visitor,False,False
2.668264150619507,98.11297607421875,0.028693825006484985,0.7955207824707031,4.064294815063477,273.861083984375,-0.0013390891253948212,0.035836558789014816,0.41796064376831055,0.00019874051213264465,Dec,2,2,1,2,Returning_Visitor,False,False
8.589105606079102,183.78733825683594,0.08048054575920105,12.133575439453125,95.05481719970703,3861.4208984375,0.0028760675340890884,0.01645883359014988,6.2472004890441895,-0.0004917941987514496,Nov,2,2,1,2,Returning_Visitor,False,False
