year,month,day,hour,pm2.5,DEWP,TEMP,PRES,cbwd,Iws,Is,Ir
2011,1,11,3,14.0,-19.0,-4.0,1033.0,NW,1.7899999618530273,0.0,0.0
2010,3,27,10,340.2455139160156,-16.0,5.0,1028.0,NW,13.223795890808105,0.0,0.0
2011,4,1,11,18.0,-9.0,9.0,1025.49853515625,NW,28.75212287902832,0.0,0.0
2010,2,28,3,79.0,0.0,3.0,1016.0,cv,3.130000114440918,0.0,0.0
2010,12,16,4,256.371337890625,-6.0,1.0,1008.0,SE,4.920000076293945,0.0,0.0
2011,12,14,5,105.8775405883789,-13.0,6.0,1023.0,NE,73.06291961669922,0.0,0.0
2014,6,4,20,90.98274230957031,16.0,22.0,1011.0,NW,1.7899999618530273,0.0,0.0
2013,4,23,1,106.0,-1.0,10.0,1013.0,SE,98.70227813720703,0.0,0.0
2012,7,10,13,35.0,19.0,30.0,996.0,NE,3.130000114440918,0.0,0.0
2012,5,6,0,18.673946380615234,0.0,22.0,1006.0,NW,2.2300000190734863,0.0,0.0
2012,12,3,22,37.0,-18.268274307250977,-4.0,1029.0,NW,1.7899999618530273,0.0,0.0
2010,8,17,4,91.0,19.0,22.139068603515625,1007.0,cv,0.8899999856948853,0.0,0.0
2014,2,9,22,51.0,-8.0,-2.0,1030.0,SE,4.920000076293945,0.0,0.0
2011,6,5,17,40.0,16.0,22.0,1012.0,SE,2.6700000762939453,0.0,0.0
2013,5,26,15,42.820186614990234,1.0,17.0,1017.0,NW,3.130000114440918,0.0,0.0
2011,3,29,16,28.61885643005371,-19.0,10.0,1014.0,NW,15.199999809265137,0.0,0.0
2014,9,8,8,281.0777587890625,20.0,23.0,1014.0,SE,1.7899999618530273,0.0,0.0
2010,4,7,10,21.0,-10.0,13.0,1006.0,NW,9.390000343322754,0.0,0.0
2010,12,8,17,16.0,-21.0,1.0,1034.0,NW,31.567420959472656,0.0,0.0
2010,5,6,4,223.06591796875,19.0,20.0,1006.0,SE,1.7899999618530273,0.0,0.0
2012,4,10,16,14.0,-12.0,18.0,1014.0,NW,65.40966796875,0.0,0.0
2014,7,15,19,33.0,16.0,31.0,998.0,SE,44.17085266113281,0.0,0.0
2010,5,1,7,230.17578125,14.0,18.0,1015.0,cv,0.8899999856948853,0.0,0.0
2011,3,10,8,14.0,-19.0,-6.0,1027.0,NW,12.704042434692383,0.0,0.0
2013,3,15,8,249.60296630859375,-3.0,8.0,1020.0,SE,1.7899999618530273,0.0,0.0
2013,11,17,3,14.0,-10.0,10.0,1023.0,NW,8.050000190734863,0.0,0.0
2012,11,16,8,93.0,-4.0,2.0,1021.0,cv,1.7899999618530273,0.0,0.0
2010,1,21,4,31.0,-22.0,-9.0,1039.0,NW,12.9688720703125,0.0,0.0
2013,11,24,14,271.2504577636719,-1.0,13.0,1012.0,NW,27.273208618164062,0.0,0.0
2013,10,2,7,91.0,13.0,15.0,1015.0,SE,1.7899999618530273,0.0,0.0
2012,12,21,10,129.0,-7.0,-2.0,1029.0,NE,0.8899999856948853,0.0,0.0
2012,2,4,6,39.0,-19.0,-5.0,1031.77197265625,NW,3.130000114440918,0.0,0.0
2013,3,19,9,290.1604309082031,-7.0,-3.0,1025.0,cv,3.130000114440918,0.0,0.0
2014,4,20,9,113.24138641357422,4.0,11.0,1028.0,NE,2.6700000762939453,0.0,0.0
2011,8,8,10,36.0,14.0,24.0,1014.0,NE,10.279999732971191,0.0,0.0
2012,11,24,19,62.0,-10.0,3.0,1027.0,cv,11.180000305175781,0.0,0.0
2011,12,19,14,35.0,-16.0,0.1857585310935974,1034.0,SE,1.7899999618530273,0.0,0.0
2013,8,17,12,59.0,22.33341407775879,25.0,1011.0,SE,23.239999771118164,0.0,0.0
2014,5,2,13,32.0,-7.0,20.447311401367188,1012.0,NW,143.81224060058594,0.0,0.0
2014,11,23,12,81.0,-2.0,3.0,1029.0,SE,6.0729804039001465,0.0,0.0
2011,11,13,14,118.0,-10.0,2.0,1023.67919921875,NW,4.920000076293945,0.0,0.0
2014,11,11,18,20.0,-8.0,14.0,1017.0,NW,13.859999656677246,0.0,0.0
2014,1,17,1,302.3254089355469,-5.0,-1.0,1030.0,cv,31.29786491394043,0.0,0.0
2010,3,21,1,89.0,-3.0,-1.0,1030.0,SE,6.260000228881836,0.0,0.0
2012,12,5,21,38.0,-17.0,-3.0,1023.0,SE,0.8899999856948853,0.0,0.0
2011,8,19,13,88.62952423095703,18.199954986572266,30.0,1000.0,SE,3.130000114440918,0.0,0.0
2010,7,18,13,185.0,22.0,30.0,1008.0,SE,11.619999885559082,0.0,0.21944445371627808
2013,1,22,8,124.41301727294922,-20.0,-10.0,1040.087890625,NE,5.369999885559082,0.0,0.0
2011,4,3,23,39.0,9.0,11.0,1017.0,NW,1.7899999618530273,0.0,0.0
2010,6,20,4,74.0,19.0,23.0,1004.0,cv,0.8899999856948853,0.0,0.0
2012,2,2,23,15.0,-24.0,-8.0,1035.0,NW,94.73612213134766,0.0,0.0
2013,11,27,16,8.0,-20.0,3.0,1027.0,NW,303.16217041015625,0.0,0.0
2013,8,26,9,35.0,18.0,23.0,1004.0,SE,5.369235515594482,0.0,0.0
2010,1,28,23,69.0,-13.0,2.0,1023.0,NE,2.6700000762939453,0.0,0.0
2010,3,29,16,163.87281799316406,-3.022061347961426,9.0,1024.0,SE,4.920000076293945,0.0,0.0
2010,4,6,23,68.0,-5.0,11.0,1017.0,NW,17.384912490844727,0.0,0.0
2011,5,1,14,38.0,5.0,22.0,1015.0,NE,19.338342666625977,0.0,0.0
2012,2,24,1,16.0,-19.0,-3.0,1029.0,NW,68.74384307861328,0.0,0.0
2011,3,25,1,7.0,-27.0,5.0,1027.0,NW,9.834854125976562,0.0,0.0
2012,6,23,11,210.9219970703125,12.0,19.0,1005.0,SE,11.927157402038574,0.0,0.0
2012,10,28,11,66.0,0.0,17.0,1026.0,NW,3.579127311706543,0.0,0.0
2014,2,3,17,7.163285732269287,-17.0,-2.0,1025.0,NW,18.44496726989746,0.0,0.0
2014,6,21,9,166.0,20.0,23.0,1004.0,NE,0.8899999856948853,0.0,0.0
2011,12,9,9,22.0,-23.908052444458008,-6.0,1035.0,NW,87.5792007446289,0.0,0.0
2013,6,10,15,77.0,19.0,30.0,1008.0,NE,3.130000114440918,0.0,0.0
2014,2,13,21,249.9045867919922,-12.0,-1.0,1035.0,NW,1.7899999618530273,0.0,0.0
2014,11,1,19,14.0,-10.0,9.0,1018.0,NW,82.82762908935547,0.0,0.0
2011,7,7,22,125.09423065185547,18.0,26.0,1001.0,NE,1.7899999618530273,0.0,0.0
2010,5,6,21,157.0,19.0,21.0,1012.0,NW,14.300000190734863,0.0,0.0
2014,4,18,21,73.45065307617188,12.0,16.0,1014.0,SE,83.34552764892578,0.0,0.0
2014,10,1,19,82.0,9.0,11.091194152832031,1021.0,cv,1.7899999618530273,0.0,0.0
2010,4,23,14,29.0,-1.0,12.0,1020.0,NW,119.57371520996094,0.0,0.0
2010,3,11,17,53.0,-12.0,-3.0,1027.0,SE,4.019999980926514,0.0,0.0
2012,9,21,18,7.0,-5.0,23.0,1019.0,NW,76.16324615478516,0.0,0.0
2012,11,19,14,164.015625,6.0,10.234787940979004,1015.0,cv,8.050000190734863,0.0,0.0
2011,5,16,22,92.0,13.0,15.0,1015.0,SE,78.1873779296875,0.0,0.0
2010,12,19,0,38.0,-17.0,0.0,1023.0,NW,7.5953264236450195,0.0,0.0
2013,10,8,8,142.28457641601562,9.0,17.0,1017.0,SE,20.12721061706543,0.0,0.0
2011,6,1,18,39.0,7.0,27.0,1008.0,SE,26.36554718017578,0.0,0.0
2014,5,22,22,194.3311767578125,13.0,18.0,1013.0,cv,0.8899999856948853,0.0,0.0
2012,6,15,14,44.29145050048828,11.0,23.0,1008.0,NE,76.05115509033203,0.0,0.0
2010,10,24,11,24.0,-10.0,11.0,1025.0,NE,4.019999980926514,0.0,0.0
2014,10,27,8,44.383384704589844,8.0,10.0,1016.0,NW,8.039999961853027,0.0,0.0
2013,11,2,8,38.0,-1.0,1.0,1029.0,NW,8.941856384277344,0.0,0.0
2012,1,11,6,145.98477172851562,-19.0,-10.25456714630127,1029.0,NE,1.7899999618530273,0.0,0.0
2014,2,20,18,8.0,-4.0,4.0,1029.0,SE,26.366470336914062,0.0,0.0
2012,6,17,20,101.0,13.0,18.0,1011.0,NE,1.7799999713897705,0.0,0.0
2010,11,18,1,93.3890609741211,-4.0,0.0,1025.0,NW,5.42501974105835,0.0,0.0
2014,3,15,17,47.0,-6.0,12.0,1020.0,NW,1.7899999618530273,0.0,0.0
2010,1,9,9,94.0,-14.0,-8.0,1022.0,NE,12.479578018188477,0.0,0.0
2010,3,19,14,83.0,-14.0,12.0,1019.0,NE,1.7799999713897705,0.0,0.0
2014,2,1,23,447.8898620605469,-10.0,-3.0,1017.0,cv,1.7799999713897705,0.0,0.0
2013,10,3,5,42.0,4.0,13.0,1014.0,NE,1.7899999618530273,0.0,0.0
2012,5,22,19,40.205257415771484,4.0,14.0,1012.0,NW,0.8899999856948853,0.0,1.0
2012,4,29,4,142.41555786132812,8.0,14.0,1016.0,SE,11.619999885559082,0.0,0.0
2014,2,23,6,21.0,-23.0,-4.0,1032.0,NE,18.3966007232666,0.0,0.0
2013,4,2,15,77.5200424194336,-5.0,23.0,1011.0,SE,11.170000076293945,0.0,0.0
2010,1,20,15,18.0,-22.0,-10.0,1028.0,NW,67.09883880615234,0.0,0.0
2013,3,22,20,35.0,-14.0,8.0,1022.0,cv,308.4540710449219,0.0,0.0
2014,2,7,4,105.0,-7.0,-3.5604772567749023,1028.0,SE,33.5208625793457,0.0,0.0
2013,4,7,22,55.7411003112793,-1.0,6.0,1019.0,NW,1.7799999713897705,0.0,0.0
2011,11,27,23,126.58206939697266,6.0,11.0,1022.0,cv,1.7899999618530273,0.0,0.0
2010,3,24,10,344.8307189941406,1.0,6.0,1012.0,NW,6.710000038146973,0.0,0.0
2013,7,24,17,17.0,12.0,40.1902961730957,998.0,SE,38.89834213256836,0.0,0.0
2012,12,15,16,188.72059631347656,-8.0,-2.0,1029.0,SE,3.130000114440918,0.0,0.0
2014,10,29,8,108.0,11.0,25.0,1013.0,SE,3.5799999237060547,0.0,0.0
2010,10,26,15,63.0,-5.0,4.0,1014.0,SE,14.759391784667969,0.0,0.0
2010,12,20,17,73.0,-11.0,-2.0,1033.0,cv,1.7899999618530273,0.0,0.0
2010,11,16,4,55.0,-6.0,4.0,1018.0,SE,4.920000076293945,0.0,0.0
2011,12,16,7,11.0,-21.0,-9.0,1036.0,NW,10.279999732971191,0.0,0.0
2012,9,15,8,169.0,11.0,16.0,1009.0,NE,14.270088195800781,0.0,0.0
2013,10,3,9,263.3057861328125,8.0,9.0,1018.0,cv,0.8899999856948853,0.0,0.0
2013,6,8,21,79.0,22.0,25.0,997.0,cv,14.199711799621582,0.0,0.0
2012,11,22,8,14.0,-6.0,-7.0,1024.0,cv,0.8899999856948853,0.0,0.0
2013,9,18,8,31.0,10.0,15.0,1021.6265869140625,NE,1.7899999618530273,0.0,0.0
2011,2,13,16,122.0,-4.0,0.0,1029.0,SE,0.8899999856948853,0.0,0.0
2011,6,23,23,192.12701416015625,13.0,19.0,1005.0,SE,32.59144592285156,0.0,0.0
2010,6,20,4,47.0,21.0,21.0,1007.0,NE,6.710000038146973,0.0,0.0
2013,5,27,8,73.0,0.0,31.0,1016.0,SE,72.46927642822266,0.0,0.0
2014,11,27,9,90.0,-6.0,2.0,1022.0,cv,0.8899999856948853,0.0,0.0
2012,6,25,11,57.60312271118164,20.0,20.953630447387695,1011.0,SE,6.710000038146973,0.0,0.0
2010,10,11,8,118.25584411621094,13.0,15.0,1011.537353515625,NE,1.7799999713897705,0.0,0.0
2013,4,16,22,176.89730834960938,-1.0,5.0,1021.0,SE,2.100834369659424,0.0,0.0
2013,1,28,23,207.3360137939453,-5.0,-3.0,1023.0,NE,3.130000114440918,1.7211804389953613,0.0
2010,11,28,13,33.0,-7.0,12.0,1027.0,cv,2.6700000762939453,0.0,0.0
2013,5,23,12,102.34323120117188,15.0,24.0,1013.0,SE,4.920000076293945,0.0,0.0
2011,5,6,20,87.75732421875,17.0,20.0,1015.0,NW,3.5799999237060547,0.0,0.0
2013,6,24,7,70.0,16.0,18.595195770263672,1011.0,cv,1.7899999618530273,0.0,1.0
2012,8,23,2,113.41888427734375,20.0,22.0,1016.0,NW,3.130000114440918,0.0,0.0
2011,4,18,16,130.0,7.0,21.0,1005.0,cv,5.621952056884766,0.0,0.0
2011,10,19,3,16.0,3.0,10.0,1016.0,NE,0.8899999856948853,0.0,0.0
2013,5,14,15,13.0,-3.0,25.0,1001.0,NW,57.386497497558594,0.0,0.0
2010,9,14,20,140.00146484375,16.0,18.0,1017.0,SE,1.7899999618530273,0.0,0.0
2013,2,21,18,229.21714782714844,-4.0,-1.0,1023.0,SE,0.8899999856948853,0.0,0.0
2014,2,24,6,137.0,-8.0,0.0,1026.0,SE,0.8899999856948853,0.0,0.0
2013,2,23,3,476.9973449707031,-13.0,-9.0,1024.0,cv,3.569999933242798,0.0,0.0
2012,8,2,10,7.0,18.0,19.0,1008.0,NW,23.239999771118164,0.0,0.0
2014,8,23,14,79.16712951660156,20.0,30.0,1009.0,SE,18.329999923706055,0.0,0.0
2012,12,15,16,125.0,-8.0,-6.0,1031.0,SE,11.180000305175781,0.0,0.0
2014,1,13,10,41.0,-20.0,-4.0,1024.0,SE,3.5799999237060547,0.0,0.0
2013,9,23,16,62.746978759765625,15.0,19.0,1014.0,NE,1.7899999618530273,0.0,0.0
2010,9,1,18,37.0,12.0,28.0,1013.0,NE,4.460000038146973,0.0,0.0
2012,5,29,13,41.0,3.0,26.0,1007.0,SE,0.8899999856948853,0.0,0.0
2013,10,28,20,82.0,8.0,10.0,1019.0,SE,0.8899999856948853,0.0,0.0
2012,3,18,11,78.0,-10.0,14.0,1026.0,NW,1.7799999713897705,0.0,0.0
2010,10,15,17,205.0,10.0,17.0,1017.0,NE,0.8899999856948853,0.0,0.0
2013,12,29,11,27.44170570373535,-19.0,-2.0,1023.0,NW,93.55888366699219,0.0,0.0
2014,9,30,14,16.0,6.0,31.0,1011.0,NE,4.658888339996338,0.0,0.0
2013,5,10,0,65.0,16.0,22.0,1010.0,SE,7.150000095367432,0.0,0.0
2012,7,2,5,24.0,18.0,23.0,997.0,NW,15.646673202514648,0.0,0.0
2013,2,22,19,362.92626953125,-5.0,0.0,1029.0,NW,0.8899999856948853,0.0,0.0
2014,8,16,12,88.0,20.0,21.0,1003.0,cv,1.7899999618530273,0.0,0.0
2014,12,14,11,109.37783813476562,-19.0,-10.0,1030.0,cv,4.916849136352539,0.0,0.0
2010,1,16,6,51.0,-15.0,-11.0,1028.0,SE,4.920000076293945,0.0,0.0
2013,11,3,2,187.4788360595703,-4.0,6.0,1022.0,SE,0.8899999856948853,0.0,0.0
2010,5,29,9,29.0,18.0,25.0,1006.0,cv,9.84000015258789,0.0,0.0
2013,8,22,19,99.0,22.0,25.0,1009.0,SE,1.7899999618530273,0.0,0.0
2011,7,19,14,46.0,22.0,25.0,1007.0,SE,0.44999998807907104,0.0,0.0
2013,5,1,9,41.70790100097656,1.0,24.0,1011.0,SE,30.172576904296875,0.0,0.0
2011,4,3,19,92.0,-15.0,5.0,1020.0,SE,19.219999313354492,0.0,0.0
2012,12,31,7,113.0,-18.0,-9.0,1021.0,NW,1.7899999618530273,0.0,0.0
2014,3,22,21,258.8123779296875,0.0,3.0,1026.0,SE,3.5799999237060547,0.0,0.0
2010,12,21,2,151.0,-8.0,-5.0,1029.0,cv,12.069999694824219,0.0,0.0
2011,4,15,20,133.1302490234375,0.0,18.0,1017.0,SE,47.83869934082031,0.0,0.0
2011,4,26,0,85.34281158447266,-5.0,0.0,1024.0,NW,34.77076721191406,0.0,0.0
2013,2,22,4,369.7879333496094,-1.0,2.0,1004.0,cv,1.7899999618530273,0.0,0.0
2013,8,16,3,44.0,21.0,22.0,1005.0,cv,1.7799999713897705,0.0,0.0
2012,7,2,1,67.0,16.0,22.0,1005.0,cv,0.8899999856948853,0.0,0.0
2010,12,22,23,14.0,-19.0,4.0,1031.0,NE,13.412753105163574,0.0,0.0
2010,3,23,10,70.0,-15.0,1.0,1021.0,NW,4.920000076293945,0.0,0.0
2010,6,21,23,38.0,20.0,21.0,1000.0,cv,1.7899999618530273,0.0,0.0
2013,2,4,22,78.0,-21.0,0.0,1025.0,NW,1.7899999618530273,0.0,0.0
2014,1,27,9,13.0,-19.0,-7.465939521789551,1035.0,NW,9.84000015258789,0.0,0.0
2012,7,2,22,14.0,18.0,21.0,995.0,NW,30.390249252319336,0.0,0.0
2011,5,8,5,66.0,18.0,19.0,1008.0,SE,33.895137786865234,0.0,0.0
2013,5,21,19,74.0,14.0,33.0,1007.0,SE,15.649999618530273,0.0,0.0
2014,5,22,14,92.0,14.0,28.0,1013.0,SE,2.680000066757202,0.0,0.0
2011,4,22,15,31.0,-16.0,7.0,1024.7913818359375,NE,16.546585083007812,0.0,0.0
2013,5,6,20,37.0,5.0,12.0,1014.0,NE,0.8899999856948853,0.0,0.0
2010,5,6,10,29.0,0.0,27.228633880615234,1008.0,NW,13.859999656677246,0.0,0.0
2011,4,24,13,130.82017517089844,4.0,21.0,1012.0,cv,4.920000076293945,0.0,0.0
2012,9,18,17,82.0,-2.0,17.0,1025.0,NW,3.130000114440918,0.0,0.0
2011,4,15,12,130.17088317871094,7.0,20.0,1017.0,SE,18.780000686645508,0.0,0.0
2011,9,2,22,121.0,15.0,20.0,1014.0,SE,5.809999942779541,0.0,0.0
2010,1,12,8,73.29969024658203,-20.0,-4.0,1027.0,SE,0.8899999856948853,0.0,0.0
2011,10,27,23,164.0,9.0,11.0,1022.0,SE,1.7899999618530273,0.0,0.0
2011,2,22,9,13.0,-8.0,11.0,1027.0,NW,8.9399995803833,0.0,0.0
2011,1,22,2,11.0,-13.0,-4.0,1025.0,NW,2.6700000762939453,0.0,0.0
2011,6,4,6,47.0,16.0,16.0,1011.0,NW,3.5799999237060547,0.0,0.0
2014,4,21,13,13.194295883178711,-16.0,8.0,1026.0,NW,152.74453735351562,0.0,0.0
2014,6,21,10,93.90531158447266,14.0,20.0,1014.0,SE,3.130000114440918,0.0,1.0
2011,11,10,14,16.0,-16.0,8.0,1025.3101806640625,NW,18.776508331298828,0.0,0.0
2014,5,30,20,33.0,6.0,34.0,998.0,SE,37.93547058105469,0.0,0.0
2014,10,20,2,40.70866775512695,-2.0,9.0,1018.0,NW,3.5799999237060547,0.0,0.0
2010,8,21,19,91.0,18.0,26.0,1006.0,cv,16.09000015258789,0.0,0.0
2010,1,15,23,9.447972297668457,-27.0,-9.0,1040.3697509765625,NW,224.9029998779297,0.0,0.0
2010,1,13,22,25.0,-24.0,-10.0,1032.0,NW,1.7899999618530273,0.0,0.0
2012,9,21,10,128.5807647705078,23.0,25.0,1006.0,SE,27.715715408325195,0.0,0.0
2012,5,11,10,68.0,5.0,20.0,1015.0,SE,12.069496154785156,0.0,0.09684190154075623
2014,2,28,23,127.61434173583984,-2.0,0.0,1032.0,cv,0.8899999856948853,0.0,0.0
2010,5,21,16,64.0,15.0,21.0,1016.0,SE,5.809999942779541,0.0,0.0
2014,9,2,9,51.0,14.0,19.0,1019.0,cv,0.8899999856948853,0.0,0.0
2011,2,23,10,48.0,-17.0,-5.0,1026.0,NW,18.780000686645508,0.0,0.0
2010,5,22,9,88.0,11.0,16.0,1018.0,SE,1.7899999618530273,0.0,0.0
2014,9,3,20,18.0,20.0,26.0,1008.0,NW,10.318721771240234,0.0,0.0
2013,11,2,13,128.74826049804688,-10.0,7.0,1026.0,cv,1.7899999618530273,0.0,0.0
2013,5,12,13,41.0,2.0,24.0,1015.0,cv,3.5799999237060547,0.0,0.0
2013,12,18,21,383.96453857421875,-15.0,-6.0,1035.0,SE,3.130000114440918,0.0,0.0
2013,11,29,0,49.41791534423828,2.0,6.0,1014.0,cv,10.279999732971191,0.0,0.0
2014,2,29,7,20.0,-20.0,-7.6469316482543945,1032.0,NW,15.620535850524902,0.0,0.0
2011,8,8,2,94.0,16.0,25.0,1009.0,SE,1.7899999618530273,0.0,0.0
2014,8,12,0,31.0,18.0,20.0,1008.0,SE,3.569999933242798,0.0,0.0
2010,5,19,14,29.0,1.0,28.150955200195312,1000.0,NW,44.145713806152344,0.0,0.0
2010,1,30,13,27.0,-17.0,5.0,1020.0,NW,13.859999656677246,0.0,0.0
2011,12,23,3,15.0,-15.0,-3.0,1023.0,NW,115.50491333007812,0.0,0.0
2012,6,21,14,38.0,19.0,28.0,1004.0,NW,0.8899999856948853,0.0,0.0
2012,11,9,2,22.0,-10.0,3.0,1020.0,NW,50.78986740112305,0.0,0.0
2010,3,28,11,242.83094787597656,5.0,13.0,1015.0,cv,2.6700000762939453,0.0,0.0
2014,11,23,2,80.0,-4.0,-1.0,1027.0,cv,3.569999933242798,0.0,0.0
2013,3,10,6,108.0,-8.0,-3.0,1029.0,cv,5.809999942779541,0.0,0.0
2011,8,2,16,54.0,8.420528411865234,33.0,1004.0,NE,11.630000114440918,0.0,0.0
2010,10,26,1,150.39840698242188,3.0,8.0,1026.0,NE,0.8899999856948853,0.0,0.0
2011,2,8,23,16.0,-23.0,-3.0,1033.0,NW,16.030261993408203,0.0,0.0
2014,12,3,8,132.0,-16.0,-4.0,1023.0,cv,0.8899999856948853,0.0,0.0
2012,2,8,1,10.0,-26.0,-10.0,1028.0,NW,6.707292079925537,0.0,0.0
2013,11,19,21,24.0,-11.0,9.0,1026.0,NW,1.7899999618530273,0.0,0.0
2010,10,2,8,85.0,4.0,16.0,1011.0,NW,3.5799999237060547,0.0,0.0
2011,1,23,7,159.51756286621094,-11.0,-7.776222229003906,1018.0,NW,13.859999656677246,0.0,0.0
2014,5,19,9,146.0,17.0,17.0,1013.0,NE,0.8899999856948853,0.0,0.0
2014,2,21,14,257.4198913574219,-9.0,-1.0,1030.0,SE,4.019999980926514,0.0,0.0
2011,3,11,4,117.1652603149414,-4.0,2.0,1026.0,NW,0.8899999856948853,0.0,0.0
2012,12,21,20,359.1919860839844,-5.0,-3.0,1026.0,cv,0.8899999856948853,0.0,0.0
2010,4,28,11,93.91596984863281,8.0,16.0,1019.67919921875,SE,19.664335250854492,0.0,0.0
2013,1,2,13,53.0,-20.0,-5.0,1034.0052490234375,cv,1.7799999713897705,0.0,0.0
2012,8,19,9,100.0,21.0,29.0,1009.0,NE,4.019999980926514,0.0,0.0
2014,8,15,14,13.0,1.0,23.0,1011.0,SE,46.27472686767578,0.0,0.0
2011,4,5,19,24.0,-2.0,10.0,1013.0,NW,111.8681869506836,0.0,0.0
2010,7,8,5,59.799705505371094,15.0,20.0,1002.0,cv,1.7899999618530273,0.0,0.0
2011,6,4,15,51.95191192626953,23.0,31.0,1004.0,SE,4.019999980926514,0.0,0.0
2012,5,4,22,89.38135528564453,14.874250411987305,21.0,1015.0,cv,0.8899999856948853,0.0,0.0
2014,12,17,12,217.284912109375,-8.0,-4.0,1025.0,NW,0.8899999856948853,0.0,0.0
2010,12,23,12,27.0,-4.0,6.0,1024.0,cv,0.8899999856948853,0.0,0.0
2010,6,19,17,57.0,15.0,29.0,1007.4224243164062,SE,6.710000038146973,0.0,0.0
2014,9,7,0,111.0,18.31369972229004,19.0,1008.0,cv,1.7799999713897705,0.0,0.0
2013,8,2,22,207.6143341064453,19.0,20.0,1012.0,cv,0.8899999856948853,0.0,0.0
2014,10,5,15,220.9752960205078,6.0,19.0,1017.0,SE,7.150000095367432,0.0,0.0
2010,9,25,11,62.137168884277344,18.0,26.0,1005.0,SE,1.7899999618530273,0.0,0.0
2010,12,30,1,98.0,-19.0,1.0,1023.0,NW,0.8899999856948853,0.0,0.0
2014,9,15,1,42.780094146728516,8.0,18.0,1016.0,NW,56.68460464477539,0.0,0.0
2014,4,14,23,91.0,-1.0,7.0,1011.0,NW,106.2497329711914,0.0,0.0
2012,11,6,8,22.0,-4.0,6.0,1021.0,SE,10.279999732971191,0.0,0.0
2010,6,26,14,90.77629852294922,7.0,24.0,1014.0,SE,2.680000066757202,0.0,0.0
2011,7,21,2,17.0,21.0,24.0,999.0,SE,4.010557651519775,0.0,0.0
2010,4,10,4,39.0,5.0,15.0,1009.0,SE,1.7899999618530273,0.0,0.0
2014,5,21,20,78.0,8.0,22.0,1011.0,SE,2.6700000762939453,0.0,0.0
2011,10,15,4,43.0,-1.0,8.0,1016.0,SE,30.56181526184082,0.0,0.0
2011,12,23,0,15.0,-17.0,0.0,1034.0,NW,128.727783203125,0.0,0.0
2011,4,21,23,142.0,-13.0,5.928076267242432,1014.0,NW,1.7899999618530273,0.0,0.0
2010,10,24,16,55.0,8.0,19.0,1019.0,NW,18.329999923706055,0.0,0.0
2012,9,22,1,82.0,5.0,13.0,1016.0,SE,12.42647933959961,0.0,0.0
2013,6,11,19,72.0,16.0,24.0,1006.0,SE,24.198463439941406,0.0,0.0
2014,6,15,19,45.0,17.0,29.0,1005.0,NW,3.5799999237060547,0.0,0.0
2012,1,23,4,20.0,-21.0,-4.0,1028.0,NW,54.601104736328125,0.0,0.0
2014,9,21,7,66.0,16.0,20.0,1010.0,NW,1.7799999713897705,0.0,0.0
2010,1,31,16,16.0,-21.0,5.0,1021.0,NW,52.33365249633789,0.0,0.0
2013,1,12,4,279.4750061035156,-7.0,-7.0,1024.0,NW,1.7899999618530273,0.0,0.0
2012,11,23,1,114.9029541015625,2.0,7.0,1019.0,cv,3.130000114440918,0.0,0.0
2011,2,26,14,27.0,-20.0,0.0,1026.0,SE,1.7899999618530273,0.0,0.0
2011,11,24,22,154.0,-1.0,18.0,1012.0,SE,1.7899999618530273,0.0,0.0
2010,6,6,15,48.0,19.0,27.0,1011.0,NE,4.019999980926514,0.0,0.0
2012,4,6,20,11.6512451171875,-12.0,9.0,1021.0,NW,16.989999771118164,0.0,0.0
2012,11,23,21,215.0363006591797,-6.0,-3.0,1018.0,NW,0.8899999856948853,0.0,0.0
2014,1,5,20,170.7122344970703,-6.0,6.0,1013.0,SE,0.8899999856948853,0.0,0.0
2014,4,19,16,116.0,8.0,21.0,1014.0,NE,24.3315372467041,0.0,0.0
2011,11,15,18,12.0,-7.0,18.0,1019.0,NW,105.56087493896484,0.0,0.0
2012,10,13,17,154.0,7.0,12.0,1015.0,cv,0.8899999856948853,0.0,0.0
2013,2,9,7,69.0,-9.0,-4.0,1022.0,SE,12.069999694824219,0.0,0.0
2013,11,18,22,70.0,-18.31298065185547,2.0,1026.0,SE,11.630000114440918,0.0,0.0
2014,12,17,5,117.0,-16.0,-8.0,1033.0,cv,1.7799999713897705,0.0,0.0
2014,6,22,16,126.0,16.0,29.0,1004.0,SE,12.520000457763672,0.0,0.0
2013,2,4,19,79.18624114990234,-16.0,-1.0,1026.0,NE,104.73429107666016,0.0,0.0
2011,12,23,17,41.0,-13.0,5.0,1017.0,NW,34.09169387817383,0.0,0.0
2011,1,7,6,119.54293060302734,-17.0,-13.0,1026.9283447265625,NW,13.418451309204102,0.0,0.0
2014,6,10,9,93.97128295898438,19.73384666442871,30.0,1008.0,SE,74.82593536376953,0.0,0.0
2010,4,30,16,11.0,-12.0,23.0,1011.0,NW,130.4295654296875,0.0,0.0
2012,6,10,16,94.0,16.0,34.0,994.0,SE,28.295251846313477,0.0,0.0
2014,6,4,7,190.53614807128906,10.0,20.0,1010.2474365234375,NW,4.709875106811523,0.0,0.0
2014,9,6,0,13.0,19.302204132080078,22.0,1005.0,NE,4.019999980926514,0.0,0.0
2011,8,27,16,57.0,19.0,29.0,1000.0,NW,18.32514190673828,0.0,0.0
2014,2,28,5,25.0,-16.0,8.0,1026.0,NW,78.3133773803711,0.0,0.0
2013,5,2,14,180.0,-5.0,20.0,1009.0,SE,17.8799991607666,0.0,0.0
2011,10,24,11,251.7056121826172,14.0,20.0,1002.0,cv,0.8899999856948853,0.0,0.0
2011,1,25,0,20.0,-17.0,-3.0,1021.0,NW,31.16086196899414,0.0,0.0
2013,8,4,11,57.0,19.0,29.0,1005.0,SE,8.050000190734863,0.0,0.0
2012,7,26,13,129.0,23.0,25.0,1005.0,NW,5.809999942779541,0.0,0.0
2012,1,26,13,72.10469818115234,-22.0,3.0,1025.0,NW,8.9399995803833,0.0,0.0
2011,7,15,17,72.0,19.0,31.0,1002.0,SE,5.050956726074219,0.0,0.0
2010,3,11,9,152.01356506347656,-18.310184478759766,0.0,1025.0,NW,12.069999694824219,0.0,0.0
2010,8,18,17,184.0,23.0,23.0,1007.0,SE,4.019999980926514,0.0,0.0
2011,1,4,8,33.0,-24.0,-12.726327896118164,1032.0,NW,31.294282913208008,0.0,0.0
2014,2,6,20,141.20053100585938,-12.0,1.0,1032.0,NW,10.381900787353516,0.0,0.0
2010,7,23,2,158.4766387939453,22.0,24.0,1011.0,cv,7.59630823135376,0.0,0.0
2010,4,18,7,107.20551300048828,10.0,13.0,1020.0,SE,5.791385650634766,0.0,0.0
2011,8,17,7,36.0,18.0,18.0,1012.0,SE,0.8899999856948853,0.0,0.0
2010,3,14,7,42.0,-13.0,5.0,1024.0,SE,4.449999809265137,0.0,0.0
2012,8,24,5,37.0,20.0,23.0,1013.0,SE,53.82707977294922,0.0,0.0
2010,9,10,11,93.0,12.0,23.0,1014.0,SE,5.809999942779541,0.0,0.0
2014,3,26,12,119.60943603515625,1.0,7.0,1016.0,SE,3.130000114440918,0.0,0.0
2010,11,8,8,81.0,3.0,10.0,1027.0,cv,0.8899999856948853,0.0,0.0
2013,11,23,16,13.0,-10.0,11.0,1026.0,NW,65.10286712646484,0.0,0.0
2013,7,16,0,18.0,18.0,22.0,1001.0086059570312,cv,1.7899999618530273,0.0,0.0
2011,5,23,22,114.23796081542969,5.0,24.0,1010.0,SE,29.289756774902344,0.0,0.0
2011,2,24,7,55.0,-14.0,1.0,1023.0,NE,16.100000381469727,0.0,0.0
2012,9,13,23,71.0,15.0,26.0,1011.0,NW,34.18498992919922,0.0,0.0
2014,10,8,12,158.0,13.0,14.0,1016.0,SE,0.8899999856948853,0.0,0.0
2010,6,2,13,34.0,16.0,28.0,1007.3817138671875,SE,30.681989669799805,0.0,0.0
2013,11,16,1,521.0447387695312,0.0,10.0,1021.0,cv,7.150000095367432,0.0,0.0
2010,3,30,6,71.0,-7.0,0.0,1027.0,NW,31.293338775634766,0.0,0.0
2013,8,4,8,102.62967681884766,16.0,17.0,1011.5243530273438,NE,2.680000066757202,0.0,2.0
2013,9,24,22,48.0,6.0,17.0,1023.0,SE,10.734004020690918,0.0,0.0
2011,4,15,8,63.0,-14.0,3.0,1024.0,NW,19.670000076293945,0.0,0.0
2012,9,11,20,95.0,13.0,15.0,1013.0,SE,81.65852355957031,0.0,0.0
2010,8,25,17,94.08690643310547,19.0,34.0,1007.0,SE,19.670000076293945,0.0,0.0
2011,2,22,16,52.637298583984375,-5.0,1.0,1016.0,SE,2.2300000190734863,0.0,0.0
2014,4,26,1,41.0,8.0,15.258988380432129,1008.0,NE,1.7899999618530273,0.0,0.0
2010,11,11,17,10.0,-13.0,3.0,1017.0,NW,201.04449462890625,0.0,0.0
2012,2,4,21,14.0,-22.0,-4.0,1026.0,NW,53.424991607666016,0.0,0.0
2014,5,8,19,39.0,11.0,28.0,1013.0,NW,13.47590160369873,0.0,0.0
2014,7,30,17,66.0,15.0,31.0,1004.0,SE,19.66832160949707,0.0,0.0
2010,6,15,5,200.4640350341797,20.0,26.0,1003.0,SE,18.330827713012695,0.0,0.0
2014,1,23,18,178.57626342773438,-5.0,0.0,1028.0,SE,1.7899999618530273,0.0,0.0
2012,12,2,2,109.0,0.0,0.0,1025.0,SE,2.2300000190734863,0.0,0.0
2010,5,1,2,134.96253967285156,13.0,15.0,1011.0,SE,3.119999885559082,0.0,0.0
2014,10,21,8,32.0,6.0,5.0,1016.0,SE,7.599999904632568,0.0,0.0
2010,4,25,20,134.0,6.0,18.118528366088867,1014.0,SE,133.33685302734375,0.0,0.0
2012,1,20,3,120.0,-14.0,-1.0,1030.0,NW,1.7899999618530273,0.0,0.0
2012,12,17,6,10.855347633361816,-20.0,-3.0,1032.0,NW,190.9058074951172,0.0,0.0
2010,5,15,20,375.4046325683594,19.0,19.0,1010.0,NW,0.8899999856948853,0.0,0.0
2010,11,1,3,15.0,-2.0,1.706047534942627,1023.0,NW,118.01239013671875,0.0,0.0
2012,6,18,22,44.0,18.0,27.0,1009.0,SE,11.180000305175781,0.0,0.0
2014,1,19,4,39.0,-20.274980545043945,-5.109029769897461,1036.0,NE,6.318661212921143,0.0,0.0
2013,11,25,1,9.0,-10.0,7.0,1023.0,NW,138.33621215820312,0.0,0.0
2011,7,13,23,149.0,25.0,29.0,1002.0,SE,2.680000066757202,0.0,0.0
2013,5,10,8,118.30091094970703,7.0,14.0,1013.0,SE,1.7899999618530273,0.0,0.0
2014,1,5,9,16.0,-26.0,8.0,1026.0,NW,3.5799999237060547,0.0,0.0
2012,1,6,4,37.0,-12.0,-10.0,1026.0,cv,17.88036346435547,0.0,0.0
2010,6,19,15,38.60665512084961,17.0,30.0,1006.0,SE,6.260000228881836,0.0,0.0
2011,9,21,16,104.0,16.0,30.0,1006.0,SE,8.364644050598145,0.0,0.0
2011,4,21,18,52.0,-14.0,16.0,1019.0,SE,49.27218246459961,0.0,0.0
2011,1,12,5,40.0,-16.0,-8.385141372680664,1026.0,NW,5.550135612487793,0.0,0.0
2010,10,12,21,18.0,-2.0,14.0,1008.0,NW,79.8887710571289,0.0,0.0
2011,9,11,12,96.0,-1.2484532594680786,25.0,1008.0,cv,8.5,0.0,0.0
2011,3,28,0,143.0,8.0,12.0,1018.0,NE,2.680000066757202,0.0,0.0
2014,7,6,18,104.92644500732422,16.0,24.0,1000.0,cv,9.829999923706055,0.0,0.0
2014,5,16,15,52.0,4.0,28.0,1016.0,cv,1.7899999618530273,0.0,0.0
2014,5,8,22,32.0,16.0,22.0,1000.0,NE,1.7899999618530273,0.0,0.0
2012,7,7,7,111.0,17.0,20.0,1014.0,cv,0.8899999856948853,0.0,0.0
2010,3,26,15,132.0,-1.0,13.0,1007.0,NW,44.77565383911133,0.0,0.0
2011,8,19,20,37.0,16.0,21.0,1014.0,SE,14.607104301452637,0.0,0.0
2010,11,2,9,5.0,-10.0,9.0,1022.0,NW,155.7069091796875,0.0,0.0
2014,5,30,20,18.0,-8.0,23.0,1012.0,SE,25.48729705810547,0.0,0.0
2014,3,21,19,11.0,-21.0,5.0,1025.0,NE,25.93000030517578,0.0,0.0
2013,5,1,22,27.0,24.0,27.92513084411621,1005.0,SE,33.08008575439453,0.0,0.0
2014,12,15,19,53.0,-24.0,6.0,1017.0,NW,8.039999961853027,0.0,0.0
2013,2,15,2,258.1913757324219,-7.0,-3.0,1025.0,SE,13.859999656677246,0.0,0.0
2011,9,1,14,26.0,11.0,22.0,1012.0,NE,1.7899999618530273,0.0,0.0
2012,5,17,15,190.16033935546875,-3.0,26.0,1003.0,NW,8.834961891174316,0.0,0.0
2012,3,31,11,32.0,-17.0,-0.5599410533905029,1022.0,NW,28.608585357666016,0.0,0.0
2010,10,15,5,269.38006591796875,14.0,14.0,1017.0,cv,0.8899999856948853,0.0,0.0
2014,11,26,11,347.7495422363281,5.0,15.0,1014.0,NW,1.7899999618530273,0.0,0.0
2011,11,27,2,283.4288024902344,-6.0,2.0,1014.0,SE,0.8899999856948853,0.0,0.0
2013,4,4,11,38.0,-9.0,10.0,1022.0,NW,0.8899999856948853,0.0,0.0
2012,3,9,7,85.0,-1.0,2.0,1026.0,NE,0.8899999856948853,0.0,0.0
2012,4,15,23,188.0068817138672,3.0,10.0,1022.0,SE,15.203166961669922,0.0,0.0
2014,10,18,3,392.1427001953125,13.0,17.0,1018.0,cv,0.8899999856948853,0.0,0.0
2014,1,22,4,201.0,-5.0,0.0,1021.0,cv,0.8899999856948853,0.0,0.0
2010,1,8,0,201.51937866210938,-5.671024799346924,0.0,1018.0,SE,1.7899999618530273,0.0,0.0
2012,3,23,12,20.0,-21.0,11.0,1020.0,SE,8.9399995803833,0.0,0.0
2011,1,23,22,24.0,-23.0,-9.0,1032.0,NW,1.7899999618530273,0.0,0.0
2012,11,12,7,93.43978118896484,-8.0,6.0,1021.0,SE,26.82172203063965,0.0,0.0
2013,11,1,3,42.0,6.0,7.0,1017.0,SE,1.7899999618530273,0.0,0.0
2014,11,1,12,144.0,8.0,13.0,1022.0,NE,0.44999998807907104,0.0,0.0
2011,9,24,11,138.21002197265625,14.0,16.0,1016.0,NE,0.8899999856948853,0.0,0.0
2013,3,2,16,27.0,-18.0,9.0,1015.0,NW,71.11326599121094,0.0,0.0
2012,10,16,23,17.246320724487305,9.0,9.0,1018.0,SE,0.8899999856948853,0.0,0.0
2010,11,22,3,17.0,-12.0,-1.0,1024.0,NW,0.8899999856948853,0.0,0.0
2014,2,28,1,29.0,-10.0,-6.0,1029.0,NW,10.79921817779541,0.0,0.0
2014,8,5,0,96.0,15.0,19.0,1014.0,SE,0.44999998807907104,0.0,0.0
2014,4,23,14,110.0,-10.0,12.0,1013.0,SE,25.277334213256836,0.0,0.0
2014,3,1,12,14.0,-23.0,-2.0,1031.0,NW,12.970000267028809,0.0,0.0
2012,3,8,12,38.0,-7.0,3.0,1021.0,NW,0.8899999856948853,0.0,0.0
2013,11,22,17,99.0,-14.398204803466797,2.0,1027.0,NE,15.199999809265137,0.0,0.0
2012,4,22,7,100.0,8.0,15.0,1017.0,cv,38.924720764160156,0.0,1.0
2010,3,9,18,86.0,-13.0,9.057880401611328,1017.0,NE,0.8899999856948853,0.0,0.0
2013,3,17,10,169.41201782226562,-6.0,1.0,1017.0,SE,6.710000038146973,0.0,0.0
2012,3,22,11,116.0,-3.0,2.0,1024.0,cv,1.7899999618530273,0.0,0.0
2011,7,24,12,248.51889038085938,24.0,30.0,1009.0,cv,1.7899999618530273,0.0,0.0
2011,4,22,7,157.0,12.0,11.0,1015.0,NW,3.565284013748169,0.0,0.0
2011,6,21,11,26.0,11.0,35.25311279296875,1004.0,SE,1.7799999713897705,0.0,0.0
2010,12,2,3,135.0,-10.0,-5.0,1033.0,cv,3.1285436153411865,0.0,0.0
2010,8,2,8,158.3408660888672,16.0,20.0,1009.0,SE,1.7899999618530273,0.0,0.0
2010,12,18,9,124.0,-4.0,11.0,1025.0,cv,1.7899999618530273,0.0,0.0
2012,1,2,19,74.0,-18.0,7.0,1013.7164916992188,NW,71.0736083984375,0.0,0.0
2010,2,1,7,102.11624908447266,-14.0,-10.0,1027.0,SE,11.170000076293945,0.0,0.0
2010,1,20,21,22.0,-18.0,-12.0,1034.0,NW,15.646807670593262,0.0,0.0
2012,2,12,15,40.0,-20.0,7.0,1029.0,NE,1.7899999618530273,0.0,0.0
2014,1,15,8,263.7138366699219,-6.0,-3.0,1029.0,SE,37.487178802490234,0.0,0.0
2010,11,17,5,12.0,-17.0,3.0,1028.0,NW,43.76206588745117,0.0,0.0
2011,9,8,4,118.0,22.0,25.25127601623535,1011.0,cv,1.2188544273376465,0.0,0.0
2013,2,14,20,137.0,-11.0,1.0,1026.0,cv,6.710000038146973,0.0,0.0
2012,2,4,14,149.0,-17.826984405517578,5.0,1017.0,NW,4.019999980926514,0.0,0.0
2010,8,12,23,169.48291015625,20.0,23.0,1003.0,SE,2.6700000762939453,0.0,0.0
2012,5,5,7,95.0,9.0,9.414306640625,1011.0,SE,3.5799999237060547,0.0,0.0
2010,4,18,0,21.0,12.0,20.0,1014.0,SE,13.859999656677246,0.0,0.0
2013,1,9,2,59.0,-14.0,-5.0,1022.0,NE,0.44999998807907104,0.0,0.0
2013,8,31,18,88.0,18.0,29.0,1008.0,SE,24.222633361816406,0.0,0.0
2010,3,2,0,123.0,-2.0,1.0,1032.0,NW,32.62815856933594,0.0,0.0
2013,7,3,15,8.0,20.0,22.0,997.7884521484375,SE,1.7899999618530273,0.0,0.0
2012,6,11,5,51.50529098510742,21.0,23.0,997.0,cv,4.460000038146973,0.0,0.0
2011,2,1,9,153.0,-8.0,-3.0,1027.0,NE,1.7899999618530273,2.4065821170806885,0.0
2013,6,13,22,146.0,18.0,26.0,1001.0,SE,3.130000114440918,0.0,0.0
2011,5,15,3,38.0,1.0,14.0,1003.0,NE,1.7899999618530273,0.0,0.0
2011,1,11,16,40.49021911621094,-9.0,4.0,1029.0,cv,1.7799999713897705,0.0,0.0
2010,5,14,16,47.0,-1.358696460723877,23.0,998.6359252929688,NW,5.903544902801514,0.0,0.0
2014,12,12,20,121.0,-5.0,-1.0,1029.0,SE,1.7899999618530273,0.0,0.0
2012,10,2,5,10.0,7.0,14.0,1014.0,NW,7.150000095367432,0.0,0.0
2012,8,14,11,41.68886184692383,17.132619857788086,27.0,1006.0,cv,1.7899999618530273,0.0,0.0
2010,3,26,10,282.1131896972656,-2.0,7.0,1013.0,SE,12.336735725402832,0.0,0.0
2012,3,7,1,13.0,-6.0,-2.0,1017.0,NW,2.680000066757202,0.0,0.0
2014,10,17,6,334.4486083984375,12.0,14.0,1014.0,cv,0.8899999856948853,0.0,0.0
2010,2,8,19,189.0,-11.0,-4.0,1022.0,NW,1.7899999618530273,0.0,0.0
2010,12,26,7,179.7044219970703,-17.0,-4.0,1013.0,NW,4.46999979019165,0.0,0.0
2010,12,6,11,17.0,-23.0,-5.0,1038.0,NW,8.050000190734863,0.0,0.0
2010,12,23,1,154.0,-12.0,-3.0,1019.23193359375,NW,0.8899999856948853,0.0,0.0
2010,7,22,15,168.31597900390625,21.0,27.0,997.0,SE,44.86323928833008,0.0,0.0
2013,12,22,6,30.507369995117188,-15.0,-3.0,1025.0,cv,14.3100004196167,0.0,0.0
2011,7,9,4,33.0,14.0,33.0,1007.0,cv,8.9399995803833,0.0,0.0
2014,3,5,18,21.0,-21.0,7.0,1025.0,NE,6.710000038146973,0.0,0.0
2010,10,29,3,27.0,-1.0,3.0,1032.0,NW,1.7899999618530273,0.0,0.0
2012,7,26,10,110.0,19.0,26.0,1005.0,SE,10.577600479125977,0.0,0.0
2012,1,1,16,82.0,-16.0,-3.0,1033.0,cv,26.281660079956055,0.0,0.0
2010,4,6,23,47.0,-7.64050817489624,14.0,1013.0,NW,8.120808601379395,0.0,0.0
2010,1,21,10,35.0,-20.0,6.33705472946167,1019.0,NW,75.59481811523438,0.0,0.0
2014,11,17,7,57.0,-4.0,1.0,1033.0,cv,1.7799999713897705,0.0,0.0
2013,9,16,4,125.0,18.0,19.0,1011.0,cv,0.8899999856948853,0.0,0.0
2010,1,22,20,18.0,-22.0,-8.673689842224121,1035.0,NW,21.8278865814209,0.0,0.0
2011,1,8,20,346.7981262207031,-12.0,-7.0,1028.0,cv,1.8353370428085327,0.0,0.0
2011,2,2,2,43.146793365478516,-19.0,3.0,1026.0,cv,4.920000076293945,0.0,0.0
2012,2,21,7,26.0,-16.0,-2.0,1027.0,NW,23.239999771118164,0.0,0.0
2010,4,20,14,31.0,-9.0,13.195127487182617,1021.2501220703125,NW,62.495452880859375,0.0,0.0
2013,1,8,5,72.0,-16.0,-11.0,1028.0,NW,4.019999980926514,0.0,0.0
2011,5,5,21,76.0,16.0,26.0,1002.0,SE,22.05533218383789,0.0,0.0
2011,6,28,21,76.0,17.0,21.0,1009.0,NW,3.1245322227478027,0.0,0.0
2013,9,30,17,39.0,3.0,22.0,1016.0,NE,8.92237663269043,0.0,0.0
2014,2,15,6,59.98952102661133,-17.0,-5.017698764801025,1030.0,cv,1.7799999713897705,0.0,0.0
2014,11,20,13,40.0,-9.0,2.0,1025.0,NW,1.7899999618530273,0.0,0.0
2011,11,13,10,19.0,-18.0,2.0,1022.0,NW,177.32513427734375,0.0,0.0
2013,9,22,20,73.0,4.0,29.0,1001.0,SE,3.130000114440918,0.0,0.0
2010,5,26,10,109.0,15.0,18.0,1011.0,SE,1.7899999618530273,0.0,0.0
2013,1,21,5,114.0,-8.0,-4.0,1028.0,SE,8.039999961853027,0.0,0.0
2012,10,11,20,10.0,6.385595798492432,15.0,1016.0,NW,149.15328979492188,0.0,0.0
2010,1,16,21,10.0,-16.0,-3.0,1029.0,NE,12.078505516052246,0.0,0.0
2010,2,20,1,97.0,-16.0,-4.0,1026.0,cv,0.8899999856948853,0.0,0.0
2010,3,15,9,76.05855560302734,-15.0,1.0,1031.0,NW,3.130000114440918,0.0,0.0
2013,11,8,21,48.0,-16.0,5.0,1027.0,cv,12.96658706665039,0.0,0.0
2011,6,22,12,19.0,19.0,28.0,1006.0,NW,0.8899999856948853,0.0,0.0
2013,5,30,16,88.31262969970703,11.0,21.0,1004.0,cv,8.039999961853027,0.0,0.0
2013,9,20,9,109.0,12.0,15.0,1014.0,cv,0.8899999856948853,0.0,0.0
2012,4,30,23,80.7513427734375,4.0,8.0,1019.0,cv,0.8899999856948853,0.0,0.0
2010,9,19,1,58.94442367553711,13.0,13.0,1010.0,NW,6.99868631362915,0.0,0.0
2013,9,23,6,45.0,10.0,12.0,1020.0,NW,0.8899999856948853,0.0,0.0
2014,12,15,5,142.15933227539062,-8.0,1.0,1028.0,NE,1.7899999618530273,0.0,0.0
2012,8,11,8,45.0,18.0,20.0,1005.0,SE,15.649999618530273,0.0,0.0
2014,3,27,16,77.0,-12.0,7.0,1025.0,cv,7.5987629890441895,0.0,0.0
2012,6,19,6,100.0,18.0,24.0,1010.0,SE,0.8899999856948853,0.0,0.0
2011,8,21,21,66.0,17.0,27.0,1007.0,SE,7.150000095367432,0.0,0.0
2014,5,15,9,47.0,20.0,25.0,1007.1989135742188,cv,3.5799999237060547,0.0,0.0
2011,7,14,1,111.64563751220703,21.0,25.0,1005.0,SE,44.47050857543945,0.0,0.0
2011,4,25,15,52.15503692626953,7.0,28.0,1013.0,NW,13.859999656677246,0.0,0.0
2012,6,1,10,17.0,20.0,21.0,1007.0,NW,3.130000114440918,0.0,0.0
2014,4,8,14,35.0,-1.0,20.0,1016.0,SE,57.83390808105469,0.0,0.0
2012,9,10,21,137.0,19.0,22.0,1008.0,SE,3.5799999237060547,0.0,0.0
2011,6,8,4,100.0,23.0,25.0,1003.0,cv,0.8899999856948853,0.0,0.0
2010,4,2,20,236.13833618164062,2.0,3.0,1011.0,cv,0.8899999856948853,0.0,0.0
2010,6,5,21,105.0,16.0,27.0,1008.0,NE,4.018430233001709,0.0,0.0
2011,1,21,12,37.0,-20.0,-4.0,1029.0,NW,1.7899999618530273,0.0,0.0
2010,3,25,13,13.0,-14.0,9.0,1016.0,NW,23.240032196044922,0.0,0.0
2011,8,29,19,133.8718719482422,18.0,24.0,1002.0,cv,1.7899999618530273,0.0,0.0
2014,2,11,15,18.0,-24.0,5.0,1029.0,NW,266.2140808105469,0.0,0.0
2013,12,13,8,11.0,-14.0,8.0,1019.0,NW,48.310855865478516,0.0,0.0
2010,6,14,5,41.0,17.0,18.0,1011.0,cv,0.8899999856948853,0.0,0.0
2011,4,15,6,139.0,5.0,16.0,1000.0,SE,1.7899999618530273,0.0,0.0
2010,12,4,12,43.0,-12.0,-2.9949023723602295,1016.0,SE,22.087928771972656,0.0,0.0
2010,4,16,14,61.0,-2.0,24.0,1008.2306518554688,SE,0.8899999856948853,0.0,0.0
2014,2,19,4,98.0,-9.0,1.0,1028.0,SE,3.5799999237060547,0.0,0.0
2012,10,1,17,26.0,-9.0,24.0,1009.0,SE,41.564945220947266,0.0,0.0
2010,8,3,9,74.03307342529297,19.0,20.0,1015.0,NE,3.130000114440918,0.0,0.0
2014,5,4,4,126.0,9.158231735229492,17.0,1008.0,cv,6.260000228881836,0.0,0.0
2014,7,21,18,75.0,22.0,31.0,1003.0,SE,1.7899999618530273,0.0,0.0
2012,2,1,12,96.0,-15.0,-4.0,1032.0,SE,8.5,0.0,0.0
2011,6,22,2,156.87388610839844,20.0,23.0,1007.0,NW,10.734831809997559,0.0,0.0
2013,7,8,6,97.0,22.0,24.769773483276367,1002.0,cv,1.340000033378601,0.0,0.0
2011,1,23,3,140.0,-23.00469970703125,-7.0,1025.0,cv,0.8899999856948853,0.0,0.0
2013,11,31,15,17.0,-17.0,7.0,1022.0,SE,43.48799133300781,0.0,0.0
2010,5,17,19,83.0,9.0,24.0,1006.0,NW,29.059335708618164,0.0,0.0
2012,1,22,7,109.8758316040039,-5.0,-3.0,1021.0,NE,0.8899999856948853,0.0,0.0
2010,12,24,0,9.0,-19.0,2.0,1030.0,NW,95.50755310058594,0.0,0.0
2010,12,18,4,106.56494140625,-16.0,-6.0,1012.0,NW,5.369999885559082,0.0,0.0
2014,10,2,14,64.0,4.0,22.0,1023.0,NE,1.7899999618530273,0.0,0.0
2012,5,24,10,12.0,14.0,26.0,1000.0,NW,5.809999942779541,0.0,0.0
2013,11,14,7,24.068195343017578,-4.0,4.0,1026.0,NW,29.950000762939453,0.0,0.0
2010,1,21,8,83.37387084960938,-17.0,-10.0,1034.0,NE,2.467977523803711,0.0,0.0
2010,12,22,21,838.8787231445312,-10.0,-4.0,1015.0,cv,3.5799999237060547,0.0,0.0
2010,8,29,21,189.0,22.0,27.0,1004.0,SE,8.9399995803833,0.0,0.0
2014,10,31,7,110.0,10.0,11.0,1022.0,NW,0.8899999856948853,0.0,0.0
2012,7,9,11,64.0,24.0,29.0,1008.0,NE,2.680000066757202,0.0,0.0
2012,8,23,5,90.0,21.0,26.0,1014.0,cv,1.7899999618530273,0.0,3.0
2014,4,13,19,20.651269912719727,-17.0,10.0,1020.0,SE,2.680000066757202,0.0,0.0
2011,1,17,20,391.94775390625,-7.0,-4.0,1025.0,NW,1.7799999713897705,0.0,0.0
2010,8,14,22,48.357566833496094,18.0,23.0,1008.0,SE,3.5799999237060547,0.0,0.0
2012,2,31,18,110.0,-18.0,2.0,1027.0,SE,6.10093355178833,0.0,0.0
2014,1,23,22,28.0,-4.0,0.0,1024.0,cv,0.8899999856948853,0.0,0.0
2012,8,13,6,88.0,17.0,19.0,1006.0,NW,1.7799999713897705,0.0,0.0
2012,12,23,12,36.29000473022461,-10.0,7.0,1023.0,SE,8.050000190734863,0.0,0.0
2011,11,22,20,34.0,-13.012985229492188,8.381264686584473,1023.0,cv,3.5799999237060547,0.0,0.0
2011,9,14,23,140.0,18.0,20.0,1012.2559814453125,SE,21.013784408569336,0.0,0.0
2013,8,14,19,29.0,19.0,23.0,1002.0,NE,10.279999732971191,0.0,0.0
2013,10,29,4,36.12616729736328,2.2843899726867676,15.0,1032.0,NW,0.8899999856948853,0.0,0.0
2011,11,21,13,71.0,3.0,7.0,1021.0,NW,14.750253677368164,0.0,0.0
2010,12,9,19,13.0,-18.0,1.946953535079956,1026.0,NW,25.48563575744629,0.0,0.0
2012,12,25,13,72.0,-19.0,-2.0,1035.8172607421875,NW,4.920000076293945,0.0,0.0
2013,1,6,7,16.0,-23.0,-8.0,1030.0,NE,7.155171871185303,0.0,0.0
2012,4,1,1,93.0,-9.0,16.0,1017.0,NW,63.512203216552734,0.0,0.0
2012,4,21,13,16.0,7.0,19.0,1015.0,cv,5.369999885559082,0.0,0.0
2010,1,21,20,10.0,-20.0,-4.0,1036.0,NW,13.859999656677246,0.0,0.0
2014,4,21,7,62.47008514404297,-12.0,10.0,1022.0,SE,28.15999984741211,0.0,0.0
2014,6,24,23,27.0,16.0,19.0,1006.0,NW,12.069999694824219,0.0,0.0
2012,6,25,2,32.5753173828125,16.0,20.0,1003.0,SE,0.8899999856948853,0.0,0.0
2012,7,11,0,44.21434783935547,11.0,26.0,1005.0,NW,28.479204177856445,0.0,0.0
2013,8,26,20,89.0,17.0,28.9781436920166,1009.0,SE,53.18745803833008,0.0,0.0
2014,6,24,16,26.0,-5.0,17.0,1011.0,NW,23.239999771118164,0.0,0.0
2011,8,23,1,90.0,16.0,23.0,1011.0,NW,21.907434463500977,0.0,0.0
2014,4,7,7,39.0,0.0,16.0,1017.0704956054688,SE,8.9399995803833,0.0,0.0
2014,4,9,20,105.0,12.0,15.0,1014.0,SE,17.435590744018555,0.0,0.0
2013,2,6,3,217.60333251953125,-5.0,0.0,1009.0,NW,0.8899999856948853,0.0,0.0
2010,9,1,12,62.0,0.0,18.405826568603516,1009.4298706054688,SE,37.09749984741211,0.0,0.0
2010,8,11,7,42.0,18.0,19.0,1007.0,SE,1.7899999618530273,0.0,0.0
2013,10,30,16,20.0,-1.0,20.0,1021.0,SE,4.920000076293945,0.0,0.0
2010,12,12,0,86.0,-11.766972541809082,-5.0,1031.0,SE,14.760000228881836,0.0,0.0
2013,2,15,22,37.0,-9.0,-0.849693775177002,1027.0,SE,57.59391403198242,0.0,0.0
2012,1,6,22,142.7034454345703,-17.0,-9.0,1026.0,cv,25.93000030517578,0.0,0.0
2011,7,22,18,138.93423461914062,22.0,28.0,1003.0,SE,1.7899999618530273,0.0,0.0
2013,5,15,15,66.0,8.0,29.0,1011.0,SE,36.267120361328125,0.0,0.0
2014,11,26,16,10.0,-19.0,8.0,1022.0,SE,2.6700000762939453,0.0,0.0
2010,9,11,17,142.31956481933594,22.0,24.0,1009.0,SE,9.836599349975586,0.0,0.0
2014,11,12,11,55.0,-8.0,4.0,1030.0,NE,4.46999979019165,0.0,0.0
2012,6,8,9,155.0,24.0,24.0,1009.0,cv,0.8899999856948853,0.0,0.0
2011,6,24,4,36.0,19.0,21.0,1004.0,cv,3.130000114440918,0.0,0.0
2011,8,12,15,125.0,25.0,28.0,1002.0,SE,13.859999656677246,0.0,0.0
2011,1,16,18,29.0,-19.0,9.0,1017.0,SE,1.7899999618530273,0.0,0.0
2012,2,10,18,57.0,-13.0,12.0,1020.0,NW,5.181651592254639,0.0,0.0
2010,5,27,15,22.0,-6.0,21.53864860534668,1012.0,cv,20.1200008392334,0.0,0.0
2011,11,29,9,51.0,-8.0,2.0,1036.0,SE,4.019999980926514,0.0,0.0
2011,6,21,18,128.0,14.0,32.0,997.0,SE,8.5,0.0,0.0
2010,4,4,18,105.0,7.0,7.0,1016.0,SE,4.920000076293945,0.0,0.0
2014,3,5,9,79.86383819580078,-8.0,3.0,1022.0,NW,1.7899999618530273,0.0,0.0
2013,9,17,17,27.787715911865234,0.0,18.361238479614258,1019.0,NW,101.14938354492188,0.0,0.0
2010,11,23,20,237.14161682128906,-5.0,-1.0,1022.0,NW,0.8899999856948853,0.0,0.0
2011,9,3,15,46.612308502197266,-2.0,29.0,1013.0,cv,3.5799999237060547,0.0,0.0
2014,11,5,17,126.0,-10.0,-2.0,1025.0,SE,5.891003608703613,0.0,0.0
2014,3,19,17,31.0,-12.0,14.0,1023.0,cv,2.680000066757202,0.0,0.0
2010,4,6,13,59.0,-8.0,9.0,1016.0,SE,38.6513671875,0.0,0.0
2013,9,9,3,38.0,19.0,24.0,1003.0,NE,1.7899999618530273,0.0,0.0
2010,11,24,6,281.262939453125,-6.535765171051025,-1.0,1019.0,NW,5.369999885559082,0.0,0.0
2013,4,11,4,77.0,-9.0,6.0,1018.0,NW,3.569999933242798,0.0,0.0
2011,7,15,7,55.0,20.0,23.0,1003.0,SE,1.7899999618530273,0.0,0.0
2010,5,24,10,117.90296936035156,15.0,28.0,1007.0,SE,75.01532745361328,0.0,0.0
2013,7,24,20,122.0,22.0,31.0,1003.0,SE,34.1116828918457,0.0,0.0
2014,11,16,23,60.0,7.0,7.0,1021.0,NE,0.8899999856948853,0.0,0.0
2010,4,27,12,20.0,-8.0,21.0,1006.0,SE,132.03895568847656,0.0,0.0
2014,6,31,3,113.0,21.0,27.0,1005.0,NE,1.7899999618530273,0.0,0.0
2013,5,24,1,13.0,11.0,22.0,1006.0,NW,162.1379852294922,0.0,0.0
2012,8,15,6,14.0,20.0,22.0,997.0,NW,0.8899999856948853,0.0,0.0
2011,2,16,22,16.0,-22.0,-8.0,1029.0,SE,0.8899999856948853,0.0,0.0
2014,3,11,14,63.0,-13.0,17.0,1020.0,SE,1.7899999618530273,0.0,0.0
2014,7,5,0,50.82977294921875,17.0,22.0,1001.0,SE,15.200125694274902,0.0,1.0
2014,8,31,22,37.0,18.0,20.0,1011.5149536132812,NE,1.7899999618530273,0.0,0.0
2014,2,15,18,83.26593780517578,-15.0,7.0,1025.0,SE,2.680000066757202,0.0,0.0
2011,10,17,5,91.0,9.0,12.0,1012.0,SE,5.360116958618164,0.0,0.0
2011,10,24,22,22.0,8.0,16.0,1021.0,NW,0.8899999856948853,0.0,3.9999804496765137
2010,5,21,4,115.74978637695312,5.0,14.0,1020.0,NW,0.8899999856948853,0.0,0.0
2010,5,15,1,173.0,17.0,19.0,1010.0,NE,2.6700000762939453,0.0,0.0
2012,9,30,15,40.0,5.0,26.0,1016.0,NE,4.920000076293945,0.0,0.0
2012,2,6,17,19.0,-21.0,1.0,1022.0,NW,69.64535522460938,0.0,0.0
2013,8,23,8,34.0,17.0,26.0,1010.0,NW,3.5799999237060547,0.0,0.0
2012,9,31,2,56.0,5.0,16.0,1015.0,NE,12.069999694824219,0.0,0.0
2012,7,22,23,26.0,23.0,23.0,1004.0,NE,42.766780853271484,0.0,0.0
2010,7,8,16,61.67631149291992,18.0,33.0,1012.0,SE,9.84000015258789,0.0,0.0
2010,8,2,19,98.0,20.0,24.0,1009.0,SE,31.291057586669922,0.0,0.0
2013,2,6,15,101.0,-11.0,11.0,1017.0,SE,3.5799999237060547,0.0,0.0
2011,9,9,6,33.0,-11.0,14.0,1009.0,NW,1.7899999618530273,0.0,0.0
2010,4,13,7,72.0,0.0,7.0,1017.0,cv,0.8899999856948853,0.0,0.0
2011,7,1,9,166.1737823486328,24.0,28.0,1001.0,cv,4.920000076293945,0.0,0.0
2013,8,13,1,85.0,20.0,23.0,1006.0,SE,24.52519416809082,0.0,0.0
2011,9,2,4,120.2589340209961,14.0,18.0,1017.0,SE,1.7899999618530273,0.0,0.0
2014,2,15,9,34.0,-17.0,-3.0,1025.0,SE,1.7899999618530273,0.0,0.0
2011,7,24,6,46.0,21.0,23.0,1004.6394653320312,SE,6.894562244415283,0.0,0.0
2011,6,21,18,68.0,12.0,25.0,1010.0,SE,17.43008041381836,0.0,0.0
2012,5,16,0,55.0,-1.0,22.0,1005.0,SE,59.034698486328125,0.0,0.0
2013,9,15,2,21.0,16.0,18.0,1008.0,NW,8.949999809265137,0.0,0.0
2014,11,15,7,169.0,5.288215160369873,8.0,1026.0,NW,0.8899999856948853,0.0,0.0
2011,6,26,0,174.02272033691406,22.0,24.0,1003.0,cv,1.7899999618530273,0.0,0.0
2010,11,1,14,17.0,-18.48253631591797,2.0,1025.0,NW,46.29063415527344,0.0,0.0
2010,11,15,20,31.627546310424805,-7.0,0.0,1034.0,NW,160.8712921142578,0.0,0.0
2013,12,15,1,15.0,-11.0,-1.0,1029.0,NE,1.7899999618530273,0.0,0.0
2012,11,24,5,94.78668975830078,-10.442712783813477,0.0,1015.0,SE,1.7899999618530273,0.0,0.0
2013,9,28,23,184.0,18.07911491394043,24.0,1011.0,NE,1.7899999618530273,0.0,0.0
2013,1,18,4,70.0,-7.0,-6.0,1025.0,NW,4.920000076293945,0.0,0.0
2013,4,22,5,287.7465515136719,2.802298069000244,8.0,1018.0,NW,3.5799999237060547,0.0,0.0
2014,5,24,23,38.0,11.0,13.0,1020.0,NE,1.7899999618530273,0.0,0.0
2010,12,24,6,295.92108154296875,-4.0,6.0,1021.0,NW,3.5799999237060547,0.0,0.0
2013,10,23,12,10.0,1.0,24.0,1019.0,NW,51.42437744140625,0.0,0.0
2014,3,12,0,149.0,0.0,3.0,1026.0,cv,1.7899999618530273,0.0,0.0
2012,2,23,10,200.1406707763672,2.0,6.0,1016.0,SE,17.432693481445312,0.0,0.0
2013,3,27,13,66.0,-8.0,4.0,1012.0,NW,1.7899999618530273,0.0,0.0
2013,8,12,8,89.0,12.0,16.0,1018.0,cv,3.130000114440918,0.0,0.0
2011,6,13,11,118.41503143310547,16.722150802612305,20.512134552001953,1006.0,NE,3.130000114440918,0.0,0.0
2010,11,12,0,160.0,-8.0,-3.0,1013.0,NE,0.8899999856948853,0.0,0.0
2011,7,31,19,336.8294982910156,27.69649887084961,32.0,1000.0,SE,3.559999942779541,0.0,0.0
2011,8,5,10,24.028499603271484,17.0,25.0,1007.0,SE,2.6700000762939453,0.0,0.0
2014,2,13,13,42.0,-17.0,1.0,1021.0,cv,2.680000066757202,0.0,0.0
2011,5,16,4,84.0,11.0,15.0,1016.0,SE,5.369999885559082,0.0,0.0
2014,11,1,8,157.73123168945312,-7.0,-2.0,1015.0,NW,0.8899999856948853,0.0,0.0
2011,11,6,9,67.0,-2.0,7.0,1031.0,SE,1.7899999618530273,0.0,0.0
2014,9,10,18,13.0,13.0,15.0,1023.0,NW,1.7899999618530273,0.0,0.0
2012,6,17,15,118.0,11.29861068725586,32.0,1001.0,SE,30.178274154663086,0.0,0.0
2010,11,30,0,258.4352722167969,-5.0,0.0,1019.0,NW,13.859999656677246,0.0,0.0
2011,1,10,10,14.0,-22.0,-3.0,1032.0,NW,59.219444274902344,0.0,0.0
2010,8,4,23,82.0,21.0,24.0,1007.0,NW,1.7899999618530273,0.0,0.0
2013,6,5,18,11.0,13.0,25.0,1004.0,NE,21.907629013061523,0.0,0.0
2012,1,11,12,31.0,-22.0,-4.0,1037.0,NW,136.78436279296875,0.0,0.0
2012,4,16,18,121.0,-5.0,3.0,1023.0,NW,30.403873443603516,0.0,0.0
2013,8,28,21,80.0,18.923519134521484,20.0,1002.0,SE,1.7799999713897705,0.0,0.0
2011,3,22,12,8.0,-14.0,11.0,1029.0,NW,1.7899999618530273,0.0,0.0
2014,5,4,1,13.0,2.0,20.0,1004.5283203125,NW,69.33793640136719,0.0,0.0
2013,8,29,1,129.0,21.0,24.0,1003.0,cv,0.8899999856948853,0.0,0.0
2014,8,28,22,87.0,21.0,22.0,1007.0,NW,4.920000076293945,0.0,8.550895690917969
2011,7,17,17,36.0,18.0,21.0,1003.0,SE,6.260000228881836,0.0,0.0
2014,5,24,21,122.0,14.0,21.0,1003.0,SE,32.436161041259766,0.0,0.0
2010,12,31,23,20.0,-22.0,-2.0,1030.0,NW,393.73455810546875,0.0,0.0
2010,2,30,0,93.9354248046875,-6.0,2.0,1023.0,NW,35.7681884765625,0.0,0.0
2010,8,10,14,63.67469787597656,17.0,33.0,1007.0,cv,7.150000095367432,0.0,0.0
2010,6,9,22,55.0,12.0,17.0,1012.0,NW,3.5799999237060547,0.0,0.0
2014,7,25,17,77.56290435791016,17.0,33.0,1006.0,SE,32.62248229980469,0.0,0.0
2014,10,30,11,161.0,12.0,18.0,1018.0,NW,28.169832229614258,0.0,0.0
2014,9,15,12,49.0,2.0,24.0,1008.0,NW,9.84000015258789,0.0,0.0
2012,5,13,2,62.0,16.0,16.0,1018.0,cv,1.7899999618530273,0.0,0.0
2010,3,15,5,77.0,-4.0,0.0,1033.0,NW,1.7799999713897705,0.0,0.0
2014,10,24,1,82.0,-1.0,6.0,1023.0,SE,0.8899999856948853,1.621181607246399,0.0
2013,7,21,9,54.0,20.0,28.0,1002.0,SE,1.7899999618530273,0.0,0.0
2014,3,15,11,89.0,7.0,9.0,1021.8860473632812,NW,8.9399995803833,0.0,0.0
2011,1,16,21,20.0,-4.0,-1.0,1022.0,NW,0.8899999856948853,0.0,0.0
2011,9,9,6,81.41997528076172,17.0,18.0,1015.0,cv,12.970000267028809,0.0,0.0
2012,8,9,15,104.0,17.0,25.0,1011.0,SE,2.680000066757202,0.0,0.0
2014,9,10,13,67.0,8.0,12.0,1022.0,NE,3.130000114440918,0.0,0.0
2012,10,23,8,11.0,5.0,17.0,1027.0,SE,1.7899999618530273,0.0,0.0
2013,12,20,19,116.29706573486328,-14.0,5.0,1016.0,cv,8.039999961853027,0.0,0.0
2010,4,15,10,36.0,11.0,16.0,1019.0,NW,2.679553985595703,0.0,0.0
2012,5,18,0,74.64739227294922,13.0,21.0,1021.0,cv,0.8899999856948853,0.0,0.0
2013,11,5,10,97.0,-0.21025386452674866,14.0,1016.0,cv,1.7899999618530273,0.0,0.0
2012,6,16,5,137.0,21.0,22.0,1005.0,NE,0.8899999856948853,0.0,0.0
2014,10,1,9,34.0,1.0,13.0,1027.0,NW,3.569999933242798,0.0,0.0
2011,7,31,5,199.0,23.0,27.0,1001.0,SE,20.1200008392334,0.0,0.0
2014,2,18,13,36.0,-8.0,0.4946891665458679,1032.0,NW,16.09000015258789,0.0,0.0
2012,1,26,2,27.0,-12.0,-3.0,1033.0,SE,7.150000095367432,0.0,0.0
2013,2,16,2,17.0,-7.0,-5.0,1026.0,SE,11.630000114440918,0.0,0.0
2014,5,21,14,82.0,12.0,29.0,1004.0,SE,48.34007263183594,0.0,0.0
2014,6,23,14,69.0,13.0,26.0,1005.0,cv,0.8899999856948853,0.0,0.0
2013,10,17,20,116.0,2.241079568862915,4.0,1018.0,cv,0.8899999856948853,0.0,0.0
2013,2,26,7,96.0,-11.0,0.0,1026.0,NW,7.159999847412109,0.0,0.0
2010,7,26,10,155.0,24.0,32.0,1011.0,SE,3.5799999237060547,0.0,0.0
2012,4,12,1,160.0,16.0,18.0,1012.0,SE,2.6700000762939453,0.0,0.0
2011,11,31,16,27.0,-3.0,13.0,1023.0,SE,0.8899999856948853,0.0,0.0
2010,6,11,11,100.0,18.0,24.0,1013.0,SE,1.7899999618530273,0.0,0.0
2010,6,13,0,69.0,20.0,22.0,1007.0,cv,0.8899999856948853,0.0,0.0
2010,3,16,19,84.09453582763672,-3.0,12.0,1014.0,SE,1.7899999618530273,0.0,0.0
2011,6,15,5,65.0,16.0,21.0,1005.0,cv,0.8899999856948853,0.0,0.0
2014,5,16,17,60.0,16.0,27.0,1013.0,SE,29.993717193603516,0.0,0.0
2014,6,20,16,15.0,12.0,21.0,1001.0,SE,4.920000076293945,0.0,0.0
2014,2,21,18,28.0,-14.0,-1.0,1022.0,NW,24.13283348083496,0.0,0.0
2014,5,10,3,90.73896789550781,10.0,20.0,1007.0,SE,0.8899999856948853,0.0,0.0
2013,3,23,8,21.0,-12.0,2.0,1015.0,NW,115.98016357421875,0.0,0.0
2011,5,2,16,102.20349884033203,13.0,20.0,1018.0,NE,4.920000076293945,0.0,0.0
2013,1,28,4,437.7426452636719,-6.0,-4.0,1026.0,SE,0.8899999856948853,0.0,0.0
2013,12,20,3,208.58387756347656,-12.0,-7.0,1035.0,cv,4.019999980926514,0.0,0.0
2014,5,28,12,139.0,4.0,24.0,1015.0,NE,0.8899999856948853,0.0,0.0
2014,4,26,17,68.23395538330078,-6.0,5.0,1017.0,SE,51.98078155517578,0.0,0.0
2011,11,25,1,42.0,2.0,9.0,1032.0,NW,8.039999961853027,0.0,0.0
2010,3,22,16,38.0,-8.0,12.0,1018.0,SE,6.260000228881836,0.0,0.0
2013,4,23,22,58.0,1.0,13.0,1012.0,NW,8.199774742126465,0.8099852800369263,0.0
2011,7,3,16,161.93936157226562,23.0,34.0,999.0,SE,0.8899999856948853,0.0,0.0
2013,5,8,13,15.0,-7.0,25.0,1006.0,NE,58.97652053833008,0.0,0.0
2013,5,17,16,28.0,8.0,26.0,1009.0,SE,12.960000038146973,0.0,0.0
2013,12,2,4,12.0,-27.0,-11.0,1036.0,NW,156.8028564453125,0.0,0.0
2011,12,20,1,34.0,0.0,10.0,1029.0,SE,1.7899999618530273,0.0,0.0
2013,11,24,5,17.729066848754883,-14.0,11.0,1014.0,NW,117.17063903808594,0.0,0.0
2011,1,16,17,494.4676208496094,-12.0,0.7608609795570374,1029.0,SE,0.8899999856948853,0.0,0.0
2014,3,24,17,26.0,-16.0,9.0,1020.0,SE,12.069999694824219,0.0,0.0
2014,1,14,4,18.0,-22.0,-3.0,1026.0,NW,19.441875457763672,0.0,0.0
2013,8,14,23,79.0,21.0,25.0,1003.0,NE,1.7899999618530273,0.0,0.0
2012,7,30,0,71.4834213256836,23.0,27.0,1000.0,SE,4.019999980926514,0.0,0.0
2012,12,2,5,97.0,-9.0,-5.0,1029.0,cv,0.8899999856948853,0.0,0.0
2014,11,16,3,63.7638053894043,5.0,6.0,1022.0,SE,7.150000095367432,0.0,0.0
2013,4,22,22,164.4623260498047,-8.0,6.0,1014.0,NW,1.7899999618530273,0.0,0.0
2013,8,3,7,184.0,19.0,20.0,1009.0,SE,3.559999942779541,0.0,0.0
2011,11,8,17,29.0,-17.0,7.0,1026.0,NE,62.45652770996094,0.0,0.0
2013,8,4,10,162.56382751464844,20.662248611450195,28.0,1010.0,SE,19.219999313354492,0.0,0.0
2012,10,21,10,160.45458984375,-1.0,19.0,1016.0,cv,0.8899999856948853,0.0,0.0
2010,12,9,23,177.0,-15.0,-4.0,1021.0,NE,1.7899999618530273,0.0,0.0
2012,10,15,15,145.0,2.0,21.0,1022.0,SE,1.7899999618530273,0.0,0.0
2010,11,29,0,345.1383361816406,1.0,3.0,1018.095458984375,NE,3.130000114440918,0.0,0.0
2011,8,7,2,248.43894958496094,23.0,24.0,1003.0,SE,0.8899999856948853,0.0,0.0
2011,6,23,23,33.0,21.433969497680664,22.0,998.0,cv,22.10369110107422,0.0,0.0
2011,4,21,0,17.0,5.0,19.0,1019.0,SE,2.6700000762939453,0.0,0.0
2011,8,12,5,12.0,7.0,28.0,1005.0,NW,111.33628845214844,0.0,0.0
2012,9,28,6,6.187232494354248,-4.0,19.0,1021.0,NW,183.8317108154297,0.0,1.0
2013,10,27,12,27.0,11.0,14.0,1025.0,NE,1.7899999618530273,0.0,0.0
2010,8,23,14,33.0,15.0,27.0,1013.0,SE,13.416759490966797,0.0,0.0
2011,1,12,2,167.7874755859375,-8.601375579833984,-1.0,1018.0,NW,1.7899999618530273,0.0,0.0
2012,6,11,9,35.0,10.0,22.0,999.0,NW,14.760000228881836,0.0,0.0
2013,8,11,15,122.0,25.0,30.0,1002.0,SE,21.45897674560547,0.0,0.0
2010,2,24,22,66.0,-18.0,0.0,1029.0,NW,23.69631576538086,0.0,0.0
2012,8,1,22,41.0,17.0,23.510332107543945,1005.0,SE,26.122844696044922,0.0,0.0
2014,2,13,3,81.0,-13.0,-5.0,1027.0,NW,1.7899999618530273,0.0,0.0
2011,5,8,14,97.0,12.0,30.0,1013.0,SE,6.710000038146973,0.0,0.0
2010,11,27,4,16.0,-19.0,2.0,1014.0,NW,97.26580810546875,0.0,0.0
2013,11,5,3,15.0,-13.0,3.0,1020.0,NW,189.20018005371094,0.0,0.0
2014,7,29,13,26.0,6.0,32.22882080078125,996.87255859375,cv,27.718400955200195,0.0,0.0
2012,3,26,4,188.591796875,-7.0,2.0,1016.0,SE,0.8899999856948853,0.0,0.0
2014,8,7,12,16.0,17.0,28.16774559020996,1014.0,SE,14.760000228881836,0.0,0.0
2014,12,20,20,44.0,-20.0,-5.0,1032.0,cv,1.7899999618530273,0.0,0.0
2014,1,6,9,45.11699676513672,-26.0,-7.0,1033.0,NW,188.53012084960938,0.0,0.0
2014,9,27,22,53.0,19.0,22.0,1014.0,SE,4.920000076293945,0.0,0.0
2012,3,15,8,8.0,-16.0,11.0,1026.0,NE,107.72377014160156,0.0,0.0
2012,1,23,13,387.5465087890625,-1.0,-2.0,1023.0,SE,0.8899999856948853,0.0,0.0
2010,5,23,19,72.0,6.0,22.0,1006.0,SE,45.60417175292969,0.0,0.0
2013,8,2,16,87.68891906738281,23.0,24.0,1002.0,SE,22.799999237060547,0.0,0.0
2013,1,17,6,17.0,-24.0,-7.0,1035.0,NW,3.130000114440918,0.0,0.0
2010,9,22,5,80.0,18.0,21.0,1015.0,cv,42.451805114746094,0.0,0.0
2012,9,30,9,11.0,0.0,12.0,1025.0,NW,18.330642700195312,0.0,0.0
2012,3,2,16,20.0,-15.0,6.0,1021.8237915039062,NW,96.0570068359375,0.0,0.0
2014,1,23,9,85.0,-3.0,2.0,1023.0,cv,1.7899999618530273,0.0,0.0
2014,11,28,11,163.57742309570312,-3.287343740463257,7.0,1024.0,NW,1.7899999618530273,0.0,0.0
2012,4,19,21,148.45115661621094,-2.0,11.532732963562012,1022.0,SE,25.838726043701172,0.0,0.0
2010,8,21,13,46.0,18.0,28.0,1006.0,SE,0.8899999856948853,0.0,0.0
2011,8,22,1,110.0,22.0,23.0,1006.0,SE,40.598121643066406,0.0,0.0
2014,10,16,2,43.0,4.0,13.0,1023.0,SE,18.81671142578125,0.0,0.0
2010,10,21,23,57.0,6.0,12.985453605651855,1007.0,NW,0.8899999856948853,0.0,0.0
2014,12,23,0,120.0,-13.0,-2.0,1032.0,NE,1.7799999713897705,0.0,0.0
2012,8,15,5,22.0,21.0,20.0,1007.0,cv,1.7799999713897705,0.0,0.0
2011,1,19,20,185.967529296875,-6.0,-3.0,1025.0,SE,4.019999980926514,0.0,0.0
2014,9,2,9,61.0,14.0,23.0,1010.0,NE,6.703310012817383,0.0,0.0
2012,2,4,16,36.0,-23.0,-6.404269695281982,1029.0,NE,17.431995391845703,0.0,0.0
2014,8,16,2,226.6730194091797,23.0,25.0,1011.0,SE,1.7899999618530273,0.0,0.0
2010,8,18,15,20.0,20.0,31.0,1002.0,cv,4.019999980926514,0.0,0.0
2013,10,20,10,112.0,10.0,17.0,1019.0,cv,0.8899999856948853,0.0,0.0
2013,11,23,6,78.4698486328125,-8.0,1.0,1026.0,cv,1.7899999618530273,0.0,0.0
2014,1,30,16,16.0,-20.0,0.0,1030.0,NW,170.73590087890625,0.0,0.0
2013,9,8,3,67.0,21.0,25.0,1007.0,cv,0.8899999856948853,0.0,0.0
2013,10,28,16,69.0,-10.0,24.0,1015.0,cv,4.019999980926514,0.0,0.0
2011,12,15,7,16.0,-16.0,-5.0,1036.0,NW,22.799999237060547,0.0,0.0
2012,9,8,7,200.10546875,12.0,28.0,1011.0,NE,9.829999923706055,0.0,0.0
2012,6,27,2,105.86698150634766,19.0,28.0,1009.0,cv,0.8899999856948853,0.0,0.0
2013,6,8,6,100.0,15.0,25.0,1012.0,SE,15.199999809265137,0.0,0.0
2013,3,11,23,94.10982513427734,9.0,18.0,1005.0,cv,1.7899999618530273,0.0,0.0
2011,3,18,0,75.0,-12.0,-2.0,1036.0,SE,40.83163070678711,0.0,0.0
2013,7,2,17,14.0,15.0,34.9234619140625,995.7407836914062,NW,67.5690689086914,0.0,0.0
2010,12,23,11,43.0,-6.0,5.0,1025.0,SE,1.7799999713897705,0.0,0.0
2014,4,29,12,337.89697265625,6.0,11.0,1015.0,NW,0.8899999856948853,0.0,0.0
2011,9,14,1,34.0,8.0,13.0,1017.0,NE,2.6700000762939453,0.0,0.0
2013,8,5,9,167.0,24.0,25.0,1002.0,SE,1.7899999618530273,0.0,0.0
2010,3,20,5,367.02716064453125,-3.0,0.0,1015.0,NW,12.960000038146973,0.0,0.0
2014,5,5,12,38.717403411865234,5.0,22.0,1007.0,SE,5.809999942779541,0.0,0.0
2013,4,1,2,80.0,2.0,2.0,1021.0,NW,0.8899999856948853,0.0,0.0
2014,3,13,9,25.0,-18.0,8.0,1028.0,NE,11.170000076293945,0.0,0.0
2012,6,21,15,124.0,14.0,30.0,1007.0,SE,5.809999942779541,0.0,0.0
2013,7,3,11,38.0,16.0,27.0,1007.0,cv,4.019999980926514,0.0,0.0
2010,2,18,15,17.0,-20.453842163085938,3.196967124938965,1031.0,cv,1.7799999713897705,0.0,0.0
2014,10,30,6,48.0,3.0,13.0,1026.0,NE,1.7899999618530273,0.0,0.0
2010,8,16,1,149.0,17.888107299804688,24.0,1004.0,NW,8.050000190734863,0.0,0.0
2011,1,16,0,26.0,-22.0,-5.0,1037.0,NW,9.84000015258789,0.0,0.0
2012,6,6,7,50.0,19.0,28.0,1005.0,cv,25.93000030517578,0.0,0.0
2014,8,8,15,45.68214416503906,16.0,23.0,1009.0,SE,8.039999961853027,0.0,0.0
2012,3,18,9,14.0,1.1744699478149414,7.0,1009.0,NW,103.9571304321289,0.0,0.0
2010,7,23,16,243.701171875,26.0,31.0,1005.0,NW,1.7899999618530273,0.0,0.0
2010,12,18,7,6.0,-22.0,-7.0,1040.288330078125,NW,186.0220489501953,0.0,0.0
2013,11,3,9,41.0,-12.0,11.0,1026.0,SE,5.809999942779541,0.0,0.0
2014,12,21,11,23.0,-23.0,2.0,1028.0,NW,3.130000114440918,0.0,0.0
2014,12,24,1,236.8899383544922,-6.0,-2.0,1024.0,NW,1.7899999618530273,0.0,0.0
2013,5,22,10,13.0,13.0,26.0,1003.0,SE,37.487491607666016,0.0,0.0
2010,9,20,10,76.0,20.0,23.0,1010.0,NW,1.7899999618530273,0.0,0.0
2012,10,24,4,149.0,5.0,14.0,1009.0,cv,0.8899999856948853,0.0,0.0
2010,6,9,8,91.0,22.0,24.0,1007.0,cv,0.8899999856948853,0.0,0.0
2013,11,24,22,77.0,-7.0,-2.6153600215911865,1018.0,cv,1.7799999713897705,0.0,0.0
2011,4,14,20,52.0,-11.0,8.0,1019.0,NW,4.46999979019165,0.0,0.0
2013,1,23,14,48.0,-20.0,4.308497905731201,1027.0,NW,47.82135009765625,0.0,0.0
2012,4,24,11,9.0,-16.0,9.0,1025.0,NW,37.13777160644531,0.0,0.0
2011,1,20,17,14.0,-23.0,2.0,1029.0,cv,2.680000066757202,0.0,0.0
2010,4,29,8,22.0,11.0,11.0,1020.0,NE,3.130000114440918,0.0,1.0
2011,1,22,11,21.0,-20.0,-4.0,1034.0,NW,8.233560562133789,0.0,0.0
2010,2,18,12,16.0,-9.0,4.0,1024.0,NW,15.199999809265137,0.0,0.0
2012,5,27,4,75.0,0.0,19.30948257446289,1014.0,NW,23.0036678314209,0.0,0.0
2013,6,16,18,50.0,17.0,30.0,1009.0,SE,23.246885299682617,0.0,0.0
2012,6,5,1,87.0,10.0,16.0,1011.0,cv,1.7899999618530273,0.0,0.0
2011,10,29,11,212.3671417236328,6.0,10.0,1017.0,SE,0.8899999856948853,0.0,0.0
2012,9,22,1,37.355411529541016,12.0,15.0,1021.0,NW,10.465781211853027,0.0,0.0
2012,8,31,4,133.0,20.0,21.0,1014.0,SE,1.7899999618530273,0.0,0.0
2012,8,21,14,72.0,22.0,33.54054641723633,1007.0,cv,2.680000066757202,0.0,0.0
2013,10,10,23,254.82943725585938,9.0,9.0,1025.0,cv,0.8899999856948853,0.0,0.0
2010,7,24,3,250.41957092285156,23.0,27.0,1006.0,SE,4.920000076293945,0.0,0.0
2011,10,4,20,298.85223388671875,9.0,15.0,1015.0,NE,0.8899999856948853,0.0,0.0
2014,4,21,19,181.6396026611328,1.0,11.0,1015.0,SE,1.7899999618530273,0.0,0.0
2013,5,2,8,184.1571044921875,9.981030464172363,17.0,1017.0,cv,67.0883560180664,0.0,0.0
2012,2,9,2,43.0,-22.0,-7.0,1030.0,NW,1.7899999618530273,0.0,0.0
2013,12,25,1,13.0,-19.0,-3.0,1024.0,NW,1.7899999618530273,0.0,0.0
2011,7,8,20,68.0,20.0,23.0,1001.0,NW,3.5799999237060547,0.0,0.0
2012,3,29,15,93.0,2.0,22.0,1013.0,NW,1.7899999618530273,0.0,0.0
2014,6,6,17,31.0,6.0,32.0,1005.0,SE,25.032794952392578,0.0,0.0
2013,2,11,23,69.0,-17.0,-9.0,1028.0,cv,2.680000066757202,0.0,0.0
2013,9,8,0,80.0,6.0,17.0,1015.0,SE,53.18270492553711,0.0,0.0
2010,3,19,18,11.0,-19.0,9.0,1023.0,NW,3.569999933242798,0.0,0.0
2011,4,24,12,15.0,-18.0,12.0,1022.0,NE,25.48871612548828,0.0,0.0
2012,6,28,1,77.0,17.0,18.0,1010.0,SE,42.375091552734375,0.0,0.0
2013,9,8,0,157.0,17.0,18.0,1013.0,NW,6.710000038146973,0.0,0.0
2014,6,18,19,189.0476837158203,15.0,24.0,1004.258056640625,SE,1.7899999618530273,0.0,0.0
2012,1,23,8,21.0,-20.0,-2.0,1026.0,NE,27.256610870361328,0.0,0.0
2013,11,16,13,48.0,9.0,10.0,1017.0,SE,1.7899999618530273,0.0,0.0
2012,8,9,20,165.0,17.0,25.0,1009.0,SE,15.646149635314941,0.0,0.0
2010,3,20,22,54.0,-9.0,-2.0,1017.0,NW,1.7899999618530273,0.0,0.0
2010,5,28,9,132.0,16.0,26.0,1003.0,cv,3.5799999237060547,0.0,0.0
2014,10,21,6,306.98236083984375,9.0,18.0,1016.0,cv,0.8899999856948853,0.0,0.0
2012,2,27,5,28.0,-4.0,-1.0,1023.0,NE,1.7799999713897705,0.0,0.0
2011,7,3,11,18.0,14.0,28.0,1001.0,NW,28.165433883666992,0.0,0.0
2012,1,22,14,31.0,-16.0,0.0,1037.0,NE,10.284014701843262,0.0,0.0
2010,6,22,4,48.0,18.0,21.0,1007.0,NW,0.8899999856948853,0.0,0.0
2012,4,21,4,80.62230682373047,16.0,19.0,1012.0,NE,3.3935322761535645,0.0,1.0
2010,10,1,7,106.83845520019531,13.0,17.0,1013.0,cv,1.7799999713897705,0.0,0.0
2011,1,22,22,271.455078125,-15.0,0.0,1017.0,NW,0.8899999856948853,0.0,0.0
2013,3,28,12,54.0,-8.0,22.0,1012.0,cv,0.8899999856948853,0.0,0.0
2012,7,4,2,140.84170532226562,21.0,24.0,1003.0,SE,6.710000038146973,0.0,0.0
2012,5,23,18,243.20057678222656,20.0,30.0,1002.0,SE,8.050000190734863,0.0,0.0
2013,11,22,19,41.0,11.0,13.0,1020.0,NE,0.8899999856948853,0.0,0.0
2011,2,18,19,168.2275848388672,-11.0,4.0,1027.0,NW,0.8899999856948853,0.0,0.0
2010,6,22,13,90.0,21.0,24.0,1007.0,SE,22.350406646728516,0.0,0.0
2010,11,17,7,131.0,-3.0,6.0,1015.0,SE,1.7899999618530273,0.0,2.0
2010,2,29,22,100.0,-13.0,12.0,1018.0,SE,4.019999980926514,0.0,0.0
2013,5,19,3,105.16703796386719,9.0,17.0,1013.0,SE,5.809999942779541,0.0,0.0
2012,9,29,13,19.0,11.0,28.0,1011.0,NE,12.960000038146973,0.0,0.0
2013,1,25,20,22.0,-17.0,7.0,1024.0,NW,0.8899999856948853,0.0,0.0
2012,7,22,2,245.3756103515625,23.0,26.0,1011.0,SE,5.369999885559082,0.0,0.0
2013,6,22,18,59.0,22.0,21.0,998.0,NE,12.069999694824219,0.0,11.80812931060791
2012,10,22,22,142.00125122070312,7.0,9.0,1027.0,cv,1.7899999618530273,0.0,0.0
2010,3,8,20,60.0,2.0,10.0,1012.0,NW,23.754974365234375,0.0,0.0
2013,6,21,8,47.0,17.0,19.0,1014.0,cv,1.340000033378601,0.0,0.0
2013,4,5,10,20.0,-6.0,14.0,1014.0,NW,15.204623222351074,0.0,0.0
2013,12,26,16,19.68352699279785,-17.0,0.0,1033.0,NW,28.601913452148438,0.0,0.0
2010,8,20,0,64.71932220458984,14.35111141204834,22.0,1008.0,NW,1.7899999618530273,0.0,0.0
2013,11,16,0,452.8510437011719,-5.0,0.0,1023.0,NW,16.531517028808594,0.0,0.0
2010,3,18,2,10.0,-16.0,3.0,1026.0,NE,32.07979202270508,0.0,0.0
2012,3,23,18,49.0,-15.0,-2.5313985347747803,1029.0,SE,27.270343780517578,0.0,0.0
2014,4,27,17,65.59659576416016,-10.0,20.0,1021.0,SE,21.016498565673828,0.0,0.0
2012,11,16,11,64.96234893798828,-9.255778312683105,8.0,1026.0,NW,6.710000038146973,0.0,0.0
2014,1,15,22,138.12130737304688,-19.0,-3.0,1032.0,NW,21.23646354675293,0.0,0.0
2013,11,10,10,5.0,-21.0,0.0,1032.0,NW,91.59514617919922,0.0,0.0
2010,3,10,14,14.0,-21.0,3.0,1026.0,NW,114.7236557006836,0.0,0.0
2010,9,3,4,90.0,18.0,21.0,1008.0,NE,1.7799999713897705,0.0,0.0
2010,5,21,19,112.0,8.0,15.0,1017.0,NW,0.8899999856948853,0.0,0.0
2013,7,12,11,13.0,13.0,29.0,1003.0,cv,0.8899999856948853,0.0,0.0
2010,1,17,10,12.0,-21.412588119506836,-8.0,1035.0,NW,97.54901123046875,0.0,0.0
2011,11,8,22,140.0,3.0,3.0,1023.0,SE,4.019999980926514,0.0,0.0
2011,8,4,21,64.0,20.0,24.0,1013.0,SE,1.7899999618530273,0.0,0.0
2013,4,16,23,63.0,-7.0162353515625,8.0,1015.0,NW,3.5799999237060547,0.0,0.0
2014,10,9,0,133.0,0.0,3.0,1019.0,NW,19.643394470214844,0.0,2.0
2010,12,9,4,48.0,-15.0,2.0,1023.0,NW,11.405740737915039,0.0,0.0
2011,4,30,21,125.16541290283203,7.0,17.0,1002.0,NW,21.46051597595215,0.0,0.0
2010,12,23,15,16.89642906188965,-16.0,-3.0,1035.2471923828125,NW,34.394710540771484,0.0,0.0
2011,4,25,1,52.5324592590332,12.0,26.890453338623047,1013.0,SE,8.050000190734863,0.0,0.0
2011,12,17,19,84.0,-11.0,9.0,1018.0,NW,1.7899999618530273,0.0,0.0
2014,8,21,0,15.0,17.0,19.0,1010.806884765625,NW,8.039999961853027,0.0,2.0
2013,11,15,9,194.0,-11.0,0.0,1024.0,SE,1.7799999713897705,0.0,0.0
2014,2,20,4,203.5250701904297,-4.0,-1.0,1022.0,NW,18.703521728515625,0.0,0.0
2011,8,26,6,41.0,19.0,21.0,1005.0,cv,0.8899999856948853,0.0,0.0
2011,10,4,17,77.0,2.0,22.0,1014.0,NE,29.091079711914062,0.0,0.0
2014,7,16,13,55.71988296508789,21.0,33.0,1000.0,SE,4.019999980926514,0.0,0.0
2010,11,22,4,113.39453125,-5.0,2.0,1030.0,NW,2.6700000762939453,0.0,0.0
2014,4,13,17,62.0,-6.0,27.0,1008.0,SE,24.367111206054688,0.0,0.0
2014,12,3,17,13.0,-22.0,-2.0,1023.0,NW,131.89320373535156,0.0,0.0
2011,6,2,18,108.0,12.0,34.0,997.0,SE,25.926328659057617,0.0,0.0
2014,10,3,8,65.0,11.0,15.0,1018.0,NW,2.680000066757202,0.0,0.0
2011,2,22,12,258.9028625488281,-3.2903308868408203,5.0,1023.0,NW,3.569999933242798,0.0,0.0
2012,9,19,15,145.0,19.0,31.0,1001.6206665039062,SE,9.390000343322754,0.0,0.0
2011,3,4,17,91.0,-14.0,5.0,1022.0,NW,23.49778175354004,0.0,0.0
2013,4,29,14,119.0,-13.0,11.0,1016.0,NE,3.130000114440918,0.0,0.0
2010,7,30,8,178.66265869140625,27.398759841918945,27.0,998.0,cv,1.7799999713897705,0.0,0.0
2013,5,1,17,84.0,12.0,24.0,1014.0,SE,37.64958572387695,0.0,0.0
2012,7,2,17,26.0,17.0,31.0,1001.0,cv,31.54453468322754,0.0,0.0
2012,10,16,19,161.29469299316406,11.0,17.0,1013.0,SE,0.8899999856948853,0.0,0.0
2010,3,4,16,77.0,-15.0,-2.0,1025.0,SE,2.680000066757202,0.0,0.0
2013,1,2,8,118.0,-17.0,-6.0,1018.0,NW,3.559999942779541,0.0,0.0
2010,11,11,7,46.0,-7.0,-1.0,1015.0,NW,110.98616027832031,0.0,0.0
2014,5,23,7,151.0,-1.0,19.0,1009.0,cv,1.7899999618530273,0.0,0.0
2012,5,9,11,137.0,24.0,21.0,1011.0,cv,0.8899999856948853,0.0,0.0
2010,8,15,21,84.0,17.0,19.0,1015.0,cv,3.130000114440918,0.0,0.0
2014,4,12,18,103.0,-5.0,20.0,1015.0,SE,27.719999313354492,0.0,0.0
2013,5,27,12,93.0,2.0,27.0,996.0,SE,22.341428756713867,0.0,0.0
2012,7,23,9,198.3882293701172,21.0,27.0,1013.0,NE,3.130000114440918,0.0,0.0
2014,7,22,0,30.0,19.0,21.938720703125,1010.0,NE,0.8899999856948853,0.0,0.0
2012,10,10,9,53.0,7.0,19.0,1014.0,cv,29.054170608520508,0.0,0.0
2011,4,23,10,44.44734191894531,-1.0,8.0,1028.0,cv,1.7899999618530273,0.0,0.0
2013,7,23,8,159.0,15.0,21.0,1001.0,cv,0.8899999856948853,0.0,0.0
2011,12,29,19,29.0,-12.0,8.0,1024.0,NW,25.028867721557617,0.0,0.0
2012,8,9,18,115.0,22.0,33.0,1005.0,SE,14.3100004196167,0.0,0.0
2012,8,19,21,83.0,17.0,32.0,1003.0,SE,9.84000015258789,0.0,0.0
2011,4,21,14,38.0,7.0,12.0,1022.0,SE,4.920000076293945,0.0,0.0
2013,10,3,18,54.0,-6.0,11.0,1023.0,SE,20.749717712402344,0.0,0.0
2013,9,16,8,11.0,16.0,17.0,1012.0,NW,3.5789523124694824,0.0,0.0
2011,4,5,1,87.0,0.0,8.0,1016.0,cv,0.8899999856948853,0.0,0.0
2013,12,21,20,143.82861328125,-11.0,-7.0,1032.0,NW,0.8899999856948853,0.0,0.0
2014,9,17,3,101.0,8.0,12.0,1023.0,NW,0.8899999856948853,0.0,0.0
2013,3,21,10,12.0,-17.0,9.0,1028.0,NW,1.7899999618530273,0.0,0.0
2013,3,31,18,12.0,-22.0,1.0,1032.0,NW,233.8237762451172,0.0,0.0
2011,9,15,7,197.0812225341797,15.0,17.0,1012.0,NE,0.8899999856948853,0.0,0.0
2010,1,27,19,32.0,-20.0,6.0,1025.0,SE,7.150000095367432,0.0,0.0
2012,4,8,1,119.0,7.0,17.0,1011.0,SE,3.569999933242798,0.0,0.0
2012,9,16,20,100.0,14.0,18.0,1013.0,SE,4.455245018005371,0.0,0.0
2010,5,30,13,97.0,14.0,25.0,1003.0,cv,3.130000114440918,0.0,0.0
2014,10,15,7,139.26455688476562,13.0,12.0,1021.0,cv,1.7899999618530273,0.0,0.0
2011,10,21,10,82.0,4.779962062835693,5.0,1027.0,NE,7.159999847412109,0.0,0.0
2012,12,30,9,55.0,-4.0,2.0,1034.0,SE,3.559999942779541,0.0,0.0
2011,8,10,17,161.12860107421875,12.0,29.0,1011.0,NE,4.920000076293945,0.0,0.0
2014,1,15,14,18.0,-20.0,-2.0,1032.0,NW,61.23410415649414,0.0,0.0
2013,12,19,6,9.0,-13.0,-5.0,1028.0,NW,129.71141052246094,0.0,0.0
2011,1,13,0,21.0,-14.0,4.0,1026.0,NE,12.243885040283203,0.0,0.0
2010,4,5,9,201.0,6.0,10.0,1010.0,SE,3.130000114440918,0.0,0.0
2010,12,7,7,220.86752319335938,-3.0,-2.0,1011.0,NW,1.7899999618530273,0.0,0.0
2012,8,23,2,49.169586181640625,18.0,20.0,1001.0,NE,5.809999942779541,0.0,0.0
2012,12,18,1,202.87222290039062,-10.0,-5.0,1035.0,NW,1.7899999618530273,0.0,0.0
2013,10,20,8,172.27944946289062,11.0,14.0,1015.0,NW,2.6764166355133057,0.0,0.0
2010,2,10,9,121.09838104248047,-20.0,-9.0,1030.0,SE,1.7899999618530273,0.0,0.0
2012,9,4,3,172.8909912109375,15.0,18.0,1010.0,cv,3.130000114440918,0.0,0.0
2012,7,11,14,8.0,3.0,30.0,995.0,SE,3.5799999237060547,0.0,0.0
2012,12,26,4,55.0,-13.0,-2.0,1028.0,SE,0.8899999856948853,0.0,0.0
2014,5,6,5,133.51634216308594,18.0,19.0,1009.0,cv,1.7799999713897705,0.0,0.0
2010,4,19,23,93.0,9.0,11.0,1019.0,SE,1.7799999713897705,0.0,0.0
2012,1,15,7,247.89956665039062,-4.668329238891602,-3.0,1020.0,NW,9.872281074523926,0.0,0.0
2014,3,15,13,13.0,-25.0,8.0,1020.0,NW,54.716487884521484,0.0,0.0
2014,4,25,9,102.0,14.0,25.0,1009.0,SE,28.6186580657959,0.0,0.0
2010,6,22,11,131.0,19.0,29.0,1012.0,SE,11.180000305175781,0.0,0.0
2014,9,16,10,224.89100646972656,21.0,25.0,1010.0,SE,9.960082054138184,0.0,0.0
2012,5,15,11,40.0,6.0,21.0,1019.0,SE,4.019999980926514,0.0,0.0
2010,4,21,8,93.08802032470703,8.0,9.0,1016.0,SE,1.7899999618530273,0.0,0.0
2013,7,22,17,35.0,17.0,29.0,1006.0,SE,11.170882225036621,0.0,0.0
2013,3,26,16,94.0,-8.0,13.0,1015.0,SE,13.40999984741211,0.0,0.0
2013,9,22,21,33.66035079956055,15.0,17.0,1017.0,SE,31.436840057373047,0.0,0.0
2011,2,20,11,13.0,-22.0,-3.0,1035.0,NW,3.559999942779541,0.0,0.0
2013,2,22,19,26.0,-19.0,-4.0,1035.0,NW,8.9399995803833,0.0,0.0
2011,5,19,18,88.0,17.0,26.0,1015.0,NW,4.920000076293945,0.0,1.0
2012,6,23,15,76.0,19.0,27.0,1007.0,SE,27.26685905456543,0.0,0.0
2010,12,3,0,300.5719909667969,-12.0,-1.0,1018.0,NW,1.7899999618530273,0.0,0.0
2013,7,1,22,64.86460876464844,20.0,22.0,998.0,NW,2.680000066757202,0.0,0.0
2012,2,28,13,159.55947875976562,-12.0,-2.0,1027.0,SE,22.459699630737305,0.0,0.0
2010,8,31,3,82.0,22.0,24.0,1009.0,SE,44.96296691894531,0.0,0.0
2014,4,28,1,19.0,1.2775577306747437,13.0,1026.0,NW,5.369999885559082,0.0,0.0
2013,7,21,20,169.0,19.0,26.0,1006.0,SE,25.537769317626953,0.0,1.0
2013,9,4,1,91.0,14.0,23.0,1015.0,SE,119.62991333007812,0.0,0.0
2014,4,13,10,22.0,-5.0,26.0,1007.0,NE,10.729999542236328,0.0,0.0
2013,6,31,18,40.0,18.0,28.0,1014.0,NW,1.7899999618530273,0.0,0.0
2014,5,21,16,27.0,5.0,24.0,1005.0,SE,16.09000015258789,0.0,0.0
2012,2,7,14,124.0,-12.0,-1.0,1032.0,cv,12.960000038146973,0.0,0.0
2011,7,1,20,145.8764190673828,24.0,26.0,1003.0,SE,1.7899999618530273,0.0,1.3215235471725464
2013,10,30,20,41.0,-4.0,14.0,1025.0,SE,12.520000457763672,0.0,0.0
2013,1,2,9,129.1605682373047,-7.0,-5.0,1024.0,SE,54.64231872558594,0.0,0.0
2013,9,4,21,125.0743179321289,17.0,25.0,1005.0,SE,33.940147399902344,0.0,0.0
2012,4,25,17,110.1159439086914,-3.0901334285736084,16.0,1020.0,SE,16.989999771118164,0.0,0.0
2013,6,3,15,33.0,18.0,32.0,998.0,SE,9.829999923706055,0.0,0.0
2013,6,23,9,38.0,19.0,23.0,1007.0,NE,3.559999942779541,0.0,0.0
2010,3,9,23,13.0,-13.0,6.050407886505127,1021.0,NW,65.51666259765625,0.0,0.0
2014,12,21,1,10.0,-20.0,-3.0,1030.0,NW,242.31446838378906,0.0,0.0
2010,8,3,5,90.60094451904297,22.0,26.0,1006.0,cv,7.150000095367432,0.0,0.0
2013,1,12,1,60.96803283691406,-17.0,-14.359618186950684,1027.0,NW,10.286820411682129,0.0,0.0
2011,1,24,14,76.0,-12.0,0.0,1033.0,SE,1.7899999618530273,0.0,0.0
2012,4,30,5,107.0,7.0,15.0,1017.0,NE,0.8899999856948853,0.0,2.0
2013,7,28,16,33.0,15.0,35.0,1001.0,SE,14.511452674865723,0.0,0.0
2010,10,7,7,400.0301513671875,12.193413734436035,13.0,1010.0,cv,0.8899999856948853,0.0,0.0
2013,7,9,2,155.0,24.0,27.0,1004.0,SE,31.12264633178711,0.0,0.0
2013,6,8,16,82.00861358642578,12.0,20.0,1008.0,NW,71.83997344970703,0.0,0.0
2014,12,4,6,18.0,-7.0,7.0,1022.0847778320312,SE,8.050000190734863,0.0,0.0
2011,10,1,6,80.0,3.0,10.0,1019.0,NE,0.8899999856948853,0.0,0.0
2014,2,3,23,61.009185791015625,-19.0,1.0,1026.0,SE,4.920000076293945,0.0,0.0
2010,4,22,17,27.0,4.0,6.0,1017.0,NW,23.081087112426758,0.0,0.0
2010,11,12,15,33.0,-22.0,6.0,1015.0,NW,75.37092590332031,0.0,0.0
2011,5,1,23,185.7495574951172,12.0,19.0,1015.0,NW,4.019999980926514,0.0,0.0
2014,6,20,18,44.29320526123047,18.0,27.0,998.0,SE,21.899999618530273,0.0,0.0
2014,7,28,21,138.31027221679688,17.0,24.0,1002.0,cv,6.260000228881836,0.0,0.0
2013,1,22,14,400.2867736816406,-3.065666913986206,-3.0,1024.0,SE,7.150000095367432,0.0,0.0
2010,10,27,5,385.66815185546875,12.0,13.0,1010.0,cv,0.8899999856948853,0.0,0.0
2012,5,21,0,68.0,10.0,17.0,1015.0,NW,1.7899999618530273,0.0,0.0
2014,2,6,16,13.0,-26.0,6.0,1028.443359375,NE,2.6700000762939453,0.0,0.0
2010,3,22,5,28.984304428100586,-20.0,7.0,1026.0,NW,3.130000114440918,0.0,0.0
2012,11,13,20,17.0,-3.0,7.0,1020.0,NW,28.619911193847656,0.0,0.0
2010,5,19,12,12.0,1.0,27.0,1008.0,NW,14.3100004196167,0.0,0.0
2013,8,2,10,26.0,19.0,30.0,1004.0,NE,1.7899999618530273,0.0,0.0
2010,9,4,0,111.0,17.021381378173828,22.66533088684082,1011.0,cv,0.8899999856948853,0.0,0.0
2013,4,12,7,106.0,7.0,18.0,1006.0,SE,26.03720474243164,0.0,0.0
2012,2,28,15,68.0,-17.0,0.0,1025.0,SE,3.5799999237060547,0.0,0.0
2013,2,15,9,41.0,-18.0,-1.0,1034.0,NE,4.920000076293945,0.0,0.0
2013,11,18,1,144.74993896484375,6.0,9.0,1020.0,NE,1.7799999713897705,0.0,0.0
2012,4,21,22,119.0,1.9207003116607666,16.0,1013.0,SE,31.7357177734375,0.0,0.0
2011,11,15,11,104.89481353759766,-5.0,1.0,1031.0,NE,1.7899999618530273,0.0,0.0
2012,2,22,22,118.95148468017578,-11.0,-3.0,1029.0,SE,0.8899999856948853,0.0,0.0
2014,10,13,3,17.878032684326172,2.0,12.0,1027.0,NW,31.365108489990234,0.0,0.0
2013,8,7,16,81.17953491210938,15.0,20.0,1010.0,SE,37.49314498901367,0.0,0.0
2014,4,27,8,267.5940856933594,2.6437840461730957,10.0,1010.0,cv,4.918355941772461,0.0,0.0
2010,3,13,4,70.0,1.0,7.0,1015.0,SE,2.6700000762939453,0.0,0.0
2014,12,18,13,27.0,-17.0,-1.0,1025.0,NW,13.859999656677246,0.0,0.0
2011,10,2,22,163.0,-4.0,5.0,1028.0,cv,1.7899999618530273,0.0,0.0
2010,12,22,4,126.68383026123047,-13.0,-3.0,1026.0,NW,0.8899999856948853,0.0,0.0
2012,11,24,8,13.0,-18.0,8.0,1026.0,NW,214.24508666992188,0.0,0.0
2010,10,5,3,74.21173095703125,-1.0,3.0,1029.0,NW,48.20568084716797,0.0,0.0
2012,11,16,14,38.0,-26.0,9.0,1028.0,SE,5.347173690795898,0.0,0.0
2011,7,24,2,78.0,22.0,25.0,1009.0,SE,1.7899999618530273,0.0,0.0
2014,10,7,9,132.0,8.0,9.0,1023.0,SE,6.260000228881836,0.0,0.0
2011,8,5,5,113.0,22.0,23.0,1009.0,SE,3.130000114440918,0.0,0.0
2012,4,16,4,42.0,11.0,15.969759941101074,1020.0,NW,1.7899999618530273,0.0,0.0
2011,5,29,15,74.0,10.24533748626709,19.0,1017.0,cv,1.7899999618530273,0.0,0.0
2013,1,9,20,215.7495574951172,-18.0,-5.0,1028.0,NW,5.809999942779541,0.0,0.0
2012,10,14,22,4.0,-5.0,12.0,1023.0,NW,82.67228698730469,0.0,0.0
2010,1,16,2,28.0,-20.0,-9.0,1037.0,NE,120.01921081542969,0.0,0.0
2010,9,18,12,280.62188720703125,24.0,27.0,1008.0,SE,4.920000076293945,0.0,0.0
2011,6,24,20,141.0,20.0,21.0,1004.0,SE,16.537338256835938,0.0,0.0
2011,12,28,18,20.0,-22.0,-6.0,1031.0,NW,74.0145492553711,0.0,0.0
2012,5,18,6,163.24679565429688,17.0,18.0,1006.0,cv,22.22084617614746,0.0,0.0
2011,1,29,20,9.0,-24.190189361572266,-8.0,1037.0,NW,74.26731872558594,0.0,0.0
2010,7,16,7,165.0,20.0,22.0,1006.0,SE,2.680000066757202,0.0,0.0
2012,10,25,23,278.7549133300781,4.0,15.0,1013.0,SE,4.920000076293945,0.0,0.0
2012,7,2,14,55.0,19.0,31.0,1001.0,NE,16.297821044921875,0.0,0.0
2013,12,26,12,18.0,-23.0,-2.0,1034.0,NW,264.24847412109375,0.0,0.0
2010,2,6,18,131.08993530273438,-9.0,-1.0,1016.0,cv,0.8899999856948853,0.0,0.0
2010,7,15,14,117.0,23.0,28.0,1004.0,cv,3.130000114440918,0.0,0.0
2014,10,21,15,62.0,15.0,21.0,1015.0,SE,20.728818893432617,0.0,0.0
2013,2,29,19,35.0,-19.0,2.0,1016.0,NE,6.710000038146973,0.0,0.0
2012,7,13,1,207.23162841796875,23.0,26.0,1002.0,cv,1.7899999618530273,0.0,0.0
2013,11,1,16,212.6404571533203,-1.0,12.0,1027.0,NW,3.5799999237060547,0.0,0.0
2013,6,19,23,36.0,16.0,17.0,1013.0,cv,4.920000076293945,0.0,0.0
2013,5,8,22,128.38955688476562,15.0,19.0,1016.0,cv,0.8899999856948853,0.0,0.0
2014,9,16,4,66.0,7.0,24.0,1021.0,NE,1.7899999618530273,0.0,0.0
2014,5,5,3,56.0,15.0,23.0,1004.0,NW,7.599999904632568,0.0,0.0
2010,1,28,14,66.0,-17.0,1.0,1027.0,NW,4.912099838256836,0.0,0.0
2012,11,15,22,104.81883239746094,-2.0,1.0,1022.0,NW,3.130000114440918,0.0,0.0
2014,7,1,7,64.0,22.0,25.0,1003.0,cv,0.8899999856948853,0.0,0.0
2012,10,21,6,120.0,9.0,16.0,1020.0,NW,3.3080523014068604,0.0,0.0
2013,2,1,13,71.0,-18.0,4.0,1028.0,cv,8.039999961853027,0.0,0.0
2012,2,16,0,545.066162109375,-3.749542474746704,1.0,1025.0,NW,0.8899999856948853,0.0,0.0
2012,9,19,21,46.0,7.0,8.0,1018.0,cv,9.831348419189453,0.0,0.0
2014,1,15,0,332.56573486328125,-2.0,0.3950902223587036,1022.0,NW,8.039999961853027,0.0,0.0
2013,7,11,1,111.0,19.0,21.0,1007.0,cv,1.7899999618530273,0.0,0.0
2010,12,8,12,56.0,-5.0,6.0,1034.0,NW,3.5799999237060547,0.0,0.0
2013,3,28,16,62.0,-5.0,14.0,1019.0,NW,15.649999618530273,0.0,0.0
2013,8,8,15,37.0,15.0,32.0,1003.0,SE,6.260000228881836,0.0,0.0
2012,4,21,13,247.61456298828125,0.0,11.0,1024.0,cv,12.069999694824219,0.0,0.0
2014,10,9,15,298.5234069824219,11.0,14.0,1013.0,cv,12.996306419372559,0.0,0.0
2012,5,10,4,79.0,6.0,15.0,1014.0,cv,2.677368640899658,0.0,0.0
2013,5,22,16,51.0,5.0,26.0,1014.0,NW,1.7899999618530273,0.0,0.0
2013,7,3,19,92.0,22.0,29.0,1007.0,SE,16.422351837158203,0.0,0.0
2010,12,19,9,194.74110412597656,-11.0,-1.0,1029.0,NW,210.79161071777344,0.0,0.0
2014,3,5,23,296.5552673339844,-6.414216041564941,-3.0,1028.0,cv,0.8899999856948853,0.0,0.0
2014,4,22,19,26.0,-3.000725030899048,17.0,1010.0,NW,16.09000015258789,0.0,0.0
2010,9,10,12,32.0,16.0,23.0,1015.0,cv,4.46999979019165,0.0,0.0
2011,3,28,18,10.0,-12.0,6.0,1024.25732421875,NW,196.14540100097656,0.0,0.0
2010,6,24,9,61.0,20.0,24.0,999.0,NE,3.5799999237060547,0.0,0.0
2014,5,15,13,95.16043853759766,11.0,27.0,1002.0,SE,23.24856185913086,0.0,0.0
2011,11,28,0,284.0946960449219,5.0,8.0,1020.0,cv,3.130000114440918,0.0,0.0
2013,11,19,20,299.9466552734375,-7.0,-3.0,1029.0,NW,1.7799999713897705,0.0,0.0
2012,9,30,1,96.0,19.0,19.0,1006.0,SE,1.7899999618530273,0.0,0.0
2011,1,23,8,63.0,-15.0,-9.0,1029.224609375,NW,15.199999809265137,0.0,0.0
2014,7,31,7,103.64373016357422,24.0,28.0,1008.0,cv,1.7899999618530273,0.0,0.0
2012,1,12,22,21.0,-17.0,-5.0,1033.0,cv,0.8899999856948853,0.0,0.0
2013,7,2,17,12.0,15.0,34.0,995.0,NW,62.618133544921875,0.0,0.0
2012,10,15,11,60.96474838256836,8.0,13.765676498413086,1020.0,SE,53.50077438354492,0.0,0.0
2013,4,8,11,37.0,1.0,20.0,1011.0,NE,52.61539077758789,0.0,0.0
2013,5,13,7,19.0,11.0,14.0,1014.0,NW,20.210603713989258,0.0,0.0
2010,2,23,18,289.7540283203125,-12.0,3.0,1014.0,SE,1.7899999618530273,0.0,0.0
2010,5,19,7,113.0,16.0,21.0,1013.0,SE,6.710000038146973,0.0,0.0
2011,11,19,2,234.75767517089844,4.9018731117248535,3.0,1024.0,cv,0.8899999856948853,0.0,0.0
2013,6,9,13,70.0,13.0,33.38059997558594,1001.0,SE,13.858885765075684,0.0,0.0
2011,1,3,14,15.0,-19.0,-1.0,1035.0,NW,76.49327850341797,0.0,0.0
2013,3,28,22,155.0,0.0,2.0,1012.0,cv,1.7899999618530273,0.0,0.0
2013,9,16,19,159.0,10.0,18.0,1011.0,NE,0.8899999856948853,0.0,0.0
2014,3,13,20,124.80702209472656,2.0,16.0,1013.0,cv,1.7799999713897705,0.0,0.0
2012,5,12,7,71.0,8.0,19.0,1003.0,NE,4.465836524963379,0.0,0.0
2012,10,15,16,90.08961486816406,6.0,14.0,1020.0,SE,0.8899999856948853,0.0,0.0
2014,11,11,9,206.884765625,0.0,2.0,1016.0,NE,0.8899999856948853,0.0,0.0
2010,1,18,18,131.0,-5.0,-1.0,1016.0,NW,8.317977905273438,0.0,0.0
2013,10,23,20,91.0,5.0,13.0,1020.0,SE,1.7899999618530273,0.0,0.0
2011,10,2,22,138.9742431640625,13.0,18.0,1015.0,SE,10.729999542236328,0.0,0.0
2014,1,14,7,13.0,-20.0,-11.349867820739746,1034.0,NW,21.01202964782715,0.0,0.0
2012,10,23,23,79.0,13.0,13.0,1021.0,cv,12.970000267028809,0.0,0.0
2011,9,29,7,78.0,20.0,21.0,1006.0,SE,43.364837646484375,0.0,0.0
2013,3,8,6,31.0,-11.548074722290039,-5.0,1027.0,cv,4.459736347198486,0.0,0.0
2014,6,23,8,111.0,17.0,23.0,1010.0,SE,0.8899999856948853,0.0,0.0
2013,7,22,20,82.79114532470703,19.0,29.0,1005.0,SE,33.306007385253906,0.0,0.0
2013,5,18,8,116.0,12.0,21.0,1012.0,SE,2.680000066757202,0.0,0.0
2011,11,15,22,16.0,-14.0,2.0,1029.0,NE,5.369999885559082,0.0,0.0
2014,8,22,13,70.0,16.0,30.0,1014.0,SE,1.7899999618530273,0.0,0.0
2014,6,25,14,138.0,20.0,20.0,1011.0,SE,2.634800434112549,0.0,0.0
2013,6,26,7,87.0,19.0,24.0,1007.0,NE,0.8899999856948853,0.0,0.0
2012,1,29,9,41.0,-21.97637367248535,-9.508391380310059,1033.0,NW,42.459468841552734,0.0,0.0
2013,6,27,1,143.6922607421875,21.0,24.0,1002.0,SE,4.229310989379883,0.0,0.0
2012,5,13,21,105.0,3.0,18.0,1008.0,SE,55.7478141784668,0.0,0.0
2013,3,31,4,77.0,3.0,6.0,1018.0,cv,8.039999961853027,0.0,0.0
2011,2,15,9,271.941650390625,-13.0,-5.0,1030.0,NW,0.8899999856948853,0.0,0.0
2013,12,2,14,19.0,-14.0,2.0,1033.0,cv,1.7799999713897705,0.09818647801876068,0.0
2013,12,20,0,89.0,-18.0,-10.0,1032.0,cv,3.5799999237060547,0.0,0.0
2011,6,24,14,42.22754669189453,15.0,15.498289108276367,1005.0,SE,6.260000228881836,0.0,0.0
2011,4,24,11,14.0,-3.0,18.0,1010.0,NW,23.239999771118164,0.0,0.0
2012,5,2,22,151.1276397705078,11.0,19.0,1008.0,SE,4.920000076293945,0.0,0.0
2013,11,28,19,16.0,-27.0,-1.3260509967803955,1026.0,NW,267.202880859375,0.0,0.0
2012,3,26,5,130.80010986328125,-5.0,0.0,1022.0,cv,1.7899999618530273,0.0,0.0
2013,10,28,4,80.0,1.0,9.0,1025.0,SE,1.7899999618530273,0.0,0.0
2014,4,4,8,80.77977752685547,5.0,7.0,1018.0,SE,5.369999885559082,0.0,0.0
2014,10,24,9,69.0,-4.0,12.0,1024.0,NW,25.026363372802734,0.0,0.0
2014,5,13,7,28.0,7.0,19.0,1003.0,NW,85.34393310546875,0.0,0.0
2013,5,15,10,42.0,4.0,21.0,1008.0,SE,11.170000076293945,0.0,0.0
2012,7,7,8,169.0,24.0,26.0,1003.0,NW,2.6700000762939453,0.0,0.0
2011,4,27,13,73.0,5.0,24.0,1019.0,SE,1.7899999618530273,0.0,0.0
2012,2,5,11,20.0,-21.0,-4.0,1023.0,SE,8.050000190734863,0.0,0.0
2010,1,22,5,148.0,-14.0,-5.0,1025.0,cv,0.8899999856948853,0.0,0.0
2013,12,19,7,140.98509216308594,-10.0,-2.0,1027.0,NW,9.84000015258789,0.0,0.0
2010,11,2,22,283.8918762207031,-1.0,5.0,1017.0,NW,18.780000686645508,0.0,0.0
2010,10,18,22,93.0,12.0,23.0,1013.0,cv,4.920000076293945,0.0,0.0
2012,1,5,13,15.0,-22.0,-10.0,1034.0,NW,25.925010681152344,0.0,0.0
2011,8,10,10,85.0,24.0,26.0,1008.9724731445312,SE,0.8899999856948853,0.0,0.0
2014,4,14,13,82.0,4.0,19.0,1018.0,SE,6.260000228881836,0.0,0.0
2013,1,27,15,95.0,-8.646459579467773,3.0,1025.0,SE,1.7899999618530273,0.0,0.0
2011,8,13,11,189.0,21.0,29.0,1010.0,NW,0.8899999856948853,0.0,0.0
2012,7,24,23,10.0,23.0,24.0,1002.0,NW,0.8899999856948853,0.0,0.0
2014,4,21,18,173.73838806152344,-3.0,5.0,1023.0,NE,0.44999998807907104,0.0,0.0
2013,2,1,8,409.11126708984375,-4.0,6.0,1021.0,NE,3.5799999237060547,0.0,0.0
2014,3,3,17,81.0,-14.0,20.0,1022.0,cv,13.859999656677246,0.0,0.0
2014,5,29,23,197.8562774658203,5.0,14.0,1009.0,SE,16.09000015258789,0.0,0.0
2010,10,20,13,287.6075439453125,14.0,17.389312744140625,1011.0,SE,9.829999923706055,0.0,0.0
2011,5,18,17,113.823486328125,15.0,24.0,1007.3793334960938,SE,13.859999656677246,0.0,0.0
2012,6,19,11,90.36906433105469,6.274987697601318,25.0,1014.0,SE,6.25714111328125,0.0,0.0
2013,3,11,10,45.0,-15.0,-3.0,1028.0,SE,1.7899999618530273,0.0,0.0
2010,7,23,14,126.0,21.794612884521484,25.0,1003.0,SE,12.52528190612793,0.0,0.0
2012,3,21,19,55.0,-11.0,7.0,1020.0,NW,1.7899999618530273,0.0,0.0
2011,7,1,23,125.0,23.0,25.0,1008.0,cv,0.8899999856948853,0.0,0.0
2014,7,4,13,59.0,21.0,31.445602416992188,1008.0,NE,1.7899999618530273,0.0,0.0
2014,2,4,6,155.0,-8.0,-2.0,1023.0,NW,15.654214859008789,0.0,0.0
2011,8,7,22,66.0,18.0,21.0,1006.0,cv,1.7799999713897705,0.0,0.0
2011,4,25,7,44.0,-1.0,12.0,1007.0,NW,105.19853973388672,0.0,0.0
2010,5,11,22,11.0,5.0,14.0,1015.0,NW,29.947431564331055,0.0,0.0
2010,11,20,4,83.99945068359375,6.0,15.0,1019.70654296875,SE,4.920000076293945,0.0,0.0
2012,3,21,22,16.0,-19.0,-6.0,1025.0,NW,57.69934844970703,0.0,0.0
2012,7,23,9,136.1115264892578,18.0,27.0,1005.0,NE,12.079022407531738,0.0,0.0
2010,11,22,22,144.0,-3.0,2.0,1022.0,cv,4.460000038146973,0.0,0.0
2013,10,28,4,185.56207275390625,2.47871470451355,5.0,1019.0,SE,12.069999694824219,0.0,0.0
2012,5,21,12,26.0,2.0,25.0,1009.0,SE,1.7899999618530273,0.0,0.0
2013,11,18,9,196.0,-2.0,0.0,1020.0,NW,9.831451416015625,0.0,0.0
2010,8,29,5,242.9686737060547,25.0,27.0,1001.0,cv,10.289999961853027,0.0,0.0
2014,2,23,10,15.0,-21.0,-5.0,1035.0,NW,247.5329132080078,0.0,0.0
2013,3,13,10,47.0,-8.0,8.0,1024.0,NW,1.7899999618530273,0.0,0.0
2013,7,21,9,15.0,16.0,27.0,1004.0,NW,18.334651947021484,0.0,0.0
2012,5,10,11,67.0,18.0,26.0,1006.0,SE,11.619999885559082,0.0,0.0
2014,8,19,23,52.0,20.0,21.0,1013.0,SE,1.7899999618530273,0.0,0.0
2012,10,30,0,281.34234619140625,8.0,8.0,1022.0,SE,0.8899999856948853,0.0,0.0
2014,12,16,4,9.0,-21.0,-4.0,1034.0,NW,202.4119110107422,0.0,0.0
2013,8,19,2,96.0,23.0,22.0,1003.0,SE,1.7899999618530273,0.0,0.0
2013,5,13,13,38.9016227722168,-5.0,30.0,994.0,SE,27.144128799438477,0.0,0.0
2010,6,26,1,50.0,9.0,15.0,1000.0,cv,0.8899999856948853,0.0,0.0
2011,12,10,0,69.0,-19.0,-9.0,1036.0,NW,0.8899999856948853,0.0,0.0
2013,5,23,19,93.0,17.0,22.0,1007.0,SE,31.06414222717285,0.0,0.0
2011,6,1,20,76.0,15.0,23.0,1008.0,SE,11.180000305175781,0.0,0.0
2012,6,11,15,16.0,11.0,32.0,1009.0,NW,3.130000114440918,0.0,0.0
2011,5,4,1,57.0,17.0,22.0,1009.0,cv,8.050000190734863,0.0,0.0
2012,9,2,16,46.0,7.0,27.0,1017.0,SE,5.369999885559082,0.0,0.0
2010,3,3,18,72.0,0.0,4.0,1017.0,SE,5.369634628295898,0.0,0.0
2012,8,16,1,72.71405029296875,21.0,23.0,1005.0,SE,0.8899999856948853,0.0,1.0
2010,8,5,18,62.67546844482422,20.0,24.0,1003.0,SE,10.280682563781738,0.0,0.0
2010,4,14,19,29.0,-2.0,24.0,1003.0,NW,15.9612398147583,0.0,0.0
2013,2,6,1,23.0,-11.0,3.0,1016.7931518554688,NE,101.0771484375,0.0,0.0
2012,7,10,7,63.25204086303711,22.0,24.0,998.0,SE,2.2300000190734863,0.0,0.0
2010,3,21,11,58.14350891113281,-11.0,2.0,1015.0,NW,1.7899999618530273,0.0,0.0
2013,1,3,15,18.0,-25.0,-9.0,1045.9857177734375,NW,4.920000076293945,0.0,0.0
2012,2,28,4,90.0,-5.0,0.0,1025.0,NW,7.159999847412109,2.776693820953369,0.0
2011,6,2,7,36.0,21.0,31.474273681640625,1000.0,SE,0.8899999856948853,0.0,0.0
2012,6,11,16,32.0,16.0,23.0,1011.0,SE,1.7899999618530273,0.0,0.0
2010,2,23,18,15.34062671661377,-16.0,4.0,1026.0,NW,1.7899999618530273,0.0,0.0
2013,5,25,8,91.0,12.0,18.0,1007.0,cv,1.7899999618530273,0.0,0.0
2010,7,12,12,166.6117706298828,21.0,29.0,1005.0,SE,19.219999313354492,0.0,0.0
2011,6,16,18,56.16299057006836,21.0,21.0,1001.0,NE,1.7899999618530273,0.0,0.0
2010,4,11,17,174.50445556640625,-3.0,8.0,1014.0,NW,76.10306549072266,0.0,8.289567947387695
2013,2,23,9,38.0,-17.0,2.7371954917907715,1024.0,SE,2.680000066757202,0.0,0.0
2010,8,13,3,108.0,15.0,19.0,1011.0,cv,0.8899999856948853,0.0,0.0
2011,5,21,16,83.0,12.0,33.0,1003.0,SE,17.27773094177246,0.0,0.0
2014,4,3,21,26.0,-16.0,15.0,1024.0,NW,76.91698455810547,0.0,0.0
2010,5,21,9,83.0,8.0,13.0,1011.0,cv,4.4683332443237305,0.0,0.0
2012,6,28,1,85.88024139404297,22.0,24.0,1006.0,cv,0.8899999856948853,0.0,0.0
2011,1,22,4,12.0,-22.0,-4.0,1037.0,NE,124.00035858154297,0.0,0.0
2014,11,9,13,7.0,-5.0,8.0,1017.8597412109375,NW,94.87796020507812,0.0,11.184738159179688
2012,12,26,20,19.0,-17.0,9.0,1027.0,SE,39.197235107421875,0.0,0.0
2013,12,16,8,95.67582702636719,-14.0,-10.0,1029.0,NW,7.599999904632568,0.0,0.0
2014,11,3,19,93.91001892089844,-12.091110229492188,12.0,1021.5350952148438,NW,2.6700000762939453,0.0,0.0
2012,7,8,0,50.0,22.0,28.0,997.0,cv,1.7899999618530273,0.0,0.0
2014,8,22,21,14.0,16.0,24.0,1005.0,SE,5.369999885559082,0.0,0.0
2013,3,2,13,101.0,3.0,14.0,1020.0,SE,17.876367568969727,0.0,0.0
2010,3,23,22,194.41900634765625,-6.0,7.998376846313477,1010.0,SE,8.5,0.0,0.0
2010,12,27,4,62.42618179321289,-10.0,2.0,1017.0,NW,1.7899999618530273,0.0,0.0
2012,11,13,17,313.18719482421875,-5.0,1.0,1019.0,NE,0.8899999856948853,0.0,0.0
2013,4,1,18,163.0,7.0,21.0,1022.0,SE,7.706618309020996,0.0,0.0
2013,2,23,17,276.769287109375,-1.0,2.0,1019.0,NW,16.09447479248047,0.0,0.0
2011,2,15,0,10.0,-22.0,-12.777632713317871,1036.8516845703125,NW,20.1200008392334,0.0,0.0
2012,6,12,15,5.519465923309326,12.0,23.0,1003.0,NW,6.710000038146973,0.0,0.0
2011,5,4,21,68.0,12.0,23.0,997.0,SE,36.70353698730469,0.0,0.0
2010,10,7,1,268.2415771484375,13.0,13.0,1011.0,NE,0.8899999856948853,0.0,0.0
2010,2,17,23,34.0,-19.473934173583984,-4.0,1031.0,NE,1.7899999618530273,0.0,0.0
2012,2,6,7,317.768798828125,-7.0,-5.0,1029.0,NE,3.8276607990264893,0.0,0.0
2014,3,23,9,211.71292114257812,-8.0,-2.0298516750335693,1032.0,SE,1.340000033378601,0.0,0.0
2012,11,14,1,163.0,-4.0,-1.0,1028.0,NE,4.920000076293945,0.0,0.0
2012,6,5,9,10.0,12.0,24.0,1002.0,SE,17.84812355041504,0.0,0.0
2012,7,10,7,71.0,18.0,19.0,1003.0,cv,0.8899999856948853,0.0,0.0
2012,1,28,9,59.0,-11.0,-3.0,1036.0,NW,26.82778549194336,0.0,0.0
2014,4,11,11,57.483455657958984,9.0,12.0,1014.0,SE,7.596501350402832,0.0,0.0
2010,5,24,4,181.0452880859375,14.0,19.23678970336914,1012.0,cv,0.8899999856948853,0.0,0.0
2012,4,4,21,250.84930419921875,-4.0,7.0,1025.0,SE,1.7899999618530273,0.0,0.0
2012,11,4,22,79.0,6.0,12.391566276550293,1026.692626953125,SE,0.8899999856948853,0.0,0.0
2014,2,12,18,22.0,-22.0,-9.0,1034.0,NW,10.281567573547363,0.0,0.0
2014,3,22,22,65.0,-15.0,2.0,1027.0,SE,1.7899999618530273,0.0,0.0
2010,5,2,4,222.13340759277344,6.0,14.0,1011.0,cv,0.8899999856948853,0.0,0.0
2014,8,2,8,138.0,22.0,26.0,1001.0,cv,1.7799999713897705,0.0,0.0
2011,12,1,7,171.8208465576172,-9.566201210021973,-7.0,1028.0,NW,20.481595993041992,0.0,0.0
2011,4,19,18,86.0,7.0,25.0,1010.1954956054688,SE,4.920000076293945,0.0,0.0
2013,5,15,14,46.0,14.0,25.0,1005.0,NE,17.8799991607666,0.0,0.0
2012,5,24,14,88.34309387207031,8.0,23.0,1015.0,SE,37.994075775146484,0.0,0.0
2013,9,13,16,47.0,12.0,27.0,1008.0,SE,3.559999942779541,0.0,0.0
2012,11,5,3,14.0,-13.0,7.0,1017.0,NW,1.7899999618530273,0.7219952344894409,0.0
2012,1,7,17,144.03256225585938,-4.0,-4.0,1035.0,SE,22.350332260131836,0.0,0.0
2014,3,2,20,42.0,-5.0,9.0,1016.0,NW,162.0192413330078,0.0,0.0
2012,9,12,1,50.39970779418945,16.0,17.0,1016.0,NE,0.8899999856948853,0.0,0.0
2012,4,7,17,69.0,-4.0,19.0,1021.0,SE,11.180000305175781,0.0,0.0
2011,7,29,7,117.0,21.0,24.0,1002.0,cv,6.260000228881836,0.0,0.0
2011,1,14,10,30.0,-20.0,-3.0,1035.0,NW,1.7899999618530273,0.0,0.0
2014,8,11,3,98.22034454345703,7.518655776977539,17.305648803710938,1015.0,cv,1.7799999713897705,0.0,0.0
2010,1,6,23,18.0,-19.0,-6.0,1038.0,NW,54.2127685546875,0.0,0.0
2013,11,27,1,8.0,-26.0,-3.0,1024.0,NW,135.47328186035156,0.0,0.0
2013,5,15,19,153.0,19.0,29.0,1002.0,SE,2.6700000762939453,0.0,0.0
2010,9,26,16,6.0,9.0,31.0,1010.0,NW,8.355474472045898,0.0,0.0
2011,3,3,12,275.72894287109375,2.0,12.141340255737305,1020.0,SE,1.7799999713897705,0.0,0.0
2012,2,11,21,112.0,-18.0,-9.0,1036.0,NE,3.130000114440918,0.0,0.0
2011,3,19,18,72.0,-14.0,11.0,1019.0,SE,20.568315505981445,0.0,0.0
2012,2,23,2,110.01625061035156,-9.0,-3.0,1022.0,NE,6.260000228881836,0.0,0.0
2011,11,28,4,319.15185546875,-6.0,-3.0,1021.0,SE,1.7799999713897705,0.0,0.0
2010,8,22,9,63.0,21.0,30.0,1005.0,SE,1.7899999618530273,0.0,0.0
2011,3,13,11,55.0,-6.0,6.0,1018.4390258789062,SE,14.303953170776367,0.0,0.0
2010,11,30,1,104.0,-2.0,3.0,1019.0,SE,11.630000114440918,0.0,0.0
2010,2,2,13,12.0,-17.0,2.0,1028.0,NW,113.74372863769531,0.0,0.0
2011,5,2,9,89.0,12.0,18.0,1010.0,SE,23.239999771118164,0.0,0.0
2013,3,17,9,16.0,-5.0,2.0,1021.0,cv,0.8899999856948853,0.0,0.0
2013,11,2,1,190.21226501464844,0.0,2.0,1024.0,cv,2.2300000190734863,0.0,0.0
2014,9,27,7,166.0,22.0,24.0,1013.0,SE,0.8899999856948853,0.0,0.0
2011,4,19,18,235.018310546875,-8.0,18.0,1022.0,NW,57.54111099243164,0.0,0.0
2013,7,15,19,143.0,14.0,29.681692123413086,1007.0,SE,18.156097412109375,0.0,0.0
2013,6,2,19,33.0,19.0,23.0,999.0,NW,14.3100004196167,0.0,0.0
2012,1,18,0,174.0,-14.0,-8.0,1027.0,NW,1.7899999618530273,0.0,0.0
2014,1,14,19,56.0,-21.774118423461914,-5.0,1020.0,SE,55.972068786621094,0.0,0.0
2011,3,13,15,30.0,-12.0,7.0,1021.0,SE,22.799999237060547,0.0,0.0
2012,6,15,17,64.0,18.0,28.0,1005.0,SE,8.5,0.0,0.0
2013,9,26,10,199.97183227539062,19.0,21.0,1007.0,cv,1.7799999713897705,0.0,0.0
2010,8,26,1,93.83430480957031,19.0,20.0,1007.0,NW,2.6700000762939453,0.0,0.0
2014,4,24,18,72.0,-15.0,12.0,1019.4501342773438,NW,6.260000228881836,0.0,0.0
2011,5,24,1,56.0,9.596182823181152,19.0,1013.0,SE,202.2808074951172,0.0,0.0
2010,7,12,2,144.0,20.086956024169922,24.837234497070312,1001.0,SE,3.130000114440918,0.0,0.0
2010,7,5,20,107.0,14.0,31.0,1000.149169921875,cv,1.7899999618530273,0.0,0.0
2011,7,22,21,112.0,20.0,25.0,1005.0,SE,27.719999313354492,0.0,0.0
2010,8,19,18,36.0,17.0,26.0,1006.0,NW,20.429096221923828,0.0,0.0
2011,7,21,18,147.0,23.0,30.0,1000.0,SE,27.719999313354492,0.0,1.0
2010,3,4,18,29.0,-11.0,-1.0,1030.0,NW,3.5799999237060547,0.0,0.0
2014,9,24,17,72.0,12.0,27.0,1018.0,NE,1.7799999713897705,0.0,0.0
2011,7,8,14,77.0,24.0,30.0,1008.0,SE,1.7899999618530273,0.0,0.0
2011,4,26,4,26.0,7.0,8.0,1018.0,NW,8.050000190734863,0.0,2.56014347076416
2011,10,14,14,29.0,-3.0,19.87152862548828,1026.0,SE,11.78197956085205,0.0,0.0
2014,11,5,9,27.0,4.0,11.0,1028.0,NW,21.5140438079834,0.0,0.0
2011,2,21,3,12.0,-23.0,-8.0,1027.0,NW,1.7899999618530273,0.0,0.0
2013,2,28,21,136.0,-14.0,-1.0,1032.0,NE,0.8899999856948853,0.0,0.0
2010,9,22,11,73.0,16.0,23.0,1011.0,NW,3.130000114440918,0.0,0.0
2011,9,10,21,27.0,20.0,22.0,1005.0,SE,8.049098014831543,0.0,0.0
2010,6,21,7,51.0,20.0,22.0,1006.0,NE,0.8899999856948853,0.0,0.0
2011,5,3,23,32.0,7.0,14.0,1018.0,NW,0.8899999856948853,0.0,0.0
2013,11,26,1,125.0,-6.0,3.0,1026.0,NW,7.821519374847412,0.0,0.0
2011,2,3,2,71.0,-24.0,2.0,1026.0,NW,9.84000015258789,0.0,0.0
2010,1,3,1,17.0,-26.0,-13.396117210388184,1044.041748046875,NW,5.369999885559082,0.0,0.0
2011,12,16,15,40.0,-6.0,8.0,1022.0,SE,0.8899999856948853,0.0,0.0
2010,9,16,4,229.0,21.0,24.0,1011.0,SE,34.28456115722656,0.0,0.0
2011,9,22,8,112.50603485107422,17.0,19.0,1007.0,NE,1.7799999713897705,0.0,0.0
2010,1,4,7,28.0,-22.0,-12.570623397827148,1032.0,NW,189.50743103027344,0.0,0.0
2010,9,6,0,120.14299011230469,19.0,20.0,1014.0,SE,1.7899999618530273,0.0,0.0
2011,10,21,10,221.08523559570312,8.0,18.0,1016.0,SE,16.979999542236328,0.0,0.0
2013,7,13,13,16.0,19.0,29.0,1002.0,NE,3.119999885559082,0.0,0.0
2012,9,20,1,52.33846664428711,18.0,19.0,1017.0,NW,8.050000190734863,0.0,4.369163990020752
2014,7,23,14,113.0,23.0,32.0,1008.0,SE,11.619999885559082,0.0,0.0
2014,3,26,7,127.0,-11.0,-1.0,1031.0,SE,36.44660949707031,0.0,0.0
2012,11,21,13,11.0,-14.0,7.0,1022.0,NE,3.130000114440918,0.0,0.0
2012,1,14,7,380.7257995605469,-8.0,-9.0,1030.0,NE,1.7899999618530273,0.0,0.0
2010,12,13,12,27.0,-18.419891357421875,-1.0,1035.0,NW,12.960000038146973,0.0,0.0
2011,11,12,18,12.0,-6.0,8.0,1026.0,NW,21.861936569213867,0.0,8.739846229553223
2010,12,28,19,52.0,-18.0,3.0,1021.0,NW,14.752593994140625,0.0,0.0
2011,12,23,16,20.0,-25.0,-4.0,1027.0,NE,12.970000267028809,0.0,0.0
2014,4,14,13,30.18036651611328,-5.0,16.0,1021.0,NE,27.719058990478516,0.0,0.0
2012,7,27,18,134.29177856445312,24.0,30.0,999.0,SE,35.20082473754883,0.0,0.0
2012,10,6,13,42.12321853637695,12.0,14.0,1022.0,NE,2.6700000762939453,0.0,0.0
2011,7,21,18,94.0,13.0,28.0,1007.0,SE,53.18922805786133,0.0,0.0
2014,5,19,3,203.57662963867188,6.0,19.0,1015.0,cv,8.94252872467041,0.0,0.0
2011,2,28,4,39.0,-12.0,1.0,1028.0,SE,22.934940338134766,0.0,0.0
2012,5,22,15,67.0,25.0,20.319499969482422,1006.0,SE,5.809999942779541,0.0,0.0
2013,7,12,2,73.0,22.0,26.0,999.0,SE,1.7899999618530273,0.0,0.0
2010,8,28,11,192.4305877685547,26.796588897705078,26.0,998.0,SE,1.7799999713897705,0.0,0.0
2014,4,22,5,143.0,13.0,16.0,1014.0,SE,4.920000076293945,0.0,0.0
2010,7,24,8,117.0,24.0,26.0,1011.0,SE,51.520877838134766,0.0,0.0
2013,6,22,16,70.0,17.0,30.0,1004.0,SE,32.08778381347656,0.0,1.0
2010,8,25,16,69.0,18.0,28.392169952392578,1009.0,SE,16.22862434387207,0.0,0.0
2012,8,21,20,111.0,13.0,30.0,1004.0,SE,22.632478713989258,0.0,0.0
2011,9,30,9,134.3507537841797,20.612337112426758,25.0,1015.0,cv,0.8899999856948853,0.0,0.0
2010,10,7,18,42.0,-6.0,-2.0,1035.0,cv,1.7799999713897705,0.0,0.0
2013,7,15,12,82.0,22.0,27.0,1003.0,SE,18.780000686645508,0.0,0.0
2014,1,20,16,55.0,-15.0,6.0,1021.0,SE,1.7899999618530273,0.0,0.0
2011,2,16,4,153.0,-10.0,-5.0,1023.0,cv,1.7799999713897705,0.0,0.0
2010,12,27,8,86.0,-14.0,-3.0,1016.0,NW,7.159999847412109,0.0,0.0
2014,2,4,3,10.0,-20.0,-5.0,1032.0,NW,15.199999809265137,0.0,0.0
2012,8,23,22,108.0,20.0,23.0,1012.0,cv,1.7899999618530273,0.0,0.0
2012,5,16,17,286.6636047363281,13.0,22.0,1002.0,SE,6.710000038146973,0.0,0.0
2014,10,16,2,62.0,2.0,8.0,1027.0,NE,3.569999933242798,0.0,0.0
2011,12,22,22,103.0,-19.0,-4.0,1028.0,NE,0.8899999856948853,0.0,0.0
2010,11,17,5,46.0,-8.0,-3.0,1025.2950439453125,NW,3.130000114440918,0.0,0.0
2012,4,1,7,36.0,-4.0,2.4922900199890137,1027.0,SE,3.130000114440918,0.0,0.0
2010,3,2,7,430.3945617675781,1.0,3.0,1012.0,cv,1.7799999713897705,0.0,0.0
2011,10,14,13,90.0,2.0,22.0,1016.0,SE,0.8899999856948853,0.0,0.0
2010,6,23,22,39.0,14.921053886413574,29.158954620361328,1007.0,cv,5.369999885559082,0.0,0.0
2012,1,28,10,63.0,-8.0,-3.0,1024.0,SE,1.7799999713897705,0.0,0.0
2010,12,14,4,16.0,-17.459091186523438,-5.0,1036.0,NW,180.80242919921875,0.0,0.0
2011,12,26,5,291.65765380859375,-3.0,-1.0,1020.0,cv,14.75,0.0,0.0
2013,5,15,23,72.0,17.0,27.0,1007.0,SE,9.84000015258789,0.0,0.0
2012,8,4,11,129.0,16.0,27.0,1014.0,SE,4.920000076293945,0.0,0.0
2012,2,5,17,98.0,-9.0,3.0,1017.0,SE,2.2300000190734863,0.0,0.0
2011,2,26,9,143.34262084960938,-13.0,-6.0,1028.0,NW,1.7799999713897705,0.0,0.0
2014,6,8,0,70.0,17.0,22.0,1013.0,SE,2.6700000762939453,0.0,0.0
2013,11,12,3,80.0,7.0,8.0,1015.0,NW,8.050000190734863,0.0,0.0
2013,11,17,11,10.0,-21.0,7.0,1026.0,NW,217.0847930908203,0.0,0.0
2011,9,22,4,16.0,8.0,14.0,1016.0,SE,49.17493438720703,0.0,0.0
2012,9,28,22,42.0,7.0,13.0,1017.0,NE,6.260000228881836,0.0,0.0
2012,10,22,4,163.4230194091797,10.0,14.0,1014.0,SE,1.7899999618530273,0.0,0.0
2013,1,24,14,140.0,-4.0,-3.0,1028.0,cv,2.6700000762939453,0.0,0.0
2013,5,5,14,9.0,-1.0,25.0,1006.0,NE,4.920000076293945,0.0,0.0
2011,1,5,1,131.0,-14.0,-7.0,1028.0,NE,0.8899999856948853,0.0,0.0
2010,3,28,15,18.0,-20.0,-5.0,1023.1556396484375,NW,57.33998107910156,0.0,0.0
2010,5,10,12,52.0,9.0,26.0,1008.1963500976562,SE,28.604066848754883,0.0,0.0
2013,8,28,20,110.78903198242188,17.0,29.0,1001.0,SE,13.439291954040527,0.0,0.0
2011,7,17,4,37.0,15.0,30.0,1000.0,SE,1.7899999618530273,0.0,0.0
2014,1,23,21,285.9959411621094,-6.0,0.0,1028.0,NW,1.7899999618530273,0.0,0.0
2013,5,29,4,51.0,11.0,14.090234756469727,1011.0218505859375,NE,0.8899999856948853,0.0,0.0
2013,1,28,6,81.0,-6.0,2.0,1019.0,NW,1.7899999618530273,0.0,0.0
2011,3,2,12,37.0,-17.0,10.0,1021.0,NW,60.457366943359375,0.0,0.0
2013,1,24,8,111.64649963378906,-9.0,-3.0,1019.0,NE,1.340000033378601,0.0,0.0
2013,4,16,16,11.0,-7.0,21.0,1010.0,NW,62.99665451049805,0.0,0.0
2014,10,2,18,43.0,-2.0,18.0,1028.0,NE,5.369999885559082,0.0,0.0
2013,1,23,18,45.0,-15.0,2.0,1034.0,SE,7.599999904632568,0.0,0.0
2010,10,27,17,75.0,11.0,15.0,1020.0,cv,1.7899999618530273,0.0,0.0
2013,7,16,1,166.92991638183594,17.0,22.0,1003.0,NE,1.7799999713897705,0.0,0.0
2012,1,27,6,378.67840576171875,-11.646164894104004,-5.0,1029.0,NE,1.7899999618530273,0.0,0.0
2014,4,9,1,98.0,1.0,20.0,1013.0,SE,57.017093658447266,0.0,0.0
2013,11,15,11,16.0,-11.0,15.0,1023.0,SE,1.7899999618530273,0.0,0.0
2011,8,20,21,61.0,17.0,24.0,1007.0,SE,3.130000114440918,0.0,0.0
2013,6,13,5,79.0,21.0,23.0,1004.0,cv,7.158858776092529,0.0,0.0
2013,3,29,20,68.0,-13.650487899780273,1.0,1023.0,cv,4.019999980926514,0.0,0.0
2013,2,31,15,129.07431030273438,-12.0,4.0,1029.0,SE,3.2523412704467773,0.0,0.0
2012,2,2,14,95.0,-5.0,1.569443941116333,1025.0,SE,47.82613754272461,0.0,0.0
2013,1,1,2,17.0,-12.0,-8.0,1029.0,cv,1.7899999618530273,0.0,0.0
2010,11,15,17,23.0,-6.158266067504883,7.0,1020.0,SE,69.2616958618164,0.0,0.0
2011,8,3,7,77.0,17.0,20.0,1014.0,cv,1.7799999713897705,0.0,0.0
2011,8,25,14,45.0,16.0,30.0,1014.0,SE,4.019999980926514,0.0,0.0
2010,10,8,13,262.4603576660156,13.0,23.0,1017.0,SE,4.920000076293945,0.0,0.0
2013,8,24,3,87.0,18.0,22.0,1007.0,NW,14.760000228881836,0.0,0.0
2010,1,6,20,311.3057861328125,-2.0,-3.0,1015.0,SE,1.7899999618530273,0.0,0.0
2013,5,28,7,79.0,10.0,18.0,1005.0,SE,3.130000114440918,0.0,0.0
2012,8,2,14,123.55708312988281,22.0,30.0,1005.0,SE,18.33253288269043,0.0,0.0
2010,11,18,10,76.0,6.0,7.0,1014.0,NW,4.460000038146973,0.0,0.0
2012,3,23,18,150.49813842773438,-8.0,11.0,1013.0,SE,4.920000076293945,0.0,0.0
2012,10,4,7,95.0,4.0,11.0,1017.0,NE,1.7899999618530273,0.0,0.0
2012,6,21,7,41.0,20.0,23.0,1009.0,cv,13.05855941772461,0.0,0.0
2012,1,19,3,121.711181640625,-13.0,-2.0,1013.0,NW,10.736141204833984,0.0,0.0
2012,2,28,10,29.110549926757812,-20.0,-1.0,1032.0,NW,8.102506637573242,0.0,0.0
2013,7,29,7,221.18545532226562,25.0,27.0,998.0,cv,0.8899999856948853,0.0,1.0
2013,9,22,21,111.76288604736328,21.0,25.0,1009.0,SE,34.95972442626953,0.0,0.0
2014,4,3,17,51.73761749267578,0.0,4.0,1014.0,SE,8.050000190734863,0.0,0.0
2012,3,18,5,83.0,1.0,10.0,1015.0,SE,0.8899999856948853,0.0,0.0
2011,10,21,4,39.14189147949219,9.0,12.0,1010.0,SE,1.7899999618530273,0.0,0.0
2012,10,2,18,13.0,10.0,19.0,1012.0,NW,60.88863754272461,0.0,0.0
2010,7,16,18,99.0,22.0,34.0,1004.0,SE,28.309736251831055,0.0,0.0
2010,2,4,4,51.137176513671875,-17.0,-3.0,1022.0,NE,1.7899999618530273,0.0,0.0
2014,7,4,5,55.0,17.0,21.0,998.0,NW,2.680000066757202,0.0,0.0
2014,11,24,9,187.19378662109375,3.0,3.0,1013.0,NE,0.8899999856948853,0.0,0.0
2010,3,8,4,40.0,-5.0,-3.5066757202148438,1025.0,SE,15.199999809265137,0.0,0.0
2010,2,11,23,20.0,-19.0,-4.0,1034.0,NE,10.20423412322998,0.0,0.0
2010,9,8,18,170.0,10.0,25.0,1009.0,SE,0.8899999856948853,0.0,0.0
2010,10,11,9,13.0,5.0,19.0,1017.0,NW,4.019999980926514,0.0,0.0
2010,10,15,11,46.0,0.0,18.0,1017.0,SE,1.7799999713897705,0.0,0.0
2013,4,5,13,108.0,5.0,11.0,1019.0,SE,18.329999923706055,0.0,0.0
2010,10,30,1,24.0,1.0,10.0,1026.0,NW,1.7899999618530273,0.0,0.0
2010,5,13,18,28.0,1.0,27.0,1009.0,SE,7.146881580352783,0.0,1.0
2012,5,17,4,98.0,5.0,16.0,1007.0,NW,0.8899999856948853,0.0,0.0
2012,1,14,13,26.0,-21.0,-1.0,1032.0,NW,46.49482345581055,0.0,0.0
2010,4,25,5,66.0,9.0,14.0,1011.0,cv,5.809999942779541,0.0,0.0
2014,6,22,23,15.274258613586426,16.0,30.0,1005.0,NW,3.130000114440918,0.0,0.0
2012,9,1,18,17.0,20.0,21.0,1007.0,NW,4.019999980926514,0.0,0.0
2014,4,18,13,42.0,7.0,18.0,1022.0,SE,8.9399995803833,0.0,0.0
2012,1,8,0,32.0,-22.0,-8.0,1035.3046875,NW,106.88126373291016,0.0,0.0
2014,4,21,7,93.85173797607422,11.0,13.0,1021.0,SE,12.960000038146973,0.0,0.0
2013,7,5,1,41.0,19.0,24.0,1008.0,SE,25.906782150268555,0.0,1.0
2014,8,19,4,155.0,18.315685272216797,26.0,1008.0,SE,1.7899999618530273,0.0,0.0
2010,6,23,23,93.0,21.0,21.0,1006.0,NW,37.99018478393555,0.0,0.0
2012,8,9,13,45.0,21.0,22.0,1005.0,NE,4.019999980926514,0.0,0.0
2013,2,22,22,180.83209228515625,-4.0,-3.0,1029.0,NE,0.8899999856948853,0.0,0.0
2014,3,5,21,61.648193359375,-12.0,16.0,1018.0,SE,3.130000114440918,0.0,0.0
2012,12,1,18,255.40052795410156,0.0,0.0,1022.0,SE,1.7899999618530273,0.0,0.0
2013,8,3,8,120.0,16.0,19.0,1012.0,cv,1.7899999618530273,0.0,0.0
2010,6,14,15,84.0,16.0,33.0,1007.0,SE,1.7899999618530273,0.0,0.0
2012,10,11,1,17.0,1.0,9.0,1019.0,SE,3.5799999237060547,0.0,0.0
2012,9,1,5,253.3899688720703,12.0,15.0,1010.0,NW,1.7899999618530273,0.0,0.0
2013,4,19,19,59.0,4.0,10.0,1013.0,NW,1.7899999618530273,0.0,0.0
2013,10,25,8,41.64871597290039,-6.0,7.0,1031.0,NW,29.9462890625,0.0,0.0
2013,9,26,16,202.27243041992188,14.0,16.0,1017.0,SE,33.97315216064453,0.0,0.0
2014,11,28,18,12.0,-20.0,4.0,1027.0,NW,242.37457275390625,0.0,0.0
2012,7,3,21,88.0,20.0,31.0,1003.0,SE,93.68806457519531,0.0,0.0
2010,1,6,0,77.0367431640625,-20.0,-17.489702224731445,1033.7763671875,cv,0.8899999856948853,0.0,0.0
2011,9,26,11,111.0,20.0,23.0,1005.0,NE,1.7899999618530273,0.0,0.0
2014,8,10,3,294.2251892089844,23.0,23.0,1009.0,SE,1.7899999618530273,0.0,0.0
2010,3,21,8,161.0,2.0,6.0,1012.0,SE,0.8899999856948853,0.0,0.0
2010,11,13,16,20.0,-18.0,6.0,1021.0,NW,15.649999618530273,0.0,0.0
2011,9,16,10,229.0,22.0,26.0,1004.0,SE,1.7799999713897705,0.0,0.0
2013,6,12,13,195.80638122558594,18.666667938232422,22.0,1013.0,cv,1.340000033378601,0.0,2.0
2010,1,11,4,62.0,-14.0,-9.151224136352539,1022.0,NW,8.9399995803833,0.0,0.0
2014,12,14,15,19.0,-22.0,3.0,1030.0,NE,4.920000076293945,0.0,0.0
2011,12,15,0,15.0,-16.0,-3.0,1035.0,NW,130.17311096191406,0.0,0.0
2013,11,21,23,65.0,-11.0,5.0,1018.0,cv,0.8899999856948853,0.0,0.0
2010,3,19,4,30.0,-9.0,8.0,1021.0,NW,122.53145599365234,0.0,0.0
2014,9,24,16,144.0,6.0,22.0,1016.0,SE,18.335325241088867,0.0,0.0
2010,4,24,16,354.64068603515625,5.0,13.0,1014.0,SE,1.7899999618530273,0.0,0.0
2013,6,25,15,10.0,9.59681510925293,32.0,1010.0,cv,2.680000066757202,0.0,0.0
2010,7,24,13,239.22776794433594,24.0,33.0,1003.0,SE,7.150000095367432,0.0,0.0
2014,10,27,23,122.0,14.0,17.0,1010.0,SE,16.989999771118164,0.0,0.0
2013,11,15,8,68.0,-6.0,1.0,1030.0,cv,8.039999961853027,0.0,0.0
2013,11,6,4,75.05322265625,-4.0,2.0,1033.0,cv,12.995508193969727,0.0,0.0
2012,11,19,14,12.0,-11.0,7.0,1021.0,NW,71.94912719726562,0.0,0.0
2010,8,20,11,134.0,23.0,26.0,1003.0,NW,0.8899999856948853,0.0,0.0
2011,6,23,22,66.0,17.0,22.941421508789062,1013.0,NW,38.43474578857422,0.0,0.0
2013,4,10,2,198.4943084716797,-1.1749552488327026,2.0,1014.0,cv,1.7899999618530273,0.0,0.0
2013,12,1,16,167.0,-17.0,-4.0,1022.0480346679688,cv,2.680000066757202,0.0,0.0
2012,1,17,7,191.0,-8.0,0.04679949954152107,1023.0,cv,0.8899999856948853,0.0,0.0
2013,1,23,15,74.0,-21.0,4.0,1024.0,NW,45.843467712402344,0.0,0.0
2013,2,12,17,114.365478515625,-10.0,-3.0,1023.0,SE,21.010000228881836,0.0,0.0
2011,3,28,16,96.0,-2.0,5.0,1018.2839965820312,NW,24.751150131225586,0.0,0.0
2010,3,28,20,56.0,-12.0,6.0,1016.0,SE,19.886350631713867,0.0,0.0
2012,12,29,18,63.0,-9.0,-3.0,1036.0,SE,30.404640197753906,0.0,0.0
2012,3,15,16,311.8763122558594,1.0,7.0,1020.0,NW,1.7799999713897705,0.0,0.0
2011,1,7,4,131.0,-16.0,-11.0,1027.0,SE,1.7899999618530273,0.0,0.0
2014,2,11,10,35.0,-24.0,4.0,1030.0,NE,5.369999885559082,0.0,0.0
2012,4,14,10,44.0,-13.0,14.0,1013.0,NW,4.019999980926514,0.0,0.0
2014,6,20,14,72.0,7.0,31.0,1001.0,SE,3.130000114440918,0.0,0.0
2014,6,21,14,34.0,19.5223388671875,20.0,1003.0,NW,1.7899999618530273,0.0,0.0
2014,5,15,4,77.0,15.0,15.0,1016.0,NE,0.8899999856948853,0.0,0.0
2014,8,27,4,48.0,17.0,20.0,1010.0,SE,1.7899999618530273,0.0,0.0
2012,11,2,15,32.0,-19.0,4.0,1018.0,NW,167.94667053222656,0.0,0.0
2011,8,21,18,74.0,20.0,30.0,1013.0,cv,1.7899999618530273,0.0,0.0
2013,11,22,0,200.15185546875,-2.0,1.0,1024.0,NE,0.8899999856948853,0.0,0.0
2011,7,15,18,53.078285217285156,22.0,24.0,1002.0,SE,1.7899999618530273,0.0,0.0
2013,3,4,11,138.0,-5.0,1.0,1020.0,cv,12.069999694824219,0.0,0.0
2014,6,13,15,38.0,-5.0,28.0,1003.0,SE,29.77617645263672,0.0,0.0
2014,5,30,8,33.0,9.0,24.0,1013.0,cv,12.962368965148926,0.0,0.0
2012,1,23,9,29.0,-17.0,-1.0,1037.0264892578125,NW,4.920000076293945,0.0,0.0
2013,11,22,4,146.92034912109375,5.0,9.0,1017.0,cv,1.7899999618530273,0.0,0.0
2010,10,6,2,43.67900466918945,5.0,11.0,1028.0,NW,13.859999656677246,0.0,0.0
2011,5,20,1,43.0,13.0,14.0,1020.0,SE,0.8899999856948853,0.0,0.0
2010,1,24,23,76.0,-19.0,-5.0,1025.0,cv,1.7799999713897705,0.0,0.0
2010,4,23,15,91.0,-13.794610977172852,15.0,1016.0,NW,16.989999771118164,0.0,0.0
2013,8,8,11,52.0,20.0,28.0,1004.0,SE,42.45790100097656,0.0,0.0
2011,8,8,9,14.0,18.0,29.0,1015.0,cv,11.180000305175781,0.0,0.0
2010,8,24,12,85.0,21.0,28.0,1012.0,cv,4.920000076293945,0.0,0.0
2011,12,18,22,53.0,-17.0,-3.0,1025.0,SE,4.920000076293945,0.0,0.0
2010,8,7,7,80.0,19.0,22.0,1014.0,NW,0.8899999856948853,0.0,0.0
2013,5,7,17,41.0,7.0,25.0,1013.0,NW,47.81634521484375,0.0,0.0
2011,6,14,11,132.275146484375,16.0,22.0,1011.0,SE,1.7899999618530273,0.0,0.0
2013,5,12,2,145.36508178710938,7.0,13.0,1013.0,NE,1.7799999713897705,0.0,0.0
2011,5,11,4,14.0,9.0,22.0,1007.0,NW,173.25372314453125,0.0,0.0
2012,1,6,0,170.052490234375,-6.0,-3.0,1021.0,NW,5.369999885559082,0.0,0.0
2011,1,22,0,54.0,-14.0,2.0,1025.0,NE,0.8899999856948853,0.0,0.0
2014,12,26,8,100.0,-14.0,-2.0,1022.0,NW,22.102611541748047,0.0,0.0
2012,7,27,8,29.0,19.0,26.0,997.0,NW,8.040623664855957,0.0,0.0
2013,11,19,10,238.31256103515625,-7.0,6.0,1020.0,cv,3.130000114440918,0.0,0.0
2014,3,31,23,67.0,-8.0,8.0,1021.0,SE,76.17253112792969,0.0,0.0
2012,12,14,1,111.0,-7.0,-4.0,1028.0,cv,1.7899999618530273,0.0,0.0
2013,6,8,6,175.80760192871094,18.0,20.0,1013.0,SE,29.944177627563477,0.0,0.0
2010,11,24,6,34.0,-5.0,15.0,1024.0,SE,17.93772315979004,0.0,0.0
2013,4,21,9,109.0,-6.0,19.0,1009.0,SE,3.5799999237060547,0.0,0.0
2012,4,25,2,10.0,-13.0,0.0,1024.0,NW,59.02058410644531,0.0,0.0
2013,5,16,1,99.71825408935547,6.0,20.0,1007.0,SE,81.9713134765625,0.0,0.0
2010,11,23,7,69.0,8.0,10.0,1023.0,NW,0.8899999856948853,0.0,0.0
2014,11,6,13,490.78082275390625,-4.0,1.0,1021.0,SE,3.5799999237060547,0.0,0.0
2013,1,8,4,266.1580810546875,-13.0,-4.0,1024.544189453125,NE,1.340000033378601,0.0,0.0
2012,8,19,3,67.0,22.0,25.0,1006.0,NE,8.9399995803833,0.0,0.0
2012,10,21,11,341.9358825683594,14.0,21.0,1018.0,SE,18.513248443603516,0.0,0.0
2010,5,12,5,100.0,3.0,13.0,1002.0,SE,5.369999885559082,0.0,0.0
2011,6,29,17,90.87614440917969,9.0,19.0,1003.0,SE,3.5799999237060547,0.0,1.0
2013,5,22,16,32.0,-2.58392071723938,29.0,1007.0,SE,18.3342342376709,0.0,0.0
2014,5,16,0,65.0,8.0,25.0,1014.0,SE,3.5799999237060547,0.0,0.0
2013,1,15,0,122.07342529296875,-9.0,-6.0,1032.0,NW,11.785908699035645,0.0,0.0
2010,11,7,9,164.0,-5.0,-1.0,1021.0,NW,13.40999984741211,0.0,0.0
2011,5,26,23,110.0,4.0,22.0,1004.0,cv,1.7899999618530273,0.0,0.0
2011,3,2,11,156.0,-9.0,-5.0,1025.0,cv,3.130000114440918,0.0,0.0
2012,11,31,4,201.15811157226562,11.0,11.0,1022.0,SE,0.8899999856948853,0.0,0.0
2014,3,20,11,264.7076416015625,-7.0,-2.0,1027.0,cv,5.369999885559082,0.0,0.0
2014,3,30,15,29.334701538085938,-1.0,21.0,1012.0,SE,0.8899999856948853,0.0,0.0
2011,3,28,6,78.0,-15.0,5.0,1024.0,NE,16.100000381469727,0.0,0.0
2010,9,1,14,117.0,1.0,21.0,1014.0,NW,5.809999942779541,0.0,0.0
2013,2,7,6,11.0,-22.0,-11.0,1040.0604248046875,NW,11.630000114440918,0.0,0.0
2013,10,24,9,93.0,17.0,16.0,1017.0,cv,0.8899999856948853,0.0,0.0
2014,6,10,1,105.0,18.0,21.0,1009.0,cv,0.8899999856948853,0.0,0.0
2014,8,24,16,77.0,17.0,31.0,1004.0,cv,6.710000038146973,0.0,0.0
2010,6,19,16,41.15763854980469,5.0,31.0,1005.0,SE,4.46999979019165,0.0,0.0
2014,9,15,13,9.0,6.0,24.0,1011.0,cv,11.170000076293945,0.0,0.0
2012,4,11,20,49.0,11.908358573913574,13.0,1009.0,SE,3.130000114440918,0.0,0.0
2010,3,20,14,323.5973815917969,2.0,7.0,1014.0,SE,1.7899999618530273,0.0,0.0
2014,10,18,10,56.0,7.0,12.0,1018.0,NW,1.7899999618530273,0.0,0.0
2012,8,18,5,80.0,20.0,22.0,1013.0,SE,27.719999313354492,0.0,0.0
2012,2,1,23,81.14338684082031,-12.0,-10.0,1034.0,cv,1.7899999618530273,0.0,0.0
2014,4,2,18,30.0,-13.0,12.0,1011.0,SE,15.247831344604492,0.0,0.0
2013,12,2,19,239.8852081298828,-5.0,-2.0,1028.0,cv,0.8899999856948853,0.0,0.0
2013,11,28,19,6.0,-24.0,3.0,1026.0,NW,378.078369140625,0.0,0.0
2010,11,15,15,126.0,-15.0,10.0,1019.0,NE,16.09000015258789,0.0,0.0
2010,3,22,14,16.0,-19.0,-3.0,1032.0,NW,49.5833740234375,0.0,0.0
2011,10,4,8,189.033935546875,1.0,8.0,1027.0,cv,18.771587371826172,0.0,0.0
2013,6,7,12,201.4709930419922,16.0,25.0,1016.0,SE,12.069999694824219,0.0,0.0
2012,1,8,3,111.43891906738281,-12.0,-9.570520401000977,1032.634521484375,NW,4.019999980926514,0.0,0.0
2014,5,25,20,96.0,16.865636825561523,27.0,1017.0,SE,12.07729434967041,0.0,0.0
2013,10,15,10,111.78230285644531,11.0,12.0,1023.0,NW,1.7799999713897705,0.0,0.0
2014,9,1,14,13.0,3.0,25.0,1016.0,SE,17.872844696044922,0.0,0.0
2013,10,24,4,47.0,1.0,2.0,1029.0,cv,0.8899999856948853,0.0,0.0
2013,2,11,13,50.0,-17.0,3.0,1033.0,NW,22.350170135498047,0.0,0.0
2011,6,5,7,80.0,15.0,22.0,1002.0,NW,11.180000305175781,0.0,0.0
2010,11,13,21,35.0,-8.0,0.0,1035.0,NW,3.130000114440918,0.0,0.0
2012,5,12,0,64.0,15.0,21.0,1009.0,NE,1.7899999618530273,0.0,0.0
2014,8,8,20,25.0,11.0,32.0,1003.0,NW,16.987060546875,0.0,0.0
2010,8,6,14,213.4307861328125,20.0,27.0,1005.0,SE,1.7899999618530273,0.0,0.0
2014,6,24,18,54.0,-5.0,19.0,1002.0,SE,1.7899999618530273,0.0,0.0
2013,9,19,3,312.82928466796875,12.0,14.0,1014.0,cv,2.680000066757202,0.0,0.0
2014,11,20,3,126.0,-10.0,0.0,1017.3535766601562,cv,0.8899999856948853,0.0,0.0
2011,10,19,15,41.0,6.0,11.0,1015.0,cv,1.7799999713897705,0.0,0.0
2013,4,19,7,16.0,8.0,15.0,1015.0,SE,14.301797866821289,0.0,0.0
2011,8,4,5,169.7191619873047,21.0,25.0,1006.0,SE,1.7899999618530273,0.0,0.0
2011,11,27,10,51.0,-11.0,1.0,1017.0,NW,1.7899999618530273,0.0,0.0
2011,10,3,2,109.0,10.0,15.0,1024.0,NE,2.6700000762939453,0.0,0.0
2013,10,26,7,283.3034362792969,2.1364123821258545,7.0,1026.0,cv,9.84000015258789,0.0,0.0
2012,9,10,2,30.040550231933594,12.0,17.0,1016.2409057617188,SE,28.222482681274414,0.0,0.0
2010,5,29,19,42.0,17.0,30.0,1006.0,NW,4.019999980926514,0.0,0.0
2012,12,24,0,27.0,-26.0,-10.0,1039.0,NE,8.050000190734863,0.0,0.0
2012,8,13,22,111.33915710449219,15.0,26.0,1004.0,NE,27.710115432739258,0.0,0.0
2013,10,7,13,122.0,-2.0,19.0,1014.0,SE,1.7799999713897705,0.0,0.0
2012,12,24,7,264.410400390625,-8.0,-3.0,1029.0,NW,4.920000076293945,0.0,0.0
2012,11,7,11,143.06236267089844,1.0,6.0,1017.0,NE,1.7799999713897705,0.0,0.0
2014,9,22,11,111.33958435058594,19.0,23.0,1018.0,SE,1.7899999618530273,0.0,0.0
2010,10,14,20,70.0,-5.0,12.0,1023.0,cv,1.7899999618530273,0.0,0.0
2012,4,9,15,133.0,2.0,23.0,1012.0,SE,16.989999771118164,0.0,0.0
2011,12,15,8,27.0,-24.0,0.0,1033.0,NW,90.94383239746094,0.0,0.0
2010,2,22,19,17.0,-19.472047805786133,-6.0,1033.0,NW,88.18022918701172,0.0,0.0
2014,3,22,21,83.0,-10.847253799438477,-6.0,1027.0,SE,1.340000033378601,0.0,0.0
2010,6,13,20,113.0,24.0,25.0,1004.0,SE,1.7899999618530273,0.0,0.0
2010,2,28,0,185.0,0.0,5.0,1016.0,SE,0.8899999856948853,0.0,0.0
2013,3,29,17,51.0,-9.0,14.0,1022.0,SE,1.7899999618530273,0.0,0.0
2010,7,14,14,150.0,20.0,28.0,1008.0,SE,6.704133987426758,0.0,0.0
2011,12,3,17,14.0,-20.0,-4.0,1032.0,NW,211.9965362548828,0.0,0.0
2010,12,31,2,164.0,-14.0,-9.0,1022.0,cv,1.7899999618530273,0.0,0.0
2013,10,27,23,23.0,12.0,12.0,1018.0,NW,3.5799999237060547,0.0,0.0
2010,12,22,5,44.007896423339844,-15.0,-10.0,1032.0,NE,9.829999923706055,0.0,0.0
2011,3,28,17,20.0,-16.0,-5.0,1034.0,NE,26.72616958618164,0.0,0.0
2013,1,27,1,137.0,-15.0,-7.0,1037.0,NE,1.7899999618530273,0.0,0.0
2011,5,14,17,109.0,16.995872497558594,26.0,1013.0,SE,8.050000190734863,0.0,0.0
2011,11,18,11,56.0,3.0,3.0,1020.0,SE,9.84000015258789,0.0,0.0
2010,2,7,8,59.22538757324219,-10.0,1.0,1026.0,SE,14.3100004196167,0.0,0.0
2011,4,8,16,111.17843627929688,-6.0,22.0,1009.0,SE,25.92264175415039,0.0,0.0
2011,10,27,10,54.669857025146484,12.0,14.0,1020.0,cv,1.7899999618530273,0.0,0.0
2011,3,23,18,39.24049377441406,-3.0,16.0,1014.0,SE,12.069999694824219,0.0,0.0
2013,3,6,11,66.5161361694336,-11.0,7.885486125946045,1015.0,cv,1.7799999713897705,0.0,0.0
2012,5,10,17,77.10956573486328,0.0,20.0,1004.0,SE,6.260000228881836,0.0,0.0
2011,2,12,0,123.88903045654297,-11.0,-3.0,1027.0,cv,1.7899999618530273,0.0,0.0
2013,8,5,4,37.25789260864258,19.0,22.0,1000.0,NE,10.279999732971191,0.0,0.0
2013,2,10,7,85.0,-11.0,-6.0,1031.0,NW,2.680000066757202,0.0,0.0
2013,11,5,1,11.0,-11.0,8.0,1021.0,NW,100.37519836425781,0.0,0.0
2010,11,13,17,79.24944305419922,-11.606888771057129,10.0,1025.0,NW,18.329866409301758,0.0,0.0
2012,4,1,17,75.0,-12.0,8.0,1022.0,NE,7.150000095367432,0.0,0.0
2014,9,27,4,102.33824157714844,20.0,22.0,1012.0,NE,1.7799999713897705,0.0,0.0
2012,9,22,23,80.0,17.0,20.0,1015.0,NW,0.8899999856948853,0.0,1.0
2012,7,5,23,80.81179809570312,22.0,25.0,1003.0,SE,3.5799999237060547,0.0,0.0
2011,3,30,12,35.0,-13.0,13.0,1022.0,NW,2.680000066757202,0.0,0.0
2014,7,28,12,301.39788818359375,25.0,26.0,1004.0,SE,5.369999885559082,0.0,0.0
2012,11,17,4,258.8603515625,1.0,11.0,1028.0,cv,6.710000038146973,0.0,0.0
2013,2,23,20,87.02985382080078,-20.0,-8.0,1035.0,NW,0.8899999856948853,0.0,0.0
2013,8,13,12,91.0,21.0,28.0,1010.0,SE,5.809999942779541,0.0,0.0
2011,7,21,2,89.0,21.0,30.0,1007.0,NE,1.7899999618530273,0.0,0.0
2013,2,1,14,48.0,-16.0,6.0,1031.0,cv,0.8899999856948853,0.0,0.0
2013,4,4,3,84.0,7.0,9.0,1021.0,SE,1.7899999618530273,0.0,0.0
2010,6,15,6,115.0,16.0,23.0,1006.0,SE,1.7899999618530273,0.0,0.0
2011,1,16,19,71.80154418945312,-18.0,-6.761077880859375,1032.0,NW,0.8899999856948853,0.0,0.0
2012,5,7,12,152.4957275390625,10.0,19.0,1003.0,cv,0.8899999856948853,0.0,0.0
2012,8,18,3,112.25648498535156,18.0,20.0,1008.0,cv,1.7899999618530273,0.0,0.0
2011,10,25,14,20.0,12.0,18.0,1009.0,SE,1.7899999618530273,0.0,0.0
2012,7,8,7,77.0,19.0,24.0,997.0,NE,20.56051254272461,0.0,0.0
2014,9,1,9,44.0,17.0,18.0,1015.0,NW,3.130000114440918,0.0,0.0
2010,11,19,16,89.0,-5.0,5.0,1019.0,cv,4.920000076293945,0.0,0.0
2012,3,3,22,91.0,-15.0,9.0,1023.0,NE,1.7899999618530273,0.0,0.0
2010,10,30,22,15.0,1.0,7.0,1027.0,NW,11.180000305175781,0.0,0.0
2012,11,11,2,108.67180633544922,-3.0,7.0,1017.0,cv,1.7899999618530273,0.0,0.0
2013,12,24,8,26.0,-14.0,-5.0,1029.0,NW,26.81999969482422,0.0,0.0
2013,8,1,23,16.0,18.363378524780273,24.0,1007.0,NW,16.534080505371094,0.0,0.0
2014,7,13,17,78.58731079101562,22.0,29.0,1011.0,SE,27.719999313354492,0.0,0.0
2014,3,22,15,237.50949096679688,-4.0,8.0,1021.0,SE,1.7899999618530273,0.0,0.0
2011,2,30,3,18.0,-23.0,-5.0,1026.0,NW,145.6206512451172,0.0,0.0
2013,1,27,8,261.0681457519531,-15.0,-4.0,1032.0,SE,0.8899999856948853,0.0,0.0
2013,2,31,15,116.0,-1.0,-1.0,1025.0,NW,13.43549919128418,0.0,0.0
2013,6,3,13,109.6469497680664,21.0,28.0,1004.0,cv,2.6700000762939453,0.0,0.0
2012,6,17,15,87.35404968261719,8.0,27.0,1012.0,SE,1.7899999618530273,0.0,0.0
2011,8,27,12,41.134822845458984,17.0,25.0,1012.0,NE,0.8899999856948853,0.0,0.0
2012,2,24,7,180.185791015625,-2.0,-1.0,1011.0,cv,1.7899999618530273,0.0,0.0
2011,12,9,13,237.2167510986328,-6.0,0.0,1028.0,SE,8.670565605163574,0.0,0.0
2011,12,23,1,159.0,-4.0,4.0,1004.0,cv,0.8899999856948853,0.0,0.0
2012,2,5,1,97.0,-18.0,-9.0,1029.0,NE,1.7799999713897705,0.0,0.0
2014,3,27,16,141.0,1.0,7.0,1020.0,NW,2.680000066757202,0.0,0.0
2011,4,13,23,95.36847686767578,5.0,21.0,1007.0,SE,16.989999771118164,0.0,0.0
2013,9,5,4,70.0,15.0,18.0,1010.0,SE,1.7899999618530273,0.0,0.0
2010,3,13,22,87.0,-6.0,-1.0,1030.0,NW,7.148900508880615,0.0,0.0
2013,4,19,2,109.0,5.0,6.0,1011.0,SE,0.8899999856948853,0.0,0.0
2012,6,22,15,67.0,12.0,22.0,1015.0,SE,33.088932037353516,0.0,0.0
2014,2,22,0,93.0,-6.0,-2.0,1027.0,NE,1.7899999618530273,0.0,0.0
2011,8,31,14,144.0871124267578,23.0,32.0,1003.0,cv,3.5799999237060547,0.0,0.0
2011,8,10,21,98.06501770019531,19.0,21.0,1013.0,SE,0.8899999856948853,0.0,0.0
2014,12,15,21,248.54026794433594,-9.0,-4.0,1030.0,SE,1.7799999713897705,0.0,0.0
2014,5,15,16,35.0,-1.0,24.0,1005.0,NW,20.825307846069336,0.0,0.0
2014,2,23,19,24.0,-15.0,5.0,1024.0,cv,1.7799999713897705,0.0,0.0
2014,1,19,4,27.0,-10.0,-3.0,1029.0,SE,0.8899999856948853,0.0,0.0
2012,2,28,14,152.0,-5.0,4.0,1019.0,SE,0.8899999856948853,0.0,0.0
2014,1,21,11,260.7955017089844,-7.0,3.0,1026.0,NW,0.8899999856948853,0.0,0.0
2010,10,9,21,256.3503112792969,12.0,12.0,1016.0,cv,5.809999942779541,0.0,0.0
2010,4,22,22,104.0,-6.0,11.004083633422852,1014.0,cv,1.7899999618530273,0.0,0.0
2013,11,17,0,206.0,-9.0,1.0,1013.0,NW,1.7899999618530273,0.0,0.0
2010,5,1,3,27.0,14.0,16.0,1016.0,NE,7.141112327575684,0.0,0.0
2012,12,1,7,8.91985034942627,-21.0,-4.0,1031.0,NW,28.614965438842773,0.0,0.0
2012,3,24,6,20.981319427490234,-18.0,5.0,1026.0,NW,3.5799999237060547,0.0,0.0
2014,7,1,19,91.0,22.0,32.186256408691406,1002.0,SE,101.28839874267578,0.0,0.0
2014,10,21,6,81.0,7.0,10.0,1025.0,cv,0.8899999856948853,0.0,0.0
2011,11,8,1,111.0,4.0,8.0,1021.0,cv,0.8899999856948853,0.0,0.0
2014,2,15,16,105.0,-8.0,1.0,1023.0,SE,4.920000076293945,0.0,0.0
2013,1,23,8,234.26637268066406,-10.0,-3.0,1024.5274658203125,SE,0.8899999856948853,0.0,0.0
2011,12,28,3,96.0,-12.0,-7.0,1032.8931884765625,cv,0.8899999856948853,0.0,0.0
2014,9,11,1,88.0,17.0,18.0,1017.0,cv,4.920000076293945,0.0,0.0
2013,9,24,11,143.02220153808594,12.0,20.0,1014.0,SE,9.390000343322754,0.0,0.0
2014,5,13,13,89.498046875,-3.0,21.0,1008.0,cv,1.7899999618530273,0.0,0.0
2011,3,13,16,34.60420227050781,-13.0,10.0,1020.0,NW,9.84000015258789,0.0,0.0
2014,6,22,3,36.0,16.0,29.0,1003.0,NW,11.829490661621094,0.0,0.0
2010,1,17,16,24.0,-22.0,-9.0,1032.888427734375,NW,80.84730529785156,0.0,0.0
2013,1,19,13,329.435546875,-7.0,2.0,1024.0,NW,3.130000114440918,0.0,0.0
2012,12,23,2,135.23049926757812,-12.0,-2.0,1030.0,cv,2.6700000762939453,0.0,0.0
2012,3,9,12,89.0,-9.0,-2.0,1013.0,cv,34.846282958984375,0.0,0.0
2014,4,17,16,81.0,2.0,13.0,1024.0,NE,24.13210678100586,0.0,0.0
2012,9,8,4,59.0,6.0,16.0,1017.0,NW,0.8899999856948853,0.0,0.0
2014,9,22,19,147.57838439941406,17.0,22.0,1009.0,SE,31.29437828063965,0.0,0.0
2012,9,23,22,126.0,15.0,21.0,1017.0714111328125,cv,1.7799999713897705,0.0,0.0
2012,3,23,11,110.0,-9.0,10.0,1016.0,cv,3.130000114440918,0.0,0.0
2013,8,23,11,17.0,16.0,21.0,1013.0,SE,16.100000381469727,0.0,0.0
2010,3,9,21,60.0,0.0,12.0,1019.0,SE,4.920000076293945,0.0,0.0
2011,12,2,10,157.0,-10.0,-3.0,1036.0,NW,0.8899999856948853,0.0,0.0
2010,9,15,8,312.2777404785156,19.0,21.0,1012.0,cv,0.8899999856948853,0.0,0.0
2013,8,21,22,108.0,16.0,19.24333381652832,1006.0,NW,3.5799999237060547,0.0,0.0
2010,1,5,0,30.0,-26.0,-12.0,1036.0,NW,12.970000267028809,0.0,0.0
2010,7,7,21,154.0,25.0,28.0,997.0,SE,48.753543853759766,0.0,0.0
2011,4,23,21,167.08692932128906,6.0,18.0,1011.0,SE,0.8899999856948853,0.0,0.0
2011,8,31,21,45.0,6.0,21.0,1008.0,SE,5.360788822174072,0.0,0.0
2010,7,7,18,57.0,20.0,23.0,1004.0,NW,3.1290605068206787,0.0,5.1993021965026855
2010,11,20,15,229.42218017578125,-19.0,1.0,1023.0,NE,18.774351119995117,0.0,0.0
2014,7,18,16,135.1134033203125,23.0,28.0,1010.0,NW,7.599999904632568,0.0,0.0
2010,12,21,5,9.0,-21.0,-4.0,1033.0,NW,294.7608642578125,0.0,0.0
2014,5,3,15,38.0,-12.0,15.0,1016.0076904296875,NW,206.84400939941406,0.0,5.0
2010,11,7,23,13.0,-17.0,6.0,1021.0,NW,97.35005187988281,0.0,0.0
2011,2,15,9,111.0,-14.0,-4.0,1021.0,cv,3.5799999237060547,0.0,0.0
2013,3,4,7,46.42369842529297,-2.6498985290527344,3.0,1011.0,SE,1.7899999618530273,0.0,0.0
2010,10,6,11,128.66392517089844,3.0,5.0,1013.4039306640625,NW,12.520000457763672,0.0,0.0
2013,11,16,9,112.0,1.0,7.0,1025.0,cv,3.130000114440918,0.0,0.0
2011,11,12,22,9.0,-16.0,3.0,1025.0,NW,122.82122039794922,0.0,0.0
2014,2,23,20,137.0,-9.0,-7.0,1022.0,cv,0.8899999856948853,0.0,0.0
2014,8,18,21,86.0,21.0,27.0,1008.0,SE,1.7899999618530273,0.0,0.0
2012,11,24,14,16.0,-2.0,17.0,1025.0,SE,0.44999998807907104,0.0,0.0
2014,12,3,9,16.0,-18.0,-8.337928771972656,1035.0,NW,3.130000114440918,0.0,0.0
2011,2,26,21,132.0,-12.0,-1.3452658653259277,1029.0,cv,1.7799999713897705,0.0,0.0
2014,2,12,17,46.0,-20.0,-1.0,1031.0,SE,4.019999980926514,0.0,0.0
2011,9,22,8,37.0,14.0,17.0,1014.0,NW,9.744818687438965,0.0,0.0
2010,7,19,5,143.62277221679688,20.0,22.0,1010.0,cv,1.7899999618530273,0.0,0.0
2014,10,23,2,16.0,-1.0,18.0,1014.0,NW,16.789960861206055,0.0,0.0
2013,9,18,0,172.11026000976562,18.0,27.0,1002.0,cv,1.7899999618530273,0.0,0.0
2010,6,1,7,65.0,21.0,24.0,1005.0,NE,1.7799999713897705,0.0,0.0
2010,3,14,0,126.3360824584961,3.0,19.0,1015.0,SE,1.7899999618530273,0.0,0.0
2010,12,23,6,149.0,-12.482826232910156,3.0,1021.0,SE,0.8899999856948853,0.0,0.0
2010,5,21,15,146.0,14.0,18.0,1013.0,cv,4.449999809265137,0.0,0.0
2013,1,7,23,52.0,-21.0,-2.8941845893859863,1031.0,NW,1.7899999618530273,0.0,0.0
2011,5,13,20,78.46614837646484,13.0,20.0,1014.0,SE,29.947826385498047,0.0,0.0
2011,12,17,7,107.0,-15.0,1.0,1025.0,SE,19.219999313354492,0.0,0.0
2014,9,30,7,9.0,4.0,23.63287925720215,1017.0,NW,15.199999809265137,0.0,0.0
2014,7,1,4,155.0,20.0,21.53544044494629,1004.0,cv,0.8899999856948853,0.0,0.0
2013,5,18,3,160.1150360107422,20.0,21.0,1005.0,cv,0.8899999856948853,0.0,0.0
2010,4,1,19,79.8227767944336,-10.0,13.0,1015.0,NW,111.72783660888672,0.0,0.0
2010,9,16,20,115.0,16.0,20.0,1008.0,NW,0.8899999856948853,0.0,0.0
2010,9,1,5,66.0,19.0,20.0,1013.0,SE,1.7899999618530273,0.0,0.0
2010,9,8,12,45.0,19.0,20.0,1012.0,SE,8.050000190734863,0.0,0.0
2014,1,13,4,35.43977737426758,6.0,13.0,1004.0,cv,3.5799999237060547,0.0,0.0
2013,6,22,4,118.0,19.0,24.0,1006.0,cv,7.150000095367432,0.0,0.0
2010,8,23,11,118.0,21.867847442626953,25.0,1010.0,SE,17.18733024597168,0.0,1.0
2011,3,9,4,16.0,-13.0,-3.0,1027.0,NW,3.5799999237060547,0.0,0.0
2010,5,5,13,19.0,0.0,26.0,1003.0,NW,57.28488540649414,0.0,0.0
2010,3,18,10,165.0,-9.0,4.0,1020.0,SE,10.729999542236328,0.0,0.0
2010,9,23,14,92.0,19.0,20.0,1015.0,NW,0.8899999856948853,0.0,0.0
2014,2,10,16,72.0,-18.0,-4.0,1027.0,SE,13.410394668579102,0.0,0.0
2011,7,18,17,154.0,13.0,21.0,996.0,NW,0.8899999856948853,0.0,0.0
2014,5,29,7,48.0,17.0,31.0,1013.0,SE,1.7899999618530273,0.0,0.0
2011,12,3,18,5.0,-17.0,11.0,1022.0,NW,4.920000076293945,0.0,0.0
2013,5,14,20,67.0,11.0,20.0,1011.0,SE,50.064361572265625,0.0,0.0
2011,4,3,21,146.0,-5.0,14.0,1018.0,SE,25.92354965209961,0.0,0.0
2014,4,16,17,153.5209197998047,4.0,10.0,1011.0,SE,1.7899999618530273,0.0,0.0
2012,1,2,12,53.0,-22.0,-7.577615261077881,1031.0,NW,1.7799999713897705,0.0,0.0
2014,12,22,10,16.68489646911621,-15.0,-2.0,1026.0,NW,43.19450378417969,0.0,0.0
2012,10,3,8,9.0,-3.0,13.0,1022.0,NW,62.308387756347656,0.0,0.0
2010,11,15,7,28.0,-13.0,3.0,1023.0,NW,81.47687530517578,0.0,0.0
2014,8,9,17,29.0,13.0,33.0,1003.0,NW,8.050000190734863,0.0,0.0
2012,6,10,16,11.0,9.0,30.0,995.969970703125,NE,7.150000095367432,0.0,0.0
2011,1,15,9,56.0,-25.0,-5.0,1036.0,NE,11.17529010772705,0.0,0.0
2012,11,23,12,35.56990432739258,-13.0,2.0,1025.0,NW,18.32571792602539,0.0,0.0
2010,11,23,4,127.0,-11.0,-4.0,1027.0,cv,1.7899999618530273,0.0,0.0
2013,6,6,20,153.0,15.438612937927246,20.0,1012.0,SE,17.987646102905273,0.0,0.0
2014,9,14,8,29.0,3.0,23.0,1010.0,NE,7.150000095367432,0.0,0.0
2013,7,11,4,55.0,23.0,24.0,1003.0,cv,1.7899999618530273,0.0,0.0
2010,1,16,2,38.68580627441406,-19.0,-10.0,1032.0,NW,24.139999389648438,0.0,0.0
2011,5,13,17,134.35951232910156,15.0,35.56928253173828,1004.0,SE,17.036094665527344,0.0,0.0
2011,5,19,7,44.0,17.0,18.0,1012.0,cv,49.23441696166992,0.0,0.0
2010,9,23,8,31.0,17.0,20.0,1010.0,SE,4.019999980926514,0.0,0.0
2011,1,5,13,39.0,-22.0,-6.0,1031.0,NW,5.809999942779541,0.0,0.0
2013,1,21,0,91.0,-11.122239112854004,-7.0,1023.0,cv,0.8899999856948853,0.0,0.0
2010,11,9,4,45.706695556640625,-3.0,8.414203643798828,1016.0,SE,3.127486228942871,0.0,0.0
2014,3,2,4,73.0,-5.0,-1.0,1032.0,SE,3.5799999237060547,0.0,0.0
2010,4,17,21,68.0,9.0,14.0,1010.0,SE,1.7799999713897705,0.0,2.0
2012,3,24,7,57.0,10.0,8.0,1013.0,cv,1.7899999618530273,0.0,0.0
2013,1,19,4,33.0,-19.0,-3.0,1035.0,NE,3.130000114440918,0.0,0.0
2014,10,13,5,131.0,12.0,14.0,1019.0,NW,0.8899999856948853,0.0,0.0
2010,5,1,5,113.86961364746094,13.0,18.0,1008.0,NW,1.7899999618530273,0.0,0.0
2010,5,13,16,98.0,11.0,24.0,1013.0,SE,27.715456008911133,0.0,0.0
2010,5,6,22,28.0,-14.0,21.0,1003.0,NW,3.130000114440918,0.0,0.0
2012,11,16,1,198.2943878173828,-3.0,1.0,1025.0,cv,1.7899999618530273,0.0,0.0
2011,6,13,23,90.5341567993164,18.0,19.0,1007.0,SE,0.8899999856948853,0.0,0.0
2011,8,23,5,85.0,18.0,19.0,1008.0,NE,0.8899999856948853,0.0,0.0
2014,1,20,3,126.0,-13.0,-6.0,1032.0,NW,19.22893524169922,0.0,0.0
2012,3,15,15,214.65513610839844,4.0,3.0,1017.0,NE,3.559999942779541,0.0,0.0
2010,8,9,12,109.0,15.0,25.0,1013.0,SE,2.6700000762939453,0.0,0.0
2010,2,19,13,48.0,-11.0,6.0,1016.0,SE,57.87043762207031,0.0,0.0
2013,1,5,16,20.0,-15.0,1.0,1023.0,NW,66.1966552734375,0.0,0.0
2014,4,1,22,54.84803771972656,6.0,8.0,1026.0,SE,0.8899999856948853,0.0,0.0
2014,11,23,2,81.0,-12.0,2.0,1026.0,NW,0.8899999856948853,0.0,0.0
2012,12,24,8,255.26785278320312,-13.0,-6.0,1032.0,cv,0.8899999856948853,0.0,0.0
2013,8,15,13,128.0,22.0,28.0,1003.0,SE,18.780000686645508,0.0,0.0
2013,11,28,15,16.0,-20.0,6.0,1024.0,NW,422.3966979980469,0.0,0.0
2012,12,23,5,9.0,-13.0,0.0,1026.0,NW,124.33368682861328,0.0,0.0
2014,2,15,17,203.48934936523438,-6.0,0.0,1032.0,SE,32.504547119140625,0.0,0.0
2010,1,6,4,81.0,-18.0,-6.0,1030.0,NE,1.7899999618530273,0.0,0.0
2010,9,19,3,36.0,17.0,22.0,1013.0,NW,1.7899999618530273,0.0,0.0
2014,11,12,9,143.0,12.0,13.0,1016.0,NW,14.758801460266113,0.0,0.0
2011,6,25,13,62.0,12.0,30.0,1009.0,SE,8.039999961853027,0.0,0.0
2011,4,2,12,30.29026985168457,-6.0,11.0,1030.0,NW,32.8414421081543,0.0,0.0
2010,7,15,16,149.0,18.0,30.429668426513672,1003.0,SE,1.7899999618530273,0.0,0.0
2013,7,23,21,37.0,21.0,23.0,1006.0,NW,7.598849296569824,0.0,0.0
2011,7,13,19,191.0,16.0,29.0,1000.0,SE,29.187637329101562,0.0,0.0
2014,11,31,15,185.2235565185547,-2.0,12.0,1023.0,SE,1.7899999618530273,0.0,0.0
2010,5,24,22,86.0,5.0,24.0,1010.0,SE,12.970000267028809,0.0,0.0
2014,6,7,13,30.0,14.0,28.0,1002.0,SE,4.920000076293945,0.0,0.0
2011,1,30,5,12.0,-27.0,-10.0,1040.720947265625,NW,215.03607177734375,0.0,0.0
2014,8,13,19,104.0,19.0,22.0,1009.0,SE,44.05861282348633,0.0,0.0
2011,6,17,14,85.01664733886719,15.0,19.0,1004.0,cv,0.8899999856948853,0.0,0.0
2014,11,18,0,183.8363037109375,3.0,5.0,1017.0,cv,0.8899999856948853,0.0,0.0
2012,2,17,5,132.0,-9.0,-6.0,1012.0,NE,0.8899999856948853,0.0,0.0
2012,11,1,20,246.64590454101562,-5.0,6.0,1020.0,cv,0.8899999856948853,0.0,0.0
2012,2,27,14,110.0,-2.0,-3.0,1025.0,cv,1.7899999618530273,0.0,0.0
2011,8,10,3,56.0,18.0,22.0,1003.0,SE,0.8899999856948853,0.0,0.0
2013,4,19,4,32.16990280151367,-8.0,7.0,1016.0,NW,8.050000190734863,0.0,0.0
2013,3,20,17,83.0,-15.0,9.0,1016.0,SE,11.170000076293945,0.0,0.0
2012,6,1,21,44.37601852416992,22.0,24.0,1002.0,cv,34.86152648925781,0.0,0.0
2012,4,15,12,89.0,7.0,13.0,1020.0,NW,0.8899999856948853,0.0,0.0
2013,12,1,13,41.0,-20.0,6.0,1014.0,NW,94.22932434082031,0.0,0.0
2013,1,14,21,23.0,-20.0,-7.0,1037.0,NW,15.199999809265137,0.0,0.0
2010,9,29,18,44.0,10.0,29.0,1007.0,SE,11.175301551818848,0.0,0.0
2014,5,28,12,38.0,8.0,12.0,1006.0,NW,8.949999809265137,0.0,0.0
2013,8,2,1,213.03407287597656,19.0,20.0,1014.0,cv,4.019999980926514,0.0,0.0
2010,10,28,1,66.0,-5.0,4.0,1030.0,SE,0.8899999856948853,0.0,0.0
2014,7,11,16,106.0,20.0,22.0,1006.0,SE,6.260000228881836,0.0,0.0
2014,8,23,3,66.0,20.0,23.0,1004.0,SE,0.8899999856948853,0.0,0.0
2010,3,8,9,32.0,-14.0,0.0,1030.7059326171875,NW,29.506282806396484,0.0,0.0
2012,2,19,6,119.0,-6.0,-1.0,1025.0,SE,1.7899999618530273,0.0,0.0
2010,5,15,21,152.0,16.0,21.0,1012.0,cv,0.8899999856948853,0.0,0.0
2013,1,29,19,92.0,-15.0,-3.0,1028.0,cv,12.960000038146973,0.0,0.0
2013,2,22,1,348.3670654296875,-6.0,-4.0,1024.0,cv,0.8899999856948853,0.0,0.0
2013,6,4,8,66.0,18.0,22.0,999.15478515625,NE,0.8899999856948853,0.0,0.0
2013,9,14,0,200.8044891357422,21.0,26.0,1008.0,SE,31.761201858520508,0.0,0.0
2011,6,21,15,98.0,12.0,33.0,1002.0,SE,36.79841995239258,0.0,0.0
2010,5,18,3,68.0,16.0,15.0,1009.0,SE,46.30994415283203,0.0,0.0
2014,5,4,17,59.0,7.0,12.0,1013.0,SE,1.7899999618530273,0.0,0.0
2013,12,13,12,98.0,-18.0,3.0,1018.1531372070312,NE,0.8899999856948853,0.0,0.0
2012,2,31,20,67.0,-18.0,0.0,1021.0,cv,18.77191734313965,0.0,0.0
2013,11,14,15,27.0,-14.0,14.0,1023.0,SE,14.760000228881836,0.0,0.0
2012,1,19,8,14.0,-22.0,-4.0,1034.0,NW,58.13901138305664,0.0,0.0
2013,12,3,17,27.0,-17.0,9.0,1022.0,NW,184.5079803466797,0.0,0.0
2012,3,11,18,31.0,-13.0,-2.0,1026.8145751953125,SE,15.034663200378418,0.7560977935791016,0.0
2010,7,8,21,173.9310760498047,23.0,25.0,1002.0,NE,0.8899999856948853,0.0,0.0
2014,5,2,14,22.0,14.0,26.0,1013.0,SE,8.050000190734863,0.0,0.0
2012,7,5,16,17.0,7.0,35.76105880737305,1000.0,SE,26.365230560302734,0.0,0.0
2014,2,21,14,225.42893981933594,-11.378596305847168,0.0,1033.0,SE,0.8899999856948853,0.0,0.0
2010,2,1,17,42.0,-13.0,1.0,1026.0,NW,4.019999980926514,0.0,0.0
2014,3,26,12,90.32940673828125,-4.0,8.0,1023.0,NE,4.920000076293945,0.0,0.0
2010,10,15,1,331.4506530761719,12.0,15.0,1014.0,cv,20.675874710083008,0.0,0.0
2013,10,23,1,174.0,11.0,12.0,1005.0,cv,0.8899999856948853,0.0,0.0
2014,1,2,10,270.6698913574219,-9.0,-3.0,1029.0,cv,0.8899999856948853,0.0,0.0
2011,10,3,17,10.383552551269531,5.0,19.0,1017.0,NW,12.520000457763672,0.0,0.0
2010,7,19,19,58.54547119140625,17.0,26.0,1007.0,SE,29.950000762939453,0.0,0.0
2014,7,7,21,98.1275863647461,17.0,24.0,1009.0,SE,19.229055404663086,0.0,0.0
2014,7,3,15,33.0,17.0,29.0,999.0,NE,40.02067184448242,0.0,0.0
2011,6,20,21,46.0,19.0,25.0,1000.0,SE,7.150000095367432,0.0,0.0
2010,6,19,14,117.0,9.0,19.0,1015.0,cv,1.7899999618530273,0.0,0.0
2012,1,19,16,279.3048095703125,-10.0,-6.0,1018.0,SE,1.7899999618530273,0.0,0.0
2011,5,15,1,46.0,8.0,11.0,1000.0,cv,0.8899999856948853,0.0,0.0
2010,12,23,23,16.0,-18.0,-3.0,1035.9627685546875,NW,139.6550750732422,0.0,0.0
2011,10,20,23,127.0,4.0,13.0,1017.0,NW,25.192323684692383,0.0,0.0
2012,3,19,5,9.0,-21.0,4.0,1027.0,cv,74.76921081542969,0.0,0.0
2013,8,2,14,16.57828712463379,12.0,26.0,1008.0,SE,4.920000076293945,0.0,0.0
2012,5,28,8,66.34530639648438,18.0,19.848127365112305,1014.0,NE,0.8899999856948853,0.0,0.0
2014,3,11,23,45.0,0.6718591451644897,14.0,1017.0,NW,16.987579345703125,0.0,0.0
2010,2,18,4,180.0,2.0,5.0,1017.0,NE,4.46999979019165,0.0,0.0
2012,3,21,10,25.0,-19.0,12.0,1023.0,NW,1.7799999713897705,0.0,0.0
2013,5,15,20,88.0,1.0,18.0,1007.0,SE,60.25175094604492,0.0,0.0
2014,2,16,10,236.983154296875,-7.0,-3.0,1031.0,NW,0.8899999856948853,0.0,0.0
2014,5,4,1,158.85047912597656,17.0,20.0,1011.0,SE,1.7799999713897705,0.0,0.0
2011,6,10,5,100.0,24.0,26.0,1008.0,NE,3.5799999237060547,0.0,2.0
2014,6,21,12,108.0,24.0,25.0,1005.0,SE,35.76801681518555,0.0,0.0
2013,5,16,5,27.0,13.0,16.0,1019.0,NE,1.7899999618530273,0.0,4.912885665893555
2014,5,16,14,97.0,16.0,28.0,1010.0,NW,2.0330920219421387,0.0,0.0
2010,2,29,21,33.0,-19.0,7.0,1018.0,NW,59.5752067565918,0.7469947338104248,0.0
2012,12,11,23,8.0,-26.0,-11.0,1030.0,NW,145.23780822753906,0.0,0.0
2014,10,10,0,298.4170837402344,3.0,6.0,1016.0,NW,1.7899999618530273,0.0,0.0
2010,7,15,15,154.0,19.0,32.0,1001.0,SE,21.909208297729492,0.0,0.0
2014,12,28,14,86.4173812866211,-14.0,3.0,1019.0,SE,3.130000114440918,0.0,0.0
2013,10,1,8,98.0,-2.0,22.0,1016.0,SE,7.150000095367432,0.0,0.0
2014,8,21,12,86.0,21.0,30.0,1006.0,NE,2.6700000762939453,0.0,0.0
2011,10,20,21,32.44257354736328,-1.0,13.0,1026.0,cv,17.43663787841797,0.0,0.0
2013,10,23,21,29.0,6.0,16.0,1022.0,NE,19.66947364807129,0.0,0.0
2010,4,1,16,18.0,-14.0,17.0,1014.0,NW,65.1894760131836,0.0,0.0
2010,9,25,23,217.5968475341797,24.0,25.0,1009.0,SE,1.7799999713897705,0.0,0.0
2013,10,25,18,323.7667236328125,6.0,12.0,1012.88671875,cv,1.7799999713897705,0.0,0.0
2011,3,30,15,13.0,-12.0,10.0,1020.0,NW,32.43082809448242,0.0,0.0
2012,5,8,19,90.0,14.0,26.0,1006.0,SE,16.988521575927734,0.0,0.0
2013,7,5,15,15.0,4.0,35.0,997.0,NW,30.390071868896484,0.0,0.0
2010,8,28,0,80.0,20.0,20.0,1013.0,SE,3.5799999237060547,0.0,0.0
2013,4,22,7,160.00038146972656,9.0,13.0,1018.0,cv,0.8899999856948853,0.0,0.0
2011,7,19,19,80.0,17.0,26.0,1006.0,SE,14.75,0.0,0.0
2013,7,3,7,76.0,19.0,29.0,998.0,NW,0.8899999856948853,0.0,0.0
2014,1,22,3,315.1680603027344,0.0,1.0,1015.0,cv,0.8899999856948853,0.0,0.0
2013,9,19,8,97.4411849975586,6.0,13.0,1021.0,cv,1.7799999713897705,0.0,0.0
2012,9,8,8,72.0,16.0,25.0,1014.0,SE,1.7899999618530273,0.0,0.0
2012,12,11,13,10.0,-21.0,1.0,1028.0,NW,92.18718719482422,0.0,0.0
2010,12,26,23,93.0,-17.0,1.0,1012.0,NW,17.3583984375,0.0,0.0
2012,8,5,16,43.0,12.0,32.0,1007.0,NW,4.656118869781494,0.0,0.0
2012,9,24,2,100.0,18.0,19.0,1013.0,NW,22.051483154296875,0.0,0.0
2014,3,23,16,46.98411560058594,-8.0,11.0,1021.0,SE,55.788333892822266,0.0,0.0
2014,4,11,2,63.0,-3.0,9.0,1019.0,cv,12.134172439575195,0.0,0.0
2014,1,28,21,31.0,-21.0,-8.0,1037.0,NW,211.16184997558594,0.0,0.0
2013,11,27,9,24.0,-9.0,10.0,1026.0,NE,24.728858947753906,0.0,0.0
2014,6,24,14,50.0,0.0,26.0,1003.0,NW,49.32815933227539,0.0,0.0
2011,7,31,8,166.0,21.0,28.0,1006.0,cv,21.454896926879883,0.0,0.0
2010,11,12,9,18.0,-8.0,15.0,1016.0,NW,65.20845794677734,0.0,0.0
2011,10,14,0,47.0,0.0,1.0,1025.0,SE,8.9399995803833,0.0,0.0
2012,8,5,18,96.0,17.0,29.0,1010.0,SE,1.7899999618530273,0.0,0.0
2013,7,17,4,99.0,19.0,23.40592384338379,1002.0,NE,1.7799999713897705,0.0,0.0
2014,10,30,22,63.0,0.0,7.0,1025.0,NE,0.8899999856948853,0.0,0.0
2014,12,1,7,8.0,-22.0,-5.0,1031.0,NW,224.04861450195312,0.0,0.0
2013,8,24,16,30.0,12.311348915100098,28.0,1001.0,NW,3.569999933242798,0.0,0.0
2013,5,24,23,70.0,15.0,17.0,1016.0,NW,8.050000190734863,0.0,0.0
2012,3,2,17,24.0,-7.0,23.0,1010.0,SE,79.57635498046875,0.0,0.0
2011,1,9,23,191.17442321777344,-5.0,-6.0,1033.68408203125,cv,9.390000343322754,0.0,0.0
2013,10,28,15,23.0,1.0,17.093063354492188,1014.4644775390625,cv,14.75,0.0,0.0
2010,5,31,8,150.19747924804688,13.0,18.0,1012.0,NW,15.20546817779541,0.0,0.0
2010,8,20,22,80.0,19.0,22.0,1011.0,cv,0.8899999856948853,0.0,0.0
2013,3,2,19,130.0,-12.0,-5.0,1035.0,NE,0.8899999856948853,0.0,0.0
2014,10,18,21,47.0,-4.0,11.0,1020.0,SE,39.78379440307617,0.0,0.0
2013,7,23,2,56.0,18.0,20.0,1004.0,NW,0.8899999856948853,0.0,0.0
2010,4,30,9,42.0,-13.0,25.0,1012.0,NW,93.88553619384766,0.0,0.0
2010,10,10,22,367.9040222167969,13.0,11.0,1016.0,cv,1.7899999618530273,0.0,0.0
2011,2,26,16,116.0,-13.0,-3.0,1030.0,SE,7.016547679901123,0.0,0.0
2014,6,26,18,78.0,20.0,25.0,1012.0,SE,1.7899999618530273,0.0,0.0
2010,4,7,19,86.0,-2.0,8.0,1007.0,NW,1.7899999618530273,0.0,0.0
2010,11,19,20,10.0,-14.0,6.0,1025.0,NW,110.97661590576172,0.0,0.0
2013,4,24,9,195.202880859375,8.0,9.0,1012.0,NW,8.5,0.0,0.0
2014,10,20,13,117.0,6.0,12.0,1011.0,NE,0.8899999856948853,0.0,0.0
2012,5,10,11,45.0,21.0,23.0,1001.0,cv,0.8899999856948853,0.0,0.0
2014,1,6,23,24.68020248413086,-19.0,-6.0,1036.0,NW,9.84000015258789,0.0,0.0
2014,11,1,12,16.0,-4.0,1.5081247091293335,1023.0,SE,15.650847434997559,0.0,6.850073337554932
2014,10,29,11,14.0,-5.0,14.0,1028.0,NE,3.559999942779541,0.0,0.0
2014,9,22,9,31.0,19.0,21.0,1004.0,cv,0.8899999856948853,0.0,0.0
2011,3,3,21,62.0,-3.0,16.0,1020.0,NW,43.760135650634766,0.0,0.0
2014,9,30,11,25.0,10.0,28.0,1009.0,SE,4.019999980926514,0.0,0.0
2010,1,22,12,25.0,-19.0,-4.0,1035.0,NW,6.710000038146973,0.0,0.0
2012,9,10,17,38.0,12.0,23.0,1011.1582641601562,SE,5.36998176574707,0.0,0.0
2014,1,18,4,180.0,-15.0,-5.0,1021.0,NW,1.7899999618530273,0.0,0.0
2012,4,7,19,160.0,-4.0,22.0,1014.0,NW,8.050000190734863,0.0,0.0
2010,1,12,5,84.0,-5.0,-2.0,1028.0,NW,17.95723533630371,0.0,0.0
2012,3,21,21,18.0,-3.0,7.0,1025.0,cv,11.630000114440918,0.0,0.0
2010,10,3,10,17.0,-10.0,19.0,1019.0,NW,17.87786293029785,0.0,0.0
2012,8,8,13,138.0,23.0,28.26857566833496,1002.0,cv,11.170000076293945,0.0,0.0
2012,6,14,12,69.0,17.0,29.0,1001.0,SE,3.130000114440918,0.0,0.0
2011,10,29,7,14.0,-3.0,5.0,1026.0,cv,3.130000114440918,0.0,0.0
2013,2,21,7,538.8877563476562,-6.0,1.0,1027.0,SE,3.130000114440918,0.0,0.0
2014,12,16,9,40.0,-16.0,5.0,1022.0,NE,18.780000686645508,0.0,0.0
2010,10,21,23,289.6964111328125,12.0,13.0,1018.0,cv,8.9399995803833,0.0,0.0
2013,8,16,12,64.0,21.620141983032227,27.64038848876953,1007.0,SE,25.476974487304688,0.0,0.0
2010,5,14,21,180.35702514648438,19.0,24.0,1004.0,SE,10.285689353942871,0.0,0.0
2010,7,11,1,259.5315246582031,22.0,26.18638038635254,1005.0,SE,25.92467498779297,0.0,0.0
2014,4,5,13,31.0,-7.0,18.0,1013.0,NE,67.18072509765625,0.0,0.0
2011,6,12,18,83.53201293945312,11.0,34.0,1004.0,cv,11.311430931091309,0.0,0.0
2013,4,28,17,11.0,-17.0,14.0,1017.0,NW,19.22898292541504,0.0,0.0
2012,5,2,4,84.59855651855469,5.0,15.0,1016.0,SE,4.920000076293945,0.0,1.0
2012,6,23,3,187.0,11.0,12.0,1003.0,SE,8.050000190734863,0.0,0.0
2013,12,25,14,43.0,-12.0,2.0,1036.0,cv,9.390000343322754,0.0,0.0
2014,4,8,10,92.71504974365234,11.0,16.0,1014.0,SE,62.25868606567383,0.0,0.0
2012,8,23,3,64.0,19.0,21.0,1006.0,cv,0.8899999856948853,0.0,3.251734972000122
2013,7,15,10,125.0,20.0,26.0,1002.0,cv,0.8899999856948853,0.0,0.0
2014,3,19,12,43.7826042175293,-4.0,15.0,1013.0,NE,1.7899999618530273,0.0,0.0
2010,2,24,16,12.290249824523926,-21.0,-5.0,1027.0,NW,55.47377014160156,0.0,0.0
2011,3,24,21,14.0,-12.0,4.0,1027.0,NW,121.10331726074219,0.0,0.0
2010,10,21,8,82.69355010986328,2.0,7.0,1029.0,cv,0.8899999856948853,0.0,0.0
2011,4,19,16,33.151031494140625,-18.0,10.0,1011.0,NW,34.425323486328125,0.0,0.0
2010,3,23,10,46.0,-14.0,1.0,1025.0,NW,14.300000190734863,0.0,0.0
2012,10,10,4,364.23114013671875,13.0,14.0,1015.0,SE,0.8899999856948853,0.0,0.0
2011,4,11,22,44.17838668823242,-3.0,11.0,1018.0,NW,5.86172342300415,0.0,0.0
2012,1,20,18,44.0,-6.0,1.0,1025.0,SE,0.8899999856948853,1.4463982582092285,0.0
2014,9,5,8,20.0,11.0,15.0,1013.0,SE,1.7899999618530273,0.0,0.0
2012,8,30,5,110.0,21.0,23.0,1010.0,cv,1.7899999618530273,0.0,0.0
2011,1,11,4,48.16510009765625,-19.0,-3.0,1022.0,NW,3.5799999237060547,0.0,0.0
2010,1,23,0,34.0,-24.0,-11.493926048278809,1031.0,NW,187.48065185546875,0.0,0.0
2014,3,21,4,95.0,-16.0,10.0,1025.0,NE,19.668216705322266,0.0,0.0
2012,10,30,2,14.0,-2.0,17.0,1024.12646484375,NW,10.36551570892334,0.0,0.0
2013,12,28,15,88.8856430053711,-6.0,3.0,1020.0,NW,3.569999933242798,0.0,0.0
2011,2,28,13,11.0,-18.0,6.0,1024.0,NW,25.92931365966797,0.0,0.0
2010,12,15,5,207.0839080810547,-7.0,-1.0,1002.0,NW,7.150000095367432,0.0,0.0
2012,6,15,11,11.0,13.0,30.0,1000.0,SE,2.298997640609741,0.0,0.0
2010,5,6,6,184.5691680908203,18.0,20.0,1013.0,cv,0.8899999856948853,0.0,0.0
2013,7,29,10,65.0,22.0,25.0,1005.1544799804688,cv,3.569999933242798,0.0,0.0
2011,11,18,1,24.0,4.0,8.0,1010.0,NW,10.279999732971191,0.0,0.0
2012,7,7,8,85.0,17.0,22.0,1006.0,cv,4.019999980926514,0.0,0.0
2011,10,21,15,83.76594543457031,3.0,11.0,1015.0,cv,2.6700000762939453,0.0,0.0
2012,4,21,12,15.0,-6.0,27.0,1009.0,SE,18.329999923706055,0.0,0.0
2014,6,23,1,140.54405212402344,13.0,24.0,1009.0,SE,0.8899999856948853,0.0,0.0
2014,7,16,11,13.0,14.0,31.0,1002.0,NE,44.51152038574219,0.0,0.0
2012,9,15,14,8.562600135803223,2.0,24.0,1015.0877075195312,SE,6.705097198486328,0.0,0.0
2014,7,24,20,44.55228042602539,16.0,27.0,1003.0,SE,4.920000076293945,0.0,0.0
2012,1,16,19,258.1937561035156,-4.0,0.0,1031.0,SE,3.5799999237060547,0.0,0.0
2012,5,22,20,68.0,2.0,16.0,1005.0,SE,77.90005493164062,0.0,0.0
2012,10,22,6,383.59600830078125,13.0,13.0,1016.0,cv,0.8899999856948853,0.0,0.0
2010,11,27,20,97.0,1.0,3.0,1018.0,cv,0.8899999856948853,0.0,0.0
2011,4,2,19,316.08770751953125,1.0,7.0,1024.0,cv,0.8899999856948853,0.0,0.0
2014,9,5,0,108.0,18.0,21.0,1011.0,NW,0.8899999856948853,0.0,0.0
2013,10,10,11,67.0,0.0,8.0,1025.0,SE,0.8899999856948853,0.0,0.0
2010,8,31,0,90.92430877685547,21.0,25.162778854370117,1016.0,cv,3.5799999237060547,0.0,0.0
2014,11,28,6,108.0,4.0,5.0,1024.0,cv,8.050000190734863,0.0,0.0
2012,8,29,14,47.0,23.0,24.0,1007.0,SE,1.7899999618530273,0.0,0.0
2012,1,2,23,122.0,-10.0,-2.0,1035.0,NW,1.7899999618530273,0.0,0.0
2010,11,27,11,7.0,-15.0,8.0,1028.0,NW,12.069999694824219,0.0,0.0
2014,6,19,9,45.0,15.0,28.0,1005.0,SE,1.7899999618530273,0.0,1.0
2010,3,24,9,88.0,-11.0,15.0,1018.0,cv,0.8899999856948853,0.0,0.0
2010,5,5,19,31.0,-10.1851806640625,15.0,1008.0,NW,95.68046569824219,0.0,0.0
2012,8,21,0,104.0,18.0,25.0,1004.0,SE,32.52672576904297,0.0,0.0
2013,11,3,8,38.0,-1.0,13.0,1030.0,NW,21.010000228881836,0.0,0.0
2013,10,9,20,120.2203140258789,-4.0,7.0,1025.0,cv,0.8899999856948853,0.0,0.0
2012,5,19,11,175.0,18.0,27.0,1003.7041015625,SE,6.256794452667236,0.0,0.0
2012,7,6,7,131.0,24.0,26.0,1010.729248046875,cv,0.8899999856948853,0.0,0.0
2010,4,3,18,40.84746170043945,-13.0,6.0,1011.0,NW,101.87767028808594,0.0,0.0
2014,9,23,10,86.06110382080078,14.0,17.0,1016.0,SE,57.35502624511719,0.0,0.0
2013,5,31,18,19.0,8.0,26.0,1002.0,NW,90.6673583984375,0.0,0.0
2014,9,13,0,137.0,18.0,25.0,1013.0,SE,1.7899999618530273,0.0,0.0
2014,8,24,0,159.0,21.0,22.0,1015.0,SE,1.7899999618530273,0.0,0.0
2011,10,2,5,22.0,-0.5665895342826843,18.0,1008.0,NW,215.53402709960938,0.0,0.0
2010,10,28,9,28.0,0.0,12.0,1027.0,NW,30.848506927490234,0.0,0.0
2011,3,2,1,124.0,-11.0,-3.0,1031.0,NW,0.8899999856948853,0.0,0.0
2010,6,14,19,115.0,20.0,24.0,1007.0,SE,13.859999656677246,0.0,0.0
2010,3,29,19,203.53076171875,-3.0,16.0,1008.0,SE,1.7899999618530273,0.0,0.0
2010,10,9,12,59.0,15.0,19.0,1019.0,NE,0.8899999856948853,0.0,0.0
2011,2,10,8,51.0,-3.0,-2.0,1028.0,SE,39.50996017456055,0.0,0.0
2014,3,23,13,118.0,-7.0,10.0,1026.0,SE,13.859999656677246,0.0,0.0
2014,11,23,10,33.0,-3.0,9.0,1029.0,NE,0.8899999856948853,0.0,0.0
2012,12,14,10,15.0,-16.0,-1.0,1040.1134033203125,NW,29.50680160522461,0.0,0.0
2010,8,29,15,47.0,15.0,28.0,1004.0,SE,15.193350791931152,0.0,0.0
2013,1,11,17,83.0,-6.0,-3.0,1027.0,NE,1.7899999618530273,0.0,0.0
2012,3,1,22,106.0,-2.0,2.0,1026.0,cv,4.913079261779785,0.0,0.0
2014,4,27,4,155.64077758789062,-1.0,11.0,1014.0,NW,16.09000015258789,0.0,0.0
2012,6,3,4,225.0248565673828,22.0,25.0,1003.0,SE,11.180000305175781,0.0,0.0
2011,10,26,19,9.0,2.0,11.0,1007.0,NW,57.7596321105957,0.0,0.0
2012,7,1,19,196.0,22.0,27.0,999.0,NW,1.7899999618530273,0.0,0.0
2014,4,22,5,179.31793212890625,4.0,12.0,1014.0,SE,0.44999998807907104,0.0,0.0
2010,7,11,9,36.0,18.0,22.0,1005.0,NW,1.7899999618530273,0.0,0.0
2012,10,21,0,49.0,0.0,20.0,1015.0,SE,16.045448303222656,0.0,0.0
2013,1,3,1,112.0,-15.0,-4.0,1027.0,NW,35.30778884887695,0.0,0.0
2010,11,24,4,155.8604278564453,1.0,3.0,1016.0,SE,11.629401206970215,0.0,0.0
2013,5,27,0,87.0,10.0,21.0,1014.0,NW,18.329999923706055,0.0,0.0
2014,10,16,4,253.357666015625,12.0,12.0,1019.0,NW,1.7799999713897705,0.0,0.0
2014,11,1,12,12.0,-10.151408195495605,17.0,1025.0,cv,4.920000076293945,0.0,0.0
2014,6,31,21,87.0,12.0,18.0,1011.0,cv,3.567509889602661,0.0,0.0
2014,11,21,1,184.2135772705078,-5.0,4.0,1011.0,SE,55.81902313232422,0.0,0.0
2010,3,5,4,190.27117919921875,1.0,4.0,1022.0,NW,0.8899999856948853,0.0,0.0
2013,1,22,8,11.0,-18.0,-9.0,1033.0,NE,11.180000305175781,0.0,0.0
2012,3,17,16,238.40841674804688,4.222574710845947,7.0,1018.0,NW,6.260000228881836,0.0,0.0
2012,3,5,15,97.41488647460938,-10.0,13.0,1016.5671997070312,SE,11.180000305175781,0.0,0.0
2011,8,30,20,196.0,23.0,27.0,1010.0,SE,44.696922302246094,0.0,0.0
2011,10,20,21,90.0,10.0,13.0,1018.0,cv,11.170000076293945,0.0,0.0
2012,5,18,20,38.0,2.0,17.0,1010.0,cv,14.3100004196167,0.0,0.0
2010,2,11,18,96.0,-12.0,0.0,1033.0,cv,1.7899999618530273,0.0,0.0
2010,3,27,11,40.19611358642578,-7.0,2.0,1022.0,SE,0.8899999856948853,0.0,0.0
2011,3,22,3,19.0,-16.0,-3.0,1027.0,NW,36.78095626831055,0.0,0.0
2010,2,25,23,10.0,-13.0,7.0,1023.0,NW,45.60633087158203,0.0,0.0
2013,5,27,2,64.0,15.0,22.0,1005.0,SE,3.569999933242798,0.0,0.0
2010,10,18,4,227.46217346191406,8.0,11.0,1022.0,cv,6.732876777648926,0.0,0.0
2012,10,20,17,135.0681915283203,6.0,17.0,1020.0,SE,8.050000190734863,0.0,0.0
2013,1,29,7,118.0,-7.0,-1.0,1025.0,NW,1.7899999618530273,0.0,0.0
2011,8,29,0,87.0,20.0,22.0,1005.0,cv,1.7899999618530273,0.0,0.0
2011,1,24,4,411.62689208984375,-4.0,-3.0,1027.0,SE,10.54967212677002,0.0,0.0
2013,11,28,9,20.0,-10.0,8.0,1018.0,NW,33.97589111328125,0.0,0.0
2014,5,19,9,96.0,14.0,24.0,1013.0,SE,19.30960464477539,0.0,0.0
2012,10,16,18,25.935617446899414,8.0,9.0,1017.9142456054688,NE,14.950366020202637,0.0,0.0
2010,2,21,8,75.0,-10.0,-1.0,1034.0,SE,35.625823974609375,0.0,0.0
2013,5,24,11,21.0,13.0,17.0,1007.0,SE,0.8899999856948853,0.0,0.0
2012,2,16,19,91.0,-10.0,6.0,1019.0,SE,4.019999980926514,0.0,0.0
2013,8,30,10,137.0,23.0,24.0,1004.0,SE,1.340000033378601,0.0,0.0
2014,10,30,3,93.0,13.0,14.0,1017.0,cv,0.8899999856948853,0.0,0.0
2013,11,15,12,16.0,-10.0,13.0,1032.0,SE,3.130000114440918,0.0,0.0
2012,4,6,12,66.0,-8.0,16.0,1010.1746215820312,NW,6.824207782745361,0.0,0.0
2014,2,19,12,16.0,-14.0,-2.0,1029.0,SE,8.050000190734863,0.0,0.0
2011,7,19,15,183.0,24.0,31.0,1002.0,SE,20.56999969482422,0.0,0.0
2012,4,3,0,7.0,-3.0,14.0,1016.0,NW,14.75,0.0,0.0
2011,8,22,18,11.0,16.0,23.0,1004.0,NW,8.050000190734863,0.0,0.0
2014,3,16,22,278.93316650390625,1.0,6.0,1016.0,cv,2.680000066757202,0.0,0.0
2010,5,6,3,121.48003387451172,14.0,18.0,1016.5137939453125,SE,0.8899999856948853,0.0,0.0
2010,11,9,5,263.220703125,11.0,11.0,1020.0,cv,1.7899999618530273,0.0,0.0
2013,9,12,19,41.0,11.0,19.0,1003.0,SE,3.569999933242798,0.0,0.0
2013,9,21,15,177.0,16.0,23.0,1017.0,cv,1.7899999618530273,0.0,0.0
2013,1,19,21,50.0,-18.0,-3.0,1027.0,cv,4.019999980926514,0.0,0.0
2011,12,3,0,18.0,-19.0,-7.0,1022.0,NE,1.7899999618530273,0.0,0.0
2013,6,21,14,53.0,12.0,28.0,1011.0,NW,8.9399995803833,0.0,0.0
2014,2,20,12,407.6715393066406,-5.0,2.0,1028.0,cv,1.7799999713897705,0.0,0.0
2010,7,12,16,14.0,16.0,31.0,1001.0,NE,8.9399995803833,0.0,0.0
2010,8,18,19,71.82206726074219,9.0,19.0,1014.0,NE,3.5619723796844482,0.0,1.0
2014,12,15,11,35.0,-15.0,0.0,1032.0,cv,0.8899999856948853,0.0,0.0
2010,1,23,1,11.809343338012695,-1.0,7.0,1026.0,NW,4.019999980926514,0.0,0.0
2011,10,26,10,205.0,12.0,15.0,1015.0,NW,1.7899999618530273,0.0,0.0
2010,7,18,8,158.14967346191406,24.0,26.0,1006.0,SE,0.8899999856948853,0.0,0.0
2013,1,15,23,23.0,-23.0,-7.0,1038.0,NW,151.5312042236328,0.0,0.0
2010,2,13,23,47.0,-20.0,-1.0,1022.0,NW,13.859999656677246,0.0,0.0
2013,5,16,5,172.0,17.0,19.0,1008.0,cv,1.7899999618530273,0.0,0.0
2013,11,18,19,293.6024169921875,-7.0,1.0,1021.0,cv,3.5799999237060547,0.0,0.0
2013,3,24,3,20.0,-16.0,3.0,1025.0,NE,44.694091796875,0.0,0.0
2014,12,14,22,140.0,-12.0,-1.0,1028.8046875,NW,0.8899999856948853,0.0,0.0
2012,2,25,19,143.0,-2.0,7.0,1023.0,SE,3.130000114440918,0.0,0.0
2014,8,15,7,167.0,18.0,18.0,1009.2088012695312,NW,0.8899999856948853,0.0,0.0
2011,6,23,11,74.0,19.0,26.0,1000.0,NW,0.8899999856948853,0.0,1.0
2014,4,26,9,97.28973388671875,0.0,10.0,1012.0,NW,8.046215057373047,0.0,0.0
2012,5,23,17,89.15650177001953,13.0,28.0,1010.0,SE,19.219999313354492,0.0,0.0
2013,11,28,7,229.0,-1.0,0.0,1029.0,cv,0.8899999856948853,0.0,0.0
2010,12,8,7,220.8464813232422,-10.0,1.0,1022.0,SE,1.7899999618530273,0.0,0.0
2010,5,24,18,55.0,-6.0,18.0,1014.0,SE,22.346202850341797,0.0,0.0
2012,8,15,18,33.0,22.0,31.379837036132812,1002.0,SE,4.460000038146973,0.0,0.0
2014,12,15,18,11.0,-22.0,-7.2517290115356445,1040.085693359375,NW,201.97943115234375,0.0,0.0
2012,4,12,17,28.092365264892578,-13.0,16.0,1021.0,NW,10.279999732971191,0.0,0.0
2014,11,16,1,294.1373291015625,-3.0,0.0,1022.0,cv,0.8899999856948853,0.0,0.0
2014,6,10,1,109.0,17.0,19.0,1016.0,SE,1.7899999618530273,0.0,0.0
2010,11,21,4,18.0,3.0,15.0,1026.0,NW,20.1200008392334,0.0,0.0
2011,11,21,2,293.40447998046875,-8.0,-1.0,1017.0,NW,0.8899999856948853,0.0,2.096855878829956
2013,1,20,5,506.3768005371094,-7.0,-6.0,1027.0,SE,0.8899999856948853,0.0,0.0
2010,9,3,4,69.0,19.0,20.0,1008.0,SE,1.7899999618530273,0.0,0.0
2011,10,2,14,44.11629104614258,11.0,15.0,1016.0,cv,1.7799999713897705,0.0,0.0
2014,9,8,17,108.0,12.0,27.0,1014.0,SE,10.730158805847168,0.0,0.0
2010,12,30,22,18.0,-23.0,-8.0,1028.0,NW,364.27178955078125,0.0,0.0
2010,2,15,7,164.1823272705078,-7.0,-6.0,1023.0,NW,4.46999979019165,0.0,0.0
2010,2,8,0,161.0,-11.0,-2.0,1023.0,SE,3.5799999237060547,0.0,0.0
2014,7,18,16,84.0,22.0,33.0,1006.0,SE,48.43058395385742,0.0,0.0
2010,11,15,14,192.8210906982422,3.0,11.0,1020.0,SE,4.919407367706299,0.0,0.0
2014,6,29,3,120.81645965576172,22.0,25.0,1002.0,cv,0.8899999856948853,0.0,0.0
2010,12,5,17,57.0,-18.0,-2.0,1032.0,NE,1.7899999618530273,0.0,0.0
2013,11,4,10,303.5057067871094,-9.0,-2.0,1027.0,cv,1.7799999713897705,0.0,0.0
2010,5,23,4,35.0,13.0,18.0,1003.0,cv,0.8899999856948853,0.0,0.0
2014,7,22,19,156.98939514160156,19.0,26.0,1001.0,SE,58.31510543823242,0.0,0.0
2010,2,20,15,298.7064514160156,-6.0,5.0,1020.0,SE,4.920000076293945,0.0,0.0
2012,9,24,6,36.0,18.0,24.0,1002.0,SE,0.8899999856948853,0.0,0.0
2014,6,15,1,78.0,17.0,20.0,1013.0,SE,3.569999933242798,0.0,0.0
2014,3,18,8,191.0,3.0,3.0,1021.0,SE,3.130000114440918,0.0,0.0
2011,10,20,21,33.0,2.0,6.0,1025.0,cv,0.8899999856948853,0.0,0.0
2014,8,28,8,120.0,19.0,26.0,1001.0,SE,3.130000114440918,0.0,0.0
2013,3,15,3,8.0,-21.0,-1.0,1030.0,NW,13.859999656677246,0.0,0.0
2014,4,26,22,206.0,7.0,14.0,1013.0,NW,27.713275909423828,0.0,0.0
2010,5,27,17,107.0,20.0,27.0,1007.0,SE,14.492392539978027,0.0,0.0
2014,10,12,1,31.0,7.0,10.0,1023.0,cv,1.7899999618530273,0.0,0.0
2014,10,25,14,303.39227294921875,15.0,23.0,1020.0,SE,0.8899999856948853,0.0,0.0
2010,8,16,0,36.0,21.0,22.0,1003.0,cv,0.8899999856948853,0.0,0.0
2011,9,26,23,17.0,16.0,19.0,1014.0,SE,14.30530834197998,0.0,0.0
2012,5,19,18,35.313514709472656,-3.0,31.0,1004.0,NW,10.729999542236328,0.0,0.0
2011,3,23,1,13.0,-14.0,4.0,1018.0,NW,46.14826583862305,0.0,0.0
2010,11,22,21,26.0,-16.0,-3.0,1033.0,NW,54.23322677612305,0.0,0.0
2010,11,7,5,6.0,-6.0,0.0,1013.0,NW,12.068218231201172,0.0,0.0
2013,2,26,15,20.0,-20.0,5.0,1021.0,NW,98.51943969726562,0.0,0.0
2012,7,20,21,92.0,22.0,28.0,1009.0,SE,1.7899999618530273,0.0,1.0
2010,7,6,0,175.67909240722656,21.0,24.0,1013.0,SE,0.8899999856948853,0.0,0.0
2012,2,21,7,168.6652069091797,-18.0,-6.0,1021.3544921875,NW,8.944092750549316,0.0,0.0
2011,5,24,16,81.0,2.0,21.0,1009.0,SE,47.8267936706543,0.0,0.0
2012,12,21,6,59.0,-8.0,-3.0,1015.0,NW,16.540000915527344,0.0,0.0
2012,11,8,3,45.37820816040039,4.0,7.0,1015.0,SE,1.7899999618530273,0.0,0.0
2013,12,20,18,174.3472900390625,-12.0,6.0,1021.0,cv,1.7799999713897705,0.0,0.0
2014,6,8,19,46.0,0.0,18.0,1011.0,NW,11.630000114440918,0.0,0.0
2014,12,8,10,10.0,-15.0,0.0,1027.0,NW,89.54510498046875,0.0,0.0
2014,12,12,7,49.0,-15.0,-2.0,1039.0,NE,1.7899999618530273,0.0,0.0
2013,7,8,20,39.0,13.0,35.49311447143555,1004.0,SE,2.680000066757202,0.0,0.0
2012,5,10,18,75.0,6.0,23.0,1005.0,SE,46.44823455810547,0.0,0.0
2010,5,21,5,37.0,13.0,22.0,1009.0,SE,2.6700000762939453,0.0,0.0
2012,5,21,21,160.75144958496094,14.0,27.0,1009.0,SE,17.21124839782715,0.0,0.0
2013,8,4,14,22.0,11.0,31.0,1001.0,cv,6.710000038146973,0.0,0.0
2011,10,22,2,173.74986267089844,6.0,9.0,1013.0,NE,1.7799999713897705,0.0,0.0
2013,8,13,17,45.0,16.0,29.0,1006.0,SE,1.7899999618530273,0.0,0.0
2012,11,4,13,26.0,3.0,4.0,1013.0,NW,22.34656524658203,0.0,0.0
2014,2,18,8,163.0,-11.0,-5.508130073547363,1036.0,cv,0.8899999856948853,0.0,0.0
2013,11,20,15,111.77542877197266,2.40529727935791,6.0,1022.0,SE,33.3266716003418,0.0,0.0
2010,6,23,10,45.0,18.0,24.0,1009.0,SE,35.76510238647461,0.0,0.0
2012,12,25,23,199.4888153076172,-5.0,-2.9934492111206055,1033.2855224609375,NE,0.8899999856948853,0.0,0.0
2012,3,1,6,249.67086791992188,-1.0,-0.6238910555839539,1014.0,NE,1.7799999713897705,0.0,0.0
2011,7,21,14,134.0,21.0,24.0,1009.0,cv,5.809999942779541,0.0,0.0
2011,10,8,7,50.0,14.0,15.0,1020.0,NE,0.8899999856948853,0.0,0.0
2010,11,22,12,20.0,-17.0,6.0,1020.0,NW,72.25163269042969,0.0,0.0
2011,4,15,0,57.0,-7.0,4.0,1016.0,cv,3.130000114440918,0.0,5.0
2013,12,10,11,29.0,-13.0,0.0,1027.0,NE,7.7929887771606445,0.0,0.0
2011,7,21,1,80.0,21.0,23.0,1015.0,NE,1.7799999713897705,0.0,0.0
2014,4,2,8,264.9781799316406,-6.0,3.0,1021.0,SE,10.730422973632812,0.0,0.0
2010,2,3,4,92.36053466796875,-24.0,-10.0,1028.0,NW,13.157936096191406,0.0,0.0
2014,5,21,14,29.0,13.0,28.0,1007.4317016601562,SE,10.011602401733398,0.0,1.0
2014,12,5,16,73.0,-17.0,2.0,1023.0,NW,5.369999885559082,0.0,0.0
2010,1,22,21,19.754980087280273,-17.0,3.0,1034.0,NW,48.9083366394043,0.0,0.0
2013,3,18,13,90.0,-11.0,2.681708812713623,1021.0,NW,1.7899999618530273,0.0,0.0
2011,5,23,17,166.0,20.0,25.0,1003.0,SE,9.84000015258789,0.0,0.0
2012,8,18,2,199.0,19.0,25.0,1007.0,cv,1.7799999713897705,0.0,0.0
2010,7,17,2,161.0,26.30694007873535,29.0,997.0,SE,60.78323745727539,0.0,0.0
2010,8,31,9,29.0,15.0,26.0,1016.0,NW,111.55084228515625,0.0,0.0
2013,4,21,18,95.0,9.789029121398926,17.0,1015.0,SE,1.7899999618530273,0.0,0.0
2014,7,27,8,10.0,10.0,17.0,1007.0,SE,1.7899999618530273,0.0,0.0
2010,7,21,21,249.3743133544922,25.0,27.0,1004.0,SE,66.64969635009766,0.0,0.0
2011,8,21,18,54.559261322021484,15.0,32.0,1004.0,NW,4.019999980926514,0.0,0.0
2012,7,4,12,138.0,22.0,31.0,1004.0,cv,9.666884422302246,0.0,0.0
2011,7,14,13,137.0,23.0,25.0,1003.0,SE,1.7899999618530273,0.0,3.059647798538208
2010,4,23,9,137.0,-4.0,13.0,1027.0,NW,12.960000038146973,0.0,0.0
2010,11,26,18,79.16495513916016,-9.0,3.0,1030.0,NW,2.680000066757202,0.0,0.0
2011,10,19,3,122.59162902832031,4.0,6.0,1028.0,SE,3.5799999237060547,0.0,0.0
2014,11,10,8,57.0,-12.0,1.0,1023.0,SE,1.7899999618530273,0.0,0.0
2013,8,18,16,79.0,18.0,25.0,1014.0,SE,8.949999809265137,0.0,0.0
2013,3,23,0,160.0,-10.0,-3.0,1023.0,NW,12.960000038146973,0.0,0.0
2014,4,9,11,182.30868530273438,8.0,13.0,1011.0,NW,15.199999809265137,0.0,0.0
2014,11,25,5,150.00140380859375,-8.0,1.0,1022.0,SE,1.7899999618530273,0.0,0.0
2013,8,9,0,102.0,24.0,30.0,1007.0,cv,1.7899999618530273,0.0,0.0
2011,5,1,14,14.0,11.0,28.0,1008.0,NW,189.50279235839844,0.0,0.0
2013,11,27,4,335.3182678222656,-6.0,-3.0,1027.0,NW,22.799999237060547,0.0,0.0
2013,5,13,8,36.0,-4.0,27.0,1006.0,SE,11.173873901367188,0.0,0.0
2014,12,18,22,141.0,-9.0,-5.0,1027.0,cv,0.8899999856948853,0.0,0.0
2013,7,4,3,32.0,24.0,27.0,1004.0,NE,1.7899999618530273,0.0,0.0
2014,6,10,17,105.0,15.0,26.0,1009.0,SE,23.925765991210938,0.0,0.0
2012,10,15,18,185.97268676757812,-1.0,20.0,1010.0,SE,12.069999694824219,0.0,0.0
2010,8,6,20,161.0,21.0,24.0,1004.0,SE,32.62852478027344,0.0,0.0
2014,6,15,12,7.0,10.0,29.0,1005.0,SE,7.150000095367432,0.0,0.0
2014,7,2,4,46.0,22.0,23.0,998.0,cv,0.8899999856948853,0.0,0.0
2014,6,13,21,83.0,20.0,29.0,1004.0,SE,14.75,0.0,0.0
2010,7,10,10,73.0,19.0,24.0,1008.0,cv,2.913907051086426,0.0,0.0
2014,11,29,4,211.0549774169922,5.0,7.0,1024.0,cv,2.680000066757202,0.0,0.0
2013,1,25,3,15.0,-21.62489128112793,-11.0,1035.0,NW,14.300000190734863,0.0,0.0
2010,7,23,15,72.0,18.524139404296875,30.0,1013.0,cv,4.920000076293945,0.0,0.0
2014,9,14,20,35.177730560302734,1.0,24.0,1015.0,cv,16.09000015258789,0.0,0.0
2013,1,17,9,9.0,-21.0,-6.0,1035.0,NW,64.40020751953125,0.0,0.0
2014,7,19,11,89.09452819824219,17.0,22.0,1006.0,cv,1.7799999713897705,0.0,0.0
2012,9,11,11,164.72984313964844,15.0,22.0,1007.0,cv,50.30406188964844,0.0,0.0
2010,5,22,11,104.0,-3.0,24.0,1007.0,SE,8.050000190734863,0.0,0.0
2014,5,3,23,135.35513305664062,12.0,19.0,1006.0,NE,0.8899999856948853,0.0,0.0
2011,2,22,20,80.78922271728516,-8.0,-1.0,1028.0,SE,28.765981674194336,0.0,0.0
2012,2,7,8,75.0,-11.0,3.0,1030.0,SE,4.4581499099731445,0.0,0.0
2010,5,20,4,167.0,21.0,21.0,1004.0,cv,0.8899999856948853,0.0,0.0
2010,2,23,6,63.01732635498047,-11.0,1.0,1018.0,NW,1.7899999618530273,0.0,0.0
2012,1,15,22,88.0,-15.0,-5.0,1034.0,cv,0.8899999856948853,0.0,0.0
2013,3,23,16,127.0,-6.0,14.0,1020.0,SE,1.7899999618530273,0.0,0.0
2013,10,23,6,39.0,6.852418422698975,11.0,1020.0,cv,20.122699737548828,0.0,0.0
2012,4,15,1,105.0,15.0,18.0,1017.0,cv,0.8899999856948853,0.0,0.0
2014,12,1,16,9.0,-18.0,7.0,1018.0,NW,65.15935516357422,0.0,0.0
2014,12,3,23,9.0,-22.0,-2.0,1028.0,NW,36.134193420410156,0.0,0.0
2010,5,8,0,117.0,11.0,19.0,1016.0,SE,3.130000114440918,0.0,0.0
2014,4,29,5,161.0,8.0,12.0,1015.0,cv,1.7799999713897705,0.0,0.0
2011,8,21,8,131.06976318359375,23.0,32.0,1004.0,SE,7.150000095367432,0.0,0.0
2010,6,15,19,48.0,17.0,30.0,1003.0,SE,24.59000015258789,0.0,0.0
2012,9,5,6,79.45626831054688,9.0,17.0,1015.0,NW,1.7899999618530273,0.0,0.0
2011,10,5,17,52.86387252807617,5.0,13.0,1027.0,NW,3.119999885559082,0.0,0.0
2014,4,11,12,43.0,-11.0,19.0,1015.0,NE,1.7899999618530273,0.0,0.0
2010,12,1,21,11.0,-21.0,-6.0,1033.0,NW,267.27001953125,0.0,0.0
2012,1,8,8,39.0,-10.0,2.0,1025.0,SE,1.7799999713897705,0.0,0.0
2012,10,14,4,17.0,7.0,10.0,1017.0,NW,9.894762992858887,0.0,0.0
2013,5,28,3,95.26318359375,-1.0,6.0,1009.0,NE,6.710000038146973,0.0,0.0
2013,7,3,15,53.0,17.0,23.0,1006.0,SE,8.045442581176758,0.0,0.0
2014,10,11,8,106.93475341796875,4.0,6.0,1024.0,NW,7.0042033195495605,0.0,0.0
2014,12,30,18,10.0,-10.0,5.0,1025.0,NW,88.34312438964844,0.0,0.0
2011,5,12,13,229.0,18.0,20.0,1015.0,NW,1.7899999618530273,0.0,0.0
2011,4,25,20,151.0,9.0,17.0,997.0,SE,14.88212776184082,0.0,0.0
2012,2,20,2,98.0,-3.061770439147949,-2.0,1030.0,NW,1.9150394201278687,0.0,0.0
2012,11,23,18,14.0,-11.0,10.0,1023.0,NW,1.7899999618530273,0.0,0.0
2010,7,22,3,151.90435791015625,22.0,26.0,1006.0,cv,1.7899999618530273,0.0,0.0
2011,7,11,13,71.0,22.0,24.0,1000.0,NE,1.7899999618530273,0.0,0.0
2013,4,7,16,100.36742401123047,-12.0,20.0,1008.0,NW,6.710000038146973,0.0,0.0
2013,7,3,4,123.0,23.0,24.0,997.398681640625,NW,0.8899999856948853,0.0,3.306642770767212
2013,1,26,1,142.56982421875,-13.0,-4.0,1027.0,cv,1.340000033378601,0.0,0.0
2014,11,1,1,154.82537841796875,2.0,6.0,1027.0,SE,0.8899999856948853,0.0,0.0
2014,1,23,14,310.4683837890625,-7.0,-5.0,1023.0,cv,0.8899999856948853,0.0,0.0
2012,12,31,18,52.152748107910156,-17.0,1.0,1020.0,SE,13.859999656677246,0.0,0.0
2010,7,20,1,172.5946502685547,22.0,25.0,1002.0,cv,1.7899999618530273,0.0,0.0
2013,7,8,17,19.0,16.0,30.0,1001.0,SE,4.920000076293945,0.0,0.0
2012,10,2,5,9.066693305969238,2.0,13.0,1009.0,NE,39.83039855957031,0.0,0.0
2013,10,1,9,256.45526123046875,8.0,19.0,1025.0,cv,1.7899999618530273,0.0,0.0
2012,11,16,2,127.0,-9.0,11.0,1013.0,SE,1.7799999713897705,0.0,1.0
2012,2,21,5,113.0,-12.0,-4.0,1029.0,SE,12.970000267028809,0.0,0.0
2013,12,23,23,266.9113464355469,-11.0,-8.0,1026.0,SE,0.8899999856948853,0.0,0.0
2014,7,22,12,10.0,14.0,30.0,1005.0,NE,14.300000190734863,0.0,0.0
2012,12,18,7,105.49612426757812,-13.0,-5.0,1030.0,SE,0.8899999856948853,0.0,0.0
2013,2,13,11,62.021305084228516,-16.0,4.0,1027.0,SE,5.809999942779541,0.0,0.0
2010,3,9,3,123.28282928466797,2.0,6.0,1017.0,cv,8.050000190734863,0.0,0.0
2010,3,19,17,16.92549705505371,-21.097990036010742,-4.0,1033.0,NW,203.14425659179688,0.0,0.0
2012,11,4,13,32.0,-2.0,8.0,1021.0,NW,3.130000114440918,0.0,0.0
2010,10,7,1,8.0,2.0,14.0,1016.0,NW,186.38087463378906,0.0,12.544940948486328
2010,8,15,2,174.02981567382812,19.0,22.0,1004.0,SE,1.7799999713897705,0.0,0.0
2014,11,2,18,8.0,-10.0,8.0,1023.0,NW,186.68621826171875,0.0,0.0
2011,4,21,19,83.0,3.0,7.0,1025.0,NE,0.8899999856948853,0.0,0.0
2011,5,2,22,56.65023422241211,-10.0,22.0,1010.0,SE,95.45294952392578,0.0,0.0
2013,11,22,14,311.0632629394531,-4.0,4.402796745300293,1017.0,cv,10.279999732971191,0.0,0.0
2010,5,12,23,11.0,3.0,30.0,997.0,NW,97.49092864990234,0.0,1.0
2010,3,29,11,141.0,-8.0,4.0,1015.0,SE,0.8899999856948853,0.0,0.0
2012,5,24,8,122.0,18.0,28.0,1007.0,SE,1.7899999618530273,0.0,3.0
2013,10,10,4,13.0,-19.0,7.0,1019.0,NW,15.199999809265137,0.0,0.0
2014,5,11,14,18.0,-9.0,31.0,993.3164672851562,NW,18.77202796936035,0.0,0.0
2013,9,8,12,92.0,15.0,19.0,1016.0,NW,1.7899999618530273,0.0,0.0
2013,6,18,16,51.0,0.0,23.0,1018.0,cv,0.8899999856948853,0.0,0.0
2010,2,16,20,55.0,-9.0,-4.0,1017.0,NW,8.9399995803833,0.0,0.0
2010,1,3,21,23.0,-21.0,-9.0,1036.0,NE,3.130000114440918,0.0,0.0
2014,5,15,7,88.0,12.0,23.0,1009.0,NE,1.7799999713897705,0.0,0.0
2014,4,6,20,223.89466857910156,-5.0,9.0,1023.0,NW,1.7899999618530273,0.0,0.0
2013,10,15,15,12.0,-6.0,15.0,1025.0,NE,3.5799999237060547,0.0,0.0
2012,5,26,8,23.0,9.0,18.0,1015.0,SE,1.7899999618530273,0.0,0.0
2014,1,22,10,132.0,-8.0,-4.0,1031.1630859375,cv,4.45372200012207,0.0,0.0
2014,4,5,21,11.0,-13.0,3.0,1022.0,NW,104.09901428222656,0.0,0.0
2010,5,22,11,88.0,2.0,20.0,1008.0,SE,7.034378528594971,0.0,0.0
2013,10,30,6,90.0,5.641141414642334,8.0,1028.0,cv,1.7899999618530273,0.0,0.0
2011,12,18,2,233.9574737548828,-11.0,-8.014304161071777,1031.0,NW,4.019999980926514,0.0,0.0
2011,11,12,6,133.57354736328125,-1.0,5.0,1025.0,SE,12.072919845581055,0.0,0.0
2013,6,22,20,92.0,11.306998252868652,30.0,1007.0,SE,45.070068359375,0.0,0.0
2010,2,4,8,93.2665023803711,-12.0,-5.0,1024.0,cv,1.7899999618530273,0.0,0.0
2014,7,29,14,42.0,19.0,21.0,1007.0,SE,0.8899999856948853,0.0,0.0
2010,10,22,22,90.0,6.0,11.0,1027.0,NE,3.130000114440918,0.0,0.0
2013,1,21,4,83.0,-8.0,-6.374792575836182,1026.0,NW,5.367132186889648,0.0,0.0
2013,6,6,1,69.0,21.0,28.0,998.0,NE,1.7899999618530273,0.0,1.0
2011,1,12,3,27.0,-21.0,-3.0,1029.0,NW,81.45967102050781,0.0,0.0
2013,3,23,10,13.0,-10.0,4.0,1021.0,NW,59.881080627441406,0.0,0.0
2012,7,3,8,69.0,16.0,22.0,1011.0,NW,4.920000076293945,0.0,0.0
2014,8,20,20,53.0,22.0,26.0,1005.0,SE,33.971927642822266,0.0,0.0
2010,8,10,9,99.0,18.0,20.0,1008.0,cv,1.7899999618530273,0.0,0.0
2013,11,24,6,56.0,9.0,11.0,1012.0,SE,7.150000095367432,0.0,0.0
2010,7,17,11,110.715576171875,20.0,28.0,1005.0,NW,31.73773956298828,0.0,0.0
2010,10,8,5,41.0,1.0,12.0,1016.0,NE,6.260000228881836,0.0,0.0
2014,11,24,19,36.96969223022461,-4.0,7.0,1018.0,NW,12.061482429504395,0.0,0.0
2014,6,24,9,18.0,20.0,26.0,1005.0,NW,21.010000228881836,0.0,0.0
2014,8,23,16,24.0,18.0,28.0,998.0,SE,22.493892669677734,0.0,0.0
2014,8,17,16,39.0,21.0,30.0,1002.0,SE,3.130000114440918,0.0,0.0
2014,4,23,16,101.0,-4.0,14.0,1021.0,SE,0.8899999856948853,0.0,0.0
2012,12,8,0,16.0,-23.77342414855957,-9.0,1029.0,NW,297.2068176269531,0.0,0.0
2013,2,11,2,9.0,-19.0,-12.0,1037.0,NW,24.133405685424805,0.0,0.0
2014,7,19,9,14.0,14.0,27.0,1004.0,SE,12.970000267028809,0.0,0.0
2010,6,28,12,40.0,11.0,28.0,999.0,cv,4.460000038146973,0.0,0.0
2010,3,17,3,78.0,-7.0,2.0,1023.0,cv,0.44999998807907104,0.0,0.0
2013,7,20,22,140.890625,21.0,24.0,1007.0,SE,10.729999542236328,0.0,0.0
2013,11,2,5,16.2529296875,-15.0,-1.0,1022.0,NW,36.18107604980469,0.0,0.0
2012,2,11,23,21.0,-9.0,5.0,1022.0,SE,9.28913688659668,0.0,0.0
2010,3,2,20,191.0,5.822005271911621,9.0,1016.0,cv,1.7899999618530273,0.0,0.0
2011,11,29,11,26.0,0.0,14.0,1027.0,SE,15.191095352172852,0.0,0.0
2013,4,14,13,94.0,-13.0,14.0,1017.0,cv,8.9399995803833,0.0,0.0
2013,4,25,18,97.0,-4.0,10.0,1017.0,SE,1.7899999618530273,0.0,0.0
2012,5,22,8,175.1734619140625,18.0,25.0,1010.0,SE,13.858366966247559,0.0,0.0
2013,9,16,23,128.0,19.0,21.0,1005.0,NW,47.83830642700195,0.0,0.0
2013,11,25,6,8.0,-8.0,11.0,1029.0,NW,100.42926025390625,0.0,0.0
2011,10,16,1,81.0,8.0,10.137303352355957,1019.0,NE,0.8899999856948853,0.0,0.0
2013,12,19,10,26.0,-22.0,-5.0,1035.0,NE,333.7877197265625,0.0,0.0
2012,6,5,12,108.84830474853516,19.0,23.0,1004.0,SE,6.240590572357178,0.0,0.0
2012,10,18,8,22.03561019897461,1.0,18.0,1007.0,SE,33.25221633911133,0.0,0.0
2010,7,31,16,67.2428207397461,25.30613136291504,25.42986488342285,1009.0,SE,21.908891677856445,0.0,0.0
2012,1,17,6,27.0,-20.0,-8.0,1038.0,cv,0.8899999856948853,0.0,0.0
2010,11,19,1,360.5077819824219,-4.0,-1.0,1020.0,NW,8.800846099853516,0.0,0.0
2012,7,21,14,9.0,19.0,33.0,998.0,NW,37.08548355102539,0.0,0.0
2013,9,26,1,66.0,20.0,24.0,1008.0,cv,8.041868209838867,0.0,0.0
2014,1,12,5,110.0,-11.0,-5.0,1024.0,NE,9.84000015258789,0.0,0.0
2012,11,11,9,62.0,-12.0,-1.0,1027.0,SE,0.8899999856948853,0.0,0.0
2010,12,15,7,83.0,-17.0,-8.195752143859863,1029.0,cv,3.5799999237060547,0.0,0.0
2012,1,24,0,338.05767822265625,-12.0,-8.0,1029.0,NE,0.8899999856948853,0.0,0.0
2010,10,12,11,36.0,-3.0,7.462521076202393,1022.0,SE,24.59000015258789,0.0,0.0
2011,7,18,18,133.0,21.0,22.0,1005.0,SE,1.7799999713897705,0.0,0.0
2012,3,22,20,149.0,-8.0,3.0,1014.0,cv,1.7899999618530273,0.0,0.0
2011,5,8,22,266.6810607910156,16.0,18.0,1012.0,cv,1.7899999618530273,0.0,0.0
2010,10,6,20,227.0,12.0,13.0,1016.0,cv,1.7899999618530273,0.0,0.0
2010,5,2,13,22.0,7.0,25.0,1009.3687744140625,NW,4.920000076293945,0.0,0.0
2013,1,13,4,391.13885498046875,-6.0,-4.0,1020.0,NE,7.150000095367432,2.2376606464385986,0.0
2013,9,14,1,151.4719696044922,1.628438949584961,20.0,1014.0,cv,0.8899999856948853,0.0,0.0
2010,7,3,22,22.70126724243164,17.0,28.0,992.2958374023438,SE,5.369999885559082,0.0,0.0
2013,1,13,23,199.38490295410156,-7.0,-2.0,1026.0,NW,8.9399995803833,0.0,0.0
2013,11,18,14,55.0,10.0,14.0,1027.0,SE,1.7899999618530273,0.0,0.0
2014,5,8,16,146.0,2.0,18.0,1009.0,SE,61.06982421875,0.0,0.0
2012,2,23,10,31.0,-20.0,-4.0,1025.0,NW,12.960000038146973,0.0,0.0
2013,12,12,6,99.0,-5.0,-2.0,1023.0,SE,119.02046203613281,0.0,0.0
2011,10,21,7,192.37335205078125,13.0,12.0,1019.0,SE,26.371416091918945,0.0,0.0
2013,12,3,20,36.0,-17.0,0.0,1023.0,NE,29.05097770690918,0.0,0.0
2013,2,1,20,21.0,-19.0,4.0,1027.0,NW,9.84000015258789,0.0,0.0
2011,6,13,0,149.63865661621094,19.0,24.0,1002.0,SE,22.799999237060547,0.0,0.0
2014,3,20,4,153.1331329345703,9.057331085205078,14.0,1012.0,SE,1.7899999618530273,0.0,0.0
2012,6,3,5,59.0,11.0,18.0,1008.0,NE,0.8899999856948853,0.0,0.0
2012,1,31,17,23.033899307250977,-18.0,-2.0,1028.0,NW,1.7899999618530273,0.0,0.0
2011,7,28,15,114.0,13.0,34.26823806762695,1001.0,SE,19.66278648376465,0.0,0.0
2012,3,22,4,108.04401397705078,2.0,4.0,1013.0,NW,1.7799999713897705,0.0,0.0
2010,12,24,3,61.8719482421875,-4.0,0.0,1020.0,NW,10.289999961853027,0.0,0.0
2011,6,10,3,72.0,8.378735542297363,20.0,1014.0,SE,1.7899999618530273,0.0,0.0
2013,2,20,22,557.0181274414062,-8.211210250854492,-6.0,1023.0,cv,0.8899999856948853,2.7322921752929688,0.0
2013,10,14,2,81.0,3.0,9.0,1021.14404296875,cv,1.7799999713897705,0.0,0.0
2010,7,22,21,263.21337890625,24.0,28.0,1004.0,SE,12.069999694824219,0.0,1.0
2014,5,23,8,106.0,12.0,18.0,1019.0,NE,17.8799991607666,0.0,0.0
2012,2,6,7,39.95755386352539,-18.0,-9.0,1035.0,NW,7.159999847412109,0.0,0.0
2012,4,12,9,13.0,2.0,8.0,1025.0,SE,0.8899999856948853,0.0,0.0
2011,10,9,1,132.0,12.0,11.0,1011.0,NW,50.08236312866211,0.0,0.0
2013,2,2,9,161.0,-5.0,1.3434168100357056,1025.0,NE,1.7899999618530273,0.0,0.0
2013,4,30,3,71.0,9.0,17.0,1005.0,SE,1.7899999618530273,0.0,0.0
2011,10,1,21,71.0,8.0,16.0,1018.0,cv,1.7899999618530273,0.0,0.0
2011,6,15,2,177.0,20.0,24.0,1007.0,NE,1.7899999618530273,0.0,0.0
2011,11,5,6,12.0,-3.0,6.0,1027.0,NW,12.069999694824219,0.0,0.0
2011,1,19,10,18.735401153564453,-21.0,-3.0,1033.0,NW,142.57244873046875,0.0,0.0
2014,10,31,17,178.0,10.0,21.0,1022.0,SE,12.523061752319336,0.0,0.0
2014,8,20,19,65.0,16.0,30.0,1009.0,NW,13.324735641479492,0.0,0.0
2013,4,25,12,7.579489707946777,-21.0,7.0,1022.0,NW,234.4167938232422,0.0,0.0
2012,11,6,8,90.0,13.0,17.0,1022.0,NW,10.735876083374023,0.0,0.0
2010,10,8,1,81.0,12.0,13.0,1016.0,cv,0.8899999856948853,0.0,0.0
2010,2,6,4,17.0,-21.0,-4.0,1034.0,NE,67.05562591552734,0.0,0.0
2010,1,3,12,19.0,-19.0,-3.0,1035.0,NW,179.73025512695312,0.0,0.0
2013,10,28,22,32.0,12.0,13.0,1020.0,SE,1.7899999618530273,0.0,0.0
2013,7,14,17,101.0,24.0,29.0,1001.0,SE,59.54597854614258,0.0,0.0
2011,7,3,21,79.0,18.0,31.0,999.0,SE,33.52125549316406,0.0,0.0
2013,1,15,5,19.343093872070312,-26.893720626831055,-10.0,1041.4815673828125,NW,1.7899999618530273,0.0,0.0
2012,2,19,23,202.0,-5.760108470916748,-2.0,1027.0,NW,2.680000066757202,0.0,0.0
2012,11,13,21,189.86692810058594,-5.0,-1.0,1027.0,NW,13.859999656677246,0.0,0.0
2011,12,21,4,23.0,-17.0,-6.0,1037.0,SE,38.89076232910156,0.0,0.0
2014,9,24,4,48.6385383605957,9.0,18.0,1016.0,NE,0.44999998807907104,0.0,0.0
2013,11,22,5,205.3458251953125,-5.0,3.0,1022.0,NE,3.5799999237060547,0.0,0.0
2014,8,21,23,29.0,16.0,25.0,1002.0,NE,0.8899999856948853,0.0,0.0
2014,4,18,22,55.0,13.0,19.0,1009.0,NE,0.8899999856948853,0.0,0.0
2010,12,23,5,11.0,-16.0,0.0,1033.0,NW,4.460000038146973,0.0,0.0
2014,2,13,19,134.0,-11.0,0.0,1024.0,NE,3.130000114440918,0.0,0.0
2010,3,11,9,90.0,-8.0,14.0,1017.0,SE,29.500595092773438,0.0,0.0
2013,3,10,17,16.0,-10.0,15.0,1022.0,NW,43.32062911987305,0.0,0.0
2010,1,15,11,15.588772773742676,-22.0,-4.0,1032.0,NE,1.7899999618530273,0.0,0.0
2010,11,6,7,75.0,7.0,10.0,1018.0,SE,0.8899999856948853,0.0,0.0
2013,7,3,20,36.0,9.0,27.0,1005.0,SE,12.069999694824219,0.0,0.0
2012,1,26,22,104.86292266845703,-20.0,-4.0,1031.0,NW,0.8899999856948853,0.0,0.0
2013,5,22,18,23.0,1.0,26.0,1004.0,NW,2.6700000762939453,0.0,0.0
2011,8,24,18,118.0,18.0,24.0,1016.0,SE,8.9399995803833,0.0,0.0
2011,2,10,3,16.0,-17.0,-5.0,1036.0,NW,137.4144287109375,0.0,0.0
2010,9,3,2,117.0,16.0,22.0,1012.0,SE,6.260000228881836,0.0,0.0
2012,2,14,3,135.3958740234375,-17.0,-10.0,1028.0,NW,6.710000038146973,0.0,0.0
2010,4,8,8,107.09169006347656,7.0,9.0,1020.0,SE,17.431989669799805,0.0,0.0
2013,6,3,19,17.0,14.0,34.20708084106445,996.0,cv,3.5799999237060547,0.0,0.0
2014,2,14,20,75.0,-14.0,1.0,1034.0,SE,16.979999542236328,0.0,0.0
2011,2,27,10,41.46256637573242,-3.0,-1.0,1028.0,SE,9.390000343322754,0.0,0.0
2010,1,8,4,100.0,-17.0,-4.0,1031.0,NW,5.809999942779541,0.0,0.0
2011,6,21,23,107.0,16.0,19.0,1008.0,SE,10.430912017822266,0.0,0.0
2012,5,1,3,125.0,17.0,18.0,1014.0,cv,0.8899999856948853,0.0,0.0
2010,10,28,5,374.9064636230469,12.0,10.0,1019.0,cv,1.7899999618530273,0.0,0.0
2011,11,3,18,89.0,2.0,6.0,1016.0,SE,0.8899999856948853,0.0,0.0
2010,2,17,2,111.0,-7.0,1.0,1013.0,NW,15.19864273071289,0.0,0.0
2013,11,12,6,108.0,-11.0,6.0,1021.0,NW,0.8899999856948853,0.0,0.0
2013,4,21,7,174.0,11.0,14.0,1006.0,cv,0.8899999856948853,0.0,0.0
2010,1,21,14,116.67201232910156,-11.0,6.0,1016.0,SE,21.90146255493164,0.0,0.0
2012,3,25,23,126.0,-1.0,1.0,1018.0,SE,0.8899999856948853,0.0,0.0
2010,5,18,19,94.0,5.0,18.0,1005.2822265625,SE,48.57497787475586,0.0,0.0
2012,3,12,5,92.2186279296875,-8.0,2.0,1021.0,cv,1.7899999618530273,0.0,0.0
2014,12,29,0,16.0,-26.0,0.0,1027.0,NW,5.809999942779541,0.0,0.0
2013,7,22,14,22.0,17.0,23.0,1002.0,SE,1.7899999618530273,0.0,0.0
2014,9,5,7,253.89649963378906,14.0,21.0,1013.0,NW,1.7899999618530273,0.0,0.0
2012,4,4,18,50.0,3.0,14.0,1017.0,SE,22.799999237060547,0.0,0.0
2012,10,29,1,75.0,6.0,7.0,1022.0,NE,3.130000114440918,0.0,0.0
2013,6,19,10,158.0,19.0,19.0,1005.0,cv,0.8899999856948853,0.0,0.0
2011,11,6,20,101.83450317382812,-2.0,11.0,1012.0,NW,80.7891616821289,0.0,0.0
2014,10,3,20,229.0,-3.024711847305298,4.0,1027.0,NW,0.8899999856948853,0.0,0.0
2013,4,10,20,93.0,0.0,11.0,1015.0,cv,3.130000114440918,0.0,0.0
2011,5,28,11,145.0,19.0,26.0,1006.052490234375,NE,8.9399995803833,0.0,0.0
2010,12,20,5,61.0,-16.0,-10.0,1029.0,NW,16.136716842651367,0.0,0.0
2010,10,8,21,68.0,3.0,18.0,1014.0,SE,18.780000686645508,0.0,0.0
2010,8,30,0,175.4497528076172,21.0,27.0,1002.0,SE,22.799999237060547,0.0,0.0
2010,10,25,10,47.0,-6.497469425201416,15.0,1028.0,NW,51.31871032714844,0.0,0.0
2012,3,16,2,145.88304138183594,-3.0,0.0,1024.0,SE,1.7799999713897705,0.0,0.0
2012,1,7,22,99.0,-9.0,-1.0,1032.0,SE,5.369999885559082,0.0,0.0
2013,3,5,8,217.143798828125,-3.0,3.0,1013.0,cv,0.8899999856948853,0.0,0.0
2012,11,28,0,27.0,-16.0,1.0,1023.0,NW,10.729999542236328,0.0,0.0
2014,4,4,18,75.0,-5.0,15.0,1016.0,SE,14.752628326416016,0.0,0.0
2010,11,16,6,317.458740234375,0.0,3.0,1021.0,SE,28.162752151489258,0.0,0.0
2011,4,28,5,280.59490966796875,-4.0,9.0,1017.0,SE,2.6700000762939453,0.0,0.0
2014,6,22,12,15.0,14.0,26.0,1007.0,SE,7.159856796264648,0.0,0.0
2014,7,23,11,237.6597137451172,25.0,26.0,1003.0,SE,1.7899999618530273,0.0,0.0
2014,5,10,14,11.0,-2.0,22.0,1011.0,NW,58.447174072265625,0.0,0.0
2012,10,24,14,13.0,-7.0,13.0,1023.0,NW,83.59278869628906,0.0,0.0
2013,9,21,22,125.41838073730469,20.0,25.0,1002.0,SE,30.39276123046875,0.0,0.0
2014,9,23,1,185.0,17.0,18.0,1009.0,SE,1.7899999618530273,0.0,0.0
2014,8,25,15,16.0,4.0,33.12165451049805,1010.0,SE,1.7899999618530273,0.0,0.0
2011,2,5,17,82.65831756591797,-14.0,7.694714546203613,1017.0,SE,12.069999694824219,0.0,0.0
2013,2,5,20,199.33346557617188,-4.0,4.0,1014.0,SE,0.8899999856948853,0.0,0.0
2011,9,21,14,83.0,16.0,18.0,1019.0,NW,0.8899999856948853,0.0,0.0
2014,11,19,12,40.0,-11.0,3.0,1031.0,NW,1.7899999618530273,0.0,0.0
2011,12,11,0,103.0,-15.0,-8.0,1025.0,cv,1.7899999618530273,6.3506550788879395,0.0
2013,4,22,23,45.58447265625,10.0,11.0,1016.0,NW,7.150000095367432,0.0,4.0
2012,5,14,11,107.4000473022461,0.0,29.428730010986328,1009.0,SE,3.130000114440918,0.0,0.0
2011,7,20,1,32.7686767578125,23.0,23.0,1000.0,cv,0.8899999856948853,0.0,0.0
2011,8,5,3,53.0,17.0,22.0,1009.0,NE,0.8899999856948853,0.0,0.0
2014,6,7,9,52.0,11.0,22.0,1013.0,NW,0.8899999856948853,0.0,1.0
2014,5,15,18,47.0,9.0,11.0,1012.0,NW,0.8899999856948853,0.0,0.0
2012,11,9,3,276.84051513671875,-8.0,0.0,1022.0,cv,1.7899999618530273,0.0,0.0
2013,4,10,4,88.0,2.0,11.0,1015.0,cv,6.543157577514648,0.0,0.0
2012,5,20,20,61.0,8.0,31.0,1004.0,SE,9.390000343322754,0.0,0.0
2014,8,7,13,76.87763214111328,16.0,22.0,1015.0,SE,2.6458775997161865,0.0,0.0
2011,11,3,21,154.0,4.503829002380371,8.0,1028.0,SE,0.8899999856948853,0.0,0.0
2012,2,25,12,137.0,-6.0,6.0,1022.0,cv,1.7799999713897705,0.0,0.0
2013,4,28,17,13.0,-20.0,12.0,1023.0,NW,43.99150466918945,0.0,0.0
2013,10,2,15,118.5602798461914,7.0,23.0,1012.0,NW,14.3100004196167,0.0,0.0
2011,7,11,6,47.0,9.0,17.0,997.0,cv,8.9399995803833,0.0,1.0
2010,11,9,3,117.0,-4.0,-1.0,1022.0,cv,0.8899999856948853,0.0,0.0
2012,12,8,16,18.0,-26.0,-5.0,1026.0,NW,221.77102661132812,0.0,0.0
2014,3,9,17,98.0,-19.0,-1.0,1020.0,NE,3.130000114440918,0.0,0.0
2013,7,30,15,32.0,24.0,23.0,1001.0,SE,7.150000095367432,0.0,0.0
2010,7,19,0,40.69797897338867,24.0,27.0,1009.0,SE,1.7899999618530273,0.0,0.0
2011,2,9,13,7.0,-17.0,5.0,1015.0,NW,75.05660247802734,0.0,0.0
2011,10,7,23,52.0,5.0,14.0,1027.0,SE,1.7799999713897705,0.0,0.0
2013,3,30,20,12.0,-14.0,3.0,1019.0,NW,4.920000076293945,0.0,0.0
2014,11,15,0,37.0,-5.0,8.0,1025.0,cv,1.7899999618530273,0.0,0.0
2011,3,1,3,15.0,-14.0,1.0,1024.0,NW,64.66267395019531,0.0,0.0
2010,3,22,3,100.0,0.0,3.5970747470855713,1022.0,SE,0.8899999856948853,0.0,0.0
2013,1,28,1,199.51065063476562,-6.0,-5.0,1018.0,cv,12.06961727142334,0.0,0.0
2013,7,3,3,160.8370361328125,24.0,26.0,1001.0,cv,0.8899999856948853,0.0,0.0
2011,5,21,15,27.0,-10.0,17.0,1017.0,SE,92.82671356201172,0.0,0.0
2012,2,23,11,102.0,-23.0,2.0,1024.0,cv,12.960000038146973,0.0,0.0
2010,1,6,12,17.0,-19.0,-7.0,1037.0,NW,1.7899999618530273,0.0,0.0
2014,4,23,9,86.19902038574219,7.0,18.0,1021.0,SE,10.279999732971191,0.0,0.0
2013,5,4,9,154.0,13.0,15.0,1023.0,NW,12.523942947387695,0.0,0.0
2013,12,8,15,15.0,-24.0,-4.0,1026.0,NW,206.28736877441406,0.0,0.0
2014,8,11,21,248.4854278564453,21.0,24.0,1010.0,NE,0.8899999856948853,0.0,0.0
2011,2,29,9,287.9794006347656,-5.0,-1.0,1019.0,cv,1.7899999618530273,0.0,0.0
2013,2,19,23,42.0,-16.0,-4.0,1037.0,cv,6.70475959777832,0.0,0.0
2014,8,24,21,47.0,18.0,23.0,1008.8123168945312,NW,62.115291595458984,0.0,0.0
2014,11,20,13,11.0,-16.0,11.0,1029.0,NW,51.5126838684082,0.0,0.0
2014,7,1,0,43.0,21.0,26.0,1003.0,SE,12.960000038146973,0.0,0.0
2013,12,20,1,104.7928466796875,-15.0,-9.0,1026.0,cv,6.260000228881836,0.0,0.0
2010,4,12,11,13.0,-12.0,9.0,1018.0,NW,89.70108032226562,0.0,0.0
2013,10,28,16,26.0,-4.0,15.0,1026.0,NE,1.7899999618530273,0.0,0.0
2013,9,15,18,28.0,5.0,27.0,1014.0,NW,4.920000076293945,0.0,0.0
2012,10,14,1,98.0,8.0,14.0,1016.0,SE,0.44999998807907104,0.0,0.0
2013,2,23,17,381.927001953125,-5.0,-2.0,1022.0,SE,0.8899999856948853,0.0,0.0
2013,5,28,9,60.0,5.0,15.0,1009.0,cv,0.8899999856948853,0.0,0.0
2014,1,5,5,83.0,-15.0,-8.0,1027.0,NW,11.180000305175781,0.0,0.0
2011,12,24,11,71.15171813964844,-14.0,0.0,1030.0,cv,3.130000114440918,0.0,0.0
2012,3,23,15,104.0,-14.0,4.0,1017.2607421875,NW,12.972771644592285,0.0,0.0
2012,9,21,0,76.0,13.0,20.0,1009.0,SE,1.7899999618530273,0.0,0.0
2014,1,13,16,43.0,-19.0,1.0,1021.0,NW,3.130000114440918,0.0,0.0
2011,3,21,21,149.96241760253906,-19.0,2.0,1020.0,NE,1.7799999713897705,0.0,0.0
2014,2,21,23,13.0,-20.930370330810547,-9.0,1038.0,NW,7.348844051361084,0.0,0.0
2012,8,10,14,65.0,17.0,25.0,1005.0,cv,0.8899999856948853,0.0,0.0
2013,11,15,9,57.0,-7.0,-1.0,1021.0,SE,8.9399995803833,0.0,0.0
2011,7,5,9,80.0,23.0,26.0,1006.0,cv,0.8899999856948853,0.0,0.0
2013,2,29,8,107.81967163085938,-9.0,-5.0,1026.0,SE,1.7899999618530273,0.0,0.0
2014,6,15,14,13.0,12.0,30.0,1010.0,cv,5.34430456161499,0.0,0.0
2010,6,5,3,73.0,10.0,15.0,1016.0,NE,1.7899999618530273,0.0,0.0
2014,9,11,22,64.62744903564453,19.0,25.0,1008.0,SE,26.509206771850586,0.0,0.0
2013,8,20,16,160.0,23.0,28.0,1002.0,SE,19.667245864868164,0.0,0.0
2012,11,21,23,148.0,2.0,3.0,1019.0,NW,1.7899999618530273,0.0,0.0
2012,4,5,10,284.5563049316406,-9.0,15.0,1021.0,SE,0.8899999856948853,0.0,0.0
2012,3,21,23,87.0,0.0,14.0,1022.0,NW,0.8899999856948853,0.0,0.0
2013,3,29,16,95.0,-1.0,14.0,1016.0,SE,21.008075714111328,0.0,0.0
2010,1,16,1,128.0,-17.0,-12.613551139831543,1029.0,NW,1.7899999618530273,0.0,0.0
2013,4,27,0,57.0,4.0,16.0,1015.0,SE,53.592655181884766,0.0,0.0
2011,9,21,7,38.0,16.0,30.0,1008.0,NW,3.130000114440918,0.0,2.0
2013,4,23,20,55.14423370361328,5.0,6.0,1018.0,NW,7.150000095367432,0.0,0.0
2014,3,8,20,164.78335571289062,-1.0,7.6736907958984375,1018.0,SE,8.353984832763672,0.0,0.0
2014,11,16,18,27.0,0.0,9.0,1015.0,cv,0.8899999856948853,0.0,0.0
2013,4,27,19,14.0,-13.0,18.0,1014.0,SE,2.6781623363494873,0.0,0.0
2013,4,29,21,70.0,2.0,5.0,1022.0,SE,0.8899999856948853,0.0,0.0
2011,12,15,11,16.0,-16.0,-4.0,1035.0,NW,115.1954345703125,0.0,0.0
2013,1,27,2,182.77285766601562,-9.0,-7.0,1021.6417236328125,NW,8.5,0.0,0.0
2010,2,16,7,50.0,-17.0,-9.0,1031.0,cv,1.7899999618530273,0.0,0.0
2012,5,21,11,22.0,2.0,21.0,1011.0,SE,191.7745819091797,0.0,0.0
2014,5,22,0,136.0,3.0,25.0,1009.0,NW,3.5799999237060547,0.0,0.0
2014,6,15,19,89.0,20.0,24.0,1004.0,SE,1.7899999618530273,0.0,0.0
2013,5,15,22,54.0,5.0,18.0,1016.0,SE,1.7899999618530273,0.0,0.0
2010,2,24,0,151.0,-5.0,-3.0,1022.0,cv,1.7899999618530273,0.0,0.0
2010,8,15,3,44.1254997253418,16.0,26.0,1004.0,SE,1.7899999618530273,0.0,0.0
2012,11,27,7,101.0,-11.0,-5.0,1020.0,SE,1.7899999618530273,0.0,0.0
2010,8,26,8,8.0,17.0,28.0,1008.0,NW,18.329999923706055,0.0,0.0
2013,11,10,10,122.0,-10.0,2.0,1028.0,NE,0.44999998807907104,0.0,0.0
2014,2,2,21,8.0,-17.0,2.0,1021.0,NW,16.98074722290039,0.0,0.0
2011,12,8,1,50.033477783203125,-16.0,-4.0,1039.496337890625,NW,3.130000114440918,0.0,0.0
2013,4,11,22,30.0,-8.0,15.0,1016.0,SE,4.019999980926514,0.0,0.0
2013,10,17,22,96.0,4.0,5.0,1018.0,SE,0.44999998807907104,0.985076367855072,0.0
2010,4,15,23,29.501358032226562,-13.0,8.0,1019.0,SE,104.22737884521484,0.0,0.0
2012,5,10,16,124.0,-3.0981833934783936,20.0,1009.0,SE,49.76987838745117,0.0,0.0
2014,10,23,11,71.0,12.0,9.0,1018.0,NW,1.7899999618530273,0.0,0.0
2010,4,27,9,31.0,-11.0,19.0,1005.0,NW,103.81793975830078,0.0,0.0
2011,5,31,7,124.0,16.0,24.0,1010.0,SE,46.32826614379883,0.0,0.0
2011,2,6,7,32.0,-13.535577774047852,1.0,1024.0,NW,17.888874053955078,0.0,0.0
2014,4,10,19,81.0,-1.2417802810668945,9.0,1013.0,SE,1.7899999618530273,0.0,0.0
2010,2,24,23,134.0,-14.0,-1.0,1027.0,cv,0.8899999856948853,0.0,0.0
2010,8,2,3,27.0,16.0,20.0,1004.0,cv,0.8899999856948853,0.0,0.0
2011,2,7,22,77.994873046875,-9.0,7.0,1019.0,SE,28.616960525512695,0.0,0.0
2014,10,22,4,213.2858428955078,13.0,13.0,1016.0,SE,1.7899999618530273,0.0,0.0
2010,6,21,14,36.08679962158203,22.0,29.0,1005.0,cv,1.7899999618530273,0.0,0.0
2011,8,27,12,58.0,21.0,24.0,1012.0,NW,1.7899999618530273,0.0,0.0
2010,5,24,8,13.0,14.0,14.0,1016.0,NW,10.729999542236328,0.0,0.0
2011,3,10,13,15.0,-22.0,6.0,1022.0,NW,72.21012115478516,0.0,0.0
2012,4,21,9,343.098876953125,2.0,6.0,1013.0,SE,3.5799999237060547,0.0,0.0
2014,12,23,7,177.8588409423828,-14.0,-4.0,1028.0,NW,55.75532150268555,0.0,0.0
2013,1,8,20,103.0,-17.0,-8.0,1028.0709228515625,SE,1.7899999618530273,0.0,0.0
2012,11,30,20,11.0,-17.0,6.0,1029.0,NE,10.729999542236328,0.0,0.0
2012,4,28,16,18.0,-9.0,15.0,1012.0,NW,40.04883575439453,0.0,0.0
2013,5,2,12,47.15107727050781,12.0,18.0,1015.0,cv,1.7799999713897705,0.0,0.0
2013,8,12,3,42.0,21.0,23.0,1000.0,NE,0.8899999856948853,0.0,0.0
2012,5,13,8,85.0,18.0,29.0,1011.0,SE,7.596696853637695,0.0,0.0
2013,11,28,17,21.0,0.0,15.0,1028.0,cv,25.92638397216797,0.0,0.0
2013,7,8,3,38.0,18.0,22.0,1001.0,NW,21.3621826171875,0.0,0.0
2011,11,16,2,287.131103515625,-11.0,-4.0,1023.0,NW,4.911314487457275,0.0,0.0
2010,11,2,23,270.5711975097656,-4.0,1.0,1021.0,cv,1.7899999618530273,0.0,0.0
2014,12,19,1,92.0,-13.0,-7.0,1023.0,cv,5.369671821594238,0.0,0.0
2012,2,15,21,20.0,-20.0,-8.0,1036.0,NW,12.970000267028809,0.0,0.0
2014,9,22,22,72.0,18.0,20.0,1014.0,cv,1.7799999713897705,0.0,0.0
2011,9,30,19,75.0,19.0,25.0,1004.0,SE,1.7799999713897705,0.0,0.0
2013,3,23,17,434.1594543457031,-6.0,1.0,1019.0,NW,1.7899999618530273,0.0,0.0
2012,9,16,12,7.77598762512207,9.0,20.0,1011.0,NW,41.565887451171875,0.0,0.0
2013,4,12,23,17.0,2.0,2.0,1016.0,SE,11.180000305175781,0.0,0.0
2014,4,7,4,59.0,12.0,11.0,1004.0,NW,3.5799999237060547,0.0,0.0
2013,5,21,18,76.0,-1.0,17.665119171142578,1006.0,SE,21.899999618530273,0.0,0.0
2014,1,1,12,86.0,-16.0,0.0,1022.0,NE,1.7899999618530273,0.0,0.0
2012,5,24,23,40.0,13.0,18.0,1012.0,NW,1.7799999713897705,0.0,0.0
2012,4,20,23,44.0,2.0,7.0,1014.0,cv,1.7799999713897705,0.0,0.0
2014,6,27,9,44.0,14.0,22.0,1008.0,SE,1.7899999618530273,0.0,0.0
2011,11,21,0,191.0,4.0,9.0,1013.0,SE,3.5799999237060547,0.0,0.0
2012,2,24,10,9.0,-17.0,0.0,1033.0,NW,129.84954833984375,0.0,0.0
2014,8,24,2,202.0,16.0,25.0,1010.0,cv,1.7899999618530273,0.0,0.0
2011,4,1,7,127.0,-4.0,2.0,1022.0,cv,1.7899999618530273,0.0,0.0
2014,7,17,15,59.69552993774414,16.0,30.0,1009.0,SE,6.710000038146973,0.0,0.0
2014,9,1,2,14.0,-1.0,18.0,1025.0,NW,13.418489456176758,0.0,0.0
2014,10,8,13,218.06834411621094,16.0,23.0,1017.0,SE,1.7899999618530273,0.0,0.0
2013,8,6,3,169.26235961914062,19.0,22.0,1007.0,NE,0.8899999856948853,0.0,0.0
2010,7,22,15,66.78807830810547,20.0,25.0,1013.0,SE,10.279999732971191,0.0,0.0
2014,5,19,21,90.0,15.0,18.0,1011.0,cv,0.8899999856948853,0.0,0.0
2014,5,1,12,52.0,-4.0,26.0,1010.0,NW,231.51011657714844,0.0,0.0
2012,8,22,8,96.0,19.0,21.0,1014.0,NW,0.8899999856948853,0.0,0.0
2011,4,1,23,65.0,5.0,12.0,1019.0,NW,3.569999933242798,0.0,0.0
2010,3,22,22,124.0,7.0,15.0,1017.0,SE,30.840518951416016,0.0,0.0
2011,3,20,14,40.03129196166992,-11.0,5.0,1029.0,cv,0.8899999856948853,0.0,0.0
2012,2,19,7,191.0,-18.0,-3.0,1019.0,NW,92.06529235839844,0.0,0.0
2013,7,20,15,32.0,14.0,27.0,1006.0,NE,11.686857223510742,0.0,0.0
2013,4,19,6,48.14476776123047,7.0,12.0,1017.0,cv,0.8899999856948853,0.0,0.0
2010,7,30,15,44.0,20.0,27.0,998.0,NE,1.7899999618530273,0.0,0.0
2010,8,26,14,48.0,19.0,27.0,1011.0,SE,11.619999885559082,0.0,0.0
2010,1,31,13,24.956212997436523,-25.0,-1.0,1022.0,NW,13.859999656677246,0.0,0.0
2012,8,2,11,59.0,14.0,25.0,1013.0,NE,13.859999656677246,0.0,0.0
2012,8,30,1,155.65838623046875,20.0,21.0,1014.0,SE,1.7899999618530273,0.0,0.0
2011,2,19,4,116.0,-18.472761154174805,-9.0,1035.0,NW,11.500545501708984,0.0,0.0
2014,5,10,12,103.895263671875,10.0,24.0,1011.0,SE,30.448543548583984,0.0,0.0
2013,6,12,20,83.59940338134766,9.0,23.0,1004.0,SE,55.3035888671875,0.0,0.0
2012,3,2,13,113.0,-1.0,1.0,1027.0,SE,33.955711364746094,0.0,0.0
2010,9,18,12,95.0,14.0,24.0,1006.0,SE,1.7799999713897705,0.0,0.0
2010,1,9,23,51.29946517944336,-20.0,-12.0,1026.0,cv,1.7899999618530273,0.0,0.0
2010,5,11,3,121.85611724853516,14.0,15.167588233947754,1011.0,NW,0.8899999856948853,0.0,0.0
2010,5,23,5,211.5565948486328,12.0,12.0,1015.0,NE,0.8899999856948853,0.0,0.0
2011,9,30,9,10.0,9.0,23.0,1020.0,NW,12.520000457763672,0.0,4.0
2014,1,31,2,501.1189880371094,-8.0,-7.0,1026.0,cv,1.7899999618530273,0.0,0.0
2013,10,17,16,6.0,-1.0,16.0,1020.0,cv,59.33372497558594,0.0,0.0
2011,5,14,16,128.36489868164062,18.0,23.0,1009.0,SE,13.417726516723633,0.0,0.0
2012,4,7,16,33.0,-8.0,9.0,1019.0,NE,0.8899999856948853,0.0,0.0
2012,5,2,9,136.91964721679688,14.0,23.111948013305664,1016.0,SE,3.130000114440918,0.0,0.0
2011,8,25,20,80.0,20.0,21.0,1012.0,NW,42.650672912597656,0.0,0.0
2010,9,20,10,79.89704132080078,16.0,21.0,1015.0,SE,4.920000076293945,0.0,0.0
2014,7,5,11,60.0,16.0,19.0,1001.0,cv,1.7899999618530273,0.0,0.0
2014,11,29,21,52.0,-7.0,0.0,1038.0,cv,5.809999942779541,0.0,0.0
2013,9,25,1,77.0,17.0,24.0,1008.0,NE,12.960000038146973,0.0,0.0
2012,7,5,18,87.76787567138672,22.0,30.0,1004.0,SE,36.42205810546875,0.0,0.0
2011,8,2,11,75.0,20.0,22.0,1015.0,SE,8.5,0.0,0.0
2012,3,15,1,313.44219970703125,-8.0,-5.0,1025.0,cv,0.8899999856948853,0.0,0.0
2010,5,5,17,59.0,12.0,21.0,1010.0,NE,8.039999961853027,0.0,0.0
2012,5,8,0,51.0,2.0,6.0,1000.0,NW,5.369999885559082,0.0,0.0
2010,11,14,7,97.0,0.0,3.0,1027.0,cv,0.8899999856948853,0.0,0.0
2012,9,28,6,3.523845672607422,-3.474116325378418,16.0,1018.0,NW,123.4637680053711,0.0,0.0
2014,5,11,21,123.0,17.0,20.0,1011.0,cv,29.05419921875,0.0,0.0
2010,10,13,9,191.68699645996094,5.0,8.0,1015.0,cv,1.7899999618530273,0.0,0.0
2014,8,9,5,87.0,19.0,20.0,1009.0,SE,1.7899999618530273,0.0,0.0
2010,7,23,20,63.0,16.0,26.0,1003.0,NW,32.86750411987305,0.0,0.0
2011,5,18,13,70.0,-2.0,22.0,1016.0,NE,1.7899999618530273,0.0,0.0
2012,10,3,4,86.68446350097656,2.0,7.0,1018.0,SE,3.130000114440918,0.0,0.0
2014,2,13,21,248.0196990966797,-10.0,0.0,1034.0,SE,27.825439453125,0.0,0.0
2010,3,21,22,80.0,0.0,10.0,1012.0,NE,5.809999942779541,0.0,0.0
2012,6,23,14,98.0,14.0,28.0,1007.0,SE,57.58781433105469,0.0,0.0
2012,4,20,5,54.82504653930664,12.0,14.0,1015.0,SE,0.8899999856948853,0.0,0.0
2014,3,22,16,188.55014038085938,-6.0,11.0,1016.0,NE,12.960000038146973,0.0,0.0
2013,3,2,9,51.0,-11.0,-2.7277421951293945,1030.0,NE,0.8899999856948853,0.0,0.0
2014,4,21,3,57.0,14.0,19.0,1007.0,NE,2.680000066757202,0.0,0.0
2013,6,22,17,102.4256591796875,20.0,25.0,998.0,SE,45.866886138916016,0.0,0.0
2014,3,21,15,85.0,-7.0,6.0,1016.0,NW,1.7799999713897705,0.0,0.0
2014,8,26,8,36.5013542175293,17.0,21.0,1009.0,SE,12.0717134475708,0.0,0.0
2011,5,27,23,176.4891815185547,14.0,18.0,1020.0,cv,0.8899999856948853,0.0,0.0
2011,11,18,9,22.0,-9.0,10.0,1029.0,SE,0.8899999856948853,0.0,0.0
2013,7,21,23,59.0,21.0,27.0,1003.0,NE,0.8899999856948853,0.0,0.0
2012,3,16,21,52.0,3.0,14.0,1012.0,NW,29.940677642822266,0.0,0.0
2012,9,1,4,184.2672882080078,14.0,19.0,1014.0,NE,19.508718490600586,0.0,0.0
2010,3,7,21,123.0,-19.0,2.0,1025.0,cv,7.599999904632568,0.0,0.0
2013,1,4,0,150.0,-19.0,-1.0,1032.0,NE,18.780000686645508,0.0,0.0
2010,7,21,13,96.0,25.0,25.0,1002.0,SE,4.019999980926514,0.0,0.0
2010,6,29,21,155.60523986816406,25.967262268066406,29.0,997.0,SE,48.45119857788086,0.0,0.0
2013,4,9,21,35.0,-8.0,18.0,1015.0,NW,29.500713348388672,0.0,0.0
2013,3,10,14,42.05185317993164,-22.0,4.0,1026.0,cv,8.050000190734863,0.0,0.0
2012,2,6,12,90.0,-11.0,-3.0,1034.0,SE,3.5799999237060547,0.0,0.0
2010,11,22,19,174.78465270996094,-2.0,1.0,1015.0,NW,1.7899999618530273,0.0,0.0
2014,3,3,11,17.0,0.0,9.0,1022.0,SE,205.85867309570312,0.0,0.0
2011,8,17,8,54.93889236450195,18.0,23.0,1017.0,cv,1.7899999618530273,0.0,0.0
2010,10,15,14,27.0,-6.0,18.0,1027.8065185546875,SE,7.150000095367432,0.0,0.0
2012,5,21,12,169.0,10.0,26.0,1004.0,cv,13.175204277038574,0.0,0.0
2010,12,12,5,224.1344451904297,-5.0,-2.0,1026.0,NW,1.7899999618530273,0.0,0.0
2010,4,28,21,169.3546905517578,12.0,16.0,1018.0,cv,0.8899999856948853,0.0,0.0
2010,8,27,12,87.0,19.0,34.142147064208984,1009.0,cv,8.050000190734863,0.0,0.0
2014,12,23,13,18.0,-12.0,-6.0,1029.92041015625,SE,18.780000686645508,0.0,0.0
2010,2,3,17,113.0,-10.0,-7.0,1028.0,SE,18.301292419433594,0.0,0.0
2011,8,11,19,115.36664581298828,26.0,28.0,1003.0,cv,18.300153732299805,0.0,0.0
2011,11,15,17,306.9371032714844,-5.511363506317139,-4.0,1028.0,SE,1.7799999713897705,0.0,0.0
2012,5,8,20,189.33108520507812,12.0,18.0,1004.0,NW,0.8899999856948853,0.0,0.0
2011,3,7,0,122.0,4.0,12.627094268798828,1015.0,NE,4.920000076293945,0.0,2.0
2010,12,13,4,12.0,-19.0,4.0,1021.0,NW,170.3907928466797,0.0,0.0
2011,6,6,21,25.0,6.0,22.0,1002.5701904296875,NW,23.67005157470703,0.0,1.0
2010,5,24,18,21.0,-3.079165458679199,9.0,1014.0,NW,1.7899999618530273,0.0,0.0
2012,4,25,7,270.5903625488281,7.320061683654785,12.0,1019.0,NE,0.8899999856948853,0.0,0.0
2011,10,16,20,69.0,13.0,14.0,1017.0,SE,5.809999942779541,0.0,0.0
2013,3,23,9,17.0,-18.0,3.0,1030.6895751953125,NW,19.57727813720703,0.0,0.0
2012,2,10,21,12.0,-21.0,-2.0,1032.0,NE,16.09000015258789,0.0,0.0
2010,7,1,3,141.0,19.0,22.0,1010.0,NW,0.8899999856948853,0.0,0.0
2010,12,15,20,84.0,-13.0,-3.6403417587280273,1014.0,cv,0.8899999856948853,0.0,0.0
2012,11,22,14,134.0,-3.0,16.0,1022.0,SE,28.724586486816406,0.0,0.0
2012,2,16,8,93.8593521118164,-8.0,-6.0,1025.0,NW,0.8899999856948853,0.0,0.0
2010,1,15,8,96.0,-12.0,-9.0,1033.0,cv,1.7799999713897705,0.0,0.0
2012,3,23,23,149.0,-9.0,5.0,1016.0,SE,0.8899999856948853,0.0,0.0
2014,9,26,8,52.0,15.0,21.0,1017.0,NE,8.949872016906738,0.0,0.0
2011,8,4,15,108.0,7.0,25.0,1011.0,cv,1.7899999618530273,0.0,0.0
2011,1,29,1,103.0,-11.0,-4.0,1023.7523193359375,cv,0.8899999856948853,0.0,0.0
2011,1,19,9,210.60023498535156,-4.0,0.0,1028.0,cv,0.8899999856948853,0.0,0.0
2011,7,4,8,94.77587890625,19.0,29.0,1006.0,NW,0.8899999856948853,0.0,0.0
2011,12,17,7,109.57252502441406,-16.0,-10.0,1030.0,NE,1.7899999618530273,0.0,0.0
2011,5,3,20,39.0,-1.0,15.614651679992676,1006.0,NW,11.180000305175781,0.0,0.0
2013,9,24,21,11.871231079101562,18.0,21.0,1014.0,SE,1.7899999618530273,0.0,0.0
2010,2,3,19,105.9665756225586,-6.0,-0.9760165810585022,1024.0,SE,0.8899999856948853,0.0,0.0
2010,7,21,13,153.0,20.778284072875977,26.0,1007.0,SE,1.7899999618530273,0.0,0.0
2011,6,24,9,42.0,17.0,21.0,1009.0,NW,9.7864351272583,0.0,0.0
2010,11,3,9,37.0,-5.0,6.0,1021.0,NW,17.191852569580078,0.0,0.0
2013,5,23,11,173.56097412109375,15.0,28.0,1012.0,SE,36.37278747558594,0.0,0.0
2013,12,13,1,432.37408447265625,-4.0,0.0,1019.0,cv,0.8899999856948853,0.0,0.0
2014,5,18,14,143.0,15.0,24.0,1007.0,SE,38.891876220703125,0.0,0.0
2012,3,16,2,35.0,-4.0,11.0,1023.0,SE,1.7899999618530273,0.0,0.0
2014,2,11,23,179.29147338867188,-14.0,7.0,1015.0,SE,0.8899999856948853,0.0,0.0
2013,5,1,4,35.0,16.0,22.0,1004.0,SE,0.8899999856948853,0.0,1.0
2012,9,4,2,131.0,18.0,21.0,1018.0,cv,5.809999942779541,0.0,0.0
2013,11,24,9,47.498111724853516,3.0,11.0,1023.0,SE,8.9399995803833,0.0,0.0
2010,8,20,21,72.0,19.15152359008789,26.0,1014.0,SE,14.3100004196167,0.0,0.0
2012,3,11,16,11.0,-22.0,-3.0,1030.0,NE,4.920000076293945,0.0,0.0
2011,2,22,15,32.0,-23.0,-2.0,1024.4110107421875,NW,13.859999656677246,0.0,0.0
2011,11,7,2,16.0,-15.0,7.0,1027.0,cv,59.06148147583008,0.0,0.0
2013,8,10,9,49.40725326538086,18.0,24.0,1007.0,cv,3.130000114440918,0.0,0.0
2014,7,5,9,60.0,22.0,27.0,1004.0,SE,1.7799999713897705,0.0,0.0
2011,4,10,13,47.0,-13.0,18.0,1017.0,SE,20.110000610351562,0.0,0.0
2011,10,9,22,164.1705322265625,15.0,17.0,1016.0,SE,1.7899999618530273,0.0,0.0
2010,1,30,22,373.40435791015625,-6.0,-2.0,1016.1546630859375,cv,1.7899999618530273,0.0,0.0
2014,1,10,7,13.0,-12.0,3.0,1025.0,cv,16.989999771118164,0.0,0.0
2013,2,26,0,13.0,-22.0,5.0,1023.0,NW,14.760000228881836,0.0,0.0
2014,6,21,7,136.26370239257812,20.0,22.0,1009.0,cv,50.94279861450195,0.0,0.0
2012,1,17,17,149.0,-14.0,0.0,1032.0,NE,10.279999732971191,0.0,0.0
2014,5,28,6,80.0,14.0,22.0,1012.0,NW,4.46999979019165,0.0,1.0
2014,11,5,22,156.54298400878906,1.0,15.0,1026.0,cv,1.7899999618530273,0.0,0.0
2011,8,18,0,73.01751708984375,18.0,27.0,1005.0,NW,50.06475830078125,0.0,0.0
2013,1,28,5,45.0,-19.0,-8.0,1023.0,cv,1.7799999713897705,0.0,0.0
2010,1,5,2,172.71063232421875,-21.0,-3.0,1030.0,NE,10.729999542236328,0.0,0.0
2011,8,20,17,54.0,21.0,30.0,1005.0,NW,1.7799999713897705,0.0,0.0
2014,9,6,23,151.95713806152344,18.0,21.0,1014.0,NW,8.076796531677246,0.0,0.0
2010,12,31,21,33.0,-18.0,7.0,1014.0,NW,55.99103546142578,0.0,0.0
2010,4,17,0,41.0,-2.0,8.0,1031.0,SE,33.60636520385742,0.0,0.0
2010,8,7,0,74.04295349121094,17.0,27.0,1012.0,SE,12.0789155960083,0.0,0.0
2014,12,22,21,32.0,-16.0,-6.0,1020.0,NW,10.283812522888184,0.0,0.0
2013,9,7,5,69.0,19.0,25.0,1006.0,cv,0.8899999856948853,0.0,0.0
2011,8,30,13,43.0,13.0,29.0,1014.0,SE,2.680000066757202,0.0,0.0
2010,5,27,17,52.0,16.0,18.0,1013.0,SE,0.8899999856948853,0.0,0.0
2012,3,10,17,103.0,-7.0,10.0,1023.0,SE,18.321962356567383,0.0,0.0
2014,5,27,19,55.0,16.0,22.0,1011.0,SE,57.82976531982422,0.0,0.0
2011,6,20,16,20.0,13.0,35.17923355102539,1001.5906372070312,SE,3.5799999237060547,0.0,0.0
2010,3,13,8,69.86565399169922,2.0,9.0,1011.0,SE,2.6113104820251465,0.0,0.0
2010,10,26,22,159.89768981933594,5.0,10.0,1020.0,NW,6.260000228881836,0.0,0.0
2010,6,13,8,90.37776947021484,25.0,25.0,1005.0,SE,43.999061584472656,0.0,0.0
2013,3,19,15,19.0,-21.0,-7.0,1034.0,NW,4.019999980926514,0.0,0.0
2012,3,30,22,184.0,-6.0,0.8488290905952454,1023.0,SE,40.57793426513672,0.0,0.0
2010,11,1,22,40.0,-14.0,3.0,1030.0,cv,105.56895446777344,0.0,0.0
2011,7,22,15,102.0,18.0,25.0,1008.0,SE,18.324703216552734,0.0,0.0
2011,3,15,8,21.0,-14.0,9.0,1024.0,NW,23.301809310913086,0.0,0.0
2013,2,27,2,13.0,-21.0,4.0,1027.0,NW,4.46999979019165,0.0,0.0
2013,5,17,6,61.0,13.0,17.0,1004.0,NW,4.460000038146973,0.0,0.0
2012,2,23,2,51.0,-5.0,-1.0,1018.0,NE,0.8899999856948853,0.0,0.0
2014,6,18,23,59.14090347290039,24.0,32.0,1010.0,SE,34.85874557495117,0.0,0.0
2012,12,25,20,17.0,-20.0,-7.0,1035.0,NW,4.019999980926514,0.0,0.0
2010,1,8,8,9.0,-23.0,-7.0,1035.0,NE,26.81999969482422,0.0,0.0
2013,6,1,6,24.0,16.0,29.0,1007.0,cv,0.8899999856948853,0.0,0.0
2012,11,19,11,202.124267578125,-2.0,7.0,1018.0,NE,1.7899999618530273,0.0,0.0
2014,5,22,16,63.0,7.0,30.0,1001.0,SE,46.188720703125,0.0,0.2102399319410324
2013,7,7,22,14.137566566467285,17.0,33.0,998.0,NE,9.390000343322754,0.0,0.0
2013,3,24,5,11.0,-13.0,0.0,1027.524658203125,NW,24.220670700073242,0.0,0.0
2010,11,20,7,114.0,1.0,6.0,1027.0,NE,0.8899999856948853,0.0,0.0
2013,2,21,4,139.61038208007812,-6.0,-2.0,1024.0,NE,10.734394073486328,0.0,0.0
2010,2,26,21,136.0,-6.0,2.0,1024.0,SE,47.64278030395508,0.0,0.0
2014,3,22,1,134.0,0.0,2.0,1023.0,NW,1.7899999618530273,0.0,0.0
2011,7,9,10,83.0,24.0,24.0,1003.0,SE,0.8899999856948853,0.0,0.0
2013,10,7,5,90.0,10.0,13.0,1016.0,NE,39.962154388427734,0.0,0.0
2014,5,14,17,31.0,12.0,25.0,1015.0,NW,11.619999885559082,0.0,0.0
2010,3,15,2,304.5760803222656,-10.0,0.0,1024.0,cv,3.5799999237060547,0.0,0.0
2010,9,17,21,108.0,19.0,19.0,1012.0,SE,0.8899999856948853,0.0,0.0
2013,12,8,16,15.0,-15.0,3.0,1016.0,NE,70.59130859375,0.0,0.0
2014,8,23,15,13.836800575256348,10.0,35.0,1004.0,SE,3.130000114440918,0.0,0.0
2014,9,23,15,70.3605728149414,16.0,23.0,1016.0,cv,3.569999933242798,0.0,0.0
2012,11,17,12,117.0,-14.0,4.0,1027.0,SE,3.130000114440918,0.0,0.0
2011,10,1,8,169.04493713378906,11.0,18.0,1022.0,SE,2.680000066757202,0.0,0.0
2014,7,5,18,35.0,19.0,33.0,999.0,cv,15.199999809265137,0.0,0.0
2014,8,16,17,54.0,19.0,31.0,1006.0,SE,19.228891372680664,0.0,0.0
2014,10,18,14,52.0,-5.0,20.0,1028.0,SE,5.809999942779541,0.0,0.0
2013,6,10,10,98.0,22.0,26.0,1007.0,SE,23.247400283813477,0.0,0.0
2013,6,25,19,42.0,21.0,23.0,1000.0,SE,0.8899999856948853,0.0,0.0
2011,4,21,8,141.0,4.0,18.0,1016.0,cv,0.8899999856948853,0.0,0.0
2010,3,7,19,75.0,-12.0,2.0,1020.0,NW,22.799999237060547,0.0,0.0
2011,9,8,7,294.2083435058594,18.0,20.0,1011.0,SE,0.8899999856948853,0.0,0.0
2013,6,8,10,65.0,16.0,29.0,1001.0,SE,25.384981155395508,0.0,0.0
2011,1,21,6,230.09938049316406,-6.0,2.0,1020.0,SE,1.7799999713897705,0.0,0.0
2013,1,18,2,110.7508773803711,-9.0,-7.0,1032.0,cv,1.7799999713897705,0.0,0.0
2010,9,22,7,40.67437744140625,16.0,18.0,1014.0,NW,4.920000076293945,0.0,0.0
2012,3,15,8,14.0,-19.0,-5.0,1033.0,NW,33.52300262451172,0.0,0.0
2010,10,13,22,43.0,2.0,14.0,1024.0,NW,11.30880355834961,0.0,0.0
2012,12,6,23,185.0,-6.0,3.0,1024.0,NE,1.7899999618530273,0.0,0.0
2010,12,20,23,50.0,-13.0,-4.0,1017.0,SE,0.8899999856948853,0.0,0.0
2011,3,20,12,8.244985580444336,-14.0,12.0,1022.0,NW,1.7899999618530273,0.0,0.0
2011,10,26,9,100.0,13.0,13.0,1020.0,NE,3.130000114440918,0.0,0.0
2014,9,8,1,87.0,15.0,19.617599487304688,1017.0,cv,0.8899999856948853,0.0,0.0
2012,11,18,11,178.0,-1.0,4.0,1028.0,NE,1.7799999713897705,0.0,0.0
2012,9,13,1,41.0,12.0,15.0,1021.0,cv,0.8899999856948853,0.0,0.0
2013,4,10,11,16.0,-14.0,12.0,1024.0,NW,13.859999656677246,0.0,0.0
2011,5,30,12,23.0,-11.0,27.0,1011.0,NW,14.301064491271973,0.0,0.0
2014,11,12,18,6.0,-20.0,9.0,1026.0,NW,241.8252716064453,0.0,0.0
2013,2,15,21,178.3249969482422,-1.0,1.0,1024.0,NW,48.073787689208984,0.0,0.0
2013,6,24,4,19.0,12.0,18.0,1017.8474731445312,cv,0.8899999856948853,0.0,1.0
2010,10,18,1,96.0,14.0,16.0,1012.0,cv,1.7899999618530273,0.0,0.0
2012,7,3,23,223.86630249023438,22.0,25.0,1001.0,NW,13.144329071044922,0.0,0.0
2011,4,14,19,118.0,-1.0,22.0,1007.0,SE,27.549501419067383,0.0,0.0
2014,8,23,7,72.57589721679688,16.0,18.0,1012.0,SE,1.7899999618530273,0.0,0.0
2011,5,7,22,13.0,-1.0,16.0,1004.0,NW,98.93586730957031,0.0,0.0
2010,5,27,20,17.0,4.0,31.0,996.0,NW,81.98746490478516,0.0,0.0
2012,3,2,10,69.0,-2.0,14.0,1011.0,SE,6.876842021942139,0.0,0.0
2013,5,22,15,31.0,9.0,24.0,1007.0,SE,1.7899999618530273,0.0,0.0
2011,10,21,4,101.9631118774414,7.0,12.0,1003.6119384765625,cv,1.7799999713897705,0.0,0.0
2010,10,5,17,80.0,15.0,16.0,1013.0,SE,6.260000228881836,0.0,0.0
2012,1,12,0,85.0,-20.0,-4.0,1033.0,cv,0.8899999856948853,0.0,0.0
2014,5,21,13,73.0,17.0,26.0,1013.0,SE,14.3100004196167,0.0,0.0
2014,6,8,14,159.62277221679688,18.0,29.0,1000.0,SE,13.513818740844727,0.0,0.0
2013,10,15,21,110.0,-1.0,13.0,1018.0,SE,3.130000114440918,0.0,0.0
2011,5,5,9,59.0,14.0,14.0,1017.0,NW,18.33329963684082,0.0,0.0
2014,2,26,1,113.0,-4.0,-2.0,1026.0,NW,19.219223022460938,0.0,0.0
2014,6,11,12,15.0,10.0,35.0,1002.0,cv,9.84000015258789,0.0,0.0
2014,9,11,20,94.0,12.0,22.0,1008.0,SE,31.95914077758789,0.0,0.0
2014,4,16,0,283.7290344238281,11.0,16.0,1019.0,cv,3.5799999237060547,0.0,0.0
2011,4,19,10,53.0,-8.0,28.0,1008.0,SE,26.36886215209961,0.0,0.0
2014,11,30,10,58.0,2.0,7.0,1016.0,cv,0.8899999856948853,0.0,0.0
2014,1,22,9,16.0,-20.0,-0.5140001773834229,1033.0,NW,3.130000114440918,0.0,0.0
2011,7,21,0,154.0,24.0,27.0,999.0,SE,10.279999732971191,0.0,0.0
2012,3,19,4,20.0,-12.0,0.0,1029.0,SE,4.449999809265137,0.0,0.0
2011,2,1,20,277.859375,-9.0,1.0,1023.0,SE,0.8899999856948853,0.0,0.0
2013,9,1,0,77.0,15.0,22.0,1012.0,cv,1.7899999618530273,0.0,0.0
2012,9,25,8,41.0,16.0,16.0,1016.0,SE,2.2300000190734863,0.0,0.0
2011,12,16,17,163.0,-7.0,-5.0,1030.0,SE,0.8899999856948853,0.0,0.0
2012,6,10,15,7.0,-2.0,30.0,1003.0,NW,13.85947322845459,0.0,0.0
2014,9,11,12,84.0,8.0,17.0,1017.0,NW,8.050000190734863,0.0,0.0
2013,5,23,2,149.0,10.0,20.0,1017.0,SE,1.7899999618530273,0.0,0.0
2010,10,21,6,90.0,13.0,16.0,1013.0,SE,0.8899999856948853,0.0,0.0
2013,5,30,11,75.13335418701172,9.0,27.0,1011.0,SE,3.5799999237060547,0.0,0.0
2011,7,8,4,141.0,24.0,24.0,1003.0,cv,0.8899999856948853,0.0,1.0
2014,6,13,18,48.0,15.0,28.0,1004.0,SE,17.432771682739258,0.0,0.0
2011,6,22,9,40.0,4.0,19.0,1016.0,SE,1.7899999618530273,0.0,0.0
2014,5,22,7,73.0,16.0,22.0,1010.0,cv,0.44999998807907104,0.0,0.0
2013,2,13,22,101.0,-20.0,-9.0,1030.0,NE,4.91401481628418,0.0,0.0
2013,9,13,21,85.0,13.0,22.0,1009.0,SE,5.369999885559082,0.0,0.0
2012,12,21,8,18.0,-20.0,-5.079543590545654,1038.0,NW,99.95098876953125,0.0,0.0
2010,3,18,1,86.0,7.0,9.0,1017.0,NE,5.809999942779541,0.0,0.0
2011,1,21,16,66.0,-14.0,-9.0,1035.0,NE,0.8899999856948853,0.0,0.0
2013,12,24,11,72.0,-19.85997200012207,-2.0,1021.0,NW,3.5799999237060547,0.0,0.0
2013,12,2,20,17.0,-18.0,0.0,1026.0,NE,6.710000038146973,0.0,0.0
2012,6,24,13,130.0,13.0,23.57935905456543,1012.0,SE,1.7899999618530273,0.0,0.0
2013,1,16,18,170.49099731445312,-6.0,-4.0,1027.0,NW,3.5799999237060547,0.0,0.0
2012,1,15,17,50.0,-11.0,-4.0,1025.0,NW,43.34093475341797,0.0,0.0
2013,8,3,13,76.0,24.0,31.0,1004.0,SE,0.8899999856948853,0.0,0.0
2010,3,20,9,8.0,-13.0,16.877079010009766,1015.0,SE,74.20236206054688,0.0,0.0
2012,2,29,22,161.0,-13.0,7.0,1020.0,SE,15.207176208496094,0.0,0.0
2010,10,7,3,177.32952880859375,3.0,14.0,1026.0,cv,0.8899999856948853,0.0,0.0
2013,5,11,5,85.0,9.0,19.0,1007.0,NW,1.7899999618530273,0.0,0.0
2010,2,7,3,22.0,-22.0,-5.0,1031.07275390625,NE,11.170381546020508,0.0,0.0
2010,9,4,5,73.0,17.0,21.0,1014.0,SE,0.8899999856948853,0.0,0.0
2011,5,18,1,317.1142578125,13.0,16.243247985839844,1010.0,cv,0.8899999856948853,0.0,0.0
2012,7,19,11,47.415924072265625,22.0,24.0,1004.0,NW,1.7799999713897705,0.0,0.0
2011,2,24,12,40.0,-15.0,6.0,1023.0,NW,10.729999542236328,0.0,0.0
2010,2,31,19,184.0,-1.0,-1.0,1023.0,NW,8.050000190734863,0.0,0.0
2011,7,19,18,117.6745376586914,24.0,31.618106842041016,1000.0,SE,11.180000305175781,0.0,0.0
2012,4,22,17,110.0,4.0,22.0,1011.0,SE,29.639713287353516,0.0,0.0
2010,10,2,10,45.99783706665039,6.0,8.0,1018.0,NW,27.719999313354492,0.0,0.0
2010,8,29,22,113.0,22.0,27.0,1005.0,SE,69.38753509521484,0.0,0.0
2014,11,11,21,87.0,-16.0,3.0,1031.0,NE,3.130000114440918,0.0,0.0
2011,9,15,4,60.0,21.0,22.0,1004.0,cv,0.8899999856948853,0.0,0.0
2014,8,25,1,70.68376159667969,20.0,24.999540328979492,1015.0,cv,8.050000190734863,0.0,0.0
2012,5,7,14,29.0,0.0,26.0,1023.0,NE,4.920000076293945,0.0,0.0
2013,3,4,18,16.0,-16.0,24.0,1013.0,SE,73.82376861572266,0.0,0.0
2012,11,4,7,88.75767517089844,-2.0,-1.0,1026.3148193359375,NW,0.44999998807907104,0.0,0.0
2013,5,31,5,96.0,11.0,16.0,1009.5510864257812,NW,0.8899999856948853,0.0,0.0
2014,6,4,19,95.75324249267578,17.0,20.0,1013.0,SE,0.8899999856948853,0.0,0.0
2013,7,1,8,174.74099731445312,22.0,24.0,1004.0,cv,0.8899999856948853,0.0,0.0
2014,5,5,6,88.0,17.0,19.0,1016.0,cv,8.949999809265137,0.0,0.0
2013,12,14,22,95.0,-10.0,-6.0,1029.0,SE,3.569999933242798,0.0,0.0
2013,3,23,21,17.0,-9.0,-1.0,1029.0,NW,162.7979278564453,0.0,0.0
2013,2,26,21,153.0,-3.0,5.0,1016.0,cv,28.54261589050293,0.0,0.0
2010,7,10,18,97.83777618408203,20.0,21.0,1007.0,SE,0.8899999856948853,0.0,0.0
2014,1,24,4,280.22601318359375,-14.0,0.0,1030.0,NW,18.780000686645508,0.0,0.0
2012,7,9,10,86.0,22.0,23.0,1004.0,cv,0.8899999856948853,0.0,0.0
2010,3,3,11,15.91960620880127,-12.0,7.0,1023.0,NW,3.559999942779541,0.0,0.0
2010,1,11,13,30.12372589111328,-19.0,-1.0,1035.0,SE,1.7899999618530273,0.0,0.0
2014,5,30,15,21.0,3.0,23.0,1009.0,NW,9.390000343322754,0.0,0.0
2014,5,10,8,18.0,7.0,18.0,1016.0,NW,0.8899999856948853,0.0,0.0
2014,5,19,12,148.75877380371094,6.0,22.0,1013.0,SE,36.206851959228516,0.0,0.0
2010,8,23,18,52.0,20.0,30.0,1011.0,SE,10.279999732971191,0.0,0.0
2010,3,11,4,352.2769775390625,2.0,6.0,1002.0,cv,1.7799999713897705,0.0,0.0
2013,7,15,0,34.0,19.0,23.0,1005.0,cv,1.7799999713897705,0.0,0.0
2011,5,19,18,28.0,-2.0,22.602615356445312,1013.0,SE,150.90968322753906,0.0,0.0
2012,6,25,22,37.0,19.0,25.0,997.0,SE,21.54326629638672,0.0,0.0
2011,4,18,17,57.0,-13.0,8.0,1026.0,SE,1.7899999618530273,0.0,0.0
2012,7,15,16,59.0,24.0,25.0,998.0,SE,1.7899999618530273,0.0,0.0
2013,11,6,4,109.0,-3.0,6.0,1030.0,NE,0.8899999856948853,0.0,0.0
2011,9,25,17,19.0,8.108834266662598,11.0,1012.0,NW,35.99819564819336,0.0,0.0
2013,10,20,22,16.0,0.0,14.0,1027.0,SE,10.58004379272461,0.0,0.0
2010,9,6,22,137.8074188232422,20.0,22.0,1008.0,SE,37.698123931884766,0.0,0.0
2013,4,4,7,41.0,11.0,18.0,1009.0,SE,66.84406280517578,0.0,0.0
2013,6,26,16,40.0,-2.0,30.0,1002.0,SE,27.256145477294922,0.0,0.0
2014,7,2,17,25.0,15.0,29.0,1007.4639282226562,NW,4.46999979019165,0.0,0.0
2013,1,5,9,19.0,-24.0,7.0,1030.0,NE,5.368066787719727,0.0,0.0
2010,5,11,6,105.0,15.0,23.0,1008.0,NE,81.79634857177734,0.0,0.0
2013,12,10,20,39.0,-20.0,1.0,1025.1019287109375,cv,1.7899999618530273,0.0,0.0
2011,10,2,4,84.0,13.0,16.0,1019.0,NW,9.171716690063477,0.0,0.0
2013,4,28,12,27.0,4.0,11.0,1009.0,SE,3.130000114440918,0.0,1.0
2010,1,2,3,12.0,-21.0,-7.0,1036.0,NW,50.095699310302734,0.0,0.0
2013,5,25,16,71.0,24.0,29.0,1004.0,SE,15.191840171813965,0.0,0.0
2012,9,22,8,116.0,17.0,19.0,1015.0,NE,0.8899999856948853,0.0,0.0
2010,11,29,4,297.5944519042969,-15.0,-3.0,1021.0,SE,0.8899999856948853,0.0,0.0
2014,12,5,18,25.0,-20.0,3.0,1028.0,cv,4.46999979019165,0.0,0.0
2014,10,1,6,99.0,9.0,12.0,1016.0,NE,0.8899999856948853,0.0,0.0
2014,8,16,19,75.0,20.0,27.28421974182129,1002.0,SE,13.959768295288086,0.0,0.0
2010,7,26,14,258.83819580078125,23.13613510131836,29.0,1004.0,SE,8.5,0.0,0.0
2012,11,6,3,154.0,-6.0,2.0,1012.0,SE,9.84000015258789,0.0,0.0
2010,4,3,22,72.0,-6.0,20.0,1019.0,cv,5.809999942779541,0.0,1.0
2012,3,2,0,113.0,0.0,7.0,1020.0,NE,36.21933364868164,0.0,0.0
2010,10,21,8,34.0,4.0,9.0,1019.0,NW,3.5799999237060547,0.0,0.0
2010,8,4,5,73.0,18.0,20.0,1007.0,cv,1.7899999618530273,0.0,0.0
2014,6,24,5,37.0,17.0,21.0,1008.0,cv,1.7899999618530273,0.0,0.0
2010,9,28,16,89.0,8.0,30.0,1002.0,SE,16.100000381469727,0.0,0.0
2010,12,11,3,176.73472595214844,-14.0,2.0,1028.0,SE,7.159999847412109,0.0,0.0
2010,4,18,8,52.902095794677734,3.0,8.0,1019.0,NW,0.8899999856948853,0.0,0.0
2010,4,10,11,47.0,-14.0,14.0,1023.0,NW,3.5799999237060547,0.0,0.0
2013,3,23,6,12.0,-12.0,0.0,1023.0,NW,3.130000114440918,0.0,0.0
2012,4,24,13,15.0,-12.283529281616211,13.0,1015.0,NW,20.110000610351562,0.0,0.0
2014,11,21,8,246.55694580078125,11.0,16.0,1019.0,NW,5.3494486808776855,0.0,0.0
2010,6,11,12,97.0,22.0,31.0,1006.0,SE,8.039999961853027,0.0,0.0
2014,4,21,13,14.0,-10.0,25.0,1010.0,NW,12.970000267028809,0.0,0.0
2012,5,17,0,59.0,16.0,21.0,1006.0,SE,1.8847110271453857,0.0,0.0
2014,4,21,13,71.58139038085938,-10.0,8.0,1017.0,SE,1.7899999618530273,0.0,0.0
2014,7,9,23,173.2722625732422,21.0,31.0,1008.0,NW,1.7899999618530273,0.0,0.0
2013,1,19,15,246.24671936035156,-9.0,-2.0,1035.0,NW,1.7899999618530273,0.0,0.0
2013,2,26,11,121.85496520996094,-6.0,-3.0,1024.0,NE,3.5799999237060547,0.0,0.0
2010,2,17,17,207.85287475585938,-1.0,0.0,1024.0,SE,8.949999809265137,0.0,0.0
2011,11,5,4,90.0,-1.0,0.0,1021.0,SE,3.130000114440918,0.0,0.0
2013,2,16,2,69.0,-10.0,-5.0,1029.0,NW,38.443817138671875,0.0,0.0
2010,1,22,21,158.09983825683594,-18.0,-7.0,1021.0,cv,5.369726181030273,0.0,0.0
2013,4,18,3,14.0,-18.0,6.0,1015.0,NE,6.355496883392334,0.0,0.0
2010,3,17,22,105.0,-1.0,1.0,1023.0,SE,3.130000114440918,0.0,0.0
2013,1,8,22,131.78115844726562,0.0,1.0,1023.0,cv,0.8899999856948853,0.0,0.0
2012,11,7,7,102.0,8.0,11.0,1022.0,cv,6.710000038146973,0.0,0.0
2013,9,12,0,110.0,16.0,22.0,1009.0,SE,25.173498153686523,0.0,0.0
2010,9,8,7,83.0,16.0,18.0,1008.0,cv,1.7799999713897705,0.0,0.0
2014,6,28,16,74.0,24.0,30.0,1009.0,SE,21.4801082611084,0.0,0.0
2014,3,22,13,154.0,-9.083381652832031,5.0,1023.0,NW,34.863094329833984,0.0,0.0
2013,9,26,21,99.0,17.0,23.0,1012.0,SE,1.7899999618530273,0.0,0.0
2013,3,5,4,15.618280410766602,-4.0,0.0,1027.0,NE,0.8899999856948853,0.0,0.0
2013,6,7,4,141.0,24.0,25.0,1002.0,NE,2.6700000762939453,0.0,0.0
2014,2,16,21,223.81674194335938,-5.0,2.0,1008.0,SE,0.8899999856948853,0.0,0.0
2013,11,12,17,100.88794708251953,-4.0,-1.0,1023.0,cv,1.7799999713897705,0.0,0.0
2013,6,12,17,77.0,22.0,25.0,1003.0,SE,8.050000190734863,0.0,0.0
2010,3,1,17,93.0,-12.0,6.0,1022.0,NW,6.710000038146973,0.0,0.0
2014,7,24,8,175.0,22.0,23.0,1003.0,SE,0.8899999856948853,0.0,0.0
2010,11,12,13,91.27220916748047,-4.0,13.0,1023.0,SE,11.62377643585205,0.0,0.0
2012,12,21,5,120.17094421386719,-7.270626068115234,-5.0,1029.0,NW,6.253810882568359,0.0,0.0
2014,6,21,11,135.83700561523438,17.0,21.0,1015.0,NW,1.7799999713897705,0.0,0.0
2014,4,21,20,254.5574188232422,-5.0,8.0,1019.0,SE,1.7899999618530273,0.0,0.0
2010,9,16,4,166.28369140625,8.0,22.0,1007.0,SE,8.9399995803833,0.0,0.0
2013,1,28,10,215.36729431152344,-4.0,-3.0,1028.0,SE,17.8799991607666,0.0,0.0
2011,7,24,7,79.0,17.0,24.0,1004.0,SE,4.920000076293945,0.0,0.0
2011,8,21,9,99.10407257080078,17.0,28.0,1003.0,NE,1.7899999618530273,0.0,0.0
2010,6,7,22,96.0,4.0,27.0,1005.0,NW,3.559999942779541,0.0,0.0
2012,6,26,19,36.0,20.0,23.0,1004.0,SE,0.8899999856948853,0.0,0.0
2012,11,4,22,58.0,-16.0,-1.0,1028.0,SE,19.670000076293945,0.0,0.0
2010,5,21,10,80.0,18.0,22.0,1008.0,NE,0.8899999856948853,0.0,0.0
2012,11,2,23,210.33631896972656,-5.0,0.0,1022.0,NW,1.7899999618530273,0.0,0.0
2013,11,27,1,7.0,-27.50703239440918,-4.0,1026.0,NW,325.2458801269531,0.0,0.0
2011,2,10,18,9.0,-14.0,-1.0,1028.0,NW,186.99737548828125,0.0,0.0
2014,9,7,2,6.0,18.0,20.0,1012.0,SE,1.7899999618530273,0.0,0.0
2011,7,12,22,92.0,21.0,24.0,998.6331787109375,cv,0.8899999856948853,0.0,0.0
2010,12,15,4,26.0,-17.933731079101562,-4.0,1038.0,NW,1.7899999618530273,0.0,0.0
2010,3,23,13,27.0,-17.0,1.0,1030.0,NW,57.79440689086914,0.0,0.0
2010,3,24,15,31.0,-8.0,8.0,1017.0,SE,4.019999980926514,0.0,0.0
2014,6,29,2,145.0,17.0,24.0,1002.0,cv,0.8899999856948853,0.0,0.0
2012,11,1,5,335.7181091308594,6.0,9.0,1020.0,SE,1.7899999618530273,0.0,0.0
2014,12,13,20,158.58653259277344,-6.0,-1.0,1031.0,NW,17.8799991607666,0.0,0.0
2010,12,2,16,17.0,-12.0,1.0,1030.0,NW,1.7899999618530273,0.0,0.0
2014,2,8,11,21.0,-20.0,-2.0,1034.0,NW,109.24124145507812,0.0,0.0
2012,4,2,17,20.0,-20.0,9.0,1021.0,NW,37.10160446166992,0.0,0.0
2013,11,24,13,47.0,-3.0,13.0,1027.0,cv,0.8899999856948853,0.0,0.0
2011,11,6,0,7.0,-12.0,7.0,1022.0,NW,142.78610229492188,0.0,0.0
2010,1,23,12,210.5,-12.0,-2.0,1019.0,cv,0.8899999856948853,0.0,0.0
2010,4,1,7,9.0,-8.0,10.0,1012.0,NW,3.130000114440918,0.0,1.0
2014,5,6,7,35.0,3.0,23.0,1007.0,SE,11.630000114440918,0.0,0.0
2013,6,23,14,75.0,19.0,27.0,1005.0,SE,15.199999809265137,0.0,0.0
2012,8,29,9,82.63674926757812,10.0,24.0,1012.0,SE,4.019999980926514,0.0,0.0
2011,7,18,1,106.0,20.0,20.0,1005.0,cv,0.8899999856948853,0.0,0.0
2013,3,19,18,44.0,-10.0,5.0,1024.0,SE,3.130000114440918,0.0,0.0
2011,12,27,3,102.0,-16.0,-10.0,1032.079345703125,NW,18.140928268432617,0.0,0.0
2011,5,15,11,15.0,13.0,24.0,1008.0,SE,4.019999980926514,0.0,0.0
2011,12,21,1,65.0,-3.0,5.0,1025.0,NW,2.680000066757202,0.0,0.0
2013,4,28,14,11.0,-13.0,13.0,1019.0,NW,304.0087890625,0.0,0.0
2011,10,23,3,73.0,12.0,12.0,1012.0,NW,3.5799999237060547,0.0,0.0
2013,9,21,13,13.0,7.0,26.0,1013.0,NE,12.069999694824219,0.0,0.0
2011,8,18,15,99.0,17.0,27.0,1011.0,cv,5.809999942779541,0.0,0.0
2012,2,23,4,108.0,-10.0,-5.0,1021.0,NW,2.680000066757202,0.0,0.0
2012,6,31,17,188.87799072265625,17.0,26.0,1009.0,SE,15.654387474060059,0.0,0.0
2014,10,29,4,191.0,3.0,7.0,1015.0,cv,1.7899999618530273,0.0,0.0
2014,2,4,16,13.0,-22.0,-5.0,1031.0,NE,3.130000114440918,0.0,0.0
2011,11,9,12,23.0,-12.0,8.0,1022.0,cv,0.8899999856948853,0.0,0.0
2010,7,21,20,197.38597106933594,24.0,26.0,1001.0,SE,1.7899999618530273,0.0,0.0
2014,7,23,0,10.0,13.0,29.0,1006.0,cv,24.39142417907715,0.0,0.0
2014,4,5,22,148.9049835205078,3.0,11.0,1018.0,SE,1.7899999618530273,0.0,0.0
2012,3,25,16,20.0,-18.0,-3.0,1031.0,NE,23.59209442138672,0.0,0.0
2013,7,6,18,38.0,16.0,28.0,1002.0,SE,24.145496368408203,0.0,0.0
2014,9,23,17,30.0,11.96458625793457,16.0,1013.0,cv,0.8899999856948853,0.0,0.0
2014,10,10,21,32.52940368652344,-1.0,20.0,1003.0076293945312,NW,36.22809982299805,0.0,0.0
2014,4,29,18,95.0,-8.0,19.0,1009.0,SE,15.648017883300781,0.0,0.0
2013,7,4,16,69.0,25.0,29.0,1010.0,NE,0.8899999856948853,0.0,0.0
2010,12,7,6,34.0,-13.83421516418457,-4.0,1023.0,NW,25.18010139465332,0.0,0.0
2010,9,26,12,184.74667358398438,15.88613510131836,20.0,1017.0,SE,4.019999980926514,0.0,0.0
2010,1,22,23,277.5201721191406,-10.0,-4.0,1015.0,NW,0.8899999856948853,0.0,0.0
2013,12,22,2,21.0,-18.0,-9.0,1035.0,NW,6.989573001861572,0.0,0.0
2013,12,25,8,45.0,-18.0,-5.0,1028.0,NW,8.9399995803833,0.0,0.0
2010,12,24,23,142.0,-8.0,-2.0,1028.6070556640625,NE,0.8899999856948853,0.0,0.0
2013,8,15,4,88.19990539550781,23.0,27.0,1005.0,NW,12.069999694824219,0.0,0.0
2013,10,12,9,96.0,11.243301391601562,14.0,1014.9661254882812,SE,0.8899999856948853,0.0,0.0
2010,12,30,22,29.0,-22.0,-6.0,1025.0,NW,13.859999656677246,0.0,0.0
2011,5,15,16,41.0,2.480044364929199,33.0,1003.0,SE,7.150000095367432,0.0,0.0
2013,2,18,8,45.0,-16.0,-2.0,1032.0,NE,16.989999771118164,0.0,0.0
2010,6,1,18,74.0,15.0,24.0,1008.4165649414062,SE,1.7899999618530273,0.0,0.0
2014,2,22,18,18.0,-18.0,-7.0,1031.0,NW,1.7899999618530273,0.0,0.0
2012,5,24,16,125.0,15.0,25.0,1008.0,SE,81.12232208251953,0.0,0.0
2014,12,22,17,75.0,-10.0,4.0,1021.0,SE,59.134700775146484,0.0,0.0
2014,6,12,9,37.0,16.0,26.0,1008.0,cv,1.7899999618530273,0.0,0.0
2010,2,12,7,151.0,-21.0,-3.0,1031.0,NW,4.920000076293945,0.0,0.0
2012,10,12,11,84.0,-2.0,15.0,1025.0,SE,12.520000457763672,0.0,0.0
2011,6,23,10,170.0,20.0,29.0,1005.0,SE,24.139999389648438,0.0,0.0
2011,11,16,22,74.0,-8.0,6.0,1019.0,cv,0.8899999856948853,0.0,0.0
2010,11,23,22,300.85736083984375,0.0,1.0,1020.0,SE,0.8899999856948853,0.0,0.0
2012,7,16,15,110.0,22.0,29.0,1007.0,SE,34.86053466796875,0.0,0.0
2012,4,20,17,36.0,-4.0,12.0,1028.0,NW,1.7799999713897705,0.0,0.0
2013,8,11,10,69.0,18.0,22.0,1011.0,SE,0.8899999856948853,0.0,0.0
2013,3,22,1,158.0,-8.0,4.0,1023.0,cv,1.7899999618530273,0.0,0.0
2013,4,27,16,118.45701599121094,8.0,14.0,1008.0,SE,34.39348602294922,0.0,0.0
2010,10,5,17,4.0,7.0,12.755464553833008,1016.0,NW,9.84000015258789,0.0,0.0
2014,5,7,15,40.0,5.0,27.0,1015.0,SE,3.5799999237060547,0.0,0.0
2013,11,13,17,26.0,-10.0,12.0,1027.0,NE,4.920000076293945,0.0,0.0
2011,12,16,7,77.03655242919922,-18.0,-2.0,1024.0,NW,73.61568450927734,0.0,0.0
2010,3,1,9,16.0,-19.0,-3.0,1033.957763671875,NW,10.279999732971191,0.0,0.0
2010,7,19,13,23.323001861572266,15.0,31.07642364501953,1004.0,cv,5.351368427276611,0.0,0.0
2012,2,21,12,217.60198974609375,-8.0,-4.0,1016.0,SE,0.8899999856948853,0.0,0.0
2011,9,27,2,64.0,19.0,21.0,1010.0,SE,1.7799999713897705,0.0,0.0
2013,11,18,4,385.0876159667969,-9.0,1.0,1020.0,NW,12.069999694824219,0.0,0.0
2010,5,16,5,180.79917907714844,12.0,16.481101989746094,1005.0,cv,0.8899999856948853,0.0,0.0
2010,8,25,16,28.0,14.0,29.0,1012.0,SE,9.390000343322754,0.0,0.0
2010,4,4,18,62.882938385009766,1.0,19.0,1015.0,NW,46.333988189697266,0.0,0.0
2010,12,29,7,13.0,-21.0,-4.0,1037.0,NW,375.8427734375,0.0,0.0
2013,1,31,8,339.6387023925781,-5.0,-4.0,1027.0,SE,34.42657470703125,0.0,0.0
2014,11,21,8,72.1524887084961,-2.0,8.0,1002.0,cv,0.8899999856948853,0.0,0.0
2014,4,15,23,84.0,-4.0,8.0,1016.0,SE,42.4661865234375,0.0,0.0
2012,12,24,20,12.0,-17.0,3.0,1029.0,NW,129.54872131347656,0.0,0.0
2014,8,20,17,70.0,19.0,21.0,1013.0,SE,4.920000076293945,0.0,0.0
2014,11,15,14,112.50809478759766,4.0,6.0,1022.0,SE,2.7433886528015137,0.0,0.0
2014,3,30,10,46.0,-14.0,9.0,1015.0,SE,33.07847595214844,0.0,0.0
2012,6,15,6,12.0,13.0,23.0,1006.0,NW,6.710000038146973,0.0,1.0
2011,7,11,3,17.0,22.0,22.0,999.0,SE,9.390000343322754,0.0,0.0
2012,5,10,11,212.49436950683594,16.0,27.0,1013.0,SE,3.130000114440918,0.0,0.0
2011,9,14,21,39.19063949584961,19.0,18.0,1011.0,SE,1.7899999618530273,0.0,0.0
2012,10,18,23,34.17230987548828,10.0,16.0,1017.0,NE,0.8899999856948853,0.0,0.0
2011,3,24,15,27.0,-5.0,7.0,1023.0,NW,71.1343994140625,0.0,0.0
2013,6,18,11,189.26231384277344,16.30541229248047,25.0,1006.0,NE,4.019999980926514,0.0,0.0
2011,12,20,12,99.0,-17.0,4.0,1028.0,cv,27.75249671936035,0.0,0.0
2014,10,21,9,84.0,10.0,18.0,1013.0,NE,1.7899999618530273,0.0,0.0
2011,12,2,22,102.00171661376953,-16.0,4.0,1023.0,NW,18.336774826049805,0.0,0.0
2012,3,28,11,56.0,-17.0,0.0,1031.0,NW,5.369999885559082,0.0,0.0
2014,3,16,14,319.82855224609375,-3.0,4.0,1013.0,NW,0.8899999856948853,0.0,0.0
2014,10,1,15,21.0,-8.245288848876953,9.0,1022.0,SE,10.729999542236328,0.0,0.0
2010,1,10,19,64.31639862060547,-21.0,0.414701908826828,1032.0,NE,3.130000114440918,0.0,0.0
2010,10,21,11,146.0,7.0,20.0,1010.0,SE,12.069999694824219,0.0,0.0
2014,10,28,23,252.80975341796875,8.0,14.0,1022.0,NW,3.5799999237060547,0.0,0.0
2014,1,23,20,69.0,-9.0,-5.0,1030.0,NE,5.369585990905762,0.0,0.0
2013,3,18,6,22.0,-15.0,1.0,1026.0,cv,21.45649528503418,0.0,0.0
2011,11,21,9,39.0,0.0,6.0,1028.0,NW,8.949544906616211,0.0,1.0
2012,6,16,19,173.09339904785156,19.0,22.0,1011.0,SE,87.90101623535156,0.0,0.0
2010,11,27,23,11.0,-23.502017974853516,4.0,1023.0,NW,108.02371978759766,0.0,0.0
2014,8,22,9,66.59629821777344,18.0,25.0,1014.0,SE,39.687828063964844,0.0,0.0
2011,11,19,2,185.7064971923828,-1.0,7.0,1021.0,cv,4.920000076293945,0.0,0.0
2010,4,5,5,105.0,10.0,16.0,1009.0,NE,0.8899999856948853,0.0,0.0
2014,8,7,9,77.0,24.0,28.0,1007.0,NE,0.44999998807907104,0.0,0.0
2012,12,18,6,227.0,-14.0,-4.0,1029.0,cv,8.050000190734863,0.0,0.0
2011,2,9,23,42.0,-19.0,-4.0,1022.0,NE,10.289999961853027,0.0,0.0
2011,12,6,17,229.0,-8.0,4.0,1023.0,NW,28.13284683227539,0.0,0.0
2013,3,19,3,7.0,-8.0,6.0,1026.577880859375,NW,12.970000267028809,0.0,0.0
2010,11,21,23,102.0,1.0,1.0,1014.0,NW,0.8899999856948853,0.0,0.0
2014,1,26,17,103.0,-17.0,-4.0,1021.0,cv,1.7799999713897705,0.0,0.0
2011,11,28,23,27.0,-10.0,5.0,1018.0,NW,34.863670349121094,0.0,0.0
2013,7,19,11,9.0,17.0,34.0,998.0,NW,39.58967971801758,0.0,0.0
2011,10,29,3,80.0,4.0,10.0,1023.0,SE,0.44999998807907104,0.0,0.0
2011,6,18,12,73.4573974609375,18.0,23.0,1003.0,SE,0.8899999856948853,0.0,0.0
2012,6,9,11,21.0,15.655094146728516,30.0,1007.0,NW,4.920000076293945,0.0,0.0
2011,5,13,21,36.0,-2.0,19.0,1010.0,NW,273.355712890625,0.0,0.0
2011,5,4,2,48.0,-3.0,14.0,1015.0,NW,4.463694095611572,0.0,0.0
2011,3,30,10,9.0,-10.0,8.0,1023.0,NW,26.37088394165039,0.0,0.0
2013,5,29,12,72.4172134399414,18.0,22.0,1002.0,SE,1.7799999713897705,0.0,0.0
2010,12,23,7,49.0,-15.0,-6.0,1021.0,NW,1.7899999618530273,0.0,0.0
2013,10,25,11,27.0,-7.0,19.0,1022.0,SE,26.81999969482422,0.0,0.0
2011,2,1,10,140.0,-9.0,-4.0,1024.0,cv,1.7899999618530273,0.0,0.0
2013,9,18,0,30.0,10.0,12.0,1016.0,SE,20.17624282836914,0.0,0.0
2010,11,24,0,147.0,-7.0,-4.0,1021.0,cv,1.7799999713897705,0.0,0.0
2013,4,29,20,95.0,-4.0,20.0,1015.0,SE,4.019999980926514,0.0,0.0
2013,3,16,2,22.0,-12.0,0.0,1027.0,SE,5.36959171295166,0.0,0.0
2010,2,21,23,14.0,-24.0,-5.0,1029.0,cv,3.130000114440918,0.0,0.0
2011,10,30,11,450.4454650878906,15.0,16.0,1020.0,SE,0.44999998807907104,0.0,0.0
2011,4,18,1,11.0,-15.0,7.0,1024.0,NE,14.300000190734863,0.0,0.0
2014,7,30,18,92.0,24.0,32.0,998.0,SE,23.686742782592773,0.0,0.0
2011,8,7,11,217.12062072753906,24.0,26.0,1010.0,cv,2.680000066757202,0.0,0.0
2014,9,24,1,112.0,21.0,23.0,1012.0,SE,14.3100004196167,0.0,0.0
2012,9,26,2,79.67850494384766,12.0,16.0,1008.0,cv,1.7899999618530273,0.0,0.0
2013,6,9,10,140.7277069091797,20.0,28.0,1002.0,SE,0.8899999856948853,0.0,0.0
2011,9,22,14,10.0,11.0,30.0,1009.0,SE,77.02659606933594,0.0,0.0
2014,5,23,0,43.0,13.0,26.0,1009.0,NW,16.988285064697266,0.0,0.0
2014,12,2,10,50.0,-16.0,-2.0,1037.0,SE,5.809999942779541,0.0,0.0
2013,5,13,17,35.0,7.0,30.0,998.0,SE,55.20869064331055,0.0,0.0
2012,1,31,8,152.0,-16.0,-5.0,1020.0,cv,0.8899999856948853,0.0,0.0
2014,8,1,7,88.0,18.981552124023438,21.0,1007.0,SE,0.8899999856948853,0.0,0.0
2010,7,4,14,46.0,17.0,29.0,1006.0,SE,4.019999980926514,0.0,0.0
2014,3,5,11,11.0,-25.0,8.0,1026.0,NW,71.94034576416016,0.0,0.0
2013,4,3,14,142.6212158203125,-15.0,14.0,1023.0,NW,6.260000228881836,0.0,0.0
2013,4,19,14,132.45162963867188,-12.397165298461914,6.0,1020.0,SE,19.218870162963867,0.0,0.0
2013,11,27,20,9.0,-28.369781494140625,-2.0,1029.0,NW,226.7691192626953,0.0,0.0
2014,10,11,2,154.0,5.0,19.0,1017.0,SE,12.744023323059082,0.0,0.0
2012,7,17,10,254.64715576171875,23.0,31.0,1005.0,cv,35.7601432800293,0.0,0.0
2012,8,7,17,57.178829193115234,21.0,23.0,1003.0,NW,0.8899999856948853,0.0,0.0
2010,3,13,12,329.6307067871094,-2.0,1.0,1023.0,SE,2.680000066757202,5.906705379486084,0.0
2010,5,27,11,18.0,1.0,22.0,1005.0,SE,3.5799999237060547,0.0,0.0
2013,1,17,5,31.629348754882812,-21.0,-13.655980110168457,1033.0,NW,28.15999984741211,0.0,0.0
2010,4,22,13,90.0,-9.0,6.0,1020.0,SE,12.069999694824219,0.0,0.0
2011,12,21,19,4.712339401245117,-20.0,-6.0,1031.0,NW,6.260000228881836,0.0,0.0
2010,5,23,12,102.22203826904297,13.0,24.0,1012.0,SE,15.451662063598633,0.0,0.0
2011,3,5,2,194.0,-9.0,-4.0,1018.0,NE,8.050000190734863,0.0,0.0
2013,11,6,4,8.0,-17.0,6.0,1025.0,NW,152.43527221679688,0.0,0.0
2011,4,27,15,139.0,-2.0,16.0,1014.0,SE,3.130000114440918,0.0,0.0
2010,6,18,16,30.110145568847656,14.0,22.0,1014.0,NW,10.362689971923828,0.0,0.0
2010,6,18,0,86.0,18.0,26.0,1004.0,SE,13.859999656677246,0.0,0.0
2010,4,17,8,10.0,-11.0,12.0,1022.0,cv,3.559999942779541,0.0,0.0
2013,8,10,18,42.0,20.0,23.0,1006.0,NW,10.279999732971191,0.0,0.0
2013,2,27,4,248.18504333496094,-1.0,4.0,1011.3673095703125,NE,0.8899999856948853,0.0,0.0
2012,9,15,18,8.0,-6.0,21.0,1019.0,NW,11.389716148376465,0.0,0.0
2014,11,15,1,152.0,-6.0,3.0,1026.0,cv,0.8899999856948853,0.0,0.0
2014,4,7,22,69.0,-3.0036346912384033,12.0,1021.0,NE,2.6700000762939453,0.0,0.0
2012,9,15,8,80.0,12.0,16.0,1018.0,NE,17.8799991607666,0.0,0.0
2013,5,15,17,74.94428253173828,1.0,13.0,1006.0,SE,78.94457244873047,0.0,0.0
2010,10,1,18,191.4708709716797,5.0,12.0,1023.0,NE,0.8899999856948853,0.0,0.0
2012,9,24,3,131.9974822998047,16.0,17.0,1016.0,cv,3.5799999237060547,0.0,0.0
2011,9,11,9,23.0,14.0,21.0,1021.0,NE,3.5799999237060547,0.0,0.0
2012,11,10,19,243.38668823242188,-4.2728657722473145,-0.5614591240882874,1026.0,NW,3.130000114440918,0.0,0.0
2010,3,16,7,56.084224700927734,2.0,19.0,1011.0,NE,4.920000076293945,0.0,0.0
2013,3,12,0,16.0,-11.0,1.0,1024.0,cv,1.7799999713897705,0.0,0.0
2011,9,7,7,102.0,20.0,23.0,1008.0,cv,0.8899999856948853,0.0,0.0
2010,2,16,18,183.70892333984375,-7.0,6.0,1006.0,SE,3.5799999237060547,0.0,0.0
2010,5,25,9,69.0,3.0,26.0,1013.0,cv,3.559999942779541,0.0,0.0
2013,12,23,14,102.0,-11.0,4.0,1018.0,cv,0.8899999856948853,0.0,0.0
2014,10,2,19,8.0,-10.0,20.0,1020.0,SE,1.7899999618530273,0.0,0.0
2011,8,16,7,109.19595336914062,17.0,20.0,1009.0,NW,6.260000228881836,0.0,0.0
2014,11,15,12,66.0,-3.0,12.0,1023.0,SE,19.276927947998047,0.0,0.0
2012,11,22,23,151.15318298339844,8.0,7.0,1015.0,SE,0.8899999856948853,0.0,0.0
2013,5,20,0,82.0,7.0,14.0,1016.0,NW,29.05739974975586,0.0,0.0
2011,3,1,1,183.0,-3.0,-1.0,1026.0,NW,8.050000190734863,0.0,0.0
2012,10,19,9,75.0,2.0,6.0,1024.0,SE,1.7799999713897705,0.0,0.0
2012,9,16,21,90.0,19.0,23.0,1002.0,NW,0.8899999856948853,0.0,2.0
2010,3,8,17,22.0,-19.0,10.0,1014.2672729492188,NW,123.15652465820312,0.0,0.0
2010,5,24,22,159.2701416015625,2.0,23.0,1006.0,NW,3.130000114440918,0.0,0.0
2013,2,27,0,294.3350830078125,-9.0,-3.0,1028.0,cv,0.8899999856948853,0.0,0.0
2011,4,6,3,10.0,-4.831701278686523,7.0,1015.5792846679688,NW,167.51393127441406,0.0,0.0
2012,7,15,1,169.79400634765625,24.0,25.0,1003.0,SE,29.055740356445312,0.0,0.0
2011,8,26,21,178.07156372070312,21.0,25.0,1006.0,cv,0.8899999856948853,0.0,0.0
2010,5,17,18,14.0,15.0,16.0,1014.0,NW,3.130000114440918,0.0,0.0
2012,2,13,18,89.0,-9.0,-3.0,1028.0,SE,1.7799999713897705,0.0,0.0
2014,3,26,23,104.0,-1.0,8.0,1017.0,NW,0.8899999856948853,0.0,0.0
2010,10,29,11,66.0,5.0,5.0,1027.0,cv,1.7899999618530273,0.0,0.0
2012,1,10,22,130.11917114257812,-10.0,-4.0,1034.0,SE,3.5799999237060547,0.0,0.0
2012,8,4,18,72.0,15.0,26.87242317199707,1013.0,NW,15.474884033203125,0.0,0.0
2013,3,25,7,68.0,-1.0,0.0,1026.0,cv,0.8899999856948853,0.0,0.0
2014,4,24,19,101.0,3.0,22.0,1011.0,NW,38.01493835449219,0.0,0.0
2011,5,11,5,75.0,9.0,26.0,1004.0,SE,3.5799999237060547,0.0,1.0
2012,12,5,3,13.0,-23.0,-10.943272590637207,1029.0,NW,254.32000732421875,0.0,0.0
2012,10,27,0,10.0,3.0,8.0,1025.0,NE,0.8899999856948853,0.0,0.0
2012,10,13,21,30.0,8.0,14.0,1020.0,SE,54.665897369384766,0.0,0.0
2010,1,19,13,55.0,-11.0,-3.0,1037.0,SE,7.150000095367432,0.0,0.0
2014,12,18,21,19.0,-16.0,-3.0,1030.0,NW,4.019999980926514,0.0,0.0
2010,5,12,2,99.0,13.0,16.0,1012.0,NE,3.130000114440918,0.0,0.0
2013,12,26,12,15.0,-24.0,-5.0,1033.0,NW,94.96878814697266,0.0,0.0
2013,12,2,1,39.0,-14.0,-8.709623336791992,1030.0,NE,40.67177963256836,0.0,0.0
2010,9,5,16,72.61162567138672,15.0,21.0,1011.0,NW,13.419960021972656,0.0,0.0
2014,3,21,3,80.0,-2.0,2.0,1024.0,SE,15.199999809265137,0.0,0.0
2014,5,16,8,40.0,18.0,20.0,1003.0,NE,1.7899999618530273,0.0,1.0
2012,11,28,4,155.7083740234375,-9.0,-8.0,1022.0,NW,9.390000343322754,0.0,0.0
2011,7,19,10,258.8792724609375,23.0,24.014799118041992,1008.0,SE,48.82389450073242,0.0,0.0
2014,4,30,18,16.0,-8.0,21.0,1011.0,NW,3.5799999237060547,0.0,0.0
2011,1,30,14,63.0,-19.0,-6.0,1037.0,SE,3.130000114440918,0.0,0.0
2010,1,11,22,137.17437744140625,-8.0,-3.0,1028.0,SE,1.7899999618530273,0.0,0.0
2010,5,12,1,63.0,14.0,19.0,1011.0,NW,4.46999979019165,0.0,0.0
2011,10,16,1,43.41425704956055,10.0,11.72380256652832,1017.0,NE,15.199999809265137,0.0,0.0
2011,4,4,8,12.0,-14.0,10.0,1017.0,NW,113.91832733154297,0.0,0.0
2010,1,8,5,65.0,-5.0,-4.0,1038.0,SE,5.343783855438232,0.0,0.0
2010,9,5,12,143.0,22.0,31.0,999.0,cv,16.540000915527344,0.0,0.0
2011,6,17,18,70.0,11.0,23.0,1007.0,NW,25.03424072265625,0.0,0.0
2013,6,3,18,42.0,18.0,32.18031692504883,999.0,SE,31.734905242919922,0.0,0.0
2011,12,22,6,139.6212158203125,-9.0,-3.0,1017.0,NW,3.130000114440918,0.0,0.0
2011,1,22,23,146.09323120117188,-7.4531168937683105,-1.0,1028.0,NW,0.8899999856948853,0.0,0.0
2011,11,1,17,273.4071960449219,1.0,-0.8343945741653442,1023.0,NW,1.7899999618530273,0.0,0.0
2011,10,23,9,48.0,10.0,17.0,1021.0,cv,0.8899999856948853,0.0,0.0
2013,11,21,14,67.0,-7.0,12.0,1023.0,NW,4.019999980926514,0.0,0.0
2014,9,1,23,74.0,19.0,23.0,1008.0,SE,23.248828887939453,0.0,0.0
2014,9,20,5,135.0,16.0,21.0,1009.0,SE,1.7899999618530273,0.0,0.0
2014,9,11,20,116.0,18.0,28.0,1004.0,SE,2.6271727085113525,0.0,0.0
2011,2,12,21,58.0,-10.0,-3.0,1035.0,SE,38.97408676147461,0.0,0.0
2012,7,19,15,78.0,19.0,29.0,1010.0,cv,10.736520767211914,0.0,0.0
2011,8,30,13,262.6044006347656,21.0,27.0,1004.0,SE,6.260000228881836,0.0,0.0
2014,9,16,8,29.0,10.0,13.0,1017.0,NE,0.8899999856948853,0.0,0.0
2011,11,13,6,9.0,-16.0,6.0,1024.0,NW,115.91981506347656,0.0,0.0
2013,6,24,13,157.02639770507812,21.0,23.0,1001.0,NW,1.7799999713897705,0.0,0.0
2013,5,11,17,32.0,-7.0,30.0,995.4705200195312,NW,48.01656723022461,0.0,0.0
2011,10,24,16,9.0,-7.0,14.0,1028.0,NE,50.495887756347656,0.0,0.0
2011,10,10,18,30.0,12.297690391540527,14.0,1020.0,SE,1.7899999618530273,0.0,0.0
2013,5,11,1,42.0,16.0,23.0,1015.0,cv,1.7799999713897705,0.0,0.0
2012,5,27,8,129.0,21.0,26.0,1008.0,NW,1.7899999618530273,0.0,0.0
2013,1,30,20,117.4404296875,-12.0,-3.0,1035.0,NW,57.13780975341797,0.0,0.0
2014,11,12,5,138.26434326171875,-5.0,1.0,1026.0,NE,5.369999885559082,0.0,0.0
2014,5,2,15,52.0,6.0,31.0,1003.0,SE,22.350570678710938,0.0,0.0
2012,10,15,20,133.338623046875,5.7882585525512695,13.0,1020.0,SE,0.8899999856948853,0.0,0.0
2012,8,21,14,16.0,10.781167984008789,33.10828399658203,1011.0,cv,1.7899999618530273,0.0,0.0
2010,5,4,5,41.0,10.0,11.0,1013.0,NE,3.5799999237060547,0.0,0.0
2013,7,13,10,17.0,18.0,23.0,1006.0,NW,4.920000076293945,0.0,0.0
2010,7,30,19,198.91941833496094,21.0,26.0,1004.0,NE,0.8899999856948853,0.0,0.0
2013,4,14,15,46.0,-5.0,27.0,1005.0,SE,12.382763862609863,0.0,0.0
2010,8,16,17,95.0,13.0,24.0,1013.0,SE,7.150000095367432,0.0,0.0
2014,7,10,10,36.0,19.0,26.0,1004.0,NW,6.260000228881836,0.0,0.0
2014,6,23,13,38.0,17.0,25.0,1004.0,SE,16.989999771118164,0.0,0.0
2013,4,15,19,142.45436096191406,-1.0,17.0,1012.0,SE,50.066043853759766,0.0,0.0
2011,7,28,14,283.7939147949219,27.434972763061523,28.0,1003.0,SE,2.466155767440796,0.0,0.0
2012,8,22,3,54.0,18.0,20.0,1010.0,NW,1.7899999618530273,0.0,0.0
2012,4,13,9,63.0,-4.0,23.0,1005.0,SE,34.42549133300781,0.0,0.0
2011,9,13,14,53.2924919128418,20.0,29.0,1006.0,SE,25.489927291870117,0.0,0.0
2014,5,6,4,238.11766052246094,14.0,15.0,1015.0,cv,0.8899999856948853,0.0,0.0
2012,4,13,16,18.0,-12.0,15.0,1018.0,NW,72.3198471069336,0.0,0.0
2011,8,29,19,17.0,9.0,22.0,1014.0,NW,118.19541931152344,0.0,0.0
2012,12,19,16,137.0,-13.0,-3.0,1033.0,SE,2.6700000762939453,0.0,0.0
2010,12,21,0,232.80300903320312,-17.0,-3.0,1019.0,NW,4.019999980926514,0.0,0.0
2012,4,19,21,30.0,10.0,11.0,1009.0,NW,9.84000015258789,0.0,0.0
2011,8,20,17,98.0,20.0,24.0,1009.0,SE,11.619999885559082,0.0,0.0
2012,12,20,7,119.0,-19.0,-4.0,1033.0,NW,17.430532455444336,0.0,0.0
2014,2,29,13,49.0,-14.0,11.0,1012.0,cv,23.866619110107422,0.0,0.0
2010,4,7,1,44.0,-3.0,2.0,1012.0,NW,63.086483001708984,0.0,0.0
2011,3,1,4,45.0,-10.0,0.0,1021.1131591796875,cv,2.29532790184021,0.0,0.0
2011,4,11,22,308.4705505371094,-1.0,0.0,1011.0,NE,11.628302574157715,0.0,0.0
2014,12,26,1,129.0,-12.0,-9.0,1031.6016845703125,NW,8.143675804138184,0.0,0.0
2010,8,26,12,25.0,16.0,24.622453689575195,1010.0,SE,3.5799999237060547,0.0,0.0
2014,4,5,8,42.234222412109375,4.0,15.0,1010.0,NE,0.8899999856948853,0.0,0.0
2014,5,29,7,21.0,-5.0,25.0,1009.0,NW,47.83991622924805,0.0,0.0
2011,7,17,17,162.07350158691406,17.0,27.0,1002.0,SE,21.469402313232422,0.0,0.0
2012,5,23,18,61.0,-0.9394358396530151,14.0,1017.0,SE,1.7899999618530273,0.0,0.0
2011,5,29,18,150.0,13.0,21.0,1016.0,NE,3.130000114440918,0.0,0.0
2012,3,7,17,17.0,-16.0,9.0,1019.0,NW,81.57952880859375,0.0,0.0
2013,5,15,23,132.43373107910156,10.0,16.0,1007.0,cv,3.130000114440918,0.0,0.0
2014,8,1,20,106.0,17.0,20.0,1016.0,cv,8.126996040344238,0.0,0.0
2014,5,8,9,69.0,13.0,21.0,1015.0,SE,6.260000228881836,0.0,0.0
2010,8,4,23,95.10919952392578,18.0,28.0,1006.0,SE,14.857211112976074,0.0,0.0
2013,2,27,21,161.3487091064453,-12.0,2.0,1024.0,SE,1.7899999618530273,0.0,0.0
2010,4,3,3,82.0566635131836,18.0,22.0,1005.0,SE,51.52228546142578,0.0,0.0
2012,12,18,4,18.0,-16.0,-3.0,1032.0,NE,14.75,0.0,0.0
2014,6,30,11,94.0,22.0,29.0,1010.0,SE,5.369999885559082,0.0,0.0
2011,5,5,4,27.0,15.0,18.0,1008.0,NW,13.425246238708496,0.0,0.0
2012,4,16,22,180.0,-11.0,4.0,1024.0,NE,0.8899999856948853,0.0,0.0
2012,7,18,15,24.0,22.0,32.0,1003.0,SE,3.130000114440918,0.0,0.0
2011,6,17,7,18.0,14.0,25.0,1007.0,NE,9.390000343322754,0.0,0.0
2014,8,1,20,51.0,16.0,22.92396354675293,1005.0,SE,35.30795669555664,0.0,0.0
2010,2,19,5,169.50961303710938,-8.0,2.0,1022.0,SE,11.170000076293945,0.0,0.0
2012,9,15,8,44.32145309448242,5.0,19.0,1012.0,NE,1.7899999618530273,0.0,0.0
2011,4,29,8,94.0,6.0,20.0,1007.0,SE,12.742966651916504,0.0,0.0
2014,2,24,0,242.7059326171875,-4.0,0.0,1023.12548828125,NE,5.369999885559082,0.0,0.0
2013,11,29,17,17.0,-14.0,-3.0,1022.0,NW,29.948261260986328,0.0,0.0
2014,12,18,12,407.25518798828125,-7.0,-3.0,1015.0,NE,0.8899999856948853,0.0,0.0
2011,7,31,12,78.0,24.0,28.0,1006.0,cv,0.8899999856948853,0.0,0.0
2010,11,26,15,19.0,-16.0,6.0,1020.0,SE,21.010000228881836,0.0,0.0
2010,5,16,17,27.0,-4.0,26.0,1001.40966796875,NW,122.22533416748047,0.0,0.0
2011,7,22,17,111.0,18.0,29.0,1001.9814453125,SE,15.917557716369629,0.0,0.0
2012,8,20,7,114.84369659423828,23.446002960205078,24.0,1003.0,cv,7.159999847412109,0.0,0.0
2014,11,10,16,166.62060546875,-13.0,0.0,1031.0,NE,0.8899999856948853,0.0,0.0
2011,5,12,11,22.0,6.0,19.0,1018.0,NW,25.93000030517578,0.0,0.0
2011,1,5,1,56.0,-19.0,-7.0,1022.0,NW,2.6700000762939453,0.0,0.0
2010,12,18,19,22.796852111816406,-22.0,-4.0,1035.0,NW,12.069999694824219,0.0,0.0
2010,11,18,6,34.0,4.811880588531494,10.0,1025.0,SE,3.5799999237060547,0.0,0.0
2013,7,28,20,271.2884216308594,21.0,25.0,1003.0,SE,48.96390151977539,0.0,1.6627873182296753
2010,6,31,22,24.0,8.0,23.0,1016.0,NW,11.628219604492188,0.0,0.0
2010,8,30,5,50.0,19.0,22.0,1008.0,cv,1.7899999618530273,0.0,0.0
2013,9,7,19,180.0,19.0,21.0,1009.0,NW,21.900257110595703,0.0,0.0
2013,12,24,18,252.54505920410156,-11.0,-4.0,1019.0,SE,0.8899999856948853,0.0,0.0
2012,9,24,21,73.51316833496094,21.0,27.0,1010.0,NW,25.471172332763672,0.0,0.0
2014,8,22,11,159.0,18.0,28.0,1013.5479736328125,cv,0.8899999856948853,0.0,0.0
2012,2,24,21,46.0,-17.0,8.06203842163086,1024.0,SE,28.608200073242188,0.0,0.0
2013,2,10,12,86.0,-4.0,-2.0,1026.0,SE,91.39599609375,0.0,0.0
2011,8,22,17,192.9975128173828,24.0,29.0,1003.0,NE,20.56999969482422,0.0,0.0
2014,5,11,12,61.160011291503906,17.0,28.0,1007.0,SE,15.199999809265137,0.0,0.0
2012,10,8,16,31.0,15.0,23.0,1021.0,SE,7.079041004180908,0.0,0.0
2010,4,22,15,18.0,-21.0,14.0,1017.0,SE,7.150000095367432,0.0,0.0
2011,10,18,14,27.442373275756836,12.0,25.0,1018.0,SE,1.7899999618530273,0.0,0.0
2014,2,5,4,128.630859375,-8.0,0.42328009009361267,1021.0,cv,0.8899999856948853,0.0,0.0
2010,9,7,7,253.40640258789062,7.0,17.0,1015.0,cv,12.069999694824219,0.0,0.0
2014,5,18,20,105.0,11.0,18.0,1011.0,NW,1.7899999618530273,0.0,0.0
2013,5,3,12,24.0,-6.0,27.0,1000.0,SE,43.581398010253906,0.0,0.0
2014,7,24,13,88.0,23.0,33.0,1009.0,SE,10.734335899353027,0.0,1.0
2014,12,31,2,53.0,-18.0,-8.0,1023.0,NW,14.760000228881836,0.0,0.0
2011,2,24,11,349.3550109863281,-7.0,-3.0,1029.0,SE,0.8899999856948853,0.0,0.0
2011,11,21,7,104.0,-1.0,2.0,1021.0,NE,0.8899999856948853,0.0,0.0
2010,3,1,21,82.0,-17.0,4.0,1013.0,SE,21.899999618530273,0.0,0.0
2014,8,6,23,95.0,19.0,21.0,1012.0,SE,49.92871856689453,0.0,0.0
2010,6,21,22,86.0,11.0,19.0,1011.0,cv,11.17822265625,0.0,0.0
2013,5,2,22,31.0,17.0,24.0,1012.0,SE,29.950000762939453,0.0,0.0
2014,11,22,7,174.0,-1.0,6.0,1020.0,NE,0.8899999856948853,0.0,0.0
2010,10,12,13,144.0,11.0,15.0,1010.0,cv,1.7899999618530273,0.0,0.0
2012,3,7,1,15.0,-15.0,6.0,1021.0,NW,2.680000066757202,0.0,0.0
2013,9,24,17,58.0,7.0,23.0,1015.0,cv,4.920000076293945,0.0,0.0
2013,5,20,20,124.0,16.67926788330078,21.0,1007.0,SE,1.7899999618530273,0.0,0.0
2014,5,2,14,25.0,18.0,24.0,1007.0,SE,8.5,0.0,0.0
2013,8,10,9,72.0,19.0,25.0,1006.0,NE,3.569999933242798,0.0,0.0
2014,7,11,22,60.0,20.0,23.0,1006.0,cv,1.7899999618530273,0.0,0.0
2014,4,28,21,61.0,-8.0,1.0,1017.0,NW,1.7899999618530273,0.0,0.0
2010,10,20,20,239.6374053955078,11.0,13.0,1017.0,SE,4.920000076293945,0.0,0.0
2012,12,1,22,21.0,-22.0,-2.0,1028.0,NW,6.710000038146973,0.0,0.0
2010,3,18,12,32.0,-9.0,14.0,1027.0791015625,NW,4.4567131996154785,0.0,0.0
2010,8,14,13,43.0,14.0,21.0,1009.0,SE,1.7899999618530273,0.0,0.0
2013,12,21,18,76.87639617919922,-13.0,0.0,1020.0,SE,3.130000114440918,0.0,0.0
2013,9,21,7,199.0,18.0,26.0,1006.0,SE,1.7899999618530273,0.0,0.0
2010,12,28,3,155.0,-8.0,-3.0,1013.0,SE,1.7899999618530273,0.0,0.0
2011,9,10,11,70.0,18.0,20.0,1012.0,SE,1.7899999618530273,0.0,0.0
2010,6,8,23,132.0,16.0,19.0,1013.0,cv,4.019999980926514,0.0,0.0
2013,1,1,21,17.0,-24.0,-8.0,1028.0,NW,92.19754028320312,0.0,0.0
2010,5,6,23,95.0,5.0,23.0,1007.0,SE,1.7899999618530273,0.0,0.0
2012,1,6,6,133.0,-8.0,0.0,1015.0,cv,1.7899999618530273,0.0,0.0
2012,12,12,22,48.0,-17.0,-8.0,1021.9722290039062,cv,0.8899999856948853,0.0,0.0
2013,3,15,6,239.20675659179688,0.0,0.0,1024.0,cv,0.8899999856948853,0.0,0.0
2010,2,4,18,104.0,-11.0,2.0,1024.0,NW,8.050000190734863,0.0,0.0
2013,9,28,20,93.0,14.0,25.0,1014.0,NE,6.260000228881836,0.0,0.0
2010,3,12,17,21.0,-20.0,8.0,1022.0,NW,18.651884078979492,0.0,0.0
2010,9,21,21,61.373573303222656,15.0,23.0,1016.0,NE,35.7265739440918,0.0,0.0
2011,10,26,22,80.0,12.778497695922852,14.0,1014.0,SE,34.59516525268555,0.0,0.0
2013,3,4,14,17.0,-20.0,0.0,1031.0,cv,34.86768341064453,0.0,0.0
2010,11,27,23,194.0,-7.0,1.0,1012.0,NW,0.8899999856948853,0.0,0.0
2014,6,15,13,76.166259765625,17.0,30.0,1007.0,NW,18.329999923706055,0.0,0.0
2010,5,3,17,15.0,3.0,28.0,1004.0,NW,3.5799999237060547,0.0,0.0
2014,4,20,17,66.0,-5.0,5.0,1016.0,SE,12.069999694824219,0.0,0.0
2012,12,9,22,15.025022506713867,-15.0,-2.0985546112060547,1036.0,NW,13.859999656677246,0.0,0.0
2012,7,30,21,85.0,23.0,29.0,1003.0,SE,1.7899999618530273,0.0,0.0
2010,7,23,20,54.0,20.0,28.0,1008.0,SE,19.22043800354004,0.0,0.0
2013,3,17,7,396.6502685546875,-1.0,3.0,1003.0,cv,0.44999998807907104,0.0,0.0
2014,5,14,19,173.63914489746094,4.0,17.0,1017.0,NW,16.989999771118164,0.0,0.0
2011,5,10,6,32.50185775756836,13.0,16.0,1015.0,SE,53.02512741088867,0.0,0.0
2011,12,1,8,107.0,-11.0,-6.0,1031.0,NW,0.8899999856948853,0.0,0.0
2011,1,7,4,65.0,-11.0,-2.0,1033.0,SE,4.920000076293945,0.0,0.0
2013,10,27,14,167.0,5.649978160858154,19.0,1015.0,cv,7.150000095367432,0.0,0.0
2012,11,29,4,113.0,2.0,3.0,1026.0,cv,1.7899999618530273,0.0,0.0
2011,6,9,23,122.0,16.0,24.0,1010.0,SE,0.8899999856948853,0.0,0.0
2010,4,12,13,10.0,-20.0,18.0,1018.0,NW,23.9086856842041,0.0,0.0
2012,4,20,20,77.66976165771484,10.0,13.0,1006.0,SE,6.710000038146973,0.0,0.0
2011,9,2,7,63.0,13.0,19.0,1008.0,NW,1.7899999618530273,0.0,0.0
2014,10,22,2,16.0,-11.0,8.0,1023.0,NW,71.91987609863281,0.0,0.0
2011,3,13,1,100.35172271728516,-4.0,0.0,1025.0,SE,11.620150566101074,0.0,0.0
2013,2,16,1,164.0,-7.0,-3.0,1028.0,NW,18.331403732299805,0.0,0.0
2011,10,18,21,80.0,4.5208282470703125,8.0,1018.0,NE,3.130000114440918,0.0,0.0
2014,11,18,5,58.0,2.0,3.0,1014.0,SE,3.432828426361084,0.0,0.0
2010,7,19,17,36.0,17.0,30.0,1000.9247436523438,SE,14.999496459960938,0.0,0.0
2014,12,2,19,12.0,-21.0,0.0,1031.4940185546875,NW,15.199999809265137,0.0,0.0
2014,4,22,17,15.520888328552246,-19.0,14.0,1023.0,NW,27.130830764770508,0.0,0.0
2012,8,18,6,116.07353210449219,16.0,19.0,1012.0,NW,0.8899999856948853,0.0,0.0
2011,8,14,8,36.0,21.0,22.0,997.0,NE,3.5799999237060547,0.0,0.0
2011,10,12,10,41.0,-9.0,13.0,1023.0,SE,0.8899999856948853,0.0,0.0
2014,5,30,14,12.0,-8.0,22.628215789794922,1017.0,cv,1.7899999618530273,0.0,0.0
2011,7,5,16,88.5025634765625,12.0,35.0,1001.0,SE,19.671201705932617,0.0,0.0
2010,11,18,22,355.8044128417969,12.0,15.0,1018.0,cv,0.8899999856948853,0.0,0.0
2010,10,11,10,50.0,-1.0,15.0,1021.0,NW,2.680000066757202,0.0,0.0
2013,6,29,18,24.0,8.0,28.0,1004.0,NW,58.79258728027344,0.0,0.0
2013,11,21,21,45.0,-7.0,-3.0,1018.0,cv,0.8899999856948853,0.0,0.0
2010,7,18,12,95.0,23.0,28.0,1011.0,SE,2.680000066757202,0.0,0.0
2014,11,18,5,20.0,0.0,2.0,1024.0,NW,8.050000190734863,0.0,0.0
2013,5,17,18,39.0,7.0,32.0,1012.0,SE,1.7899999618530273,0.0,0.0
2010,12,22,4,65.0,-10.0,2.0,1025.0,NW,8.948063850402832,0.0,0.0
2014,12,20,10,188.26181030273438,-18.0,-3.0,1013.0,NE,0.8899999856948853,0.0,0.0
2014,5,22,12,14.0,5.0,21.880544662475586,1018.0,SE,0.8899999856948853,0.0,0.0
2014,10,9,13,52.0,5.0,21.0,1002.0,NW,0.8899999856948853,0.0,0.0
2013,6,3,16,32.0,16.0,21.0,1004.0,cv,35.270477294921875,0.0,0.0
2013,7,24,9,179.69613647460938,21.0,26.0,1002.0,NE,1.7899999618530273,0.0,0.0
2010,2,15,8,15.0,-22.0,-5.0,1037.0,NW,122.63097381591797,0.0,0.0
2012,11,21,20,277.4072265625,-4.0,0.0,1024.0,NE,4.019999980926514,0.0,0.0
2012,2,19,11,39.0,-9.0,-2.0,1031.0,SE,1.7899999618530273,0.0,0.0
2014,7,27,11,17.0,16.0,31.0,1001.0,cv,4.019999980926514,0.0,0.0
2014,4,18,21,50.0,6.0,15.0,1022.0,cv,31.954755783081055,0.0,0.0
2014,2,22,0,86.0,-0.5404019951820374,-0.6686946749687195,1018.0,cv,0.8899999856948853,0.0,0.4930925667285919
2013,5,15,17,64.0,13.0,15.0,1014.0,SE,6.710000038146973,0.0,0.0
2014,3,31,0,76.01499938964844,-13.0,3.0,1023.0,NW,4.91113805770874,0.0,0.0
2012,4,7,0,96.0,-1.0,13.0,1018.7835693359375,NW,5.809999942779541,0.0,0.0
2013,4,29,2,19.0,7.0,27.0,1011.0,NW,107.05406188964844,0.0,0.0
2012,10,16,20,182.72027587890625,5.0,8.0,1022.0,cv,0.8899999856948853,0.0,0.0
2010,10,16,2,62.0,8.0,16.0,1018.0,SE,12.040241241455078,0.0,1.0
2012,11,19,7,108.0,-2.0,5.0,1026.0,cv,1.7899999618530273,0.0,0.0
2011,7,26,13,46.0,14.0,24.0,1002.0,NE,23.24083137512207,0.0,0.0
2014,6,22,17,77.78932189941406,14.0,24.0,1011.0,cv,8.9399995803833,0.0,0.0
2012,10,22,15,15.023420333862305,-7.0,17.0,1023.0,NW,24.139999389648438,0.0,0.0
2014,10,18,14,40.0,1.0,18.0,1026.0,NW,5.809999942779541,0.0,0.0
2014,3,17,1,48.0,-7.0,-4.0,1026.0,NE,1.7899999618530273,0.0,0.0
2014,6,2,10,88.0,18.0,28.0,1011.0,cv,4.920000076293945,0.0,0.0
2010,12,5,14,47.0,-13.0,5.0,1016.0,NE,58.796234130859375,0.0,0.0
2011,3,3,0,125.0,-9.0,-1.0,1030.0,SE,0.8899999856948853,0.0,0.0
2010,3,23,23,54.24737548828125,-4.0,0.0,1013.0,NW,9.390000343322754,0.0,0.0
2011,10,10,16,48.0,12.0,22.0,1013.0,SE,3.5799999237060547,0.0,0.0
2013,5,22,22,127.06909942626953,13.528182029724121,19.0,1004.0,SE,10.587224960327148,0.0,0.0
2011,12,16,11,63.0,-13.0,-1.0,1022.0,cv,1.7899999618530273,0.0,0.0
2012,12,14,1,146.64129638671875,-19.0,-10.0,1028.0,cv,2.6700000762939453,0.0,0.0
2011,4,29,8,189.1431121826172,13.0,16.0,1020.0,SE,1.7799999713897705,0.0,0.0
2011,12,15,7,97.1819839477539,-6.0,-3.0,1029.0,cv,0.8899999856948853,0.0,0.0
2013,8,15,12,138.5208282470703,24.0,29.0,1001.0,SE,21.506181716918945,0.0,0.0
2013,8,26,21,91.0,22.0,26.0,1014.0,SE,14.30438232421875,0.0,0.0
2011,8,21,7,101.0,17.0,23.0,1005.0,SE,3.130000114440918,0.0,1.9737945795059204
2013,6,21,10,138.0,9.0,17.0,1010.0,SE,0.8899999856948853,0.0,0.0
2012,9,13,22,68.0,16.0,21.0,1010.0,SE,12.964865684509277,0.0,0.0
2010,6,23,15,28.0,5.0,32.0,1004.0,SE,6.260000228881836,0.0,0.0
2010,7,15,20,149.0,20.0,29.0,1003.0,SE,56.058074951171875,0.0,0.0
2014,6,8,12,46.0,20.0,23.87454605102539,1003.0,cv,0.8899999856948853,0.0,0.0
2013,3,3,4,86.0,-2.6287448406219482,0.0,1023.0,SE,2.6700000762939453,0.0,0.0
2010,1,14,5,257.743408203125,-11.0,-6.0,1024.0,NW,12.069999694824219,0.0,0.0
2013,2,23,23,56.0,-4.0,0.0,1020.0,SE,0.8899999856948853,0.0,0.0
2010,6,19,20,122.04618072509766,19.0,21.0,1008.0,SE,5.809999942779541,0.0,0.0
2011,9,21,14,96.0,18.0,26.0,1007.0,SE,6.710000038146973,0.0,0.0
2011,7,24,12,100.76593017578125,18.0,24.0,1002.0,cv,1.7799999713897705,0.0,0.0
2014,10,20,15,83.39604187011719,4.0,20.0,1021.0,SE,2.6700000762939453,0.0,0.0
2011,1,6,23,84.75132751464844,-10.0,-5.0,1024.0,SE,5.369999885559082,0.0,0.0
2012,3,27,19,134.3757781982422,-12.0,3.0,1022.0,cv,0.8899999856948853,0.0,0.0
2012,7,5,8,107.0,24.0,27.0,1004.0,NW,9.84000015258789,0.0,0.0
2012,12,14,17,287.7503662109375,-14.0,3.0,1030.0,SE,28.873048782348633,0.0,0.0
2010,6,15,18,27.0,8.0,29.0,1004.0,NE,26.949480056762695,0.0,0.0
2014,4,1,5,154.0,15.0,19.0,1013.0,SE,1.7899999618530273,0.0,0.0
2012,7,7,4,43.0,20.0,22.0,1003.0,NE,1.7899999618530273,0.0,0.0
2010,7,1,15,191.82110595703125,22.0,29.0,1003.0,SE,1.7899999618530273,0.0,0.0
2010,10,8,6,72.0,14.0,17.0,1016.0,SE,0.8899999856948853,0.0,0.0
2013,11,16,19,13.0,-16.0,8.0,1021.0,NW,68.10897827148438,0.0,0.0
2013,5,22,10,84.44896697998047,15.0,17.0,1017.0,NW,0.8899999856948853,0.0,0.0
2011,12,18,0,93.0,-21.0,-9.0,1023.0,cv,1.7899999618530273,0.0,0.0
2013,7,3,13,98.75830841064453,24.0,32.0,1001.0,SE,7.150000095367432,0.0,0.0
2010,9,31,3,85.0,20.0,21.0,1013.0,NE,1.7899999618530273,0.0,0.0
2011,7,23,3,93.0,21.239513397216797,25.0,1006.0,SE,0.8899999856948853,0.0,0.0
2010,2,3,1,18.0,-13.0,2.0,1023.0,SE,86.68878173828125,0.0,0.0
2014,2,4,4,154.0,-9.0,-5.0,1023.0,SE,1.7899999618530273,0.0,0.0
2014,3,23,6,9.0,10.0,11.0,1013.0,cv,3.130000114440918,0.0,0.0
2012,11,10,13,13.635719299316406,-18.0,11.521441459655762,1022.0,NW,15.199883460998535,0.0,0.0
2011,2,21,12,450.644287109375,-3.0,6.0,1025.0,cv,0.8899999856948853,0.0,0.0
2013,11,8,23,87.0,-4.0,2.0,1022.0,SE,0.8899999856948853,0.0,0.0
2010,1,3,17,68.0,-14.0,-3.0,1023.0,NW,32.96501922607422,0.0,0.0
2011,5,15,15,50.971431732177734,15.0,25.0,1016.0,cv,1.7899999618530273,0.0,0.0
2012,10,25,12,98.0,-6.0,12.0,1025.0,SE,1.7899999618530273,0.0,0.0
2011,9,30,11,30.638046264648438,14.0,24.0,1006.0,SE,9.829999923706055,0.0,0.0
2013,1,2,23,15.642589569091797,-27.39978790283203,-9.566396713256836,1038.8260498046875,NW,234.8448028564453,0.0,0.0
2011,3,13,3,261.81292724609375,-4.0,7.0,1010.0,cv,1.7899999618530273,0.0,0.0
2013,10,8,9,419.2667541503906,15.0,14.0,1021.0,SE,1.7899999618530273,0.0,0.0
2011,8,2,3,169.0,19.0,23.0,1001.0,SE,7.150000095367432,0.0,0.0
2014,9,9,19,93.0,17.0,21.0,1009.0,SE,10.015954971313477,0.0,0.0
2013,6,2,6,84.0,8.0,15.0,999.0,cv,0.8899999856948853,0.0,0.0
2012,7,24,10,91.40911102294922,23.0,23.0,1003.0,NW,1.7799999713897705,0.0,0.0
2012,2,18,17,16.0,-18.0,11.0,1009.0,NE,4.449999809265137,0.0,0.0
2010,1,20,5,87.0,-17.0,-6.0,1028.0,NW,1.7899999618530273,0.0,0.0
2011,3,19,22,84.0,-7.0,6.0,1021.0,SE,7.6087422370910645,0.0,0.0
2014,7,2,20,7.0,23.0,26.0,1008.0,NW,5.416774272918701,0.0,0.0
2013,2,20,8,80.0,-6.0,-4.0,1022.0,SE,3.559999942779541,0.0,0.0
2013,10,8,4,163.0,13.0,16.0,1017.0,cv,1.5107542276382446,0.0,0.0
2013,5,7,5,62.0,4.0,15.0,1017.0,SE,19.60742950439453,0.0,0.0
2014,2,26,20,161.0,-5.0,0.0,1014.0,cv,1.7799999713897705,0.0,0.0
2013,2,24,13,15.0,-21.0,-3.0,1033.0,NW,283.94384765625,0.0,0.0
2012,10,21,18,129.0,11.0,19.0,1017.0,SE,12.960000038146973,0.0,0.0
2010,1,4,5,18.0,-19.0,-9.0,1033.0,NW,12.520941734313965,0.0,0.0
2013,4,16,2,70.0,2.0,11.0,1014.0,SE,7.150000095367432,0.0,0.0
2010,2,9,16,31.377840042114258,-16.0,-2.0,1029.0,NE,8.039999961853027,0.0,0.0
2013,2,23,3,93.8157730102539,-8.0,-4.0,1022.0,NW,2.6700000762939453,0.0,0.0
2014,11,1,5,10.471144676208496,-2.0,7.0,1021.0,cv,3.5799999237060547,0.0,0.0
2014,1,21,12,53.0,-15.0,-3.0,1027.0,NW,1.7899999618530273,0.0,0.0
2014,8,14,15,78.0,22.47791290283203,27.0,1011.0,SE,53.64616775512695,0.0,0.0
2012,1,3,18,9.0,-16.0,-6.0,1026.0,NW,16.989999771118164,1.0,0.0
2010,12,21,6,150.2244873046875,-8.0,-4.0,1012.0,NW,0.8899999856948853,0.0,0.0
2014,3,24,19,50.0,-10.0,-2.0,1026.0,SE,1.7899999618530273,0.0,0.0
2011,7,8,19,147.3066864013672,25.0,29.0,1002.0,SE,30.016633987426758,0.0,5.2449727058410645
2011,1,21,22,69.0,-15.0,-5.0,1035.0,NE,0.8899999856948853,0.0,0.0
2011,4,21,4,53.0,-3.0,10.0,1028.0,NE,1.7899999618530273,0.0,0.0
2011,12,5,19,196.0,-9.0,2.0,1023.0,NE,4.920000076293945,0.0,0.0
2014,12,23,15,121.0,-8.0,0.0,1021.0,cv,0.8899999856948853,0.0,0.0
2012,8,27,1,154.96261596679688,20.0,21.0,1004.0,NE,1.7799999713897705,0.0,0.0
2011,10,21,16,59.0,10.0,12.0,1013.95166015625,SE,9.84000015258789,0.0,0.0
2010,7,31,8,49.0,16.0,28.0,1002.0,NW,1.7899999618530273,0.0,0.0
2014,10,14,12,10.0,-7.0,15.0,1028.0,NW,4.451059818267822,0.0,0.0
2010,6,11,18,42.0,7.0,27.0,1014.0,SE,21.010000228881836,0.0,0.0
2010,9,23,0,35.0,21.0,24.0,997.0,NW,6.710000038146973,0.0,0.0
2010,10,17,14,152.53311157226562,2.0,16.0,1015.0,NW,14.863465309143066,0.0,0.0
2010,7,14,19,151.0,20.0,26.0,1005.0,NW,4.920000076293945,0.0,0.0
2012,2,7,7,8.0,-27.8365421295166,-10.0,1033.5531005859375,NW,195.98526000976562,0.0,0.0
2014,6,28,12,13.0,12.0,27.0,1005.0,NW,13.41786003112793,0.0,0.0
2010,12,22,7,336.2577819824219,-9.0,-5.0,1027.0,NW,8.050000190734863,0.0,0.0
2011,2,24,18,318.1647644042969,-6.0,2.0,1028.0,cv,0.8899999856948853,0.0,0.0
2010,7,24,12,223.6232452392578,23.0,31.0,1007.0,SE,3.130000114440918,0.0,0.0
2012,7,1,0,168.51422119140625,23.0,24.0,1004.0,NW,3.5799999237060547,0.0,4.0
2012,7,3,4,35.0,20.0,24.0,994.1499633789062,NW,12.069999694824219,0.0,0.0
2010,6,30,8,222.98193359375,19.0,23.0,1003.0,NW,9.84000015258789,0.0,0.0
2011,11,21,3,34.0,-5.0,0.0,1024.0,NE,0.8899999856948853,0.0,0.0
2013,10,28,10,80.0,13.0,12.0,1021.0,SE,0.8899999856948853,0.0,0.0
2014,6,7,8,134.0,23.0,26.0,1005.0,SE,4.463681221008301,0.0,0.0
2010,5,5,23,129.0,20.0,24.0,1009.0,cv,0.8899999856948853,0.0,0.0
2010,10,20,6,232.1787567138672,0.0,3.0,1024.0,cv,0.8899999856948853,0.0,0.0
2014,2,30,15,22.0,-19.0,-3.0,1031.0,NW,0.8899999856948853,0.0,0.0
2014,12,10,15,16.0,-26.0,1.0,1029.0,NW,67.26634979248047,0.0,0.0
2011,4,9,3,64.14561462402344,0.0,8.0,1016.0,NW,8.084800720214844,0.0,0.0
2013,2,2,7,10.0,-17.0,-4.0,1024.0,NW,87.2942886352539,0.0,0.0
2014,3,13,19,81.0,-16.0,5.0,1025.0,SE,20.56999969482422,0.0,0.0
2010,5,20,12,12.0,9.0,29.0,1003.0,SE,3.130000114440918,0.0,0.0
2014,12,21,7,133.0,-4.0,-2.0,1025.141845703125,SE,1.7899999618530273,0.0,0.0
2010,2,24,0,19.69744300842285,-20.0,-1.0,1027.0,NW,65.60894012451172,0.0,0.0
2013,4,28,19,282.8932800292969,0.0,18.0,1015.0,SE,10.729999542236328,0.0,0.0
2013,2,1,20,8.0,-24.554075241088867,-9.0,1040.69921875,NE,22.349355697631836,0.0,0.0
2010,7,18,20,139.0,24.0,27.0,997.0,SE,1.7899999618530273,0.0,0.0
2012,10,20,21,43.1356315612793,9.0,17.0,1018.0,cv,0.8899999856948853,0.0,0.0
2012,3,16,15,39.0,-5.0,13.0,1017.0,cv,22.69780731201172,0.0,0.0
2012,4,20,13,93.82098388671875,-2.0,24.0,1015.0,cv,99.27857971191406,0.0,0.0
2011,8,23,11,52.0,15.0,24.0,1014.0,SE,33.97956085205078,0.0,0.0
2014,4,22,16,136.0,3.0,16.0,1017.0,SE,7.159999847412109,0.0,0.0
2013,8,5,7,99.2940902709961,20.335241317749023,23.0,1006.0,cv,0.8899999856948853,0.0,0.0
2013,3,23,20,199.0,4.0,10.0,1020.0,SE,66.3017578125,0.0,0.0
2013,1,14,5,165.10694885253906,-17.0,-8.679866790771484,1027.0,NW,21.00797462463379,0.0,0.0
2010,11,28,20,174.0,0.0,5.0,1016.0,SE,1.7899999618530273,0.0,0.0
2014,5,20,8,11.0,17.0,23.0,1016.0,SE,1.7899999618530273,0.0,0.0
2011,10,5,3,36.0,0.0,14.0,1027.0,cv,13.852675437927246,0.0,0.0
2012,9,18,17,155.78924560546875,18.0,21.0,1009.0,SE,4.010817050933838,0.0,0.0
2014,11,9,11,13.0,-19.0,-2.0,1036.0,NW,89.4291763305664,0.0,0.0
2010,10,19,0,261.4546813964844,14.0,13.0,1014.0,SE,7.9674248695373535,0.0,0.0
2012,7,7,15,100.0,24.0,31.0,1001.4254150390625,SE,18.780000686645508,0.0,0.0
2013,9,15,14,3.4409596920013428,4.967123508453369,21.0,1013.0,NW,35.7659797668457,0.0,0.0
2011,1,15,8,25.0,-20.0,-9.0,1039.0,cv,0.8899999856948853,0.0,0.0
2011,7,23,15,38.0,15.0,31.0,998.2598266601562,SE,9.84000015258789,0.0,0.0
2014,5,20,20,85.76798248291016,15.0,20.0,1016.0,cv,7.150000095367432,0.0,0.0
2013,3,8,18,23.706235885620117,-18.0,11.0,1023.0,NE,1.7899999618530273,0.0,0.0
2012,1,21,15,18.0,-21.0,-3.0,1034.0,NE,73.56492614746094,0.0,0.0
2010,7,25,11,175.0,24.0,29.0,1004.0,SE,3.5799999237060547,0.0,0.0
2011,2,10,7,45.0,-5.0,-4.0,1028.0,SE,64.83946990966797,0.0,0.0
2013,2,6,16,30.0,-1.0,4.0,1028.0,SE,1.7799999713897705,0.0,0.0
2013,2,6,16,226.55685424804688,-4.0,6.0,1018.0,SE,1.7899999618530273,0.0,0.0
2010,10,18,7,60.0,5.0,16.0,1004.0,cv,80.10467529296875,0.0,0.0
2010,5,8,7,90.0,15.0,19.0,1012.0,SE,33.48074722290039,0.0,0.0
2012,11,5,21,37.0,-3.0,7.0,1021.0,NW,1.7899999618530273,0.0,0.0
2013,5,29,5,96.0,14.0,15.0,1019.0,NE,0.8899999856948853,0.0,0.0
2012,10,12,6,157.67515563964844,3.0,10.0,1017.0,SE,13.859999656677246,0.0,0.0
2013,4,13,20,60.0,-8.0,6.0,1024.0,cv,1.7799999713897705,0.0,0.0
2012,5,11,5,96.0,8.0,16.0,1002.0,SE,1.7799999713897705,0.0,0.0
2012,6,13,17,35.0,1.0,24.0,1003.0,SE,10.729999542236328,0.0,0.0
2014,8,6,3,125.5575942993164,21.0,21.0,1014.0,NE,1.7799999713897705,0.0,0.0
2014,2,27,4,55.0,-11.0,-2.0,1034.0,SE,13.859999656677246,0.0,0.0
2013,3,13,21,69.0,-6.046176910400391,11.0,1018.0,SE,47.2185173034668,0.0,0.0
2014,5,30,3,84.0,7.0,15.0,1006.0,cv,1.340000033378601,0.0,0.0
2013,2,3,17,80.58858489990234,-23.0,1.0,1024.0,SE,6.703359603881836,0.0,0.0
2010,3,7,0,91.0,-1.0,11.0,1013.0,SE,86.5844497680664,0.0,0.0
2010,5,12,16,165.03436279296875,14.0,26.0,1002.0,SE,8.143442153930664,0.0,1.0
2010,12,5,18,173.29299926757812,-17.0,4.0,1013.0,cv,1.7899999618530273,0.0,0.0
2010,7,3,3,202.0,22.0,25.0,1003.0,cv,0.8899999856948853,0.0,0.0
2010,4,27,16,37.0,-15.0,6.0,1008.0,NW,22.807056427001953,0.0,0.0
2010,9,26,0,57.0,19.0,22.0,1016.0,cv,0.8899999856948853,0.0,0.0
2012,10,11,0,140.6687774658203,7.0,11.0,1014.0,NE,0.8899999856948853,0.0,0.0
2014,1,24,4,188.06948852539062,-3.0,0.0,1022.0,NE,0.8899999856948853,0.0,0.0
2014,11,23,3,74.0,-13.0,4.0,1027.0,NW,105.68359375,0.0,0.0
2014,2,28,7,177.6763458251953,-6.0,1.0,1025.6177978515625,NW,12.069999694824219,0.0,0.0
2010,3,15,6,83.08871459960938,-10.0,1.0,1024.0,SE,1.7899999618530273,0.0,0.0
2013,12,28,16,46.0,-12.0,3.0,1019.0,SE,4.019999980926514,0.0,0.0
2010,5,20,14,37.0,-9.0,21.0,1012.0,NE,15.199999809265137,0.0,0.0
2011,5,18,13,93.0,11.0,25.0,1006.0,SE,28.15999984741211,0.0,0.0
2014,12,14,14,15.0,-19.0,-1.0,1030.0,NW,3.1295316219329834,0.0,0.0
2010,7,1,23,56.0,23.0,24.0,1000.0,SE,3.130000114440918,0.0,0.0
2014,4,21,0,258.6452941894531,3.0,4.0,1021.0,SE,0.8899999856948853,0.0,0.0
2011,1,3,3,20.0,-20.0,-5.0,1033.0,NW,243.6171417236328,0.0,0.0
2010,2,21,22,10.0,-18.0,-2.0,1029.0,NW,12.970000267028809,0.0,0.0
2011,3,30,9,32.0,-14.0,5.0,1024.0,NE,168.052978515625,0.0,0.0
2013,8,13,9,47.4287109375,19.0,25.0,1004.0,SE,27.719999313354492,0.0,0.0
2012,2,15,7,32.0,-20.0,-5.0,1035.0,NE,5.3696208000183105,0.0,0.0
2014,9,20,4,72.0,15.0,19.0,1016.0,cv,1.7899999618530273,0.0,5.0
2010,1,22,7,47.0,-17.0,-10.0,1031.0,NW,4.920000076293945,0.0,0.0
2013,9,9,8,47.0,19.0,22.0,1012.0,NE,7.150000095367432,0.0,1.0
2010,7,31,18,54.0,23.0,23.0,1010.0,SE,23.24797248840332,0.0,0.0
2012,9,29,6,11.0,5.0,13.0,1020.0,NW,10.279999732971191,0.0,0.0
2014,3,3,18,59.0,-14.0,3.0,1026.0,SE,3.130000114440918,0.0,0.0
2014,8,9,0,34.0,14.0,29.0,1006.0,SE,12.069999694824219,0.0,0.0
2014,4,4,14,127.0,-6.0,23.0,1014.0,SE,13.40999984741211,0.0,0.0
2011,1,13,18,105.0,-7.0,2.0,1018.0,NW,7.150000095367432,0.0,0.0
2011,4,6,5,152.5277557373047,11.0,15.0,1009.0,NW,9.83606243133545,0.0,0.0
2011,11,24,8,24.0,-18.0,6.0,1028.0,NW,94.98139953613281,0.0,0.0
2011,10,16,4,46.0,1.0,3.0,1015.0,cv,1.7899999618530273,0.0,0.0
2012,5,17,10,90.0,16.0,18.0,1019.0,NE,1.7899999618530273,0.0,0.0
2011,6,14,6,30.0,19.0,20.0,1005.0,cv,1.7899999618530273,0.0,0.0
2014,2,30,15,81.7119140625,-11.0,0.0,1033.0,NW,1.7899999618530273,0.0,0.0
2010,1,5,7,199.98587036132812,-9.0,-1.0,1022.0,cv,20.89590835571289,0.0,0.0
2012,11,27,9,78.0,3.0,12.0,1008.0,NW,1.7899999618530273,0.0,0.0
2013,4,26,23,199.17166137695312,0.0,8.0,1017.0,NW,0.8899999856948853,0.0,0.0
2014,10,8,19,107.0,5.0,20.0,1015.0,SE,13.116708755493164,0.0,0.0
2010,2,16,5,18.0,-10.0,2.0,1024.0,NW,0.8899999856948853,0.0,0.0
2014,10,17,5,81.0,4.0,10.0,1009.0,SE,18.33359146118164,0.0,0.0
2011,4,22,17,14.0,-22.0,20.0,1018.0,NE,3.5799999237060547,0.0,0.0
2011,1,14,22,22.0,-19.0,-2.0,1033.0,NE,55.840518951416016,0.0,0.0
2014,11,26,5,97.6792984008789,-8.0,0.0,1022.0,NW,0.8899999856948853,0.0,0.0
2013,9,22,2,104.0,21.0,24.0,1004.0,SE,1.7899999618530273,0.0,0.0
2012,1,21,13,9.0,-24.0,-8.0,1036.0,NW,5.809999942779541,0.0,0.0
2011,10,20,0,47.0,6.0,14.0,1000.0,SE,1.340000033378601,0.0,0.0
2012,7,22,0,224.04537963867188,19.0,24.0,1003.0,SE,1.7899999618530273,0.0,0.0
2010,6,14,23,79.05945587158203,6.0,23.0,1017.0,SE,4.46999979019165,0.0,0.0
2013,10,31,19,306.89794921875,10.0,10.0,1022.0,NE,0.8899999856948853,0.0,0.0
2010,9,29,10,220.85354614257812,12.0,19.0,1018.0,NW,20.388086318969727,0.0,0.0
2011,12,12,0,108.0,-18.0,6.0,1031.0,NW,40.4439811706543,0.0,0.0
2010,11,31,10,16.0,-14.0,-3.0,1023.0,NW,39.789695739746094,0.0,0.0
2013,2,21,12,23.0,-21.94599151611328,-8.445135116577148,1033.15966796875,NW,10.289729118347168,0.0,0.0
2014,12,4,1,163.5981903076172,-7.0,-4.0,1027.0,NW,11.73592472076416,0.0,0.0
2014,7,12,23,220.0029754638672,25.0,26.0,1005.0,cv,0.8899999856948853,0.0,0.0
2013,5,2,11,82.0,12.0,14.0,1013.0,SE,6.710000038146973,0.0,0.0
2014,4,5,7,78.0,2.401782989501953,3.0,1019.0,NW,11.180000305175781,0.0,0.0
2010,10,11,13,88.0,10.0,13.0,1021.0,NW,8.9399995803833,0.0,0.0
2012,11,31,9,82.07494354248047,-14.0,-8.0,1021.0,NW,25.030357360839844,0.0,0.0
2014,6,14,9,64.0,20.0,22.0,1004.0,SE,0.8899999856948853,0.0,0.0
2014,3,31,13,264.3529968261719,0.07302990555763245,16.0,1012.0,SE,4.920000076293945,0.0,0.0
2014,10,15,8,90.0,3.0,5.0,1021.0,NW,0.8899999856948853,0.0,0.0
2012,6,13,22,36.0,14.301029205322266,29.0,1004.0,SE,26.36140251159668,0.0,0.0
2013,9,26,3,98.0,16.0,18.0,1019.0,NW,0.8899999856948853,0.0,0.0
2010,9,19,5,38.0,17.0,20.0,1008.0,cv,12.960000038146973,0.0,0.0
2010,6,18,19,95.0,19.0,30.0,1003.0,SE,4.920000076293945,0.0,0.0
2012,2,22,16,26.0,-22.0,-1.0,1028.0,NE,87.89399719238281,0.0,0.0
2011,12,18,13,160.0,-10.0,-6.0,1034.0,cv,2.6700000762939453,0.0,0.0
2012,10,19,15,53.0,6.0,19.0,1016.0,SE,5.809999942779541,0.0,0.0
2010,7,14,7,108.0,24.0,23.0,1009.0,SE,3.569999933242798,0.0,0.0
2010,5,24,8,103.66511535644531,13.0,25.0,1008.0,NE,5.369999885559082,0.0,0.0
2010,4,21,18,147.0,12.0,17.0,1007.0,NE,1.7899999618530273,0.0,0.0
2012,10,26,17,40.0,4.0,18.0,1015.0,SE,5.809999942779541,0.0,0.0
2013,5,23,8,101.99946594238281,1.0,25.0,1008.0,NW,45.60357666015625,0.0,0.0
2013,3,11,6,151.0,-4.0,1.1329289674758911,1023.0,cv,43.35792541503906,0.0,0.0
2014,8,23,22,17.0,16.0,25.0,1012.0,SE,30.591567993164062,0.0,0.0
2013,2,11,18,67.0,-18.0,2.0,1032.0,NE,15.100417137145996,0.0,0.0
2012,8,24,5,109.11923217773438,18.0,21.0,1005.0,NW,5.369999885559082,0.0,0.0
2011,1,8,18,39.0,-19.0,-4.0,1030.981689453125,cv,0.8899999856948853,0.0,0.0
2011,10,1,0,262.4564208984375,9.0,14.0,1017.0,cv,1.7899999618530273,0.0,0.0
2013,7,6,18,201.27003479003906,22.0,28.0,1002.0,SE,50.968170166015625,0.0,0.0
2011,10,21,21,57.0,7.0,19.0,1015.0,NW,48.52899169921875,0.0,0.0
2010,7,3,7,92.29483795166016,22.0,25.0,1000.0,NE,0.8899999856948853,0.0,0.0
2014,11,17,23,210.66436767578125,0.0,5.0,1017.0,cv,3.130000114440918,0.0,0.0
2013,1,9,3,453.19091796875,-7.0,-6.0,1023.0,NW,9.390000343322754,0.0,0.0
2010,4,6,5,160.0,6.0,11.0,1022.0,NE,72.1125717163086,0.0,0.0
2013,1,4,14,20.0,-20.0,2.0,1027.0,NW,23.69928741455078,1.9468071460723877,0.0
2013,11,9,11,205.0,4.0,14.0,1018.0,SE,10.731472969055176,0.0,0.0
2013,12,31,5,98.0,-10.0,-5.0,1025.0,NW,1.7899999618530273,0.0,0.0
2010,8,21,2,78.0,19.0,26.0,1013.0,cv,1.7899999618530273,0.0,0.0
2012,11,9,12,30.0,-17.0,0.0,1034.3720703125,NW,80.66354370117188,0.0,0.0
2010,9,18,13,95.65117645263672,22.0,27.0,1003.0,SE,4.920000076293945,0.0,0.0
2013,7,14,12,87.0,19.0,27.0,1001.0,NW,13.859999656677246,0.0,0.0
2010,10,4,17,263.11029052734375,2.869729995727539,6.0,1020.0,cv,0.8899999856948853,0.0,0.0
2013,5,19,7,105.0,0.0,17.0,1016.0,NW,15.659666061401367,0.0,0.0
2013,10,14,8,55.49549102783203,13.0,19.0,1023.0,SE,3.130000114440918,0.0,0.0
2014,7,16,15,93.0,20.0,28.0,1006.0,SE,22.07837677001953,0.0,0.0
2013,6,15,8,136.72537231445312,22.0,22.0,1005.0,NE,1.7799999713897705,0.0,0.0
2013,4,18,16,131.0,-12.0,10.0,1023.0,SE,3.569999933242798,0.0,0.0
2012,12,7,11,17.0,-17.0,-2.0,1034.0,NW,78.2802963256836,0.0,0.0
2011,1,27,7,37.286739349365234,-21.0,-8.0,1040.1033935546875,NW,18.33308219909668,0.0,0.0
2011,2,1,19,70.0,-13.399959564208984,1.0,1030.1485595703125,NE,4.019999980926514,0.0,0.0
2010,11,17,7,257.8597412109375,3.0,4.0,1020.0,NW,1.7899999618530273,0.0,0.0
2010,12,24,3,17.0,-23.0,-6.975019931793213,1033.0,NE,19.210407257080078,0.0,0.0
2014,6,10,23,151.0,21.0,27.0,1004.0,SE,21.483991622924805,0.0,0.0
2014,11,30,14,8.0,6.0,6.0,1025.0,SE,5.809999942779541,0.0,0.0
2010,8,18,5,66.0,18.0,24.0,1003.0,SE,1.7899999618530273,0.0,0.0
2013,11,3,13,79.48749542236328,-8.0,-2.0,1019.0,cv,1.7899999618530273,0.0,0.0
2010,8,7,8,75.0,21.0,26.0,1003.0,SE,9.390000343322754,0.0,0.0
2010,12,12,8,73.0,-16.0,-6.766359329223633,1038.0,NE,1.7899999618530273,0.0,0.0
2013,11,29,5,45.0,-11.0,3.0,1031.0,NW,8.039999961853027,0.0,0.0
2011,7,29,6,148.28271484375,23.0,25.0,1001.0,SE,0.8899999856948853,0.0,0.0
2010,4,26,2,95.0,0.0,7.0,1016.0,SE,3.5799999237060547,0.0,5.0
2010,3,19,0,29.0,-21.0,0.0,1031.0,NE,6.240660190582275,0.0,0.0
2010,4,1,22,71.0,5.0,9.0,1018.0,NW,1.7899999618530273,0.0,0.0
2013,6,16,17,121.0,18.0,24.0,1003.0,NW,6.710000038146973,0.0,0.0
2014,10,22,23,154.99159240722656,13.0,16.0,1014.0,SE,1.7899999618530273,0.0,0.0
2014,9,21,12,9.0,1.0,22.0,1017.0,SE,12.069999694824219,0.0,0.0
2011,12,10,21,15.0,-20.0,2.0,1029.0,NW,114.02523040771484,0.0,0.0
2011,5,1,17,63.0,14.0,19.0,1005.0,SE,6.162550449371338,0.0,0.0
2012,11,31,7,88.0,-10.0,-7.0,1033.0,SE,1.7899999618530273,0.0,0.0
2012,2,19,23,91.0,-5.0,4.0,1019.0,SE,12.960678100585938,0.0,0.0
2011,8,27,9,147.0,21.0,28.0,1010.0,NE,1.7799999713897705,0.0,0.0
2012,12,25,3,23.0,-13.0,-10.0,1037.0,NW,11.984667778015137,0.0,0.0
2011,9,19,21,166.57620239257812,24.0,25.0,1004.0,SE,36.08710861206055,0.0,0.0
2012,3,8,7,19.153593063354492,-15.0,6.499370574951172,1023.0,NW,8.040276527404785,0.0,0.0
2011,9,14,17,61.0,19.0,25.0,1009.0,NW,4.920000076293945,0.0,0.0
2011,9,5,1,229.90748596191406,16.0,21.0,1011.0,cv,9.829999923706055,0.0,0.0
2014,5,5,1,79.19210815429688,7.0,27.0,1007.0,SE,70.79766845703125,0.0,0.0
2014,4,19,18,91.0,-2.0,20.0,1018.0,SE,21.00096893310547,0.0,0.0
2012,4,3,21,44.00543975830078,1.0,12.0,1014.0,cv,3.130000114440918,0.0,0.0
2014,10,21,1,64.83303833007812,14.0,16.0,1011.0,NE,0.8899999856948853,0.0,0.0
2014,10,19,0,71.69426727294922,7.0,9.0,1015.0,NW,1.7899999618530273,0.0,0.0
2013,4,15,23,20.0,-5.0,14.0,1026.0,NW,6.710000038146973,0.0,0.0
2014,6,5,13,56.62765884399414,10.0,24.0,1012.0,NW,0.8899999856948853,0.0,0.0
2014,10,3,19,69.0,-3.691641092300415,5.0,1029.0,NE,3.5799999237060547,0.0,0.0
2014,10,31,0,84.0,11.0,12.0,1020.0,SE,1.7899999618530273,0.0,0.0
2014,8,23,4,165.0,19.0,22.0,1004.0,SE,1.7899999618530273,0.0,0.0
2013,2,19,13,137.0,-13.0,-2.0,1021.0,NW,0.8899999856948853,0.0,0.0
2010,6,23,10,50.0,20.330507278442383,27.0,1006.0,NE,21.010000228881836,0.0,0.0
2012,12,24,11,25.0,-15.0,-3.0,1026.0,SE,1.7899999618530273,0.0,0.0
2014,2,4,14,39.0,-21.0,3.0,1029.0,SE,11.170000076293945,0.0,0.0
2011,1,23,23,35.0,-16.005922317504883,-7.0,1032.0,NW,208.9964141845703,0.0,0.0
2012,1,24,3,110.0,-9.0,-3.0,1022.0,NW,18.329999923706055,0.0,0.0
2010,12,23,18,239.43582153320312,-12.0,8.0,1011.0,SE,4.920000076293945,0.0,0.0
2012,5,1,23,149.0,-5.0,20.0,1020.0,NE,3.130000114440918,0.0,0.0
2010,10,2,6,60.0,-1.0,5.0,1022.0,NW,1.7899999618530273,0.0,0.0
2012,7,5,20,85.0,20.0,29.0,1006.0,SE,16.54513168334961,0.0,0.0
2010,3,23,4,158.19949340820312,-2.0,2.0,1023.0,NW,7.150000095367432,0.0,0.0
2014,11,22,9,80.0,-6.0,0.0,1026.0,NW,0.8899999856948853,0.0,0.0
2012,9,21,6,32.0,17.0,19.0,1007.0,NE,8.5,0.0,0.0
2012,1,28,7,213.67234802246094,-9.0,-5.0,1021.0,NE,1.7799999713897705,0.0,0.0
2013,6,4,15,80.0,18.0,29.0,1004.0,NW,12.960000038146973,0.0,0.0
2010,12,28,9,12.0,-21.0,2.0,1018.0,NW,113.82251739501953,0.0,0.0
2014,7,6,1,245.2965545654297,22.0,24.0,1005.0,SE,1.7899999618530273,0.0,1.0
2014,11,23,2,10.0,-18.0,10.0,1026.0,NE,16.897125244140625,0.0,0.0
2013,4,6,11,56.0,-14.0,14.0,1009.6846313476562,NW,18.780000686645508,0.0,0.0
2011,1,17,11,17.0,-21.0,1.0,1032.0,NW,229.5728759765625,0.0,0.0
2010,8,9,7,33.0,21.0,21.0,1002.0,SE,1.7899999618530273,0.0,0.0
2012,1,20,23,131.0,-5.0,-3.0,1021.0,cv,0.8899999856948853,0.0,0.0
2014,4,24,13,33.0,-10.0,8.0,1023.0,SE,18.780000686645508,0.0,0.0
2014,6,9,15,87.0,14.0,27.0,1016.0,NW,6.260000228881836,0.0,0.0
2014,9,18,19,97.0,3.396472930908203,14.0,1011.0,cv,2.680000066757202,0.0,0.0
2012,6,31,6,108.70818328857422,19.0,19.0,1013.0,cv,1.7899999618530273,0.0,0.0
2012,5,9,10,29.0,16.0,16.0,1019.0,NW,7.150000095367432,0.0,0.0
2010,11,5,21,40.60007858276367,-11.0,15.0,1020.0,NW,16.979999542236328,0.0,0.0
2010,2,6,14,36.0,-19.0,5.0,1029.0,SE,1.7799999713897705,0.0,0.0
2013,9,11,15,65.0,7.0,22.0,1014.0,NW,11.619999885559082,0.0,0.0
2012,7,18,6,72.0,21.0,26.0,1003.0,cv,1.7899999618530273,0.0,0.0
2012,11,15,4,118.0,-5.0,-2.0,1019.0,cv,16.864145278930664,0.0,4.0
2013,6,22,20,22.0,16.0,25.0,1004.0,SE,16.989999771118164,0.0,0.0
2012,6,18,6,71.0,22.0,23.0,998.0,NE,0.8899999856948853,0.0,0.0
2011,7,16,4,150.0,16.0,23.0,1005.0,SE,1.7899999618530273,0.0,0.0
2011,6,2,8,57.0,7.7804856300354,18.0,1016.0,NW,17.496118545532227,0.0,0.0
2012,12,14,23,151.0,-5.0,-1.0,1027.0,NW,16.989999771118164,0.0,0.0
2011,5,7,22,124.35738372802734,7.0,13.0,1020.0,cv,3.130000114440918,0.0,0.0
2012,8,27,6,73.0,17.0,22.0,1011.0,NE,0.8899999856948853,0.0,0.0
2014,1,6,17,39.0,-24.0,7.0,1027.0,NW,3.130000114440918,0.0,0.0
2014,4,21,10,113.75657653808594,17.0,21.0,1008.0,SE,3.569999933242798,0.0,0.0
2010,9,26,2,64.0,3.6155219078063965,18.0,1014.0,SE,44.7860107421875,0.0,0.0
2010,7,18,13,294.18084716796875,22.0,26.0,1010.0,SE,74.01289367675781,0.0,0.0
2011,8,23,4,220.54933166503906,24.0,27.0,1006.0,SE,0.8899999856948853,0.0,0.0
2013,4,14,17,94.0,5.0,18.0,1011.0,SE,3.130000114440918,0.0,0.0
2013,6,22,6,138.0,21.0,24.0,1004.0,SE,1.7899999618530273,0.0,0.0
2012,9,15,1,6.968138694763184,0.0,16.0,1018.0,NW,74.1467514038086,0.0,0.0
2011,8,16,18,85.0,19.0,21.642515182495117,1001.0,SE,1.7799999713897705,0.0,0.0
2014,4,1,7,227.0911407470703,4.0,7.0,1016.0,SE,4.920000076293945,0.0,0.0
2013,2,24,22,238.76063537597656,5.694631099700928,13.0,1013.0,cv,3.130000114440918,0.0,0.0
2011,10,5,13,17.0,-12.0,16.0,1015.0,NW,70.00930786132812,0.0,0.0
2010,11,23,2,24.0,-19.0,-5.0,1029.0,NW,5.369999885559082,0.0,0.0
2011,5,15,0,125.0,17.0,22.0,1005.0,NW,5.369999885559082,0.0,0.0
2010,9,21,9,38.0,9.0,24.0,1017.0,cv,3.130000114440918,0.0,0.0
2014,12,22,15,17.0,-12.0,1.0,1022.0,NW,42.37427520751953,0.0,0.0
2012,4,14,19,21.0,-9.0,14.0,1017.0,NW,194.01910400390625,0.0,0.0
2010,2,21,7,191.23512268066406,-6.0,4.0,1006.0,NE,1.7899999618530273,0.0,0.0
2014,9,16,2,41.0,17.0,19.0,1008.0,SE,4.46999979019165,0.0,0.0
2011,6,31,20,161.0,14.0,21.0,1013.0,SE,9.55956745147705,0.0,0.0
2014,9,12,19,50.0,17.0,23.0,1011.0,cv,1.7899999618530273,0.0,0.0
2010,7,16,7,184.0,21.0,27.0,1006.0,SE,25.03000259399414,0.0,0.0
2012,9,13,1,68.0,18.0,24.0,1007.0,SE,39.63084030151367,0.0,0.0
2010,12,29,1,154.0,-14.0,-4.0,1020.0,NW,0.8899999856948853,0.0,0.0
2011,9,21,11,11.0,11.0,17.0,1011.0,cv,1.7899999618530273,0.0,0.0
2010,8,21,19,94.0,19.0,25.0,1013.0,SE,0.8899999856948853,0.0,0.0
2012,7,10,7,81.0,21.0,28.0,1007.0,NE,8.9399995803833,0.0,0.0
2014,11,28,4,74.0,-6.0,0.0,1016.0,NW,0.8899999856948853,0.0,0.0
2014,5,28,0,106.83582305908203,15.0,21.0,1013.0,SE,39.10409164428711,0.0,0.0
2012,2,21,15,70.0,-20.0,6.0,1020.0,SE,4.019999980926514,0.0,0.0
2012,8,15,18,174.0,17.945375442504883,31.0,1003.0,SE,30.151813507080078,0.0,0.0
2010,5,25,12,10.0,4.0,29.0,1006.0,NW,73.32368469238281,0.0,0.0
2010,6,23,9,51.0,20.0,25.0,1012.0,SE,19.662723541259766,0.0,0.0
2012,5,8,6,46.0,10.0,17.0,1007.0,cv,0.8899999856948853,0.0,0.0
2014,12,1,9,66.35108184814453,-11.0,-2.0,1030.0,NW,27.25006103515625,0.0,0.0
2011,3,24,2,77.0,-13.635113716125488,-1.0,1026.0,SE,1.7899999618530273,0.0,0.0
2013,4,21,13,13.306469917297363,-18.0,8.0,1025.0,NW,109.4407958984375,0.0,0.0
2014,6,13,16,76.0,22.0,30.0,1005.0,SE,10.729999542236328,0.0,0.0
2013,8,16,9,16.0,17.0,23.0,1004.3505249023438,NW,1.7899999618530273,0.0,0.0
2012,11,2,14,26.0,-6.0,11.0,1027.0,cv,1.7899999618530273,0.0,0.0
2012,3,24,0,50.0,-10.0,5.0,1019.0,NW,60.8006706237793,0.0,0.0
2010,6,10,18,26.0,14.0,30.0,999.0,NE,8.5,0.0,1.0
2012,1,5,3,126.18085479736328,-14.0,-9.081771850585938,1030.0,NW,15.199999809265137,0.0,0.0
2010,8,16,16,93.0,18.0,29.0,1009.0,SE,20.110000610351562,0.0,0.0
2012,6,7,2,130.0,19.0,26.0,1008.0,cv,0.8899999856948853,0.0,0.0
2014,3,14,13,62.0,-11.10590648651123,4.0,1024.0,SE,12.069999694824219,0.0,0.0
2013,8,29,7,38.0,13.0,20.0,1019.1390380859375,SE,18.152240753173828,0.0,0.0
2012,6,30,18,109.0,-1.0,25.0,1014.0,SE,27.719999313354492,0.0,0.0
2011,7,3,5,43.0,24.0,27.0,1004.0,cv,0.8899999856948853,0.0,0.0
2013,4,18,20,40.12382507324219,-6.0,17.0,1007.0,SE,3.569999933242798,0.0,0.0
2014,5,2,5,106.0,16.0,21.0,1005.0,cv,0.8899999856948853,0.0,0.0
2013,5,25,13,76.0,14.0,19.0,1016.0,SE,1.7899999618530273,0.0,0.0
2011,2,21,17,292.2623291015625,-8.0,5.0,1025.0,SE,6.710000038146973,0.0,0.0
2010,10,1,5,38.0,15.0,16.0,1014.0,SE,0.8899999856948853,0.0,0.0
2013,9,6,15,144.0,14.0,25.0,1014.0,SE,3.130000114440918,0.0,0.0
2011,2,26,16,44.0,-6.0,2.0,1021.0,NW,16.989999771118164,0.0,0.0
2011,8,11,1,166.0,24.67584228515625,27.596736907958984,1004.0,SE,20.126047134399414,0.0,0.0
2014,3,19,14,119.0,-13.0,7.0,1020.0,NW,11.630000114440918,0.0,0.0
2014,8,14,17,58.0,23.0,31.0,1000.0,SE,11.630000114440918,0.0,0.0
2010,7,25,20,66.0,19.0,27.0,1005.0,SE,45.100257873535156,0.0,0.0
2013,7,3,23,26.0,20.0,23.0,996.04638671875,cv,6.710000038146973,0.0,1.0
2012,8,10,5,38.0,19.0,24.0,997.0,NW,5.809999942779541,0.0,0.0
2011,1,3,7,15.0,-20.0,-8.0,1037.0,NW,290.4065856933594,0.0,0.0
2012,5,1,9,159.0,-1.0,21.0,1014.0,SE,12.066549301147461,0.0,0.0
2010,3,21,6,13.0,-16.0,5.489616870880127,1022.0,SE,3.5799999237060547,0.0,0.0
2014,7,2,13,15.0,16.0,35.0,1000.0,SE,3.130000114440918,0.0,0.0
2012,7,3,7,66.0,24.0,27.0,1004.0,cv,1.7799999713897705,0.0,0.0
2014,7,20,19,180.0,22.0,30.0,1000.0,SE,53.54124450683594,0.0,0.0
2010,8,19,8,111.0,22.0,27.0,1015.0,SE,4.920000076293945,0.0,2.0
2011,6,5,21,41.0,12.0,18.0,1013.0,SE,0.8899999856948853,0.0,0.0
2013,2,21,9,100.0,-11.0,-5.0,1022.0,SE,0.8899999856948853,0.0,0.0
2014,3,22,8,9.0,-16.0,-6.0,1030.0,NE,8.050000190734863,0.0,0.0
2012,2,23,13,43.0,-14.0,-1.0,1028.0,NE,33.1228141784668,0.0,0.0
2012,5,21,11,8.0,2.0,27.0,1011.0,NW,1.7899999618530273,0.0,0.0
2012,2,2,22,79.0,-5.0,0.0,1027.0,SE,1.7899999618530273,0.0,0.0
2010,3,17,0,77.03844451904297,-10.0,-2.0,1031.0,NE,3.130000114440918,0.0,0.0
2012,12,18,4,16.0,-24.0,-4.0,1036.4439697265625,NE,12.520000457763672,0.0,0.0
2012,7,25,8,97.0,19.0,23.0,1001.0,SE,16.979999542236328,0.0,0.0
2011,5,10,13,14.128640174865723,1.0,28.0,1008.1182861328125,NW,24.59000015258789,0.0,0.0
2014,5,14,22,22.0,0.0,21.0,1008.0,SE,216.4392852783203,0.0,0.0
2012,3,12,11,13.327631950378418,-14.0,12.0,1009.0,SE,127.59302520751953,0.0,0.0
2014,8,11,0,30.0,17.0,19.0,1012.0,NW,3.130000114440918,0.0,0.0
2013,6,2,3,268.06256103515625,18.0,17.0,1011.0,SE,1.7799999713897705,0.0,0.0
2013,7,3,6,32.0,22.0,25.0,998.0,SE,0.8899999856948853,0.0,0.0
2014,9,9,13,59.0,22.0,23.0,1008.0,SE,38.61201095581055,0.0,1.0
2011,3,3,0,163.0,-8.0,4.0,1020.0,cv,1.7899999618530273,0.0,0.0
2010,7,6,17,17.0,12.0,33.99355697631836,1002.0,SE,29.5006046295166,0.0,0.0
2014,6,8,4,82.0,22.0,23.0,1007.0,NW,1.7799999713897705,0.0,0.0
2012,11,14,7,258.7381896972656,-10.0,-4.0,1020.0,NW,22.619962692260742,0.0,0.0
2014,8,19,17,40.0,21.0,27.0,1004.994873046875,SE,23.4612979888916,0.0,0.0
2011,10,28,4,159.29542541503906,0.0,2.0,1026.0,NW,10.729999542236328,0.0,0.0
2013,12,3,2,170.0,-15.0,-0.801947295665741,1028.0,cv,1.7899999618530273,0.0,0.0
2010,7,9,1,39.24091720581055,20.0,22.0,1008.0,SE,0.8899999856948853,0.0,7.0
2014,11,15,0,94.87940979003906,6.0,9.0,1023.0,cv,0.8899999856948853,0.0,0.0
2011,5,25,7,110.0,17.0,28.0,1008.0,SE,38.44975662231445,0.0,0.0
2014,8,22,14,16.0,13.0,29.0,1006.0,NE,1.7899999618530273,0.0,0.0
2011,7,15,11,12.0,16.0,28.0,1007.0,cv,18.81288719177246,0.0,1.0
2014,7,16,0,210.778564453125,22.0,24.0,1002.0,cv,3.559999942779541,0.0,0.0
2012,4,1,21,20.0,-12.0,8.706356048583984,1024.50439453125,NW,10.454277038574219,0.0,0.0
2014,11,23,15,22.0,-13.0,-3.0,1029.0,NW,40.929176330566406,0.0,0.0
2010,8,3,6,44.0,18.0,20.0,1011.0,cv,14.631603240966797,0.0,0.0
2011,2,3,7,227.0,-3.0,-3.0,1020.544189453125,NW,7.150000095367432,0.0,0.0
2014,9,3,3,150.02325439453125,9.0,18.0,1010.0,NW,10.729999542236328,0.0,0.0
2014,3,29,14,20.48061180114746,-11.0,24.0,1015.0,SE,6.260000228881836,0.0,0.0
2014,5,9,4,25.0,17.0,23.0,998.0,SE,3.569999933242798,0.0,0.0
2010,1,17,4,20.0,-22.0,-3.0,1035.14697265625,NW,23.831764221191406,0.0,0.0
2012,5,21,14,81.0,6.0,29.0,999.0,SE,22.336036682128906,0.0,0.0
2010,10,7,2,47.0,-4.0,11.0,1026.0,SE,0.8899999856948853,0.0,0.0
2012,2,1,0,27.0,-15.0,0.0,1025.0,NW,11.413056373596191,0.0,0.0
2013,10,23,3,218.83944702148438,4.0,13.0,1020.0,SE,1.7899999618530273,0.0,0.0
2014,1,14,20,14.0,-24.0,3.0,1029.0,NW,4.019999980926514,0.0,0.0
2012,12,1,19,10.0,-19.0,-4.0,1029.0,NW,379.03680419921875,0.0,0.0
2011,10,21,17,247.62905883789062,7.0,12.0,1023.0,SE,79.04107666015625,0.0,0.0
2013,12,23,7,216.59158325195312,-18.0,-2.0,1033.625244140625,cv,1.7899999618530273,0.0,0.0
2013,7,23,14,15.0,13.0,31.0,999.0,NW,8.5,0.0,0.0
2010,7,28,10,141.3240509033203,14.0,28.0,1002.0,SE,8.039999961853027,0.0,0.0
2011,2,24,0,75.0,-17.0,-6.0,1038.4888916015625,SE,1.7899999618530273,0.0,0.0
2014,3,2,10,250.85581970214844,-5.0,14.0,1021.0,SE,11.522439956665039,0.0,0.0
2012,11,16,0,143.26162719726562,-2.0,-1.0,1021.0,SE,8.047865867614746,3.65836763381958,0.0
2014,4,14,23,51.0,-17.0,12.0,1015.0,NW,35.48303985595703,0.0,0.0
2010,2,26,9,42.0,-4.0,-1.0,1030.0,NE,4.920000076293945,0.0,0.0
2010,11,1,1,50.0,-4.0,-1.0,1022.0,NW,13.512685775756836,0.0,0.0
2013,10,21,8,22.0,12.0,12.0,1015.7677001953125,SE,7.159293174743652,0.0,0.0
2010,7,8,17,109.0,21.746774673461914,27.0,1011.0,cv,1.7799999713897705,0.0,0.0
2010,12,21,23,79.0,-14.0,4.0,1032.0,cv,3.130000114440918,0.0,0.0
2014,11,21,6,106.0,-7.0,-2.0,1026.0,NE,1.7899999618530273,0.0,0.0
2014,6,6,12,14.0,12.0,32.0,1007.0,NW,6.710000038146973,0.0,0.0
2012,9,5,21,64.0,15.610257148742676,19.0,1012.0,cv,1.7899999618530273,0.0,0.0
2013,3,22,16,40.0,-7.0,14.0,1017.0,SE,5.369999885559082,0.0,0.0
2014,12,23,4,191.13621520996094,-5.0,-3.0,1021.0,NE,0.8899999856948853,0.0,0.0
2010,10,22,16,11.0,-0.7464941740036011,18.0,1022.0,SE,55.47936248779297,0.0,0.0
2012,3,15,0,65.0,-12.0,0.0,1022.0,cv,0.8899999856948853,0.0,0.0
2014,9,30,14,75.0,17.0,20.0,1011.0,NW,15.193235397338867,0.0,0.0
2014,10,19,3,148.0,3.0,14.0,1011.8902587890625,SE,1.7899999618530273,0.0,0.0
2013,11,20,5,8.0,10.0,13.0,1018.0,SE,0.8899999856948853,0.0,0.0
2010,1,15,8,14.0,-25.0,-8.0,1038.6953125,NW,147.3645782470703,0.0,0.0
2012,12,21,17,17.0,-19.0,-1.0,1033.0,NW,111.35844421386719,0.0,0.0
2011,2,8,22,16.0,-15.0,7.0,1015.0,NW,6.710000038146973,0.0,0.0
2011,5,17,1,31.0,13.0,18.0,1003.1472778320312,cv,0.8899999856948853,0.0,0.0
2012,2,14,22,11.0,-21.0,-1.0,1030.0,NE,11.627205848693848,0.0,0.0
2012,12,23,7,47.0,-10.0,-4.0,1035.0,NW,9.84000015258789,0.0,0.0
2013,12,20,8,15.0,-12.0,4.0,1024.0,NW,29.283971786499023,0.0,0.0
2012,7,6,16,39.0,23.0,30.0,1007.0,SE,8.5,0.0,0.0
2012,4,8,14,114.0,11.0,18.0,1017.0,SE,11.180000305175781,0.0,0.0
2012,3,19,13,17.0,-18.0,6.0,1028.0,NW,186.2611083984375,0.0,0.0
2014,7,18,17,207.36651611328125,24.0,32.0,1005.0,SE,4.4551191329956055,0.0,0.0
2013,1,13,9,47.0,-21.0,-9.0,1025.0,NE,20.125226974487305,0.0,0.0
2011,7,10,17,159.0,20.0,32.0,999.0,SE,37.921138763427734,0.0,0.0
2013,5,19,10,152.0,7.0,23.99241065979004,1015.0,NW,13.854244232177734,0.0,0.0
2011,12,29,21,209.31240844726562,-7.0,-2.0,1037.0,NW,0.8899999856948853,0.0,0.0
2013,11,10,14,14.0,-19.0,8.0,1027.0,NW,172.9645233154297,0.0,0.0
2010,10,23,1,79.11310577392578,14.0,18.0,1015.0,NW,0.8899999856948853,0.0,0.0
2012,5,31,3,84.0,15.0,19.0,1015.0,cv,1.7899999618530273,0.0,0.0
2010,11,8,1,62.0,-5.0,0.0,1016.0,NW,1.7899999618530273,0.0,0.0
2012,2,25,5,83.94964599609375,-2.0,1.0,1026.0,NE,1.7799999713897705,0.0,0.0
2010,4,24,4,12.0,12.0,26.0,1008.0,NW,15.198575019836426,0.0,0.0
2010,4,6,9,33.0,2.0,18.0,1015.0,SE,26.81999969482422,0.0,0.0
2012,12,5,13,15.0,-18.0,-1.0,1034.0,NW,142.33981323242188,0.0,0.0
2011,6,3,5,84.0,17.0,22.0,997.0,cv,8.5,0.0,0.0
2010,6,19,19,144.63558959960938,20.0,28.0,1007.0,NW,1.7899999618530273,0.0,0.0
2012,12,3,1,403.1346130371094,-12.0,-5.0,1027.0,cv,3.130000114440918,0.0,0.0
2013,6,21,7,33.0,13.0,17.0,1017.0,SE,0.8899999856948853,0.0,0.0
2013,12,15,23,127.0,-8.0,-6.0,1029.0,NE,1.7799999713897705,0.0,0.0
2014,3,30,14,57.0,-9.0,20.0,1014.0,NW,3.130000114440918,0.0,0.0
2011,7,30,21,208.35939025878906,24.0,26.0,997.0,cv,1.7899999618530273,0.0,0.0
2011,7,6,13,28.0,18.0,30.0,1001.0,cv,1.7899999618530273,0.0,0.0
2012,3,5,0,127.0,-4.0,2.0,1021.0,cv,1.7799999713897705,0.0,0.0
2011,12,12,9,126.0,-4.0,-2.0,1028.0,SE,42.468807220458984,0.0,0.0
2011,4,3,13,125.0,-2.0,10.0,1021.0,SE,0.8899999856948853,0.0,0.0
2010,4,23,0,68.0,4.0,18.0,1020.0,SE,27.711349487304688,0.0,0.0
2011,11,11,1,31.0,-9.0,-1.0,1026.0,NW,16.989999771118164,0.0,0.0
2013,4,20,12,105.0,1.0,5.0,1013.0,SE,0.8899999856948853,0.0,0.0
2013,5,4,1,63.76701354980469,16.0,20.0,1009.0,NE,3.130000114440918,0.0,0.0
2012,8,21,7,24.0,18.0,23.0,1011.0,NE,25.482789993286133,0.0,0.0
2012,3,26,5,38.34397888183594,-7.0,0.0,1024.0,cv,1.7799999713897705,0.0,0.0
2011,6,12,17,7.0,1.0,30.0,999.0,NE,20.097721099853516,0.0,0.0
2013,11,24,14,31.0,-10.0,12.0,1025.0,NE,132.17279052734375,0.0,0.0
2014,11,26,22,13.0,-23.0,1.0,1020.0,NW,66.57316589355469,0.0,0.0
2010,10,15,17,326.0745849609375,15.0,23.0,1015.0,NW,3.559999942779541,0.0,1.0
2010,12,22,1,10.663000106811523,-10.0,3.0,1028.0,NW,119.99195098876953,0.0,0.0
2011,3,21,17,122.0,-5.0,11.0,1014.0,cv,1.7899999618530273,0.0,0.0
2012,5,9,12,46.0,18.0,30.0,1001.0,cv,12.960000038146973,0.0,0.0
2011,7,16,2,115.0,19.0,27.0,1003.0,cv,1.7899999618530273,0.0,0.0
2012,4,18,19,10.0,-8.0,20.0,1007.0,NW,187.1028594970703,0.0,0.0
2013,7,28,2,81.4717788696289,19.0,24.0,1009.0,NE,3.130000114440918,0.0,0.0
2013,3,24,17,268.94952392578125,0.0,6.976686954498291,1015.0,SE,32.919456481933594,0.0,0.0
2013,1,18,20,73.0,-7.0,-4.0,1030.0,NW,26.37363624572754,0.0,0.0
2014,2,23,13,31.0,-10.0,4.0,1022.0,NW,41.93775177001953,0.0,0.0
2011,10,22,7,13.0,9.0,19.0,1012.0,NW,71.00662994384766,0.0,0.0
2013,2,17,10,27.0,-14.0,7.0,1024.0,SE,0.8899999856948853,0.0,1.0
2014,5,18,0,42.0,14.0,16.0,1016.0,NW,11.170000076293945,0.0,0.0
2012,5,28,10,46.0,17.0,23.0,1006.0,SE,10.729999542236328,0.0,0.0
2011,12,2,4,13.0,-15.0,0.0,1029.0,NW,96.38477325439453,0.0,0.0
2013,5,13,17,31.0,13.0,21.0,1014.0,SE,12.069999694824219,0.0,0.0
2011,9,6,20,63.0,20.0,26.0,1006.0,SE,3.569999933242798,0.0,0.0
2010,2,14,11,16.0,-19.0,-5.0,1035.0,NW,15.645479202270508,0.0,0.0
2011,9,23,17,78.0,0.0,28.0,1015.0,cv,5.369999885559082,0.0,0.0
2011,8,28,12,98.0,21.0,27.0,1015.0,NW,5.369999885559082,0.0,0.0
2010,12,27,23,132.0,-16.0,-3.0,1035.0,SE,11.170000076293945,0.0,0.0
2010,1,22,22,210.5703125,-12.0,-7.0,1027.0,SE,0.8899999856948853,0.0,0.0
2014,2,4,18,84.0,-12.0,-2.0,1029.0,NE,3.9878597259521484,0.0,0.0
2013,8,23,17,91.88345336914062,21.0,22.0,1000.0,NW,31.7324161529541,0.0,0.0
2010,4,3,23,87.0,1.0,8.0,1014.0,NE,0.8899999856948853,0.0,0.0
2014,4,19,16,11.0,-17.0,3.3709514141082764,1023.0,NW,81.59502410888672,0.0,0.0
2012,7,2,20,124.51261901855469,23.0,23.0,1001.0,SE,1.7899999618530273,0.0,0.0
2012,2,1,19,13.0,-16.0,3.0,1022.0,NW,80.21829223632812,0.0,0.0
2014,6,31,4,103.0,16.0,24.0,1004.0,NW,9.390000343322754,0.0,0.0
2011,6,16,5,108.25721740722656,22.0,24.0,1007.0,SE,2.680000066757202,0.0,0.0
2012,6,22,17,89.0,16.0,25.0,1011.0,cv,1.7899999618530273,0.0,0.0
2013,1,4,8,31.0,-20.0,-4.0,1028.0,NW,16.98393440246582,0.0,0.0
2014,1,15,0,14.885725021362305,-11.0,-7.0,1028.0,NE,0.8899999856948853,0.0,0.0
2013,11,10,3,98.0,-16.0,-5.0,1034.0,NE,11.180000305175781,0.0,0.0
2014,3,22,21,12.0,-18.0,13.0,1025.0,NW,50.28083419799805,0.0,0.0
2011,3,21,1,270.90966796875,2.0,6.0,1017.0,NW,12.069999694824219,0.0,0.0
2014,4,16,1,60.0,6.0,12.0,1014.0,cv,0.8899999856948853,0.0,0.0
2012,3,2,20,81.0,-14.0,-2.0,1023.0,cv,0.8899999856948853,0.0,0.0
2014,6,7,11,45.0,21.0,25.0,1005.0,SE,1.7899999618530273,0.0,0.0
2013,4,16,7,16.002803802490234,3.0,17.0,1011.0,SE,16.989999771118164,0.0,0.0
2012,3,24,15,115.59455871582031,1.3831162452697754,12.0,1014.0,SE,1.7899999618530273,0.0,0.0
2010,10,26,8,67.0,1.0,5.0,1027.0,NW,1.7899999618530273,0.0,0.0
2014,7,24,20,47.040401458740234,20.0,32.93992614746094,999.0,SE,33.976478576660156,0.0,0.0
2010,3,22,5,329.2143859863281,-4.0,5.0,1011.0,SE,3.5799999237060547,0.0,0.0
2013,2,19,1,140.06271362304688,-2.0,1.0,1022.0,cv,0.8899999856948853,0.0,0.0
2011,10,21,20,45.699188232421875,-4.0,12.0,1025.0,NW,1.7899999618530273,0.0,0.0
2011,11,6,9,13.0,-13.0,9.849352836608887,1017.0,SE,3.130000114440918,0.0,0.0
2012,4,26,16,256.3885192871094,16.0,22.0,1003.0,cv,4.019999980926514,0.0,0.0
2011,2,14,10,18.0,-12.0,2.0,1026.0,SE,3.130000114440918,0.0,0.0
2013,7,4,20,38.0,24.0,28.0,998.0,SE,9.84000015258789,0.0,1.0
2013,12,15,22,339.37713623046875,-7.0,-4.0,1028.0,SE,0.44999998807907104,0.0,0.0
2014,5,30,13,26.882766723632812,7.0,34.25490188598633,997.0,SE,30.752437591552734,0.0,0.0
2012,9,21,11,269.6847839355469,15.0,18.0,1018.0,SE,3.130000114440918,0.0,0.0
2011,3,4,11,44.0,-13.0,21.0,1012.0,cv,41.568092346191406,0.0,0.0
2012,12,13,1,196.39796447753906,-0.7125558853149414,1.0,1023.0,NW,108.14656066894531,0.0,0.0
2014,8,21,22,155.828125,21.044580459594727,23.0,1012.0,NE,1.7899999618530273,0.0,1.0
2010,6,4,3,48.0,16.0,16.0,1019.0,SE,1.7899999618530273,0.0,0.0
2013,8,2,17,104.0,18.0,25.0,1014.0,SE,12.069999694824219,0.0,0.0
2014,9,8,7,233.32577514648438,17.0,20.0,1015.0,cv,1.7899999618530273,0.0,0.0
2013,7,23,21,182.66590881347656,19.0,25.0,1000.0,NE,35.87935256958008,0.0,0.0
2012,8,21,3,70.0,21.0,21.0,1012.0,NE,1.7899999618530273,0.0,0.0
2013,5,24,7,112.0,9.0,19.0,1004.0,SE,3.1217880249023438,0.0,0.0
2012,1,9,19,9.0,-26.579526901245117,-10.0,1034.0,NW,6.710000038146973,0.0,0.0
2012,10,20,23,37.0,13.0,15.0,1018.0,cv,7.599999904632568,0.0,0.0
2010,1,9,14,17.0,-20.0,-1.0,1024.0,NW,108.43396759033203,0.0,0.0
2014,12,24,8,12.0,-21.0,-2.0,1028.0,NW,83.29456329345703,0.0,0.0
2012,12,10,21,143.0,-8.0,-5.0,1030.0,SE,6.707709312438965,0.0,0.0
2014,6,8,7,97.0,15.0,17.0,1010.0,cv,1.7899999618530273,0.0,0.0
2012,5,13,15,126.0,16.0,28.0,1011.0,SE,1.7899999618530273,0.0,0.0
2013,4,10,18,12.642138481140137,-17.999378204345703,13.0,1012.0,NW,101.42008209228516,0.0,0.0
2012,7,10,19,150.16217041015625,22.0,27.0,1010.0,SE,21.463485717773438,0.0,0.0
2011,5,24,7,10.0,5.0,24.0,1004.0,SE,0.8899999856948853,0.0,0.0
2012,2,6,5,6.014354228973389,-22.0,-7.0,1033.0,NW,101.49974822998047,0.0,0.0
2012,12,21,20,90.0,-12.0,4.0,1021.0,SE,2.379950761795044,0.0,0.0
2012,4,19,4,146.0,5.0,11.0,1015.0,SE,0.8899999856948853,0.0,0.0
2012,12,24,5,325.339111328125,-13.0,-6.0,1027.0,NW,1.7899999618530273,0.0,0.0
2013,7,21,22,52.0,19.26536750793457,22.0,1003.0,NW,0.8899999856948853,0.0,0.0
2014,7,6,19,119.0,23.0,24.0,1010.0,cv,1.7899999618530273,0.0,0.0
2011,7,21,18,98.0,23.0,32.0,1003.0,SE,1.7899999618530273,0.0,0.0
2010,10,19,9,43.0,7.0,17.0,1020.0,cv,2.6700000762939453,0.0,0.0
2014,11,16,21,63.0,4.0,12.0,1024.0,SE,9.84000015258789,0.0,0.0
2013,4,26,16,85.0,-6.0,6.0,1018.0,NW,1.7899999618530273,0.0,0.0
2014,11,15,8,142.0,0.0,5.0,1017.0,NE,0.8899999856948853,0.0,0.0
2011,6,13,1,83.0,14.0,21.0,1002.0,NW,55.36206817626953,0.0,0.0
2013,4,21,19,38.0,-18.0,12.077730178833008,1025.0,NW,152.59701538085938,0.0,0.0
2012,12,2,8,259.8528747558594,-2.0,-3.0,1021.0,SE,0.8899999856948853,0.0,0.0
2014,9,20,21,149.64273071289062,18.442298889160156,22.767398834228516,1012.0,cv,0.8899999856948853,0.0,0.0
2013,1,24,15,47.71178436279297,-16.0,7.0,1017.0,NW,8.050000190734863,0.0,0.0
2012,9,15,17,16.0,15.0,28.0,1007.0,SE,18.780000686645508,0.0,0.0
2014,5,6,3,58.0,5.0,16.0,1008.0,cv,0.8899999856948853,0.0,0.0
2012,2,18,15,66.0,-19.0,1.2868708372116089,1025.0,NW,1.7899999618530273,0.0,0.0
2013,10,11,5,64.0,9.0,10.0,1020.0,SE,3.5799999237060547,0.0,0.0
2011,5,2,12,48.0,-12.0,19.0,1016.0,NW,281.57940673828125,0.0,0.0
2011,10,23,10,17.262035369873047,-5.0,17.0,1029.0,NE,16.099515914916992,0.0,0.0
2012,5,17,8,37.0,15.0,25.0,1001.0,SE,3.130000114440918,0.0,0.0
2010,2,6,23,28.0,-1.3284341096878052,1.0,1018.0,NW,12.521580696105957,0.0,0.0
2012,10,18,19,53.36402130126953,-4.935859680175781,14.0,1025.0,cv,1.7899999618530273,0.0,0.0
2010,2,20,16,69.0,-16.0,8.0,1026.0,SE,1.7899999618530273,0.0,0.0
2011,9,21,4,46.049076080322266,13.0,21.0,1007.0,NW,16.290973663330078,0.0,0.0
2011,8,3,15,29.0,22.0,32.0,1000.0,SE,4.920000076293945,0.0,0.0
2014,4,21,1,39.0,-1.0,17.0,1016.0,NW,1.7899999618530273,0.0,0.0
2014,8,20,22,143.0,21.0,27.0,1006.0,SE,43.03411865234375,0.0,1.0
2010,5,21,20,92.0,8.0,20.0,1014.0,NW,17.885608673095703,0.0,0.0
2013,12,12,17,74.89100646972656,-20.0,-1.0,1024.0,SE,10.729999542236328,0.0,0.0
2012,8,15,18,146.0,22.0,30.0,1010.0,cv,5.369999885559082,0.0,1.0
2014,3,22,12,17.0,4.0,18.0,1016.0,NW,7.808462619781494,0.0,0.0
2011,11,30,23,216.68365478515625,-1.0,12.0,1023.0,cv,0.8899999856948853,0.0,0.0
2012,12,11,3,18.0,-21.0,-2.0,1029.0,NW,51.94155502319336,0.0,0.0
2012,3,2,9,265.275390625,-1.0,2.0,1025.0,NW,5.369999885559082,0.0,0.0
2013,4,19,10,92.0,6.0,14.0,1025.0,NE,78.40585327148438,0.0,0.0
2013,12,10,22,52.0,-19.4364013671875,-5.0,1024.0,NE,0.8899999856948853,0.0,0.0
2014,7,11,22,102.0,22.0,25.0,1007.0,cv,2.6700000762939453,0.0,0.0
2012,12,8,19,15.0,-20.0,-7.0,1030.0,NW,134.83384704589844,0.0,0.0
2011,6,10,22,113.0,25.0,30.828655242919922,1002.0,SE,10.279999732971191,0.0,0.0
2014,4,10,14,79.0,13.0,21.0,1010.0,NW,36.2156867980957,0.0,0.0
2011,2,18,18,229.59320068359375,-4.0,0.0,1022.0,SE,14.75,0.0,0.0
2010,5,4,21,39.85427474975586,2.0,14.0,1014.0,NW,0.8899999856948853,0.0,0.0
2014,7,30,19,87.0,24.0,29.0,1000.0,SE,7.150000095367432,0.0,0.0
2011,9,12,21,166.5951690673828,16.0,18.0,1014.0,SE,23.239999771118164,0.0,0.0
2013,12,2,7,12.0,-27.0,-12.46699333190918,1036.94921875,NW,165.4722137451172,0.0,0.0
2013,4,3,1,9.0,-11.0,6.0,1018.0,NW,28.391939163208008,0.0,0.0
2011,6,17,7,143.68833923339844,10.0,15.0,1010.0,SE,1.7799999713897705,0.0,0.0
2014,4,8,6,75.0,0.0,8.0,1016.0,NW,1.7899999618530273,0.0,0.0
2014,3,1,7,10.0,-12.0,3.0,1029.0,NW,16.09499740600586,0.0,0.0
2014,4,29,10,105.0,8.0,15.0,1014.0,SE,22.36288833618164,0.0,0.0
2013,11,26,4,46.0,-3.0,5.0,1025.0,cv,3.569999933242798,0.0,0.0
2013,11,27,0,10.0,-24.645532608032227,5.0,1024.0,NW,147.14845275878906,0.0,0.0
2014,12,30,20,210.9736785888672,-11.0,-4.0,1014.0,cv,3.130000114440918,0.0,0.0
2012,12,21,23,114.22718048095703,-6.0,-2.0,1028.0,SE,1.7899999618530273,0.0,0.0
2014,11,26,17,152.20423889160156,-17.0,4.0,1022.0,cv,1.7899999618530273,0.0,0.0
2012,6,21,15,79.0,12.0,25.0,1015.0,SE,1.7899999618530273,0.0,0.0
2014,3,9,4,431.1685485839844,-4.0,0.0,1018.0,NE,9.84000015258789,0.0,0.0
2013,8,9,21,140.27691650390625,20.0,23.0,1006.0,cv,1.7899999618530273,0.0,0.0
2010,9,31,16,81.25068664550781,15.0,21.0,1007.0,cv,3.130000114440918,0.0,0.0
2014,10,2,19,14.0,-9.0,16.0,1032.0,NE,8.9399995803833,0.0,0.0
2012,9,22,20,273.03460693359375,15.0,15.0,1016.0,cv,0.8899999856948853,0.0,0.0
2013,1,16,0,285.36248779296875,-14.0,-3.0,1034.0,NW,0.8899999856948853,0.0,0.0
2012,9,14,7,129.78663635253906,21.0,21.0,1015.0,SE,8.948121070861816,0.0,0.0
2014,12,1,0,15.0,-21.0,-2.0,1031.0,NW,231.38243103027344,0.0,0.0
2013,9,11,21,257.2828369140625,17.0,18.0,1018.0,SE,1.7899999618530273,0.0,0.0
2012,5,21,17,39.6451301574707,14.0,31.0,1004.0,SE,14.654759407043457,0.0,1.0
2011,7,3,17,80.0,24.0,32.0,1002.0,SE,3.5799999237060547,0.0,0.0
2013,11,22,19,75.0,1.0,3.0,1023.0,cv,3.5799999237060547,0.0,0.0
2010,11,23,11,66.0,0.0,7.726568222045898,1027.0,NE,1.7899999618530273,0.0,0.0
2012,4,26,20,117.0,-1.0,2.0,1016.0,SE,5.809999942779541,0.0,0.0
2013,4,20,17,43.0,-14.0,-4.0,1029.0,NE,12.069999694824219,0.0,0.0
2012,4,27,11,14.0,-17.0,17.0,1009.0,NE,31.517797470092773,0.0,0.0
2014,5,5,15,17.0,-2.0,22.0,1006.0,NW,175.76976013183594,0.0,0.0
2010,8,28,18,103.0,21.0,27.0,1002.0,NW,1.7899999618530273,0.0,0.0
2012,10,13,7,35.0,-9.0,-1.0,1026.0,cv,1.7899999618530273,0.0,0.0
2011,6,18,17,50.0,18.0,28.0,1003.0,NE,0.8899999856948853,0.0,1.0
2010,4,13,6,211.6938934326172,6.0,10.0,1014.0,cv,19.670000076293945,0.0,0.0
2013,11,2,7,193.84291076660156,-5.0,9.0,1023.0,cv,0.8899999856948853,0.0,0.0
2010,4,20,0,44.0,-17.0,13.0,1020.0,NW,7.159999847412109,0.0,0.0
2014,6,2,7,127.0,11.0,14.0,1018.0,cv,10.445775985717773,0.0,0.0
2013,4,16,5,351.2930603027344,6.0,6.0,1024.0,NW,6.710000038146973,0.0,0.0
2014,11,6,8,149.0,-5.0,10.0,1022.0,NW,0.8899999856948853,0.0,0.0
2011,11,22,22,271.0667419433594,7.0,9.0,1023.0,cv,1.7799999713897705,0.0,0.0
2011,1,21,13,37.0,-18.0,-2.0,1020.0,NW,10.644474029541016,0.0,0.0
2011,1,19,7,18.0,-22.0,-4.0,1034.0,NW,169.82493591308594,0.0,0.0
2012,4,9,1,85.0,5.446069240570068,10.0,1009.23193359375,NW,69.58956909179688,0.0,0.0
2010,10,3,13,79.47623443603516,7.0,14.0,1029.0,cv,1.340000033378601,0.0,0.0
2011,4,19,11,39.0,-4.0,13.0,1015.0,NW,23.245044708251953,0.0,0.0
2012,2,22,8,8.0,-14.0,5.0,1027.1866455078125,NW,76.203857421875,0.0,0.0
2012,2,5,23,91.0,-15.0,-1.0,1035.0,SE,1.7799999713897705,0.0,0.0
2012,10,18,19,109.0,12.0,15.0,1010.3516845703125,SE,10.222915649414062,0.0,0.0
2011,9,18,0,87.7584457397461,23.0,23.0,1011.0,SE,0.8899999856948853,0.0,0.0
2010,1,1,15,31.0,-20.0,6.055785655975342,1018.0,NW,6.258994102478027,0.0,0.0
2010,8,10,23,199.47708129882812,22.0,24.0,1004.0,SE,20.110000610351562,0.0,0.0
2010,11,24,18,108.0,-5.0,0.0,1025.0,NW,1.7899999618530273,0.0,18.686859130859375
2013,6,7,16,27.0,11.0,26.518632888793945,998.0,NW,19.219999313354492,0.0,0.0
2012,3,6,18,103.0,-9.0,-8.0,1026.0,NE,37.071937561035156,0.0,0.0
2013,2,10,22,142.81101989746094,-10.0,0.0,1034.0,NE,6.710000038146973,0.0,0.0
2010,1,11,3,113.06546020507812,-16.0,-7.0,1030.0,NW,12.069999694824219,0.0,0.0
2010,3,15,0,394.5050354003906,1.0,4.0,1015.0,cv,0.8899999856948853,0.0,0.0
2013,2,1,1,8.0,-24.0,-10.0,1041.4193115234375,NW,12.520000457763672,0.0,0.0
2011,1,30,9,21.0,-20.0,-3.0,1034.958251953125,NW,58.863529205322266,0.0,0.0
2010,4,17,21,49.0,-9.0,12.0,1015.0,SE,54.24881362915039,0.0,0.0
2014,11,10,15,67.0,-9.0,9.0,1019.0,NW,7.155993938446045,0.0,0.0
2012,8,4,17,61.51661682128906,12.0,22.0,1011.0,SE,1.7899999618530273,0.0,0.0
2013,11,14,1,174.0,-9.0,-6.0,1028.0,NW,16.100000381469727,0.0,0.0
2012,7,3,11,149.0,24.0,23.0,1002.0,NW,38.5269660949707,0.0,0.0
2013,7,10,16,19.0,12.0,34.0,1000.0,SE,3.130000114440918,0.0,0.0
2011,11,19,14,159.66604614257812,-13.0,9.0,1022.0,SE,1.7899999618530273,0.0,0.0
2010,10,8,19,33.0,-13.474566459655762,10.0,1015.0,NW,44.312095642089844,0.0,0.0
2010,8,12,2,209.85211181640625,22.0,23.781253814697266,1008.0,cv,3.130000114440918,0.0,0.0
2012,7,5,23,85.0,24.0,26.0,1004.0,SE,24.655437469482422,0.0,1.0
2014,12,5,9,17.0,-22.0,3.0,1026.0,NW,17.88852882385254,0.0,0.0
2012,11,26,10,248.046142578125,11.0,11.0,1018.0,SE,0.8899999856948853,0.0,0.0
2010,7,24,1,177.0083465576172,19.0,25.0,1007.0,SE,15.649999618530273,0.0,0.0
2010,4,3,3,27.0,-1.0,6.0,1028.0,NE,4.920000076293945,0.0,1.0
2010,8,11,9,101.0,22.0,28.0,1007.0,cv,10.729999542236328,0.0,0.0
2010,6,23,15,148.0,16.0,26.0,1003.0,SE,16.984451293945312,0.0,0.0
2014,4,6,10,44.0,-6.0,14.198572158813477,1011.0,NW,49.275943756103516,0.0,0.0
2014,10,8,20,30.0,-3.0,12.0,1021.0,NW,1.7899999618530273,0.0,0.0
2010,10,20,4,95.0,5.0,11.0,1015.0,SE,1.7799999713897705,0.0,0.0
2010,11,6,18,49.0,-8.0,15.0,1021.0,SE,32.150699615478516,0.0,0.0
2013,9,2,5,39.0,6.0,15.0,1009.0,SE,9.390000343322754,0.0,0.0
2012,5,25,18,39.0,-2.0,22.0,1002.0,SE,16.979999542236328,0.0,0.0
2014,7,27,14,10.0,11.0,34.0,1005.0,NE,1.7899999618530273,0.0,0.0
2010,4,12,14,69.0,-0.7954631447792053,5.0,1013.0,cv,0.8899999856948853,0.0,0.0
2011,9,31,1,90.0,19.0,21.0,1012.0,SE,41.8259162902832,0.0,0.0
2011,5,28,14,82.63420104980469,13.0,22.0,1016.0,cv,2.680000066757202,0.0,0.0
2012,1,2,15,118.0,-7.0,-4.0,1025.0,SE,59.30144500732422,0.0,0.0
2014,10,12,1,55.912052154541016,9.0,19.0,1017.0,SE,36.77884292602539,0.0,0.0
2012,9,2,5,77.0,14.0,16.0,1011.0,cv,2.6700000762939453,0.0,0.0
2011,3,13,4,47.60400390625,-10.0,5.0,1023.0,SE,55.698570251464844,0.0,0.0
2012,10,16,4,73.0,5.0,14.093032836914062,1017.0,SE,18.801898956298828,0.0,0.0
2010,11,9,23,24.0,-7.0,0.0,1036.0,NW,189.66702270507812,0.0,0.0
2011,8,22,16,28.0,11.0,34.0,1001.3357543945312,SE,3.130000114440918,0.0,0.0
2010,4,23,22,142.1182403564453,4.0,17.0,1012.0,SE,20.11331558227539,0.0,0.0
2010,3,3,22,12.0,-15.0,10.0,1024.0,NW,84.36897277832031,0.0,0.0
2011,11,28,12,118.0,-5.0,13.0,1022.0,SE,12.48218822479248,0.0,0.0
2014,8,27,4,279.3338317871094,22.0,26.0,1010.0,SE,1.7899999618530273,0.0,0.0
2010,5,8,1,187.99966430664062,17.0,22.486738204956055,1013.0,cv,9.390000343322754,0.0,1.0
2010,4,22,19,172.0,9.0,13.0,1013.0,SE,1.7899999618530273,0.0,0.0
2010,1,5,0,28.0,-21.0,-7.0,1035.0,NE,8.050000190734863,0.0,0.0
2010,1,3,7,36.082515716552734,-21.0,-14.0,1039.1314697265625,NW,7.761203765869141,0.0,0.0
2010,6,15,10,120.0,21.0,29.0,1006.0,NW,3.5799999237060547,0.0,0.0
2010,5,11,2,34.0,3.0,12.0,1015.0,cv,0.8899999856948853,0.0,0.0
2013,7,30,21,151.0,22.0,27.0,1004.0,SE,4.920000076293945,0.0,0.0
2012,11,7,2,59.0,-12.0,11.0,1024.0,SE,0.8899999856948853,0.0,0.0
2010,2,26,9,221.5740509033203,-4.0,2.0,1015.0,SE,1.7899999618530273,0.0,0.0
2014,9,5,12,92.0,23.0,31.0,1005.0,SE,3.534903049468994,0.0,0.0
2011,11,12,1,152.0,-6.0,-2.0,1014.0,SE,1.7899999618530273,0.0,0.0
2011,5,4,16,56.0,15.0,24.0,1007.0,NE,38.718753814697266,0.0,0.0
2011,1,19,11,29.0,-20.0,-8.0,1028.0,NW,2.680000066757202,0.0,0.0
2013,5,8,0,79.0,6.0,15.0,1018.0,SE,21.90796661376953,0.0,0.0
2013,10,5,15,46.0,-9.0,18.0,1023.0,NW,4.920000076293945,0.0,0.0
2013,8,6,17,70.0,20.0,28.0,1003.0,SE,31.294187545776367,0.0,1.0
2013,6,23,8,40.0,0.7516623139381409,25.0,1015.9275512695312,NE,4.019999980926514,0.0,0.0
2013,7,23,21,21.0,19.0,27.0,1003.0,NW,15.197371482849121,0.0,0.0
2010,8,29,8,49.712039947509766,17.0,19.0,1006.0,SE,0.8899999856948853,0.0,0.0
2011,5,23,0,134.0,6.0,12.0,1017.0,cv,0.8899999856948853,0.0,0.0
2014,3,29,12,141.0,-8.0,3.0,1029.0,cv,1.7799999713897705,0.0,0.0
2010,7,30,17,165.0,20.0,27.0,1004.0,cv,1.7799999713897705,0.0,0.0
2010,10,18,1,144.0,5.0,9.0,1019.0,cv,4.019999980926514,0.0,0.0
2011,1,19,15,17.0,-21.0,-1.0,1032.0,NW,28.613128662109375,0.0,0.0
2011,5,29,22,25.0,11.0,29.907726287841797,1003.3161010742188,SE,72.83562469482422,0.0,0.0
2014,5,17,16,161.25074768066406,12.0,30.286956787109375,1005.0,NW,8.050000190734863,0.0,1.0
2011,10,15,13,6.0,-1.0,19.0,1021.0,cv,0.8899999856948853,0.0,0.0
2011,4,27,11,130.3303985595703,7.0,17.0,1027.0,NE,3.5799999237060547,0.0,0.0
2010,7,18,16,134.0,20.0,27.0,1003.0,SE,29.6109676361084,0.0,0.0
2011,7,20,5,57.0,19.0,23.0,1005.0,NE,4.019999980926514,0.0,0.0
2010,10,27,17,75.0,0.0,15.0,1026.0,cv,15.363218307495117,0.0,0.0
2013,1,15,13,126.0,-11.0,0.9130094051361084,1028.0,SE,0.8899999856948853,0.0,0.0
2013,1,1,4,91.0,-14.0,-6.0,1028.0,cv,7.150000095367432,0.0,0.0
2012,4,29,22,166.8773651123047,11.40013313293457,13.0,1009.0,NE,43.10313415527344,0.0,0.0
2014,6,4,14,58.0,19.0,33.0,1002.0,cv,4.920000076293945,0.0,0.0
2013,8,3,6,138.0,19.0,21.0,1007.0,NE,3.130000114440918,0.0,0.0
2010,8,22,5,62.0,14.0,17.277929306030273,1018.0,SE,2.6700000762939453,0.0,0.0
2012,11,26,20,14.0,-16.0,4.0,1020.0,NW,75.06453704833984,0.0,0.0
2010,5,16,8,110.0,4.0,12.0,1009.0,NW,66.84081268310547,0.0,0.0
2012,6,3,13,13.0,13.0,29.0,1000.0,NW,3.569999933242798,0.0,0.0
2014,10,29,12,326.5408630371094,10.0,10.030538558959961,1022.0,cv,1.7899999618530273,0.0,0.0
2013,8,6,1,84.0,22.83698081970215,26.0,1007.0,cv,1.7899999618530273,0.0,0.0
2014,8,13,12,32.0,9.0,20.0,1018.0,cv,1.7799999713897705,0.0,0.0
2013,8,21,15,79.0,11.0,19.0,1007.0,SE,5.344268798828125,0.0,0.0
2012,8,15,5,17.0,18.0,23.0,1007.0,NW,1.7899999618530273,0.0,0.0
2011,5,15,13,42.0,-2.0,27.0,1004.0,SE,1.7899999618530273,0.0,0.0
2014,11,21,4,156.9935302734375,4.0,10.0,1019.4365844726562,NW,11.180000305175781,0.0,0.0
2014,5,27,20,54.0,3.0,20.0,998.0,SE,61.086334228515625,0.0,0.0
2010,5,25,16,83.0,5.0,29.0,1007.0,SE,4.920000076293945,0.0,0.0
2011,12,13,10,25.0,-21.0,-4.0,1030.0,NW,4.019999980926514,0.0,0.0
2011,9,20,0,54.0,8.0,17.0,1025.0,SE,1.7899999618530273,0.0,0.0
2013,9,15,18,125.0,20.0,23.0,1009.0,SE,36.807212829589844,0.0,0.0
2013,3,30,12,19.0,-20.0,5.0,1015.0,NW,28.612598419189453,0.0,0.0
2010,12,28,15,24.0,-23.0,-3.0,1025.0,NW,202.12765502929688,0.0,0.0
2013,3,23,14,38.0,-4.0,7.43148946762085,1025.0,cv,1.7899999618530273,0.0,0.0
2010,1,23,1,83.0,-12.0,-3.0,1028.0,SE,1.7899999618530273,0.0,0.0
2013,1,1,2,27.0,-10.0,5.0,1022.0,cv,3.569999933242798,0.0,0.0
2010,1,22,16,35.954559326171875,-18.0,-3.0,1030.0,NE,19.950681686401367,0.0,0.0
2011,3,9,1,89.0,-9.0,1.0,1018.0,SE,1.7899999618530273,0.0,0.0
2013,3,7,18,23.0,-17.0,7.0,1025.0,NW,6.710000038146973,0.0,0.0
2013,2,18,10,321.5771789550781,-7.0,-3.0,1025.0,cv,1.7899999618530273,0.0,0.0
2014,1,3,0,199.2769775390625,-13.0,2.0,1030.5341796875,SE,13.412564277648926,0.0,0.0
2013,3,3,13,27.0,-23.0,4.0,1025.0,SE,7.033301830291748,0.0,0.0
2013,12,29,1,80.0,-19.0,-2.0,1024.788818359375,SE,1.7899999618530273,0.0,0.0
2012,12,3,19,117.0,-12.0,2.0,1027.0,cv,7.596859455108643,0.0,0.0
2011,9,7,12,154.0,13.0,28.0,1015.0,NW,4.919570446014404,0.0,0.0
