age,workclass,fnlwgt,education,education.num,marital.status,occupation,relationship,race,sex,capital.gain,capital.loss,hours.per.week,native.country,income
,,197682.25, HS-grad,,,,,,,,11.07696533203125,, United-States,
31.021465301513672,,,,, Married-civ-spouse, Craft-repair,,,,,,,,
,,203178.703125,,,,,,,,,,,,
,,, HS-grad,,,,, White,,-3458.28955078125,,,, <=50K
,,213457.234375,,,,,,, Female,,,,,
,,,,,,,,,,,,, United-States,
,,193522.328125,,,,,,,,,,,,
,,, Bachelors,,, Prof-specialty,, White,,,,40.59865188598633,, >50K
,,,,,,,, White,,,,,,
,,,,,,,, White,,,56.088348388671875,,,
46.86046600341797,,203566.859375,,,,, Husband,, Male,,,,,
,,,,,,,, White,,,,,,
,,192511.359375,,, Never-married,,,,,-237.34814453125,,, United-States,
,,,,,,,, White,,,,42.52516555786133,,
42.310176849365234,,192901.984375,,11.042045593261719,,,,,,,170.5379638671875,44.905338287353516, United-States,
,,195842.296875,,,,,,, Male,,256.7436218261719,,,
34.75008010864258,,,,,,,, White,,,,,,
,,177148.890625,,,,,,,,,,33.114139556884766,, <=50K
,,187302.65625,,,,,,,,,,,,
,,,,11.882259368896484,, Craft-repair,,,,,202.25738525390625,,,
,,191808.90625,,,,,,,,3964.66650390625,,,,
30.667457580566406,,, Some-college,,,,, White,,,30.626667022705078,,,
,,, Some-college,10.200458526611328,,,,,,71.30499267578125,,,,
37.89569854736328,,,,,, Craft-repair,,, Female,,,,,
,,,,10.363767623901367, Married-civ-spouse,, Husband,, Male,,,,,
, Private,,,, Married-civ-spouse, Exec-managerial,, White,,,,,,
,,,,, Never-married,, Own-child,,,,,44.68031692504883, United-States,
,,, HS-grad,,,,,,,,,,,
,,, HS-grad,,,,, White,,,,,,
,,,,,, Farming-fishing,,,,,,,, <=50K
,,,,,,,, White,,,186.64578247070312,47.1670036315918,,
, Private,190862.671875,,,, Craft-repair,, White, Male,,,,,
,,,,,,,,,,,,,,
,,,,, Married-civ-spouse,,,, Male,,61.31563186645508,,,
,,,,,,,,, Female,,,46.611541748046875, United-States,
,,,,,,,,, Male,532.4156494140625,,, United-States,
,,,,, Married-civ-spouse,,,,,,,,,
,,,,,,, Husband, White, Male,-4148.44091796875,,39.58148193359375,, <=50K
,,,,,,,,,,,,41.1556510925293,,
,,201905.265625, HS-grad,,,,,,,,,,,
46.32421875,,,,,, Prof-specialty,, White, Male,,,53.72810745239258,,
,,, Some-college,,,, Husband,,,3955.74462890625,,,,
,,191383.953125, HS-grad,,,,,,,-269.72509765625,,,,
,,203846.140625,,,,,, White,,,38.761959075927734,39.188541412353516,,
, Private,,,7.496337890625,,,,,,,,, United-States, <=50K
44.02980041503906,,,,,,,,, Male,3829.33935546875,,,,
40.95168685913086,,,,,,,,,,,47.94095230102539,,,
34.730194091796875,,185977.078125,,,,,,,,,,,, >50K
41.05820083618164,,,,8.451146125793457,,, Not-in-family,,,,,,,
,,, HS-grad,,,,, White, Male,,,48.5504150390625,,
,,,,9.003447532653809,,,,,,,38.04668426513672,,,
, Private,,,6.427278518676758,,,,,,,,33.415184020996094, United-States, <=50K
, Private,,,,,,,,,,,34.26310729980469,,
,,,,,,, Husband,,,3169.76318359375,,,,
50.86259841918945,,, HS-grad,,,,,,,,,,,
, Private,213161.25,,,,,, White, Male,,70.55107116699219,, United-States,
,,,,8.549327850341797,,,,,,443.79864501953125,,,,
44.52737808227539,,,,,,,, White,,,,,,
,,, HS-grad,,,,,,,,,,,
,,,,,, Craft-repair,,,,,58.159873962402344,,,
,,,,,,, Not-in-family,,,,,,,
,,,,10.593324661254883,, Craft-repair,,, Female,,,,,
,,,,, Never-married, Prof-specialty,,,,,,41.4776611328125, United-States,
,,,,10.322113037109375,, Adm-clerical,,,,,,36.92482376098633,,
,,,,11.501082420349121,, Adm-clerical,,,,,,,,
,,,,,,,, White,,,,36.992088317871094,,
,,, Bachelors,,, Exec-managerial,, White,,4411.6396484375,,,,
,,, Some-college,, Married-civ-spouse, Craft-repair,, White, Female,,57.814453125,48.4916877746582,,
,,186120.796875,,,, Craft-repair, Husband,,,,,,,
,,,,, Married-civ-spouse, Craft-repair, Not-in-family,,,,,, United-States,
,,,,,,,, White,,4082.78369140625,,,,
,,,,, Married-civ-spouse,,, White,,,,,,
, Private,,,,,,,,,,,,, <=50K
24.723684310913086,,,,, Never-married,, Not-in-family, White,,,-71.78961181640625,, United-States, <=50K
,,,,, Married-civ-spouse, Other-service,,,,,,,,
,,, HS-grad,,,,,,,-968.7386474609375,,41.512718200683594,,
38.17265701293945, Private,,,,,,, White,,,66.43938446044922,,,
37.18941879272461, Private,,,9.35013198852539,,,,,,,,,,
,,,,,,, Husband,,,,77.59695434570312,,,
28.15913200378418,,,,, Never-married,,,,,,,35.0419921875,, <=50K
,,,,,,,, White,,,,,, <=50K
,,,,10.907777786254883, Never-married,,,,,,,,,
, Private,,,,,, Husband,, Male,,,,,
, Private,, Some-college,11.847216606140137,, Craft-repair,, White,,3548.515625,,,,
,,,,,,,,, Male,,81.07257843017578,, United-States,
, Private,,,,,,,,,,54.88618087768555,,,
, Private,,,7.430822372436523, Never-married,,,,,,,,, <=50K
32.97206497192383,,, HS-grad,,,,,,,,,,, <=50K
41.10895538330078,,189083.4375, HS-grad,9.685635566711426,,, Husband, White,,,68.8285140991211,,,
,,,,,,,,, Female,-2166.94677734375,,,, >50K
, Private,,,, Divorced,,,,,,,, United-States,
,,, 7th-8th,,,, Unmarried,,,,,,, <=50K
45.211341857910156,,,,,,,,,,,,,,
, Private,,,,,,,,,,,, United-States,
,,,,9.165090560913086,,,,,,,56.79331970214844,,,
,,,,,, Craft-repair,, White, Male,,,46.946380615234375,,
, Private,185960.515625,,, Never-married, Prof-specialty,,,,,48.376190185546875,, United-States,
,,, HS-grad,9.621000289916992, Married-civ-spouse,,, White, Male,,,,,
,,181648.609375,,,,, Husband,,,,,, United-States,
,,196224.65625,,,,,,,,,,,,
40.86503982543945,,184572.359375, Some-college,10.446599960327148,,, Wife,,,,,,,
,,,,,,, Not-in-family, White,,,72.01620483398438,39.023189544677734,,
,,,,,,,, White,,138.5860595703125,,, United-States,
46.23249816894531,,, HS-grad,,,,,,,-1060.7049560546875,,33.91704177856445,,
,,173408.59375,,,,,,,,,,,,
,,,,, Never-married,,,,,,,36.534725189208984, United-States,
,,,,,,,,, Male,,,,,
,,196994.1875,,,,,,,,-181.0341796875,40.464881896972656,,,
30.111326217651367, ?,,,,,, Not-in-family,,,,-73.95057678222656,,, <=50K
37.96746826171875, Private,,,,, Craft-repair,,, Female,,,,,
,,,,,, Adm-clerical,,,,,,36.98390197753906,,
37.73686981201172,,,,,,,,,,,64.9569091796875,, United-States,
,,, Some-college,,, Craft-repair,,,,,183.06561279296875,47.54862976074219,,
,,,,,,,,,,,21.874984741210938,,,
,,, HS-grad,,,, Husband,,,,,,,
, Private,, HS-grad,,, Other-service,,,,,,,, <=50K
,,,,,,, Husband,,,,,,,
,,,,,,,,,,,,, United-States,
,,176770.796875, HS-grad,,, Other-service,,,,,,35.02190399169922,,
,,, Bachelors,,,,,,,4022.88232421875,,, United-States,
28.459857940673828,,174271.59375,,, Divorced, Prof-specialty,, White,,,,, United-States,
33.16736602783203,,, Some-college,,, Adm-clerical,, White,,-219.1964111328125,,,,
, Private,213313.625,,8.754976272583008, Married-civ-spouse,,,, Male,,,44.11962127685547,,
, Private,184234.21875,,,, Adm-clerical,,,,,,,,
,,, HS-grad,8.642868995666504,,,,,,-194.9130859375,12.406509399414062,,,
,,182157.203125,,, Married-civ-spouse,,,, Female,,,,,
,,,,, Married-civ-spouse, Prof-specialty,,,,,243.64181518554688,45.56097412109375,,
,,,,, Never-married,,,,,-90.1337890625,,, United-States,
46.95558166503906,,,,,,, Husband,,,3454.908203125,,,,
44.388980865478516,,,,,, Prof-specialty,,,,5039.18994140625,237.59878540039062,,,
,,196542.03125,,,,,, White, Female,,,43.279266357421875,, >50K
, Private,, HS-grad,,,,, White,,,,32.273868560791016, United-States,
,,,,,,,, White,,,45.42253494262695,,,
48.39198303222656,,, Bachelors,,, Prof-specialty,,, Male,,,,,
, Private,,,6.657473564147949,,,, White,,,,35.05524444580078,, <=50K
,,,,,, Prof-specialty, Not-in-family,,,,,,,
33.979957580566406,,192759.265625,,, Married-civ-spouse,,,,,3722.88232421875,,,,
, Private,,,, Married-civ-spouse,, Not-in-family,,,,54.28865051269531,, United-States,
,,,,,, Other-service,, White,,,,34.3755989074707,, <=50K
,,,,,, Craft-repair, Husband,, Female,-3673.1767578125,,,, <=50K
33.216041564941406,,, HS-grad,7.83376407623291,,,,,,,,,, <=50K
,,, Some-college,,,,,, Female,,31.426063537597656,,,
43.71012496948242,,, HS-grad,,,,,,,,,,,
37.39580535888672, Private,,,9.059900283813477,, Craft-repair, Not-in-family,,,,,,, >50K
,,,,10.747490882873535, Never-married,, Not-in-family,,,,,38.85392761230469,,
,,,,, Married-civ-spouse,,,, Female,,,, United-States,
,,,,10.137188911437988,,, Wife,,,,,,,
,,, HS-grad,,,,, White,,,,, United-States, <=50K
,,,,,, Exec-managerial,, White,,,,,,
,,, HS-grad,,,,,, Male,,,,,
37.98448944091797, Private,,,,, Craft-repair,,, Female,,,,,
,,187995.71875,,,,, Unmarried,,,,,31.808956146240234,, <=50K
,,,,,,,,,,,,,,
,,,,,,, Own-child, White,,,,,,
48.46742630004883,,,,,,,, White, Male,,240.22987365722656,,,
,,,,, Married-civ-spouse,, Husband,, Female,,,, United-States,
, Private,199548.640625,,9.286734580993652,,,,,,-245.338134765625,,41.194644927978516,,
,,,,,,,,, Male,,,48.958404541015625,,
,,,,8.484823226928711,,,,,,,,, United-States,
,,, Bachelors,,,,,,,883.2630615234375,,45.740360260009766,,
, Private,,,,,,,, Male,-400.506591796875,58.283931732177734,44.52440643310547,,
,,, HS-grad,,,,,, Male,,,,,
,,,,, Never-married,,,,,,28.235492706298828,,,
,,,,,,,,, Female,,,,,
,,,,, Married-civ-spouse,,,, Male,,256.7130126953125,,,
,,,,,, Craft-repair, Husband,, Male,,,,,
, Private,,,10.286101341247559,,,,, Male,,217.98440551757812,,,
28.244178771972656, Private,, Some-college,10.644353866577148, Married-civ-spouse, Craft-repair,,,,,55.01054382324219,,,
,,,,,, Craft-repair, Own-child,,,,,,,
37.68575668334961,,,,, Married-civ-spouse,, Not-in-family, White,,12.5821533203125,,,,
,,,,,, Craft-repair,,,,,,47.540916442871094,,
39.322452545166016,,,,,, Prof-specialty,,,,,,, United-States,
, Private,,,10.435532569885254,,,,,,,49.205875396728516,, United-States,
, Private,,,,,, Husband,,,,,,,
,,,,,,, Not-in-family,,,,,,,
,,196801.296875,,12.127609252929688,,, Husband,,,,,,,
,,,,10.021566390991211,, Craft-repair,,, Male,,78.99315643310547,,,
,,,,,,, Husband,,,,,,,
, Private,, HS-grad,,,,,, Male,,,,,
34.52682876586914, Private,197835.859375,,, Married-civ-spouse,,, White,,,,,,
33.50877380371094, Private,,,,, Prof-specialty,,,,1537.9727783203125,99.2061996459961,,,
,,,,,,,,,,,,47.060325622558594, United-States,
32.14863586425781,,,,, Married-civ-spouse,,, White,,,,,,
45.33207321166992, Private,,,,,,,, Male,,,49.30693435668945,,
, Private,,,9.47018051147461,,,,,,380.1337890625,,,,
,,177213.03125, HS-grad,,,, Husband,,,,,,,
,,182823.484375,,,,,,,,,,,,
38.150970458984375,,,,,,,,,,,66.49346923828125,, United-States,
,,, Bachelors,,,,,, Male,,,,,
35.99214553833008,,,,,,,,,,,,,,
,,,,, Married-civ-spouse,,,,,,,48.96562576293945,,
,,,,,,,,,,4155.21484375,,,,
, Private,,,,,,,,,558.3876953125,,,,
,,184900.578125,,, Married-civ-spouse,,,,,,,,,
31.320232391357422,,,,,, Adm-clerical,,,,,,,,
,,202462.328125,,9.658088684082031,,,,, Female,,,, United-States,
,,,,,,, Husband,, Male,,,, United-States,
, Private,,,,,,, White,,,235.66265869140625,, United-States,
,,,,,,, Own-child,,,-3846.71142578125,,, United-States, <=50K
, Private,202573.171875,,,, Craft-repair,,,,3178.36865234375,,47.23749542236328,,
49.29277038574219,,198193.5,,11.393259048461914,,, Husband, White,,,,,,
,,,,,,,,,,,96.22554016113281,,,
, Private,,,9.276023864746094,,,, White,,263.25677490234375,,41.366119384765625,,
,,,,,, Craft-repair,,, Female,,,,,
,,,,,, Craft-repair,,, Male,,223.30796813964844,,,
,,, Some-college,11.00424575805664,,,,,,,,, United-States,
,,,,,,,,,,11.8446044921875,37.192710876464844,,,
,,, HS-grad,,, ?,,,,,,,,
,,201387.875,,,,, Husband, White, Male,,,,,
, Private,,,,,, Husband,,,,,,,
,,,,, Never-married, Other-service,,,,,27.87057113647461,, United-States,
,,,,,,, Own-child,,,,,37.18529510498047,,
,,,,,, Adm-clerical,,,,,,, United-States,
,,183811.046875,,,,,,,,,88.47959899902344,,,
28.900577545166016,,176493.734375,,,,,,,,572.011962890625,,,,
,,,,,,,,,,,,,,
,,192397.671875,,,,,,,,,,, United-States,
36.66661071777344,,,,,,,,,,,35.954986572265625,, Mexico,
43.41059494018555,,,,8.99519157409668,,, Husband,,,,,41.10835266113281,,
,,,,,, Prof-specialty,,,,,77.68115997314453,,,
,,198408.171875,,9.430919647216797,,,,, Female,,,,,
,,,,10.124651908874512, Married-civ-spouse,, Own-child,, Female,53.71826171875,,49.265663146972656,,
,,191304.796875,,,,,,,,,,,,
, Private,, Some-college,11.250201225280762, Married-civ-spouse,,,, Male,,,, United-States,
51.17024230957031,,,,,,,,,,,,46.31861114501953,,
,,188879.578125,,,, Craft-repair,,,,405.96026611328125,74.0761489868164,, United-States,
,,186561.453125,,, Married-civ-spouse,, Not-in-family,,,,,,,
,,,,10.66137981414795,,, Husband,,,,,44.531009674072266,,
,,198519.5625, HS-grad,,,,,,,,,,,
,,167538.421875, HS-grad,,,,, White,,396.23895263671875,84.56210327148438,,,
,,,,,, Other-service, Own-child, White,,,,,, <=50K
,,,,, Never-married,,,,,,,43.3912467956543, United-States,
29.12003517150879,,, Bachelors,,,,,,,,54.1401252746582,,,
,,,,10.484038352966309,,, Husband,, Male,,198.39122009277344,,,
, Private,,,8.121543884277344,,,,,,,,,,
,,,,,,,,,,572.7362670898438,,, United-States,
, Private,184440.515625,,, Married-civ-spouse, Sales,,,,,,,,
,,,,,,,,,,,,,,
,,193487.953125,,,,, Not-in-family,,,,,,,
,,,,,,, Not-in-family,,,,,,, <=50K
,,, Some-college,10.456364631652832,,, Own-child, White,,-411.8057861328125,,,,
,,,,,, Craft-repair,, White,,,91.29182434082031,, United-States,
, Private,,,,,,, White, Female,,49.262325286865234,,,
,,177399.90625,,10.35539436340332, Married-civ-spouse,,,,,,,,,
41.30190658569336,,,,,,, Husband,, Female,,-24.392356872558594,, United-States, <=50K
,,183745.09375,,, Divorced,, Not-in-family,,,,,,,
,,,,,, Craft-repair, Husband,,,,,,,
31.76748275756836,,,,7.392413139343262,,,,, Female,,,,, <=50K
,,, HS-grad,8.902793884277344,,, Not-in-family,,,,,,, >50K
,,, HS-grad,,,, Husband, White, Male,,,, United-States,
,,,,7.776339530944824,,,,,,,,,, <=50K
,,, Some-college,, Married-civ-spouse,,,,,,56.9572639465332,,,
,,197968.765625,,,,,,,,3728.59033203125,192.7857208251953,,,
,,,,,,,,,,1060.927978515625,,,,
, Private,189979.625,,,, Prof-specialty,,,,799.564453125,,,,
,,,,,,,,,,18.131103515625,,,,
,,,,10.005636215209961,,, Not-in-family,,,,,,,
34.34421920776367,,,,9.54560661315918,,,,,,,39.973209381103516,,,
39.5799560546875,,,,10.0365571975708,,,,,,,,41.555938720703125,,
, Private,166088.53125,,, Widowed, Prof-specialty,,,,-1465.9647216796875,0.84869384765625,,, >50K
, Private,,,,,,, White,,,82.74668884277344,,,
45.19797897338867,,194215.359375,,11.247603416442871,, ?, Not-in-family,,,980.267333984375,103.25039672851562,,,
, Private,,,,,,,,,,,,,
32.076541900634766,,,,,,,,,,,,,,
,,,,, Never-married,,, White,,1259.6439208984375,,,,
,,,,,, Craft-repair,, White,,,,, United-States,
,,185929.078125, HS-grad,,,,, White, Male,,,,,
,,218345.71875,,, Married-civ-spouse,, Husband,, Male,,,,,
,,,,, Never-married,,,,,,,,,
,,,,, Never-married, Other-service, Own-child,,,,,,,
,,199921.984375,,,,, Husband,,,,,44.330318450927734,,
,,,,, Married-civ-spouse,,, White,,,,46.66381072998047,,
,,,,,,,, White,,,210.28683471679688,,,
, Private,,,,,, Husband,, Female,1654.590087890625,,,,
,,, Some-college,11.479792594909668,,,,,,,,,,
,,,,,,,,, Female,,,40.43809127807617, Vietnam, <=50K
,,,,,,,, White, Male,,,,,
25.399169921875,,,,, Married-civ-spouse,,,, Male,,,, United-States,
,,,,11.711586952209473,,,,,,,147.04653930664062,, United-States,
,,, HS-grad,, Never-married,,,,,,,,,
,,, HS-grad,,, Craft-repair, Husband,, Male,,,54.247413635253906, United-States,
,,, HS-grad,, Married-civ-spouse,,,, Male,,,48.42513656616211,,
, Private,200078.390625,,,,,, White,,,,34.40999221801758,,
,,,,8.98446273803711, Never-married,,,,,208.23809814453125,,,,
, Private,,,9.403457641601562,,,,,,,53.46187973022461,41.753387451171875, United-States,
,,,,,,,,,,-2969.67333984375,,, United-States, <=50K
, Private,200341.28125,,,,, Own-child,,,,,,,
45.96569061279297,,,,,,, Husband,,,3537.18603515625,,,,
, Private,181661.3125,,,,,,, Female,940.5905151367188,,,,
, Private,,,10.284236907958984,,, Not-in-family,,,,,,,
,,,,,,,,,,,,,,
, Private,,,,,,, White,,,60.49445343017578,,,
38.860599517822266,,191583.34375,,,,,,,,,72.02513122558594,,,
, Private,, Some-college,10.172628402709961,, Adm-clerical,,,,,,,,
,,, HS-grad,,,, Husband,, Male,-3724.0029296875,,,, <=50K
, Private,,,, Never-married,, Own-child,,,,,,, <=50K
,,,,, Married-civ-spouse,,,,,,,, United-States,
,,,,,,,,, Male,,,,,
,,, Some-college,12.554598808288574,,,,,,,,, United-States,
,,,,,,,,, Male,,61.11278533935547,,,
41.03562545776367,,,,,,,,,,3664.38720703125,,,,
, Private,,,,,,, White,,,,, United-States, <=50K
, Private,,,,,,,, Female,469.89190673828125,,,,
,,,,,,,,,,,,, United-States,
,,,,,,,,,,,,, United-States,
36.63985061645508,,198924.296875,,10.79719352722168, Married-civ-spouse,, Husband, White, Male,398.5972900390625,,,,
27.089214324951172,,,,, Divorced,,,,,,,36.220890045166016,,
,,,,,,,,, Female,,,,,
39.12355422973633,,,,, Married-civ-spouse,,,,,,,, United-States,
,,,,,,,,,,,,,,
,,,,10.392325401306152,,,,, Male,,235.53216552734375,48.38343048095703,,
, Private,205642.234375,,, Never-married, Sales,, White,,176.49456787109375,,, United-States,
,,182673.875,,7.522873878479004,,,,, Male,,,,, >50K
,,,,11.861503601074219,,,,,,3876.30029296875,,,,
39.68097686767578,,184351.203125,,,,,,,,,,, United-States,
27.12767219543457,,,,, Never-married,,,,,-3064.638671875,,,, <=50K
,,, Some-college,,,,,,,,53.475318908691406,44.79319763183594,,
, Private,,,10.232958793640137,,, Own-child,,,,,,,
,,189361.9375,,,,,,,,,,,,
, Private,180448.125, HS-grad,, Married-civ-spouse,,,, Male,,,,,
,,,,,,, Husband,, Male,,75.13723754882812,,,
,,165804.53125, Bachelors,,,, Husband,,,,,, United-States,
34.424339294433594, Private,, HS-grad,8.605250358581543,,,,,,,,39.41493225097656,,
,,,,,,,,,,,,,,
,,,,, Never-married,,, White,,,26.694271087646484,37.64516830444336, United-States,
,,187797.765625,,,,,,,,-1804.4263916015625,,,, >50K
28.84317398071289, Private,,,,,,,,,,,,,
, Private,,,,,,,,,-4260.18994140625,,34.278106689453125,, <=50K
25.384313583374023,,,,9.22196102142334, Never-married, Adm-clerical,, White,,,,,, <=50K
,,,,,, Prof-specialty,,, Male,,219.11221313476562,54.80862808227539,,
, Private,201993.5,,10.18044662475586,, Craft-repair,,,,,45.12730026245117,42.522186279296875,,
,,,,,,,,,,,,42.215145111083984,,
, Private,,,10.309853553771973,,,, White,,,,,,
,,, HS-grad,,,,,,,-14.7176513671875,,,,
,,,,, Married-civ-spouse,,, White,,,,,,
,,,,,,,,,,,,,,
,,, 7th-8th,, Married-civ-spouse,,,, Female,,,,, <=50K
,,178020.984375,,,,,,,,,,26.79885482788086,, <=50K
, Private,187759.046875,,,,,,,,,,,,
, Private,,,,, Prof-specialty, Not-in-family,,,,,40.96577453613281,,
, Private,, HS-grad,, Never-married, Other-service,,,,,,,, <=50K
, Private,193723.640625,,,,,,, Female,,-40.36482238769531,43.17861557006836,, >50K
,,,,,,,,,,,,,, <=50K
,,, Some-college,11.26395320892334,,,,,,,180.81427001953125,,,
,,177255.609375,,,,,,,,,,, United-States,
41.40855026245117,,,,,,,,,,,,, United-States,
,,202961.34375,,,,,,, Male,,,53.926055908203125,,
47.65944290161133,,, HS-grad,,,, Husband,,,,136.00360107421875,,,
,,,,9.296961784362793,,,,,,-149.0010986328125,,33.81654357910156,,
,,,,, Never-married,,,,,,,, United-States,
,,,,, Divorced,, Not-in-family,,,,,,,
,,,,,,,,,,-508.4366455078125,21.965347290039062,37.3472785949707,,
,,,,,,,,, Female,,,,,
44.08292007446289,,,,10.809807777404785,,,, White,,,,,,
,,,,,, Craft-repair,,,,,199.23565673828125,,,
, Private,,,,,,,,,,,,,
,,,,,,,,,,,,44.368690490722656,,
,,, Prof-school,,,, Not-in-family,,,,-407.2344970703125,44.17247772216797,, >50K
36.5416145324707,,,,, Married-civ-spouse,,,,,,94.24776458740234,,,
,,,,, Never-married, Prof-specialty,,,,,,,,
,,,,, Never-married,,, White,,,,,, <=50K
,,, HS-grad,,,,,,,,,,, <=50K
,,,,8.50273323059082,,,,,,,,38.34954833984375,,
, Private,,,9.37816047668457,, Craft-repair,,, Male,,70.75466918945312,,,
,,,,,, Craft-repair,, White,,,,,,
,,,,, Married-civ-spouse,, Not-in-family,,,,243.933837890625,,,
,,,,, Divorced,,, White,,,-34.7596435546875,,, <=50K
46.21167755126953,,, Some-college,,, Exec-managerial, Husband,,,,,,,
, Private,,,,,,,, Female,,113.48976135253906,,,
, Private,,,,,,, White, Male,,,, United-States,
, Private,194661.359375,,8.624966621398926,,, Not-in-family,,,-3090.2216796875,-40.88645935058594,,, <=50K
, Private,208619.796875,,,, Craft-repair,,,,,,,,
,,197244.640625,,,,,,,,,,,, <=50K
, Private,, Bachelors,,, Exec-managerial,,,,740.7210693359375,,, United-States,
30.275859832763672, Private,,,,,,,,,,,,,
,,,,,,,,,,3299.89306640625,179.67080688476562,,,
,,,,,, Prof-specialty,,,,-1115.4652099609375,,,,
,,, HS-grad,,, Craft-repair,, Asian-Pac-Islander, Female,,,,,
,,,,8.17499828338623, Widowed,,, White,,,,, United-States, <=50K
,,,,,,,, White,,,,,,
,,,,11.753939628601074,,,,,,,,,,
,,,,9.894576072692871, Never-married,,, White,,,,,,
,,, Bachelors,,,,, White,,,,, United-States,
,,,,,,,, White,,,51.47520446777344,,,
46.814483642578125, Private,,,,,, Husband, White,,3589.64111328125,,,,
,,, HS-grad,,,,,,,,40.322784423828125,,,
, Private,,,,,, Unmarried,,,163.97869873046875,,38.91508483886719,,
,,,,, Divorced,,,,,,,, United-States,
,,,,,, Craft-repair,, White, Male,,,, United-States,
,,,,,, Craft-repair,,,,,201.91012573242188,,,
,,,,,, Exec-managerial,,,,,,, United-States,
,,,,, Never-married,,,,,-3328.029296875,-94.2469482421875,,, <=50K
, Private,177317.578125,,, Divorced,, Not-in-family,,,,,,,
,,,,,, Craft-repair,,, Female,,,,,
,,, HS-grad,8.536392211914062,,,, White,,,,,, <=50K
,,180304.203125, HS-grad,,,,,,,,,,,
,,,,,, Exec-managerial,,,,4350.7568359375,199.90200805664062,,,
,,,,,,,,,,,,42.79635238647461,,
,,,,9.369779586791992, Never-married, Other-service, Not-in-family,,,,-37.59687042236328,, United-States, <=50K
,,,,9.931025505065918,,,,,,357.90673828125,,,,
,,177641.734375, Bachelors,,,,, White,,375.190185546875,,38.812862396240234,,
, Private,, Bachelors,,,,,, Male,,,,,
, Private,,,10.505708694458008, Never-married,, Own-child, White, Female,,68.4285659790039,,,
23.180999755859375,,188581.421875,,, Never-married,,,,,,,,, <=50K
, Private,,,, Married-civ-spouse, Craft-repair, Not-in-family,, Female,,,,, <=50K
, Private,,,9.958196640014648, Married-civ-spouse,,,, Female,,60.99263000488281,47.81086730957031,,
, Private,,,,,,,,,,,,,
,,,,,,, Own-child,,,,53.813655853271484,42.54900360107422,,
,,,,,,,,,,,,, United-States,
32.255714416503906,,,,,,,,,,,,, United-States, <=50K
,,, HS-grad,,,, Not-in-family,,,,,,,
,,,,,,,, White, Male,,,,,
,,207273.328125,,,,,,, Male,,,,,
,,,,,,,,,,,,, United-States,
,,,,,,,,,,-3174.359375,,, United-States, <=50K
,,,,, Married-civ-spouse,,, White,,,,, United-States,
,,,,,,,,, Male,,44.31947326660156,, United-States,
,,,,,,,,,,,,,,
, Self-emp-inc,,,13.045084953308105,, Craft-repair,,, Male,,,56.04479217529297,,
, Private,178176.5, Bachelors,,,,, White,,,96.58905029296875,,,
26.886825561523438,,202414.59375,,, Never-married,,,,,-3386.5498046875,-114.29859924316406,,, <=50K
,,, Some-college,9.985089302062988,,, Not-in-family,,,,,,,
, Private,202466.609375,,,,,,,,,,,,
,,,,10.03848648071289,,,, White, Male,,83.38729858398438,,,
,,,,,, Adm-clerical,,,,,,36.261077880859375,,
37.59195327758789,,, HS-grad,, Married-civ-spouse,, Not-in-family,,,,,,,
,,,,, Married-civ-spouse, Craft-repair,,, Female,,89.04116821289062,,,
,,,,,,,, White, Male,298.2691650390625,,46.05827331542969, United-States,
,,,,,,,,, Male,-214.857177734375,,,,
,,, Some-college,, Never-married,, Own-child, White,,-379.8321533203125,,40.808109283447266,,
,,,,,, ?,,,,,,, United-States,
, Private,, Some-college,8.574041366577148,,,,,,,1.8087234497070312,, United-States,
,,203420.078125,,,,,,, Male,,203.04119873046875,52.32835388183594,,
,,,,,, Adm-clerical,, White,,,43.91532516479492,38.62743377685547,,
,,,,,,, Own-child,,,-229.9150390625,,, United-States,
32.35407257080078,,,,, Married-civ-spouse,,, White,,,,,,
,,,,11.792215347290039, Married-civ-spouse,, Not-in-family,,,,,, United-States,
,,179035.03125,,,,,, White,,,,,,
,,,,, Married-civ-spouse, Exec-managerial,, White,,,,,,
42.71531677246094,,,,,,,,,,,214.10238647460938,,,
, Private,,,,,, Husband,,,,,44.133079528808594, United-States,
,,194487.46875,,,,, Husband,,,312.4903564453125,83.96542358398438,,,
,,,,,,,,,,,,,,
30.08246421813965,,, HS-grad,, Married-civ-spouse, Craft-repair,,,,,,,,
34.54889678955078,,,,,,,,,,,,,,
,,,,,,, Husband,,,5301.2353515625,,,,
39.51431655883789,,,,10.05024528503418,,,,,,,,,,
,,188118.984375,,,, Prof-specialty,,,,,,,, <=50K
37.384979248046875, Private,193241.8125,,,,, Husband,, Male,,106.62744140625,,,
,,,,9.886472702026367,,,,, Female,,,, India,
,,,,,,, Husband,,,,,,,
,,174420.03125,,, Married-civ-spouse,,,,,,,41.35187911987305,,
,,,,,,,, White, Male,,,52.02771759033203, United-States,
,,, HS-grad,, Married-civ-spouse,, Not-in-family,,,,62.79529571533203,,,
,,, Some-college,11.447766304016113,,,, White,,,,,,
,,,,10.226057052612305, Never-married,,,,,,,, United-States,
, Private,, Some-college,, Never-married,,,,,,,,, <=50K
,,181872.96875,,,,,,,,-2673.0546875,,38.18849182128906,, >50K
, Private,,,,,, Husband,, Male,-363.847900390625,,,,
37.61632537841797,,, HS-grad,,,,,,,,,40.95330047607422,,
,,174712.421875,,,,, Not-in-family,,,,62.836856842041016,,,
,,,,,, Other-service, Not-in-family,,,,,, United-States, <=50K
,,184367.640625,,,,,,,,,,42.59436798095703,,
,,,,,,, Husband,, Male,,,,,
40.89991760253906,,,,,,,,,,,,39.80370330810547,,
,,, HS-grad,, Married-civ-spouse,,,, Male,,,,,
,,,,,,, Not-in-family, White,,,,,, >50K
33.63257598876953,,,,7.580377578735352,,,,,,,,,, <=50K
,,,,,, Craft-repair, Husband,,,,93.03955841064453,45.849609375,,
,,,,,, Craft-repair, Own-child,,,,,45.27482604980469,,
,,,,,,,,,,,,,,
,,, Bachelors,,, Prof-specialty,,,,,,,,
,,,,,,, Not-in-family,,,-67.366943359375,,,,
,,,,,, Prof-specialty,,, Male,,,,,
, Private,,,9.759087562561035,,, Own-child, White,,,59.824398040771484,, United-States,
45.981624603271484,,, HS-grad,,,,,,,,,,,
,,, 7th-8th,,,,, White,,,,,,
, Private,,,,, Craft-repair,,,,,,, United-States,
,,205940.75,,,,,,, Male,,,,,
37.60527420043945,,,,,, Craft-repair,,, Female,,91.9249267578125,,,
,,,,, Married-civ-spouse,, Husband,, Female,,,, United-States,
,,, Bachelors,,,, Not-in-family,,,,,, United-States,
,,, Some-college,,,,,, Female,,27.989208221435547,,,
,,,,,,,, White,,-2525.76904296875,,40.97840881347656, United-States, <=50K
35.39214324951172,,,,10.841994285583496,,,,,,,,,,
32.20188903808594,,,,,,,,,,,48.913333892822266,,,
,,, HS-grad,,,,,,,-345.0830078125,,,,
,,,,,,,,,,,,, United-States,
,,,,,, Prof-specialty,, White,,,,41.63740539550781,, <=50K
,,,,10.26137924194336,, Craft-repair,,,,,,, United-States,
,,,,,,,,,,,,, United-States,
34.52613067626953,,188440.59375,,,,,,,,,72.54193115234375,,,
, Private,, HS-grad,8.22757339477539,,, Husband, White, Male,,,,, >50K
32.94886016845703,,,,,,,, White,,,-65.97041320800781,34.225791931152344,, <=50K
40.2081298828125,,,,9.327859878540039,,,,,,,64.70469665527344,39.64327621459961,,
39.31808853149414,,,,,,,,,,,,,,
,,200279.53125, Some-college,,,,,,,,,,,
, Private,,,, Married-civ-spouse,,,,,,,,,
,,,,9.17059326171875,,,,,,,,, United-States,
,,, Bachelors,, Widowed,,,,,,-36.293052673339844,, United-States, <=50K
,,,,,, Craft-repair, Husband,, Male,,,54.94449234008789,,
,,200745.15625,,,,,,,,,,,,
, Private,, HS-grad,,,,,,,,,38.67802047729492,,
,,,,,,,,, Female,,,42.5715446472168,, >50K
,,,,,, Farming-fishing,,, Female,,,,, >50K
,,206977.421875,,,,,, White, Male,,,, United-States,
,,,,10.300158500671387,, Other-service,,,,-525.58154296875,,,,
45.87712097167969,,,,,, Craft-repair,,,,,143.74891662597656,,,
,,,,, Never-married,,,,,,41.514427185058594,, United-States,
, Private,192682.53125,,12.494133949279785, Married-civ-spouse,,,,,,,,,
32.368629455566406,,, HS-grad,,,,,,,,,39.56583023071289, United-States,
26.53656768798828,,194251.234375,,, Divorced,,,,,,,32.389862060546875,,
31.883779525756836,,,,9.828219413757324,,,, White,,,,41.878299713134766,,
, Private,, Some-college,,,,,,,-473.0804443359375,,33.77487564086914,,
,,194026.109375,,, Married-civ-spouse,,,,,,52.64673614501953,, United-States,
,,,,, Divorced,,,,,,45.1092414855957,,,
,,,,8.447775840759277,,,, White,,-3545.22119140625,,,, <=50K
,,,,,,,,,,,,34.247684478759766,,
,,,,,,, Husband,,,,,,,
,,,,10.932239532470703, Married-civ-spouse, ?,,,,,,,,
,,,,, Never-married,,,,,,,,, <=50K
,,,,,,,,, Male,,,,,
,,,,,,,, White,,,,,,
33.63606262207031,,,,,,,,,,,,,,
37.807891845703125,,,,,,,,,,,,,, <=50K
,,,,, Divorced,,,,,,,38.912986755371094, United-States,
40.070735931396484,,,,10.0113525390625,,,,,,,,, United-States,
,,, HS-grad,,,,, White,,,,,,
,,,,,,,,,,,,,,
,,198653.953125,,,,,, White, Male,,171.90023803710938,,,
29.926616668701172,,,,10.65865421295166, Married-civ-spouse,,,,,610.0357666015625,,,,
28.360145568847656,,,,, Divorced,,, White,,838.3558959960938,,,,
,,,,,,, Husband,, Male,,,, United-States,
,,, HS-grad,,,,,,,,,,,
, Private,,,,,, Husband,, Male,-3483.72998046875,,, United-States, >50K
,,,,,,, Not-in-family,,,,-20.717987060546875,,, <=50K
,,, HS-grad,,,, Husband,,,,,43.93585968017578, United-States,
,,191850.0,,,, Craft-repair,,,,,,47.502525329589844,,
38.516334533691406,,195859.78125,,, Married-civ-spouse,, Not-in-family,,,,,49.44651794433594,,
,,,,,,, Own-child,,,,,,,
,,,,9.664458274841309,,,, White,,1319.810302734375,,42.3569450378418,,
,,, Bachelors,,,,,,,,,, United-States,
35.607994079589844,,,,, Married-civ-spouse,,,,,,193.95547485351562,, United-States,
,,, Some-college,,,,, White,,,,,,
, Private,, Bachelors,,,, Husband, White,,3769.34228515625,,,,
,,,,10.800566673278809,, Craft-repair, Husband,,,,91.7817611694336,, United-States,
,,,,,,,,,,,,,, <=50K
,,,,, Married-civ-spouse,,,,,,,41.14515686035156,,
25.305561065673828, Private,189735.65625,,, Married-civ-spouse,,,,,,56.163734436035156,,,
,,,,,,,,,,,170.55734252929688,,,
,,,,,,,,,,-930.2490234375,,, United-States,
,,201762.046875,,9.451723098754883,,,,,,389.39276123046875,,40.07365417480469,,
,,,,,, Prof-specialty,, White,,,,, United-States, >50K
,,,,,,,,,,,,47.42499542236328,,
,,, HS-grad,, Married-civ-spouse,,, White, Male,33.2672119140625,66.83964538574219,,,
,,,,,,,,,,,210.89114379882812,,,
,,,,,,,,,,,,,, >50K
,,172859.53125,,, Divorced, Prof-specialty,,,,-2346.76416015625,-39.634803771972656,,, <=50K
,,,,7.900546073913574,,,,,,,-38.831748962402344,,, <=50K
,,213321.1875,,,,, Husband,, Female,,,,,
, Private,,,9.579633712768555,, Other-service,,,,,,35.948143005371094,,
,,, Some-college,,,,,,,,,35.873573303222656,,
,,185332.375, Bachelors,,, Prof-specialty,,,,,,, United-States,
39.074623107910156,,203247.625,,,,,,, Female,,,,,
, Private,,,,,,, White,,-3027.66015625,,,, <=50K
,,, HS-grad,,, Craft-repair,,,,,,44.75783920288086, United-States,
,,194735.234375,,,,,, White,,,211.84857177734375,,,
,,, Bachelors,,,,,,,,,, United-States,
,,167093.828125,,,, ?,,,,,,40.1550178527832,, >50K
24.856319427490234,,, HS-grad,, Divorced,,,,,-255.3402099609375,,,,
36.8433952331543,,, Bachelors,,,,,,,,,,,
,,,,,,,, White,,,,39.27393341064453,,
40.27394485473633,,,,,,, Husband,,,,,, United-States,
, Private,,,,,, Unmarried,,,,,, United-States, <=50K
,,,,,,,,,,,215.92153930664062,,,
,,193457.359375,,12.243847846984863,,,,,,,,,,
,,,,,,, Husband,,,790.1572265625,,,,
,,192736.875,,,, Craft-repair,,, Male,,,, United-States,
,,191732.203125,,, Married-civ-spouse,,,,,,,48.393035888671875, United-States,
,,,,,,,,,,,,,, <=50K
,,,,11.451765060424805,,,,,,,,,,
,,,,,,,,, Female,,,, United-States, >50K
,,195920.734375, HS-grad,8.259126663208008,,,, White,,,,,, >50K
,,187681.359375, Some-college,9.112602233886719,,,, White,,,,,,
45.49666976928711,,198754.421875,,,, Craft-repair, Husband, White,,3298.24267578125,,,,
,,,,,,,, White,,-164.18701171875,,,,
, Private,,,7.6623148918151855,,,,, Female,,-50.42042541503906,, United-States, >50K
, Private,,,8.264192581176758,,, Not-in-family,,,,,,, >50K
,,189101.671875, HS-grad,,,,,,,,,,,
, Private,, HS-grad,,,,,,,,,,,
41.56884765625,,,,,,,,,,,,,,
,,,,,,,,, Male,3509.97509765625,,47.87657165527344,,
36.58539962768555,,,,,,,,,,,,,, <=50K
,,,,,,,, White,,,,36.052433013916016,,
,,,,,,, Husband,,,,,, United-States,
,,172075.359375,,,,,,,,,,, United-States,
32.987823486328125,,176851.34375,,,, Other-service,,,,,,,, <=50K
,,, HS-grad,10.765974998474121,,,, White,,,,,,
,,177882.6875,,,,,, White,,,,,,
,,188817.828125, Some-college,, Never-married,,,,,,,,, <=50K
,,,,11.181511878967285,,,,,,,,,,
,,, Some-college,10.687786102294922,,,,,,-13.5101318359375,,,,
,,,,,, Exec-managerial,,,,,,,,
,,,,,,,,,,,,,,
,,,,10.196707725524902,,, Husband,,,,83.47203063964844,,,
33.58414077758789,,,,,,,,,,,,,,
,,,,,, Adm-clerical,,,,,,,,
,,211504.234375,,,,, Husband, White,,45.3524169921875,,,,
,,,,9.419408798217773,,, Not-in-family,,,,58.498435974121094,,,
,,,,,,,,,,,,,,
37.75153732299805,,,,,, Craft-repair,,, Male,,71.36569213867188,47.95956039428711, United-States,
, Private,,,,,,, White,,,,46.83219528198242,,
,,,,,,,,,,,,,,
, Private,202521.875,,, Never-married,,,,,,,,,
43.56329345703125,,,,,,,,,,,,,,
36.61192321777344, Private,,,,,,,,,,,40.35332107543945,,
, Private,,,,,,, White,,,,,, <=50K
, Private,,,,,, Husband,, Male,,,47.685340881347656,,
, Private,,,8.769500732421875,,,,, Male,,,, United-States,
44.75592803955078, Private,,,,,, Husband, White,,,,,,
,,, HS-grad,,,,,,,-79.9586181640625,,40.7449836730957,,
29.713285446166992, Private,, Bachelors,,,,,,,,,, United-States, <=50K
31.373626708984375,,,,, Married-civ-spouse,,, White,,,,,,
,,187482.625, HS-grad,,,,,,,17.0853271484375,,38.20914840698242, United-States,
, Private,197162.921875,,,,,,,,,,,,
,,190080.671875,,12.693836212158203, Married-civ-spouse,,, White,,,,,,
,,,,, Married-civ-spouse,,,,,,92.73078918457031,44.60575866699219,,
39.77802276611328,,,,, Married-civ-spouse, Prof-specialty,, White,,4632.44873046875,,,,
, Private,181559.78125,,,,,,,,,,36.5252799987793,, <=50K
,,,,9.116066932678223,,,,,,,,40.51969909667969,,
32.698997497558594, Private,,,, Married-civ-spouse, Sales,,,,,75.7659912109375,45.43389892578125,,
30.574039459228516,,,,,,,,, Female,,-41.03346252441406,,, <=50K
,,180893.875, Bachelors,,,,,, Female,-2642.1884765625,,,, >50K
,,,,,,,,,,,,35.96580123901367, United-States,
52.4190673828125,,,,,, Craft-repair, Husband,, Male,,,,,
,,,,,,,, White,,,,,,
,,,,,,,,,,-117.5872802734375,,40.213871002197266,,
,,,,9.218833923339844,,,,,,,,,,
46.103790283203125,,,,,,,,, Male,,,,,
,,,,,,,,,,,,,,
,,,,,,,,,,,,35.13143539428711,,
,,,,10.127939224243164,,,,,,,,,,
49.86164855957031,,194860.59375,,,,,, White, Male,,,,,
,,,,,,,, White,,5423.646484375,,,,
28.04767417907715,,,,,,,,,,,23.976543426513672,, United-States,
,,,,,,, Own-child,,,,35.13469314575195,, United-States,
,,, Some-college,,, Adm-clerical,,,,-500.263671875,,, United-States,
,,167501.578125,,, Divorced,,,,,,,, United-States, <=50K
,,,,,,,, White,,,,,,
24.24901580810547,,,,8.783005714416504, Never-married,,,,,,,,, <=50K
,,195025.234375,,, Never-married,,,,,,,,, <=50K
,,199656.6875, HS-grad,,,,,,,,,,,
,,181984.71875,,10.92236614227295,,,,,,3313.5576171875,,,,
38.95291519165039, Private,193929.328125,,,, Craft-repair,, White,,,68.21986389160156,, United-States,
,,, Bachelors,,,, Husband,, Male,,,,,
,,,,,,, Own-child,,,,,,,
,,, Some-college,12.743553161621094,,,,,,,,,,
,,, Some-college,,,,,,,,,39.1104621887207,, <=50K
, Private,,,,,, Husband,, Male,,78.3576431274414,,,
28.533159255981445, Private,, HS-grad,,,,,,,-78.80126953125,,,,
, Private,173450.453125, HS-grad,,,, Not-in-family,,,,,,, <=50K
,,,,,,,,, Male,,,,,
,,, HS-grad,,, Other-service,,,,,,,,
, Private,,,,, Other-service, Own-child,,,,,40.16326904296875, United-States,
,,,,,,, Husband, White,,,,,,
,,, Bachelors,,,,,,,,178.34368896484375,,,
,,,,,,, Husband,, Male,,,,,
,,,,,,,,,,,,, United-States,
,,, HS-grad,,,,,,,,-104.67234802246094,,, <=50K
,,,,11.27302360534668,,,, White,,,,,,
,,,,,,,, White,,,,36.01530456542969,,
,,,,,, Adm-clerical,,,,,,,,
,,, Bachelors,,,,,,,,41.840553283691406,, United-States,
,,,,, Married-civ-spouse,,,, Female,,,, United-States, >50K
,,,,, Married-civ-spouse,, Husband,, Male,,,,,
,,204179.546875, 11th,,,,,,,,,,,
,,,,8.227192878723145,,,, White, Female,,,,, >50K
21.388416290283203,,,,,,,,,,,,30.932586669921875,, <=50K
,,,,,,, Husband,, Male,-95.5950927734375,69.49864959716797,,,
34.864620208740234,,181594.015625, Bachelors,, Married-civ-spouse,,,,,,,,,
,,,,,,,,, Female,,,,, >50K
, Private,,,,,,,,,,,,,
,,,,8.915260314941406,,, Husband,, Male,,,46.655147552490234,,
, Private,,,,,, Husband, White,,,,,,
, Private,,,, Never-married,,,,,,-97.62812805175781,39.2901611328125,, <=50K
,,,,10.655158042907715,,,,,,,,,,
,,,,, Married-civ-spouse,,,, Male,,,,,
,,,,,,,, White,,,-65.84324645996094,,, <=50K
,,173378.515625,,,,,,,,,,,,
37.96841812133789,,184596.046875,,,, ?,,,,,,,, <=50K
,,198159.796875,,,,,,,,,,46.08225631713867,,
,,184812.359375,,, Divorced,,,,,,,,,
,,,,11.99041748046875,, Craft-repair,,,,4575.1025390625,,,,
34.13041687011719,,,,,,,,,,,,, United-States, <=50K
,,,,,,,, White,,,,,,
,,192762.40625, HS-grad,,, Adm-clerical,,,,-583.205078125,34.70711135864258,, United-States,
, Private,,,, Never-married,,, White,,,,35.14630126953125, United-States,
,,, Some-college,,,,,,,,,,,
,,,,7.850494384765625,,,, White,,,,,, >50K
,,,,10.865191459655762,,,,,,,215.1509552001953,,,
,,200355.53125, Some-college,,, Craft-repair,, White,,-289.489990234375,,,,
, Private,,,,,,,,,851.4031982421875,,,,
,,,,, Married-civ-spouse,, Husband,, Male,,,,,
,,,,,,,,,,,-53.77703857421875,40.79472351074219, United-States, <=50K
,,,,, Married-civ-spouse,, Husband,, Male,,,,,
,,, Bachelors,,,,, White, Male,,,,,
36.84611511230469,,,,,,, Not-in-family,,,,,, United-States, <=50K
,,199437.921875,,,,, Own-child, White,,,,,, <=50K
, Private,,,11.654508590698242,, Craft-repair,,,,3819.02294921875,,,,
45.77854537963867,,,,,, ?,,,,,,,,
,,,,,,, Husband,,,-401.725830078125,,,,
,,,,12.452190399169922,,, Husband,,,,,,,
,,,,,, Exec-managerial,,,,,,,,
34.611122131347656,,,,9.550664901733398,,,,,,556.3284912109375,,,,
,,194246.203125,,,, Exec-managerial,, White,,3949.4306640625,211.28839111328125,47.742984771728516,,
,,,,,,,,, Male,,,46.26073455810547,,
,,,,,,,,,,2981.2080078125,168.67083740234375,,,
,,,,,,,,,,,,34.61716079711914,, <=50K
,,,,,,,, White,,,,46.34396743774414,,
33.03752517700195,,, HS-grad,8.26091480255127,,,,,,,-57.002838134765625,,, <=50K
,,,,,,,,, Male,,82.4571533203125,46.610050201416016,,
34.68339920043945, Private,188992.40625,,,,,, White,,,,,,
,,, HS-grad,, Divorced,, Not-in-family,,,,,,,
,,, HS-grad,,, Transport-moving, Husband,, Male,,,,,
,,183521.09375,,,,,,, Female,,-45.28303527832031,,, <=50K
, Private,,,, Never-married,, Not-in-family,,,,,,,
,,,,, Married-civ-spouse,,,, Male,,,,,
,,172782.671875,,,,, Unmarried,,,,,34.32354736328125,, <=50K
,,189512.765625, Some-college,, Never-married,,,,,,,38.393798828125,,
,,,,,,, Not-in-family,,,,,42.09012222290039,,
,,,,, Married-civ-spouse,,,,,,,41.269554138183594,,
32.342350006103516,,,,, Married-civ-spouse,,, White,,,,,,
,,, Some-college,,,,,,,,184.20401000976562,,,
,,,,, Married-civ-spouse,, Husband,, Male,-96.9954833984375,,,,
40.04255294799805,,,,,, Other-service,,,,,,,,
,,,,,, Craft-repair,,,,76.06915283203125,,,,
,,,,11.044506072998047,,,,,,,,, United-States,
,,,,, Married-civ-spouse,, Not-in-family,,,,,,,
29.24188232421875,,,,, Married-civ-spouse,,,,,,,39.45296859741211,,
,,,,,,,,,,,,,,
, Private,,,, Never-married,,, White,,-530.3968505859375,,,,
,,191074.734375,,,,,,,,,,,,
,,, 5th-6th,, Divorced,,, Black,,,,, United-States, <=50K
,,189168.4375, HS-grad,,,,,, Male,248.45294189453125,,,,
,,205830.078125,,8.309001922607422,,,, White, Female,,,, United-States, <=50K
, Private,,,,,,,,,,,,,
,,,,10.271371841430664,, Craft-repair,, Asian-Pac-Islander, Male,,,,,
,,,,, Married-civ-spouse,,,,,,,43.92195129394531,,
,,,,, Never-married,, Unmarried,,,,-48.18263244628906,,, <=50K
,,177026.15625,,11.359610557556152, Married-civ-spouse, ?,,,,918.0418090820312,,,,
,,,,,,,,,,4596.59814453125,,,,
,,,,,,,,,,,,,,
, Private,,,10.553074836730957,,, Own-child, White,,,85.75914001464844,,,
,,,,9.755078315734863,,, Not-in-family,,,,29.0721435546875,,,
,,,,,,,,, Male,,,,,
, Private,195005.09375, HS-grad,,,, Husband, White,,,,,,
31.257944107055664,,189395.875, Some-college,9.952853202819824,,,, White,,,,,,
, Private,,,9.62757396697998,,,,,,,,35.350521087646484,,
,,,,, Married-civ-spouse,, Not-in-family,,,,,,,
30.772470474243164,,, Bachelors,, Married-civ-spouse,,,,,,,, United-States,
, Private,,,,,,,,,,,,,
,,, HS-grad,,,,,,,,,41.417991638183594,,
41.975440979003906,,, Bachelors,,, Prof-specialty,,,,,,,,
,,,,9.79568862915039, Never-married,,,,,,46.268367767333984,,,
, Private,196406.328125,,8.464616775512695,,,,,,,23.172027587890625,31.85049057006836, United-States,
,,,,, Never-married,,,,,,,,,
,,,,,,,,,,,36.844669342041016,,,
,,,,,,,,,,,,,,
,,,,10.290116310119629,,,, White,,,,42.63097381591797,,
,,,,,,,,,,,,,, <=50K
,,,,,,, Not-in-family, White,,,,,,
34.78678894042969,,,,,, Other-service, Unmarried,,,,-58.7376708984375,36.44342803955078,, <=50K
,,, HS-grad,8.754800796508789,,,, White,,-620.932373046875,58.682334899902344,,,
, Private,,,,,,,, Male,,37.279640197753906,44.84912872314453,,
,,,,,, Craft-repair,, White, Female,,-57.68309020996094,,, >50K
,,188625.953125,,,,, Husband,,,,,,,
, Private,,,, Never-married,,,,,,,,, <=50K
,,,,,,,,, Male,,73.66416931152344,, United-States,
44.10607147216797,,,,9.893475532531738,, Craft-repair,,, Male,,,, United-States,
,,196075.625,,,,,,,,,,,, <=50K
33.55722427368164,,, HS-grad,,,,, White,,,,,,
,,,,,,, Husband,,,,,,,
,,, HS-grad,, Never-married, Other-service,,,,,,,, <=50K
,,,,, Married-civ-spouse,,,, Female,,,48.374969482421875,,
,,,,,,,, White, Male,,,,,
,,,,,,,,,,,205.845947265625,,,
,,,,5.84478235244751,,,,, Female,-2972.84375,,, United-States, <=50K
, Private,,,,,,,,,,,,,
, Private,, Bachelors,,,, Not-in-family,,,4329.810546875,,,,
,,,,9.415105819702148,,,,,,,65.50963592529297,, United-States,
,,,,9.590877532958984,,,, White,,,,, United-States,
,,165770.65625,,,,,,,,,,31.2427978515625,, <=50K
28.799091339111328,,,,, Never-married,,,,,,-74.82266235351562,, United-States, <=50K
,,, HS-grad,,,,,,,,,, United-States,
,,,,,, Other-service,,,,,,38.804412841796875,, <=50K
, Private,, Bachelors,,,,,,,,,,,
, Private,,,,,,, White,,285.513916015625,72.24237060546875,, United-States,
,,,,,,,, White,,,,,,
, Private,,,,,,,,,93.5496826171875,36.1904182434082,,,
,,,,,,,,,,,,, United-States, <=50K
,,,,,, Craft-repair,,, Female,487.85498046875,,,,
,,,,10.740015029907227,,,,,,,,,,
,,, Some-college,12.728219985961914,, Exec-managerial,,,,,,,,
,,, HS-grad,8.942008972167969,,,,,,,,,,
, Private,197446.390625,,,,,,, Female,,-61.34455871582031,,, <=50K
,,,,,,,, White,,,,44.49787902832031,,
,,,,10.366226196289062,, Craft-repair,,,,,,,,
,,,,,, Exec-managerial,,,,4220.2080078125,211.61102294921875,, United-States,
, Private,,,8.3968505859375,, Other-service,,,,,-83.7845458984375,,, <=50K
,,,,,,,,, Male,,,,,
, Private,175694.0,,,,,,,,,,, United-States,
,,,,,,,,,,,,,,
, Private,,,,,,,, Female,,,39.32799530029297,, <=50K
,,,,8.110213279724121,, Other-service,,,,,,,, <=50K
, Private,167458.796875,,,,,,,,,-49.785552978515625,36.32544708251953,, <=50K
,,,,,,,,,,4173.95361328125,,,,
,,,,,,,,,,,,,,
,,,,,,, Own-child,,,,,,, <=50K
,,,,,, Other-service,,,,,,,,
,,177493.859375, Bachelors,, Never-married,,,,,,57.76127624511719,,,
, Private,192041.375,,,,,,,,,,,,
,,,,, Never-married,,,,,-203.6295166015625,40.12177658081055,,,
, Private,,,,, Craft-repair,,,,,,44.8128547668457,,
, Private,,,,, Craft-repair,, White, Female,-2602.8662109375,,,, >50K
,,180686.9375,,,,,, White,,,,,, <=50K
40.355552673339844,,,,,,, Not-in-family,,,,,,,
39.43367004394531,,,,9.90200138092041,,,,, Male,,93.36473083496094,,,
, Private,,,,,, Own-child, White,,-472.4775390625,,,,
,,,,11.918572425842285, Married-civ-spouse,, Not-in-family,,,,153.76513671875,,,
44.5535774230957,,,,,,,,,,,,,,
,,,,,,,, White,,,,35.73384094238281, United-States,
,,191732.0625,,, Married-civ-spouse, Sales,,,,,,,,
,,,,,,,,, Female,,,,,
,,178005.265625,,,,,,,,,,,, <=50K
, Private,, HS-grad,9.040555953979492, Married-civ-spouse,,, White,,,,,,
,,, HS-grad,,,,,,,,39.93476104736328,,,
, Private,,,10.61922550201416, Never-married,,, White,,,,, United-States,
,,, HS-grad,9.56282901763916,,,, White,,,,,,
,,, 7th-8th,,,,,, Male,,,,,
, Private,,,,,,,,,,,,,
,,,,,,,,,,,,,, <=50K
, Private,,,,,,,,,-524.4129638671875,,,,
, Private,,,, Never-married,,,,,,,,,
,,,,12.301412582397461, Married-civ-spouse,,,,,,,41.82267379760742,,
, Private,198303.3125,,,,,,, Male,,39.190040588378906,,,
, Private,,,,, Adm-clerical,,,,715.572021484375,,, United-States,
,,,,,,,,, Female,,,, United-States, >50K
,,,,,,, Husband,,,,,,,
,,,,,,,,,,,,,,
,,,,,,,,,,,,, United-States,
,,,,,,, Not-in-family, White,,,,,,
41.78672409057617,,, Prof-school,, Married-civ-spouse,, Not-in-family,,,,,,,
,,, HS-grad,,, Craft-repair,, White,,,,,,
,,,,,,,,, Male,,,,,
40.76185607910156, Private,,,,, Craft-repair, Not-in-family,,,,,,,
,,,,9.432572364807129,,,, White, Male,808.9083251953125,107.00416564941406,,,
,,,,,,, Husband,, Male,,,,,
,,,,9.129663467407227,,,,, Female,804.0947875976562,,45.72088623046875,,
47.504974365234375,,,,,,,, White,,,,,,
,,,,,,, Husband,,,-468.671142578125,,,,
,,, Some-college,,,,,,,,,35.37976837158203, United-States,
, Private,186593.59375,,9.488308906555176,,,,,,,,,,
, Private,184243.609375,,, Divorced,, Not-in-family,,,,48.12925720214844,39.25336456298828,,
,,205318.53125,,,, Craft-repair,, White,,,,,,
, Private,, Bachelors,,,,, White,,,,,, <=50K
,,203272.125,,,,,,,,904.587890625,,,,
,,186782.46875,,,,, Husband,, Male,,122.10467529296875,50.8500862121582,,
47.79245376586914,,,,,, Craft-repair, Husband, White, Male,-193.9078369140625,,,,
,,,,,, Prof-specialty,,,,,,, United-States,
,,207139.015625,,,,, Husband,, Male,,81.79898071289062,,,
, Private,,,,,, Not-in-family,,,,,37.46303176879883,,
,,,,8.773324966430664, Never-married,,,,,,,, United-States, <=50K
,,,,11.200640678405762, Married-civ-spouse,,, White,,,171.69491577148438,44.26795959472656,,
,,,,,,,, White,,,,,,
,,191604.5625,,,,, Not-in-family,,,-190.2928466796875,,,,
,,,,7.8941192626953125,,,,,,,,,, <=50K
,,,,,,, Husband,, Male,635.6595458984375,100.32994079589844,,,
,,, HS-grad,,, Craft-repair, Own-child,,,,54.9257698059082,, United-States,
,,174673.84375, Bachelors,,,, Husband,,,,,,,
48.784698486328125,,,,,,, Husband,,,,222.1024169921875,48.30343246459961,,
,,,,,,,,,,,-49.660430908203125,, United-States, <=50K
, Private,,,,,,,,,307.93035888671875,,, United-States,
,,,,,,,, White,,,,,,
,,, Some-college,,,,,,,-422.9852294921875,16.059585571289062,,,
,,, HS-grad,, Married-civ-spouse,,,,,,,,,
,,, Bachelors,,, Prof-specialty,,,,,,45.532073974609375,,
,,,,,, Craft-repair, Husband, White,,,,,,
,,,,,,, Husband, White, Male,,,53.2790641784668,,
,,,,,,,,,,,,44.89907455444336,,
, Private,,,9.681386947631836,,,,,,,,,,
,,,,, Never-married,, Not-in-family,,,,,38.94545364379883,, <=50K
, Private,,,8.651686668395996,,,,,,-3031.1357421875,,, United-States, <=50K
,,,,8.662450790405273, Married-civ-spouse,,,,,,,, United-States,
30.923723220825195,,,,, Divorced,,, White,,,,,,
,,,,,,,,, Male,,-48.031890869140625,,, >50K
,,,,,,,,,,,,,,
,,,,,,,, White,,,,, United-States,
,,, HS-grad,,,,,, Male,,,,,
36.874507904052734,,194850.921875,,,,, Not-in-family,,,,,,,
, Self-emp-inc,154059.140625, Masters,, Married-civ-spouse, Exec-managerial,,,,,219.70689392089844,, United-States,
41.94843673706055, Private,190701.0625, HS-grad,,,,,,,,,,,
, Private,,,13.195161819458008, Married-civ-spouse, Exec-managerial,,,,,175.86260986328125,,,
37.6758918762207,,,,,, Adm-clerical,, White,,347.32135009765625,,, United-States,
, Private,206918.609375, HS-grad,,,,,,,-1024.0157470703125,8.697998046875,, United-States,
,,196867.984375,,,, Craft-repair, Own-child,,,,,,,
38.89161682128906,,,,,, Prof-specialty,,,,2080.504638671875,,,,
,,,,, Married-civ-spouse,,, White,,,,,,
,,,,,,, Husband,,,,,44.37914276123047,,
,,175435.375,,, Divorced,,,,,,-43.32716369628906,,, <=50K
,,,,,,,,,,,,,,
,,191731.65625, HS-grad,7.829401969909668,,, Husband,, Female,,,, United-States, <=50K
, Private,,,9.831245422363281,,,, White,,,,35.93269729614258,,
31.26321792602539,,,,7.350399971008301,,,,,,,,,, <=50K
,,,,,,,,,,,20.91051483154297,,,
,,,,, Never-married,, Not-in-family,,,,,,, <=50K
,,,,, Never-married,,,,,,9.048667907714844,,,
,,, HS-grad,, Married-civ-spouse,,,, Male,,,,,
, Private,,,11.229832649230957, Married-civ-spouse,,,,,,184.59744262695312,,,
,,,,,,,,,,,,,, <=50K
,,,,,,, Own-child,,,236.01708984375,,,,
,,, Bachelors,,,,,,,,,,,
,,,,,,, Husband,,,,,49.9611701965332,,
,,189928.296875,,,, Craft-repair,,, Female,,,, United-States,
,,,,,,,,,,,,,,
,,,,,,,,,,,-93.24897766113281,,, <=50K
,,,,,,,,, Male,,,,,
,,182058.0625,,9.807936668395996, Married-civ-spouse,,,, Female,,,,,
,,,,, Married-civ-spouse, Prof-specialty,, White,,1488.93310546875,,, United-States,
,,202340.765625,,,,,, White,,,,41.810707092285156,,
,,,,8.988692283630371,,,,,,,111.85400390625,40.64213943481445,,
,,,,,,, Not-in-family,,,,,,,
,,,,10.567535400390625,,,,, Male,,93.20668029785156,, United-States,
,,,,6.272713661193848,,,, White,,,,,, <=50K
,,,,,,, Own-child,,,,,40.40227127075195,,
,,,,,,,,,,,-60.206207275390625,,, <=50K
36.62157440185547,,,,,,, Husband,, Female,,,,, >50K
,,,,,,,, White,,,,,, <=50K
,,,,, Married-civ-spouse,,,,,,,, United-States,
, Private,,,, Never-married,,,,,,,,, <=50K
,,194306.71875,,10.289756774902344, Never-married,,,,,,,,,
,,,,,,,, White,,,,,,
,,,,,, Craft-repair, Husband,,,4031.6005859375,,49.33730697631836,,
, Private,,,,,,, White,,,-91.42860412597656,,, <=50K
,,,,,,, Husband,,,-2349.96630859375,-12.8192138671875,39.94260787963867, United-States, >50K
,,,,, Never-married,,, White,,,,,,
,,,,,,,,,,,,,, >50K
,,,,,,,,,,,,,,
,,201856.75,,,, Craft-repair,,,,,,,,
43.185813903808594, Private,,,,,,,,,,,, United-States,
,,,,,,,, White,,986.1830444335938,,,,
,,,,9.093436241149902, Married-civ-spouse,,,,,252.293701171875,,,,
48.946434020996094,,, HS-grad,,,,,,,,,,,
,,,,7.3636627197265625,,,, White, Female,,,,, >50K
,,,,,,,,,,,,37.554542541503906,,
,,195030.75,,,,,,,,,,39.16520690917969,,
,,208139.53125,,,,,,, Male,,46.217315673828125,, United-States,
28.496627807617188, Private,,,, Married-civ-spouse,,,,,,,, United-States,
,,, Some-college,,,,, White,,,202.2734375,, United-States,
,,,,11.101592063903809,,, Husband,, Male,,203.6654052734375,,,
,,,,,,,, White,,,,,,
29.36127471923828,,,,,,,,, Female,,,, United-States, <=50K
37.34318542480469,,,,, Married-civ-spouse,,,,,,,,,
, Private,,,,,,,,,,45.27743148803711,, United-States,
,,, HS-grad,,,,, White,,-802.658447265625,26.618755340576172,, United-States,
,,,,,,, Husband,, Male,,,54.248329162597656,,
, Private,,,,,,,,,,,, United-States,
34.75593948364258,,182564.15625, HS-grad,,, Adm-clerical,,,,,,,,
,,206144.5625,,11.105741500854492, Married-civ-spouse,,, White,,,,44.27478790283203,,
,,196343.34375,,,,,, White,,,,, United-States,
,,,,,,,,,,,-88.9827880859375,, United-States, <=50K
,,,,,,,,,,,,44.61259078979492,,
,,,,, Married-civ-spouse,,,,,,,,,
,,,,,,,,, Male,,,,, <=50K
40.372344970703125,,192709.796875,,10.137508392333984,, Craft-repair,,,,636.3696899414062,,,,
,,,,,,,,,,,,, United-States,
43.97203063964844,,,,, Married-civ-spouse,, Not-in-family,,,,195.20571899414062,,,
,,,,8.993400573730469,,,,,,,,,, <=50K
,,, HS-grad,,,, Husband,,,,192.81967163085938,, United-States,
,,,,12.553215026855469,, Craft-repair,,, Male,4053.95556640625,,,,
,,,,,,,, White, Male,,,,,
, Private,,,,, Exec-managerial,,,,,217.36404418945312,, United-States,
,,,,,,,,,,,,, United-States,
,,,,,,,,, Female,,,,,
,,,,,,,,,,,,,,
,,199213.875,,11.608786582946777,,,,,,,,,,
, Private,,,9.870563507080078, Married-civ-spouse,,,,,102.57879638671875,,,,
,,, Some-college,, Married-civ-spouse, Craft-repair,, White, Male,3691.15625,,,,
,,,,,,,,,,,84.77349853515625,,,
,,,,, Never-married, Other-service,,,,,,39.4892692565918, United-States,
,,,,,,,,,,,,,,
,,,,,,,,,,,,,,
, Private,180044.375, Bachelors,, Married-civ-spouse,,,,,,58.365699768066406,,,
,,, Masters,,,,,,,4866.236328125,,,,
, Private,,,,, Craft-repair,,,,,,,,
,,,,,,,,,,,143.85662841796875,40.75623321533203,,
, Private,, HS-grad,,,,,,,-1350.1026611328125,,,,
33.10487747192383, Private,,,7.023862838745117,, Other-service,, Black,,,,,, <=50K
,,, Some-college,10.153129577636719,,,, White,,,59.70907211303711,,,
36.931636810302734,,, Bachelors,,,,,,,,,42.754581451416016,,
,,, Bachelors,,, Prof-specialty,,,,,,,, <=50K
30.24956512451172,,,,9.677627563476562,,,,,,,,,,
,,,,,,,, White,,,,, United-States,
,,,,,,,,,,,,,,
,,,,10.129313468933105,,, Husband,,,,,, United-States,
,,188817.625,,,,,, White,,,,, United-States,
,,,,11.382692337036133,,,,, Male,3853.533203125,,,,
, Private,,,,,,,,,,,,,
, Private,,,9.31842041015625,,,,,,24.2093505859375,46.34897232055664,,,
,,,,, Married-civ-spouse,,,,,,,,,
,,,,,,,,,,717.0140380859375,,,,
,,,,,,,,,,,-40.78453063964844,,, >50K
,,,,,,,,,,265.9473876953125,,,,
,,, Some-college,11.881966590881348,,,,, Male,,,,,
38.072635650634766,,,,8.143791198730469,,,, White,,913.8778076171875,,, United-States,
36.26080322265625, Private,,,,,,,,,,52.63300323486328,,,
,,190969.140625,,,,,,, Male,,,, United-States,
, Private,,,,,, Husband,,,,,,,
,,,,,,,, White,,,56.77626037597656,,,
38.593379974365234,,199008.140625,,9.5930814743042,,,,, Female,,,,,
,,,,,, Craft-repair,, White,,,,,,
,,,,,, Prof-specialty,,,,,77.40042877197266,,,
,,207624.703125,,, Married-civ-spouse,,, White, Female,,60.103912353515625,, United-States,
36.44474792480469, Private,, HS-grad,,, Craft-repair,,,,,,,,
,,,,,,,, White,,,,,,
,,,,,,,, White,,-3489.64453125,,,, <=50K
,,,,,, Exec-managerial, Husband,,,4637.43115234375,,, United-States,
, Private,,,,, Adm-clerical,,,,,,, United-States,
,,,,,, Prof-specialty,,,,493.6268310546875,,, United-States,
,,, Bachelors,,,,, White,,,,,,
,,,,,,,,,,,68.913818359375,,,
,,,,10.776744842529297,,, Own-child,,,,,, United-States,
44.45960235595703,,,,,,, Husband,,,,205.54916381835938,,,
,,,,,, Craft-repair,,,,,,,,
,,,,9.721492767333984,, ?,,,,,,,,
,,159363.0625,,,,,,,,,,,,
,,,,,,, Husband, White, Male,,73.1606674194336,47.325439453125,,
,,,,10.36465072631836,,,,, Male,,,49.080413818359375, United-States,
,,, HS-grad,,,,,, Female,,,,, >50K
,,, HS-grad,,,,,, Female,,,,, <=50K
30.478713989257812,,,,, Never-married,,,,,1764.30224609375,,36.955169677734375,,
,,175273.53125,,,,,, White,,,,47.723392486572266, United-States,
,,187254.234375,,,,,,,,,,48.88162612915039,,
, Private,178338.109375,,,, Other-service, Unmarried,,,,,39.5677490234375,,
,,, HS-grad,,,, Own-child, White,,,,39.55954360961914,,
,,, Some-college,10.71606731414795,,, Own-child, White,,,,,,
35.86687469482422,,, Bachelors,, Married-civ-spouse, Exec-managerial,,,,,,,,
,,,,, Married-civ-spouse, ?,,, Female,,-55.339813232421875,, United-States, <=50K
,,,,, Married-civ-spouse,,,, Female,,112.21227264404297,49.145076751708984,,
,,,,,,,,,,,24.04412841796875,,,
36.832305908203125,,,,11.377092361450195,, Adm-clerical,, White,,,,,,
,,,,,,,,,,,,41.02251434326172, United-States,
,,196188.703125,,,,,,,,,188.52847290039062,,,
45.5246696472168,,,,,,,,,,,,,,
,,, HS-grad,,,,,,,,16.01050567626953,37.917259216308594,,
, Private,196992.1875, HS-grad,,, Craft-repair,,, Male,-212.978515625,65.52273559570312,,,
,,,,,,,,,,,,,,
,,,,,,,,,,,,,,
52.284019470214844,,194121.34375,,,,, Husband,,,,,,,
,,,,,,,,,,,,,,
,,211666.671875,,,,,,,,,,,,
,,185295.1875, Some-college,9.411890029907227,,,,,,,,,,
,,,,8.43835735321045,,,, White,,,,, United-States,
,,,,9.381516456604004, Never-married,, Own-child,,,,,35.348941802978516,, <=50K
,,,,,,,,,,,64.71559143066406,,,
,,,,, Never-married,,, White,,,,,, <=50K
,,,,,,,,,,,,36.23929214477539,,
,,179347.734375,,10.458963394165039, Married-civ-spouse,,, White,,,84.9219970703125,,,
, Private,168285.609375, HS-grad,11.633208274841309,, Exec-managerial,,,,3547.759765625,196.00973510742188,,,
,,,,, Married-civ-spouse, Prof-specialty,,, Male,,,,,
, Private,,,11.006654739379883,,,,,,,,45.82419204711914,,
34.96747589111328,,,,,, Adm-clerical, Unmarried,,,761.6755981445312,,,,
,,,,,, Craft-repair,,,,-750.1591796875,19.37012481689453,,,
,,198806.78125,,,,,,,,,,38.806663513183594,,
,,167961.484375,,,, Other-service, Unmarried,,,,,,,
,,,,11.940805435180664,, Exec-managerial,,,,,,, United-States,
,,, Masters,, Married-civ-spouse,,,,,,,, United-States,
,,,,,,,, White,,,33.89414596557617,33.17536163330078,,
,,,,,,, Husband,,,,,,,
,,, Bachelors,,,,,,,3826.2255859375,,44.60948181152344,,
39.79037857055664,,,,,,,,,,,,,, <=50K
35.94465637207031,,, HS-grad,,, Craft-repair,, Asian-Pac-Islander,,,,,,
,,,,,,,, White, Female,,,42.280120849609375,, <=50K
,,,,,,,,,,,,,,
, Private,,,,,,,,,,,,,
,,,,,,,,, Male,,,,,
37.560333251953125,,,,8.891844749450684,,,,,,,,,,
,,, Bachelors,, Never-married,,,,,,,,, >50K
,,,,, Married-civ-spouse,,,, Female,,,47.8156852722168,,
, Private,,,,,,,,,,,,, <=50K
,,,,,,, Husband,,,,,48.93441390991211,,
,,,,8.35853099822998,,,, White,,-4741.45654296875,,,, >50K
,,,,8.873271942138672,,,,,,,89.51408386230469,,,
, Private,,,,,, Not-in-family, White,,,,,,
,,,,9.879977226257324, Married-civ-spouse,,,,,,,41.62122344970703,,
29.560993194580078,,,,, Divorced,,,,,,,,,
,,,,,, Handlers-cleaners,,,,,,,,
38.087806701660156,,,,,,,, White,,,,42.09935760498047,,
, Private,,,,,,,,,1238.672607421875,,,,
, Private,,,10.607272148132324,, Craft-repair, Husband,, Female,,,51.32280731201172,,
,,,,,,, Husband,, Male,,,,,
,,,,,,,,,,,,31.82500457763672,, <=50K
,,,,, Divorced,,,,,,-53.78764343261719,,, <=50K
,,,,,,,,,,,,,,
,,,,, Never-married,,,,,-303.5965576171875,,37.7576789855957, United-States,
,,,,, Married-civ-spouse,,,, Male,,36.29969787597656,,,
,,,,10.539460182189941, Married-civ-spouse,,,,,,,,,
,,178367.828125,,,,,,,,,,,, <=50K
,,,,, Never-married,,, White,,,,44.75868225097656, United-States,
, Private,, Bachelors,,, Adm-clerical, Unmarried,,,-2552.888671875,,, United-States, <=50K
46.60068893432617,,,,,,, Husband,,,,,39.96074295043945,,
44.59030532836914,,,,,,,,,,,,,,
, Private,, HS-grad,,,,,,,,,,,
,,, Bachelors,,,, Husband, White,,,,,,
,,198775.296875,,,,, Husband,, Male,,,,,
, Private,,,, Widowed,,,,,,,,,
,,161894.078125, HS-grad,10.636038780212402,, ?,,,,,91.05369567871094,,,
,,, HS-grad,,,,,,,,,35.39920425415039,, <=50K
,,184239.828125,,, Never-married,, Not-in-family,,,,69.63427734375,39.730621337890625,,
,,,,,,,,,,,,,,
40.18707275390625,,,,10.349510192871094,,,,,,,175.97793579101562,,,
,,,,,,,,,,-193.9693603515625,,,,
,,191010.796875,,,,,, White,,,,,,
,,, Bachelors,,,,,,,,,, United-States,
,,,,, Married-civ-spouse,,,,,,,42.115848541259766,,
,,,,, Married-civ-spouse,,,, Female,-3435.490234375,,,, <=50K
,,,,, Married-civ-spouse, Craft-repair,, White, Male,,,52.498722076416016,,
, Private,,,7.967058181762695,,,,,,,,,,
43.03111267089844,,,,,,,,,,,204.02249145507812,,,
29.457408905029297,,,,,,, Unmarried,,,-3560.61572265625,,32.72001266479492,, <=50K
41.165245056152344,,,,,,, Not-in-family, White,,,97.62333679199219,,,
27.950016021728516,,, Some-college,, Married-civ-spouse,,, White,,,,43.81640625,,
,,,,,,,, White,,5133.1103515625,251.3396453857422,,,
, Private,, HS-grad,,,, Husband,, Male,,,,,
, Private,, 7th-8th,, Separated,,,,,,,,,
,,195190.03125,,8.418617248535156,,,,,,,53.204246520996094,31.715980529785156,,
,,,,9.002426147460938,,,,,,,,38.66171646118164, United-States,
33.60760498046875,,,,,,,, White,,,,,, <=50K
,,, Some-college,10.692713737487793,,, Own-child,,,,61.62394332885742,,,
36.508506774902344,,,,,,, Not-in-family,,,,,, United-States,
26.71021270751953, Private,185345.4375,,, Divorced,,,,,-28.7991943359375,,,,
43.514644622802734, Private,,,10.38323974609375,,,,,,,,43.63433074951172,,
,,194851.15625,,, Married-civ-spouse,, Not-in-family,,,,,,,
33.0501594543457,,,,, Never-married,,, White,,-578.5352783203125,,, United-States,
,,179054.34375,,,, Prof-specialty,, White,,1780.468017578125,,40.68632888793945,,
,,,,,,,,,,,,,, <=50K
,,,,,, Adm-clerical, Own-child, White,,,,36.15068054199219, United-States, <=50K
,,197467.265625,,, Never-married,, Own-child,,,-91.268798828125,,,,
, Private,,,,,, Own-child,,,,65.67919921875,43.869720458984375,,
,,,,, Married-civ-spouse,,,,,,,,,
31.970760345458984,,, HS-grad,,,,,,,-240.1748046875,,,,
,,,,7.27036190032959,,, Unmarried,,,,,,, <=50K
,,,,, Married-civ-spouse,,,,,,,,,
,,,,,,, Husband,,,,84.090576171875,45.131126403808594,,
,,,,,,,,,,,,,,
, Private,,,,,, Not-in-family,,,,,, United-States, >50K
,,, Bachelors,, Married-civ-spouse,,,, Female,,,, United-States,
,,,,,,,,, Male,,,48.39295959472656,,
, Private,,,,, Prof-specialty,,,,-1417.2828369140625,,40.414493560791016,, >50K
,,,,,,,,, Male,,,48.767433166503906,,
, Private,,,, Never-married, Sales,,,,159.9688720703125,48.26778793334961,,,
, Private,,,10.807567596435547, Divorced, Adm-clerical,, White,,1086.8853759765625,,,,
,,188968.734375,,, Married-civ-spouse,,,, Male,,,, United-States, <=50K
,,,,,,,,,,,58.15290069580078,43.29502487182617,,
50.60917663574219,,,,,,,,,,1409.367919921875,,,,
, Private,,,9.902477264404297,, Adm-clerical,,,,,,,,
32.965126037597656,,,,,,, Unmarried,,,,-55.14863586425781,, United-States, <=50K
,,174060.9375, Bachelors,,, Adm-clerical,,,,,,,,
,,184503.890625,,, Divorced,, Unmarried,,,-579.2735595703125,,,,
,,,,8.436247825622559,,,,, Male,,,44.78194046020508,,
,,,,,,,,,,,191.26962280273438,,,
,,,,,,, Husband, White,,,,, United-States,
32.793331146240234, Private,,,,,, Not-in-family,,,323.29034423828125,,, United-States,
,,, Bachelors,,,,,, Female,,,,,
, Private,179227.5625,,,,, Not-in-family,,,-3166.51513671875,,,, <=50K
, Private,, 7th-8th,, Widowed,, Unmarried,,,-700.482421875,,,,
, Private,205133.296875,,9.940897941589355,,,, White, Male,,,48.97919845581055,,
, Private,,,,, Craft-repair, Husband,, Male,,,50.839752197265625,,
,,,,,,,,,,,,,, <=50K
,,,,10.022469520568848,,,,,,489.92742919921875,,,,
, Private,,,,,, Not-in-family,,,,,,,
, Private,,,,,,,,,,88.69983673095703,37.70537567138672, United-States,
,,, Bachelors,, Married-civ-spouse,, Not-in-family,,,3895.51025390625,,, United-States,
,,,,,,,,,,-6075.79833984375,,,, >50K
,,, HS-grad,,,,, White,,,,,,
, Private,, Some-college,10.946454048156738,,,,,,,,,,
,,, Some-college,9.691752433776855,,,,,,,,,,
,,,,,,,,,,,44.95181655883789,,,
,,196056.796875, Some-college,,,,,,,,178.01153564453125,,,
,,,,,,, Husband,,,,,,,
,,210721.453125, 11th,,,,,,,,,,,
,,,,,,,,, Female,,,,, >50K
,,,,,, Adm-clerical,,,,,,, United-States,
,,, Some-college,10.869128227233887,, Craft-repair,,,,,60.31242752075195,, United-States,
,,, HS-grad,,,, Not-in-family,,,,,, United-States,
,,,,,,,,,,,-77.57069396972656,,, <=50K
,,,,,,,,,,,,,, <=50K
,,184364.828125,,,,,,,,,,,,
32.770713806152344,,,,,,,,,,,49.97856521606445,,,
,,,,,,,,, Male,1916.352783203125,,, United-States,
53.433189392089844,,,,,,, Husband,,,,,48.31968307495117,,
,,, Some-college,, Never-married,,,,,,-120.18165588378906,,, <=50K
, Private,, HS-grad,,, Other-service,,,,,,34.32535934448242, United-States, <=50K
, Private,,,,, Prof-specialty,,, Male,5125.06103515625,,,,
,,, Some-college,, Married-civ-spouse,,,,,,,,,
,,201103.046875,,,,,,, Male,3670.51171875,,,,
,,,,, Never-married,,,,,,44.69478225708008,,,
,,,,, Married-civ-spouse,,,, Male,,175.28005981445312,50.23075866699219,,
28.984405517578125, Private,,,,,,,,,,,,,
,,186438.015625,,,,,,,,,,33.77159118652344,,
,,,,,,,,,,,,, United-States,
,,,,,,,, White,,,72.97875213623047,40.658729553222656,,
,,,,7.121237754821777,,,,, Male,-2298.70703125,,,, >50K
,,, Bachelors,, Divorced,,,,,-2663.4169921875,-55.6126708984375,,, <=50K
,,,,, Never-married,,,,,,,34.58290481567383, United-States, <=50K
,,,,,, Exec-managerial,,,,,,,,
, Private,,,,,,,, Female,,,,,
, Private,201693.65625,,, Married-civ-spouse,,,, Female,,59.798011779785156,,,
, Private,193076.4375, HS-grad,,,,,,,,,35.61978530883789, United-States, <=50K
,,,,12.115897178649902, Married-civ-spouse, Craft-repair,,, Male,3977.671875,,53.45524215698242,,
,,183071.1875,,,, Adm-clerical,,,,,,,,
,,200577.234375,,,,, Husband,, Male,,,,,
36.2453727722168, Private,,,, Married-civ-spouse,,, White,,,,, United-States,
,,,,,, Exec-managerial,,,,,,, United-States,
,,,,,, Craft-repair,,,,,,41.57924270629883,,
23.025943756103516,,,,, Divorced,,,,,,,,,
,,,,9.326478004455566,,,,,,,,, United-States,
34.8414421081543, Private,,,, Married-civ-spouse,,,,,,,,,
,,,,,,,,,,,,48.1452522277832,,
,,,,,,,,,,,,35.485687255859375,, <=50K
, Private,182846.578125, HS-grad,,,, Husband,,,,,,,
,,,,,,,,, Male,,64.22754669189453,,,
,,,,,, Craft-repair,,,,,,,,
,,,,,,,,, Female,,,,, <=50K
40.60254669189453,,,,,,,,,,,,39.79636764526367,,
,,,,, Married-civ-spouse,, Not-in-family,,,-157.507568359375,,,,
,,,,,,,,,,,,,, <=50K
,,, Bachelors,,, Exec-managerial, Husband,,,4165.36669921875,183.10890197753906,50.883819580078125,,
39.85543441772461,,,,,,,,,,,,41.974220275878906,,
,,,,,, Craft-repair,,, Male,,,,,
,,,,9.481951713562012,,,,,,365.175537109375,,,,
,,,,,,,,, Male,4742.68017578125,258.4437255859375,,,
,,,,, Never-married,,,,,,,,, <=50K
,,192266.03125,,,,,,,,,,, United-States,
,,,,10.749008178710938,,, Not-in-family,,,106.32159423828125,,,,
,,, HS-grad,,,,,,,,,,, <=50K
43.32525634765625,,,,,,,,,,,,,,
,,203581.015625, HS-grad,,,,,, Male,,,,,
,,,,,,,,, Male,,,50.199684143066406,,
26.845233917236328,,,,, Married-civ-spouse,,,,,,,,,
,,,,,,,,,,,,46.66238021850586,,
, Private,,,,,, Husband,, Male,832.9852905273438,,,,
,,, Some-college,,,, Own-child,,,,,,,
29.932249069213867,,,,,,,,,,,,26.69871711730957,, <=50K
,,,,, Married-civ-spouse, ?,,,,,,,,
,,,,,, Prof-specialty, Wife, White,,4439.49951171875,,,,
,,, HS-grad,,,,,,,,23.249114990234375,39.688392639160156,,
,,,,,, Prof-specialty,,,,1478.7998046875,,,,
,,, HS-grad,7.467891693115234,,, Not-in-family,,,,,,, <=50K
38.747283935546875,,, HS-grad,,,, Not-in-family, White,,,,,,
33.65240478515625,,,,,,,,,,,,,,
38.2227668762207,,,,,, Craft-repair,,,,,71.61204528808594,42.835933685302734,,
,,, HS-grad,,,,,,,,,,,
,,,,,,, Not-in-family,,,,117.315673828125,45.858970642089844,,
43.55107116699219,,,,,,,,,,,181.77723693847656,,,
,,,,,,,,,,,,,, <=50K
,,200300.53125,,,,,,,,,,,,
,,,,,,,, White,,,,,,
25.176795959472656,,184246.125,,8.114736557006836,,,,,,,,,,
,,,,,,,,,,,,,,
27.01700210571289,,, Some-college,, Married-civ-spouse, Craft-repair,,,,,,,,
,,,,,, Other-service,,,,-3389.86669921875,,,, <=50K
,,,,,,,,, Male,,,,,
,,,,,,,,, Female,,,46.793704986572266,,
,,,,11.377901077270508,,,,,,,,,,
,,, Some-college,9.540308952331543,,,,, Male,,,47.49996566772461,,
, Private,,,,,,, White, Male,151.85748291015625,,,,
,,195926.265625,,,,,,, Male,,86.91387939453125,46.36773681640625,,
,,185041.875,,10.951616287231445, Married-civ-spouse,,,,,3769.6279296875,,,,
,,,,9.615640640258789,,,,,,,,, United-States, <=50K
,,,,9.050239562988281,,,,,,,,,,
,,187045.609375, Bachelors,,,,, White,,,,, United-States,
,,,,,,,,,,,160.28131103515625,44.1909065246582, United-States,
,,205549.796875,,, Never-married,, Own-child,,,,,32.05244827270508,, <=50K
,,,,,,, Own-child,,,-2370.3583984375,,,, <=50K
,,,,, Widowed,,,,,,,34.573123931884766,, <=50K
31.43799591064453,,,,8.739036560058594,,,,,,,,,, <=50K
,,, HS-grad,, Married-civ-spouse, Craft-repair, Not-in-family,,,,,,,
32.316566467285156,,,,,,,,,,,,,,
,,,,8.922289848327637,,,,,,182.687744140625,,,,
,,,,, Married-civ-spouse,,,,,,,,,
,,197590.28125,,11.473941802978516,,,, White, Male,,,, United-States,
32.27919006347656,,185406.875,,10.992865562438965, Never-married,,,,,425.415283203125,,,,
,,,,, Married-civ-spouse,,,,,,,,,
,,,,, Married-civ-spouse,,,, Female,,,,,
,,,,,,,, White,,,,,,
,,164277.90625,,, Widowed,,,,,,,, United-States, <=50K
,,,,,,,, White,,4840.82177734375,237.54139709472656,,,
,,,,,,,,,,,,, United-States,
, Private,,,,, Other-service,,,,-1015.2493896484375,,,,
,,,,,, Craft-repair,,, Male,380.8138427734375,,,,
, Private,,,,,,, White,,,-56.59490966796875,,, <=50K
,,174671.765625,,,,,,,,,,, United-States,
,,, Some-college,, Never-married,,,,,,,, United-States,
,,,,,,,,, Male,,,45.4562873840332, United-States,
,,, Some-college,9.541027069091797,,,,,,,,,,
,,,,11.707197189331055,, Adm-clerical, Own-child,,,,,,,
,,,,11.64674186706543, Never-married,, Own-child,,,,,41.17530822753906,,
, Private,,,,,,,,,,,,,
34.334503173828125,,, Some-college,,, Craft-repair,,, Female,,,,,
,,,,9.181982040405273,,, Not-in-family,,,969.3438720703125,103.93733978271484,,,
36.208953857421875,,,,,,,,,,,,38.93475341796875, United-States,
,,,,,,,,,,,,, United-States, <=50K
35.280601501464844,,,,,, Craft-repair,,,,,,,,
,,,,,,, Own-child,,,,,,,
,,191975.0625,,10.860200881958008,,,,,,,,,,
,,,,, Married-civ-spouse,, Not-in-family,,,,,, United-States,
,,,,,, Craft-repair,,, Female,,38.92631530761719,, United-States,
,,, Bachelors,,,,,,,,,36.892791748046875, United-States,
,,,,,, Craft-repair,,,,,,,,
,,, Bachelors,,,,,, Male,,95.25617980957031,,,
,,,,12.533472061157227, Married-civ-spouse, Exec-managerial,,,,,,,,
,,192674.203125,,,,,,,,,,,,
34.288658142089844,,, HS-grad,,,,,,,-166.6683349609375,,,,
,,,,11.962438583374023,,,,,,,,, United-States,
,,,,,,,,,,,,,,
,,,,,, Craft-repair,,, Female,,,,,
28.212833404541016,,,,, Never-married,, Not-in-family,,,,-109.92692565917969,,, >50K
,,187651.78125,,,, Craft-repair,,,,,,,,
,,,,,,,,,,,,,,
,,,,6.92885160446167,,,, White,,,,34.76156234741211,, <=50K
,,, Some-college,11.55941104888916,,,,,,,156.54014587402344,46.0117301940918,,
,,,,, Married-civ-spouse,,,,,,,,,
, Private,,,, Married-civ-spouse, Craft-repair,,, Female,,43.139373779296875,47.796104431152344,,
,,,,,,,,,,,65.08108520507812,,,
,,,,,,,,,,,72.67638397216797,,,
, Private,,,, Never-married,,,,,,,,,
,,,,,,, Husband,,,,,,,
,,,,,,,,,,,,,,
,,, Some-college,,,, Own-child, White,,,,,,
34.69205856323242,,195269.65625,,6.976584434509277,,,,,,-2468.41796875,,,, <=50K
,,,,, Married-civ-spouse,, Not-in-family,,,3599.61181640625,,, United-States,
, Private,187652.21875,,,,,, White,,,,,,
,,195342.109375,,,, Craft-repair,,,,353.175537109375,,,,
,,,,, Married-civ-spouse,,,, Male,,,, United-States,
,,,,, Never-married,,,,,,,,,
,,, HS-grad,8.134296417236328,,,,,,,,,, >50K
,,,,,,,,,,,,,,
,,193444.3125, Bachelors,,,,, White,,,62.502281188964844,, United-States,
,,196583.09375,,,,,, White,,,,,,
,,,,8.491352081298828,,,,,,,,,,
,,, Some-college,9.08701229095459,,, Own-child,,,,,,,
,,,,,, Craft-repair,,,,,,,,
,,,,10.09971809387207, Married-civ-spouse,, Not-in-family, White,,,,,,
31.26616096496582,,,,9.793830871582031, Married-civ-spouse,,, White,,,,,,
,,167794.65625,,,,,, White,,4873.2529296875,,, United-States,
,,, HS-grad,,,,,,,,,,,
28.030780792236328,,, Some-college,, Married-civ-spouse,,, White,,,,,,
,,,,9.363179206848145,,,,,,,77.68570709228516,,,
,,178978.8125,,,,,,,,1765.1058349609375,,,,
32.66883850097656,,162285.0, Bachelors,,,,,,,,,,, >50K
,,,,,,,, White,,,247.3402099609375,,,
44.687137603759766,,,,,,, Husband,, Male,,,,,
,,213672.75,,,,,,, Male,,,, United-States,
, Private,186195.359375,,11.420351028442383,,, Husband,,,,,,,
42.81072998046875,,194303.15625,,,,,,, Male,4304.654296875,,,,
41.735382080078125,,,,,, Craft-repair, Not-in-family,,,,,, United-States,
, Private,199849.390625, HS-grad,,,,, White, Female,,,,, <=50K
,,,,, Married-civ-spouse,,,, Female,-3215.09326171875,,,, <=50K
, Private,,,,,,,,,,,, United-States,
, Private,,,,,,,, Male,,,,,
, Private,,,8.660517692565918, Never-married,, Not-in-family,,,,,,, <=50K
, Private,,,, Married-civ-spouse,,,,,,,,,
29.016878128051758,,,,,,,,,,-3309.02783203125,,,, <=50K
40.653961181640625,,,,,, Craft-repair,,, Male,,,,,
, Private,,,,, Adm-clerical,,,,,,,,
41.29167938232422,,,,,,,,, Male,,,,,
,,,,,,, Husband,,,,206.02471923828125,,,
30.445636749267578,,180656.296875,,,,, Unmarried,,,,,,, <=50K
, Private,,,,, Exec-managerial,,,,,209.64605712890625,,,
,,,,,,,,, Female,,-20.557350158691406,,, >50K
, Private,,,,, Craft-repair,,, Male,5211.384765625,,,,
37.15476989746094, Private,200146.78125,,,,,,,,,25.322513580322266,37.052520751953125,,
,,,,,, Craft-repair,,, Male,,,,,
,,188762.390625, HS-grad,,,,, White,,,,, United-States,
,,,,11.80897331237793,, Craft-repair,,,,,196.07382202148438,,,
,,,,,,,,,,,,,,
,,, HS-grad,,,,, White,,,,,,
, Private,, Bachelors,,, Prof-specialty,,,,,,,,
38.048362731933594,,,,,, Craft-repair,,,,,,, United-States,
43.24343490600586, Private,,,,,,,,,,221.1087188720703,,,
40.549102783203125, Private,,,,,,,, Female,,,,, <=50K
,,,,,, ?,, White,,,-55.819915771484375,,, <=50K
,,,,9.635202407836914,,,,, Male,,,47.87363815307617,,
,,, Bachelors,,, Prof-specialty,,,,,,46.10152816772461, United-States,
,,,,,,,,,,,,,,
,,,,,,,,,,950.2454833984375,96.74820709228516,,,
,,,,,,,,, Female,,,42.195838928222656,, <=50K
, Private,, Bachelors,,,,,,,,,,,
,,, 7th-8th,,,,,,,,,,,
,,,,7.897934913635254,,,,,,,,37.75260543823242, United-States, <=50K
,,, Bachelors,, Never-married, Prof-specialty, Not-in-family,,,,,, United-States, >50K
,,,,,,, Husband,,,-226.923828125,,, United-States,
,,, HS-grad,,,,, White,,,-115.80386352539062,,, >50K
, Private,174840.40625,,9.772216796875,,,, White,,,105.3004379272461,,,
,,,,,,,, White,,,,,,
35.55757141113281,,,,,,,, White,,,,,, <=50K
44.76734924316406,,,,,, Craft-repair,,,,,,,,
,,, Bachelors,,,,,,,,,42.9488410949707, United-States,
, Private,184999.21875,,,,, Not-in-family,,,921.7877197265625,102.29328918457031,,,
,,175801.359375,,, Married-civ-spouse,,,,,,,,,
38.5174560546875,,192142.640625,,,,,,,,,69.85079193115234,,,
,,177108.265625,,,, Prof-specialty,, White,,1376.4254150390625,,,,
,,, HS-grad,7.186567783355713,,,, White, Female,,,,, >50K
24.12332534790039, Private,, Some-college,, Never-married, Other-service,,,,,-60.859405517578125,,, <=50K
, Private,,,8.860760688781738,,,,,,,,,,
,,,,,, Prof-specialty,,,,692.0211181640625,62.263641357421875,,,
38.96697235107422,,,,,,, Not-in-family, White,,-332.697021484375,,,,
,,195144.890625,,,,,,,,-56.14306640625,,,,
38.656158447265625, Private,177687.625,,,, Prof-specialty,,,,-743.6934814453125,,,,
,,,,,,, Own-child,,,,,41.95513153076172,,
,,, Bachelors,, Married-civ-spouse,,, White,,520.334228515625,,,,
, Private,,,10.202361106872559,,,,,,,,,,
,,,,, Married-civ-spouse,, Husband, White, Male,,,,,
, Private,206337.90625, HS-grad,,,,,,,,21.504310607910156,, United-States,
,,,,,,,,,,1804.855712890625,,, United-States,
,,,,, Married-civ-spouse,,,, Male,,,,,
,,,,11.418489456176758,,,,,,,,,,
,,,,,,,,,,,-110.27664184570312,,, <=50K
42.903465270996094,,195410.3125,,,,,,, Male,,,52.74001693725586,,
,,, HS-grad,8.326542854309082,, Other-service,,,,-3149.04736328125,,39.26535415649414,, <=50K
,,,,,,, Not-in-family,,,1353.49658203125,,,,
,,,,, Never-married, Adm-clerical,,,,,,,,
36.644901275634766,,,,,,,,,,,,,,
, Private,, HS-grad,9.870137214660645,,, Not-in-family,,,,,, United-States,
,,,,, Divorced,,, White,,,,,,
,,,,, Married-civ-spouse, Craft-repair,,,,,,45.17254638671875,,
,,,,10.487119674682617,,,, White,,,,, United-States,
,,,,,,,,,,,,43.520347595214844,,
,,, Some-college,10.344599723815918,,, Own-child,,,,36.80589294433594,,,
35.551353454589844,,,,,,,,,,,,,, <=50K
,,,,,,, Not-in-family,,,,,,, <=50K
,,,,,,, Husband,,,-152.236328125,,42.955360412597656, United-States,
,,, Bachelors,,,,, White,,3539.1318359375,,43.5582275390625, United-States,
,,,,,,,,,,-2755.0810546875,,41.026268005371094,, <=50K
,,,,,,, Husband,,,,,,,
,,,,10.455745697021484,,,,,,,,, United-States,
,,,,,, Craft-repair,,,,501.18365478515625,,,,
,,,,,,,,,,,,, United-States,
,,184258.765625,,, Divorced, Other-service,,,,-2770.81689453125,-68.48440551757812,38.11869812011719,, <=50K
, Private,, HS-grad,7.443314075469971,,,,,,,,37.22750473022461,, <=50K
,,190551.046875,,11.674351692199707,,,, White,,,,,,
,,,,,,, Own-child,,,,,, United-States,
,,,,10.883475303649902, Married-civ-spouse,, Not-in-family,,,,,,,
,,178836.296875,,,,,,,,,,34.112483978271484,,
,,, Bachelors,,,,,,,756.0589599609375,87.5394287109375,,,
35.441009521484375,,,,,,, Not-in-family,,,,,38.790287017822266,,
,,,,,,, Not-in-family,,,,,,,
, Private,,,, Never-married,,, White,,,-48.496063232421875,,, <=50K
,,,,,,,,, Male,,,,,
,,189812.828125,,11.302281379699707,,,,,,,,, United-States,
,,, HS-grad,,, Craft-repair,, White, Male,,208.04098510742188,,,
,,,,,,,,,,-3362.49755859375,-70.3624267578125,34.56272506713867,, <=50K
,,,,,,, Husband,, Male,,,,,
,,,,,, Exec-managerial,,,,,,, United-States,
38.05419921875,,,,,,, Not-in-family, White,,,,,, >50K
,,217210.71875,,10.568716049194336, Never-married,,,,,,37.65898513793945,,,
26.63690948486328, Private,, 7th-8th,, Married-civ-spouse,,,, Female,,,, United-States, <=50K
, Private,193154.84375,,,,, Husband,,,,,, United-States,
, Private,,,, Married-civ-spouse, Priv-house-serv,, White,,,49.26769256591797,,,
, Private,,,,,,,,,,,,,
,,208551.203125,,,,, Own-child,,,,,,, <=50K
,,,,,, Craft-repair, Not-in-family,,,,,45.665138244628906, United-States,
, Private,,,,,, Husband,, Male,,138.80577087402344,,,
47.03971481323242,,199081.046875,,8.764025688171387,,, Husband, White, Male,,,,,
42.49174499511719,,185085.828125,,,,,,,,,61.625450134277344,,,
, Private,201852.703125, HS-grad,,,, Husband,,,,69.3602523803711,41.31656265258789,,
46.81338882446289,,,,,,,,, Male,-50.3572998046875,,47.5155143737793,,
,,,,,, Exec-managerial, Husband,, Male,,,,,
,,,,,,, Not-in-family, White,,,,41.149269104003906,, <=50K
,,180826.78125,,,,, Husband,, Male,,,,,
37.39893341064453,,,,,,,,, Female,,,51.177207946777344,,
,,, Some-college,9.680219650268555,,,,,,129.1043701171875,,,,
,,,,7.105140209197998,,,,,,,,,,
,,,,,,,,, Male,,,,,
37.901519775390625, Private,, HS-grad,,,,, White, Male,,,46.45061492919922,,
,,, Bachelors,,,,,,,,,,,
,,,,,,,,, Male,,,,,
,,,,,,,, White,,608.553955078125,85.48052978515625,,,
,,,,,,,,,,,,,,
43.04348373413086,,,,,,,,,,,,39.8851432800293,,
23.727092742919922,,, HS-grad,, Married-civ-spouse,,,, Female,,,,, <=50K
34.13345718383789,,186956.15625,,,,,,,,,,,,
,,,,,,, Husband,, Male,188.15960693359375,,,,
,,,,,,,,,,,,34.1307258605957, United-States, <=50K
,,,,10.229113578796387,,, Not-in-family,,,378.55731201171875,,,,
,,,,, Married-civ-spouse, Craft-repair,, White, Female,,,, United-States,
40.560760498046875,,196148.171875,,13.090068817138672, Married-civ-spouse, Protective-serv,,, Male,,206.64657592773438,, United-States,
,,,,,,,, White, Male,5408.419921875,,,,
, Private,,,,,,,, Male,,,,,
,,,,,, Craft-repair,,, Male,,,,,
34.86027145385742,,,,,,,,, Female,,,,,
,,,,9.035008430480957,,, Own-child,,,,,35.039344787597656,, <=50K
,,,,,,, Not-in-family,,,1022.9679565429688,103.77790832519531,, United-States,
,,198764.390625,,,,,,, Female,,-51.02973937988281,,, <=50K
30.071842193603516,,,,, Never-married,, Not-in-family, White,,,,41.18158721923828,, <=50K
,,,,,, Prof-specialty,, White,,,,, United-States,
,,,,, Married-civ-spouse, Craft-repair,,, Male,,,,,
,,,,,,,,, Female,,,,, <=50K
,,, Some-college,11.132055282592773,,,, White,,,,,,
,,,,,,,,, Female,,,,,
39.507102966308594,,,,,, Craft-repair,,,,,,,,
,,,,,, Farming-fishing,,,,,,,,
, Private,188717.328125, HS-grad,10.039005279541016,, Craft-repair,,, Male,,,,,
,,,,,,,,,,,,,,
,,,,,,, Husband,,,,61.647926330566406,,,
, Private,,,,,,,, Female,-2401.24755859375,,,, >50K
, Private,187221.71875,,,, Craft-repair,,,,109.12103271484375,,42.96271514892578, United-States,
43.05300521850586,,, Bachelors,,,, Husband, White, Male,,,,,
34.5904541015625,,201323.125,,,,,, White, Male,,,, United-States,
,,189655.578125, HS-grad,,,,,,,,,, United-States, <=50K
31.609886169433594,,,,, Married-civ-spouse, Craft-repair,,,,,,,,
,,192294.953125,,,,,,,,,,,, <=50K
,,, Some-college,,,, Own-child,,,-364.0048828125,,45.853851318359375, United-States,
30.772214889526367, Private,,,,,, Unmarried,,,,,34.902565002441406,, <=50K
,,,,, Never-married,,,,,,,,,
,,, HS-grad,,,,,, Female,,,,, <=50K
46.423858642578125,,,,,,, Husband,, Male,,233.4434356689453,,,
40.37461471557617,,,,,,, Husband,, Female,,,,,
,,,,,,,,,,,,,,
,,201556.84375,,8.095966339111328,,,,,,,,,, <=50K
,,, HS-grad,,,,,,,,,40.231502532958984,,
40.59019088745117, Private,188414.6875,,10.07535171508789,,, Husband,,,,,,,
32.407676696777344, Private,,,,,,, White,,-293.9425048828125,,34.23558044433594,,
,,, Bachelors,,,, Husband,, Male,,,, United-States,
,,,,,,,,,,264.921142578125,,,,
40.175724029541016,,197387.609375,,,,, Not-in-family, White,,55.5089111328125,83.72595977783203,,,
, Private,, HS-grad,8.228017807006836, Never-married,,,,,,-74.14537048339844,,, <=50K
, Private,, HS-grad,,,,,,,,4.277595520019531,, United-States,
, Private,,,, Divorced,,,,,,-0.817047119140625,,, <=50K
27.241744995117188,,,,,,,, White,,,,,,
,,,,,, Protective-serv,,, Female,,,,,
,,,,,,,,,,,,,,
,,,,,,,,,,455.64154052734375,,39.706321716308594,,
32.64320755004883, Private,,,,,,,,,,,39.564090728759766,, <=50K
,,200532.0625,,,, Other-service, Own-child,,,,,39.86030960083008,,
,,184702.21875,,,,, Not-in-family,,,,,,,
,,,,, Never-married,,,,,,,,,
,,,,7.94758415222168, Married-civ-spouse,, Not-in-family,, Female,,,,, <=50K
, Private,,,,,,, White,,,,,,
,,,,9.279962539672852,,, Not-in-family,,,,,,,
,,,,,,,,,,,,,,
,,,,,, Exec-managerial,,,,,,, United-States,
,,,,,,,,,,,-73.34129333496094,,, <=50K
,,,,, Never-married,,,,,,,,,
34.33809280395508,,, Some-college,,,,,,,,,,,
,,,,,,,,,,,-55.92323303222656,, United-States, <=50K
,,,,,,, Not-in-family,,,,,,, >50K
,,,,,,,, White, Male,4019.47119140625,,,,
,,,,,,, Not-in-family,,,,,, United-States, >50K
,,,,,,,,,,711.6456298828125,,,,
,,,,,,, Wife,,,3045.07177734375,,, United-States,
,,,,, Married-civ-spouse, Craft-repair, Husband, White, Female,,,,,
,,,,,,, Unmarried,,,,,,,
,,180418.140625,,, Never-married,,,,,,-64.3665771484375,37.152496337890625, United-States, <=50K
,,, HS-grad,,,,,, Male,,,,,
,,,,,,,,,,,,,, >50K
45.253639221191406,,,,,,,, White,,,,,,
,,,,,,,,, Female,2062.860107421875,,,,
, Private,, HS-grad,,,,,,,,,,,
,,,,, Married-civ-spouse,,,,,,,44.611576080322266,,
, Private,,,, Married-civ-spouse,,,,,,,,,
36.76851272583008,,,,,,,, White,,,94.18456268310547,,,
,,,,,,,,,,,-72.26231384277344,, United-States, <=50K
38.1849479675293, Private,,,9.270488739013672,,,,,,,53.302608489990234,, United-States,
,,,,9.75447940826416,,, Own-child,,,,,,,
,,,,,,,,,,165.3323974609375,56.854618072509766,37.32172775268555,,
48.27845764160156,,,,,,,,,,,,,,
,,, Some-college,9.494206428527832,,,,,,,,,,
31.320159912109375,,,,,,,,,,,,35.58845901489258,, <=50K
33.45760726928711,,,,8.028886795043945,,,,,,,-56.061676025390625,38.16484832763672,, <=50K
,,,,, Married-civ-spouse,, Husband,, Male,,,,,
,,,,, Divorced,,,,,600.88037109375,,, United-States,
,,,,,,,, White,,,,,,
37.43777847290039,,,,10.400259017944336,,, Not-in-family,,,254.663330078125,,38.68193054199219,,
44.69984817504883,,,,,,, Not-in-family,,,,,32.68802261352539,,
,,,,,,,,,,,,,,
, Private,, Bachelors,,,,,,,,,,, <=50K
,,, Some-college,,,,,,,,36.129150390625,, United-States,
, Private,,,, Never-married,,,,,539.157470703125,,,,
, Private,214221.578125,,, Never-married,, Own-child,, Female,,,, United-States,
,,,,8.282835960388184, Married-civ-spouse,,,, Female,,,,, >50K
,,,,,, Other-service,,,,-619.82177734375,,,,
,,,,,,,,,,,,,,
,,, Bachelors,,,, Husband,,,,,42.04560852050781,, >50K
,,,,, Married-civ-spouse,,,, Female,,,,, <=50K
,,,,,,,,,,,,,,
,,,,,,,,,,,,,, <=50K
,,, HS-grad,8.804375648498535,, Craft-repair,,,,,,, United-States, <=50K
,,, Some-college,10.167253494262695,,,,,,-341.898193359375,22.18585205078125,36.13383483886719,,
, Private,,,,,,, White,,,74.97354888916016,, United-States,
, Private,,,,,, Not-in-family,,,-1962.4112548828125,,40.50543212890625,, >50K
,,,,,,,,,,,,,,
,,,,,,,,,,,49.61255645751953,37.654170989990234, United-States,
,,, HS-grad,,, Adm-clerical,,,,56.3287353515625,,37.02134323120117,,
,,202517.203125,,,,, Husband, White, Male,,103.17244720458984,49.57920837402344,,
,,197613.703125,,,,,,,,-3841.845703125,,,, <=50K
,,, Some-college,, Never-married,,,,,,31.746871948242188,, United-States,
,,,,10.2509765625,,,,,,36.3209228515625,52.892616271972656,,,
,,181974.875, Bachelors,,,, Not-in-family,,,396.90399169921875,82.30614471435547,, United-States,
34.68646240234375,,, HS-grad,9.824241638183594,,,,,,,58.194271087646484,,,
,,,,,,,,,,,38.49885940551758,,,
,,,,,,,,,,,,,, <=50K
,,,,,,,,, Female,,,,,
,,, Some-college,, Married-civ-spouse,,, White,,,178.0174102783203,,,
,,, HS-grad,,,,,,,,,, United-States,
,,189606.625,,,,,, White, Male,,,,,
,,, Bachelors,, Divorced,,,,,853.6048583984375,,,,
,,,,,,,,,,,-108.20512390136719,34.201358795166016,, <=50K
23.717609405517578, Private,200686.40625,,8.36523151397705, Married-civ-spouse,,,, Male,,,43.282379150390625,,
,,,,,,, Own-child,,,,,,, <=50K
,,, HS-grad,,, ?, Not-in-family,,,,,,, >50K
,,,,,,, Husband,, Male,,,46.550350189208984, United-States,
46.67422866821289,,,,11.944793701171875,,,,,,3877.70849609375,,,,
,,, HS-grad,,,,, White,,,69.76505279541016,39.51448440551758,,
,,, HS-grad,, Married-civ-spouse,, Not-in-family,,,,,, United-States,
,,,,,,,,,,-422.904052734375,24.34683609008789,,,
,,,,,,, Unmarried,,,,,38.9294548034668,,
, Private,,,9.10848617553711,,,,,,,,,,
, Private,,,,,,, White,,,,,,
47.106956481933594,,,,,,,,,,,,,,
26.403560638427734,,,,9.326488494873047, Never-married,,, White,,,,,,
, Private,,,,,,, White,,,,,,
,,,,8.043130874633789,,, Not-in-family, White,,-3232.6962890625,,,, <=50K
, Private,,,, Married-civ-spouse,,,, Female,,55.11482238769531,,,
, Private,,,, Never-married,,,,,,,, United-States,
31.316513061523438,,179196.46875, Some-college,, Never-married,, Not-in-family,,,,,, United-States,
36.02336883544922,,,,10.410874366760254, Married-civ-spouse,,,, Female,,,,,
,,,,,,,,,,,,34.43455123901367,, <=50K
39.31555938720703,,, 7th-8th,,,,, White,,,,,, <=50K
,,,,,, Adm-clerical,,,,527.8755493164062,,,,
, Private,, HS-grad,9.505552291870117,, Craft-repair,,, Male,,,,,
,,,,,,, Own-child,,,,57.69074249267578,,,
,,,,,,,,,,,,,, >50K
35.15676498413086,,,,,,,, White,,1133.5234375,,,,
,,,,,,,,,,,,,,
,,185539.59375,,, Married-civ-spouse,,,, Female,,,,,
,,,,,,,,,,,60.640899658203125,,,
,,,,,,,,, Female,,55.647220611572266,, United-States,
,,, HS-grad,, Never-married, Adm-clerical,,,,,6.5075531005859375,,,
,,, HS-grad,10.39107608795166,,,,,,,,,,
,,,,,,,,, Male,381.2904052734375,,,,
31.503461837768555,,,,, Married-civ-spouse,, Not-in-family,,,,,41.966529846191406, United-States,
29.752912521362305, Private,,,,,,,, Male,,,, United-States,
41.15754318237305,,180810.53125,,,, Other-service,,,,,,31.68311309814453,, <=50K
,,,,, Married-civ-spouse,,, White,,,198.30111694335938,,,
,,,,,,, Husband,,,,205.24085998535156,48.697288513183594,,
,,193272.25,,, Never-married,,,, Female,,-41.403656005859375,,, <=50K
,,, HS-grad,,,,,,,,,,,
,,,,,,,,,,-521.19189453125,,37.52133560180664,,
,,,,,,, Husband,, Male,,,,,
,,,,,, Craft-repair,,, Female,,,,,
, Private,,,9.409978866577148,,,,,,,,42.0900764465332,,
, Private,,,,, Craft-repair,,, Female,,,,,
, Private,,,,, Machine-op-inspct,,,,,-60.717926025390625,,, <=50K
,,,,,,, Unmarried,,,-3313.70556640625,-87.7222900390625,,, <=50K
,,, Some-college,,,,,,,,52.97438049316406,39.6257438659668,,
,,,,,,,, Asian-Pac-Islander,,,,,,
,,, Bachelors,,, Exec-managerial,,,,,,,,
43.36589813232422, Private,213925.65625,,,, Machine-op-inspct,,,,-156.767822265625,,,,
,,,,,,,,,,,,,,
,,,,,, Craft-repair,,, Female,,86.98762512207031,, United-States,
33.75352478027344,,,,,,,, White, Male,-2335.9501953125,,,, >50K
,,, HS-grad,,,,,, Male,-166.082275390625,,, United-States,
,,,,,, Exec-managerial, Husband, White,,,,49.69785690307617, United-States,
35.803375244140625,,,,,,,,,,,,41.35877227783203,,
,,,,,,,, White, Male,,,,,
,,,,,,,,, Male,,,,,
,,,,7.0830488204956055,,,, White, Female,,,42.05540466308594,, <=50K
, Private,, HS-grad,,,,,,,,,,,
,,,,, Married-civ-spouse, Craft-repair,,,,,,47.99028396606445,,
,,,,,,,,,,,,,,
32.93150329589844,,,,,,,,,,,17.853904724121094,36.75331115722656,,
, Private,,,,,,,,,-3628.76318359375,-93.29815673828125,,, <=50K
,,209540.984375,,,, Craft-repair, Husband, White, Female,,,,,
,,,,,,,,,,,48.51862716674805,,,
, Private,,,,,,, White,,215.191162109375,,,,
,,191257.796875,,,,,,,,,,41.722835540771484, United-States,
,,,,9.275675773620605,,,, White,,48.8319091796875,,33.36022186279297,,
,,,,,,,,,,504.54766845703125,,,,
,,176492.296875, Bachelors,,,,,, Female,,-22.68396759033203,, United-States, >50K
,,,,,, Adm-clerical, Own-child,,,,,,,
,,,,,,,, White,,,,,,
41.83032989501953,,,,,,,, White, Male,3222.16552734375,,48.4246940612793,,
,,,,9.215651512145996,,,,, Male,,,, United-States,
,,,,, Divorced,,,,,,,, United-States,
,,, 7th-8th,, Married-civ-spouse,,,,,,,,,
, Private,191070.0625, HS-grad,, Married-civ-spouse,,,, Female,,,,,
,,,,, Widowed,,,,,,,,,
,,186042.328125,,7.186951160430908,,,,,,,,,, <=50K
,,183299.671875,,,,,,,,,,,,
,,197096.78125,,,,,,,,,,,,
, Private,, Bachelors,,,, Husband, White,,,,, United-States,
,,,,10.426081657409668,, Craft-repair, Husband,, Male,,100.87199401855469,, United-States,
, Private,,,,,,,, Female,,77.60997009277344,47.12221145629883,,
39.893489837646484,,,,,,, Not-in-family, White,,,104.0318832397461,, United-States,
, Private,,,,, Exec-managerial,,,,,,,,
, Private,178735.4375,,,,,,,,,,, United-States,
,,,,,,,,,,,,38.203125,,
34.458465576171875,,,,,,,,,,,,, United-States, <=50K
47.79673385620117,,,,,,, Husband,,,,,,,
,,,,,,, Not-in-family, White,,,,,, >50K
,,,,,,,,,,,,,,
,,,,,,, Not-in-family,,,1895.419921875,,,,
,,171616.609375, Prof-school,, Married-civ-spouse,,,, Female,,,,, >50K
27.014936447143555, Private,,,8.942192077636719, Married-civ-spouse,,,,,-13.3438720703125,,, United-States,
,,,,, Divorced,,, White,,,,,, <=50K
,,181503.515625,,12.61762523651123, Married-civ-spouse,,,,,,,,,
,,,,, Never-married,, Own-child, White,,,,,,
,,,,,,,,,,,,, United-States, <=50K
, Private,186102.21875, HS-grad,,, Craft-repair,,,,,182.2628173828125,,,
,,182109.671875,,,,,,, Female,-2250.041015625,,44.41794204711914,, >50K
31.117570877075195,,184394.828125, HS-grad,,,,,,,,-71.37229919433594,,, <=50K
,,,,, Never-married, Other-service, Own-child,,,,,, United-States,
,,,,,,,,,,-9.7528076171875,,, United-States,
, Private,,,,,,,,,-11.9495849609375,55.349098205566406,40.21391677856445,,
,,,,,, Craft-repair, Husband,, Male,,64.14517211914062,,,
,,,,9.95107364654541,,,, White,,235.91448974609375,,42.57838821411133,,
, Private,,,8.946908950805664,,,, White,,,61.542171478271484,,,
,,190583.5625,,11.431632041931152,,,,,,,,, United-States,
,,196562.765625,,,,,, White,,-159.3583984375,,41.93017578125,,
,,214950.09375,,,,, Husband, White, Male,,,,,
,,,,,,,, White,,,,, United-States,
,,185391.734375,,10.219161987304688, Married-civ-spouse,,,,,,,42.65099334716797,,
,,205398.40625,,10.03648853302002,,,,,,,,,,
,,,,,, Craft-repair,,,,,,, United-States,
,,,,10.516210556030273,, Adm-clerical,,,,,,,,
,,,,,,,,,,,,, United-States,
,,181277.765625,,,,,,,,,,,,
,,,,,,,,,,,22.848182678222656,, United-States,
,,187869.796875, HS-grad,,,, Husband,,,-181.60498046875,66.87956237792969,,,
, Private,192327.9375,,,,,,,,,164.38131713867188,, United-States,
32.342140197753906,,, Some-college,8.310895919799805,,,,, Female,,,,,
,,,,, Never-married,,,,,,,,,
35.76997375488281, Private,,,,,,,,,,,39.21631622314453,,
, Private,192391.3125,,,,,,,,240.6806640625,,, United-States,
,,,,,, ?,,,,,,,,
,,178127.53125,,,,,,, Male,,,,,
,,, Bachelors,,,, Not-in-family, White,,,,,,
,,,,,, Craft-repair, Husband,,,,,, United-States,
30.74331283569336,,,,, Married-civ-spouse, Craft-repair,,,,-267.1773681640625,,, United-States,
28.65392303466797,,,,10.774717330932617, Divorced,,,,,,51.2919807434082,39.01885986328125, United-States,
39.461570739746094,,,,,,,,,,,,,,
,,,,,,,,,,,,,,
, Private,,,,,,,,,,,,,
,,197883.828125,,,,,,,,,,,,
,,,,,, Craft-repair,, White,,,,,,
,,,,9.858114242553711,,,, White,,,63.929588317871094,,,
,,,,10.215943336486816,,,,,,,,,,
,,, Bachelors,, Married-civ-spouse,, Not-in-family,,,,,,,
,,,,,,,,,,,,,,
,,,,10.699178695678711,, Adm-clerical,, White,,,,,,
,,,,,,,, White,,,,,, <=50K
,,174688.265625,,,,, Not-in-family,,,,-59.76649475097656,,, <=50K
,,180649.734375,,11.074480056762695,, Exec-managerial,,,,1031.21630859375,83.24532318115234,,,
,,,,,,,,,,,,, United-States,
,,,,,, Exec-managerial,,,,4144.849609375,,,,
,,,,,,,,,,,,40.50703811645508,,
,,165166.90625, Some-college,11.288798332214355,, Adm-clerical,,,,,,,,
,,194082.390625,,10.050891876220703,,,,,,,28.262622833251953,,,
,,,,,,,,,,5570.58447265625,,,,
,,,,, Married-civ-spouse, Craft-repair,,,,,54.45249938964844,,,
,,,,,,, Own-child,,,,26.390316009521484,,,
,,,,,, Craft-repair,, White, Female,,-37.33177185058594,,, >50K
,,, HS-grad,,,,,,,,,, United-States,
,,,,, Never-married,, Own-child,,,-764.5504150390625,,,,
32.83904266357422,,,,, Married-civ-spouse,,,, Female,-177.5,43.044166564941406,,,
,,, HS-grad,,,,, White,,-138.0238037109375,,42.327117919921875, United-States,
, Private,,,, Married-civ-spouse,,, White,,,36.62225341796875,37.74557876586914,,
,,,,10.182969093322754, Married-civ-spouse,,,, Female,,,,,
46.49379348754883,,,,,,, Unmarried,,,,37.635650634765625,35.73529052734375,,
,,,,,,,,,,711.535888671875,,38.303096771240234,,
, Private,,,9.08613395690918, Married-civ-spouse,,,,,213.90643310546875,,,,
38.16114807128906, Private,,,,,,,,,,,42.62773513793945, United-States,
, Private,, Bachelors,,,,,,,,,35.43655776977539,, <=50K
,,, 7th-8th,, Married-civ-spouse,,,,,,33.41377258300781,,,
,,190232.859375, Bachelors,,, Prof-specialty, Husband,,,3995.0048828125,,,,
,,, HS-grad,,,,,,,,,,,
34.441261291503906,,,,,,,, White, Female,,,, United-States, >50K
, Private,,,,,,,,,,,,,
,,, HS-grad,,,,,,,,,39.59442138671875,,
,,,,9.642571449279785,,,, White, Male,,99.65988159179688,48.49840545654297,,
,,,,,,,,,,,,,, <=50K
29.895763397216797,,,,,,,,,,-41.410400390625,,,,
,,,,,, Other-service,,,,,,,, <=50K
,,,,,, Craft-repair,,,,,68.88529968261719,43.34397888183594,,
,,, Some-college,,,,,,,,,,,
40.16975784301758,,, Some-college,10.167316436767578,,, Not-in-family,,,,,, United-States,
, Private,,,8.381779670715332,, Adm-clerical,, White,,,,, United-States, <=50K
,,,,,, Exec-managerial,,,,,,,,
36.836822509765625,,183152.890625, Some-college,10.336174964904785,,,,,,,,,,
,,,,,, Craft-repair,,,,,,,, <=50K
,,,,,,,,,,,,,,
40.15557098388672,,186518.765625,,,,,,,,,,,,
,,, Some-college,,,, Own-child,,,,-87.19017028808594,,, <=50K
,,,,,,,,, Male,711.427001953125,,,,
,,,,,, Craft-repair,,,,,63.28643798828125,,,
,,,,,,,,,,,,,,
,,200724.640625,,9.644217491149902,,,,,,839.9713134765625,,,,
,,,,,,, Not-in-family,,,,,,, >50K
,,,,9.74946117401123, Married-civ-spouse,,,,,,,,,
,,200465.203125,,, Never-married,,,,,,,,,
,,, HS-grad,,,,,, Female,-2959.81640625,,,, <=50K
,,175024.546875, Bachelors,,,,,,,,,,,
,,204850.25,,, Never-married,,, White,,-218.8477783203125,,42.66141128540039,,
47.00796890258789, Private,,,11.56107234954834,,,, White,,,,,,
31.480737686157227,,186662.640625,,, Never-married,,,,,-175.7164306640625,,,,
, Private,,,9.41353702545166,,,, White,,-324.5621337890625,,,,
,,,,,,, Unmarried,,,402.6846923828125,,39.72315979003906,,
, Private,,,,, Prof-specialty,, Asian-Pac-Islander,,1539.982421875,,38.286956787109375,,
,,, Some-college,,,,,,,,,,,
,,213080.140625,,, Married-civ-spouse,,,,,,28.11968231201172,,,
44.398162841796875,,198146.21875,,11.7722749710083,, Craft-repair,,, Male,,212.17059326171875,,,
,,, HS-grad,,,,,,,,,,, <=50K
,,,,,, Other-service,, White,,,-50.892913818359375,,, <=50K
, Private,, Bachelors,,, Exec-managerial,,,,4251.4853515625,,,,
,,193579.625,,,, Other-service,, White,,-612.05810546875,,,,
, Private,,,9.726351737976074,, Craft-repair,,,,,,,,
,,,,,,,,,,,,,,
33.9217643737793,,,,9.484201431274414,,,,, Female,,,,,
,,,,, Married-civ-spouse,,,,,,160.095947265625,,,
,,,,, Married-civ-spouse,,,,,,,,,
,,188520.75,,, Married-civ-spouse, Exec-managerial,,,,,,48.474246978759766,,
,,155377.90625,,,,, Unmarried,,,,,, United-States, >50K
28.51871681213379,,, Some-college,11.268363952636719, Divorced, Adm-clerical,,,,600.3480224609375,,,,
,,184244.4375,,,,,,,,,,,,
30.94585418701172,,, HS-grad,,,,,,,,32.83687210083008,, United-States,
,,,,,,,,,,,82.38706970214844,,,
,,,,, Never-married,,,,,,,,, <=50K
46.51040267944336,,,,,,, Husband,, Male,4241.97314453125,,,,
30.345285415649414,,,,, Married-civ-spouse,,,,,-96.568603515625,,,,
, Private,,,,,,, White,,3709.88037109375,,, United-States,
,,, HS-grad,,,,, White,,,,,,
,,,,,,,,,,,72.52727508544922,,,
,,,,9.53315544128418, Divorced,,, White,,,,,,
,,,,,,,,,,4040.587890625,,, United-States,
, Private,,,, Never-married,,,,,,44.16731643676758,,,
,,,,, Never-married,,,,,,,, United-States, >50K
30.145252227783203,,,,, Married-civ-spouse,,,,,,80.08206939697266,,,
, Private,,,11.81643295288086, Married-civ-spouse,,, Asian-Pac-Islander,,,,,,
,,194235.859375,,,,, Husband,, Female,658.3599853515625,,,,
,,,,,,,,,,,,,,
,,,,, Never-married,,,,,,,,,
,,,,11.084659576416016,,, Not-in-family,,,,64.12110900878906,38.79149627685547,,
,,182484.3125, Bachelors,,,,,, Female,,,,, <=50K
,,,,7.397555351257324,,,,,,,,,, <=50K
, Private,,,, Widowed,, Not-in-family,,,-3349.18896484375,,,, <=50K
,,, Bachelors,,, Exec-managerial,, White,,,,,,
50.63310623168945,,,,,,,, White,,,,,,
,,182061.75,,,,,,,,,,,, <=50K
31.916624069213867, Private,,,8.95479965209961,,,, White,,,,,,
,,,,9.33212947845459,,, Own-child,,,,,,,
,,,,, Never-married,,,,,-386.408935546875,,,,
,,183791.859375, HS-grad,,,,,,,,,, United-States, <=50K
,,197849.828125,,, Never-married,, Own-child,,,,53.780235290527344,,,
,,,,,,, Husband,, Male,,,47.285892486572266,,
41.254676818847656,,169855.75,,,,,,,,-2668.4404296875,-39.513160705566406,, United-States, <=50K
,,205030.390625, Some-college,,,, Husband,, Male,,,50.89018630981445, United-States,
37.28862380981445,,,,10.579737663269043,,,,,,,59.49460220336914,,,
50.3718147277832,,,,,, Exec-managerial,,,,4045.47705078125,,,,
,,, HS-grad,,, Craft-repair, Husband, White, Female,,,46.705833435058594,, <=50K
,,,,,,,,, Female,,,45.55759811401367,,
,,187208.53125,,,,,,,,,-83.18795776367188,,, <=50K
, Private,,,,, Other-service,,,,-371.2750244140625,,, United-States,
,,,,,,,,,,,,37.1686897277832,,
, Private,183849.46875,,,,,,,,4377.76025390625,,,,
,,, Bachelors,,,,,,,3782.466796875,,,,
,,199220.53125, HS-grad,,, Other-service,,,,-3889.73095703125,,,, <=50K
,,,,10.155981063842773, Married-civ-spouse,,,,,,58.27783203125,, United-States,
,,,,, Never-married,,,,,,,,,
, Private,, HS-grad,,, Craft-repair,,, Female,,,,, <=50K
,,, Some-college,, Never-married, Sales, Own-child,,,,,,,
, Private,,,,,, Husband,,,,,,,
,,,,,, Craft-repair, Husband,, Female,,,,, >50K
,,,,8.537759780883789,,,,,,,,,,
, Private,, Bachelors,,,,,,,,,, United-States,
,,,,,,,,,,,,39.46763229370117,, <=50K
,,, HS-grad,,,,,,,,,32.690364837646484,,
,,186698.015625, HS-grad,7.108816146850586,,,,,,,,,, <=50K
,,, HS-grad,,,,,,,,,36.07118225097656,,
, Private,,,,,,,,,,,41.7933235168457, United-States,
, Private,, Bachelors,,,,,,,,,,,
,,,,,,, Unmarried,,,,-48.86895751953125,,, <=50K
44.70254135131836,,, Bachelors,,,,,,,,,,,
33.23383331298828,,,,,,,,,,,,,,
, Private,,,,, Other-service,,,,,,, United-States,
,,,,, Never-married,,,,,,,,, <=50K
,,177771.921875,,8.420193672180176,, Craft-repair,,,,-2862.17138671875,-44.7476806640625,,, >50K
35.049171447753906,,,,,,,, White,,-428.4949951171875,42.578826904296875,,,
, Private,,,, Married-civ-spouse,,, White, Male,,,,,
,,,,,,,,,,-134.6461181640625,,,,
,,,,, Never-married,,, Black,,-3809.869140625,-115.7646484375,,, <=50K
37.321144104003906,,, Some-college,11.171297073364258,, Craft-repair,,,,,71.90676879882812,,,
40.18342208862305,,,,11.719429016113281,,,,, Male,504.98883056640625,,51.581424713134766,,
,,205503.78125,,8.950838088989258,,,,,,,,,,
,,,,12.105596542358398, Married-civ-spouse,,, White,,,,,,
,,,,, Never-married, Adm-clerical,,,,235.95452880859375,,,,
,,,,, Never-married,, Not-in-family,,,,51.299556732177734,,,
,,,,,,, Not-in-family,,,-3053.67626953125,,,, <=50K
,,,,,,, Unmarried,,,,,,, <=50K
,,176952.828125,,,,,,,,,,41.4359245300293,,
, Private,,,11.12012767791748,,,,,,,,45.56025695800781,,
,,188791.28125, HS-grad,8.23668098449707,,,,,,,,,, >50K
,,,,8.487954139709473,, Other-service,,,,,,39.307952880859375,, <=50K
, Private,204002.359375,,,,,,,,-388.915283203125,,,,
,,,,, Never-married,, Own-child,,,76.49151611328125,,,,
, Private,173418.1875,,,,, Unmarried,,,,,,, <=50K
,,,,11.867076873779297,, Craft-repair,,,,4227.69677734375,,, United-States,
, Private,184023.5,,,,, Not-in-family,,,,,,,
, Private,,,,,,,,,,,,,
,,, 7th-8th,, Married-civ-spouse,,, White, Male,-468.760498046875,63.225318908691406,,,
,,181343.71875, HS-grad,,,,,,,,,,,
,,,,,,, Husband,,,,84.42350769042969,,,
,,,,,,,,, Female,,,39.98522186279297,, <=50K
, Private,,,,, Exec-managerial,,,,,,,,
,,186542.359375, Bachelors,,,,, White,,,,,,
, Private,,,,,,,,,-3166.4560546875,-58.43487548828125,, United-States, <=50K
,,,,10.68064022064209,,,,,,,,,,
,,,,,,, Husband,, Male,4012.41845703125,,, United-States,
,,,,10.879670143127441,, Craft-repair,, White,,,,,,
,,,,,,,,,,,,,, <=50K
,,180988.09375,,,,,,,,,,, United-States,
,,180514.171875,,,,,, White,,1195.1038818359375,,, United-States,
,,172822.8125,,9.048553466796875,,, Unmarried,,,,,35.003746032714844,, <=50K
41.04549789428711, Private,192014.734375, HS-grad,11.454503059387207,,,, White,,280.3331298828125,,, United-States,
,,192519.25, Bachelors,,,,,, Female,,,,,
,,,,,,,,,,,,,,
,,,,,,, Not-in-family,,,,,,,
,,,,, Divorced,,,,,,,, United-States, <=50K
, Private,181267.4375, HS-grad,,,,,,,,,,,
29.602886199951172,,,,,,,, White,,-3075.0546875,,,, <=50K
34.096954345703125,,186863.765625,,,,,,, Female,-3124.5849609375,,,, <=50K
,,,,,,,,,,1212.90771484375,,43.3445930480957,,
, Private,177140.984375,,,, Craft-repair,,,,811.26220703125,,43.02485656738281, United-States,
,,,,8.903523445129395,,,,,,,-57.108551025390625,,, <=50K
,,,,,,,, White,,,,42.29408264160156,,
,,,,,,,, White,,,186.7039794921875,,,
36.895294189453125, Private,,,11.508834838867188, Married-civ-spouse,, Not-in-family,,,4601.45361328125,,,,
,,,,,,,,,,,,36.6899528503418, United-States,
,,,,, Never-married,,,,,,,,,
,,174308.84375,,9.079133987426758, Divorced,,,,,,37.077335357666016,,,
, Private,,,, Married-civ-spouse,,, Asian-Pac-Islander,,,,,,
,,,,,,,,, Male,-21.682861328125,,,,
,,,,,, Craft-repair,,,,,,,,
,,, HS-grad,,, ?,,,,,,,,
,,,,,,,, White,,,,41.19380187988281,,
,,, Some-college,,,,,,,,,37.086669921875, United-States,
41.631195068359375, Private,190214.90625,,10.37390422821045,, Craft-repair, Husband,,,58.5289306640625,,, United-States,
,,,,10.66132640838623,,,,,,,,, United-States,
, Private,,,9.330510139465332,, Craft-repair,,, Male,,,,,
,,, HS-grad,,,, Own-child,,,,,36.493408203125,,
42.375755310058594,,, Some-college,,,,,,,,,, United-States,
,,,,,,,,, Male,,,,,
, Private,,,8.140100479125977,,,,, Female,,,, United-States, >50K
,,, Some-college,,,,,,,,,,,
,,,,, Never-married, Other-service,,,,,,,, <=50K
,,, Some-college,11.427775382995605, Never-married, Adm-clerical,,,,-230.1917724609375,,, United-States,
26.25240707397461,,,,, Divorced,,,,,,20.347320556640625,,,
,,,,,,,,,,,,,,
35.89860153198242,,194594.96875,,10.107871055603027,,,, White,,,,,,
,,, Some-college,9.098607063293457,,,, White,,,,,,
,,,,,,,,,,,220.1673126220703,, United-States,
,,,,,,,,,,,,, United-States, >50K
, Private,,,,,,,,,,,,,
,,,,,,, Husband,,,,,,,
35.94642639160156,,,,,,,, White,,,,, United-States,
,,178614.578125,,10.899724960327148,,,,,,,87.5229721069336,, United-States,
37.90380096435547,,,,,,, Not-in-family, White,,,,,, <=50K
,,,,,,,, White,,-3988.396484375,,, United-States, <=50K
, Private,,,12.491764068603516,, Craft-repair, Husband, White, Male,,,,,
, Private,,,,, Prof-specialty,,,,,,,,
,,,,,,,,,,,,,,
,,,,10.606882095336914,, Craft-repair,, White, Male,,,49.353431701660156, United-States,
47.41301727294922,,, HS-grad,,,,,, Male,,,,,
, Private,, Some-college,9.61014461517334,,,,,,,,,,
38.5546875,,,,,,,,,,,,,, <=50K
,,,,10.113533973693848,,,,,,,76.5813980102539,,,
, Private,199602.703125,,,,,,,,,,, United-States,
,,,,,,,,, Female,,,,, >50K
,,,,,,,,,,,,,,
,,,,8.594237327575684,, Other-service,,,,-2914.1982421875,-66.49484252929688,, United-States, <=50K
,,,,,,,,,,26.5108642578125,,,,
46.07963562011719,,,,11.47443962097168,,, Husband, White,,,,, United-States,
,,,,,,,,, Male,,,,,
, Private,,,,,,,,,,-92.68318176269531,,, <=50K
,,,,,,,,,,,,, United-States,
,,194455.59375,,7.909468650817871,,,,, Female,,,, United-States, >50K
,,, HS-grad,,,,,,,-3961.927734375,-87.71043395996094,,, <=50K
,,188089.203125,,,,,, White,,774.472412109375,,,,
,,,,,,,,, Female,,,, United-States, >50K
,,,,, Never-married,, Not-in-family,,,,,,,
,,,,,,,,,,178.20184326171875,,,,
, Private,183622.546875,,,,,,,,,,,,
39.84988784790039, Private,184066.71875, 10th,,,,,,,-6998.67529296875,,, United-States, <=50K
, Private,,,,,, Husband, White, Male,,,47.29431915283203,,
, Private,,,,,, Husband,, Male,3729.4462890625,210.1680145263672,53.43839645385742,,
40.40055465698242,,,,,,,, White, Male,,,,,
,,, Bachelors,,,,, White, Male,,,,,
,,, Some-college,10.441008567810059, Never-married,,,,,,,,,
,,, Bachelors,,,,, White,,3927.9228515625,,,,
,,,,,,, Not-in-family,,,-2444.02978515625,,,, >50K
, Private,,,9.61517333984375,,, Own-child,,,,28.007701873779297,, United-States,
23.071128845214844,,,,, Married-civ-spouse,,,, Female,,,,, <=50K
,,,,,, Other-service, Own-child,,,-3595.82421875,,40.55392074584961,, <=50K
,,,,7.350665092468262,,,,,,,,29.583038330078125,, <=50K
,,,,,,,,,,,21.181068420410156,,,
, Private,,,8.43923568725586,,,, White,,,,, United-States, >50K
40.98683166503906, Private,197563.0625, Bachelors,,,,, White, Male,,216.17787170410156,,,
,,,,,,, Own-child,,,686.81689453125,80.90657806396484,,,
,,,,, Married-civ-spouse,,, White,,,79.51984405517578,43.67755889892578,,
35.84892272949219,,,,10.182014465332031,,,,,,,,41.36787796020508, United-States,
,,,,,,,,, Female,173.771240234375,56.96712112426758,,,
,,205623.25,,,,,,, Male,,,,,
,,,,,, Craft-repair,,, Male,,,53.614837646484375,,
,,,,, Married-civ-spouse,,, White,,,,42.07761001586914,,
37.302337646484375,,,,,,,,,,,,,,
, Private,, HS-grad,,,, Husband,,,,,,,
,,, HS-grad,,,,, White, Female,,,,, <=50K
,,, Some-college,,,,, White,,,,, United-States,
,,,,,, Craft-repair,,,,,,, United-States,
, Private,197567.125,,,,,,,,,33.948665618896484,,,
40.48420715332031,,184559.421875,,10.062661170959473,,,,,,,,,,
,,,,,,,,,,,-54.2734375,,, <=50K
,,,,9.82567310333252,,,,,,,,,,
,,,,, Married-civ-spouse,,,,,,,38.82772445678711,,
,,194574.15625,,,,,,, Male,449.6280517578125,,,,
36.62382125854492, Private,188162.84375, HS-grad,9.597153663635254,,,,,,,,,,
37.037410736083984,,196255.921875,,,,,,, Male,,,, United-States,
40.554195404052734, Private,,,9.724509239196777,,,,,,,97.48385620117188,,,
54.49472427368164,,,,11.785192489624023,,, Husband,, Male,,169.44293212890625,,,
,,,,, Never-married,, Not-in-family,,,,,,, <=50K
,,, Some-college,10.977171897888184,, Adm-clerical, Not-in-family,,,,60.35967254638672,40.09223556518555, United-States,
,,175470.21875,,,,,,,,,,,,
,,,,,,,,,,,73.77685546875,, United-States,
,,189920.6875,,10.58178424835205,,,,,,,,43.76171875,,
, Private,, Bachelors,, Married-civ-spouse, Exec-managerial,,,,,,, United-States,
,,175216.53125,,,,,,,,,,48.32366180419922,,
,,,,,,,,,,,,,, <=50K
,,197503.25,,,,,,,,,276.3330383300781,,,
, Private,210815.15625, 11th,, Never-married,,,,,,,,, <=50K
,,,,9.973152160644531,,,, White, Male,,226.00308227539062,, United-States,
,,, HS-grad,,,,,, Female,,,,, >50K
,,, Some-college,,,,,,,,,40.71982955932617,,
43.19666290283203,,,,,, Craft-repair, Husband,,,,,44.99488830566406,,
,,204149.265625,,, Never-married,, Own-child, White,,,,,,
,,, HS-grad,,,,,,,,,,,
,,,,,,, Own-child, White,,,,,,
,,,,,,, Husband,,,828.8208618164062,101.39649200439453,,,
, Private,, HS-grad,, Married-civ-spouse, Craft-repair,, White, Female,,74.23143768310547,, United-States,
,,,,,, Prof-specialty,, White,,,,43.10026550292969, United-States,
27.01700210571289,,,,9.109085083007812, Married-civ-spouse,, Husband,, Male,,,,,
,,,,,, ?,, White,,,,,, <=50K
, Private,187916.109375,,,,, Not-in-family,,,,,,, <=50K
,,, Some-college,,,,, White,,,,40.869998931884766,,
,,194026.65625,,12.152932167053223, Married-civ-spouse,,,,,,,41.58842468261719,,
,,,,, Divorced,,,,,,,38.983211517333984,,
, Private,185005.484375,,9.483301162719727,, Other-service,,,,,,,,
,,,,,,,, White,,,68.67779541015625,,,
37.12693786621094,,180579.25,,,,,,,,,,, United-States,
,,,,,,,, White,,,,,,
,,,,,,,, White,,,,32.949092864990234,,
, Private,186454.265625,,, Divorced,,,,,,,,,
44.64239501953125,,,,,,,,,,,,,,
,,,,, Never-married,,,,,,,,,
,,210744.21875,,, Married-civ-spouse,,,,,,60.247474670410156,,,
,,,,,,,,, Male,,,, United-States,
,,, HS-grad,,,,, White,,,-75.94450378417969,34.945655822753906,, <=50K
, Private,,,8.311312675476074,,,,,,,,39.53036117553711,,
,,,,, Married-civ-spouse, Exec-managerial,,,,,,, United-States,
,,, Some-college,12.364449501037598,,,,,,4287.158203125,,, United-States,
,,,,,,, Not-in-family, White,,-1920.3377685546875,,,, >50K
,,, HS-grad,, Never-married,,, White,,,,,,
,,,,,,,,,,,181.09530639648438,, United-States,
,,,,, Divorced, Prof-specialty,,,,-2288.34130859375,,,, <=50K
32.21872329711914,,, Some-college,9.622434616088867,,,, White,,,,,,
,,187158.890625,,,, Prof-specialty,,,,,,43.63353729248047,,
,,, Bachelors,,,, Husband,,,,,,,
, Private,207172.015625,,,,,,,,,,,,
,,188479.828125,,12.043183326721191,,,,,,,199.50790405273438,,,
,,,,,,, Husband,, Female,,,50.79603576660156,,
, Private,, Bachelors,,, Exec-managerial,,,,,,,,
, Private,179150.40625,,6.749015808105469,,,,,,-3189.34130859375,,, United-States, <=50K
,,,,, Widowed, Adm-clerical,,,,,,35.376258850097656,, <=50K
,,,,,,,,,,,,,,
, Private,,,,,,,,,,,34.80634689331055,,
,,,,10.562637329101562, Married-civ-spouse,,, White, Female,,,,,
,,,,,,,,,,559.9725952148438,,42.86543273925781,,
,,198618.984375,,,,,,,,,,,,
,,,,,,,,,,,,,, <=50K
,,202742.453125,,,,,,,,,,,,
, Private,, Bachelors,,,,, White, Male,,211.8476104736328,, United-States,
,,, HS-grad,, Married-civ-spouse,, Not-in-family,,,,20.582420349121094,40.98861312866211,,
20.59383773803711,,, Bachelors,, Never-married,,,,,,-62.40789794921875,, South, <=50K
,,,,,, Craft-repair, Not-in-family,,,51.1761474609375,,,,
,,182647.40625,,,,,,, Male,479.04248046875,86.53746795654297,,,
,,,,,, Prof-specialty,,,,,,, United-States,
45.56473922729492,,,,,,,,,,,,,,
,,,,,, Prof-specialty,,,,,112.58480072021484,46.28111267089844,,
,,,,10.570915222167969, Never-married,, Not-in-family,,,,,,,
26.362045288085938,,,,,,,,,,,,, United-States,
,,, HS-grad,,,, Husband,, Female,,,,, >50K
32.9226188659668,,,,, Married-civ-spouse,, Not-in-family, White,,-237.129638671875,,,,
,,,,, Never-married, Other-service,, White,,,,,, <=50K
,,,,,,,,,,528.9560546875,74.55491638183594,,,
31.598621368408203,,184420.09375, Bachelors,,,,,, Male,,,,,
,,,,11.644317626953125,,, Husband,,,,,,,
,,,,,, Craft-repair, Own-child,,,,,,,
,,,,,,, Not-in-family,,,,,,,
,,,,,,, Not-in-family,,,,,,,
28.105194091796875,,183472.234375, HS-grad,,,,,,,,,,,
32.74406814575195,,179343.8125,,,,,,,,529.7723999023438,,, United-States,
,,,,,,,, White,,-8.1282958984375,,,,
,,, Bachelors,, Married-civ-spouse,,,,,3866.716796875,184.7504425048828,,,
,,,,7.802769660949707,,,,, Female,,-13.058334350585938,45.28461837768555,, >50K
,,,,,, Other-service,,,,,,,, <=50K
36.52669906616211,,,,8.318675994873047,, Craft-repair,, White, Female,,,44.72569274902344,, >50K
,,, HS-grad,,,,,,,,,,,
,,,,,,,,,,,,,,
, Private,,,,, Adm-clerical,,,,,43.48051071166992,,,
30.695749282836914, Private,, HS-grad,,,,,,,,31.296279907226562,,,
48.723079681396484,,,,,,,,, Male,,,,,
,,,,8.72507381439209,,, Not-in-family,,,,,39.69004821777344,, <=50K
,,186578.375,,,,,,,,,,, United-States, <=50K
,,,,,,,,,,,,,,
40.246395111083984,,,,,,,,,,,,38.654598236083984,, <=50K
,,, Some-college,,,, Husband, White,,3901.4580078125,,,,
,,, HS-grad,,,,, White, Male,,,46.159481048583984, United-States,
37.430908203125,,,,,,, Not-in-family,,,,,37.809268951416016,, <=50K
33.45213317871094,,,,,, Other-service, Unmarried, White,,-3509.779296875,,,, <=50K
,,,,,,,,, Female,-3432.4189453125,,,, <=50K
41.26881408691406, Private,,,,,,, White,,,50.70131301879883,39.49348068237305,,
,,,,9.70572566986084,,,,,,,,,,
, Private,, HS-grad,, Married-civ-spouse,,, White,,,66.58574676513672,,,
,,, HS-grad,,,,, White,,,,,,
,,181706.46875,,11.270515441894531, Divorced, Adm-clerical,,,,254.14495849609375,,,,
34.1441764831543, Private,,,, Married-civ-spouse,,,,,,,, United-States,
, Private,,,,, Adm-clerical,,,,238.20794677734375,,,,
,,,,,,,,,,,,,,
26.576278686523438,,,,,,,,,,,,,,
,,,,11.70495319366455, Married-civ-spouse,,,,,,,,,
,,,,,, Adm-clerical,,,,,,,,
,,, Bachelors,,, Exec-managerial,,,,,,48.344661712646484,,
,,,,,,,,, Male,,,,,
,,,,,,, Husband,, Female,,,,, <=50K
33.676448822021484,,189399.359375,,, Married-civ-spouse,,,,,,,,,
25.263561248779297,,184010.25,,, Divorced,,,,,,,,,
36.806053161621094,,,,,,,,, Male,-69.5728759765625,,,,
, Private,199993.46875,,10.163761138916016,, Other-service,,,,,,,,
33.966514587402344, Private,,,,,, Not-in-family,,,,,,, >50K
,,,,,,, Husband, White,,-465.013671875,,42.42655944824219,,
,,170293.53125,,, Married-civ-spouse,,,,,,,, United-States,
,,,,,,, Husband, White, Female,,105.5199203491211,,,
,,191363.4375,,9.660050392150879,,, Not-in-family, White,,-402.254150390625,,, United-States,
,,,,9.580195426940918,,,,,,,,,,
,,202448.125,,,,,,, Female,,,47.395050048828125,,
, Private,, Some-college,,,,,,,,,,,
,,193638.21875,,,,,, White,,,74.44078826904297,,,
, Private,,,, Never-married,,,,,-2401.02783203125,,37.4932975769043,, <=50K
,,,,,,,,,,,,, United-States,
,,,,, Married-civ-spouse,, Not-in-family, White,,,-141.9136962890625,,,
,,, Bachelors,,,, Not-in-family,,,,,,, >50K
,,, Bachelors,, Never-married, Prof-specialty, Not-in-family,,,,,, United-States,
46.0312614440918, Private,195487.265625, Some-college,12.072010040283203,, Craft-repair, Husband,, Male,,175.9219207763672,,,
41.13051223754883,,,,8.587665557861328,,,,,,,-32.446311950683594,, United-States, <=50K
, Private,,,, Never-married,,,,,,,,,
28.60726547241211,,,,, Married-civ-spouse,,, White,,-680.7191162109375,,, United-States,
,,,,10.946986198425293,, ?,,,,,,, United-States,
,,,,, Widowed, Adm-clerical,,,,,,36.5289421081543,,
27.540143966674805,,,,, Married-civ-spouse,,,,,,,, United-States,
37.94915771484375,,,,,,,,,,,,,,
,,194664.859375,,,, Craft-repair, Husband,, Male,,,50.773651123046875,,
,,,,,,,,,,,46.46129608154297,,,
30.968170166015625, Private,188851.875,,,,,,,,,,,, <=50K
,,,,,,,, White,,,-77.9217529296875,,, <=50K
, Private,,,11.612752914428711, Married-civ-spouse,,, White,,,,46.16987228393555,,
,,, HS-grad,,, Craft-repair,,, Male,21.372314453125,,,,
36.882423400878906, Private,,,,,,,,,,,39.418006896972656,,
,,192472.015625,,,, Craft-repair,,, Female,,,,, >50K
,,,,10.385212898254395, Never-married,,,,,,,,,
,,,,,,,,,,,,,,
,,, Bachelors,, Married-civ-spouse,, Not-in-family,,,,,,,
,,, HS-grad,,,,,,,,,, United-States,
, Private,,,,,,,,,,,38.738800048828125, United-States, <=50K
,,,,, Never-married,,,,,,,, United-States,
,,,,,,, Husband,,,,,,,
,,,,, Married-civ-spouse, Craft-repair,,, Female,,,,,
,,180858.40625,,,,,,,,757.0191650390625,,, United-States,
,,196091.03125,,,,, Own-child,,,,54.632606506347656,,,
39.3796501159668,,,,, Married-civ-spouse,,,,,,,,,
47.21303939819336, Private,,,,, Craft-repair,,,,,,43.96290969848633,,
44.700923919677734, Private,,,,, Craft-repair, Husband,,,,,49.994178771972656,,
,,,,,,, Husband,,,,,,,
29.361114501953125,,,,,,,, White,,-31.1922607421875,,36.39015579223633, United-States,
,,,,,,,,,,,,48.715118408203125,,
,,,,,,,, White,,,67.4621810913086,40.62226486206055,,
,,,,,,,,,,,48.63679504394531,35.47119903564453,,
28.178504943847656,,,,, Never-married,, Not-in-family, White,,,,,, <=50K
,,, HS-grad,,,,, White, Male,,,,,
,,,,, Never-married,,,,,,,,,
,,191102.1875,,,,,,, Male,429.65093994140625,,,,
, Private,, HS-grad,,,,, White,,,,,,
,,189502.046875,,,,,,,,700.5314331054688,,,,
,,, Some-college,,, Adm-clerical, Not-in-family,,,,61.22891616821289,,,
21.725481033325195,,,,, Never-married,,,,,,-86.37612915039062,,, <=50K
,,,,, Married-civ-spouse, Craft-repair,, White,,,,,,
,,191061.15625,,,,, Husband,, Male,,,, United-States, <=50K
,,,,,, Farming-fishing, Husband,,,,-4.407066345214844,,, >50K
,,,,,, Prof-specialty,,,,,,,, >50K
, Private,186434.09375,,10.23711109161377,,,,,,,,44.177398681640625, United-States,
,,,,,, Craft-repair,,, Male,4101.56201171875,,52.57963562011719, United-States,
35.242042541503906,,,,,,,,,,,,,,
,,,,11.590581893920898,,,,,,,,,,
, Private,,,,,,,,,,61.549747467041016,,,
,,, Masters,,, Prof-specialty,,,,5010.71337890625,,,,
40.88797378540039,,,,,,,,,,,,, United-States,
,,,,,,,,,,,,, United-States,
,,,,, Never-married,,,,,,,,, <=50K
31.886028289794922,,,,,,,,,,,,,, <=50K
, Private,,,, Never-married,,,,,,,, United-States,
,,,,10.640390396118164,,,,,,,,,,
,,,,9.558241844177246,,,,,,,,, United-States,
41.218162536621094,,,,,, Craft-repair, Husband,, Female,,,,,
34.401336669921875,,,,,, Other-service,,,,,,,, <=50K
,,,,, Married-civ-spouse,,,,,3440.529296875,175.02166748046875,,,
,,,,,,, Husband,,,,,48.40867614746094,,
, Private,,,,, Adm-clerical,,,,90.09295654296875,,, United-States,
, Private,,,,,, Not-in-family,,,,,,, >50K
31.89618492126465,,,,10.812394142150879, Married-civ-spouse, Craft-repair,,, Male,520.0599365234375,,,,
,,,,,,,,,,,,,, <=50K
,,,,,,,,, Female,,,,,
,,177469.6875,,,,,, White,,1740.862548828125,126.76791381835938,42.16801452636719,,
,,, Bachelors,,,,,,,,,,, >50K
,,205502.890625,,,, Craft-repair, Husband,, Female,,-31.83049774169922,,, <=50K
,,, HS-grad,,,,,,,,,37.06167221069336, United-States, <=50K
,,,,, Married-civ-spouse,,,,,,,40.478790283203125,,
, Private,202312.28125,,9.346559524536133,,, Husband,, Male,,,,,
, Private,,,,,,, White,,,,,,
, Private,,,,,,,,,,,40.40426254272461,,
,,157021.40625, Bachelors,,,,,,,,,,, >50K
30.988595962524414, Private,, Some-college,, Married-civ-spouse,,,,,,,, United-States,
,,, HS-grad,,,, Husband,,,,,,,
,,, HS-grad,,, Other-service, Own-child, White,,,25.737789154052734,, United-States,
,,172379.46875,,8.538305282592773, Divorced,,,,,,-52.67474365234375,, United-States, <=50K
,,199694.3125, Some-college,,,,,, Male,-102.884033203125,58.801143646240234,47.66671371459961,,
, Private,, HS-grad,9.718610763549805,,, Husband,,,110.0386962890625,,,,
,,, HS-grad,,,,,, Male,,,,,
,,192510.46875,,, Divorced,,, White,,,,, United-States,
,,,,,,, Husband,,,-12.187255859375,,,,
, Private,, HS-grad,,,,,,,-757.9356689453125,-1.1054153442382812,, United-States,
,,,,,,,,, Male,,,,,
,,,,,, Prof-specialty,,,,,,,,
34.99370574951172, Private,,,, Married-civ-spouse,,,, Male,,,,,
, Private,,,8.47866439819336,,,,, Female,,,,,
,,,,10.020489692687988,,,, White,,,92.86380767822266,42.94572830200195,,
,,, HS-grad,,,,,,,-74.904296875,55.941017150878906,,,
, Private,,,10.469722747802734, Married-civ-spouse,,,,,,64.69992065429688,, United-States,
,,192483.0625, Some-college,,, Other-service,,,,,-60.0196533203125,,, <=50K
43.27595520019531,,, Some-college,,, Craft-repair,,,,,,,,
40.56865692138672, Private,,,,,,,,,,,,,
36.440067291259766, Private,,,,,,,,,,,38.80327224731445, United-States,
,,,,, Married-civ-spouse, Craft-repair,, White,,,63.320396423339844,,,
, Private,,,,,,, White,,,,,,
,,,,,,,,, Female,,,,,
,,, HS-grad,,,,,, Male,,74.84764099121094,,,
,,,,9.204268455505371,,,,,,,,,,
, Private,,,, Married-civ-spouse,,, White,,,,,,
,,, Masters,,, Prof-specialty, Husband, White,,,225.99813842773438,,,
31.388065338134766, Private,,,,, Craft-repair,, White,,,,,, <=50K
,,,,, Never-married,,,,,,,38.48903274536133,,
,,,,,,,,,,,,,,
, Private,,,,,,,,,,,,, <=50K
,,,,,,,,,,3943.970703125,,,,
,,,,,,,,,,-3907.0859375,,,, <=50K
38.16230392456055,,199813.8125,,,,, Husband,, Male,-89.017333984375,,47.14173889160156,,
,,,,,,,,,,,,,,
,,,,,,,,,,337.1217041015625,,,,
42.34346389770508,,, Bachelors,,,,, White,,,,,,
,,, HS-grad,, Married-civ-spouse, Craft-repair,,,,3510.42138671875,,47.97771072387695,,
, Private,,,8.205599784851074, Divorced,,, White,,,,,, <=50K
36.67588424682617,,180686.25,,, Never-married,,,,,,,,,
, Private,,,, Married-civ-spouse, Craft-repair,,,,,,,,
,,, Masters,,,, Husband,,,,,,,
,,,,,,,, White,,,,47.6090087890625,,
,,192839.734375,,,,,, White,,,,31.631755828857422,, <=50K
,,,,,,,,,,,,,,
,,,,,,,,, Male,,,,,
,,,,,, Other-service, Own-child,,,,,, United-States,
24.389341354370117,,,,,,,,, Female,,,,, <=50K
,,,,,, Exec-managerial,,,,,,,,
,,,,,,,,, Male,,176.26234436035156,, United-States,
34.28628158569336,,, Bachelors,,,, Not-in-family,,,-2382.23388671875,,, Thailand, >50K
, Private,,,10.157898902893066,, Adm-clerical,,,,,,,,
,,, HS-grad,,, Craft-repair, Husband,,,,51.404937744140625,,,
40.865333557128906, Private,,,,,,, White,,-1038.1287841796875,,,,
41.04500961303711,,, Bachelors,,,, Husband,,,,84.86534118652344,,,
,,, Bachelors,,,,,, Male,,,,,
43.06034851074219,,187189.65625,,,, Exec-managerial,,,,4153.2119140625,209.64596557617188,,,
, Private,,,,,,,,,,169.6416778564453,43.24620819091797,,
,,,,,,,, White,,-127.85986328125,,39.41230773925781, United-States,
,,,,,, Craft-repair,,,,,56.07269287109375,42.408321380615234, United-States,
,,, HS-grad,,,, Not-in-family, White,,,-43.5391845703125,, United-States, <=50K
,,201154.203125,,,,,,, Female,-2705.92919921875,,,, >50K
,,,,,,,, White, Male,,,,, <=50K
36.256072998046875,,,,,,,,,,,,,,
38.927120208740234,,176576.046875,,,, Prof-specialty,,,,,,, United-States,
, Private,172939.46875,,,,,,,,,,,,
,,,,,,,,,,,,,,
,,174769.1875,,, Married-civ-spouse,,,, Male,,,53.93262481689453,,
,,,,,,,,,,,,,, <=50K
37.06938934326172,,, 10th,, Married-civ-spouse,,,, Female,,,,,
34.140541076660156, Private,,,,,,,, Male,,,48.906982421875, United-States,
,,,,,,,,,,2602.5478515625,,47.665069580078125,,
, Private,193817.28125,,,,,,,,,,,,
28.807453155517578,,, Bachelors,,, Craft-repair,,, Female,,,48.62267303466797,,
,,,,9.674942016601562,,,,,,,,,,
42.96959686279297,,,,,,,,,,,,,,
,,,,,,,,,,,40.93757629394531,,,
, Private,196487.59375,,8.716341018676758, Never-married,, Own-child, White,,,,,, <=50K
,,,,,,,,,,-865.1368408203125,2.826751708984375,35.27039337158203,,
,,, HS-grad,,,, Husband,,,,,,,
40.37138748168945,,,,, Married-civ-spouse, Prof-specialty, Not-in-family, White,,5130.32763671875,,,,
,,,,,,,,,,,165.12355041503906,,,
, Private,, HS-grad,9.58993911743164,,, Husband, White,,-292.9217529296875,,37.49476623535156, United-States,
,,,,, Never-married,,,,,,,,,
,,,,,,,,,,,22.66363525390625,36.271240234375,,
43.4475212097168,,187988.53125,,,,,, White,,,,,,
,,202890.8125,,,,,,,,,-85.44541931152344,,, <=50K
,,191333.203125,,,,,,,,,,, United-States,
,,182315.8125,,,,,,,,,76.3230209350586,,,
,,199487.125,,,,,, White,,,,, United-States,
,,,,,,,,,,,,40.32035827636719,,
, Private,,,,,,,,,-2898.37646484375,,,, <=50K
,,,,,,,, White,,,150.14939880371094,, United-States,
, Private,171720.0625,,,, Priv-house-serv,, White,,-2743.8193359375,,, United-States, <=50K
, Private,,,,,, Not-in-family,,,-1819.8021240234375,,,, >50K
,,,,,,,,,,,38.558658599853516,,,
41.48390197753906,,,,,,, Husband, White, Male,,,,,
,,, HS-grad,,,,, White,,-335.3934326171875,,,,
,,, Some-college,,,,,,,,,,,
,,180189.140625, Some-college,9.784509658813477,,,,,,,,,,
,,188879.9375,,,,,,,,,,,, <=50K
,,,,,,,,, Female,,,,,
,,,,,, Prof-specialty,, White,,-2684.732421875,-23.10125732421875,,, >50K
,,, Bachelors,,,, Husband,, Male,441.5960693359375,,49.934600830078125, United-States,
,,,,,,,, White,,,,, United-States,
,,203549.125,,9.321410179138184,,,, White,,,,,,
34.43008041381836, Private,,,, Married-civ-spouse,,, White,,,,, United-States,
,,172620.46875,,,,, Unmarried,,,,,,,
35.35297775268555,,,,, Married-civ-spouse, Exec-managerial,,,,,,49.283878326416016,,
, Private,,,,,,,,,,,,, <=50K
,,,,,,, Husband, White,,,268.6012878417969,,,
,,, HS-grad,, Never-married,, Own-child,,,,,,, <=50K
,,,,,,,,,,,,,,
,,, Bachelors,,,,,,,,89.78499603271484,,,
,,,,,, Adm-clerical, Not-in-family,,,541.6241455078125,,,,
,,,,10.084641456604004, Never-married,,,, Female,1151.8289794921875,,48.389678955078125,,
,,,,, Never-married,,,,,,,,,
,,192844.875,,,,,, White,,,,,,
, Private,,,, Never-married,,,,,,,,,
,,,,,,,, White,,,,,,
,,190440.84375,,,, Craft-repair,,,,,70.02835083007812,,,
,,,,,,,, White, Male,,134.89181518554688,, United-States,
,,,,9.59938907623291,,, Husband,,,,73.54397583007812,,,
,,177486.828125,,12.387441635131836, Married-civ-spouse, Exec-managerial,, White,,,,, United-States,
,,188052.625,,,, Prof-specialty, Not-in-family,,,,,,,
26.943927764892578,,180817.109375,,,,,,,,,,,,
38.12443161010742, Private,194983.171875,,,,, Husband, White, Male,,118.84607696533203,,,
,,, Bachelors,,,,,, Male,,,,,
41.40285110473633,,,,9.282980918884277,,,,,,,91.18962860107422,40.9030647277832,,
, Private,,,,,, Husband,,,,,41.417335510253906,,
,,,,,,,,,,,,31.10826873779297,, <=50K
,,,,9.828939437866211,, Craft-repair,, White, Female,858.5860595703125,,, United-States,
37.84706497192383,,,,9.823875427246094,,, Not-in-family,,,,,,,
,,,,,,,,,,,58.241233825683594,,,
,,191003.53125,,,,,,,,,35.55343246459961,,,
,,,,,,,,,,,107.25059509277344,,,
, Private,195674.953125,,,,,, White,,,,, United-States,
,,,,,,, Own-child,,,,62.03034591674805,40.67689514160156,,
,,,,, Married-civ-spouse, Prof-specialty, Husband,, Female,2035.02490234375,,, United-States,
,,, Some-college,,,,, White,,,,,,
,,,,,, Sales,, White,,167.59271240234375,,,,
,,, HS-grad,10.308001518249512,,,,,,3544.45751953125,,43.33662796020508,,
,,182205.015625, Some-college,10.654679298400879, Married-civ-spouse, Craft-repair,,,,,,44.058345794677734, United-States,
,,,,,,,,,,,,36.749332427978516, United-States, <=50K
,,,,,,,,,,,,,,
,,, Bachelors,,,,,,,,52.51103591918945,,,
,,, Some-college,9.88704776763916,,,,,,-115.697509765625,,,,
,,, Some-college,10.794952392578125,,,,,,,,,,
, Private,186631.109375,,9.91382884979248,, Craft-repair,, White, Male,,,, United-States,
,,,,,,,,,,,,,,
44.86029052734375,,,,,, Craft-repair,,,,,,,,
,,,,,,, Husband, White,,-589.375,,41.465606689453125, United-States,
,,,,, Married-civ-spouse,,,,,,145.90301513671875,,,
,,, HS-grad,,,,,,,,,,,
28.48757553100586,,, Some-college,,,,,,,-3141.73681640625,,,, <=50K
34.32490158081055,,192492.140625,,, Married-civ-spouse, Sales, Not-in-family,,,,,,,
38.84854507446289,,, Some-college,,, Craft-repair,, White,,,70.08106994628906,,,
,,199474.21875,,,,,,,,,,,,
, Private,,,,,,,,,,,, United-States,
,,,,,,,,,,,,,,
,,,,,,,,,,4608.6728515625,,,,
,,,,9.058843612670898,,,,,,,,, United-States,
,,,,, Married-civ-spouse, Craft-repair,,,,,,,,
,,,,,, Other-service,,,,,-92.6751708984375,,, <=50K
,,207467.078125,,,,,,, Male,,,, United-States,
38.665130615234375,,,,9.806846618652344,, Craft-repair,,, Male,,,48.433677673339844,,
,,168412.703125, HS-grad,9.61689567565918,,,,,,,,,,
,,,,,,,,,,,,,,
33.067596435546875,,,,8.870343208312988,,,, White,,,,32.58231735229492,,
,,187837.703125, Some-college,9.917736053466797,,,,,,149.7440185546875,,, United-States,
, Private,,,,,,, White,,,12.965042114257812,, United-States, >50K
,,,,,,,,,,,41.99361038208008,,,
,,,,,,,,, Male,,,,,
, Private,,,9.679874420166016,,,, White,,,,35.765682220458984,,
,,,,, Married-civ-spouse, Prof-specialty,,, Male,,,, United-States,
46.856666564941406,,,,,,,, White,,,213.0228271484375,,,
,,194642.609375,,,,, Husband,,,,,,,
,,,,,,,,,,,,,,
, Private,,,, Married-civ-spouse,, Husband, White, Male,4936.8896484375,,, United-States,
,,,,,,,,,,,,, United-States, <=50K
,,,,11.98737907409668, Married-civ-spouse,, Husband, White, Male,4618.3876953125,,,,
31.400096893310547,,,,,,,,,,,38.526588439941406,, United-States,
,,208955.25,,,,, Husband, White, Male,,71.85286712646484,,,
,,183468.828125, HS-grad,,,, Husband, White, Male,,,,,
,,,,,,,,, Female,,,46.63793182373047,,
,,,,,,,,,,,-30.47789764404297,,, <=50K
, Private,,,,,,,,,,,,,
31.10274887084961,,,,,,,,,,,,,,
49.381439208984375,,,,, Married-civ-spouse,, Not-in-family,,,,-176.7583770751953,,,
,,,,,,,, White,,,,, United-States,
,,,,,,,,,,,,,, >50K
,,, Some-college,11.24421215057373,, Adm-clerical,,,,,,,,
, Private,,,10.365548133850098,,,,,,,186.317626953125,,,
, Private,,,,,,,,,,,,, <=50K
34.70296096801758,,,,,, Adm-clerical,,,,,,,,
,,,,, Never-married, Craft-repair,,,,-86.425537109375,,,,
, Private,,,, Never-married,,,,,,,38.51299285888672,, <=50K
32.312583923339844,,199242.71875,,,,,, White, Male,,79.03451538085938,,,
,,,,,,,,, Male,,,,,
, Private,,,6.597708702087402,,,,,,,,,, <=50K
43.567657470703125,,,,,,,,,,,,,,
,,,,,,,,,,,,,,
43.770442962646484,,,,9.414780616760254,,,,,,,,35.90507507324219,,
,,202523.59375, Some-college,7.928964614868164,,,,, Female,,-70.62271118164062,,, <=50K
,,,,,,,,,,,51.34873962402344,,,
,,,,,,, Husband,,,,,,,
, Private,,,, Never-married,,, White, Female,-3094.63427734375,,,, <=50K
,,, Some-college,,,, Own-child,,,-626.3062744140625,,, United-States,
, Private,,,,,,,,,,34.70114517211914,,,
,,,,, Married-civ-spouse, Exec-managerial,,,,,,, United-States,
,,,,10.993388175964355, Married-civ-spouse, Sales,,,,597.537109375,,,,
,,,,11.907674789428711,,,,,,4452.42578125,,, United-States,
,,,,,,,, White,,,,,,
,,175329.234375,,,, Adm-clerical,, White,,,,,,
,,,,, Never-married,,,,,,,, United-States,
37.94293212890625, Private,, HS-grad,,, Craft-repair,,,,,,,,
, Private,, 5th-6th,,,,,, Male,,,,,
,,202084.546875,,, Married-civ-spouse,,,, Male,,230.22190856933594,,,
,,, HS-grad,, Never-married,,,,,,,35.92751693725586,, <=50K
,,,,10.160776138305664,, Craft-repair,, White,,,54.46638488769531,42.131649017333984, United-States,
,,, HS-grad,,,,,,,,84.70672607421875,,,
, Private,,,, Divorced,,,,,,,,, <=50K
,,,,10.339507102966309,,,,,,,,,,
,,,,,,,,,,,,, United-States,
,,,,,, Other-service,,,,-3557.0498046875,,,, <=50K
,,201184.3125,,,, Craft-repair,,, Male,,202.12551879882812,53.11894226074219, United-States,
,,,,,,,,,,,,, United-States,
,,,,,,, Husband,,,,,,,
,,, HS-grad,10.7103910446167,,, Husband,,,,,,,
36.57182312011719, Private,,,9.426427841186523,,,,,,,,,,
,,,,10.43718147277832,, Adm-clerical,,,,,59.43622589111328,, United-States,
,,,,,,,,,,,,,, <=50K
,,,,,,, Own-child, White,,,,41.5258903503418,,
,,,,,,,,, Male,67.1878662109375,,,,
, Private,,,,,,,,,,,,,
,,186465.65625,,,,,,, Male,190.59228515625,,, United-States,
,,,,,, Craft-repair, Not-in-family,,,,,45.16146469116211,,
, Private,,,,,,,,,-3899.62451171875,,,, <=50K
,,,,,,,,,,,,35.612735748291016,,
,,,,,,, Husband,, Female,,,,, >50K
, Private,,,9.54867935180664, Married-civ-spouse,,,,,551.5569458007812,,,,
,,200310.90625, Some-college,,,,,,,,,,,
, Private,202257.359375,,, Married-civ-spouse,,, White,,4742.9384765625,,,,
,,,,,,,,,,-3321.04541015625,-67.74993896484375,,, <=50K
,,,,,,,,,,816.479248046875,,,,
,,,,,,,,,,,,,,
,,,,, Never-married,,,,,,-111.59123229980469,,, <=50K
,,, HS-grad,8.42375659942627,, Craft-repair,,,,,,, United-States, <=50K
,,,,8.88176155090332,,,,,,,63.22492218017578,,,
,,,,10.333816528320312,,,, White,,,68.79331970214844,38.41767120361328,,
41.07119369506836,,,,10.341958045959473,,, Not-in-family,,,,,,,
,,, Bachelors,,, Prof-specialty, Not-in-family,,,,,41.21091079711914,,
,,,,,,,,,,,,,,
,,,,,,,,,,,,,,
34.99171829223633,,, HS-grad,8.806994438171387,,,,,,,,,,
,,,,, Married-civ-spouse,, Husband, White, Male,,,47.98810577392578,,
,,,,,,,,, Male,,,, United-States,
31.763572692871094,,168947.75, Bachelors,,,, Not-in-family,,,,,,, <=50K
,,210642.875,,9.253619194030762,,,,, Female,,,,,
,,192534.171875,,9.343596458435059, Never-married,,, White,,,,,, <=50K
49.77641677856445,,,,,, Craft-repair, Husband, White, Male,,,,,
,,,,,,,, White, Male,,96.21270751953125,,,
, Private,,,9.970207214355469,,, Husband,,,,,, United-States,
,,196488.46875,,,, Craft-repair,, White,,,,,,
,,,,,,, Not-in-family,,,,71.63465118408203,38.99525451660156,,
,,,,,,,,,,,,, United-States,
,,, HS-grad,,,,,,,,,,,
, Private,201149.265625,,10.118112564086914,,, Own-child,,,-124.53076171875,,,,
, Private,, HS-grad,,,, Husband, White,,,,,,
23.833337783813477, Private,179750.71875, Some-college,,,,,,,,,,,
, Private,,,7.506288528442383, Divorced,,,,,,,,, <=50K
, Private,,,,,,,, Female,,-75.81956481933594,,, <=50K
,,,,, Never-married,,,,,,,,,
38.080848693847656,,,,,, Other-service,,,,-2598.46337890625,,,,
27.745723724365234,,192288.8125,,8.773271560668945,,,,,,289.7880859375,41.729488372802734,,,
30.764041900634766,,187743.53125, Bachelors,, Married-civ-spouse,,,,,3737.63916015625,176.8944549560547,,,
,,,,, Married-civ-spouse, Exec-managerial,,,,,,,,
,,,,,,,,, Male,210.6370849609375,51.794219970703125,,,
,,166686.171875, HS-grad,,,, Husband,,,,,44.46928405761719, United-States,
42.8790283203125,,,,,,,,,,,,, United-States, >50K
,,176712.5625,,,, Prof-specialty,, White,,5815.70166015625,,, United-States,
40.88258743286133,,, HS-grad,10.499005317687988,,,, White,,,,,,
,,204633.3125,,,,, Own-child,,,,,,,
,,, HS-grad,,,,,,,,8.0911865234375,,,
, Private,,,9.394314765930176,,,,,,,,,,
,,,,,,,, White,,,,,,
,,, HS-grad,, Divorced,, Not-in-family,,,-9.3426513671875,,,,
,,,,,,, Husband, White,,,,,,
20.478281021118164,,,,, Married-civ-spouse,,,, Female,,,,, <=50K
,,, Some-college,,,,,,,,,39.01126480102539,,
,,,,,,,,, Female,,,,,
,,,,10.934064865112305, Married-civ-spouse,,,,,505.1343994140625,,,,
,,,,10.150379180908203,, Craft-repair,,,,,,,,
,,,,, Never-married,,,,,,,,,
,,,,,,,,,,,,35.10550308227539,, <=50K
,,175198.40625,,, Divorced,,,,,804.7137451171875,,,,
,,, HS-grad,10.036908149719238,,,, White,,,,,,
, Private,,,,,,,,,,,, United-States,
,,,,,,,,,,,,,,
,,,,,,,,,,,111.14483642578125,, United-States,
, Private,,,,,, Husband, White,,,,,,
, Private,,,,,,, White,,,,,,
, Private,,,,,, Own-child, White,,,,,,
,,,,,,,,,,,-50.27891540527344,,, <=50K
,,220155.296875,,, Never-married,,, White,,,,,,
,,,,12.726421356201172,, Craft-repair,,, Male,,241.89878845214844,, United-States,
33.63401412963867,,187332.46875,,,,,,,,-3345.45703125,,,, <=50K
,,,,,,, Husband, White, Male,,,, United-States,
,,,,,,, Own-child,,,,76.138427734375,,,
,,,,, Married-civ-spouse,,,,,,39.11211395263672,,,
32.412410736083984, Private,,,, Married-civ-spouse,, Not-in-family, White,,,65.62232971191406,44.11610412597656,,
,,,,,,,, White,,,78.0442886352539,,,
,,,,,,,,, Female,,,,,
,,,,,,, Husband,, Male,,,,,
, Private,, Bachelors,, Divorced,, Not-in-family,,,,,,, <=50K
,,,,10.484880447387695, Never-married,,,,,,,,,
,,,,,,,,,,,,45.30257797241211,,
,,,,,,,,,,,,,,
,,,,,,, Own-child,,,-118.9923095703125,54.77638626098633,41.55714797973633,,
,,,,,, Craft-repair, Own-child,,,,,45.16366958618164,,
25.955535888671875,,176428.90625, Bachelors,,,,,,,-2764.73095703125,-57.39360046386719,,, <=50K
, Private,,,,,,,,,,59.763633728027344,,,
,,,,,, Prof-specialty, Husband, White,,,,,,
34.923789978027344,,,,, Married-civ-spouse,,, White,,,,,,
, Private,186071.828125,,9.073698997497559,,,, White,,,85.99198913574219,41.16348648071289,,
,,,,12.551315307617188, Married-civ-spouse,,,,,,,, United-States,
,,, HS-grad,,,,,,,-635.9749755859375,26.729835510253906,35.14558410644531, United-States,
46.60063552856445, Private,211735.3125,,,,, Husband,,,,191.98985290527344,,,
,,,,,,,,,,,,,,
,,,,,, Craft-repair,,,,,70.63883209228516,,,
,,, HS-grad,,,,,,,,,, United-States,
, Private,,,10.537885665893555, Married-civ-spouse, Sales,,,,,,, United-States,
, Private,,,,,, Husband,,,,,48.43125915527344,,
,,, HS-grad,9.796680450439453, Married-civ-spouse,,,, Male,,,,,
,,,,11.86198902130127,,, Husband,,,,,,,
,,, Bachelors,, Divorced,, Not-in-family, White,,,,41.63422775268555,,
, Private,,,,,,, White,,,,,,
,,,,,, Farming-fishing,,,,,,,,
, Private,,,,,,,,,,,31.040550231933594, United-States,
,,190835.1875, HS-grad,,,,,,,-416.8594970703125,,, United-States,
, Private,,,,,,, White,,,,,,
, Private,,,,,,, White,,,,,,
,,,,9.770302772521973,,,,,,,,,,
,,,,, Married-civ-spouse,,, White,,,,48.067161560058594,,
,,,,,,, Husband,, Male,,,,,
,,,,,,,, White, Male,,,,, >50K
40.95357894897461, Private,,,,,,,,,,,,,
,,,,,,,,,,,,,,
,,185058.96875,,,, Adm-clerical,,,,,,,,
,,,,, Married-civ-spouse,,,,,,,, United-States,
43.51074981689453,,195991.859375,,,,,, White,,703.7211303710938,,43.99165344238281,,
38.219947814941406,,,,8.933406829833984,,,,,,,,40.23905563354492, United-States,
, Private,,,, Married-civ-spouse,, Husband,, Male,,80.85115051269531,, United-States,
,,,,10.493356704711914,,,,,,,,,,
,,,,9.468988418579102,,, Husband, White, Male,,,, United-States,
38.724884033203125,,, HS-grad,,,,,, Male,203.65863037109375,,,,
,,,,,,,,,,,49.676429748535156,,,
42.801292419433594,,197557.25,,13.343854904174805, Married-civ-spouse, Exec-managerial,,,,,,,,
,,, HS-grad,,, Craft-repair,,,,,,,, <=50K
,,188223.65625,,9.78416633605957,,,,,,,,, United-States,
,,,,,,, Own-child,,,,-66.51332092285156,,, <=50K
,,,,,,,, White,,-32.2064208984375,,,,
, Private,,,,,, Not-in-family,,,,,38.833404541015625,,
,,, HS-grad,,,,,,,-336.1231689453125,,44.5618782043457,,
,,, Some-college,,,,,,,,,30.018877029418945,, <=50K
,,,,9.429261207580566,,,,,,,,,,
,,,,, Widowed,,,,,,,,, <=50K
, Private,,,,,,,,,,,, United-States,
,,,,, Never-married, Other-service,,,,,,39.18929672241211,, <=50K
,,,,,, Craft-repair,, White,,,,47.04717254638672, United-States,
,,,,,,, Husband,,,3553.1611328125,190.82476806640625,49.08229064941406,,
,,,,,,, Not-in-family,,,4349.609375,194.00216674804688,,,
, Private,,,,,,,,,,,, United-States,
,,,,,, Other-service,,,,,,,, <=50K
,,,,9.899840354919434,,,, White, Female,,,,,
, Private,, Bachelors,,,,,,,133.01104736328125,,, United-States,
,,,,,,,, White,,,,, United-States,
,,,,,,,,,,4183.048828125,,,,
,,,,,,,,,,677.8504638671875,,,,
,,189891.3125,,13.02879810333252, Married-civ-spouse, Exec-managerial,,,,4637.31591796875,,,,
31.57704734802246,,188001.71875,,,,,,,,-513.6185302734375,,,,
, Private,,,,,,,, Male,,,,,
,,,,, Never-married,,,,,,,,, <=50K
,,206725.890625,,, Never-married,,,, Female,,,,, <=50K
,,,,,,, Unmarried,,,,,,, <=50K
,,,,10.975741386413574,,, Own-child,,,,,40.44195556640625, United-States,
,,202870.15625,,, Married-civ-spouse, Craft-repair,,,,,190.59112548828125,,,
31.330581665039062,,,,,,,,,,,,,, <=50K
,,,,,, ?,,,,546.59521484375,,, United-States,
41.200775146484375,,,,10.854384422302246,,, Not-in-family,,,,,38.452823638916016,,
,,,,,, Prof-specialty,, White,,-2617.35888671875,,,, >50K
,,,,,, Other-service, Not-in-family,,,,,, United-States, <=50K
30.51755142211914,,, Bachelors,,,,,,,-2311.7958984375,,,, >50K
30.540390014648438,,, Bachelors,,,,,,,,,41.48200225830078,, <=50K
39.77485656738281, Private,,,,,, Husband, White,,,70.6482162475586,,,
, Private,188873.15625,,10.475098609924316,, Craft-repair,,,,,,, United-States,
, Private,,,,,,,,,-233.86669921875,,,,
,,218233.390625,,, Never-married, Other-service,, White,,,,,, <=50K
,,,,,, Exec-managerial,,,,,,,,
,,,,,,,,,,,,,,
,,,,,,,,,,,,36.6532096862793,,
,,,,,,,, White,,,-70.74554443359375,,, <=50K
,,171088.953125,,,,,,,,,,,, <=50K
, Private,,,, Married-civ-spouse,,,, Male,,,52.892982482910156,,
,,169763.4375,,,,,,,,,95.93559265136719,,,
,,,,,,,, White,,,,, United-States,
,,,,,,, Husband,, Female,,127.16084289550781,,,
, Private,,,,,, Own-child,,,,,,,
, Private,,,,, Craft-repair,,,,,70.382080078125,, United-States,
, Private,, Bachelors,,,,,,,,,,, <=50K
37.9519157409668,,,,,, Craft-repair,,,,,,,,
,,, HS-grad,7.066816329956055,,, Not-in-family,,,,,, United-States, >50K
,,,,,, Craft-repair,,,,,201.5794677734375,,,
,,,,11.312028884887695, Married-civ-spouse, Adm-clerical,,,,,,44.35072326660156,,
,,189031.828125,,9.227743148803711,,,,,,,,,,
, Private,172797.6875,,,, Exec-managerial, Husband,,,,,,,
,,,,, Never-married,,,,,,,,,
,,,,,,,,,,-3783.4814453125,,, United-States, <=50K
,,,,,,,, White,,,,, United-States,
,,190628.84375,,, Married-civ-spouse,, Not-in-family,,,-235.662841796875,,44.80343246459961,,
,,,,,, Prof-specialty,,, Female,,,,,
39.377445220947266,,,,,,,,,,,,, United-States, >50K
,,192807.046875,,, Married-civ-spouse,, Not-in-family,,,-3.76171875,,44.27027893066406, United-States,
,,197948.390625,,9.544054985046387,,, Not-in-family,,,-100.433837890625,61.761619567871094,,,
,,, Bachelors,,,,, White,,,,, United-States,
40.5023078918457,,194799.046875,,,, Adm-clerical,, White,,,117.64256286621094,,,
,,,,,,, Not-in-family,,,,,, United-States,
, Private,,,11.694584846496582,,,,,,,,47.0639533996582,,
50.714168548583984,,, Some-college,12.059736251831055,,, Husband,,,3413.05322265625,191.46047973632812,,,
,,,,11.185282707214355,, Adm-clerical,,,,56.0740966796875,,,,
,,,,6.643651962280273,,,,,,,,34.45438766479492,, <=50K
,,,,9.759961128234863,,,, White,,-331.838623046875,,, United-States,
, Private,,,8.582719802856445,,,,, Male,,64.41468811035156,45.047306060791016,,
,,,,,,,, White,,,,,,
,,, HS-grad,,,,, White,,-332.157470703125,,,,
,,,,9.967951774597168,,,,,,,,,,
,,,,,,,, White,,,,,,
,,,,,, Prof-specialty,, White,,,47.269927978515625,,,
30.593048095703125,,174842.125,,, Never-married,,,,,,,,, <=50K
,,,,,,,,,,,178.1143798828125,,,
,,,,9.981791496276855,, Craft-repair,,, Female,,,,,
37.04267501831055,,,,, Married-civ-spouse,,,,,,236.76914978027344,,,
35.719146728515625,,,,,,, Unmarried,,,-3439.18896484375,,,, <=50K
,,200731.875,,,,,, White,,,,,,
,,,,, Widowed,,,,,-3070.74951171875,,,, <=50K
, Private,, Bachelors,, Married-civ-spouse,,,,,,,,,
, Private,, HS-grad,10.644976615905762,,,,,,,,, United-States,
, Private,181239.0625,,,,,,,,,,,,
33.688629150390625,,, HS-grad,,,, Unmarried,,,,,,, <=50K
42.21158218383789,,,,,,, Husband,, Male,,78.58401489257812,,,
, Private,,,,,,,,,,,38.916221618652344,,
,,,,, Married-civ-spouse,,,,,,,,,
,,, HS-grad,, Married-civ-spouse,, Not-in-family,,,,,,,
,,,,,,,,, Female,,108.68880462646484,,,
,,, Bachelors,,,,,,,713.7809448242188,,,,
40.942718505859375,,,,,,, Husband,, Male,,,,, >50K
,,, HS-grad,,,,,, Male,,51.68646240234375,,,
,,203324.609375,,, Married-civ-spouse,,,, Male,150.75750732421875,,,,
,,, HS-grad,, Divorced,,,,,-199.724853515625,,, United-States,
,,,,,,, Husband, White,,,,, United-States,
,,,,,,,,,,,,,,
,,,,,, Adm-clerical,, White,,,,,,
,,,,,,,,,,3566.03955078125,,,,
33.98093032836914,,,,,,,,, Male,,75.71670532226562,46.46939468383789,,
,,168669.09375, Some-college,,,,,,,,,,,
,,,,,, Craft-repair,,, Male,-191.6180419921875,,47.36603546142578, United-States,
,,204858.375,,9.418133735656738,,,,, Male,,,,,
,,, HS-grad,10.683971405029297,,, Husband,,,,,,,
,,,,, Married-civ-spouse, Exec-managerial,,,,,,44.1278190612793,,
,,,,,,, Husband,,,,,, China,
,,,,,, Craft-repair,,,,-433.8157958984375,35.13251876831055,,,
,,,,,,, Husband,, Male,,215.6714324951172,,,
39.801876068115234,,,,,,, Not-in-family, White,,275.5943603515625,,,,
,,,,10.08333969116211,,,,,,,,, United-States,
,,,,, Married-civ-spouse,,,, Female,922.266845703125,,49.5290641784668,,
46.114837646484375,,, Some-college,11.230340957641602,,, Husband,, Male,3121.509765625,,,,
,,202466.515625,,, Never-married,,,,,,,, United-States,
,,,,8.590856552124023,,,,,,-141.25,,,,
25.46729278564453, Private,,,, Divorced, Adm-clerical,,,,596.0623779296875,,,,
,,,,9.846373558044434,,, Not-in-family,,,,,,,
, Private,193833.609375,,11.534415245056152,, Craft-repair,,,,,,, United-States,
,,, Bachelors,,,,, White,,,,, United-States,
,,,,,,, Husband,,,,,,,
,,179312.4375, Some-college,12.596034049987793, Married-civ-spouse, ?,,,,,181.66275024414062,, United-States,
,,191198.84375,,,, Adm-clerical, Wife, White,,146.83709716796875,,,,
, Private,,,,, Other-service,,,,,,,,
, Private,,,, Married-civ-spouse,,, White, Male,,45.86613845825195,45.636634826660156,,
39.13935089111328,,,,9.201638221740723,,,,,,,,, United-States, >50K
38.79804992675781,,,,,,,,,,,73.30589294433594,43.907379150390625,,
43.80678939819336,,,,,,,,, Male,,,,,
,,, Some-college,10.772915840148926,,, Not-in-family, White,,,,, United-States,
,,,,8.608623504638672,,,,,,,,31.80841827392578,,
,,,,,,,,,,,,,,
,,184169.0,,,, Prof-specialty,,,,,207.7305908203125,,,
,,, HS-grad,,,,,,,,,,,
,,,,,,,, White,,,,,,
,,,,9.351823806762695,,,,,,,4.6955718994140625,, United-States,
,,192208.40625,,,,,,,,,,33.853179931640625,,
,,, Bachelors,,,,,,,,,, United-States,
, Private,,,6.900847434997559,,,,,,,,,, <=50K
,,189572.515625, HS-grad,,,, Husband,,,,189.71676635742188,,,
,,179925.65625,,,,,,,,,,,, >50K
,,,,7.802511215209961,,,,,,,,,, <=50K
, Private,, Bachelors,,,,,,,,,,,
44.78105163574219,,,,,, Prof-specialty,,,,,,,,
, Private,, Some-college,10.637455940246582,, Craft-repair,, White,,,,,,
24.1589298248291,,,,, Divorced,,,,,,14.450050354003906,,,
,,,,,,,,,,,,,,
34.753807067871094,,203644.8125,,, Married-civ-spouse,,,, Male,,,51.57450866699219,,
, Private,,,,,,,,,,,,,
,,205888.5,,,,,,, Female,,,,, <=50K
37.13113021850586,,193050.703125, Some-college,,,,,,,,,,,
, Private,,,,,,,,,,,,,
,,, HS-grad,10.323122024536133,,,,,,3847.61474609375,,37.52847671508789,,
24.780994415283203, Private,, HS-grad,, Married-civ-spouse, Machine-op-inspct,,,,,20.240585327148438,, United-States,
, Private,,,9.977506637573242,,,,,,,,,,
, Private,,,, Married-civ-spouse,,,, Male,,,,,
,,,,,,,,,,,,45.47182846069336,,
31.892501831054688,,,,,, Adm-clerical,,,,,-55.598419189453125,,, <=50K
,,186413.5625,,,,,,,,,,41.3529052734375, United-States,
,,,,, Married-civ-spouse, Craft-repair,, White, Female,,,, United-States,
,,,,8.689106941223145,,,,, Male,,,,,
, Private,,,, Never-married,,,,,-163.92041015625,32.807926177978516,,,
,,,,,,, Not-in-family,,,,,,,
, Private,,,,,,,,,,24.342021942138672,, United-States,
,,,,8.455846786499023,,,,,,,,,, <=50K
,,, HS-grad,, Never-married,,,,,,,36.98861312866211,,
30.78446388244629,,,,7.973493576049805,,, Not-in-family,,,-2737.373046875,-51.32725524902344,,, >50K
,,, HS-grad,,,,,,,-18.13330078125,,, United-States,
,,199493.046875,,, Married-civ-spouse,, Not-in-family, White,,,,,,
,,,,,,,, Asian-Pac-Islander,,,,,, <=50K
, Private,194420.125,,,, Craft-repair,, White,,,,,,
,,,,,,,,,,,,,,
, Private,,,,,,,,,,,,,
,,,,,,,, White,,4134.91259765625,,,,
, Private,,,,,,,,,771.33056640625,90.0121841430664,,,
,,203051.65625,,9.595429420471191, Never-married,,, White,,,,,,
, Private,,,,,,,,,-594.705078125,,,,
34.90106201171875,,,,8.645166397094727,,,,,,,,39.9002685546875, United-States, >50K
28.068225860595703,,189960.625,,8.918930053710938,,,,,,,42.061397552490234,,,
,,, Some-college,9.789287567138672, Never-married,,,,,,,,,
,,,,,,,, White, Male,,,,,
, Private,,,,, Adm-clerical,,,,,,,,
31.804607391357422,,,,, Never-married,,,,,-248.775634765625,,,,
,,183394.109375,,11.304092407226562,, Adm-clerical,,,,,,,,
,,,,,,,,, Female,,,,, >50K
, Private,,,,,,, White,,,,39.09307098388672, United-States,
,,201895.328125,,,,, Husband,,,,,,,
,,195282.34375, Some-college,,,,, White,,,,42.93498611450195,,
31.630634307861328,,, HS-grad,,,,,,,,,,, <=50K
,,,,,,,, White,,-299.5906982421875,,,,
,,, HS-grad,,,,,,,118.7357177734375,,,,
,,177530.375,,,,,,,,,,,,
,,,,, Never-married,,,,,,,,, <=50K
39.14262008666992,,188237.5625,,,,, Not-in-family,,,-602.6365966796875,,,,
,,196897.8125,,, Never-married,,,,,,31.999286651611328,,,
,,,,, Never-married,,,,,,,42.00082015991211,,
,,, HS-grad,,,,,,,,,,,
,,,,,,,,,,,,,, <=50K
,,189302.421875,,,,,, White,,-202.7877197265625,,,,
, Private,190249.953125,,, Married-civ-spouse, Exec-managerial,,,,,,, United-States,
, Private,, HS-grad,, Divorced,,,,,-70.8302001953125,,, United-States,
,,,,,,, Unmarried, White,,,-52.04051208496094,,, <=50K
,,,,13.277535438537598,,, Husband,, Male,,-183.5020294189453,,,
,,, HS-grad,, Never-married,,, White,,,,,,
, Private,,,,,,,,,,,,,
,,, HS-grad,,, Craft-repair, Husband,, Male,,191.4696502685547,,,
,,,,,, Craft-repair,,,,,,,,
,,,,8.168212890625,, Craft-repair,,,,,,,, >50K
, Private,, Bachelors,,,,,,,,,,,
, Private,,,, Never-married,,,,,,,,,
,,,,, Married-civ-spouse,,,,,,,, United-States,
, Private,, 11th,,,,,, Female,,,,, <=50K
48.499755859375,,,,,, Craft-repair, Husband,, Male,,,, United-States,
,,,,,,, Own-child, White,,,,, United-States,
, Private,,,,, Craft-repair,,, Female,,,,,
,,,,,, Craft-repair,,, Female,,-19.888290405273438,, United-States, >50K
,,,,,,,,,,,,,,
,,,,,,,,,,,,36.98564529418945,,
,,,,,,,,,,,,,, <=50K
45.766693115234375,,176999.34375,,,,,,,,,87.97604370117188,38.823890686035156,,
,,,,,,,,,,,,,,
, Private,,,,,,,,,,,44.00293731689453,,
, Private,,,,, Craft-repair, Husband, White, Female,,,,, >50K
,,184883.21875, Some-college,, Married-civ-spouse, Exec-managerial,,,,,,,,
, Private,, HS-grad,,,, Husband,, Male,,,,,
,,,,,,,,,,,,34.65487289428711,,
,,, HS-grad,,,,, White,,,,,,
,,,,,,,,, Female,,,,, >50K
,,,,, Married-civ-spouse,,,,,71.89276123046875,,,,
,,,,,, Adm-clerical, Unmarried,,,,38.37437438964844,, United-States,
,,,,,,,,,,,,,,
, Private,,,,,,, White,,,,,,
39.774566650390625,,,,9.944188117980957,, Craft-repair,, White, Male,,,,,
35.99435806274414, Private,189546.5, HS-grad,9.081210136413574,,,,,,,,, United-States,
, Private,206070.125, Some-college,9.097160339355469,,,, White,,,,,,
,,186083.296875, Some-college,,,,, White,,,,, United-States,
, Private,,,,,,,,,,,,,
,,,,,,,,, Male,,,,,
,,, HS-grad,9.880654335021973,,,,,,,,, United-States,
,,,,,,, Husband,,,,,,,
30.444881439208984,,, Bachelors,,,,,,,,,,,
46.25022506713867,,,,,,, Husband,,,,,,,
,,196498.875,,,,, Husband,,,,,,,
,,,,,,,,,,-6291.66015625,,,, <=50K
,,,,, Never-married,,, White,,,,,, <=50K
,,,,,, Craft-repair, Husband,, Male,,,, United-States,
, Private,193493.375,,,,,, White,,-85.577392578125,,43.707176208496094,,
,,,,10.89181900024414,,,,,,,,,,
38.81855010986328,,192389.4375,,9.811659812927246,,,, White,,,,,,
,,,,10.19940185546875,,,,,,,,, United-States,
,,,,11.99497127532959,, Craft-repair,,,,3624.6181640625,,, United-States,
29.333768844604492,,,,, Never-married,, Not-in-family,,,,,,, <=50K
,,,,,,,,, Male,-1150.4132080078125,,, United-States,
,,, Bachelors,,, Sales,, White,,,71.00654602050781,45.188812255859375,,
,,,,, Married-civ-spouse,, Husband,, Male,,,,,
, Private,,,,,,,,,,,,,
,,,,,,, Unmarried,,,,,,,
, Private,215419.25,,,,,,, Male,-822.8905029296875,,43.611839294433594, United-States,
,,160411.671875, HS-grad,,,,,,,,,33.27621841430664,, <=50K
,,,,10.237899780273438,,,,,,,,,,
,,,,,,,,,,3140.83154296875,,,,
31.508852005004883,,,,,, Adm-clerical,,,,,,,, <=50K
,,209505.515625,,,, Craft-repair,,,,47.263671875,,41.65693664550781,,
,,, Some-college,11.432868957519531, Married-civ-spouse, Craft-repair, Not-in-family,,,,67.71617889404297,,,
,,,,,,,,,,,,,,
,,,,,,,,,,-556.6885986328125,33.29579162597656,,,
, Private,,,,,,, White,,,-47.23048400878906,,, <=50K
,,204043.890625, HS-grad,,,, Own-child, White,,,,,,
,,,,11.25571060180664,,,,, Male,,200.28463745117188,,,
,,,,,,,,,,,56.48444747924805,33.76376724243164,,
35.21736526489258,,,,7.82847261428833,,,,,,,,,, >50K
33.088218688964844,,204634.953125,,, Married-civ-spouse, Other-service,,,,,,, United-States,
,,,,,,,, White,,,,33.65666961669922,,
,,182187.34375, HS-grad,,,,,,,,,41.73393630981445,,
, Private,,,,,,,,,,,37.46463394165039, Mexico,
,,, Some-college,10.620916366577148, Married-civ-spouse,,,,,,,,,
39.2607536315918,,, HS-grad,,,,,,,,,40.4431266784668,,
,,,,,,, Own-child, White,,,,,,
,,,,9.257681846618652,,,, White,,,,39.28069305419922,,
, Private,189997.71875,,9.491479873657227,,,,, Male,,198.10617065429688,,,
,,, Bachelors,,,,,,,,,,,
,,,,,,,,,,,,,,
,,192002.5625,,10.27837085723877,,,,, Male,,205.06202697753906,49.44911193847656,,
,,204725.875,,,,,,,,,,,, <=50K
,,,,10.681292533874512,,,,,,1245.228515625,,,,
,,,,,,,,,,,,,, <=50K
,,,,10.146852493286133,,,,,,,,,,
37.902069091796875, Private,188704.8125,,,,,,,,,,,,
, Private,, Some-college,11.110933303833008, Divorced, Adm-clerical, Not-in-family,,,,,,,
39.59618377685547,,,,,, Craft-repair,,, Male,,,,,
,,,,,, Craft-repair,, White,,,,44.3756217956543,,
,,,,, Never-married, Prof-specialty,,,,-1447.7918701171875,,36.853519439697266,, <=50K
,,,,,,,, White,,,,42.27162170410156,,
,,,,12.013733863830566,,, Husband,,,,,48.40720748901367, United-States,
,,194850.59375,,10.161959648132324,, Craft-repair,,, Male,,,,,
,,156993.75,,,,,,,,,14.067123413085938,,, >50K
,,,,,,,,, Male,,,,,
40.079429626464844,,, Bachelors,,,, Husband, White, Male,4001.2001953125,,,,
,,,,9.155356407165527,,,,,,,57.4603385925293,,,
,,, Some-college,9.357053756713867,,,,,,,,33.35009765625,,
,,,,,,,,,,-3235.84521484375,,,, <=50K
,,,,, Married-civ-spouse, Craft-repair, Husband,, Male,-1771.0811767578125,,,,
42.24937057495117,,192192.015625,,,,,,,,,,, United-States,
, Private,,,, Married-civ-spouse,,,,,,,44.7926139831543,,
,,188834.609375, Some-college,11.649364471435547,,,,,,,120.06373596191406,,,
43.25592041015625,,,,,,,,,,,,,,
,,,,, Married-civ-spouse, Exec-managerial,, White,,,,,,
, Private,,,,,, Husband,,,,,43.48460006713867,,
,,177349.90625,,9.983720779418945,,,, White,,,-13.886703491210938,,, <=50K
, Private,, 7th-8th,,, Craft-repair,,, Male,,,,,
,,,,,,,, White, Male,,,48.148311614990234,,
38.33082962036133,,,,10.84069538116455,, Adm-clerical,, White,,,72.42431640625,39.2779426574707, United-States,
,,,,,,,, White,,,,, United-States,
,,,,9.676122665405273,,,,,,616.602294921875,,36.16566848754883,,
,,178018.0625,,,,,,,,,-58.09088134765625,,, <=50K
, Private,,,,,,,, Female,,-103.4339599609375,,, <=50K
52.52075958251953,,181063.140625,,,, Prof-specialty,,,,,,,,
, Private,202835.125,,,,,, White,,,,,,
,,,,,, Adm-clerical,, White,,,60.81989288330078,,,
,,,,, Married-civ-spouse, Prof-specialty, Not-in-family,,,,,,,
,,,,11.664363861083984,,,,,,,,,,
,,,,, Never-married,,, White,,,,,,
, Private,, HS-grad,8.865034103393555,,,,,,-574.9739990234375,,,,
,,,,,, Craft-repair,,,,,,, United-States,
, Private,,,,,, Husband,, Male,,,,,
,,,,,,,,,,,,, United-States,
,,, Some-college,,,,,,,,,39.41783905029297,,
,,,,,,,,,,-2992.3837890625,,,, <=50K
25.0302734375,,, 10th,, Never-married,,,,,,,, United-States, <=50K
,,,,,, Other-service,,,,,,,,
, Private,,,,, Prof-specialty,, White,,,,,,
, Private,198194.890625, HS-grad,,,,,,,,53.004207611083984,44.32224655151367,,
33.85685729980469,,, Some-college,,,,,,,,,,,
46.75312042236328, Private,,,,,,,, Male,,,,,
,,,,,, Exec-managerial,,,,,,48.470359802246094, United-States,
,,,,, Married-civ-spouse,, Not-in-family,,,,,,,
,,,,, Never-married,, Not-in-family,,,,,,,
,,,,,,,, White,,,162.7529754638672,,,
44.50974655151367, Private,,,,,,,,,,40.173641204833984,, United-States,
,,, HS-grad,,,,, White,,-148.792724609375,62.585792541503906,,,
,,187739.71875,,,,,,, Female,,,,,
,,,,,,, Husband,,,,,,,
,,,,, Never-married,,, White,,-389.34130859375,,33.46324920654297,,
,,,,,,,,,,,,,,
36.41426467895508, Private,, HS-grad,,,,,,,,,,,
,,,,, Married-civ-spouse,,,,,,,,,
,,,,,, Adm-clerical,,,,,,39.34587478637695,,
41.821250915527344,,,,,,,, White,,,,39.308963775634766,,
,,185903.546875, HS-grad,7.151490211486816,,,,,,,,35.88541030883789, United-States, <=50K
37.20484161376953,,183330.546875, Some-college,,,,,,,-315.989501953125,,, United-States,
30.277050018310547,,,,, Never-married,,, White,,-2049.990234375,,,, <=50K
,,190096.25,,,, Sales,,,,,,, United-States,
,,,,,, Prof-specialty,,,,730.391845703125,78.22543334960938,,,
, Private,,,,, Transport-moving,,,,,,, United-States,
37.118858337402344, Private,191434.984375,,,,,,,,-88.1407470703125,,41.128662109375, United-States,
,,210898.15625,,,,,,, Female,,,,,
,,,,, Married-civ-spouse,,,, Female,,,, United-States, <=50K
, Private,,,, Married-civ-spouse, Craft-repair,,, Male,3890.35107421875,,,,
32.36781692504883,,,,, Married-civ-spouse,, Husband,, Male,109.8948974609375,,, United-States,
, Private,,,,,,, White,,990.8629760742188,,, United-States,
42.92117691040039,,,,,,,,,,,,,,
,,, 11th,,,,, White,,-1526.6883544921875,,, United-States,
,,,,12.5137357711792, Married-civ-spouse, Sales,,,,4358.46826171875,,48.2744255065918,,
,,,,,,,, White,,,-83.53761291503906,34.97234344482422,, <=50K
,,, 10th,,,,,, Male,-1022.7330322265625,,43.46073532104492, United-States,
,,,,11.295833587646484,,,, White, Male,,,51.85035705566406,,
,,, HS-grad,,,,,, Male,,187.5286407470703,,,
, Private,176133.875,,,,,,,,,,, United-States,
,,,,8.444305419921875,,,,, Female,,,,, <=50K
,,,,,,, Husband,, Male,,60.82178497314453,43.25575637817383,,
30.897979736328125,,,,, Married-civ-spouse,,,, Male,,,,,
,,,,,,, Not-in-family,,,,,42.08924865722656,,
28.596223831176758,,,,, Never-married,,,,,-3579.25732421875,,, Mexico, <=50K
,,220414.203125,,,,,,,,,,38.05144500732422,,
45.77827453613281,,,,,, Sales,,,,,,42.61814880371094,,
,,, Some-college,,, Exec-managerial,, White,,3573.4326171875,,,,
32.30060958862305,,,,,,,,,,,,,,
37.21683883666992, Private,,,, Married-civ-spouse,, Husband,, Male,,,51.49897003173828,,
,,185842.140625, Some-college,10.52625560760498,,,,,,,,44.35398483276367,,
,,,,,,,, White,,,,,,
,,,,6.51807165145874,,,,,,-3547.4169921875,,,, <=50K
,,,,8.507173538208008,,,,,,,,,,
38.181331634521484,,,,,,,, White,,,-50.948944091796875,,, <=50K
, Private,,,, Married-civ-spouse,,, White,,,,, United-States,
,,,,,,,, White, Male,-2445.84716796875,,46.68442153930664,,
,,,,10.549712181091309, Never-married,,,,,,47.738250732421875,,,
,,,,,,,,,,864.4987182617188,88.07508850097656,,,
,,,,,,, Not-in-family, White,,,,,,
, Private,,,,,,, White,,,,,, <=50K
33.355224609375,,,,,,, Not-in-family,,,,,,, <=50K
,,195266.046875,,,,,,,,,,,,
,,,,,,,,, Male,,,,,
,,, HS-grad,,,,,,,,,36.35740661621094,,
, Private,,,,,,,,,,,,,
,,,,,,,,,,,,,,
,,176730.96875,,,,,,,,,,, United-States,
,,,,,, Prof-specialty,,,,,,,,
, Private,, HS-grad,, Married-civ-spouse,,, White,,,,, United-States,
, Private,,,, Never-married,,, White,,,,,, <=50K
,,190473.984375,,,,,,,,,-0.9289779663085938,,,
, Private,,,,,, Own-child,,,,,,,
36.641868591308594, Private,,,,,,,,,,49.21076202392578,38.12158203125,,
,,, HS-grad,, Never-married, Adm-clerical,, White,,,,,,
, Private,,,,,,,,,,,39.43867111206055, United-States,
23.49518585205078, Private,,,, Never-married,,, White,,,,39.01498031616211,, <=50K
,,,,,,,,,,,,38.49005889892578,,
,,,,,,,,,,,,,,
31.59403419494629, Private,,,,,,,,,,,35.80195236206055, United-States, <=50K
,,167953.984375,,,,,,,,,,,,
, Private,189001.453125,,,,, Not-in-family,,,,,,,
35.53593826293945,,201061.046875,,,,,,, Female,,,,,
42.73579025268555,,189363.53125, Bachelors,,,,, White,,,202.20263671875,, United-States,
, Private,171503.125,,,,, Unmarried,,,,,,,
,,,,,, Adm-clerical, Not-in-family,,,,,,,
,,, HS-grad,9.030029296875,,,,,,,,35.199459075927734,, >50K
, Private,190004.234375,,,,,,,,,-41.70414733886719,40.145606994628906,, <=50K
, Private,, HS-grad,,,, Not-in-family,,,,,,,
,,,,, Married-civ-spouse,,,,,,,,,
,,,,, Divorced,,,,,,62.207374572753906,, United-States,
,,, HS-grad,8.18466854095459,,,, White,,,,,, <=50K
38.67420196533203,,181509.203125,,,, Farming-fishing,,,,877.261474609375,,,,
,,,,,, Craft-repair,, White,,,,,,
,,,,,,,,,,,,,, <=50K
41.28441619873047,,,,,,,,,,,171.08795166015625,,,
,,179309.21875,,9.1734619140625,,,,,,679.49462890625,,,,
39.42596435546875, Private,,,,,,,,,,,,,
,,, 7th-8th,,,,, White,,,-78.17304992675781,,, <=50K
,,,,7.768104553222656,,,,,,-2249.03955078125,,,, <=50K
,,,,8.958452224731445,,, Husband,,,,,,,
,,,,,,,,,,,,,, <=50K
43.382232666015625,,,,,,,,, Male,,197.469482421875,,,
, Private,176348.875,,,,, Unmarried,,,,,,, <=50K
,,,,,,,,,,,,,,
30.13983726501465,,195829.140625,,, Married-civ-spouse, Craft-repair,,, Female,,,,,
,,168359.953125,,9.42362117767334,,, Unmarried,,,,,36.898468017578125,,
,,,,,, Prof-specialty,,,,,,, United-States,
,,170490.6875, HS-grad,,,,, White,,,,, United-States,
,,181055.0,,,,,,,,-2641.9267578125,,37.546470642089844, United-States, <=50K
,,,,,,, Not-in-family,,,,26.262195587158203,,, >50K
,,,,,, Prof-specialty, Not-in-family,,,,,46.01355743408203,,
36.87166213989258, Private,201254.734375,,,,,, White,,,,,,
,,,,8.676156997680664,,,,,,,,,,
45.351593017578125,,,,,, Craft-repair,, White,,,,,,
,,, HS-grad,,, Craft-repair,, White, Female,,,,,
,,,,8.291305541992188,,,,,,,,,,
,,,,,, Exec-managerial,,,,4598.826171875,,47.675209045410156,,
,,,,,,, Husband,, Male,,,, United-States,
,,,,9.387238502502441,,,, White, Male,,,, United-States,
,,,,,,,,,,,,,,
,,,,,, Craft-repair,,,,,,, United-States,
, Private,,,,,,, White,,24.345458984375,,,,
,,189221.265625,,,,,, White,,,,,,
,,195004.5625,,,, Other-service, Own-child,,,,,40.98891830444336,, <=50K
,,, Bachelors,,,, Husband,, Male,,,50.46004867553711,,
34.74385452270508,,,,,,, Husband,, Male,,,,, >50K
,,,,9.76763916015625,,,,,,,,,,
,,,,,, Craft-repair,, White, Female,-58.5040283203125,,,,
,,,,,,,, White,,244.06195068359375,,,,
, Private,209723.03125,,,,,,, Female,429.94476318359375,,,,
,,,,, Never-married,, Not-in-family, White,,,,,, <=50K
, Private,,,,,,, White, Male,,,45.168663024902344,,
,,192240.21875,,, Never-married,,,,,,,,, <=50K
,,193430.3125,,,,, Own-child,,,,,,,
, Private,,,,,,,,,,,,,
,,, Some-college,, Married-civ-spouse,,, White, Female,,,,,
,,, HS-grad,,, Adm-clerical, Not-in-family, White,,,59.134986877441406,,,
,,,,,, Prof-specialty, Husband,,,1342.0426025390625,,45.823448181152344,,
, Private,,,,,,,,,,,,,
,,175112.1875,,,,,,,,,,39.9639892578125,,
,,,,10.425166130065918,, Craft-repair,,,,143.12615966796875,54.9721794128418,43.090576171875,,
, Private,,,6.40900993347168,,,, White,,,,28.822397232055664,, <=50K
,,,,,,, Not-in-family, White,,,,,,
,,,,,,,,,,,,,,
,,,,,,,,,,,,,, <=50K
,,, HS-grad,, Divorced, Other-service, Not-in-family,,,,,,, <=50K
,,191354.21875,,,,,,,,-2592.30615234375,,,,
,,185784.859375, 7th-8th,,,, Husband,, Male,,-52.163421630859375,,, <=50K
,,,,, Widowed,,,,,,,,,
35.513851165771484, Private,,,,,,,,,,,,,
,,, HS-grad,,,,,, Male,,,,,
,,,,,,,, White,,,,36.450374603271484,, <=50K
29.312076568603516, Private,,,, Married-civ-spouse,,,, Male,3.6163330078125,59.813201904296875,,,
,,,,,,,, White,,,50.86311340332031,,,
,,, Some-college,10.452101707458496,, Craft-repair,, White,,,,,,
34.12129592895508,,,,, Married-civ-spouse,,,,,,,,,
38.09543228149414, Private,189943.125,,10.147671699523926,,,, White,,342.05340576171875,,,,
,,,,,, Adm-clerical, Own-child, White,,-54.72900390625,,40.27506637573242,,
, Private,192125.796875, Bachelors,,,, Husband, White,,,,,,
,,181220.234375,,, Divorced, Adm-clerical,,,,,,,,
31.445222854614258,,,,, Married-civ-spouse,,,,,5365.73828125,,,,
,,,,,,, Not-in-family, White,,,,36.46905517578125,, <=50K
, Private,196220.171875,,8.004423141479492,,, Not-in-family,,,,,,, <=50K
,,184450.75,,,,, Unmarried,,,,-81.37080383300781,,, <=50K
26.234661102294922,,, Some-college,10.2861967086792, Divorced,,,,,59.30987548828125,,,,
,,,,,,,,, Male,,,,,
,,,,,,,,,,,,,, <=50K
,,203004.75,,,,,,,,,,,,
,,202290.703125,,10.261665344238281,,,,,,,,,,
,,,,,, Craft-repair,,,,598.459228515625,,,,
,,193412.359375,,, Married-civ-spouse,,, White,,,,44.109622955322266,,
, Private,,,11.392126083374023, Married-civ-spouse,, Not-in-family,,,4283.2958984375,206.62478637695312,,,
,,,,,, Prof-specialty,,,,,,,,
,,,,10.532645225524902, Divorced,,,,,,,,,
,,,,9.034745216369629,, Adm-clerical,, White,,-3297.1259765625,,,, <=50K
,,,,12.164253234863281,, Craft-repair,, White,,,,47.325172424316406,,
,,,,,,,,,,3787.92236328125,188.21371459960938,43.99965286254883, United-States,
,,,,,,,,, Male,,,52.79833984375, United-States,
, Private,,,,,,,,,,-85.78985595703125,,, <=50K
,,,,,,,,,,,,42.08082962036133,,
38.94645690917969,,,,,,, Not-in-family, White,,-564.4803466796875,,, United-States,
, Private,194629.609375, HS-grad,,,,,, Female,,,,, <=50K
,,,,,,,,,,,,46.38792037963867,,
33.23723220825195, Private,,,,,,,,,-142.6968994140625,27.186378479003906,,,
,,,,10.517111778259277,, Adm-clerical,,,,264.25323486328125,27.849838256835938,,,
, Private,186841.671875,,,,,,,,,,, United-States,
,,,,, Married-civ-spouse,,,, Male,,,,,
,,,,,,,,,,,-89.05633544921875,,, <=50K
,,,,, Never-married,,, White,,,,,,
,,,,9.67208194732666, Never-married, Other-service, Own-child, White,,,,, United-States, <=50K
,,183898.421875,,,,,,,,,,,, <=50K
,,175696.609375,,,,,,,,,,,,
, Private,185729.78125,,, Married-civ-spouse,, Not-in-family,,,,,,,
,,, 10th,,,,,,,,,34.445377349853516,, <=50K
,,,,,, Adm-clerical,,,,,54.01805877685547,37.2491340637207,,
,,,,,,, Husband,,,,,,,
32.31776809692383,,,,, Married-civ-spouse,,,,,,,39.441959381103516,,
,,166656.015625,,,, Farming-fishing,,,,-2310.91845703125,,,, >50K
, Private,178656.625,,,,,,,,,,,,
, Private,,,,, Prof-specialty,, White,,,,, United-States,
48.92758560180664, Private,,,9.76443862915039,,,, White,,-0.3798828125,77.94068908691406,,,
39.308719635009766,,,,,,, Not-in-family, White,,,,,,
,,, Some-college,,,, Husband, White, Male,,212.29885864257812,50.56394577026367,,
44.51514434814453,,,,,,, Husband, White,,,,44.59855270385742,,
,,,,, Never-married,,,,,,,36.96152114868164,,
,,201357.265625, 10th,, Never-married,,,,,-4984.68212890625,,,, <=50K
, Private,,,,,, Unmarried, White,,,,,, <=50K
32.31108093261719, Private,, HS-grad,,,,, White, Female,-3750.5146484375,-47.731536865234375,42.35187911987305,, >50K
,,,,,, Prof-specialty,, White, Male,,,,,
,,, HS-grad,,, ?,,,,,,39.023834228515625, United-States, <=50K
, Private,,,,, Adm-clerical,,,,,,,,
,,, HS-grad,,,, Own-child, White,,-805.9815673828125,,, United-States,
,,,,,, Craft-repair, Not-in-family,,,,,, United-States, <=50K
,,,,7.619767189025879,,,, White,,,,37.28522872924805, United-States, <=50K
,,200462.1875,,,,,,,,,25.305702209472656,,,
34.29383087158203,,,,, Married-civ-spouse, Exec-managerial,,,,,152.99002075195312,,,
,,193409.71875, HS-grad,7.459222793579102,,,,,,-3767.43603515625,,36.42772674560547, United-States, <=50K
,,,,,,,,,,,,,,
,,,,9.826355934143066,,,,,,,,36.21355056762695,,
,,186849.796875,,,,,, White, Female,,-39.81402587890625,,, >50K
47.546714782714844,,,,,,,,,,,,,,
,,,,,,, Not-in-family,,,,,,, >50K
38.094058990478516,,,,,,, Husband, White, Male,-4672.58203125,,,,
,,,,,, Exec-managerial,, White,,,,,,
41.45075225830078,,, HS-grad,,,,,, Male,3569.2724609375,,,,
,,, HS-grad,,,,,,,,,40.681636810302734, United-States,
,,,,, Married-civ-spouse,,,,,,,,,
,,, HS-grad,,,,,,,,,,,
,,,,,,,,,,,,,,
, Private,212642.96875,,9.346700668334961,,,, White,,,,41.008304595947266,,
,,,,,,,,,,,,,, <=50K
,,,,,,,,, Male,,,,,
,,,,,,,,, Male,,,, United-States,
,,,,, Never-married, Adm-clerical,, White,,,,40.229698181152344,,
,,,,,,,,,,5453.0673828125,,,,
,,, HS-grad,,,,, White, Male,,,, United-States,
,,, 7th-8th,,,,,, Male,,,,,
,,,,12.110677719116211, Married-civ-spouse,,, White,,,,, United-States,
,,,,9.734289169311523,,,, White, Male,,,, United-States,
, Private,187625.875,,,, Sales,, White,,,,42.286380767822266,,
27.087900161743164,,187642.359375,,, Divorced,,, White,,,,,,
32.817481994628906,,,,10.03976821899414,,,,,,,,,,
39.334259033203125,,200022.296875,,9.379069328308105,,, Not-in-family, White,,-29.06005859375,,, United-States,
,,196820.125,,,,,,,,,,,,
,,176932.875, HS-grad,, Married-civ-spouse,,,,,,,,,
, Private,,,6.701360702514648, Divorced,,,,,,,,, <=50K
,,, HS-grad,,,, Husband, White,,,,,,
, Private,,,9.958181381225586, Married-civ-spouse,,, White, Female,,,,,
,,,,12.13490104675293, Married-civ-spouse,, Not-in-family,,,,,, United-States,
,,212234.15625,,9.426902770996094, Married-civ-spouse,,,, Female,,,45.64936447143555,,
,,,,,,,,,,,,,,
,,183035.046875,,,, Adm-clerical, Not-in-family,,,600.5506591796875,,,,
,,183257.921875,,12.655038833618164, Married-civ-spouse,,,, Male,4777.77099609375,221.85073852539062,,,
37.63627243041992,,,,,,,,,,,,26.456438064575195,, <=50K
,,,,,,,, White,,,64.98477935791016,,,
, Private,174407.203125,,,, Prof-specialty,,,,,,38.19485855102539,, >50K
,,,,,,,,,,,,37.407493591308594, United-States, <=50K
,,,,,, Craft-repair,,, Female,,,, United-States,
, Private,,,,,,,,,-237.3785400390625,,,,
32.18593215942383,,,,, Married-civ-spouse,, Not-in-family, White,,-299.302978515625,,,,
39.9055290222168, Private,,,,,,,,,,,,,
,,,,,,,,,,,,,,
,,,,11.389219284057617, Never-married,,,,,149.73211669921875,51.32753372192383,,,
25.379642486572266,,, HS-grad,,,,,,,,,,, <=50K
,,, Some-college,11.280394554138184, Never-married, Craft-repair, Own-child,,,,,46.11529541015625,,
,,,,8.637592315673828,,, Husband,, Female,,,46.05611038208008, United-States, <=50K
,,,,,,,,,,,,,, <=50K
,,,,,,,,, Female,,,,,
,,, Some-college,9.120917320251465,, Other-service, Own-child, White,,,,,, <=50K
,,, HS-grad,,,,,, Male,,,,,
,,,,10.144233703613281,,,,, Female,,,,,
,,, Some-college,,,,,,,,,,, <=50K
34.14601135253906,,179762.34375,,,, Adm-clerical,,,,,35.59685134887695,,,
,,,,,,,,,,,68.81514739990234,,,
,,,,,,,,,,,,,,
,,198205.859375,,9.7964506149292, Never-married,,, White,,,,, United-States,
,,210146.5,,,,,,,,,,,, <=50K
,,,,,,,,,,,,,,
,,, HS-grad,,,,, White,,,,,,
,,,,,,, Husband,, Male,,,, United-States,
,,,,,,,,,,,53.39686584472656,,,
,,,,,,,,,,,,,,
,,,,,,,,,,,,,,
,,,,,,,, White,,,,,,
,,189934.984375,,,,,,,,,,,,
36.999629974365234, Private,,,,,,,, Male,,,, United-States,
,,,,,,,,,,,,,,
,,,,,,,,,,712.35400390625,,,,
,,,,,,,,, Male,1130.4488525390625,,,,
39.215511322021484,,205286.828125,,,,,, White, Male,-464.9893798828125,,,,
, Private,,,,,,,,,,,,,
,,,,,,,,,,,,, United-States,
,,, HS-grad,9.236802101135254, Divorced,,,,,,,35.0388298034668,,
,,,,,,,,,,,,,,
31.43084716796875, Private,,,,,,,,,,25.141834259033203,38.14178466796875,,
,,190290.34375,,9.255132675170898, Married-civ-spouse,,,,,,,39.576663970947266, United-States,
,,,,,,,,, Male,,,,,
, Private,202138.15625,,, Never-married, Other-service,,,,,,,, <=50K
,,, HS-grad,10.170425415039062,,,,,,,,,,
,,,,,,,,,,,,40.54862594604492, United-States,
,,,,,,,,,,,,,,
, Private,, Bachelors,,, Prof-specialty, Wife, White,,,,, United-States,
,,, Bachelors,,,, Not-in-family,,,,88.44650268554688,44.521942138671875,,
,,170640.21875,,,,,,,,,,,,
, Private,,,, Never-married,,,,,,,,, <=50K
,,, HS-grad,, Married-civ-spouse,, Not-in-family, White,,,,,,
37.83656311035156, Private,,,,,,,,,,67.41838836669922,,,
47.69561767578125,,,,,,, Husband,,,,,,,
, Private,196541.140625,,,,,, White,,,201.21444702148438,,,
36.448936462402344,,,,,,,,,,-272.11328125,,,,
30.017406463623047,,,,7.867341041564941,,,,,,-3312.42333984375,,,, <=50K
, Private,,,,,,,,,1326.6812744140625,,36.48591613769531,,
,,,,8.87173080444336,,,, White,,-453.2225341796875,43.386024475097656,,,
,,192889.484375, HS-grad,,,, Husband, White,,,206.2303466796875,, United-States,
,,, Bachelors,,, Exec-managerial, Husband,,,4217.54052734375,,50.02495574951172, United-States,
23.614852905273438,,183263.578125,,8.807368278503418, Divorced,,,,,,,, United-States,
,,,,,, Other-service,,,,,,,,
, Private,, HS-grad,, Married-civ-spouse,,,, Female,,,,,
36.53190612792969, Private,,,,,,,,,,,,,
39.72493362426758,,,,,,,, White, Female,,,, United-States,
41.460838317871094,,197246.75,,,,, Husband,, Female,,,,,
,,,,, Married-civ-spouse,,,,,,,,,
,,,,, Never-married, Prof-specialty,,,,,,, United-States,
,,181356.78125,,,,, Husband,, Female,,,,, >50K
,,,,,, Craft-repair,, White,,,,, United-States,
42.03265380859375,,185956.40625,,10.211586952209473,,,,,,,,,,
35.671329498291016,,190735.53125,,,, Craft-repair,,,,,,, United-States,
,,216628.0, HS-grad,,,,,,,,,,,
,,178008.0625,,,,,,,,,62.42510986328125,,,
, Private,201293.40625,,,,, Husband, White, Female,,,,, >50K
, Private,,,12.921568870544434, Married-civ-spouse,,, White,,,,47.796043395996094,,
,,198069.078125,,10.45336627960205, Married-civ-spouse,,,, Female,393.34478759765625,,,,
,,,,, Married-civ-spouse,,,,,,,49.06732940673828,,
,,, HS-grad,,,,,, Female,-789.3421630859375,,,,
47.88002395629883,,183613.953125,,,,,,,,,,,,
, Private,, HS-grad,,, Craft-repair,,,,,,,,
,,,,,,,,,,,,40.46885681152344,,
,,, Some-college,,,,,,,,,,,
,,,,,, Craft-repair, Husband, White,,,,, United-States,
34.563446044921875, Private,, HS-grad,10.027630805969238,,, Not-in-family,,,,,,,
, Private,,,, Never-married,,,,,-903.15625,,,,
, Private,,,,,,,,,,,37.411865234375,,
26.22106170654297,,,,,,,,,,,-68.13153076171875,,, <=50K
,,190856.609375,,,, Other-service,,,,,12.732566833496094,,,
,,,,,,,,,,,,,,
38.501739501953125,,193068.171875, HS-grad,,,,,,,,,,,
,,,,,,,,,,-3289.13916015625,,,, <=50K
,,,,,, Adm-clerical,,,,,,,,
,,,,,, Craft-repair,,, Male,1420.9940185546875,,,,
39.735198974609375,,, HS-grad,,,, Not-in-family,,,,,,,
,,, HS-grad,,,,,,,,,,,
,,,,,,,,,,,,42.23723220825195,,
,,177056.5625,,,, Exec-managerial,, White,,4587.6923828125,,,,
, Private,,,,,,,,,192.06256103515625,,,,
, Private,200588.328125,,9.313116073608398,,, Husband,, Female,,,, United-States,
,,195808.484375,,, Never-married,,, White,,452.04437255859375,61.178741455078125,,,
,,, HS-grad,10.556673049926758,,,,,,,,,,
,,, HS-grad,,, Other-service, Own-child,,,,-91.87397766113281,,, <=50K
,,,,,,,,,,-2833.6767578125,,37.64726257324219,, <=50K
,,,,,,,,,,,116.70249938964844,,,
,,,,,,,,,,,,49.14744567871094, United-States,
,,,,,, Exec-managerial,,,,,,,,
30.11127471923828,,, HS-grad,8.233156204223633,, Craft-repair,, White, Female,,,,, <=50K
,,,,,,,,,,-3822.109375,-85.21107482910156,34.24344253540039,, <=50K
,,,,10.797076225280762, Married-civ-spouse,, Not-in-family,,,,,, United-States,
,,,,,, Craft-repair,,,,740.3153076171875,,,,
,,201118.984375,,, Never-married, Sales,,,,,,, United-States,
,,,,,,,,,,,219.00823974609375,47.198455810546875,,
,,193979.265625,,,, Craft-repair,,,,,,42.37047576904297, United-States,
,,, HS-grad,,,,,,,,,36.04753875732422,, <=50K
,,, HS-grad,,,,,,,,,,,
,,184587.5625,,,,, Not-in-family, White,,-2305.5234375,,,,
,,184361.140625,,, Married-civ-spouse, Craft-repair,,, Female,,-46.13090515136719,,, <=50K
,,,,,,,, White,,,,, United-States,
,,165335.828125,,,,, Husband,, Female,,,,, >50K
33.857627868652344, Private,,,,,,,,,,,,, <=50K
,,, 11th,,,,,,,-1485.3377685546875,-18.34455108642578,, United-States,
, Private,,,,,,,,,,,,, <=50K
,,,,, Divorced,,,,,,,36.677520751953125,,
, Private,185234.453125, HS-grad,, Never-married, Adm-clerical,,,,,,,,
,,186594.8125,,12.478555679321289,,, Husband,,,,220.38661193847656,,,
36.48564147949219,,, Some-college,11.648287773132324, Married-civ-spouse,,,,,,,,,
,,,,, Divorced,,,,,,,,,
42.765411376953125, Private,,,,,,,, Male,,,,,
37.317806243896484, Private,,,,,,,, Male,,,,,
33.41713333129883, Private,, HS-grad,,,,,,,,,,, <=50K
42.84177780151367,,, Some-college,,, Craft-repair,,,,,,,,
, Private,,,9.412625312805176,,, Husband,,,,,,,
,,,,,,,,,,,,,,
,,,,, Divorced, Prof-specialty, Not-in-family, White,,,-8.910102844238281,, United-States, <=50K
,,, Bachelors,,,, Not-in-family,,,,,,,
, Private,,,, Married-civ-spouse,,,,,,86.2389907836914,,,
,,,,, Never-married,, Own-child,,,-2657.716796875,,,, <=50K
,,,,10.024312973022461, Never-married,, Own-child,,,463.4775390625,29.236820220947266,,,
,,, Some-college,12.51467227935791,,,,,,,,,,
,,208482.125, Bachelors,,,,,,,,,,,
,,,,,,, Husband,,,4114.85009765625,,,,
, Private,, HS-grad,,, Craft-repair,,, Male,,,,,
30.519695281982422,,, Some-college,, Married-civ-spouse,, Husband,, Female,,43.55818176269531,,,
,,,,7.928407192230225,,,,,,,,,,
,,,,9.110980033874512, Married-civ-spouse,,,, Male,,,,,
,,189127.03125,,7.030442237854004,,,, White,,,,35.3316535949707,, <=50K
42.206825256347656,,, 10th,,, Craft-repair,,,,,,41.89295196533203,,
,,,,11.149835586547852,, Adm-clerical,,,,,,,,
,,,,,,,,,,410.85430908203125,,,,
, Private,,,,,,, White,,,,38.69887924194336,, >50K
,,,,, Divorced, Adm-clerical, Not-in-family,,,-27.7862548828125,,,,
41.6590690612793,,, HS-grad,,,, Husband,,,,79.18758392333984,,,
39.4674186706543,,,,8.913362503051758,,,,,,,,, United-States, <=50K
,,,,,,,,,,,,38.31426239013672,,
,,,,,, Craft-repair, Husband,, Male,,,54.084800720214844,,
49.60033416748047,,,,12.686330795288086,,,,,,4274.6767578125,,,,
, Private,,,,,,,,,,,,,
54.67799758911133, Private,,,11.265579223632812,,, Husband,, Male,,,,,
,,,,,,,,,,,,,,
,,201151.203125,,9.716230392456055,,,, White, Male,,,,,
,,, HS-grad,,,,,,,,,, United-States, <=50K
38.52932357788086,,,,,,, Husband,, Male,,,, United-States,
33.000938415527344,,,,,,, Not-in-family,,,,,,,
,,,,,,,,, Male,,98.74510955810547,,,
,,, Some-college,12.921974182128906,, Exec-managerial,,,,,,,,
37.24359130859375,,189825.453125,,,,, Husband,,,,,,,
31.932260513305664,,, HS-grad,,,,,,,,,,, <=50K
, Private,, Some-college,7.889102935791016,,,,,,,,,, <=50K
,,169596.265625,,,,,,,,1186.0108642578125,,,,
,,,,,,,,,,,,,,
,,,,, Married-civ-spouse,,, White, Male,,113.67677307128906,,,
42.214412689208984, Private,,,,,,,,,,,,,
,,,,,, Prof-specialty,,,,,,,, <=50K
,,,,,,,,,,,,,,
,,,,, Never-married,,,,,,70.95845794677734,,,
,,193363.65625,,,,,,, Male,232.57501220703125,,48.0495491027832,,
,,193605.09375,,8.569154739379883,,,, White, Male,,,43.69178009033203,,
,,,,,, Craft-repair,,, Male,,,,,
,,,,,,,,,,,,41.695709228515625,,
,,188838.734375, Bachelors,,, Craft-repair,,,,,,,, <=50K
30.364898681640625,,,,,,,,,,,,36.1361083984375,,
,,,,,,,,,,,212.33921813964844,, United-States,
, Private,,,,,,,,,3983.28955078125,,, United-States,
,,,,,,,, White, Male,,225.20458984375,,,
,,,,,,, Husband,, Male,,,, United-States,
44.46571731567383,,, HS-grad,,,,,, Male,,,47.22010803222656,,
,,,,8.463326454162598,,,, White,,,,,, <=50K
36.769508361816406,,196788.75, HS-grad,,, Craft-repair, Husband,, Female,,77.65206146240234,50.82007598876953,,
,,,,,,,,,,,,, United-States,
,,,,,,,, White,,-12.6639404296875,,36.050838470458984,,
, Private,,,,,,,,,,,,,
,,,,,,,, White,,,,,,
,,,,, Married-civ-spouse,, Husband, White, Male,322.5072021484375,84.8581314086914,,,
,,,,,,,, White, Male,,,,,
,,,,11.635614395141602, Married-civ-spouse,,,,,,,,,
,,185692.484375,,,,, Husband,,,4014.71630859375,,,,
,,,,10.151436805725098,,,,,,,,, United-States,
,,,,,,,,,,,,,,
45.52977752685547,,,,12.145025253295898,,,, White,,,,,,
, Private,188480.015625,,7.430802345275879, Never-married,,,,,-3114.130859375,,,, <=50K
,,, Some-college,11.212071418762207,,, Not-in-family, White,,,,,,
,,,,9.153627395629883,,,, White,,,70.41358184814453,,,
,,,,,, Craft-repair,, White,,-5498.3359375,,,, <=50K
25.48251724243164, Private,, Some-college,10.558133125305176, Divorced, Adm-clerical,,,,,,37.52947235107422,,
,,, HS-grad,,,,,,,,,, United-States,
32.88634490966797,,195153.90625,,,,,,, Female,-3468.59228515625,,, United-States, <=50K
,,, Masters,, Married-civ-spouse,,, White,,,,,,
29.91750717163086,,,,10.579957962036133, Never-married, Adm-clerical,, White,,,,,,
, Private,199598.265625, HS-grad,,,,,, Male,,,,,
43.8409309387207,,,,12.841276168823242,, Exec-managerial,,,,3732.43798828125,,,,
,,, HS-grad,,, Craft-repair, Husband,, Male,,208.5496368408203,,,
, Private,,,,, Craft-repair,,, Female,,,45.763938903808594, United-States,
37.071327209472656,,188463.0625,,,,,,,,,,44.578369140625,,
,,,,8.162821769714355,,,,,,,64.78886413574219,,,
,,,,, Never-married,,,,,,,,,
,,183204.078125,,,,, Own-child,,,,,40.733524322509766,,
, Private,199502.25,,,, Craft-repair,,, Female,,,,,
,,,,,, Craft-repair,,,,,,,,
,,,,,,,,,,,,,,
,,,,, Never-married,,,,,,,,,
,,,,,,, Not-in-family,,,840.3487548828125,,,,
, Private,215738.1875,,9.308906555175781,,, Husband,, Male,,,,,
,,202388.890625,,9.657849311828613,,,,,,,,, United-States,
,,,,9.91960334777832,,, Own-child, White,,,,,,
30.00016975402832,,,,,,,,,,,,37.96824264526367,, <=50K
,,,,, Married-civ-spouse, Craft-repair,,,,,,,,
,,,,,,,,, Male,-573.7030029296875,,,,
43.04533004760742,,,,,,,, White,,,,,,
,,,,,, Sales,, White,,57.9873046875,56.7919921875,, United-States,
38.36333084106445,,, Bachelors,,,,,,,,,, United-States,
26.606204986572266,,172190.375,,,, Other-service,,,,,,, United-States, <=50K
38.66956329345703,,,,,, Craft-repair,,,,,80.51226043701172,44.728660583496094, United-States,
, Private,,,, Never-married,,,,,575.0454711914062,68.51624298095703,44.33417892456055,,
47.165191650390625, Private,,,,, Craft-repair, Husband,,,3435.1416015625,,,,
,,,,9.0621976852417,,,,,,,65.30714416503906,,,
,,188403.578125,,,,,,,,,,39.141319274902344, United-States,
,,173079.75, HS-grad,,,,,,,-3320.00732421875,,,, <=50K
,,,,,,,,,,,65.05693054199219,42.51865005493164,,
,,187397.03125,,, Never-married,,,,,,,, United-States, <=50K
,,189387.125, HS-grad,9.131105422973633, Married-civ-spouse,,,, Male,,,,,
, Private,, Bachelors,,, Exec-managerial,,,,,,,,
32.02275848388672,,,,9.237818717956543,,,,,,,,,,
,,, HS-grad,9.956974029541016,,,,,,,81.90839385986328,, United-States,
,,190962.984375, HS-grad,,,, Own-child,,,,,,, <=50K
, Private,,,,,, Not-in-family,,,,,,,
,,, Some-college,9.932719230651855,,,,,,,,,,
40.28395080566406,,196600.84375,,,, Craft-repair, Husband,, Male,,,51.14284896850586,,
,,185017.53125,,,,,,,,,,,,
, Private,,,,,,,,,,,,,
36.54362869262695,,, HS-grad,,,,,,,,,,,
30.77100372314453,,174195.1875, Some-college,10.888314247131348,,,,,,443.17034912109375,38.38557052612305,,,
, Private,173594.9375,,, Widowed,,, White,,224.5657958984375,,,,
, Private,,,,,, Husband, White,,,,,,
, Private,179450.890625,,,,,,, Female,-2509.513671875,,,, >50K
,,,,,, Adm-clerical,,,,,,36.58892822265625,,
,,183171.09375,,8.535265922546387, Married-civ-spouse, Craft-repair,,, Female,,,45.18632125854492,, <=50K
,,,,9.71860122680664,,,,,,1362.3175048828125,,42.34190368652344,,
46.09776306152344,,182828.46875,,,,,,,,,,,,
,,,,12.048133850097656,,,, White,,,,42.28239059448242,,
,,,,, Never-married,,,,,,45.248924255371094,,,
,,196407.46875,,9.597261428833008,,,,,,,,, United-States,
,,,,,,,, White,,,,, United-States,
,,,,, Married-civ-spouse,,,,,,,,,
,,,,,,,,,,,,47.26293182373047,,
,,,,,, Craft-repair,,,,,,,,
,,191182.875,,,,,,,,369.4010009765625,,41.60493087768555,,
,,,,, Divorced,, Not-in-family,,,,,,, <=50K
,,,,,,,, White,,,,,,
,,173490.453125,,,,,,,,,,,, <=50K
,,,,,,,,,,,40.64149856567383,36.324005126953125, United-States,
,,,,,,, Not-in-family,,,672.5430908203125,,, United-States,
,,, HS-grad,,, Craft-repair,,,,,,,,
39.22169494628906,,,,,,, Not-in-family, White,,,,40.58308410644531,, <=50K
,,,,,,, Husband, White, Female,-2631.2626953125,,46.814727783203125, United-States, >50K
,,,,,,,,,,,,,,
,,,,9.741833686828613,,, Husband,,,,,42.71707534790039,,
,,,,,,, Husband, White,,,89.28154754638672,, United-States,
,,, HS-grad,10.381245613098145, Married-civ-spouse,,,, Male,,,,,
,,,,,, Prof-specialty,,,,,,,,
,,,,12.53914737701416, Married-civ-spouse, Sales,,,,,,48.23469543457031,,
39.491111755371094,,, HS-grad,,, Craft-repair,,,,,,, United-States,
,,,,, Never-married,,,, Female,,8.905525207519531,, United-States,
34.12666320800781,,178036.84375,,8.400568962097168,,,,,,,,33.446834564208984,, <=50K
,,,,9.689784049987793,,,, White,,,,,,
,,172293.0625, Bachelors,,,,, Asian-Pac-Islander,,,,,, >50K
,,186934.65625,,,,,,, Male,,63.38420867919922,,,
,,,,, Divorced,, Not-in-family,,,,,,,
38.09714126586914, Private,,,,,,, White,,,65.65922546386719,,,
,,,,,,, Husband,, Male,,,,,
,,, HS-grad,,,,,,,,,,,
33.35712814331055,,197098.015625,,,,,,, Female,,,,,
,,197995.671875,,10.340438842773438,, Craft-repair,, White,,,,,,
,,184423.890625,,11.285603523254395, Married-civ-spouse,,,,,,,, United-States,
,,,,,,,,,,,,34.502628326416016,, <=50K
,,200335.515625, Bachelors,,,,, White, Male,,,,,
,,,,,, Other-service,,,,,,38.78224182128906,, <=50K
,,,,,, Prof-specialty,, White,,,,, United-States,
,,201377.25,,,,,, White,,,,,,
,,,,,,,,,,,,,, <=50K
,,,,,,,,,,,,,,
, Private,, HS-grad,10.978222846984863,,,,, Male,,,, United-States,
49.57577133178711,,,,,, Prof-specialty,,,,,,,,
, Private,,,,,,, White,,,,, United-States,
,,, HS-grad,9.399322509765625, Married-civ-spouse,,,,,,,,,
, Private,,,9.410370826721191,,,,,,,,, United-States,
37.55031967163086,,,,,,,,, Male,,,,,
,,, Some-college,,,,,,,,,31.562149047851562, United-States, <=50K
,,,,,,, Husband,, Male,-343.56787109375,68.15568542480469,, United-States,
,,, 10th,,,,,,,,18.198104858398438,, United-States,
,,202797.546875,,,,,,, Male,,82.11154174804688,,,
45.022918701171875,,,,,,,,, Male,,,,,
,,,,,,,,, Male,,54.49049758911133,,,
,,,,,,,, White,,,,36.519412994384766,,
, Private,, 7th-8th,,,, Husband,,,,,42.83134078979492,,
,,,,,,,, White,,,,,,
,,,,,,,, White, Male,,,,,
,,185379.59375, HS-grad,,,,,,,,,38.062198638916016,,
33.11787414550781,,191640.8125,,,,,,,,,,40.396236419677734,,
,,,,,,, Not-in-family,,,,49.833492279052734,,,
42.69193649291992,,196281.71875, HS-grad,,,,, White,,-4324.0185546875,,,, <=50K
47.530364990234375,,,,11.662982940673828,,,,,,4794.6376953125,,,,
,,,,,,,,,,,,,,
,,,,,,,,,,,,,, <=50K
,,,,,,,, White, Male,-2296.4951171875,,,, >50K
,,,,,,,, White,,,,46.85696792602539,,
,,, HS-grad,9.754778861999512,,,,,,,76.81290435791016,37.6412353515625,,
,,, Some-college,,, Protective-serv,, White, Male,,,, United-States,
,,188406.953125,,8.765926361083984,,,, White,,,,,, <=50K
,,,,,, Other-service,,,,264.3135986328125,,, United-States,
,,, Bachelors,, Never-married,,,,,,,,,
33.47822952270508,,,,,,,,, Female,,,, United-States,
,,,,,,,, White,,,,, United-States, <=50K
,,, Bachelors,, Never-married, Prof-specialty,,,,,,,,
, Private,202787.15625, Some-college,11.046561241149902,,,,, Male,,190.29380798339844,,,
,,,,,,,,,,,,,,
40.56125259399414,,195329.4375,,,, Craft-repair, Not-in-family, White,,,,,,
, Private,,,, Married-civ-spouse,,,, Female,,,,, <=50K
,,,,,,,,,,,,,,
, Private,,,,,,,,,,,,,
,,,,,,,,,,,,,,
,,,,10.010842323303223,,,,,,,,,,
,,, Some-college,,,,,,,,,39.82317352294922, United-States,
, ?,, HS-grad,,,,,,,-3768.583984375,,,, <=50K
32.831199645996094,,,,,,,,,,-3121.3974609375,,,, <=50K
,,, Bachelors,,,,,, Female,,,,,
,,,,,,,, White, Male,-453.8883056640625,,, Mexico,
,,184634.1875,,,,,,,,,,,, <=50K
,,189795.859375, HS-grad,,, Other-service,, White,,,,31.024662017822266,, <=50K
,,,,,,,, White,,,,,,
25.58056640625,,, Some-college,9.795845985412598, Married-civ-spouse,,,, Female,,,, United-States,
,,,,, Married-civ-spouse, Prof-specialty,,,,,,,,
,,,,,,,, White,,,,,,
,,,,,,, Own-child, White,,,,, United-States,
,,,,,,,,,,263.145751953125,,,,
,,,,,,,,,,,,,,
40.14530944824219, Private,,,,,, Not-in-family,,,,80.06634521484375,, United-States,
,,,,8.148700714111328,,,, White, Male,,,,,
,,,,10.218642234802246,,, Husband, White,,,,, United-States,
,,,,,, Craft-repair,,,,,61.429649353027344,42.360713958740234,,
,,,,,,,,, Male,,,,,
,,,,,,,, White,,,,,,
, Private,,,10.560343742370605, Married-civ-spouse, Sales,,,,,,,,
,,,,,,,,,,,,,,
34.648109436035156,,, HS-grad,,,,,,,,,,,
,,,,,,,,, Male,,,,,
,,,,, Married-civ-spouse,,,,,,,44.48344421386719, United-States,
34.94268035888672,,,,,,,,,,-3372.6826171875,,,, <=50K
44.05126953125,,,,11.342107772827148,,,, White,,,,, United-States,
,,191750.640625,,,,,,,,,,,,
,,,,12.42024040222168,,,,,,,215.07098388671875,43.19688034057617,,
,,,,,, Craft-repair,, White, Male,,110.7149658203125,,,
,,,,,, Craft-repair,, White, Female,,,46.23057556152344,, >50K
, Private,,,, Never-married, Adm-clerical, Not-in-family, White,,,,, United-States,
,,224232.890625,,,,,, White,,,,,,
,,,,, Divorced,,, White,,,,39.502506256103516, United-States,
,,,,, Married-civ-spouse,, Not-in-family,,,3704.037109375,,48.57225799560547,,
39.162818908691406,,,,,, Craft-repair,,,,,,,,
, Private,,,,, Machine-op-inspct,,,,,194.1031036376953,,,
,,, Bachelors,, Divorced,,,,,-2438.3076171875,,,, <=50K
,,,,,,,, White,,,,,,
37.261505126953125,,,,,,,,,,,,,,
,,,,,,, Not-in-family,,,,,,,
, Private,,,10.288871765136719,,,, White, Male,,,, United-States,
,,207263.359375,,9.180521011352539,,,,, Male,,73.57471466064453,46.52216339111328,,
,,,,,,,, White,,,,,,
,,,,,,,,,,,,, United-States,
27.71492576599121,,,,,,,,, Female,,,,,
30.019031524658203,,,,, Married-civ-spouse, Craft-repair,,,,,,,,
43.065673828125,,194892.4375,,,, Craft-repair, Husband,, Male,,,, United-States,
,,,,, Married-civ-spouse,,,,,-81.9154052734375,,, United-States,
,,182609.4375, HS-grad,,,, Husband,, Female,,,43.24374008178711,, <=50K
45.540218353271484,,,,10.850502967834473,, Craft-repair, Husband, White,,359.30450439453125,,,,
,,,,,,, Husband,,,,,,,
27.098281860351562,,,,,,,,,,,22.69934844970703,, United-States,
,,164254.171875, HS-grad,,,,,,,-3366.65869140625,,, United-States, <=50K
, Private,,,,,,,,,,,44.92247009277344,,
,,202903.484375,,,,, Husband,,,,68.23451232910156,41.6685676574707,,
,,,,13.226661682128906, Married-civ-spouse,, Not-in-family,,,,,,,
,,,,,,,,,,-3650.80224609375,-109.13230895996094,,, <=50K
, Private,,,,,,,, Female,,,,, <=50K
, Private,,,,,,,,,,54.26941680908203,,,
,,177406.78125, HS-grad,9.965648651123047,,,,,,629.7164306640625,,,,
,,, HS-grad,,, Craft-repair,, White,,,,,,
26.24524688720703,,, Bachelors,, Never-married,,,,,,,, United-States, <=50K
29.9134521484375,,,,, Married-civ-spouse,,,, Male,,,43.084495544433594,,
,,,,8.430037498474121,,, Own-child,,,,,, United-States, <=50K
, Private,185964.046875,,8.328361511230469,,,,, Male,,,44.85310745239258,,
,,189551.34375,,,,, Husband,,,,,,,
38.10715103149414, Private,198446.25,,,, Craft-repair,,, Male,71.8193359375,,49.84616470336914, United-States,
23.999977111816406,,,,9.415201187133789, Never-married,,,,,-212.1663818359375,17.943504333496094,,,
38.05128860473633,,,,,,,,,,761.091064453125,,,,
,,189572.578125,,,, Other-service,,,,,,,, <=50K
,,,,, Married-civ-spouse, Craft-repair,, White,,,,,,
,,,,,, Adm-clerical,,,,3630.8291015625,,,,
, Private,,,,,, Own-child, White,,,,, United-States,
43.322383880615234,,,,,,,,, Male,,,49.03437805175781,,
,,, Some-college,, Married-civ-spouse,,,,,,168.08346557617188,,,
38.129295349121094,,, 10th,,, Craft-repair,,,,,,, United-States,
,,,,,,, Not-in-family,,,,,,,
,,,,,,, Not-in-family, White,,,73.8878173828125,,,
,,,,,,,,,,,,, United-States,
,,,,10.817924499511719, Married-civ-spouse,,, White,,361.62921142578125,,,,
,,,,, Never-married,,,,,387.46673583984375,,, United-States,
,,175644.375,,,,, Husband,, Male,,,48.20854949951172,,
39.674373626708984,,,,9.842397689819336,, Craft-repair,,, Male,,89.8712387084961,,,
42.61227798461914,,,,,,, Husband, White, Male,,,,,
,,,,,,,,,,,52.991920471191406,, United-States,
,,,,,,,,,,,,36.2472038269043,,
,,,,,,,,, Female,-3038.06494140625,,43.41590881347656,, >50K
,,,,,,,,,,,39.685237884521484,,,
,,178243.96875,,,,,,,,,-29.1103515625,, United-States, >50K
,,,,10.523937225341797,, Other-service,,,,,,,,
27.637542724609375,,188517.28125,,,,,,,,,,,,
,,,,9.912080764770508, Married-civ-spouse,, Husband,, Male,,,48.02973175048828, United-States,
,,,,,, Craft-repair,,, Female,,,44.188987731933594,, <=50K
,,,,, Married-civ-spouse,, Not-in-family, White,,,,,,
,,, HS-grad,,,,,,,,,,,
, Private,,,,,,, White,,,,,,
,,,,,,,,,,,27.654544830322266,,,
,,, HS-grad,,,,,, Male,,,,,
,,208338.453125,,,,, Own-child,,,,,,, <=50K
, Private,,,12.572568893432617, Married-civ-spouse, Sales,,,,,,,,
, Private,195944.546875,,,,,,, Male,,,,,
,,188543.28125,,,,,,,,,,,,
, Private,, Some-college,9.501762390136719,,, Own-child, White,,,40.699371337890625,,,
32.211307525634766,,,,, Married-civ-spouse,,, White, Male,,,44.74530029296875,,
,,,,,,,,,,,,, United-States,
,,,,,,,,,,,,,,
,,,,,,,,,,,,37.27095413208008,,
,,202598.59375,,, Never-married,,,,,,,,,
46.82768249511719,,177693.3125,,,,,,,,,,,,
,,,,,,,,,,,,,,
,,,,, Married-civ-spouse,,,,,,62.772579193115234,,,
,,,,,, Craft-repair,,,,,,,,
,,,,7.943260192871094,,,,,,,-55.47248840332031,,, <=50K
, Private,, HS-grad,,,,,,,,,, United-States,
,,200240.03125, Bachelors,,,,, White, Female,,,,,
28.887786865234375,,195779.0625,,7.432746410369873,,,,, Female,,,,, <=50K
, Private,,,,,,,, Male,,,,,
,,,,,, Other-service, Own-child,,,,,,,
,,,,,,,, White,,,,38.982635498046875,,
, Private,188478.4375,,, Married-civ-spouse,,,,,,181.7740478515625,, United-States,
35.1181755065918,,, Bachelors,,,,, White, Male,,,,,
, Private,,,,,,,,,,,, United-States,
,,196223.796875,,,,,, White,,,,,, <=50K
32.15189743041992,,,,, Married-civ-spouse, Sales,,,,,,, United-States,
,,,,,, Craft-repair,,, Male,,,,,
,,,,,,, Own-child,,,,,,, <=50K
,,,,,,,,,,,206.44927978515625,,,
,,,,,, Other-service, Unmarried,,,,,, United-States, <=50K
39.79441452026367,,,,,,,,,,,,,,
, Private,,,,,, Own-child,,,-861.1651611328125,33.58650207519531,,,
,,,,,,,,,,,,38.406551361083984,,
,,,,9.158203125, Widowed, Adm-clerical, Unmarried, White,,,-16.523849487304688,36.13383865356445,, <=50K
,,,,,,,,,,184.33941650390625,,,,
,,,,,,,,,,,,,,
,,,,,,,,,,,,,,
,,, 11th,,,,,,,,-18.680740356445312,,,
,,189355.125,,,, Adm-clerical,,,,,,,,
, Private,,,,,,,,,96.28387451171875,,,,
,,204757.765625,,, Never-married,,,,,,,37.336124420166016,,
,,219401.53125,,,,,, White,,-680.2305908203125,,,,
, Private,,,,, Craft-repair,,,,,,,,
43.02516555786133,,,,,, Craft-repair,,,,,77.15130615234375,,,
,,,,10.41677188873291,,,,,,,,,,
,,,,,, Prof-specialty, Husband,,,,,,,
, Private,, Bachelors,,,, Husband, White, Male,,,,,
,,,,,, Adm-clerical,,,,,33.546810150146484,,,
,,,,,,,,,,,,,, <=50K
,,,,,,,,,,,,,,
,,, Bachelors,, Married-civ-spouse,,, White, Female,,,, United-States,
, Self-emp-inc,,,,,,,,,,,,,
41.15411376953125, Private,,,,,,,,,,,,,
,,,,8.816753387451172, Never-married,,,,,,,38.015750885009766,,
,,,,9.256173133850098, Never-married,,,,,,,,,
30.891151428222656,,,,, Married-civ-spouse,,,,,,,45.04376220703125,,
,,198401.078125, HS-grad,,,, Husband,, Male,,134.6142578125,,,
40.977073669433594,,185673.5625,,, Married-civ-spouse,,,,,,,,,
,,178596.875,,, Never-married,,,,,,,,,
,,,,,,,, White,,238.162841796875,,,,
,,,,,,,,,,,,,,
,,,,,,,,,,,,34.06321334838867, United-States,
,,,,,, Craft-repair,,, Female,577.1117553710938,,47.264747619628906,,
,,198050.03125,,,,,, White, Male,,107.06999206542969,,,
,,195134.78125,,9.384307861328125,,,, White,,275.78594970703125,,,,
,,,,,, Adm-clerical, Own-child,,,,67.5383529663086,40.77467346191406, United-States,
,,196251.078125,,,,,,,,,,,,
31.451976776123047,,,,,,,,,,,,36.8686408996582, United-States,
, Private,203140.609375,,9.542861938476562,, Craft-repair,,, Female,413.00823974609375,,,,
, Private,,,, Married-civ-spouse,,, White,,4741.875,,,,
35.41933059692383, Private,,,,,,,,,,,, United-States,
44.00017547607422,,,,,, Craft-repair, Husband,, Male,532.171875,99.86371612548828,,,
,,,,, Never-married,,,,,,,,, <=50K
35.854888916015625,,,,,,,,,,,,38.155426025390625, United-States,
,,193376.953125,,, Married-civ-spouse,,,,,,,39.95549011230469,,
, Private,,,, Married-civ-spouse,,, White,,-2888.38720703125,,,,
,,,,,,,, White, Male,,,,,
,,, Some-college,12.233884811401367, Married-civ-spouse,,,,,,,,,
,,, HS-grad,,,, Husband,,,,,,,
,,,,,, Craft-repair, Not-in-family,,,,,, United-States, <=50K
, Private,, HS-grad,,,, Not-in-family,,,,,,,
,,, HS-grad,,, Craft-repair,,,,,,, United-States,
42.224246978759766,,,,,,,,,,,,,,
, Private,,,,,,,,,,,,,
35.69439697265625, Private,,,10.978642463684082,, Adm-clerical,,,,,,,,
,,181132.71875,,,, ?,, White,,,,40.891265869140625,, <=50K
,,, HS-grad,,,,,,,,,,,
31.232370376586914,,, Some-college,8.957356452941895,,,,,,-332.3848876953125,,,,
, Private,,,, Never-married, Machine-op-inspct, Own-child,,,,52.44959259033203,43.820072174072266, United-States,
,,187373.96875,,, Married-civ-spouse, Craft-repair,,, Female,,,51.0425910949707,,
,,,,,,,,, Female,-3122.56005859375,,,, <=50K
,,,,9.4367094039917,,, Husband, White,,,101.86204528808594,,,
,,,,,,,,,,5444.169921875,242.61154174804688,,,
,,, HS-grad,,,,,,,-444.9522705078125,,38.38863754272461,,
42.57675552368164, Private,,,,,,,, Male,,,51.849525451660156,,
,,,,,,,,,,,,,,
44.19562530517578, Private,205708.96875,,,, Craft-repair,, White, Male,,,52.316585540771484,,
,,,,,,,,,,,47.55788040161133,, United-States,
, ?,,,,,, Husband,,,,,,, >50K
,,,,, Married-civ-spouse,,,,,,222.6903533935547,,,
,,,,,,,,,,,,42.469417572021484,,
,,,,,,,, White, Male,,,,,
,,,,8.997966766357422,,,,, Male,,,,,
47.91157531738281, Private,185596.390625,,,,,,,,,187.4095458984375,,,
,,193720.421875,,, Never-married, Adm-clerical,,,,,,,,
,,,,,,,,, Female,-2996.85498046875,,42.29413604736328, United-States, <=50K
,,,,,,,,,,,54.04314041137695,,,
,,197996.484375,,,,,, White,,,,, United-States,
,,, HS-grad,,,,,,,,18.16236114501953,32.984107971191406,,
34.86030960083008,,,,,,,,,,,,,, <=50K
,,,,,,,,,,-2949.10595703125,-59.045318603515625,,, <=50K
,,,,,,,,,,,,42.656494140625,,
, Private,,,9.482291221618652,,,,,,,,,,
,,188798.40625,,,, ?,,,,,,, United-States, <=50K
,,,,,, Adm-clerical,,,,,,, United-States,
, Private,,,10.273820877075195,,,,,,,,, United-States,
34.755889892578125,,181540.171875,,,,,,, Female,1295.138671875,,46.90191650390625,,
, Private,208269.5,,,,,, White,,,,, United-States,
21.9070987701416, Private,,,, Never-married,,,,,,,33.20052719116211,,
,,,,, Married-civ-spouse,,,,,4810.68994140625,,,,
, Private,,,8.981964111328125,,,,,,,90.83699798583984,,,
, Private,190834.0625, Some-college,10.628756523132324, Married-civ-spouse,,,,,,,, United-States,
,,,,,,,,,,,,,,
,,,,,,, Husband, White,,,,,,
,,, Bachelors,,,,,,,,,,,
,,, Some-college,, Married-civ-spouse,,,,,,39.220401763916016,,,
,,192692.375,,,, Prof-specialty,,,,,,45.772857666015625,,
, Private,, HS-grad,,, Craft-repair,, White,,,,,,
,,,,, Married-civ-spouse, Prof-specialty,,,,,,,,
,,,,,,,,,,,,,,
38.367618560791016,,,,,, Prof-specialty,,,,,68.07538604736328,,,
38.6885986328125,,,,,, Prof-specialty,, White,,,,,,
, Private,,,,,, Husband,,,,,,,
, Private,,,,, Craft-repair,,,,,,,,
37.714630126953125,,,,,,,, White,,,,,,
33.914398193359375,,,,,,,,,,,,, United-States,
,,, HS-grad,,,,,,,,,,, <=50K
,,,,8.8883056640625,,,,,,128.13201904296875,,, United-States,
,,204580.625,,,,,,,,,-5.969673156738281,,,
,,,,,,, Not-in-family,,,-256.119140625,,,,
, Private,,,, Never-married,, Not-in-family, White,,,,,, <=50K
, Private,, Some-college,9.798583984375,,,,,,,,35.92143630981445,,
,,, HS-grad,,,, Unmarried,,,,-95.9241943359375,,, <=50K
,,,,, Never-married,,,,,374.68182373046875,58.02753829956055,,,
33.16726303100586,,,,, Married-civ-spouse, Exec-managerial,,,,,,,,
,,,,,,,,,,4517.6923828125,,,,
,,,,, Divorced,,,,,,,,,
,,,,,,,, White,,425.25689697265625,,,,
,,,,12.566051483154297,,, Not-in-family,,,,,, United-States,
,,,,, Married-civ-spouse,,,,,,57.17218017578125,40.74784851074219,,
, Private,,,,, Craft-repair,,, Female,,,,,
,,,,,,,,,,-155.9488525390625,46.83411407470703,,,
,,,,, Never-married,,,,,-250.40478515625,23.603912353515625,,,
25.73574447631836,,191365.578125, Some-college,, Married-civ-spouse,,,, Female,,48.03154754638672,46.73710250854492,,
,,,,,,,,,,,,,,
,,,,,,,,,,,,40.497802734375,,
34.74705123901367,,,,9.059906005859375,,,,,,,,, United-States,
38.61649703979492, Private,195663.125,,9.620586395263672,,,, White,,,,42.055294036865234,,
,,,,, Married-civ-spouse,,,,,,,44.797672271728516,,
,,,,,,,,,,,,,,
,,,,7.660776138305664,,,,,,-3393.7958984375,,, United-States, <=50K
,,,,,,,, White,,,,,, <=50K
,,, HS-grad,,,,,,,,,,, <=50K
, Private,199935.234375,,,,,, White, Female,,,45.92013168334961,,
,,, HS-grad,,,,,,,,,,,
,,,,,,,,,,-3710.0009765625,,34.21053695678711,, <=50K
,,,,, Never-married, Adm-clerical,,,,,51.0765495300293,40.082576751708984,,
46.044105529785156,,187156.640625,,,,, Not-in-family,,,,,45.03418731689453,,
,,,,11.562445640563965,,,, White,,,,,,
, Private,,,,,,, White,,,-55.37785339355469,, United-States, <=50K
, Private,,,, Married-civ-spouse,,,,,4174.13525390625,,47.765785217285156,,
, Private,,,, Married-civ-spouse,,,,,1708.5234375,115.02479553222656,,,
, Private,,,,,,, White,,,,,,
,,,,,,,,,,,,36.600059509277344,, <=50K
37.96364974975586,,, 10th,, Married-civ-spouse,, Own-child, White,,,21.04735565185547,,,
,,,,9.829814910888672,,,, White,,,,42.058624267578125,,
,,,,,,,,, Male,,,46.217315673828125, United-States,
,,,,9.87937068939209,,,,,,,,,,
,,,,,, Craft-repair,,,,43.6956787109375,,42.265254974365234,,
42.61562728881836,,, Some-college,11.437861442565918,,,,,,3370.31591796875,,46.01948165893555,,
,,,,,,,,,,,,,,
,,,,, Married-civ-spouse,,,,,,,, United-States,
,,,,, Married-civ-spouse,,,, Male,,25.50208282470703,43.462711334228516,,
37.050323486328125,,184449.78125,,,,,,,,787.1109008789062,,44.913055419921875, United-States,
,,,,,,,,,,1686.799072265625,,,,
29.267162322998047,,198847.171875,,,,,,, Female,,,,,
, Private,,,,,,,,,,,,,
,,, Some-college,8.0157470703125,,,,,,,,,, <=50K
,,,,,,,,, Male,,41.93653869628906,43.54075241088867, United-States,
,,192797.296875,,9.296187400817871, Never-married, Other-service,, White,,,,40.09782409667969, United-States, <=50K
, Private,189400.1875,,11.095072746276855,, Adm-clerical, Not-in-family,,,,,,,
, Private,,,, Married-civ-spouse, Machine-op-inspct,,,,,,,,
, Private,197905.84375,,,, Craft-repair, Husband,, Male,,,, United-States,
29.04970932006836,,184362.328125,,,,,,,,468.70123291015625,,,,
37.93043518066406,,,,9.869270324707031,,,,,,109.905517578125,61.22406768798828,42.52058792114258,,
,,,,,,,,, Male,,,,,
,,,,10.165035247802734, Never-married,,,,,,,,,
,,165774.703125,,,,,,,,,-24.966827392578125,,, >50K
35.74413299560547,,,,,, Adm-clerical,,,,,-60.41917419433594,,, <=50K
,,175846.046875,,,,,,,,,,,,
,,,,,,,, White, Male,-531.6729736328125,59.92729187011719,, United-States,
,,, Some-college,9.18618392944336,,,,,,,,,,
,,194427.3125,,8.258822441101074,,,,,,,,,, <=50K
, Private,, HS-grad,,,,, White,,,40.179237365722656,39.47581481933594,,
,,,,,,,,,,,,, United-States,
,,, HS-grad,,, Craft-repair,,,,,59.05179977416992,45.17914581298828, United-States,
,,, HS-grad,7.389910697937012,,,,,,,,35.15904235839844,, <=50K
,,,,,,,,,,,,,, <=50K
, Private,,,,,,,,,,,,,
, Private,,,,,,,,,,,33.32984924316406,,
,,,,,,,,,,-3159.65478515625,,30.493310928344727, United-States, <=50K
, Private,,,,,,, White,,,,, United-States,
,,,,8.453168869018555, Never-married,,,,,,-98.29994201660156,,, <=50K
,,,,,,,,,,1348.312744140625,,, United-States,
, Private,,,8.824097633361816,,,,,,,,,,
,,,,,,,, White,,,,33.969032287597656, United-States,
,,,,,,,,,,,,, United-States,
,,,,,, Craft-repair,, White, Female,,,41.784751892089844,, >50K
,,,,,,,,,,,,,,
43.513153076171875,,,,,,,,,,,190.19558715820312,, United-States,
27.736833572387695,,,,,,,,,,,,,, <=50K
,,,,10.767346382141113, Married-civ-spouse, Exec-managerial,,,,,,, United-States,
32.63235855102539,,184657.359375,,,,,,,,,,, United-States,
,,,,, Married-civ-spouse,,, Asian-Pac-Islander, Female,,,,, <=50K
,,,,, Married-civ-spouse,,, White,,,,,,
,,, Some-college,, Married-civ-spouse,,,,,3724.70361328125,,, United-States,
, Private,,,,,,, White,,-2144.36083984375,,,,
, Private,,,,,,,,,,,,,
,,,,,,, Not-in-family, White,,,,, United-States,
,,,,,,,,,,-2169.98974609375,,33.24285125732422,, <=50K
,,,,, Married-civ-spouse,,,,,,,, United-States,
,,184044.734375, Some-college,11.87521743774414, Married-civ-spouse,, Not-in-family,,,,188.4248046875,,,
30.967206954956055,,,,,,,,, Female,,,,,
, Private,,,, Divorced,,,,,-165.49072265625,,,,
,,, Some-college,, Married-civ-spouse,,,, Male,,,,,
,,,,,,,,,,,,37.11648178100586,,
,,,,,, Other-service,,,,,,32.80949783325195,, <=50K
,,192567.125,,,, Craft-repair, Husband,, Male,,108.71257019042969,, United-States,
, Self-emp-not-inc,,,,,, Husband,, Male,,,,,
,,,,, Married-civ-spouse,,, White,,,,,,
,,, Some-college,, Never-married,,,,,,,38.556697845458984,, <=50K
,,187777.734375,,,,,,,,,56.124244689941406,,,
33.6807861328125,,,,,, Craft-repair,,, Female,,,45.675331115722656, United-States, <=50K
,,193456.484375,,,, Craft-repair,,, Male,,105.45182037353516,50.10926818847656,,
, Private,,,,,,, White,,-3829.70068359375,,, United-States, >50K
,,,,10.563379287719727,, Craft-repair,, White, Male,,,,,
,,,,, Never-married, Sales,,,,,77.58403015136719,,,
,,,,,,,,,,,,39.5449104309082,,
,,, Some-college,, Never-married,,,,,,,,,
,,186459.578125,,8.453556060791016, Never-married,, Own-child,,,,,,, <=50K
27.843914031982422,,179088.875, Some-college,,,,,,,,31.05809783935547,,,
,,,,10.558798789978027,,,,,,,,,,
,,,,, Divorced,,,,,-1256.0372314453125,,39.38932418823242,, >50K
,,,,, Never-married,,,,,,,,,
, Private,,,,,,,,,,,, United-States, <=50K
,,,,,,,, White, Female,,,, United-States,
, Private,,,,,,,,,,,,, <=50K
,,211606.75,,,,,,, Male,-343.36962890625,,,,
,,,,10.25812816619873,,,,,,,70.57047271728516,, United-States,
,,170851.71875,,,,,,,,,,,,
,,,,,,,,,,,,41.51502990722656,,
,,, HS-grad,,, Craft-repair, Husband,, Male,,109.27118682861328,,,
,,,,,,, Husband, Asian-Pac-Islander,,,,,,
, Private,,,8.003772735595703,,,,,,,,,, <=50K
, Private,, HS-grad,, Divorced,,,,,,,34.10502624511719,, <=50K
,,,,,, ?,, White,,-45.486572265625,,,,
, Private,,,, Married-civ-spouse, Craft-repair,,, Male,,,,,
,,,,,,, Not-in-family,,,,,36.14556121826172,, <=50K
,,,,,,,,,,,,,,
,,, Bachelors,,,,,,,,,,,
,,,,,,,,,,,,,, <=50K
,,173376.8125,,9.532842636108398,,,,,,918.7608032226562,,, United-States,
, Private,177375.96875, Bachelors,, Married-civ-spouse,,, White,,,,,,
,,,,,,,,,,,,,, <=50K
,,,,,,,,,,,,, United-States,
33.92634201049805,,,,,, Craft-repair,,, Female,,,,,
,,, HS-grad,,,, Husband,,,-187.8359375,,,,
33.83565902709961, Private,183058.375,,,,, Not-in-family,,,,,,,
,,,,, Married-civ-spouse,, Own-child,, Female,-2948.5126953125,,, Cambodia,
, Private,,,,, Other-service, Own-child,,,-946.5555419921875,,, United-States,
31.323060989379883, Private,,,,,,,, Male,,,,,
, Private,,,,,,,,,-3643.337890625,,32.049598693847656,, <=50K
39.200931549072266,,,,11.523812294006348,, Exec-managerial, Not-in-family,,,,,, United-States,
, Private,,,10.041143417358398,,,, White,,,44.229923248291016,,,
,,,,,,,, White,,,,,, <=50K
47.23643493652344,,,,,,,,, Female,,,,,
, Private,,,,,, Own-child,,,,,39.508811950683594,,
,,, Some-college,11.941060066223145,, Craft-repair,,, Male,,,,,
,,190937.765625,,, Married-civ-spouse,, Husband,, Male,,,,,
,,,,,,,,,,,,,,
34.73610305786133, Private,, HS-grad,8.63551139831543,,,,,,,,39.47869110107422,,
, Private,, Bachelors,,,,,,,,-43.022918701171875,,, >50K
,,,,, Married-civ-spouse,,,,,-282.5035400390625,,, United-States,
, Private,,,,,,,,,,,,,
,,,,,,,, White, Male,,,,, <=50K
,,,,9.510709762573242,,,,,,,,40.90754699707031,,
,,,,,,,,, Male,,,,,
, Private,,,,,,,,,,,,,
,,180908.765625,,, Married-civ-spouse, Exec-managerial,,,,,,,,
,,199347.8125,,,,,,,,,,37.75960922241211,,
,,, Bachelors,,,,,,,,222.9270782470703,47.851619720458984,,
,,199586.78125, HS-grad,,,,,, Female,,0.7441253662109375,,,
32.259944915771484,,, Some-college,, Married-civ-spouse, Craft-repair, Not-in-family,,,,,,,
, Private,,,8.662327766418457,,,,,,58.9873046875,44.046875,, United-States,
,,,,,,, Husband, White, Male,5472.34375,,, United-States,
34.42886734008789,,,,,,,,,,,60.29180145263672,43.947933197021484,,
,,,,,, Prof-specialty, Not-in-family, White,,1482.773193359375,,, United-States,
, Private,,,,,,,,,,,,,
,,,,,,, Husband, White,,-262.0550537109375,,,,
, Private,,,,,,,,,,,,,
, Private,,,,,,,, Male,5232.54248046875,,,,
,,,,,,,,,,,79.76255798339844,,,
, Private,,,,,, Not-in-family,,,529.326416015625,66.79530334472656,,,
24.62173080444336,,, HS-grad,, Married-civ-spouse,,, Asian-Pac-Islander, Female,-3868.8662109375,,,, <=50K
,,185174.140625,,,,,, White,,,,39.01506042480469,,
,,, Some-college,,,,, White,,,,,,
,,,,,,,, White, Male,,,,,
,,,,,, Craft-repair,,,,,,,,
, Private,,,,,, Not-in-family,,,,,,,
,,197709.921875, Some-college,,, Craft-repair,, White,,,67.461669921875,, United-States,
31.80733871459961,,192446.078125,,,,,,,,-122.4595947265625,,,,
,,217725.640625,,, Never-married,,,,,,,,,
,,,,,,,,,,,,,, <=50K
,,,,, Never-married,,,,,38.4931640625,,39.33272171020508,,
,,,,,,,,, Male,-90.0909423828125,,,,
,,, HS-grad,, Divorced,,, White,,,,37.78406524658203,,
,,,,,,,,,,,,46.41102981567383,,
, Private,,,,,, Husband,, Male,3454.3701171875,,,,
,,,,,,, Own-child,,,,59.83042907714844,40.37972640991211,,
, Private,185205.203125, HS-grad,,,,,, Male,,,,,
,,,,,,,,,,,197.30953979492188,, United-States,
,,, Bachelors,, Married-civ-spouse,,,,,,,,,
,,,,,,,, White,,,84.505615234375,,,
,,,,10.966726303100586,,,,,,,,,,
, Private,, HS-grad,,,,,,,,,,, <=50K
,,188436.53125,,,,,,,,,,, United-States,
, Private,,,,,,,,,,-1.7342071533203125,,, >50K
41.18464660644531,,,,9.750884056091309,,,,,,,,42.56283950805664,,
38.90996170043945,,,,,, Craft-repair,,, Male,,,,,
, Private,,,,,,,,,,,,, >50K
,,,,,,, Husband,, Male,,-30.41698455810547,, United-States, >50K
,,,,,,,,,,,,,, <=50K
38.485069274902344,,,,,,,,,,,53.390037536621094,,,
, Private,,,,,,,, Female,-139.01513671875,,,,
37.62035369873047,,, Bachelors,,, Prof-specialty,,,,,,47.168785095214844,,
,,,,, Married-civ-spouse,, Not-in-family,,,,48.83543395996094,,,
,,,,, Married-civ-spouse,,,,,,,,,
35.71129608154297,,183871.34375, Bachelors,,,,,,,,,,,
, Private,,,, Never-married, Prof-specialty,,,,,,, United-States,
,,,,11.55334758758545,,,,,,,,,,
, Self-emp-inc,,,,,,,,,,,,,
,,196805.03125,,9.322805404663086,,,,,,,,33.79841995239258,,
, Private,177427.828125,,,,,, White,,4394.45947265625,226.4036102294922,,,
,,,,,,, Not-in-family,,,,,39.610599517822266,,
, Private,, HS-grad,10.745551109313965,,, Husband, White,,,188.64065551757812,45.16986846923828,,
,,189234.359375,,10.231415748596191, Never-married,,,,,,,,,
42.886478424072266,,192803.015625,,,,, Husband, White,,,,44.64719772338867,,
,,, HS-grad,10.301542282104492, Divorced,,,,,,,, United-States,
,,164142.5625, Bachelors,, Divorced, Prof-specialty,,,,,,36.727413177490234,, <=50K
,,,,,,,,,,,-73.44927978515625,,, <=50K
,,, Bachelors,,,,,,,426.1351318359375,,,,
, Private,,,,,,,,,,,,,
,,,,9.645126342773438,,, Husband,, Female,,131.11082458496094,, United-States,
44.85591506958008,,,,,,,,,,,,, United-States,
,,,,,,,,,,-2795.44873046875,,, United-States, <=50K
,,,,,,,,,,,,,,
,,,,,,,,,,,41.553955078125,,,
, Private,, HS-grad,, Married-civ-spouse,, Not-in-family,,,,74.8296127319336,,,
,,,,,,, Own-child,,,,,, United-States,
, Private,193949.28125,,11.891419410705566, Married-civ-spouse,, Not-in-family,,,4124.07177734375,207.10223388671875,,,
,,,,8.2556734085083,,, Unmarried,,,,-35.42247009277344,34.569984436035156,, <=50K
,,,,9.516997337341309,, Adm-clerical, Unmarried,,,,,,, <=50K
,,,,8.405301094055176,,,,, Male,,,,,
,,, HS-grad,8.98095417022705,,,,,,,,,,
,,179853.25,,9.719937324523926,,,,,,,,,,
,,,,8.131771087646484,,,, White,,,-80.24589538574219,,, <=50K
,,,,, Married-civ-spouse,,, White,,,,,,
,,,,, Married-civ-spouse,, Husband,, Male,972.4800415039062,,,,
33.611331939697266,,199014.75, Some-college,,, Other-service,,,,,43.762088775634766,,,
,,188108.453125,,, Never-married, Prof-specialty,,,,501.32171630859375,,, United-States,
,,,,,,,,, Male,,,,,
41.67328643798828,,,,,,,, White,,4367.30859375,,,,
,,,,,,,,, Female,,,,,
,,,,, Never-married,, Own-child,,,,,,,
,,,,, Married-civ-spouse, Craft-repair,,, Female,,-33.06401824951172,,, <=50K
,,,,,,,,, Male,,,,,
41.568233489990234, Private,,,,,,,,,,57.11078643798828,35.025978088378906,,
, Private,, Bachelors,,,,,,,,218.0444793701172,,,
,,,,11.881294250488281,, Exec-managerial,,,,,183.521484375,,,
, Private,,,, Married-civ-spouse,, Not-in-family, White,,,,, United-States,
30.516048431396484,,188269.5, HS-grad,,,,,,,,,38.552677154541016,,
,,, Some-college,10.54520320892334, Divorced, Adm-clerical,, White,,170.36474609375,38.152069091796875,36.85601043701172,,
25.960966110229492, Private,195832.640625,,,,,,, Female,-3436.01025390625,,,, <=50K
,,,,,,,,, Male,5771.94580078125,,,,
,,191061.71875,,,,,,,,3904.27587890625,,43.337745666503906,,
33.4437255859375,,192023.0,,,,,, White,,,-124.17483520507812,,, >50K
37.50745391845703,,195391.71875,,,,,, White,,,,,,
,,193707.078125,,,,,,,,,,, United-States,
33.62008285522461,,,,,,,, White,,-377.0018310546875,,,,
,,190150.921875,,, Married-civ-spouse, Craft-repair,,,,,,49.10419464111328,,
37.671897888183594,,191353.90625,,,,,,,,,54.26492691040039,,,
,,,,,,,, White,,,,41.633087158203125,,
28.662919998168945,,,,7.232327938079834,,, Husband,, Female,,,,, <=50K
, Private,192343.671875,,, Never-married,, Not-in-family, White,,,,,, <=50K
,,, HS-grad,,,,,,,-692.954833984375,,, United-States,
33.643253326416016, Private,193574.078125,,, Married-civ-spouse,,,,,,,,,
,,,,,, Other-service,, White,,,,,, <=50K
,,192200.609375,,, Married-civ-spouse,,, White, Female,,,,, <=50K
,,, HS-grad,,,, Husband, White,,,,,,
,,, HS-grad,,,,,,,-81.19921875,,,,
,,,,,, Craft-repair,, White,,,,,,
,,,,,,,,,,,,35.95453643798828,,
, Private,,,,,,,,,-227.076416015625,,39.25235366821289,,
, Private,, HS-grad,, Married-civ-spouse,,,,,,,,,
33.79338836669922,,,,7.939791202545166,,, Not-in-family,,,,-51.93473815917969,, United-States, <=50K
,,,,,, Craft-repair,,,,,60.73194885253906,,,
,,,,,, Craft-repair,,,,,,,, <=50K
,,196012.109375,,,,,,,,-66.4599609375,,,,
,,,,,,,,,,,,, United-States, <=50K
,,197526.015625,,,, Other-service,, White,,,-55.357269287109375,,, <=50K
,,,,9.95624828338623,,,,,,,,,,
40.70087432861328, Private,, Some-college,,, Craft-repair,,,,,,47.387935638427734,,
,,,,9.02198600769043,,,, White,,149.17059326171875,,, United-States,
,,,,10.023067474365234,,,,, Female,,,,,
,,,,,,,, White,,,,,,
,,,,10.043741226196289,,,, White,,828.1792602539062,,43.1871223449707,,
, Private,188300.46875,,,,,,, Male,,207.85385131835938,,,
, Private,,,,,,, White,,,,,,
,,,,,,,,,,,,40.71133804321289,,
,,, Masters,,, Prof-specialty,,,,,,,,
44.15720748901367, Self-emp-inc,,,,, Prof-specialty,,, Male,,,,,
,,,,7.064789772033691,,,,,,,-61.504119873046875,, United-States, <=50K
,,,,9.391645431518555,,,,, Female,,,,,
,,, Bachelors,, Married-civ-spouse, Prof-specialty,,,,,,, United-States,
,,, HS-grad,,, Craft-repair, Own-child, White,,-901.5372314453125,,,,
,,,,,,,, White,,,76.71649169921875,41.911155700683594,,
,,,,8.21423053741455,,, Not-in-family, White,,,-32.362937927246094,39.473751068115234,, <=50K
, Private,186165.015625,,, Married-civ-spouse,, Not-in-family, White,,,159.3685760498047,,,
, Private,187248.015625,,7.5342230796813965,,,,,,,,31.30183982849121,, <=50K
,,,,9.223541259765625,,,,,,,,,,
,,177863.578125,,7.311199188232422,,,,,,,,,, <=50K
,,,,,,, Own-child, White,,,,, United-States, <=50K
,,, Some-college,10.481525421142578,,,,,,,,38.07316970825195,,
,,, HS-grad,9.275884628295898,,,,,,,,,,
19.39704132080078, Private,175312.203125,,, Never-married,,,,,,,, Vietnam, <=50K
,,190140.546875,,, Never-married, Other-service,,,,,-65.99603271484375,,, <=50K
,,,,10.821826934814453,,, Not-in-family,,,-154.3262939453125,,,,
, Private,,,, Married-civ-spouse, Machine-op-inspct,, White,,,,,,
31.266769409179688,,,,,,,,, Male,,,43.92448425292969,,
,,, HS-grad,7.450738906860352,,,,, Female,,,41.913211822509766, United-States, <=50K
46.304325103759766,,204269.734375,,,, Craft-repair,,, Male,,243.60411071777344,,,
,,,,,,, Not-in-family, White,,,,,,
,,,,,,, Unmarried,,,,-49.1824951171875,,, <=50K
, Private,,,, Widowed,,,,,-3012.4111328125,-63.55335998535156,,, <=50K
52.544189453125,,,,,,, Husband,, Male,,,54.950660705566406,,
,,,,13.400619506835938,, Exec-managerial,,,,4327.4169921875,,,,
, Private,,,,,,,,,,,,,
,,,,,,,, White, Female,,,,, <=50K
,,179856.0625,,11.684406280517578, Married-civ-spouse,, Not-in-family,,,1984.05517578125,124.09402465820312,,,
,,,,,,,,,,,,45.054649353027344,,
39.54273223876953,,,,,, Craft-repair,,,,,,,,
,,,,8.545737266540527,,, Husband, White, Female,,-20.946022033691406,,, >50K
30.47466278076172,,,,, Never-married,, Unmarried,,,,,,, <=50K
,,,,,, Prof-specialty, Husband,,,641.7257080078125,97.1473617553711,,,
,,196903.8125,,8.556075096130371,,, Husband,, Female,,,46.10951614379883,, <=50K
, Private,,,, Never-married,,,,,-294.490966796875,13.130630493164062,33.85253143310547,,
,,198345.28125,,,, Adm-clerical,, White,,,47.46844482421875,,,
46.62562942504883,,,,,,,,,,,,,,
39.232723236083984,,,,,,,,,,,89.65135955810547,,,
,,179913.8125,,12.177509307861328,, Exec-managerial,,,,,,,,
,,187742.4375,,,,, Not-in-family,,,,,,,
,,, HS-grad,,,, Husband, White, Male,,,, United-States,
,,,,, Never-married,, Not-in-family,,,,,31.975780487060547,, <=50K
,,,,, Married-civ-spouse,,,, Female,,59.896541595458984,, United-States,
34.4187126159668,,,,8.511672973632812,,, Not-in-family, White,,,,33.66314697265625,, <=50K
,,,,,,,,, Female,,47.85520935058594,,,
,,,,,,, Not-in-family, White,,-84.91943359375,71.15229034423828,, United-States,
,,196701.96875,,, Married-civ-spouse,,,,,,44.50981521606445,,,
,,,,,,,,,,-224.77880859375,,,,
,,198404.4375,,,,,,, Male,,,,,
, Private,,,8.162759780883789,,,,,,,-55.530609130859375,,, <=50K
,,,,, Married-civ-spouse,,,,,,,38.046451568603516,,
,,,,,,,,,,,38.12348937988281,,,
39.91299057006836,,, HS-grad,,, Craft-repair, Not-in-family,,,,,44.299564361572266, United-States,
,,199430.5,,,,,,,,-3353.517578125,,,, <=50K
34.77787399291992, Private,,,,,,,,,,,,,
,,,,,,,,,,,,,, <=50K
,,,,,, Craft-repair,,, Male,,,48.259765625,,
,,,,9.515213012695312,,,, White,,446.22332763671875,,,,
,,,,11.069899559020996,,,,, Male,,,,,
,,,,,,,,,,,,,,
, Private,180023.484375,,,,,,,,-133.4552001953125,,,,
, Private,,,, Never-married,,,,,,,,,
,,172927.40625, HS-grad,,,,,,,-2853.97216796875,,,, <=50K
25.3118896484375,,, Some-college,9.812118530273438, Married-civ-spouse,,,, Female,305.15032958984375,,47.145904541015625, United-States,
,,185589.75,,,, Prof-specialty,,,,,,48.27193832397461,,
,,,,, Never-married,,,,,,,,,
,,199897.484375,,,,,,,,-308.056640625,37.98291778564453,,,
28.669300079345703,,,,,, Craft-repair,,, Female,,,, United-States, <=50K
, Private,,,,, Craft-repair,,,,,207.06288146972656,,,
,,,,,,, Husband,,,-70.1505126953125,,,,
,,,,, Married-civ-spouse,,, White, Female,,,, United-States,
43.151763916015625,,196099.734375,,,,,,,,,,,,
, Private,,,12.214274406433105,,,,,,3484.06982421875,,42.52957534790039,,
,,, Some-college,,, Adm-clerical, Own-child,,,,,,, <=50K
,,,,,,, Husband,, Male,,84.31047821044922,,,
,,,,,,,,,,,46.09095001220703,, United-States,
,,,,,,,,,,,51.23163986206055,,,
, Private,,,, Married-civ-spouse,,,,,509.48291015625,,,,
,,,,, Never-married,,,,,,28.021732330322266,,,
,,,,, Married-civ-spouse,,, White,,,31.951770782470703,,,
39.259437561035156,,188746.140625,,,, Craft-repair,,,,,67.51156616210938,,,
32.167266845703125,,183597.40625,,,,,,,,,,, United-States,
,,, HS-grad,10.330873489379883, Married-civ-spouse,,,,,960.6959228515625,54.55673599243164,45.56371307373047,,
, Private,,,, Never-married,,,,,,,,, <=50K
44.451080322265625,,,,,,,,,,,,46.663082122802734, United-States,
,,188001.71875, HS-grad,,,,,,,-92.1346435546875,52.11674118041992,41.26718521118164, United-States,
,,,,,,,,,,,,,,
,,188087.640625,,,,,,,,,,38.0841064453125, United-States,
, Private,195938.875,,10.426692962646484,,,,,,3320.58203125,,,,
,,172376.5, HS-grad,,,,,,,,,,,
,,,,,,,,,,,,,,
,,182020.625,,9.838851928710938,,,,,,,,,,
31.670154571533203,,, HS-grad,, Married-civ-spouse,,,,,-867.8385009765625,24.589069366455078,41.09524917602539,,
,,,,,,,,, Male,,,,,
37.26167678833008,,, Bachelors,,,,,,,,-77.85719299316406,39.92003631591797,, >50K
48.14522933959961,,,,,,,,,,,224.37684631347656,, United-States,
,,,,,,, Unmarried,,,,-91.43310546875,,, <=50K
,,,,8.666852951049805, Never-married,,,,,-2644.70751953125,,,, <=50K
,,,,,, Prof-specialty,,,,,,,,
,,, Bachelors,, Never-married,,,,,,,,,
,,,,,,,,,,,,,,
,,191654.4375, HS-grad,9.297469139099121,,,, White,,,,40.65289306640625,,
,,,,8.703343391418457,,,,,,,,, United-States, <=50K
, Private,192574.34375,,,,,,,,,,,,
,,204300.375,,,,,,,,,,,, <=50K
39.806785583496094,,,,,,,,, Female,1310.4229736328125,,,,
, Private,,,,,,,, Male,,,,,
,,200579.5625,,11.90705680847168,,,, White,,,,, United-States,
,,,,,,,,, Female,,-25.88434600830078,, United-States, >50K
, Private,,,10.022339820861816,, Adm-clerical,, White,,,49.93059158325195,,,
,,,,, Never-married,,,,,-175.29833984375,,, United-States,
,,,,,,,,,,,,,,
, Private,198606.671875,,,,,,,,,,,, <=50K
38.0106086730957,,,,,,,, White,,,77.99639892578125,, United-States,
,,,,,,,,, Male,593.4058227539062,,,,
,,199000.171875,,, Never-married,,,,,,48.153404235839844,42.977195739746094,,
,,,,, Never-married,,, White,,,,,, <=50K
,,,,9.658531188964844,, Craft-repair,,,,,,,,
40.753089904785156,,, Some-college,,,,,,,,,,,
,,,,,,,,, Male,38.342529296875,,,,
,,173659.34375,,, Divorced,,,,,,-30.963211059570312,,, <=50K
42.28580856323242,,,,,, Craft-repair,,, Male,,,,,
,,,,9.985715866088867,,, Husband, White,,,,,,
,,185540.0625,,,,,,, Female,,-45.54634094238281,, United-States, >50K
45.232627868652344,,,,,,,,,,,,,,
, Private,,,,, Craft-repair,, White, Male,-2.940185546875,85.90162658691406,,,
,,,,,,,, White,,,207.25473022460938,46.3581657409668,,
,,,,, Never-married,,,,,,,,,
30.207298278808594,,,,,,,,,,-174.7618408203125,13.440483093261719,,,
37.01375198364258,,,,,,,,,,,52.618839263916016,35.37639617919922, United-States,
, Private,,,,,, Not-in-family,,,,100.31986236572266,, United-States,
,,,,, Never-married,,,,,,33.778411865234375,,,
35.03373336791992, Private,192476.3125,,,,,,,,,23.60174560546875,,,
,,, Some-college,,, Craft-repair,,,,,53.289005279541016,, United-States,
,,195054.21875,,, Never-married,,, White,,720.366943359375,,,,
, Private,168677.34375,,13.022148132324219, Married-civ-spouse,, Not-in-family,,,,,,,
,,,,,, Prof-specialty,,, Male,,,,,
,,,,,,, Not-in-family,,,,,,,
,,, HS-grad,,, Other-service,,,,-394.8402099609375,,35.63490676879883,,
,,, Some-college,12.751346588134766, Married-civ-spouse,,,,,,,,,
26.661653518676758,,,,,,,,, Male,,,,,
,,,,, Married-civ-spouse, Prof-specialty, Not-in-family,,,,,46.49213790893555,,
, Private,,,,,,,,,,204.02516174316406,,,
,,,,,, Craft-repair,,, Female,,,,,
,,185006.484375,,,,,,,,,,,,
,,,,,,,,, Male,5583.349609375,,,,
,,,,,, Adm-clerical, Not-in-family, White,,567.0926513671875,79.38581848144531,40.59269332885742,,
,,, HS-grad,9.180108070373535,,, Not-in-family,,,-5504.1005859375,,,, <=50K
35.957908630371094,,,,,,,,,,,,,,
,,, HS-grad,,,, Husband,, Male,,,,,
37.37356948852539,,,,10.439865112304688,,,,,,249.0732421875,,45.034088134765625,,
,,,,, Divorced,,,,,,,,, <=50K
33.740150451660156,,,,9.243383407592773,,,,, Male,,,,,
,,,,,,,,,,,,44.55782699584961,,
,,, HS-grad,,,,,, Male,,,, United-States,
33.63899230957031,,,,,,,,,,401.97149658203125,,,,
, Private,,,10.103826522827148,,,, White, Male,,,,,
,,,,,, Other-service,, White,,-3461.41650390625,,,, <=50K
,,,,10.602705955505371, Married-civ-spouse,, Not-in-family,,,,77.38529205322266,,,
,,,,11.520230293273926, Married-civ-spouse,, Husband,, Female,,,, United-States,
41.868465423583984,,,,,,, Not-in-family,,,365.83038330078125,65.77101135253906,,,
,,,,,,,, White,,,77.5085220336914,,,
,,,,, Married-civ-spouse,,,,,,,, United-States,
,,,,,,, Husband,,,,,,,
,,,,9.847618103027344,,,,,,,,,,
,,,,,,, Husband,,,,,,,
36.51887130737305,,,,,, Craft-repair,,, Female,282.71533203125,,,,
,,,,, Never-married,,,,,,,, United-States, <=50K
,,,,, Never-married,,,,,-341.601318359375,,,,
, Private,,,10.506895065307617,,,,,,,,,,
30.954866409301758,,, HS-grad,6.84666633605957,,,,,,,,,, <=50K
,,,,, Married-civ-spouse,,,, Female,354.59625244140625,,, United-States,
,,, HS-grad,,,,,,,,,,,
44.643165588378906, Private,,,,, Craft-repair,,,,,,,,
, Private,,,, Married-civ-spouse,,,, Female,,,47.07838439941406, United-States,
,,189948.34375,,,,, Not-in-family,,,,,,, <=50K
,,193380.859375,,,,, Not-in-family, White,,,-9.306312561035156,,, <=50K
,,,,,,,, White,,,,,, <=50K
50.80118179321289,,,,,,, Husband, White, Male,,102.95166015625,48.853111267089844,,
, Private,177215.890625,,,,,,,,,,38.063446044921875, United-States,
, Private,,,,, Other-service,,,,,,35.967140197753906,, <=50K
,,, Some-college,10.508990287780762,,,,, Male,,89.74048614501953,,,
, Private,,,,,, Not-in-family,,,,,44.439910888671875,,
,,, Some-college,,,,,,,-3412.13525390625,-84.11135864257812,,, <=50K
30.08810043334961,,,,, Married-civ-spouse,,,,,,,,,
,,191990.8125,,,,,, White, Male,,-38.64453125,, United-States, <=50K
,,202672.84375,,,,,,,,,,36.84651184082031,,
,,190608.4375,,,,,,,,,,,,
,,,,,,,, White,,,76.64823150634766,,,
,,,,, Married-civ-spouse,,,,,,,, United-States,
,,,,,,,,,,,,, United-States,
,,195810.21875,,8.53562068939209,,, Husband,, Male,,,,,
, Private,,,, Married-civ-spouse,,,,,,,,,
,,,,,,, Not-in-family, White,,,77.0232925415039,40.334354400634766,,
31.17466163635254,,,,8.392345428466797,,,,, Male,,56.35175323486328,,,
,,,,, Married-civ-spouse,,,,,,,,,
26.493751525878906,,201203.203125, 7th-8th,, Married-civ-spouse,,,, Female,,,,, <=50K
39.756072998046875,,191910.0625,,,, Craft-repair,, White,,,,,,
36.34107971191406,,,,8.11243724822998,,,,,,,,,, <=50K
,,,,,,,,,,,,, United-States,
,,,,,,,,,,,,,,
,,, HS-grad,,,,,,,,,, United-States,
,,,,,, Other-service,,,,-544.4803466796875,,,,
,,,,, Married-civ-spouse,,,, Male,,152.79946899414062,,,
,,176559.625,,7.398660659790039,,,,,,,,, United-States, <=50K
36.11043930053711,,183421.984375,,, Never-married,, Not-in-family,,,1767.21630859375,,,,
, Private,,,,,,,,,,94.17277526855469,43.00931930541992,,
,,,,10.519096374511719, Divorced,,,,,,59.348758697509766,,,
33.908931732177734,,187773.578125,,,,,,,,,-46.54374694824219,39.17362976074219,, <=50K
42.759056091308594,,,,,,,,,,,,, United-States,
32.8780517578125,,,,,,,,,,-458.561279296875,26.219486236572266,, United-States,
46.108787536621094,,,,,,, Husband,,,,,,,
,,183021.578125,,, Married-civ-spouse,,,,,3842.07861328125,,,,
40.92206954956055,,, Bachelors,,,,, White,,,,,,
,,,,,,,,, Male,299.5284423828125,,46.020328521728516,,
,,,,,,, Own-child,,,118.40631103515625,,40.45655059814453, United-States,
,,,,,,, Husband, White,,,,,,
,,190330.375,,,, ?,,,,228.8494873046875,68.88914489746094,,,
37.4134521484375,,,,,, Adm-clerical, Not-in-family, White,,,62.8095703125,,,
,,, Bachelors,,,, Husband,,,,226.76016235351562,,,
,,174542.203125,,,,,, White,,,,38.647003173828125,,
,,,,,,, Husband, White,,,,,,
36.33716583251953, Private,,,,,,,,,,,,,
,,,,,,,,,,,,, United-States,
, Private,207471.265625, HS-grad,,,, Husband,, Male,,,,,
27.712188720703125,,, HS-grad,, Married-civ-spouse,,, White,,,,,,
,,,,10.380675315856934,,,,, Male,3705.12060546875,198.6123504638672,,,
,,,,,,,,,,,,,,
31.998462677001953,,,,,,,,, Male,,,43.599205017089844,,
,,,,10.148669242858887,,,, White,,260.328369140625,,,,
, Private,, Bachelors,,, Prof-specialty,, White,,,,,,
,,208229.46875,,,,, Own-child, White,,,-50.967620849609375,,, <=50K
,,,,,,,,, Female,,,,, >50K
,,,,, Divorced,,,,,,,33.170597076416016,,
46.461181640625,,,,,,, Husband,,,3858.64794921875,,45.26331329345703,,
,,, Bachelors,,,, Wife,,,,,,,
,,,,,,,,,,-3395.7880859375,,27.8906307220459,, <=50K
27.200119018554688,,180813.65625,,,,,,,,,,,,
,,,,,,, Husband,, Female,,83.01776885986328,,,
, Private,,,9.934237480163574,,,,,,,61.763816833496094,43.68254852294922,,
37.130409240722656, Private,,,,,,, White,,383.4288330078125,84.19657897949219,,,
,,,,,,,,,,,,,,
, Private,215011.6875,,8.831790924072266,,, Husband, White,,,,40.268795013427734,,
,,,,,,,,,,,,,,
,,185017.296875,,,,, Not-in-family,,,758.1434326171875,,, United-States,
, Private,,,,,,,, Female,,-91.13145446777344,,, <=50K
,,195234.421875, HS-grad,,, Handlers-cleaners,,,,,,, United-States,
,,, Bachelors,,,,,,,,,,,
,,,,,,,,,,1471.80712890625,102.64730834960938,,,
, Private,,,,,,,,,,,34.66465377807617, United-States, <=50K
, Private,190950.96875,,,,, Not-in-family, White,,,,,,
,,193939.453125,,8.222825050354004,,,,,,,-71.64424133300781,,, <=50K
,,, Some-college,,, Exec-managerial,,,,,,, United-States,
,,,,, Married-civ-spouse,,,, Female,,,,,
,,191123.609375, Some-college,12.338136672973633, Married-civ-spouse,,,, Male,,,,,
,,,,, Never-married,,,,,,,42.27473831176758,,
38.961429595947266, Private,,,,, Craft-repair,,,,,,,,
,,,,,,,,,,,,,,
,,,,,,,,,,-15.4034423828125,16.292892456054688,,,
,,, Some-college,, Never-married, Other-service,,,,,,,,
,,,,,, Craft-repair,,,,,,42.065940856933594,,
,,,,, Never-married,,,,,,34.96144104003906,, United-States,
,,174766.4375,,,,,,,,,,33.0460319519043,,
,,,,,,,, White,,,200.310791015625,41.18297576904297,,
,,,,, Never-married,,,,,,,44.98570251464844,,
,,,,,, Prof-specialty,,,,5056.73828125,,43.61933135986328,,
, Private,214142.953125,,8.738401412963867,,,, White, Male,,,,,
,,193098.03125,,, Married-civ-spouse,,,,,,,,,
,,, HS-grad,,,,,,,,,,,
, Private,,,,,,, White,,-3003.8603515625,,35.09514617919922, United-States, <=50K
,,186232.734375,,, Never-married,,,,,,,,,
,,,,,,,,,,,,,, <=50K
,,, HS-grad,,,,,,,3420.4697265625,,,,
,,177878.703125, HS-grad,, Never-married,,,,,,29.296741485595703,,,
,,, Bachelors,,,,,,,,209.15853881835938,,,
,,,,,,,,,,-190.039794921875,39.71302032470703,42.00532150268555, United-States,
,,,,,,,,,,4951.8828125,,,,
25.903940200805664,,,,, Never-married,, Not-in-family,,,,-51.50492858886719,,, <=50K
, Private,,,9.076568603515625,,,,, Male,45.487548828125,74.49317932128906,,,
35.174407958984375,,187504.0,,,,,, White,,,,, United-States,
,,203213.6875,,,, Craft-repair,, White,,,,,,
, Private,, HS-grad,,,,, White,,-633.1177978515625,48.2324333190918,40.59490203857422, United-States,
,,, Bachelors,, Divorced,,,,,,,,,
32.98016357421875,,,,,,,,,,,,,,
,,,,,,,,,,,,,,
,,, HS-grad,, Never-married, Craft-repair,, White,,-347.010009765625,,,,
,,,,,,,,,,-3059.61279296875,,,, <=50K
,,,,, Married-civ-spouse, Exec-managerial,,,,,,,,
, Private,,,10.38532829284668,,,,,,190.26666259765625,,38.53665542602539,,
41.69253921508789,,, HS-grad,9.180951118469238,,,,,,,,, United-States,
,,, Some-college,,, Other-service,,,,,,,,
,,,,9.744117736816406, Never-married,,, White,,,-58.99467468261719,,, <=50K
,,,,, Married-civ-spouse,,,,,,,,,
,,, HS-grad,,,,,, Male,-1695.0555419921875,,,,
,,,,,,,,, Male,,,,,
,,,,7.182514190673828,,,, White,,,,,,
,,,,,,,,,,,,, Vietnam, <=50K
,,, HS-grad,,,,,,,,,34.45231246948242, United-States,
,,,,,,,,,,,,40.48900604248047,,
35.04419708251953, Private,,,,,,,,,,,, United-States,
28.394088745117188,,,,,,,,,,343.712158203125,,,,
,,,,9.252965927124023,,,,,,,,,,
,,, 11th,,, Craft-repair,,, Female,,-77.8609619140625,,, <=50K
,,,,,, Prof-specialty,,,,,,,,
, Private,199537.59375,,7.923606872558594,,,, White, Male,,83.75659942626953,,,
,,,,,,,,, Male,4428.07177734375,,,,
34.22132110595703,,211856.34375, 11th,,,,,,,,20.798141479492188,,,
, Private,,,,,,,,,,,33.7888298034668,,
,,,,, Divorced, Adm-clerical,,,,,,,,
32.67538833618164, Private,200619.578125,,,,,, White,,,,,,
,,,,8.924132347106934, Never-married,,,,,,31.143165588378906,,,
,,, Bachelors,,,, Husband, White,,4490.7490234375,,,,
31.947860717773438,,, Some-college,, Never-married,, Not-in-family,,,,48.99115753173828,,,
,,,,,,,,,,2770.15283203125,,,,
,,,,,,,, White,,,,,,
43.660133361816406,,,,,,, Husband,,,,,41.28136444091797,,
,,,,, Married-civ-spouse,,,,,5395.94482421875,,47.700439453125,,
,,,,,, Adm-clerical,,,,,,, United-States,
,,,,,,, Husband,,,,,,,
,,,,,,,,,,,187.6919403076172,, United-States,
,,197903.203125,,10.618053436279297, Never-married,, Own-child,,,,,,,
,,,,,,,,,,-918.67333984375,2.8265151977539062,,,
,,,,12.367122650146484, Married-civ-spouse,, Not-in-family,,,,,,,
,,, HS-grad,, Divorced,,, White,,,,36.270938873291016,,
,,,,,,,,,,,,40.381919860839844,,
,,,,,,,,,,,,,,
,,176303.59375,,,,, Unmarried,,,-89.014892578125,,34.9637336730957,,
48.04264831542969,,188905.859375,,12.721463203430176,,,,,,,,42.389217376708984,,
, Private,179091.421875,,,,,,,,,,,,
,,,,,,, Husband,, Male,,,,,
, Private,,,8.559954643249512,,,,,,,,, United-States,
,,,,,,,,,,,,, United-States, <=50K
40.11439514160156,,,,,,, Husband, White, Male,,,,,
,,213493.609375,,,,, Husband, White, Male,,66.62625885009766,,,
,,,,,,,, White, Male,,77.93535614013672,,,
,,,,,,,,,,,21.112083435058594,,,
,,,,, Married-civ-spouse, Prof-specialty,,, Female,,,,,
34.69093322753906,,,,,,,, White,,583.5177001953125,,43.48820495605469, United-States,
40.72877883911133,,207393.953125,,,,,,, Male,,,, United-States,
, Private,,,,,,, White, Male,,,,,
, Private,,,,,,,,,4148.25732421875,200.31536865234375,,,
,,,,10.907476425170898,,,,,,,,, United-States,
,,182304.328125,,7.127825736999512, Married-civ-spouse,,, White, Female,-2669.36083984375,,,, <=50K
37.79296875,,,,,,,, White,,,,,, <=50K
,,,,11.893280029296875, Married-civ-spouse,,,,,,,46.675479888916016,,
41.22227478027344,,,,,,, Not-in-family,,,,,37.067771911621094, United-States,
, Private,189695.765625,,,, Sales,, White,,,-33.242431640625,, United-States, <=50K
,,,,,, Prof-specialty,,,,,,,,
,,181586.03125, Some-college,11.137163162231445,, Adm-clerical,,,,,,,,
,,, HS-grad,,,,,,,-297.951171875,,, United-States,
,,,,,,,,,,,46.82814025878906,34.9444580078125,,
39.14777755737305,,,,,,,,,,,92.74478912353516,,,
,,,,6.764830589294434,,,, White,,,,,, <=50K
,,188890.953125,,,,,,,,494.311767578125,,,,
44.49281692504883,,,,,,,,,,,61.4019775390625,,,
,,,,10.83304214477539,,, Husband,,,1155.4908447265625,112.71047973632812,, United-States,
,,,,,,, Not-in-family,,,,,,, <=50K
,,,,,,,,,,,,43.775909423828125,,
,,, Bachelors,, Never-married,,,,,,,, United-States,
31.98902702331543,,,,7.299609184265137,,,,,,,-53.653533935546875,,, <=50K
,,,,,,,,,,,,,,
26.42243194580078, Private,,,, Married-civ-spouse,,,, Male,,,, United-States,
,,,,,,, Husband,,,,,,,
, Private,195910.453125, Some-college,,,,,,,,,43.02668380737305,,
,,,,,,,,,,,,, United-States,
,,,,, Married-civ-spouse, Craft-repair,, White, Female,-314.8448486328125,,,,
28.606643676757812,,182980.8125,,,,,,,,,,37.44127655029297,, <=50K
46.57105255126953,,, Some-college,9.616683006286621,,,,,,,,,,
,,,,,,,,,,,,,,
, Private,, HS-grad,,, Craft-repair,, White,,-3550.28515625,,,, <=50K
,,,,,,, Not-in-family,,,,34.01826477050781,38.34176254272461,,
40.8419189453125,,, Bachelors,,,,, White,,4042.67041015625,,, United-States,
,,, HS-grad,,,,, White,,,,,,
, Private,,,,,, Not-in-family,,,,,,,
,,, Bachelors,,,,,, Female,,,,, >50K
,,,,, Married-civ-spouse,,,, Male,,247.8493194580078,,,
,,,,,, Craft-repair, Husband,, Female,,,,,
, Private,,,,,,,,,,,,,
,,,,,,, Unmarried,,,,,, United-States,
,,,,,,, Unmarried,,,41.60791015625,,32.24540710449219,,
,,,,, Never-married, Prof-specialty,,,,,,37.791290283203125,, <=50K
32.63144302368164,,, Some-college,10.685592651367188,, Adm-clerical,,,,,,,,
,,,,,,, Husband,,,,,,,
,,,,,,,,,,,123.99903869628906,, United-States,
,,, HS-grad,,,,,,,,,,,
35.61006546020508, Private,,,,,,, White,,,,38.6890869140625,,
,,,,8.891963958740234,,,, White, Male,,92.91243743896484,,,
,,224277.328125,,,,,,,,-342.7889404296875,,,,
,,178346.125,,,,, Not-in-family, White,,-3158.20263671875,,40.25568389892578,, <=50K
,,, HS-grad,,,, Wife,,,7.5157470703125,75.4884033203125,,,
,,,,,,,,,,440.32843017578125,,39.597755432128906,,
,,,,,,,,,,,54.45122146606445,42.65476989746094,,
, Private,,,,,,,,,568.0634155273438,,, United-States,
,,, Bachelors,, Married-civ-spouse,, Not-in-family,,,,,44.27885055541992, United-States,
,,,,,, Other-service, Unmarried,,,,,38.21994400024414, United-States,
,,200738.125,,10.260957717895508,, Craft-repair,,,,285.97760009765625,,,,
,,, Bachelors,,,,,,,,,34.40979766845703,, <=50K
,,, HS-grad,,,,,,,,185.86337280273438,,,
,,,,,,, Husband,, Male,,,, United-States, <=50K
,,,,11.90379524230957,,,,,,,228.4475860595703,,,
,,,,,,,,, Male,,,52.1325569152832,,
,,,,,,,,,,,,, United-States, <=50K
,,,,9.893058776855469,,,,,,,,,, <=50K
,,,,, Never-married,,,,,,-76.75125122070312,,, <=50K
,,, HS-grad,,,, Husband,, Male,,,, United-States,
,,,,,,,,,,,,,,
,,,,,,,,,,,,,, <=50K
,,197972.375,,,,, Husband,,,,,, United-States,
29.27267074584961,,, Some-college,,,,,, Female,,55.664310455322266,, United-States,
, Private,, Bachelors,,,, Husband,, Female,,,,,
,,,,8.137152671813965,,,,,,,-90.51614379882812,,, <=50K
,,,,, Married-civ-spouse,,, White, Female,,,, United-States,
,,,,11.899927139282227, Married-civ-spouse,,,,,3862.705078125,,, United-States,
, Private,,,,,,,, Female,-3451.416015625,,,, <=50K
,,,,,,,,,,,,,,
,,,,, Never-married,,, White,,,-93.65478515625,,, <=50K
,,, Bachelors,,,,,,,,,,, >50K
,,,,, Never-married,,,,,,-86.53773498535156,,, <=50K
, Private,,,,,,,,,-1103.0858154296875,,,,
,,,,,,,,, Male,,40.20756530761719,,,
22.879667282104492,,,,, Never-married,,, White,,,,,, <=50K
,,,,,,,,,,,,,, >50K
,,,,8.83612060546875,,, Unmarried,,,,,,, <=50K
,,,,,,,,,,,,,,
35.06774139404297,,186790.265625,,,, Other-service, Not-in-family,,,-3336.99365234375,,, United-States, <=50K
35.944271087646484,,,,,,,,,,,,,,
41.3238525390625,,,,13.361875534057617, Married-civ-spouse, Adm-clerical,,,,4508.69775390625,,43.70124053955078,,
,,, Some-college,,, Craft-repair, Husband,,,,,,,
,,, HS-grad,,,, Not-in-family,,,-3730.4462890625,,36.897682189941406,, <=50K
,,,,,,,, White, Male,,102.3695068359375,,,
36.34989547729492,,188183.03125,,,,, Not-in-family,,,,,,, <=50K
35.810829162597656,,,,13.080551147460938, Married-civ-spouse, Adm-clerical,, White,,3927.33544921875,,, United-States,
,,,,,, Craft-repair,, White,,370.121337890625,,,,
42.58681106567383, Private,,,10.903678894042969,,,,,,,,,,
33.00343704223633,,200123.46875,,,,,,, Male,,,,,
,,,,,,,, White,,,,, United-States,
, Private,,,,,,,,,,,,, <=50K
,,,,9.461472511291504,,,,,,,,41.26438522338867, United-States,
28.9696044921875,,,,,,, Not-in-family,,,,,35.218257904052734,, <=50K
,,,,,,, Husband,,,,179.2801513671875,48.578819274902344,,
37.90751266479492,,, HS-grad,,,, Not-in-family,,,,,,,
37.564823150634766,,198779.125,,,,,,, Male,,65.37347412109375,,,
,,,,,,,,,,,,,, <=50K
,,,,,,,,,,,28.08020782470703,,,
,,,,, Never-married, Adm-clerical, Own-child,,,,,,,
,,,,,,,, White,,,,32.72945022583008,, <=50K
,,,,8.905847549438477,, Other-service,,,,,,,, <=50K
31.432287216186523,,,,,,,,,,,,, United-States, >50K
,,192751.828125,,11.06900405883789, Married-civ-spouse, Exec-managerial,, White,,,,45.32825469970703,,
,,,,,,,,, Male,,,45.84375762939453,,
, Private,,,,, Other-service,,,,,,, United-States,
,,,,,,,,,,,242.85873413085938,46.9197998046875,,
,,169405.296875,,, Widowed,,,,,,,,,
46.034549713134766,,,,9.388922691345215,,,,,,,,, United-States,
,,,,8.882707595825195,, Adm-clerical,,,,-2207.1923828125,,, United-States, <=50K
,,195739.65625, HS-grad,,,,,, Male,,,,,
,,,,,,,,,,,,38.587791442871094,,
,,,,, Divorced, Adm-clerical,, White,,,,, United-States,
35.41462326049805,,,,8.035696029663086,,,,, Female,,-37.50395202636719,44.107147216796875, United-States, >50K
,,, HS-grad,8.693705558776855,, Craft-repair,,, Female,-3243.4609375,,, India, <=50K
, Private,,,,, Prof-specialty,, White,,,,,,
,,,,, Married-civ-spouse, Craft-repair,, White, Female,,,,,
,,,,,, Craft-repair,,,,,,,,
,,,,8.772635459899902,,,,,,339.6043701171875,,,,
, Private,,,,, Craft-repair,,, Male,,,,,
,,187632.3125,,,,,,,,1136.55517578125,,,,
,,175171.09375,,,,,,, Male,,,, United-States,
, Private,,,, Never-married,,,,,-549.8743896484375,,,,
,,188851.328125, HS-grad,,,,, White,,-508.833740234375,46.54756164550781,,,
,,,,,,,,,,503.43182373046875,,,,
,,,,,,,,,,387.49456787109375,,, United-States,
, Private,,,,,,, White,,,,,,
,,169450.921875, HS-grad,,,,,,,,,36.177162170410156,, <=50K
, Private,, Some-college,11.820516586303711, Married-civ-spouse,,,,,957.781005859375,,,,
,,,,,,,, White,,,,,, >50K
, Private,, HS-grad,,,,,,,-222.3084716796875,,,,
, Private,,,,,,, White,,,,,,
,,,,,, Exec-managerial,,,,,,, United-States,
, Private,, Some-college,,, Adm-clerical,,,,,,37.23224639892578,,
, Private,,,9.297272682189941,,,,,,,64.8827133178711,41.151187896728516,,
,,206518.21875,,,,,,, Female,,-80.78594970703125,39.70147705078125, United-States, <=50K
,,,,,,,,,,,,43.88890838623047,,
36.86760330200195,,191308.140625,,,,,,,,,,39.256229400634766, United-States,
,,,,,,,,,,,,,,
, Private,,,7.226792335510254,,,,,,-3586.36962890625,,,, <=50K
, Private,,,,,,, White,,-2068.10107421875,,,,
,,,,,, Prof-specialty, Not-in-family,,,,,41.54676055908203,,
,,168800.015625,,, Divorced, Adm-clerical,,,,,,,, <=50K
,,,,,,,,,,1035.4014892578125,,,,
30.519943237304688,,,,,,, Not-in-family,,,546.4226684570312,,,,
36.648136138916016, Private,, HS-grad,,,, Not-in-family,,,,,38.29143524169922,,
,,,,10.861542701721191,,, Husband,,,,,, United-States,
31.9395751953125,,, HS-grad,,, Adm-clerical,,,,,,,,
, Private,200204.140625,,,, Craft-repair,, White, Male,,,,,
,,,,,,,, White, Male,1190.5921630859375,,, United-States,
,,,,, Married-civ-spouse, Craft-repair,, White,,,,44.089874267578125, United-States,
, Private,,,8.671001434326172,,,,,,-3.3563232421875,,,,
28.848834991455078,,,,8.514870643615723,, Other-service,,,,-3285.84765625,,,, <=50K
, Private,, HS-grad,,,,,,,,,,,
,,,,,,,,,,4300.47998046875,,,,
33.972373962402344,,, HS-grad,,,,,,,,53.832054138183594,,,
,,,,9.095154762268066,,,,,,,,,,
,,,,,,,,,,,,39.939632415771484,,
,,,,,,, Not-in-family,,,,40.24933624267578,39.07707977294922,,
, Private,,,,,,,,,,,42.03981399536133,,
,,,,,,,,,,,,,,
,,, Bachelors,,,, Not-in-family, White,,,,35.042152404785156,, <=50K
34.67612838745117, Private,, HS-grad,,,,,,,,,, United-States,
18.227195739746094,,171728.640625,,, Divorced,,,,,,,,, <=50K
,,,,7.833273410797119,,,,,,-2777.3212890625,,,, <=50K
,,175599.828125,,,,, Not-in-family,,,,,,,
,,,,7.763248443603516,,,,,,,,,, <=50K
,,182640.546875,,,,,,,,,,,,
,,,,11.000493049621582,,,,,,,,37.360599517822266, United-States,
,,,,,,, Not-in-family,,,,68.54377746582031,39.37391662597656,,
,,,,, Married-civ-spouse,,,, Female,,,, United-States,
22.80799102783203,,, Some-college,, Divorced,,,,,,,, United-States,
,,,,,, Craft-repair,,,,,,48.903926849365234,,
27.986160278320312, Private,,,,,,,,,,,,,
,,,,,,,, White,,,,, United-States,
41.58733367919922,,,,, Married-civ-spouse,, Not-in-family,,,,,50.1129264831543, United-States,
,,, Some-college,9.689642906188965, Never-married,,,,,,,,,
, Self-emp-not-inc,,,6.443127632141113,,,, White, Female,,,,, >50K
,,169277.921875, Some-college,12.417766571044922,,,,,,,,46.686283111572266,,
,,183370.28125,,,,, Not-in-family,,,,,38.3704948425293,,
,,,,,,,,,,,,,,
,,,,,,,, White,,,183.14788818359375,,,
,,191190.390625,,,,,,,,,,,,
, Private,, Bachelors,, Never-married, Prof-specialty,,,,,,,,
,,,,,,,,,,,,, United-States, <=50K
, Private,192775.25,,,,,, White, Male,,,,,
,,, HS-grad,,,,,,,,,, United-States, <=50K
32.72939682006836,,,,,,,,,,-183.333251953125,,35.761329650878906,,
,,201368.859375,,8.36291217803955,,,,,,784.0283203125,,,,
,,193716.03125,,,,,,,,,,45.16815948486328,,
,,194647.0625,,8.548551559448242,,, Husband,,,,123.79380798339844,,,
41.394371032714844,,,,,,,, White, Male,,,,,
,,,,,, Adm-clerical, Own-child,,,-360.810791015625,,,,
43.71478271484375,,, HS-grad,,,,,, Male,3374.966796875,,,,
,,,,,,,,, Male,,,,,
,,,,, Divorced,, Unmarried,,,133.81298828125,,,,
,,, HS-grad,,,,,,,,,,,
,,,,, Never-married,,,,,,-68.17591857910156,,, <=50K
,,201058.234375,,,,,,, Male,,,,,
,,,,8.077909469604492,,,,,,,,,, <=50K
,,, HS-grad,,,,,,,-410.1728515625,,, United-States,
,,,,,,,,,,,25.518898010253906,,,
,,187542.515625,,,,, Husband,,,,,,,
,,,,,,,,,,,,42.395042419433594,,
51.26142120361328,,,,,,, Husband,,,,,52.53453826904297,,
28.104843139648438, Private,,,,,,,,,,,,,
,,,,, Married-civ-spouse,,,, Female,,,,,
31.2441463470459,,,,, Divorced,,,,,,,,,
, Private,,,8.636299133300781,,,,,,,,,,
,,,,, Married-civ-spouse,,, White,,,,40.327239990234375,,
,,,,9.755931854248047,,,, White,,,31.928607940673828,,,
, Private,,,, Divorced,,,,,-3229.31396484375,,36.0739860534668,, <=50K
38.3758659362793,,,,,,, Not-in-family,,,,,,, <=50K
,,,,,,,,,,,,,, <=50K
,,207671.578125, Some-college,,,,,, Male,,,44.434207916259766, United-States,
,,,,12.77853775024414,,, Husband,, Male,,,,,
,,,,,,,,,,,,,,
, Private,,,, Married-civ-spouse,, Not-in-family,,,,,,,
,,,,,, Craft-repair,,, Male,,,,,
,,, Bachelors,,, Exec-managerial,,,,,214.8299560546875,48.49478530883789,,
, Private,,,, Never-married,,,,,750.279541015625,,,,
,,,,,, Craft-repair,,,,,,,,
41.70329284667969,,,,,,,,,,,,,,
,,,,,,, Husband,, Male,,,, United-States,
,,,,,, Other-service,,,,-2890.7958984375,,,, <=50K
,,,,9.775439262390137,,,,,,,,,,
,,,,, Married-civ-spouse,,,,,4236.63720703125,,,,
, Private,193302.234375,,, Never-married,,,,,,,37.8982048034668, United-States,
29.71298599243164, Private,,,,,,,,,,,31.678844451904297,,
,,173066.609375,,10.39688491821289,,, Not-in-family,,,,,,,
,,,,10.425177574157715,,, Not-in-family,,,,,,,
35.624122619628906,,,,,,, Not-in-family,,,,,,, <=50K
,,191111.515625,,,,,,,,,,,, <=50K
,,193574.859375, Some-college,10.525898933410645,,,,,,,,40.60897445678711,,
,,,,, Never-married,, Own-child, White,,-913.2210693359375,25.545188903808594,, United-States,
,,, 7th-8th,,,,, White,,,,,,
,,, Bachelors,,,, Not-in-family,,,,72.73651123046875,,,
41.36475372314453,,, HS-grad,,,,,,,,,45.22663879394531,,
32.8290901184082, Private,,,, Married-civ-spouse, Exec-managerial,, White, Male,4370.7666015625,,,,
,,,,, Married-civ-spouse,,,,,,,,,
42.600677490234375, Private,,,,,, Not-in-family,,,,,,,
, Private,179422.796875,,,, Prof-specialty,,,,,,40.302310943603516,,
,,, HS-grad,, Married-civ-spouse,,,,,,,,,
31.336498260498047,,,,,,,,,,,,,,
,,,,,,, Not-in-family,,,,75.2602310180664,,,
, Private,,,,,,,,,,,, United-States,
,,,,,,, Own-child,,,,,, United-States,
, Self-emp-not-inc,158242.984375,,8.79461669921875,,,,,,,,, United-States,
, Private,,,12.515665054321289,, Exec-managerial, Not-in-family,,,,,,,
,,,,9.551847457885742,,,,,,,,,,
40.191001892089844,,207343.4375, 7th-8th,,,,, White,,,,,,
,,,,,,,,,,,-90.97781372070312,,, <=50K
, Private,,,,,,,,,,,,,
, Private,,,,,,,,,,,,,
,,,,, Never-married,,, White,,,,,,
,,,,6.977469444274902,,,, White,,,-77.28123474121094,33.894439697265625,, <=50K
,,183218.625,,,, Craft-repair,,,,,,44.67605972290039,,
,,, Some-college,11.129424095153809, Never-married,, Own-child,,,,,, United-States,
, Private,, HS-grad,9.50487995147705,,,,,,,,, United-States,
,,,,11.719346046447754,,,,, Male,,,,,
,,,,,,,,,,,,,, >50K
,,,,,,,,,,,,41.54856491088867,,
,,, HS-grad,, Never-married,, Own-child,,,,,,,
,,,,,,, Husband,,,,95.45948791503906,,,
,,,,11.390169143676758,,,,,,1068.6524658203125,,,,
,,,,,,,, White,,,,,, <=50K
33.79090118408203,,,,, Married-civ-spouse,, Husband,, Male,234.515625,,, United-States,
,,,,9.035157203674316,,,,,,,,,,
,,,,,,,,, Female,,,,, >50K
33.281097412109375,,, Bachelors,,,, Not-in-family,,,481.0401611328125,,, United-States,
50.87990188598633,,,,,,,,,,,,,,
40.314693450927734,,, HS-grad,,,, Husband,,,,65.43218994140625,, United-States,
,,,,9.964229583740234,,,,,,,,,,
,,,,,,,,,,,,,, <=50K
37.63720703125,,200507.1875,,,,, Husband,, Male,,,,,
42.30406188964844,,,,,,,,, Male,,,,,
42.19755554199219,,,,,,,,, Male,-122.0439453125,,,,
,,, HS-grad,,, Other-service,,,,,,,, <=50K
,,,,10.844205856323242,, Craft-repair,,, Female,,,,,
, Private,,,,, Other-service,,,,,,39.279537200927734,, <=50K
,,,,,, Craft-repair, Husband,, Male,,74.26297760009766,,,
, Private,,,,,,,,,,61.298851013183594,39.1878776550293,,
37.08641815185547,,, Bachelors,,,,, White,,,,,,
,,210979.3125, Bachelors,,,,, Asian-Pac-Islander,,-68.2027587890625,,,,
,,,,8.852691650390625,,, Own-child,,,-3350.51318359375,,,, <=50K
45.51853942871094,,,,,,,,, Male,,,,,
,,, Bachelors,, Married-civ-spouse,,,,,,,,,
,,,,,,,, White,,5662.77978515625,,,,
36.92362594604492,,,,,,, Not-in-family, White,,,,40.94100570678711, United-States,
41.96918869018555, Private,, HS-grad,,, Craft-repair,,,,,61.658363342285156,, United-States,
,,,,,,, Husband,,,,,,,
,,195132.65625,,,, Craft-repair,,, Female,666.360595703125,,,,
,,198896.1875,,,,,,, Male,,,, United-States,
, Private,, 7th-8th,,, Priv-house-serv,,,,,,31.189308166503906,, <=50K
,,,,, Never-married,,,,,-466.66455078125,,,,
,,,,,,,,,,,,,,
, Private,,,,,, Own-child,,,-890.184814453125,,,,
,,,,, Never-married,,,,,,31.60558319091797,,,
, Private,,,,,, Husband,,,,,, United-States,
,,,,,,,,, Male,,,, United-States,
,,,,10.466958999633789,, ?,, White,,1435.34130859375,,,,
32.685325622558594, Private,,,6.729024887084961,,,,,,,,,, <=50K
,,195354.21875,,,,,, White,,,252.42236328125,,,
,,,,10.636695861816406,,,,, Male,,,,,
,,, Bachelors,,,,,,,,,,, <=50K
,,, HS-grad,,,, Not-in-family, White,,,,,, <=50K
39.23433303833008,,,,,,,, White,,,,,,
30.67137908935547,,,,, Never-married,,,,,,,,,
41.59818649291992,,, Some-college,,,,, White,,3200.8623046875,182.6697235107422,43.992862701416016, United-States,
,,,,,,,,,,,,,,
,,,,,,,,,,,34.49673843383789,,,
, Private,,,,,,,,,,,32.6380615234375,,
34.27427673339844,,,,,,, Not-in-family,,,,,39.21576690673828,, <=50K
,,, Bachelors,, Never-married, Prof-specialty,, Asian-Pac-Islander,,-2923.431640625,,,, <=50K
38.49689483642578,,, HS-grad,,,,,,,,63.01872253417969,42.71806716918945,,
, Private,,,10.04676342010498, Never-married,, Own-child,,,,,,,
,,,,,,, Not-in-family,,,,,,,
,,,,,,,,,,,,,,
,,, HS-grad,9.192545890808105,,,,,,184.8433837890625,,,,
,,,,12.186423301696777,,, Husband, White,,,202.66065979003906,,,
, Private,,,9.317130088806152,,,,,,,40.32048416137695,,,
,,,,,,,,,,,,, United-States,
,,206398.734375,,,,,,, Male,,,,,
42.52089309692383, Private,,,,,, Not-in-family,,,,,,,
,,210249.34375,,9.758286476135254,,,,, Female,,66.9167251586914,46.80760192871094,,
,,,,,,,,, Male,,,,,
,,186397.65625,,,, Prof-specialty,,,,649.30810546875,,,,
32.5064582824707, Private,,,, Never-married, Prof-specialty,,,,,101.57780456542969,41.15713119506836,,
41.00270080566406,,,,12.533077239990234, Married-civ-spouse, Craft-repair,,, Male,,,54.891883850097656,,
,,,,,,,, White,,,,,,
,,183463.890625,,9.093308448791504,,,,,,651.6323852539062,,,,
,,,,, Married-civ-spouse,,,,,,,,,
,,,,7.032857894897461,,,, White,,,,,, <=50K
,,,,,,, Husband, White, Male,,93.90631103515625,50.76270294189453, United-States,
,,,,,,,,,,,,,,
,,,,9.646597862243652, Divorced,,,,,,37.860069274902344,,,
,,,,,,, Husband,, Male,,,,,
,,,,,,,,,,,,35.20018005371094,, >50K
,,173230.296875,,8.772024154663086,,,,,,,,,,
,,196998.3125,,,, Other-service,, White,,,,, United-States, <=50K
,,,,,,,,, Female,,,,,
23.282093048095703,,, HS-grad,,,,,,,,-103.9593505859375,,, <=50K
,,,,,,,,,,,,,,
,,, HS-grad,11.226776123046875,, Craft-repair, Not-in-family,,,,,46.34084701538086,,
, Private,,,,, Craft-repair, Husband, White,,,,,,
36.88130569458008,,,,,, Prof-specialty,, White,,,,40.109188079833984,,
,,185991.546875, HS-grad,,,,,,,,,34.74577331542969,,
, Private,, HS-grad,,,,, White,,,,,,
,,,,9.234641075134277,,,,,,623.9241943359375,,, United-States,
31.74846839904785, Private,179168.078125,,10.065417289733887,, Adm-clerical,,,,,,, United-States,
,,,,,,,,,,-302.5455322265625,,,,
,,,,,, Craft-repair,, White,,,,,,
,,,,,,,,, Male,,98.24419403076172,,,
,,,,,,,, White, Male,473.518798828125,,,,
,,168377.109375,,9.90113353729248,,,,,,,,37.799560546875,,
,,,,,,,,,,-3003.92041015625,,,, <=50K
35.96875762939453,,,,,,,,,,282.1746826171875,,,,
,,,,,,,,,,,,, United-States,
,,196302.40625,,, Never-married,,,,,,,,,
,,182436.265625, Some-college,,,,,,,-18.872802734375,,38.030906677246094, United-States,
,,192615.984375,,,,,,,,,,,,
,,, Bachelors,,, Prof-specialty,,, Male,,,, United-States,
,,,,8.595446586608887, Divorced,,,,,-2190.2734375,,,, <=50K
,,203000.46875,,,,,,,,,,,,
,,,,,,,,,,,,,, <=50K
,,, HS-grad,,,,,,,,,, United-States,
,,,,,,,,,,,,, United-States,
48.82801818847656,,190025.453125,,,, Craft-repair, Husband,,,,,,,
, Private,, HS-grad,,,,,,,,,,,
,,,,,,,, White,,358.9810791015625,,39.318111419677734,,
,,,,,,,,,,,,,,
,,, Prof-school,,,,,, Male,,,,,
,,,,,,,,,,,-38.025672912597656,,, <=50K
,,,,, Married-civ-spouse,,,,,,,46.58790588378906,,
, Private,190083.21875,,, Never-married, Prof-specialty,,, Female,,,,, >50K
32.38330078125,,183859.5625, HS-grad,8.619427680969238,,,,,,,,,, <=50K
,,,,,,,,,,,-47.25794982910156,, United-States, <=50K
,,,,,,,, White,,,,, United-States, <=50K
,,192475.96875,,,,,,,,-3702.037109375,,,, <=50K
,,,,10.216927528381348, Divorced,,,,,,51.59113311767578,, United-States,
, Private,200659.265625,,,,,,,,3164.26904296875,,45.683021545410156,,
, Private,,,,,,,,,,,, United-States,
, Private,,,,,,, White,,,,,,
,,,,, Never-married, Adm-clerical,, White,,,20.75524139404297,,,
, Private,, 10th,, Divorced,, Not-in-family, White,,,,,,
,,,,,, Adm-clerical, Own-child, White,,,,,,
31.003904342651367,,188031.703125,,, Married-civ-spouse,, Not-in-family,,,,,,,
,,194630.96875,,,,,,, Male,,78.51805114746094,, United-States,
, Private,185206.765625, HS-grad,, Never-married,,,,,,,,, <=50K
,,, Some-college,10.917630195617676, Never-married,,, White,,,,,,
, Private,,,10.098140716552734,,, Husband, White, Male,-183.5784912109375,,,,
,,187894.828125,,,,,,,,,,44.5093879699707,,
,,, 11th,,,,, White,,,,, United-States,
31.07930564880371, Private,, HS-grad,,,,,,,,,,, <=50K
32.544532775878906,,,,,,,,,,,,,, <=50K
42.63300323486328,,,,,,,,,,,,40.61600112915039,,
,,,,10.134193420410156,,,,,,,,36.625179290771484,,
,,, Some-college,, Married-civ-spouse,,,,,,,, United-States,
50.02268600463867,,193883.15625,,,,, Husband,,,3800.115234375,,45.75661849975586,,
25.918935775756836, Private,,,, Married-civ-spouse, Craft-repair,,, Female,,71.55609130859375,,,
,,195900.890625, Some-college,9.711470603942871,,,,,,,,, United-States,
,,,,,,,, White,,-2730.21533203125,,,, <=50K
, Private,, Some-college,,,,,, Male,,,, United-States,
,,191477.265625,,7.98604154586792,,,, White,,-3197.69091796875,,,, <=50K
, Private,, HS-grad,,,,,,,3830.47265625,,,,
,,,,,, Craft-repair,,, Male,,,, United-States,
,,181797.46875, HS-grad,7.548529624938965,,,,,,,,,, <=50K
,,, Some-college,,, Adm-clerical,,,,,,,, <=50K
,,,,, Divorced,,,,,,,, United-States, <=50K
,,191105.609375,,,,,, White,,,,,,
,,186518.78125,,9.20156478881836,,,,,,,,,,
29.19919204711914,,, HS-grad,,, Other-service,, White,,,-68.55534362792969,37.965084075927734, United-States, <=50K
30.13606071472168,,, HS-grad,,,,,,,,,, United-States,
,,, Some-college,,,, Unmarried,,,,-54.476806640625,, United-States, <=50K
,,,,,,, Not-in-family, White,,,,33.04783630371094,, <=50K
,,,,,,,,,,,53.10664749145508,,,
,,,,8.063310623168945,,,,,,-3623.65283203125,-92.9139404296875,,, <=50K
,,,,9.110682487487793,,,,,,,68.2989501953125,, United-States,
,,171811.734375, HS-grad,,, Adm-clerical, Unmarried,,,,,,, <=50K
,,,,,,, Not-in-family,,,-2791.92626953125,,39.158447265625,, <=50K
,,,,,,,,,,,84.60424041748047,, United-States,
,,, HS-grad,,,,,,,-3441.9287109375,,, United-States, <=50K
,,,,,,,,, Male,,,,,
, Private,,,,,,,,,4238.349609375,,, United-States,
32.16162872314453,,, HS-grad,,,,,, Male,,,,,
, Private,185505.71875, Bachelors,,,,,,,-3057.13916015625,-46.56611633300781,,, <=50K
,,,,,,,, White, Female,,,, United-States,
,,172465.21875,,, Married-civ-spouse,,,,,,,41.95693588256836,,
, Private,,,,,, Husband,,,,164.93191528320312,,,
,,,,10.504438400268555,,, Own-child,,,,,,,
35.69292068481445, Private,,,8.656038284301758,,,,,,,61.46792984008789,,,
,,,,, Married-civ-spouse,,,,,,,,,
28.104324340820312,,,,,,,,,,,,,, <=50K
34.490447998046875, Private,,,, Married-civ-spouse,, Husband,, Male,,,,,
,,, Bachelors,,, Exec-managerial,, White,,,,,,
,,,,,,,,,,-134.4345703125,,,,
36.64524459838867,,,,,,,,,,,,,,
, Private,,,,,,,,,3801.4716796875,,,,
, Private,,,, Married-civ-spouse,,,, Male,4116.65673828125,,53.09463119506836,,
, Private,,,,, Craft-repair,,,,-2856.33349609375,-41.284149169921875,,, >50K
,,,,,,,,,,,,,,
,,,,10.186924934387207,,, Not-in-family,,,121.197998046875,68.07145690917969,,,
32.52655029296875,,,,,,,,,,,-32.429237365722656,, United-States, >50K
45.071502685546875,,,,,,,,,,,,,,
24.346759796142578,,174943.515625, Bachelors,, Never-married, Prof-specialty,,,,,,41.498931884765625,, <=50K
,,,,,,,,,,,,,,
,,,,,, Prof-specialty,,,,2217.811279296875,,,,
,,,,,,,,, Female,-3103.3994140625,,, United-States, <=50K
, Private,,,,,,,,,,,38.1950569152832,, >50K
, Private,, HS-grad,8.389270782470703,,,,,,-486.435302734375,,,,
,,,,,,,,,,,,35.926918029785156,, <=50K
, Private,,,, Married-civ-spouse,,, White,,,,,,
,,,,,,,,,,,,,, >50K
,,,,, Married-civ-spouse,,,, Female,,,,, <=50K
,,208536.734375,,,, Handlers-cleaners,,, Female,,,, United-States, <=50K
43.2649040222168,,,,,,,,,,,,44.0302734375,,
,,197289.34375,,,,,,,,,,,,
,,,,, Never-married,, Not-in-family,,,,-17.518211364746094,,, <=50K
,,,,, Married-civ-spouse,,,, Male,3377.85693359375,,,,
,,,,,,,,,,,,,,
36.965694427490234,,,,,,,, White,,,,, United-States,
,,,,,,,,, Male,,,48.58609390258789,,
,,176126.921875,,,,,,,,,,43.83938217163086,,
26.161155700683594,,,,, Married-civ-spouse,,, White, Male,330.07110595703125,,43.274906158447266,,
,,,,9.926353454589844,,, Husband,,,,,,,
,,197476.484375,,, Never-married,,,,,-489.3145751953125,,,,
,,,,9.305187225341797, Married-civ-spouse,,, White, Male,,,,,
36.75050735473633,,,,,,, Not-in-family,,,,,39.386322021484375,,
, Private,,,,,, Husband, White,,,,,,
,,187567.53125,,10.604183197021484,, Craft-repair, Husband, White,,,,,,
,,,,,,,, White,,4450.3037109375,229.7345733642578,,,
,,, Bachelors,,,, Husband,,,,78.65068054199219,, United-States,
,,,,,,,,,,,,, United-States,
32.86577224731445, Private,,,,,,, White,,,-50.75755310058594,,, <=50K
,,205107.921875, Some-college,,,,,,,,,,,
34.09408187866211,,,,,,,,, Female,,,,,
31.902563095092773,,,,,,,,,,,,,, >50K
36.610313415527344,,175935.53125,,,,,,,,,,, United-States,
,,,,,,, Own-child,,,,56.52632141113281,,,
,,210213.765625,,,,, Own-child,,,-856.968994140625,,, United-States,
,,187141.671875,,,,,,,,3741.27734375,,,,
,,,,,,,,,,,,45.50944900512695,,
37.25132369995117,,,,,,,,,,,,,, <=50K
,,, HS-grad,,,,, White,,,61.93031311035156,,,
,,,,10.53174877166748,, Adm-clerical,,,,,,,,
,,,,10.15452766418457, Married-civ-spouse, Craft-repair,, White, Female,,,47.596839904785156,,
,,, HS-grad,,,,,,,-620.581298828125,,,,
,,,,,,,, White,,,92.5863037109375,,,
,,,,,,, Not-in-family,,,,,,,
,,,,,, Craft-repair, Husband, White,,,,, United-States, >50K
43.26414489746094,,,,,,,,,,,,, United-States,
,,,,,, Craft-repair, Own-child,,,,61.072166442871094,,,
26.22365951538086, Private,,,,,,,,,,,33.02656555175781, United-States,
,,187623.78125,,10.500064849853516,,,,,,544.5147705078125,,,,
,,,,9.260259628295898,,,,, Male,,63.05431365966797,, United-States,
,,,,10.175973892211914,,,, White,,,,42.61824417114258,,
,,,,,,,,,,595.4216918945312,,,,
,,,,,,,,,,4095.9462890625,,,,
,,,,,, Handlers-cleaners,,,,,,, United-States,
,,,,11.16758918762207,, Other-service, Own-child,,,,47.18623352050781,,,
24.29673194885254,,,,,,,,,,-419.2568359375,,,,
,,,,10.382490158081055,,,,, Female,,96.33879852294922,,,
,,,,,,,, White,,,,,,
32.52271270751953,,,,, Married-civ-spouse, Craft-repair,,,,,,,,
,,,,11.079266548156738,, Adm-clerical,,,,215.763671875,,,,
,,,,,, Prof-specialty,,,,,,,,
,,201272.796875,,,, Craft-repair, Own-child,,,-251.08349609375,,, United-States,
,,,,,, Prof-specialty,,,,,,43.880943298339844,,
,,,,,,,,,,4676.5126953125,,,,
,,,,,,,,,,,,,,
,,190256.953125,,,,,,,,,189.9094696044922,,,
, Private,,,,,,,,,,,,, <=50K
,,,,11.081570625305176,, Craft-repair,, White,,,,45.40431213378906, United-States,
,,,,,, Craft-repair, Husband,,,-548.2926025390625,60.72095489501953,, United-States,
43.11089324951172,,, Some-college,9.616819381713867,,,, White,,-197.6776123046875,,,,
,,,,,,,,,,,,47.037261962890625,,
,,,,,,,,,,,,,, <=50K
39.32978057861328, Private,, Bachelors,,,,,,,,,,,
,,,,9.711353302001953,,,,,,,,,,
,,204181.1875,,,,,,, Female,,,,,
,,198992.765625,,10.258338928222656,, Other-service,,,,,,,,
,,,,,,,,, Male,1768.0716552734375,,, United-States,
,,,,, Never-married,,,,,,,, United-States,
,,,,10.213041305541992,,,,,,,,37.546661376953125,,
,,199834.609375,,,,,,,,,,,, <=50K
,,,,10.600885391235352,,,,,,,,,,
,,,,,,,, White, Male,,214.53884887695312,51.0028076171875,,
45.9437255859375,,,,,,,,, Male,,,51.761375427246094, United-States,
,,194084.390625,,9.511530876159668,,,,,,,,,,
,,,,,,,,,,379.8134765625,,,,
,,,,,, Other-service,,,,,,,,
,,179794.03125,,, Married-civ-spouse,,, White, Female,,,, United-States, >50K
,,,,,,,,, Male,,,,,
,,,,,,,,,,,,,,
,,,,,,,,, Male,,,,,
,,199038.703125,,,,, Own-child,,,,,,,
,,,,,,, Not-in-family,,,-22.6324462890625,,, United-States,
38.78135681152344, Private,194230.359375,,,,,, White,,,,,,
,,205479.3125,,,, Craft-repair, Husband, White, Male,,,,,
,,172758.65625, Bachelors,,,,,,,,-57.26336669921875,,, <=50K
,,,,9.62444019317627, Married-civ-spouse,,, White,,,,,,
, Private,,,,,,,,,3944.283203125,,, United-States,
,,,,,,,, White,,-3484.20947265625,,,, <=50K
, Private,,,,,,,,,1018.8291625976562,,,,
,,191001.09375,,,,,,,,1009.844970703125,,,,
39.58219528198242, Private,,,,,,,, Male,,,,,
,,, HS-grad,, Never-married,,, White,,,,38.577754974365234,,
,,,,,,,,,,,-56.87147521972656,, United-States, <=50K
,,, HS-grad,,,,,,,-3028.923828125,,39.05765914916992, United-States, <=50K
,,,,,, Craft-repair,,, Male,-53.01953125,69.39042663574219,, United-States,
36.59785461425781,,,,,,,, White, Female,,,, United-States, <=50K
, Private,,,8.938806533813477,,, Husband, White,,-244.5428466796875,,,,
,,,,, Never-married,,,,,135.04241943359375,35.38103103637695,,,
29.38751983642578,,,,, Married-civ-spouse,,, White,,,,,,
,,183588.125,,,, Craft-repair,,,,,,,,
,,,,,,,,, Male,1063.356689453125,,48.44670104980469, United-States,
,,,,,,,,,,,,,, <=50K
36.818580627441406,,,,,,,,,,,,,,
,,,,,,,,,,,,, United-States,
, Private,203738.40625,,,,,,,,,,,,
,,,,, Never-married, Craft-repair, Own-child,,,,,,,
, Private,,,, Married-civ-spouse,,,,,,,,,
,,, HS-grad,,,, Wife, White,,,155.70587158203125,,,
,,192171.796875,,,, Other-service,,,,-3363.04736328125,,,, <=50K
,,,,9.758452415466309,,, Not-in-family,,,,64.40672302246094,,,
,,,,, Never-married,, Own-child, White,,,,,, <=50K
,,,,,,,,, Male,,,,,
,,,,,,, Not-in-family,,,,,37.079463958740234,, <=50K
,,,,,,,,,,,,,,
,,,,11.23834228515625,,,,, Male,3632.1767578125,,, United-States,
,,,,,, Other-service, Own-child,,,,,,,
42.77079772949219,,,,,, Adm-clerical, Not-in-family, White,,4.6546630859375,,,,
,,207196.765625,,,,,, White,,,,,,
,,205679.03125,,10.035826683044434, Married-civ-spouse,,,, Female,349.62744140625,56.70966339111328,, United-States,
,,172411.609375,,10.411863327026367,, Exec-managerial,,,,,,, United-States,
, Private,183253.734375,,,, Prof-specialty,,,,,,,,
,,,,,,,, White,,,51.05780792236328,,,
, Private,198252.53125,,,,,, White,,,206.02792358398438,, United-States,
25.939556121826172,,,,8.62118148803711,,,, White,,,,,, <=50K
44.330970764160156,,,,,,, Husband,,,,,40.986572265625,,
33.22532653808594,,,,,,,,,,,,, United-States,
,,,,10.440632820129395, Married-civ-spouse, Craft-repair,,, Female,,63.636322021484375,,,
,,, HS-grad,, Never-married,,,,,-751.8316650390625,26.30447769165039,,,
, Self-emp-inc,186752.453125,,,,,, White, Male,,,,,
,,,,, Divorced,,,,,,,,,
37.198062896728516,,,,, Married-civ-spouse, Prof-specialty, Not-in-family,,,,93.49158477783203,,,
,,,,,,,, White,,,,, United-States,
,,,,,,,,,,5101.2275390625,,,,
,,,,8.064447402954102,,,,,,,,,, <=50K
, Private,201535.859375,,,,,,, Male,,,,,
,,, HS-grad,, Divorced,,,,,,,38.727630615234375,,
,,,,,,,,,,1317.367919921875,,,,
,,,,12.8466796875,,, Not-in-family,,,4169.14599609375,,,,
,,,,,,,,,,,-93.04383850097656,, United-States, <=50K
,,,,,,,,,,,,,,
,,,,,, Craft-repair, Own-child,,,,,,,
,,176819.96875,,, Divorced,,,,,,,40.94729232788086,, >50K
,,168059.453125,,,,,,,,,,,, <=50K
,,,,, Divorced,,,,,,,,, >50K
39.65118408203125,,, HS-grad,,,, Husband,, Male,,,46.68359375,,
,,178984.453125,,10.557873725891113,,, Not-in-family,,,1225.8182373046875,,,,
,,,,,,,,,,422.991455078125,,,,
49.84849548339844,,,,,,,,,,5423.13330078125,,,,
,,,,,,,,,,366.53033447265625,,40.21593475341797, United-States,
36.28461837768555,,,,,,,, White,,402.615234375,,,,
,,, Bachelors,, Married-civ-spouse,, Not-in-family,,,,194.5237274169922,47.20879364013672,,
,,,,,, Prof-specialty,,,,,,, United-States,
27.624103546142578,,185486.078125,,, Never-married, Other-service,,,,,,, United-States, <=50K
,,,,,,,,, Male,,,,,
,,,,,,,,,,,,35.26898193359375, United-States, <=50K
,,,,8.820926666259766,,,,,,,,39.53776550292969, United-States,
,,,,,,,,,,,,35.60964584350586,,
37.94068145751953,,197822.078125,,10.202475547790527,,,,, Male,,,,,
,,,,11.667649269104004,,,,,,,,, United-States,
,,, Bachelors,,,,,,,766.1417846679688,,,,
,,,,,,,,,,,,35.99287414550781,, <=50K
,,,,,,, Husband,,,3706.9541015625,,,,
,,, Some-college,,,,,,,,24.306575775146484,,,
,,185656.8125,,,,, Not-in-family, White,,,,, United-States,
, Private,,,, Never-married, Exec-managerial,,,,,,,,
36.836978912353516,,190793.625,,,, Craft-repair, Not-in-family,,,,,,,
,,,,,,,, White,,,,,, <=50K
, Private,,,,, Craft-repair,,,,,,, United-States,
,,,,,,,,,,,,38.0426139831543,,
,,,,,,,,,,,,,,
,,, HS-grad,,,, Own-child,,,,,, United-States,
,,,,,,, Husband,,,,,48.64789581298828, United-States,
45.39552307128906,,, HS-grad,,, Craft-repair, Husband, White,,,,,,
,,,,,,,,,,,,,,
37.17333221435547,,192195.28125,,,,,,, Female,,,41.32227325439453,, <=50K
, Private,,,,,,,,,,,,,
32.0496711730957,,, HS-grad,,,,,,,,,36.96417236328125,, <=50K
, Private,,,,, Craft-repair,,,,,,,,
,,,,,, Craft-repair,,,,-279.829833984375,42.469871520996094,,,
,,,,,,, Husband,, Female,,-27.521156311035156,,, <=50K
27.74852180480957,,,,,,,,,,,,,, <=50K
26.19650650024414,,,,,,,,,,,,,, <=50K
,,,,9.209770202636719,,,,,,,,40.076602935791016, United-States,
,,,,,,,,,,,,,,
,,,,,,,,,,,,,,
,,,,12.442710876464844,,, Wife,,,,,,,
,,,,,,,,, Female,,,,, <=50K
,,,,,,, Husband,, Male,,,,,
, Private,,,9.732377052307129,, Craft-repair,,,,,98.32887268066406,,,
,,,,,,, Husband,, Male,1792.263671875,,,,
,,,,,,,,, Male,,88.840087890625,44.84324264526367,,
,,,,9.36384105682373, Never-married, Other-service, Not-in-family,,,,-12.324729919433594,,, <=50K
,,,,,,,,, Male,,,50.873905181884766,,
32.124168395996094,,,,, Married-civ-spouse,,, Asian-Pac-Islander,,,,44.48871994018555,,
,,,,,, Exec-managerial,,,,1813.48583984375,,,,
, Private,,,,,,, White,,,,,,
, Private,191107.59375,,, Never-married,,,,,,,,,
,,,,,,,,, Male,,,,,
30.20764923095703,,,,, Married-civ-spouse,,,, Male,,,,,
,,,,, Never-married,,, White,,,,,, <=50K
,,, HS-grad,,,, Husband,,,,,,,
,,, HS-grad,,,,,,,,,,, <=50K
,,,,,,,, White,,,214.28848266601562,, United-States,
42.57074737548828,,,,,,, Husband,, Male,,,49.43016815185547,,
36.451045989990234,,, Bachelors,,,,,,,,,,,
,,, HS-grad,,,,,,,,,,, <=50K
,,,,, Never-married,,,,,,,,, <=50K
,,,,,,,,,,,,35.04647445678711,, <=50K
,,,,10.09878921508789, Married-civ-spouse,, Husband,, Male,,,,,
,,,,,,,, White,,,-65.03404235839844,,, <=50K
43.30406951904297,,195005.25,,,,,,,,3352.095703125,,45.6606559753418,,
, Private,,,,,,,,,,-88.31402587890625,, United-States, <=50K
,,,,10.129427909851074,,,, White,,-39.97265625,,,,
,,211026.640625,,10.704573631286621,, Craft-repair, Husband,,,408.6964111328125,87.46691131591797,,,
,,,,,, Craft-repair,,, Male,3586.59716796875,,50.626094818115234,,
, Private,,,,,,,,,,269.9927673339844,,,
,,, HS-grad,8.04656982421875,,,,,,-3182.009765625,,,, <=50K
,,,,,, Craft-repair,,, Female,,,,, >50K
,,,,,,,,,,,-128.98883056640625,,, <=50K
,,,,9.739808082580566,,, Not-in-family,,,,,42.648719787597656,,
, Private,, Some-college,,,, Own-child,,,-852.716552734375,,,,
,,,,,,, Own-child,,,-3968.2861328125,,, Mexico, <=50K
, Private,221855.40625,,,,,, White,,-546.865234375,,,,
,,,,, Married-civ-spouse, Exec-managerial,,,,,208.70741271972656,, United-States,
,,,,9.557023048400879,,,, White,,999.0718994140625,,41.35995101928711,,
,,, HS-grad,,,,, White, Male,-255.2271728515625,,,,
24.708120346069336, Private,,,, Married-civ-spouse,,, White,,,6.308082580566406,, United-States,
,,,,,,,,,,-2490.4072265625,,,, >50K
,,, Bachelors,,,,,,,3974.45361328125,,,,
,,,,,,,,, Male,,90.3882827758789,, United-States,
, Private,,,,,,, White,,,,,,
40.626895904541016,,,,,,,,,,,,,,
,,,,, Never-married,,, White,,,,38.032135009765625,, <=50K
,,, HS-grad,,,,,,,,81.6502456665039,,,
,,,,,,, Not-in-family,,,,85.68145751953125,,,
30.4129638671875,,, Some-college,, Married-civ-spouse,,, White,,,,,,
31.628522872924805,,, Bachelors,,,,,, Female,-2817.517578125,-34.869041442871094,46.01911163330078,, >50K
,,,,,,, Not-in-family, White,,,,,,
, Private,212413.8125, Some-college,,,,, White, Female,,,,, <=50K
46.480918884277344, Private,,,,,,,, Male,,,,,
, Private,,,9.607536315917969,,, Own-child,,,,,,,
, Private,,,,, Craft-repair,,,,,,,,
33.05643081665039,,,,,,,,,,,74.54889678955078,,,
,,, Bachelors,,,,,,,,,,, >50K
33.573822021484375,,, HS-grad,,,,,, Female,,39.10301208496094,,,
34.84809112548828,,, HS-grad,7.665205955505371,,,,,,,-63.88447570800781,35.824947357177734,, <=50K
,,,,,,,, White,,,,,,
31.856788635253906,,202256.296875, 10th,, Married-civ-spouse, Other-service,,,,,,,,
,,, HS-grad,,,,,,,,-62.2520751953125,, United-States, <=50K
41.78651428222656,,204087.03125,,,, Craft-repair,,, Male,,87.34383392333984,48.05048370361328,,
,,,,,,, Not-in-family,,,,88.45486450195312,,,
,,200626.390625,,, Never-married,, Own-child,,,,44.69565963745117,,,
,,,,,,, Wife,,,,,,,
, Self-emp-not-inc,, HS-grad,,,,,, Female,,,,, >50K
,,206523.0,,,,,,, Male,,,,,
,,,,,, Other-service,,,,154.623291015625,,,,
, Private,177069.90625,,10.35031509399414, Never-married, Other-service,,,,,,,,
,,, Bachelors,,,,,,,,,,, <=50K
,,, Bachelors,,,,, White,,,,,,
33.203189849853516,,179502.15625,,,, Prof-specialty,,,,,,,, <=50K
, Private,173645.5,,7.709441184997559,,,,,,-2838.82373046875,,,, <=50K
28.922229766845703,,,,, Married-civ-spouse,,,,,,74.57453155517578,,,
, Self-emp-not-inc,,,,,,,, Male,2342.46484375,,, United-States,
,,,,,,,, White,,,,35.41853713989258,, <=50K
,,,,,,, Husband, White, Male,,135.3127899169922,,,
44.01156997680664, Private,, HS-grad,,,,,,,,32.66685104370117,34.89337921142578,,
, Private,, Bachelors,,, Prof-specialty,,,,,70.22224426269531,, United-States,
,,,,,,, Husband,,,,255.87063598632812,, United-States,
,,188441.734375, Some-college,10.514430046081543,,, Wife,,,,46.77000045776367,, United-States,
34.33572006225586,,,,,, Prof-specialty, Not-in-family,,,,,42.29285430908203,, <=50K
,,,,,,,,,,369.2430419921875,,36.92097091674805,,
,,183187.6875,,, Married-civ-spouse, Exec-managerial,,,,,,48.44590759277344,,
,,,,,,, Husband,,,758.4810180664062,94.48246765136719,,,
,,, Bachelors,,,,,,,,,46.54857635498047,,
38.14239501953125, Private,, HS-grad,,,,, White,,-381.222412109375,,,,
48.37553405761719,,,,,,,,,,,,, United-States,
,,,,, Never-married,, Not-in-family,,,,,,, <=50K
25.13283920288086,,,,, Never-married, Prof-specialty,,,,-2736.69384765625,,, United-States, <=50K
,,188827.34375,,,,,,,,-344.59765625,,,,
,,,,10.214753150939941,,, Own-child,,,,,,,
,,,,9.238794326782227,,,, White,,,,, United-States,
,,,,,,, Husband, White,,,,,,
,,,,, Married-civ-spouse,,,, Male,4326.47705078125,,53.798683166503906,,
35.66337966918945,,196157.3125, HS-grad,,,,, White, Female,,-50.99859619140625,,, <=50K
,,,,,,,,,,,,,,
39.8870849609375,,173105.578125, Bachelors,,,, Not-in-family,,,237.8436279296875,60.22957229614258,,,
,,,,,,,,,,,,,,
,,,,,, Prof-specialty,, White,,411.06536865234375,,,,
,,185278.3125,,,,,,,,,,49.824546813964844,,
,,,,8.337779998779297,,,,,,-439.333740234375,25.369075775146484,,,
,,,,,,, Own-child,,,,,,,
, Private,,,, Divorced, Other-service,,,,,-58.58978271484375,,, <=50K
,,203374.734375,,, Never-married,,, White,,,,,, <=50K
,,174801.6875,,,,,, White,,-4.6226806640625,,35.604881286621094,,
,,,,,, Craft-repair,,,,,166.82757568359375,, United-States,
31.144561767578125,,175550.6875,,,,,,,,,,,,
31.963253021240234,,,,7.217480659484863,,,,,,-3202.08544921875,,, United-States, <=50K
,,, HS-grad,, Married-civ-spouse,,, White, Male,923.0066528320312,,,,
,,,,,,, Wife,,,186.421630859375,,,,
49.69708251953125,,185659.34375,,,, Craft-repair, Husband,,,,,,,
,,,,, Never-married,,,,,,,,,
,,174090.390625,,, Divorced, Prof-specialty,,,,,,,, <=50K
,,,,,,, Own-child,,,,,,,
,,,,,,, Not-in-family,,,,,,, <=50K
35.46796798706055,,,,,,,,,,-40.4569091796875,,40.83637619018555,,
,,, Bachelors,,,,,,,,,,, <=50K
,,, HS-grad,,,,,, Female,,,, United-States, >50K
,,194762.953125,,,,,,,,,,,,
,,,,,,,,,,,-89.14852905273438,, United-States, <=50K
,,,,12.312135696411133, Married-civ-spouse, Exec-managerial,,,,,,,,
,,,,,,,,,,,,,, >50K
, Private,,,10.73412036895752, Never-married, Other-service,,,,,,, United-States,
,,182457.96875,,,,,,,,,,,,
20.169599533081055,,, 5th-6th,,,,,, Female,,-93.4649658203125,,, <=50K
,,, Bachelors,,,,,,,,60.08318328857422,,,
37.42021942138672,,200689.984375,,, Married-civ-spouse,, Husband,, Female,,,,,
,,, HS-grad,10.423809051513672,,, Not-in-family,,,,,,,
,,,,,,,,,,,,,, <=50K
,,,,,,,, White,,3669.87548828125,,45.26649475097656,,
,,, Some-college,, Married-civ-spouse,,,,,,,,,
,,, 11th,,,,,, Male,-1236.4085693359375,28.863414764404297,,,
,,, HS-grad,10.605449676513672,,,,,,,183.82308959960938,43.877620697021484,,
, Private,189572.375,,9.443500518798828, Married-civ-spouse,,,, Female,,,,,
,,,,8.313392639160156,,,,, Female,-2206.017578125,,,, >50K
36.144588470458984,,,,,,, Not-in-family,,,,,, United-States, >50K
,,, HS-grad,,,, Husband,,,,197.41098022460938,,,
38.16093444824219,,189370.890625, HS-grad,,, Craft-repair,,,,,,44.5953483581543,,
,,,,,,,, White,,,,, United-States,
34.823970794677734, Private,, HS-grad,8.321492195129395,,,, White, Male,,,,,
,,, HS-grad,,,,,, Male,,51.71791458129883,,,
,,,,, Married-civ-spouse, Exec-managerial,,,,,200.18569946289062,49.790184020996094,,
,,,,,,, Husband,, Male,,,,,
,,,,,, ?,, White,,,48.729366302490234,, United-States,
,,181061.25, Bachelors,,,,,, Male,,,,,
27.890859603881836,,173822.40625,,, Divorced,,,,,,,, United-States,
44.40715408325195,,,,11.42275333404541,,,, White,,,,45.844207763671875,,
,,,,, Never-married,, Own-child, White, Female,,75.15995788574219,,,
,,197224.140625,,,,,,,,-460.947265625,,,,
38.6098747253418,,,,,,,,, Male,1016.059814453125,,,,
, Private,179655.46875, Bachelors,, Married-civ-spouse,,,,,,,, United-States,
,,201945.765625,,,,, Husband,,,,,,,
,,,,,, Prof-specialty,,,,,,48.63933181762695,,
, Private,,,,,,,,,,41.206539154052734,,,
,,, Some-college,,,,,,,-410.0418701171875,47.50588607788086,,,
, Private,, HS-grad,,, Adm-clerical,,,,,,,,
,,,,,,,,, Male,,,52.44075012207031,,
,,,,,, Adm-clerical, Unmarried,,,,,, United-States,
,,,,,,,,,,455.8309326171875,,,,
37.063507080078125,,,,,,, Not-in-family,,,,-55.61680603027344,37.392913818359375,, <=50K
,,, Bachelors,,,, Husband, White, Male,,,,,
,,,,,,, Own-child,,,,,,,
,,, Bachelors,,,,,,,,,43.33823776245117,,
35.22319412231445,,188682.890625,,8.244132041931152,,,,,,,-40.64533996582031,,, <=50K
,,,,,, Craft-repair,,,,,,, United-States,
29.82036781311035, Private,189408.359375, HS-grad,10.452526092529297, Married-civ-spouse,,, White,,,,, United-States,
,,,,,,,,,,,-85.512939453125,,, <=50K
,,173114.046875,,,,,,,,,,, United-States,
,,,,11.85826301574707,,,,, Male,5265.5205078125,,,,
33.12489700317383,,,,,, Prof-specialty, Not-in-family,,,,,,, >50K
,,194652.59375,,,,, Husband,,,,215.9381866455078,, United-States,
,,,,, Married-civ-spouse,,,,,,,47.43735122680664,,
,,,,,,,,,,96.25225830078125,65.92597198486328,, United-States,
,,,,, Married-civ-spouse, Exec-managerial, Not-in-family,,,,216.79107666015625,,,
,,,,,, Prof-specialty,, White,,,,,,
,,, Some-college,,,,,,,,65.05663299560547,,,
,,,,,,, Husband,,,,219.711669921875,,,
26.95518684387207, Private,, Some-college,,,,,,,,,,,
,,,,9.341910362243652,,,,,,,,,,
,,,,, Never-married,,,,,,,,,
,,,,,, Transport-moving, Husband,,,4233.27392578125,,, United-States,
,,,,,,, Husband,,,-92.140380859375,,44.29612731933594,,
38.13916015625,,171988.625,,,,,,,,,,, United-States, >50K
, Private,, 7th-8th,,,, Husband,,,-797.318603515625,,,,
,,,,,, Craft-repair,, White, Male,4533.8447265625,,,,
, Private,,,8.200815200805664,,,, White,,364.6719970703125,,38.498477935791016,,
, Private,,,,,,,,,,,,,
,,, Masters,, Married-civ-spouse, Exec-managerial,,,,,,, United-States,
, Private,,,,,,,,,,,,,
29.21269989013672,,195122.09375, Some-college,, Married-civ-spouse,,,, Female,,,,,
,,,,,,,, White,,,,,,
,,190439.328125,,8.584725379943848,,,,,,,,,, <=50K
,,188597.765625,,8.977609634399414, Never-married,, Not-in-family,,,,,, United-States, <=50K
,,,,11.396768569946289, Married-civ-spouse,,,, Male,,,,,
, Private,,,, Divorced,, Unmarried,,,-3355.92529296875,-75.39190673828125,34.95947265625,, <=50K
,,185128.09375,,,,,, White,,,,,,
,,,,, Never-married,, Own-child,,,,,,,
,,,,,,,,,,-2101.75732421875,,, United-States, <=50K
23.531879425048828,,,,,, Other-service,,,,,,,, <=50K
35.999813079833984,,, Some-college,,,, Not-in-family,,,,,,,
,,,,,,,,, Male,,,,,
33.27603530883789,,199816.3125,,,,,,, Female,,,,,
,,,,, Married-civ-spouse,,, White,,,,,,
28.24179458618164, Private,, HS-grad,,,,,,,,,,, <=50K
,,,,11.526771545410156, Married-civ-spouse,,,,,,,40.120094299316406,,
30.237974166870117,,200767.46875,,, Married-civ-spouse,,,,,-32.2764892578125,,,,
,,,,, Divorced,,,,,,,, United-States,
,,, Bachelors,,,,,,,,,, United-States, <=50K
, Private,, HS-grad,,,, Not-in-family, White,,,,,,
,,,,,, Adm-clerical,,,,-2979.26611328125,-57.349151611328125,,, <=50K
,,,,, Married-civ-spouse,, Not-in-family, White,,,229.73814392089844,,,
41.58876037597656,,, Bachelors,,,,,,,,,,,
43.4595832824707,,,,,,,, White,,,,,,
46.824249267578125,,192478.671875,,,,, Husband, White,,3990.05712890625,,,,
,,,,, Divorced, Adm-clerical, Not-in-family, White,,,58.362510681152344,,,
,,,,9.161922454833984,, Other-service,,,,,,35.64100646972656,, <=50K
,,,,12.322376251220703,, Exec-managerial, Husband, White,,4197.76611328125,,, United-States,
,,, HS-grad,,,,,,,-105.3814697265625,40.430824279785156,, United-States,
,,205401.234375,,,, Craft-repair,,,,,,,,
,,,,11.582247734069824,, Craft-repair, Own-child,,,,,46.0535888671875,,
,,,,9.14877700805664,,,, White, Male,,,,,
, Private,,,,,,,,,,,,,
,,,,, Married-civ-spouse,,,, Female,,,,,
,,,,,,, Own-child,,,,,,,
,,182632.03125,,9.65095043182373,, ?, Not-in-family,,,,-29.788650512695312,, United-States, >50K
, Private,,,,,, Not-in-family,,,,,38.924739837646484,,
,,,,,,, Husband,, Female,-3379.38623046875,,,, >50K
,,,,,,, Husband,, Female,,137.23594665527344,,,
,,,,,,,,,,,,,, <=50K
, Private,,,8.163700103759766, Widowed, Priv-house-serv,,,,,,,, <=50K
36.49723815917969,,,,8.393624305725098,,,,, Male,346.7757568359375,72.23638153076172,,,
,,193036.765625,,,, Adm-clerical,, White,,,57.79696273803711,,,
,,, HS-grad,,,, Husband,,,,190.37094116210938,,,
, Private,,,,, Prof-specialty, Own-child, White,,,88.34254455566406,,,
,,,,10.247945785522461, Widowed,,,,,133.84332275390625,47.758216857910156,,,
,,,,,,,,, Male,,,,,
,,,,9.19719123840332,,,,,,-205.5513916015625,,,,
,,,,,,,,, Male,,,,,
,,,,,, Craft-repair,,, Male,,73.56609344482422,,,
,,,,, Divorced,,,,,,,,,
41.449581146240234, Private,,,,, Exec-managerial,,,,,,,,
,,, HS-grad,,,, Not-in-family,,,-811.4727783203125,24.34792709350586,, United-States,
,,189959.328125,,,,,,,,,,,,
36.21902847290039,,, Bachelors,,,,, White,,57.01220703125,68.21857452392578,,,
,,,,,, Prof-specialty,,,,,,,,
38.695831298828125,,,,,,,,,,,,,,
, Private,,,,, Other-service, Unmarried, White,,,,,, <=50K
,,168928.734375, HS-grad,,,,,,,,,, United-States,
,,,,,, Craft-repair,,,,,,43.89801788330078,,
,,,,,,,,,,30.9892578125,44.734649658203125,38.72602844238281,,
, Private,170868.4375,,,,,,,,,-102.70889282226562,29.570125579833984,, <=50K
,,, Bachelors,,, Sales,,,,,55.277862548828125,, United-States,
,,,,,,,,,,,,,,
, Private,189196.25,,,,,,,,,,,,
,,184764.171875,,,,,,,,,,, United-States,
, Private,,,,,, Husband,, Male,,73.28764343261719,49.633201599121094,,
,,,,,,,,, Male,4690.8662109375,,,,
,,,,,,, Husband, White, Female,,,,, <=50K
,,,,,,,,,,,,, United-States,
,,183027.515625,,,,,,,,,,43.205631256103516,,
,,192059.421875,,,,, Not-in-family, White,,,,,, >50K
, Private,,,11.896716117858887,,,,,,,,, United-States,
,,,,9.801884651184082,,,,,,,,,,
,,,,,,,,,,,174.44174194335938,,,
, Private,, HS-grad,,,, Husband,,,,,,,
, Private,,,,,, Own-child,,,,,,,
,,,,,, Prof-specialty,,,,1682.767333984375,121.62379455566406,, United-States,
48.73788833618164,,199171.9375,,,,,,, Male,4092.08349609375,,,,
,,, Some-college,,, Adm-clerical,,,,,,,,
26.936519622802734, Private,, Some-college,10.730916023254395, Divorced, Adm-clerical,, White,,,40.61212921142578,, United-States,
43.82573699951172,,,,,,,,,,1878.632568359375,,,,
,,, Bachelors,,,,, White,,,,41.03783416748047,,
,,,,8.956934928894043,,,,,,,,,,
32.53841781616211,,, Bachelors,,, Craft-repair,,, Female,,,,, >50K
,,,,,,,,,,,,,,
, Private,, Some-college,,,,,,,,60.45741271972656,44.134544372558594,,
, Private,,,,,,,,,-465.8731689453125,,33.449729919433594,,
,,,,,,,,,,,,,, <=50K
29.06410026550293,,188520.921875,,, Never-married,,,,,-411.1427001953125,,,,
,,203843.09375,,10.991832733154297,, Other-service, Own-child,,,,60.84831619262695,,,
,,,,,,, Not-in-family, White,,,51.81331253051758,,,
,,,,,,,, White,,,,39.276763916015625,,
34.37074279785156, Private,,,,,, Husband, White, Female,,,44.902591705322266, United-States, >50K
33.393611907958984,,190806.9375,,,,,,,,-827.5208740234375,,,,
, Private,,,9.290013313293457,,, Husband,, Male,13.4691162109375,,47.44788360595703,,
,,,,,,,, White,,,,,, <=50K
,,184632.609375,,,,, Own-child,,,516.9038696289062,74.57511138916016,40.30037307739258,,
,,,,,,, Husband,, Female,,55.72821807861328,, United-States,
34.32920455932617, Private,192981.25,,, Married-civ-spouse, Exec-managerial,, White,,,148.13787841796875,49.431915283203125, United-States,
,,198384.40625, 7th-8th,,,,, White,,,,, United-States, <=50K
,,,,8.62479019165039,, Adm-clerical,,,,-2825.919921875,,,, <=50K
,,, Some-college,,, Craft-repair,,,,,,,,
,,,,,,, Not-in-family,,,,58.824283599853516,,,
,,,,9.16384506225586,,, Husband, White,,,,, United-States,
,,201356.859375,,,, Craft-repair,,, Female,108.80596923828125,,,,
,,,,10.393038749694824,, Adm-clerical,,,,,,,,
,,,,, Married-civ-spouse,,,, Male,,,,,
, Private,190198.515625,,,,,,,,,,,,
47.610923767089844, Private,,,,,,,, Male,,57.112396240234375,,,
,,,,,,,,,,,,,,
,,, HS-grad,,,, Unmarried,,,,,,,
, Private,,,, Married-civ-spouse,,,,,1316.2236328125,,, United-States,
, Private,178202.0625,,10.367746353149414, Divorced, Adm-clerical,, White,,,,,,
, Private,,,,,,,,,,-4.026573181152344,,, >50K
27.212318420410156, Private,,,,,,,,,,,,, <=50K
,,196218.734375,,,,,,,,350.66455078125,,,,
,,,,,,, Own-child,,,,35.8555793762207,36.73692321777344,,
,,,,,,,,, Male,95.06182861328125,,,,
, Private,,,,,,,,,,,,,
,,,,7.820872783660889, Never-married,, Not-in-family,, Female,,,, United-States, <=50K
,,,,, Never-married,,, White,,-3060.35986328125,,,, <=50K
, Private,,,10.134952545166016,,,,,,,182.48605346679688,42.93878936767578, United-States,
,,, Some-college,10.024569511413574,, Adm-clerical,,,,,,,, <=50K
, Private,,,,, Other-service,,,,,,35.01410675048828,,
,,,,,, Craft-repair,,,,,,43.52107620239258,,
,,,,, Married-civ-spouse,,,,,,,,,
,,,,,,,,, Male,,,,,
,,, 7th-8th,,,,,,,,,, United-States, <=50K
,,,,,,,,,,,,,,
, Private,, HS-grad,, Never-married,,,,,,,, United-States, <=50K
, Private,, HS-grad,,,,,,,,,44.10137939453125,,
,,,,,, Craft-repair,,,,,,,,
,,,,,,,, White,,,,33.244285583496094,, <=50K
,,,,9.030282974243164,,,, White,,,52.153202056884766,,,
,,167655.71875,,,,,,,,722.107177734375,,,,
,,,,9.425835609436035,,,,,,,,,,
,,203120.71875,,,,,, White,,,65.53739929199219,39.918235778808594,,
,,,,,,,,,,,45.21101379394531,,,
,,,,,, Handlers-cleaners,,,,-513.2015380859375,,, United-States,
,,187630.0,,9.882755279541016,,,, White,,,,, United-States,
29.61948013305664, Private,, Bachelors,, Married-civ-spouse,,,,,,,,,
39.545379638671875,,, HS-grad,,,, Husband,, Male,-327.8043212890625,,,,
31.369461059570312,,,,,,,, White,,,,,,
,,,,,,, Unmarried,,,,,,, <=50K
,,, HS-grad,, Never-married,,,,,,31.21263885498047,,,
,,,,10.528728485107422,,,, White, Male,,,,,
,,221866.765625,,,,,, White, Male,,,,,
,,, HS-grad,13.63013744354248,,, Husband, White, Male,,,,,
, Private,200557.046875,,,,, Husband, White, Male,,,,,
30.278152465820312,,,,,,,,,,,,, United-States,
,,,,,,,, White,,,,34.593955993652344,, <=50K
,,,,,,,,, Female,1839.31005859375,,49.806053161621094,,
,,,,,,, Not-in-family,,,,,39.02365493774414,,
,,,,,,,, White,,,,,,
,,,,7.994876861572266, Divorced,,,,,,,,, <=50K
,,,,,,,,,,,,,,
,,,,,,, Husband, White,,,,41.35289764404297,,
,,,,,,, Husband,,,1839.374755859375,,,,
,,,,,,,,,,,,,, <=50K
, Private,,,, Married-civ-spouse,, Not-in-family,,,,,,,
,,197278.84375,,,,,,,,,,,,
45.077606201171875,,184881.40625, Some-college,11.115180015563965,, Craft-repair, Husband,,,,,45.420684814453125,,
, Private,,,,,,,,,,,,,
43.85352325439453,,, HS-grad,,,,,,,-598.481201171875,,,,
23.65715217590332, Private,, Some-college,, Never-married,,, White,,,,39.212528228759766,, <=50K
,,,,, Divorced,,,,,,,,,
28.543874740600586,,198718.421875,,9.214838027954102, Married-civ-spouse,,,, Male,,72.77083587646484,,,
,,194069.546875, Some-college,,,, Not-in-family,,,-270.3128662109375,56.76854705810547,,,
, Private,,,,,,,,,,,,,
,,, HS-grad,,,,,, Female,,,,, >50K
, Private,,,, Married-civ-spouse,,,, Male,,,, United-States,
,,,,10.359959602355957,, Other-service,,,,,,, United-States,
,,, Bachelors,,,,,,,,,,, >50K
31.47447967529297,,,,9.851842880249023, Never-married,, Not-in-family,,,,,,,
, Private,,,,,,,,,160.52703857421875,,,,
,,,,8.058480262756348,,,,,,-2184.30517578125,,,, <=50K
,,,,12.482934951782227,,,,,,,168.5587158203125,,,
, Private,,,,,,, White,,2578.27099609375,,,,
,,,,,,,,, Male,645.420654296875,,,,
, Private,, HS-grad,,,, Not-in-family, White,,,,,, <=50K
,,166144.921875,,,,,,,,,,,,
, Private,,,7.753390789031982,,,,,,,,,, <=50K
,,, HS-grad,,,,, White, Male,,,, United-States,
,,,,,,,,,,,,38.08448791503906,,
,,, HS-grad,,,,,, Male,3361.46435546875,,,,
,,,,, Divorced,,,,,,,,, <=50K
,,, HS-grad,,,,,,,,,,,
,,,,,,,,,,,,31.228477478027344,, <=50K
, Private,,,,,,, White,,,26.87238311767578,, United-States,
,,193657.171875, HS-grad,,,, Wife, White,,,,,,
,,,,, Married-civ-spouse,,,,,,200.01217651367188,, United-States,
33.982303619384766, Private,204382.5625,,10.831756591796875, Married-civ-spouse,,,,,,,,,
44.0316047668457,,192814.765625,,,,,,,,,,,,
, Private,,,,,,,,,,,,,
,,, Some-college,,, Other-service,,,,,39.56256866455078,,,
48.23134231567383,,,,9.307519912719727,,, Husband,, Male,,,,,
,,,,,, Exec-managerial,,,,,203.11358642578125,, United-States,
39.78990173339844, Private,,,8.99920654296875,,,,,,,,40.62626266479492,,
,,, Bachelors,,, Prof-specialty,,,,,,,,
,,,,9.588963508605957,,, Unmarried,,,902.3489990234375,,38.027076721191406, United-States,
, Private,189391.578125,,,, Machine-op-inspct, Husband,,,801.305908203125,,,,
,,185844.53125,,,,,,, Female,,,,, >50K
,,,,,, Craft-repair,,,,4117.00927734375,,, United-States,
39.75523376464844,,197692.703125,,,, Craft-repair,,, Female,,,, United-States,
,,, Bachelors,,,,,,,,199.4187469482422,,,
38.57789611816406, Private,,,,, Craft-repair,,, Female,,,, United-States,
,,199877.59375,,8.306625366210938, Never-married,,,,,,,, United-States, <=50K
,,,,10.131829261779785, Never-married,,,,,,,,,
,,, HS-grad,, Married-civ-spouse,,,,,,43.008907318115234,,,
,,,,9.274035453796387, Never-married,,,,,,,, United-States,
, Private,,,9.064994812011719, Married-civ-spouse,,,,,39.3458251953125,,,,
, Private,,,, Divorced,,, White,,-1587.6798095703125,,,, <=50K
,,, Bachelors,,,,,,,,,, United-States,
, Private,,,, Married-civ-spouse, Sales,, White,,,82.23127746582031,45.39237976074219, United-States,
, Private,,,,,,,, Male,,70.8657455444336,,,
, Private,,,, Never-married,, Not-in-family,,,-2421.2333984375,-40.970947265625,,, <=50K
,,,,,,,,,,,34.883514404296875,38.46342849731445,,
, Private,,,,,, Not-in-family, White,,,99.3631591796875,,,
40.63003921508789,,181845.53125,,13.241287231445312,, Exec-managerial,,,,3912.896484375,,, United-States,
,,203405.40625,,,, Craft-repair,,, Female,,,44.42170715332031, United-States, <=50K
,,,,, Never-married,,,,,,,40.22048568725586, United-States,
28.295669555664062,,,,,,,,,,,,,, <=50K
,,,,,,,,,,,,,,
35.81220626831055,,,,,,,,,,,75.51588439941406,39.716426849365234,,
, Private,,,, Never-married,,,,,,,41.90165710449219,,
,,,,,,, Not-in-family,,,,,,,
, Private,180023.0, Prof-school,, Married-civ-spouse,,,,,,-196.57398986816406,,,
,,, HS-grad,,,,,,,,,,,
39.31684112548828,,,,,,, Husband,, Female,,92.4112777709961,,,
,,,,, Married-civ-spouse,,,,,,,,,
,,,,,,,,,,,,,,
,,,,,,,,,,,54.1889762878418,,,
,,,,,,, Husband,,,,,,,
, Private,208218.65625,,,,,,,,,,38.27473449707031,,
,,,,,,,,,,4098.630859375,,,,
,,, Bachelors,, Never-married,,,,,,66.08621978759766,,,
, Private,,,, Divorced,,,,,,,33.80829620361328,,
,,,,,,,,,,,45.21909713745117,,,
,,,,,, Craft-repair,,,,,,42.28553771972656,,
,,,,8.697868347167969,,,,,,,,32.24412536621094,,
,,,,, Married-civ-spouse,,,, Female,,-45.43525695800781,45.721466064453125, United-States, >50K
,,,,,,, Unmarried,,,,,,, <=50K
37.390525817871094,,, Some-college,10.033465385437012,, ?,,, Female,,,,, >50K
,,, Bachelors,,,,, White, Male,824.27587890625,,,,
,,,,9.988178253173828, Never-married,,,,,,,,,
,,,,,,,,,,487.0709228515625,,,,
35.783145904541016,,,,, Married-civ-spouse, Prof-specialty,,,,,110.06675720214844,,,
,,199378.984375,,,,,,,,,46.177494049072266,41.200279235839844,,
, Private,,,,,,,, Male,2569.9267578125,,52.86326217651367,,
,,, Bachelors,,,, Husband,,,,,49.963951110839844,,
,,,,,,,,,,,105.372314453125,42.301876068115234,,
36.179901123046875, Private,,,,, Prof-specialty,, White,,615.4080810546875,,,,
35.68669891357422,,,,, Married-civ-spouse,, Not-in-family,,,37.1414794921875,59.608089447021484,,,
,,,,,,, Husband,, Male,,,49.2950553894043, United-States,
,,,,,,,,,,3965.4052734375,,,,
,,,,, Never-married, Prof-specialty,,,,,,,,
,,,,, Married-civ-spouse,, Not-in-family,,,-1937.4373779296875,,, United-States,
32.517173767089844,,,,,,,,,,,-51.02558898925781,,, <=50K
,,,,,,,,,,,184.27101135253906,, United-States,
24.97308349609375, Private,,,,,,,,,,-93.04229736328125,,, <=50K
30.14192771911621,,,,, Married-civ-spouse,,,,,,,, United-States,
50.8328857421875,,,,,,,,, Male,,,53.078060150146484,,
,,,,, Divorced,,,,,,,,,
,,, HS-grad,,,,,,,,,,,
,,,,,,,,,,,22.08118438720703,,,
,,180164.15625,,,,,,,,,,,,
, Private,,,, Divorced,,,,,,33.15760803222656,,,
,,, HS-grad,,,,,,,,,,,
,,,,,, Craft-repair,, White,,-3399.14111328125,,,, <=50K
,,195072.171875,,,,,,,,,181.4317626953125,,,
,,200099.0625, HS-grad,,,, Husband, White,,,,44.358856201171875,,
, Private,,,,,, Own-child,,,,,42.034210205078125,,
27.916954040527344,,,,,,,, White,,,,37.555599212646484,, <=50K
,,,,10.626718521118164,,, Not-in-family,,,,76.11124420166016,39.98648452758789,,
,,,,8.086136817932129,,,,,,,-101.14157104492188,,, <=50K
33.09144592285156, Private,187319.390625,,,, Adm-clerical,, White,,,,36.633506774902344,,
,,, Bachelors,,,,,, Male,,,,,
,,178272.265625,,, Married-civ-spouse,,,,,,,,,
33.047874450683594, Private,,,,,,, White,,,,,,
,,, Bachelors,,,,,,,,,,,
,,192771.140625,,,,,,,,,,, United-States,
,,, HS-grad,,,,,,,,,, United-States,
33.45492935180664,,,,,,,,, Female,,,46.82877731323242,,
,,,,, Married-civ-spouse,,,,,,,, United-States,
,,, HS-grad,,, Other-service,, White,,-3879.99951171875,,,, <=50K
,,, HS-grad,9.281067848205566,,,, White,,200.45782470703125,63.46333312988281,,,
47.8220329284668,,,,,,, Husband,,,3731.09521484375,208.40576171875,,,
,,199390.53125,,9.939850807189941, Married-civ-spouse,,,, Female,,,47.51832580566406,,
,,,,,, Other-service,,,,,,,, <=50K
, Private,,,, Married-civ-spouse, Prof-specialty,,, Male,,251.29856872558594,54.412506103515625,,
, Private,, Some-college,,,,,,,,,, United-States,
,,,,9.483612060546875,,,, White,,1378.404052734375,,,,
,,,,,,,,,,,,,,
,,, HS-grad,,,,,,,,,, United-States,
,,,,,,,, Asian-Pac-Islander,,4087.5888671875,,,,
,,, Some-college,, Married-civ-spouse, Exec-managerial,,,,,,,,
, Private,,,,,, Husband,,,-680.205810546875,,,,
26.518844604492188, Private,, Some-college,10.104430198669434, Married-civ-spouse,,,,,,,,,
,,,,,,, Own-child,,,,,,, <=50K
,,,,,,,,,,,,,,
,,,,,,,,,,,,, United-States,
,,,,8.117780685424805,,,,,,,,, United-States,
,,,,,, Adm-clerical,,,,,,,, >50K
,,, HS-grad,8.989089012145996, Divorced,,,,,-3311.75537109375,-78.47395324707031,,, <=50K
33.76567459106445, Private,191576.578125,,9.840109825134277,,, Not-in-family,,,,,,,
,,185586.9375, Bachelors,,,,, White,,,,42.027076721191406,,
,,,,,,,,, Male,,,43.643959045410156,,
37.042449951171875,,,,,,,,,,-179.913818359375,,,,
36.24098587036133,,,,,, Adm-clerical,,,,-2159.91796875,,,,
37.22849655151367, Private,,,10.306563377380371,,,,,,,66.84452056884766,,,
,,, Some-college,10.418989181518555,, Craft-repair,,,,,,,,
,,, Some-college,,,,,,,,,,,
,,,,,,,,,,,170.13385009765625,,,
,,191939.375,,7.198793411254883,,,,,,,,,, <=50K
,,, HS-grad,,,, Own-child, White,,,,,, <=50K
, Private,,,,,,,, Male,,,,,
, Private,,,,,,,,,,,,, <=50K
,,,,9.782776832580566, Divorced,,,,,,,,,
38.18217086791992,,198680.203125, 10th,,,,,,,,,, United-States,
37.98456954956055,,,,,,, Not-in-family,,,,,,,
39.32525634765625,,,,,,, Not-in-family,,,,,45.63628005981445,,
, Private,,,,,,,,,,,,,
,,,,8.768951416015625,, Adm-clerical,,,,,,32.7712287902832,, <=50K
,,,,,,,,,,4966.4267578125,,,,
35.34992599487305,,192316.171875,,, Married-civ-spouse, Exec-managerial,,,,,154.0443572998047,,,
,,,,9.008012771606445, Never-married,,, White,,,,38.20108413696289,,
43.181148529052734,,,,,,, Husband, White, Female,,18.288467407226562,,, >50K
34.52382278442383,,187383.296875, HS-grad,,, Craft-repair,, White,,,-57.55329895019531,38.94093704223633, United-States, <=50K
,,,,,,,,,,,,,,
,,,,,,,,,,406.07708740234375,,,,
,,,,,,,,, Female,,,,,
,,176783.734375,,,,,,,,,,, United-States, <=50K
,,,,9.344340324401855,,,,,,234.76806640625,39.54714584350586,37.57278060913086,,
,,190540.0,,, Never-married,,,,,,,,,
, Private,,,10.745956420898438,,,, White,,,,,,
,,, HS-grad,8.10683536529541,,,,,,,,, United-States, <=50K
, Private,, HS-grad,,,,, White, Male,,,, United-States,
40.25749588012695,,,,10.747036933898926,,,,,,,62.33699035644531,,,
,,190677.734375,,,,,,,,,,, United-States,
,,,,9.767528533935547,,,,,,,25.030750274658203,,,
, Private,172851.109375,,,,,,,,-1275.1422119140625,,,, >50K
,,,,,,,,,,,,,,
40.264095306396484,,,,,,,,,,,,,, <=50K
27.135913848876953, Private,,,, Married-civ-spouse,,,,,,,,,
,,185427.125,,,,,,,,3610.9326171875,189.930419921875,,,
,,, HS-grad,8.115640640258789,,, Not-in-family,,,,,,, <=50K
43.09688186645508,,,,,, Craft-repair,,,,,,, United-States,
,,, HS-grad,,, Craft-repair,,,,,,,,
, Private,,,,,,,,,,,,,
,,,,10.020430564880371, Never-married,, Not-in-family,,,,,,,
, Private,,,,, Prof-specialty,,,,,195.8482666015625,,,
, Private,,,,,,,, Female,,-57.94232177734375,, United-States, <=50K
, Private,,,,,,,,,-433.732177734375,27.765743255615234,, United-States,
40.66030502319336,,,,10.340129852294922,, Craft-repair,, White,,114.0584716796875,,,,
, Private,,,,,,, White,,,,47.69002151489258,,
,,,,,,,,,,,,,,
,,, Some-college,,,,,,,99.07537841796875,,,,
,,,,,,,,,,,89.43710327148438,, United-States,
,,,,11.812565803527832,, Exec-managerial,,,,,,,,
, Private,,,,,,,, Male,1915.613037109375,,,,
45.604000091552734,,206659.625,,,,,, White, Male,,,,,
40.35102081298828,,,,9.78929328918457,, Craft-repair,,, Female,405.0943603515625,,,,
, Private,211739.046875, Some-college,,,,,,,,,,,
, Private,,,11.694095611572266, Married-civ-spouse,,,,,4015.6396484375,,,,
33.22518539428711,,,,, Never-married,,,,,301.60137939453125,48.2965087890625,36.12092971801758, United-States,
,,,,11.28919792175293,,, Not-in-family,,,,,,,
,,,,,,,,,,,,,,
35.594905853271484,,, Bachelors,,,, Not-in-family,,,,,, United-States, >50K
,,,,,,,,,,,,,,
,,,,,,, Own-child,,,,-53.517333984375,,, <=50K
,,,,,,,,,,,24.6246337890625,,,
,,,,,,,,, Male,,,,,
,,,,, Married-civ-spouse, Craft-repair,,, Male,,,,,
39.59746551513672,,179282.703125,,,,,, White,,,,,,
,,,,,,,,,,,,,,
,,,,,,,,,,,,,,
,,201040.5,,,,,, White, Male,,,, United-States,
54.799110412597656,,197366.140625,,,,, Husband,,,,,,,
35.52994155883789,,181593.8125, HS-grad,,,,,,,,,44.92444610595703,,
,,,,,, Craft-repair,,, Male,494.90423583984375,78.80490112304688,,,
,,,,,,,,,,-3767.18359375,,34.53016662597656, United-States, <=50K
39.5778923034668,,,,,,, Husband, White, Male,,,,,
,,,,,,,,,,,,46.10310363769531,,
25.232440948486328,,,,, Never-married,,,,,,,, United-States, <=50K
,,,,,,,, White, Male,,,, United-States, <=50K
,,,,, Never-married,, Own-child,,,,,,,
,,,,,,,,,,,,, Mexico,
, Private,,,, Married-civ-spouse,,, White, Female,,59.088470458984375,45.75115203857422,,
, Private,,,,,,,,,,,,, <=50K
,,193650.375,,,, Adm-clerical, Own-child,,,,,,, <=50K
,,,,10.412190437316895,,, Not-in-family,,,888.8353881835938,,,,
, Private,,,,,,,,,5470.08837890625,,,,
,,,,, Married-civ-spouse,,, White,,,188.08840942382812,, United-States,
,,,,,,,,,,3175.97314453125,,,,
,,,,8.09135913848877,,, Husband,,,,,,,
,,, HS-grad,9.96445083618164,,,,,,,,,,
, Private,,,,, Adm-clerical,,,,,,39.264862060546875,,
39.269832611083984,,,,,, Adm-clerical,,,,,,,,
43.70189666748047,,, HS-grad,,,, Unmarried,,,,28.277420043945312,,,
, Private,,,,,,,, Male,,,44.591796875,,
41.478763580322266,,, Some-college,10.636903762817383,,,,,,,,,,
,,, Some-college,10.813998222351074,,, Own-child,,,,,39.73419189453125,,
,,,,,,,,,,,,,,
,,,,,,,,,,-3200.0751953125,-76.60543823242188,,, <=50K
,,,,,,, Own-child,,,,,45.98968505859375, United-States,
,,201125.671875,,7.497095108032227,,, Husband,, Female,,,42.99506759643555,, <=50K
,,,,8.758678436279297,,,,,,,,,,
, Private,,,,, Craft-repair,,,,,,,,
,,, HS-grad,,,, Not-in-family, White,,,,,,
,,170208.578125,,,, Prof-specialty, Not-in-family,,,,73.16036224365234,, United-States,
40.699684143066406,,,,,,, Husband,,,-212.9068603515625,,41.2288932800293,,
,,196956.859375,,, Married-civ-spouse,, Husband,, Male,,,,,
, Private,,,10.076887130737305,,,,,,480.077392578125,,, United-States,
, Private,, Some-college,, Never-married,,, White,,,,,,
,,,,, Married-civ-spouse, Prof-specialty, Not-in-family,,,,,, United-States,
,,,,9.438918113708496,, Other-service, Not-in-family,,,-3181.33935546875,,,, <=50K
,,,,9.634954452514648,,, Husband, White, Male,,126.7750244140625,47.769813537597656,,
,,, HS-grad,,,,,,,446.7945556640625,,,,
,,180210.921875,,,,, Not-in-family, White,,,,,, >50K
,,185666.3125,,,,,, White,,,,, United-States,
,,204521.15625,,,,, Husband,, Female,,,,, <=50K
27.028644561767578,,,,, Married-civ-spouse, Sales,,,,,61.490753173828125,,,
38.70260238647461,,,,,,,, White, Male,,,,,
,,, 5th-6th,, Married-civ-spouse,,, White, Male,,,,,
,,, Bachelors,,,,,,,,,,,
,,,,10.073003768920898,, Craft-repair,,,,,,42.06257247924805, United-States,
, Private,,,,,,, White,,,,,,
,,, Some-college,10.39052963256836,, Adm-clerical,, White,,,21.731971740722656,, United-States,
,,192113.375,,,, Other-service,,,,,,,,
, Private,,,,,,,, Male,5094.591796875,,,,
,,209373.765625, HS-grad,,, Craft-repair,, White, Male,,,,,
,,, HS-grad,,,, Not-in-family,,,,,,,
, Private,,,,,,,,,,,, United-States,
,,,,,,, Husband,, Male,,,,,
,,,,, Married-civ-spouse, Craft-repair,,,,-198.4832763671875,65.34674835205078,45.48823928833008,,
,,,,,,,,,,,,,,
26.671104431152344,,199633.53125, Some-college,, Married-civ-spouse,,,, Female,,45.77207946777344,,,
,,,,9.475175857543945,,,,,,,,,,
,,, 11th,, Never-married, Handlers-cleaners,,,,-911.6787109375,,, United-States,
,,,,,,,,,,,-64.68116760253906,,, <=50K
, Private,,,,, Adm-clerical,,,,,,,,
,,, Some-college,,, Adm-clerical,,,,,,,, <=50K
, Private,, HS-grad,,,, Husband,, Female,,,,, >50K
,,,,,,,,,,,,, United-States,
,,,,9.202019691467285,,,,, Male,,,, United-States,
,,187790.234375,,,, Craft-repair, Husband,, Male,,,,,
,,,,, Married-civ-spouse,,,,,4615.451171875,,,,
,,,,,,,, White,,,197.91415405273438,,,
,,,,10.09029769897461,,,,,,,,42.99056625366211,,
,,, HS-grad,7.337388038635254,,,,,,,,,, <=50K
,,,,,,,,,,,,36.4733772277832,,
,,,,9.893782615661621,,,, White, Male,859.032958984375,,,,
,,,,10.30527400970459,,,,, Male,,,,,
,,,,,,,, White, Female,,,,, <=50K
,,,,10.198655128479004,, Craft-repair,, White,,612.9772338867188,,,,
,,,,10.021604537963867,,,, White,,138.761962890625,,,,
,,,,, Never-married,,, White,,,,,, <=50K
,,,,,,,, White,,3623.40283203125,,,,
,,,,,,,,,,,,, United-States,
,,,,, Never-married,, Own-child,,,163.58355712890625,,, United-States,
,,188609.34375,,,,, Husband,,,,,,,
,,,,, Never-married,,, White,,,,,,
, Private,,,,,,,,,,,35.2572135925293, United-States,
,,,,, Never-married, Prof-specialty,,,,,,,,
,,,,,,,,,,,,,,
40.61338424682617,,183634.390625,,,,,, White,,,,38.01778793334961,,
,,, Some-college,, Married-civ-spouse, Craft-repair, Husband,, Male,3594.88818359375,,,,
,,,,,, Craft-repair,,, Male,,,51.69300079345703,,
32.172054290771484, Private,,,7.383065223693848,,,,,,,,, United-States, <=50K
,,, 7th-8th,,,,,,,,37.78609848022461,,,
, Private,,,, Married-civ-spouse,,,, Male,,65.38479614257812,,,
,,186744.90625,,8.556989669799805,,,,, Male,,,44.92188262939453,,
,,188420.921875,,,, Prof-specialty,,,,,,40.27532958984375,, >50K
,,,,,,, Husband,,,,,,,
,,192879.5625,,,,, Husband, White, Male,,,53.72681427001953, United-States,
,,,,,,,,,,,,,,
19.681285858154297, Private,, Bachelors,, Married-civ-spouse,,,,,,,,,
, Private,178990.09375,,,, Prof-specialty,,,,5318.16845703125,,,,
,,, Bachelors,,,, Not-in-family, White,,,,42.140159606933594,, >50K
,,, Some-college,,,,,,,,,,, <=50K
,,198684.75,,,,,,,,,,,,
40.779991149902344,,,,,,, Not-in-family,,,-346.2589111328125,,,,
, Private,,,,,,,,,,,,,
,,,,11.676851272583008, Married-civ-spouse,, Husband, White, Male,,,,,
26.448951721191406, Private,,,,,,,,,,,,,
,,,,, Married-civ-spouse,,,, Female,,,,,
,,, Bachelors,,,,,,,,,36.571617126464844,, <=50K
,,,,,,,,,,,17.509521484375,,,
, Private,189504.71875,,11.395087242126465,,,,,,,,46.54068374633789,,
43.8690299987793,,186005.203125,,,,,, White,,,,,,
,,,,8.725117683410645,,, Husband,, Female,,,,, <=50K
34.48367691040039,,,,,,,,, Male,,,,, <=50K
, Private,,,,,,,,,,,42.470680236816406,,
,,,,9.346145629882812, Married-civ-spouse,,,, Male,,,,,
41.35736846923828,,,,,,,,, Male,-226.75439453125,71.2903060913086,, United-States,
, Private,, HS-grad,,,, Wife,,,,,,,
,,195618.453125,,, Never-married,,,,,,,, United-States,
,,175274.03125, Doctorate,, Married-civ-spouse,, Husband, White, Male,,,,,
,,200239.296875, Some-college,10.905132293701172,,, Own-child,,,,,45.340877532958984,,
,,,,, Married-civ-spouse,,, White,,,,,,
,,,,, Married-civ-spouse, Craft-repair,,,,,,44.1694221496582, United-States,
,,,,, Married-civ-spouse,,,, Female,,90.270751953125,,,
,,, Bachelors,,, Protective-serv,,, Male,1488.185791015625,,, United-States,
,,199982.875,,,,,,,,,22.409507751464844,,,
,,190003.984375,,, Married-civ-spouse, Prof-specialty,,,,,98.1532211303711,,,
,,, HS-grad,,,,,, Male,,,,,
, Private,,,,,,,,,,,37.902259826660156,, <=50K
,,,,,,,,,,,51.126953125,,,
,,163965.9375,,,,,,,,,,,, <=50K
,,,,,,,,,,,73.0801010131836,42.15624237060547,,
, Private,, HS-grad,,,,,,,-805.6353759765625,,,,
,,,,,,, Husband,,,,,,,
,,, Some-college,11.47627067565918, Never-married, Other-service, Unmarried,,,146.07867431640625,21.00396728515625,,,
, Private,197469.0,,,,, Husband,,,,,,,
,,,,, Never-married,,,,,,,,, <=50K
,,196762.953125,,7.753771781921387,,,, White,,,,, United-States, <=50K
,,,,,,,,, Female,,,, United-States,
,,, Some-college,,,,,,,,,31.990581512451172,, <=50K
, Private,, Some-college,,,,,,,,,,,
,,193927.03125,,12.850831985473633, Married-civ-spouse, Exec-managerial,,,,,,,,
,,,,,,,,,,-808.97216796875,,, United-States, >50K
41.26628494262695,,, HS-grad,,,,,,,,,,,
24.565345764160156, Private,, HS-grad,, Never-married, Other-service,,,,-3441.50830078125,,, United-States, <=50K
,,,,,,,,,,,37.915550231933594,38.158756256103516,,
,,,,,,, Unmarried,,,,,34.3239860534668,, <=50K
38.25963592529297, Private,,,,, Craft-repair,,,,,,,,
, Private,179661.03125,,,, Craft-repair,, White,,-3163.939453125,,38.70071792602539,, <=50K
,,,,, Divorced,,,,,,,,,
35.34114456176758,,,,, Never-married,, Not-in-family, White, Female,,,50.382904052734375,, >50K
31.718196868896484,,,,, Married-civ-spouse,,,, Male,,,,,
,,, HS-grad,,, Craft-repair,, White,,,,,,
27.4885196685791,,,,,,,,,,,,,,
34.743465423583984,,,,,,,,,,,,,,
,,215263.09375,,,, Craft-repair,, White, Female,-3459.45458984375,-22.335769653320312,,, <=50K
,,, Bachelors,,,,,,,,,,,
,,,,, Widowed,,, White,,,,,, <=50K
,,,,,,,,,,,,,, >50K
,,, HS-grad,,, Craft-repair, Own-child,,,-599.6663818359375,48.097412109375,,,
,,,,10.26925277709961, Married-civ-spouse,,,,,,,,,
,,, Bachelors,,,,,,,,,,,
,,,,,,,,,,209.85150146484375,,,,
,,,,9.341127395629883, Never-married,,, White,,,,,,
38.25652313232422,,,,,,,,,,,,,,
,,,,,,,,,,-2378.982421875,,34.187679290771484, South, <=50K
,,,,9.501925468444824,, Other-service,,,,,,,,
,,,,12.548178672790527,,,,,,3953.82763671875,198.10061645507812,,,
,,195242.578125,,,,, Husband,, Male,,,,,
,,,,8.502814292907715,,,,, Female,,,,,
,,,,,,, Husband, White,,,,,,
,,,,,,,,,,-2739.837890625,,,,
37.83125686645508,,222307.5625,,,,,,,,,12.668975830078125,31.447372436523438,,
43.2973747253418,,, Some-college,9.958383560180664,, ?, Not-in-family,,,-3053.20263671875,-38.04559326171875,,, <=50K
,,,,,,,,,,692.1229248046875,,,,
,,179959.1875,,,,,,, Male,,,, United-States,
,,, HS-grad,,,, Not-in-family,,,,-51.90657043457031,,, <=50K
45.068077087402344,,, Some-college,11.384781837463379,,,,,,,,, United-States,
,,195324.703125,,11.040152549743652,,,, White,,3335.15087890625,184.80044555664062,,,
27.79015350341797, Private,,,, Never-married, Priv-house-serv, Not-in-family, White,,-3592.75390625,-70.90950012207031,, United-States, <=50K
, Private,,,,,,,,,,,, United-States,
, Private,,,10.510908126831055, Never-married,,, White,,,,36.703285217285156,,
,,,,,,,,,,,,,,
,,, HS-grad,,,,,,,,14.342788696289062,33.430484771728516,,
,,,,12.919248580932617,,, Husband,,,,,,,
33.44816970825195,,, HS-grad,,,,,,,-399.666015625,,,,
41.41014099121094,,189435.328125,,,,,,,,,66.07144927978516,,,
, Private,186450.8125,,, Married-civ-spouse,, Not-in-family,,,,,50.00819396972656,,
,,, HS-grad,,,,,, Male,,,49.64015197753906, United-States,
,,,,,, Prof-specialty,,,,,,44.17197799682617,,
, Private,, Bachelors,, Never-married,,, White,,207.3367919921875,56.00822830200195,,,
49.36746597290039,,,,,, Exec-managerial, Husband,,,,,,,
39.94314956665039,,193772.6875,,,, Craft-repair,, White,,,,42.98858642578125,,
,,, HS-grad,,,,, White, Female,173.64007568359375,,,,
, Private,,,7.894913673400879,,,, White,,,-53.119415283203125,,, <=50K
45.208778381347656,,,,,,,,,,3458.83642578125,178.75430297851562,,,
21.751558303833008,,,,, Married-civ-spouse,,,, Female,-2996.86083984375,-64.90901184082031,,, <=50K
, Private,,,7.952847480773926,,, Unmarried,,,,,32.62395095825195,, <=50K
,,, Some-college,10.770183563232422,, Craft-repair,,,,,,45.14437484741211,,
,,,,,,,,,,,15.892280578613281,,,
,,,,10.627185821533203,,, Not-in-family, White,,,,,,
,,, Some-college,, Married-civ-spouse,,, White,,,,,,
,,,,,, Prof-specialty,,,,,,,,
,,, Bachelors,, Never-married,,, White,,,,39.43449783325195,,
,,173093.96875,,,,, Unmarried,,,175.2247314453125,,, United-States,
,,,,,,,,,,,12.996246337890625,39.91328048706055,, >50K
,,,,, Married-civ-spouse,,,,,,,,,
32.481971740722656, Private,,,, Married-civ-spouse,,,,,4249.28125,,,,
,,,,, Married-civ-spouse,,,,,,191.6129913330078,,,
45.70603561401367, Private,190503.59375,,,, Prof-specialty,,,,,218.30149841308594,, United-States,
,,199810.1875, Some-college,,,,, White,,,,,,
32.02790069580078,,,,,, Other-service, Unmarried,,,,-61.42027282714844,,, <=50K
,,, Some-college,,,, Husband,, Male,,,,,
,,187981.171875,,,,,,,,,,,,
,,196584.9375,,, Never-married, Adm-clerical,,,,,,37.49321746826172,,
35.67451858520508,,, Bachelors,,,,,,,,,,,
, Private,173290.0,,,, Prof-specialty,,,,-1361.2818603515625,,,, >50K
37.55684280395508, Private,,,9.085733413696289,,,,,,,,,,
33.371612548828125,,191652.25,,9.591328620910645,,,,,,,,,,
,,,,,,,,, Male,,,,, <=50K
,,,,,,,,,,,,, United-States, <=50K
,,,,,,,,,,,,,, <=50K
35.630149841308594,,,,8.988669395446777,, Other-service,,,,,,41.03004837036133,, <=50K
28.694686889648438, Private,,,8.811297416687012,,, Unmarried,,,,,,, <=50K
,,,,7.899016380310059,,,,,,,-57.992218017578125,37.78134536743164, United-States, <=50K
,,,,10.71764850616455,,, Not-in-family,,,,,,,
40.099300384521484,,,,,,,,, Male,,,,,
,,,,,, Craft-repair,,,,,,,,
,,,,,,,, White,,,23.605300903320312,,,
35.71703338623047,,202485.40625,,, Married-civ-spouse,,,, Male,,,, United-States,
,,,,,,, Not-in-family,,,,,,,
43.56690216064453,,,,,,,,,,,,,,
46.37594223022461,,,,,,,, White,,,,, United-States,
,,,,,,,,,,,,37.666343688964844,,
, Private,,,,, Craft-repair,,,,703.1610107421875,,,,
37.38285827636719, Private,,,9.832842826843262,,,,,,,,,,
,,,,10.662298202514648, Never-married,,,,,,,,,
,,,,, Divorced, Adm-clerical,,,,44.5889892578125,,39.955604553222656,,
,,,,,,, Husband, White,,,,, United-States,
,,,,9.698233604431152, Married-civ-spouse,,,, Female,,,, United-States,
,,,,,,, Husband,,,,,,, <=50K
,,, Some-college,,,,,,,,,42.35678482055664,,
,,,,,,,,,,,,34.585018157958984, United-States,
,,172955.78125,,,,,,,,,202.84765625,, United-States,
, Private,,,,,,,,,,177.25482177734375,,,
,,,,,,,,, Male,4.4779052734375,50.032432556152344,,,
,,,,,,,,,,,,,,
47.697200775146484,,,,12.525045394897461,,,,,,,,,,
33.84651184082031,,,,,,,,,,,,41.05504608154297,,
39.45528030395508,,192473.03125,,,,, Not-in-family,,,,80.96380615234375,,,
, Private,, HS-grad,,,, Unmarried,,,,-71.55404663085938,,, <=50K
34.42845153808594,,193245.296875,,, Married-civ-spouse,,,,,,192.89874267578125,,,
,,,,, Married-civ-spouse,,,, Male,,243.20318603515625,,,
,,,,7.923788070678711,,,,,,,57.183719635009766,, United-States,
,,,,,,, Husband,, Male,,,, United-States,
,,,,, Married-civ-spouse,,,, Female,,34.18357849121094,,,
, Private,,,,,,,, Female,,,,, <=50K
, Private,187096.0625, Bachelors,,,,,, Male,712.431396484375,,,,
, Private,198092.609375,,,,,,,,,,,,
, Private,,,,,, Wife,,,,,,,
40.139259338378906,,,,,,,,, Male,,,,,
,,, HS-grad,, Never-married, Craft-repair,, White, Female,,,43.85882568359375,, <=50K
,,,,,,,,,,,,,,
,,178441.265625, HS-grad,9.474864959716797, Married-civ-spouse,,,, Female,,,,, <=50K
,,,,,, Craft-repair,,,,,,42.935523986816406,,
,,,,,,,,,,-3818.43505859375,,,, <=50K
,,,,,,, Not-in-family,,,,,,, <=50K
,,,,, Married-civ-spouse, Exec-managerial,,,,,,,,
26.66164779663086,,,,, Divorced, Adm-clerical,,,,,,,,
,,,,,,,, White,,1057.4498291015625,96.72018432617188,,,
, Private,,,,, Prof-specialty,, White,,160.0126953125,,,,
, Private,,,,, Adm-clerical,,,,,71.72499084472656,,,
34.79515075683594,,,,, Married-civ-spouse,,,, Female,,,, United-States,
,,,,,,, Own-child,,,,,,,
,,188439.078125,,,,,,,,-14.0389404296875,43.61082077026367,,,
49.11023712158203,,190675.15625,,,, Craft-repair, Husband,,,,,,,
,,,,8.833895683288574,,,, White,,,43.56183624267578,, United-States,
31.64787483215332,,,,9.794044494628906,,,,,,,,,,
,,, Bachelors,,,,,, Female,,,,,
,,,,,,,,,,,81.39799499511719,41.44037628173828,,
,,,,,,, Husband,,,443.8521728515625,,,,
,,,,,,,,,,,,,,
,,,,,,,, White,,4001.93359375,,,,
38.37887191772461,,,,,,,, White,,,,,, <=50K
,,,,,, Craft-repair,, White, Male,,235.56304931640625,,,
,,,,,,,,,,-195.294921875,,,,
,,,,,,,,,,,,,,
,,, HS-grad,,,,,,,,,34.82177734375,, <=50K
33.692012786865234,,,,, Married-civ-spouse,,,,,,,40.123104095458984, United-States,
28.040172576904297,,198178.859375,,, Never-married,,,,,,,,,
,,,,,,,,,,,,,,
,,, HS-grad,,,,, White, Male,,,,,
,,,,, Never-married,,, White,,,51.25019073486328,,,
38.95186996459961,,,,8.178241729736328,,, Husband,, Female,,,44.964927673339844,, >50K
,,,,,,,,,,,,,,
39.786643981933594,,,,,,,,,,,,, United-States,
36.01666259765625,,,,,,, Not-in-family,,,,,, United-States,
,,,,, Never-married,,,,,,,34.61494827270508, United-States, <=50K
,,,,,,,,,,,,,, <=50K
45.634944915771484,,,,,, Craft-repair,,,,-40.5804443359375,,,,
,,,,,,,, White,,,,,,
, Private,,,,, Other-service, Own-child, White,,,,,, <=50K
,,191153.234375,,,,,, White,,,,34.00374221801758,,
,,202461.53125,,,,,,, Male,,76.24282836914062,,,
,,, Some-college,10.080212593078613,,,,,,,25.09180450439453,,,
,,, 7th-8th,,,,,,,,,,,
,,, Bachelors,,, Prof-specialty, Not-in-family,,,,,, United-States,
37.98350143432617, Private,,,,,,,,,,,,,
,,, Some-college,,,, Own-child,,,,,39.165714263916016,,
,,, Masters,,, Exec-managerial, Husband,,,,232.91213989257812,,,
36.64146423339844,,, Bachelors,, Married-civ-spouse,, Not-in-family,,,,,,,
, Private,,,,,, Husband,,,351.55743408203125,,,,
,,,,10.517216682434082,, Craft-repair,,, Female,,,,,
,,173901.71875,,,,,, White,,,,,, >50K
, Private,,,,,,,,,,,,,
,,188583.046875,,11.372793197631836,,,,,,,,,,
31.65304183959961, Private,,,, Married-civ-spouse,,,,,731.09619140625,,, United-States,
,,,,,,,,,,,,, United-States,
,,,,,,,,,,,,40.86747360229492,,
, Private,,,6.6963582038879395,,,,, Female,,-87.70472717285156,,, <=50K
, Private,,,,,,,,,,,,,
, Private,182337.390625,,,, Exec-managerial, Husband,,,,,,,
,,190659.796875,,8.190417289733887,,,,, Female,,,,, >50K
,,,,,,,,,,,,,,
,,,,,,,,,,-443.919189453125,24.8287353515625,,,
,,,,,,, Not-in-family,,,,81.65935516357422,, United-States,
,,,,, Married-civ-spouse, Exec-managerial,,,,,,,,
,,,,,,,, White,,685.2059326171875,,, United-States,
37.62281799316406,,,,12.596770286560059, Married-civ-spouse, Craft-repair, Husband,, Male,,,,,
,,193015.515625,,,,,,,,,,,,
,,, HS-grad,, Never-married,,,,,,,,, <=50K
,,,,10.237456321716309,,,,, Male,,80.94805145263672,,,
,,,,,,,,,,,,,,
33.318050384521484, Private,,,7.9783220291137695,, Craft-repair,,, Female,,-40.939788818359375,,, >50K
,,,,10.112439155578613,,,,,,,,42.44108200073242,,
44.26588439941406,,,,,, Prof-specialty, Husband,,,1444.8687744140625,,,,
,,207621.5625,,,,,, White, Male,,,,, <=50K
,,,,, Married-civ-spouse,, Not-in-family,,,,,,,
,,,,,,,,,,,,, United-States,
37.071659088134766,,,,8.367125511169434,,,,,,375.6158447265625,,38.38420867919922,,
33.578304290771484,,,,10.614557266235352, Married-civ-spouse,, Not-in-family,,,,,44.530174255371094, United-States,
, Private,,,9.737719535827637,,,,,,,,,,
,,,,,,,,,,,,,,
,,,,,,,,, Female,,,,,
,,,,10.60908317565918, Never-married,,,,,,,36.94087219238281,,
,,,,, Married-civ-spouse, Prof-specialty, Not-in-family,,,5239.60205078125,,,,
,,,,,,,,, Male,,,47.138832092285156,,
38.32856369018555,,,,,,,,,,,,35.60541534423828,,
41.555747985839844,,,,,,,,,,,,, United-States,
,,,,,,,,,,,,,,
36.22341537475586, Private,, Bachelors,, Married-civ-spouse, Exec-managerial, Not-in-family, White,,,,,,
,,,,,,,,, Male,-176.0201416015625,,44.62165451049805,,
36.681793212890625,,,,, Married-civ-spouse,, Not-in-family, White,,,,,,
,,,,,, Craft-repair,,,,,,43.1988639831543,,
,,,,9.31877326965332,,,, White, Male,,,,,
,,181617.390625,,,,,,,,,,, United-States,
,,, 7th-8th,, Married-civ-spouse,, Husband,, Female,-3764.64990234375,,,, <=50K
,,,,,, Craft-repair,,,,,,, United-States,
41.977325439453125,,,,,, Craft-repair, Not-in-family,,,-632.65869140625,,, United-States,
,,189781.328125,,,,,,,,,,,,
,,,,,,,, White,,,,,,
,,,,,,,,,,,,,,
, Private,, HS-grad,,,,,,,,,34.83954620361328,, <=50K
, Private,,,,,, Husband,, Male,,,, United-States, <=50K
,,,,,,,, White,,,,, United-States,
,,, Some-college,9.258391380310059,,,, White,,,,,,
,,,,,,, Own-child, White,,,,,,
,,, HS-grad,,,, Husband,,,,81.830810546875,,,
,,169647.703125,,,,, Wife,,,-146.1575927734375,60.534828186035156,,,
,,,,,,,,,,,,,,
37.81351089477539,,,,,,,,,,,,, United-States,
,,172693.625,,,,,,,,-2895.19677734375,,, United-States, <=50K
34.61961364746094,,,,,,,,, Male,,,45.48160171508789,,
30.809654235839844, Private,197059.796875,,,,,, White,,,54.09004211425781,,,
,,, HS-grad,,,,,,,,,,, <=50K
, Private,,,,,,,,,,,38.345088958740234,,
, Private,, 7th-8th,, Married-civ-spouse,, Not-in-family,,,,,,,
,,, Some-college,,, Craft-repair,,,,,,,,
,,, Bachelors,, Married-civ-spouse,, Husband,, Male,,219.8746795654297,54.60848617553711, United-States,
,,,,8.866716384887695,,,, White,,,,, United-States,
,,176739.234375,,10.195924758911133, Married-civ-spouse, Craft-repair,,, Female,,,49.103370666503906,,
,,,,,,, Not-in-family,,,,,,,
,,, HS-grad,,,,,, Male,,55.58127975463867,,,
,,, Bachelors,,,,,,,,,,,
, Private,, HS-grad,, Never-married,, Own-child,,,-449.001953125,,,,
,,, Bachelors,,,,,,,,207.57614135742188,, United-States,
,,189869.96875,,,, Craft-repair,,,,,,42.78611755371094,,
27.467472076416016,,, Some-college,,,,,,,-3267.23388671875,,,, <=50K
,,,,, Never-married,,,,,,,35.91740798950195,,
,,,,,,,,, Male,,,,,
,,,,,,,, White, Female,,,42.166969299316406,, <=50K
,,189010.921875,,,,,,,,,,, United-States,
,,, Bachelors,,,,,, Male,191.44244384765625,73.4109115600586,,,
,,,,, Married-civ-spouse,,,, Male,,,,,
,,197839.453125, Some-college,, Never-married,,,,,,,, United-States,
,,,,,, Craft-repair, Husband,,,-220.656982421875,,, United-States,
,,,,,,, Husband,, Male,,,,,
, Private,,,,,, Unmarried,,,,-71.05516052246094,,, <=50K
,,,,, Widowed,,,,,,50.62160110473633,, United-States,
,,174486.359375,,,,, Not-in-family,,,218.3160400390625,,38.90774917602539,,
, Private,184924.234375,,,, Prof-specialty,,,,,210.2969970703125,, United-States,
,,201906.046875,,,,, Own-child, White,,-3925.08740234375,,,, <=50K
,,178987.40625,,,, Prof-specialty,, White,,,,,, >50K
, Private,,,,,,,,,,,35.9669075012207,, <=50K
, Private,192818.578125,,9.070094108581543,,, Not-in-family,,,,,35.091957092285156,,
,,,,,, Prof-specialty,,,,-4802.27783203125,,, United-States, >50K
,,,,,,,,,,,,, United-States,
,,,,, Never-married,, Own-child,,,,,, United-States,
,,, HS-grad,10.225371360778809,, Craft-repair,,,,,,43.562015533447266, United-States,
,,,,, Never-married,,,,,,13.811309814453125,,,
,,,,7.571756362915039,, Other-service,,,,,,,, <=50K
50.50562286376953,,,,,,,,,,,158.02163696289062,44.03217315673828,,
,,,,,,, Husband,,,,,,,
,,,,8.872871398925781,,,,,,,71.25457000732422,,,
,,,,,,,,,,,,,,
,,203001.015625, HS-grad,,,,,,,,,,,
, Private,,,,,,,, Female,,,, United-States, <=50K
, Private,,,,, Craft-repair, Not-in-family,,,,66.33638000488281,45.43666076660156,,
,,, Bachelors,,,,,,,,75.86083221435547,43.594364166259766, United-States,
, Private,,,,, Other-service,,,,,,,, <=50K
, Private,,,, Never-married, Handlers-cleaners,,, Female,,,43.38870620727539,, <=50K
, Private,,,9.132791519165039,,, Husband,, Male,,74.77574920654297,, United-States,
,,,,,,, Wife,,,,180.16604614257812,,,
,,,,,, Craft-repair, Husband,, Male,,,, United-States,
,,,,10.641530990600586,, Craft-repair,,,,,,,,
,,, Some-college,10.272737503051758,,,,,,,,,,
42.86623001098633,,,,,,,,,,,,,,
,,,,,,,, White, Female,,,, United-States,
,,, Some-college,13.717212677001953, Married-civ-spouse,,,,,3814.7265625,,,,
,,,,,,,, White,,871.1559448242188,101.47966003417969,,,
28.847820281982422,,, HS-grad,,,,,,,,22.102508544921875,,,
, Private,,,8.911840438842773, Never-married,, Not-in-family, White,,,,,, <=50K
,,, HS-grad,10.084922790527344, Married-civ-spouse,, Not-in-family,,,,,,,
,,,,,, Adm-clerical,, White,,,,,,
,,,,,, Prof-specialty,,, Female,,,44.332847595214844,, >50K
43.738037109375,,,,,, Prof-specialty,,,,,,,,
,,185489.09375,,,,,,,,,,47.863922119140625, United-States,
,,,,,,,, White,,,,43.50368118286133,,
,,,,,,,, White,,4194.01513671875,,,,
,,,,9.208600997924805,,,,,,-3039.78857421875,,,, <=50K
,,,,,,,, White,,,,,,
31.658527374267578,,, HS-grad,,,,,,,,,,,
,,, Bachelors,,,,,, Male,623.2254638671875,,,,
,,,,10.033007621765137,,, Husband,, Male,,,,,
,,,,,,,,,,,109.32205963134766,, United-States,
,,180965.421875,,, Married-civ-spouse,,,,,,64.71856689453125,, United-States,
, Private,202024.859375,,8.853250503540039,,,,,,39.8515625,,39.27967071533203,,
43.55323791503906,,,,10.326404571533203,,,, White,,837.9129638671875,,,,
,,177572.5, HS-grad,, Married-civ-spouse,,,,,,,,,
,,, Some-college,, Married-civ-spouse,,,,,,135.37196350097656,,,
,,, HS-grad,,,,,, Male,,,,,
34.64341735839844,,,,, Married-civ-spouse,, Not-in-family,,,,50.399200439453125,,,
37.23201370239258,,,,,,,,,,,,,,
,,175891.734375,,,,,,,,,,,,
,,,,,,,,,,,,,,
,,, HS-grad,,,, Husband,,,,,, United-States,
,,,,10.855112075805664,,, Unmarried,,,808.218505859375,,39.516841888427734,,
,,186286.421875,,,,,,,,113.062255859375,,,,
,,,,,,, Husband,, Male,-3314.09326171875,,42.5392951965332,, <=50K
,,,,8.01049518585205,,,,,,,,,, <=50K
,,194422.03125, Some-college,9.382478713989258,,,,,,,49.3829460144043,40.846736907958984,,
,,,,,,, Not-in-family,,,,,41.994117736816406,,
26.903850555419922,,,,,,,,,,,,,, <=50K
,,,,,,, Not-in-family,,,,,,, <=50K
, Private,,,, Never-married,, Own-child,, Female,,-44.66552734375,,, <=50K
35.12395095825195,,,,,,,,,,,5.798866271972656,,,
42.43238067626953, Private,,,,,,,, Male,,,51.62874984741211,,
, Private,,,,,,,,,,200.27581787109375,,,
,,,,,,,,,,,,,,
,,,,,,,,, Male,,,,,
,,,,8.371625900268555,,,,,,,,,,
, Private,,,,,, Husband,,,,,,,
,,,,,,, Husband, White, Male,,,50.91386032104492,,
,,193891.109375,,8.899571418762207,, Craft-repair,,, Female,,,46.86069107055664,, >50K
,,,,,,,,,,,,42.2714729309082,,
47.96050262451172,,, Some-college,,,,,, Male,,,,,
44.85816955566406,,208404.8125,,,,, Husband,, Male,,83.26252746582031,,,
,,200817.671875,,,, Craft-repair, Husband,,,,,,,
37.79999923706055,,,,,,,,,,,,42.649112701416016,,
,,216521.515625, 11th,, Married-civ-spouse,,,, Female,-951.08935546875,,,,
48.20743179321289,,,,,,, Husband,, Male,,,,,
,,, HS-grad,,,,, White,,-720.1407470703125,,, United-States,
, Private,,,, Married-civ-spouse,,, White, Female,,,,, <=50K
,,202356.375,,12.423110008239746, Married-civ-spouse,,,, Male,4786.32177734375,,,,
,,, HS-grad,,,,,,,,,,, <=50K
35.526771545410156, Private,,,10.31344985961914,,,,,,,41.33717727661133,, United-States,
, Private,,,,,,, White,,,,,, <=50K
,,,,,,,, White,,,-39.2578125,35.56040573120117, United-States, <=50K
,,,,,,, Husband,, Male,,,49.776458740234375, United-States,
,,,,,,,,,,,,,,
,,,,,,, Husband, White,,,,,,
,,,,10.441679000854492,,, Not-in-family,,,,,44.79680633544922,,
,,180242.421875,,,,, Husband,,,,138.58834838867188,,,
38.455570220947266,,190877.625,,,,,,,,-131.4022216796875,54.09064865112305,41.60377502441406,,
,,, HS-grad,, Married-civ-spouse,,,,,,,,,
,,,,, Married-civ-spouse,,,, Male,,,,,
,,,,10.360599517822266,, Adm-clerical,,,,,34.275794982910156,,,
,,,,9.788827896118164, Never-married,,,,,,,, United-States,
,,,,,,, Not-in-family,,,,,39.82948303222656,,
,,,,7.642242431640625,,,,,,,,,, <=50K
,,,,,,,,,,,,,,
, Private,,,8.791118621826172, Never-married,,, White,,-357.3057861328125,,,,
35.626922607421875,,,,,, Craft-repair,,,,,-51.200408935546875,,, <=50K
32.84950256347656,,,,, Married-civ-spouse,,, White, Female,,,50.82929611206055, United-States,
,,,,,,, Husband, White,,,,47.27449417114258, United-States,
,,184186.78125,,, Married-civ-spouse,,,,,,,,,
,,,,, Never-married,,,,,-54.4613037109375,,,,
,,,,7.375483512878418,,,,, Female,-2051.578125,,,, >50K
,,,,, Married-civ-spouse, Exec-managerial, Not-in-family,,,,,, United-States,
,,193706.421875,,11.456737518310547,,,,,,4462.5791015625,,,,
,,,,, Divorced, Adm-clerical,,,,-2614.73779296875,,, United-States, <=50K
,,,,,,,,,,,25.47244644165039,, United-States,
,,205712.9375,,,,,,,,-738.0582275390625,,, United-States,
, Private,193748.375,,,, Priv-house-serv,,,,,68.79362487792969,,,
,,, Bachelors,,, Craft-repair,,, Female,,78.83143615722656,,,
,,190355.515625,,,,, Husband,, Male,,,,,
,,,,13.880868911743164, Married-civ-spouse, Exec-managerial,, White,,,,,,
38.485233306884766,,, Bachelors,,,,,,,,,,,
,,,,,, Other-service,,,,,-79.50373840332031,38.32836151123047, United-States, <=50K
,,172330.59375,,, Divorced,,,,,,24.310001373291016,, United-States,
, Private,180907.3125,,,,, Husband,,,,,,,
, Private,188583.375, HS-grad,,,, Husband,,,3247.9775390625,,45.16483688354492, United-States,
,,,,, Married-civ-spouse,,,,,-145.977783203125,45.382503509521484,,,
, Private,,,,, Craft-repair,,,,,,, United-States,
,,,,,, Craft-repair,,, Female,,,, United-States,
,,,,,,,,, Male,,,,,
, Private,,,, Married-civ-spouse,, Not-in-family,,,,,,,
,,194075.5, HS-grad,,,,, White,,-637.5576171875,,,,
, Private,190495.859375,,,,, Not-in-family,,,,,,, <=50K
,,,,,,,,,,-3266.2275390625,,32.95090866088867,, <=50K
,,,,, Married-civ-spouse,,,, Male,,,,,
26.223480224609375,,196364.78125,,, Married-civ-spouse,,, White, Female,,,, United-States, <=50K
,,,,12.667734146118164,, Protective-serv,,, Male,4192.73974609375,,52.94878387451172,,
26.84408950805664,,,,,,,,,,,,,,
,,193573.796875, Some-college,10.215509414672852,, Craft-repair,,, Female,,,47.715614318847656,,
,,,,,,,,,,-141.73876953125,,, United-States,
31.620616912841797, Private,175022.015625, Bachelors,,,,,,,,,39.06585693359375,,
,,198753.03125,,,,,,,,,,, United-States,
44.29191970825195, Private,,,,,,,,,,154.99652099609375,,,
,,,,,,,,,,569.2762451171875,79.69451904296875,42.85355758666992,,
, Private,,,9.613128662109375,,,,,,,,, United-States,
,,,,11.347492218017578,,,, White,,,,,,
, Private,181827.515625,,,,,,,,4127.89453125,,,,
, Private,, Bachelors,,,,,,,,,,,
,,,,,,,,,,227.6231689453125,59.28413391113281,,,
,,,,,, Prof-specialty,,,,,,,,
,,171433.984375,,9.648837089538574,,,,,,511.21734619140625,,35.021820068359375,,
,,,,,,,,,,,,41.91591262817383,,
,,169837.34375,,,,,,,,,,,,
,,185574.828125, Some-college,8.86540412902832,,,,,,,,32.218345642089844, United-States,
,,,,,, Exec-managerial,,,,,,,,
31.110979080200195,,,,, Married-civ-spouse,, Own-child,,,,,,,
,,,,,, Craft-repair, Husband, White, Female,186.997314453125,,,,
, Private,,,,,, Not-in-family,,,-422.1932373046875,,,,
, Private,,,, Married-civ-spouse, Prof-specialty,,,,,,49.85776901245117, United-States,
,,,,,,,,, Male,320.2325439453125,,, United-States,
31.65973663330078,,,,, Married-civ-spouse, Adm-clerical,,,,,70.11738586425781,44.9097900390625,,
,,,,,, Adm-clerical,,,,,,,,
33.73991394042969,,,,,,,,,,,,,,
32.81162643432617,,,,, Married-civ-spouse, Exec-managerial,,,,,,,,
, Private,,,,, Prof-specialty,,,,,75.89775848388672,,,
33.01081466674805, Private,,,,,,, White,,,,35.401424407958984,, <=50K
,,,,,,,,, Male,,,44.44997024536133,,
,,,,,,,,,,,,,, <=50K
,,,,, Married-civ-spouse,, Not-in-family,,,269.07867431640625,,,,
,,201862.46875,,,, Other-service,,,,,,38.08406448364258,,
, Private,,,9.874502182006836,,, Husband,,,580.9178466796875,,,,
31.068347930908203,,190886.328125,,9.726239204406738, Married-civ-spouse,,,,,,,,,
,,,,,,,,,,,-64.800537109375,,, <=50K
,,,,,,,,,,33.38623046875,,41.349605560302734, United-States,
28.8233585357666, Private,,,,,,,,,,,33.69941329956055,, <=50K
42.87785339355469, Private,, Bachelors,,, Prof-specialty,, White,,,,,,
,,195569.21875,,,,,, White,,,-31.617630004882812,,, <=50K
33.27589797973633, Private,,,, Married-civ-spouse,, Not-in-family,,,,,,,
, Private,,,,, Exec-managerial,,,,,,,,
30.949378967285156,,180927.015625,,, Never-married,,,,,-2774.9765625,,,, <=50K
,,189798.59375,,,,,,,,,-66.90374755859375,,, <=50K
,,,,7.367833137512207,,,, White,,,-53.76234436035156,,, <=50K
,,,,10.184446334838867,,,,,,-16.2174072265625,,,,
,,,,,, Adm-clerical, Not-in-family,,,,51.03382110595703,, United-States,
, Private,,,,,,,,,,,,,
, Private,187289.578125,,,,,,,,,,,,
,,190445.734375,,,,,, White,,,,,,
33.14568328857422,,, HS-grad,,,,, White,,,38.39915466308594,,,
,,177319.515625, Bachelors,, Married-civ-spouse,, Husband,, Female,1243.87548828125,,,,
, Private,,,11.792463302612305,, Craft-repair,, White,,,,,,
42.3529052734375,,,,,,,,,,,,43.9445915222168,,
28.206207275390625, Private,,,,, Machine-op-inspct,,,,,,,, <=50K
,,,,,,, Unmarried, White,,,,, United-States, >50K
41.60184860229492,,189979.359375,,,,, Husband,, Male,,,46.56288146972656,,
38.85030746459961, Private,,,,, Craft-repair, Husband, White, Male,,,,,
40.0199089050293,,,,9.923948287963867,,, Not-in-family,,,,,,, <=50K
,,,,9.336854934692383, Never-married,,,,,,,,,
,,,,,,,,,,172.163330078125,,, United-States,
, Private,,,,,,,, Male,,,,,
,,,,,, Exec-managerial,,,,,175.1572723388672,,,
,,, 10th,, Never-married,,,,,,,,,
,,,,,,,,,,-3275.31396484375,-61.10594177246094,38.0501594543457,, <=50K
34.59505081176758,,, HS-grad,,,,,,,,,41.84493637084961,,
,,,,,,,, White, Male,,53.008846282958984,,,
,,189367.265625,,,,,,,,,,43.14690017700195, United-States,
,,,,,,,,, Female,,,,,
,,,,,,,,,,,,,,
,,,,11.07087230682373, Never-married, Other-service, Own-child,,,,,,,
,,,,,,, Husband,, Female,,,,,
,,,,,,, Husband,, Male,,67.82391357421875,,,
,,,,,,,, White,,5327.6083984375,,, United-States,
,,,,,,,,,,573.7366943359375,67.97056579589844,, United-States,
,,,,, Married-civ-spouse,,,,,,,,,
,,,,10.653303146362305, Married-civ-spouse,,, White, Female,,,48.83727264404297,,
,,188670.703125, HS-grad,,,, Husband,,,-223.0633544921875,,,,
, Private,,,9.195764541625977,,,,,,,,,,
,,,,,,,,,,45.4842529296875,45.61575698852539,34.06060028076172, United-States,
,,, Some-college,10.24458122253418,,,,,,,,,,
,,, HS-grad,,,,,,,,,41.672752380371094,,
39.51619338989258,,,,,,,, White,,-213.336669921875,,40.63063430786133,,
,,,,,,,, White,,-689.037353515625,,,,
,,,,10.326996803283691, Never-married,,,,,,,,,
52.32451629638672,,,,12.954057693481445,, Exec-managerial,,,,4767.97021484375,230.7056121826172,,,
, Private,, HS-grad,,,,,,,,138.14234924316406,, United-States,
,,,,,,, Own-child,,,,,,,
22.136808395385742,,,,, Never-married,,, White,,,,38.479225158691406,, >50K
,,,,, Divorced,,, White,,,,39.76156234741211,,
,,,,9.149923324584961, Never-married,,,,,,,,, <=50K
,,,,,,,,, Female,,,,, >50K
24.958599090576172,,, HS-grad,, Never-married, Other-service,,,,,,,, <=50K
,,173680.65625, HS-grad,,, Craft-repair,,,,,197.48867797851562,46.94429397583008, United-States,
30.225452423095703,,,,,,,,,,,,,,
,,,,,,,,,,,,39.890098571777344, United-States,
,,, HS-grad,,,,, Black,,,,,,
,,, HS-grad,10.378786087036133,,,,,,,,,,
, Private,, HS-grad,,,,,,,,,34.104888916015625,,
31.18535804748535,,,,9.940290451049805,,,,,,,55.04239273071289,,,
, Private,,,,,,,, Male,,,,,
,,208824.65625,,, Married-civ-spouse,, Husband,, Male,,74.5599594116211,,,
,,,,,,,, White,,,,35.610565185546875,, <=50K
, Private,, Some-college,10.299738883972168,,,,,,,,,,
,,,,,, Prof-specialty, Husband,,,,,,,
, Private,185919.171875, Some-college,,, Craft-repair,,,,,,, United-States,
,,,,, Married-civ-spouse,, Husband,, Male,,,,,
,,,,8.493584632873535,,,,, Male,,41.60678482055664,,,
39.61771774291992,,228487.40625,,,,,, White,,,,39.15695571899414,,
,,,,,,,,, Male,4616.59716796875,198.73464965820312,,,
,,,,9.947470664978027,,,, White, Male,,,48.456626892089844,,
29.421354293823242, Private,,,,, Adm-clerical,,,,,32.76166534423828,36.58668899536133,,
,,, HS-grad,,,,, White,,,,,,
,,199246.28125,,,,, Husband,, Male,,,,,
,,,,, Married-civ-spouse,,, White, Male,,,, United-States,
29.927303314208984,,,,, Married-civ-spouse, Exec-managerial,,,,,,,,
, Private,,,, Never-married,,,,,,30.269821166992188,38.10869216918945,,
, Private,,,,,,,, Male,,,,,
34.58958435058594,,205206.484375,,,,,,, Male,,,,,
,,,,,,,,,,,-86.85589599609375,35.66870880126953,, <=50K
,,196592.140625,,,,,, White,,,,, United-States,
,,,,,,, Husband, White, Male,,,,,
,,,,,,,,, Male,,,, United-States,
, Private,, Bachelors,,, Exec-managerial, Husband,,,,,,,
,,185893.71875,,9.69926929473877,,,,, Female,,,,,
, Private,,,,,, Husband,,,,54.26784896850586,,,
,,,,, Never-married,, Not-in-family, White, Female,,-20.951416015625,,, <=50K
,,,,,,,,, Male,,,43.256195068359375,,
40.09108352661133,,,,,,,, White,,,,,,
, Private,,,,,,, White, Female,,,50.48808670043945,,
,,184268.6875, HS-grad,, Married-civ-spouse,, Not-in-family,,,,,, United-States,
,,188614.859375,,12.327051162719727,,,,,,,,,,
,,,,,,, Husband,,,-250.4368896484375,,, Mexico,
,,191756.8125,,,,,,, Male,,84.9857406616211,,,
,,, HS-grad,8.461495399475098,,,,,,,,,, <=50K
,,, Bachelors,,,, Husband,, Male,,,,,
37.641685485839844,,,,,,,,,,,,,,
,,,,, Married-civ-spouse,,,,,,,, United-States,
,,175398.9375, HS-grad,,, Exec-managerial,,,,,,,,
,,,,,, Prof-specialty,,, Male,,,57.90161895751953,,
,,,,,,,,,,-68.66357421875,,41.178104400634766,,
,,,,,,,,, Male,,,, United-States,
,,190188.078125,,,,, Not-in-family, White,,,,,,
30.02605438232422,,,,, Married-civ-spouse,,,, Female,,,,,
,,183400.46875,,,,, Husband,,,222.95965576171875,,,,
,,,,10.619199752807617,,,,,,,71.81501770019531,43.042724609375,,
38.5349235534668, Private,,,9.040777206420898,,,,,,,84.51277160644531,, United-States,
, Private,,,,,,,,,,,,,
,,,,,,,,, Male,,201.83938598632812,,,
, Private,,,,,,,, Male,,,,,
,,190182.1875,,,,,,,,,41.69348907470703,,,
,,,,, Divorced,,, White,,,,,,
, Private,,,7.150691986083984,,, Husband,, Male,,,,, <=50K
,,,,,,, Husband, White,,,,,,
32.10798645019531,,189921.421875, HS-grad,, Married-civ-spouse, Craft-repair,,,,,,,,
44.976261138916016,,,,,,,,,,,,48.16630935668945,,
, Private,,,,,,, White,,3084.231689453125,,,,
,,173607.140625,,,,,,,,675.4244384765625,,38.227481842041016,,
,,,,,, Craft-repair,,,,,,,,
,,, Some-college,9.53397274017334, Never-married,,, White,,,,33.60800552368164,,
,,190335.734375,,,,, Not-in-family,,,,,,,
,,,,7.899572849273682,,,,,,-2457.4013671875,,,, <=50K
,,,,,,,,,,87.22027587890625,,, United-States,
,,,,9.359663009643555,,,,,,-84.146484375,48.63003158569336,,,
29.15408706665039,,,,, Never-married,,, White,,-4219.625,,,, <=50K
46.84423065185547,,,,,,, Husband,,,1381.7318115234375,,,,
35.55071258544922,,186140.359375,,,, Prof-specialty,, White,,-1633.7449951171875,,,, >50K
,,,,7.651172637939453,,,,,,,,, United-States, <=50K
,,,,, Married-civ-spouse,,, White,,,,47.54289245605469,,
,,163070.0625,,,,,, White,,,-29.142578125,33.717716217041016,, >50K
,,,,,,,,,,,-83.84548950195312,36.333003997802734,, <=50K
,,,,, Married-civ-spouse,,,,,,185.5494384765625,,,
, Private,185783.78125,,,,,, White,,5126.05419921875,,47.365196228027344,,
, Private,199003.671875, Bachelors,,,,,,,,,48.13726806640625,,
,,,,8.581278800964355, Never-married,,, White,,,,,, <=50K
,,,,,,,,,,,,,,
,,,,9.37335205078125,, Craft-repair,,, Female,,,,, <=50K
,,,,,,,,,,,,,,
,,, 11th,,,,,, Female,,,,, <=50K
, Private,, Bachelors,, Never-married, Prof-specialty,,,,,,,, <=50K
,,,,,,,,,,,-24.73602294921875,38.12295913696289,, >50K
,,,,,,,, White,,,-48.982025146484375,38.12987518310547,, <=50K
,,, HS-grad,10.48536205291748,,,,,,,,43.58179473876953,,
53.823875427246094,,,,10.904460906982422,,,,,,,,,,
38.89040756225586,,188584.296875,,,,,,,,,,43.18708801269531,,
,,, Bachelors,, Never-married,,,,,,,36.7333984375,,
, Private,,,,,,,,,-2405.06396484375,,,, >50K
, Private,,,9.389995574951172,,,, White,,198.00262451171875,,,,
,,, Some-college,11.354341506958008,,,,,,,,,,
,,, Some-college,,, Craft-repair,,,,,,,,
,,, Bachelors,, Married-civ-spouse,,,, Male,791.54833984375,,,,
,,,,9.878556251525879,,,,,,,,,,
,,,,,,,, White,,,,40.364646911621094,,
43.51023864746094,,,,11.681111335754395,, Craft-repair,,, Male,,,,,
, Private,,,,,,,, Male,-3782.42138671875,-72.70700073242188,,, <=50K
40.74837875366211,,,,, Married-civ-spouse, Exec-managerial,, White,,,,,,
,,191824.453125, HS-grad,,,,,,,,,38.71490478515625, United-States,
,,199693.53125,,,,,, White,,,,,,
, Private,,,,,,, White,,,,,,
, Private,202583.859375,,,,, Husband,,,,,,,
, Private,,,,,,,,,,32.72163009643555,,,
,,, HS-grad,, Never-married,,,,,,,, United-States, <=50K
42.95492935180664,,,,10.561925888061523,,,,,,,,,,
,,182506.609375,,,,,,, Male,,,,,
27.345863342285156, Private,, Some-college,10.460945129394531, Married-civ-spouse, Sales,, White,,,,,,
,,, HS-grad,,,,, White,,,,,,
,,,,,,,,,,,,,,
, Private,, HS-grad,,,,, White, Female,,,,, <=50K
32.10947799682617, Private,,,, Never-married,, Not-in-family,,,,46.07038879394531,, United-States,
39.18617248535156,,, HS-grad,,,,,,,,,, United-States,
, Private,,,,,,,,,,,,,
,,,,, Married-civ-spouse,,, White,,432.23492431640625,,,,
,,,,,,, Own-child,,,,,,,
, Private,,,7.744499206542969,,, Not-in-family,,,,,,, <=50K
, Private,,,,,,, White,,,,,,
,,,,, Married-civ-spouse,,,,,,168.6345672607422,,,
,,,,,,,,,,,,,,
,,191165.078125, 7th-8th,,,,,, Female,,,,,
, Private,,,,,,,,,,,,,
,,,,,,, Own-child,,,-333.2384033203125,,,,
,,,,,,,,,,62.77520751953125,56.00006866455078,,,
,,,,,,, Own-child,,,,,,, <=50K
,,,,,,,,, Male,,,43.45442581176758, United-States,
26.572246551513672,,, HS-grad,, Never-married,, Not-in-family,,,-3279.578125,,,, <=50K
,,,,,,,, White, Male,,134.6841278076172,46.29098129272461,,
,,,,8.807583808898926,,,,,,10.64111328125,,38.45063018798828,,
,,, Some-college,, Married-civ-spouse,,,,,,,,,
39.2140007019043,,,,,,,, White,,,,,,
38.9687385559082,,,,,,,,, Female,39.9444580078125,,50.028282165527344,,
,,,,,,, Own-child,,,21.181884765625,,45.88563537597656, United-States,
,,, Some-college,,, Adm-clerical, Not-in-family,,,,,,,
, Private,,,,,,,,,,,39.8823356628418,,
,,,,10.010842323303223,,,,, Female,,,,,
26.859355926513672,,, HS-grad,, Married-civ-spouse,,,,,,41.035423278808594,,,
36.405120849609375,,,,, Never-married, Adm-clerical,,,,,67.21903991699219,,,
,,173981.8125,,,,,,,,-2746.396484375,,, United-States, <=50K
, Private,,,,,, Unmarried,,,,-49.69853210449219,,, <=50K
,,,,,,,,,,,,,,
33.83791732788086,,,,,, Other-service,,,,-3323.62255859375,,,, <=50K
27.875099182128906,,,,, Married-civ-spouse,,, White, Female,,92.24689483642578,48.733497619628906, United-States,
,,, HS-grad,, Married-civ-spouse,,, White, Male,,,, United-States,
33.203189849853516,,179502.15625,,,, Prof-specialty,,,,,,, United-States, <=50K
,,,,, Never-married,,, White,,,,,, <=50K
, Private,, HS-grad,,, Adm-clerical, Not-in-family,,,,,,,
, Private,182571.765625,,9.285656929016113,,,, White,,164.880859375,,41.463321685791016,,
36.05589294433594,,,,, Married-civ-spouse,,, White,,3679.0732421875,190.388916015625,,,
, Private,,,9.19874382019043,,,, White,,,,,,
, Private,,,,,, Unmarried, White,,,-62.5023193359375,,, <=50K
,,, Some-college,8.803391456604004,,,,,,,,,,
,,,,,,,,,,,,,,
24.930673599243164,,,,, Married-civ-spouse,,,,,,,37.71683883666992,,
,,,,,,,, White,,,,,,
,,,,,,,,, Female,-2238.85595703125,4.477638244628906,,, >50K
30.840152740478516,,195920.25,,, Married-civ-spouse, Craft-repair,,, Male,,,,,
,,,,, Married-civ-spouse, Exec-managerial,, White,,2137.32421875,,,,
,,,,8.719265937805176,,, Husband,, Male,542.447998046875,,,,
, Private,,,10.532873153686523,, Craft-repair,,, Female,,,,,
,,, HS-grad,,,,,,,,,,,
39.9564094543457,,186817.890625, HS-grad,10.159472465515137,,,, White,,,73.48014831542969,, United-States,
29.572227478027344,,, 10th,,,,,,,-666.8487548828125,,, United-States,
41.592742919921875, Private,,,,, Craft-repair, Husband, White, Male,,,51.16664123535156,,
,,171572.546875, Bachelors,,,,, White,,-2410.5205078125,,,, >50K
29.67639923095703, Private,, Some-college,9.785873413085938,,,,,,,,,,
,,,,,,,,, Female,,68.53520965576172,,,
29.073713302612305, Private,, HS-grad,,,,,,,,,,, <=50K
,,,,,,,, White,,,,,,
, Private,188497.921875,,,,,,,,,,,,
,,193609.71875,,,,,, White,,5142.966796875,,,,
46.00688552856445,,, Some-college,,, Exec-managerial,,,,914.9087524414062,,43.61138916015625,,
,,,,,, Adm-clerical,, White,,,54.770076751708984,, United-States,
35.47372817993164, Private,,,,, Other-service, Unmarried,,,,-47.493072509765625,36.31366729736328,, <=50K
,,,,, Widowed, Priv-house-serv,,,,19.1041259765625,,,,
,,,,,,,,,,,,37.81697082519531, United-States, >50K
,,179826.09375,,, Married-civ-spouse,,,,,,83.83836364746094,,,
,,,,,,,,,,,50.03910827636719,,,
, Private,185860.96875, Bachelors,,,,,,,,,,,
,,,,,,, Husband,, Male,,,,,
,,,,,,,,,,,,, United-States,
, Private,187975.390625, Some-college,, Married-civ-spouse,,,,,91.585205078125,,45.09209442138672,,
52.86748123168945,,,,,, Prof-specialty, Wife,,,,,45.94874572753906,,
, Private,204518.859375,,,, Craft-repair,,, Male,,,,,
, Private,, HS-grad,9.203269004821777,,, Husband,,,,,42.376285552978516,,
,,,,,,,,,,,,,,
,,,,, Married-civ-spouse,,, White,,,,40.17232894897461, United-States,
,,,,10.29227066040039,,,,,,387.1343994140625,,,,
,,, Bachelors,, Never-married,,,,,,,, United-States,
,,,,,,,,, Female,,36.85370635986328,, United-States,
,,, HS-grad,, Married-civ-spouse,,,,,,,,,
, Private,, HS-grad,,,, Own-child,,,-820.576416015625,,, United-States,
,,,,, Never-married, Prof-specialty,,,,,,38.447540283203125,,
,,,,12.804306983947754,, Exec-managerial,, White,,,,,,
,,, Some-college,,,,,,,,,,, <=50K
, Private,, HS-grad,,,,,,,,,,, <=50K
,,,,,,,,,,,,, United-States, <=50K
33.33034133911133,,,,8.207860946655273,,,,,,,,,,
37.88300704956055,,190820.578125,,,,,,,,,,,,
,,,,10.406618118286133, Married-civ-spouse, Sales,,,,302.92919921875,,, United-States,
,,,,,,,,,,697.6744384765625,,,,
,,,,, Married-civ-spouse,,,,,,,, United-States,
,,,,,,,,,,,,,, <=50K
, Private,196533.90625,,,,, Own-child,,,-3680.6982421875,,, United-States, <=50K
45.62936782836914,,,,,,, Husband,,,,,,,
, Private,,,,,, Husband,,,,,42.15094757080078, United-States,
32.296058654785156,,,,,,,,, Male,187.45526123046875,,45.97883987426758, United-States,
,,187029.90625,,,, Prof-specialty, Not-in-family,,,,,41.127647399902344,,
,,,,,,,,,,,,,,
, Private,,,,, Prof-specialty,,,,,,,,
35.15237045288086, Private,, HS-grad,, Married-civ-spouse,, Husband,, Male,,,,,
, Private,177503.265625,,, Divorced,,,,,,,40.671363830566406,,
, Private,,,8.122748374938965,,,, White,,,,,, >50K
,,,,,,,,,,,,42.689849853515625,,
, Private,, Bachelors,,,,,,,,,,,
, Private,,,,,,,, Male,,,, United-States,
,,,,,,,,,,,,,,
,,,,,,,, White,,,,,,
,,,,9.210506439208984, Divorced,,,,,,,,, <=50K
, Private,, HS-grad,,,,, White,,,,,,
23.90491485595703,,175551.578125, HS-grad,,,,,,,,,30.989360809326172,, <=50K
,,,,,,, Husband,,,,,,,
, Private,,,, Never-married,,,,,,-71.7598876953125,,, <=50K
,,,,,,, Unmarried, White,,,,, United-States, <=50K
,,,,, Never-married,,,,,,-401.33831787109375,, United-States, >50K
, Private,,,,, Craft-repair,, White,,3956.5556640625,215.2830352783203,,,
, Private,190652.75,,,, Craft-repair,,,,,,,,
,,, HS-grad,,,,,,,,,,, <=50K
38.252708435058594,,,,,,,, White,,,,, United-States, >50K
,,,,,,,, White,,,,,,
,,180942.75,,,,,, White,,,67.17960357666016,,,
,,,,,,, Husband,, Male,687.6403198242188,,49.860389709472656,,
,,,,10.06861400604248, Married-civ-spouse,,,,,,,,,
,,196191.234375,,,,,,,,,27.658977508544922,,,
39.019927978515625,,,,,,,,,,,,,,
,,,,,,,,,,414.2701416015625,62.500282287597656,,,
,,,,, Never-married, Other-service,, White,,-4317.9755859375,,,, <=50K
,,,,9.43400764465332,,,,,,,,,,
,,,,9.711044311523438,,,,,,1399.221923828125,,,,
, Private,187027.703125,,,,,,,,,,,, >50K
36.94049072265625,,,,,,,,, Male,,,,,
,,,,,,,, White,,,2.3507232666015625,,,
44.8229866027832,,,,,, Prof-specialty,,,,,113.49149322509766,,,
,,, Some-college,, Never-married,, Not-in-family,,,,,,,
,,,,, Married-civ-spouse,,,, Female,,,49.41815948486328,,
, Private,, HS-grad,9.727154731750488,,, Unmarried,,,,,, United-States,
38.33682632446289,,,,,,,,,,224.68389892578125,77.00475311279297,,,
,,,,,,,,,,,55.918941497802734,, United-States,
, Private,,,8.6673002243042,, Craft-repair,,, Female,-3541.26123046875,,,, <=50K
,,, Some-college,,,,,,,,,,,
34.57102584838867,,,,10.971208572387695, Never-married, Adm-clerical,,,,,,,,
,,,,,, Other-service,,,,,,39.51963806152344, United-States, <=50K
,,,,9.323890686035156, Never-married,, Unmarried,,,,,,, <=50K
,,,,,,,,,,-351.115966796875,,34.37363815307617,,
,,178511.0625,,10.108345031738281,, Craft-repair,,,,,,, United-States,
,,, HS-grad,,,,,,,,,, United-States,
38.61256408691406,,,,12.218400001525879, Married-civ-spouse,,,,,,203.36859130859375,46.3333854675293,,
,,,,, Married-civ-spouse,,,,,,,,,
36.69088363647461,,,,, Married-civ-spouse, Exec-managerial,,,,,,, United-States,
29.889022827148438,,,,, Never-married, Adm-clerical, Not-in-family, White,,,,,, <=50K
,,, HS-grad,,,,,,,,,,,
,,, HS-grad,,,,,,,,,,, <=50K
,,,,11.723651885986328,, Craft-repair,,, Male,,,, United-States,
47.133934020996094, Private,,,,,, Husband,,,,,,,
,,161407.484375,,,,,,,,-2137.79248046875,,,, <=50K
,,,,,, Craft-repair, Husband,,,,,, United-States,
,,,,10.20608139038086,,,,,,,,,,
,,,,,,,,, Male,,,,,
38.129913330078125,,, Some-college,,, ?, Not-in-family,,,,-43.13429260253906,,, <=50K
,,,,,,,,,,,,,,
, Self-emp-inc,,,,,,,, Male,,,, United-States,
,,,,8.930703163146973,,,,,,,,,,
40.546669006347656,,,,,,,,,,,,45.10459899902344,,
36.064857482910156, Private,,,9.617291450500488,,,,,,,,,,
,,194085.109375, HS-grad,,,,,,,-916.6865234375,,,,
42.756622314453125,,,,,,, Husband,,,,,,,
,,,,9.458064079284668,,,,,,,,, United-States,
,,, Bachelors,,,,,,,,,,,
,,198808.046875,,,,,,,,,,40.01878356933594, United-States,
,,, Bachelors,, Married-civ-spouse,,,, Female,,,45.691165924072266,, <=50K
46.66683578491211,,,,,,, Wife,,,,,,,
,,219392.328125,,,,,,,,,-76.82698059082031,,, <=50K
, Private,197222.453125,,11.320161819458008,,,,,,4438.70751953125,,46.47439193725586,,
,,, HS-grad,,, Adm-clerical,,,,,,,,
,,200643.203125,,, Never-married,, Own-child,,,,,,,
,,,,,,, Husband,, Male,4314.66015625,,, United-States,
,,,,,, Craft-repair,,, Female,343.7183837890625,,,,
, Private,,,11.096037864685059,,,,, Male,,,51.8763427734375,,
,,,,, Never-married, Prof-specialty,,,,,,,,
,,183753.40625,,,,,,, Female,,-47.03874206542969,43.67344665527344,, <=50K
,,,,8.502273559570312,,,,,,,,,, >50K
40.867591857910156, Private,196696.859375,,,,,,,,3052.654541015625,166.73574829101562,,,
,,,,8.596450805664062, Never-married,,,, Female,,,,, <=50K
,,,,,,, Husband,, Male,4922.28125,247.55078125,53.75373840332031,,
32.29370880126953, Private,,,,,,,,,316.1822509765625,,35.18186950683594, United-States,
30.309776306152344,,, Some-college,, Never-married,,,,,,,39.420780181884766, United-States,
30.61353874206543,,, HS-grad,,,,, White,,,,37.731231689453125,,
, Private,, HS-grad,, Married-civ-spouse,,,,,-122.0281982421875,,,,
33.58808898925781,,,,, Married-civ-spouse, Exec-managerial,,,,,78.30741882324219,, United-States,
, Private,,,,,,,,,,,,, <=50K
,,, 11th,,,,,,,-4586.56591796875,,,, <=50K
,,,,,,, Husband, White,,,,, United-States,
, Private,, HS-grad,,,,, White,,-3973.095703125,-92.14202880859375,,, <=50K
,,, HS-grad,,,, Own-child,,,,,,,
, ?,,,,,,,,,,,,, <=50K
,,,,,,,,,,,,, United-States, <=50K
,,195695.140625,,9.524898529052734,,,,,,,,,,
, Private,199204.0,,8.952035903930664,,, Husband,,,822.72021484375,,,,
,,182335.171875,,, Widowed,,,,,400.44500732421875,23.858726501464844,,,
,,202623.28125,,9.755619049072266,,,,,,,,,,
,,,,, Divorced, Other-service,,,,,,35.71403503417969,, <=50K
43.57241439819336,,,,,,,, White,,,169.24322509765625,,,
,,, HS-grad,,, Other-service,,,,,,, United-States, <=50K
,,, HS-grad,9.117067337036133,, Other-service,,,,-3203.42822265625,-83.62123107910156,,, <=50K
,,184790.359375,,,,,,,,46.7525634765625,,,,
, Private,,,10.582878112792969, Never-married,,,,,,,, United-States,
, Private,, 11th,, Never-married, Other-service,,,,-1134.6885986328125,,, United-States,
,,, 11th,,,,, White,,,5.726921081542969,, United-States,
27.70941162109375,,, HS-grad,,,,,,,,,,,
,,,,,, Craft-repair,,,,,,, United-States,
34.174842834472656,,,,,,,, White,,,77.89942932128906,, United-States,
,,, HS-grad,, Never-married,,, White,,,,36.454345703125,, <=50K
,,,,,,,,,,,,38.41343688964844,,
,,190937.625,,, Never-married,,,,,-3659.18603515625,,,, <=50K
32.38992691040039, Private,,,,,,,,,,,34.61485290527344, United-States, <=50K
,,,,,,,,,,12.84130859375,,, United-States,
40.1821403503418,,,,8.058791160583496,,,,, Male,,,, United-States, >50K
,,,,, Married-civ-spouse,,,,,,43.294376373291016,, United-States,
,,,,,,,,, Male,,,51.694847106933594, United-States,
,,,,,,,,,,,65.8139419555664,42.183982849121094,,
,,, HS-grad,,,,,,,,-108.91604614257812,, United-States, <=50K
,,,,,,,,,,,,,, >50K
,,, Bachelors,,,, Husband,,,,,,,
34.302581787109375,,,,8.896665573120117,,,, White, Female,,,,,
,,,,,, Adm-clerical, Unmarried,,,,,,, <=50K
,,173466.9375,,,,, Not-in-family, White,,,,40.53855514526367, United-States, >50K
,,, HS-grad,, Divorced,, Not-in-family,,,,,,, <=50K
,,,,10.909449577331543,,,,, Male,,219.4046173095703,,,
39.701656341552734,,,,9.389091491699219,,,, White,,51.136962890625,53.36531448364258,,,
,,,,8.74284553527832,,,,,,,60.878658294677734,38.510128021240234, United-States,
, Private,207803.015625,,9.929147720336914,,,,,,,56.81269836425781,,,
,,189029.359375,,,,, Husband, White,,,,, United-States,
, Private,,,9.712211608886719,,, Own-child,,,,,,,
,,191317.078125, HS-grad,,,,,,,,,,,
,,,,, Never-married,,,,,,,, United-States,
37.05429458618164,,,,,, Other-service,,,,,,, United-States,
,,,,,,, Husband,,,3477.98876953125,,,,
43.382118225097656,,,,,,,,,,,,,,
42.4426155090332,,, Bachelors,,, Exec-managerial,,,,,145.4327392578125,,,
,,,,,,,,, Male,,,54.94575500488281,,
,,,,,, Other-service, Own-child,,,,,,, <=50K
34.834800720214844,,186430.90625,,, Never-married,,,,,,,,,
,,, HS-grad,8.6698637008667,,, Unmarried,,,-217.376220703125,,,,
,,, Bachelors,,,,, White,,,,,,
,,186681.203125,,,,,,,,,63.702396392822266,,,
,,,,, Divorced,,, White,,-3227.796875,,,, <=50K
,,,,,,,,,,,,,,
, Private,,,10.231827735900879,, Craft-repair, Husband, White,,,,,,
,,156188.125,,,,,,,,-2680.96240234375,,31.852569580078125,, <=50K
, Private,, Bachelors,,,,,,,,,,,
,,195675.0,,, Never-married,,, White,,,,,, <=50K
,,, Bachelors,,,, Wife, White,,,,,,
,,,,,, Craft-repair, Husband, White,,,98.78970336914062,,,
,,, Some-college,, Married-civ-spouse,,,,,,52.024112701416016,43.72160720825195, United-States,
,,,,,,,, White,,,,,,
37.902976989746094,,,,,,,,, Male,,,, United-States,
,,,,,,,,, Male,,101.26628112792969,,,
,,,,, Divorced,,,,,,,, United-States, <=50K
34.91774368286133,,,,,,,,,,,-39.662017822265625,,, <=50K
31.590469360351562,,,,9.957480430603027, Married-civ-spouse,,, White,,,,, United-States,
,,,,,,,, White, Female,,76.98507690429688,,,
, Private,,,,, Adm-clerical,,,,,,,, <=50K
,,,,8.08765983581543,,,,, Male,559.073486328125,,43.13494873046875, United-States,
33.64545822143555,,,,,,,,, Female,,,,, >50K
, Private,,,10.693206787109375,, Other-service, Unmarried,,,,32.8362922668457,40.411922454833984,,
,,, HS-grad,, Never-married, Other-service,,,,,18.148757934570312,,,
,,,,,,,, White,,,,, United-States,
,,,,, Married-civ-spouse, Prof-specialty,, White,,1779.38134765625,,, United-States,
42.484153747558594,,, Bachelors,,, Exec-managerial,,,,3957.60009765625,,48.31584167480469,,
, Private,,,,,,,, Male,3654.28173828125,,53.51270294189453,,
,,,,, Married-civ-spouse,, Not-in-family,,,,188.42271423339844,48.060813903808594,,
34.24250411987305,,,,,,,,,,,,40.43695068359375,, <=50K
, Private,197318.34375, Some-college,,,,,,,,,,,
,,,,10.63635540008545, Never-married, Sales,, White,,,76.5535659790039,,,
,,,,,,, Not-in-family,,,,,,, <=50K
,,,,,,,,,,4649.91796875,,,,
, Private,183848.4375,,,,,,,,,68.41452026367188,38.50468444824219,,
,,,,,, Craft-repair,, White, Male,,,, United-States,
,,202139.796875,,,,, Own-child,,,,,,, <=50K
,,191515.203125,,9.116806983947754, Never-married,,, White,,,,41.146087646484375, United-States, <=50K
,,,,,,,,,,,,, United-States,
,,,,,,, Husband,, Female,,83.91223907470703,,,
,,, HS-grad,,,,,,,,,, United-States,
,,,,,, Craft-repair,,, Male,,,48.9365234375,,
,,,,, Married-civ-spouse,, Not-in-family,,,,,,,
,,,,,,, Own-child,,,-14.9959716796875,66.18883514404297,, United-States,
31.471538543701172,,,,10.656895637512207,, Adm-clerical,, White,,,,37.400882720947266,,
, Private,,,,,, Husband, White,,,,45.401039123535156,,
,,202058.484375,,, Never-married, ?, Own-child,,,,70.84175109863281,,,
,,,,,,,, White,,,,,,
, Private,, Bachelors,,,,, White,,,-29.682708740234375,,, <=50K
,,,,,, Craft-repair,,,,696.44970703125,,,,
,,, Some-college,12.232319831848145,, Exec-managerial,,,,,186.0919189453125,46.17343521118164,,
37.47837448120117,,,,,,, Unmarried,,,,,,,
, Private,,,,,,, White,,,,27.921016693115234,,
,,197972.609375,,,,,,,,-352.528564453125,,,,
, Private,198642.53125,,11.372191429138184,,, Husband,, Male,,,53.308074951171875,,
,,192077.4375,,,,,,, Female,,,,, >50K
,,206300.234375,,,,,, White,,,,,,
,,,,, Never-married,,,,,,,,,
,,,,12.674835205078125,, Craft-repair,,,,,,,,
37.3519287109375,,,,,,, Not-in-family,,,,53.93381118774414,,,
25.320606231689453,,,,, Never-married,,,,,,,,, <=50K
43.349090576171875,,,,,, Craft-repair,,,,,,,,
,,,,9.46588134765625,,,,,,,,,,
,,207695.609375,,, Never-married,,,,,,,, United-States, <=50K
,,192290.921875, Some-college,,,, Not-in-family,,,,,, United-States,
,,187753.890625,,, Married-civ-spouse,,,, Male,1304.8377685546875,,,,
, Private,, HS-grad,,, Craft-repair,,, Female,,40.820308685302734,,,
,,,,10.49105453491211, Married-civ-spouse,,,,,,,, United-States,
,,,,,,,, White,,,,42.02766799926758, United-States,
,,,,,,,, White,,,,44.08445739746094,,
,,,,,, Prof-specialty,,,,,,,,
28.252803802490234, Private,,,,,,,,,,,36.482574462890625,, <=50K
50.21647644042969,,,,,, Exec-managerial,,,,,,,,
,,, HS-grad,,,,,,,,,,,
30.537761688232422,,, Bachelors,,, Prof-specialty,,,,,,,,
,,,,,,,,,,,,,,
32.380096435546875, Private,,,,,,,,,,,,, <=50K
, Private,,,,,,,,,,25.64632797241211,,,
, Private,, Some-college,11.07581615447998,, Craft-repair,,,,,,,,
,,205505.390625,,,,,,,,,,,,
,,,,,,, Husband, White,,,,, United-States,
, Private,,,6.636893272399902,,,,,,,-53.686798095703125,35.25550842285156,, <=50K
,,,,,,, Husband,, Male,,,45.36628723144531,,
,,,,8.555741310119629,, Other-service,,,,,-67.33639526367188,, United-States, <=50K
,,,,8.412864685058594,,,,,,,,32.8979606628418,,
36.76527786254883,,200636.390625,,10.354358673095703,,, Husband, White, Male,,,,,
, Private,187696.421875,,,, Other-service,,,,,,, United-States, <=50K
,,, Bachelors,, Married-civ-spouse,,,,,,,, United-States,
,,,,8.452995300292969,, Craft-repair,,, Female,,-38.94001770019531,,, >50K
,,, HS-grad,,,,, White, Female,,,,, >50K
58.0489501953125,,197341.96875,,12.086740493774414,,,, White,,,,, United-States,
,,,,, Married-civ-spouse,, Not-in-family,,,,,,,
,,, HS-grad,8.96535587310791,,,,,,,,,,
,,,,,,,,, Male,,,,,
34.058555603027344,,,,,,, Not-in-family,,,-165.5550537109375,,39.7697868347168,,
,,,,,, Prof-specialty,,, Male,,,,,
,,,,10.839641571044922, Married-civ-spouse,,,,,,,,,
,,,,,, Adm-clerical,,,,,36.74341583251953,36.84760284423828, United-States,
,,, HS-grad,,,,,,,,,36.45780563354492,, <=50K
,,195829.046875,,,, Craft-repair,, White,,3409.26171875,193.2230987548828,, United-States,
,,, Bachelors,,,,,,,,,,,
36.02301788330078,,, Bachelors,,,,, White,,,86.7542724609375,,,
,,,,11.092034339904785, Never-married,, Own-child,,,,,,,
,,, Some-college,10.276366233825684,,,,,,,,41.790992736816406,,
32.2299919128418, Private,190874.75,,10.5700044631958, Married-civ-spouse,, Not-in-family,,,,,,,
, Private,,,8.023642539978027,,, Husband, White,,,92.58898162841797,,,
,,193012.40625,,,,,,,,,,,, <=50K
42.340858459472656,,,,,,,,,,,,,,
, Private,,,, Married-civ-spouse,,,, Female,,,, United-States,
,,,,8.94460678100586,,,, White, Male,,,,,
,,,,, Never-married,, Husband,, Female,1474.7230224609375,,,,
,,183940.21875,,, Married-civ-spouse, ?,,,,558.2965698242188,,,,
,,,,,,,,,,-3464.98193359375,,,, <=50K
,,173341.28125, HS-grad,,,,,,,,48.363670349121094,36.443267822265625, United-States,
37.130645751953125, Private,,,,,,,,,-8.0364990234375,,,,
46.69562530517578, Private,194963.90625,,,,,,,,,,34.17328643798828,,
,,,,,,,, White,,,,,, >50K
,,,,,,,,,,,,,, <=50K
,,, Bachelors,,, Exec-managerial, Not-in-family,,,,105.87934875488281,, United-States,
,,,,,,,, White,,,,,,
,,,,,,, Not-in-family, White,,,,,,
, Private,204285.46875,,,,,, White,,-226.273193359375,61.44097900390625,,,
,,,,,,,,,,,59.06785202026367,,,
29.560623168945312, Private,,,,,,,,,,,,,
30.10909080505371, Private,, Bachelors,, Married-civ-spouse, Craft-repair,,, Female,,,,,
28.881786346435547,,,,,,,,, Female,,,,, <=50K
, Private,,,10.191909790039062,,,,,,,,,,
54.07503890991211, Private,, HS-grad,11.161972999572754,,,,, Male,,,52.816734313964844, United-States,
,,,,,,,, White,,,,34.2962532043457,,
,,,,,,,,,,,46.493961334228516,,,
,,,,,,, Husband,,,,,, United-States,
, Private,,,,,,,,,,82.32472229003906,, United-States,
41.13580322265625, Private,,,8.892155647277832,,,,,,,,, United-States,
,,, HS-grad,,,,,,,,,,,
, Private,, HS-grad,,, Craft-repair,, White,,-69.298583984375,,44.31491470336914,,
,,,,,,,,,,,,,,
,,,,,, Exec-managerial,,,,,,48.46427917480469,,
,,,,,,,, White,,,,38.823421478271484,,
,,,,,, Prof-specialty,,,,,,,,
,,211277.828125,,,, Handlers-cleaners,, White,,,25.39846420288086,, United-States,
26.731569290161133,,, HS-grad,, Married-civ-spouse,,,,,-481.7066650390625,,, United-States,
,,,,,,,,, Male,,185.03221130371094,, United-States,
39.36980056762695,,,,10.129378318786621,,,,,,,,,,
, Private,,,,,,, White,,,,,, <=50K
,,,,,,,,,,,,34.02745819091797,,
,,,,,,,,, Female,,-3.2878646850585938,,, >50K
,,195165.328125,,, Never-married,,,,,3.0811767578125,,,,
,,, HS-grad,,,,,,,,52.983421325683594,,,
37.03095245361328,,,,,,,,,,,,,,
25.90662956237793, Private,177443.171875, Bachelors,,,,, White,,,-72.51016235351562,,, <=50K
, Private,,,,,,,,,,,,,
, Private,, Some-college,10.70921802520752,, Adm-clerical,,,,,,, United-States,
,,,,, Married-civ-spouse,,,, Female,,208.77175903320312,, United-States,
,,, HS-grad,, Never-married,,, White,,,,39.5599250793457,,
, Private,193822.640625, HS-grad,,, Craft-repair,,, Male,-126.78466796875,68.36396026611328,,,
,,,,10.230121612548828,,,,, Male,,,48.385902404785156,,
,,,,12.260778427124023, Married-civ-spouse, Exec-managerial,,,,4512.37890625,,,,
,,,,,,,,,,,140.6472625732422,41.5516242980957,,
,,,,,, Craft-repair,,,,,,, United-States,
,,,,, Married-civ-spouse,,,, Male,,34.62113571166992,,,
,,199534.140625,,,, Craft-repair,, White,,,,,,
,,, Some-college,11.045890808105469,,, Own-child,,,,,,,
,,187037.671875,,,,,,, Male,,,,,
,,,,,,,, White,,,,,,
28.29149627685547, Private,,,,, Craft-repair,,,,,,41.55496597290039,,
,,,,,,,, White,,66.36468505859375,,,,
, Private,, Bachelors,,, Craft-repair,,, Female,,,,,
40.02651596069336,,,,10.491137504577637,,, Not-in-family,,,,,, United-States,
,,,,9.688922882080078,,,,,,-63.870849609375,,,,
,,,,12.399438858032227, Married-civ-spouse,, Not-in-family, White,,4176.72607421875,216.97650146484375,,,
,,,,10.248514175415039,, Craft-repair,,,,,44.193382263183594,42.045074462890625,,
,,,,,,,, White,,,,46.3884162902832,,
43.38711929321289,,,,,, Craft-repair, Husband, White,,,,,,
,,199610.671875,,, Married-civ-spouse,,,,,,187.5845184326172,,,
38.48359680175781,,,,,, Craft-repair,,,,-2944.73779296875,,,, >50K
40.422767639160156, Private,,,,,, Husband,, Male,,,,,
,,,,,, Prof-specialty, Not-in-family,,,,,,, >50K
,,193439.28125,,,,,, White,,,,,,
33.761531829833984,,,,,,,, White,,,,,,
,,,,,,,,, Male,,,,,
,,,,,,,, White,,,,36.167236328125, United-States,
,,,,,,,,, Male,-154.43359375,65.78648376464844,,,
,,190474.09375, HS-grad,,,,, White,,,,, United-States,
,,,,, Never-married,, Not-in-family,,,,,43.0361442565918,, >50K
41.97602081298828,,,,9.337784767150879,,,, White,,,,39.50511932373047,,
,,,,,,,,,,,104.9681396484375,, United-States,
44.40919494628906,,175443.046875,,8.56061840057373,,,,,,,,,, >50K
,,184615.875, HS-grad,, Never-married,,,,,-374.5924072265625,,,,
21.24386978149414,,183746.5,,, Never-married,,,,,,,29.35375213623047, United-States, <=50K
, Private,, Some-college,,,,,,,3326.5556640625,,,,
38.278282165527344,,,,10.036185264587402,,,, White,,,,42.96315383911133,,
,,,,,,,,,,3651.47119140625,,44.20256805419922,,
,,167427.671875,,,,, Not-in-family,,,,,,,
,,,,7.773740768432617,,, Not-in-family,,,-3072.61572265625,,,, <=50K
,,182214.0625, Bachelors,,,,,,,,,,,
33.112117767333984,,,,,,,, White, Female,,,47.21800994873047,,
,,, Some-college,,, Other-service,,,,,,,,
,,,,, Divorced,, Unmarried,,,,-70.3717041015625,,, <=50K
, Private,, Some-college,,,,,,,,,,,
,,194396.4375,,, Married-civ-spouse,,, White,,-231.8402099609375,,,,
,,208100.5,,9.870428085327148,,,,, Female,,63.027061462402344,,,
35.37677764892578, Private,,,8.29173755645752,,,, White,,,,38.308204650878906,,
,,,,9.19826602935791,,,, White,,,,35.92750930786133, United-States,
,,, Some-college,9.616281509399414,,,,,,,,,,
,,,,, Widowed, Other-service,,,,,-41.646087646484375,39.80234909057617,, <=50K
22.92144775390625, Private,, HS-grad,, Married-civ-spouse,,,, Male,-77.59521484375,,,,
39.8291015625, Private,,,,, Craft-repair,,, Female,,,, United-States,
, Private,,,9.968372344970703,, Craft-repair, Husband,, Female,,,,,
,,173092.875, Some-college,9.595625877380371,,,, White,,,,,, <=50K
33.74299621582031,,185793.8125,,, Married-civ-spouse, Exec-managerial,,,,4572.22021484375,,,,
,,176637.390625,,,,,,,,,,,, >50K
22.657026290893555,,185029.53125, Bachelors,, Never-married,,,, Female,-2626.51416015625,,45.12781524658203,, <=50K
,,,,8.187959671020508,,,,, Male,,72.72337341308594,, United-States,
,,,,9.73342227935791,,,,,,,,,,
37.66236114501953,,, Some-college,10.184406280517578,,, Not-in-family, White,,,57.53921890258789,,,
,,,,7.761107444763184,,, Own-child,,,,,,, <=50K
, Private,,,,,,, White,,,,,,
,,, Bachelors,,,,,,,,,48.34358596801758,,
,,,,, Never-married,,, White,,,,37.248619079589844,,
17.28350067138672, Private,,,6.9912567138671875, Never-married,,, White,,,,,, <=50K
,,190006.859375,,,,,, White,,,,,, <=50K
,,,,,,, Husband, White, Male,,,,,
, Private,,,,,,, White, Male,-139.86376953125,,,,
32.26393127441406,,, HS-grad,,,,,,,,,40.99075698852539,,
, Private,,,,,,,,,-3510.43798828125,,39.210662841796875,, <=50K
,,,,10.432738304138184,,,,,,,,35.704833984375,,
,,184264.203125, Some-college,11.816617965698242, Never-married, ?, Own-child,,,-210.6595458984375,,,,
,,,,10.408924102783203,, Craft-repair,,,,,,,,
, Private,,,,,,,, Female,,,,, <=50K
, Private,,,,,, Not-in-family,,,,,,,
38.329612731933594,,,,9.468826293945312,,,, White,,,,,,
,,188889.21875,,, Married-civ-spouse,,,, Female,-2047.5020751953125,,,, <=50K
, Private,191438.515625,,,,,,,,,,,,
,,182734.046875,,,,,,,,,,,,
39.95167922973633,,189809.375,,10.016362190246582,,,,,,,,,,
,,, HS-grad,,,,,,,865.1473388671875,,,,
,,,,,,,,,,,,,,
,,,,10.180817604064941,,,, White,,,71.67085266113281,,,
, Private,,,,,,,,,,,,,
24.567825317382812, Private,,,,,,,,,,,32.306373596191406,, <=50K
,,,,,,, Not-in-family,,,,,,,
, Private,,,,,,,,,,,, United-States,
,,,,,,,,,,,,,,
37.87968063354492,,,,,,,,,,,,,,
, Private,,,,,,,,,,,,,
,,,,,,,,,,470.93255615234375,75.51087951660156,,,
,,,,,,,,,,,-81.08053588867188,,, <=50K
,,, Bachelors,,,,, White, Male,,,47.481590270996094,,
,,, Some-college,12.12525463104248,, Adm-clerical,,,,,,, United-States,
,,,,, Married-civ-spouse,,,,,,92.3817138671875,,,
,,198963.453125,,,,,,,,,,,,
, Private,,,,,,, White, Male,,,,,
, Private,,,, Divorced,,, White,,,-87.0731201171875,,, <=50K
,,,,,, Prof-specialty,, White,,,,38.04010772705078,, >50K
, Private,191646.484375, Bachelors,,,,,, Female,,,45.3897590637207, United-States, >50K
,,,,,,,,,,,11.410240173339844,,,
,,,,,,, Husband,,,,,,,
, Private,,,, Married-civ-spouse,,,,,5587.67822265625,,,,
,,, Bachelors,, Married-civ-spouse,,,, Female,,,, United-States,
,,,,,,,,,,,,,,
,,202121.703125,,11.140836715698242,,,, White, Male,3589.75439453125,,,,
,,,,,, Other-service,,,,,-100.41610717773438,,, <=50K
,,185016.234375,,7.447351455688477,,,, White, Female,-2943.728515625,-50.90815734863281,,, >50K
,,188265.765625,,,,,,,,,-62.22193908691406,,, <=50K
,,,,,,,,,,,,48.24711990356445,,
28.990596771240234,,,,, Married-civ-spouse, Craft-repair,,, Female,,,,,
,,,,, Never-married,,, White,,,,39.50068664550781, United-States,
,,,,, Never-married,,,,,31.939208984375,28.85942840576172,39.04521942138672, United-States,
,,185770.234375,,,,,,,,,,42.38162612915039,,
,,170971.84375, HS-grad,, Divorced,,,,,,,,,
,,199867.234375,,,,,,,,,,,,
,,,,,,, Not-in-family, White,,,,,,
,,,,,, Prof-specialty, Husband,,,,,,,
,,,,,,,,,,,,38.53184509277344,,
, Private,,,8.705341339111328,,,,,,,72.1554946899414,,,
, Private,189190.78125,,9.94779109954834,,,,, Female,,,,,
,,,,,, Adm-clerical,,,,,,,,
36.58875274658203,,,,8.72439956665039,,,,,,,,,,
48.987342834472656,,,,,,, Husband, White,,3728.18408203125,,49.33588409423828,,
,,, HS-grad,,,,,,,,,,,
,,, Some-college,,,,,,,,,38.601741790771484, United-States,
,,,,,,,,, Male,,,,,
,,,,,,,,,,3722.7392578125,,,,
,,, Bachelors,,,,, White,,470.3582763671875,,,,
,,, HS-grad,9.741283416748047,,,,,,,81.64383697509766,, United-States,
,,186608.25,,,,,,,,,,, United-States,
,,, HS-grad,,,,,, Female,,,,,
, Private,196769.359375, Some-college,,,,,, Female,,,,,
44.17997741699219,,,,,,, Not-in-family,,,,,,,
,,,,,,,,,,606.8035888671875,,,,
33.86212158203125,,,,8.419992446899414,,,, White, Male,216.673583984375,71.27999114990234,,,
31.228958129882812, Private,, Bachelors,,,, Unmarried,,,,,,,
,,,,6.751839637756348,,,, White, Male,,,,, >50K
, Private,188847.53125,,,,,,,,,,,,
,,,,,,, Husband,,,,44.54193878173828,,,
, Private,,,,,,,,,,,39.64010238647461,,
, Private,204223.65625,,,, Other-service,,,,,,,,
,,,,,,,,,,,,, United-States,
,,,,10.181038856506348,, Craft-repair,,,,257.01055908203125,71.0767822265625,,,
, Private,, HS-grad,, Married-civ-spouse,,,,,3010.473388671875,155.21633911132812,,,
27.465106964111328,,,,, Never-married,, Not-in-family,,,,,,, <=50K
,,,,,, ?,,,,,,39.384857177734375,, >50K
,,190709.265625,,,,,, White,,,,42.40511703491211,,
,,,,, Married-civ-spouse,, Not-in-family, White,,,,,,
39.00299072265625, Private,186243.703125,,10.377944946289062,, Craft-repair,,,,,,,,
, Private,207915.859375,,,,, Husband,, Male,,,, United-States,
,,,,,,,,,,,,, United-States,
,,,,,,,,,,3672.32861328125,,,,
31.140113830566406,,,,,,,,, Male,,,, United-States, <=50K
38.81897735595703,,, HS-grad,,,,,,,-296.902587890625,50.54151916503906,, United-States,
32.6575813293457,,,,,,, Not-in-family,,,-3293.73095703125,,40.73906326293945,, <=50K
,,,,, Married-civ-spouse,,,,,,118.13861083984375,,,
,,,,,,,,,,,,43.29606246948242,,
,,,,, Married-civ-spouse,,,,,4199.85791015625,,,,
25.37424659729004, Private,,,, Married-civ-spouse,,,,,0.2379150390625,,, United-States,
,,,,,,,,,,,,, United-States,
29.145244598388672, Private,186823.796875, HS-grad,,,,,,,-3767.28759765625,,,, <=50K
,,188615.015625,,9.535914421081543,,,,,,47.3016357421875,56.63138198852539,, United-States,
37.102088928222656, Private,,,,, Craft-repair,,,,,,,,
,,,,,,,,,,,,,,
,,,,,,,, White,,371.56732177734375,,42.25983428955078,,
, Private,,,,,,,,,,,, United-States,
,,,,,,,,,,,,,,
,,, HS-grad,, Married-civ-spouse,,,, Female,443.375244140625,,,,
,,,,,,,,,,,,,, <=50K
,,,,,,,,, Female,,,,, >50K
,,,,,, Exec-managerial,,,,,,,,
,,,,9.231888771057129,,,,,,,,,,
,,,,,,,,,,,,,, <=50K
,,,,,,,,,,,,,, <=50K
,,, HS-grad,,, Craft-repair,,,,,,,,
, Private,, Bachelors,,,, Husband,,,,219.8654022216797,48.75763702392578,,
,,, HS-grad,,,,,,,,,,,
,,,,,,, Husband,, Male,-271.69140625,74.1930160522461,,,
34.4673957824707, Private,,,, Married-civ-spouse,,,,,,,47.281124114990234, United-States,
,,,,8.081677436828613,,,,,,,,37.40559387207031,, <=50K
,,185877.234375,,,,,, White,,,,,,
,,176887.015625, Bachelors,,,,,, Female,-2600.27978515625,-27.443359375,,, >50K
,,,,,, Other-service,,,,-3519.09423828125,,,, <=50K
, Private,196510.53125,,,, Craft-repair,,,,-65.2662353515625,,42.11841583251953,,
36.00001907348633,,,,, Married-civ-spouse,,,,,,,41.99198532104492, United-States,
,,200692.40625,,,,,,, Male,,,,,
,,,,,,,,,,,,35.42213439941406,,
, Private,, HS-grad,,,, Not-in-family,,,,,,,
,,,,,, Craft-repair,, White,,,,,,
,,, HS-grad,,,, Own-child,,,,,,,
,,,,,,, Own-child,,,,57.365509033203125,,,
,,, Some-college,,,, Not-in-family,,,,,39.60072708129883,,
, Private,,,,, Craft-repair,,, Male,178.2684326171875,,,,
27.54086685180664, Private,180102.515625, Some-college,,,,, White,,-3432.75439453125,,,, <=50K
,,,,, Married-civ-spouse,,,,,4081.3837890625,,,,
,,, Some-college,, Married-civ-spouse,, Not-in-family,,,,,, United-States,
,,,,,,,, White, Male,,,44.306396484375,,
,,,,9.805420875549316,,, Not-in-family,,,,,,,
,,,,,,,,,,,,,, <=50K
,,, Bachelors,,,,,,,,,,,
,,,,,,,, White,,,,,,
,,,,,,,,,,585.8901977539062,,,,
, Private,,,,,,,, Male,,,,,
,,,,,,, Husband,,,3742.29541015625,,,,
,,,,8.458407402038574, Never-married,, Own-child, White, Female,,-59.21354675292969,44.972721099853516,, <=50K
,,,,10.727388381958008,,,, White,,,,, United-States,
35.79445266723633,,192824.859375,,7.904931545257568,,,,, Male,,,,, >50K
,,,,,,,,, Male,,,,,
,,,,,, Craft-repair,,,,,,,,
,,,,,,,,,,,,,,
,,,,,,,,,,,,, United-States,
,,,,,,,,,,,,46.93180465698242,,
,,,,12.059985160827637,,,, White, Male,3644.22021484375,208.7394561767578,,,
,,, Bachelors,, Divorced,,,,,,-63.22822570800781,, United-States, <=50K
, Private,,,,,,,, Male,,,, United-States,
42.26675033569336,,,,,,, Husband,,,,,, United-States,
,,,,,,,,,,,,,,
,,,,,,,,, Female,-3673.26318359375,,,, <=50K
,,177695.578125,,, Widowed,,,,,-2636.91162109375,-55.12995910644531,35.710906982421875, United-States, <=50K
,,,,,, Other-service,, White,,,,, United-States, <=50K
,,, HS-grad,8.008199691772461,,,,,,,-61.12565612792969,38.12898635864258,, <=50K
,,,,, Never-married,,,,,,,,,
,,,,,,,,,,,,,,
,,,,,,,,,,,,,,
,,, HS-grad,,,,, White,,,,,, <=50K
,,, Some-college,,,,,,,,192.8274688720703,,,
, Private,,,,, Adm-clerical,,,,,,,,
, Private,,,,,,,,,-3671.751953125,,,, <=50K
,,,,, Married-civ-spouse, Craft-repair,,,,,,47.72267532348633,,
,,,,,,,,,,,,,,
,,,,,,, Own-child,,,,,, United-States,
,,193585.875,,,,,,,,,,, United-States,
42.150699615478516,,,,,,,,,,,74.93981170654297,,,
,,,,,,,,,,-147.46484375,24.573192596435547,33.810150146484375,,
29.680408477783203,,,,9.25949764251709,,,,,,,,, United-States,
,,,,,,,,, Male,,87.33747100830078,,,
,,198346.546875,,,,,, White,,104.376953125,,39.52311325073242,,
, Private,,,,,,,,,,,, United-States,
, Private,201004.5,,11.397655487060547,,, Husband,,,3371.54638671875,199.33084106445312,47.21569061279297,,
,,,,10.50478744506836,,,,,,,,,,
23.84483528137207, Private,171257.421875, Bachelors,,,,,,,,,,, <=50K
32.22109603881836,,181925.171875, HS-grad,,,,,,,,,,,
38.412235260009766,,178971.71875, Bachelors,,,,,,,,,,,
,,,,, Married-civ-spouse, Prof-specialty,,,,,,,,
, Private,,,, Married-civ-spouse,,, White,,,,,,
,,,,,,,,,,,,,,
,,,,11.765332221984863,,,, White,,,204.45535278320312,,,
,,, Some-college,10.572351455688477,,,, White,,,61.32112121582031,,,
,,183489.140625,,,,,,,,,,,,
35.79081726074219, Private,, HS-grad,,,, Own-child,,,-4267.837890625,,,, <=50K
,,,,,,,,,,,,, United-States,
,,,,11.47058391571045, Never-married, Other-service, Own-child,,,,,,,
32.35989761352539,,, HS-grad,,,,,,,,,,,
, Private,, Some-college,, Never-married,, Own-child,,,,,44.99999237060547,,
,,, Some-college,10.203283309936523,,,,,,,,,,
,,177623.859375,,10.960241317749023,,, Not-in-family, White,,,,,,
,,188550.09375, HS-grad,8.54074478149414, Married-civ-spouse,, Not-in-family,, Female,,,,, <=50K
38.22541046142578,,,,,,, Husband,, Male,,,,,
31.525684356689453, Private,,,,,,, White, Male,,,,,
, Private,189507.015625,,8.355501174926758,,,,, Male,633.6387939453125,,,,
30.837146759033203,,,,, Married-civ-spouse,,,,,,,42.99267578125,,
, Private,, HS-grad,,,,, White,,,,,,
,,,,13.422823905944824,, Exec-managerial,, White,,,201.470947265625,,,
,,,,7.470057964324951,,,,, Female,-2661.29833984375,,,, <=50K
,,184583.4375, HS-grad,,,,,,,,,, United-States,
, Private,,,, Widowed,,, White,,-2470.02099609375,,,, <=50K
,,,,,,,,,,,198.3923797607422,,,
, Private,,,,, Craft-repair,, White, Female,,,,,
39.127532958984375,,177422.578125, Some-college,9.179299354553223,,,,,,,,38.841190338134766, United-States, <=50K
,,, Bachelors,, Never-married,,,,,265.4664306640625,30.0655517578125,37.5757942199707,,
26.020606994628906,,190648.203125,,, Never-married, Other-service,, White,,-3314.1748046875,,,, <=50K
,,178022.578125,,10.602217674255371,,,,,,,53.05161666870117,38.70933532714844, United-States,
, Private,,,,,,, White,,,,,,
,,,,,, Craft-repair, Husband, White,,,,,,
, Private,,,,,,,,,,56.06327819824219,,,
23.097476959228516,,,,,, Adm-clerical,, Asian-Pac-Islander,,,-53.01014709472656,33.371368408203125,, <=50K
,,, HS-grad,,,, Husband,,,,,,,
,,,,,,,,,,,,,,
48.838836669921875,,,,12.63566780090332,,,,,,4328.21533203125,,,,
,,,,,,,,,,,,,, <=50K
,,,,,, Craft-repair,,,,,,,,
, Private,169246.78125,,,, Other-service,,,,,-81.198486328125,, United-States, <=50K
,,,,,,,, White,,,,,,
,,,,,,,,,,,,,,
,,,,,,,,,,-853.169189453125,,32.780887603759766,,
,,,,, Divorced,, Not-in-family,,,,,,, >50K
41.67048263549805, Private,,,,,,,, Male,,,51.328609466552734,,
,,,,,,,,,,,66.0294189453125,39.478309631347656,,
,,212463.65625,,,,, Not-in-family, White,,,,,,
32.0607795715332,,193925.40625,,,,,,, Female,167.714599609375,48.04973602294922,,,
42.426116943359375,,,,,,,,,,,,,,
,,,,,, Craft-repair,, White, Female,,,,,
,,,,, Divorced, Adm-clerical,,,,,,,,
,,,,,,,,,,,,35.16639709472656,,
,,,,,, Adm-clerical,,,,,,35.4947395324707,,
,,192776.0625,,,,,,,,,,43.87532043457031,,
, Private,,,10.227227210998535,,,,,,,,,,
,,,,11.102153778076172,, Adm-clerical,, White,,,,, United-States,
, Private,,,9.828652381896973,,,,,,,,,,
,,, HS-grad,,,,,,,,,,, <=50K
51.135108947753906,,,,,, Exec-managerial,,,,,,,,
,,,,12.062711715698242,,,,,,3633.00048828125,,,,
, Private,,,,,,,,,,-54.29234313964844,, United-States, <=50K
,,,,11.429393768310547,,, Husband,,,,198.9259490966797,, United-States,
,,,,,, Prof-specialty,,,,,,,,
42.01887512207031,,, Some-college,8.131409645080566,,,,,,,-70.87202453613281,,, <=50K
,,, Bachelors,,,, Husband,, Female,,,, United-States,
,,, Some-college,,,,, White,,,,,,
,,, Bachelors,,,,,,,,,,,
,,, HS-grad,,, Craft-repair,,, Male,,,,,
,,,,10.160589218139648, Married-civ-spouse,,,, Female,,81.00597381591797,48.19465637207031,,
,,,,,,, Husband,,,,,,,
,,182699.3125, Some-college,9.342489242553711, Never-married, Adm-clerical,, White,,-3715.33251953125,-82.1583251953125,, United-States, <=50K
44.476165771484375,,,,,,,, Asian-Pac-Islander,,,,47.66979217529297,,
,,,,, Never-married,,,,,-3282.19189453125,,,, <=50K
, Private,,,,,,,, Female,-2863.73681640625,,,, >50K
35.76636505126953,,, HS-grad,,,, Not-in-family,,,,,,,
,,,,9.951028823852539,, Other-service,,,,,,, United-States,
,,185403.84375,,,,,,,,,,, United-States,
,,,,6.682157516479492,,,,,,,-85.53338623046875,, United-States, <=50K
38.87821960449219,,194629.25,,9.595867156982422,,,,,,,,,,
,,,,, Never-married,,,,,658.698486328125,,,,
,,,,,,, Husband,, Male,,,, United-States,
,,,,10.032365798950195, Married-civ-spouse, Craft-repair,, White, Female,,75.4057846069336,47.46400833129883,,
,,,,,, Craft-repair,,,,,55.914886474609375,, United-States,
,,,,, Married-civ-spouse,,, White,,,50.327144622802734,38.69517517089844,,
,,,,11.391987800598145,,,,, Male,,,51.98269271850586,,
,,191562.15625,,12.560083389282227,, Exec-managerial, Husband, White,,,,, United-States,
,,,,,,,,,,159.7852783203125,,38.428462982177734,,
,,, HS-grad,,,,,,,,,,,
,,,,,,, Husband,,,,226.47689819335938,,,
,,,,,,, Own-child,,,,,,,
,,,,,, Craft-repair, Own-child,,,,,,,
,,207772.609375,,,, Craft-repair, Own-child, White,,,,,,
,,,,,,, Not-in-family, White,,,,,,
, Private,, HS-grad,,,,,,,3648.5146484375,,,,
,,184678.984375, HS-grad,,, Farming-fishing,, White,,,,, United-States, <=50K
,,,,,,,,,,,,,,
,,184610.234375,,,,,, White,,890.680419921875,,40.95035934448242,,
,,173707.515625,,,,,,,,693.59716796875,,, United-States,
28.129722595214844, Private,, HS-grad,,, Machine-op-inspct,,,,,,, United-States,
,,, Some-college,9.289238929748535,,,,,,,,,,
,,,,, Married-civ-spouse, Exec-managerial,,,,,,, United-States,
23.303768157958984, Private,,,,,,,,,,,,, <=50K
,,,,9.167470932006836,,,, White,,,41.5870475769043,,,
,,,,, Never-married,, Own-child,,,,42.63032913208008,,,
26.85495376586914,,,,10.430070877075195, Divorced,,,,,,,, United-States,
,,,,,,,, White,,,,41.174922943115234,,
,,195629.96875,,11.093976020812988, Never-married,, Own-child,,,,,39.03749084472656,,
, Private,179296.125,,,,,,,,,,,,
40.45093536376953,,200858.21875,,,,,,,,,,,,
44.01546859741211,,,,,,,,,,-427.076171875,,,,
,,,,, Never-married, Prof-specialty,,,,,,,,
, Private,,,10.0161714553833, Never-married,,,,,,34.787994384765625,,,
, Private,,,11.148542404174805,,,, White,,3742.2392578125,,,,
46.47182083129883,,195361.921875,,,,, Husband,, Male,,,,,
, Private,189140.5,,,, Exec-managerial,,,,,,,,
,,205970.4375,,,, Craft-repair,,,,,,41.73506546020508,,
,,,,9.527074813842773, Married-civ-spouse,,,,,,,,,
,,185873.765625,,, Never-married,,,,,,-77.46908569335938,,, <=50K
,,199683.65625, HS-grad,,,,,, Male,,,,,
,,,,, Divorced,,, White,,646.1153564453125,,39.252655029296875,,
,,,,,,,,,,,,47.15930938720703,,
,,,,9.310914039611816,,,,,,,,41.13500213623047,,
,,183042.640625,,8.806167602539062,,,,,,,,,, <=50K
,,,,,,,, White,,527.0552368164062,,,,
,,173290.34375,,,,, Not-in-family,,,,,,,
,,,,,, Adm-clerical,,,,,,,,
,,, HS-grad,8.324109077453613,,,,, Male,,53.51228332519531,,,
,,,,11.94283676147461,, Craft-repair,,,,,,47.4527473449707,,
,,,,, Never-married,, Own-child,,,,,44.32599639892578, United-States,
,,,,9.044384002685547, Married-civ-spouse,,, White, Male,,,,,
,,,,, Married-civ-spouse, Craft-repair, Not-in-family,,,,,,,
,,,,,,,,,,,,, United-States,
, Private,,,, Never-married,,,,,81.36541748046875,,, United-States,
, Private,,,,,,,, Female,,,,,
,,,,10.200296401977539,,,,, Female,,,46.47284698486328,,
,,211425.828125,,, Married-civ-spouse,,,, Female,276.309814453125,,,,
,,,,,,,,,,,-104.14271545410156,,, <=50K
,,,,,,,, White,,554.2612915039062,,,,
,,,,,,, Not-in-family,,,,,, United-States,
,,,,,,,,,,,,,,
,,223092.640625,,,, Craft-repair,,,,,,,,
,,,,,,,,,,4606.73583984375,,,,
, Private,191625.578125,,,, Adm-clerical, Not-in-family,,,112.5208740234375,,,,
, Private,186818.21875,,,,,,, Male,4471.45654296875,,,,
,,,,,,,,,,,41.087093353271484,,,
,,198731.125, HS-grad,,,,,, Female,-295.537353515625,,, United-States,
,,,,,,,,,,,,,,
,,,,,,, Husband,, Male,,94.4146728515625,,,
,,,,,,, Not-in-family,,,,,,,
,,,,,,,,,,,,,,
,,,,,,, Unmarried, White,,,-53.20783996582031,,, <=50K
,,,,,,,, White,,,,,,
35.04723358154297,,,,,,, Husband,, Male,,,48.017887115478516,,
, Private,,,8.91822338104248,,,,,,,,,,
,,,,12.287280082702637,,,, White,,1253.3641357421875,,,,
,,, Bachelors,,,,,,,,,,,
,,,,, Divorced,,,,,,-25.315017700195312,,, <=50K
,,,,,, ?,,,,,112.53775024414062,,,
,,,,,,, Husband,, Male,,,54.103084564208984,,
, Private,,,,,, Not-in-family,,,,,, China,
,,,,8.426434516906738,,,,, Female,,,,, <=50K
,,193924.84375,,,,,,, Female,,70.93470001220703,,,
,,, Bachelors,,,, Own-child,,,,,, United-States,
,,,,,, Craft-repair,, White,,,,,,
30.977275848388672,,, Some-college,,,,, White,,,,,,
, Private,183999.4375, Bachelors,,,,,,,,,,,
33.26953125,,185610.609375,,8.223031997680664,,,,,,,,, United-States, <=50K
38.088844299316406,,,,, Married-civ-spouse,,,,,,,,,
,,,,, Never-married,,,,,48.32373046875,,38.134552001953125, United-States,
,,204518.484375,,, Never-married,,,,,,6.1321563720703125,37.31523513793945,,
,,, HS-grad,, Married-civ-spouse,,, White,,,,, United-States,
43.252254486083984,,,,,, Prof-specialty,,,,,,,,
, Private,,,,,,, White,,,,,, >50K
,,,,,,,,,,2189.740234375,,,,
, Private,,,, Married-civ-spouse, Craft-repair, Own-child,, Female,,,51.61851501464844,,
,,, HS-grad,,,, Husband,, Male,,,, United-States,
,,175468.828125,,,,,, White,,,,,, <=50K
28.65101432800293, Private,,,,,,,, Male,,22.572357177734375,, United-States,
, Private,,,9.734918594360352,,,,,,,,,,
36.413448333740234,,192780.5,,,,,,,,,,,,
,,,,,, Craft-repair,,,,,,, United-States,
,,,,,,,,,,,-63.98655700683594,35.84524917602539, Mexico, <=50K
,,,,,,,,,,-1301.5589599609375,,,, <=50K
,,,,,,,,,,,,,, <=50K
41.65193176269531,,,,,,,, White,,3438.04541015625,,, United-States,
,,, HS-grad,,,,,,,,,,, <=50K
39.1389045715332,,189324.625,,10.145493507385254,,, Not-in-family,,,,72.43850708007812,,,
,,,,,,,,,,-70.794921875,,,,
,,,,10.997492790222168,, Sales, Not-in-family, White,,,,,,
,,,,,,,,,,,,,, <=50K
,,,,,, Adm-clerical,,,,-131.6446533203125,,38.31626892089844,,
,,,,,,,,,,,-32.41059112548828,,, <=50K
,,,,,,,,,,,,, United-States,
31.696773529052734,,,,10.93875789642334, Never-married,, Not-in-family,,,,,,,
,,,,,,,, White,,-618.80810546875,,,,
,,,,,,,,,,,,39.1755256652832,,
,,,,,,, Not-in-family,,,,,, United-States,
,,, HS-grad,,,,,,,,,,,
33.81434631347656, Private,,,10.263497352600098,, Adm-clerical,, White,,,,,,
35.915122985839844, Private,,,,,,,,,-145.780029296875,,41.086570739746094,,
,,,,,,,, White,,,,,,
, Private,,,,, Craft-repair,,, Female,,,,,
36.62666702270508,,,,,,,,, Female,-3619.015625,,42.294986724853516,, <=50K
,,181346.046875,,,,,,, Male,864.40625,,,,
31.40007972717285,,,,,, Adm-clerical,,,,,50.130550384521484,,,
36.10841751098633,,,,,,,, White,,,,34.76569747924805,, <=50K
,,, HS-grad,,, Adm-clerical,, White,,-328.9549560546875,29.418201446533203,, United-States,
,,,,9.167367935180664,,,,, Male,,88.02568054199219,45.548805236816406,,
, Private,,,,,,,,,,,, United-States,
,,, HS-grad,,,,,,,-3181.5986328125,,,, <=50K
,,,,11.003207206726074,, Adm-clerical,, White,,,,,,
,,,,,,,,, Male,,29.871150970458984,42.58278274536133,,
28.49152374267578,,188778.75,,,,,,,,,,, United-States,
,,,,10.610441207885742, Married-civ-spouse,,,,,1995.7042236328125,,42.96106719970703,,
43.36189270019531,,,,,,,,,,,,,,
,,,,,,,, White, Male,,,, United-States,
36.442691802978516,,, HS-grad,,,,,,,,,,,
,,,,,, Craft-repair,,,,,,,,
,,,,,,,,, Male,,64.98771667480469,,,
, Private,,,,,,,,,,-46.214141845703125,,, <=50K
40.0081787109375,,,,,,, Not-in-family,,,,,,,
,,,,,,,,,,296.57147216796875,,, United-States,
44.49151611328125, Private,192982.5,,,, Prof-specialty,,,,,,,,
,,183090.09375,,, Never-married, Prof-specialty,,,,,,,, <=50K
37.280723571777344, Private,,,,, Prof-specialty,, White,,,,,,
,,, HS-grad,,,,, White, Male,3155.45654296875,,,,
32.708282470703125,,,,,,,,,,,,41.102333068847656,,
,,,,,, Craft-repair, Husband, White,,189.1009521484375,,,,
41.6972541809082,,,,10.50925350189209,,, Husband, White, Male,,,,,
,,,,10.215609550476074,,,,,,,,42.83802032470703,,
,,,,, Married-civ-spouse,,,,,,72.36952209472656,,,
,,190378.234375,,13.112109184265137,, Exec-managerial,,,,,,, United-States,
,,,,,,, Husband,, Male,772.695068359375,79.67042541503906,,,
40.63011169433594,,,,8.570382118225098,, Other-service,,,,,-39.98076629638672,,, <=50K
,,,,,,,,,,,,,,
, Private,,,,,,,,,,,,,
,,,,,,,,, Male,,,,,
, Private,,,,, Other-service, Unmarried,,,,-71.16781616210938,35.806129455566406,, <=50K
,,,,,,, Own-child,,,,,36.77553176879883,, <=50K
,,,,,,, Husband,,,486.074462890625,,,,
,,,,, Never-married,,,,,-134.5352783203125,,,,
,,, HS-grad,,, Craft-repair,,,,,61.92127227783203,,,
, Private,,,10.434487342834473,,,, White,,,203.2100830078125,, United-States,
,,,,,,,, White,,,,36.50400924682617,,
,,,,,,,,,,,74.82506561279297,,,
,,,,,,,,,,,,,, <=50K
, Private,, HS-grad,8.851263999938965,,,,,,,,39.86302185058594,,
, Private,,,,,,,,,-325.3997802734375,,, United-States,
,,,,, Married-civ-spouse,,,,,,,, United-States,
,,,,,, Craft-repair,, White,,,,,,
,,208350.53125,,,,, Husband,, Male,,,,,
,,,,11.436518669128418, Married-civ-spouse,,, White,,-83.7677001953125,,,,
30.908504486083984,,,,, Married-civ-spouse, Sales,, White,,,,,,
,,, Bachelors,,,,,,,,,,, <=50K
,,,,12.210455894470215, Married-civ-spouse,,,,,,,, United-States,
36.33095169067383,,,,,,, Not-in-family,,,,,,, <=50K
,,, HS-grad,,,,,,,-648.32763671875,30.493213653564453,,,
,,,,,,,, White,,-4160.6416015625,,35.57270812988281,, <=50K
,,,,, Married-civ-spouse,,,,,,,44.60573196411133,,
,,, HS-grad,8.418824195861816,,,,, Male,,,,,
,,,,,,,,, Female,-1208.6993408203125,,,,
,,, Bachelors,, Never-married,, Not-in-family,,,,,,,
33.70519256591797,,193587.96875,,,,,,,,,,,,
,,190254.125,,, Divorced,,,,,,-68.06318664550781,39.74045181274414, United-States, <=50K
, Private,,,,,,,,,-311.08349609375,,,,
,,,,,,,, White,,,,41.90681076049805, United-States,
33.64418029785156,,,,,,,,,,15.608154296875,46.39353942871094,,,
,,,,,,,,,,,,, United-States,
40.56477355957031,,,,,,,, White,,,,,,
, Private,, HS-grad,7.949407577514648,,,,, Male,122.59814453125,,,,
,,,,9.78176498413086,,, Own-child,,,,40.84811019897461,, United-States,
, Private,,,,,,, White,,,,,, <=50K
,,183092.3125,,, Married-civ-spouse, Craft-repair,,,,,,, United-States,
31.658557891845703,,,,8.34266471862793,,,,,,,50.68088912963867,,,
29.800235748291016,,, HS-grad,, Married-civ-spouse, Craft-repair,,,,,,,,
,,188857.25,,,,,,,,,,,,
, Self-emp-not-inc,, HS-grad,,,,,,,,,,,
, Private,,,,,,,,,,,, United-States,
,,,,,,,,,,,,,,
, Private,190271.359375,,, Never-married,, Not-in-family,,,,54.363521575927734,, United-States,
, Private,, Some-college,8.973894119262695,,,, White,,,,,,
,,, Some-college,11.663737297058105,, ?, Own-child,,,,,,,
38.41447830200195, Private,,,,,,,,,,,41.513267517089844, United-States,
,,,,10.95169734954834,, Adm-clerical, Own-child,,,,,,,
36.80934524536133,,,,,,, Not-in-family,,,,52.52956008911133,,,
,,179179.46875,,,,,,,,,-77.78366088867188,,, <=50K
, Private,,,8.804947853088379, Married-civ-spouse,,,, Male,,,,,
,,,,,,,,,,,,,,
, Private,213140.453125,,,,,, White, Male,,,,,
, Private,,,9.145790100097656,,, Husband,,,,,,,
36.38536834716797,,,,7.753661155700684,,, Husband,, Female,,,,, >50K
,,, HS-grad,,,,,,,50.5386962890625,,, United-States,
, Private,,,,,,, White,,213.32684326171875,,, United-States,
,,,,,,,, White,,,,,,
44.911956787109375,,210379.921875,,,, Craft-repair,,,,,59.754638671875,, United-States,
,,,,,,,,,,,,35.15060806274414,, <=50K
, Private,187551.5,,,,,, White,,,-43.88847351074219,,, <=50K
42.27164077758789,,,,,,,,,,,,,,
,,,,,, Craft-repair,,,,,206.46524047851562,,,
,,,,,, Adm-clerical,, White,,,-46.186248779296875,,, <=50K
,,,,, Married-civ-spouse,,,,,,,,,
,,,,,, Prof-specialty,,,,,-6.151268005371094,, United-States, >50K
,,,,,,,,,,,,38.37706756591797,, <=50K
33.86918258666992, Private,187488.359375, HS-grad,,, Craft-repair,,,,,,,,
38.650787353515625,,,,9.500968933105469,,, Husband,, Male,1222.4842529296875,,47.48894119262695,,
,,,,,,,,,,,,,,
, Private,202131.28125,,, Never-married,,,,,,,,, <=50K
,,,,8.4854736328125,,, Husband,, Female,,,,, <=50K
,,,,9.506174087524414,,,,,,,,,,
,,,,6.478735446929932,,,,,,-3143.72900390625,,, United-States, <=50K
,,,,,,,,,,,,, United-States,
,,,,11.962692260742188,,,,,,,,47.24541473388672,,
, Private,, Bachelors,,,, Husband,, Female,,80.14554595947266,,,
,,193031.21875,,,, Other-service,,,,,-65.77073669433594,, United-States, <=50K
,,,,9.448250770568848,,,,, Male,,,,,
41.57062530517578,,,,10.861629486083984,,,, White,,,,,,
,,,,, Married-civ-spouse,,,,,,,44.09523391723633,,
,,,,,,,, White, Male,,,, United-States,
,,,,,, Craft-repair,,,,,,,, >50K
,,,,,,, Husband,, Male,,,54.30901336669922,,
,,,,11.507294654846191,,, Husband,,,,213.657958984375,, United-States,
, Private,,,10.120649337768555, Married-civ-spouse,,,,,921.189453125,,,,
,,195685.46875,,,,, Husband,,,,,,,
,,199464.71875, Bachelors,,, Craft-repair,,, Female,314.02655029296875,,, United-States,
,,,,10.153435707092285,,, Husband,, Male,,,,,
,,,,, Married-civ-spouse, Craft-repair,, White,,,71.97679138183594,,,
35.37323760986328,,, Bachelors,,,,,,,,,,,
, Private,,,,,,,,,,,,,
,,193650.21875,,,,,,,,230.76092529296875,,,,
,,,,,,,, White,,5613.1064453125,,,,
,,, 5th-6th,,,,,,,,-8.526336669921875,35.455013275146484,,
,,173731.28125,,,,,,,,,,37.89214324951172,,
,,, Bachelors,,,, Not-in-family,,,,-33.876861572265625,,, >50K
,,,,,, Adm-clerical,,,,,,39.4856071472168,,
,,, HS-grad,, Married-civ-spouse,, Not-in-family,,,,,43.098819732666016, United-States,
,,,,, Never-married, Prof-specialty,,,,,-29.613609313964844,,, <=50K
,,,,,,, Husband,,,,,41.16455078125,,
,,,,9.8804931640625,,,,,,712.8624267578125,88.3439712524414,,,
,,,,,,,,,,,,,,
,,,,,,, Not-in-family,,,,,, United-States,
, Private,, HS-grad,,,,,, Male,,78.28178405761719,,,
,,,,,,,,,,,,,,
, Private,,,,, Adm-clerical, Not-in-family,,,694.5400390625,74.18897247314453,,,
, Private,,,,,,,,,,,43.00528335571289,,
,,, Prof-school,, Widowed,,,,,,,,, >50K
38.456363677978516, Private,,,,,, Husband, White, Male,,,,,
32.69593811035156,,,,,, Prof-specialty,,,,4268.2607421875,,,,
31.71527671813965, Private,,,,,,, White,,,,38.283538818359375, United-States,
, Private,187655.875,,,,,,,,,,,,
,,177772.96875, Bachelors,,,,,,,,,,,
, Private,,,9.446335792541504,,,,,,,,,,
,,,,,,, Own-child,,,60.52752685546875,,,,
,,197840.828125,,,,,,,,,216.8415985107422,, United-States,
,,,,,, Prof-specialty,,,,5515.6689453125,,,,
,,,,,,,,,,,-88.402099609375,,, <=50K
,,, 10th,,,, Own-child,,,,,,, <=50K
37.717281341552734,,,,,,,,,,-9.065185546875,55.67912673950195,,,
36.78511047363281,,,,,,,, White,,,86.71803283691406,,,
, Private,,,,, Other-service,,,,-104.4390869140625,,,,
, Private,197458.515625, HS-grad,,,,,,,,,44.91045379638672,,
44.21421813964844,,, HS-grad,,,, Husband, White,,-423.3369140625,,41.98965835571289, United-States,
,,178106.78125,,,, Prof-specialty,, White,,,,49.088531494140625,,
,,,,,,,,,,,,, United-States,
,,193799.4375,,,, Craft-repair,,, Male,,,53.4416618347168,,
,,,,,,,,,,,,, United-States, <=50K
,,204424.65625,,7.215023040771484,,, Husband,, Male,-3628.9853515625,,41.9913330078125,, <=50K
,,,,,, Craft-repair,,, Female,,,45.65991973876953,, >50K
, Private,, HS-grad,,,,,,,,45.85954284667969,,,
37.1179084777832,,182264.53125,,,,,,,,,,,,
,,,,,,,,,,,43.39732360839844,,,
,,,,,,,,,,,,,, <=50K
,,, Some-college,10.653462409973145,,,, White, Female,,,, United-States,
,,,,9.505005836486816,,,,,,335.04302978515625,,,,
, Private,192551.03125,,,, Other-service,,,,,,,,
,,187644.03125,,,,, Unmarried, White,,-85.515380859375,,,,
34.52116394042969,,, Bachelors,,,, Not-in-family,,,,,,, <=50K
42.67670440673828,,,,9.754578590393066,, ?, Not-in-family,,,,,,, >50K
46.92454147338867,,,,,,, Not-in-family,,,,,,,
42.4177131652832,,,,11.18266773223877,,,,, Male,4150.2900390625,,,,
,,,,,,, Husband,,,,,,,
,,179278.34375,,,,,,,,,,,,
,,,,,, Exec-managerial,,,,4256.265625,,,,
,,,,,, Craft-repair,, White,,,,,,
, Private,, Some-college,,,,, White,,,32.121795654296875,, United-States,
,,, Bachelors,,,, Not-in-family,,,-2418.80078125,,,, >50K
, Private,,,,,,,,,,,,,
,,, Some-college,9.047005653381348,,,,, Male,,51.20069122314453,,,
43.13063430786133,,,,,, Prof-specialty, Not-in-family,,,,109.61572265625,,,
,,191867.84375,,,,,,,,3338.1943359375,,43.324546813964844,,
,,, HS-grad,8.605680465698242,,,, White,,,-57.41325378417969,, United-States, <=50K
,,,,,,, Own-child, White,,,,, United-States,
,,, Some-college,,,,,,,79.48162841796875,,,,
,,,,,,,, White,,,,,,
,,,,10.129953384399414, Married-civ-spouse,,,,,784.70654296875,,42.65948486328125,,
,,,,,,,,,,,,,,
, Private,,,,,,, White,,,,,,
, Private,,,,, Priv-house-serv, Unmarried, White,,-3981.23388671875,-76.94401550292969,,, <=50K
,,,,10.696793556213379,,,,,,1174.9931640625,,,,
,,,,, Married-civ-spouse,,, White,,,61.027671813964844,42.76546096801758,,
, Private,, Doctorate,,,,, White,,,,,,
31.46082305908203, Private,, HS-grad,, Divorced,, Not-in-family,,,,,,,
, Private,,,,,,,,,,-19.135528564453125,,, >50K
,,,,,,,,, Male,,,,,
, Private,199431.40625,,,,,,,,,,, United-States,
,,,,,,,,,,,,,,
,,,,,,,, White,,,,,,
,,,,,,, Own-child,,,,,,, <=50K
,,,,,,, Husband,, Male,,,, United-States,
33.88108825683594,,, Some-college,9.76524829864502,,,,,,36.8310546875,,,,
, Private,188918.71875,,, Married-civ-spouse,,,,,,,46.34785461425781,,
,,191810.4375,,,, Craft-repair,, White, Male,,,,,
,,,,,, Exec-managerial,,,,,240.85714721679688,, United-States,
, Private,,,,,,, White,,,,39.067081451416016,,
41.91487503051758,,189719.125, HS-grad,,,, Husband,,,,,,,
,,,,,, Prof-specialty,,,,,,,,
,,,,,,, Not-in-family,,,-1283.1202392578125,,,,
42.8875617980957,,, Bachelors,,,,,,,,135.76409912109375,,,
42.526084899902344,,,,,,, Husband, White,,,73.11933135986328,,,
, Private,198835.96875,,, Married-civ-spouse,,, White,,,,,,
23.13011932373047,,,,8.791948318481445, Married-civ-spouse,,,,,,,, United-States,
,,,,10.095968246459961,, Craft-repair,, White,,,,, United-States,
,,,,,,,,,,,,42.420257568359375,,
,,,,, Never-married,,,,,,-67.10585021972656,,, <=50K
,,,,,,, Husband,,,,,,,
,,, HS-grad,12.366023063659668,, Exec-managerial, Husband, White,,,,,,
, Private,, Bachelors,,, Exec-managerial,,,,3768.33203125,196.37460327148438,,,
, Private,,,,,,,,,,,,,
35.93352127075195,,, Bachelors,, Married-civ-spouse,,,,,,,,,
,,,,7.20436954498291,,,,,,,,28.967918395996094,, <=50K
, Private,,,8.075971603393555,,,,, Male,,,,,
,,,,,,, Own-child,,,,,,, <=50K
,,, Some-college,,,,, White,,,,,,
,,,,8.930770874023438,,,,,,,,,, <=50K
,,,,7.9159650802612305,,,,,,,,,,
,,,,,,, Husband,, Male,,,, United-States,
,,173913.484375, HS-grad,9.292305946350098, Married-civ-spouse,,,,,,56.025299072265625,,,
27.363189697265625, Private,,,, Married-civ-spouse,,,,,-186.0491943359375,,,,
,,,,,,, Own-child,,,,,,,
,,,,,,,,,,,,,,
,,189196.671875, Bachelors,,,, Not-in-family,,,,,,,
, Private,, HS-grad,7.560861587524414,,, Husband, White, Female,,,,, <=50K
,,, HS-grad,,,,, White, Female,-401.355712890625,,,,
,,,,9.331705093383789,,,,, Male,,88.06558990478516,, United-States,
,,,,,,,,,,,,,,
,,182989.09375,,,,, Husband,, Male,,,47.19365310668945,,
,,212572.109375,,10.023076057434082, Never-married,,,,,-94.7071533203125,,,,
,,, Bachelors,,,,, White, Male,,-22.74073028564453,,, >50K
32.12954330444336, Private,,,,,,,, Male,,,47.516056060791016,,
,,,,,,,,,,,,, United-States,
,,,,,,, Not-in-family,,,511.2239990234375,,,,
,,,,,, Exec-managerial,,,,,,,,
,,183374.578125,,10.116415023803711,,, Husband, White,,,,43.674861907958984, United-States,
,,,,,,, Husband, White, Female,,,, United-States, >50K
,,,,,,,,,,95.517333984375,,, United-States,
,,,,10.60893440246582,, Craft-repair, Husband,, Male,158.1798095703125,,, United-States,
,,,,8.438880920410156,,,,,,,,,,
,,,,, Never-married,,,,,-108.7178955078125,,,,
37.66984939575195,,,,, Married-civ-spouse,, Not-in-family,,,,,,,
,,, Bachelors,,,, Not-in-family, Asian-Pac-Islander,,,,,,
,,,,,,,, White,,-1258.4305419921875,,,,
,,,,,,,,,,,73.47286987304688,,,
43.083614349365234,,,,,,,,,,,68.274658203125,,,
,,, HS-grad,,, Craft-repair,,,,,72.89396667480469,,,
33.2644157409668,,,,, Married-civ-spouse,, Husband,, Male,,,49.66251754760742, United-States,
, Private,,,,,,,,,-3600.12109375,,,, <=50K
, Private,,,,,,,,,,-37.786781311035156,,, <=50K
,,,,, Married-civ-spouse,,,,,,,,,
47.089195251464844,,,,,,, Husband, White,,231.17572021484375,,,,
,,,,,,,, White,,3958.17724609375,,,,
40.232398986816406,,,,,,,,, Male,662.8740234375,,,,
,,,,10.2496337890625, Married-civ-spouse,,, White, Male,,80.83233642578125,,,
,,,,,,, Own-child,,,,,,,
,,, HS-grad,,,,,,,,-61.87164306640625,,, <=50K
,,,,,,, Husband,, Female,-2745.50927734375,,,, >50K
40.987430572509766,,191047.96875, Bachelors,,,,,, Male,,218.17539978027344,,,
33.360286712646484,,,,10.804937362670898, Married-civ-spouse,, Not-in-family, White,,,,, United-States,
36.613494873046875,,,,,,,, White,,,,,,
31.493404388427734,,, HS-grad,,,,,, Female,,,,,
,,189654.328125, Some-college,,,,,, Male,,83.69596862792969,,,
,,, HS-grad,10.02852725982666,,,,, Male,,,,,
,,,,,,, Not-in-family,,,,,,, <=50K
25.132347106933594,,,,, Married-civ-spouse,,,,,,,,,
,,, 5th-6th,,,, Other-relative,,,,,36.43623352050781,, <=50K
,,, HS-grad,,,,,, Male,,,48.12872314453125,,
,,,,9.393502235412598,,, Husband, White,,,,,,
, Private,, HS-grad,,,,,, Male,-250.246826171875,,,,
, Private,,,,,,, White, Male,,,,,
, Private,, Bachelors,,,,,,,-2436.7080078125,,,,
35.21497344970703,,,,,,,, White,,,,,,
,,,,,,,, White,,,-56.146575927734375,,, <=50K
39.188961029052734,,,,,,,,,,,91.78912353515625,48.47356033325195,,
24.720783233642578,,,,,, Other-service,,,,,,37.726905822753906, United-States, <=50K
,,,,,,,,,,,,,,
,,168756.375,,,,, Not-in-family,,,,,38.717491149902344,,
37.70108413696289, Private,,,,, Machine-op-inspct,,,,,,,,
,,,,8.552817344665527,, Other-service,,,,,,39.533260345458984,, <=50K
,,,,8.795398712158203,,,,,,222.35986328125,,, United-States,
,,,,, Never-married,,,,,,,, United-States,
25.23575210571289,,185287.34375, HS-grad,, Never-married,,,,,,,,, <=50K
,,,,, Divorced,,,,,,28.705020904541016,,,
,,, HS-grad,,,,,, Male,,,, United-States,
33.91108322143555,,,,, Married-civ-spouse, Prof-specialty,,,,29.9320068359375,,,,
31.35112762451172, Private,189414.015625,,,,,, White,,,,33.47013854980469,,
26.354703903198242,,,,, Married-civ-spouse,,,,,70.598388671875,,,,
44.56216812133789,,,,,, Prof-specialty, Husband, White, Male,1560.6123046875,,51.91101837158203,,
41.38149642944336,,,,,,,,,,954.0908813476562,,,,
,,,,,,,, White, Male,,,,,
,,,,,,,, White,,,-41.743499755859375,,, <=50K
,,,,,,,,,,442.903564453125,,,,
,,,,,,,,, Male,,212.95497131347656,52.08009719848633,,
, Private,,,,,,,, Male,,108.8368148803711,48.49760437011719, United-States,
24.60892105102539,,, HS-grad,, Married-civ-spouse,,,,,,,, United-States,
,,,,,,,,,,,,,,
47.62142562866211,,,,,,,, White,,,,,,
,,,,, Married-civ-spouse,, Husband, White, Male,,,47.42448425292969, United-States,
, Private,,,,, Prof-specialty, Not-in-family,,,,,, United-States, >50K
, Private,178735.96875,,,,, Not-in-family,,,,109.19702911376953,, United-States,
,,, HS-grad,,,, Husband, White,,,,, United-States,
,,168278.796875,,9.403449058532715,, Adm-clerical,,,,,,,,
, Private,,,,,,,,,795.9800415039062,,,,
43.71895217895508,,,,11.868736267089844,, Craft-repair,,,,,,,,
38.29446029663086, Private,, Some-college,10.366488456726074,, Adm-clerical,,,,,,,,
,,,,,,, Husband,, Male,,,,,
34.61993408203125,,,,,,,,,,-291.2509765625,,, United-States,
,,185670.28125,,,, Prof-specialty,,,,,,,,
, Private,,,, Married-civ-spouse,, Not-in-family,,,,,, United-States,
,,,,9.383660316467285,,,,, Female,,,,,
,,,,,,, Husband, White,,,,,,
,,,,, Never-married,, Own-child, White, Female,,,,, <=50K
32.08121109008789,,189216.96875,,,,,,,,,,,, <=50K
, Private,185375.375,,,,,,, Female,-2828.1865234375,-34.43952941894531,,, >50K
,,,,,,,,,,820.74853515625,,,,
40.7186393737793,,,,,, Exec-managerial,,,,,,,,
,,, Some-college,, Married-civ-spouse, Craft-repair,,, Female,,,,,
,,,,,,,,,,,,,,
,,206998.796875, HS-grad,,, Handlers-cleaners,,,,,,,,
,,, 7th-8th,,,, Husband,,,,,,,
,,,,,, Craft-repair,,, Male,763.1507568359375,,48.720760345458984,,
,,, Bachelors,,,,,,,197.8782958984375,,,,
33.64636993408203,,,,9.786938667297363,, Craft-repair,,, Female,,,,,
,,, Some-college,9.13405704498291, Never-married, Other-service,,,,,,,, <=50K
,,,,8.981857299804688,,,,,,,,,,
36.230918884277344,,,,,,,, White,,,,, United-States, >50K
,,198573.609375,,, Never-married,,,,,,-78.78996276855469,,, <=50K
45.614994049072266,,,,,,,,,,,,, United-States,
40.127960205078125,,,,,,,,, Female,,,,,
,,,,,,,, White,,,,,,
,,,,,,,,,,4118.7958984375,,,,
,,184848.890625, Bachelors,, Married-civ-spouse,, Husband,, Male,4206.212890625,221.51852416992188,,,
,,,,,,,,,,5412.67626953125,,,,
,,, 11th,,,, Own-child,,,,,,, <=50K
,,,,9.892745018005371,,, Not-in-family, White,,,,,,
,,, HS-grad,, Married-civ-spouse,,, White, Male,,,,,
,,, Some-college,,, Adm-clerical,,,,,,,,
38.28587341308594,,,,,, Craft-repair,,,,136.84564208984375,,, United-States,
,,,,,,,,,,,,, United-States,
,,, 7th-8th,, Married-civ-spouse,,,,,,,,,
32.48883819580078,,,,,,,,,,,,, United-States,
,,,,8.637065887451172,,,,,,,-61.19999694824219,,, <=50K
,,, Bachelors,,, Prof-specialty, Husband,, Female,,,,, >50K
,,,,,, Protective-serv,,, Female,,,, United-States,
, Private,199986.859375,,,,,,,,,,, United-States,
28.43796730041504,,,,, Never-married,, Not-in-family, White,,,,,, <=50K
,,,,,,,,,,,,,,
25.714462280273438,,186286.796875,,9.076445579528809, Never-married, Other-service,,,,-2655.779296875,,,, <=50K
, Private,,,,,,, White,,,,,,
, Private,,,, Never-married, Adm-clerical,,,,1140.4869384765625,65.8014907836914,,,
,,,,,,,,,,,,, United-States,
, Private,193758.546875,,9.418505668640137,,, Not-in-family,,,215.332275390625,67.59758758544922,, United-States,
, Private,,,,,,,,,,51.80803298950195,, United-States,
,,,,,,,,,,-213.796875,49.9280891418457,, United-States,
36.577266693115234, Private,,,9.868171691894531,, Craft-repair,,,,,64.754150390625,,,
,,,,8.997697830200195,,, Unmarried,,,,,,,
,,,,,, Prof-specialty,,,,,,,, >50K
,,,,,,,,,,633.87646484375,74.88385772705078,,,
43.34088897705078,,,,,,,,,,,,,,
,,, HS-grad,,,, Not-in-family,,,-3509.7265625,,,, <=50K
,,, HS-grad,, Married-civ-spouse,,,,,,28.32431411743164,,,
,,,,,,,, White,,,,42.48310852050781,,
42.28373718261719,,,,,,,,,,,,45.42496109008789,,
,,, HS-grad,10.070143699645996,, Adm-clerical,,,,,,36.82822036743164, United-States,
,,,,,, ?,,,,144.88140869140625,48.81996536254883,,,
39.9873161315918,,,,,,,,,,,,,,
,,165076.109375, HS-grad,, Widowed,, Unmarried,,,,,,, <=50K
,,181244.703125,,,,, Not-in-family,,,,67.41299438476562,, United-States,
,,,,,, ?,,,,,,,, >50K
,,,,,,, Not-in-family,,,-7.9542236328125,,,,
,,,,,,, Husband,, Male,,,,,
, Private,,,,,,,,,1350.0634765625,104.0103759765625,43.08094787597656,,
37.5060920715332, Private,,,,,,,,,,,38.937721252441406,,
, Private,,,,,,, White, Male,3267.884765625,,,,
, Private,,,,,,,,,,,, United-States, >50K
,,,,,,,, White, Male,,,,,
, Private,,,, Married-civ-spouse,,,,,,,,,
, Private,,,,,,,,,,,,,
,,,,,,,,,,,,, United-States,
,,,,, Never-married,,,,,,,,,
30.541610717773438, Private,192680.21875,,, Never-married,,,,,,,,,
,,, Bachelors,,,,,,,,,,,
37.466896057128906, Private,,,,,,,, Male,,,, United-States,
, Private,,,,,,, White, Male,3865.8447265625,221.14097595214844,,,
37.3773078918457,,198989.25,,,,,,, Male,-195.2706298828125,59.81728744506836,,,
,,, Bachelors,, Married-civ-spouse,,,, Male,4634.36279296875,,, United-States,
,,204718.0625,,11.954202651977539,, Craft-repair,,,,,,47.4162483215332, United-States,
, Private,,,10.69775390625,, Craft-repair, Not-in-family, White,,,,,,
31.59389305114746,,,,, Married-civ-spouse,,,,,,,,,
,,,,9.47237777709961, Never-married,,,,,,,,, <=50K
,,,,,,, Own-child,,,,,, United-States,
,,,,,,, Not-in-family,,,,124.37744903564453,,,
,,185669.875,,,, ?,,,,,-84.47981262207031,,, <=50K
,,180370.421875,,,, Adm-clerical, Unmarried,,,,,,, <=50K
,,,,, Married-civ-spouse,, Not-in-family,, Female,-1386.4527587890625,,,, >50K
,,, Bachelors,,,,, White,,,192.10833740234375,45.84518051147461,,
,,, Bachelors,,, Craft-repair,,, Female,,,46.05935287475586,, >50K
,,,,,, Other-service, Not-in-family,,,,,,,
29.68383026123047,,,,, Married-civ-spouse,,,, Male,,,,,
,,,,9.555959701538086,,,,,,,,35.22036361694336,,
,,,,7.878661155700684,,,,, Female,,,44.48426055908203,, <=50K
,,,,9.324820518493652,,,,,,,,,,
,,,,, Divorced,,,,,,,,, <=50K
,,208375.125,,,,,,,,,18.62836456298828,,,
,,,,, Married-civ-spouse,,,, Male,,,,,
,,,,, Never-married,, Own-child,,,,15.750717163085938,,,
,,,,,,,,,,,59.17945098876953,, United-States,
,,,,, Never-married,,,,,,,,, <=50K
27.91668701171875,,, HS-grad,9.551803588867188, Married-civ-spouse,,,,,-40.9266357421875,,,,
,,187316.5,,,,, Husband,,,,,,,
,,,,,, Prof-specialty,,, Female,,,,,
,,,,,,,,,,,,,,
,,184884.484375,,, Married-civ-spouse,,,,,4349.72705078125,,, United-States,
,,,,8.78414535522461,,,,, Female,560.58935546875,,,,
, Private,,,, Married-civ-spouse,,, White,,,,,,
, Private,166593.453125,,,,, Not-in-family,,,,,38.30402755737305,, >50K
47.19701385498047, Private,204609.21875,,,,, Husband, White, Male,,,, United-States,
19.38995933532715,,,,, Divorced,,,,,,-101.34245300292969,,, <=50K
, Private,,,,,,,,,3863.01513671875,,, United-States,
,,, HS-grad,,,,,,,,,,,
,,,,, Never-married,,,,,-88.372802734375,,42.72077941894531,,
,,,,,, Craft-repair,,,,,,,, <=50K
,,,,,,, Husband,,,,,,,
44.26447677612305,,, Bachelors,,,,,,,,,,,
,,,,,,,,,,,,,,
, Private,, HS-grad,9.35782241821289, Married-civ-spouse,,,, Male,,,,,
,,172975.703125, Some-college,10.76708698272705,,,,,,632.7618408203125,,,,
27.77056121826172,,,,10.404855728149414, Never-married,,, White,,,,,,
,,,,,,,,,,,,,,
,,,,,,,,,,,178.63217163085938,,,
38.30333709716797,,,,, Married-civ-spouse,,,,,,,,,
,,,,,,, Husband,,,,,, United-States,
34.451820373535156,,,,,,,,,,,,37.7984504699707,, <=50K
,,207097.0625, Some-college,,,,,, Female,,,,,
29.200349807739258,,,,, Married-civ-spouse,,, White,,1511.813232421875,101.95382690429688,,,
40.11018371582031,,,,,,,,,,311.51959228515625,62.920860290527344,, United-States,
40.95119857788086,,,,,,, Husband,,,,,44.64069747924805,,
, Private,,,,,,,,,4379.2939453125,,,,
26.721050262451172,,,,10.2118558883667, Divorced,,,,,,,, United-States,
, Private,,,8.690023422241211, Divorced,,,,,-2486.1298828125,,,, <=50K
,,,,,,,,,,,,,,
30.621143341064453,,,,, Married-civ-spouse,,,,,,50.359291076660156,41.74940490722656, United-States,
,,, Bachelors,,,,,,,,,, United-States, <=50K
, Private,,,,,,,,,-83.5653076171875,19.787742614746094,,,
,,,,,,,, White,,,79.25411987304688,,,
30.6351318359375,,179172.6875, HS-grad,,,, Unmarried,,,-3579.814453125,,,, <=50K
,,,,,,, Own-child,,,,,,,
, Private,, HS-grad,,,,,, Male,-208.174072265625,,, United-States,
,,174139.484375, Some-college,,,,,,,3895.83837890625,,46.88285827636719,,
, Private,, HS-grad,8.471029281616211,,,,,,,,,,
,,, HS-grad,,,, Not-in-family, White,,,-76.86354064941406,33.395973205566406, United-States, <=50K
,,,,,,,,,,,,,,
,,,,, Married-civ-spouse,,,, Female,393.64703369140625,54.56586837768555,, United-States,
, Private,,,,,,,,,,,,,
, Private,,,,, Craft-repair,,, Female,,,,,
,,,,, Married-civ-spouse, Prof-specialty,,, Female,838.3846435546875,75.77843475341797,,,
39.81867218017578,,190359.234375,,,, Craft-repair,,,,,76.95545959472656,,,
,,,,,, Craft-repair, Husband,,,31.10693359375,64.80191802978516,,,
, Private,, Bachelors,,,,,,,,,,,
,,,,6.660593509674072,,,,, Male,-3053.828125,-49.03550720214844,40.5555534362793,, >50K
,,,,10.19671630859375,, Craft-repair,,,,818.1030883789062,,,,
,,,,,,,,,,4101.55126953125,,,,
,,, Bachelors,,,,,,,,,,, >50K
,,,,,,,,,,,,,, <=50K
,,, HS-grad,,,,,, Male,,,, United-States,
,,,,9.666302680969238,,, Own-child, White,,,66.7350845336914,,,
, Private,,,,, Other-service,,,,-3397.49365234375,,39.057926177978516, United-States, <=50K
,,,,, Married-civ-spouse,,,, Female,,,,,
,,, Bachelors,,,, Not-in-family, White,,,,,,
,,,,,,,, White, Male,,,, United-States,
, Self-emp-not-inc,,,,,,,, Male,,,, United-States,
,,,,, Never-married,,,, Female,-3453.974609375,-66.19981384277344,,, <=50K
,,,,, Never-married, Adm-clerical,,,,,,,,
,,205474.8125,,,,,, White,,,,,,
,,, HS-grad,,,,,,,,,, United-States,
33.54374694824219,,,,,,,,,,608.2393798828125,,35.98699951171875,,
26.94521713256836, Private,,,,,,,,,621.09814453125,,37.85325622558594,,
,,,,,,,, White,,-234.9378662109375,40.654117584228516,,,
37.869441986083984,,, HS-grad,,,,,,,,,,,
,,,,,,, Own-child,,,,,41.4410285949707,,
32.06363296508789,,,,,, Other-service,, White,,,,,, <=50K
,,,,,,,,,,,,,,
, Private,192640.6875, Bachelors,,,,,,,,,,,
,,,,,,,,,,,,,,
, Private,,,,,,, White,,-1166.6309814453125,40.164642333984375,,,
29.414030075073242,,,,10.056049346923828, Married-civ-spouse,,,, Female,,,, United-States,
30.040027618408203,,, Some-college,,,,,,,,27.67324447631836,, United-States,
37.63694381713867,,,,,,,,,,,,,,
, Private,,,,,,,,,,,,,
,,184497.078125, HS-grad,,,,,,,,,,,
, Private,197827.9375,,,,, Own-child,,,,-68.68038940429688,, United-States, <=50K
, Private,, Some-college,11.077008247375488,,,,,,,,45.471710205078125, United-States,
,,,,,,,,, Female,,,,, <=50K
, Private,,,,,,,,,,,,,
, Private,, Bachelors,,,,,,,89.01513671875,55.84463882446289,,,
, Private,207140.34375,,,,,, White,,-51.3250732421875,,,,
,,,,,,,, White,,-85.211669921875,,38.184539794921875,,
, Private,, HS-grad,,,,, White, Male,,,,, <=50K
, Private,,,,,,,,,,,38.53813171386719, United-States, <=50K
, Private,,,,,, Husband,,,442.4239501953125,76.84217834472656,,,
, Private,209863.875,,10.552688598632812,,,, White,,3309.43115234375,,42.68697738647461,,
36.439292907714844,,, Some-college,,,, Unmarried,,,,,,, <=50K
,,,,8.898892402648926,,,, White, Male,,,44.627010345458984,,
,,172853.046875, Bachelors,,,, Husband,,,,,,,
,,,,,,, Not-in-family,,,,,45.165992736816406, United-States,
33.727787017822266,,, Bachelors,, Married-civ-spouse, Exec-managerial,, White,,,,,,
,,,,,,, Husband,,,,,42.481788635253906,,
,,,,,,,,,,,,,,
31.884052276611328,,194046.46875,,, Married-civ-spouse,, Not-in-family,,,,,,,
,,,,,,,,,,,194.3460693359375,, United-States,
,,,,,,,, White,,4908.185546875,246.5955047607422,,,
32.11693572998047,,186327.40625,,,,,,,,,,,, <=50K
,,,,,,, Husband,,,,,,,
,,,,, Married-civ-spouse,,,, Female,,,46.901981353759766,,
,,,,, Married-civ-spouse,,,,,,,,,
,,,,, Never-married,,,,,,,,,
30.753570556640625,,, Some-college,8.687539100646973,,,,,,,,,,
,,,,, Married-civ-spouse,, Husband,, Male,246.99969482421875,,,,
37.28203582763672, Private,203464.578125,,,,,,,,,,,,
, Private,,,,,,,, Male,-76.953857421875,,,,
, Private,,,10.566937446594238, Never-married,, Not-in-family,,,,,,,
,,179367.25, Some-college,,,,,,,,,, United-States,
28.874088287353516,,, HS-grad,, Married-civ-spouse,, Not-in-family,, Female,,,, United-States, <=50K
, Private,198036.28125, HS-grad,,,,,,,,,35.00197982788086,, <=50K
, Private,,,,,,,,,,,, Mexico, <=50K
28.811954498291016,,, Some-college,10.14440631866455,, Craft-repair,,,,,,,,
,,181021.546875,,, Married-civ-spouse,, Not-in-family,,,,194.995361328125,44.05560302734375, United-States,
,,,,,,,,,,,,,,
39.55201721191406, Private,,,,,,, White,,,,,,
, Private,,,, Never-married,, Not-in-family,,,-1708.6563720703125,-3.8731155395507812,,, <=50K
38.44426727294922,,,,9.328798294067383,,,,,,,,, United-States,
,,,,, Never-married,, Not-in-family,,,,63.33660125732422,42.36138916015625,,
35.6973876953125,,,,,,, Not-in-family,,,,,,, <=50K
,,,,,,,,,,,,, United-States,
, Self-emp-not-inc,,,, Married-civ-spouse,,,, Female,2225.048828125,,,,
39.35103225708008,,,,,, Prof-specialty,, White,,,,,,
,,,,,,, Own-child,,,,,,,
,,,,,,,,,,,,,,
26.554828643798828,,,,, Never-married, Other-service,,,,,-57.241302490234375,,, <=50K
,,200483.375, HS-grad,, Married-civ-spouse,, Not-in-family, White,,,,44.885231018066406,,
,,, Some-college,,,,,,,,,46.412418365478516,,
, Private,,,,,,,, Male,617.9642333984375,,,,
, Private,, HS-grad,,, Priv-house-serv, Unmarried,,,,,,, <=50K
,,,,, Never-married, Prof-specialty,,,,,,,, <=50K
,,184694.859375,,,,,,,,,112.72452545166016,,,
,,205560.6875,,,,,,, Male,,,,,
25.127899169921875,,,,6.681908130645752,,,,,,,-80.61886596679688,,, <=50K
, Private,193730.703125,,,,,,,,,83.01301574707031,,,
35.22423553466797,,, HS-grad,,,, Not-in-family,,,,,, United-States,
,,193993.890625,,,,,,,,,,, United-States,
,,,,,,,,,,,,,, <=50K
,,, HS-grad,7.952315330505371,,, Husband,, Female,,,, United-States, >50K
,,, Some-college,9.653644561767578,, Other-service, Own-child,,,,,,, <=50K
,,232402.015625,,, Never-married,,, White,,,41.61679458618164,,,
,,,,,,,,,,,,,,
,,,,,,, Husband, White, Male,,102.5579605102539,,,
,,,,,,,,,,,,,, <=50K
,,, Some-college,,,,, White, Male,,-40.961883544921875,,, <=50K
,,,,, Never-married, Sales,,,,,,,,
35.39693832397461,,,,,,,, White, Female,21.7579345703125,,,,
,,,,,,, Husband,, Female,-1849.0382080078125,,,, >50K
29.30084800720215,,, HS-grad,,,,,,,,,36.58367919921875, United-States,
,,,,,,,,,,,,,,
,,164156.34375, Bachelors,,,,,,,,,,,
,,, Some-college,,,,,,,,63.333621978759766,, United-States,
,,,,,,,, White, Male,,,,,
,,,,, Widowed,,, White,,,,38.572757720947266,,
,,,,,,,,,,,,,,
,,,,,,,,,,-223.267578125,,,,
,,,,, Divorced,,, White,,,,, United-States,
,,, Bachelors,,,,,,,,,,, >50K
,,,,,,,,,,294.15606689453125,,,,
,,177520.859375,,,,,, White,,,,,,
37.032752990722656,,187944.296875,,,,, Not-in-family,,,,,,, <=50K
, Private,188987.15625,,8.649658203125,,,,,,,22.179244995117188,,,
,,,,,,,,,,,,33.236881256103516,, <=50K
46.52091979980469, Private,196866.03125,,11.738421440124512,,, Husband,,,,,48.098487854003906,,
,,,,,,,,,,,,, United-States,
,,,,,,,,, Male,,,45.35430145263672,,
,,, HS-grad,,,,,,,,,,,
,,,,,,,,,,,,, United-States,
,,, 11th,,,,,,,,,, United-States,
,,,,,,,,, Female,,,,,
,,,,11.597862243652344,,, Husband,,,,,47.57712936401367, United-States,
,,185425.96875,,11.793922424316406,,,, White,,,,47.064292907714844,,
42.99513244628906,,192463.890625, Some-college,13.699533462524414, Married-civ-spouse,,, White, Male,4093.5771484375,220.77285766601562,, United-States,
,,,,10.065835952758789,,,, White,,,,,,
,,,,10.605720520019531,,,,,,,,,,
42.94377517700195, Private,,,,, Craft-repair,, White,,,,,,
,,,,,, Prof-specialty, Husband,,,,106.23506927490234,,,
,,,,,,,,,,,,, United-States,
,,,,,,,,,,-2848.38623046875,,,, <=50K
36.26220703125,,191298.765625,,, Married-civ-spouse,,,,,,,,,
,,, HS-grad,,, Craft-repair, Husband,,,,,,,
, Private,,,,,,,,,,,,,
,,,,,, Craft-repair,,,,,,,,
, Private,,,,,,,,,-4.425537109375,,,,
,,, HS-grad,,,,,,,,,,,
29.904624938964844,,,,,,,,,,,,, United-States, <=50K
,,,,10.491439819335938, Married-civ-spouse,,,, Female,,,, United-States,
, Private,,,,,,,,,-3161.40966796875,,,, <=50K
, Private,,,,,,,,,,,,,
, Private,, HS-grad,,,,, White,,,45.84264373779297,,,
, Private,,,,,,,,,,198.57066345214844,, United-States,
28.709957122802734,,,,9.97389030456543,,,,,,,,, United-States,
,,,,10.333282470703125,,,,, Male,,,,,
,,, HS-grad,,,,,,,,,,,
38.21778106689453, Private,,,,,,,,,,,,,
40.86101150512695,,,,,,,,,,5250.453125,,, United-States,
,,,,,,,,,,106.96954345703125,,,,
, Private,,,,,,,,,,,,,
,,, HS-grad,,,,,,,-3461.53857421875,,29.719478607177734,, <=50K
,,,,8.3734130859375,,,,,,-2879.7177734375,,,, <=50K
,,, HS-grad,,,, Husband,,,,50.32037353515625,, United-States,
,,,,,,,, White,,275.7310791015625,,,,
,,,,, Never-married,,,,,,-89.30874633789062,35.66993713378906,, <=50K
,,,,,, Prof-specialty, Not-in-family,,,,,50.450706481933594, United-States,
, Private,,,,, Craft-repair, Husband,, Male,3347.98046875,,,,
,,, HS-grad,,,, Own-child,,,,,39.596893310546875,, <=50K
,,,,10.762866020202637,,,,,,,,43.45156478881836,,
30.68138313293457,,,,,,,,,,,34.884334564208984,,,
,,,,,,,, White,,-2709.9599609375,,33.37543869018555,, <=50K
,,,,,,, Own-child,,,,,,,
, Private,204167.71875,,, Married-civ-spouse,,, White, Male,,,50.28297424316406,,
,,, HS-grad,,,,, White,,,,,,
, Private,,,,,,,,,,,, United-States,
,,,,,,,,,,,,,,
,,, HS-grad,,,,, White,,,,,,
, Self-emp-not-inc,,,,,,,, Male,,,,,
,,,,,, Craft-repair, Husband,,,,,, United-States,
,,202424.859375,,, Never-married,,, White,,161.026611328125,,,,
28.1223201751709,,,,, Never-married,,, Asian-Pac-Islander,,,,,, <=50K
45.043949127197266,,,,,,,, White,,,,,,
,,,,,,,,, Male,,,, United-States,
,,,,, Married-civ-spouse,,,,,,-157.70138549804688,51.421443939208984,,
, Private,,,,,,, White,,,44.92810821533203,,,
,,, HS-grad,,,,,,,,,,,
,,, Bachelors,, Married-civ-spouse,, Not-in-family,,,4240.2822265625,211.6824493408203,,,
31.735631942749023,,,,8.933103561401367,,,,,,,,,,
,,,,, Married-civ-spouse,, Not-in-family, White,,,,45.553585052490234,,
26.5579776763916,,198975.515625,,, Married-civ-spouse,,,, Male,121.0482177734375,,,,
, Private,,,,, Craft-repair, Husband,,,,,,,
,,190733.546875,,,,,, White,,,186.2139892578125,, United-States,
, Private,,,, Divorced, Adm-clerical, Not-in-family,,,,,,,
,,,,,,,,,,,,,,
,,,,,,,,,,1007.0972900390625,,,,
,,,,, Married-civ-spouse, Craft-repair,,,,859.9555053710938,,,,
, Private,205824.0,,, Never-married,,,,,,,,,
,,, HS-grad,,,, Husband, White,,,,,,
40.723045349121094,,186018.453125,,,,,,, Male,,,,,
, Private,174931.640625, HS-grad,,, Craft-repair, Husband,,,,,, United-States, >50K
32.010887145996094,,,,,,,,,,,,,,
, Private,, Some-college,9.144457817077637,,,,,,-488.88134765625,14.473014831542969,33.44108581542969,,
,,,,,,,,,,,,,,
, Private,,,,,,,, Female,,,,, >50K
,,, Some-college,, Never-married,,,,,,,38.57692337036133,, <=50K
,,, Some-college,10.15466594696045,,,,,,,18.57062530517578,,,
25.401565551757812,,, HS-grad,, Married-civ-spouse,,,, Male,,,43.8150520324707,,
,,,,,,,,,,,,,,
,,199190.28125,,11.646343231201172, Married-civ-spouse,, Husband,, Male,,,52.71547317504883,,
,,,,,,,,,,-3788.49267578125,-78.68081665039062,,, <=50K
,,,,,, Prof-specialty, Husband,,,5198.06494140625,,,,
,,,,, Married-civ-spouse,,, White, Female,,86.2920913696289,,,
36.53065490722656,,,,,,,,,,,,,,
,,186432.40625, HS-grad,8.545106887817383,,, Own-child,,,-3775.1142578125,,, United-States, <=50K
,,, HS-grad,,,,,,,,,35.72664260864258,,
40.29743576049805,,, HS-grad,,, Craft-repair, Husband,, Male,,,,,
20.50724983215332, Private,, HS-grad,, Never-married,,,,,,,,, <=50K
33.25919723510742,,,,,,,,,,5217.55712890625,,,,
,,,,,,,,,,,,,,
38.851837158203125,,,,,,, Not-in-family,,,-98.7308349609375,,, United-States,
,,182966.34375, HS-grad,10.70907974243164,,,,,,,,,,
43.183773040771484,,208696.484375,,,,,,,,,,41.53521728515625, United-States,
,,,,,,,,, Male,1186.2015380859375,,, United-States,
,,197678.53125,,8.680575370788574,,,, White,,,,,, <=50K
,,179093.5625,,,,,,, Female,112.49212646484375,95.68444061279297,,,
,,, HS-grad,9.890523910522461,,, Husband,,,,,,,
,,,,, Married-civ-spouse, Exec-managerial,,,,,,48.19023132324219,,
40.523319244384766,,,,,,,, White,,-234.8668212890625,,, United-States,
, Private,,,8.046940803527832,,, Own-child, White,,,,,, <=50K
34.58144760131836,,188167.0,,,,,,,,-321.7071533203125,,,,
,,182375.5, HS-grad,8.004605293273926,,,,,,,,, United-States, <=50K
,,,,9.380788803100586,, Craft-repair,,, Male,,,46.10681915283203,,
,,,,,, Prof-specialty, Husband, White,,1533.4044189453125,141.9922637939453,,,
43.9995231628418, Private,197251.0,,,,,, White,,,241.68011474609375,47.54970932006836,,
,,188215.625,,, Never-married,,,,,,,,,
,,,,,,,,,,,,,, <=50K
,,189983.703125,,, Never-married,,,,,,,44.26969528198242,,
37.946834564208984,,,,,,,,, Male,,,, United-States,
18.53152084350586, Private,,,, Divorced,,, White,,-2655.05078125,,,, <=50K
,,,,11.558111190795898,,,,, Male,,,51.76857376098633,,
,,,,, Married-civ-spouse,, Not-in-family,,,,,, United-States,
,,205779.375, HS-grad,,, Craft-repair,, White,,,,,,
, Private,189833.046875,,8.205389022827148,,,, White,,,-50.56471252441406,, United-States, <=50K
, Private,, HS-grad,7.341358661651611,,,,,,,,, United-States, >50K
,,,,,,,, White,,,185.3970947265625,,,
,,,,10.143400192260742,,,,,,,,37.61569595336914, United-States,
,,,,,,,,,,,,,,
,,,,,,,,,,,,,,
41.336360931396484,,191741.078125,,10.293923377990723,, Craft-repair,,,,,,43.343597412109375,,
,,,,9.901632308959961,,,,, Male,,85.6791763305664,,,
,,,,,,,, White,,,,39.78804016113281,,
,,, Some-college,,,,,,,,,,,
,,,,, Never-married,,, White,,,,,,
27.040864944458008,,, HS-grad,, Married-civ-spouse,,,,,-139.8367919921875,36.46767807006836,42.747642517089844,,
,,, HS-grad,,, Craft-repair,,, Male,,70.00548553466797,, United-States,
39.5743293762207,,188555.40625,,,,, Not-in-family, White,,,,, United-States,
,,180439.0,,, Divorced,,,,,91.14337158203125,,,,
,,,,9.849162101745605,,,,,,,,37.34736633300781,,
, Private,,,10.025860786437988,,,,,,,,37.94921875,,
,,, HS-grad,,,, Husband,,,-286.68994140625,,41.185977935791016,,
,,, HS-grad,,,,,,,-3676.3095703125,,,, <=50K
,,,,,,,,,,,,,,
,,,,10.869434356689453,,,,,,4740.3271484375,,,,
,,,,,,,,,,,,,,
, Private,,,,,,,,,,,,,
39.51742172241211, Private,,,,,,,, Female,,,,, >50K
,,,,9.550470352172852,,,,,,,,, United-States,
,,,,, Married-civ-spouse,,,, Female,,,,,
,,,,,, Craft-repair,,,,,32.73824691772461,,,
47.71010208129883,,,,,,,,,,,,,,
,,208165.5625, HS-grad,,,, Husband, White, Male,,,,,
,,, HS-grad,,,,,,,,70.18798065185547,,,
, Private,,,,,,,,,-387.052734375,,, United-States,
,,,,,, ?, Husband,,,,,,,
,,,,,,,,,,,,35.73821258544922,,
,,170435.3125,,,,,,,,,,,, <=50K
32.87392807006836,,,,,,,, White,,,41.86994552612305,,,
44.06985855102539,,,,9.356001853942871,,, Husband,,,,104.98494720458984,,,
,,,,,,,,,,,,, United-States,
, Private,,,, Married-civ-spouse,, Not-in-family,,,3317.27197265625,174.8556671142578,,,
,,,,,,,,,,,,36.92388916015625,,
,,191078.875,,, Never-married,,,,,,,35.843505859375,, <=50K
,,,,, Married-civ-spouse,,,,,,,,,
,,191053.359375, HS-grad,,,,,,,-367.513671875,,,,
,,,,,, Craft-repair,,,,,,, United-States,
, Private,,,, Married-civ-spouse,,,,,,,, United-States,
,,,,10.1624755859375,,, Husband,,,,94.70864868164062,,,
, Private,,,,,,,, Male,-434.24365234375,,45.0252799987793,,
,,,,,,, Husband,,,,,,,
,,,,,,,,,,,,,,
28.970977783203125,,,,10.175274848937988, Married-civ-spouse,,,,,,59.8331298828125,42.0098876953125, United-States,
, Private,,,,, Other-service,,,,,,,, <=50K
,,,,,,, Husband, White, Male,,,,,
,,,,,, Prof-specialty,,,,,,,,
,,,,,,,,,,,,,, <=50K
, Private,,,, Never-married,,,,,,,, United-States,
,,,,6.803840637207031,,,,,,-3586.046875,,,, <=50K
,,186437.375,,, Never-married,,,,,,,,,
,,, Bachelors,,,,,, Female,-2494.7265625,,,, >50K
33.89269256591797,,,,,,,,, Female,,63.68321228027344,,,
44.291542053222656,,, Some-college,12.023683547973633,,,,,,,158.98529052734375,,,
,,,,, Never-married,,,,,,,33.47739028930664,, <=50K
,,,,,, Prof-specialty,,,,,,,,
,,,,,,,,,,,,,,
,,,,,,,,, Male,,,,,
, Private,, Bachelors,,,,,,,,,,,
,,,,,,,,,,,,44.982452392578125,,
,,, HS-grad,,,,,,,,,43.143959045410156,,
,,,,, Married-civ-spouse, Craft-repair, Husband,, Female,-573.696533203125,,,,
29.221355438232422,,, Bachelors,, Married-civ-spouse,,,,,,,,,
,,175574.40625,,,, ?,,,,,,, United-States,
,,, Some-college,11.897476196289062,, Craft-repair,,,,,,,,
,,,,,,,,,,,,,,
,,,,,, Exec-managerial,,,,,217.97833251953125,,,
, Private,191935.09375,,, Never-married, Adm-clerical,,,,,32.51424026489258,, United-States,
, Private,194379.921875, HS-grad,, Never-married,, Own-child,,,,,, United-States,
,,,,,,,,,,,48.56770706176758,38.17818069458008,,
30.755720138549805,,,,,,,,,,1252.30615234375,,, United-States,
,,,,,,,,,,,,,,
,,,,,,,,, Female,,,,, <=50K
, Private,185026.71875,,6.510969161987305,,, Not-in-family,,,-2561.53857421875,,,, <=50K
44.89643096923828,,,,,,,,,,4185.97802734375,203.3558349609375,,,
,,,,, Never-married,,, White,,,,,,
,,, 7th-8th,,, Craft-repair,,, Female,,17.685821533203125,46.2827262878418,,
,,,,, Never-married,,,,,,,31.010780334472656,, <=50K
,,,,, Married-civ-spouse, Craft-repair,, White,,,,44.06856918334961,,
37.264713287353516,,,,10.752779006958008,, Adm-clerical,,,,,,, United-States,
,,,,,, Craft-repair,,, Male,,,,,
,,,,9.521143913269043,,,, White,,,,,,
,,,,8.197491645812988,,,,,,,,,,
41.99347686767578,,,,10.054633140563965,, Craft-repair,, White, Male,,,,,
,,,,12.60342025756836, Married-civ-spouse, Exec-managerial,, White,,,,,,
,,, Some-college,8.4066801071167,,,,,,,,, United-States,
,,180431.34375, Some-college,10.81112289428711,,, Not-in-family,,,,,,,
, Private,194820.0,,9.927165985107422,,,,,,,,35.9790153503418,,
50.9439811706543,,,,12.357467651367188,, Protective-serv,,, Male,,,52.73883819580078,,
,,, HS-grad,,,, Unmarried,,,-3755.39599609375,-73.97665405273438,,, <=50K
,,,,,,, Husband, White, Male,3080.73046875,,,,
,,,,,,,,,,,,,,
,,191395.484375, HS-grad,,,,,,,,,,,
,,,,,,,,,,,-116.74220275878906,, United-States, <=50K
,,,,10.314826965332031,, Craft-repair,, White,,260.18060302734375,,43.455604553222656,,
,,, HS-grad,9.196633338928223,, Craft-repair,,,,-3293.63427734375,,,, <=50K
, Private,, Bachelors,,, Craft-repair,,, Female,,,,, >50K
,,,,10.299202919006348,,,, White,,,85.7006607055664,,,
,,190918.5625, HS-grad,,,,,,,,,,,
,,, Some-college,10.755884170532227,,,, White,,-2764.1865234375,,, United-States,
,,165578.84375,,,,,,,,,-54.57908630371094,,, <=50K
,,,,11.587875366210938,,,,,,,,,,
, Private,,,,, Prof-specialty,,,,,,,,
,,,,,,,, White,,,,, United-States,
,,,,,,,,,,2383.40185546875,,, United-States,
,,,,,,,,, Male,,68.45235443115234,49.22557067871094,,
, Private,,,8.85275936126709, Never-married,,,,,,,,,
27.338167190551758,,,,, Divorced,,, White,,,,,,
,,169992.015625,,,,,,,,,,,,
,,,,,,,, White, Female,,,, United-States,
,,208013.0,,,,,, White,,,,,,
,,,,,,,, White,,,,,,
,,,,,,,, Black,,-1657.2039794921875,-22.911911010742188,,, <=50K
, Private,,,,,,,,,4484.96044921875,,,,
,,,,11.24523639678955,,, Husband,,,,,,,
,,,,,,, Not-in-family, White,,,,,,
,,,,,,, Not-in-family,,,103.98248291015625,69.69795227050781,,,
,,,,,,, Husband, White,,,,,,
45.701568603515625,,,,,,,, White,,,,,,
,,,,,,,,,,,,,,
,,, 7th-8th,,,, Husband,,,,,40.61788558959961,,
, Private,183696.3125, Bachelors,, Never-married,,,,,876.22216796875,,,,
,,,,,,,, White,,,,,,
,,,,,,,,, Female,,,,, <=50K
30.96668243408203,,196612.8125, HS-grad,,,,,, Male,,56.0453987121582,,,
40.1977653503418,,,,,,,,,,,,38.71546173095703,,
,,187326.75,,,,,,, Female,,,,, >50K
,,,,,,,,,,914.3468017578125,,,,
,,,,,, Craft-repair,,,,,51.796470642089844,,,
, Private,191608.78125,,6.900461196899414,,,,,,-3449.92236328125,,,, <=50K
,,,,12.522516250610352,, Exec-managerial,,,,3768.5576171875,,, United-States,
45.206565856933594, Private,,,11.26986026763916,,,,,,,,, United-States,
, Private,186963.015625,,,,,,,,,,, United-States,
,,,,,, Craft-repair,, White, Male,,,,,
, Private,, HS-grad,,,,,,,-656.854248046875,35.078433990478516,,,
,,,,10.119648933410645,,,,,,,,,,
, Private,184244.234375,,,, Craft-repair,,, Female,1080.279052734375,,,,
,,,,,,,, White,,,65.79505920410156,,,
,,177793.328125,,, Married-civ-spouse,,,,,,,,,
, Private,, Bachelors,, Married-civ-spouse, Craft-repair,,, Female,859.9356079101562,,48.00944137573242,,
, Private,,,8.619423866271973,,,,, Male,,,, United-States,
, Private,,,, Never-married,,, White,,,60.205780029296875,,,
36.56901550292969, Private,179103.4375,,,,, Not-in-family,,,,,39.783687591552734,,
, Private,,,, Never-married,,,,,-3367.6162109375,,,, <=50K
,,,,,, Prof-specialty, Husband,,,,,50.28594970703125,,
,,,,,,,, White,,,,44.07725524902344,,
49.00126266479492,,,,,, Exec-managerial,,,,,,,,
,,,,,,, Husband,,,,,, United-States,
,,, HS-grad,,,,, White,,3803.97998046875,,46.31319808959961,,
,,,,, Married-civ-spouse,,, White, Male,,,53.20875549316406,,
,,,,,,,,,,483.17413330078125,,,,
,,,,,, Exec-managerial, Not-in-family,,,,-3.50347900390625,,, >50K
,,208772.125,,,,,,, Male,,,,, <=50K
,,,,, Never-married,, Not-in-family,,,-3388.375,,,, <=50K
37.292640686035156,,,,,,,,,,,,,,
,,,,, Divorced,,,,,,,, United-States, <=50K
38.6817741394043,,,,,,,, White,,,,,,
32.41338348388672, Private,178184.0625,,,,,, White,,,,33.352256774902344,, <=50K
, Private,, Bachelors,, Never-married,,,,,,,,,
29.86947250366211, Private,,,10.562475204467773, Never-married,,,,,,,,,
,,,,,,,,,,,,, United-States,
,,,,,,,, White,,-345.9091796875,,,,
40.75133514404297,,,,,,,, White,,,,,,
,,,,9.631760597229004, Married-civ-spouse,,,, Female,219.25958251953125,,,,
,,,,,, Prof-specialty,,,,,60.16805648803711,, United-States,
,,,,,,, Own-child, White,,,,,,
, Private,192786.609375,,, Never-married,,,,,,,,, <=50K
,,,,,,,, White,,,,,,
,,191303.796875,,,,,,,,,,,,
41.08296203613281,,188753.453125,,, Married-civ-spouse,,,,,,,,,
,,, HS-grad,,, Craft-repair, Husband,,,,,44.94545364379883, United-States,
, Private,,,, Married-civ-spouse,,,,,,,,,
, Private,,,,,,, White,,,,,,
31.741008758544922, Private,, HS-grad,,,,,,,,,,,
,,,,9.493661880493164,,,,,,,,,,
,,,,, Married-civ-spouse, Craft-repair,,, Female,,83.14173126220703,48.476776123046875,,
,,,,,,,,,,,195.77896118164062,,,
,,,,, Never-married,,, White,,,,36.430973052978516,,
35.00824737548828, Private,,,,,,, White,,604.35498046875,,,,
,,,,7.371644973754883,,,,,,,,,, <=50K
,,198976.234375,,11.026578903198242,, Craft-repair, Own-child,,,-267.9913330078125,62.251182556152344,,,
, Private,,,11.819701194763184,,,,,,,,42.15404510498047,,
47.93671798706055,,,,,,,,,,,,, United-States,
,,,,,,,, White,,,,,,
,,,,,,,, White,,583.9539794921875,,41.55747985839844,,
47.49991226196289,,186049.859375,,10.028583526611328,,, Wife,,,,,,,
,,,,,,,,,,,,37.073020935058594, United-States,
,,,,10.973115921020508,, Exec-managerial, Not-in-family, White,,,,,,
,,189523.015625,,,,, Not-in-family,,,,,,,
,,, HS-grad,,,,,,,,,,,
,,,,,,,, White,,,,,, <=50K
,,,,,,,, White,,,41.53346633911133,, United-States,
,,209474.53125,,,,, Own-child,,,,,,,
,,191039.390625,,10.502483367919922, Married-civ-spouse,,,,,,,,,
34.35813903808594,,198835.109375,,,,,,, Male,70.72027587890625,,,,
, Private,, HS-grad,,,,,, Male,-464.759765625,38.27900695800781,,,
32.77106857299805,,,,,,,,, Female,-676.205322265625,,, United-States,
30.059017181396484,,,,, Married-civ-spouse,,, White,,,,43.856449127197266,,
34.15912628173828,,,,9.975006103515625,,,, White,,399.2149658203125,,42.2685432434082,,
,,,,,,,,, Male,-3491.09765625,-56.46002197265625,,, <=50K
46.84785079956055,,,,11.561280250549316,,,,, Male,,,51.65750503540039, United-States,
,,,,, Never-married,, Own-child,,,617.479736328125,,,,
, Private,,,,, Craft-repair,,,,,,,,
26.204526901245117, Private,,,8.801248550415039, Never-married,,,,,,,,, <=50K
,,,,,,,,, Female,,57.08192443847656,47.499114990234375,,
34.76799011230469,,190060.21875,,10.01513671875,,, Not-in-family,,,,,43.10283660888672, United-States,
,,,,,,, Own-child, White,,,,,,
,,205809.140625,,, Married-civ-spouse,,,, Female,,59.901222229003906,,,
,,168578.53125, HS-grad,,, Machine-op-inspct,,,,,,,,
,,199898.984375,,,, Other-service,,,,,,,,
38.162872314453125, Private,,,,,,,, Male,,,,,
35.904876708984375, Private,,,,,,,,,,66.32121276855469,44.73085403442383,,
, Private,,,,, Exec-managerial,,,,,,,,
,,,,,,, Not-in-family, White,,,,,,
,,,,,, Adm-clerical,,,,,,,,
41.218955993652344,,,,9.618141174316406,,,,,,,,,,
,,,,,,,,,,,,,,
,,,,,, Craft-repair,, White, Male,,,49.29869079589844,,
, Private,,,,,,,,,,,,,
,,, HS-grad,9.968245506286621,,,,,,,,42.58073043823242, United-States,
38.452171325683594,,, Some-college,,,,,,,-260.32470703125,,,,
39.32415008544922,,183056.78125,,,,,,,,,-40.247955322265625,,, <=50K
25.643211364746094,,,,, Married-civ-spouse,,,,,,17.18004608154297,, United-States,
,,,,,,,,,,,,,,
,,,,,, Craft-repair,,, Male,,,,,
,,, HS-grad,,,, Unmarried, White,,,41.329063415527344,,,
,,,,,,, Husband,,,,227.0816650390625,,,
31.80940055847168,,,,, Married-civ-spouse, Other-service,,,,,,,,
,,165199.421875,,,, Adm-clerical,,,,,-35.14030456542969,36.623199462890625, United-States, <=50K
, Private,, HS-grad,11.560209274291992,,,, White,,3463.13671875,198.81092834472656,,,
, Private,, HS-grad,,,,,,,,,,, <=50K
,,,,, Married-civ-spouse,,, White,,,,42.712181091308594,,
40.26443862915039,,,,,,, Husband,, Male,,,49.711151123046875,,
,,198420.28125,,,,,,,,,,43.40410232543945,,
,,,,, Never-married,,,,,,40.5369987487793,, United-States,
,,197954.46875, Some-college,,,,,,,-419.7318115234375,27.76953125,,,
,,,,10.99875545501709,, Adm-clerical,,,,,,39.53085708618164,,
, Private,,,,,,,,,,,,,
,,,,,,,,,,4327.06201171875,,,,
,,, HS-grad,9.784449577331543,,,, White, Male,,,, United-States,
,,194042.71875,,, Never-married,,,,,,,,, <=50K
,,189674.859375,,,, Other-service,,,,,,, United-States, <=50K
,,,,,,,,, Male,-40.980224609375,,,,
,,185566.171875,,, Married-civ-spouse,,,, Female,,,, United-States,
,,197743.0,,,,,,,,,,40.30733108520508,, <=50K
,,, Some-college,,,, Own-child, White,,,,42.42210006713867,,
,,,,,,,,,,-17.3021240234375,50.49967956542969,, United-States,
48.0063591003418,,,,,,, Not-in-family,,,,,36.10043716430664,,
,,,,,,,,, Male,4267.0859375,220.28713989257812,51.48139953613281, United-States,
,,,,,,,,,,,,,,
,,,,10.506255149841309,,,,,,,,43.363380432128906,,
,,,,, Widowed,,,,,-3180.5,,,, <=50K
,,,,, Married-civ-spouse, Craft-repair, Not-in-family,, Female,,,,, <=50K
,,,,10.56881046295166,,,,,,,,,,
39.58404541015625,,,,,,,,,,,,,,
,,,,, Married-civ-spouse,,, White,,,191.23043823242188,,,
,,,,, Never-married,,,,,,,,,
,,,,,,,,,,3810.98876953125,,,,
,,, HS-grad,,,,,,,,,,,
, Private,,,,,,, White,,709.916015625,,,,
,,, Some-college,9.08452320098877, Married-civ-spouse,,, White,,,,38.90867233276367,,
36.81630325317383, Private,,,,,,,,,,,,, <=50K
,,,,,,,,,,,,,,
29.8056640625,,194946.390625,,8.158581733703613,, Craft-repair,, White, Female,,,,, >50K
, Private,,,,,,,,,,,,,
,,,,,,,,,,4250.04052734375,,,,
,,,,,,,,, Male,4414.80224609375,,52.60331726074219,,
, Private,,,, Never-married,,,,,,,,, <=50K
,,,,,,,,,,,,,, <=50K
47.2741584777832,,,,,,,, White,,,,,,
,,,,8.616714477539062,,,,,,,,39.46317672729492,,
29.95357894897461,,,,,,,,,,161.4482421875,,41.42348861694336,,
,,,,,,,,,,,,,, <=50K
32.3326416015625,,,,, Married-civ-spouse, Prof-specialty,,,,,90.52325439453125,46.371559143066406,,
28.99356460571289,,,,,,,, White,,-3373.9384765625,,,, <=50K
,,, HS-grad,,,, Husband,, Female,-3500.28515625,,,, <=50K
,,,,,,, Husband,,,,,,,
,,,,10.64859676361084,,,,,,,,,,
,,,,,,,,,,,,, United-States,
,,161564.78125,,,,, Husband,,,1181.9840087890625,,,,
,,,,,,,,, Male,,,48.47957229614258,,
,,,,,,,,,,,,38.214073181152344,,
,,,,, Divorced,,,,,551.6746826171875,,32.52047348022461,,
,,,,, Never-married,, Not-in-family,,,,,,,
,,,,9.156124114990234,, Other-service, Not-in-family,,,,,,, <=50K
,,,,,,, Own-child,,,,,41.272823333740234,, <=50K
36.147064208984375,,193344.046875,,,,, Husband,, Male,,,, United-States,
,,,,,,,,, Male,,,,,
41.10653305053711,,, 10th,,,,,,,,,,,
, Private,,,,,,,,,,,,,
,,, Bachelors,,, Prof-specialty, Husband,,,,,,,
,,182498.703125,,,,,, White,,,96.35961151123047,, United-States,
,,, Bachelors,,,,, White, Male,,,45.957359313964844,,
,,, Some-college,11.051861763000488,,,,,,3343.16650390625,,,,
,,,,, Divorced,,,,,,27.000885009765625,, United-States,
, Private,202478.0,,,,,,, Male,509.150146484375,,,,
,,177992.625,,,,,, White,,4092.20458984375,207.39385986328125,,,
,,,,,,,,,,,,,,
,,, HS-grad,,, Craft-repair, Husband,, Female,,70.75761413574219,, United-States,
,,,,,,,,, Female,,,,, <=50K
, Private,,,9.626313209533691,,,,,,510.95361328125,,,,
32.902320861816406,,,,,,,,, Female,,,,, >50K
,,,,,, Craft-repair,,, Male,,,, United-States,
,,,,,,,,,,,,, United-States,
42.42705154418945,,,,,, Other-service, Not-in-family,,,,,,, <=50K
,,,,,,,,,,,,44.8879508972168,,
,,,,,, Prof-specialty,,,,,,,,
,,, HS-grad,,,,,,,,,,,
, Private,,,,, Craft-repair,, White,,,117.88062286376953,43.86320114135742,,
,,,,,,,,, Male,1533.897705078125,125.31808471679688,,,
30.033584594726562,,, Some-college,10.168988227844238, Never-married,, Not-in-family,,,,,,,
,,,,9.75722599029541,,,,,,,,35.07221603393555,,
,,190673.65625, Some-college,,,,,,,,185.34823608398438,,,
,,,,,,,,,,,,42.428375244140625,,
,,, HS-grad,,, Adm-clerical,,,,,,,, >50K
,,, Bachelors,,, Prof-specialty,,, Male,,,54.38624954223633,,
,,,,, Married-civ-spouse,, Not-in-family, White,,,,45.875526428222656,,
,,,,,,,,,,,,, United-States,
,,, Bachelors,, Never-married, Prof-specialty,,,,,,,, >50K
,,, HS-grad,,,,,,,,89.01593017578125,,,
,,,,10.874029159545898,,, Not-in-family,,,,,42.731971740722656,,
,,,,,,,, White,,,,, United-States,
, Private,,,10.20380973815918,, Sales,, White,,,,,,
32.16218566894531,,, HS-grad,,,,, White,,,,38.3539924621582, United-States,
44.5109748840332, Private,,,,,, Husband,, Male,,,48.767791748046875,,
,,,,,, Craft-repair,,,,,,,,
, Private,,,,, Prof-specialty,,, Female,,,,, >50K
,,,,,,,, Asian-Pac-Islander, Female,-3189.82177734375,,,, >50K
37.6539192199707,,,,9.544760704040527,,,,,,-296.5565185546875,,,,
, Private,, HS-grad,,,,,,,-58.054931640625,,, United-States,
,,,,,,,,,,,65.81670379638672,,,
40.80569839477539,,199963.21875,,,,,,,,,,,,
,,,,,,,,,,,,,,
, Private,, HS-grad,,,,,,,,9.703201293945312,,,
,,,,,,,,,,,,,,
,,,,,,, Husband,,,,,,,
, Self-emp-not-inc,,,,,,,,,,,,, >50K
39.600433349609375,,,,,,,, White,,,,,,
,,, Some-college,12.363566398620605,, Craft-repair, Husband, White,,,,, United-States,
,,, HS-grad,,,,,,,,3.0450515747070312,,,
,,,,10.205927848815918,,, Husband, White, Male,,,,,
35.69474792480469,,,,,,,,,,,79.7880630493164,,,
,,,,, Married-civ-spouse,, Not-in-family, White,,3146.34814453125,,,,
,,,,,, Craft-repair,, White,,,,,,
,,,,,,,,,,85.31573486328125,26.833187103271484,39.664981842041016,,
37.56702423095703,,197744.296875,,,,,,, Male,,,,,
38.91428756713867,,,,,,,, White,,,,,,
,,, Bachelors,,,,,,,,,35.719722747802734,, >50K
,,,,10.092926979064941,, Craft-repair,,,,,66.38082122802734,, United-States,
,,,,10.530563354492188,,,,,,810.2923583984375,,,,
,,, HS-grad,, Married-civ-spouse,,, White,,,,,,
44.36174392700195,,,,,,,,,,,197.4368896484375,46.673500061035156,,
, Private,,,,,,, White,,,,,, <=50K
,,209093.671875,,,,,,,,-952.421875,,,,
,,,,,, Craft-repair, Husband, White,,,,48.784751892089844, United-States,
,,,,,,,,,,,,,,
,,,,,,,,, Male,,,,,
,,,,,, Adm-clerical,,,,,,,,
, Private,,,12.035968780517578, Married-civ-spouse,, Husband,, Male,,,54.45367431640625,,
,,179814.765625, HS-grad,,,,, White,,-3683.6201171875,,,, <=50K
,,,,,,,,, Female,,,41.18146896362305,, <=50K
,,, Some-college,,,,,,,,28.144100189208984,38.985652923583984,,
,,,,9.397933006286621,,,,,,,,41.151527404785156,,
,,,,, Married-civ-spouse, Craft-repair,,, Female,,53.392982482910156,46.40907287597656,,
,,,,,,,,,,,,,,
45.847991943359375,,,,,,,,,,,,,,
38.872257232666016,,,,,,,,,,,,,,
,,,,,,,,, Male,,,48.00910186767578,,
,,,,,,,,,,,,,,
,,,,,, Craft-repair, Husband,, Male,,,49.76084518432617,,
,,,,10.140783309936523, Married-civ-spouse,, Husband,, Female,,,,,
,,189840.140625,,9.710872650146484,,,, White,,,,,,
,,, Some-college,10.185040473937988,,,,,,,,42.5389518737793,,
,,,,,,,,,,405.3983154296875,,, United-States,
,,,,8.651893615722656, Never-married,, Not-in-family,, Female,-2867.50439453125,,, United-States, <=50K
,,,,8.954263687133789,,,, White,,,80.76576232910156,, United-States,
,,, HS-grad,,,,,, Female,,,,, <=50K
,,,,,,,,,,,-61.65550231933594,,, <=50K
,,,,,,, Not-in-family,,,,,43.08012771606445,,
,,, Some-college,12.355195999145508,,,,, Male,,,,,
34.42219161987305,,,,,, Craft-repair,,, Female,,,,, >50K
46.01524353027344,,,,,,,, White,,,,,,
22.950416564941406, Private,, HS-grad,, Never-married,, Unmarried,,,,-87.13362121582031,32.895668029785156,, <=50K
,,,,,,,,,,,,36.647796630859375,, <=50K
, Private,,,,,,, White,,,,,,
35.382080078125,,, Some-college,,,,,,,-121.8968505859375,46.46329116821289,, United-States,
,,,,,,,, White,,,,39.097537994384766,,
,,, HS-grad,8.623353958129883, Married-civ-spouse, Craft-repair,,, Female,,,,, >50K
37.22766876220703,,,,,,,,, Male,,,,,
,,,,,,,, White,,,41.187774658203125,,,
, Private,, HS-grad,9.278727531433105, Never-married,,,,,,38.27129364013672,40.62531661987305,,
,,176483.71875, HS-grad,,,,,,,,48.0655403137207,,,
,,,,,,,,,,,,,,
,,,,10.013832092285156,,,,,,,,,,
,,,,,,,,, Male,,,,,
,,, HS-grad,,,,,, Female,,,,, >50K
,,,,, Divorced, Adm-clerical,,,,-2804.3330078125,-77.44737243652344,33.31252670288086,, <=50K
,,194497.203125,,,,,,,,,,, United-States,
, Private,,,,,,,,,,,,,
,,,,11.054765701293945,,, Husband,,,,,,,
, Private,,,,,,,,,,,40.03889083862305,,
,,,,,,,,, Male,,219.40316772460938,,,
,,,,10.059206008911133, Married-civ-spouse,,,,,,,,,
,,,,, Married-civ-spouse,, Husband,, Male,,,,,
,,,,,,,,,,,,,,
,,,,,,,,,,,,43.43346405029297,,
,,,,,,, Not-in-family, White,,,,38.42698287963867,, <=50K
, Private,,,,, Craft-repair, Not-in-family,,,,,, United-States,
, Private,,,,,, Husband,,,-131.7481689453125,,,,
,,,,,, Prof-specialty,,,,,,,,
33.30754089355469,,,,,,,,,,,41.01741027832031,, United-States,
41.767147064208984,,,,,,,, White,,,,, United-States,
,,,,,,,, White,,,,31.549306869506836,, <=50K
, Private,175057.0, Bachelors,,,,,,,,,, United-States,
37.947147369384766,,187028.9375,,,,,,,,,,, United-States,
,,186271.75,,,,,, White,,,,,,
,,,,10.176779747009277,,,,, Female,,,,,
,,,,,,, Own-child,,,,,,,
, Private,,,9.278833389282227,,,,,,,,41.27025604248047,,
,,,,,,,,,,,71.70611572265625,,,
, Private,188899.34375, HS-grad,,,, Husband, White,,,,,,
44.92955017089844,,,,10.822120666503906,,, Husband,,,,,,,
30.048402786254883, Private,,,, Never-married,, Not-in-family,,,,,,,
33.58232116699219,,, Some-college,,,,,,,,,,, <=50K
42.86943054199219,,,,,,,,, Male,3160.60205078125,183.79127502441406,,,
,,, 7th-8th,,,,, White,,,,,, <=50K
47.65496826171875,,,,,,, Husband,,,,,47.16964340209961,,
,,192117.734375,,, Married-civ-spouse, Craft-repair,,,,,,43.8576545715332, United-States,
,,,,,,,,,,,69.15084075927734,,,
,,,,9.80392837524414,,,, White,,,,, United-States,
,,,,, Married-civ-spouse,,, White,,4022.154296875,,,,
,,,,,,, Not-in-family,,,,,,, <=50K
, Private,, HS-grad,,,, Own-child,,,,,,,
, Private,, HS-grad,, Married-civ-spouse,,, White, Male,,,,,
,,,,10.480628967285156,,,,,,,33.98368835449219,,,
,,,,9.914566040039062,, ?, Not-in-family,,,,,,, >50K
,,,,10.652486801147461, Married-civ-spouse, Craft-repair,,, Female,,,50.67922592163086,,
,,211271.03125,,,,,,, Female,,,, United-States,
32.45085906982422,,,,,,,,, Female,-3523.14111328125,,,, <=50K
,,,,,, Prof-specialty,, White, Male,,,, United-States,
,,190597.59375, Some-college,,, Craft-repair, Husband, White,,,85.8291244506836,,,
38.19844436645508,,,,,,,,,,724.4248046875,,36.25645065307617,,
,,,,,,,,,,,,, United-States,
, Private,,,,,,,, Male,,,46.34162521362305,,
,,, Bachelors,,, Craft-repair,,, Male,,103.86898040771484,,,
,,, 11th,,,,,,,,,,,
,,191696.125,,8.835497856140137,,,,,,,,,,
46.120452880859375,,,,,,, Husband,,,,,,,
,,,,,, Sales,, White,,,-204.31370544433594,,,
,,, HS-grad,,,,,,,,,,,
29.804969787597656,,183263.09375,,, Married-civ-spouse,,,,,4252.17138671875,,,,
,,183190.6875,,, Married-civ-spouse, Exec-managerial,,,,,,48.23943328857422, United-States,
,,,,,,,,,,,,,,
, Private,,,,,, Unmarried, White,,,,35.08445739746094,,
, Private,,,,,,,,,,,,,
43.99226379394531,,,,,,, Husband,,,,,,,
,,,,,,,, White,,,,42.4289436340332,,
,,,,,, Craft-repair,,, Female,,,48.76329803466797, United-States,
,,190329.453125,,,, Exec-managerial,,,,,,, United-States,
,,177799.546875,,8.421104431152344,,,,,,,65.69364166259766,,,
,,,,9.526171684265137,,,,,,,,34.250946044921875,,
, Private,,,,,,,, Female,,,,,
, Private,211931.5625,,8.84423542022705,,,,,,-114.3902587890625,,, United-States,
33.940895080566406,,191954.40625,,,,,,,,-734.00244140625,,,,
,,,,,,,, White,,,,,,
,,, HS-grad,, Married-civ-spouse,,,,,,,, United-States,
, Private,,,,, Other-service, Not-in-family,,,-3630.1220703125,-65.96165466308594,, United-States, <=50K
,,192342.3125, Some-college,, Never-married,,,,,,-102.12202453613281,,, <=50K
31.759536743164062,,,,,,,,,,,,,, <=50K
29.376981735229492,,,,,,,, White,,,-31.797828674316406,,, <=50K
,,,,,,,,, Female,,,, United-States, <=50K
, Private,,,, Married-civ-spouse,,, White, Female,,,,,
,,,,, Married-civ-spouse,,,, Female,,,42.25885009765625,, <=50K
,,,,,,,,,,152.85211181640625,,, United-States,
,,,,12.94483757019043, Married-civ-spouse,,, White,,,,, United-States,
38.8042106628418,,,,,,, Not-in-family,,,,,,,
,,, Bachelors,,, Exec-managerial,,,,,82.83607482910156,,,
,,182312.296875,,10.727897644042969,, Adm-clerical,,,,,,,,
34.19270706176758,,,,,,,,, Male,,,,,
,,, HS-grad,,, Craft-repair,,,,,,42.859046936035156,,
,,187514.3125,,7.499503135681152,,,,, Female,-2693.92822265625,,,, >50K
,,198173.234375,,10.234556198120117,,,,, Male,,,,,
44.412193298339844,,,,,,,,,,,,,,
, Private,,,, Never-married,, Own-child,,,,25.166954040527344,36.32918930053711,,
, Private,,,,, Craft-repair,,,,,,,,
,,184544.609375,,,,,,,,,27.381893157958984,,,
39.11045455932617,,,,,,,,,,,,, United-States,
,,, HS-grad,,, Craft-repair,,, Female,,,49.826087951660156,,
,,193298.0625, Some-college,,,,,,,,,,,
43.55879592895508,,, Some-college,,, Craft-repair,,,,3437.564453125,,,,
37.919219970703125,,189270.71875,,,,,,,,,,,,
45.32667922973633,,193483.265625,,,, Prof-specialty,, White,,5119.109375,,, United-States,
,,,,8.177589416503906,, ?,,,,,,,, <=50K
, Private,,,7.791919231414795, Never-married,,,,,,,,, <=50K
, Private,,,, Never-married,, Not-in-family,,,,-28.03881072998047,,, <=50K
,,,,,,, Not-in-family,,,,-39.58879852294922,,, <=50K
,,178471.8125,,, Never-married,,,,,,,,,
38.77096176147461,,,,,,,, White,,,60.57897186279297,,,
36.22305679321289,,, HS-grad,,,,,,,,,, United-States, <=50K
,,, 11th,,,,,,,-4792.22314453125,,,, <=50K
28.95034408569336, Private,,,, Married-civ-spouse,, Husband,, Male,,,,,
, Private,, Bachelors,, Married-civ-spouse,,,,,,,44.12491226196289,,
,,,,,, Craft-repair,,,,,,,,
,,196610.734375,,,,,,,,,,,, <=50K
,,,,,, Adm-clerical,,,,,,,,
,,,,,,,,,,,,,, <=50K
,,,,12.942755699157715, Married-civ-spouse,,,,,,144.25491333007812,,,
39.636199951171875,,, HS-grad,,,, Not-in-family,,,,,,,
, Private,,,, Never-married,,,,,,,40.2366828918457,, <=50K
, Self-emp-not-inc,,,9.916025161743164,,, Not-in-family,,,,,,,
,,206656.640625,,10.264886856079102,,,, White, Male,,,,,
52.18674087524414,,,,13.2681884765625,, Craft-repair, Husband,, Male,,,,,
,,,,, Married-civ-spouse,,,, Female,,,,,
,,, HS-grad,,,, Husband,, Male,132.9400634765625,,, United-States,
, Private,,,,, Craft-repair,,,,,,,,
,,,,,,,,, Male,,,,,
,,,,,,,, White,,,,,,
, Private,, HS-grad,9.97936725616455,, Craft-repair,,,,,65.98680877685547,,,
,,,,,, Exec-managerial,,,,,217.77578735351562,, United-States,
,,197354.0625,,,,, Own-child,,,,,, United-States, <=50K
,,,,9.727518081665039,,,, White,,,,42.142093658447266, United-States,
,,, Bachelors,,,, Husband,,,,,,,
,,166422.9375,,10.882251739501953, Divorced, Adm-clerical,,,,,,, United-States,
47.707984924316406,,,,,,, Husband,,,,,, United-States,
,,,,,, Prof-specialty,,,,,,,,
,,189051.75,,,, ?,,,,,,,,
42.99121856689453,,,,11.94651985168457,,,,,,,,, United-States,
,,,,9.34523868560791,,, Husband, White,,,,, United-States,
,,194763.4375,,, Never-married,,,,,,,37.31364440917969, United-States,
,,202930.21875,,, Never-married, Craft-repair, Own-child,,,-205.9400634765625,,45.95996856689453,,
,,,,,, Prof-specialty,,,,,,, United-States, >50K
,,174517.15625,,, Married-civ-spouse, Prof-specialty,,,,,,,,
,,177303.171875,,,,,,,,,,,,
,,,,,, Prof-specialty, Husband,,,,,,,
,,,,,,, Husband,,,,,48.360198974609375, United-States,
,,,,9.618043899536133, Never-married, Adm-clerical,,,,,,36.085262298583984, United-States, <=50K
,,171616.09375, Bachelors,,,, Not-in-family,,,,,,,
, Private,192222.984375,,,,,,,,,,,,
28.464303970336914,,, Bachelors,, Married-civ-spouse,,,,,,,42.79780960083008, United-States,
,,,,12.723843574523926, Married-civ-spouse, Sales,,,,,,,,
,,200864.453125,,,,,,, Male,,77.41183471679688,43.61478805541992,,
43.20709991455078,,,,,, ?,,,,,62.956398010253906,,,
,,,,,,,, White,,-324.8782958984375,,,,
,,,,,,, Not-in-family,,,,,,,
,,,,,,,,, Male,,,42.20079040527344,, >50K
,,,,11.485713005065918,,,,,,,,,,
,,186893.359375,,,,, Husband,,,,88.12415313720703,, United-States,
,,,,,, ?,,,,-1522.7481689453125,,,, <=50K
,,,,,,, Husband, White,,,78.07258605957031,43.747188568115234,,
,,,,9.85456371307373, Married-civ-spouse,,,,,285.49713134765625,46.07541275024414,, United-States,
,,,,,,,,,,,,,, <=50K
,,,,,,,,,,-557.5010986328125,,,,
39.27899169921875, Private,,,8.575305938720703,,,,,,,90.50552368164062,,,
36.36359786987305,,,,,,, Not-in-family,,,,,,,
, Private,204108.171875,,,,,,,,-1343.8961181640625,-13.687370300292969,,,
18.98134422302246, Private,179659.375,,7.930657386779785, Divorced,,,,,,,, United-States, <=50K
,,,,, Divorced, Adm-clerical, Not-in-family,,,,80.4397201538086,,,
,,,,, Married-civ-spouse, Craft-repair,,,,,,41.77518844604492,,
31.02602767944336,,,,9.512259483337402,,,,,,,,,,
,,, HS-grad,,,,,, Male,,45.507381439208984,,,
,,,,7.298969268798828,,,,,,,,, United-States, <=50K
,,,,,,,,,,,,42.548370361328125, United-States,
,,,,, Never-married,,,,,,,, United-States, <=50K
, Private,,,9.101548194885254,,,,, Male,,,47.150577545166016,,
,,176562.203125,,, Married-civ-spouse,, Not-in-family,,,,,44.725589752197266,,
,,,,,,,,, Male,,,49.03746795654297,,
,,,,, Never-married, Adm-clerical,, White,,,,,,
,,,,,,,,,,,,,, <=50K
, Private,,,,,,,, Male,,,,,
,,, HS-grad,,,, Husband,,,-127.0499267578125,64.88922119140625,,,
50.5638427734375,,,,11.219883918762207,,, Husband, White,,,,,,
,,,,, Married-civ-spouse,,,,,,,42.85111999511719,,
, Private,,,,,,,,,,,,,
25.76753044128418,,,,, Married-civ-spouse,,, White,,,,, United-States,
,,,,,, Prof-specialty,,,,,81.2569808959961,,,
,,,,9.843847274780273,,,,,,,,,,
, Private,,,10.267440795898438,,,,,,,,,,
,,,,, Never-married,, Not-in-family,,,,,,,
,,,,,,,,,,-2800.83935546875,,,, <=50K
, Private,,,,,, Husband,,,,,,,
, Private,,,, Never-married,,,,,,-85.68670654296875,,, <=50K
,,188688.0625,,, Married-civ-spouse,,,,,5256.14404296875,,,,
37.936851501464844,,,,,,,,,,,,,,
,,199441.0, HS-grad,,,,,,,,173.0328826904297,,,
,,, HS-grad,9.12762451171875,,,,,,,,,,
,,,,,,, Not-in-family,,,,,,, <=50K
,,,,12.019853591918945,, Craft-repair,,,,,,, United-States,
, Private,199093.796875,,, Never-married,,,,,,,,, <=50K
,,,,,,,,,,,,, United-States,
,,181163.328125,,,, Prof-specialty,,,,,,, United-States,
,,,,,,, Husband, White,,,,,,
,,,,,,,,, Male,,79.8583984375,,,
,,,,,,,, White, Female,-1447.2396240234375,,,, >50K
,,, Some-college,10.222626686096191,,,,,,,,, United-States,
,,,,13.416156768798828, Married-civ-spouse,,,,,,,,,
41.914188385009766,,, Bachelors,,, Prof-specialty,,,,,,,,
,,,,,, Exec-managerial,,,,,,,,
,,,,,,,,,,5326.3642578125,,,,
,,174601.53125,,,, Prof-specialty,,,,,,,,
,,,,10.267627716064453,,,,,,,,,,
,,177164.09375,,,, Prof-specialty,,,,,,,, >50K
,,,,,,, Not-in-family,,,,,,,
38.80128479003906,,,,, Married-civ-spouse,,, White,,,207.0458984375,, United-States,
32.81804656982422,,180520.828125,,,,,,,,,,34.13554000854492,, <=50K
,,,,,,,,, Female,,,,,
,,199171.75,,,,, Husband, White,,,131.06951904296875,,,
,,,,,,, Husband,, Female,,109.90754699707031,,,
,,201759.171875,,,,,,,,-49.2279052734375,,,,
,,,,, Divorced, Prof-specialty, Not-in-family, White,,,,,, >50K
,,206927.09375,,,,,,,,,,,,
,,,,,,,, White, Female,,,47.0694580078125,,
,,,,10.975119590759277,,,,, Female,,,, United-States,
,,, Bachelors,,, Craft-repair,,, Female,,,,,
,,,,10.340245246887207,,,,,,,79.81697082519531,37.687217712402344,,
,,, Masters,,,,,,,,,,,
,,,,,,,,,,153.75494384765625,,,,
32.32976531982422,,,,,,,,,,,,,,
,,,,, Divorced,, Not-in-family,,,,21.923789978027344,36.7169189453125, United-States,
, Private,190881.265625,,,,,,,,-2916.15478515625,,, United-States,
, Private,,,,,,,,,,,,,
38.14373779296875, Private,,,,,,,, Male,,,46.68357849121094,,
, Private,,,,,,, White,,,,,, <=50K
, Private,,,,,,,,,,,,,
36.93168258666992,,, 7th-8th,,,, Not-in-family,,,,,, United-States, <=50K
,,181918.1875, Bachelors,,,,,,,,,,,
31.54387855529785,,198368.09375, HS-grad,,,,,, Male,,,,,
,,,,10.709654808044434,, Craft-repair,,, Female,341.373291015625,87.47039794921875,,,
,,, Some-college,10.374862670898438,,,,,,277.54827880859375,43.56413269042969,,,
,,,,9.897233009338379,,,,,,324.90667724609375,,,,
,,,,,,,, White,,,,,,
33.647186279296875,,,,,,,, White,,226.29315185546875,49.903995513916016,35.797828674316406, United-States,
, Private,,,,,,, White,,,,,,
,,, HS-grad,,,,, White,,,,,,
,,,,,,,,,,,,,,
,,,,9.131603240966797, Never-married, Other-service,,,,,,,, <=50K
39.004756927490234,,,,,, Craft-repair,,,,,,,,
41.961997985839844,,,,,,, Husband, White,,,,41.275108337402344,,
,,,,,,,,,,,,,, <=50K
,,176523.34375, HS-grad,, Married-civ-spouse,,,,,,,, United-States,
, Private,,,, Widowed,,,,,,,,,
,,,,, Never-married,,,,,,,,, <=50K
, Private,,,6.272340774536133,,,,,,,,34.27448654174805,, <=50K
40.64331817626953,,,,,,, Husband,, Male,,,,,
, Private,181774.21875,,,,, Husband,, Female,,,50.82959747314453, United-States,
,,,,,,,,, Male,,200.73402404785156,,,
,,,,,, Craft-repair,,, Female,836.9466552734375,,,,
,,,,,,,,, Female,-2634.28955078125,,,, >50K
, Private,,,,,, Husband,,,,,,,
,,193578.6875, Some-college,10.051031112670898,,,, White,,,,,,
35.03013229370117,,, Bachelors,,,, Not-in-family,,,,66.42350769042969,40.07365036010742,,
,,,,,,,, White, Female,,,,,
36.01983642578125,,,,,,,, White, Male,,94.22601318359375,,,
,,201436.21875, Bachelors,,,, Husband,, Male,,,48.36890411376953,,
,,,,, Married-civ-spouse,,, White,,,,,,
23.417131423950195,,, Bachelors,, Married-civ-spouse,,,, Female,-2462.02978515625,,,, >50K
,,,,,,,,, Male,,108.29222106933594,,,
,,,,7.323320388793945,,, Not-in-family,,,,-65.06159973144531,, United-States, <=50K
39.22216796875, Private,183299.609375,,10.548381805419922,,,,,,,,, United-States,
, Private,,,,, Craft-repair,,,,,,,,
,,,,,,,,,,,,, United-States,
, Private,,,,,,, White, Male,-57.1160888671875,75.40335845947266,,,
, Private,,,,,,, White,,,,,, <=50K
, Private,186214.71875,,,,,,,,,,,,
,,,,,,,,,,,,34.84517288208008,, <=50K
,,, HS-grad,,,, Not-in-family, White,,,,35.970863342285156,, <=50K
,,,,, Married-civ-spouse, Exec-managerial,,,,,207.60238647460938,,,
,,190359.5,,,,,,, Male,,,,,
,,194487.671875, HS-grad,,,,,,,-3912.6455078125,-81.80377197265625,37.68796920776367,, <=50K
,,, Bachelors,, Married-civ-spouse,,, White, Female,,,48.309814453125,,
,,,,,,,,,,-371.4869384765625,,,,
, Private,,,,,, Husband,,,,,,,
31.789318084716797, Private,,,,, Prof-specialty,,, Female,,9.953742980957031,,, >50K
,,,,,,,,,,,59.29487991333008,,,
, Private,,,11.733052253723145, Married-civ-spouse,,,, Male,,,,,
, Private,,,10.583574295043945,,, Own-child,,,,,, United-States,
,,,,,,,, White,,-145.15966796875,,,,
34.52941131591797,,,,, Married-civ-spouse, Craft-repair, Husband,, Female,,79.10014343261719,, United-States,
53.94501876831055,,,,,,,,,,,,,,
36.95293426513672,,,,,, Prof-specialty,,,,,,,, >50K
,,,,,,,,, Male,,,,,
,,,,9.613064765930176, Married-civ-spouse,,,, Male,,,,,
,,,,,,, Husband,,,,,,,
45.34587097167969,,,,,, Craft-repair,, White,,3318.62255859375,,,,
, Private,182096.375,,11.701032638549805, Married-civ-spouse,,,,,,,,,
39.93606948852539, Private,,,10.440032958984375,, Adm-clerical,,,,,,38.72038269042969, United-States,
,,,,,,,,, Male,,,, United-States,
,,,,,,, Not-in-family,,,5485.8564453125,,,,
,,, Bachelors,,,,,, Male,4136.41455078125,,, United-States,
,,,,,,,,,,,,,, <=50K
36.748497009277344, Private,,,,,,,,,,,, United-States,
37.568729400634766, Private,191671.765625,,,,,,,,,,41.85602569580078,,
33.5120964050293,,,,,, Adm-clerical,,,,-36.1077880859375,33.9771728515625,36.7990608215332,,
,,, HS-grad,7.570242404937744,,,,,,,,37.0523681640625, United-States, <=50K
,,,,, Never-married,,,, Female,,,, United-States, <=50K
, Private,,,12.7296724319458,, Exec-managerial,,,,,187.5321044921875,,,
,,, HS-grad,,,,,, Female,-3802.41015625,-61.08595275878906,,, <=50K
,,,,,,,, White,,,,,,
, Private,,,,,,,,,,35.32923889160156,, United-States,
, Private,,,8.130192756652832,,,,,,-3485.1220703125,,,, <=50K
, Private,195609.859375,,,,,, White,,,,,,
32.76446533203125,,186988.609375,,,,,,,,-3450.1376953125,,, United-States, <=50K
, Private,,,9.041479110717773,,, Husband, White, Male,,,,,
40.16066360473633,,194688.546875,,,,,, White,,,,,,
39.35379409790039,,,,,, Craft-repair,,,,,,43.1937255859375,,
,,,,,,,,,,-118.669921875,55.67203903198242,,,
,,,,,, Craft-repair, Husband,, Male,,,50.128597259521484,,
,,, HS-grad,, Married-civ-spouse,,,,,,,,,
,,,,,,,,,,-317.7493896484375,,,,
,,,,10.70798110961914,,, Husband,, Female,,,, United-States,
,,,,12.047541618347168,, Exec-managerial, Not-in-family,,,-1991.9752197265625,,46.55342102050781,,
29.608713150024414,,195847.28125,,, Divorced,,,,,,14.214385986328125,,,
,,, 7th-8th,,,, Husband,, Male,,,46.849300384521484,,
, Private,198938.25,,,,,, White,,,,,,
,,187700.25, Bachelors,, Married-civ-spouse,,, White,,,,, United-States,
,,,,,,,,, Male,,,46.49284744262695, United-States,
,,, HS-grad,11.709749221801758,,, Husband, White,,,,,,
,,,,, Married-civ-spouse,,,,,3553.99365234375,,,,
,,,,,,,,,,,,,, <=50K
,,,,10.756002426147461,,, Not-in-family,,,,71.56890869140625,,,
,,, Some-college,,, Adm-clerical,, White,,-794.1678466796875,,,,
,,,,, Never-married,,, White,,,,,, <=50K
, Private,197911.265625,,,,,,, Male,62.71612548828125,,44.1431884765625,,
,,,,, Widowed,,, Other,,,-63.31968688964844,,, <=50K
,,, HS-grad,9.513994216918945,,,,, Male,,,,,
30.071765899658203,,,,, Married-civ-spouse,,, White, Female,-2325.22412109375,,,, >50K
,,, Some-college,,, Craft-repair,,,,,,,,
,,,,,, Craft-repair,,, Female,-3082.4482421875,,,, <=50K
,,,,9.419252395629883,,,,,,,,,,
27.639934539794922, Private,,,,,,,,,,,,,
32.93045425415039,,, Some-college,11.27751636505127, Married-civ-spouse,,,,,532.3683471679688,,42.56721115112305, United-States,
,,, Some-college,,,,,, Female,,,,,
43.37607192993164,,,,,, Prof-specialty, Husband,,,,,46.4561767578125,,
,,,,,,, Husband, White,,,,, United-States,
, Private,, HS-grad,,,,,,,,,43.49505615234375, United-States,
, Private,186402.84375,,,,, Not-in-family,,,,,,,
, Private,,,11.467964172363281, Married-civ-spouse,,,, Male,,,,,
,,,,,,,,, Male,,,,,
,,,,,,,,,,,,,,
,,,,9.711048126220703, Never-married,,, White,,,-45.03419494628906,,, <=50K
, Private,197366.5, HS-grad,,,,,,,,,40.33603286743164,,
,,193103.03125, HS-grad,, Married-civ-spouse,, Not-in-family, White,,,64.11345672607422,,,
,,,,,,,,,,,,,,
35.40019226074219,,, Some-college,10.133576393127441,,,,,,,,,,
,,177462.796875,,10.803625106811523, Divorced,, Not-in-family, White,,,,,,
34.07689666748047, Private,,,,,,,,,,44.20522689819336,,,
,,,,,,,,,,,,,,
,,,,,,,,, Male,,,,,
,,,,,,,,, Male,,,49.594642639160156,,
, Private,,,,,,,,,,,,,
,,181847.140625,,,,,,,,,,,,
, Private,,,, Married-civ-spouse,,,,,,,,,
, Private,, HS-grad,, Never-married, Adm-clerical,,,,,,,,
35.99655532836914,,,,,,,,,,,79.83805847167969,,,
,,,,,,,, White, Male,405.40142822265625,,45.306732177734375,,
40.62279510498047,,, HS-grad,,, Craft-repair,,,,,,40.70573425292969,,
, Private,,,10.393404006958008, Married-civ-spouse, Craft-repair,,, Female,,,50.56792068481445,,
,,,,,, Craft-repair,, White,,-3350.3251953125,-51.781768798828125,,, <=50K
,,,,,,,,, Male,,,, United-States,
,,,,, Married-civ-spouse,, Not-in-family,,,,,,,
,,,,10.729331970214844,,,,,,,,, United-States,
43.837894439697266,,,,9.688532829284668,,, Husband,,,,,,,
43.642738342285156,,,,,,,,,,,,,,
,,169602.34375,,,, Exec-managerial,,,,,236.39886474609375,,,
30.36615753173828,,,,,,,,,,,,,,
,,,,,, Craft-repair,, White,,,,,,
,,,,,,,, White,,,,, United-States,
32.89236831665039,,, Bachelors,,,,, White, Female,,72.99581909179688,,,
39.44175338745117, Private,,,,, Adm-clerical,,,,-94.7120361328125,,,,
32.78942108154297,,,,,,,,,,,-52.17515563964844,38.135379791259766,, <=50K
31.073219299316406,,182890.25,,,,,,,,,,,, <=50K
,,,,,,,, White,,,,,,
39.80768966674805,,,,,, Craft-repair,,,,,,,,
, Private,,,,,,,,,,,,,
,,,,11.058279991149902,,, Husband,,,,,45.16537094116211,,
,,, Some-college,12.528682708740234,, Exec-managerial, Wife,,,3517.908203125,195.60986328125,44.16366195678711,,
,,,,,,,,, Male,158.5074462890625,60.71282196044922,, United-States,
,,,,,,,,,,,,,,
,,,,,, Craft-repair,, White,,,,43.0822868347168, United-States,
,,203818.6875,,, Never-married, Craft-repair,,,,-154.99951171875,,,,
,,,,,,,, White, Male,,,,,
,,,,,,,,,,,,, United-States,
, Private,,,,,,,,,,,,,
,,,,9.77284049987793,, Adm-clerical, Unmarried,,,,,,, <=50K
, Private,,,,,, Husband,, Male,,,48.0792121887207, United-States,
,,, Bachelors,,,,, White,,,,41.38056945800781,, <=50K
,,,,,, Prof-specialty,,,,,,,,
,,,,,,,,,,,,,, <=50K
,,, Bachelors,,,,, White,,1976.701416015625,,,,
,,, HS-grad,,, Craft-repair,,,,,,, United-States,
,,,,,, Exec-managerial,,,,,,, United-States,
,,,,8.969647407531738,,,,,,,,40.54623031616211,,
,,,,10.169037818908691,,,,,,,,,,
,,201054.0625, Some-college,,,, Own-child,,,,,45.64399719238281,,
, Private,, Bachelors,,,,,,,,,,,
,,, HS-grad,,, Craft-repair,, White,,,-56.76692199707031,39.0161018371582, United-States, <=50K
,,,,,,,,,,,,42.98616027832031,,
25.932531356811523,,,,,,,,,,,13.43109130859375,,,
,,195796.21875,,,,, Husband,, Male,,,, United-States,
,,,,11.696761131286621,,,,,,,,, United-States,
,,,,, Married-civ-spouse,,, White,,,,, United-States,
,,, HS-grad,, Married-civ-spouse,,,,,-258.72412109375,,,,
48.75799560546875,,,,,,,,,,,,, United-States,
39.67910385131836,,,,,,,,,,,,,,
,,206190.59375,,,,,,, Female,,,,,
43.04119110107422,,183896.84375,,,,,,,,,,, United-States,
, Private,181538.015625, HS-grad,,,,, White,,,,, United-States,
,,,,, Never-married,,,,,-3187.82763671875,,,, <=50K
44.39213562011719,,,,,, Craft-repair,,,,262.18780517578125,,,,
38.28502655029297,,,,,,,,,,,,,,
,,179138.9375,,9.068534851074219,,, Unmarried,,,,,,, <=50K
,,, Some-college,, Never-married,,,,,,-109.71075439453125,30.367185592651367, United-States, <=50K
36.048667907714844,,, HS-grad,,,,,,,,,,,
,,,,,,,,,,,,, United-States,
, Private,,,,,, Husband,,,,-21.773948669433594,,, >50K
33.489051818847656,,179853.0,,,, Other-service,,,,,-67.74423217773438,,, <=50K
,,,,, Married-civ-spouse,,, White,,53.5118408203125,,,,
,,190565.0625,,,,,,,,,,47.479774475097656,,
,,,,9.055838584899902,,,, White,,,,,,
,,,,,, Craft-repair,,,,,,,,
36.641883850097656, Private,,,,, Craft-repair,, White,,,,, United-States,
,,,,12.36530590057373, Married-civ-spouse, Exec-managerial,,,,,,,,
,,,,,,,,,,,,,,
,,,,,,,,,,,,, United-States,
,,,,,,,,,,,,,,
, Private,,,,,, Not-in-family,,,,-30.861557006835938,40.12589645385742,, <=50K
, Private,,,9.12743854522705, Never-married, Other-service,,,,-2481.61767578125,,41.265777587890625,, <=50K
30.16256332397461,,,,,,,, White,,,,,,
, Private,,,,,,,,,-643.8507080078125,,,,
, Private,,,,, Prof-specialty, Husband,,,,,,,
,,,,9.667181015014648,,,,, Male,461.80816650390625,,,,
,,, Some-college,,,,, White,,,,38.331729888916016,,
,,,,,,, Husband,,,,,,,
,,,,,,,, White, Male,,,46.976627349853516,,
,,,,,,,,,,,,,,
,,,,,,,,,,-206.867919921875,,, United-States,
,,, Some-college,,,,,,,,,, United-States,
,,,,9.853108406066895,, Craft-repair,,, Female,-120.2713623046875,54.78026580810547,,,
, Private,,,,,, Not-in-family,,,-1977.9385986328125,,,, <=50K
,,,,,,,,,,,60.153194427490234,36.31824493408203, United-States,
,,,,,,,,, Male,,,,,
34.58771896362305, Private,, HS-grad,,,, Not-in-family,,,-3733.64599609375,,,, <=50K
,,197723.8125,,,,, Husband,, Male,,,54.66492462158203, United-States,
,,,,,,,,,,,,,, <=50K
,,172317.71875,,,,,,,,,,, United-States,
,,,,10.406558990478516,,,,,,443.85662841796875,,,,
,,,,,,,,,,,,,,
,,, Some-college,,,, Husband, White, Male,,,,,
, Private,, HS-grad,,,,, White,,48.659423828125,,38.5201530456543, United-States,
,,,,,,,,,,-3548.361328125,,,, <=50K
,,157243.78125, HS-grad,,, Farming-fishing,,,,,,,, >50K
,,,,12.00852108001709,,,, White,,,207.68438720703125,,,
, Private,184353.421875,,10.729252815246582,, Adm-clerical,, White,,1010.6210327148438,,, United-States,
,,197629.359375,,,, Other-service,,,,,,40.89225769042969,, <=50K
, Private,,,9.352313995361328,,, Not-in-family,,,,,,,
,,,,,,,,,,,,,,
,,,,, Married-civ-spouse,,,, Male,,138.2645721435547,,,
,,,,8.278125762939453,, Other-service,,,,-2990.63525390625,-44.12811279296875,,, <=50K
,,,,8.989557266235352, Married-civ-spouse,,,, Male,152.0662841796875,,45.820526123046875,,
43.18990707397461,,198098.625, Some-college,11.367363929748535,,,,, Male,,,, United-States,
,,190619.5,,11.142536163330078,,, Husband,,,,,46.085758209228516,,
,,195777.34375,,,,,,, Male,,,,,
,,179871.171875,,, Divorced,,, White,,,,,,
,,185256.265625, Some-college,, Married-civ-spouse,, Not-in-family,,,,,,,
, Private,,,,, Craft-repair,,,,,70.74246215820312,,,
,,, Bachelors,,,,,,,,,44.45449447631836,,
52.01329803466797,,,,,,,,,,,,,,
,,,,8.546854019165039,,,,,,,,,,
,,,,,,, Husband,, Male,,,50.769142150878906,,
,,,,,, Craft-repair,,,,,,,,
, Private,,,,,, Not-in-family,,,-3296.30126953125,,,, <=50K
,,,,,,,, White,,,,, United-States,
, Private,,,, Married-civ-spouse,, Not-in-family, White,,,,,,
,,,,,,,, White, Female,,,, United-States, <=50K
,,,,,,,,,,,,,,
,,,,,,,,,,180.077392578125,,32.06068420410156,,
,,, Bachelors,,, Exec-managerial,,,,,,,,
,,183224.15625,,,,,,,,,,, United-States,
42.40184020996094,,,,,,, Husband,, Male,,,,,
,,,,,,, Husband,,,,,,,
,,206758.0,,, Never-married,,, White,,,,,, <=50K
, Private,, HS-grad,,,,,, Female,-3365.7900390625,,,, <=50K
,,, Some-college,11.535564422607422,,,,,,3194.7744140625,,,,
,,, Bachelors,, Married-civ-spouse,,,,,,,, United-States,
,,,,, Married-civ-spouse,,,,,,,,,
,,214734.6875,,10.471506118774414, Married-civ-spouse,,,, Female,,,,,
,,195248.09375,,,,,,,,,,,,
,,,,,,,,,,,,37.66099166870117,,
35.46416091918945,,,,,,,,,,,,34.58822250366211,,
, Private,192376.796875, HS-grad,,,,,, Male,,,,,
, Private,205812.328125,,,,,,, Female,225.64605712890625,64.88912200927734,46.892608642578125,,
,,, Some-college,10.45529556274414,,,,, Male,,71.76998901367188,,,
, Private,, HS-grad,,,, Unmarried,,,,,38.164527893066406,,
,,186930.84375,,,,,,,,,,,,
,,,,,,,,,,-2702.00244140625,,, United-States, <=50K
, Private,,,,,,,,,,,,,
, Private,, HS-grad,,,, Own-child,,,,,,,
, Private,186392.03125,,10.396665573120117, Married-civ-spouse,,,, Male,,195.90640258789062,49.437591552734375,,
,,,,,,,,,,5129.73828125,,46.721702575683594,,
,,,,,, Craft-repair,,,,,,,,
41.287620544433594, Private,,,11.349889755249023,,,,,,,186.50100708007812,,,
, Private,,,,,, Husband,,,,,,,
,,189468.21875,,,, Adm-clerical,,,,,,,,
,,,,,,,,,,,,, United-States,
, Private,,,,,, Own-child, White,,-3901.408203125,,,, <=50K
21.408483505249023,,191758.984375,,7.230424880981445, Never-married,,,,,,,,, <=50K
35.350685119628906, Private,, HS-grad,,,,,,,,,,,
,,,,, Married-civ-spouse,, Husband,, Male,,,,,
,,,,9.554285049438477, Divorced,,, White,,,39.25218200683594,,,
, Private,188690.46875, HS-grad,,,, Unmarried,,,,,,, <=50K
, Private,, Bachelors,,,, Not-in-family,,,,,, United-States,
,,,,,,,,,,143.86151123046875,,,,
,,175468.921875,,,,, Not-in-family,,,,,, United-States,
,,,,,,, Not-in-family,,,,,43.587646484375, United-States,
,,,,,,,,,,,,,,
, Private,,,,,,,,,,22.802085876464844,, United-States,
, Private,,,8.28138256072998,,,, White,,,,,,
,,, Bachelors,, Never-married,,,,,-2624.744140625,,,, <=50K
32.790550231933594,,184436.171875,,,,,,,,,45.66995620727539,,,
,,,,,,,, White,,,,, United-States,
,,,,,,, Husband, White, Male,,,51.368194580078125, United-States,
,,,,,, Other-service, Not-in-family,,,-154.971435546875,,, United-States,
,,,,,,, Own-child,,,,,,,
48.94279098510742,,, Some-college,12.515220642089844,,,,, Male,,207.07830810546875,,,
, Private,200081.890625,,8.742718696594238,,,,,,,60.34443664550781,39.58821487426758,,
, Private,,,,,,, White,,-91.5638427734375,,,,
,,175080.234375,,,,, Not-in-family,,,,-52.039215087890625,, United-States, <=50K
, Private,,,11.007831573486328, Never-married, Machine-op-inspct,,,,,,,,
,,,,,,,,,,,,,,
,,,,,, Prof-specialty,,,,,,,,
,,,,,,,,,,,,,,
,,,,,,,,, Male,-274.632568359375,53.18454360961914,,,
36.2576904296875,,, HS-grad,,,,,,,,,,,
33.4498291015625,,,,,,,,,,,,,, >50K
,,,,11.4408597946167,,,,,,,,,,
,,189424.640625,,,,,,,,292.893310546875,,,,
31.477615356445312,,,,,,,,,,960.1875610351562,,,,
,,,,,, Adm-clerical,, White,,-8.122314453125,,, United-States,
,,, Masters,, Married-civ-spouse,,,,,,,, United-States,
,,,,,,,,,,,,,,
,,175570.203125,,, Divorced,,,,,,,,, <=50K
,,,,,,,,,,,,, United-States,
, Private,, Bachelors,,, Exec-managerial,,,,,,47.75035095214844,,
,,,,, Married-civ-spouse,,,,,,,,,
,,177944.984375, Bachelors,,,, Husband,,,4281.40380859375,,,,
,,,,, Never-married,,,,,,,, United-States,
,,,,,,,, White, Male,,,,,
,,,,,,, Own-child, White,,,,,,
,,,,,,,,, Male,,,47.154178619384766,,
,,,,,, Prof-specialty,,,,,,,,
,,,,,, Exec-managerial,,,,,,,,
45.60648727416992,,,,,,,, White,,,95.27118682861328,,,
,,,,,,,,,,,,43.06903076171875, United-States,
,,,,,, Other-service,,,,,,,, <=50K
40.78960037231445,,,,,,,,,,,,,,
, Private,,,,,, Husband, White, Male,-162.310302734375,,,,
,,,,, Divorced,,,,,,,34.532222747802734,,
, Private,,,, Never-married,, Not-in-family,,,,,,,
,,,,,,, Not-in-family,,,,,41.3250846862793,,
,,,,,,,,, Male,,,, United-States,
,,, Bachelors,,, Prof-specialty,,,,,,,,
,,, HS-grad,, Never-married, Other-service, Own-child,,,,,, United-States,
,,,,,,,,,,,,,,
,,,,,,,,, Male,,,41.18235778808594, China, >50K
,,,,,,,,,,,,,,
,,,,,,,,,,,,,,
47.61919021606445,,,,,,, Husband,, Male,3538.7119140625,,, United-States,
24.484546661376953, Private,,,,,,,,,,,,,
, Private,,,, Married-civ-spouse,,,,,,,,,
,,, Bachelors,, Never-married,,, White,,-4.6890869140625,,,,
33.82088088989258, Private,,,8.619484901428223,,,,,,,,, United-States,
42.35804748535156,,,,,,,,,,4327.8427734375,,,,
,,,,, Married-civ-spouse,,,, Male,,,,,
,,,,,,, Own-child,,,375.60345458984375,,, United-States,
,,,,,, Craft-repair,,,,,,44.89653015136719,,
44.781982421875,,,,,, Craft-repair, Husband, White, Male,,98.24360656738281,,,
,,, HS-grad,8.793807983398438,,, Husband,, Female,,,,, >50K
,,177135.96875,,,,,,,,,,28.74382209777832,, <=50K
,,,,,,, Not-in-family,,,,,,,
35.458797454833984, Private,, Bachelors,,,,,,,,,,,
38.27425765991211,,,,8.97530460357666,,,, White,,,,,,
,,,,, Never-married, Adm-clerical,,,,,,33.646385192871094,, <=50K
,,,,,,,,, Male,,,,,
36.6976318359375,,,,,,,,,,,,43.974674224853516,,
,,190144.171875,,,,,, White,,,,,,
,,172002.6875,,,, Prof-specialty, Not-in-family,,,,,,,
,,, HS-grad,, Married-civ-spouse,,,, Male,,,,,
,,, HS-grad,,,, Husband,, Male,,,, United-States,
,,,,, Never-married, Craft-repair,,,,,36.202545166015625,42.78062438964844, United-States,
,,, HS-grad,, Never-married,,, White,,,,,,
27.12252426147461,,193142.140625, Bachelors,, Married-civ-spouse,,, White,,,,,,
, Private,,,,, Prof-specialty,,,,,,44.328800201416016,,
32.017513275146484, Private,,,,,,, White,,,51.145774841308594,35.53915786743164,,
,,, HS-grad,,,,,, Female,,,,, <=50K
29.415956497192383,,,,,,,,,,,,,,
41.12831497192383,,,,,,, Not-in-family,,,,102.85875701904297,,,
,,,,, Married-civ-spouse,,,,,,230.79893493652344,,,
,,,,,,,,, Male,,,,,
,,,,,,,,,,4112.8798828125,196.26095581054688,,,
,,,,,,,, White,,,,, United-States,
, Private,,,,,,, White,,,,,,
,,, Masters,,, Prof-specialty,,,,,,,,
,,,,10.917675971984863,, Craft-repair,,,,114.45574951171875,,,,
,,,,,, Craft-repair,,, Female,406.451416015625,58.485267639160156,,,
,,,,11.2947416305542, Never-married,, Own-child,,,,,,,
33.58263397216797,,, Some-college,,,,,,,,,,,
,,,,, Married-civ-spouse,,,, Female,-2837.80859375,,43.74532699584961,, <=50K
, Private,,,,,,, White,,3264.21240234375,182.532958984375,,,
,,,,6.610736846923828,,,, White,,-3572.931640625,,, United-States, <=50K
,,,,,,,,,,,,38.23862075805664, United-States, <=50K
40.64908218383789,,, Bachelors,,,, Husband,, Male,,,,,
27.895217895507812,,,,,,,, White,,,,, United-States,
,,,,, Never-married, Prof-specialty, Not-in-family,,,,83.92108154296875,,,
26.69475555419922,,197715.296875, 7th-8th,, Never-married,,,,,,-119.06590270996094,36.77975845336914, United-States, <=50K
,,171311.25, HS-grad,9.757444381713867,,,,,,100.98724365234375,46.20425796508789,36.21676254272461,,
,,, HS-grad,, Married-civ-spouse,,,,,,,,,
,,,,11.274225234985352,, Adm-clerical,,,,,,,,
,,,,,,, Husband,,,221.26898193359375,,41.67824172973633,,
,,201935.34375,,,,,,,,-69.3087158203125,37.731781005859375,,,
36.918243408203125,,,,,,,,, Male,,100.39199829101562,,,
, Private,,,,,,,, Female,,,45.769527435302734,,
, Private,,,,, Craft-repair,, White,,,87.65522003173828,, United-States,
,,,,9.856234550476074,,,,,,,,, United-States,
42.59929275512695,,198583.578125,,,,, Husband,, Male,,,49.10776901245117,,
,,, Some-college,11.072839736938477,,,,,,,151.88290405273438,,,
36.82441329956055,,204877.171875,,,,,,,,-305.495361328125,,,,
, Private,,,,,,,,,,242.3654022216797,,,
40.66743469238281,,186366.578125,,,,,,,,,,,,
, Private,,,,,,,,,,,,,
44.923702239990234,,196905.484375,,,,, Husband,,,,,,,
35.96263122558594,,,,,,,,, Male,,,44.49072265625, United-States,
,,,,10.556729316711426,, Exec-managerial,,,,893.3701782226562,92.82861328125,,,
, Private,,,8.859816551208496, Married-civ-spouse,,,,,169.595703125,,,,
32.952205657958984,,189400.296875,,, Married-civ-spouse,,,,,,,,,
,,,,, Never-married,,,,,,-87.03729248046875,,, <=50K
,,,,,,, Husband,, Male,195.58502197265625,,46.927879333496094, United-States,
,,,,, Never-married,,, White,,,56.70317077636719,42.99477767944336,,
, Private,, HS-grad,9.817864418029785,,,,,,,,, United-States,
48.47085189819336,,,,,,, Wife,,,,,,,
43.168792724609375,,,,,,,,,,,,, Mexico,
39.10362243652344,,, HS-grad,, Married-civ-spouse,,,,,3491.63818359375,,, United-States,
,,,,9.612321853637695, Married-civ-spouse,, Not-in-family,,,,,, United-States,
,,, Bachelors,,,,,,,,,, United-States,
,,187312.328125, Some-college,12.190916061401367, Married-civ-spouse,,,,,,,,,
, Private,,,,,,,,,-3398.42138671875,,, United-States, <=50K
,,,,,,, Husband,,,,,35.602481842041016,,
, Private,,,,,,,,,,,,,
,,182081.015625, Some-college,11.391851425170898,,,,,,,,,,
,,,,11.717267990112305,,,, White,,3430.70458984375,,, United-States,
, Private,,,,,,, White,,,,,,
,,,,,,,,, Female,,107.12740325927734,50.15000915527344,,
, Private,, HS-grad,10.191241264343262,, Adm-clerical,,,,151.2369384765625,,38.341285705566406,,
,,,,,,,,,,,,,,
, Private,, HS-grad,,,,,,,,55.820030212402344,41.37206268310547, United-States,
41.08818435668945,,,,,,, Unmarried,,,,-67.734619140625,,, <=50K
25.65813446044922,,,,8.833231925964355, Married-civ-spouse,,,,,,38.75059509277344,,,
, Private,, 10th,, Married-civ-spouse, Handlers-cleaners,,, Female,,,46.79144287109375,,
,,,,11.173360824584961,, Other-service, Own-child,,,,,,,
, Private,,,,,, Husband,,,,,41.26349639892578,,
,,, HS-grad,, Never-married,,,,,,,, United-States, <=50K
,,,,,,,,,,,83.79490661621094,,,
, Private,,,,, Prof-specialty,,,,,71.06655883789062,, United-States,
,,,,10.684530258178711,,,,,,,,, United-States,
40.88833999633789,,,,,, Prof-specialty, Not-in-family,,,,,,, >50K
,,,,,,,, White,,,,,,
, Private,167249.890625,,,,,,,,,,,,
,,193268.109375, Some-college,,,,,,,,,35.73924255371094,,
,,, Bachelors,,, Prof-specialty, Not-in-family,,,,,,,
,,,,11.28804874420166, Married-civ-spouse,, Not-in-family,,,,,,,
,,,,,,,,,,-3199.80078125,,, United-States, <=50K
32.168548583984375, Private,,,,, Other-service,,,,,,,,
51.711612701416016,,207361.609375,,,,,,,,,,,,
,,,,10.203046798706055,,,, White,,,,,,
,,, 7th-8th,,,,,, Male,,,,,
,,,,,,,,,,,,, United-States,
,,, Some-college,, Married-civ-spouse,,,,,,,, United-States,
,,182149.953125,,, Divorced,,,,,,,, United-States,
33.793949127197266, Private,175795.53125, Bachelors,,,,,,,450.7373046875,,,,
,,,,,,,,,,,,,,
,,,,, Married-civ-spouse,,,, Male,,,55.19498825073242, United-States,
,,,,, Married-civ-spouse,,,,,,91.93412017822266,,,
,,198895.46875,,9.581292152404785,,,,,,,,,,
,,,,,,,,,,,,,,
,,,,,,, Husband,, Male,-4424.52001953125,-80.46304321289062,,, <=50K
,,,,12.442951202392578, Married-civ-spouse, Exec-managerial,,,,,188.0428466796875,47.951744079589844,,
,,,,8.47825813293457,,,,, Male,,75.82894897460938,, United-States,
,,195665.59375,,,,,, White,,,214.38609313964844,,,
,,,,,,,,,,,41.053524017333984,,,
,,, Some-college,, Married-civ-spouse,,,,,,47.63705825805664,, United-States,
,,,,,,,,,,,,,,
, Private,,,8.747220039367676,,, Not-in-family,,,,,,,
,,,,, Never-married,,,,,,,29.29648780822754,, <=50K
, Private,, HS-grad,, Divorced,,, White,,,-57.62934875488281,,, <=50K
,,199447.5,,,,, Husband,, Male,-32.9302978515625,,46.70756149291992,,
, Private,,,,,,,,,,68.50592041015625,,,
,,,,,, Craft-repair,, White,,3781.0927734375,,, United-States,
32.53445816040039,,187104.65625,,,,,, White,,,,41.907981872558594, United-States,
,,,,9.736275672912598,,,,, Male,,,,,
,,,,,,,,, Male,,83.81246185302734,,,
31.570693969726562,,,,, Married-civ-spouse,,, White,,,,,,
,,,,7.962308883666992,,,,, Female,,-33.740257263183594,,, <=50K
40.59363555908203,,,,9.61780071258545,,,,,,,80.92793273925781,,,
26.60658073425293, Private,, 11th,, Divorced,,,,,,-5.5868682861328125,, United-States,
41.264774322509766, Private,,,,,,,,,3999.93994140625,202.53677368164062,47.385414123535156,,
33.11360168457031,,,,,, Craft-repair,, White, Female,,,,,
,,,,,,, Husband, White,,,,,,
,,189797.5,,,,,,,,387.39459228515625,,,,
,,,,,,,,, Male,-411.2589111328125,,,,
,,196266.546875,,,,,, White,,,,,,
40.93394088745117,,195145.15625,,,,,,,,,10.582656860351562,, United-States,
45.21184539794922,,,,,,, Husband,,,,,,,
,,, Masters,,, Prof-specialty,, White,,,236.67578125,48.99430847167969,,
,,, Bachelors,,,,,, Male,,,53.73998260498047, United-States,
,,,,,,,,, Female,,,,,
,,199245.6875,,, Never-married,, Own-child,,,-320.720947265625,,40.94978713989258,,
35.76154327392578,,,,,,,,,,,,,,
36.80908203125,,,,7.522873401641846,,, Not-in-family, White,,,,37.305450439453125,, <=50K
39.51114273071289, Private,,,10.18665599822998,,,, White,,,,,,
33.00456619262695,,,,8.073532104492188,,,,,,-3402.42041015625,-66.10238647460938,,, <=50K
,,,,,,,,, Male,,,,,
,,,,, Never-married,,, White, Female,,-48.301483154296875,,, <=50K
, Self-emp-inc,,,,, Prof-specialty,,,,,,,,
, Private,,,,,,, White,,,,,,
, Private,,,, Never-married,,,,,,,,,
,,,,11.926606178283691,,,,,,,211.5301971435547,40.822486877441406,,
,,,,,,,,,,,,,,
,,,,,,,,,,,,,,
,,,,,, Handlers-cleaners,,,,,,,,
,,,,, Married-civ-spouse,, Husband, White, Male,,94.86754608154297,, United-States,
,,,,,,, Husband,,,,,,,
,,, Bachelors,,,, Not-in-family,,,,,, United-States,
28.064556121826172,,206074.4375,,, Married-civ-spouse,,,, Female,,,,,
, Private,, HS-grad,,,,,,,,,,,
,,,,8.35233211517334,, Other-service,, White,,,,,, <=50K
,,190942.28125,,,, Craft-repair,,,,,,,,
,,185280.84375, Bachelors,,,,,, Female,,,,,
,,, Bachelors,,,, Not-in-family,,,,,39.64667892456055,,
,,205487.390625,,9.488194465637207,,,,, Female,,,,,
,,,,,,,,,,,,,,
29.62092399597168,,179140.796875, Bachelors,,,,,,,-2973.15625,,,, <=50K
37.7435302734375, Private,,,,,,,,,,,42.22001266479492,,
,,,,, Married-civ-spouse,,,, Male,,,48.171363830566406,,
,,,,11.364317893981934,,,,,,1021.4365844726562,,,,
32.367515563964844,,180308.515625,,,,,,,,,,,, <=50K
,,,,,,,,,,,,,, <=50K
,,,,,,,,,,,52.33988571166992,, United-States,
,,,,,,,,, Male,,,,,
,,, Some-college,9.361492156982422,,,, White,,-378.6583251953125,,,,
,,,,,,,,,,,-68.50253295898438,,, <=50K
, Private,,,, Married-civ-spouse,,,,,,,,,
, Private,,,,,,,,,,,,,
,,192011.109375,,10.482388496398926, Married-civ-spouse,,,,,,,,,
27.772472381591797, Private,,,,,,,,,,,,,
,,, Bachelors,,,,,,,,,,, <=50K
,,,,,, Other-service,,,,-4376.96923828125,,,, <=50K
,,,,, Married-civ-spouse,,,,,,,, United-States,
,,213375.859375,,,, Handlers-cleaners,,,,,,41.42052459716797,,
,,,,,, Exec-managerial, Husband,,,,,, United-States,
,,,,,,,,,,,,36.86222839355469,,
,,, 11th,,,,,,,,,,,
,,,,, Married-civ-spouse,, Not-in-family, White,,163.890869140625,,,,
,,,,,,,,,,,71.94377136230469,, United-States,
,,184261.484375,,10.097393035888672, Never-married,,,,,,,,,
,,, Some-college,,,,,,,,-75.25201416015625,, United-States, <=50K
,,157680.765625,,, Widowed,,, White,,,-45.64619445800781,35.19163513183594, United-States, <=50K
,,, HS-grad,,,,,,,,,37.55815124511719,,
36.925777435302734,,,,,,,, White, Female,401.85113525390625,,48.41621780395508,,
,,,,,,,,,,504.99237060546875,,,,
,,, HS-grad,,, ?,,,,,-45.41188049316406,,, <=50K
,,, HS-grad,, Never-married,,,,,,12.623992919921875,, United-States,
,,,,,,,,, Male,,,48.12181854248047,,
,,,,11.289863586425781,,, Husband, White,,,,,,
,,,,, Never-married,,,,,,,,,
34.50332260131836,,,,,,, Husband,, Female,,,,, <=50K
,,,,,,, Husband, White, Female,,,,,
,,,,10.504739761352539,, Craft-repair,,, Female,486.37890625,,,,
,,, Some-college,,,,, White,,881.8914184570312,,,,
,,194341.015625,,, Married-civ-spouse,,,, Female,,,,,
,,,,,, Adm-clerical, Own-child,,,-26.388671875,,,,
38.62847137451172,,, Bachelors,, Married-civ-spouse,, Husband, White, Male,,,54.6984977722168,,
,,,,11.71277904510498,,,,,,,,46.73417282104492,,
,,, HS-grad,, Married-civ-spouse,,,, Female,,,, United-States, >50K
,,,,, Married-civ-spouse, Exec-managerial,, White,,,,, United-States,
,,192072.5,,10.613017082214355, Never-married,,,,,,,,,
,,, Bachelors,, Married-civ-spouse,,, White, Female,,,,,
,,,,10.78714656829834,,, Own-child, White,,19.0023193359375,,45.37317657470703,,
, Private,,,,,,,,,,,35.63017654418945,,
, Private,,,,,,,, Male,,79.55595397949219,45.89728546142578,,
,,,,,,,,,,,,,,
,,,,, Married-civ-spouse,,,,,,182.5833740234375,,,
39.5797004699707,,198629.15625,,10.363903999328613,, Craft-repair,,, Female,,96.22105407714844,,,
,,,,, Never-married,, Not-in-family,,,,109.24617767333984,42.993160247802734,,
, Private,,,,,, Husband,,,,,, United-States,
,,,,9.94277286529541,, Craft-repair,,,,409.553466796875,74.34434509277344,43.186370849609375,,
,,187501.890625,,,,, Not-in-family,,,,,37.02939987182617, United-States,
,,,,,,, Husband,,,,,48.403141021728516,,
,,199995.015625,,11.262138366699219, Never-married,,, White,,,,,,
,,,,,,,, White,,3143.4521484375,182.06536865234375,,,
30.66629409790039,,, HS-grad,, Married-civ-spouse,,,, Male,,,, United-States,
,,,,,,,,,,,-92.82887268066406,,, <=50K
48.765708923339844,,, Bachelors,,, Exec-managerial, Husband,,,,,,,
,,, Some-college,,,,, White,,,180.01519775390625,43.69269561767578, United-States,
,,,,,,,,,,,,38.7042350769043,, <=50K
,,177380.34375, Bachelors,, Married-civ-spouse,,,,,,202.7283935546875,,,
,,,,, Never-married,,, White,,,,38.148048400878906,,
,,,,,, Adm-clerical,,,,,78.74388885498047,,,
,,,,10.065743446350098,,,,,,,,37.96955108642578,,
,,,,,,,,,,,30.118053436279297,,,
,,,,,,, Own-child,,,-3171.64501953125,,,, <=50K
,,,,,,,,,,,69.84794616699219,,,
,,,,,,,,,,,,,,
,,205052.96875,,11.210855484008789, Never-married,, Own-child,,,134.40460205078125,,,,
,,,,,,,,,,,,,,
,,187173.015625,,, Married-civ-spouse, Exec-managerial,, White,,,,,,
43.78895950317383,,,,,,,,, Male,3772.3359375,,, United-States,
,,,,10.170522689819336,,,, White,,,,,,
, Private,,,,,, Not-in-family,,,,71.94288635253906,,,
,,,,,,,,,,,,,,
,,,,,,,,,,,-88.10575866699219,33.18873596191406,, <=50K
,,,,11.364423751831055,,,,,,,,,,
,,,,,,,,,,,-74.89935302734375,,, <=50K
,,, Bachelors,,, Exec-managerial, Husband, White,,,,,,
,,186472.953125,,,,,,,,525.8291625976562,,36.86993408203125,,
37.052833557128906,,,,,,,,, Female,,,46.725364685058594,,
,,, Bachelors,,,, Own-child,,,,54.32427215576172,,,
31.39227294921875, Private,,,, Never-married,, Not-in-family, White,,-340.5247802734375,,,,
, Private,,,,,, Not-in-family,,,,,, United-States,
,,,,12.346052169799805, Never-married, Exec-managerial,,,,,,,,
,,178017.921875,,,,,, White,,,,, United-States,
,,,,,,,, White,,,,,,
,,,,10.09841251373291,, Craft-repair,,, Female,,,,,
,,,,,,,,,,,,,,
,,205515.515625,,, Married-civ-spouse,,, White, Male,,62.652915954589844,,,
,,,,,,,,,,,,,,
, Private,,,, Married-civ-spouse, Craft-repair,,, Female,,,,,
,,197557.84375,,,,,,,,,74.61637878417969,, United-States,
37.00321960449219,,,,,,,,,,,-58.94435119628906,, United-States, <=50K
, Private,,,,,,,,,,,,,
,,,,, Married-civ-spouse, Exec-managerial,,,,1045.3702392578125,,, United-States,
,,,,,, Adm-clerical,,,,1013.3121337890625,,,,
,,195581.359375,,,,, Husband,, Female,,88.60305786132812,, India,
,,,,10.580140113830566, Divorced,,,,,,,,, >50K
36.74591064453125,,,,,,,,,,-9.03515625,,,,
, Private,194933.921875, Some-college,,, Craft-repair,, White,,-60.9378662109375,,,,
,,, HS-grad,,, Craft-repair,,,,-164.98388671875,71.92369079589844,,,
,,,,,,, Husband,, Female,,,41.63758850097656,, <=50K
,,,,,,,, White,,,-51.3072509765625,,, <=50K
, Private,,,,,,, White,,,,32.87778854370117,, <=50K
,,,,,,, Not-in-family,,,,,36.68279266357422,,
,,, Some-college,,, Adm-clerical,,,,,,,,
,,196527.65625,,7.245548248291016,,,,, Male,,,,, <=50K
, Private,,,9.278554916381836,,, Own-child,,,,,,,
,,, HS-grad,, Married-civ-spouse, Craft-repair,,, Female,,,, United-States,
37.879390716552734,,,,12.630267143249512, Married-civ-spouse,, Not-in-family,,,3909.640625,,,,
,,, Bachelors,,,, Husband,,,4121.7763671875,,,,
33.73126983642578,,,,,,,,,,,,,,
,,,,,, Craft-repair,, White,,,,,,
40.13898849487305,,, HS-grad,,,, Husband,, Male,,,,,
,,,,,,, Husband,, Male,,,50.835411071777344,,
,,169106.9375,,,,,,,,,,35.798152923583984,, <=50K
,,,,,,, Not-in-family, White,,,,,,
,,,,, Never-married,,,,,,,, United-States,
,,,,7.934927940368652, Married-civ-spouse,,,, Female,,,,, <=50K
, Private,194927.953125, HS-grad,,, Other-service,,,,,-82.86038208007812,,, <=50K
,,191280.015625,,,,,,,,,,32.18070602416992,, <=50K
31.23159408569336,,,,11.06822395324707, Married-civ-spouse, Exec-managerial,, White,,,,,,
,,,,,,,, White,,,,38.73417663574219, United-States,
,,,,,,,, White, Male,,,, United-States,
,,191847.953125,,,,, Husband,,,,,,,
47.796409606933594,,, Bachelors,,, Prof-specialty,,,,,214.81143188476562,48.78430938720703,,
,,,,,,,, White, Male,,,,,
,,, HS-grad,,,,,,,,,,, <=50K
,,,,,,,,,,,-33.471038818359375,,, <=50K
, Private,191021.046875,,, Married-civ-spouse, Sales, Not-in-family,,,,,46.20436096191406,,
, Private,,,9.63247299194336, Never-married, Other-service, Own-child,,,,-87.29460144042969,,, <=50K
,,,,,,,, White, Male,,,, United-States,
,,,,,,, Husband,,,,,, United-States,
43.50311279296875,,,,,, Prof-specialty, Husband,,,,128.47621154785156,46.20110321044922, United-States,
,,,,,,,,, Female,,,, United-States,
,,192914.796875, HS-grad,9.955805778503418,,, Husband,, Male,,,,,
,,,,,,,,,,,,, United-States, <=50K
, Private,,,, Married-civ-spouse,,, White, Female,,118.7282943725586,,,
,,,,, Married-civ-spouse, Exec-managerial,,,,,201.44091796875,49.050086975097656,,
,,, HS-grad,,,, Husband,,,,,,,
,,,,,, Craft-repair,, White,,,,,,
43.55134582519531,,,,, Married-civ-spouse,,,,,,,,,
22.489229202270508,,,,9.077709197998047, Divorced,,,,,,,,,
,,,,11.137187957763672, Never-married,, Own-child,,,,,45.652008056640625,,
, Private,,,,,,,, Male,,204.75489807128906,,,
36.11471176147461,,, HS-grad,8.581918716430664,,, Not-in-family,,,,,, United-States, <=50K
,,,,, Married-civ-spouse,,,,,,72.67572021484375,,,
, Private,,,, Married-civ-spouse,, Not-in-family,,,5228.5390625,,,,
30.01774024963379,,, HS-grad,, Married-civ-spouse, Craft-repair,,, Female,39.6519775390625,52.33159255981445,,,
,,183382.46875,,,,,,,,,,, United-States,
,,,,,,,,,,,,, United-States,
, Private,197273.28125, HS-grad,, Never-married,,,,,,,,,
,,178943.796875,,,,, Husband,,,,,, United-States,
42.69501876831055,,, HS-grad,,,,,,,2853.650146484375,,,,
,,,,8.470703125,,,, White, Male,,60.284812927246094,43.29264831542969,,
,,, Bachelors,,, Prof-specialty,,,,,,,,
, Private,,,6.868220806121826,,,,,,,,,, <=50K
,,,,10.599803924560547,, Craft-repair, Husband,,,,85.84811401367188,, United-States,
,,,,,,,,,,41.3160400390625,,,,
,,,,,,,,,,-104.8863525390625,34.81547164916992,,,
27.978403091430664,,,,, Divorced, Adm-clerical,,,,,,,,
,,, Bachelors,,,,, White,,,,,,
,,,,,,,,,,,,, United-States,
,,, Some-college,,,,,,,,,,,
,,,,,,, Own-child,, Female,,,,, <=50K
,,, Some-college,, Never-married, Other-service,,,,,,38.11884307861328,, <=50K
,,, Bachelors,,,, Not-in-family,,,4266.48486328125,,,,
,,208922.5625,,10.103168487548828,, Other-service,,,,,55.12399673461914,,,
,,,,,,, Not-in-family, White,,,,,, <=50K
30.8942813873291,,,,, Never-married,, Not-in-family,,,,,,, <=50K
,,,,11.08973503112793, Married-civ-spouse,,,, Male,3620.986328125,,,,
,,, HS-grad,10.09274673461914,,,, White, Male,,,, United-States,
45.317527770996094,,, HS-grad,9.011575698852539,,,,,,,,,,
,,,,,, Craft-repair,,, Female,-469.97900390625,,50.36519241333008,,
, Private,,,,,,,,,,,,,
, Private,,,, Married-civ-spouse,,, White, Female,,-61.4722900390625,,, <=50K
,,,,,,, Husband,,,,,, United-States,
,,179023.609375, Bachelors,,,,, White,,,,,, <=50K
36.338417053222656,,, HS-grad,,,,, White,,,,39.42322540283203,,
,,,,,,,,,,,54.14350128173828,,,
,,176977.421875,,,,,,, Female,,,,, >50K
,,206535.984375,,,,,,, Male,190.08099365234375,,,,
,,, Bachelors,,, Prof-specialty,,,,,,,,
29.485855102539062,,188810.875,,, Married-civ-spouse,,,,,,,39.02179718017578,,
,,,,,,,,,,,,,, >50K
,,,,, Married-civ-spouse, Exec-managerial, Husband,, Male,,206.76004028320312,,,
,,, Bachelors,,,,,,,40.41943359375,37.2391471862793,,,
40.522762298583984,,, Bachelors,,,,,,,,,,,
,,192851.4375,,10.655653953552246,,,, White,,,,,,
,,,,7.9531683921813965, Never-married,,, White,,,,, United-States, <=50K
41.161354064941406,,, Some-college,,,,,,,,,,, >50K
34.91435241699219,,195331.1875,,,,,, White,,-476.6143798828125,,, United-States,
, Private,,,,,,,,,,,,,
,,199068.40625, HS-grad,,,,,,,,,,,
, Private,,,,,,,,,,,39.10436248779297, United-States,
,,,,11.307903289794922,,,,,,,,46.0816650390625,,
,,,,,,,,,,,,,,
,,, Bachelors,, Married-civ-spouse,,,, Male,,,,,
,,176921.921875,,,,, Husband,,,,76.58203887939453,40.93783187866211,,
,,,,,,,,, Male,,,,,
,,,,9.961210250854492,,,,, Male,,,, United-States,
32.691375732421875, Private,,,,,,,,,,,,,
,,,,,, Craft-repair,,, Male,-215.0775146484375,,,,
,,, Bachelors,,,,,,,,,,,
42.883262634277344,,,,7.687012672424316,,,,, Female,,-28.23993682861328,43.82840347290039, United-States, >50K
,,,,, Never-married,,,,,-2710.69482421875,,,, <=50K
,,,,,, ?,,,,,,,, <=50K
,,,,,,,,,,532.4089965820312,54.04814147949219,37.23534393310547,,
,,, Some-college,,,,,,,,48.29679870605469,38.62999725341797,,
, Private,,,,,,,,,,-77.00541687011719,,, <=50K
,,,,10.642325401306152, Married-civ-spouse, Exec-managerial,,,,,75.32621002197266,,,
, Private,,,,,, Not-in-family, White,,,,,,
,,, HS-grad,, Married-civ-spouse, Craft-repair,,, Female,,,,,
,,,,, Widowed,,,,,,,,, <=50K
, Private,,,8.525675773620605,, Other-service, Unmarried,,,,,, United-States, >50K
,,,,,,, Own-child,,,,34.92915344238281,,,
,,, 7th-8th,,,,,,,,-83.46394348144531,,, <=50K
42.07365036010742,,200258.546875,,,,,, White, Male,,,46.87971115112305,,
,,,,,,,,,,,-122.18659973144531,51.183067321777344,,
45.66138458251953,,,,,,,,,,,,,,
,,174898.546875,,,,,,,,670.080810546875,,35.713199615478516,,
25.93441390991211,,,,, Never-married, Adm-clerical,,,,,,,,
,,,,10.678199768066406,,,,, Male,,94.02593231201172,,,
,,,,,,,,,,,,,,
,,,,,,,,,,,,, United-States, <=50K
,,,,,,,,,,,-67.08602905273438,37.33832931518555, United-States, <=50K
,,,,, Divorced,, Not-in-family, White,,,,,,
,,,,,,,,,,,,41.844242095947266,,
42.40922927856445,,195602.6875,,10.35800552368164,,,, White,,,,,,
,,,,9.221331596374512,,,,,,,,,,
,,,,9.609041213989258,, Craft-repair,,, Female,,,47.48554611206055,,
, Private,181262.78125,,, Divorced, Other-service,,,,,-49.74382019042969,39.84701919555664,, <=50K
,,178958.703125,,,, Other-service,,,,-5306.23681640625,,,, <=50K
,,,,,, Adm-clerical,,,,-142.427001953125,,35.602508544921875,,
42.66765213012695,,,,,, Adm-clerical,, White,,269.54150390625,,,,
,,, HS-grad,,,,,,,-293.093017578125,,,,
,,,,,,, Husband,, Male,3673.65283203125,,,,
,,,,,,,, White, Male,,,,,
41.230201721191406,,,,,,,,,,,,,,
,,,,,,,,,,,,34.29524230957031,, <=50K
,,,,,,, Husband,, Male,,,,,
, Private,,,, Never-married,,,,,,,39.20616912841797,,
,,, Bachelors,,,,, White,,,,,, >50K
,,,,, Married-civ-spouse,, Not-in-family, White,,,,40.61448669433594,,
,,,,,,,,, Male,,,,,
,,189374.765625,,,, ?,,,,279.12744140625,,,,
, Self-emp-inc,,,,,,,,,,,,,
,,189577.109375,,9.904240608215332,,,,,,307.39849853515625,,,,
,,,,,,,,,,-101.8023681640625,23.7694091796875,,,
,,,,,,,,,,,,,, <=50K
,,175002.171875,,,,,,,,,112.21847534179688,,,
,,,,,,,, White,,,,38.634910583496094,, <=50K
,,,,, Married-civ-spouse,,,,,,,47.81576156616211,,
,,203910.203125,,,,,,,,,51.841583251953125,,,
, Private,,,,,,, White, Male,,,, United-States,
, Private,,,,, Craft-repair, Husband, White, Male,,,,,
50.99073028564453,,,,12.435372352600098,,,,,,,,, United-States,
, Private,,,,,, Not-in-family, White,,,,,, <=50K
,,,,11.138115882873535, Never-married,,,,,44.240478515625,61.987335205078125,,,
,,, HS-grad,,,, Husband, White,,,,,,
,,208413.765625,,10.117658615112305,,, Own-child,,,-496.5125732421875,53.87906265258789,,,
,,, Some-college,,,,, White,,,,, United-States,
36.348114013671875,,,,,,,,,,-2462.5126953125,,,, <=50K
, Private,,,10.73542308807373,,, Not-in-family, White,,,73.05252075195312,,,
,,186388.296875,,,,,,,,,,,, >50K
34.11017990112305,,,,,,,,,,-139.98046875,,,,
,,192951.140625,,,,,,,,,,,,
, Private,,,,,,,,,,,27.457584381103516, United-States, <=50K
,,195048.234375, Some-college,10.884842872619629,, Craft-repair, Own-child,,,,65.18746948242188,,,
42.13603210449219, Private,, HS-grad,,,, Husband,, Male,,,,,
,,,,, Married-civ-spouse, Exec-managerial,,,,,187.28871154785156,,,
39.17900085449219,,,,10.338549613952637,,,,,,,,,,
,,,,,,,,,,4059.17431640625,,,,
45.62529373168945,,,,,,,,,,,,,,
, Self-emp-not-inc,161166.1875,,,, Exec-managerial,,,,,,,, >50K
,,,,,,,,,,,27.455394744873047,,,
39.09892654418945,,, Some-college,9.889739990234375,, Craft-repair,,, Female,,,, United-States,
,,193523.28125,,,,,,, Female,,,,,
46.72308349609375, Private,,,12.819291114807129,,,,,,,,48.94914627075195,,
,,,,, Divorced,,,,,,,,,
,,,,,,,, White,,,,,,
,,181001.46875, HS-grad,,,, Not-in-family,,,,,,,
,,,,,,,,, Male,3609.64111328125,,,,
,,197258.84375,,,,,,,,,45.48530960083008,,,
,,196348.65625,,,,, Husband,,,1307.1943359375,,, United-States,
,,,,,,,, White, Male,,,46.91082763671875,,
,,162655.25,,,, Adm-clerical,,,,-2218.552734375,,, United-States, <=50K
, Private,, Bachelors,,,,,,,,,,,
, Private,183831.671875,,,, Craft-repair, Husband,,,,,, United-States,
, Private,, Bachelors,,, Craft-repair, Husband, White, Male,15.1993408203125,98.27014923095703,,,
31.2325382232666,,, Some-college,, Married-civ-spouse,,, White,,,,,,
,,,,,,,,,,,240.27655029296875,,,
,,,,,,,,,,4747.74267578125,,,,
37.30126953125,,178637.125,,,,, Not-in-family,,,,,40.91815185546875,,
,,,,,,,,,,303.59466552734375,,,,
,,,,9.670326232910156,, Craft-repair,,, Male,,,48.130855560302734,,
,,,,,,, Not-in-family, White,,,,,,
,,162870.828125,,8.81070613861084,,,,,,,,,,
,,,,,, Other-service,,,,,,,,
,,,,,,,,,,,,,,
,,,,,,,,,,,-50.94068908691406,,, <=50K
,,196156.734375, HS-grad,,,,,, Male,-183.2919921875,63.631954193115234,,,
33.49833297729492,,,,,,,, White,,,48.99112319946289,,,
, Private,, Some-college,,, Other-service,, Asian-Pac-Islander,,,46.54921340942383,37.59757995605469,,
,,,,10.903826713562012,, Craft-repair, Husband,, Male,,,50.836429595947266,,
,,,,,,,,,,,58.66893768310547,, United-States,
,,,,,,, Husband,, Female,,90.05999755859375,,,
, Private,216820.40625,,,,,,,,,,,, <=50K
,,,,,,, Unmarried,,,,,,,
39.044429779052734, Private,,,10.409289360046387,,, Not-in-family,,,212.14190673828125,,,,
,,190372.1875,,, Never-married,,,,,,174.48660278320312,,,
, Private,,,,,,, White,,,,,, <=50K
,,,,8.972103118896484,,,,,,,,, United-States,
,,182032.796875,,,,,,,,-2892.37353515625,-66.48649597167969,, United-States, <=50K
,,,,11.58571720123291,,,, White, Male,,213.8898468017578,,,
,,205481.625,,,,,,, Female,,,46.25868225097656,,
37.7777099609375,,, Some-college,9.694396018981934,,,,,,7.868896484375,,,,
,,,,,,,,,,,,48.69434356689453,,
32.89033508300781,,,,, Never-married,, Not-in-family,,,,58.80799102783203,,,
,,,,,,,,, Female,,,,,
,,, HS-grad,7.744917869567871,,,,, Female,-3054.35400390625,,43.03461837768555, United-States, <=50K
,,,,,,,,,,,,,,
35.60443115234375,,,,,,,,, Female,,,,, >50K
,,, HS-grad,,,,,,,-2868.27734375,,,,
,,,,8.527219772338867,,,,,,-2141.859375,,,, <=50K
,,,,8.24498176574707,,,,,,,,,, <=50K
32.031944274902344,,175298.90625,,, Divorced, Prof-specialty, Not-in-family,,,,,,,
38.49630355834961,,,,,,, Not-in-family,,,,63.01877212524414,,,
,,,,, Married-civ-spouse,,,, Female,,,46.425209045410156,,
,,,,,,, Husband,, Male,,,,,
, Private,,,11.538257598876953,,, Husband,, Male,,,,,
,,,,,,,, White, Male,,,, United-States,
,,,,,,, Unmarried,,,,,,,
,,,,11.45803451538086,,,,,,4873.54931640625,,46.83919143676758,,
, Private,,,,,,,,,3726.59716796875,,,,
, Private,,,,,,,,,,,, United-States,
,,,,,,,,,,,-44.16584777832031,38.05179977416992,, <=50K
,,187661.34375, HS-grad,,,,,,,,,,,
,,,,10.22987174987793,,,,,,,,,,
,,210418.5,,,,,, White,,,,, United-States,
,,174939.953125,,,, Adm-clerical,,,,,,36.41231155395508,,
, Private,, HS-grad,,,,,, Female,-3319.373046875,,,, >50K
,,,,,,, Not-in-family,,,,,,, <=50K
,,,,,,,,,,,-1.39031982421875,38.54430389404297,, >50K
37.985816955566406,,, Bachelors,,,,, White,,,,, United-States,
, Private,193677.5, HS-grad,,,,, White,,3271.46630859375,,,,
47.25748062133789,,202776.359375,,,,, Husband,, Male,,,,,
,,,,,,,,,,-3491.1220703125,,, United-States, <=50K
,,,,,,,,,,,,36.39408493041992,, <=50K
34.743560791015625,,, HS-grad,,,,, White,,,,,,
40.31987380981445,,,,,,,, White, Male,,,,,
,,185078.484375,,,,, Husband,,,,221.36419677734375,,,
,,,,9.652995109558105,,,,,,,32.82270812988281,,,
,,,,,,,,,,-105.2635498046875,,,,
38.51921463012695,,,,,,, Not-in-family, White,,,,, United-States,
, Private,, Bachelors,,,, Not-in-family,,,,,, United-States,
,,,,,,,,,,-2303.3505859375,,,,
,,,,, Married-civ-spouse,,, White,,,,44.84772491455078,,
35.705814361572266,,, HS-grad,,,,,,,,41.057350158691406,, United-States,
,,,,11.466906547546387,, ?,,,,,,, United-States,
,,,,,,,,,,,,,,
34.204471588134766,,186853.4375,,,, Adm-clerical,,,,,,,,
,,,,,,,,,,,,,,
,,,,, Never-married, Other-service,,,,,,,,
,,, Bachelors,,,,,,,,,,,
38.24843215942383,,,,10.484219551086426,,,,,,,,,,
,,,,,,,, White,,-2766.0361328125,,,, <=50K
37.693355560302734,,,,,,, Not-in-family,,,,66.40641021728516,,,
37.617801666259766,,182416.15625,,,,,,,,,,, United-States,
43.69333267211914,,,,,,,, White, Male,,229.4495086669922,,,
,,,,8.913979530334473,,,,, Male,,,,,
38.61499786376953, Private,,,,,, Not-in-family, White,,,,,,
, Private,,,,,,, White, Male,,,45.68871307373047,,
,,, HS-grad,,,,,, Male,,50.241031646728516,48.290489196777344,,
,,,,,,,,,,,,45.372222900390625,,
46.5970458984375,,,,,,,,,,,,, United-States,
,,,,,,, Own-child,,,,,,,
,,,,,,,, White,,,,,,
,,,,8.923663139343262, Married-civ-spouse, Craft-repair,,, Female,,-25.30748748779297,, United-States, <=50K
,,,,9.178582191467285,,, Husband,, Male,,,47.86039352416992,,
, Private,,,8.974989891052246,,,,,,,,,,
,,, HS-grad,,,,,,,,,,,
,,,,,,,,,,,,, United-States,
35.872230529785156, Private,,,8.732316017150879,,, Not-in-family, White,,,56.947784423828125,,,
43.51721954345703,,,,,,,,,,3091.1708984375,,,,
,,, HS-grad,,,, Not-in-family, White,,,-63.03547668457031,39.48081970214844,, >50K
, Private,, Bachelors,,,,,,,,-48.20521545410156,,, >50K
,,,,,, Other-service,, White,,,,37.47856521606445,, <=50K
,,, HS-grad,,,, Unmarried,,,-3032.3486328125,,,, >50K
,,,,,,,,,,,80.88823699951172,,,
,,,,,,,,,,,,,, >50K
,,,,,,,,,,,,,,
34.40465545654297,,,,,,,,,,,,,, <=50K
,,, Some-college,10.529925346374512, Married-civ-spouse,,,,,,,,,
45.58184814453125,,,,11.058402061462402,, ?,,,,,,, United-States,
,,,,,, Other-service,,,,,45.718055725097656,,,
35.68257522583008,,,,,,, Unmarried,,,,,,, <=50K
,,,,,,,,,,-11.26806640625,39.22904586791992,32.51030731201172, United-States,
, Private,,,11.60181713104248,, Craft-repair,,,,,,,,
,,,,,,,,,,,,,, <=50K
,,,,11.179561614990234,,,,, Male,,,52.12411117553711, United-States,
,,,,, Married-civ-spouse,,,,,,,,,
, Private,, HS-grad,7.79156494140625,,,,, Male,,,, United-States, >50K
,,192102.234375,,,,,, White,,,217.07705688476562,,,
29.513530731201172,,,,,,,,,,,,, United-States,
, Private,197786.21875,,,,, Husband,,,103.547119140625,,43.46860885620117,,
,,,,,,,,,,,-58.12693786621094,,, <=50K
,,, HS-grad,, Married-civ-spouse,, Not-in-family, White,,,,,,
, Private,,,, Married-civ-spouse,, Not-in-family,, Female,,,,, <=50K
,,, Some-college,11.77727222442627,,,,,,,,,,
,,,,,,, Not-in-family,,,,,,,
,,,,,, Craft-repair,, White,,,,40.953975677490234,,
,,180295.109375,,12.36237907409668,,,,,,,,,,
43.98529052734375,,187952.375,,11.624455451965332,,,,,,,,40.846126556396484,,
,,, Bachelors,,,,,,,,,,,
,,194599.203125,,,, Other-service,,,,,-105.71162414550781,, United-States, <=50K
,,, Bachelors,,, Exec-managerial,,,,,,,,
, Private,, Some-college,,,,,, Male,,64.37998962402344,48.183467864990234,,
,,,,,,,,,,,,, United-States,
, Private,,,,, Other-service,, White,,,,,, <=50K
,,,,,,, Unmarried,,,153.44036865234375,,,,
, Private,194585.8125,,,,,,,,,,,,
,,,,,,,,,,,212.66159057617188,, United-States,
,,,,,, Craft-repair,, White, Male,,,,,
,,, Some-college,8.83276081085205,, Craft-repair,,, Female,-3142.00146484375,,,, <=50K
,,, Bachelors,, Never-married,,,,,,,,,
,,,,,,,,,,1285.05712890625,,,,
, Private,,,11.345891952514648, Married-civ-spouse,, Not-in-family,,,3451.12353515625,,,,
35.2067985534668,,,,,,,,,,,,,,
37.00857162475586,,,,,,,,,,,,,,
,,183698.328125,,,,, Husband,,,,,,,
,,,,,,, Not-in-family,,,,44.7908935546875,37.77870559692383,,
,,,,,,,,, Female,,84.65264129638672,,,
,,,,,,,,,,,,,, <=50K
,,, HS-grad,,, Craft-repair, Not-in-family,,,-3.682861328125,,,,
39.73872375488281,,,,, Married-civ-spouse, Exec-managerial,,, Male,,,,,
,,, Bachelors,,,,, White, Female,,74.15918731689453,,,
33.13271713256836, Private,,,, Married-civ-spouse,, Not-in-family,,,-131.424072265625,59.43087387084961,45.13182067871094,,
35.384063720703125,,,,,,,,,,,,,, <=50K
,,,,,,, Not-in-family,,,,,,, <=50K
,,,,, Married-civ-spouse,, Husband,, Female,,81.8862533569336,,,
, Private,,,, Never-married,,,,,,,, United-States,
, Private,, HS-grad,9.692719459533691,,, Not-in-family, White,,-369.550048828125,,,,
43.46770477294922,,,,,,,,,,,,,,
,,,,, Married-civ-spouse,,, White,,,,47.87364959716797, United-States,
,,, HS-grad,9.03493595123291,,, Husband,, Male,,,,,
, Private,,,,,,, White,,,,,,
,,,,9.247929573059082, Divorced,, Not-in-family, White,,,,,, <=50K
, Private,,,,,,,,,-3450.18896484375,,,, <=50K
,,,,11.983907699584961,,, Husband, White,,,,,,
,,,,,,,, White,,,72.21678924560547,,,
,,,,,,,,,,299.47003173828125,81.05529022216797,,,
, Private,,,,,,,,,,,41.03162384033203,,
,,,,9.206363677978516,,, Own-child, White,,,,,,
,,,,, Married-civ-spouse,,,, Male,782.2628784179688,,,,
36.419700622558594,,207929.75,,,,,, White,,-782.536865234375,31.75670623779297,,,
,,, 10th,,, Machine-op-inspct, Wife,,,,17.93201446533203,,,
,,, Bachelors,,,,,,,,,37.475608825683594,,
,,,,,, Craft-repair, Not-in-family,,,,,,, <=50K
,,,,11.925238609313965,,,,,,,,,,
,,199429.796875,,, Married-civ-spouse, Craft-repair,,, Male,,,,,
,,200411.578125,,,,,,,,10.6636962890625,,,,
,,185532.53125,,, Married-civ-spouse, Craft-repair,,,,,,,,
,,,,, Widowed,,,,,-1506.7435302734375,-9.978225708007812,40.20895767211914,, <=50K
,,,,, Married-civ-spouse,,,,,,241.858642578125,, United-States,
, Private,,,,,,,,,-668.93896484375,,,,
,,,,,,,,,,,,,,
,,,,,,,,, Female,,,, United-States, <=50K
,,,,10.513853073120117,,, Own-child,,,,,,,
,,,,,,,, White,,,,,,
,,,,,, Adm-clerical, Not-in-family,,,,,, United-States,
, Private,,,,,, Own-child,,,,,, United-States,
,,,,,,,,,,,,, United-States,
,,,,,,, Own-child,,,,,, United-States, <=50K
, Private,192957.046875,,, Married-civ-spouse,,,,,,,,,
,,192940.0,,8.979944229125977,, Other-service,,,,,,,, <=50K
,,,,9.163078308105469, Never-married,,,,,,,,,
40.31074142456055,,172329.203125,,,, Prof-specialty, Not-in-family,,,,,,,
28.753023147583008,,,,7.508891582489014,,,, White,,,,, United-States, <=50K
,,,,, Married-civ-spouse,,,, Male,5736.333984375,,,,
, Private,,,,,, Husband,, Male,-38.87158203125,73.02263641357422,,,
,,,,,,,,,,,204.5522918701172,,,
37.659385681152344,,,,, Married-civ-spouse,,,, Male,,,46.60258483886719,,
, Private,,,7.672204971313477, Divorced,,,,,,,,, <=50K
33.043155670166016,,,,, Married-civ-spouse,,, White, Male,,,,,
, Private,,,,,, Not-in-family,,,,,,, <=50K
26.289648056030273,,,,, Never-married,,,,,-2484.69384765625,,,, <=50K
,,191478.390625,,,,,,,,,,47.98344421386719,,
,,,,,, Craft-repair,,, Female,,,50.0673942565918,,
,,,,,, Craft-repair,,, Male,,60.010231018066406,,,
, Private,,,,,,,,,,,,, >50K
, Private,198046.0,,,, Other-service, Not-in-family,,,-2136.8291015625,,,, <=50K
,,,,,,,,,,,,, United-States,
, Private,, HS-grad,,,,, White, Male,,57.41383361816406,,,
,,,,,,,,, Male,,,,,
, Private,166611.828125,,,,,,,,,72.54051971435547,,,
,,,,,,,,,,,,,, <=50K
,,,,,, Other-service,,,,,,,, <=50K
,,, HS-grad,,,,,,,-162.7850341796875,,,,
,,187229.640625,,,,,,,,,,,,
, Private,,,,,,, White, Male,,,, United-States,
,,,,,, Prof-specialty,,,,2104.960205078125,,,,
,,218146.015625,,,,,,,,18.291015625,,41.05575942993164,,
,,,,,,,,, Male,4543.5,,,,
,,,,,,,, White, Male,,96.18317413330078,,,
, Private,,,,,,, White,,,250.5326690673828,,,
,,,,, Never-married,, Own-child, White,,,,,, <=50K
,,,,,,,,,,,211.76002502441406,46.84483337402344,,
46.74137878417969,,, HS-grad,,,, Wife,,,,,,,
42.397300720214844,,, Some-college,11.55710220336914,,,,,,,,,,
,,,,,,,,,,,52.58876419067383,, United-States,
41.81019592285156, Private,,,,,,,,,,,,,
,,,,,,,,, Female,,,,, <=50K
,,,,, Married-civ-spouse,,,,,3855.12353515625,,,,
, Private,,,,,,, White,,,,,,
,,,,, Married-civ-spouse,,, White,,5534.22802734375,,, United-States,
,,, Bachelors,,,,,, Male,,,,,
,,,,10.09648609161377,,, Husband,, Male,617.7208251953125,,,,
40.0246467590332,,,,,, Other-service,,,,,,35.46992492675781,,
,,,,,,, Husband,,,81.20147705078125,79.12293243408203,,,
,,,,,,,,,,,,, United-States,
34.259246826171875,,188248.421875,,,,,,,,557.7527465820312,,,,
,,201653.921875,,10.290923118591309,,,, White,,,,42.621116638183594, United-States,
39.36977767944336,,, Some-college,9.809943199157715,,,,, Female,-196.0076904296875,71.96806335449219,,,
,,,,,,,,,,,60.833526611328125,,,
,,,,,,, Husband, White,,830.3225708007812,,,,
, Private,,,,,, Husband, White,,,,,,
30.737159729003906,,,,8.037813186645508,,,,,,-2425.599609375,,31.520736694335938,, <=50K
,,,,, Married-civ-spouse,,, White,,,207.07302856445312,,,
35.337867736816406, Private,,,,,,,,,,,, United-States,
,,,,,,,,,,,,,,
, Private,,,, Married-civ-spouse,, Not-in-family,,,,,,,
,,202378.46875,,, Married-civ-spouse,,,,,,,,,
,,,,,,,, White, Male,653.6124267578125,,,,
, Private,,,,,,,,,,40.51383590698242,, United-States,
41.35879898071289,,, HS-grad,10.100152015686035,,, Husband, White,,-155.139404296875,,,,
,,, Some-college,,,,, White,,-683.05810546875,,,,
,,,,, Divorced,, Not-in-family, White,,,,,,
,,,,10.925032615661621, Never-married,, Own-child,,,,,39.181888580322266, United-States,
,,,,12.574604034423828, Married-civ-spouse,,,,,,,,,
,,, Bachelors,, Married-civ-spouse, Craft-repair, Husband,, Female,-2197.03173828125,,52.94257354736328,,
,,,,,,,,,,,,,, <=50K
,,,,,,,,, Male,664.76953125,,,,
,,202464.453125,,,,,,,,,,,,
, Private,,,,,,,,,-163.989013671875,,, United-States,
,,184923.53125,,,,, Not-in-family,,,,,,, >50K
,,,,,,, Own-child,,,,63.799888610839844,,,
,,,,,,,,,,,,,,
,,,,,,,,,,,,,,
,,192205.578125,,,,,,,,,,, United-States,
30.413307189941406,,, HS-grad,,,,,,,,,,,
,,189694.015625,,11.908270835876465,, Exec-managerial, Husband,,,,,,,
,,,,,,,,,,,,43.295074462890625,,
31.922298431396484, Private,, HS-grad,6.838369846343994,,,,, Female,,,,, >50K
,,,,12.634074211120605,,, Not-in-family,,,,,49.54481506347656,,
, Private,, Bachelors,,,,, White,,,,, United-States,
,,,,10.922408103942871, Never-married,,,,,,,,,
, Private,186498.234375,,,,,,,,,,,,
, Private,183024.03125,,,,, Husband,,,,,,,
, Private,,,, Married-civ-spouse,,,, Male,,,, United-States,
,,,,,,,,,,,-21.180648803710938,, United-States,
,,,,,,,,,,75.85699462890625,63.1845817565918,34.019935607910156,,
,,,,10.453307151794434, Never-married,,, White,,-200.3876953125,,,,
,,,,, Married-civ-spouse, Craft-repair,,,,,186.8382568359375,,,
32.69567108154297,,,,,,, Not-in-family,,,-3519.19873046875,,,, <=50K
35.70188522338867,,195736.265625,,, Married-civ-spouse,,,,,,,, United-States,
25.565383911132812,,,,, Never-married, Other-service,,,,,,,, <=50K
,,,,,,,, White,,457.79547119140625,,,,
,,207109.96875,,,,,,, Male,,,,,
,,204066.625,,,, Prof-specialty, Not-in-family,,,,,,,
, Private,,,,,, Husband,,,661.07763671875,,, United-States,
,,,,,,,,, Male,,,,,
,,184439.953125,,,,, Husband,,,,85.1032943725586,,,
,,,,,,,, White,,,,,,
,,,,,,, Husband, Asian-Pac-Islander, Male,,,48.70856475830078,,
,,,,,,, Own-child, White,,-814.1654052734375,,, United-States,
, Private,,,,,,,,,-3885.5517578125,,,, <=50K
,,,,7.942328453063965,,, Unmarried,,,,,,,
28.944852828979492,,,,9.420992851257324, Married-civ-spouse,,, White,,1074.2371826171875,78.93889617919922,,,
,,,,,,,,,,,,43.856998443603516,,
45.73507308959961,,,,11.907525062561035,,,,, Male,4664.810546875,,,,
, Private,,,, Never-married,, Own-child,,,,,,,
, Private,,,,,,,,,,,,,
,,, HS-grad,8.770060539245605,,,,,,,,,, <=50K
,,,,,,,, White,,,53.386226654052734,,,
46.42363357543945,,198223.40625,,,,,, White,,1056.9361572265625,,,,
,,,,7.970800399780273,,,,,,,80.30074310302734,, United-States,
,,,,9.665922164916992,,,,,,,,,,
,,208592.3125,,,, Craft-repair,,, Female,,,,,
,,,,,,, Husband,,,,,,,
40.66943359375,,,,10.222390174865723,, Craft-repair,,,,,,,,
,,190899.953125,,,,, Husband,,,,,,,
36.40597915649414,,187048.15625,,,,,,,,,,,,
32.941383361816406,,, HS-grad,, Married-civ-spouse,,,, Male,,,,,
,,,,,,, Not-in-family,,,,46.91319274902344,,,
,,, HS-grad,7.655163764953613, Never-married,,,,,,,36.33638000488281,, <=50K
30.742069244384766, Private,,,,,,,,,,,, United-States, <=50K
,,,,8.10071086883545,,,,,,,,,,
,,,,,,,,,,,,, United-States,
,,, HS-grad,,, Craft-repair,,,,,,,,
43.357765197753906,,,,,, Exec-managerial,,,,,200.45574951171875,, United-States,
, Private,, HS-grad,11.406013488769531,,,,,,,,,,
,,,,, Never-married,,,,,,,,, <=50K
,,,,,,,,,,-4074.26611328125,-98.66876220703125,,, <=50K
31.108253479003906,,,,,,,,,,,,39.610496520996094,, <=50K
,,,,,,,, White,,,,,,
,,, Some-college,10.054458618164062,,,,, Female,,,48.09102249145508,,
43.290016174316406, Private,,,,,,,,,3906.49169921875,202.81207275390625,,,
, Private,,,9.909381866455078,,,,,,-194.076416015625,25.67239761352539,35.94248580932617,,
,,,,,,,,,,,,,,
47.4384880065918,,,,9.415870666503906,,,,,,,-420.75146484375,,, >50K
30.105995178222656,,, HS-grad,, Married-civ-spouse,,,, Female,,,48.909786224365234,,
,,,,,,,,, Female,,,,, >50K
,,174342.578125,,,,,,,,,,,,
,,,,,,,,,,,,,,
,,,,, Married-civ-spouse,,,,,,180.6865997314453,,,
, Private,,,, Married-civ-spouse,,, White,,,,38.27254104614258,,
,,,,,,, Husband,,,-4.2269287109375,,35.80970001220703,,
, Private,182060.703125,,,,, Husband,,,,,,,
,,,,,,, Own-child,,,-127.1103515625,,41.54408264160156,,
,,,,,, Exec-managerial,, White,,,103.69963073730469,,,
, Private,,,,, Craft-repair,, White,,,,44.7984733581543,,
,,,,,, Other-service,,,,-2310.8779296875,,35.79594802856445, United-States, <=50K
,,,,8.691536903381348,,,,,,,,,,
,,,,7.699560642242432, Divorced,,,,,,-71.08944702148438,,, <=50K
,,191790.953125, Some-college,,,, Husband,, Male,,,48.11494445800781,,
41.022151947021484, Private,,,,,,,,,,26.523239135742188,,,
,,,,,,,,,,,,,,
,,180235.09375, 7th-8th,,, Farming-fishing, Husband, White,,,,, United-States,
,,199423.46875,,, Married-civ-spouse,,,, Female,721.9155883789062,,,,
,,214959.75,,,,,,,,,,,,
,,,,11.588374137878418,, Craft-repair,,,,,,,,
,,,,, Never-married,, Not-in-family,,,,,, United-States,
35.170265197753906,,186889.671875, HS-grad,,,, Not-in-family,,,-3856.9541015625,-69.33529663085938,,, <=50K
,,188512.34375,,, Married-civ-spouse,,, White,,453.94696044921875,,, United-States,
,,,,,, Adm-clerical,,,,,,37.35594940185547,,
,,,,9.065085411071777,,, Not-in-family,,,,,, United-States, >50K
, Private,,,,, Prof-specialty,,,,-1678.1641845703125,,40.6517333984375,, >50K
,,,,,,, Unmarried,,,,,,,
, Private,,,,,,, White,,3635.03857421875,,,,
, Private,, Prof-school,,,,,,,,,,,
,,,,,,,,,,,,,,
,,,,,,,,,,-220.6419677734375,63.48435974121094,,,
,,189102.953125,,,,, Husband,,,,,,,
,,,,, Widowed,,, White,,-3080.53076171875,,40.62342071533203,, <=50K
, Private,,,, Never-married,,,,,,,,,
,,, 7th-8th,,,,,,,,,,,
,,177033.109375,,,,,,,,,,44.27445983886719,,
39.164424896240234, Private,,,,, Craft-repair,,,,,,43.313743591308594,,
,,, Some-college,, Never-married,,,,,,,37.54741287231445,,
,,, Some-college,,, Adm-clerical,,,,-184.251953125,,37.25701141357422,,
, Private,, Bachelors,,,,, White,,,,,,
,,,,,,,,,,,240.0855255126953,46.97703552246094,,
33.529422760009766, Private,, HS-grad,,,,, White,,,,38.235694885253906,, <=50K
,,,,9.916328430175781,,,, White,,,,43.20082473754883,,
,,,,11.018257141113281,,,,,,,,,,
, Private,201348.21875,,,, Adm-clerical,, White,,,41.1032829284668,,,
,,,,,,,, White, Male,,,,,
43.898521423339844,,,,,,,,, Male,1812.64208984375,,, United-States,
,,,,,,, Husband,,,,79.28797149658203,,,
,,,,6.760993957519531,,,,,,,-54.46031188964844,,, <=50K
30.610963821411133,,189026.03125, HS-grad,, Married-civ-spouse,,, White,,,42.0465087890625,, United-States,
43.65454864501953,,195873.84375,,,,,,,,,,47.31775665283203,,
,,,,8.995573997497559,,,, White,,,,, United-States,
,,,,,,,, White, Female,,,,,
38.04419708251953, Private,,,9.770882606506348,,,,,,,76.62654113769531,,,
57.421119689941406,,,,13.325864791870117,,, Husband, Asian-Pac-Islander,,,,,,
,,,,,,,, White,,,75.73429107666016,, United-States,
,,,,,,,,,,-2898.189453125,,, United-States,
,,,,,,,,,,3305.63671875,162.0996551513672,,,
,,,,,,,, White,,,,,, >50K
,,,,,, ?,,,,583.1407470703125,75.0695571899414,,,
,,,,, Divorced,,,,,,,,,
,,165590.015625, HS-grad,7.988343238830566,, Other-service,,,,,,,, <=50K
,,,,,,,, White,,,,,,
,,,,,,,,,,,,,,
,,, HS-grad,,,,, White,,,174.0245361328125,43.71429443359375,,
,,,,,,,,,,,,,,
,,,,,,,,,,,,,,
,,,,,,,,,,,,,,
,,,,11.336874008178711,, Adm-clerical, Own-child,,,,,, United-States,
, Private,175094.265625,,,, Craft-repair,,,,,89.74008178710938,, United-States,
, Private,,,,,, Husband,, Female,,,46.00889587402344,, <=50K
,,,,, Married-civ-spouse, Machine-op-inspct, Not-in-family,,,,66.01675415039062,,,
,,,,,,,,,,-148.000732421875,,34.312103271484375,,
,,, HS-grad,,,,,,,,13.357681274414062,, United-States,
,,, HS-grad,,,,,,,,,, United-States, <=50K
,,,,,,, Husband, White, Male,,,47.24944305419922, United-States,
,,,,,,,, White,,,,41.42550277709961, United-States,
,,,,9.749775886535645,,,,, Female,,,,,
,,, HS-grad,,, Craft-repair,,,,,,,,
,,,,10.992286682128906,,, Own-child,,,,,,,
,,,,,,,,,,,-82.87380981445312,,, <=50K
,,,,,,,,,,,,,,
, Private,,,,, Prof-specialty, Husband, White,,,,45.66841125488281, United-States,
35.5080451965332,,,,,,,,,,,,37.38821792602539,,
27.92104721069336,,,,,,,,,,,,,,
, Private,201234.78125,,,,,,,,3556.73291015625,,,,
,,182707.921875, Some-college,,, Other-service,,,,,,, United-States, <=50K
,,,,,,,,,,-688.1287841796875,56.20602035522461,,,
,,,,,,,,, Male,,,,,
,,, HS-grad,, Never-married, Craft-repair,,,,,,,,
,,,,,,,,,,,,,,
, Private,181908.53125,,,, Craft-repair,,,,,,, United-States,
,,,,, Married-civ-spouse,,,, Female,522.86865234375,,50.08583068847656,,
,,, HS-grad,, Never-married, Craft-repair, Own-child,,,-246.006103515625,,,,
,,196541.21875,,, Widowed,, Not-in-family, White,,,,,, <=50K
, Private,, Bachelors,,,,, White,,,,,, <=50K
, Private,,,,,, Husband, White, Male,,,,,
,,,,6.532722473144531,,,,,,,,,, <=50K
,,,,10.901657104492188, Married-civ-spouse,,,,,,,,,
38.138519287109375, Private,, Bachelors,,,,,,,,186.3638916015625,43.63450241088867,,
30.666423797607422,,,,7.6820878982543945,,,,, Female,,37.76628875732422,,,
,,,,,, Craft-repair,,,,,36.08318328857422,41.437320709228516, United-States,
, Private,, HS-grad,,,, Not-in-family,,,,,, United-States,
,,,,, Never-married,,,,,,,36.28073501586914,,
,,,,6.815396308898926,,,,,,,,,, <=50K
,,, Some-college,10.834734916687012,,,,,,,,42.334651947021484,,
,,,,10.900477409362793,, Adm-clerical,,,,,,, United-States,
,,186224.25,,,, Prof-specialty, Husband,,,,,50.38172149658203,,
,,,,12.918569564819336,, Craft-repair,,, Male,,168.04788208007812,55.330753326416016,,
46.198631286621094, Private,193506.640625, Some-college,,,, Husband,,,,,,,
40.20500946044922, Private,,,9.559488296508789,,, Unmarried,,,,,,,
,,,,10.662917137145996, Married-civ-spouse,,, White,,,,,,
,,,,11.283143997192383,,,,,,,,,,
39.82255554199219,,,,,,, Husband,,,,,,,
,,,,8.736018180847168, Never-married,,, White,,,-50.08256530761719,, United-States, <=50K
,,,,,, Other-service,, White,,,,,, <=50K
35.768192291259766, Private,,,8.67327880859375,,,,,,,55.68560791015625,,,
,,,,8.068387031555176,,,,,,,,,, <=50K
43.5130500793457,,,,,,, Husband,,,,,, United-States,
, Private,198997.140625,,,, Craft-repair, Husband, White, Male,,,,,
,,,,, Married-civ-spouse,,,, Male,,,44.22404098510742, United-States,
,,,,,,,,,,,,,,
, Private,,,11.902379989624023,,,,,,3151.6435546875,,,,
,,,,, Married-civ-spouse,,, White, Male,,262.02978515625,, United-States,
,,198841.765625,,,,,,,,,,,,
,,186106.421875,,,,,,,,,,, United-States,
30.80006217956543,,,,, Married-civ-spouse,, Not-in-family,,,,,,,
,,,,,, Other-service,,,,,,,,
,,,,,,,, White, Male,,61.36323547363281,42.42184066772461, United-States,
,,,,,,,,,,,,, United-States,
39.923583984375, Private,211528.828125,,,, Craft-repair, Not-in-family,,,,,,,
36.916419982910156,,185456.6875,,,,,,,,,,,,
,,,,,,,, White,,,,38.622108459472656,,
,,,,,,,,,,30.5015869140625,,,,
,,, HS-grad,8.461350440979004,,,,, Female,,,,, >50K
50.78744125366211, Private,,,7.905065059661865,,,,, Male,,,, United-States,
,,,,9.014979362487793,,, Not-in-family,,,,,,,
, Private,,,,,,,,,,,,,
26.13070297241211,,,,, Never-married,,,,,,,,,
,,,,,,, Husband,, Male,,,47.409366607666016,,
, Private,,,,,,,, Male,,,,, >50K
43.791664123535156, Private,,,,,, Husband,,,,198.67124938964844,,,
,,,,, Married-civ-spouse,, Not-in-family,,,,,43.65773010253906,,
39.13525390625,,197533.515625, HS-grad,9.840154647827148,,,, White, Male,,,,,
,,,,10.488618850708008,,,, White,,,,,,
,,,,,,,,,,,,,,
,,,,, Never-married,,,, Female,,,,,
,,,,,,,,, Female,,,43.84039306640625, United-States, >50K
, Private,,,,,,,,,,,,,
, Private,,,,,, Husband, White,,,,,,
,,,,9.58669376373291, Married-civ-spouse,, Not-in-family,,,,54.2235221862793,, United-States,
, Private,196991.0625,,,,, Husband,, Male,,,,,
,,,,,, Prof-specialty,, White,,,,,, <=50K
,,,,,, Other-service,, White,,,,36.320796966552734,,
,,,,,, Other-service, Wife, White,,,,,,
,,,,, Never-married, Craft-repair, Own-child,, Female,,-49.89013671875,,, <=50K
,,,,8.890523910522461,,,,,,,,,,
,,,,,,,,,,,,,, <=50K
,,,,,,, Own-child,,,,66.78346252441406,, United-States,
25.279943466186523,,,,,,,,,,,,,,
,,, Some-college,, Married-civ-spouse, Exec-managerial, Not-in-family, White,,,,50.336692810058594,,
27.744094848632812,,, HS-grad,, Married-civ-spouse,,,, Male,85.406005859375,,,,
26.68667221069336,,,,, Married-civ-spouse,,,,,,,,,
,,,,,,,,,,,,,,
,,,,,, Craft-repair,, White,,-336.4398193359375,56.452125549316406,42.12053680419922, United-States,
,,, Bachelors,,,,,,,,,,,
,,, Bachelors,,,,,, Male,,,,,
, Private,,,, Divorced,,,,,,,,,
,,,,,,,,, Female,134.50238037109375,,, United-States,
49.68312072753906,,,,,, Prof-specialty,, White,,4923.42626953125,,,,
,,, HS-grad,,,,,, Male,,,46.487606048583984,,
,,,,,,,, White,,,,,,
, Private,,,, Married-civ-spouse,,, White, Male,,69.20398712158203,,,
39.00790023803711,,, Some-college,10.641958236694336,, Other-service, Wife,,,,,,,
,,,,,,, Husband,,,,,,,
,,,,, Married-civ-spouse,, Not-in-family,,,,,, United-States,
,,, Some-college,10.382315635681152,,,, White,,,,,,
,,,,,,, Husband,,,,,48.305503845214844,,
,,,,,, Craft-repair,,,,,194.3487548828125,47.19135665893555,,
,,,,,,,,, Male,508.29180908203125,,,,
,,,,,,,,,,,,, United-States,
,,, Bachelors,,,,,,,,,42.982147216796875,,
, Private,,,,, Other-service,,,,-213.1630859375,,,,
,,, HS-grad,,,, Husband,, Male,,,,,
,,,,,,,,,,,66.220947265625,,,
,,,,,,,,,,,,,,
,,,,,,,,,,,,,,
,,191064.828125,,,,, Husband,, Male,,,,,
,,,,10.177940368652344,,,,, Female,,,,,
29.32488441467285, Private,,,10.31666088104248, Married-civ-spouse, Craft-repair,,, Female,,,49.38766098022461, United-States,
,,181398.53125,,,,,,, Female,,,,, >50K
33.08426284790039,,, HS-grad,,,,,,,-486.8558349609375,,,,
, Private,,,,,,,, Male,,,,,
37.759483337402344,,,,,,, Not-in-family,,,,,,,
42.179691314697266,,, Bachelors,,,,, White,,,,,,
35.81969451904297,,, HS-grad,,,,,,,-292.98876953125,,,,
,,,,,,,,,,,,,,
35.57596969604492, Private,,,,, Other-service, Not-in-family,,,,,, United-States, >50K
,,,,,,,,,,,,,,
33.607276916503906,,, HS-grad,,,, Not-in-family,,,,,, United-States,
23.87030792236328,,,,, Never-married, Prof-specialty,,,,,,,, <=50K
, Private,,,,,,,,,,,, United-States,
,,208392.1875,,, Never-married,,,,,,10.038299560546875,,,
,,,,7.764884948730469,,, Unmarried,,,,,,,
,,,,,,, Not-in-family,,,,,,, >50K
, Private,, HS-grad,8.83699893951416,,,, White,,,,35.37053298950195,,
,,,,,,,,,,5069.3291015625,,,,
,,,,,,,,,,,,,,
,,,,,,,, White,,,,,,
,,,,,, Adm-clerical,,,,,29.83095932006836,,,
38.83688735961914,,,,,,,,,,-253.8096923828125,,,,
,,190917.171875,,,, Adm-clerical,,,,-230.4442138671875,,,,
,,205741.234375,,, Never-married,,,, Female,-3606.10107421875,,,, <=50K
,,, HS-grad,,,,, White, Male,,,, United-States, >50K
,,199382.140625, HS-grad,, Never-married,, Own-child, White,,,,, United-States,
,,,,,,, Husband,, Male,,97.18653869628906,,,
,,188650.6875,,8.013423919677734,,,, White,,,,37.39119338989258, United-States, <=50K
,,,,12.265189170837402,, Exec-managerial,, White,,,229.58493041992188,, United-States,
,,,,10.145505905151367,, Craft-repair,,,,,,43.38916015625,,
,,,,12.858942031860352,, Exec-managerial,,,,,,,,
,,,,11.682568550109863,,,,,,,177.8680419921875,46.34467697143555,,
,,,,9.478759765625, Married-civ-spouse,,,, Female,,,45.73622512817383,,
, Private,192796.09375, HS-grad,,,,,, Female,,,,, <=50K
50.277503967285156,,,,,,,,,,,-154.48667907714844,51.36151885986328,,
35.3460578918457,,,,,, Craft-repair,,,,-449.39599609375,,,,
28.805862426757812,,,,7.533585548400879,,,,, Female,,-66.21534729003906,,, <=50K
,,,,,, Craft-repair,,,,3685.36181640625,,,,
,,,,, Married-civ-spouse,,,, Male,4257.576171875,,,,
,,, 7th-8th,,,,,,,,,,, <=50K
,,,,,, Craft-repair,, White,,,,, United-States,
,,,,,,,,,,,82.91728973388672,, United-States,
39.09138107299805,,,,,,, Not-in-family,,,,69.96319580078125,,,
,,,,,,,,,,,,, United-States, >50K
,,,,,, Prof-specialty,,,,,,,,
37.90977096557617,,, HS-grad,,,,,,,,35.081539154052734,,,
,,, HS-grad,,,,,,,,,,,
32.417503356933594, Private,, HS-grad,,,,, White,,,,,, <=50K
,,,,,,,,,,-3560.0107421875,,,, <=50K
32.57587814331055,,,,,,,,, Male,,,, United-States,
,,,,11.973528861999512,,,, White, Male,,,, United-States,
, Private,,,,,,,,,,,, United-States,
, Private,,,,, Craft-repair, Husband,,,,,,,
,,,,,, Prof-specialty,,, Male,2556.8583984375,,,,
41.770957946777344,,,,,,,,,,4353.72314453125,,,,
40.25605010986328, Private,,,,,,, White,,,,,,
38.238956451416016,,,,,,,,,,,35.09400939941406,,,
,,,,,,, Not-in-family,,,-2788.92041015625,,,, >50K
, Private,,,,,, Husband, White,,4524.67431640625,,,,
,,,,, Married-civ-spouse,, Not-in-family, White,,,,, United-States,
, Private,,,,, Adm-clerical,,,,,,,,
,,,,8.551416397094727,,,,, Male,,,,,
33.22296905517578,,,,,,,,, Female,,,,, <=50K
, Self-emp-not-inc,,,,,,,, Female,,,,, >50K
,,174163.0, HS-grad,,,, Unmarried,,,,-62.793060302734375,,, <=50K
,,,,,,, Husband,, Male,,202.76702880859375,,,
,,,,10.391581535339355,,, Husband,,,,,, United-States,
,,,,,,,,,,-849.737060546875,,36.77919006347656,,
37.902069091796875, Private,188704.8125,,,,,,,,,,,,
,,201645.5,,,,,,, Male,,,,,
,,,,, Married-civ-spouse,,, White,,,,,,
,,, 7th-8th,,,,,, Male,-171.1636962890625,,,,
,,,,,, Craft-repair,,,,,75.29509735107422,,,
,,203072.53125,,,,,,,,-210.7939453125,27.29794692993164,, United-States,
,,,,,,,,,,,,,,
,,,,,,,,,,,,39.872318267822266,,
, Private,,,,, Handlers-cleaners,,,,,13.908195495605469,,,
, Private,,,,, Craft-repair,,,,,202.97213745117188,,,
,,,,,,,,,,,149.34902954101562,,,
,,,,8.425583839416504,,,,,,-3253.6787109375,,32.08849334716797,, <=50K
,,,,, Never-married,,,,,,,,,
,,,,, Married-civ-spouse, Craft-repair,,, Male,,,54.67638397216797,,
, Private,, Some-college,,,,,,,,,, United-States,
,,,,,,, Husband,,,,,,,
39.815608978271484,,176495.828125,,,, Adm-clerical,,,,,,39.88661193847656,,
,,,,,,,,,,,,, United-States,
,,195993.234375,,12.023948669433594,, Exec-managerial,,,,,,,,
, Private,,,, Married-civ-spouse,, Not-in-family, White,,,,, United-States,
,,,,7.486400604248047, Divorced,,,,,,-57.423431396484375,,, <=50K
,,180318.359375,,,,, Husband,, Male,,,,,
,,,,,,,,,,,,,,
,,,,,,, Not-in-family,,,,,37.25029754638672,, <=50K
25.263229370117188,,,,, Married-civ-spouse,,,, Female,,,,,
32.14887619018555, Private,,,,,,, White,,,53.43153381347656,,,
,,, Some-college,8.952751159667969,,,,,,,,,,
,,,,, Married-civ-spouse,,,,,,,43.1534309387207, United-States,
,,,,,, Adm-clerical,,,,,,,,
,,,,,, Prof-specialty,,,,,,, United-States,
,,,,, Married-civ-spouse,, Not-in-family,,,474.09661865234375,,, United-States,
,,,,,,,,,,607.2774658203125,,,,
,,,,,,,,,,,,, United-States,
, Private,,,,,,,,,,,,,
,,, Bachelors,,,,,,,3953.919921875,,46.92918014526367,,
, Private,, HS-grad,9.461885452270508,,,, White,,,,, United-States,
39.10881423950195,,,,,,,,,,,60.19158935546875,41.265106201171875,,
, Private,, HS-grad,7.643247604370117, Never-married,,,,,,,,, <=50K
,,,,,,,,,,,,,,
,,,,,,, Husband,,,,,,,
44.42877197265625,,,,,, Craft-repair,,,,,181.05674743652344,,,
,,181633.34375, Bachelors,,,, Husband, White,,,,,,
37.85067367553711,,,,,,,, White,,,,,,
,,,,, Never-married, Other-service,,,,-4404.2041015625,-107.82730102539062,,, <=50K
, Private,, HS-grad,, Married-civ-spouse,,,,,-5.453369140625,,39.97889709472656,,
, Private,,,,, Prof-specialty,,,,,,, United-States,
,,,,,,,,,,,,, United-States,
,,, HS-grad,, Married-civ-spouse,,, White, Male,2926.72265625,,,,
, Private,220150.125, HS-grad,,, Machine-op-inspct, Own-child,,,,,,,
37.453983306884766,,193871.5,,,,, Not-in-family,,,,,,,
,,,,8.970611572265625, Never-married,,,,,,,,,
,,, Bachelors,,, Exec-managerial,,,,,223.03053283691406,,,
,,172078.921875, Bachelors,,,, Not-in-family,,,,,,,
,,, HS-grad,,,,,,,,,46.04964065551758,,
,,,,,, Other-service, Wife,,,,,,,
,,,,9.99508285522461,,,,, Female,,,,,
43.995235443115234,,195858.84375,,11.533365249633789,,,,,,,,,,
,,,,8.191202163696289,,, Own-child,,,-3293.66455078125,,,, <=50K
, Private,,,,, Handlers-cleaners,,,,,,,,
,,196473.625,,8.638440132141113,,,, White,,,,,, <=50K
,,,,8.144146919250488,,,,, Male,,58.01245880126953,,,
,,,,,, Craft-repair,,,,,,,,
,,,,, Married-civ-spouse,,, White,,213.61749267578125,,,,
,,, 7th-8th,,,,,, Male,,,,, <=50K
,,,,,,,,,,,,, United-States,
36.097023010253906,,,,,,, Not-in-family,,,,,, United-States,
,,202680.875,,,,,, White, Male,,,, United-States,
, Private,210565.4375,,, Married-civ-spouse,,,, Female,,,, United-States,
,,,,,,,,,,,28.864418029785156,,,
41.5780029296875,,, Some-college,,,, Not-in-family, White,,,128.77932739257812,,,
, Private,,,11.874454498291016,,,,,,,,,,
31.99588394165039,,, HS-grad,,,,,, Female,175.95233154296875,,, United-States,
,,,,, Married-civ-spouse,,, White,,,,39.02283477783203,,
,,, Some-college,, Never-married,,, White,,-168.0706787109375,,,,
,,, HS-grad,,,,, White,,,,,,
,,189396.109375,,,,,, White,,,,35.25161361694336,,
,,,,,,, Husband,,,,,40.07447052001953,,
32.95882797241211,,, 10th,,,,,,,-4204.5791015625,,,, <=50K
,,,,, Married-civ-spouse,,,,,,,,,
,,, Bachelors,,, Craft-repair, Husband,, Male,,,,,
,,,,7.747683525085449,, ?,, White,,,,, United-States, <=50K
, Private,,,,, Machine-op-inspct,,,,,,,, <=50K
35.00506591796875,,, Bachelors,,,,,,,,,,,
37.281063079833984,,,,,,,,,,-1703.0147705078125,,,, <=50K
,,, Bachelors,,,,, White,,,,,, <=50K
,,, HS-grad,,,, Wife, White,,,,,,
, Private,,,,,, Not-in-family,,,,,35.872249603271484,,
,,,,,,,, White, Male,-45.512939453125,82.89691162109375,47.16810607910156,,
,,182429.5, Bachelors,,,,,,,,,,,
,,,,,,, Husband, White,,3992.42529296875,,, United-States,
,,,,12.335136413574219, Married-civ-spouse,, Not-in-family,,,4112.15869140625,,49.11764907836914,,
26.700912475585938, Private,182996.59375,,,,,,,,,,,, <=50K
35.41734313964844,,197478.4375,,, Married-civ-spouse,,, White,,,,,,
,,,,,,,,,,,,,,
,,,,,,,,,,36.9388427734375,,,,
,,182541.203125,,10.036049842834473,, Craft-repair,,,,,46.35881805419922,42.01877212524414,,
, Private,191977.875,,,,,,,,,,,,
, Private,,,11.492326736450195,,,,,,,,47.02534866333008,,
,,,,,,,,,,-3234.08837890625,,38.39152908325195,, <=50K
,,,,,,,,,,,83.67382049560547,41.836605072021484,,
43.72199249267578,,,,,,,, White, Male,,,,,
,,, HS-grad,,,,, White,,,,,,
,,,,12.687812805175781, Married-civ-spouse,,,,,,174.66201782226562,,,
,,,,9.226387023925781,,,,,,,81.27494049072266,40.95960998535156,,
, Private,,,,,,,,,,,37.535545349121094,, <=50K
35.96697998046875, Private,,,,,,,,,,,39.55311584472656, United-States,
, Private,,,, Never-married,,,,,,,,,
,,185893.609375,,,,, Not-in-family,,,,,,,
,,,,12.342177391052246, Married-civ-spouse, Exec-managerial,,,,,,,,
,,, 7th-8th,, Widowed,, Unmarried,,,,,,, <=50K
40.438148498535156,,,,,,, Husband,, Male,,,,,
, Private,,,,,,, White,,,,, United-States,
,,,,10.518522262573242,,,,,,,,, United-States,
, Private,,,,,,,,,-374.2166748046875,,,,
35.19305419921875,,,,,,,,,,-2601.34130859375,,, United-States, <=50K
41.56093978881836,,, Bachelors,,,,,, Male,,,48.343196868896484,,
,,, HS-grad,,,,,, Female,,,,, <=50K
,,,,,,,,,,,,,,
,,,,,,,,,,,,33.91850280761719,,
,,,,,,,, White,,,,,,
,,,,,,,,,,,49.71267318725586,,,
,,, Some-college,,, Adm-clerical,, White,,-3491.11572265625,,, United-States, <=50K
,,,,,,,,,,,200.3685760498047,,,
,,199132.15625,,, Married-civ-spouse,,, White, Female,,,,, <=50K
, Private,,,,,,, White,,,,,,
,,, HS-grad,,,,,,,,61.69178009033203,,,
,,,,7.870490550994873,,,, White,,,-25.036590576171875,38.79813003540039,, >50K
,,,,,, Prof-specialty,,,,504.49810791015625,,,,
41.71528625488281, Private,, Some-college,11.617618560791016,,,,,,3494.2783203125,,,,
,,,,,,,, White,,,-74.881103515625,,, <=50K
,,200245.078125,,,, Craft-repair,,, Female,,,,, <=50K
,,198618.03125,,, Married-civ-spouse,,,,,,,,,
34.23236846923828,,,,, Never-married,,,,,,47.91635513305664,,,
37.674190521240234,,,,,,,,, Male,,82.11547088623047,,,
37.68006134033203,,,,,,,, White,,,,, United-States,
38.26995086669922,,,,,,,,,,,56.62895202636719,43.18947219848633,,
28.974905014038086, Private,192154.359375,,, Married-civ-spouse,,,,,,,,,
, Private,204207.328125,,,,,, White,,-378.0804443359375,,,,
, Private,,,8.368084907531738,, Craft-repair,,, Female,,,45.876708984375,, <=50K
,,193388.421875,,,, Craft-repair,,,,,,,,
,,,,9.573565483093262,,,,,,,,,,
32.83013153076172,,,,, Married-civ-spouse, Prof-specialty,,,,,,,,
,,208067.515625,,, Married-civ-spouse,,,,,,,, United-States,
,,,,, Divorced,,,,,,,,, <=50K
,,,,, Never-married,, Own-child,,,-1333.0369873046875,,,,
,,,,, Never-married,,,,,,,40.310585021972656, United-States, <=50K
,,195807.109375,,,,,,,,,,,,
40.87185287475586,,,,,,,, White,,,,,,
,,191547.859375,,, Married-civ-spouse,,, White,,,,,,
33.776756286621094,,172734.9375, HS-grad,,, Other-service,,,,-3290.150390625,,,, <=50K
34.59428024291992,,179930.578125,,,,, Not-in-family,,,-4446.1748046875,,,, >50K
,,, HS-grad,,,,, White,,,31.903472900390625,,,
,,,,, Never-married,,,,,-3164.92236328125,,38.49763870239258,, <=50K
,,,,11.943766593933105,,, Husband,,,3820.357421875,,,,
, Private,195246.109375, HS-grad,,,,, White,,,,,, <=50K
, Private,197654.921875,,,,,,,,,,,,
,,,,, Married-civ-spouse, Craft-repair,, White,,,,,,
,,, HS-grad,,,,,,,0.4808349609375,,,,
,,,,,,,,, Female,,,46.47541427612305,,
,,190696.609375,,10.733745574951172,, Exec-managerial, Not-in-family,,,,,,,
,,, Bachelors,,,,, White,,,,, United-States,
,,,,,, Adm-clerical,, White,,,,37.18294906616211,,
25.16875457763672,,,,, Married-civ-spouse,,,,,,,,,
,,,,9.888616561889648,,,, White, Female,,,,,
,,187803.796875,,,,,,,,,,,,
,,,,, Married-civ-spouse, Craft-repair,,,,671.4825439453125,,,,
,,,,,,,, White,,,,47.6606330871582,,
, Private,164111.796875,,,,,,,,,75.03624725341797,,,
39.221527099609375,,,,8.965206146240234,,,,,,,,, United-States,
,,, HS-grad,,,,,,,,,,,
,,208120.046875,,,,,,,,,,, United-States,
,,, Bachelors,,,,, White,,,,47.29000473022461,,
44.75565719604492,,,,,,,,,,,,,,
,,,,,,, Husband,,,,187.10714721679688,,,
,,,,,,, Husband,,,,,,,
,,,,,,,,,,-3475.64794921875,,33.82636642456055, United-States, <=50K
,,,,,,, Not-in-family, White,,81.88092041015625,,38.18467712402344,,
31.223384857177734, Private,178537.671875, HS-grad,,,,,,,,,35.719547271728516,,
,,,,,,,,, Male,,,46.45419692993164,,
39.185829162597656,,, HS-grad,,,,, White, Male,,,47.851200103759766, United-States,
,,175638.625,,,,,,,,,,,,
,,,,,,,, White,,,,, United-States,
,,,,, Divorced, Adm-clerical, Not-in-family,,,,,, United-States,
,,188154.84375, Some-college,,, Adm-clerical,,,,,,40.25120162963867,,
, Private,,,,, Exec-managerial, Not-in-family, White,,,,,, >50K
35.80128479003906,,,,,,, Husband,, Female,,,,, >50K
38.78641128540039,,196643.90625,,,,,,,,-485.93994140625,,,,
, Private,,,,,,,,,,,,,
,,, HS-grad,,,,, White, Male,,,,,
,,199262.65625, Some-college,, Married-civ-spouse,, Own-child,,,,174.98410034179688,,,
,,,,,, Craft-repair,,, Female,,,,, <=50K
51.05955123901367,,200313.828125,,12.155936241149902,,, Wife, White,,,,, United-States,
46.40608596801758,,,,,, Craft-repair,,, Male,,,,,
,,,,,,,,,,,,, United-States,
,,,,,,, Husband,,,,,,,
,,,,9.502610206604004,,,, White, Male,449.1851806640625,,,,
, Private,,,10.074880599975586, Married-civ-spouse,,,,,,,,,
,,,,,,,,,,,,,,
,,172335.328125, HS-grad,,,,,,,,175.6844024658203,,,
,,, Bachelors,,, Prof-specialty,,,,,,44.35984420776367,,
31.778438568115234,,,,,,,,,,-3423.87548828125,,, United-States, <=50K
,,,,,,,,, Male,-117.965576171875,,,,
,,,,, Married-civ-spouse,,,, Female,,,,,
,,,,11.557584762573242,,,,,,3799.7451171875,,46.617454528808594,,
,,, 11th,,,,,,,,,,,
,,,,,,,,,,,,38.59062194824219,,
,,,,,,,,,,,,32.26513671875,,
,,, 7th-8th,,,, Husband,,,,,, United-States, >50K
,,, HS-grad,,,,,,,,,, United-States, >50K
,,, Some-college,10.150919914245605,,,,,,,,, United-States,
43.213661193847656,,,,,,,,,,,,39.81002426147461,,
,,,,,,,,,,-453.8369140625,,,,
,,,,,, Prof-specialty,,,,,248.39752197265625,,,
, Private,,,,,,,,,,-37.52802276611328,, United-States, <=50K
,,,,,, Craft-repair,,,,15.6617431640625,,, United-States,
,,157763.34375,,,,, Unmarried,,,,,,, >50K
,,,,11.291525840759277,, ?, Husband,,,,,, United-States,
,,, HS-grad,8.1007661819458,,,,, Male,,41.49467468261719,42.84601974487305,,
,,, HS-grad,,,,,,,,,, United-States,
,,,,,,, Not-in-family,,,,,,,
,,, HS-grad,,, Adm-clerical,,,,,,35.463863372802734,,
41.11454772949219,,,,10.847307205200195,, Adm-clerical,, White,,,,,,
,,, HS-grad,,,,, White, Male,,188.9774169921875,, United-States,
, Private,,,,,,,,,,,, United-States,
, Private,, HS-grad,,, Craft-repair,,,,,,,,
39.375885009765625,,175008.6875,,,, ?,,,,,,,, >50K
, Private,,,, Married-civ-spouse,,,,,,,,,
,,,,,,,, White,,,,37.29204177856445,, <=50K
,,182202.0625, Some-college,,,, Not-in-family,,,,,,,
,,,,, Never-married,,,,,,,,,
,,217887.75,,,,,,, Female,,,,, <=50K
, Private,, HS-grad,8.282891273498535,,,, White, Male,,,,,
,,,,, Married-civ-spouse,,,,,,,,,
,,192729.53125,,11.101966857910156, Never-married,,,,,-207.06787109375,37.52338409423828,39.19131851196289,,
,,,,10.731208801269531, Married-civ-spouse,,,, Male,,,,,
,,,,,,,,,,918.3661499023438,,,,
,,,,,, Other-service,,,,,,,,
,,, HS-grad,,, Other-service,,,,,,34.728851318359375,, <=50K
38.81864929199219,,,,,,,,,,127.05621337890625,,,,
23.03573226928711, Private,,,, Never-married, Other-service,,,,,-79.11181640625,39.633575439453125, United-States, <=50K
, Private,,,9.995543479919434,,,,,,,,,,
,,,,, Married-civ-spouse,, Husband,, Male,710.8912353515625,,,,
,,,,8.365201950073242,,, Not-in-family,,,,,,, <=50K
,,,,, Divorced, Adm-clerical, Not-in-family,,,249.86590576171875,,,,
,,,,,,,,,,,,, United-States,
,,,,, Married-civ-spouse,,,,,,,,,
29.30063247680664,,,,,,,,,,-38.1961669921875,12.557670593261719,,,
28.597713470458984,,,,, Never-married,,,,,,,38.05583953857422,,
,,,,, Married-civ-spouse,,,,,,51.009986877441406,,,
,,,,,,,, White,,364.840576171875,,,,
,,,,,,,,,,,,32.02782440185547,,
,,177041.171875, Bachelors,,,,,,,,,,,
34.171546936035156,,,,,,,,,,,,35.72019577026367,,
,,,,12.36374282836914,,, Not-in-family, White,,,206.67959594726562,, United-States,
,,,,8.42794418334961,,, Husband,, Female,,,45.52737808227539, United-States, <=50K
,,,,10.533268928527832,,,,,,,,,,
,,, Some-college,,,,,,,,,,,
,,,,,,,,,,,,,,
,,,,,,,,,,,,32.037845611572266, United-States,
,,,,,,,,,,,,,,
, Private,,,,,,,,,,,,,
39.59709548950195,,,,,,,,,,372.9093017578125,,, United-States,
,,185996.515625, Some-college,11.159843444824219,, Adm-clerical, Not-in-family,,,,,40.30623245239258,,
,,,,,,,,,,,,,,
,,,,,,, Husband,, Male,,,, United-States,
, Private,214974.140625,,,,, Husband,, Male,,,,, <=50K
,,,,,,, Own-child,,,,,40.630714416503906,,
,,,,,, Craft-repair,,,,,,43.17892837524414,,
,,,,,, Craft-repair,,,,,,,,
,,,,,,,,,,,86.4957504272461,,,
32.26148223876953, Private,,,,, Craft-repair,, White,,,-43.571990966796875,, United-States, <=50K
,,,,,,,,,,,,,,
,,182294.21875, Bachelors,,,,,,,,,,,
,,,,,,,,, Male,979.6890258789062,,, United-States,
,,,,,,,, White,,,,,,
,,,,8.404387474060059,,,,, Female,,85.53399658203125,,,
,,, HS-grad,10.12828540802002, Married-civ-spouse,,,,,,,,,
48.65488815307617,,,,,,,,,,,,,,
38.90550231933594,,,,,, Prof-specialty,,,,,,, United-States,
25.626934051513672, Private,,,,,,,,,,,,, <=50K
36.98517990112305,,,,9.185978889465332,,,, White,,,,,,
39.81150436401367, Private,,,,, Craft-repair, Husband,, Male,,,50.55302810668945, United-States,
, Private,,,9.654385566711426, Never-married,,,,,,30.13601303100586,, United-States,
,,,,,,,,,,,,47.005950927734375, United-States,
,,,,,,, Not-in-family,,,,,,,
40.520015716552734,,,,,,,,,,,,,,
,,,,,,,,,,,-37.97954559326172,,, <=50K
,,,,,,,,,,,,,,
,,201559.484375,,, Never-married,, Own-child,,,-222.43017578125,,,,
, Private,,,10.35367202758789, Married-civ-spouse,, Husband,, Male,,,,,
,,,,9.874969482421875,, Craft-repair,,, Female,,,,,
,,,,,,,,,,,,, United-States,
33.20087814331055,,188834.359375,,,,,,,,,,,, <=50K
,,,,,,,,,,,,,,
,,176987.109375,,,,,, White,,,,,,
,,, HS-grad,,,,,,,,,39.585784912109375,,
,,, 7th-8th,,,, Husband,,,,,, United-States,
,,,,,, ?,, White,,,,,,
,,,,10.569121360778809,, Craft-repair,,,,,,44.707279205322266, United-States,
,,191728.96875,,,,,,, Male,,,,,
,,,,,,,,,,,,,, <=50K
, Private,192760.734375, HS-grad,,, Craft-repair,, White,,,,,,
,,,,,,,, White,,4039.84228515625,215.255859375,,,
37.050819396972656,,182639.25, Bachelors,,, Exec-managerial,, White,,,,,,
,,,,, Never-married,, Not-in-family,,,,,, United-States, <=50K
,,,,, Married-civ-spouse,,,,,,,,,
,,,,, Married-civ-spouse,,,, Female,412.783447265625,,47.55467224121094, United-States,
26.844745635986328,,189424.625, HS-grad,, Married-civ-spouse,,,,,0.0477294921875,,,,
,,,,, Never-married, Other-service,,,,-3299.96337890625,,, United-States, <=50K
,,,,,,,,,,,,, United-States,
,,, Some-college,,,, Husband, White,,,,, United-States,
39.10429000854492,,,,,,,, White,,,,,, <=50K
,,, Some-college,, Divorced,,,,,,,,,
46.58427047729492,,,,,,,,, Male,,,,,
,,,,,,,,,,,,43.631996154785156,,
,,, HS-grad,,,,,,,-855.498291015625,23.146255493164062,, United-States,
,,, Some-college,, Never-married, Adm-clerical,, White,,,,,,
,,,,, Never-married,,,, Female,,,,,
,,187011.546875,,, Never-married,, Not-in-family,,,,49.016300201416016,,,
, Private,,,8.939900398254395,,,, White,,,,,,
,,,,8.96705436706543, Married-civ-spouse, Craft-repair,,, Female,,,,, <=50K
30.66019058227539,,188080.828125,,, Never-married,,,,,,,,,
,,,,10.199857711791992,,,,,,,,36.25923538208008,,
,,,,,, Exec-managerial, Husband, White,,3902.6396484375,,,,
,,186040.921875,,8.939092636108398, Divorced,,,,,,26.110675811767578,,,
,,, HS-grad,,, Craft-repair,,,,,,,,
,,,,, Married-civ-spouse,,,, Male,,,,,
40.401363372802734,,191665.703125,,10.768162727355957,, Craft-repair, Not-in-family,,,,86.74188995361328,45.497310638427734,,
47.309593200683594,,,,,, Craft-repair,,, Male,,,,,
,,,,,, Craft-repair, Husband,, Male,,211.90805053710938,,,
,,,,,,,, White,,-523.233154296875,,34.381935119628906,,
,,,,, Widowed,,,,,,,,, <=50K
,,,,,,,,,,,,, United-States,
38.188232421875, Self-emp-inc,,,10.440897941589355,, Transport-moving,,, Male,1055.2901611328125,,,,
38.115081787109375,,,,,,, Not-in-family,,,,,,, >50K
,,212610.828125,,,,, Own-child,,,,,,,
,,,,,,,,,,,,37.35797882080078,,
,,,,,,,,,,2126.5029296875,,,,
,,, Bachelors,,, Prof-specialty,,,,,,40.23512649536133,,
,,178649.8125, HS-grad,,,,,,,,,41.34669876098633,,
,,,,, Married-civ-spouse,,,, Female,,,,,
, Private,,,8.13163948059082, Never-married,,,,,-3087.44873046875,,, United-States, <=50K
,,,,,,,, White,,,,,,
,,,,,,,, White,,4937.71630859375,,44.459625244140625, United-States,
32.2640380859375,,,,9.236400604248047,,,,,,,,,,
,,,,, Married-civ-spouse, Craft-repair,,, Female,,,,,
,,,,,,,,,,,,,,
,,203242.96875,,,,,,,,,,,,
, Private,,,,,,, White, Male,,,,,
,,,,,,,, White,,51.3568115234375,,34.82189178466797,,
,,,,, Never-married,, Own-child,,,,,37.06507110595703, United-States,
,,,,,, Adm-clerical, Not-in-family,,,167.7772216796875,,40.056121826171875, United-States,
, Private,,,,,, Husband,,,,,,,
45.759883880615234,,,,,, Farming-fishing,,,,,,, United-States,
, Private,,,,, Adm-clerical,,,,,,, United-States,
,,,,10.432249069213867,,,,,,,,37.271358489990234,,
, Private,,,,,,,,,,,40.794647216796875,,
,,176562.59375,,,,,,,,,,, United-States,
,,,,,,,, White, Male,,89.97125244140625,,,
50.03517532348633,,,,11.986207008361816,,, Husband,,,,,,,
,,,,8.912772178649902,,,,,,,,,,
, Private,,,7.789335250854492,,,,,,,,,, <=50K
,,180699.953125,,, Never-married, Adm-clerical,, White,,,-81.43617248535156,,, <=50K
,,181002.25,,, Married-civ-spouse,,, White,,,,, United-States,
,,,,,,,, White, Male,,,,,
38.73126220703125,,, HS-grad,,,,,, Male,,,,,
,,213368.578125,,,,,,, Male,,,45.294471740722656, United-States,
,,, Some-college,10.694376945495605,, Adm-clerical,,,,,,39.10378646850586,,
, Private,,,,,,,,,3583.03076171875,,,,
44.176265716552734,,,,,,, Husband,,,,,,,
33.688385009765625,,,,8.309432983398438,,,, White, Female,,,, United-States,
,,,,,,,,,,,,,,
42.3996467590332,,,,,,,,,,,,,,
,,195366.46875, HS-grad,,,, Own-child,,,,,,,
, Private,, HS-grad,8.956661224365234,,, Husband,,,-5.175537109375,,,,
,,,,, Divorced,,,,,,,39.02654266357422,,
37.26652526855469,,,,,,,,,,,,,,
,,,,,,,,,,,,, United-States, <=50K
,,,,,, Craft-repair,,, Female,,,,,
,,,,, Never-married,,,,,,,,, <=50K
, Private,,,,,, Husband,, Female,,-47.29994201660156,, United-States, <=50K
,,, HS-grad,6.998263359069824,,,,,,,,,, >50K
,,, HS-grad,,,, Husband,, Male,34.36328125,,,,
42.1761589050293,,, HS-grad,,, Craft-repair,,,,,62.78564453125,,,
, Private,,,,,,,, Female,,,,, <=50K
51.52764892578125,,179854.65625,,,, Adm-clerical,,,,,,,,
,,175237.453125,,,,,,,,,49.08814239501953,,,
39.65036392211914,,,,,,,,,,454.7938232421875,,, United-States,
,,, Bachelors,, Widowed,, Not-in-family,,,,,42.54275131225586, United-States, >50K
,,, Bachelors,,, Exec-managerial,,, Male,,,,,
45.17938232421875,,, Bachelors,,,,,,,,,46.970855712890625,,
,,, HS-grad,,,,,,,-284.419921875,,,,
,,,,,, ?,, White,,-128.4027099609375,,,,
,,,,,,, Not-in-family,,,,-72.59808349609375,,, <=50K
,,,,, Never-married, Sales,,,,,74.25753784179688,45.755470275878906,,
,,,,,,,,,,,,42.600624084472656,,
39.34592056274414, Private,,,10.062797546386719,,,,,,,,,,
,,,,,,, Husband,,,,,,,
,,, Some-college,,, Craft-repair,,,,,,,,
28.533588409423828, Private,194085.25,,, Married-civ-spouse,,,,,,,, United-States,
,,,,,,,,,,,,,,
,,, Some-college,,,, Own-child,,,,,,,
34.315711975097656,,,,,,,, White,,,,,, <=50K
,,,,7.870211601257324,,,,,,,,,, <=50K
,,,,, Married-civ-spouse,,,,,3193.810546875,,,,
, Private,, Some-college,,, Other-service,,,,,,,,
,,193778.53125,,,,,,,,439.1112060546875,,39.75383758544922,,
,,,,,,,,,,,156.00823974609375,,,
, Private,191534.40625, Bachelors,,,,,,,,,43.93107604980469,,
,,,,, Never-married,,,,,,,34.97471237182617,, <=50K
,,,,11.719390869140625,,,,,,3701.79443359375,,,,
,,,,9.375787734985352,,,,,,,,,,
,,,,, Married-civ-spouse,,, White, Female,,,,, <=50K
,,176157.84375,,,, Adm-clerical, Unmarried,,,,-66.42927551269531,,, <=50K
31.66245460510254, Private,,,,, Adm-clerical,,,,,,,,
, Private,,,9.803155899047852,, Craft-repair,, White,,,,,,
,,,,,, Prof-specialty,,,,,,,, <=50K
,,177646.515625,,, Married-civ-spouse,,,,,,217.0118408203125,, United-States,
26.82558822631836, Private,,,9.138898849487305, Never-married,, Unmarried,,,,,, United-States, <=50K
,,, HS-grad,,,,,,,,,, United-States,
, Private,193462.484375,,,,,, White,,,,37.41145324707031,, <=50K
,,195067.265625,,,,,,,,,,,,
,,,,,,,, White, Male,-372.260986328125,,,,
,,,,,,,, White,,,,,,
,,,,,,,, White,,,-24.65032196044922,, United-States, >50K
32.559608459472656,,,,,,,, White,,,,,, <=50K
, Private,,,,,,,,,,,,, <=50K
,,,,,,,, White,,,,41.18735122680664,,
,,,,, Never-married,,,,,,,,,
,,,,,,,, White, Male,55.206298828125,,42.95421600341797,,
,,199369.5625,,, Married-civ-spouse,, Husband, White, Male,,,,,
,,,,, Never-married,, Own-child,, Female,-860.1904296875,,,,
,,198428.6875,,,,,,,,,,38.37614059448242,,
,,, Bachelors,, Married-civ-spouse,,, White, Male,,,,,
,,,,,,,,,,3445.779296875,,, United-States,
,,,,,,,,, Male,3646.365234375,202.88150024414062,,,
,,,,,,,,,,,,,, <=50K
42.76874923706055, Private,,,,,,,,,,,,,
, Private,, Bachelors,,, Prof-specialty,,,,,,,,
,,,,11.245186805725098,,,,, Male,,,,,
,,,,, Married-civ-spouse,,, White, Female,,,42.63356399536133,, <=50K
,,, Bachelors,, Divorced,,,,,,,,,
,,,,,,,,, Male,,,,,
,,,,,,, Not-in-family,,,,,,,
,,196999.125,,, Married-civ-spouse,,,,,,-220.26280212402344,,,
,,,,, Never-married,,, White,,,,,,
,,,,,,, Not-in-family,,,1446.322265625,,, United-States,
27.82676124572754, Private,, Bachelors,, Married-civ-spouse, Prof-specialty,,,,1024.895751953125,,,,
, Self-emp-not-inc,,,6.776146411895752,,,,, Female,,,,, >50K
33.12371826171875,,,,7.761853218078613,,,,,,,,,, <=50K
,,, Bachelors,,,,,,,,,,,
,,,,,,, Not-in-family,,,1527.8165283203125,,39.440338134765625, United-States,
,,,,, Married-civ-spouse,,,,,,,,,
,,,,, Married-civ-spouse,,,,,,,,,
48.82389831542969,,, HS-grad,,, Craft-repair,,,,,189.80584716796875,,,
34.48823928833008, Private,,,10.413840293884277,,,,,,,,,,
,,191326.5,,, Married-civ-spouse,,,,,,,,,
, Private,, Bachelors,,,, Husband, White, Male,,,49.528778076171875,,
,,, Some-college,,,, Not-in-family,,,,,35.74072265625,,
,,, Some-college,,,, Not-in-family,,,,55.318389892578125,,,
, Private,, HS-grad,,,,, White,,,,,,
,,,,10.873770713806152,, Protective-serv,,, Female,1215.396484375,,48.130767822265625,,
44.29186248779297,,,,10.741072654724121,, Craft-repair,,, Male,,,,,
29.133270263671875, Private,,,9.592391014099121,,,,,,,52.05038833618164,41.1217155456543,,
35.7625846862793,,183884.375,,,,, Not-in-family,,,,-56.2584228515625,,, <=50K
30.03299903869629,,191055.8125,,, Married-civ-spouse,,,,,163.36102294921875,,,,
,,,,,,,,, Male,,,,,
,,, Bachelors,,,,,,,-2822.9404296875,,,, <=50K
,,,,,,,,,,,,,, <=50K
39.459129333496094,,,,9.193768501281738,,,,,,,,,, <=50K
,,,,,,,,,,,,,,
, Private,, HS-grad,9.035562515258789,,, Not-in-family, White,,,,40.74761199951172, United-States,
, Private,, Some-college,,,,,,,,,, United-States,
, Private,,,, Married-civ-spouse,,,,,,,,,
,,, Bachelors,,, Craft-repair,,, Male,4025.607421875,,,,
,,,,,, Craft-repair,, White,,,,, United-States,
,,195522.359375,,,,,,, Male,,,,,
,,,,,, Craft-repair,,,,,,,,
,,209942.96875,,, Married-civ-spouse,,,,,,,,,
33.06013870239258, Private,185228.28125,,8.249350547790527,, Other-service,,,,,-54.30267333984375,,, <=50K
,,,,8.694665908813477,,,, White,,,,,, <=50K
,,, HS-grad,,,,,,,,,,,
27.892345428466797,,183384.984375,,, Divorced, Adm-clerical,,,,,47.78565216064453,,,
34.86760711669922,,,,,,, Unmarried,,,,,,,
,,,,14.042108535766602, Married-civ-spouse,,,, Male,,,57.552772521972656,,
43.60250473022461,,199546.96875, HS-grad,,,,,, Male,3311.4755859375,,51.72389221191406, United-States,
,,, Some-college,13.551613807678223, Married-civ-spouse,, Not-in-family, White,,,,,,
38.03886413574219,,,,,,, Not-in-family,,,,,,,
35.54520034790039,,186974.625,,,,, Not-in-family,,,,-55.624725341796875,,, <=50K
,,, Some-college,11.859224319458008,,, Husband,, Male,,,,,
,,, Some-college,,,,, White,,,,35.306243896484375,,
34.53916549682617, Private,,,,,,,,,,29.10903549194336,33.17327117919922,,
, Private,,,,,,,, Male,,,,,
43.30752182006836,,189613.90625,,,, Adm-clerical,,,,,,,,
,,,,,,, Husband, White,,,,,,
, Private,,,,,,,,,,,,,
31.111644744873047,,, Some-college,, Divorced,, Not-in-family,,,,,, United-States,
32.50590133666992,,196181.25,,,,,,,,8.742919921875,,,,
,,189848.03125, HS-grad,,,,, White,,,-62.43977355957031,36.06568145751953,, <=50K
32.83643341064453,,,,,,,, Asian-Pac-Islander,,-173.5733642578125,,,,
,,, HS-grad,, Married-civ-spouse,,,,,,55.89091491699219,,,
,,,,,,,,, Female,,,,,
,,,,, Married-civ-spouse,,, White, Female,,,,,
,,,,,,,,, Male,,,,,
,,,,,,, Husband,, Male,,,,,
,,,,,,,,, Male,,,,,
,,,,,,,,,,-300.6148681640625,,,,
,,,,,,,,,,-441.50048828125,,, United-States,
, Private,,,,,, Own-child,,,,,44.65729522705078,,
,,,,,,,,,,,70.30839538574219,,,
,,,,9.540760040283203,,,,,,,,,,
35.14061737060547,,,,9.430200576782227,,,,,,,,,,
, Private,190742.15625,,,,, Husband,, Male,,,,,
,,,,8.914192199707031,,,,,,,,38.76469421386719,,
, Private,,,,,,,,,,,, United-States,
29.302814483642578,,189955.546875,,8.17463207244873,,,, White,,,,,, <=50K
38.44361877441406,,181403.5,,,,,,,,,,,,
, Private,,,, Never-married, Prof-specialty,,,,,,46.528194427490234,,
,,,,,,,, White, Male,,80.26399230957031,,,
,,,,,,,,,,,,43.30842208862305, United-States,
,,169611.0,,,,,,,,-2748.970703125,,,, <=50K
,,,,,,,,,,,,,,
30.849140167236328,,, Bachelors,,,,, White, Male,,,,, >50K
,,,,,,,,, Female,,,43.23747634887695,, >50K
,,198048.796875,,, Never-married, Craft-repair,,,,6.0643310546875,,42.7353401184082,,
,,,,11.633686065673828, Married-civ-spouse, Exec-managerial,,,,,83.30516052246094,,,
, Private,,,, Married-civ-spouse,,,,,,,,,
43.45734405517578, Private,,,,,,,,,,,, Mexico, >50K
38.220340728759766, Private,189843.640625,,,,, Not-in-family, White,,,,,,
,,,,,,, Husband,, Male,,,, United-States,
,,187666.40625,,10.406930923461914,, Adm-clerical,,,,,36.82062530517578,,,
, Private,,,,, Craft-repair, Husband, White,,,,, United-States,
,,,,9.987009048461914,,, Husband, White,,,99.19725036621094,,,
,,,,, Married-civ-spouse,,,,,770.766845703125,,,,
,,174395.90625,,,,,,,,427.03515625,,,,
,,,,,,,,, Male,,78.43445587158203,, United-States,
,,,,,,,,,,,,,,
,,,,, Never-married,,,,,-2927.9169921875,-53.26678466796875,,, <=50K
,,,,,,,,,,,,34.555633544921875,, <=50K
, Private,,,, Married-civ-spouse,,,,,319.2630615234375,,43.90312957763672,,
,,,,,,,,,,-2702.55908203125,,,, <=50K
,,,,,,,, White,,,,,,
27.736740112304688, Private,202883.0625,,, Married-civ-spouse,,,, Female,,,,,
,,,,, Married-civ-spouse,, Husband,, Male,555.7785034179688,70.78795623779297,,,
36.51443099975586,,,,, Married-civ-spouse,,,, Male,4702.43115234375,,,,
,,,,8.602184295654297,,,,,,,,,, <=50K
,,,,,, Craft-repair,, White,,,192.3496551513672,, United-States,
,,,,9.091028213500977,,,,, Male,,,46.09795379638672,,
,,,,,, Exec-managerial, Husband,,,,,,,
,,198447.6875, HS-grad,,,,,,,-474.2003173828125,,40.59992218017578,,
,,,,,,,,,,,,,,
,,,,,,,,, Female,,,,,
32.938209533691406,,,,,,,,,,-3645.3798828125,,36.50881576538086,, <=50K
36.295562744140625,,191812.78125,,8.278100967407227,,,, White,,-112.427734375,,,,
,,,,,, Craft-repair,,, Male,,,48.329769134521484,,
,,,,9.918537139892578, Divorced,,,,,,,,,
,,,,,, Prof-specialty,,,,-2989.224609375,,, United-States, <=50K
,,199469.921875,,,,,,, Female,,,,, <=50K
,,,,, Married-civ-spouse,,, White, Male,,,,,
,,, Some-college,,,,, White,,,,32.41152572631836, United-States,
,,,,, Never-married,,,,,-2690.8837890625,-55.500152587890625,,, <=50K
,,,,,,,, White, Male,,,,,
,,210230.953125,,,,,, White,,,,,,
,,,,7.246384620666504,,,,, Female,,,41.152313232421875,, >50K
35.39400100708008,,198690.34375,,8.053009986877441,,, Husband,, Female,,,, United-States, <=50K
,,,,, Never-married,, Not-in-family,,,-2477.2138671875,,36.32758712768555, United-States, <=50K
,,,,,,,,,,,,,, <=50K
41.265228271484375, Private,189756.953125,,,,,,,,,,,,
,,,,,,,,,,,,38.531009674072266, United-States,
35.268218994140625,,188140.421875, Some-college,8.779927253723145,, Other-service,, White,,,,,, <=50K
,,,,, Married-civ-spouse,,,,,,,,,
,,, HS-grad,9.111260414123535,,, Husband, White,,,,41.23713684082031,,
45.186439514160156,,,,,,,, White,,5045.451171875,,,,
36.98631286621094, Private,,,,,, Not-in-family, White,,,,,,
,,,,8.032027244567871,,,,,,,,,, <=50K
41.35136413574219, Private,, Bachelors,,, Exec-managerial,,,,,,,,
,,,,,,,,, Male,135.98638916015625,,, United-States,
,,,,,, Prof-specialty, Own-child,,,,,,,
27.119260787963867,,,,, Never-married,,,,,217.64349365234375,,,,
,,,,,, Adm-clerical,,,,,,39.65242004394531,,
,,196756.03125,,,,, Husband,,,,,, United-States,
,,199531.875,,,, Other-service,,,,,,32.562835693359375,, <=50K
,,,,11.717706680297852, Married-civ-spouse,,,,,,,,,
,,,,,,,,,,,,,,
,,,,,,,,,,,,, United-States, <=50K
,,191809.828125,,,, Other-service,, White,,,,,, <=50K
29.24990463256836,,,,10.641124725341797, Married-civ-spouse, Sales,,,,,,43.93971252441406,,
,,,,9.899239540100098,,, Own-child,,,,63.6678581237793,,,
,,,,,,,,, Female,,,,, >50K
,,,,, Married-civ-spouse,,,, Male,,,, United-States,
32.54336929321289,,195331.453125,,10.787067413330078, Married-civ-spouse,,,, Male,,89.34518432617188,,,
34.634490966796875, Private,,,8.376689910888672,,,,,,,,, United-States,
41.2928466796875, Private,,,,,,,,,4902.8759765625,,,,
45.115386962890625,,,,,,,,,,,,,,
,,,,,, Craft-repair,,, Female,,,,,
,,,,, Married-civ-spouse, Craft-repair, Not-in-family,,,27.118408203125,,,,
,,, Bachelors,,,, Husband,,,,145.89549255371094,, United-States,
,,,,,,,, White,,,,,,
,,,,,,,,, Male,,203.98667907714844,,,
,,, Bachelors,,,,,,,,,, United-States,
,,,,,,,,,,,,,,
,,,,, Married-civ-spouse, Craft-repair,,, Female,,,,,
44.16083908081055,,,,,,,, White,,,,, United-States,
54.23810958862305,,,,,,,,,,,191.9437255859375,43.88729476928711,,
,,,,9.398849487304688,,, Husband,, Male,,,,,
36.195533752441406,,,,, Married-civ-spouse,,, White, Male,,224.50270080566406,53.640960693359375,,
, Private,211231.0,,,,,, White, Male,,,,,
31.24085807800293,,,,, Married-civ-spouse,,, White,,,,,,
40.7419548034668,,,,,,, Husband,, Female,-2403.44775390625,,, United-States, >50K
,,196046.796875,,, Never-married,, Own-child,,,,,, United-States,
48.77531433105469, Private,201065.28125,,,,, Husband,, Male,,101.64511108398438,,,
, Private,,,10.564144134521484,,,, White,,,167.10488891601562,,,
, Private,,,, Married-civ-spouse,,,,,,,,,
, Private,170233.796875,,,, Prof-specialty,,,,1730.408447265625,,,,
,,,,,,,, White,,,,,,
,,205355.8125,,,,,,, Male,,,,,
,,,,, Married-civ-spouse,,,,,,,, United-States,
,,,,,,,,,,,,,,
,,, HS-grad,,,,,,,-568.1064453125,,,,
29.43089485168457,,, Some-college,,,,, White,,,-67.29331970214844,,, <=50K
,,,,8.689109802246094,,,, White,,,46.68735885620117,,,
,,,,,, Exec-managerial,,,,4257.8681640625,,49.19990158081055,,
,,179507.125,,, Married-civ-spouse,,,,,,,,,
28.309303283691406,,,,, Married-civ-spouse,,, White,,,,,,
,,208365.4375,,,,,,,,,,,,
,,201496.375,,, Married-civ-spouse, Craft-repair,,, Female,,,47.15604019165039, United-States,
, Private,169258.4375,,, Married-civ-spouse,,,,,4654.70361328125,,, United-States,
,,,,, Married-civ-spouse,,, White, Male,,,,,
43.72725296020508, Private,,,,,,,,,,,46.85771179199219,,
39.48042297363281,,, HS-grad,,,,, White,,,47.24333572387695,, United-States,
,,194846.484375,,,,,,,,,,,,
31.811660766601562, Private,,,,,,,,,-805.460205078125,15.071510314941406,,,
,,, Some-college,, Married-civ-spouse,,,,,,,,,
, Private,,,7.239211082458496,,,,,,,-32.40489196777344,37.91320037841797, United-States, >50K
37.5423583984375,,,,, Married-civ-spouse,,,,,3520.7119140625,,,,
32.317100524902344,,,,,, Adm-clerical,,,,,,,, <=50K
27.51505470275879, Private,,,,,,,,,,,,, <=50K
,,,,,,, Husband,,,,,, United-States,
,,,,,, Craft-repair,,,,,,,,
,,182854.0,,,,, Husband,, Male,,,,,
,,195861.8125,,,,,,,,116.1234130859375,,,,
37.89531326293945,,,,10.245026588439941,,,,,,,,,,
,,,,,,, Husband,, Male,-225.3895263671875,84.0427017211914,,,
41.978885650634766, Private,190504.40625,,,,,, White,,,,, United-States,
, Private,,,,,, Husband,,,,,47.67413330078125,,
,,,,11.504552841186523,,,,,,,,46.426246643066406,,
,,177696.296875, HS-grad,,,,,,,-3677.392578125,-122.20068359375,, United-States, <=50K
,,184135.375, HS-grad,,,,,,,-650.9940185546875,,, United-States,
,,, HS-grad,,,,,, Male,,,48.461917877197266,,
, Private,,,9.389008522033691,,, Own-child,,,,,,,
,,,,,,,, White,,,,39.94136428833008,,
, Private,,,,,,,,,207.64764404296875,,,,
,,175369.3125,,,, Prof-specialty, Not-in-family, White,,,,,,
, Private,,,,, Machine-op-inspct, Not-in-family,,,,,,, <=50K
,,,,, Married-civ-spouse,,, White,,,,,,
, Private,,,,,,,, Male,2012.842041015625,,,,
,,,,, Married-civ-spouse,, Husband,, Male,,,,,
,,163580.625,,9.155641555786133,,, Unmarried,,,291.634033203125,,,,
40.819705963134766,,, HS-grad,9.150344848632812,,,,,,-350.0640869140625,,,,
, Private,,,, Never-married,,,,,-17.1033935546875,,, United-States,
,,, Some-college,11.067405700683594,, Adm-clerical,, White,,,,,,
22.94837188720703, Private,,,, Never-married,,,,,,,,, <=50K
,,, HS-grad,,,,,,,,,32.786556243896484,, <=50K
35.993980407714844, Private,,,,, Exec-managerial,,,,,,,,
,,, HS-grad,8.962677955627441, Married-civ-spouse, Craft-repair,,, Female,,-46.30274963378906,,, <=50K
, Private,188979.375,,11.765913009643555,,, Husband,,,,,,,
,,174685.046875, Bachelors,,,,,,,,,,,
,,,,,,,,,,,,,,
,,, HS-grad,,,,,,,,,,, <=50K
,,,,,,, Not-in-family, White,,,,, United-States, <=50K
,,,,, Divorced, Adm-clerical,,,,,64.69822692871094,,,
,,,,,,,,, Male,,,,,
, Private,194611.53125,,,,,, White,,-333.3707275390625,,,,
, Private,213412.234375,,,,,,,,,,,,
45.350059509277344, Private,,,,, Prof-specialty,,,,,,,,
,,,,9.735976219177246,,,, White,,,,41.869510650634766,,
,,,,8.681572914123535,,,, White, Male,,,45.10177230834961,,
,,,,,, Craft-repair,,, Female,817.0208740234375,,,,
,,,,,,,,, Male,,,, United-States,
,,,,, Married-civ-spouse,,,, Female,,,,, <=50K
,,,,9.485892295837402,,,,,,386.629150390625,,,,
,,, Some-college,10.256482124328613,,, Own-child,,,,,,,
36.74468231201172,,,,,,,,, Female,,,,, <=50K
,,,,,,, Husband, White, Male,,85.08494567871094,,,
,,,,, Divorced,,, White,,,,,,
,,,,,, Handlers-cleaners,,,,,,,,
32.60456466674805,,, HS-grad,,,,,,,,,,,
,,, Some-college,11.680437088012695,,,, White,,,146.0059814453125,,,
,,184976.359375,,, Married-civ-spouse,, Not-in-family,,,,,,,
33.546993255615234,,,,,, Adm-clerical,, White,,,,,,
,,201130.515625,,,,, Own-child,,,,,,,
,,,,,, Prof-specialty,,, Male,,,,,
,,,,10.036744117736816,,,, White,,,59.62127685546875,,,
46.13984298706055,,,,,,, Not-in-family,,,,,,,
,,,,,,, Own-child,,,,,,,
24.20273208618164, Private,205708.75,,, Married-civ-spouse,,,, Female,,-50.99342346191406,,, <=50K
,,,,,,,,,,,,,,
,,, Some-college,,,,,, Female,,25.75619888305664,, Philippines,
, Private,198071.65625,,,,, Husband, White,,,,,,
,,,,12.58258056640625,,,,,,,,,,
29.254716873168945,,,,,,,,,,,,,, <=50K
,,,,,,,,, Male,,209.89199829101562,, United-States,
, Private,, HS-grad,,,,,, Female,,,,, <=50K
,,,,,,,,, Male,,,,,
, Private,193775.28125,,11.327201843261719,,,, White,,,,,,
,,, Some-college,,,,, White,,,,,, <=50K
34.88951110839844, Private,184820.46875,,,,,,,,,,,,
,,,,,,, Not-in-family,,,1604.5123291015625,,,,
,,,,12.585010528564453,,,,,,,,, United-States,
, Private,, Some-college,,,,, White,,,,35.4579963684082,,
, Private,, HS-grad,, Married-civ-spouse,,, White,,,,,,
,,,,6.893077373504639,,,,,,,-88.43605041503906,,, <=50K
, Private,,,, Never-married,,,,,-88.611572265625,,, United-States,
,,,,9.865701675415039,,, Not-in-family,,,718.7754516601562,98.2481689453125,,,
,,190481.09375,,,, Craft-repair,, White, Male,,123.70791625976562,,,
, Private,188582.046875, Bachelors,,,, Husband,, Female,,,, United-States, >50K
35.42873001098633, Private,, HS-grad,9.65119457244873,,, Unmarried,,,,,,,
,,,,,,,, White,,,,38.97837829589844,,
,,,,, Never-married,, Own-child, White,,,54.828826904296875,, United-States,
, Private,,,,, Craft-repair,,,,350.24334716796875,72.89753723144531,, United-States,
36.08851623535156,,,,,,,, White,,,66.48726654052734,, United-States,
,,191851.421875,,, Never-married,,,,,-258.44677734375,,, United-States,
,,,,,,,,,,,,35.22135925292969,,
, Private,,,, Divorced,,, White,,,,, United-States,
,,180263.53125,,, Married-civ-spouse, Exec-managerial,,,,,,,,
,,,,, Never-married,, Own-child,,,,,,,
,,156059.015625,,,,,,,,-4402.06201171875,,31.98532485961914,, <=50K
,,,,9.483511924743652,,,,, Female,,58.74345397949219,, United-States,
,,197686.046875, Some-college,11.960244178771973,, Craft-repair,,, Male,3611.05078125,,,,
,,,,7.040982723236084,,,,,,,,35.4169807434082,, <=50K
,,,,,, Sales,, White,,,,,,
,,,,,,,,,,,,,,
,,183954.6875,,,,,,,,,,,,
31.445667266845703,,,,, Married-civ-spouse,,, White, Male,,54.04518127441406,,,
,,199860.96875,,,,,, White,,,,,,
,,,,8.036247253417969,,,,,,,,32.15299987792969,, <=50K
,,191239.375, HS-grad,9.62291145324707,,,,,,,,,,
,,183812.25,,,,,,,,,,,, <=50K
,,,,10.433337211608887, Married-civ-spouse,,, White, Female,,,,,
, Private,,,9.84871768951416,,,,,,,,,,
,,,,,,, Husband,, Female,,,,,
,,185139.046875,,,,,, White,,,,,,
, Private,, Bachelors,,,,, White,,,206.74192810058594,, United-States,
,,,,,,,,,,,,,,
,,, 7th-8th,,, Craft-repair,,,,,,,,
,,, Some-college,11.1602144241333,,,,, Male,,,, United-States,
, Private,,,9.802712440490723,, Craft-repair,, White,,1358.90478515625,115.2822036743164,,,
,,,,,, Prof-specialty,,,,,,,, >50K
,,,,,,,, White,,,,39.50972366333008,,
49.645286560058594,,,,,,,,,,,,, United-States,
,,, HS-grad,,, Craft-repair,, White,,,85.21253967285156,,,
,,,,, Married-civ-spouse,,,,,,,, United-States,
,,,,,,, Own-child,,,,,38.87363052368164,,
36.449649810791016,,179521.125, Some-college,,,,,,,,,34.362945556640625,,
, Private,202903.625,,, Married-civ-spouse,,,,,,192.19717407226562,47.62934494018555,,
30.964292526245117,,,,,, Craft-repair,,, Female,,61.599308013916016,,,
,,,,,, Craft-repair,,,,,,42.554996490478516,,
34.03847885131836,,,,,,,,,,,,, United-States, <=50K
, Private,,,,,,,, Male,,,, United-States,
, Private,, Some-college,10.690826416015625,,,,,,,,,,
,,, HS-grad,9.738085746765137, Married-civ-spouse,, Husband, White, Male,,,47.83234405517578, United-States,
,,187157.453125,,10.481719017028809,,, Not-in-family,,,,,,,
,,,,,,,,,,,74.11290740966797,,,
,,, HS-grad,,,,,,,,,,,
, Private,197126.375,,,,,,,,,,,, <=50K
,,, HS-grad,,,,,,,,,, United-States,
32.73019027709961,,189458.265625,,9.572150230407715,,,,,,,,,,
31.68310546875,,, HS-grad,, Married-civ-spouse,,, White, Male,,,,,
38.4593505859375,,,,,,,,, Male,,,, United-States,
,,,,,,,,,,,,,,
,,,,,,,,,,110.6890869140625,,,,
,,,,,,,,,,,69.9894790649414,,,
,,,,, Married-civ-spouse, Craft-repair,,, Female,,,51.54663848876953,,
43.882423400878906,,,,,,,,, Male,670.458251953125,97.06610107421875,,,
,,, Some-college,11.313739776611328, Divorced, Adm-clerical,,,,,53.255760192871094,, United-States,
40.8987922668457,,,,,, Adm-clerical,,,,,,,,
,,,,,,, Husband, White,,547.8372192382812,94.06010437011719,, United-States,
, Private,, Some-college,, Married-civ-spouse,,,, Male,3564.81787109375,188.1991424560547,,,
,,,,7.800843238830566,,,,,,,,,, <=50K
,,, HS-grad,,,, Husband, White,,,,, United-States,
35.84513473510742,,206025.625, 7th-8th,, Married-civ-spouse,, Not-in-family, White,,-1421.2447509765625,,,,
,,, HS-grad,, Married-civ-spouse,,,, Male,,,,,
,,,,,,,,,,,,, United-States,
,,,,,,,,, Male,,,,,
,,,,,,,,,,3982.5,,, United-States,
,,,,,,,, White,,,,, United-States,
,,,,,,,,, Male,,,,,
, Private,207031.5625,,,,,,, Female,,,,, <=50K
,,192927.234375,,,,,,,,,,,, <=50K
39.7375602722168,,,,,, Craft-repair, Husband,, Female,-3917.70556640625,-55.37493896484375,,, <=50K
,,, Bachelors,,,,,,,,,,,
, Private,216069.828125,,,, Priv-house-serv,,,,,,,, <=50K
,,,,11.02031135559082, Never-married, Sales,,,,-83.578125,46.613773345947266,,,
,,,,9.75130558013916, Married-civ-spouse,, Husband, White, Male,,,,,
, Private,, 11th,,,,,, Female,,,,,
,,,,,,,,,,,-69.20782470703125,,, <=50K
38.29578399658203,,,,,,, Unmarried,,,,,,, <=50K
37.867706298828125, Private,,,,,, Not-in-family,,,,-7.832916259765625,,, <=50K
,,,,,,,,,,206.4478759765625,,,,
,,181150.859375,,8.545785903930664, Never-married,,,,,,,,, <=50K
,,,,,,, Husband,,,-2366.17138671875,,41.747962951660156,,
41.3926887512207,,178190.859375, Bachelors,,, Prof-specialty,,,,,,,,
35.391151428222656,,,,,,,,,,,,,, <=50K
,,,,,,,,,,-974.7757568359375,17.897659301757812,,,
,,190322.53125, Some-college,,,,,,,-327.444580078125,,, United-States,
32.68622589111328, Private,203179.921875,,, Married-civ-spouse, Craft-repair,,, Male,,,52.31979751586914,,
48.72612380981445, Private,,,,, Craft-repair, Husband,, Male,,,,,
, Private,181877.0625,,,,,,,,,,,,
,,, Some-college,,,,,,,,,,,
,,186791.4375,,,,,,,,,,, United-States, <=50K
, Private,,,11.038485527038574,,,,,,,,, United-States,
42.03227615356445,,,,,,,, White,,-674.1947021484375,48.03934860229492,39.857967376708984,,
33.16436767578125,,,,8.41398811340332,,,,,,,,,, <=50K
, Private,,,, Divorced,,,,,,,,,
,,,,,,, Husband,, Female,-3278.95654296875,,,, <=50K
,,, Bachelors,,, Prof-specialty,,,,,,,,
,,182390.875,,,,, Husband,,,,,,,
,,,,,,, Husband,,,,,,,
,,,,,, Craft-repair,,, Female,,,45.64191436767578,, <=50K
,,,,12.090595245361328,,, Not-in-family,,,,,,,
28.615398406982422,,,,, Married-civ-spouse,,,, Female,,,,,
, Private,,,,,,,, Male,3353.33203125,,,,
,,177130.3125, HS-grad,,,,,,,261.87542724609375,,,,
36.059566497802734, Private,,,,,,,,,32.2308349609375,62.71638488769531,,,
30.417818069458008, Private,, HS-grad,8.224011421203613,,,,,,-3694.0615234375,-88.53483581542969,,, <=50K
,,,,,,,, White,,,,35.97028732299805,,
,,,,,,,,,,,,,,
,,207076.890625,,,,,, White, Female,,,,, <=50K
,,, HS-grad,, Never-married, Craft-repair, Own-child,,,,,,,
,,,,,,,, White,,321.57183837890625,70.6751708984375,,,
30.88751792907715,,,,,,, Not-in-family,,,-2593.955078125,,, United-States, <=50K
31.218120574951172,,,,,,, Not-in-family, White,,,,, United-States, <=50K
,,,,,,,,,,,,34.59761047363281, United-States,
,,,,, Divorced,, Not-in-family,,,,,40.425315856933594, United-States,
,,,,,,,, White,,,,,,
,,, Some-college,, Never-married, Sales,, White,,,,, United-States,
,,,,,,, Not-in-family,,,-2874.1513671875,,37.74767303466797,,
38.5662727355957,,191221.765625,,,,,, White,,,,,,
,,, Bachelors,,,,,, Male,,94.33174133300781,,,
33.574737548828125, Private,194951.3125,,,, Craft-repair,, White,,,55.498477935791016,,,
,,178577.109375,,9.936296463012695, Never-married,, Not-in-family,,,,,,, <=50K
37.13063430786133, Private,, HS-grad,,,,, White,,-947.3570556640625,,38.73749542236328,,
35.945640563964844,,, HS-grad,,,,, White,,,,,,
,,, HS-grad,,, Craft-repair, Husband,,,,,,,
,,, Some-college,,,,,,,,,, United-States,
,,,,,, Craft-repair,,,,,83.49917602539062,,,
31.854692459106445,,, HS-grad,7.229815483093262,,,,,,,,,, <=50K
,,225483.28125,,,,, Husband,, Male,,62.48113250732422,,,
21.77903938293457,,, HS-grad,, Never-married,,,,,,,,, <=50K
42.88764190673828,,,,,, Craft-repair,,,,,,,,
,,, HS-grad,,, Other-service,,,,-794.4696044921875,,,,
,,,,10.304129600524902, Never-married,,,,,567.0971069335938,,, United-States,
, Private,,,,, Craft-repair,, White,,,-42.44151306152344,,, >50K
,,,,,, Adm-clerical,,,,,,,,
,,,,,,,,,,,,,, >50K
40.14085006713867, Private,,,8.811116218566895,, Other-service, Unmarried,,,,,35.70124435424805,, <=50K
34.437583923339844,,,,,,, Not-in-family, White,,,,,,
,,, HS-grad,,,,,,,,36.896820068359375,38.426265716552734,,
,,,,9.2544527053833,,,, White, Female,,,,,
, Private,,,,,,,,,,,,, <=50K
,,,,,,,, White,,,58.67002487182617,,,
38.536094665527344,,, Some-college,,,,, White, Female,,,,,
, Private,185238.390625, Bachelors,,,, Husband,,,,206.9092559814453,,,
,,,,10.308156967163086,,, Not-in-family, White,,16.697021484375,,,,
,,184503.828125,,,, Craft-repair,,,,219.913330078125,,,,
,,,,,,,,,,,,,,
,,,,,, Prof-specialty,,,,,,,,
,,,,, Divorced,,, White,,,,39.65921401977539,,
,,190246.0625,,,,,,,,,,,, <=50K
42.707881927490234, Private,,,,,,, White,,,,,,
,,,,, Divorced,,,,,,,,,
,,,,,,,, White,,,,,,
,,,,,,,,, Male,,,,,
,,,,,,,, White,,,42.76353073120117,37.30735778808594, United-States,
, Private,,,, Married-civ-spouse, Exec-managerial,,,,,,, United-States,
,,,,,,, Husband,, Female,,,, United-States, >50K
, Private,,,, Divorced,,,,,,,,, <=50K
, Private,, Some-college,11.307729721069336,,,,,,,,,,
,,,,,,,,,,,,,,
,,,,,,,,, Male,,,,,
,,191012.40625,,,,,,, Female,,,, United-States, >50K
, Private,,,,, Craft-repair,,, Female,,,,,
,,206319.390625, HS-grad,,,,, White, Male,-3836.6962890625,,,, <=50K
, Private,193246.25,,,,, Husband,, Male,4288.05126953125,,,,
,,184983.109375,,9.422669410705566,,, Husband,, Female,,122.16911315917969,, United-States,
,,,,,,, Not-in-family,,,,,35.31025695800781,,
24.181602478027344, Private,, HS-grad,, Never-married,,, White,,,,,, <=50K
,,182264.5625, HS-grad,,,,, White,,233.761474609375,,,,
,,,,,, Adm-clerical,,,,,,,,
,,,,, Married-civ-spouse,,,,,,,43.937923431396484,,
,,, HS-grad,,,,,,,-356.052978515625,,, United-States,
,,,,,, Craft-repair,,, Female,-2826.568359375,,,, <=50K
,,,,8.475580215454102,,, Husband, White, Male,,,,, >50K
,,, Some-college,10.457565307617188,,,,, Female,,,,,
,,190758.5,,,,, Not-in-family, White,,,-49.17333984375,,, <=50K
41.08210754394531,,, Bachelors,,, Craft-repair, Husband,, Female,,-6.6970367431640625,,, >50K
,,201741.59375,,,, Craft-repair,,, Female,,,,,
,,195723.515625,,,, Prof-specialty,, White,,-1926.5635986328125,,42.049110412597656,, >50K
,,, Some-college,,, Other-service,, White,,,,,, <=50K
,,205882.59375,,,,, Husband,, Female,,,,, <=50K
,,,,,, Craft-repair,,, Female,299.04351806640625,,,,
,,187042.53125,,, Never-married,,,,,,54.28926086425781,, United-States,
,,,,,,, Not-in-family, White,,,,,, >50K
,,,,, Never-married,,,,,,,, Vietnam, <=50K
30.89618682861328, Private,,,,,,,,,,,,, <=50K
, Private,,,,, Adm-clerical,,,,,,,,
,,185221.890625,,11.158319473266602, Married-civ-spouse,,,,,4183.85595703125,,,,
,,,,,,, Own-child,,,,,38.65984344482422,,
,,,,, Married-civ-spouse,,, White, Female,,,46.93290710449219,,
,,,,, Never-married,,,,,,,,, <=50K
,,,,, Married-civ-spouse, Exec-managerial,,,,,193.71539306640625,48.437992095947266,,
,,, HS-grad,8.648689270019531,,, Husband, White, Male,-291.480712890625,,,,
40.21220397949219,,,,,,,,,,,,,,
,,,,,,,,,,,,,,
, Private,,,,,,,,,,,,, <=50K
,,,,,,,,,,,,36.45132827758789,, <=50K
,,192374.4375,,,,,,,,1442.32421875,,42.16143798828125, United-States,
,,, Some-college,9.857270240783691,,,,,,,,,,
,,,,,,,,,,,,,,
,,, HS-grad,,,,,,,-524.1966552734375,,,,
,,203300.796875,,,,, Own-child,,,,,45.56539535522461,,
,,,,,,,,,,,,,,
36.4190788269043, Private,184840.703125,,,, Prof-specialty,,,,,,,,
34.55797576904297,,184087.484375,,,,,,,,,,, United-States,
, Private,,,, Never-married,,,,,,,40.13653564453125,, <=50K
,,,,,,,,,,,,36.87913513183594,, <=50K
,,,,,,,,,,,,,,
,,, HS-grad,,,,, White,,,,, United-States,
,,,,,,,,,,,,,,
,,,,,,,,,,,,,,
,,, HS-grad,,,,,,,,,,,
37.59577178955078,,, HS-grad,,, Craft-repair,,,,,,,,
,,,,,,, Husband, White,,,,,,
,,,,,,,,,,,,,,
,,,,,,,,,,,57.3209228515625,,,
35.069602966308594,,, HS-grad,,,,, White, Male,,,41.88069152832031,, <=50K
,,, HS-grad,,,,,,,,,40.94487762451172,,
37.637874603271484, Private,,,8.90660285949707,,,,, Male,,81.87672424316406,46.295536041259766,,
,,,,,,,,,,,,,,
31.8444881439209,,,,,,,,, Male,-48.54541015625,50.000003814697266,,,
,,,,,,, Husband,, Male,,,49.33205032348633,,
,,197325.609375,,, Never-married,,,,,,,,, <=50K
,,185135.203125,,,,,,,,,49.99615478515625,,,
, Private,,,,,, Husband,, Male,,,45.97129821777344,,
35.332115173339844, Private,,,7.709752082824707,, Other-service,,,,-2553.3681640625,,,, <=50K
,,,,,,, Husband,,,,,,,
28.365516662597656,,, Bachelors,,,,,,,,,, United-States, <=50K
32.278045654296875,,,,,,,,,,,,38.911537170410156,,
, Private,, Bachelors,,,,, White,,4141.4619140625,,,,
,,,,, Married-civ-spouse,,,,,,,,,
,,183983.5625,,,, Prof-specialty,,,,,,40.202083587646484,, >50K
,,,,,,,,,,,,40.20310592651367,, <=50K
45.64401626586914, Private,,,,,,,,,,,, United-States,
,,,,,,, Not-in-family,,,,102.88446807861328,,,
,,,,,,,, White, Female,-3778.7197265625,,44.39229202270508,, <=50K
,,188560.234375,,,, Craft-repair,,, Female,,,44.43069076538086, United-States, >50K
34.62376403808594,,, HS-grad,,, Farming-fishing,,, Female,,,,, <=50K
,,, Some-college,9.184513092041016,, Adm-clerical,,,,-3341.421875,,,, <=50K
,,,,,,,,, Female,-3321.65673828125,-40.28657531738281,,, <=50K
,,,,10.522071838378906,,,,,,,,38.313377380371094,,
,,,,,,,,,,,,,,
,,,,,,,,,,,,,,
,,193039.265625,,11.095187187194824, Never-married, Adm-clerical,,,,-2.3333740234375,,38.41923522949219,,
38.90468215942383,,, Bachelors,, Married-civ-spouse,, Husband,, Male,,,,,
,,, HS-grad,,,,,,,,,,,
, Private,,,, Never-married,,,,,,-102.58950805664062,, Mexico, <=50K
32.50618362426758,,,,6.516044616699219,,,,, Male,,-52.41925048828125,,, <=50K
,,,,,,,,,,,55.49409103393555,38.689510345458984, United-States,
,,,,12.358885765075684,, Exec-managerial,, White,,,,47.741485595703125, United-States,
,,,,,,,, White,,,,,,
27.850759506225586, Private,,,, Married-civ-spouse,,, White,,,,,,
,,205457.078125,,,,,,,,,,,,
,,,,7.945931434631348,,,, White,,,,,, <=50K
42.56447219848633,,, Bachelors,,,,,, Male,,,,,
33.5880241394043,,,,12.097869873046875, Married-civ-spouse,,,,,3950.26953125,,47.402156829833984,,
,,,,,,, Husband,, Female,,,,, <=50K
, Private,,,, Married-civ-spouse, Prof-specialty,, White,,5167.63232421875,242.28334045410156,49.66767501831055, United-States,
,,,,,,, Husband,,,,192.49551391601562,,,
,,,,, Married-civ-spouse, Exec-managerial,,,,,,,,
37.43793487548828,,175533.109375, HS-grad,,,, Husband,,,142.27508544921875,,, United-States,
34.39946746826172, Private,180554.296875,,,,,,,,,,35.730587005615234,,
31.668292999267578,,, HS-grad,8.860982894897461,,,,,,-3388.33447265625,,, United-States, <=50K
, Private,,,,, Prof-specialty,,,,,,,,
,,,,, Divorced,,,,,,,35.49281311035156, United-States,
,,,,7.962289810180664,,,,, Female,,,,, <=50K
,,, 10th,,,, Husband,,,,,, United-States,
,,,,7.794386863708496,,, Not-in-family, White,,,,,, <=50K
38.13982009887695,,,,, Married-civ-spouse,,,,,5570.39697265625,,, United-States,
43.37891387939453,,,,,,,,,,,,,,
,,,,, Married-civ-spouse,, Not-in-family, White,,-437.2012939453125,,, United-States,
,,,,,,,,,,,,,, >50K
37.45173645019531,,188787.828125,,,,,,,,,,41.75880813598633, United-States,
,,,,,,,,,,3602.68212890625,,,,
, Private,,,,,,,,,,,,,
,,, Some-college,,,,,,,,,40.5082893371582, United-States,
, Private,,,8.365516662597656,,,,,,,,,, <=50K
,,,,8.276611328125,,,,,,,,32.174415588378906,,
,,, HS-grad,,,,,,,-550.619140625,,,,
, Private,,,,,, Husband, White,,4779.91845703125,,, United-States,
,,,,,,,,, Female,240.140869140625,,,,
, Private,,,12.017129898071289,, Craft-repair,,,,,193.04037475585938,,,
,,,,10.773211479187012,, Other-service, Own-child,,,-316.9925537109375,,,,
,,,,,,,,, Male,,259.4743347167969,,,
,,178397.78125,,9.641624450683594,,,,,,,26.643463134765625,, United-States,
,,,,, Married-civ-spouse,,,,,,186.84521484375,44.2307243347168,,
, Private,,,,,,, White,,3808.80810546875,,,,
,,,,,,,,,,,175.1593017578125,46.88810348510742,,
,,,,9.413825988769531,,, Husband,,,,77.31178283691406,41.76461410522461,,
33.157161712646484,,177953.921875,,,,,,,,705.9794921875,,, United-States,
,,,,,,,,, Male,,,49.74998092651367, United-States,
,,,,, Never-married,,,,,-141.255126953125,,, United-States,
,,198972.515625, HS-grad,,,,,,,,14.947990417480469,,,
,,178797.421875,,,,,,,,,,,,
34.337581634521484,,,,,,,,,,,,,, <=50K
,,,,,,,,,,,155.19525146484375,38.9926872253418,,
,,195117.703125,,, Married-civ-spouse, Craft-repair,,,,,,,,
,,, HS-grad,,,,,,,,,,, <=50K
,,,,7.5632171630859375, Never-married,,,,,,,34.312400817871094,, <=50K
,,182832.34375,,,,,,,,,,,, <=50K
,,,,, Divorced,,,,,,,, United-States, <=50K
,,,,9.20250129699707,,,,,,,,,,
,,,,, Married-civ-spouse, Prof-specialty,,,,,,49.62405014038086,,
,,, Bachelors,,, Exec-managerial,,,,,,44.20039749145508,,
44.00847625732422,,,,,,,,,,,,,,
,,,,,,,, White,,,,35.74516296386719, Mexico, <=50K
42.43937301635742, Private,192537.234375, Some-college,,,, Husband,,,,189.7954864501953,, United-States,
43.04111862182617,,183725.59375,,,,,,,,,,,,
, Private,,,,,,,,,,,44.16433334350586,,
,,, Bachelors,,,,,, Female,,,,, >50K
,,, HS-grad,,,,,, Female,,,42.82909393310547,, <=50K
, Private,,,, Never-married,,, White, Female,,,,, <=50K
,,171715.421875,,,,,,,,-2847.5302734375,,,, <=50K
, Private,192816.171875,,,,,,,,,56.591644287109375,,,
,,,,9.440373420715332, Married-civ-spouse,,, White,,,,,,
,,202683.59375,,,,,,,,,,,,
,,,,, Married-civ-spouse,,,,,,,,,
, Private,,,,,,,,,,,,,
, Private,197236.515625,,9.401046752929688,,,,,,,,,,
,,,,,,,,,,,,,,
,,,,12.425280570983887,, Exec-managerial, Wife, White,,,,, United-States,
42.830020904541016, Private,, Bachelors,,,, Husband,,,,212.35719299316406,,,
,,, Some-college,,,,,,,,,41.180145263671875,,
,,,,,,,,,,,,,,
32.75796127319336,,195679.0625,,,,,, White,,,,38.82477569580078,,
,,,,,,, Husband,,,,,,,
33.30473709106445,,,,, Married-civ-spouse, Sales,,,,,75.15149688720703,,,
,,,,,,,,,,,,,,
30.542423248291016, Private,, Bachelors,, Divorced,, Not-in-family, White,,,,,,
,,, HS-grad,,,,,,,,,,,
, Private,,,,,,,,,,218.64535522460938,, United-States,
,,,,9.477907180786133,, Adm-clerical,, White,,,,,,
,,,,, Married-civ-spouse,,,,,,,48.64134979248047, United-States,
42.75559616088867,,,,,,,,,,4100.671875,,46.860572814941406,,
, Private,,,8.990058898925781,,,, White, Female,,,,,
29.733135223388672,,190793.4375,,, Married-civ-spouse,,,,,,,43.07435607910156, United-States,
,,192861.984375,,,,,,,,-3652.50390625,,,, <=50K
,,,,, Married-civ-spouse,,,,,,,, United-States,
44.999298095703125,,,,11.774255752563477,,,,,,,,46.93857192993164,,
, Private,,,10.759041786193848,, Adm-clerical, Not-in-family,,,,,,,
, Private,,,,,,,,,,,32.01747131347656,, <=50K
35.47544479370117,,198058.234375, HS-grad,7.369412899017334,,, Husband,, Male,,,,, <=50K
, Private,,,,, Other-service,,,,,,, United-States, <=50K
,,, HS-grad,,,,, White,,-3094.17724609375,,30.718502044677734, United-States, <=50K
, Private,,,,,,, White, Male,-2967.06884765625,,,, >50K
,,190810.765625,,,,,,, Female,,,,, >50K
41.00352478027344, Private,,,,,,, White, Male,,,,,
,,189210.265625,,11.918365478515625,, Craft-repair,,,,,176.59848022460938,,,
,,, Bachelors,,,,,,,,,,,
,,200833.234375,,,, Craft-repair,,, Female,456.49200439453125,54.051307678222656,48.25402069091797,,
,,, Bachelors,,,,, White, Male,3722.2138671875,214.1373291015625,,,
, Private,,,,,,,,,1331.668701171875,,,,
25.998092651367188,,, Some-college,9.596107482910156, Married-civ-spouse,,,,,,,, United-States,
, Private,,,10.264179229736328,,,,,,,,, United-States,
,,,,,,,,,,,,,,
,,,,,,, Husband,,,,,,,
,,,,,,,,,,,,,, <=50K
,,,,,,, Husband,,,,,,,
,,, Some-college,11.424413681030273,,,, White,,,,, United-States,
35.33893585205078, Private,,,,,,,,,,,, United-States,
,,,,,,,,,,,,,, <=50K
,,,,10.551673889160156,, Craft-repair,,,,,,, United-States,
, Private,,,9.703093528747559,,,,,,,,,,
,,218609.453125,,,,,,,,,,35.7458381652832,,
,,,,,,,, White,,-150.4078369140625,,, United-States,
, Private,,,,,,, White,,,,34.71133041381836,,
,,,,,,,,,,,107.88098907470703,,,
,,,,,,,, White,,,,,, <=50K
, Private,,,,, Exec-managerial, Husband,,,,,,,
,,,,9.815999984741211,,,,,,,,,,
,,206737.140625,,,, Craft-repair,, White, Female,-220.25830078125,,,,
,,, HS-grad,,,,,, Female,,,,, >50K
,,175071.3125,,, Divorced,, Not-in-family, White,,88.48748779296875,,,,
,,,,10.254630088806152,, Craft-repair,,,,,,,,
,,,,, Never-married,, Own-child,, Female,,,,, <=50K
39.111690521240234,,,,,,,,,,,,31.363750457763672,,
, Private,,,,,,,, Male,34.430908203125,,,,
, Private,,,,,,, White,,,,,,
, Private,,,,,,,,,,,, United-States,
,,191109.4375,,,, Adm-clerical,, White,,,,,,
28.423091888427734,,, HS-grad,, Married-civ-spouse,,,,,,,,,
,,,,,,,,, Male,49.9854736328125,,43.0185432434082, United-States,
30.848588943481445, Private,,,, Never-married,, Own-child,,,,,,,
,,, Bachelors,, Divorced,, Not-in-family,,,,,,, <=50K
,,,,,,, Not-in-family,,,305.095947265625,63.346336364746094,, United-States,
44.212860107421875,,184317.140625,,,,,,,,1654.9215087890625,,47.4662971496582,,
, Private,,,,,, Unmarried,,,,,38.78467559814453, United-States,
,,,,, Married-civ-spouse,,,, Male,,,46.39769744873047,,
,,,,,, Other-service,,,,,26.045196533203125,,,
,,, Some-college,9.453810691833496, Never-married,, Not-in-family,,,,,, United-States, <=50K
,,,,,,,,,,636.6029052734375,74.95807647705078,, United-States,
32.416297912597656,,,,,,,,,,,50.32188415527344,,,
,,185664.15625,,,, Craft-repair,,, Male,,,49.355674743652344,,
,,198310.546875,,,,,,,,,,,,
,,181455.203125, Some-college,,,,, White,,,,,, <=50K
,,,,,,,,,,,108.00077056884766,,,
38.743751525878906, Private,,,10.367090225219727,, Adm-clerical,,,,183.12396240234375,,,,
,,,,, Never-married, Craft-repair, Own-child,, Female,,,,,
,,,,,, Craft-repair,,,,,,,,
,,, HS-grad,, Never-married,,,,,,,,, <=50K
,,,,,, ?,,,,-1900.7261962890625,,,, <=50K
,,, Bachelors,,,,,,,,209.95184326171875,47.45479965209961, United-States,
,,,,,,,,,,,,, United-States,
,,,,,,,,,,,,,,
,,,,,,,,, Male,,,,,
,,,,,,,,,,,,,,
,,, Bachelors,,,, Not-in-family,,,-138.9808349609375,,,,
,,,,,,,,,,,,,,
,,,,,,,,,,,,,,
, Private,,,, Married-civ-spouse,,, White, Male,,,,,
,,,,10.45059871673584,,,, White,,526.63134765625,87.91152954101562,,,
,,,,,, Craft-repair,,,,,,,,
29.897315979003906,,189711.8125,,8.59035873413086,,,,,,131.33941650390625,,,,
33.06308364868164,,, Some-college,,,,,,,31.3416748046875,,,,
,,,,,,, Husband,,,,,,,
,,193323.171875,,,,,,, Male,796.33447265625,,49.85877990722656,,
,,,,, Never-married, Prof-specialty, Not-in-family,,,,,,,
, Private,,,,,,,,,,,39.724281311035156,,
, Private,, Bachelors,,, Exec-managerial, Husband, White,,,,, United-States,
, Private,200672.65625,,, Never-married,,,,,-3288.24658203125,,,, <=50K
,,,,, Divorced,,,,,,-69.76824951171875,,, <=50K
,,,,,,,,,,-3488.0556640625,,36.898311614990234,, <=50K
,,,,10.805349349975586,,,,,,,,,,
35.440521240234375,,,,,,,,,,,,,,
,,,,, Married-civ-spouse,,, White,,,,,,
, Private,,,,,, Husband, Asian-Pac-Islander,,,,,,
,,,,9.514422416687012,,,, White,,-268.6468505859375,60.32651901245117,, United-States,
,,, Some-college,10.22649097442627,,,,,,,,,,
,,199155.703125,,,,, Not-in-family,,,,,,,
,,,,,,,, White, Male,636.9776611328125,,, United-States,
,,,,,,,, White,,4368.98974609375,,41.46910858154297,,
,,,,,,,,,,,,, United-States,
36.55449676513672, Private,, Bachelors,,,,,,,,,, United-States,
,,187898.875,,7.984302520751953,,,,,,,,,,
,,,,8.861003875732422,,, Own-child,,,,-68.89385986328125,,, <=50K
, Private,198964.5,,, Never-married, Other-service,,,,,,41.36391067504883,, <=50K
, Private,,,,,,,, Male,1384.93701171875,,,,
, Private,,,,,,,, Male,461.31085205078125,,,,
40.887935638427734,,,,,,, Husband, White,,,,41.055458068847656,,
,,170690.75,,, Married-civ-spouse,,,,,4459.34130859375,,43.03839111328125, United-States,
,,,,,,, Husband, White,,,,,,
,,181228.046875,,,,,,,,,,, United-States,
,,,,,,,,,,,,,, <=50K
,,,,,,,,,,,,33.7252082824707,,
42.75028610229492,,,,,,, Husband,,,-100.7847900390625,,, United-States,
, Private,, HS-grad,8.696622848510742, Married-civ-spouse,,,,,,,,,
,,,,,,, Husband,,,511.58544921875,,,,
,,,,,, Exec-managerial,,,,,,,,
,,,,, Never-married,,,,,,,,,
,,, HS-grad,,, Craft-repair, Not-in-family,,,,72.21070098876953,,,
38.089054107666016,,204269.171875, 7th-8th,,,,,,,,-0.05340576171875,,,
,,,,,,, Not-in-family,,,1620.83203125,,,,
,,216772.3125,,,,,,, Male,,,44.369651794433594,,
,,225901.796875,,,,,,, Male,,64.28823852539062,,,
,,,,9.3936767578125,,,,,,,,,,
, Private,,,,,,, White, Male,,,,,
43.390769958496094,,,,,,, Husband,,,1069.7135009765625,,, United-States,
38.704227447509766,,190996.59375,,,,, Husband, White, Male,,31.641738891601562,,, >50K
,,,,,,,,,,,,,,
,,,,,, Craft-repair,,,,,,,,
,,,,,,,, White,,,,,, <=50K
,,182534.0625,,,,,,,,,-50.62516784667969,,, <=50K
44.1964111328125,,,,11.514439582824707,,,,,,,,46.31425094604492,,
,,,,,,,,,,,,40.193485260009766,,
,,,,,,,,,,,38.19416809082031,,,
,,,,,,,,,,,,,,
,,,,,, Prof-specialty, Wife, White,,,,,,
,,199648.40625,,8.946571350097656,,,,,,-270.7235107421875,32.18360137939453,,,
,,, HS-grad,,,,,,,,,,, <=50K
37.04071807861328,,, Some-college,,, Adm-clerical,,,,,,36.794219970703125, United-States,
,,, Masters,,,, Husband,,,,,,,
,,, Some-college,12.874433517456055,,,, White,,,,,,
, Private,,,7.931445121765137,,,,, Male,807.0924682617188,,43.97579574584961, United-States,
45.160804748535156,,,,,,,,, Male,,,,,
28.58260726928711,,,,, Married-civ-spouse,,,, Male,,,,,
,,,,, Married-civ-spouse,,,, Male,,111.33737182617188,,,
46.73246383666992,,,,11.148258209228516,, Craft-repair,,, Male,,,, United-States,
,,,,, Never-married,,,,,,36.51377868652344,,,
,,,,,,,,,,,,,,
35.727291107177734,,, Bachelors,,,,,,,669.8931884765625,,42.54566955566406, United-States,
,,179602.3125,,,,,,,,,,,,
,,,,,,,,,,-174.7288818359375,,,,
43.64691925048828,,,,,,,,, Male,,,,,
,,,,,,,, White,,,,36.69627380371094,,
, Private,,,,,,,,,,,46.409019470214844,,
,,,,7.577383041381836,, Other-service,,,,,,31.316665649414062,, <=50K
,,, HS-grad,, Never-married,,,,,,,,,
,,183831.046875,,,, Adm-clerical,,,,,,,,
,,198907.78125,,,,,, White, Female,,,,,
,,,,,,,,, Male,,86.25486755371094,,,
, Private,,,,,,,,,,,28.854047775268555, United-States, <=50K
,,,,10.021261215209961,,,,,,-145.9686279296875,,36.596134185791016,,
34.12583541870117,,,,9.983100891113281,,,,, Female,,89.25830841064453,,,
,,, Bachelors,,, Exec-managerial,,,,,,,,
,,,,,,,,,,3942.0078125,200.82070922851562,46.81460189819336,,
,,213709.328125,,8.506622314453125, Never-married,,,, Female,,,,, <=50K
,,,,, Divorced,,,,,,,,,
,,, Bachelors,,,,,,,,,,,
,,, Some-college,12.227407455444336,,,,,,,,, United-States,
,,, 11th,,,,,,,,,,,
, Private,, HS-grad,8.396320343017578,,,,,,,-95.0584716796875,,, >50K
,,,,,,,,, Male,,,, United-States,
,,,,,, Craft-repair,,,,,,,,
,,,,,,,,,,4084.5068359375,,,,
,,,,10.061942100524902,,,,,,,98.50763702392578,43.56377029418945,,
,,,,,,,,,,-84.4130859375,,38.472347259521484,,
,,,,,,,,,,,,,,
32.504371643066406,,,,8.745146751403809,,,, White,,,,,, <=50K
,,,,,,, Husband,, Male,,,,,
21.656938552856445,,,,, Never-married,,,,,,,,, <=50K
,,,,,,, Own-child,,,,42.96293258666992,, United-States,
,,177355.390625, Some-college,,, Adm-clerical,,,,,,,, <=50K
,,,,,, Prof-specialty,,,,,,40.09324645996094,, >50K
,,,,,,,, White, Male,,71.55223083496094,,,
43.292537689208984,,189169.53125, Bachelors,,,,, White, Male,4426.875,,49.999366760253906,,
,,,,,, Other-service,,,,,,, United-States, <=50K
,,180873.734375,,,,,,,,,,, United-States, <=50K
,,169198.0,,, Widowed, ?, Not-in-family,,,,,,, <=50K
36.659664154052734,,,,8.824957847595215,,,,,,,,,, <=50K
, Private,,,,,,,,,,,, United-States,
, Private,225009.203125,,,,,,,,,56.26202392578125,,,
,,,,,,,,, Male,,,,, >50K
,,189348.015625,,10.40591049194336,,,,,,,,,,
,,, HS-grad,,,,, Asian-Pac-Islander,,,,,,
,,,,,,, Husband,,,,,40.381900787353516,,
, Private,,,,,,,,,,,43.14503860473633,,
33.87623977661133,,,,,,,, White, Male,,42.69957733154297,, United-States,
,,,,, Married-civ-spouse,,, White,,,,,,
, Private,,,10.25210189819336,,,,,,,,,,
,,,,,,,,,,,,,,
,,, Some-college,,,,,,,,,, United-States, <=50K
,,,,,,, Husband,, Male,,,49.07758331298828,,
,,,,,,,,,,,,,,
55.9070930480957, Private,202421.046875,,,,, Husband,, Male,3127.34521484375,212.8931884765625,52.792301177978516,,
,,186755.71875,,,,,, White,,,,,, <=50K
,,,,,,,,,,,,,,
,,,,, Married-civ-spouse,,,,,,61.12989044189453,40.35023880004883,,
,,,,, Married-civ-spouse,,,,,,62.67802047729492,,,
,,,,,,,,, Male,,,, United-States,
,,, Some-college,,, Exec-managerial,, White,,,,,,
, Private,,,,,,,,,665.1009521484375,,,,
, Private,, HS-grad,,,,,,,,,,,
,,, HS-grad,,,,,,,,,,, <=50K
, Private,,,,,,, White,,4947.7734375,,,,
,,,,,,,,,,,,,, >50K
33.70655059814453,,,,8.259360313415527,,,,,,,,,, <=50K
,,188124.1875,,11.381913185119629,,,,,,,,46.42688751220703,,
,,,,,,,,,,,123.96896362304688,, United-States,
,,187903.171875,,,,,,, Male,,,,,
,,,,,,, Husband, White,,,95.87387084960938,,,
43.11009979248047,,,,,,,,,,,,,,
,,,,,,,,,,,,,,
,,176074.296875,,10.345091819763184,,,,,,,,,,
,,,,, Married-civ-spouse,,, White,,1460.852783203125,,,,
,,,,,, Craft-repair,,,,-3.3126220703125,,,,
28.36704444885254, Private,, HS-grad,,, Other-service,,,,,,,, <=50K
, Private,196879.390625,,,,, Husband, White,,,,, United-States,
,,,,,,,,, Male,,,48.00250244140625,,
,,, Some-college,8.805161476135254, Divorced,,,,,,,,,
, Private,,,,, Prof-specialty,,,,421.95037841796875,81.95210266113281,,,
34.95372772216797,,,,9.001496315002441,, Other-service,,,,,-41.91471862792969,, United-States, <=50K
,,,,,, Prof-specialty,,,,,,45.13579177856445,,
,,,,,,,,,,,,, United-States,
37.952735900878906, Private,,,,,, Not-in-family,,,,,,,
,,, Some-college,11.187748908996582,, Adm-clerical, Not-in-family,,,,,,,
,,,,,,,,,,,-71.67068481445312,,, <=50K
, Private,, HS-grad,,,, Own-child, White,,,,37.92338180541992,,
,,,,12.363823890686035, Married-civ-spouse,, Not-in-family,,,,,,,
,,184108.796875, Bachelors,,,,,,,,,,,
,,, HS-grad,,, Craft-repair,,, Male,,,, United-States,
, Private,,,,, Priv-house-serv,, White,,,63.528297424316406,,,
, Private,196622.609375, Some-college,,,, Own-child,,,,63.597137451171875,,,
29.91530990600586, Private,,,8.084847450256348,,,,, Male,,,,,
,,196059.1875,,, Married-civ-spouse, Craft-repair, Not-in-family, White,,,71.73712158203125,,,
, Private,,,, Married-civ-spouse, Exec-managerial,, White,,,,,,
,,, HS-grad,,,,,,,,,,,
36.72691345214844,,,,,,,,,,,,40.868648529052734, United-States,
38.9904899597168,,, Some-college,11.584981918334961,, Exec-managerial,,,,,,, United-States,
,,, Some-college,12.704267501831055, Married-civ-spouse, Exec-managerial,, White,,,,49.178890228271484,,
,,,,,,,,,,,,42.3125, United-States,
34.39673614501953,,,,,,,,,,,,,,
42.09206771850586,,,,,,, Husband,,,,,,,
,,, Some-college,,,,, White,,,,,,
,,184746.53125, HS-grad,,,,, White,,,,, United-States,
,,, HS-grad,,,,,,,,,,, <=50K
,,,,,,, Husband,, Female,,,,, <=50K
, Private,, Bachelors,,,,,,,,190.42523193359375,,,
,,,,,,,,,,,,,,
, Private,,,9.810314178466797,,,,,,,,,,
39.312896728515625,,,,,, Craft-repair, Husband,, Male,,,50.30414962768555,,
,,,,,,,,, Male,-1704.4278564453125,,,,
, Private,,,, Never-married,,,,,,,,,
35.94829177856445,,, HS-grad,,, Other-service, Not-in-family, White,,-4120.1884765625,-51.9842529296875,,, <=50K
,,179129.890625,,,,,,, Male,,269.92657470703125,,,
,,179513.625,,9.225088119506836,,,,,,,,,,
31.909238815307617,,, 10th,, Married-civ-spouse, Machine-op-inspct,,,,-1183.6192626953125,,, United-States,
, Private,,,, Never-married,,,, Female,,,,,
,,,,,,, Husband, White,,,,47.767967224121094, United-States,
,,,,,,,,,,,,,,
,,,,,,,,,,-2889.1201171875,,39.955101013183594,, <=50K
,,,,,,,,,,,,,,
, Private,,,12.11726188659668, Married-civ-spouse,,, White,,,,,,
,,199004.5625,,,,, Husband,,,-303.739990234375,,,,
34.37941360473633,,,,,, Adm-clerical,,,,,,,,
29.425811767578125,,186355.015625,,8.912569999694824,,,,,,-3165.53955078125,,,, <=50K
42.540077209472656,,,,,,,, White,,,,,,
40.71437072753906,,,,,,,,,,,,,,
, Private,,,,,,,, Male,,,,,
,,187376.53125,,11.143908500671387,,,,,,,,,,
, Private,,,,, Craft-repair,,,,3958.0244140625,201.7440185546875,,,
, Private,, Bachelors,,, Craft-repair,,, Female,,,,,
,,,,,,,,,,-224.449951171875,,,,
,,,,,, Adm-clerical, Unmarried,,,,,,,
, Self-emp-not-inc,,,,,,,, Female,,107.10786437988281,,,
,,195053.625, Bachelors,,,, Husband,,,,,, United-States,
31.050785064697266, Private,,,,,,,,,,28.203250885009766,,,
, Private,185334.46875,,9.593525886535645,,,, White,,,,, United-States,
31.80185317993164, Private,,,,, Priv-house-serv,, White,,,,,,
,,,,8.688102722167969,,, Husband,,,362.8614501953125,,,,
,,,,,,,,,,,,40.21371841430664,,
,,,,,,,,,,,97.63742065429688,,,
, Private,,,11.523558616638184,,,, White, Male,,,,,
, Private,,,,,,,,,,-45.9244384765625,,, <=50K
,,,,,,,,,,533.4859619140625,,,,
,,,,, Divorced,,,,,139.3096923828125,,,,
,,, HS-grad,,,,, White,,,,,,
, Private,202066.734375,,11.568523406982422, Married-civ-spouse,,,,,,,, United-States,
,,,,,,,,,,-2952.35546875,-49.323211669921875,38.70182800292969,, <=50K
,,,,,,,,,,,,,,
, Private,,,, Never-married,,,,,35.5526123046875,45.23186111450195,,,
,,,,,,,,,,,,,,
, Private,201997.453125, Some-college,10.121842384338379,,, Own-child,,,,,,,
37.189945220947266, Private,,,9.99187183380127,, Craft-repair,,,,272.23480224609375,,,,
,,,,,,,,,,-290.938232421875,,40.524593353271484, United-States,
,,,,,,,,,,-385.19189453125,,, United-States,
46.47994613647461,,, HS-grad,9.555627822875977,, Craft-repair,, White,,,,,,
,,,,,,,,, Female,,,,, <=50K
, Private,,,,,, Husband,,,,,, United-States,
,,,,,,,,,,,,,,
,,191979.828125,,,,,,,,,,,,
,,,,,, Adm-clerical,,,,,,,, <=50K
,,,,8.237222671508789,,,,,,,,38.84807205200195,, >50K
, Private,,,, Married-civ-spouse,,,,,,,42.924560546875,,
,,,,11.171419143676758,,,, White,,49.603759765625,,44.052001953125, United-States,
, Private,,,9.630788803100586,,,, White,,-162.6700439453125,,,,
,,,,,,,,,,,,, United-States,
,,, HS-grad,,,,,, Male,3444.68408203125,,49.01431655883789, United-States,
,,216323.8125,,,,,, White, Male,,,, United-States,
,,176256.765625, Bachelors,, Married-civ-spouse,,,,,,,, United-States,
35.654659271240234,,178621.109375,,,,, Not-in-family,,,,,, United-States, <=50K
,,191942.71875,,,,,,,,,,,,
,,,,,,,,,,673.9479370117188,73.54139709472656,,,
,,169732.0, HS-grad,,,,,,,,,,,
, Private,192563.203125, HS-grad,8.901971817016602,,,,,,,,,,
,,,,, Married-civ-spouse,,,,,,150.37200927734375,,,
40.3698844909668, Private,,,,,,, White, Male,,,,,
, Private,,,,,, Husband,,,3909.11669921875,,,,
,,, Bachelors,, Married-civ-spouse, Craft-repair,,, Female,,66.07319641113281,,,
,,,,,,,, White,,-108.8302001953125,,,,
,,,,10.045075416564941,,, Not-in-family,,,,56.43626403808594,43.61654281616211,,
,,, Some-college,,,,, White,,3342.830078125,,,,
,,204109.953125,,,,, Husband,,,,178.49853515625,,,
,,202894.890625, Some-college,10.34859561920166,,, Own-child,,,,50.7309684753418,,,
,,182065.390625, Bachelors,,,,,,,,,,,
, Private,, Bachelors,,, Exec-managerial,,,,,,43.90171432495117,,
, Private,,,,,,,,,,,, United-States,
,,,,,,,, White,,,,39.495758056640625, United-States,
,,,,, Married-civ-spouse,,,,,,,,,
37.38058090209961,,,,9.55070686340332,,, Not-in-family,,,,,,,
43.5526237487793,,,,,, Adm-clerical, Not-in-family,,,,,, United-States,
,,195005.3125,,,,,, White,,,,,,
,,,,10.133147239685059, Married-civ-spouse,, Own-child, White, Male,,74.68327331542969,,,
,,,,,, Craft-repair, Husband,, Female,,,50.63151931762695, United-States,
,,192543.203125,,10.434235572814941, Married-civ-spouse, Craft-repair,,, Female,,66.28438568115234,, United-States,
,,,,,,, Husband,,,,,, United-States,
,,,,,,,,, Female,,108.01004791259766,,,
,,,,, Married-civ-spouse,,,,,-84.499267578125,,,,
,,, HS-grad,,,,,,,,37.573577880859375,, United-States,
,,,,,,,, White, Male,,,,,
,,,,,, Craft-repair,,,,,,,,
,,, HS-grad,,,,,,,,,43.353023529052734,,
,,181754.125,,,,,,,,1485.33935546875,,,,
30.42445182800293,,,,,, Other-service,, White,,-3458.466796875,-65.93797302246094,, United-States, <=50K
,,,,,,,,,,,,,, <=50K
,,,,,,,,,,165.69586181640625,,, United-States,
,,, HS-grad,,,,,,,,39.476806640625,39.000946044921875,,
,,, Bachelors,,,, Husband,,,,207.71066284179688,, United-States,
,,173847.328125,,,,,,,,,,,,
,,,,,,,,,,,,,,
,,,,,,,,,,,,,,
29.413118362426758,,, HS-grad,,,,,,,,,35.558929443359375,,
38.47856140136719,,189367.4375,,,,,,,,,,,,
, Private,,,,,,,,,4743.638671875,,,,
37.40842056274414,,,,, Never-married,,,,,1585.3564453125,,,,
,,193551.890625,,,,, Husband,,,149.08941650390625,63.89525604248047,,,
35.46772766113281,,192341.671875,,8.572187423706055,,,,,,286.9412841796875,,,,
34.15577697753906,,, HS-grad,,,,,, Male,-42.4017333984375,,41.73448181152344,,
,,,,,, Other-service, Unmarried,,,-3388.125,,,, <=50K
,,,,,,,, White,,-180.7294921875,,,,
,,,,,, ?,,,,-2813.99951171875,-38.42725372314453,,, <=50K
,,,,, Never-married,,, White,,-3847.7919921875,,,, <=50K
,,,,10.065497398376465,, Adm-clerical,,,,,,, United-States,
,,, Bachelors,,,, Not-in-family,,,-2042.7279052734375,,,, >50K
,,,,,,,, White, Female,,,, Mexico, <=50K
,,,,,, Prof-specialty, Husband,,,,,50.160003662109375,,
, Private,,,, Married-civ-spouse, Prof-specialty,,,,,,,,
22.727407455444336,,,,, Married-civ-spouse,,,, Female,,-57.936187744140625,, United-States, <=50K
,,,,, Never-married,,,, Female,,,42.251800537109375,, <=50K
,,,,, Married-civ-spouse,,,,,4400.3701171875,,,,
,,, Some-college,9.334925651550293,,,,, Male,,,, United-States,
, Private,203935.84375,,, Married-civ-spouse, Craft-repair,,,,3259.95166015625,,48.04084777832031,,
,,,,8.346004486083984,, Craft-repair,,, Female,,-20.975135803222656,,, >50K
34.28866958618164,,,,,,, Not-in-family,,,,,,,
, Private,,,,, Craft-repair,,, Male,,,,,
, Private,,,,,,,,,-1564.1485595703125,,, United-States,
38.366668701171875, Private,192030.03125,,,, Craft-repair,,,,,,,,
,,,,, Married-civ-spouse,, Husband,, Female,,73.71702575683594,,,
,,, Some-college,11.08137321472168,,, Own-child, White,,,,,,
46.06019592285156, Private,,,,, Craft-repair,, White, Male,,,,,
,,,,, Never-married,, Not-in-family,,,,66.0150146484375,,,
, Private,, HS-grad,,,,,,,,,, United-States, >50K
,,, HS-grad,,,,,,,,,, United-States,
,,,,,,,,, Male,4789.86083984375,,,,
,,,,,, Exec-managerial,,, Male,,,,,
,,190497.75, Bachelors,,,,, White,,,61.58492660522461,,,
, Private,,,, Never-married, Sales,, White,,,,,,
,,,,,,,,, Male,,,,,
, Private,,,,,,,,,,,, United-States,
,,176252.28125,,,, Prof-specialty, Not-in-family,,,,-21.32282257080078,,, <=50K
,,,,,,,,, Female,-2487.498046875,,,, <=50K
,,,,,, Craft-repair,,, Female,,-12.829788208007812,,, >50K
30.74477767944336,,, Some-college,, Married-civ-spouse, Craft-repair, Not-in-family,,,,,,,
37.70065689086914, Private,194369.671875,,9.049623489379883,,,,,,,66.40567779541016,, United-States,
,,,,,,,,, Male,5653.63525390625,252.76153564453125,,,
32.948974609375,,196398.390625, HS-grad,,,,,, Male,,,,,
,,,,,,,,,,,,,, <=50K
, Private,,,9.921616554260254, Never-married,,,,,,49.99948501586914,,,
,,194418.4375,,7.552972793579102, Never-married,,,,,,,29.115768432617188,, <=50K
,,, HS-grad,,,, Husband,, Male,,,46.7855224609375, United-States,
,,,,8.183089256286621,,,,, Male,,,,,
,,187467.40625,,,, Craft-repair,,, Female,,,,, <=50K
,,185084.578125, Bachelors,, Never-married,,,,,,,39.56539535522461,, <=50K
,,,,,,,,,,,,,, <=50K
,,,,,,,,, Male,,48.84749984741211,48.468414306640625,,
, Private,,,, Married-civ-spouse, Craft-repair,,, Male,,,,,
,,204863.6875, Some-college,,,,, White,,,31.4637451171875,,,
, Private,,,,,,, White,,,,,,
,,,,,,,, White,,,,,,
,,,,9.238701820373535,,,,,,,,39.802791595458984, United-States,
,,176381.65625,,, Divorced, Prof-specialty,,,,,,,,
34.166038513183594,,,,8.312000274658203,,,,,,,,,, <=50K
,,,,,,,, White,,58.2705078125,,,,
, Private,,,,, Craft-repair, Own-child, White,,-581.889404296875,60.66441345214844,45.30530548095703,,
42.33938217163086,,, HS-grad,,,,, White,,,,,,
,,,,, Married-civ-spouse,,,,,,,, United-States,
,,199898.5,,,,,,,,,,,,
,,,,,,,, White,,,,,,
, Private,, HS-grad,9.063432693481445,,,,,,,,,,
,,,,10.930585861206055,, Craft-repair,,,,,,,,
,,,,, Never-married, Other-service, Own-child,,,-3596.9404296875,,,, <=50K
,,,,,,,, White,,,,,,
,,,,9.180863380432129, Married-civ-spouse,,,,,,,,,
34.465614318847656,,,,9.995222091674805,, Craft-repair,,,,910.1027221679688,,42.735721588134766,,
,,,,10.794878005981445,,,,,,,61.54859161376953,,,
,,,,, Divorced, Prof-specialty,,,,,-42.93574523925781,,, >50K
32.50238037109375, Private,,,,,, Unmarried,,,-3636.70361328125,,,, <=50K
,,,,8.281506538391113,,,,, Male,,58.35485076904297,43.25917053222656, United-States,
, Private,,,,,,,,,,203.70181274414062,,,
,,,,,,,, White,,,37.27394485473633,,,
,,,,10.430044174194336,,,, White,,,,, United-States,
,,,,, Married-civ-spouse,,, White,,,,,,
26.596385955810547,,191397.34375,,, Never-married,,, White,,,32.23657989501953,, United-States,
40.540283203125, Private,,,,,,,,,,,,,
,,,,,,,,, Male,,162.41082763671875,,,
41.55691909790039,,, Some-college,11.436118125915527,,,,,,,,,,
29.6359920501709, Private,185592.140625, Some-college,8.680636405944824,,,,,,,,,,
, Private,,,9.380184173583984, Never-married,,,, Female,,,,,
,,,,,,,, White,,,,,,
,,,,, Married-civ-spouse,, Husband,, Male,700.4774169921875,,,,
,,,,,,, Own-child,,,,57.86446762084961,, United-States,
,,,,,,,, White, Female,,106.15667724609375,, United-States,
38.730648040771484,,,,,,,,,,,,,,
32.030799865722656,,,,8.147446632385254,,,, White,,,,,, <=50K
,,,,,, Adm-clerical,, White,,,,,,
, Private,,,,,,,,,,,37.670753479003906, United-States,
,,,,,,, Own-child,,,-619.3846435546875,,40.42393493652344,,
,,179468.34375, Bachelors,, Never-married,,,,,,,,,
34.44773483276367,,,,, Married-civ-spouse,, Husband,, Female,,78.54328918457031,, United-States,
,,,,8.295269012451172,,,,,,,,,, <=50K
,,,,,,,,, Male,-1083.5194091796875,17.931503295898438,,,
,,,,,,,, White,,-543.357177734375,,,,
,,, HS-grad,, Married-civ-spouse,,,,,,,,,
,,,,,,,,, Male,,,,,
,,,,,,,,, Male,,,46.42335510253906,,
,,,,,,, Not-in-family,,,,,,,
,,,,,,,,,,,,,, >50K
,,,,,,,,,,,,,, <=50K
,,189354.96875, HS-grad,, Never-married, Other-service, Not-in-family,,,,,, United-States, <=50K
,,, Bachelors,,,,,,,,,,,
, Private,,,,,,,, Male,,,,,
,,190755.859375,,7.851117134094238, Never-married,,,,,,,, United-States, <=50K
,,,,,, Craft-repair,,,,,,,,
, Private,,,,,, Not-in-family,,,,,,,
, Private,,,,,,,,,,,,,
,,,,,, Craft-repair,,,,,68.94341278076172,, United-States,
,,,,,,,, White,,,,,,
,,,,,,,, White,,,,,,
, Private,,,9.18237018585205,,,,,,,,, United-States,
,,,,,,,,,,,,,,
,,200390.90625,,,,,,, Male,,,,,
,,196045.734375,,,,,,,,-375.3223876953125,42.3670654296875,,,
,,,,, Never-married,,,,,-164.830322265625,,,,
,,, 7th-8th,,,,,, Female,,,, United-States, <=50K
,,,,, Never-married,,,,,,,,,
,,,,9.550060272216797,,,,,,,,,,
,,, Bachelors,,,,,, Male,,65.00897979736328,,,
,,,,,, Craft-repair,,, Female,-89.7840576171875,,47.170997619628906,,
,,,,,,, Not-in-family, White,,,,, United-States, >50K
,,,,,,,,,,26.921875,,,,
,,,,,,,,,,,,38.110286712646484,,
,,,,,,, Husband,, Male,332.95770263671875,,,,
,,,,, Married-civ-spouse,,,,,,,,,
,,200649.375,,,,,, White, Male,,,,,
,,,,,,, Own-child,,,2.5186767578125,,38.39329528808594, United-States,
,,,,,,,,,,,,,,
,,, HS-grad,,,,,, Male,,60.327049255371094,,,
35.2322998046875,,, Bachelors,, Never-married,,,,,,,,,
, Private,199940.859375,,,,, Husband,,,,,,,
45.34392166137695,,,,11.73138427734375,, Craft-repair,,, Male,,,, United-States,
38.44267654418945,,196049.8125, HS-grad,,,, Husband,, Male,,,,,
,,,,,,,, White, Male,,,,,
, Private,,,,,,,,,,,,,
,,,,8.982433319091797,,,,,,715.1419677734375,,,,
, Private,,,,,,,,,,,,, <=50K
,,162802.890625, HS-grad,,,,,,,,,,, >50K
,,,,,,,,,,,,, United-States,
,,,,, Married-civ-spouse,, Not-in-family,,,,63.76342010498047,42.174503326416016,,
,,,,,, Craft-repair, Own-child,,,,,,,
, Private,,,,,,,,,,60.18115997314453,,,
41.95362854003906,,,,,,,,,,,,,,
,,, HS-grad,,,,,, Female,-3048.39892578125,,,, >50K
,,,,,, Exec-managerial,,,,,,47.70176315307617, United-States,
38.07706069946289,,189336.15625,,10.49445915222168,,,,,,,,,,
,,, HS-grad,9.310225486755371,,,,,,,52.73041915893555,40.80023956298828,,
,,,,10.185246467590332,,,,, Female,-1920.7987060546875,,, United-States,
,,,,9.42893123626709, Married-civ-spouse,,,,,,,,,
,,,,,, Prof-specialty,,,,,,,,
,,,,,, Craft-repair,, White,,,77.39949035644531,42.99275588989258,,
,,, Bachelors,, Married-civ-spouse,, Not-in-family,,,4014.07763671875,,46.72243881225586,,
,,,,,,, Husband,, Male,,-80.11441040039062,41.201053619384766,, <=50K
,,,,,, Craft-repair,,, Male,,,, United-States,
,,, HS-grad,,,,, White,,-136.1884765625,,,,
35.33547592163086,,183374.03125,,,, Craft-repair,,,,-3048.62890625,,,, <=50K
,,,,,,, Own-child,,,,,,,
,,190593.921875,,, Married-civ-spouse,,,, Female,,,,,
,,,,10.1222562789917,,,,,,,,,,
,,,,,,, Husband,, Male,,,,,
,,192079.453125,,,,,,,,,,,,
,,,,,,,,,,,,, United-States,
,,,,,,, Husband,,,,78.37542724609375,, United-States,
,,,,,,,,, Female,,,, Vietnam, <=50K
,,,,10.192676544189453, Never-married,,,,,,,,,
,,,,12.827435493469238,,, Husband, White, Male,,241.02317810058594,,,
,,,,,, Craft-repair, Husband,,,,,,,
,,,,, Married-civ-spouse,,, White,,,,,,
43.171993255615234,,,,10.120217323303223,,,,, Male,,,,,
,,200364.046875,,,,,, White,,,,,,
,,, Some-college,9.78195571899414, Married-civ-spouse,,,, Female,-67.1370849609375,,46.601783752441406,,
,,,,,,,,, Female,5191.0126953125,,,,
,,,,12.234891891479492,,,, White,,,232.66839599609375,,,
,,,,,, Farming-fishing,,, Male,-2400.654296875,,,, >50K
,,, Bachelors,,, Prof-specialty, Not-in-family,,,,74.94203186035156,,,
23.95673370361328, Private,, HS-grad,, Never-married,,,,,,,,,
,,,,10.009594917297363, Never-married,,,,,,,,,
34.82850646972656,,,,,,,, White,,-2131.2119140625,-20.811813354492188,,, <=50K
,,,,,, Handlers-cleaners,,,,,40.070648193359375,,,
,,,,,, Craft-repair,,,,3881.0703125,,,,
34.420658111572266,,,,,,,,,,,,,, <=50K
,,,,10.710317611694336, Never-married,,,,,,,43.46820068359375, United-States,
,,,,,,, Own-child,,,,,,,
37.362552642822266,,,,,,,,,,,68.6005630493164,,,
,,,,,, Craft-repair,, White,,,,,,
, Private,,,,,, Not-in-family, White,,,60.269805908203125,,,
,,183514.984375,,10.281366348266602, Divorced,,,,,,59.74571990966797,35.10066604614258,,
38.12070846557617,,190300.40625,,,,, Not-in-family,,,,,44.27893829345703,,
,,,,,,,,,,,,,,
,,, HS-grad,,,,,, Male,-626.271728515625,41.02097702026367,,,
,,,,,, Prof-specialty,,,,,,,, >50K
, Private,194403.296875,,,,,,,,,,,,
35.55524444580078, Private,190883.5,,,,, Not-in-family,,,,70.2584457397461,,,
35.5821647644043,,,,,, Adm-clerical,, Black,,,,33.33036422729492,,
,,,,,, Craft-repair, Husband,, Male,,,,,
,,,,,,,,, Male,,,, United-States,
,,,,9.19960880279541,,,,,,,40.356407165527344,,,
, Private,169798.90625,,,,, Not-in-family,,,,,,, >50K
,,178726.984375, Some-college,11.391075134277344,,,,,,3578.67138671875,,38.94466781616211,,
,,,,,,,,,,,,,,
,,,,,,,,,,,,,, <=50K
33.31919479370117,,186661.09375,,,, Craft-repair,,,,,45.25211715698242,,,
,,,,,, Craft-repair, Husband,,,,62.84064483642578,,,
,,,,,,,,,,,,,,
, Private,,,, Married-civ-spouse, Craft-repair,,, Male,,,,,
45.665138244628906,,,,10.074324607849121,,, Husband,, Male,,222.37608337402344,,,
, Private,,,,,,,,,,,,, >50K
,,,,,,,,,,,139.84779357910156,, United-States,
,,,,,,,,,,635.4710693359375,,,,
, Private,175409.4375,,,,,,,,,,,,
32.25754165649414,,,,,,,,,,,,,,
,,, Bachelors,,,, Husband,, Female,-3006.9013671875,,,, >50K
,,,,,, Other-service,,,,,,,,
,,,,,,,,,,,,36.040611267089844, United-States,
, Private,,,8.806285858154297,,,,,,,,, United-States,
32.25338363647461,,199482.921875,,9.55654525756836,,,, White, Female,,,,,
,,,,11.237520217895508, Married-civ-spouse,,,, Female,,,,,
,,,,, Married-civ-spouse,,,, Male,,70.29449462890625,,,
,,196165.234375,,,,,,,,,,42.377193450927734, United-States,
,,,,10.310222625732422,, Craft-repair,,,,,,,,
, Private,, Some-college,10.714485168457031,,,,,,-420.3463134765625,41.21455764770508,39.06877517700195, United-States,
,,188683.703125, HS-grad,,, Other-service,,,,-4217.63671875,-97.14588928222656,33.967979431152344, United-States, <=50K
, Private,193754.78125, Bachelors,,,,, White, Male,3952.443359375,,,,
,,163885.234375, HS-grad,,,,,,,290.76104736328125,,37.894073486328125,,
25.552541732788086,,, Bachelors,, Never-married, Adm-clerical,,,,,-70.02972412109375,,, <=50K
,,,,, Married-civ-spouse,,,,,,,,,
, Private,,,, Married-civ-spouse,,,,,,,, United-States,
42.753753662109375, Private,,,,,,,,,,,,,
,,, HS-grad,,, Other-service,,,,,,,, <=50K
28.32276153564453, Private,,,8.094199180603027,, Other-service,,,,,,,, <=50K
34.54670333862305,,,,, Married-civ-spouse, Exec-managerial, Not-in-family,,,571.300048828125,,,,
,,,,,,,,,,,,,,
,,,,,,, Husband,,,,,,, >50K
, Private,173185.25,,,,,,,,-2955.1279296875,,, United-States, <=50K
32.23846435546875, Private,,,,,, Not-in-family,,,,,,,
,,197458.46875,,,, Other-service,,,,-3540.88427734375,,,, <=50K
,,,,, Married-civ-spouse, Exec-managerial,,,,,,,,
, Private,,,,,,,, Male,,,,,
,,,,,,,,,,-3423.716796875,,,, <=50K
, Private,,,,,,,, Male,,,,,
,,,,,, Craft-repair, Husband,, Female,,-13.209548950195312,46.867713928222656,, >50K
,,,,,,,,,,-4381.96826171875,,,, <=50K
43.549560546875,,,,,, Craft-repair,, White, Male,,,,,
,,, Bachelors,, Married-civ-spouse, Exec-managerial,,, Male,,,,,
,,170721.828125,,,,,,,,4582.6162109375,210.48782348632812,, United-States,
33.86148452758789,,,,,, Craft-repair,,,,557.3107299804688,,,,
, Private,,,8.936308860778809,,, Husband,, Male,,,,,
,,,,,,,,,,,,,,
,,,,10.694454193115234,, Other-service,,,,,,,,
28.17848014831543,,184765.546875,,,,,,,,,,,, <=50K
,,,,, Never-married,,,,,,,, United-States,
30.921913146972656,,, HS-grad,,,,,, Male,,,,,
,,,,,,,, White, Male,,,,,
,,,,,,,,,,,,,, <=50K
,,,,,,,,,,,,41.37542724609375,,
, Private,,,10.733783721923828,,,, White,,,,,,
,,,,,,,, White,,-219.315673828125,,38.749351501464844,,
, Private,,,9.616606712341309,, Craft-repair,,,,,,,,
,,,,8.935857772827148,,,,, Male,,,,,
,,,,,,,,, Male,-12.6611328125,,,,
34.141056060791016,,,,,,,,,,,,,,
,,,,,,,,,,20.478515625,,, United-States,
, Private,185371.1875,,,,,, White,,,,,,
,,, Some-college,9.929481506347656,,,,,,88.9058837890625,,43.1669921875,,
,,200454.609375, Some-college,11.217344284057617, Never-married,, Own-child,,,,,,,
,,, HS-grad,,,,, White,,,,,,
, Private,,,,,,,,,-3241.7783203125,,,, <=50K
42.28757095336914, Private,,,,, Craft-repair, Husband,,,,,,,
, Private,,,, Never-married, Machine-op-inspct,,,,368.876708984375,,,,
,,202075.328125,,, Never-married, Other-service,, White,,,-49.277252197265625,,, <=50K
,,,,,,, Husband, White, Male,-510.5467529296875,74.45578002929688,,,
,,,,, Married-civ-spouse,,,, Male,,,51.59383010864258,,
41.628074645996094, Private,196132.234375,,,,,, White,,,,,,
36.41928482055664,,,,10.186124801635742,,, Not-in-family,,,,,,,
,,,,, Married-civ-spouse,, Not-in-family,,,,,42.01747131347656,,
, Private,, HS-grad,,,,,,,,,,,
,,, Some-college,,,,,,,,,, United-States,
,,,,,,,,,,,,,,
35.65909194946289,,,,9.82441234588623,,,,,,,74.84011840820312,,,
,,,,10.164494514465332,,,,,,115.4765625,,,,
,,, Some-college,11.242609024047852,,,,,,,,,,
30.604799270629883,,,,,, Adm-clerical,,,,,34.677677154541016,,,
,,,,,, Craft-repair,,, Female,21.7835693359375,,,,
,,,,,, Prof-specialty,, White,,,,,,
, Private,,,7.522067546844482,,,,,,-3176.0390625,,,, <=50K
, Private,202268.25,,,,,,,,-292.1463623046875,,,,
44.16792297363281,,,,,,,,,,,31.526466369628906,,,
41.40767288208008, Private,,,,,,,,,,,,,
37.02371597290039,,181015.625,,,, Prof-specialty,, White,,,,,,
,,,,, Married-civ-spouse,,,,,25.7091064453125,,,,
,,, HS-grad,,,, Not-in-family,,,,40.942413330078125,,,
,,, HS-grad,,, Craft-repair,, White,,-819.960693359375,,41.820823669433594, United-States,
, Private,,,,, Other-service,,,,,,,,
, Private,, HS-grad,, Never-married, Adm-clerical, Own-child, White,,,,,,
22.361949920654297, Private,,,,,,,,,-1760.2479248046875,,,, <=50K
,,204872.3125,,, Married-civ-spouse,,, White, Female,,,48.66324996948242,,
, Private,,,,,, Not-in-family,,,,,,, <=50K
,,,,,,,,,,,,,, <=50K
44.03456115722656,,,,,,,,,,,,, United-States,
,,202704.0625,,8.478450775146484,,,,,,,,,,
,,171824.03125,,9.40010929107666,,,,,,,78.4995346069336,,,
,,177068.0625,,,,,,,,,,, United-States, >50K
35.66748046875, Private,,,,,, Not-in-family,,,,,,,
, Private,,,,,, Not-in-family,,,,,,,
,,222339.21875,,,,, Husband,, Male,,,,,
,,,,,,,,,,,34.870967864990234,,,
33.14752197265625,,,,,,,,,,,,, United-States,
,,,,11.454806327819824,,,,,,,,46.410037994384766,,
,,201600.78125,,,,,, White, Male,326.6304931640625,,43.75282669067383, United-States,
,,,,,,,,,,,198.86842346191406,,,
,,191338.375,,,,,, White,,,-37.64881896972656,,, <=50K
,,,,12.228983879089355,,,, White, Male,,,52.239925384521484,,
,,,,,,,,,,38.19140625,,,,
,,,,,,,,,,4147.11572265625,,46.56785583496094, United-States,
34.302520751953125, Private,, HS-grad,8.721004486083984,,,,,,,52.261531829833984,,,
,,199645.75,,,,,,, Male,397.70391845703125,,,,
,,,,8.855310440063477,,,,, Male,405.44476318359375,,,,
, Private,171410.921875, Bachelors,,,, Husband,,,,,,,
,,,,,,,,,,,,41.876548767089844,,
53.120662689208984,,,,,,,,, Male,5208.970703125,,,,
24.350418090820312,,,,, Never-married,,,,,,-61.73878479003906,,, >50K
,,,,7.712589740753174,,,,,,,,37.694480895996094,, <=50K
51.009315490722656,,,,,,, Husband, White,,,,49.401405334472656,,
,,,,,,,, White,,-1121.1241455078125,,,,
,,,,, Married-civ-spouse, Craft-repair,,,,,,,,
34.13983154296875,,,,9.641234397888184,,,,,,,,,,
,,,,,,, Unmarried,,,,,,,
35.8355712890625,,184895.453125,,,,, Not-in-family,,,-64.752685546875,,39.079566955566406,,
,,,,, Never-married,,, White,,-3457.9970703125,-80.20855712890625,,, <=50K
,,,,,,,,,,5621.02392578125,,, United-States,
29.66796112060547,,, Bachelors,, Never-married, Prof-specialty,,,,,,41.00124740600586,,
,,187703.375,,9.39379596710205,,,,,,,69.84066772460938,,,
,,,,,,,,,,,,,,
,,,,10.701410293579102, Never-married, Sales,, White,,72.7197265625,,, United-States,
,,,,,, ?,,,,,,43.58128356933594,,
, Private,,,, Widowed, Other-service,,,,,,,, <=50K
,,,,,,,,,,,,, United-States,
,,,,,,,, White,,,,, United-States, <=50K
,,,,9.996820449829102,, Craft-repair,, White,,,,,,
,,,,,,,, White,,,,,,
,,184559.015625,,,,,,,,,,,,
41.35788345336914,,,,10.95247745513916,,, Not-in-family,,,,,,,
,,199632.5625,,10.265806198120117,,, Husband,, Male,,102.80815124511719,,,
,,,,,,, Husband,,,3810.642578125,,, United-States,
,,,,,,, Husband,, Male,-67.306884765625,77.28060913085938,46.36260223388672,,
38.234901428222656,,,,,,,,,,,,40.52648162841797,,
,,,,,, Craft-repair,,,,,,,,
40.493160247802734,,, Bachelors,,,,,, Male,,,,,
,,, Some-college,9.136008262634277,,,,,,,,,,
,,,,,,, Not-in-family,,,409.38360595703125,,,,
,,,,,,,,, Male,631.2079467773438,,,,
,,191857.46875, Some-college,,, Adm-clerical,,,,,27.928997039794922,37.27176284790039,,
, Private,,,,, Craft-repair,,,,-312.3577880859375,58.77361297607422,,,
,,178850.96875,,,,,,,,,,,,
,,175181.0625,,,,,,,,438.377197265625,,, United-States,
,,,,,,,,,,,,, United-States, <=50K
,,,,,,,,,,3688.6640625,,,,
,,, Some-college,,,,,, Male,590.358154296875,,48.120784759521484,,
,,,,10.641359329223633,,,,,,413.651123046875,,, United-States,
,,,,9.910358428955078,,, Not-in-family,,,,,38.049808502197266,,
,,187798.125,,8.647642135620117,,,,,,,77.1026611328125,,,
,,, Bachelors,,,,,, Female,,99.2847900390625,, United-States,
, Private,,,,,,, White,,,,38.143009185791016,,
,,,,9.352577209472656,,,,, Female,,,,,
,,,,,, Other-service,,,,-3050.47998046875,,39.47637176513672,, <=50K
,,,,10.26664924621582,,, Not-in-family,,,,78.95729064941406,44.45387649536133,,
38.97598648071289,,,,9.687042236328125,,,,,,,,41.6798210144043,,
, Private,,,, Divorced,,,,,,,, United-States, <=50K
,,,,,, Craft-repair, Husband, White,,,,,,
,,,,, Married-civ-spouse, Prof-specialty,,,,,242.37278747558594,, United-States,
,,,,,,, Husband, White,,,,41.537567138671875,,
,,,,,,, Unmarried,,,,-57.994537353515625,35.718955993652344, United-States, <=50K
,,,,,, Craft-repair,,,,-2742.08154296875,,,, >50K
,,,,,,,,,,-879.628173828125,,39.207401275634766,,
,,171392.78125,,,,,,,,-2735.29345703125,,, United-States, <=50K
,,,,, Never-married,,,,,248.22552490234375,,37.96391677856445,,
,,,,,,,,, Male,1473.1650390625,,,,
,,,,,,,,, Male,,,,,
, Private,, Some-college,, Married-civ-spouse,,, White, Female,,,,,
,,,,,,, Husband,,,,,,,
, Private,,,,,,,, Male,,,,,
,,,,7.021265029907227,,,,, Male,,,,, >50K
32.132835388183594,,,,, Married-civ-spouse, Adm-clerical,,,,366.78961181640625,,43.796043395996094,,
,,194241.4375,,10.690399169921875, Never-married,,, White,,,37.350624084472656,,,
,,,,, Never-married,,,,,-146.3297119140625,,, United-States,
,,, Bachelors,,,, Husband,,,,,, United-States,
,,,,10.27842903137207,, Craft-repair,,, Female,,,,,
,,,,,,,,, Male,,,, United-States,
,,179338.515625,,,, Prof-specialty,,,,,56.986183166503906,, United-States,
,,176902.625, Some-college,10.661952018737793, Divorced,,, White,,,57.67276382446289,,,
,,,,,,, Husband,,,,,,,
,,, Some-college,9.462788581848145,,,,,,,,,,
,,, HS-grad,,,,,, Male,-442.3922119140625,,,,
,,,,,,,,,,,,39.11515808105469,,
,,,,9.861172676086426, Never-married,,,,,158.34613037109375,,,,
,,,,,, Exec-managerial,,,,,200.3646697998047,,,
,,,,,,,, White,,,,38.305965423583984,,
,,182589.109375,,9.76208782196045,,, Husband, White, Male,,118.69148254394531,49.43706512451172,,
, Private,,,,,,,,,,,,, <=50K
,,,,10.124879837036133,,, Husband,,,678.4937744140625,,,,
,,,,,,,,,,,,, United-States,
32.94960021972656,,, HS-grad,,,,,,,-237.6580810546875,,,,
,,, Bachelors,,,, Husband,,,,,,,
,,,,,,,,,,,,,,
,,, HS-grad,, Married-civ-spouse,,,,,-816.4793701171875,17.130706787109375,,,
,,200952.234375,,, Never-married, Prof-specialty,,,,,,,,
,,, HS-grad,, Married-civ-spouse,,,, Male,-568.420654296875,,, United-States,
,,, Bachelors,,,,,,,,82.08118438720703,44.395729064941406,,
,,,,,,,,, Male,,,,,
,,,,,,,,, Male,-183.143798828125,,,,
,,190129.984375,,,, Craft-repair, Not-in-family,,,,,45.30594253540039, United-States,
,,,,, Widowed,,,,,,,,, <=50K
, Private,, HS-grad,,, Craft-repair, Husband,, Female,,,,, >50K
,,,,8.812228202819824,,,,,,,,39.5291748046875,,
,,,,,,,, White,,,,, United-States, <=50K
37.394039154052734, Private,,,,,, Not-in-family, White,,-446.7916259765625,60.542152404785156,,,
44.72679138183594,,,,9.958211898803711,,, Husband, White, Male,82.93133544921875,,50.00649642944336,,
, Private,,,9.676253318786621,,,,,,,,,,
28.202144622802734,,,,, Married-civ-spouse,,,,,,,, United-States,
,,173934.671875,,, Never-married,, Not-in-family,,,,,,, <=50K
,,221817.875,,,,,,, Female,-4163.00048828125,,,, <=50K
37.14173889160156,,, HS-grad,,,,,,,-243.638671875,,,,
32.47386932373047,,,,7.773411750793457,,, Not-in-family,,,,,,, <=50K
,,196033.515625,,7.569025039672852,,,,, Female,,,42.38127136230469,, <=50K
,,,,, Never-married, ?, Own-child, White,,,,,,
,,,,,,, Husband,,,3128.01025390625,,48.563690185546875,,
,,,,,,,,,,,,,,
,,, Some-college,8.273173332214355,,,,,,,,,,
,,,,, Married-civ-spouse,, Husband,, Female,,,,,
,,197041.40625,,12.536897659301758,, Protective-serv,,, Male,,243.9422607421875,52.928192138671875,,
,,170804.8125,,,,,,,,1888.623779296875,,34.836883544921875,,
,,178242.5, Bachelors,,, Exec-managerial,,, Male,,,,,
,,,,,,,,, Female,,,,,
,,202551.359375, HS-grad,,,,,,,,,,,
, Private,,,,,, Not-in-family,,,,,,, >50K
,,,,,,,,,,,65.87928009033203,,,
,,, Some-college,, Divorced,,,,,,55.74605178833008,, United-States,
,,189164.8125, HS-grad,,,,,,,-3811.85595703125,,,, <=50K
,,, Some-college,,,,, White,,,,,,
,,, Some-college,9.587113380432129,,, Own-child,,,,,,,
37.185508728027344,,,,,,,,,,,,, United-States,
,,,,, Never-married, ?,,,,-2160.0068359375,,34.88374328613281,, <=50K
,,199068.953125, Some-college,, Never-married,, Own-child,,,,,,,
, Private,,,10.279778480529785, Married-civ-spouse,, Not-in-family,,,,91.38853454589844,, United-States,
,,,,,,,,,,,259.2379150390625,,,
,,, Prof-school,,,,,,,,-178.17689514160156,, United-States,
41.437503814697266,,, HS-grad,,,,,,,,,,,
,,,,,,,,, Male,,,,,
,,,,, Never-married,,, White, Female,,,,, <=50K
,,, Bachelors,, Married-civ-spouse,,,,,,,41.275482177734375,,
,,,,,, Craft-repair,,,,,-46.66340637207031,,, <=50K
,,,,,,,,,,-3249.7001953125,,,, <=50K
, Private,, Some-college,10.694737434387207,, Craft-repair,,,,-226.282470703125,57.04640579223633,, United-States,
,,185658.296875,,10.655901908874512,,,, White,,,,38.72574996948242,,
33.596763610839844,,182686.4375,,,,,,,,,,,, >50K
, Private,179911.609375,,,, Craft-repair,,,,,,,,
,,,,,,, Own-child,,,,,,,
, Private,,,,, Craft-repair,,, Female,,53.87120819091797,47.62779235839844,,
,,,,,,,,, Male,,,,,
, Private,,,,,,, White,,-484.03662109375,52.62191390991211,,,
,,,,10.352750778198242,, Craft-repair,,,,,61.17901611328125,,,
, Private,186399.921875,,, Never-married,,,,,,,, United-States, <=50K
26.849903106689453,,,,,,,,,,-2548.64599609375,,37.54931640625,, <=50K
,,,,9.27072525024414,,,, White,,,,,,
,,,,,,,,, Male,,,, United-States,
,,,,, Divorced,, Not-in-family, White,,,,, United-States,
34.06539535522461, Private,,,, Married-civ-spouse,,,, Male,,,53.58662414550781,,
40.62030792236328,,, Some-college,,,, Not-in-family,,,,64.67082977294922,,,
31.606815338134766,,, HS-grad,10.22037124633789, Married-civ-spouse,,,, Male,,,,,
,,,,, Married-civ-spouse,, Husband, White, Male,,,50.38468933105469,,
,,,,,,,,,,1662.7252197265625,,,,
42.90540313720703,,,,,,,, White, Male,,,, United-States,
,,199129.25,,,,,,, Male,,,,,
, Private,,,,,,, White,,,,,,
, Private,, HS-grad,,,,,,,287.3660888671875,,42.23615264892578,,
, Private,,,,,,,,,,,,,
,,, HS-grad,,,, Not-in-family, White,,,,,, <=50K
,,196936.390625,,,,, Husband,,,,,,,
24.479629516601562,,170178.5625, Bachelors,, Never-married,,,,,,,,, <=50K
,,166787.015625,,,, Adm-clerical,, White,,,,33.97002410888672,, <=50K
,,,,,,,,,,,,,,
,,,,, Married-civ-spouse,,, White,,,,,,
,,, HS-grad,8.785362243652344,,,,,,,,,,
,,, HS-grad,,,, Not-in-family, White,,,,, United-States,
, Private,,,,,,,,,,,43.58369827270508,,
,,,,,,, Husband,,,,,, United-States,
,,, Bachelors,,,, Husband,,,,,,,
, Private,,,,,, Own-child,,,,,38.84670639038086, United-States,
,,,,,, ?, Not-in-family,,,,,,,
,,206151.359375, HS-grad,,,, Husband, White,,,,42.162628173828125,,
25.9210205078125, Private,, HS-grad,10.539593696594238, Married-civ-spouse, Craft-repair,,,,,,,,
43.366703033447266,,,,11.638228416442871,,,,,,3556.86865234375,186.50344848632812,, United-States,
,,174567.65625,,,, Prof-specialty, Not-in-family,,,,111.99935150146484,, United-States,
,,,,, Married-civ-spouse,,,, Male,,,,,
,,,,, Married-civ-spouse,, Husband,, Male,,,53.7544059753418,,
,,,,,,, Wife,,,,,,,
,,,,,, Adm-clerical,,,,,,,,
,,, HS-grad,10.390721321105957,, Transport-moving,,,,,,,,
,,, HS-grad,, Married-civ-spouse,,,,,,,41.11664581298828,,
, Private,,,,, Prof-specialty,,,,,,,,
33.07212448120117,,,,,,,, White,,,,, United-States,
36.826316833496094,,,,, Married-civ-spouse,, Not-in-family,,,,,45.49087142944336,,
31.325870513916016,,,,, Married-civ-spouse,,,,,,,46.298072814941406,,
33.64985656738281,,,,8.037885665893555,,,,,,,,,, <=50K
,,187996.421875,,,,,, White,,3613.52783203125,,46.64313507080078, United-States,
34.36028289794922,,,,, Married-civ-spouse, Prof-specialty,, White, Male,,,,,
,,,,,,,,, Male,,,,,
,,198916.09375,,8.971475601196289,,,, White,,,,,,
42.217037200927734,,, HS-grad,,,,,,,,189.52447509765625,,,
,,,,,,, Not-in-family,,,-2241.8134765625,,, United-States, >50K
,,,,, Never-married,, Own-child,,,,,, United-States,
,,,,, Married-civ-spouse, Prof-specialty,,,,,131.89361572265625,52.62419128417969,,
,,, HS-grad,,, Craft-repair,, White,,,,,,
,,,,,, Sales,,,,,,42.69230270385742,,
,,,,,,,, White,,,,35.94670104980469, United-States, <=50K
,,196350.75,,,,,, White,,,,, United-States,
, Private,, HS-grad,9.281606674194336,, Machine-op-inspct,,,,,,, United-States,
,,174999.96875,,,,,,,,,,38.610023498535156,,
,,171685.890625,,,,,,,,,90.72127532958984,, United-States,
,,, HS-grad,, Never-married,,,,,,,,,
,,188667.859375,,10.1728515625, Married-civ-spouse,,, White,,223.98614501953125,,43.014217376708984,,
,,,,,,,,,,,,39.378318786621094,,
,,170141.265625,,,, Exec-managerial,,,,,,,,
,,,,,,,, White,,,50.334896087646484,, United-States,
,,,,,,,,,,3700.37646484375,194.47445678710938,,,
,,,,9.996156692504883,,,,,,929.664794921875,,,,
,,, HS-grad,, Married-civ-spouse,,,,,12.8861083984375,,,,
,,193365.921875,,, Married-civ-spouse,, Not-in-family,,,3900.32373046875,200.88308715820312,,,
,,202042.859375, HS-grad,9.174983024597168,,,,, Male,,64.6407699584961,46.528541564941406,,
,,,,,,,,,,,-70.84002685546875,,, <=50K
, Private,199961.296875,,9.578038215637207,,, Husband,, Male,,,,,
31.17219352722168,,178392.609375, Bachelors,,,,,,,,,,, <=50K
,,, Bachelors,,,,,,,,,,,
,,185231.046875,,,,, Husband,,,,,, United-States,
, Private,,,,,, Husband,,,,87.18508911132812,, United-States,
34.8712272644043,,, Some-college,8.25606632232666,,,, White,,-3762.7294921875,,,, <=50K
48.06343078613281,,,,,, ?,,,,602.158203125,,, United-States,
,,, HS-grad,, Married-civ-spouse,,,,,150.90216064453125,,,,
,,,,, Never-married,,,,,,,, United-States, <=50K
, Private,192801.328125,,,, Adm-clerical,,,,,,39.583011627197266,,
25.70838165283203,,, HS-grad,,,,,, Female,,-80.14112854003906,,, <=50K
,,,,,,,,,,,6.17926025390625,34.89274978637695, United-States,
,,,,, Never-married, Prof-specialty, Not-in-family, White,,,-1.71124267578125,,, <=50K
, Private,, Some-college,, Never-married,,,,,,,,,
,,, HS-grad,,,, Husband,, Male,,,48.97639846801758,,
,,, Some-college,12.65500545501709,,,,,,,,,,
,,,,,,,,,,,,,,
, Private,, HS-grad,,,, Own-child,,,,,,,
,,,,,,,,,,,,,,
,,,,, Married-civ-spouse,,,,,,,,,
42.13347625732422,,,,,, Machine-op-inspct,,,,,,,,
,,,,10.84296989440918,,, Not-in-family,,,,,,,
,,,,,,,,,,542.22412109375,,,,
, Private,,,,,,,,,3440.71533203125,,,,
, Private,,,, Never-married,,,,,,,,,
,,,,,,, Husband,,,,,49.970787048339844, United-States,
, Private,193606.96875, HS-grad,,,, Not-in-family, White,,,51.91557312011719,,,
,,,,,,,,,,,,,,
,,,,,,,,,,,,,,
,,,,,,,,,,,,,,
,,,,,,,,,,,,40.73440933227539, United-States,
,,, Bachelors,,,,,,,-3089.919921875,,,, <=50K
,,182731.359375,,, Never-married, Prof-specialty,,,,,,, United-States,
,,,,,,,, White,,,215.9093475341797,,,
, Private,,,,,,,,,,,,,
, Private,,,,,,,,,-3474.3564453125,-76.96139526367188,29.64950180053711,, <=50K
40.192047119140625,,,,,,,,,,,75.98332977294922,42.07854080200195,,
,,,,,,,,,,,,,,
,,,,,,,,,,-3343.01171875,,,, <=50K
,,,,12.316560745239258,,,, White,,,,47.00542449951172,,
,,162194.03125, Bachelors,,,,,,,,,,, >50K
,,, Bachelors,,,,,,,,198.06149291992188,, United-States,
,,172041.5625, HS-grad,,, Craft-repair,,,,,-61.36712646484375,38.20674514770508,, <=50K
,,,,,,,, White,,,,, United-States,
,,,,6.140854358673096,,,,, Female,,,38.33327102661133,, <=50K
,,,,,,,, White,,,77.2211685180664,,,
46.87028121948242,,,,,,,,,,,,35.44557189941406, United-States,
, Private,166742.34375,,, Widowed,,, White,,,,38.416046142578125,,
41.23252868652344,,,,,,, Not-in-family,,,,85.66520690917969,,,
, Private,,,,,,, White,,,,,,
,,, HS-grad,,,,,,,,,,,
,,,,,,,,, Male,,,48.412803649902344,,
,,,,,,,,,,,,,,
24.757863998413086,,, HS-grad,, Married-civ-spouse,,,,,,,,,
, Private,183873.015625, HS-grad,,,,,,,,,,,
,,,,9.587868690490723,,,,, Female,,,,,
, Private,,,,, Craft-repair,, White,,,,,,
,,,,11.604538917541504,,,,,,,203.72943115234375,,,
,,, Bachelors,, Divorced, Prof-specialty,, White,,,,40.762481689453125,,
,,, Some-college,,,,,,,,,,,
27.879474639892578,,, HS-grad,7.872600555419922,,,,,,-3184.037109375,,,, <=50K
29.906471252441406, Private,, HS-grad,8.152994155883789,,,,,,,,,, >50K
,,,,,,,,,,,,,,
,,,,, Never-married,,, White,,,,,,
42.20138931274414,,,,8.0511474609375,,,,,,,,37.58489227294922,,
,,195275.40625,,, Married-civ-spouse, Craft-repair,,, Female,,64.34304809570312,,,
47.854827880859375,,195825.265625,,,,, Husband,,,,,,,
38.3447265625,,185970.0,,,,, Not-in-family,,,228.334228515625,,37.54267501831055,,
,,,,,,,,, Male,,105.08555603027344,46.95191955566406,,
,,, Some-college,8.355940818786621,,, Own-child,,,,,,, <=50K
,,,,, Never-married,,,,,,,,,
,,,,,,,,,,,,38.98659133911133,,
,,166120.921875, Bachelors,,,, Unmarried,,,,,,, <=50K
32.27000045776367,,,,, Never-married,, Not-in-family,,,,,,,
,,,,,, Craft-repair,,,,,,,,
, Private,,,,,, Not-in-family,,,,,,,
,,,,,,, Own-child,,,,,,,
31.75067901611328,,185285.796875,,10.802689552307129, Never-married,,,,,,,,,
37.89975357055664,,, HS-grad,,,,,,,,,41.90277862548828,,
, Private,,,, Divorced,,,,,,54.26234436035156,,,
,,,,,,, Husband,,,333.34442138671875,,,,
,,185006.171875,,,,,,,,,,41.436241149902344,,
45.58544158935547,,,,,,,,,,,,,,
,,,,10.043266296386719,,,, White,,416.20367431640625,,, United-States,
,,,,,,,,,,,58.69154357910156,, United-States,
,,203387.75, Some-college,,,,,,,-725.05126953125,,,,
52.317832946777344,,,,,,,,, Male,,,, United-States,
,,,,,,,,,,,,35.78207778930664,,
, Private,,,8.813102722167969,,, Husband,,,,83.25920867919922,, United-States,
,,,,, Married-civ-spouse, Prof-specialty,, White,,,,,,
35.88371658325195,,208319.5625,,,,,, White, Female,,,46.903892517089844,,
, Private,, HS-grad,,,,,, Male,,,,,
,,202048.0625,,,,,,, Male,,,, United-States,
37.18124771118164, Private,, HS-grad,,,,,,,,,41.67594909667969, United-States,
,,,,,,,,,,,,, United-States,
,,,,10.855547904968262,, Craft-repair,,,,,,, United-States,
32.510093688964844,,,,, Divorced, Other-service,,,,,,,,
,,,,,,,,,,-3147.75634765625,,,, <=50K
39.64091491699219,,,,,,,,,,,,,,
,,,,,,,,,,,,,,
,,,,10.10156536102295,,,,,,,,,,
42.499454498291016,,,,,,,,,,,,,,
,,,,10.772510528564453, Married-civ-spouse, Exec-managerial,,,,693.0870361328125,,44.1795539855957, United-States,
, Private,187964.15625, Some-college,, Never-married,,,,,,,,,
32.40473175048828,,,,,,,, White,,,,,, <=50K
,,,,,,,,,,,,, United-States,
,,,,,,, Husband,,,,,, United-States,
45.71682357788086,,,,,,,, White,,,,,,
37.889766693115234,,,,9.342168807983398,,,,, Male,,,47.413448333740234,,
32.36241912841797,,,,,, Prof-specialty,,,,706.3975830078125,,, United-States,
, Private,,,8.276860237121582,,,,,,,,,, >50K
,,,,,,, Husband,,,,,45.80158996582031,,
,,,,10.557961463928223,, Adm-clerical,,,,,,, United-States,
,,175318.78125, HS-grad,, Divorced, Exec-managerial,, White,,289.5938720703125,64.79589080810547,,,
,,205275.578125,,, Married-civ-spouse,,,, Male,,,,,
,,,,,, Prof-specialty, Husband,,,,,,,
,,,,10.015362739562988,,, Husband, Asian-Pac-Islander,,,,,,
,,173751.28125, HS-grad,7.841432571411133,,, Husband,, Female,,,,, >50K
,,,,,,,,,,,,, United-States,
,,188409.125,,,,,, White, Male,1205.4822998046875,,,,
, Private,,,, Never-married,,,,,,,,,
,,,,,,, Husband,, Female,,-3.8890762329101562,47.227577209472656,, >50K
35.920814514160156,,189424.21875,,9.68101692199707,,,,,,,,36.25835037231445,,
,,193664.59375, Some-college,10.45915412902832, Never-married,,,,,,,36.28673553466797, United-States,
,,,,,,,,,,,,, United-States,
,,,,,, Adm-clerical,,,,59.1390380859375,57.98503112792969,39.777915954589844,,
,,,,,,,,,,,,,,
,,, HS-grad,,, Other-service, Not-in-family,,,,,,, <=50K
, Private,,,, Married-civ-spouse,,,,,1714.943603515625,,,,
45.65899658203125,,,,,,,,, Male,,,52.62653350830078,,
,,,,10.100784301757812,,, Not-in-family,,,,,, United-States,
28.484739303588867,,,,,,,, White, Female,,,,, >50K
,,, Bachelors,, Married-civ-spouse,, Husband, White, Male,,,55.64520263671875,,
,,,,,,,,, Male,,,,,
,,199914.859375,,9.788185119628906,,,,,,,27.141380310058594,,,
,,,,10.299786567687988, Married-civ-spouse,, Husband,, Male,,,,,
, Private,, HS-grad,,, Craft-repair,,,,,48.51413345336914,,,
,,184169.078125, HS-grad,,,,,, Male,,89.16870880126953,,,
,,,,,,,,,,,,,,
,,,,,,,,,,,,, United-States,
,,,,,,,,,,,,46.3568115234375,,
,,,,,,,,,,,,, United-States,
,,,,,,,,,,294.5728759765625,,,,
,,,,, Never-married, Sales, Not-in-family,,,,,,,
,,, Some-college,,,,,,,,,,,
,,,,, Divorced,, Not-in-family, White,,,53.685970306396484,, United-States,
,,170676.453125,,,, Adm-clerical,,,,,,, United-States,
,,,,,,,, White,,,59.235008239746094,, United-States,
,,, 10th,,,,,,,,,, United-States,
,,190970.84375,,,,,, White,,,,,,
,,,,,,, Own-child,,,,53.25080108642578,,,
, Private,,,,,,,,,,,,,
,,,,,,, Not-in-family,,,4672.6572265625,,, United-States,
,,195728.390625, Some-college,, Never-married, Adm-clerical,,,,,,,,
, Private,,,, Married-civ-spouse,,,,,261.48382568359375,,39.79715347290039, United-States,
25.936717987060547, Private,187835.015625,,,,,,, Female,,-38.646156311035156,42.39439392089844, United-States, >50K
,,191449.984375,,,,,,,,,,37.34010314941406,,
38.04158401489258,,191865.21875,,,,,,,,249.92657470703125,71.0759506225586,, United-States,
,,175413.046875,,,,,,,,,,,, <=50K
,,,,,,, Husband, White, Female,,,,,
, Private,,,12.12725830078125, Married-civ-spouse, Exec-managerial,,,,,194.598876953125,, United-States,
,,,,7.943073272705078,,,,,,,,, United-States, <=50K
,,209205.78125,,,,,,,,-3117.5830078125,,,, <=50K
,,,,,, Prof-specialty, Husband, White, Male,5221.02392578125,282.90618896484375,, United-States,
,,,,,,, Own-child, White,,,,,,
,,,,,, Prof-specialty,,,,,,,, <=50K
45.536712646484375,,,,,,,,,,3512.4365234375,,,,
,,,,10.424955368041992,,, Husband, White, Male,,,49.937034606933594,,
,,,,,,,,,,,,47.35820388793945,,
,,,,9.820334434509277,,, Wife,,,,,,,
,,,,,,,, White,,,,,,
,,, HS-grad,,,, Husband,, Male,,,,,
,,195589.28125, 10th,, Never-married, Other-service, Own-child,,,,,,, <=50K
27.944231033325195,,,,, Married-civ-spouse,,,,,,,, United-States,
,,,,,,,,,,,,37.32053756713867,, <=50K
39.69612121582031,,,,, Married-civ-spouse,,,,,,52.278541564941406,,,
38.214515686035156,,,,,,,,, Female,393.09881591796875,81.89004516601562,,,
, Private,, Bachelors,,,,,, Male,,,,,
34.1484260559082,,,,, Married-civ-spouse, Craft-repair,,, Female,,,, United-States,
, Private,,,,, Craft-repair,, White,,61.73565673828125,,, United-States,
39.097312927246094,,,,, Married-civ-spouse,, Not-in-family, White,,,,, United-States,
, Private,,,,,, Own-child, White,,,,,,
, Private,,,,,, Not-in-family,,,,,36.95356369018555,,
,,, Some-college,,,,,,,,,,,
, Private,,,,,,,,,,,,,
,,191778.328125,,,, Craft-repair,,,,,,,,
,,200809.65625, HS-grad,, Married-civ-spouse,,,,,,,44.332542419433594,,
,,195771.59375,,, Married-civ-spouse,, Not-in-family,,,,,,,
,,,,, Married-civ-spouse,,,,,,,, United-States,
,,,,,,, Not-in-family,,,,,,,
,,, HS-grad,, Divorced,, Not-in-family,,,,,,,
,,,,,,,,,,-190.895751953125,,,,
,,190014.9375,,,,,,,,,,46.82210159301758,,
,,189951.390625, Some-college,9.184890747070312,,,,,,,,39.7426872253418,,
,,189992.75,,10.32077693939209,,,, White,,,,,,
33.858917236328125,,189202.640625,,,,,,,,,45.1860466003418,,,
,,176853.203125,,7.486279010772705,,,,, Female,,,,, >50K
,,,,, Never-married,,,,,,59.479244232177734,, United-States,
, Private,,,,,,, Black,,,8.173904418945312,, United-States,
,,,,,,,, White,,,,,,
,,,,,,,,,,,,,,
,,,,, Divorced,, Not-in-family,,,1259.989501953125,90.25931549072266,,,
,,,,, Divorced,, Not-in-family,,,,,, United-States,
,,,,,,,,,,,,, United-States,
39.28276443481445, Private,,,,,,,,,,,,,
, Private,, HS-grad,,,,,,,,,,,
45.59877395629883,,185721.0625,,,,,, White,,,,,,
, Private,,,10.296557426452637,,,,,,,,44.0388298034668,,
, Private,, Bachelors,,,, Not-in-family,,,,,40.47782516479492,, <=50K
, Private,,,,,,,, Male,-2816.1171875,,,, >50K
,,, HS-grad,9.197127342224121,,, Husband,,,-47.84033203125,,, United-States,
,,,,9.525795936584473, Married-civ-spouse,,,,,,66.51837921142578,,,
, Private,, Some-college,,,,, White, Female,,,,, >50K
, Private,,,, Married-civ-spouse,,, White,,,,42.62007522583008,,
, Private,,,,,,,,,,,,,
37.897300720214844,,,,,,,,,,-258.63525390625,49.26637268066406,,,
,,,,, Married-civ-spouse,,,,,,,,,
,,, Some-college,,,, Not-in-family,,,,,,,
,,,,9.843494415283203,,,, White,,,,,,
,,,,9.100937843322754,,,,,,,35.54897689819336,33.395809173583984,,
39.046478271484375,,,,,,, Not-in-family,,,,,,, <=50K
,,,,10.718520164489746, Never-married, Adm-clerical,, White,,,,,,
,,201427.890625,,, Married-civ-spouse,,,, Male,,,,,
, Private,,,,,,,,,422.66937255859375,,,,
, Private,,,, Divorced, Prof-specialty,,,,,58.592010498046875,,,
, Private,,,10.356233596801758,, Craft-repair, Not-in-family,,,147.79852294921875,63.521400451660156,, United-States,
,,,,,,,,, Male,,,,,
,,,,,,, Husband,, Male,,,,,
,,,,, Divorced,, Not-in-family,,,,,35.52401351928711, United-States, <=50K
, Private,, HS-grad,,,,,,,,,,,
,,,,,,,,,,,,,,
,,176503.296875,,,,,,,,,,,,
,,, HS-grad,,,,,,,,,, United-States,
,,,,,,,,,,,,,,
,,193801.890625, Some-college,11.011191368103027, Never-married, Adm-clerical,, White,,,30.17470932006836,,,
, Private,,,,,,,,,,,, United-States,
36.105560302734375,,,,,,,,,,,,,,
,,,,7.914527416229248,,,,,,,,39.50774002075195,, >50K
,,,,9.977039337158203,,,,, Male,,,,,
,,221529.640625,,,,,,,,,,,,
43.72404861450195, Private,, HS-grad,,,,,,,,,46.836936950683594, United-States,
47.65147399902344,,,,12.749967575073242,, Craft-repair, Husband,,,,,,,
,,,,,,,,,,,,,,
,,166534.125, Bachelors,,, Prof-specialty,, White,,-1986.3314208984375,,,, >50K
37.9589958190918,,, HS-grad,,, Craft-repair, Husband,, Female,,-37.72474670410156,46.482505798339844,, <=50K
35.8331298828125,,,,,,, Not-in-family,,,,,,, <=50K
,,,,, Never-married,,, White,,,,,,
,,,,10.36557674407959, Divorced,,,,,,73.98233795166016,37.37168502807617,,
,,,,, Married-civ-spouse,,,,,,175.9923095703125,, United-States,
,,,,,,,,,,,,,,
,,,,,,,,,,,,,,
,,,,,,,,,,,,, United-States,
,,, HS-grad,,,,,,,-208.2960205078125,,40.317596435546875,,
,,,,,, Adm-clerical,,,,320.3975830078125,,,,
,,, HS-grad,8.304940223693848,,,,, Male,,43.04518508911133,,,
32.10546112060547,,,,, Married-civ-spouse,, Own-child,,,,25.850982666015625,,,
, Private,168646.28125, Bachelors,,, Prof-specialty,,,,,,,,
,,,,11.772292137145996,,,, White,,,,, United-States,
,,,,,, Farming-fishing,, White,,,,, United-States,
32.98601531982422,,184435.734375,,,,,,,,,,,,
43.420780181884766,,,,,,,,,,,,, United-States,
,,,,,, Adm-clerical,,,,-161.334716796875,,,,
,,,,, Married-civ-spouse,,,,,,,,,
,,,,,,,,,,,,,,
,,,,,,,,, Male,243.450927734375,77.06629943847656,,,
,,,,,,,,,,,,,,
,,178571.328125,,11.03656005859375,, Exec-managerial, Not-in-family,,,,90.68772888183594,,,
,,,,,, Prof-specialty,,,,,,,,
37.691551208496094,,, HS-grad,,,,,,,,,,,
,,,,10.401321411132812,,, Not-in-family,,,,80.16078186035156,44.25829315185547,,
32.856353759765625, Private,,,,, Prof-specialty,,,,,,,, <=50K
,,,,,,, Husband,,,,,,,
,,,,, Never-married,, Own-child,,,,,40.65089416503906,,
,,,,6.522377014160156,,,,,,,-66.64521789550781,,, <=50K
,,,,,,,, White,,,,, United-States, <=50K
,,,,8.554413795471191,,,, White,,,,37.833560943603516,, >50K
, Private,188407.375,,,,,,,,,,,, >50K
,,,,,, Prof-specialty,,,,515.2384033203125,,,,
,,,,,,,,,,,,, United-States,
32.38718032836914,,,,,,, Not-in-family,,,,,, United-States,
, Private,,,9.182788848876953,,,,,,240.26739501953125,,,,
,,,,,,, Not-in-family,,,,,,,
, Private,184279.203125,,8.82958984375, Divorced, Other-service,,,,,,,, <=50K
,,,,11.267038345336914,,,,, Male,4144.4931640625,,, United-States,
,,,,10.023340225219727,, Craft-repair,,,,,,,,
,,165776.6875,,,, Craft-repair,, White,,732.0262451171875,93.82295989990234,, United-States,
,,202735.84375,,10.100417137145996,,,,,,,,42.43210220336914,,
,,, Some-college,,,,,,,,25.347644805908203,,,
,,165464.84375,,,,,, White,,,73.65242004394531,38.01030731201172, United-States,
,,,,, Married-civ-spouse,,, White, Male,,,49.40873718261719, United-States,
, Private,, HS-grad,,,, Husband,,,,,46.27904510498047,,
,,,,,,,,,,,,,,
,,, HS-grad,,,,, White,,-62.6202392578125,,,,
, Private,185556.859375,,9.999245643615723,,,,,,,,,,
, Private,187688.71875,,8.717674255371094,,,,,,,,,,
,,,,,,,,, Male,,,, United-States,
,,188384.015625,,,,,,,,,,,,
, Private,,,,,, Husband,, Female,,,,, >50K
,,,,,,,, Asian-Pac-Islander,,,,47.328731536865234,,
,,194310.25,,9.104546546936035,,, Own-child,,,,,,, <=50K
,,,,,,,,,,,,,,
,,,,,,,,,,,,,,
31.646808624267578,,171085.546875,,,,, Unmarried,,,,-50.80897521972656,,, <=50K
, Private,,,,,,, White,,-43.613525390625,,,,
, Private,,,,, Craft-repair,, White, Female,866.7512817382812,,,,
,,177128.75,,,,,,,,,,,,
, Private,197786.65625, Some-college,9.97152328491211,,,, White,,,,,,
, Private,, HS-grad,,,, Husband, White,,,40.31692123413086,,,
,,, Some-college,9.839951515197754,,,,, Female,,59.131507873535156,47.392147064208984, United-States,
,,,,,, Farming-fishing,,,,,100.3825454711914,,,
, Private,,,,,,,,,,,, United-States,
,,,,,,, Husband,,,-832.76416015625,,,,
,,, Some-college,10.823702812194824,, Craft-repair,,,,,,,,
,,,,10.306278228759766,,, Husband,,,,,,,
,,, Bachelors,,,,,, Female,-2976.724609375,,43.368412017822266,, >50K
,,, Bachelors,,,,,,,,,, United-States,
,,179212.09375,,6.462861061096191,,,,, Male,,-57.73799133300781,,, >50K
,,,,, Married-civ-spouse,,,,,,,,,
,,,,9.896614074707031,,,,, Female,,,,,
,,204891.15625,,, Never-married,, Own-child, White,,,15.797843933105469,, United-States,
,,, HS-grad,,, Other-service,,,,-3250.65966796875,,38.99925231933594,, <=50K
41.028282165527344,,,,,, Craft-repair,, White, Male,510.9146728515625,,,,
,,,,,,,,, Male,,,51.554473876953125,,
,,206094.125,,,, Craft-repair,,, Female,,,,,
,,,,7.931550979614258,,,,, Female,,,,,
,,,,,,,,,,,,,, <=50K
,,, Some-college,8.44279670715332,,,, White,,,,,,
,,, Some-college,8.811856269836426,,,, White,,-3580.4072265625,,,, <=50K
,,,,8.340481758117676,,,,,,,,, United-States,
,,,,, Married-civ-spouse, Craft-repair,,,,,,43.33906555175781,,
, Private,171722.5625,,,,, Husband,,,,,,,
,,, Bachelors,, Married-civ-spouse, Prof-specialty,,,,,,,,
,,, Some-college,10.05184268951416,, Craft-repair,,,,,,,,
,,178465.15625, HS-grad,,,,,, Male,,215.74615478515625,,,
,,,,,, Craft-repair,,, Female,,,,,
,,,,7.828545093536377,,, Not-in-family,,,-2979.5478515625,,, United-States, <=50K
,,,,,,, Husband,,,-446.34423828125,,,,
, Private,,,,, Adm-clerical,, White,,,,36.840728759765625, United-States,
, Private,,,,,,,, Female,,,,, >50K
, Private,,,,,, Not-in-family,,,,,44.479881286621094,,
, Private,,,6.925727844238281,,,,,,,,, United-States, <=50K
,,197159.25,,,,,,,,3173.60546875,,,,
,,,,,, Craft-repair,,,,,78.9102783203125,,,
,,,,,,,,,,,,,, <=50K
, Private,,,, Never-married,,,,,,29.610782623291016,, United-States,
,,, HS-grad,,, Craft-repair, Husband,, Male,,,,,
, Private,,,,,,, White,,,,,, >50K
,,181119.4375,,,,,,,,,-96.62522888183594,,, <=50K
,,, Some-college,12.560834884643555,,, Husband, White,,,,, United-States,
, Private,168348.46875,,, Divorced,,,,,,,35.095821380615234, United-States, <=50K
,,,,,,,, White,,,,,,
,,,,, Married-civ-spouse,,, White,,,,,,
,,198910.765625,,, Never-married,,,,,,,,,
,,, HS-grad,,,,,,,,67.72095489501953,, United-States,
,,,,,, Craft-repair,,, Female,,,,, <=50K
,,,,,,,,,,,,, United-States,
43.77078628540039,,,,,,,,,,,,,,
, Private,,,,,,,,,,,38.07209396362305,,
, Private,,,, Married-civ-spouse, Craft-repair,, White, Male,,,,,
,,,,, Married-civ-spouse,,,,,,,43.51740646362305,,
,,,,12.29299545288086, Never-married,,, White,,,,,,
,,, HS-grad,,,,,,,,,,,
38.72589874267578,,179145.1875,,,,,,,,,,39.53232955932617,,
,,,,,,,,, Female,,,,, >50K
,,,,,,,, White,,-2696.56005859375,-24.93274688720703,,, <=50K
41.88225555419922,,,,11.728594779968262,, Adm-clerical,,,,,,, United-States,
, Private,,,,,,, White,,,25.003677368164062,,,
,,192778.65625,,,, Adm-clerical,,,,,,,,
25.668684005737305, Private,,,7.63923454284668, Never-married,,,,,,,,, <=50K
,,,,,,, Not-in-family,,,,128.03819274902344,,,
,,,,, Divorced,,,,,,,, United-States,
42.49895477294922,,,,,,,,,,,,,,
,,176703.109375,,,,,,, Male,,-24.121856689453125,, United-States, >50K
,,,,9.669785499572754,,,,,,,,,,
37.04743194580078,,,,,,,,,,,42.32171630859375,, United-States,
, Private,,,11.342015266418457, Married-civ-spouse,,,,,4394.45166015625,,45.93898010253906,,
, Private,184640.828125,,, Married-civ-spouse,,,,,301.323486328125,,,,
,,,,,,,,,,,-62.85722351074219,,, <=50K
32.55634689331055,,, Some-college,,,,, White,,,,,,
,,,,10.003032684326172,,,,,,,73.23505401611328,,,
26.304973602294922,,, HS-grad,,,,,,,,,36.860679626464844,,
,,,,10.464322090148926,, Craft-repair,,,,,,,,
31.449413299560547,,,,,,,,, Male,-3455.8349609375,,,, <=50K
35.2323112487793,,,,,,, Not-in-family,,,,82.57626342773438,42.30001449584961,,
,,,,,,,,,,922.1058349609375,,,,
36.82500457763672, Private,208335.171875,,,,,,,,385.92120361328125,,,,
,,,,10.45196533203125,,,,, Male,,188.03074645996094,,,
,,, Some-college,9.86845588684082, Never-married,,, White,,,,40.46473693847656,,
28.94998550415039,,,,, Married-civ-spouse,,,,,259.48944091796875,,,,
28.57355499267578,,,,, Married-civ-spouse,,, White,,,,,,
,,, Bachelors,,,,,, Male,,74.89214324951172,, United-States,
,,197484.8125,,,,,,,,,,,,
,,,,,, Exec-managerial,,,,,206.6584930419922,,,
,,,,,,,,,,,-63.20652770996094,, United-States, <=50K
40.162330627441406,,189676.09375,,,,,,,,,,, United-States,
,,,,,,,,,,,,,,
35.893802642822266,,, HS-grad,7.849099159240723,,, Husband,, Male,,,, United-States, >50K
, Private,,,10.948493957519531, Never-married, Sales,,,,,,, United-States,
41.048194885253906,,, Some-college,,, Craft-repair,,,,,,,,
, Private,,,,,,, White,,,,, United-States,
,,, HS-grad,8.816046714782715,,,,, Male,-260.16064453125,46.505672454833984,45.43718719482422, United-States,
, Private,200386.203125,,, Married-civ-spouse,,,, Male,,,,,
36.98125076293945,,, HS-grad,9.266319274902344,,,, White, Male,,,,,
,,,,,,, Husband,,,,,49.55709457397461,,
,,,,11.97869873046875,, Craft-repair,,,,,,47.48785400390625,,
,,, 11th,,, Handlers-cleaners,,,,,-105.18545532226562,,, <=50K
,,,,12.791949272155762,, Exec-managerial,,,,,200.74990844726562,,,
36.470123291015625,,, Bachelors,,,, Not-in-family,,,,,,,
,,,,,,,,, Female,-2386.0888671875,-16.240753173828125,,, >50K
38.824066162109375,,,,, Married-civ-spouse,, Husband,, Male,790.4368896484375,,,,
,,,,,,,,,,,,,,
,,, HS-grad,,,,,, Female,,-42.507110595703125,42.51993179321289, United-States, >50K
,,,,,,,,,,,,, United-States,
, Private,,,,,, Not-in-family,,,,,39.03638458251953, United-States,
,,,,,, Craft-repair,, White, Male,-530.7078857421875,,,,
,,191772.734375,,, Married-civ-spouse,,,,,,197.1136474609375,48.31349182128906,,
,,, Bachelors,,,,,,,4515.29052734375,,,,
26.767288208007812,,,,, Divorced,,,,,,,36.155052185058594,,
, Private,, HS-grad,,,, Not-in-family,,,,,,,
,,, Some-college,11.032779693603516, Married-civ-spouse, Craft-repair,,, Female,,69.06094360351562,,,
26.725196838378906,,179451.03125,,,,,,,,-3345.0419921875,,,, <=50K
, Private,,,8.304464340209961, Married-civ-spouse,,,, Male,,,43.033321380615234, United-States,
,,,,,,,,,,,-61.52392578125,, United-States, <=50K
, Private,196603.15625,,,,,,,,4660.2373046875,,46.27854537963867,,
,,,,, Widowed,,, Black,,-3233.720703125,,,, <=50K
27.518476486206055,,,,9.317255973815918,,,,, Female,,,,,
,,180904.6875,,9.953486442565918,,,, White,,,,42.6919059753418,,
36.6104850769043,,189948.328125, HS-grad,9.450925827026367,,, Not-in-family,,,-166.5504150390625,,,,
,,, Bachelors,, Married-civ-spouse,,, White, Male,,,,,
,,,,,,,,,,,-69.96720886230469,, United-States, <=50K
29.11870765686035,,,,,,,, White,,,,,,
,,,,, Never-married,, Own-child,, Female,-383.867919921875,,,,
,,,,, Never-married,,,,,,,, United-States,
, Private,,,,,,,,,,,46.337467193603516,,
,,, Bachelors,,,,, White,,154.09918212890625,79.12496948242188,, United-States,
,,,,,,,, White,,,,41.3817024230957,,
,,,,,,,,,,167.832275390625,,,,
,,,,7.434309959411621,,,,,,,,,, <=50K
,,181298.1875,,,,,,,,,,40.68455123901367,,
40.069583892822266,,,,,, Craft-repair,,, Male,,,, United-States,
31.66324806213379,,,,,,,, White,,,,,,
,,175652.796875,,, Married-civ-spouse,,,,,,,,,
,,, HS-grad,7.748539447784424,,,,,,-3259.97705078125,,,, <=50K
,,, Some-college,10.171908378601074,,,,,,,,,,
,,, HS-grad,,,,,,,-3866.59521484375,,,, <=50K
,,,,,, Craft-repair,,, Male,,,, United-States,
,,,,,,,, White,,-2917.29296875,,,, <=50K
38.73265838623047,,187243.984375,,,,, Not-in-family,,,,,,,
,,,,,,, Husband, White, Male,,,51.19737243652344, United-States,
,,,,,, Craft-repair,,,,,,, United-States,
,,,,,,,, White,,,,,,
,,,,,,,,, Female,,,39.124942779541016,, <=50K
,,,,,,,,, Female,,,,, <=50K
,,203891.5625,,, Never-married,,,, Female,,,,, <=50K
,,,,,,,,,,,,, United-States, <=50K
,,,,,,,,,,3898.951171875,,, United-States,
,,,,,,,,,,,,,,
,,192367.125, Bachelors,, Married-civ-spouse,, Husband,, Male,,,54.56816864013672,,
, Private,,,9.048102378845215,,,,, Male,,77.27642059326172,,,
,,,,, Divorced,,,,,,,,,
31.787691116333008,,194705.453125,,9.028091430664062, Married-civ-spouse,,,, Female,,,,, <=50K
34.98402786254883,,,,,,,, White,,-124.31689453125,,,,
,,,,,,,, White, Male,5344.27880859375,265.8046875,, United-States,
,,,,,,,,,,,94.4054183959961,,,
, Private,, Bachelors,,,,, White,,,,43.906986236572266, United-States,
,,168468.671875, Bachelors,,,,,,,,,44.10383224487305,,
,,,,,, Adm-clerical,,,,,,,,
, Private,,,10.291387557983398,, Craft-repair,, White,,219.592529296875,,,,
32.07177734375,,, HS-grad,9.145381927490234,,,,, Male,,,, United-States,
,,,,10.979228973388672,, Adm-clerical,,,,,,,,
,,,,,,,,,,-3502.03759765625,,, United-States, <=50K
,,,,,,,, White,,,,,,
39.89237594604492,,,,,,,, White,,-201.8687744140625,,,,
,,,,,,,,,,,,,,
,,,,,, Craft-repair,,, Male,,,,,
, Private,,,,,, Unmarried,,,-3752.111328125,,,, <=50K
,,,,,,, Husband,, Male,,,,,
,,,,,,,,,,,33.41558837890625,,,
,,,,11.339652061462402,,,, White, Male,3877.9248046875,,, United-States,
,,, HS-grad,,, Craft-repair, Not-in-family,,,,,45.55061340332031,,
,,204101.484375,,,,,,, Male,,71.12723541259766,47.97444152832031, United-States,
,,,,,,,,,,,68.18678283691406,,,
,,, HS-grad,,,,,,,,,,,
,,186874.640625,,10.483926773071289,,,,,,324.22662353515625,74.3151626586914,,,
,,,,,,, Unmarried,,,,,,,
,,198438.34375,,10.466927528381348,,,, White,,,44.75925827026367,,,
,,, Bachelors,,,, Husband, White, Male,,,,,
, Private,,,10.609833717346191,, Craft-repair,,,,,,,,
37.9482536315918,,,,,, Adm-clerical, Not-in-family,,,,59.062652587890625,, United-States,
,,201115.1875,,,,,,,,,,,,
,,,,,, Prof-specialty,,,,,,, United-States,
,,,,,,,,,,,64.58316040039062,,,
,,,,,,,,, Female,,,,,
,,, HS-grad,,, Craft-repair, Own-child, White,,,63.79069519042969,, United-States,
32.44106674194336,,, HS-grad,, Married-civ-spouse,, Not-in-family, White,,,,,,
,,,,,,,, White, Female,-281.559814453125,,,,
,,, HS-grad,, Married-civ-spouse,,,,,,,,,
,,,,, Never-married,,,,,,,,,
40.6110954284668,,,,10.274039268493652,, Craft-repair,, White,,,,, United-States,
, Private,,,,, Other-service,,,,,,,, <=50K
30.743309020996094,,,,, Never-married,, Not-in-family,,,,,, United-States,
43.4578742980957,,194633.296875,,,,, Husband,, Male,835.43212890625,,,,
,,, Bachelors,,,,,, Female,-3140.3662109375,,,, <=50K
,,189493.703125,,,,,,,,,,,,
,,,,,,, Not-in-family,,,,,,,
,,,,,,,,,,,,,, <=50K
41.8086051940918, Private,,,,,,,,,4041.408203125,,46.81973648071289,,
,,,,,,,,, Male,,,46.372032165527344,,
,,,,10.109419822692871, Married-civ-spouse,, Not-in-family,,,,,43.179439544677734,,
,,,,11.407188415527344,,,, White,,,216.54788208007812,,,
,,,,9.3250093460083,,, Husband, White,,,,41.55329895019531,,
50.48878479003906,,218010.96875,,,,,, White,,,56.24120330810547,,,
31.237869262695312,,,,,,,,,,,,, United-States,
,,, HS-grad,,,,,,,,,,,
,,,,,,,,, Female,-3155.380859375,,42.185821533203125,, <=50K
,,179746.84375,,12.637980461120605,, Exec-managerial,,, Male,,,,,
,,,,, Married-civ-spouse, Exec-managerial, Not-in-family,,,1049.079833984375,,,,
, Private,,,7.21248722076416,,,, White, Male,-2564.3203125,,,, >50K
,,,,, Married-civ-spouse,, Not-in-family,, Female,,,,, <=50K
,,,,,,,, White, Male,,,,,
, Private,,,,,,,,,,54.29074478149414,,,
, Private,, Some-college,, Never-married,,,,,,44.702171325683594,,,
,,, 7th-8th,,,,,,,-680.8389892578125,,,,
,,192203.3125,,, Married-civ-spouse,, Not-in-family,,,,,,,
,,,,11.390178680419922,,,,,,,,, United-States,
43.0757942199707,,,,,,,,,,,,,,
23.18954086303711, Private,,,,,,,,,,,, United-States, <=50K
,,, Some-college,10.566082000732422, Married-civ-spouse, Craft-repair,,, Female,,,,,
, Private,,,,,, Not-in-family,,,,88.00833892822266,,,
19.010820388793945,,192724.28125,,, Married-civ-spouse,,,, Female,,,38.9146728515625,, <=50K
, Private,,,, Married-civ-spouse,,,, Female,,,, United-States,
,,,,10.069920539855957,,,, White,,,,,,
34.939395904541016,,201103.140625,,,,,,, Female,1455.6055908203125,,48.036964416503906,,
,,191881.953125, HS-grad,7.232640266418457,,, Husband,, Male,-3474.17919921875,,42.712158203125,, >50K
38.98050308227539,,,,,,, Husband, White, Male,,,,,
,,,,9.867927551269531,,, Not-in-family,,,,,, United-States,
,,,,8.85104751586914, Married-civ-spouse,,,,,-160.83251953125,,,,
,,,,,,,,, Female,38.158447265625,,,,
,,,,10.819141387939453,, Craft-repair,,,,75.10772705078125,,,,
35.57551574707031,,,,,,,,,,,,,,
,,, HS-grad,,,, Husband,,,3478.9580078125,,,,
,,183766.140625,,, Never-married,,,,,,,, United-States, >50K
, Private,,,10.162442207336426,, Other-service,,,,,,,,
29.084312438964844,,,,9.256171226501465, Married-civ-spouse,,,, Female,,,, United-States,
,,,,,,, Own-child, White,,,,, United-States,
,,,,10.739803314208984,,, Own-child,,,-233.88720703125,46.687171936035156,,,
34.39170837402344,,, Bachelors,,,,,,,-3381.9716796875,,,, <=50K
,,189689.390625,,,,,,,,,,47.559165954589844,,
,,194139.6875,,,,,,,,,,,,
,,, Some-college,,, Craft-repair,,,,,34.27202606201172,,,
38.60702896118164,,,,10.675594329833984,, Craft-repair,,,,,75.39263916015625,44.94284439086914,,
, Private,, Bachelors,,,, Husband,,,,,48.726139068603516,,
30.676143646240234,,193830.875,,, Married-civ-spouse,,,,,,,,,
43.97404098510742,,192152.65625, Some-college,,,,,,,,153.7254180908203,,,
,,,,10.392948150634766,, Craft-repair,, White,,,,, United-States,
38.92863082885742,,,,,,, Husband,, Male,,,,,
,,, HS-grad,,,,,,,-3877.55859375,,,, <=50K
28.439071655273438, Private,,,,,,,,,,,35.85323715209961,,
48.30138397216797,,,,,,,,,,,,,,
, Private,,,,, Prof-specialty,,,,4659.6318359375,,,,
,,, HS-grad,,, Craft-repair, Husband,,,,,,,
,,203111.34375,,,,, Husband,,,,,,,
40.824249267578125,,,,13.46841812133789, Married-civ-spouse,, Not-in-family,,,,,43.64584732055664,,
34.94666290283203,,,,,,,,,,,,,,
, Private,,,,, Craft-repair,, White, Male,,,,,
48.18437957763672,,,,13.122350692749023,,,,,,,,48.09712219238281, United-States,
,,178465.265625, Bachelors,,,, Not-in-family, White,,,76.40021514892578,, United-States,
, Private,,,8.21665096282959,,,, White,,,,31.787067413330078,, <=50K
,,,,,, Prof-specialty,,,,,,,,
, Private,,,,,,,,,,,, United-States,
,,,,, Widowed, ?,,,,,,,, <=50K
,,,,,,,,,,,,,,
,,200838.578125, HS-grad,,,, Husband,,,,,,,
, Private,,,, Married-civ-spouse, Machine-op-inspct,,,,,56.38786315917969,43.92206573486328,,
45.774715423583984,,, HS-grad,,,, Husband,,,,170.70619201660156,,,
,,,,,,,,,,-437.14794921875,,, United-States,
,,,,,,,,,,,,,,
, Private,173235.28125,,,, Prof-specialty,,,,,,,, >50K
,,191810.765625,,11.047811508178711,,,, White,,,,,,
,,,,9.535853385925293,,,,,,,,,,
39.784358978271484,,190411.4375,,,, Craft-repair,,,,536.0677490234375,,,,
,,,,12.593406677246094,,,,, Male,,,,,
,,,,, Married-civ-spouse, Exec-managerial,,, Male,,,53.93901062011719,,
,,207875.703125,,,,,,,,,30.589447021484375,,,
33.174095153808594,,, Bachelors,,, Prof-specialty,,,,-2798.7373046875,,40.2403678894043,, >50K
,,181977.890625,,,,,,,,,,,,
, Private,194093.515625,,, Married-civ-spouse, Exec-managerial,,,,,,48.24974822998047, United-States,
,,,,,,,,,,,,,,
,,183551.09375,,,,,,,,654.4747314453125,,,,
40.02840805053711,,, Bachelors,,, Craft-repair,,, Female,685.2691650390625,,, United-States,
,,, HS-grad,,,,,,,,,, United-States,
,,200511.890625,,, Married-civ-spouse,,,,,,,,,
, Private,, Some-college,,,,,, Male,,54.4693717956543,, United-States,
,,163210.84375,,,,,,,,,,, United-States,
,,,,,,,,,,-11.4622802734375,56.76454162597656,, United-States,
43.13066864013672, Private,,,,, Machine-op-inspct,,,,-74.312744140625,,,,
,,161345.265625,,,,,,,,,,,,
, Private,, HS-grad,,,,, White,,,,42.26028823852539, United-States,
44.041831970214844,,,,,,,, White,,,212.35121154785156,, United-States,
,,195047.46875, Some-college,10.523041725158691, Married-civ-spouse,,,, Female,314.0380859375,,, United-States,
,,, 7th-8th,, Married-civ-spouse, Craft-repair,, White,,,19.563339233398438,, United-States,
, Private,, HS-grad,,,,,,,,,40.0046272277832,,
,,,,,,,,,,,,,,
,,,,8.031577110290527, Never-married,,,, Female,,,,, <=50K
29.796558380126953,,,,8.0601167678833,,,,,,,,36.6030158996582,,
39.76417541503906,,192828.6875,,,,,,,,,,,,
,,200874.421875,,, Married-civ-spouse,,,, Female,,,,,
,,,,,,,,,,,,41.995697021484375,,
26.109966278076172, Private,,,, Married-civ-spouse,,,,,367.6754150390625,,39.78800582885742, United-States,
,,193479.8125, Some-college,,, Craft-repair,, White,,,194.48350524902344,,,
44.436561584472656,,,,,, Farming-fishing, Husband, White,,,,,, >50K
,,, Bachelors,,,,,, Male,4825.57861328125,,,,
, Private,,,,,,,,,-138.9056396484375,,,,
,,,,,,, Not-in-family,,,,55.873443603515625,,,
,,190726.65625,,,,,,, Male,,,,,
,,,,,,,,,,,,, United-States,
,,, Bachelors,,,,, White,,,,,,
, Private,,,,,,,, Male,,,,,
,,,,,,,,,,5116.5322265625,,,,
, Private,,,,,, Not-in-family,,,-2094.90478515625,,, United-States, >50K
,,,,,,,,, Male,,75.16818237304688,,,
,,,,10.60554027557373,,,,,,,,36.144161224365234,,
,,,,,,,,,,,,,,
,,,,9.555257797241211,,,,,,-82.0748291015625,27.507381439208984,39.381710052490234,,
,,,,,, Craft-repair,,,,-57.33642578125,,,,
,,,,,,,,,,-313.126953125,,, United-States,
,,,,,,,,,,,76.42476654052734,,,
,,,,,,, Not-in-family,,,79.545166015625,,,,
,,202970.734375, HS-grad,,,, Husband,, Male,,53.705772399902344,45.70048904418945,,
, Private,, Bachelors,,,,, White,,,,,,
, Private,,,9.126506805419922,,,,,,,,,,
38.22829818725586,,, 10th,,,, Unmarried, White,,,,34.942718505859375,,
,,,,,, Exec-managerial,, White,,,,,,
,,,,9.61513614654541, Married-civ-spouse,,,, Male,-50.944580078125,60.8154296875,47.106422424316406, United-States,
,,,,,,,,, Female,,,,,
,,, HS-grad,,,,, White,,,,,, <=50K
28.282546997070312,,, HS-grad,9.882739067077637, Married-civ-spouse,,,, Male,,64.06673431396484,,,
,,,,, Married-civ-spouse,,,,,,,48.47564697265625,,
,,,,, Divorced,, Not-in-family,,,,,, United-States,
,,, Some-college,10.958206176757812,, Craft-repair, Husband,, Female,-292.26953125,,,,
, Private,,,7.671806335449219,,,,,,,-56.65821838378906,,, <=50K
,,,,, Married-civ-spouse,,,, Female,,,,,
,,,,,,,,,,,,,,
,,,,,,, Not-in-family,,,,,,, <=50K
39.91019058227539,,, Some-college,,,,,,,,,38.300140380859375,,
, Private,,,,,,,,,,,,,
,,,,,,, Husband, White,,,83.72261810302734,, United-States,
, Private,209947.59375,,,,, Own-child,,,,,,, <=50K
,,,,, Married-civ-spouse,,,, Female,,,,, <=50K
,,,,9.230812072753906, Never-married,,,,,,,,,
, Private,,,,, Adm-clerical, Not-in-family,,,181.32916259765625,,,,
,,169831.65625, Bachelors,,,, Not-in-family,,,,,44.05290985107422,,
34.3589973449707, Private,, Bachelors,,,, Not-in-family,,,,,,, >50K
39.75710678100586,,200833.078125,,,,,,, Male,,123.05868530273438,,,
, Private,, HS-grad,,,,,,,,,, United-States,
,,155985.734375, Bachelors,,,, Unmarried,,,,,,, <=50K
,,,,,,,,,,,,,,
,,,,, Never-married,,,,,,,,, <=50K
42.23158264160156, Private,,,,,,,,,,,,,
,,,,, Divorced, ?, Not-in-family,,,,,,, <=50K
,,,,, Married-civ-spouse, Craft-repair,,,,,36.80005645751953,,,
53.23165512084961,,,,,,,,, Male,,,,,
, Private,,,,,,,,,,,, United-States,
,,,,, Married-civ-spouse,, Not-in-family,, Female,-2427.48828125,-22.91191864013672,45.22663116455078,, >50K
,,,,,,,,, Female,-1487.1397705078125,12.344497680664062,,, >50K
, Private,,,,,,,,,,,,,
,,,,,,, Not-in-family,,,123.51806640625,59.137142181396484,,,
, Private,,,,,,,,,,,,,
, Private,, HS-grad,,,,,,,,,,,
,,,,,,,, White,,761.7344360351562,,, United-States,
,,189892.421875,,,,,, White,,,,,,
, Private,,,,,,,, Female,,,,, >50K
,,201942.0,,,,, Own-child,,,-539.5203857421875,46.93588638305664,41.6488037109375,,
,,,,9.808116912841797,,,,,,-746.815185546875,,,,
,,,,9.512176513671875, Married-civ-spouse,,,,,1155.7978515625,,,,
, Private,, HS-grad,,,,,, Male,3153.86083984375,,, United-States,
39.66571044921875, Private,,,8.598090171813965,, Other-service, Not-in-family,,,,,,, <=50K
, Private,,,,,,,, Female,,,,, <=50K
42.13283157348633,,168851.078125, Bachelors,,, Prof-specialty, Not-in-family,,,,,,,
, Private,188911.171875,,, Married-civ-spouse,,,,,,,,,
,,, Some-college,10.728522300720215,, Craft-repair, Not-in-family,,,-111.055419921875,,,,
,,,,,, Prof-specialty,,,,,,,, <=50K
26.52625274658203,,199982.125,,, Married-civ-spouse,,,, Male,488.6031494140625,,,,
,,, HS-grad,8.843746185302734,,, Not-in-family,,,,,,, <=50K
, Private,,,,,,,,,,,,,
,,178128.734375,,,,,, White,,,,, United-States,
42.55574417114258,,,,,,, Husband,,,-71.4879150390625,,43.906131744384766,,
,,,,,,,,,,,,42.4246711730957,,
, Private,,,,,, Husband,,,,,, United-States,
,,,,,,,, White,,,,38.245155334472656,, <=50K
,,, Some-college,10.679780960083008,, Craft-repair,,, Female,,,, United-States,
,,, Bachelors,,, Prof-specialty,,,,,,, United-States,
,,159649.65625, Some-college,,,,,,,,,, United-States, <=50K
,,,,,,,, White,,,,37.851806640625,, <=50K
,,,,9.400606155395508,, Craft-repair,,, Female,,-149.7040252685547,, United-States, >50K
, Private,,,10.411020278930664,, Craft-repair,, White,,,,,,
, Private,,,8.449688911437988, Married-civ-spouse,,,,,,39.599159240722656,,,
, Private,,,,,,,,,,35.6490364074707,,,
, Private,175578.609375, HS-grad,,,,,,,314.3924560546875,,,,
,,,,,,,,,,,,46.21239471435547, United-States,
37.74987030029297,,,,10.40794849395752,,,,,,,,,,
,,,,,,,,,,,,,, <=50K
,,, HS-grad,,, Craft-repair,,,,,,,,
,,,,,,, Husband,,,,,,,
,,,,,,,,, Female,,-73.98057556152344,,, <=50K
,,, 7th-8th,,,,,,,-4161.6181640625,,, United-States, <=50K
, Private,,,8.354103088378906,, Craft-repair,, White,,,-55.46247863769531,, United-States, >50K
,,,,8.641385078430176,,,, White, Male,,99.58837127685547,,,
,,195669.15625,,,,, Husband,, Male,57.408203125,,, United-States,
, Private,,,,,,, White,,,,,, <=50K
33.36676025390625, Private,200713.234375, HS-grad,,, Craft-repair,, White, Female,,,,,
33.03785705566406,,,,, Married-civ-spouse,,,,,,,, United-States,
, Private,,,8.54511833190918,,,, White,,,49.418556213378906,38.56476593017578,,
, Private,, HS-grad,, Married-civ-spouse, Craft-repair,, White, Female,,,,,
, Private,,,6.97746467590332,,,,,,,,,, <=50K
,,,,9.80773639678955,, Adm-clerical,,,,,,,,
,,,,,,,,,,,,, United-States,
27.03681182861328,,,,, Never-married,,,,,,,,,
,,,,10.889765739440918, Never-married,,,,,,28.275684356689453,,,
,,192629.203125,,,, Prof-specialty,, White, Female,,140.99111938476562,,,
, Private,,,,,,,,,1644.3369140625,,, United-States,
,,,,11.800151824951172,, Adm-clerical, Not-in-family, White,,,,40.238563537597656,,
31.941226959228516, Private,,,, Married-civ-spouse,,, White,,,,42.77593994140625,,
39.39237976074219,,, Bachelors,,,,,, Female,,,, United-States, >50K
,,176214.90625, Bachelors,, Married-civ-spouse,,,,,4632.63916015625,,48.26357650756836, United-States,
,,,,,, Other-service,,,,,63.824424743652344,37.47367858886719, United-States,
,,, HS-grad,,,,,,,,,,,
,,159841.6875,,,,,,,,,,33.940486907958984,, <=50K
,,, Bachelors,,,,,,,,,44.16645050048828,,
,,,,10.745721817016602,,,, White,,,183.25808715820312,,,
, Private,,,9.048162460327148,,,,,,,,,,
32.254783630371094,,, HS-grad,,,,, White,,,,,, <=50K
,,,,, Married-civ-spouse,,,,,,,, United-States,
, Private,,,, Married-civ-spouse, Craft-repair,,, Female,,,,,
,,195700.109375, HS-grad,, Married-civ-spouse,, Not-in-family,,,-628.2183837890625,,,,
,,206747.046875,,,,, Husband, White, Female,-3652.58984375,,,, <=50K
,,,,, Never-married,,, White,,,,42.70947265625,,
32.563961029052734,,,,11.089205741882324, Never-married,,,,,,56.807960510253906,,,
, Private,,,,, Prof-specialty,,,,,80.36519622802734,,,
,,,,,, Craft-repair, Husband,, Male,,60.08349609375,, United-States,
,,,,,,,,,,,,,,
31.629119873046875,,,,, Married-civ-spouse,,,,,,,,,
,,,,7.188139915466309,,,,, Female,-5350.32470703125,,, United-States, >50K
,,183602.8125,,10.92398738861084,, Craft-repair,,, Female,,,,,
,,,,9.658560752868652,, Craft-repair, Husband,, Male,,118.98664855957031,,,
27.15951919555664, Private,, Bachelors,, Married-civ-spouse,,,,,3962.267578125,173.00662231445312,, United-States,
,,,,,,,,,,,,48.577083587646484, United-States,
,,,,,,,,,,,,,,
,,, HS-grad,,,,,,,,,,,
,,,,10.487883567810059,, Adm-clerical,,,,,29.200958251953125,,,
,,,,,, Adm-clerical, Not-in-family,,,,,,,
32.949005126953125,,200462.875,,,,,,, Male,-117.417724609375,,45.26104736328125,,
,,,,, Married-civ-spouse,,,,,164.8421630859375,,,,
,,,,,,,,,,4176.97412109375,195.20864868164062,,,
,,,,,,,,,,,,,,
,,,,,,,,,,-3736.97314453125,,,, <=50K
,,195226.859375,,12.038779258728027, Married-civ-spouse, Craft-repair,,, Male,,,,,
, Private,,,, Married-civ-spouse,,,,,535.5606689453125,,,,
,,,,,,,,,,,,31.426631927490234,, <=50K
,,182058.40625,,,, Craft-repair,,, Male,1010.6715087890625,,47.42074203491211, United-States,
46.2388801574707,,179059.453125,,,,,,,,4222.29638671875,,42.60825729370117,,
,,,,, Divorced, Prof-specialty,,,,,,,, <=50K
30.096233367919922,,,,7.9925537109375,,,,, Male,,,42.778114318847656,,
,,, HS-grad,,,,,, Male,,,,,
,,,,9.037744522094727,,,, White,,,,38.60125732421875,, >50K
,,,,,,,,,,,,,,
, Private,,,,, Craft-repair,,, Male,522.9169311523438,,,,
47.65111541748047,,184024.5,,,,, Wife,,,,,37.605628967285156,,
41.484195709228516,,,,,,,,,,,,39.639381408691406,,
,,, HS-grad,10.052314758300781,, Craft-repair, Husband,,,,,,,
38.77769088745117,,,,,,,,,,-15.9676513671875,,35.98423767089844,,
,,,,, Married-civ-spouse,, Husband,, Male,-209.5899658203125,,,,
,,,,,,,,, Female,,,40.99065399169922,, <=50K
,,,,7.756526947021484,,, Not-in-family,,,,,38.251399993896484, United-States, <=50K
, Private,197330.59375,,7.204474449157715,,,,, Male,,,,, <=50K
,,, HS-grad,,,,,,,,,,,
,,,,,,,,, Male,4230.14990234375,,,,
35.65340042114258,,,,,,, Husband,, Male,,72.14189910888672,47.17756271362305,,
30.120132446289062,,,,, Married-civ-spouse,,,, Female,63.52716064453125,,, United-States,
,,,,8.758319854736328,,, Husband,, Male,316.45703125,,, United-States,
,,,,9.784852027893066,,,,,,,,35.51268768310547,,
,,197061.96875,,,,, Not-in-family, White,,,,, United-States,
,,,,,,, Own-child,,,,,,, <=50K
,,,,,,, Unmarried,,,,,,, <=50K
,,,,, Married-civ-spouse,,, White,,,42.07986068725586,,,
38.217159271240234, Private,,,,,,,,,-212.8948974609375,,,,
,,186201.125,,,,,,,,164.6591796875,,,,
,,,,,,,,,,,,,,
,,,,,,, Own-child, White,,,,,,
26.615985870361328,,,,, Divorced,,,,,,,,,
,,,,11.901034355163574, Married-civ-spouse,,,,,,,46.57273864746094,,
47.929420471191406,,201999.375,,,, Craft-repair,,, Male,,,,,
24.584732055664062,,,,9.674619674682617, Divorced,,,,,182.37890625,,,,
,,,,, Married-civ-spouse,,, White, Male,,227.2733154296875,53.4444465637207, United-States,
,,,,,,,,,,-3525.9541015625,,,, <=50K
31.449359893798828,,,,,,, Not-in-family,,,,-68.18464660644531,,, <=50K
,,,,,,,,,,,,43.1358642578125,,
,,, HS-grad,,,,,,,,,,,
,,,,,,,,,,,,,,
,,,,10.216948509216309,,,,,,,,,,
,,,,,,,, White,,,,,,
,,,,,,,,,,,,41.920684814453125,,
25.101436614990234,,,,, Divorced,,,,,,,,,
,,174089.125, HS-grad,, Married-civ-spouse,, Not-in-family,,,,,42.06600570678711,,
,,192017.96875, Some-college,10.234440803527832,,,,,,,,,,
,,200402.234375,,8.5184326171875,,,,, Male,,,,,
,,215892.125,,, Married-civ-spouse,,,,,133.6185302734375,,,,
,,181934.1875,,,,,,,,,,,,
,,,,,,,,,,,,,,
39.03647994995117,,,,9.90058422088623,,, Not-in-family, White,,,71.957763671875,,,
39.93460464477539,,,,,, Prof-specialty,,,,,,37.85989761352539,,
,,, Bachelors,,, Exec-managerial,,,,,199.3656005859375,48.31083679199219,,
,,,,,, Craft-repair, Husband, White,,-219.5302734375,96.3758773803711,,,
,,, HS-grad,,,,,,,19.3310546875,,, United-States,
,,,,, Widowed,,,,,,,,, <=50K
, Private,,,, Married-civ-spouse,,,,,,,,,
,,,,,,,,, Male,,,, United-States,
,,,,8.838712692260742,,,, White, Male,289.5819091796875,,,,
,,,,,,,,, Female,,114.80191802978516,,,
43.72609329223633,,,,,,, Husband,,,,196.30714416503906,,,
,,205879.8125,,,,,,,,,,39.48749542236328,,
, Private,,,, Never-married,, Not-in-family,,,,23.86028289794922,36.58208465576172,,
,,,,10.75159740447998,,, Own-child,,,,74.9150161743164,,,
,,,,, Divorced,,,,,,-51.879150390625,, United-States, <=50K
31.251419067382812,,, HS-grad,,,,,,,,,38.01565933227539,,
, Private,185100.96875,,,,,,, Female,-2557.7216796875,,,, >50K
40.11038589477539,,,,,,,,,,,,,,
47.1657829284668,,,,10.807379722595215,,, Husband,,,,,,,
,,,,9.505579948425293, Widowed,,,,,,,,,
37.357696533203125,,, Some-college,10.662511825561523,, Adm-clerical,,,,,,,,
, Private,,,, Married-civ-spouse, Priv-house-serv,, White,,,56.570167541503906,,,
,,, HS-grad,, Never-married,,,,,,,,,
,,,,,,, Husband,,,,,41.07988739013672, United-States,
,,,,,,, Husband,,,,,,,
,,,,,,,,,,-2817.23828125,,, United-States, <=50K
,,194036.40625,,,, Exec-managerial,, White, Male,,237.91835021972656,, United-States,
,,,,,,,, White,,,,,,
,,175584.5625,,,,, Husband,,,4485.7890625,233.24720764160156,,,
,,181182.609375,,,,,,,,,,,,
,,, HS-grad,,,,,,,,,,,
,,,,,, Craft-repair,, White,,-196.33251953125,77.77839660644531,43.27341079711914,,
,,,,,,,,,,,,35.81527328491211,, <=50K
35.282981872558594,,,,11.423580169677734,,,,,,4285.716796875,,38.85801315307617,,
,,, Some-college,11.96255874633789, Married-civ-spouse,,,,,3898.572265625,,,,
,,,,,,,,,,,178.47991943359375,, United-States,
,,,,6.76495885848999, Never-married,,,,,,,,, <=50K
33.545989990234375, Private,,,, Married-civ-spouse, Exec-managerial,,,,,,, United-States,
37.593650817871094,,,,,,,,,,,97.79435729980469,,,
,,, Bachelors,,,,,,,,85.70885467529297,45.04200744628906,,
,,,,,, Adm-clerical,,,,,,,,
,,214739.09375,,,, Craft-repair, Husband,,,,,,,
,,,,,,,,,,,,35.73978042602539,,
,,, HS-grad,,,,,,,,,,,
, Private,,,, Married-civ-spouse,, Not-in-family, White,,,,,,
45.87846374511719,,200102.375,,11.587322235107422,,,,,,,213.27259826660156,,,
,,,,,,,, White, Male,-3800.04736328125,,,, <=50K
,,,,,,, Husband,, Male,1696.163330078125,,,,
, Private,,,,,,,,,,,43.10340118408203,,
, Private,,,,,, Not-in-family, White,,3551.671875,,,,
,,189435.484375,,, Never-married,,,,,,,, United-States,
51.31235885620117,,,,,,, Husband, White,,3011.4794921875,,,,
34.1631965637207,,,,,,,,, Female,469.96893310546875,72.01396942138672,, United-States,
,,178735.609375,,,,,,,,,,,,
,,,,9.61035442352295,,,,,,397.56939697265625,74.64293670654297,41.93482971191406,,
,,198498.28125,,,,,, White,,-504.220458984375,,,,
,,,,,,,,,,-1097.3634033203125,,,,
,,,,9.714134216308594,,, Husband,, Female,,,,,
,,205583.921875, HS-grad,,,, Husband,, Female,,,,, <=50K
38.00123596191406, Private,,,,,,,, Male,4030.02392578125,,,,
,,,,,, Craft-repair,,,,,,,,
,,, Some-college,10.51893138885498,,,, White,,,,,,
,,, Bachelors,,,,,,,,,48.9354248046875,,
,,, Some-college,, Never-married,, Own-child,,,,,,, <=50K
,,,,,,,,,,,,,,
,,188548.4375,,,,,,,,,,39.38174057006836,,
35.795692443847656,,,,,,,, White,,,,,,
,,,,,,,,, Male,57.169677734375,68.96512603759766,,,
,,,,,,,, White,,,,37.56877136230469,,
45.04121780395508, Private,,,11.468433380126953,,, Husband,,,3383.1396484375,192.75682067871094,47.312828063964844, United-States,
33.89687728881836,,180703.71875,,,, Other-service,,,,,,,, <=50K
,,,,,,,,, Male,,56.33403778076172,,,
,,,,,,,,,,93.1966552734375,,,,
, Private,,,,,,,, Male,,,,,
44.555442810058594,,, HS-grad,,,,,,,,,41.5152473449707,,
,,,,, Married-civ-spouse,,,,,,,,,
,,,,, Never-married,,,,,,,43.26288986206055, United-States,
,,180558.6875,,11.253993034362793,,,,,,,,,,
49.34571075439453,,,,,, Other-service, Wife,,,,,,,
,,, Some-college,11.867498397827148,,,,,,,185.0540771484375,, United-States,
,,,,,,, Husband,, Female,,,,, <=50K
,,182941.84375,,,, ?,,, Female,,,,, >50K
,,,,, Never-married,,,,,,43.4995002746582,,,
30.301956176757812,,188713.125,,, Divorced,,,,,,,35.498558044433594,,
,,,,9.836740493774414,,,,,,,,,,
,,,,,,,, Black,,,,,, <=50K
,,,,9.439565658569336,, Farming-fishing, Not-in-family,,,,,,, <=50K
34.22231674194336,,195233.265625,,,,,,, Female,-2884.59423828125,,45.309226989746094,, >50K
,,,,,,, Husband,,,839.3766479492188,,44.73754119873047,,
, Private,, HS-grad,,,, Husband,, Male,,,49.28564453125,,
,,,,,, Prof-specialty,,,,,,,,
, Private,,,,,,,,,4536.69921875,,,,
29.668487548828125,,,,,,,,,,,67.91690063476562,41.533119201660156,,
,,,,,,,,, Male,,,,,
,,,,, Never-married, Craft-repair,,,,,,,,
,,,,9.457066535949707,,,,, Male,,,, United-States,
,,, HS-grad,9.453052520751953,,,,,,,,,,
,,,,,,, Husband, White, Male,,,,,
,,,,,,,,,,,69.76802062988281,42.561676025390625, United-States,
,,,,,,,, White,,,,, United-States,
,,,,,,,,,,,,,, <=50K
,,204668.234375,,,,, Husband,, Female,,-35.26599884033203,45.70857238769531, United-States, <=50K
,,,,10.371136665344238,,,, White, Male,,,,,
40.52262496948242,,,,,,, Husband,,,722.8668823242188,,45.93405532836914, United-States,
,,,,, Never-married,,,,,,,, United-States, <=50K
,,182151.921875, Bachelors,,, Prof-specialty,,,,359.95843505859375,,,,
,,193750.25,,9.720403671264648,,, Not-in-family,,,,,,,
,,,,,,, Own-child,,,,44.014652252197266,,,
,,,,,,,, White,,,,43.121456146240234,,
,,, Some-college,11.587068557739258, Never-married, Adm-clerical,, White,,,,, United-States,
,,,,, Married-civ-spouse,,,, Male,,,,,
, Private,216567.625,,,, Other-service, Own-child,,,,,,,
,,,,,,,,,,,,, United-States, <=50K
,,188650.609375,,,, Adm-clerical,, White,,,51.15021514892578,,,
28.852313995361328,,,,,, Adm-clerical,,,,,,,,
,,,,,, Prof-specialty, Own-child,,,,84.5203857421875,,,
37.92723846435547,,,,7.588123798370361,,,,,,,,, United-States, <=50K
29.503293991088867,,, 10th,, Married-civ-spouse,,,,,-1035.3878173828125,,39.166072845458984, United-States,
38.46450424194336,,,,9.088489532470703,,,, White,,,69.78894805908203,40.054264068603516,,
,,,,,,,,,,,,,,
,,,,11.91208267211914,,, Husband,,,,,,,
,,,,, Never-married,,,,,,,,, <=50K
,,,,10.391984939575195,, Craft-repair,,,,,,43.625919342041016,,
,,, HS-grad,, Married-civ-spouse,,, White,,,158.90594482421875,,,
40.34553527832031,,, Bachelors,,,,,,,,,43.4168701171875,,
,,,,9.926069259643555,, Armed-Forces, Husband,, Female,,,, United-States, >50K
,,187556.125,,,,,,,,,,,,
, Private,,,7.557435989379883,,,,,,,,,, <=50K
,,,,,, Prof-specialty,,,,,,37.97230529785156,,
45.440025329589844,,,,11.06715202331543,, Craft-repair, Husband,,,,,,,
,,,,, Never-married, Other-service, Own-child,,,,,,, <=50K
,,,,,,, Husband,, Male,,,,,
,,,,,, Prof-specialty,,, Male,,,, United-States,
,,200518.171875,,,, Prof-specialty,,,,1549.1954345703125,,,,
, Private,,,,,, Husband,,,,,,,
, Private,,,,,,,,,,,37.83134078979492,,
36.60441589355469,,,,,,, Not-in-family,,,,,,, <=50K
, Private,,,,,,, White,,,,35.4676513671875,,
,,, Bachelors,,,, Not-in-family,,,,94.8813247680664,,,
,,190837.703125,,,,,,,,,,,,
,,, Some-college,9.328206062316895,,, Own-child,,,,26.200942993164062,40.1148796081543, United-States,
,,184240.984375,,,,, Not-in-family,,,,54.93689727783203,,,
33.81964111328125,,194447.25,,,,,,, Female,-3411.369140625,-47.17897033691406,,, <=50K
,,, Some-college,,,,,, Male,90.1480712890625,,,,
, Private,, Some-college,,, Handlers-cleaners,,, Female,,-79.45352172851562,,, <=50K
,,, Bachelors,, Never-married,,,,,-2996.39013671875,,,, <=50K
32.613441467285156,,,,,,,, White,,-2784.7216796875,-27.14661407470703,,, >50K
, Private,,,13.124320983886719,,,,,,,-171.07395935058594,,,
,,199436.609375,,,, Craft-repair, Husband,, Male,,,55.358863830566406,,
, Private,195953.890625,,, Never-married,,,,,,,36.72914123535156,,
41.73421096801758,,,,10.658477783203125,, Craft-repair, Husband, White, Male,151.98291015625,,,,
, Private,,,, Married-civ-spouse, Exec-managerial,, White,,,,, United-States,
,,,,,,,, White,,,,,,
31.859798431396484,,,,,,,,,,,44.53020477294922,,,
,,,,,,, Own-child, White,,-110.62841796875,,,,
,,,,, Married-civ-spouse,,,,,,,, United-States,
,,175275.03125,,,,,,, Male,,,, United-States,
43.062381744384766,,,,,,, Husband,, Male,112.63702392578125,,,,
,,,,11.170303344726562,, ?, Husband,,,,,,,
,,,,,,,, White,,,,,,
45.141883850097656,,192888.015625,,,,, Husband, White,,,,,,
,,,,, Never-married, Craft-repair, Own-child,,,,,,,
, Private,,,, Married-civ-spouse, Craft-repair,,, Female,,,, United-States,
,,,,,,,,,,-885.273681640625,,36.74897766113281, United-States,
, Private,180895.34375,,9.124185562133789,,,,,,,,,,
28.65864372253418, Private,,,, Never-married, Priv-house-serv, Unmarried,,,-3804.94384765625,-82.44647216796875,, United-States, <=50K
,,170626.171875, Bachelors,, Married-civ-spouse,, Husband,, Female,1058.3232421875,,, United-States,
,,,,,, ?,,,,,,,, <=50K
34.66024398803711,,187949.28125,,, Married-civ-spouse,,,,,,202.7401123046875,,,
, Private,,,,,, Not-in-family,,,,,,,
,,192217.984375,,,,,,,,,,,,
,,,,, Never-married,,,,,,,,,
,,,,,,, Own-child,,,,,,,
,,, HS-grad,,,,,, Female,,-46.93855285644531,, United-States, <=50K
,,,,,,,,,,,45.34362030029297,,,
,,,,,, Adm-clerical,,,,,,,,
35.268192291259766,,,,8.870251655578613,, Farming-fishing,,,,,,, United-States, <=50K
,,, HS-grad,,, Sales,,,,,,51.0072021484375,,
,,,,,,,,,,,,,,
,,,,,,, Husband,,,,,,,
,,,,,,, Own-child,,,284.4498291015625,77.34237670898438,,,
41.012901306152344,,195820.671875,,12.555959701538086,, Exec-managerial,,,,,,49.186119079589844,,
,,195255.921875,,,,,,,,,,,, <=50K
24.504030227661133,,,,, Never-married,,,,,,,,,
31.871341705322266,,,,, Married-civ-spouse,,,, Male,,43.298465728759766,,,
,,183041.390625,,8.442964553833008,,, Unmarried,,,-3053.6240234375,,,, <=50K
22.978397369384766, Private,183383.703125,,, Divorced,,,,,-2869.31494140625,,,, <=50K
39.669921875,,,,,,, Not-in-family,,,,80.55349731445312,, United-States,
,,193181.453125,,,,,,,,,,,,
,,191528.421875,,,,, Not-in-family,,,,,,,
,,178958.140625,,,,,,,,,,, United-States, >50K
41.097808837890625,,,,10.31595230102539,, Other-service, Husband,,,428.0439453125,,,,
,,192282.703125,,,,, Own-child,,,,,, United-States,
,,,,,,,,,,,,,,
,,,,,,,, White,,,-42.53741455078125,,, <=50K
21.55255126953125,,189459.71875, Bachelors,, Never-married,,,,,,,,, <=50K
,,198836.484375, HS-grad,, Never-married, Other-service,,,,,,, United-States,
,,,,,, Other-service,,,,,,, United-States, <=50K
,,,,,,,, White,,498.9385986328125,,,,
, Private,, HS-grad,9.964216232299805,, Craft-repair,, White,,,,, United-States,
,,,,6.3345184326171875,,,,,,-3095.67919921875,,, United-States, <=50K
, Private,,,,,, Husband,,,,,,,
,,,,8.706428527832031,,,,,,,,, United-States,
,,,,, Never-married,,,,,,,,, <=50K
,,,,9.99411392211914,, Craft-repair,,, Female,735.9190673828125,,,,
,,,,, Divorced, Adm-clerical,, White,,,,,,
,,, HS-grad,,, Craft-repair,,,,,,,,
,,,,, Divorced,,,,,,,,, <=50K
, Private,,,9.225061416625977,,,,, Male,,,,,
,,, HS-grad,7.591629981994629, Never-married,,, White,,,,36.49281311035156,, <=50K
, Private,,,,, Craft-repair, Husband,,,,,,,
,,182585.375,,,,,,,,,,39.18320846557617, United-States,
,,,,,,,,,,,,, United-States,
35.0816535949707,,,,10.020909309387207,,,,, Male,,,,,
50.0214729309082,,,,,,, Husband,, Male,1844.5869140625,,54.37862014770508,,
,,,,9.101213455200195,,,, White, Male,,75.66150665283203,,,
,,186929.390625,,,,,,, Female,-4092.12255859375,,, India, >50K
,,,,,,,,,,,,,,
50.966041564941406,,,,,,, Husband, White, Male,,,53.10835266113281,,
, Private,,,, Never-married,,,,,,,,,
,,186187.046875, Some-college,,, Adm-clerical, Own-child,,,,,,,
,,,,,,, Own-child,,,,40.51226806640625,,,
,,, Some-college,9.435675621032715,,,,,,,,, United-States,
,,, HS-grad,10.0774564743042,,, Husband,,,,,, United-States,
,,,,,,,,, Male,,,54.27421188354492,,
,,, HS-grad,10.436263084411621,, Exec-managerial,, White,,,,43.15579605102539,,
,,,,8.513069152832031,, Other-service,,,,,,,, <=50K
,,, HS-grad,,,,,,,,-72.25479125976562,,, <=50K
,,,,, Married-civ-spouse,,,, Male,,,,,
,,,,,,,, White,,,,,,
,,194099.3125,,,,,, White,,,,,,
35.55418014526367,,, Some-college,9.833386421203613,,,,,,-14.1890869140625,,35.82740783691406,,
31.99366569519043,,,,, Married-civ-spouse,,,,,,,,,
, Private,,,8.432077407836914,,,,,,,,,, <=50K
,,,,,,,, White,,310.7386474609375,,,,
,,,,, Never-married,,,,,,47.30385208129883,,,
,,,,,,,, White,,,,,,
,,, HS-grad,8.953937530517578, Divorced,,,,,,,,, <=50K
52.51792907714844,,,,,, Exec-managerial, Husband, White, Male,,,,,
,,,,11.437747955322266,,,,,,,,, United-States,
34.07047653198242,,189141.390625,,,,,,, Male,-2898.1728515625,,,, >50K
,,189683.71875, Some-college,,,,,,,,,, United-States,
,,,,,,,,,,,49.16199493408203,,,
, Private,185250.734375,,,,,,,,,,,, >50K
38.5681037902832,,,,,,, Not-in-family,,,,,41.64970016479492,,
,,189610.640625,,,,,, White,,,,46.408653259277344,,
,,, HS-grad,, Divorced, Adm-clerical,,,,,,,, <=50K
34.92737579345703, Private,,,,,, Not-in-family,,,,,44.05112075805664, United-States,
,,, Some-college,10.054603576660156,,,,,,-119.9132080078125,,,,
,,,,,,,,,,,,,,
, Private,, HS-grad,,, Other-service,,,,,,,,
, Private,179488.203125, HS-grad,,,,,,,,,,,
, Private,,,,,, Husband,,,,,,,
35.27568054199219,,,,,,,,, Male,14.6162109375,,, United-States,
,,,,,, Prof-specialty,,,,-2713.36376953125,,,, <=50K
,,,,9.489530563354492,,,, White,,,,,,
43.81322479248047,,191876.890625,,11.913848876953125,, Craft-repair,,,,,,, United-States,
36.4603157043457,,,,,,, Not-in-family,,,,,,,
49.317604064941406,,,,,,,, White,,-397.8388671875,,,,
,,,,12.250165939331055, Married-civ-spouse,,,,,,210.28335571289062,,,
,,,,10.673587799072266,,,, White,,,62.91883087158203,, United-States,
,,187281.28125, Some-college,9.415881156921387,,,, White,,,,,,
,,,,,,, Husband,,,3819.5283203125,,47.51033020019531,,
,,,,,,,,,,,78.76144409179688,,,
,,215001.296875,,10.0634765625,,, Husband,, Female,-133.6240234375,,,,
, Private,,,, Never-married, Prof-specialty, Not-in-family,,,,,,,
,,,,,, Other-service, Own-child,,,,,, United-States, <=50K
,,,,,,,,,,,,,,
,,,,,,, Unmarried,,,-3216.296875,,,, <=50K
, Private,,,,,,, White,,,,,,
28.913238525390625,,,,,,,,, Female,-3344.2568359375,,,, <=50K
,,204314.046875,,10.07937240600586,,,,,,,,,,
,,, HS-grad,8.23153018951416,,,,, Male,-310.4478759765625,30.660964965820312,,,
,,184497.796875,,,,,,,,,,,,
,,,,6.9795379638671875,,,,, Female,-3505.779296875,,,, <=50K
45.6323127746582,,, Some-college,12.715981483459473,,,,,,3350.58544921875,177.72216796875,,,
,,, Some-college,,,, Own-child,,,,,,,
,,, Bachelors,,,,, White,,-2768.36083984375,,36.062110900878906,, >50K
,,,,, Never-married,,,,,,,,,
,,,,,,,,,,-171.8980712890625,48.2984504699707,, United-States,
,,182515.921875,,11.752317428588867,, Craft-repair,,,,,200.03343200683594,47.29093551635742, United-States,
,,,,12.214515686035156, Never-married,,,,,3131.873046875,,,,
, Private,,,,,,, White,,,,,,
,,,,, Divorced,,, White,,,-29.29436492919922,,, <=50K
32.168663024902344, Private,,,,,,,,,,37.4157600402832,,,
,,,,,,,, White,,,,,,
,,,,,, Adm-clerical, Not-in-family,,,,,, United-States, <=50K
,,176386.140625,,,,,,, Female,,,, United-States, >50K
,,,,,,,,,,,,, United-States,
, Private,,,, Never-married,,, White, Female,-1223.1419677734375,,,,
32.279659271240234,,,,,,,,,,,,, United-States,
,,,,, Never-married,,, White,,,,,,
47.344947814941406,,,,,,, Wife,,,,192.72972106933594,,,
,,,,10.24010944366455,,,,,,,,,,
35.88934326171875,,184805.15625,,,,, Not-in-family,,,-182.4451904296875,47.21332931518555,,,
,,205145.234375,,,,,,,,,,,,
,,,,, Married-civ-spouse,,, White,,,,,,
,,196708.546875, Some-college,, Married-civ-spouse,,, White,,,118.95161437988281,,,
,,169677.453125, HS-grad,7.644553184509277,,,, White,,-2992.89892578125,,,, >50K
,,,,9.860528945922852,,,,,,,,,,
43.776649475097656,,, Bachelors,,,,,,,3981.5126953125,205.59127807617188,, United-States,
,,, Bachelors,,,,,,,,,40.54402160644531,,
,,,,, Never-married,, Unmarried,,,,-93.83802795410156,,, <=50K
35.78684997558594, Private,, Bachelors,,, Craft-repair, Husband,, Female,,,,, >50K
,,, 7th-8th,,,,, White,,,,,,
37.60200881958008, Private,,,,,,,,,,78.39138793945312,, United-States,
, Private,,,9.296459197998047,,,,,,,,,,
,,192939.328125,,,,,,, Female,,,,,
,,,,,,,,,,-383.704345703125,48.880943298339844,,,
,,,,,, Craft-repair,,, Female,,71.83423614501953,,,
,,,,12.638813972473145,,, Husband,,,,,, United-States,
,,,,,,, Unmarried,,,-1850.9049072265625,,,, >50K
,,,,,,,,,,,,,,
, Private,,,10.119989395141602,,,,,,-193.7945556640625,42.87644958496094,37.38876724243164,,
,,,,11.334940910339355, Married-civ-spouse, Sales, Not-in-family,,,,81.383056640625,,,
,,,,,, Prof-specialty,,,,,,40.5445556640625,, >50K
,,,,, Never-married,, Own-child,,,,,,,
,,,,9.573859214782715,,,, White, Male,-143.59130859375,,,,
,,188711.25,,, Never-married,,,,,,,,,
,,,,,, Craft-repair, Own-child, White,,,50.88371276855469,, United-States,
,,,,8.800418853759766,,,,,,,,,,
,,,,,,,,,,,,33.410743713378906,,
, Private,,,,,,,,,1726.96435546875,,,,
37.49205780029297,,197754.5, HS-grad,,,, Unmarried,,,,,,,
,,, 7th-8th,,,,,, Female,,,,, <=50K
, Private,,,9.304227828979492,,,,,,,,, United-States,
,,, HS-grad,, Married-civ-spouse,,,,,,,,,
, Private,,,,,,,,,,206.97471618652344,46.89970016479492,,
,,194451.546875,,11.527519226074219,, Craft-repair,,, Male,,,,,
,,, HS-grad,,,,,,,0.984375,47.487144470214844,, United-States,
,,207430.15625,,,,, Own-child,,,,,,,
,,,,10.002631187438965,, Handlers-cleaners,,,,,,,,
,,,,,,,,,,,,, United-States,
, Private,,,, Never-married,,,,,,5.1836090087890625,,,
,,,,,,,,, Female,,-28.30199432373047,,, >50K
,,190650.5625,,,,,,,,,,,,
,,174312.75,,,,,,,,,49.92546463012695,35.35578918457031,,
46.35324478149414,,,,,,,,,,,,,, <=50K
31.59787368774414,,,,,,,,, Male,,,39.80866241455078,, <=50K
, Private,, HS-grad,, Never-married, Craft-repair,,, Female,-3543.296875,-76.15414428710938,,, <=50K
,,181234.625,,, Married-civ-spouse,,,,,931.5514526367188,,,,
,,186465.53125,,8.833623886108398,,,, White,,,,,,
, Private,,,, Married-civ-spouse,,,,,-61.8831787109375,42.738494873046875,, United-States,
39.040443420410156, Private,,,,,,,,,4098.24951171875,,,,
,,,,,, Craft-repair,,,,,,,,
,,,,,,,,,,,,,,
,,,,,,, Unmarried,,,,,, United-States,
,,187617.265625,,8.085031509399414,,,, White,,,-41.967193603515625,, United-States, <=50K
44.33298110961914,,194460.578125,,,,, Husband,,,4752.27783203125,237.16331481933594,,,
,,,,,,,,,,,177.99075317382812,,,
, Private,,,,,,,,,,,,,
,,,,,,,,,,46.7008056640625,22.446449279785156,, United-States,
, Self-emp-not-inc,, 7th-8th,,,,,, Female,-6128.05029296875,,,, >50K
41.303436279296875,,,,,,, Husband,,,,,,,
,,,,14.689269065856934, Married-civ-spouse, Exec-managerial,,,,,,,,
38.2420539855957,,,,10.05357837677002,, Craft-repair,,,,,,,,
,,,,,,,,, Female,,,42.861595153808594,, <=50K
,,,,,, ?,,,,,,,, <=50K
, Private,, Bachelors,,,,,, Female,,,,, >50K
,,,,10.533760070800781,, Craft-repair, Husband,,,,,,,
,,, HS-grad,, Never-married, Adm-clerical,, White,,,,37.197940826416016,,
, ?,,,7.472393989562988, Widowed,,, White,,-3241.625,,, United-States, <=50K
36.09543228149414,,,,, Married-civ-spouse,, Husband,, Female,,,51.214263916015625,,
, Private,202461.484375,,,, Adm-clerical,,,,,,,,
,,,,,,,,, Male,,,,,
48.29851150512695, Private,,,,, Prof-specialty,, White,,,,,,
,,192041.578125, Bachelors,,, Craft-repair,,, Female,-3031.0458984375,-33.24352264404297,, United-States, >50K
,,, HS-grad,,,,,,,,,,, <=50K
36.5202522277832,,,,8.546424865722656,,,,,,,,,,
,,,,,,,,,,,,,,
,,, 10th,, Never-married, Handlers-cleaners,,,,,,41.63995361328125,,
, Private,,,9.586706161499023, Divorced,,,,,,,,,
,,183947.109375,,,, Prof-specialty,,,,,,,, <=50K
,,,,,,,,,,,,,,
41.17039489746094,,188047.765625,,,,,,,,,,, United-States,
35.11857986450195,,,,,,,,,,,,34.77717590332031, United-States,
, Private,,,,,, Not-in-family, White,,,,39.98737335205078,, >50K
37.24723434448242,,,,,,,,,,,,,,
,,,,12.778218269348145,,,,,,737.6446533203125,,43.70238494873047, United-States,
,,,,, Divorced,,,,,-1767.8363037109375,,,, <=50K
,,,,,,,,,,,,, United-States,
,,,,,,,,,,,,,,
20.318687438964844, Private,, HS-grad,, Divorced,,,,,,,29.721303939819336,, <=50K
,,,,,,,,, Male,,,,,
,,,,,, Prof-specialty, Husband, White,,,110.33757019042969,,,
, Private,196178.15625,,,,,,,,,,,,
,,,,,,, Husband,, Female,,,,,
,,,,12.588640213012695,,,,,,,,, United-States,
,,,,9.848992347717285,,,,, Female,,,48.11564254760742,,
,,, Bachelors,,,, Husband,,,,,,,
34.5638427734375,,, Some-college,12.259817123413086, Married-civ-spouse, Craft-repair,,, Male,,190.44461059570312,53.54429626464844, United-States,
43.15742874145508,,, HS-grad,,, Craft-repair, Husband,, Male,,,, United-States,
,,,,,,,,,,1244.986572265625,,,,
,,, HS-grad,,,,,,,,,37.868927001953125,,
31.08921241760254,,,,, Married-civ-spouse,,, White,,,,,,
,,,,,,,,, Male,331.4210205078125,,44.69070816040039,,
,,,,, Widowed,,,,,622.3299560546875,,,,
,,,,,,,,,,,,,,
47.69987106323242,,,,,,, Unmarried,,,,,,,
,,,,13.2093505859375,,,,, Male,,,56.72187805175781,,
39.91671371459961,,,,,,, Husband,, Male,,,, United-States,
,,,,, Divorced, Prof-specialty,,,,,,41.05891418457031,,
,,, Bachelors,, Never-married,,, White,,523.36376953125,,, United-States,
,,,,, Never-married, Adm-clerical,,,,,,,,
,,,,,,,,,,,,48.20364761352539,,
,,,,9.307012557983398,,,,, Female,,,,,
,,172920.984375, HS-grad,,,, Not-in-family,,,,,,,
,,,,,,,,,,,,,,
,,,,10.240729331970215, Divorced,,,,,,,,,
33.30550003051758,,, HS-grad,,,,,,,,,,,
,,,,,,,,,,,,,, <=50K
,,,,8.121113777160645,,,,,,,,,, <=50K
, Private,,,,, Prof-specialty,,,,,,48.5699462890625, United-States,
,,,,,,,,,,,,36.095760345458984,,
, Private,,,, Married-civ-spouse, Craft-repair,,, Female,,92.26974487304688,,,
,,,,,, Craft-repair,, White,,,,,,
,,, HS-grad,,,,,,,,,,,
, Private,,,,, Craft-repair,,, Male,,,,,
37.95098876953125, Private,, Some-college,10.061558723449707,, Craft-repair,, White,,,,,,
,,,,, Never-married, Adm-clerical,,,,,,, United-States,
, Private,,,, Divorced, Prof-specialty, Not-in-family,,,,,,, >50K
, Private,,,, Married-civ-spouse, Craft-repair,,,,,55.78595733642578,, United-States,
,,,,,, Craft-repair,,,,-113.7232666015625,56.847843170166016,,,
43.174800872802734, Private,, HS-grad,10.799884796142578,,, Husband,,,,,,,
,,189554.265625,,,,,,,,,,,,
,,,,,, Adm-clerical,, White,,,,,,
,,,,,,,, White,,,-33.72676086425781,,, >50K
29.64635467529297, Private,,,, Married-civ-spouse,,,, Female,,66.11920166015625,,,
,,,,,, Adm-clerical,,,,,,38.58046340942383,,
,,,,, Never-married,,,,,,,,,
35.28420639038086,,, Bachelors,, Married-civ-spouse,,, White,,1063.257568359375,,,,
,,,,, Divorced,,,,,,,,, <=50K
,,,,, Married-civ-spouse,,,,,5074.21533203125,,42.47757339477539,,
,,,,,,,, White,,,,, United-States,
44.063594818115234,,, HS-grad,,,,, White,,99.7784423828125,,,,
, Private,,,9.247404098510742,,,, White,,,,, United-States,
,,176914.640625,,,,,,,,-2311.44287109375,,,, <=50K
, Private,,,9.635903358459473,,,,,,289.2730712890625,,,,
,,,,,,,, White, Male,3856.41796875,209.28468322753906,,,
,,,,9.212894439697266,,, Own-child,,,,,,, <=50K
, Private,,,,, Prof-specialty,,,,,,43.278968811035156,,
45.671356201171875,,,,11.328587532043457,,,,,,,,,,
,,,,,,,,,,,,,,
, Private,,,,,,,,,,,,, >50K
, Private,,,,, Craft-repair,,,,,,, United-States,
, Private,200441.328125,,,,,,,,,,,, <=50K
,,,,,, Craft-repair,, White, Female,,,,,
,,,,,,,, White,,,,36.88738250732422,,
,,,,, Married-civ-spouse,,,,,352.83795166015625,,, United-States,
,,,,,,,,,,,,,,
,,,,,,, Husband,,,1421.1015625,,, United-States,
,,,,,,,, White,,-4046.603515625,,,, <=50K
,,186925.015625,,7.98459005355835, Married-civ-spouse,,,, Female,,,, United-States, <=50K
,,,,9.554018020629883,,,,,,,,,,
,,, Some-college,, Married-civ-spouse,,,,,,,48.35625457763672,,
, Private,, HS-grad,,, Machine-op-inspct,,,,,,,,
,,, Bachelors,,,,, Asian-Pac-Islander,,-3590.9560546875,,,, >50K
,,, HS-grad,,,,,,,,,, United-States,
,,,,,,, Own-child,,,,,,,
,,, Some-college,,,,,,,,,44.24281692504883, United-States,
, Private,,,, Married-civ-spouse,,, White,,,,,,
,,,,,, Craft-repair,,,,-3791.08447265625,,, United-States, <=50K
31.20855140686035,,, Some-college,, Married-civ-spouse, Sales,, White,,,,,,
, Private,,,,,,,,,,,,,
41.85508346557617,,,,,,,, White, Male,,223.41336059570312,, United-States,
,,, Bachelors,,, Prof-specialty,,,,,,40.3621826171875,, >50K
,,,,,,,,,,-2987.7626953125,,, United-States, <=50K
,,, HS-grad,, Married-civ-spouse,,,, Male,,,,,
,,,,,,,, White,,,,,,
,,,,, Never-married, Adm-clerical,,,,,,,,
, Private,,,,,,,,,,,32.26683044433594, United-States, <=50K
,,,,,,,,,,,,,,
,,,,,, Craft-repair,,,,,,,,
,,174375.0, HS-grad,, Divorced,,,,,,,,,
,,191159.546875, HS-grad,,,,,,,,,,,
,,, HS-grad,9.4856538772583,,,, White,,,,, United-States,
, Private,,,,,,,,,,,, United-States,
38.12001419067383,,,,,,,,,,1658.951904296875,,,,
, Private,, Some-college,,,,, White,,-3707.1435546875,-72.74362182617188,,, <=50K
,,196359.75,,, Never-married,,,,,483.6568603515625,,39.66459274291992,,
,,176580.359375,,,, Prof-specialty,,,,,,,,
,,,,, Married-civ-spouse,,,,,599.0206298828125,,43.11067199707031,,
41.795806884765625,,, HS-grad,10.584704399108887,,, Husband,,,,,,,
, Private,,,,,,,,,,,40.99673080444336,,
,,,,,,,,,,-146.0428466796875,,,,
34.83332061767578, Private,,,,,,, White,,,,,,
29.083831787109375,,,,10.057204246520996, Married-civ-spouse,,,,,265.82305908203125,,,,
, Private,,,10.09160327911377,, Craft-repair,,,,,,,,
,,172252.953125,,,,,,,,432.6632080078125,63.84132766723633,, United-States,
,,,,,,,,,,,-77.0518798828125,, United-States, <=50K
,,,,11.470762252807617,,,,,,,,,,
,,,,12.141868591308594,,,,,,4100.04345703125,184.87637329101562,,,
,,,,10.860708236694336, Married-civ-spouse,, Not-in-family,,,,,,,
,,,,14.725390434265137,, Exec-managerial,,,,,-170.81178283691406,,,
,,, HS-grad,,,, Not-in-family,,,-3392.20703125,-51.18135070800781,38.108280181884766,, <=50K
,,, HS-grad,,,,,,,,,,, <=50K
,,,,,,, Wife,,,,,,,
,,204945.28125,,8.916436195373535,,,,,,,48.77629852294922,38.71897888183594,,
32.1929931640625,,178456.4375,,,,,,,,,,45.019195556640625,,
,,, Bachelors,,,, Husband,,,,,48.23172378540039,,
42.123756408691406,,,,,,,,,,,,,,
,,, HS-grad,,,,, White, Male,,,44.985389709472656,,
,,153174.8125,,, Widowed,,, White,,,,,, <=50K
, Private,208463.078125,,,, Machine-op-inspct,,,,,,,,
,,,,,,, Not-in-family,,,,,,,
,,, HS-grad,,, Craft-repair,,,,,,, United-States,
,,,,, Married-civ-spouse, Exec-managerial,, White,,,,,,
,,,,,,,, White,,,,,, <=50K
31.948787689208984,,,,,,,,,,,,,,
,,,,, Married-civ-spouse,, Not-in-family,,,,,,,
,,,,10.018303871154785,,,,,,,,,,
,,,,9.091743469238281,,,,,,,,,,
26.027725219726562,,,,,, Adm-clerical,,,,,,, United-States, <=50K
,,,,,,,, White,,,,,,
,,169348.046875,,,, Exec-managerial, Husband,,,,,49.77743148803711,,
, Private,, Some-college,10.402348518371582,, Craft-repair, Husband,,,,,,,
34.953250885009766,,,,,,,,, Male,,77.24646759033203,46.01176452636719,,
,,,,,,,,,,,,,,
,,211548.171875,,, Never-married,,,,,,-9.637794494628906,,,
38.95927429199219,,,,,,,,,,,,,, <=50K
,,,,,,,, White, Female,,,,, <=50K
, Private,,,,,,,,,,,,, <=50K
39.310089111328125,,,,,, Prof-specialty, Not-in-family,,,,,,,
26.093822479248047,,,,, Never-married,, Not-in-family,,,,,, United-States, <=50K
,,,,, Married-civ-spouse,,,,,,,44.690059661865234,,
,,,,10.176769256591797,,,, White,,,,, United-States,
,,,,,,,, White,,-1304.3236083984375,,39.65715789794922,, >50K
,,,,, Never-married,,,,,,,,, <=50K
,,173869.53125, HS-grad,,,,,,,,,,,
,,,,,,,,, Male,,,, United-States,
,,178748.984375,,,, Other-service,,,,211.08819580078125,,,,
,,,,,, Craft-repair,,,,,,,,
,,, HS-grad,8.815195083618164,, Farming-fishing,,,,,-37.57721710205078,,, >50K
,,,,, Married-civ-spouse, Exec-managerial, Not-in-family,,,,,, United-States,
,,,,,, Craft-repair,, White,,,,45.023193359375,,
,,, HS-grad,,,,,, Male,,171.4947967529297,50.09583282470703,,
,,,,,,,,, Male,499.58197021484375,,,,
, Private,,,10.456777572631836,,, Not-in-family,,,,,38.920448303222656,,
,,,,,,, Own-child,,,,,,,
, Private,,,,,,,,,,,34.11552047729492, United-States, <=50K
,,,,,,, Not-in-family,,,-3212.88134765625,,, United-States, <=50K
,,,,, Never-married,,,,,,,,,
,,,,,,, Husband, Asian-Pac-Islander,,4257.71435546875,250.66961669921875,,,
,,183053.0625,,,,,,,,,,,,
,,, Some-college,,, Exec-managerial,,,,,,,,
,,,,9.246333122253418, Never-married,, Own-child,, Female,,,, United-States, <=50K
,,,,,,,,,,4343.22021484375,,,,
,,193353.765625,,,,, Not-in-family,,,-3829.4248046875,-68.32295227050781,,, <=50K
, Private,,,,,,,,,,,,,
,,,,, Never-married,,,,,,,,,
27.42862319946289, Private,,,, Married-civ-spouse,,, White, Male,,,,,
,,,,,,,,,,,,,, <=50K
,,,,,,,,, Female,,54.292152404785156,, United-States,
,,,,,,, Husband,,,265.51776123046875,,41.727420806884766,,
,,,,,, Craft-repair, Husband,,,,,,,
,,,,10.296896934509277, Married-civ-spouse,,,, Female,,,48.39314270019531,,
,,,,,, Adm-clerical,, White,,218.99871826171875,,, United-States,
,,,,,,,,,,,64.47926330566406,41.423980712890625,,
,,,,, Never-married,,, White,,493.05389404296875,,,,
,,,,,,,,, Female,,86.90819549560547,49.71928405761719,,
,,, HS-grad,,,, Husband,, Male,,,,,
,,,,, Never-married,,,,,,,,,
44.44647216796875,,,,,,, Husband,,,,,44.3914680480957, United-States,
,,,,10.10505485534668,, Craft-repair,,,,,,,,
,,190268.828125,,,,,, White,,,,,,
,,, Bachelors,, Married-civ-spouse,,,,,,,, United-States,
45.60650634765625,,,,,,, Husband,,,,,,,
32.09710693359375,,, HS-grad,8.592988967895508,,,,,,,,,,
, Private,,,,, Prof-specialty,,,,,,,,
,,169290.125, Bachelors,,, Exec-managerial, Husband,,,,,,,
41.16511535644531,,, Bachelors,,,,,,,,79.89017486572266,43.71209716796875, United-States,
,,,,,, Adm-clerical,,,,,,,,
,,181947.125,,,,,,,,,,,,
,,, HS-grad,,,, Own-child,,,,,, United-States, <=50K
34.25908660888672,,,,9.506326675415039,,,,,,,,41.03818893432617,,
39.873260498046875, Private,,,10.195483207702637,,,,,,,,,,
,,,,11.228218078613281, Married-civ-spouse,,,,,,,,,
,,,,,,, Husband, White,,,,, United-States,
, Private,,,,,, Not-in-family,,,,,,,
,,,,,,,, White, Male,296.0595703125,,,,
, Private,,,,,, Husband,,,-793.4169921875,,,,
,,,,,,, Husband, White,,,,,,
,,,,, Never-married,,,, Female,,,,, >50K
, Private,187976.53125,,, Married-civ-spouse,,,,,,,47.117923736572266, United-States,
, Private,190686.609375,,,,, Husband,, Male,,,53.9713249206543,,
43.47553253173828,,218726.25,,,,,,, Male,,,,,
,,, Bachelors,,,,,,,845.3980712890625,,,,
,,, HS-grad,,,,,, Male,,,,,
,,,,, Never-married,,,,,,,,,
,,184834.59375,,,,,,,,,,, United-States,
,,,,,, Other-service,,,,,57.37328338623047,,,
,,,,,,, Husband,,,,,,,
33.98117446899414,,,,, Married-civ-spouse, Exec-managerial,, White,,,,,,
,,,,,,,, White,,,,,,
,,,,, Married-civ-spouse,, Husband,, Male,,,,,
35.3266716003418,,198904.359375,,, Married-civ-spouse,,, White,,3387.73876953125,,,,
, Private,,,,,,,,,,,,, <=50K
,,179162.03125,,,,, Not-in-family,,,,,,,
,,,,,,,,,,,,37.92967224121094,, <=50K
,,,,,,,, White,,,,42.303470611572266, United-States,
,,,,,, Other-service,,,,,,,, <=50K
,,,,,,,, White, Male,,76.84153747558594,,,
,,,,8.915453910827637,,,,,,-2252.55859375,,,, <=50K
37.338802337646484,,, HS-grad,,,,,,,,,,,
,,,,10.795662879943848,,,,,,,66.38147735595703,,,
,,212887.796875,,,,, Husband, White, Male,,,,,
34.03196716308594,,,,8.402667999267578,, Other-service,,,,,,,, <=50K
,,,,,,,,,,1602.5743408203125,,,,
,,,,,,, Husband,,,,,, United-States,
,,, Bachelors,,,,,,,,,,,
32.35274887084961,,,,,,,, White,,,,37.966243743896484, United-States,
,,197338.28125, HS-grad,,,,,,,,,,,
39.00350570678711,,,,,,,,,,,61.88066864013672,,,
,,204770.0,,,,,,, Male,,,,,
,,188069.9375,,8.444765090942383,,,,,,,,,, <=50K
,,,,,,,,,,,,,,
, Private,,,10.642460823059082,,,,, Male,3580.84130859375,192.29931640625,, United-States,
,,193316.203125,,7.944218635559082,,,, White, Female,-3136.13525390625,,,, >50K
35.747467041015625, Private,, Bachelors,,,,,,,761.51318359375,,,,
, Private,214910.3125,,11.169527053833008,,,,, Male,1149.828125,,,,
,,197705.625, Bachelors,, Married-civ-spouse, Exec-managerial,,,,,,,,
,,,,7.03903865814209,,,,,,,,,, <=50K
,,, Bachelors,,,,,,,,,38.944087982177734,,
,,,,10.4142427444458,, Craft-repair,,,,451.4669189453125,,42.63063430786133,,
,,,,7.623532295227051, Never-married,,,, Female,,-53.43864440917969,,, <=50K
,,, HS-grad,8.284969329833984,, Other-service,,,,-3286.7861328125,,,, <=50K
, Private,,,9.079723358154297,,,,, Female,,,45.384483337402344,,
, Private,182236.765625,,,,,,,,-225.8831787109375,37.512489318847656,36.08451461791992,,
, Private,,,, Married-civ-spouse,,,,,266.82855224609375,,40.3438720703125, Philippines,
,,180127.75,,9.753728866577148,,,,,,,,38.35823440551758,,
,,, Some-college,, Divorced,,, White,,,,36.701515197753906, United-States,
, Private,206467.0625,,,,,, White, Female,,,,, <=50K
,,200013.796875, HS-grad,, Married-civ-spouse, Craft-repair, Not-in-family,,,,,,,
,,, Bachelors,,, Prof-specialty, Husband,,,,,,,
,,, Some-college,,,,,,,,,, United-States,
,,,,10.185314178466797, Never-married,,,,,,,,,
,,197194.890625,,, Married-civ-spouse,,,, Male,,,,,
,,, HS-grad,,,,,,,,49.54898452758789,, United-States,
28.25054359436035, Private,,,,,,,,,,,35.879066467285156,, <=50K
,,,,, Married-civ-spouse,,,,,3354.37255859375,,45.574066162109375, United-States,
,,,,,,,,,,-4328.40087890625,,,, <=50K
36.20999526977539,,, Bachelors,,,,,,,,,,,
31.726001739501953,,186812.71875,,, Married-civ-spouse,,,,,3548.12451171875,,40.071990966796875,,
,,186274.203125,,,,,,, Male,,229.6246337890625,,,
38.63695526123047,,205316.953125,,, Married-civ-spouse, Craft-repair,, White, Male,3356.017578125,200.2261505126953,54.49046325683594, United-States,
,,,,,,,,,,,,,,
,,,,,,,,,,,,,,
,,184927.46875,,,,, Husband,,,-2221.18603515625,,,,
, Private,195830.40625,,,,,,,,,,40.401790618896484,,
, Private,,,,, Machine-op-inspct,,,,,,,,
,,,,10.220983505249023,,,, White,,80.1639404296875,,43.21178436279297, United-States,
,,,,, Married-civ-spouse,,,, Female,,76.28119659423828,,,
,,,,10.440895080566406,, Craft-repair,, White, Male,,,50.08419418334961, United-States,
,,,,,,,,,,,68.06907653808594,,,
,,,,11.032899856567383,,,,,,,,,,
,,, HS-grad,8.497254371643066, Never-married,, Own-child,,,,,,, <=50K
33.63261795043945,,,,10.686675071716309, Married-civ-spouse,,,,,,,,,
,,,,,,,,,,,,,,
,,,,,, Craft-repair, Husband,, Male,,,,,
,,, HS-grad,,,,, White,,,,31.054197311401367,, <=50K
,,196194.484375, HS-grad,,,,,,,-3962.18359375,,, United-States, <=50K
34.046714782714844, Private,,,11.197993278503418, Married-civ-spouse,, Not-in-family,,,3378.4970703125,,,,
,,,,,,,,,,436.86260986328125,,39.53750991821289,,
,,,,,, Craft-repair, Husband,, Female,,,46.71955490112305,, <=50K
, Private,,,,,,,,,,,,, <=50K
42.79766845703125,,,,,,, Husband,,,,,,,
,,,,,,, Husband,,,,,, United-States,
,,, HS-grad,,,,,,,,,,, <=50K
, Private,,,,,,,,,,,,,
,,,,, Married-civ-spouse,,,,,,,,,
, Private,, Some-college,,, Adm-clerical,, White,,,,36.9562873840332,,
34.49528503417969,,,,10.421831130981445,,,,,,632.7145385742188,,,,
, Private,,,,,, Husband,, Male,,,,,
,,199946.015625,,, Married-civ-spouse,, Husband,, Male,,,,,
, Private,,,,,,,,,,41.37596130371094,33.40087127685547,,
,,184376.765625, Some-college,11.683954238891602,,,,,,,,, United-States,
, Private,180151.125, HS-grad,,, Craft-repair,,,,,56.29673767089844,,,
, Private,200807.703125,,,,, Not-in-family,,,100.47314453125,,44.039058685302734,,
34.853614807128906,,,,9.82484245300293, Married-civ-spouse,, Not-in-family,,,,,, United-States,
,,,,,,, Husband, White,,,,,,
,,,,9.983170509338379,,,,,,,70.11662292480469,,,
,,200632.4375, HS-grad,,,,,, Male,,,,,
,,,,, Divorced,,,,,,,39.73310470581055,,
, Self-emp-inc,, Prof-school,, Married-civ-spouse,,,,,,,,,
,,,,,, Craft-repair,,,,3324.98974609375,181.34552001953125,,,
36.84928894042969,,,,, Never-married,, Not-in-family,,,,61.451210021972656,,,
46.925811767578125, Private,,,12.4921875,, Exec-managerial, Wife,,,,193.14892578125,44.09855651855469,,
,,, Some-college,10.804165840148926,,, Own-child,,,-224.03125,,,,
33.28683853149414,,,,,,,,,,,,36.176536560058594,,
26.149208068847656,,,,, Never-married,,,,,-1438.6380615234375,,, Taiwan, <=50K
,,195612.40625,,11.338006973266602,,,,,,,,,,
,,,,,,, Husband,, Male,,,, United-States,
,,,,,,,,,,,,,,
39.04505920410156, Private,,,,,, Not-in-family,,,,,,,
,,, Some-college,, Never-married,, Own-child,,,,60.71105194091797,46.39316177368164,,
,,,,7.268500328063965,,, Not-in-family,,,-3332.93994140625,,,, <=50K
36.19620895385742,,,,,,, Not-in-family,,,,,,, <=50K
38.2994499206543,,,,,,, Not-in-family,,,,,42.09334182739258,,
,,,,,,,,,,365.69012451171875,64.87498474121094,36.403778076171875,,
, Private,,,,, Exec-managerial, Husband, White,,4320.7587890625,,, United-States,
33.60832214355469,,,,,,,,, Female,,,42.967628479003906,, >50K
43.86521911621094,,,,,,,,,,,,, United-States,
,,,,,,,,,,,,, United-States,
, Private,,,12.620987892150879,,, Wife,,,,,,,
,,,,,,,,,,,,,,
26.607227325439453,,,,6.681421279907227,,,, White, Female,,,, United-States, <=50K
, Private,,,,,,, White,,,-124.57321166992188,,, <=50K
,,,,9.36793041229248,,,,,,,,,,
,,,,,,,,,,186.775146484375,35.30068588256836,35.40629196166992,,
, Private,175900.546875,,,, Other-service,,,,,,,, <=50K
,,,,,,,, White,,,,,,
,,, HS-grad,,,,,, Female,-3572.34326171875,,,, <=50K
, Private,,,,,, Not-in-family,,,,,,,
,,205239.203125,,,,,,,,,12.77935791015625,,,
, Private,,,8.933076858520508, Never-married,,,,,,,38.89389419555664,,
,,,,,, Craft-repair,, White,,,68.87567138671875,, United-States,
, Private,,,,,, Husband,,,417.55230712890625,,,,
,,,,,,,,,,,,,,
,,,,10.927640914916992, Never-married,,, White,,,,,,
47.091636657714844,,,,,,, Not-in-family,,,,,,,
,,,,,,,,,,,,,,
28.689903259277344,,,,, Married-civ-spouse,,, White,,,,, United-States,
,,, HS-grad,,,,,,,-3451.5439453125,,37.01863479614258, United-States, <=50K
23.164653778076172,,, Bachelors,, Married-civ-spouse, Prof-specialty,,, Female,,,,, >50K
,,171426.53125,,,,,,,,,,, United-States,
,,,,8.41592788696289,,,, White,,,,, United-States,
,,, Bachelors,,,,,,,,,,, <=50K
, Private,,,,,,, White,,,,, United-States,
, Private,,,,,,, White,,,194.6171875,,,
,,198164.625,,11.03341293334961,,,, White,,-312.4681396484375,,,,
, Private,190153.40625, Bachelors,,, Craft-repair,,, Female,,,,,
34.344947814941406,,,,,,,,,,,49.88523864746094,,,
,,, HS-grad,,,, Own-child, White,,,,,, <=50K
,,,,10.494921684265137,,,,,,,31.925331115722656,,,
,,,,10.791298866271973, Married-civ-spouse,,, White,,,,,,
22.20002555847168, Private,, HS-grad,7.163890838623047, Married-civ-spouse,,, White, Female,,,,, >50K
,,,,,,,,,,,,,,
34.480621337890625,,,,,, Adm-clerical,,,,192.60943603515625,,,,
35.519222259521484, Private,191972.359375,,,,,,, Male,,,,,
,,,,,,,,,,,,,, <=50K
,,,,,,,, White, Male,,,47.81962203979492,,
31.041778564453125,,,,, Married-civ-spouse, Prof-specialty,,, Female,,,,,
,,199056.71875,,10.828346252441406,, Craft-repair,,,,,,,,
,,,,,,,,,,,,,,
, Private,176404.171875, HS-grad,,,, Not-in-family, White,,,,38.76179122924805,,
, Private,,,, Divorced, Prof-specialty,, White,,,,, United-States,
,,163395.875,,,,, Husband,,,,,,,
,,,,10.031563758850098,,,,,,,52.33440399169922,,,
,,204900.34375,,,,,,,,,,,,
,,,,,,,,,,59.36297607421875,,, United-States,
,,,,, Never-married, Other-service,, White,,,,,, <=50K
,,,,, Married-civ-spouse, Craft-repair,,,,-408.3603515625,33.42562484741211,42.85649108886719, United-States,
,,188686.5,,8.405336380004883,,,,,,,-91.58978271484375,,, <=50K
,,,,8.36600399017334,,,,,,,,,,
,,,,,,,, White,,,,, United-States,
,,, Bachelors,,, Exec-managerial,,,,,,48.65354919433594,,
,,,,11.353360176086426,,,,, Male,3763.51025390625,,,,
,,194787.3125,,, Married-civ-spouse, Exec-managerial,,,,,,,,
,,,,,,,,,,,,34.72499465942383,,
,,, Bachelors,,,,,,,,,, United-States,
,,,,,,,,,,,,45.07465744018555,,
,,,,,,, Unmarried,,,-186.1580810546875,,, United-States,
, Private,, HS-grad,,,,,,,,,,,
,,,,, Never-married,,, White,,-3283.77783203125,,32.013954162597656,, <=50K
,,,,,, Adm-clerical,, White,,,,,,
,,195272.640625,,,,, Not-in-family,,,-182.0472412109375,,,,
32.13385009765625,,,,,,,,,,,,, United-States,
,,,,,,,,,,,,, United-States, <=50K
,,,,,, Craft-repair,,, Female,223.8797607421875,,47.82951736450195,,
,,,,,,, Husband,,,5356.9765625,,,,
, Private,184661.484375,,,,,,,,,,,,
,,,,9.848387718200684,, Craft-repair,,,,,69.58348083496094,, United-States,
,,198355.984375,,, Never-married,,,,,,,,, <=50K
32.97515106201172,,,,,,,,,,,,,,
, Private,,,,,,,,,,,41.21257781982422,,
, Private,,,,,,, White,,,-71.83172607421875,,, <=50K
, Private,,,,,,,,,739.0255126953125,70.24951934814453,,,
, Private,,,11.117081642150879,,,,, Male,,,51.28400802612305,,
37.17365646362305, Private,,,10.453157424926758,, Craft-repair,,,,,,44.77619934082031, United-States,
,,, Bachelors,,,, Husband,, Male,,,,,
,,,,,,, Husband, White,,,81.02304077148438,,,
,,,,,,, Husband,, Male,,,,,
,,,,,,,,,,-1004.1417236328125,,,,
,,,,,, Other-service,, White,,-269.0230712890625,,,,
,,,,, Never-married,,,,,-3590.05810546875,,,, <=50K
,,, Some-college,11.067129135131836, Never-married,,,,,,,,,
36.52973937988281,,,,,,,, White,,,76.36287689208984,,,
,,,,,,,,,,,,,,
,,,,,,, Husband,,,,,,,
33.737518310546875,,194111.796875,,,,, Not-in-family,,,,,40.566776275634766,,
, Private,,,9.291115760803223,,,,,,,,,,
,,,,,,,,,,,,, United-States,
,,,,,,,, White, Male,,,,,
,,, Bachelors,,,,, White,,,,,,
,,,,,,,, White,,,84.17872619628906,,,
,,192301.890625,,,,, Not-in-family,,,,,,, <=50K
,,,,,,,,,,,180.08102416992188,,,
37.140380859375,,,,7.950303077697754,,, Not-in-family,,,,,,, >50K
, Private,,,,, Craft-repair,,, Male,,,, United-States,
43.0172119140625,,,,,,,,, Male,,,,,
33.496063232421875,,,,,, Craft-repair,,, Female,,,, United-States,
39.28006362915039,,,,,, Craft-repair, Husband,, Female,,,,,
, Private,, HS-grad,, Married-civ-spouse,,, White,,,,,,
,,, HS-grad,,,,,,,,,, United-States,
, Private,,,11.007081031799316,, Adm-clerical, Not-in-family, White,,,,,,
,,, Bachelors,,,, Wife,,,,,,,
,,, Some-college,, Never-married,,,,,,,,,
,,,,, Never-married,,,,,,,,,
,,,,,,,,,,,29.217792510986328,,,
,,,,, Married-civ-spouse,,,,,,,,,
,,, Bachelors,,,,,,,,,,,
26.537466049194336,,,,, Divorced,,, White,,-15.7359619140625,,,,
,,196156.375,,10.007002830505371,,,,,,,,,,
,,200627.796875,,,, Craft-repair, Husband,,,,,,,
,,, HS-grad,7.766727447509766,,,, White,,,,,, <=50K
,,,,11.843621253967285,,,,,,,,,,
,,194756.3125, HS-grad,,, Other-service,,,,,,,,
,,, Some-college,, Married-civ-spouse,,,,,117.2860107421875,,,,
,,,,,,,,,,,,,,
43.42799377441406,,,,,,,,,,,,,,
,,,,,,,,,,1405.8826904296875,,40.31636428833008, United-States,
,,,,, Married-civ-spouse,,,,,,,,,
,,, HS-grad,,,,,,,-116.0687255859375,,,,
,,,,8.723567962646484,,,,, Male,-120.8489990234375,,,,
,,,,, Divorced, Adm-clerical,, White,,,45.4580192565918,, United-States,
,,,,9.72791576385498,, Craft-repair,,, Male,,103.94766235351562,,,
,,186940.40625,,,, ?, Husband,,,,-27.840293884277344,39.35733413696289,, <=50K
,,184797.234375, Some-college,10.709351539611816, Never-married, Adm-clerical,,,,,26.288951873779297,, United-States,
,,202990.796875, Some-college,,, Other-service,,,,,,,,
37.314090728759766, Private,,,,,,, White,,,,,,
,,, HS-grad,,,,,,,,,,, <=50K
,,,,,,, Not-in-family,,,,,,,
,,, Some-college,11.734728813171387,,,, White,,3053.810546875,,,,
,,,,8.606897354125977,, ?, Not-in-family,,,,,40.84463882446289,, >50K
,,,,,,,, White,,381.66204833984375,,,,
,,,,, Divorced,,, White,,,,,,
,,197733.21875,,,,,, White,,,,,, <=50K
,,, HS-grad,,,,,,,,,,, <=50K
, Private,,,,,,,,,,,,,
,,,,,,,,,,,,,,
,,,,,,,,,,,,36.61533737182617, United-States, <=50K
28.439220428466797, Private,188267.546875,,9.861912727355957,, Craft-repair,,,,,,,,
, Self-emp-inc,194666.515625,,,, Craft-repair,, White, Male,,,,,
37.523128509521484,,,,,,,,, Female,,57.745540618896484,,,
,,197171.28125, Some-college,, Never-married,,,,,,,,,
,,,,,,,,,,,,,,
,,,,,,,,,,,,, United-States,
,,,,,,,, White,,,,,, <=50K
,,,,,,,,,,5252.78125,237.14352416992188,,,
33.10883331298828,,,,, Married-civ-spouse, Sales,,,,,,, United-States,
, Private,,,11.212183952331543,,,,,,,193.06307983398438,,,
, Private,, HS-grad,,, Craft-repair,,, Female,,,, United-States,
,,,,,,,,,,,,,,
, Private,176444.015625,,, Married-civ-spouse,,,,,4422.30126953125,204.28721618652344,,,
,,,,,,,,,,,31.597427368164062,,,
,,,,, Married-civ-spouse,,,,,,199.85397338867188,,,
47.296634674072266,,,,,,,, White,,,,,,
38.13760757446289,,190891.390625,,,,,,,,,,,,
,,,,,,,,,,1447.2218017578125,,,,
,,,,,,, Unmarried,,,,-49.88923645019531,34.86363983154297,, <=50K
,,,,,, Prof-specialty,, White,,,,42.77608871459961,,
, Private,,,9.438323974609375,, Craft-repair,,, Female,,,,,
38.72825622558594,,, HS-grad,,,, Not-in-family,,,,40.16026306152344,,,
,,204544.328125,,,,,,,,,,, United-States,
28.460777282714844,,193243.359375,,, Married-civ-spouse, Other-service,,,,,,,,
, Private,,,,,, Husband, White,,-79.9515380859375,,43.26863098144531,,
23.323318481445312, Private,, Some-college,, Married-civ-spouse,,,,,,,39.32891845703125, United-States,
, Private,174379.890625,,8.6864013671875,,,,,,,,33.85123062133789,,
45.33332824707031,,198439.5625,,11.969176292419434,, Craft-repair,, White,,3751.10888671875,,,,
,,,,11.328325271606445,,,,,,,213.84133911132812,,,
,,,,,,,,,,,,,,
,,,,,, Craft-repair,,,,,,42.66853332519531,,
48.36143112182617,,,,8.765190124511719,,, Husband,, Male,-7.9820556640625,,,,
40.47257995605469,,,,,,,,,,,,,,
,,, Bachelors,,, Craft-repair,, White, Male,,,,,
, Private,,,,,,,, Male,,206.07379150390625,,,
,,,,,, Other-service,,,,,,,, <=50K
,,,,,,, Husband,,,,,,,
,,,,, Never-married, Sales,,,,,,,,
,,185248.015625, HS-grad,,,,,,,,17.055435180664062,,,
,,181381.09375,,,,,,,,,,,, <=50K
40.20273971557617,,,,,,,,, Male,,,,,
37.895259857177734,,,,10.878273963928223,, Adm-clerical, Not-in-family,,,,,39.876502990722656,,
,,,,,,,,,,,49.71102523803711,,,
,,180904.28125, Bachelors,,,, Husband,,,,,,,
, Private,204690.40625,,,,, Own-child,,,,,,,
38.503414154052734, Private,, HS-grad,10.412352561950684,,,,,,,,,,
,,,,,,,,,,,,,,
,,199432.921875,,,,, Husband,,,,,45.29815673828125,,
,,189249.921875,,,,, Husband,,,,,,,
,,,,10.456690788269043, Never-married, Other-service,,,,,,37.3706169128418,,
,,,,, Never-married,, Not-in-family,, Female,,-44.242950439453125,,, <=50K
,,184910.28125,,,,,, White, Female,584.8388671875,103.04405975341797,,,
,,,,,,, Not-in-family, White,,,,,,
,,,,,,,,,,,,,,
,,,,,,,,,,,,,,
,,,,,,, Husband,, Male,4086.10302734375,,,,
, Private,,,, Never-married,,,,,,,,, <=50K
,,,,,,,,,,,,,, <=50K
,,,,,,,,, Male,,,53.270790100097656,,
,,,,, Married-civ-spouse,,,,,4563.00439453125,,,,
,,,,, Married-civ-spouse, Craft-repair,,, Female,,88.0194091796875,,,
, Private,203184.40625,,,,,, White,,,,,,
,,,,, Widowed,,,,,,,31.425804138183594,, <=50K
43.853782653808594,,,,,,,,,,,,, United-States,
36.039093017578125, Private,,,,,,,,,-204.63330078125,,39.2725715637207,,
,,,,,,,, White, Male,,,, United-States,
28.220870971679688,,,,, Married-civ-spouse, Craft-repair,,,,,,, United-States,
,,, HS-grad,, Divorced, Adm-clerical,,,,,,39.77080535888672,,
,,,,9.87326717376709,,,,,,,70.66741180419922,, United-States,
,,,,,,,,,,,175.52175903320312,,,
,,,,10.528926849365234, Married-civ-spouse,,,, Female,485.94354248046875,85.29966735839844,50.249732971191406,,
,,178227.953125,,8.518173217773438,,,,,,,,, United-States,
,,194243.953125, Some-college,,, Craft-repair,,,,,,, United-States,
, Private,,,, Never-married,,,,,38.8426513671875,36.36594009399414,,,
, Private,,,,,,,,,,,, United-States,
,,196160.421875,,7.665368556976318,,,,, Female,,,,, >50K
41.31045150756836,,,,,,, Husband,, Male,,,,,
,,,,,,,,, Male,,,45.828670501708984,,
, Private,, HS-grad,,,, Not-in-family,,,-77.1236572265625,,,,
, Private,,,,, Craft-repair,,, Female,,-40.15576171875,,, <=50K
45.716583251953125,,, Some-college,,, Adm-clerical,, White,,,,,, <=50K
,,,,8.597944259643555, Never-married,,,,,,,,, <=50K
,,184315.15625,,, Never-married,,,,,,,,,
, Private,,,,,,,,,925.5083618164062,,, United-States,
36.437400817871094,,,,,,,,, Female,-1310.6666259765625,-12.089462280273438,,, >50K
36.40446853637695,,,,,, Other-service,, White,,,,,, <=50K
,,182380.109375,,,,,, White, Female,,,,, >50K
,,188022.703125,,10.58537483215332,,,,,,,63.70020294189453,,,
,,,,,,,,,,,,47.279666900634766,,
,,,,,,,,,,3484.6484375,,,,
,,,,,,,, White,,,101.26771545410156,,,
,,,,,, Prof-specialty,,,,,,44.33314514160156,,
, Private,, HS-grad,, Married-civ-spouse,, Not-in-family, White,,-108.5242919921875,,,,
,,,,, Married-civ-spouse,,,, Male,,,,,
,,188187.65625,,,,,,,,,,, United-States,
,,, Some-college,11.214678764343262,,,,,,375.57379150390625,,,,
,,,,7.86467170715332,,, Not-in-family,,,,,, United-States, <=50K
, Private,,,,,,,,,,,,,
39.217315673828125,,,,,,,,,,-4044.8056640625,,40.42346954345703,, >50K
39.94830322265625,,193837.375,,,, Craft-repair,, White,,,,,,
40.634521484375,,, HS-grad,,,, Husband, White,,,,,,
,,,,,,,,,,,,,,
,,178764.109375,,9.21310806274414,,,,,,,,,,
, Private,,,,,,, White,,,,,, <=50K
,,206213.796875,,,,,,, Male,,,,,
31.483959197998047,,, Bachelors,,,,,,,,-100.19490051269531,,, >50K
,,,,,,,,, Male,,,,,
31.00786590576172, Private,,,9.625102043151855,,,,,,,,41.26621627807617,,
,,,,,,, Unmarried,,,,-48.848052978515625,,, <=50K
,,, Some-college,,, Craft-repair,,,,,,,,
, Private,,,,,,, White,,,,, United-States,
24.120155334472656, Private,, HS-grad,, Married-civ-spouse,,, White,,,,,,
,,,,, Divorced,,,,,,,,, <=50K
,,,,,, Adm-clerical,, White,,,,, United-States,
, Private,,,7.383113861083984,,,,, Female,,,41.68405532836914,, <=50K
32.20436096191406, Private,185129.59375,,,,,,,,,,,,
,,208600.90625,,,,,,, Male,,62.62749481201172,, United-States,
32.35493087768555,,,,,,,,,,,,,, <=50K
, Private,,,, Married-civ-spouse,,, White,,,,,,
, Private,,,,, Craft-repair,,, Female,417.68682861328125,,49.703128814697266,,
,,195991.015625,,,,,,,,,46.621803283691406,,,
,,,,,, Other-service,,,,,,37.15141296386719,,
,,,,,,, Not-in-family,,,,,,,
,,185610.3125, HS-grad,,,,,,,,,,, <=50K
,,, Some-college,,,, Not-in-family,,,,,44.12770080566406,,
,,,,,,,,,,,,34.26424789428711,, <=50K
,,172580.296875,,,,, Not-in-family, White,,,,,, <=50K
,,,,, Married-civ-spouse,,,, Male,,,, United-States,
,,,,,,,,,,-3764.5478515625,,, United-States, <=50K
25.358810424804688,,,,,,,, White,,,,,, <=50K
36.307830810546875, Private,180406.09375,,,,,, White,,573.51318359375,,, United-States,
,,,,8.548131942749023,, Adm-clerical,, White,,,,,, <=50K
,,, Some-college,,,,,,,,,, United-States,
,,217936.5, 11th,,,, Own-child,,,,,,,
,,220414.65625,,,,,,,,,40.88717269897461,37.70365524291992,,
,,,,8.857403755187988,,, Own-child,,,,,,, <=50K
, Private,,,,, Prof-specialty,,,,,,40.69913101196289,,
41.30019760131836,,, Bachelors,,,,,,,4169.3212890625,,,,
,,,,, Never-married,,, White,,,,,,
,,177058.953125, Masters,, Married-civ-spouse, Prof-specialty,,,,,,49.2943115234375,,
, Private,202256.140625,,, Never-married,,,,,,,,, <=50K
,,,,,,,,,,,,, United-States,
,,, HS-grad,,,, Not-in-family,,,,,, United-States, <=50K
,,180751.90625,,,, Craft-repair,,,,,185.82266235351562,47.05149841308594,,
31.29667854309082,,,,, Married-civ-spouse, Exec-managerial,, White,,,78.60420227050781,,,
,,,,,, Craft-repair,,,,,,,,
,,,,,,,,,,-2548.60693359375,-37.372406005859375,,, >50K
,,197933.0,,, Never-married, Craft-repair, Own-child,,,,,, United-States,
,,,,,,, Own-child,,,,,, United-States,
33.94462203979492,,, HS-grad,, Married-civ-spouse,,,,,,,46.174476623535156,,
,,,,,, Craft-repair,,, Female,,,,,
,,,,,,, Husband,, Male,,50.240482330322266,,,
,,,,, Never-married,,,,,,44.119625091552734,,,
,,181244.34375,,,,,,,,,,38.03782653808594, United-States, <=50K
,,,,12.20806884765625,, Craft-repair, Husband,, Male,,,,,
,,,,,,,, White,,-125.822509765625,,,,
39.956661224365234,,,,,, Adm-clerical,,,,,,,,
,,,,8.197009086608887,,,,,,,,, United-States,
,,190969.8125, 7th-8th,,,,,,,-823.6895751953125,,, United-States,
,,,,,,, Husband,, Male,,,,,
,,,,,,, Husband,,,,238.96707153320312,,,
,,,,7.230175971984863,,, Not-in-family,,,,,,, <=50K
23.54619789123535, Private,,,, Divorced,,, White,,,,, United-States,
, Private,,,,, Craft-repair, Husband,,,,,,,
,,,,, Never-married,,,,,,15.11669921875,41.1662483215332,,
,,,,11.750543594360352,,,, White,,,,,,
,,175029.1875,,10.542065620422363,,,,,,325.2703857421875,58.872215270996094,,,
25.84758758544922,,, HS-grad,, Married-civ-spouse,,, White,,-25.8104248046875,,,,
,,,,,, Craft-repair,,,,,48.362491607666016,,,
, Private,, HS-grad,,,,,,,,,40.48629379272461, United-States,
36.33732223510742,,,,,, Craft-repair,,,,,56.53596115112305,44.29585266113281,,
,,,,, Married-civ-spouse,,,, Female,,,,,
,,,,, Married-civ-spouse,,, White,,,,,,
,,,,,,,,, Male,-3358.35595703125,,39.47415542602539,, <=50K
,,,,,,,,,,,,,, <=50K
,,,,8.668059349060059,, ?,,,,,,,, <=50K
,,,,8.964874267578125, Never-married,,,,,,,,, <=50K
,,184917.203125, Some-college,,, Craft-repair, Husband,,,,,49.209983825683594,,
,,212933.5,,,, Craft-repair,, White,,,,,,
,,, Bachelors,,, Protective-serv,,, Male,,,,,
,,187726.703125,,, Married-civ-spouse,,,, Male,,,,,
37.79849624633789,,,,9.98779296875,,,, White,,292.0645751953125,53.708892822265625,34.09519577026367,,
42.52935028076172, Private,,,,,,,,,,,, United-States,
24.55706024169922,,,,,,,, White,,-3099.7822265625,,,, <=50K
,,, HS-grad,,,,,,,,,,, <=50K
,,195307.5625,,,,, Own-child,,,,,,,
39.34306335449219,,184532.90625, Some-college,10.474115371704102,, Craft-repair,,,,278.80975341796875,,,,
,,,,,,,,,,,194.906494140625,43.168155670166016,,
,,160744.171875, Bachelors,,,,,,,,,42.34480285644531,,
37.76509475708008,,,,, Married-civ-spouse,,, White, Male,,,,,
35.51170349121094,,,,,,,,,,,,,,
41.82570266723633,,,,,,,,,,,205.2737274169922,,,
,,, Bachelors,,,,,,,70.5782470703125,,, United-States,
,,,,, Married-civ-spouse, Craft-repair, Not-in-family,,,388.156494140625,,, United-States,
27.516315460205078,,,,, Married-civ-spouse,,,,,,,41.34051513671875,,
,,,,, Divorced,,,,,,-60.400360107421875,,, <=50K
,,192576.203125,,7.816341400146484,,,,, Female,,,42.661739349365234,, >50K
,,,,,,,, White,,,,,,
,,172203.625, Some-college,,,,,,,,,,, <=50K
34.86245346069336, Private,, HS-grad,,,, Not-in-family,,,-128.147705078125,,44.56402587890625, United-States,
,,,,9.076019287109375,, Other-service,,,,,,,, <=50K
27.720172882080078,,,,8.738777160644531, Married-civ-spouse,,, White, Female,,,45.690185546875,, <=50K
, Private,,,,,,, White,,,,47.63585662841797, United-States,
, Private,,,,,,,,,,-36.29859924316406,,, <=50K
,,, Bachelors,,, Exec-managerial,,,,,150.15159606933594,,,
30.51173210144043,,,,, Married-civ-spouse,,,,,,,,,
,,,,,,,,,,,,,,
,,,,,,,,,,647.64453125,,,,
,,,,,,, Husband,,,,,48.296566009521484,,
,,,,8.552458763122559,,,,,,470.43304443359375,,,,
, Private,,,,,,,,,4145.8134765625,,47.38831329345703,,
41.0838508605957,,,,,,,,,,,,,,
,,,,, Married-civ-spouse, Exec-managerial,,,,,,, United-States,
,,,,,,,,,,,,, United-States, <=50K
41.50486755371094,,,,,,,,,,,204.8544921875,,,
,,, HS-grad,,,,,, Male,-628.5478515625,34.35549545288086,, United-States,
, Private,,,,, Sales,, White,,,,,,
,,,,, Never-married, Other-service,,,,,,, United-States, <=50K
,,,,,,, Husband, White,,3163.138671875,,,,
,,, HS-grad,,,,,, Male,,,,,
40.92418670654297, Private,200940.6875,,,,, Not-in-family, White,,,41.51162338256836,,,
,,,,,, Prof-specialty,,,,,206.60997009277344,,,
, Private,,,,,,,,,,,,,
34.763938903808594,,,,9.04099178314209,,, Husband,, Male,,,,,
,,,,,,,,, Male,,,,,
,,,,, Never-married,,, White,,,,,,
,,,,, Divorced,, Not-in-family, White,,,,,,
47.54026794433594,,,,,, Prof-specialty,,, Male,,224.2085723876953,53.91551971435547,,
,,,,,,,,,,-208.7762451171875,,31.946903228759766, United-States,
29.392955780029297,,178444.078125, HS-grad,,,,,,,,,,,
36.51026153564453,,,,,,,,, Male,,85.84685516357422,,,
,,,,, Married-civ-spouse, Prof-specialty, Not-in-family, White,,1843.235595703125,124.36294555664062,46.22445297241211,,
,,,,9.424612998962402,,,,, Male,,74.06692504882812,, United-States,
, Private,, Some-college,, Married-civ-spouse, Exec-managerial,,,,,,,,
,,,,9.415461540222168,,,,,,-2425.8056640625,,,, <=50K
,,,,11.23631763458252,, Adm-clerical, Not-in-family, White,,,,, United-States,
33.57313919067383,,,,,,,,, Female,,-34.11662292480469,, United-States, >50K
, Private,,,,,,,,,,,,, <=50K
,,,,,,,, White,,,141.55648803710938,,,
37.325416564941406,,,,, Never-married,,, White,,,,, United-States,
,,, 10th,, Divorced,,,,,,,,, <=50K
50.94342041015625,,,,,, Prof-specialty,, White,,,,,,
31.978416442871094,,, Bachelors,, Married-civ-spouse,, Not-in-family,,,,,,,
,,,,,, Craft-repair, Husband,,,72.029052734375,,,,
,,,,,,, Own-child,,,,,,,
,,,,10.28142261505127,,,,,,,,,,
, Private,, Bachelors,,,,,,,,,,,
,,,,8.720890045166016,,,, White, Male,,,, United-States,
45.563568115234375, Private,,,9.124878883361816,,,, White,,,,,,
,,, HS-grad,, Married-civ-spouse,,,,,,,,,
,,186928.25, HS-grad,,,,,,,,,36.2136116027832, United-States,
, Private,,,,, Other-service,,,,,30.114585876464844,,,
,,,,,,, Not-in-family,,,,,,,
,,,,,,,,,,,,,,
,,, Bachelors,,,, Husband, White, Male,,,,,
,,,,, Never-married,,, White,,,,,,
,,, Some-college,,,,, Black,,,23.673534393310547,31.435585021972656,,
,,,,, Married-civ-spouse,,,,,,,,,
,,, HS-grad,, Married-civ-spouse,, Husband,, Male,,,51.68703842163086,,
,,,,9.9210205078125,,,,,,36.5772705078125,,, United-States,
,,,,,,,,,,617.649169921875,,,,
,,,,,,,,,,3063.301513671875,,44.00662612915039,,
,,,,, Married-civ-spouse,,, White,,1918.479248046875,,, United-States,
37.838626861572266,,, HS-grad,,,,,,,-534.8035888671875,,,,
, Private,,,,, Craft-repair,,, Male,,,,,
, Private,,,7.6762871742248535, Divorced,, Not-in-family, White,,-3081.076171875,,,, <=50K
,,, HS-grad,, Never-married, Craft-repair, Own-child,,,,,, United-States,
, Private,,,,,,,, Male,-44.890380859375,,47.891536712646484,,
,,,,,, Prof-specialty,,,,,,37.56563949584961,,
,,,,,, Prof-specialty,,,,,,48.50975799560547,,
,,, HS-grad,9.615044593811035,,,,, Male,,,, United-States,
,,166220.34375,,, Never-married, Adm-clerical,,,,,,,, <=50K
, Private,184177.03125,,,,,,,,,,, United-States,
,,196676.09375,,,,,, White,,,,,,
,,,,,, Adm-clerical,, Asian-Pac-Islander,,,,,, <=50K
,,186329.328125,,,,, Husband, White, Male,,,,,
,,,,, Married-civ-spouse,,,, Male,,,,,
26.3701114654541, Private,188052.53125,,, Never-married,,,,,,,, United-States,
,,,,,,,,,,,,,, <=50K
,,184503.71875,,,,, Husband, White,,,-43.802764892578125,, United-States, <=50K
,,,,7.3657965660095215,,,,,,,,, United-States, <=50K
, Private,, HS-grad,8.338478088378906,,,,,,,,,,
,,,,,,,, White,,,,,,
, Private,202434.3125,,,,,,,,,,38.93185806274414,,
,,,,, Married-civ-spouse,,,,,,,,,
, Private,178445.8125, HS-grad,,,,,,,-375.123291015625,,,,
,,,,,,,,,,,,,,
,,,,, Never-married,,,,,,,,,
,,,,, Married-civ-spouse, Craft-repair,,,,391.58203125,,,,
41.78746032714844, Private,202544.3125,,,,,,, Male,,,,,
,,,,,,, Not-in-family,,,-3891.828125,,,, <=50K
,,, Prof-school,,,, Husband,,,,,,,
,,181322.625,,9.451020240783691,, Adm-clerical,,,,,,,, <=50K
, Private,,,,,,,, Male,-2086.35791015625,,46.935062408447266,,
,,,,11.61297607421875,,,,,,,,,,
,,,,, Married-civ-spouse,,,,,,151.6907958984375,,,
,,191760.828125,,10.060677528381348,,,,,,,,,,
,,174255.03125,,, Divorced,,,,,226.60174560546875,,,,
,,,,,,,,,,,,41.538177490234375, United-States,
,,,,,,,,,,,,42.206111907958984,,
,,,,,,, Husband, White,,,77.5829849243164,,,
,,184119.546875,,, Married-civ-spouse,,,,,,,,,
,,, HS-grad,,,,,,,-3160.7451171875,,,, <=50K
37.188194274902344,,,,,, Craft-repair,,,,-129.1434326171875,34.32255554199219,,,
,,, HS-grad,,,,,,,,,,,
,,165340.671875, HS-grad,,,,,,,,,, United-States, >50K
30.854345321655273,,,,, Married-civ-spouse,,,,,283.7259521484375,,,,
,,,,9.658839225769043,,,,,,,119.32000732421875,43.16701889038086,,
,,192804.90625,,,,,,, Female,,,,,
,,,,11.374683380126953,,,,,,,,,,
,,,,,, Protective-serv, Husband,, Male,,,,,
,,, Some-college,,,,,,,,,,,
,,, 7th-8th,, Widowed,,,, Female,-3431.6474609375,-77.18864440917969,41.84603500366211,, <=50K
,,,,, Married-civ-spouse,,,,,1240.144287109375,,,,
,,,,,,,, White,,,192.8539581298828,46.58446502685547,,
,,,,,,,,,,-87.343017578125,,,,
42.10386276245117,,,,, Married-civ-spouse,, Not-in-family,,,,,,,
,,, Some-college,,,,,,,,,, United-States,
,,, Some-college,9.464177131652832,,,,,,,,,,
,,,,, Married-civ-spouse, Exec-managerial,, White,,,,44.47934341430664,,
,,187668.703125, Some-college,11.77355670928955,,,,, Male,,209.766845703125,,,
,,178596.84375, HS-grad,8.245043754577637, Divorced,,,,,,,,, <=50K
35.07410430908203,,,,,,, Not-in-family,,,,,43.360748291015625,,
,,,,, Never-married,,,,,-3891.10791015625,,, United-States, <=50K
,,,,,,,,,,-1759.1561279296875,-4.9554290771484375,,, >50K
48.77642059326172, Private,,,12.553634643554688,, Craft-repair, Husband, White,,,,,,
, Private,,,, Never-married,,,, Female,,,, United-States, >50K
,,,,10.945576667785645,,, Own-child,,,-745.6519775390625,,,,
,,, Bachelors,,,, Not-in-family, White,,,,,, <=50K
,,190241.875,,,,,, White,,,,, United-States,
, Private,188892.15625,,,, Other-service, Unmarried,,,,-72.49668884277344,,, <=50K
,,,,,,,,,,,,,,
, Private,,,8.826828956604004,,, Unmarried,,,,,, United-States, <=50K
,,174812.859375, Masters,, Married-civ-spouse,, Not-in-family,,,,213.92129516601562,, United-States,
,,182423.9375,,8.23583984375,,, Not-in-family,,,-3013.36962890625,,, United-States, <=50K
30.34637451171875, Private,,,,,,,, Male,,,,,
,,,,,,,,,,,,,,
,,,,,, Adm-clerical,, White,,2794.34521484375,,, United-States,
,,,,,,,,, Female,,,,,
,,,,9.987431526184082,,,,,,,44.036354064941406,,,
, Private,,,,,, Husband,,,-943.6181640625,,,,
, Private,,,,,,,,,,,,,
, Private,,,,,,,,,,,,,
,,213943.0625, HS-grad,,,, Husband,, Male,,46.28927993774414,46.82056427001953,,
,,203663.078125,,, Married-civ-spouse,,,, Female,,,50.87214279174805,,
,,,,, Married-civ-spouse,, Not-in-family,,,,,,,
,,, HS-grad,,,,,,,,,,,
, Private,,,,,,,,,-15.52783203125,,,,
,,,,,,,,,,,,,, <=50K
36.40119934082031,,,,10.736115455627441, Married-civ-spouse, Craft-repair, Husband,, Female,,115.86325073242188,51.078948974609375,,
,,, HS-grad,,, Other-service,,,,,,36.49225616455078,,
,,,,10.573553085327148,, Craft-repair,,, Male,,,,,
, Private,,,, Married-civ-spouse,,, White,,,171.38839721679688,45.274253845214844,,
,,,,10.154422760009766,,,,,,,,,,
,,,,,,,, White,,803.4771118164062,,40.03795623779297,,
,,205976.109375,,10.100234031677246,,, Husband,, Male,,,,,
,,,,, Married-civ-spouse,,,,,,,,,
,,204909.5,,,,,,, Female,,,41.773681640625,, <=50K
33.75409698486328,,,,8.901053428649902,,,, White,,,-32.53630828857422,, United-States, <=50K
,,,,,, Craft-repair,,, Male,,,,,
29.363590240478516,,178639.765625,,,,,,,,,,,,
,,, HS-grad,,,,,,,-3361.30126953125,,,, <=50K
,,,,, Married-civ-spouse,,,,,,,42.560630798339844,,
,,,,,, Craft-repair,,, Female,,,,, <=50K
,,207080.03125,,,,,, White, Female,,,42.7727165222168,, <=50K
,,, Some-college,,,,,, Female,-471.927001953125,,, United-States,
,,,,,, Craft-repair,, White,,,,,,
21.627704620361328,,,,, Never-married,,,,,,,, United-States,
,,186869.796875,,, Never-married,, Not-in-family,,,-90.0196533203125,,, United-States,
36.743534088134766, Private,,,11.3064546585083,,,,,,,163.2421875,,,
,,213917.90625,,,,,, White, Male,-465.3409423828125,,42.59237289428711,,
35.44041061401367,,,,, Never-married,, Not-in-family,,,,,,,
28.001312255859375, Private,,,, Married-civ-spouse,,,, Female,,41.81983184814453,,,
40.45781707763672, Private,,,,,,,,,,,41.02192306518555,,
,,184703.3125,,,,,,,,,,,, <=50K
,,,,, Widowed, Adm-clerical, Unmarried,,,,,,, <=50K
, Private,,,,,,,,,,,,,
,,,,12.273991584777832,, Craft-repair,,,,,,, United-States,
, Private,, Some-college,9.591073989868164,,,, White,,,53.245933532714844,,,
,,,,, Married-civ-spouse,,, White,,,,,,
,,,,8.680282592773438,,,, White, Male,,,,,
,,, 11th,, Never-married,,,,,,,,,
, Self-emp-inc,171826.984375, Bachelors,,,,,, Male,,,, United-States,
28.568584442138672,,,,, Married-civ-spouse,,,,,,,,,
,,,,6.761049270629883,,,,, Female,,,40.736122131347656,, <=50K
,,189991.0625,,,,,,,,,,,,
38.076053619384766, Private,,,,,,,,,,146.73033142089844,,,
,,,,,,, Husband,, Male,,,,, >50K
,,,,10.72412109375,,,,,,,,,,
,,,,, Never-married,,,,,,,42.14871597290039, United-States,
,,,,,,,,, Male,,,, United-States,
35.65485763549805,,195872.703125,,, Married-civ-spouse, Exec-managerial,,,,3937.14013671875,,,,
,,180077.46875,,,,,, White,,,,,,
, Private,,,,,,,,,,44.46759796142578,,,
, Private,,,, Married-civ-spouse,,, White,,2295.497802734375,,44.603981018066406,,
,,, Some-college,,,,, White,,,,,,
,,,,,, Adm-clerical,,,,-2019.2025146484375,-49.544586181640625,33.122806549072266,, <=50K
, Private,,,9.875032424926758, Never-married,,, White,,,,,,
,,, Bachelors,,, Prof-specialty,,,,,,,,
, Private,,,, Never-married,, Own-child,, Female,,,,, <=50K
,,, HS-grad,, Never-married, Craft-repair,, White,,,54.986976623535156,,,
, Private,,,,,,,,,,,,, <=50K
,,,,,,,,,,,,,,
37.49216079711914,,,,,,,, White,,,,,,
,,, Bachelors,,, Craft-repair,,, Male,,185.9105987548828,55.37832260131836,,
,,,,,,, Husband,,,,,,,
,,203712.09375,,,,,,, Male,319.5108642578125,,,,
34.673030853271484,,, HS-grad,, Divorced, Adm-clerical, Not-in-family, White,,,,40.624324798583984,,
,,,,10.480384826660156, Married-civ-spouse,,,, Female,,,,,
,,193179.078125,,,,, Husband,, Female,,,, Taiwan, <=50K
,,,,, Married-civ-spouse,, Own-child,, Female,,,,,
,,,,,,,,,,,,,,
, Private,,,,,,,,,,,,,
42.951385498046875,,,,,,,,, Male,,,,,
,,,,, Married-civ-spouse,,,, Female,,106.03439331054688,, United-States,
,,, Some-college,, Never-married,, Own-child,,,,,,,
,,,,, Married-civ-spouse,, Not-in-family, White,,,,, United-States,
,,174012.28125, Some-college,,, Adm-clerical, Wife,,,,,,,
,,183147.171875,,10.908849716186523, Married-civ-spouse, Exec-managerial,,,,468.09771728515625,,, United-States,
,,,,, Never-married,,,,,,,,,
,,,,,,,,,,,,, United-States,
,,, HS-grad,,,,,,,,,,,
,,, HS-grad,,,,,,,,,,,
,,, HS-grad,,, Craft-repair,,, Female,,,, United-States, <=50K
,,,,,, Adm-clerical,,,,,,,,
,,196591.546875, 10th,,,,,,,,,, United-States,
,,, Some-college,,,,,,,,,,,
39.572601318359375, Private,209687.125,,,, Priv-house-serv, Not-in-family, White,,-3485.3876953125,,39.598785400390625,, <=50K
,,, HS-grad,, Married-civ-spouse,, Husband,, Female,,,50.39481735229492,,
, Private,,,,,,, White,,,,, United-States, <=50K
,,,,8.237269401550293,,,,, Female,630.7548828125,56.169769287109375,,,
,,,,,,,,,,,,,, >50K
,,,,,,, Not-in-family, White,,-2723.99462890625,,, United-States, <=50K
, Private,, HS-grad,,,,,,,,,,,
,,,,,,,,, Male,,,,,
39.39201354980469,,,,,,,,,,,,,,
,,,,10.1471529006958,,, Husband,, Male,,,,,
,,181397.09375,,, Married-civ-spouse, Adm-clerical,,,,,,44.41183853149414, United-States,
,,,,8.055588722229004,,,,, Female,,,, United-States, <=50K
, Private,,,,,,,,,,,,,
,,,,,,,, White, Male,,,, United-States,
,,,,,,, Husband, White, Male,,,46.54636764526367,,
,,,,,,,, White,,3780.80029296875,,,,
,,, Bachelors,,, Prof-specialty, Wife,,,,,,,
,,, Bachelors,,,,, White,,3657.99072265625,194.80352783203125,,,
42.88655090332031,,,,,,,, White,,3000.9931640625,176.2430419921875,,,
,,,,,,,, White,,-163.701904296875,,,,
37.89573669433594, Private,,,,,,,, Male,,70.79644775390625,46.83484649658203,,
,,,,,,,,,,-3681.43896484375,,,, <=50K
, Private,190783.5,,,, Craft-repair,,, Female,-3198.70068359375,,,, >50K
35.18368148803711, Private,,,, Married-civ-spouse,,, White,,,,, United-States,
,,,,,,,,, Male,,,,,
30.207965850830078,,, HS-grad,, Married-civ-spouse, Craft-repair,,,,,,43.96574020385742,,
,,187687.734375,,,, Craft-repair,, White, Male,,,,,
,,, Bachelors,,,,,, Male,,,, United-States,
37.907447814941406,,,,,,,, White,,,55.97549819946289,37.71442794799805,,
,,,,,,, Husband,, Male,5080.02490234375,,,,
,,, HS-grad,,,,, White,,,,, United-States,
27.1451416015625,,,,,,,,,,,,,,
,,,,,,,,,,,,,, <=50K
,,,,, Never-married,, Own-child,,,,,,,
,,,,, Never-married,,,,,136.0142822265625,,36.17584228515625, United-States,
,,181097.90625, HS-grad,,,,,, Male,342.21533203125,,,,
,,, HS-grad,,,,,, Male,,76.752685546875,,,
,,,,12.15242862701416,,,,,,,,,,
45.94127655029297,,, Some-college,11.844636917114258,,,,,,,,,,
,,,,12.397317886352539, Married-civ-spouse,,,,,,,,,
,,,,,,,,,,,,,,
36.056549072265625,,193357.9375,,,,,,,,,64.09176635742188,, United-States,
, Private,,,,,,, White,,,,,,
, Private,198041.0625,,11.095702171325684,,,,,,,,,,
,,, HS-grad,,,,, White,,,,,,
,,, HS-grad,,,,,,,,,38.77461624145508, United-States,
,,,,, Never-married,,,,,,49.97856521606445,,,
46.29118347167969,,,,12.108562469482422,, Craft-repair, Husband,,,3894.5732421875,,,,
, Private,,,,,,, White,,,,,,
,,,,, Married-civ-spouse,,,,,,,,,
,,,,,,, Husband,, Male,,,, United-States,
,,185090.0,,, Married-civ-spouse,,,,,,,,,
,,,,,,,,, Male,,,, United-States,
, Private,191344.84375,,,,,,,,-165.56201171875,,,,
28.927947998046875,,,,,,,, White,,,,, United-States,
,,,,, Never-married,,,,,,,37.5905876159668,, <=50K
43.181495666503906, Private,,,,,, Unmarried,,,,,,, <=50K
, Private,,,,,,, White,,,,38.660423278808594, United-States,
,,180770.515625,,,,, Not-in-family,,,,,,, <=50K
40.03803634643555,,193362.875,,13.07363510131836, Married-civ-spouse, Adm-clerical, Not-in-family,,,4063.85986328125,,,,
,,200732.9375,,, Never-married,,,,,-268.1563720703125,,,,
39.02778625488281,,195520.75,,,,, Husband,, Male,,,,, <=50K
, Private,, Bachelors,,,,,,,,,,,
,,,,,,, Husband,,,,197.82467651367188,,,
,,,,,,,,,,-1899.2940673828125,,, United-States, >50K
,,,,9.19436264038086,,,,,,630.5128173828125,,,,
,,182578.953125,,,, Craft-repair,,,,,,, United-States,
, Private,, HS-grad,,, Craft-repair,,,,,,,,
24.881183624267578,,,,8.7461519241333, Married-civ-spouse,,,,,,,, United-States,
,,, HS-grad,,,, Not-in-family, White,,,,,, <=50K
43.43260192871094,,216591.734375,,,,,,,,,46.733577728271484,,,
42.78974151611328,,, HS-grad,,,,,,,,,34.567039489746094,,
,,190438.78125,,,,,, White,,,,,,
,,186911.125,,10.199660301208496, Married-civ-spouse,,,, Female,556.3505859375,,49.06507873535156,,
,,,,,,,,, Male,,,47.80508804321289,,
,,187248.9375,,,,,,,,,,,,
,,, Bachelors,, Married-civ-spouse,, Not-in-family,,,,,,,
, Private,208759.78125,,,,,,,,-351.77880859375,,,,
, Private,,,,,, Not-in-family,,,,,,,
, Private,,,,,,,,,,,,,
,,,,,,, Wife,,,,81.19104766845703,,,
,,185017.9375,,, Never-married,,,,,,,35.58564376831055,,
,,,,,,, Husband,,,,162.1678466796875,,,
, Private,194568.734375, HS-grad,,,, Husband,, Female,,-43.06221008300781,,, <=50K
,,,,,,,,,,398.3720703125,,,,
40.13898849487305,,,,10.21853256225586,, Craft-repair,,,,,76.67495727539062,,,
40.035614013671875,,,,,,, Husband,,,,,, United-States,
, Private,,,,,,,, Male,,,,,
,,,,,,,,,,,,,,
30.35856056213379,,, HS-grad,, Married-civ-spouse,,, White, Female,,,,,
33.827205657958984,,,,9.278684616088867,,,,,,149.5982666015625,,,,
,,,,,,, Husband, White,,,,,,
,,206186.6875,,,, Craft-repair,, White,,,,,,
42.866939544677734,,, Some-college,,, Adm-clerical,,,,188.180419921875,,,,
,,168894.90625,,,,,,,,,,,, >50K
, Private,,,6.095739364624023,,,, White, Male,-3151.50927734375,,,, >50K
,,,,8.898701667785645,,,, White,,25.777099609375,,,,
32.534339904785156,,,,, Married-civ-spouse,,,,,,,40.31657028198242,,
, Private,,,,,,,,,,,, United-States,
, Private,181497.984375,,,,, Not-in-family,,,,,,, <=50K
,,, Some-college,, Married-civ-spouse,, Not-in-family, White,,,,45.1499137878418,,
,,,,,,,,,,,,36.78295135498047,, >50K
, Private,,,7.944349765777588,, Craft-repair,,,,,,,, >50K
,,,,,,,,,,,,39.614933013916016,, >50K
,,,,9.61625862121582,,,,,,,,41.825836181640625,,
,,,,,,,,,,,,,,
,,,,, Never-married,,,,,,,,,
,,,,7.082084655761719,,,,,,-3360.494140625,,,, <=50K
,,,,,,,,,,,48.327415466308594,,,
,,,,,, Craft-repair,,, Male,,,, United-States,
,,,,, Never-married,,,,,,52.03334426879883,36.98674392700195, United-States,
,,,,11.865133285522461, Divorced, Exec-managerial, Not-in-family,,,,117.18952941894531,,,
, Private,,,,, Exec-managerial,,,,4625.9951171875,,,,
,,, HS-grad,,,,,,,,,,,
,,,,10.24586009979248,,,,,,,,, United-States,
,,192952.046875,,, Married-civ-spouse,,,, Female,-2761.37255859375,,43.39236068725586,, <=50K
, Private,,,,,, Husband,, Male,-178.6185302734375,,, United-States,
,,,,,, Prof-specialty,, White,,,,, United-States,
,,,,, Married-civ-spouse,,,,,,35.30995178222656,,,
,,,,,,, Husband,, Female,,,,, <=50K
,,,,,,,,,,,,,,
,,,,,,,,,,,,,,
32.10283279418945,,189856.71875, HS-grad,, Married-civ-spouse, Craft-repair,,,,,,45.12394332885742,,
,,,,,, Exec-managerial,, White, Male,,,, United-States,
48.162960052490234,,199641.828125,,,,,,, Male,,,,,
,,, Bachelors,, Never-married, Prof-specialty,,,,,,,,
,,,,,, Other-service,, White,,-3257.29052734375,,,, <=50K
,,,,,, Sales,,,,,,,,
,,,,,,,, White,,,,,, <=50K
,,187798.5625,,,,, Husband,,,5002.92626953125,,, United-States,
, Private,182256.109375,,9.197672843933105,,,,,,,,,,
, Private,,,,, Craft-repair,,,,,,,,
32.88628005981445,,,,,,,,,,,,,,
47.6221923828125,,, Bachelors,,, Prof-specialty,,,,,178.2891845703125,48.96290588378906,,
,,,,,,,,,,,46.90204620361328,,,
38.63276672363281,,190274.8125,,,,,,,,10.5526123046875,,41.94190979003906, United-States,
27.47693634033203,,,,, Married-civ-spouse,,,,,177.0325927734375,,,,
,,,,12.6432466506958,,,,, Male,,,,,
38.42694091796875, Private,,,,, Craft-repair,,,,,,,,
, Private,,,,, Adm-clerical,,,,,49.067893981933594,39.697265625,,
, Private,,,,, Prof-specialty,,,,-1559.7833251953125,,,, >50K
30.969249725341797,,,,,,,,,,,,,, <=50K
, Private,,,,,,,,,,,,,
,,,,, Divorced,,,,,,62.91046142578125,,,
,,,,,, Craft-repair, Husband, White,,,,, United-States,
,,,,12.00351333618164,,,,,,,,,,
,,,,,, Prof-specialty,,, Male,,249.53419494628906,,,
27.422897338867188, Private,, HS-grad,,,, Not-in-family,,,,,,, <=50K
,,,,,,,,, Male,,,51.88784408569336,,
, Private,,,,,,,,,,,, United-States,
,,,,10.208189010620117,,,,,,,,43.734397888183594,,
,,,,7.916616916656494,,,,,,,-55.26953125,,, <=50K
32.952735900878906, Private,,,,,, Husband,, Male,,,,,
,,,,,, Farming-fishing,, White, Female,,,,, >50K
,,,,,,,,,,-484.1632080078125,,,,
,,186981.15625, HS-grad,,,,, White,,259.99053955078125,,,,
, Private,,,,,,, White,,,,,,
32.6978645324707, Private,200398.546875,,, Married-civ-spouse, Craft-repair,,, Female,,,50.74322509765625,,
42.293209075927734,,196488.59375,,,,,,,,,186.5067596435547,,,
37.11018371582031,,200394.6875,,,,,,, Male,,,46.332637786865234,,
,,,,,,,,,,828.130615234375,,, United-States,
,,, 10th,,,,,,,,-111.84494018554688,, Mexico, <=50K
41.678646087646484,,,,,,, Husband,,,,,,,
,,,,11.34392261505127,, Protective-serv,,, Male,1609.482421875,128.82693481445312,, United-States,
,,,,,,,,,,,,,,
, Private,,,, Married-civ-spouse,,,, Male,,,45.42466354370117,,
, Private,189541.296875,,, Married-civ-spouse,,, White,,,,,,
,,, Bachelors,,,,,, Female,,97.43487548828125,,,
,,187736.46875,,, Married-civ-spouse,,,,,,,,,
,,,,,,,,, Male,,,48.21638870239258,,
32.26197814941406, Private,,,, Married-civ-spouse,,,, Female,,,,,
29.764179229736328,,,,,,,,,,588.7086791992188,,, United-States,
,,,,,,,,,,,,,,
28.789695739746094,,,,, Never-married,,, White,,-2910.1005859375,,33.51276397705078,, <=50K
,,,,,,,,,,,,, United-States,
,,,,, Married-civ-spouse, Exec-managerial,,,,,,, United-States,
,,,,, Married-civ-spouse,,,,,,,45.303890228271484,,
,,186099.4375,,,, Adm-clerical,,,,,35.896827697753906,,,
,,198699.671875,,,,,,,,,,,,
, Private,,,, Never-married,, Not-in-family,,,,75.40319061279297,, United-States,
,,, HS-grad,, Divorced, Adm-clerical, Unmarried,,,,,,, <=50K
,,,,,,,,,,,2.3513336181640625,40.10432052612305, Mexico,
,,171160.96875,,,,,,,,,,,,
, Private,,,,,,,,,,,,,
, Private,, HS-grad,,,, Husband, White,,2996.08154296875,190.2655792236328,,,
, Private,, HS-grad,, Never-married,,,,,,-111.38533020019531,,, <=50K
,,,,,, Prof-specialty,,,,,,,, <=50K
37.62327194213867,,,,,,,,,,229.894775390625,,44.416194915771484, United-States,
,,,,, Married-civ-spouse,,,,,,,,,
,,190573.9375,,10.476617813110352,,,,,,,192.92877197265625,,,
,,,,, Divorced, Adm-clerical,, White,,,,,, <=50K
50.82073974609375,,,,,,,, White, Male,,,,,
, Private,,,, Married-civ-spouse,,,,,,,,,
, Private,,,,,,, White,,,,,,
, Private,,,9.144452095031738, Never-married,,,,,,70.07804107666016,,,
45.55821228027344,,,,,,, Husband,,,,,, United-States,
42.967620849609375, Private,,,11.814603805541992,,,,,,592.036865234375,,,,
, Private,212185.21875, HS-grad,,,,, White, Male,,,,,
,,,,,,, Not-in-family, White,,,68.50193786621094,,,
,,,,,,,,,,,,45.22129821777344,,
,,,,,,,,,,,,,, <=50K
, Private,198568.5625,,,,,,, Male,,,,,
,,,,,,,,,,,63.66156005859375,,,
,,,,, Married-civ-spouse,,,,,,56.583168029785156,, United-States,
,,,,,,, Husband,,,4146.74853515625,,,,
,,,,,,, Not-in-family,,,,,,,
,,,,11.93233871459961,,,, White,,,,46.660545349121094,,
,,193598.5,,,,,,, Female,,,, United-States, <=50K
28.424453735351562,,199003.171875,,, Divorced, Adm-clerical,, White,,,,37.412109375,,
,,,,,, Adm-clerical, Not-in-family,,,,,, United-States,
,,202599.296875,,,,,,,,,,,,
,,,,,, Craft-repair, Husband,, Male,,,,,
,,,,,,,,,,-3482.66357421875,,,,
,,171986.0, Bachelors,,,,,,,-2880.787109375,,33.3073616027832,, <=50K
, Private,183971.546875,,7.178443431854248,,,,,,,,,, <=50K
,,, HS-grad,,,,,,,,61.10932159423828,,,
,,192640.484375,,,,, Not-in-family,,,,,, United-States, <=50K
,,, HS-grad,,,,, White,,,,34.68520736694336,,
,,189048.140625,,,,, Not-in-family,,,,52.494686126708984,36.291038513183594,,
29.425121307373047,,,,8.889958381652832,,,,,,,,,,
,,,,10.5392427444458,,,,,,109.34490966796875,,44.88063430786133,,
, Private,, HS-grad,,,,,, Male,3506.1455078125,,, United-States,
,,,,,, Prof-specialty,,,,,,, United-States,
27.463729858398438,,186949.234375,,,,,,, Female,-2457.80126953125,,, United-States, >50K
,,, Some-college,, Never-married,,,,,,,,,
31.792818069458008,,, Some-college,,,,,,,-98.9921875,,, United-States,
48.80851364135742,,,,11.757061958312988,,,,,,,,,,
36.22477340698242,,, 10th,,, Craft-repair,,,,,,,,
,,, HS-grad,11.755058288574219,, Craft-repair,, White, Male,,,,,
25.57813262939453,,, HS-grad,, Never-married, Other-service,,,,,,,, <=50K
,,,,, Never-married,,,,,-850.1239013671875,,,,
, Private,,,, Married-civ-spouse,,, White,,4999.271484375,,, United-States,
,,,,11.708113670349121, Married-civ-spouse,,,,,,,,,
,,,,8.813504219055176,,, Husband, White, Female,,,,, >50K
,,,,,,,, White,,-554.9820556640625,,,,
,,,,,,,,,,,,,,
33.54155349731445,,199171.1875,,, Married-civ-spouse, Craft-repair,,, Female,,89.54117584228516,50.67314147949219,,
,,,,,, Craft-repair,,,,4018.97900390625,,, United-States,
,,, HS-grad,,, Craft-repair, Husband,,,,,,,
,,,,8.867544174194336,,, Husband,,,,,40.36821365356445, United-States,
,,,,,,, Husband,,,,,,,
,,,,,,,,,,,,34.972129821777344,,
, Private,,,10.684619903564453, Divorced,, Not-in-family, White,,88.16741943359375,,,,
35.36342239379883,,,,,,,,,,,,, United-States,
,,,,,,,,,,,,,,
, Private,,,8.657386779785156,,, Own-child,,,,,34.46141815185547,, <=50K
,,,,, Married-civ-spouse,,,,,,42.214149475097656,,,
, Private,184132.921875,,,,,,,,,,,,
, Private,198028.953125,,,,,,,,,,,,
,,,,,,,,,,357.55279541015625,,37.49566650390625,,
,,, HS-grad,,,,,,,,,,, <=50K
44.67361068725586,,, HS-grad,,,, Husband, White,,,,47.27376937866211,,
,,,,11.369274139404297,,, Not-in-family,,,,,,,
,,,,,,,,,,,49.04578399658203,,,
, Private,190215.0625,,,,,,,,,,,,
,,,,,,,,,,,21.08893585205078,36.64506530761719,,
,,,,, Married-civ-spouse,,,,,,,48.299041748046875,,
, Private,,,, Married-civ-spouse,, Not-in-family,,,,,,,
,,,,, Married-civ-spouse,,, White,,-163.6583251953125,,, United-States,
37.519264221191406,,189211.65625,,8.973875045776367,,,,,,,,,,
36.31964874267578, Private,185105.015625, Some-college,,,,, White,,,56.31952667236328,,,
,,,,,, Prof-specialty,,,,,,,,
,,,,,,,,, Male,,,,,
,,, Some-college,, Never-married, Craft-repair, Own-child,, Female,,,,,
39.44901657104492,,,,,,,,,,,,,,
,,,,, Never-married,, Not-in-family,,,,69.7709732055664,,,
,,, Bachelors,,, Sales,,,,,,, United-States,
27.009353637695312, Private,,,,,,,,,,,,, <=50K
32.39270782470703, Private,184011.25, HS-grad,8.358942985534668,, Craft-repair,,,,,,,, <=50K
,,, HS-grad,,, Other-service,, White,,,,38.6358757019043,, <=50K
,,, HS-grad,,,,,, Female,,-45.183837890625,42.757728576660156, United-States, >50K
,,, Some-college,11.36803150177002,,,,, Male,,,,,
36.92475891113281,,,,, Married-civ-spouse, Prof-specialty,,,,,,,,
, Private,,,,,,, White,,,,,,
, Private,213304.0625,,,,, Husband,, Male,,,, United-States,
44.727210998535156,,,,,,,,, Male,,,, United-States,
,,,,,,,,,,,,,,
,,,,, Married-civ-spouse,, Not-in-family,,,-153.3336181640625,,,,
,,,,,,, Not-in-family,,,,112.47598266601562,,,
,,, HS-grad,,,,,,,,,,,
, Private,195428.890625, Some-college,10.738245010375977,,,, White,,,,38.88547897338867,,
,,,,,,,, White,,,,, United-States,
,,,,, Married-civ-spouse,,,, Female,,,,,
46.70719528198242,,,,12.533594131469727,, Exec-managerial,,,,,,,,
,,,,,,,,, Female,,,,,
,,217082.375, 10th,,,, Husband,, Male,,,46.24384307861328, United-States,
,,,,,,,,,,,,37.45848846435547,,
,,,,6.842083930969238,,,,, Male,,,, United-States, <=50K
, Private,,,,,,,,,,,,,
, Private,,,,,,, White,,,,, United-States,
,,,,8.292319297790527, Never-married,,,,,-3152.43310546875,,,, <=50K
, Private,, Some-college,,,,,,,,,41.070255279541016,,
43.38346862792969, Private,, 7th-8th,,, Craft-repair, Husband,, Male,,51.85941696166992,, United-States,
,,,,10.215818405151367,,,, White,,,,,,
,,,,,,, Husband,,,,,,,
,,,,,,,,,,,,, United-States,
44.42965316772461,,195293.40625,,11.973471641540527,, Craft-repair,, White,,,,, United-States,
,,180060.078125,,,,,,,,,58.818092346191406,37.88165283203125,,
29.551021575927734,,, Some-college,10.660378456115723, Divorced,,, White,,,45.7922248840332,37.88135528564453, United-States,
,,,,9.468131065368652,, Adm-clerical,,,,,-49.681671142578125,,, <=50K
, Private,,,,,,,,,,,,,
,,,,,,, Not-in-family,,,,,, United-States,
, Private,197902.0,,9.544609069824219,,,,,,,,,,
, Private,,,,,,,, Female,,,, Mexico, <=50K
,,194847.71875, Bachelors,,,,,,,,,, United-States,
,,,,,,,, White,,,87.81639862060547,,,
,,,,,,,, White,,,,47.4076042175293,,
,,, HS-grad,8.964895248413086,,, Husband,, Male,,70.0196762084961,,,
33.84696578979492,,,,8.342802047729492,,, Husband, White, Male,-2733.40234375,,,, >50K
33.26017761230469,,,,, Married-civ-spouse, Prof-specialty, Not-in-family,,,851.7960815429688,,,,
, Private,176260.875,,,, Priv-house-serv,,,,,,,,
,,,,,,,,, Male,,,,, <=50K
,,,,,,,, White,,,,,,
,,,,,,,,,,-202.8560791015625,43.97343826293945,,,
32.37078857421875,,,,, Married-civ-spouse, Exec-managerial,,,,,197.5972900390625,,,
,,,,,,,,,,,,35.629234313964844, United-States, <=50K
43.58042907714844,,,,,,,, White,,4089.7421875,,46.68560028076172, United-States,
,,167550.4375,,,,,,,,1021.1356811523438,,38.74778747558594,,
25.759708404541016, Private,,,,,,,,,,,,,
, Private,,,,,, Not-in-family, White,,,,,,
42.75291061401367,,, HS-grad,,,,,, Male,,,42.52407455444336, United-States,
27.725000381469727,,,,, Never-married,,, White,,,,, United-States, <=50K
,,,,,, Craft-repair, Husband,,,,,45.28173065185547,,
39.83454895019531, Private,, Bachelors,,, Craft-repair,,, Female,,,,,
, Private,,,,,,,, Male,453.70977783203125,,47.54916000366211,,
,,,,, Married-civ-spouse,, Not-in-family,,,,,,,
, Private,,,, Never-married, Other-service, Own-child,,,,,,,
42.682308197021484,,,,,,,,,,,176.87582397460938,,,
,,,,, Never-married, Adm-clerical,,,,,,,,
,,,,,, Craft-repair,, White,,,,,,
,,,,,,,,,,-5337.35986328125,,35.415252685546875,, >50K
,,,,,,, Not-in-family,,,,,38.48466110229492,,
,,,,, Never-married,,,,,,,,,
34.00010681152344,,, Some-college,,, Craft-repair,, White, Female,115.756591796875,,,,
,,,,8.863943099975586,,,,,,,,,,
,,,,9.859221458435059,,,,,,,,,,
38.70087432861328,,188576.859375,,,,,,,,,,,,
,,,,,,,,,,,,, United-States,
,,, Bachelors,, Married-civ-spouse,,,,,3774.7255859375,186.88385009765625,, United-States,
,,,,, Married-civ-spouse,,,,,345.95147705078125,,41.212379455566406,,
,,,,, Married-civ-spouse,, Not-in-family,,,,92.30967712402344,44.45935821533203,,
,,,,,,,,, Female,,104.89932250976562,,,
,,,,,,,,,,,28.389617919921875,38.32801818847656, United-States,
,,,,,,, Not-in-family,,,,,,,
, Private,207654.140625,,8.663454055786133, Never-married, Priv-house-serv,,,,-2940.54150390625,,,, <=50K
,,,,,,,,,,,,,,
,,,,, Married-civ-spouse,, Not-in-family,,,,,,,
,,,,,,,,,,4161.4677734375,,,,
,,,,,,,, White,,-37.9747314453125,,,,
, Private,186717.640625,,9.916419982910156,,, Not-in-family,,,,,43.789161682128906, United-States,
, Private,,,, Married-civ-spouse, Exec-managerial, Not-in-family,,,,,,,
25.626747131347656,,,,, Married-civ-spouse,,,, Female,,,,, <=50K
41.46839141845703,,,,,, Exec-managerial,,,,,,47.88325119018555,,
29.03466796875,,186308.421875,,, Married-civ-spouse,,, White,,990.711181640625,,,,
,,, Some-college,, Married-civ-spouse, Exec-managerial,,,,,,,,
,,,,,, Prof-specialty,,,,,,, United-States,
,,,,,,,,,,,,,,
26.01372528076172, Private,,,,,,,,,83.97747802734375,,,,
,,,,,,, Husband,, Male,,,49.028141021728516,,
,,189308.046875,,,,,,,,,,,,
41.0693473815918,,, Bachelors,,,,,,,,230.26284790039062,, United-States,
,,205641.90625,,9.439189910888672,,,,,,,,,,
,,186571.75,,9.23758602142334,,,, White,,,-53.067626953125,,, <=50K
,,,,,, Prof-specialty,,,,,,,,
,,,,, Married-civ-spouse,,, White,,3874.1513671875,,,,
33.048736572265625,,,,, Never-married,, Not-in-family,,,,,,,
,,,,,, Craft-repair,, White,,,,47.24563217163086,,
,,,,,,,,,,4267.4306640625,,46.312828063964844,,
,,,,,, Exec-managerial,, White,,,,43.37777328491211,,
,,,,,,,,, Male,,,, United-States,
37.93259048461914,,181537.421875,,8.597002029418945,,, Unmarried,,,-3615.07421875,,,, <=50K
,,,,10.103940963745117,,, Husband, White, Male,,,,,
34.866722106933594,,,,,,,,,,,,,,
,,,,,,,,,,,67.71277618408203,, United-States,
33.7352180480957,,,,,,,, White,,,,,,
, Private,189341.296875,,,,, Not-in-family,,,,,,,
31.506593704223633, Private,195626.34375,,,,,,, Female,-3451.16259765625,,, United-States, <=50K
,,,,,,,,,,,,,, <=50K
, Private,,,,,,,,,,,,,
,,, Some-college,,, Adm-clerical,,,,,,,,
,,, Bachelors,, Never-married,, Own-child,,,,,45.53350830078125,,
,,194484.796875,,,, ?,,,,-3289.8515625,,,, <=50K
,,,,,,, Unmarried,,,-1985.9110107421875,-16.26659393310547,,, >50K
,,184858.25, Bachelors,, Married-civ-spouse,,,, Female,,,,,
42.70801544189453, Private,,,11.48021411895752,,,,,,,,46.62281799316406,,
45.67802047729492, Private,,,,,, Husband,,,3157.1083984375,,, United-States,
,,,,,,,,,,,,,,
,,185370.296875,,,,,,,,,,,,
,,,,,,,, White,,,64.63965606689453,,,
,,,,,,,, White,,,,44.3183708190918,,
,,, HS-grad,,,,,, Male,,,, United-States,
,,,,9.160534858703613,,,,,,,,,,
35.85538864135742, Private,,,,,, Not-in-family,,,,,,, <=50K
, Private,,,,,,, White, Male,,,,,
24.134963989257812,,,,7.860177516937256,,,,,,,,,, <=50K
33.16069412231445,,, Some-college,12.436735153198242, Married-civ-spouse, Exec-managerial,, White,,,,,,
33.277061462402344, Private,,,,,, Not-in-family,,,,,,, <=50K
,,,,,,,,, Male,,,,,
35.00423812866211, Private,,,9.390938758850098,,,, White, Female,,,, United-States,
32.289432525634766,,,,,, Prof-specialty,,,,835.1298828125,,,,
,,186738.53125,,,, Craft-repair,,,,,,,,
35.0695915222168,,, Bachelors,,,,,,,502.34954833984375,,,,
,,,,,,,,, Male,,,42.424949645996094, United-States,
,,, HS-grad,10.097912788391113,, Craft-repair,,,,,74.17340850830078,,,
29.619049072265625,,, Bachelors,,,,,,,,,,, <=50K
,,, HS-grad,9.002635955810547,, Craft-repair, Husband,, Female,,,,, <=50K
,,,,9.31060791015625,,,,, Female,,,,,
,,, HS-grad,10.722418785095215,, Craft-repair,,,,343.86834716796875,,,,
, Private,,,,,,,, Male,,,,,
,,,,,,,,,,489.4283447265625,,,,
,,,,11.663520812988281,,,,,,,,,,
,,182587.375,,, Divorced,,,,,,,,, <=50K
28.96796417236328,,, Bachelors,, Married-civ-spouse,,, White,,,77.35124206542969,44.05519485473633,,
,,177793.09375,,11.858735084533691,,, Not-in-family,,,,,40.01133728027344,,
,,,,,, Prof-specialty,,,,,,,,
,,,,11.035052299499512,,,,,,,,,,
36.189544677734375, Private,182652.359375,,,,, Not-in-family,,,,,37.26595687866211,,
31.15593719482422,,,,, Married-civ-spouse, Craft-repair,,,,,,,,
,,,,,,,,,,,,41.543983459472656,,
,,, Some-college,,,, Husband,, Male,,76.26627349853516,,,
, Private,201649.71875,,, Never-married, Other-service,,,,,,,,
,,185310.859375,,7.9577531814575195,,,,,,-2820.994140625,,, United-States, <=50K
,,,,,, Craft-repair,,, Male,,,,,
,,182894.703125,,,,,,, Male,968.4752807617188,104.02204132080078,,,
,,,,,,,,,,,-95.25059509277344,,, <=50K
,,,,9.08113956451416,,,,,,,,,,
,,186079.0625,,,,,,,,,77.20964813232422,, United-States,
,,174715.9375,,, Married-civ-spouse,,,, Female,484.0599365234375,63.93855285644531,,,
,,,,,,,,,,3207.6640625,,,,
,,,,,,,,, Male,,,,,
38.929847717285156,,,,,,, Not-in-family,,,-2966.48193359375,,,, <=50K
,,,,,,,,, Male,,,, United-States,
,,,,,,,,, Female,6.005615234375,,,,
30.991409301757812,,, Some-college,, Never-married,, Not-in-family,,,-175.1558837890625,36.930118560791016,37.34130859375, United-States,
36.05965805053711,,,,,,,, White,,,,,,
,,, 7th-8th,,,,, White, Male,,,47.671504974365234,,
,,198766.546875,,,,, Husband,, Male,,,47.614418029785156,,
,,, HS-grad,, Divorced,,,,,,,, United-States,
40.926780700683594,,,,9.390496253967285,, ?, Unmarried,,,,-54.8095703125,,, <=50K
,,, Some-college,, Married-civ-spouse,,,,,3832.34765625,189.4810028076172,,,
,,191960.34375,,,,,,,,,,41.65919876098633, United-States,
,,,,9.085968017578125,,,,,,,,,,
,,,,, Married-civ-spouse,,,,,,,43.462852478027344,,
,,,,,,,,,,513.5438232421875,,,,
,,188011.53125,,,,,,,,,176.23532104492188,, United-States,
, Private,, HS-grad,, Married-civ-spouse,,,, Female,,,,,
,,,,,,,,,,,55.42824172973633,, United-States,
,,,,,,,,,,-1125.0567626953125,,,,
42.028446197509766,,,,,,, Not-in-family,,,,,,,
, Private,,,,,,, White,,,,,,
,,194589.640625,,,, Other-service,,,,,,, United-States, <=50K
,,195668.78125,,, Married-civ-spouse,,,,,,,,,
,,179866.5625,,,,,,,,,,47.249454498291016,,
,,,,,,,,,,,,,,
,,,,,, Prof-specialty,,,,5298.5458984375,235.904296875,,,
, Private,,,, Divorced, Adm-clerical,,,,,51.123321533203125,,,
,,, HS-grad,,,,, White,,,,,,
,,,,,,,,,,,104.92874145507812,,,
,,,,,, Exec-managerial,,,,,,,,
33.39506912231445,,,,,,,,,,,-62.053253173828125,,, <=50K
,,,,11.81297779083252, Married-civ-spouse,,,, Male,,,,,
,,200421.125,,12.32719612121582, Married-civ-spouse,,,,,,,,,
,,, Some-college,12.907690048217773, Married-civ-spouse,,,,,,,,,
32.45513916015625,,184246.71875,,,,,,,,,,, United-States, <=50K
,,196174.546875, HS-grad,,,,,,,,,,,
37.18292999267578,,,,,,,,,,,,,,
28.979013442993164,,,,,,,,,,,19.903213500976562,,,
30.776779174804688,,,,, Married-civ-spouse,,,, Female,,79.6399154663086,,,
,,, HS-grad,,,,,,,,33.983360290527344,, United-States,
,,,,,,,, White,,,,38.721012115478516,,
,,,,,,,,, Male,-2032.9984130859375,,,,
,,,,,,,,, Female,,,,,
,,,,,,, Own-child,,,,,,, <=50K
,,184566.359375,,12.839726448059082, Married-civ-spouse, Exec-managerial,,,,,,, United-States,
, Private,,,9.68824577331543,,, Husband, White, Male,,,,,
,,,,, Married-civ-spouse,, Husband,, Male,,,,,
,,186261.78125,,,,,,, Female,,,,, <=50K
,,199394.5625,,,,,,,,,-69.28744506835938,38.368404388427734, United-States, <=50K
34.73249435424805,,196811.75, HS-grad,8.488597869873047,,,,, Male,,,,,
,,,,,, Craft-repair,,,,,,,,
42.556514739990234,,, Some-college,11.3406982421875,,,, White, Male,,,,,
,,, HS-grad,9.0618314743042,, Other-service, Not-in-family,,,,,, United-States, <=50K
,,,,10.793947219848633,,, Not-in-family,,,,86.74221801757812,,,
,,,,,, Craft-repair,, White, Male,,259.5054931640625,,,
,,,,,, Craft-repair, Husband,, Male,,92.11405944824219,51.10875701904297,,
41.606483459472656,,,,,,,,,,,,, United-States,
36.90975570678711,,, HS-grad,,, Craft-repair,,,,,64.03759765625,,,
, Private,, HS-grad,,,,,,,,63.174072265625,,,
,,186740.71875,,,,,,, Male,4467.74365234375,,51.721187591552734,,
, Private,,,9.482950210571289,,, Not-in-family, White,,275.87799072265625,,,,
, Private,,,,,,,, Male,,,,,
, Self-emp-not-inc,,,,,, Husband,, Male,734.8482666015625,111.52728271484375,,,
,,,,8.801526069641113,,,, White,,-2537.22265625,,,, <=50K
35.315223693847656,,, HS-grad,8.645831108093262,,,,,,,,,, >50K
,,,,, Married-civ-spouse,,,,,,,,,
40.561668395996094,,,,10.070124626159668,,,, White,,,,,,
,,, HS-grad,, Married-civ-spouse,,,, Male,,,46.78630065917969,,
49.024139404296875,,,,,,,,,,5597.62060546875,,, United-States,
,,,,, Married-civ-spouse,, Husband,, Male,,,,,
,,179217.203125,,10.534005165100098, Never-married,,,,,,,,,
, Private,193306.109375,,, Married-civ-spouse, Craft-repair,,, Male,,,,,
,,,,,,,, White,,,,,, <=50K
,,,,,,, Husband,,,,,42.06366729736328,,
,,,,,,,,,,,-64.77388000488281,,, <=50K
,,,,,,,,,,1208.9530029296875,,,,
,,198881.25,,10.575950622558594, Never-married,,,,,,11.624481201171875,,,
38.974510192871094,,,,,, Craft-repair,,, Female,,,,,
,,189430.71875, Bachelors,,,,,,,,68.83515930175781,,,
,,,,,,,, White, Male,,,,,
28.97100067138672, Private,189879.828125, HS-grad,9.910482406616211, Married-civ-spouse,,,,,,,42.70635986328125,,
,,, HS-grad,,,,, White,,,,35.35987091064453,,
,,193840.6875,,,,,,,,,,37.08492660522461,,
,,,,,, Sales,, White,,,170.2953643798828,,,
,,, Some-college,10.610864639282227,,,,,,,,, United-States,
24.418018341064453,,, HS-grad,8.0308256149292, Never-married,,,,,,,,, <=50K
,,,,, Never-married,,,,,388.02508544921875,,43.54133987426758,,
, Private,, Bachelors,,,,, White,,,,38.318790435791016,, >50K
43.31535339355469,,183549.59375, Some-college,11.254880905151367,,,, White,,,,, United-States,
,,,,, Married-civ-spouse,,,,,,,,,
29.296661376953125,,,,, Married-civ-spouse, Craft-repair,,, Female,,,,, <=50K
,,,,, Married-civ-spouse,,,, Male,,,,,
,,,,, Married-civ-spouse, Craft-repair,,,,,,,,
,,, HS-grad,,,,,, Male,,45.09316635131836,,,
,,,,8.70787239074707, Divorced,,, White,,,,39.4786262512207,, <=50K
,,180934.90625,,,, Exec-managerial, Not-in-family,,,,,, United-States,
,,,,,,,,,,4816.5048828125,,, United-States,
,,, HS-grad,,,, Husband,, Male,,94.25558471679688,,,
44.12226486206055,,,,,, Craft-repair,,,,,,47.44548416137695,,
,,,,,, Prof-specialty,,,,,,,, >50K
,,,,,,,,,,,,, United-States,
37.63008117675781,,182109.3125,,,,,,,,,,, United-States, >50K
, Private,, HS-grad,,,, Husband,,,,,,,
,,,,, Never-married,,,,,,,, United-States, <=50K
45.69959259033203,,,,,,, Not-in-family,,,,,35.73851776123047,,
, Private,203084.171875, HS-grad,,,,,, Male,,,,,
32.258827209472656,,203327.25,,,, Prof-specialty,,, Female,,,,,
,,,,9.904170036315918,,,,,,,,,, <=50K
,,, Some-college,,,,, White,,,,, United-States,
, Private,, Bachelors,,, Prof-specialty,,,,,,,,
,,,,,,,, White,,,,,,
30.9769287109375,,,,, Married-civ-spouse, Craft-repair,,,,,55.395896911621094,, United-States,
,,,,,,,, White,,,,32.923179626464844, United-States,
,,,,,,,,,,-160.23828125,,,,
,,, Some-college,,, Craft-repair,, White, Female,,,,,
34.780128479003906,,,,,,,, White,,,,,,
, Private,,,11.954500198364258,, Craft-repair,,,,,,47.674156188964844, United-States,
31.187875747680664,,,,, Divorced,,,,,,,,,
,,,,9.35654067993164, Never-married,,, White,,,,,, <=50K
,,177104.921875,,,, Farming-fishing,,,,,,, United-States, <=50K
,,,,9.941999435424805,,,,, Male,,,,,
,,, Bachelors,,,,,, Female,-2642.1728515625,,,, >50K
,,,,,,,,,,,,,,
50.50236511230469,,182853.953125,,,, Other-service,,,,,67.46572875976562,,,
,,,,10.784245491027832,,,,,,,,,,
,,182355.875,,,,,,,,,,,,
,,,,, Married-civ-spouse,,,,,,,,,
,,,,,,,,,,,,, United-States,
,,, HS-grad,11.23267936706543, Never-married, Craft-repair, Not-in-family,, Female,,,,, >50K
,,,,,,,,,,,,,,
,,,,,,,,,,5752.44189453125,,,,
,,,,,,,,, Male,,,,,
,,198070.90625,,,,,,,,,,35.26860809326172,,
,,192512.65625,,9.798382759094238,,,,,,,,,,
, Private,,,10.107634544372559, Divorced,,,,,,,,,
,,,,,,,,,,,,38.22719192504883, United-States, <=50K
30.264053344726562,,,,, Married-civ-spouse,,,,,,,,,
,,,,,,,, White,,-234.3209228515625,,42.421199798583984,,
,,,,12.533318519592285, Married-civ-spouse,,,,,,,, United-States,
, Private,, HS-grad,,, Craft-repair,,,,,,,, <=50K
,,,,,,,,,,,,43.16120529174805, United-States,
35.90605926513672,,,,,,, Husband,, Male,,,,,
, Private,,,8.141056060791016, Married-civ-spouse,, Not-in-family,, Female,,,, United-States, <=50K
, Private,,,10.336492538452148, Never-married,, Own-child, White,,,,,,
,,, Some-college,8.886226654052734,,,,,,,,, United-States,
, Private,,,,, Craft-repair,,,,,,,,
, Private,, Some-college,, Married-civ-spouse,,,, Female,,,47.08677673339844, United-States,
,,,,10.109353065490723,,,,,,-598.3231201171875,34.4453010559082,36.728153228759766,,
,,,,,, Craft-repair,,, Male,-65.654052734375,,,,
36.152835845947266, Private,192449.390625,,,,,,,,,50.17768478393555,39.617462158203125,,
,,,,, Never-married,,,, Female,,,44.50445556640625,, <=50K
,,,,,,,,,,,,36.451759338378906,,
45.9126091003418,,,,,,,,,,,,, United-States,
, Private,,,,,,,,,,,,,
,,,,,,,, White,,,,,, <=50K
,,,,, Married-civ-spouse, Craft-repair,,,,,,,,
,,, HS-grad,,, Other-service,,,,,,, United-States, <=50K
,,194712.21875,,,,,,,,,,41.732479095458984,,
,,,,,,,,,,,,, United-States,
35.20447540283203,,,,,,,,,,,72.89085388183594,38.65864181518555,,
,,,,11.586844444274902,,,, White,,,,45.65178680419922,,
44.636558532714844, Private,, HS-grad,,,, Husband, White,,,,44.6544189453125,,
,,, Some-college,10.222990036010742,,, Not-in-family,,,,,,,
, Private,,,,,, Husband,,,,,,,
, Private,179026.375,,,, Prof-specialty,,,,2360.5537109375,137.60647583007812,,,
,,, Some-college,,,, Husband,, Female,,,,,
,,187745.796875,,,,,,,,,,,, <=50K
,,, HS-grad,,,,,,,,28.721500396728516,40.71989822387695,,
36.94050598144531,,, HS-grad,,,,,, Male,,,,,
,,,,10.681001663208008,, Craft-repair,,,,,,,,
38.462867736816406,,192580.046875, HS-grad,,,,, White,,,59.806732177734375,41.52521896362305,,
,,,,9.846273422241211,,,,,,576.4104614257812,44.84568786621094,,,
, Private,,,,,,,,,,,,, <=50K
37.29072189331055,,,,,,,, White, Female,,,,,
,,,,11.270899772644043,,,,,,3499.8720703125,187.0789794921875,,,
,,,,, Never-married,, Not-in-family,,,,77.3989486694336,,,
38.44270324707031,,,,,, Craft-repair, Not-in-family,,,,,45.94403839111328,,
,,,,, Married-civ-spouse,,,,,,,,,
,,,,,, Craft-repair,,,,295.03875732421875,,44.60002899169922,,
,,,,, Widowed,,, White,,,,,, <=50K
52.51402282714844,,,,,,, Husband, White, Male,4343.49951171875,,54.93944549560547,,
,,,,,,,, White,,-715.5347900390625,,, United-States,
,,,,10.004762649536133, Married-civ-spouse,,,, Female,,,,,
,,,,,,,,,,,,,,
,,, HS-grad,,,,,,,,,, United-States, <=50K
,,,,,,,,,,,114.51713562011719,,,
,,,,,,,,,,,,46.7570915222168, United-States,
,,,,,,,,,,554.5183715820312,76.28606414794922,, United-States,
,,,,,,, Husband,,,-492.90869140625,,40.43807601928711,,
,,, Some-college,,,,,, Male,,,,,
,,, Bachelors,, Never-married, Prof-specialty,,,,449.1568603515625,61.98101806640625,,,
,,,,8.386842727661133,,,,,,,-66.11190795898438,, United-States, <=50K
, Private,193720.5,,,,, Not-in-family,,,,53.54494094848633,,,
, Private,,,,,,, White, Male,,198.32635498046875,,,
,,184210.828125,,,,, Not-in-family,,,,,,,
,,, HS-grad,, Never-married, Craft-repair,,,,,54.37566375732422,,,
,,,,,,,, White, Male,,,,,
,,,,,,,,,,,,,,
,,,,,,, Husband,,,,,, United-States,
,,,,,,, Husband,,,5345.0458984375,,48.243717193603516,,
36.7039680480957,,,,,,,,,,,67.24693298339844,,,
,,, 10th,, Married-civ-spouse, Machine-op-inspct,,,,,,,,
,,,,,,,,,,,193.4129638671875,,,
43.9783935546875,,,,,,, Not-in-family,,,,,,,
,,, Bachelors,, Divorced,, Not-in-family, White,,,,, United-States, <=50K
,,, Masters,, Married-civ-spouse,,,, Male,,,53.71349334716797, United-States,
41.5576057434082,,,,,,, Husband,, Male,,,,,
,,, HS-grad,,, Craft-repair,,, Female,,,, United-States, >50K
,,,,,, Prof-specialty,,,,5251.73193359375,,, United-States,
,,,,,,,,,,944.7633666992188,91.76776885986328,,,
,,,,,,,,, Male,,,51.79624938964844,,
,,,,,,,,,,,,, United-States,
43.88782501220703,,,,11.335640907287598,,, Not-in-family,,,,,,,
,,,,, Married-civ-spouse,,,, Male,,,51.167266845703125,,
,,187888.015625, HS-grad,,,,,, Female,,,40.97505187988281, United-States, >50K
,,, HS-grad,,,, Not-in-family, White,,,,,, <=50K
,,,,,,,,, Male,,,,,
, Private,,,8.396698951721191, Never-married,,,,,,-111.10685729980469,, United-States, <=50K
27.440271377563477,,197710.546875,,, Married-civ-spouse, Craft-repair,,, Female,,,, United-States,
,,,,,,,, White, Female,,,48.5727653503418,,
,,,,7.580822944641113,,,,,,,,,, <=50K
34.61270523071289,,,,,,,,,,209.62738037109375,39.595951080322266,35.29926300048828,,
,,177379.625,,,,,,,,,,,,
,,,,,,,,, Female,,59.376930236816406,,,
,,,,, Never-married,,,,,,,,,
,,,,, Married-civ-spouse,,, White,,4405.01318359375,212.13088989257812,,,
,,, Some-college,9.174114227294922, Married-civ-spouse,,, White,,,,, United-States,
,,,,,,,,,,,193.40020751953125,,,
,,,,,,,,,,,,,, >50K
,,196903.421875, HS-grad,,,,, White,,,-81.08465576171875,36.958587646484375, United-States, <=50K
,,,,,,,, White,,290.19342041015625,45.24421310424805,,,
42.01223373413086,,, 7th-8th,,, Craft-repair,,,,,,,,
, Private,, HS-grad,11.536543846130371, Married-civ-spouse,,,, Male,,,52.37974548339844,,
,,,,,,,,,,,,,, <=50K
,,197242.53125,,,,,,,,,,,,
,,223829.171875,,, Never-married,,,, Female,,,,,
,,,,,,,, White,,,,,,
,,,,, Divorced, Adm-clerical,,,,,-76.17593383789062,33.11610412597656,, <=50K
,,,,,,,,,,,,,, <=50K
,,202544.984375,,, Married-civ-spouse,,,,,,,,,
,,,,,,, Not-in-family,,,,,,,
,,171254.6875,,,,,,,,,,,,
,,176795.46875, Prof-school,,,, Husband,,,,,,,
,,183607.734375,,,,,,,,,,43.886024475097656,,
, Private,169618.390625,,,,,,,,,,,,
, Private,206362.59375,,,,,, White,,-3721.68896484375,,,, <=50K
,,,,,,,,,,,,, United-States,
,,187094.0625, Some-college,,,,,,,,,,,
,,,,, Divorced,,,,,,,,,
,,, Some-college,10.019176483154297,,,,,,,,,,
,,,,8.80240249633789, Married-civ-spouse,,,, Male,,59.468605041503906,44.70082473754883,,
,,,,,, Adm-clerical,,,,103.940673828125,47.187744140625,,,
,,,,,,, Husband,, Male,,,,,
,,, HS-grad,,,,,, Male,,53.03020095825195,,,
,,,,,,,, White,,,,,,
42.683006286621094,,,,,,,,,,,,,,
,,, HS-grad,9.011958122253418, Never-married,,,,,,,, United-States, <=50K
,,,,,,,,,,,,,,
41.54301834106445,,,,,,, Husband,, Female,,,,, >50K
, Private,,,10.621295928955078,, Adm-clerical, Not-in-family,,,,,,,
,,,,,,,,,,503.9932861328125,,, United-States,
41.72230911254883,,185636.421875,,,,,,,,,,, United-States,
41.70249938964844,,,,,,, Husband,, Male,,,,,
, Private,177174.953125,,,,,,,,,,,, <=50K
,,,,,,,,,,,181.80841064453125,, United-States,
,,190955.890625,,,,,,, Male,4540.2275390625,,,,
,,, HS-grad,, Married-civ-spouse,,,,,,,47.40854263305664,,
36.74049758911133,,,,11.554673194885254, Married-civ-spouse,, Not-in-family, White,,3481.85595703125,190.2362823486328,46.167572021484375,,
,,,,8.798839569091797,,,, White,,,,, United-States, <=50K
,,,,,,,,, Male,,52.12052917480469,46.63298797607422,,
,,,,, Never-married,,, White,,,,,, <=50K
35.90794372558594,,,,, Married-civ-spouse,, Not-in-family,,,,195.666259765625,,,
,,,,,,,,, Male,,,,,
35.44209671020508,,,,6.599863052368164,,,,,,,,34.34467315673828,, <=50K
,,,,,,,, White, Female,,,,,
,,187522.734375, Bachelors,, Married-civ-spouse,,, White,,,,,,
,,,,,,,,,,,,,,
,,, Some-college,,,,,, Male,,,,,
,,,,,,, Husband,,,,228.5723876953125,,,
25.625274658203125, Private,, Some-college,, Married-civ-spouse, Craft-repair,,, Female,,,47.97496032714844,,
32.85289001464844,,,,,,,, White, Female,,,,, >50K
, Private,,,,,,,,,,18.121795654296875,,,
,,,,,,,,,,,-86.6688232421875,,, <=50K
33.778621673583984,,,,,,,,, Female,,,47.54513931274414,,
, Private,,,,,,, White,,,-52.47837829589844,,, <=50K
26.992748260498047, Private,195012.625, 11th,, Never-married,, Own-child, White,,-4808.17626953125,,,, <=50K
,,,,,, Adm-clerical, Not-in-family,,,,,,,
,,209343.859375, Some-college,, Married-civ-spouse,,,, Female,-477.6953125,34.820648193359375,, United-States,
,,,,9.479052543640137,,,, White, Male,-57.949462890625,67.4059829711914,46.426483154296875,,
,,,,,,,,, Male,,,, United-States,
,,,,,, Exec-managerial,,, Male,,,,,
,,,,, Married-civ-spouse,,,,,,,,,
,,,,9.04800033569336,,,,,,-3583.57470703125,-79.60966491699219,35.34516143798828,, <=50K
,,,,,,,,,,-3233.65576171875,,,, <=50K
,,,,,,, Unmarried, White,,,,33.807899475097656,,
,,,,,,, Not-in-family, White,,,,,,
,,179582.375,,9.028705596923828,, Other-service, Not-in-family,,,,,, China, >50K
40.820411682128906,,,,,, Craft-repair, Not-in-family,,,,,, United-States,
,,,,, Never-married,,, White,,,,, United-States, <=50K
, Private,196276.890625, Some-college,,,,,,,,,,,
,,,,,,,,, Male,,,,,
,,,,,,, Husband,,,,,41.42196273803711, United-States,
,,,,,,,, White,,,,,,
,,,,,,, Not-in-family,,,3434.35888671875,,,,
,,,,,,,,, Male,,,,,
,,,,9.92968463897705,,,,,,,,,,
,,,,,,,,,,,-12.163116455078125,, United-States, <=50K
, Private,,,,, Adm-clerical,,,,,,37.35020065307617,,
,,,,9.137871742248535,,,,,,,,,, <=50K
,,,,,,,,, Male,791.0992431640625,,,,
44.29427719116211, Private,,,,,,,,,4744.0517578125,,41.97645568847656, United-States,
34.94364929199219, Private,,,12.097139358520508, Married-civ-spouse,,,,,,,,,
,,,,, Married-civ-spouse,,,, Male,,57.00656509399414,46.93045425415039,,
,,,,,,, Husband, White,,-362.6839599609375,62.802146911621094,,,
32.84086608886719,,,,,, Adm-clerical,, White,,,,,,
,,, HS-grad,9.828648567199707,, Craft-repair,,,,,,43.97291564941406,,
,,, Some-college,,,, Not-in-family,,,,,,,
33.12052917480469,,,,, Married-civ-spouse,,,,,,,,,
39.419002532958984,,,,9.794236183166504,,,,,,802.136474609375,,,,
,,, Bachelors,,,,,,,,,,,
,,, HS-grad,8.97922420501709,,,,, Male,,,, United-States,
, Private,,,,,,,, Male,,,51.84251403808594,,
,,,,,,,,,,,,,,
27.371000289916992,,,,, Never-married,,,,,,36.354896545410156,,,
, Private,,,10.221988677978516,,,,,,,,36.84245300292969,,
,,,,,,,,,,,,,,
,,,,,,,,,,,,, United-States,
32.53792190551758,,, HS-grad,,,,,,,,,,,
23.835895538330078,,, HS-grad,,, Adm-clerical,,,,-3225.4306640625,-104.52682495117188,,, <=50K
,,197845.703125,,,,,,, Male,,59.1789436340332,,,
,,,,,, Craft-repair,,,,346.55145263671875,75.58837890625,, United-States,
, Private,,,,,,,, Female,,,,,
,,196612.40625,,8.95467758178711,,,,,,,50.6218376159668,,,
,,,,10.483607292175293,, Craft-repair, Husband,,,,,,,
35.23320770263672,,,,,,,,, Male,,,,, <=50K
,,175481.015625, Masters,,,, Husband, White,,,,,,
, Private,,,, Never-married, Craft-repair,,,,,,,,
42.91682434082031, Private,, HS-grad,,,,, White,,,,45.654239654541016,,
39.72383117675781,,189651.578125,,,, Craft-repair,,,,605.5380859375,,,,
,,,,,,,,, Female,,,,, <=50K
, Private,,,,,,,,,,,, United-States,
,,,,,,,,,,,,,,
,,,,12.103778839111328,, Exec-managerial,,,,,,,,
,,,,,,, Husband,, Male,,,,,
,,,,,,,,,,,17.76287841796875,,,
,,,,,,,,,,,,,,
,,, Some-college,,,,,, Male,,74.4846420288086,,,
,,,,,,,,,,,,,,
,,,,,,,,, Male,,,,,
,,,,,,,,,,,,37.86665344238281,,
,,, HS-grad,, Never-married, Craft-repair,,, Female,,,,, <=50K
33.17915344238281,,,,, Married-civ-spouse,,,,,,,,,
53.027809143066406,,,,,, Craft-repair, Husband, Asian-Pac-Islander, Male,,,,,
, Private,202519.5625,,11.179764747619629,,,,, Male,4433.08984375,,,,
,,,,,, Exec-managerial, Husband,,,,,50.07925033569336,,
,,178563.625, HS-grad,,,,,,,,,,,
45.815616607666016,,,,,,, Husband,,,935.0849609375,,,,
,,,,,,, Husband, White,,,,,,
,,,,,,,,,,,220.56173706054688,,,
,,,,9.26990795135498, Married-civ-spouse,,,,,,,,,
,,,,,, Craft-repair, Husband,,,,64.03483581542969,,,
,,, Some-college,11.898414611816406,, Craft-repair,,,,,,,,
,,,,,, Other-service,,,,-3573.453125,,,, <=50K
,,,,8.700471878051758,,,,,,,,,,
,,, HS-grad,,,,,,,,,,,
, Private,,,,,,,, Female,-3462.29931640625,,,, <=50K
,,,,,, Craft-repair,,, Female,,,,, >50K
, Private,179480.6875,,9.800271034240723,,, Husband,,,356.60150146484375,,,,
, Private,194847.8125,,,,,,, Male,,,,,
33.824066162109375,,,,9.028407096862793,,,,,,,,,, <=50K
,,,,,,,,, Female,,,,,
, Private,192841.71875,,, Married-civ-spouse,,,,,,,,,
32.231658935546875,,184615.9375,,, Divorced,,,,,497.197509765625,,,,
,,,,,, Prof-specialty,, White,,,,, United-States,
36.48175811767578,,,,, Married-civ-spouse,,,,,,,,,
43.50244140625,,186547.75,,12.763726234436035,,,,,,,,44.108882904052734,,
,,, Some-college,9.847593307495117,,,,,,,,,,
39.96304702758789,,,,,,,,,,,,,,
, Private,, 7th-8th,, Married-civ-spouse,,,, Male,,,,,
,,199149.53125,,,,,,,,,,, United-States,
,,194106.390625,,, Married-civ-spouse,,, White,,,,,,
,,,,,, Other-service, Not-in-family,,,,,,, <=50K
,,, Some-college,9.986868858337402,,,,,,,,,,
,,,,,,, Husband,, Male,,,,, <=50K
,,,,,, Prof-specialty, Not-in-family,,,,119.11201477050781,,,
,,,,,, Craft-repair, Husband,, Male,,,,,
,,199749.40625,,10.72995376586914,,, Husband,,,,,,,
38.0184326171875,,, 7th-8th,,,,,, Female,,,, United-States, <=50K
,,,,,,,,,,,,,,
,,,,,,,,,,,,,,
,,,,, Married-civ-spouse,,, White,,,,,,
,,,,9.912818908691406,,,,,,,,,,
,,204158.640625,,,,,,,,,,, United-States,
,,,,,, Prof-specialty,,,,,130.37118530273438,,,
,,, Bachelors,,,,,,,,,38.451698303222656,,
,,,,, Married-civ-spouse,,, White,,-85.3260498046875,,43.494266510009766,,
27.923269271850586,,188908.03125,,, Never-married,, Not-in-family, White,,,,,, <=50K
,,,,,,,,,,,,,,
, Private,,,,,, Husband, White, Male,,,, United-States,
,,,,,,, Own-child,,,,61.34077453613281,39.31587219238281,,
31.975875854492188,,,,,,,,, Male,,88.8985595703125,, United-States,
,,191471.734375,,,,,,,,,,39.28514862060547,,
, Private,,,,,,,,,462.20947265625,53.52238082885742,,,
,,,,11.794831275939941,, Craft-repair,,,,,,47.36204528808594,,
,,,,,,,,,,,64.88092803955078,44.94275665283203,,
27.513713836669922,,, HS-grad,,, Other-service,,,,,-113.58457946777344,, United-States, <=50K
,,,,,,,,,,,,,,
, Private,160738.46875,,, Married-civ-spouse, Exec-managerial, Not-in-family,,,,,, United-States,
,,,,,,,,,,,,,,
,,, HS-grad,,,,,,,,,43.65591049194336,,
,,,,,,,,,,,49.96303176879883,,,
, Private,191805.765625,,,,,,,,,,, United-States,
,,,,9.99051570892334,,, Not-in-family,,,,,,,
,,,,,,,,,,,,, United-States,
,,, HS-grad,8.142295837402344, Widowed,,,,,,,, United-States, <=50K
,,193607.1875,,,,,,,,,,47.905738830566406,,
35.070945739746094,,,,10.759017944335938,,,,,,,63.67018508911133,,,
,,,,,,, Unmarried,,,,,,,
, Private,,,,,,,,,322.6439208984375,,,,
,,,,,,,,,,,,,, >50K
33.2223014831543,,181492.171875,,,,,,,,,,,, <=50K
,,168584.71875,,,,,,,,,,,,
, Private,,,,, Craft-repair, Husband,, Female,,,,,
46.865814208984375,,,,11.284266471862793,,,, White,,3503.6640625,,43.656982421875, United-States,
, Private,,,,,,,,,,,, United-States,
,,198558.84375,,,, Craft-repair,, White,,,70.45576477050781,, United-States,
37.09811782836914,,,,,, Exec-managerial, Not-in-family,,,728.8715209960938,,, United-States,
, Private,,,,,,,,,3942.14111328125,214.3946075439453,,,
,,,,,,,,,,,,33.72749328613281, United-States,
34.60829162597656, Private,,,, Married-civ-spouse,, Not-in-family, White,,,,41.112125396728516,,
,,,,10.219944953918457, Never-married,,,,,,,,,
41.38759994506836,,204793.96875,,,,,,,,,,,,
,,194560.71875,,,,,,, Female,,,, United-States, >50K
,,,,12.324254035949707,,,,,,,234.62271118164062,,,
36.324825286865234, Private,,,,,,,,,-27.2103271484375,,,,
48.745052337646484,,,,,,,,,,,,,,
, Private,,,,,,,,,4376.39404296875,,,,
,,,,9.994621276855469,, Craft-repair,,,,,72.8539810180664,,,
,,184882.9375,,,,,,,,,,33.844146728515625, United-States, <=50K
, Private,,,,,,,,,,24.505603790283203,, United-States,
39.74393844604492,,,,,, Prof-specialty,, White,,,,,, <=50K
, Private,194399.34375,,9.138015747070312,,,,,,,,, United-States,
47.824466705322266, Private,,,,,, Husband,,,,,, United-States,
,,194897.34375,,,,, Husband,, Male,1402.842041015625,,,,
,,,,, Married-civ-spouse,, Not-in-family,,,,,,,
35.40576934814453,,, Some-college,10.994084358215332,,,,,,,,, United-States,
39.595420837402344,,184116.328125,,9.990796089172363,,,,,,,,, United-States,
, Private,203875.578125,,, Married-civ-spouse,,,, Female,,,, United-States,
, Private,,,,,,, White,,,,,, >50K
28.560022354125977, Private,,,,,,, White,,,,,,
,,185366.046875,,, Married-civ-spouse,,,,,,,48.36207962036133,,
, Private,,,11.273335456848145,, Adm-clerical, Not-in-family, White,,,,, United-States,
,,,,,,,,,,21.308837890625,,,,
, Private,188775.8125,,,,,,,,,,,,
, Private,,,10.325671195983887, Married-civ-spouse,,,,,,,44.91936492919922, United-States,
29.578460693359375,,176937.40625,,,,,,,,,-87.30731201171875,,, <=50K
,,,,,,,, White,,,,,,
,,,,, Married-civ-spouse,,,,,,,41.2361946105957,,
,,,,, Widowed,,,,,,,, United-States, <=50K
,,, Bachelors,, Divorced,,,,,,,, United-States, >50K
,,,,,, Craft-repair,,,,,,,,
, Private,,,,,,,,,,,, United-States,
,,,,,,,,,,,,,,
,,,,9.423243522644043,,,,, Male,,,,,
, Private,199641.234375, Some-college,,,, Own-child,,,,,,,
34.674617767333984,,,,8.982848167419434,,, Not-in-family,,,-98.1676025390625,52.968727111816406,,,
,,,,,,,,,,,67.05755615234375,, United-States,
,,,,,,,, White, Male,153.4478759765625,,46.06047821044922,,
,,,,,,,,, Female,,,,, >50K
, Private,207041.03125,,,, Craft-repair,, White,,,56.59264373779297,,,
, ?,,,, Divorced,,,,,,,,,
,,173676.0625,,,,,,,,,66.04548645019531,, United-States,
39.19615936279297,,,,,,,,,,,,,,
,,,,, Never-married,,,,,,,, United-States, <=50K
, Private,192076.546875,,8.60286808013916,,,,, Male,1105.9564208984375,,,,
,,,,,,,,,,,,, United-States,
46.297794342041016, Private,,,11.080072402954102,,, Husband,,,,,, United-States,
,,,,,,,,,,,,,,
,,208323.140625,,,,,,, Male,,,,,
, Private,,,,, Prof-specialty,, White, Female,-1557.7838134765625,,,, >50K
,,,,,,,,,,,,36.294010162353516, United-States,
, Private,164579.96875,,8.358166694641113,,,,,,,,,,
,,,,,, Craft-repair,,, Female,,,47.127288818359375,, >50K
,,,,,,, Husband,,,,195.7667236328125,,,
,,, HS-grad,9.996894836425781,, Craft-repair,,,,,,,,
,,, Some-college,,,,,,,,,38.415733337402344,,
, Private,,,9.3137788772583,,,,, Male,177.42156982421875,,46.5117073059082,,
,,,,,,,,,,,,, United-States,
38.30183410644531,,,,,,,,,,,,,,
,,189695.390625, Some-college,,,,,,,,,,,
31.26953125,,,,6.914053440093994,,,,, Male,,,,, <=50K
, Private,,,,,,,, Male,300.3367919921875,,,,
38.98984909057617,,, Some-college,,,,,,,,,,,
32.37420654296875,,,,,,,,, Female,,,44.57600784301758,, <=50K
,,168613.984375, Bachelors,, Married-civ-spouse,,,,,,82.71084594726562,44.0499267578125,,
33.123146057128906,,, Some-college,10.679740905761719,, Craft-repair,,,,,,,,
,,178310.5625,,,,,,,,,,,, <=50K
, Private,,,,,,,,,-287.8817138671875,51.783206939697266,41.34466552734375,,
,,,,,, Other-service,,,,,,40.831050872802734,, <=50K
,,,,,,,,,,-3741.03955078125,,,, <=50K
, Private,,,, Never-married,,,,,,,,,
,,191969.234375,,,,,,,,,,, United-States,
,,, HS-grad,,, Craft-repair,,,,,,, United-States,
,,,,,,,, White,,,,38.85353469848633,, <=50K
,,182441.125,,,,, Not-in-family, White,,-3285.28173828125,,, United-States, <=50K
,,,,,,,,,,,,, United-States,
26.011850357055664,,, HS-grad,, Never-married,,,,,-3837.2919921875,,,, <=50K
,,,,, Married-civ-spouse,,, White,,,,39.632991790771484,,
,,, Bachelors,,,, Not-in-family,,,,,41.62744903564453,, >50K
,,, Bachelors,,, Prof-specialty,, White,,,,,, >50K
, Private,187348.875,,,,, Not-in-family,,,,,, United-States, <=50K
,,,,11.6341552734375,, Craft-repair, Husband,, Male,654.0172729492188,,,,
,,,,,,,,,,,,,,
38.29621505737305,,,,,,,, White,,,,,,
26.45979118347168, Private,,,, Married-civ-spouse,,,,,,40.605838775634766,41.271156311035156,,
,,,,10.142560958862305,,,,, Male,,90.29573822021484,,,
, Private,,,,,,,,,,,,,
, Private,, Bachelors,,,,,,,,,,,
,,,,7.333633899688721,,,,, Female,-3378.568359375,,, United-States, <=50K
,,,,,,, Husband,,,-120.2486572265625,,,,
,,,,11.850118637084961,,,,,,4037.0556640625,,41.26005172729492, United-States,
31.438140869140625,,,,6.695785999298096,,,,,,,,,, <=50K
,,, HS-grad,,,,, White,,,,33.78336715698242,,
,,,,,,,,,,,-52.39204406738281,41.10218048095703,, <=50K
,,, Some-college,,,, Not-in-family,,,,,, United-States,
,,,,,,,,,,4470.88232421875,,, United-States,
,,,,,,,,,,,,,, <=50K
30.995849609375,,, HS-grad,, Married-civ-spouse,,,,,,,43.5846061706543,,
25.850980758666992, Private,185394.25,,,,,,,,,16.360313415527344,,,
,,, HS-grad,,,,,,,-999.3155517578125,,39.017860412597656,,
22.549129486083984, Private,,,,,,,,,-2901.0439453125,,,, <=50K
,,196677.96875,,9.054366111755371,,,,,,,,,,
,,,,8.972040176391602, Divorced,,,,,,,,, <=50K
,,,,,,,,,,,,,,
,,,,,,,,,,,,35.94343566894531,,
41.799537658691406,,,,,,,,,,,,,,
, Private,,,,,,,,,,,44.60966491699219,,
,,191480.46875,,,,,,, Male,,,, United-States,
,,,,,, Craft-repair,,, Female,,,,, >50K
37.377742767333984, Private,,,,,,, White,,,,,,
,,,,,,, Own-child, White,,,-68.4254150390625,,, <=50K
,,,,,,,,,,,,38.763755798339844, United-States,
, Private,185651.953125,,, Married-civ-spouse,,,, Female,,,,, <=50K
,,,,,, Prof-specialty,,,,,,,,
,,, HS-grad,,,, Husband, White, Female,,,,, <=50K
,,,,9.261638641357422,,,,,,,66.08473205566406,40.20650100708008,,
35.07339096069336,,,,,, Adm-clerical, Unmarried,,,,-38.911773681640625,,, <=50K
, Private,, HS-grad,9.847826957702637, Married-civ-spouse,,,,,,,,,
, Private,,,, Married-civ-spouse,,, White,,3564.81640625,,,,
,,, 5th-6th,,,,,,,,,33.45900344848633,, <=50K
,,, Bachelors,,,,,,,391.17010498046875,,38.47311019897461,,
,,, HS-grad,,,,,,,,,33.26314926147461,,
,,,,,,,,,,248.81842041015625,,, United-States,
, Private,,,,,,,, Male,,,,,
,,186973.625,,,,,,,,-3395.373046875,,,, <=50K
,,,,,,,,,,-64.6810302734375,,,,
, Private,, Some-college,,, Craft-repair,,, Male,,,,,
,,, Bachelors,, Never-married,,,,,,,,, <=50K
,,178378.109375,,,,,, White,,,-38.456398010253906,,, <=50K
34.516334533691406,,,,, Married-civ-spouse,,,, Female,,64.90523529052734,,,
,,,,,,,,,,,,, United-States,
,,, HS-grad,,,,,,,,45.08173370361328,,,
,,,,,,,,,,,76.28155517578125,42.5444450378418,,
,,, Some-college,9.490484237670898,,,,,,-692.3101806640625,,,,
,,193955.984375,,,,, Husband,, Male,824.4613037109375,,,,
, Private,,,,,,,,,,67.45672607421875,,,
,,,,,,,, White, Male,,,, United-States,
, Private,198863.453125,,,,, Own-child,,,,-72.97689819335938,36.44622802734375, United-States, <=50K
,,,,, Married-civ-spouse,, Not-in-family, White,,,206.01657104492188,48.35646438598633,,
,,202605.078125, Some-college,10.766641616821289, Never-married,,, White,,,,, United-States,
43.55036926269531,,204794.75,,,, Craft-repair,,, Male,,,,,
,,,,,,,,,,,-50.65098571777344,,, <=50K
,,,,,,,, White,,,71.23682403564453,,,
,,,,,,,,,,,,,,
,,198361.734375,,,,,,,,,,,,
,,196795.875,,,,,,,,4564.763671875,221.22286987304688,, United-States,
,,,,,,,,,,,178.083740234375,,,
,,,,,, Other-service,,,,,,,,
,,, Some-college,10.546027183532715,,, Own-child,,,-901.0101318359375,,,,
,,,,10.355290412902832,,, Not-in-family,,,,,, United-States,
, Self-emp-not-inc,,,,, Craft-repair,,, Female,,,,, >50K
,,,,,, Craft-repair,,,,,69.21205139160156,,,
,,,,,, Craft-repair,,, Female,,,47.91637420654297,,
, Private,,,,,, Own-child,,,,,,,
,,,,, Never-married,, Not-in-family,,,,,,,
, Private,,,,,, Not-in-family,,,4.362548828125,,,,
44.67185592651367,,,,,,,,, Male,,,,,
,,, Bachelors,, Married-civ-spouse,,, White, Male,,,,,
,,188102.625,,,,,,, Male,,103.03742980957031,, United-States,
,,195600.5625, Some-college,10.247099876403809, Never-married,,,,,,,,,
,,199886.84375,,,, Craft-repair,,,,3281.33642578125,,,,
24.878311157226562,,, 10th,, Married-civ-spouse,,,,,,-3.0033035278320312,36.089149475097656, United-States,
,,,,,,,,,,,,37.72391128540039,,
,,,,,,, Own-child,,,646.4166259765625,,,,
, Private,,,,,,,,,,,, United-States,
31.868188858032227,,, HS-grad,7.156916618347168,,,,,,,-69.0048828125,, United-States, <=50K
,,,,,, Exec-managerial,,,,,,,,
, Private,,,,, Craft-repair,,, Male,,67.1651382446289,47.583160400390625,,
,,,,8.713029861450195,,,,,,,-35.77385711669922,,, <=50K
,,188019.53125, HS-grad,,,,,,,,,,,
,,,,10.052410125732422, Married-civ-spouse,,,, Female,,,,,
,,, Some-college,, Married-civ-spouse,, Husband,, Female,,,,,
, Private,,,,,,, White,,761.5428466796875,,,,
,,, Some-college,,,,,,,,,,,
,,192511.40625,,11.359834671020508, Never-married,,,,,,,,,
, Private,196137.21875,,,,,, White,,,,,,
,,,,,,, Husband, White, Male,,,42.45719528198242,, >50K
,,, HS-grad,,,,,, Male,-81.96826171875,,,,
, Private,, Some-college,11.821393966674805, Married-civ-spouse,, Not-in-family,,,,,47.3726806640625,,
,,,,,, Adm-clerical,,,,,,38.50184631347656,,
,,,,,,,, White,,75.29351806640625,,, United-States,
, Private,,,, Never-married,, Own-child,,,,,,,
,,,,, Never-married,,,,,,,,,
,,190831.75,,,,, Not-in-family,,,,,, United-States,
, Private,177715.03125,,7.9332075119018555,,,,,,,,, United-States,
,,,,,,,,,,,,37.32198715209961, United-States,
38.39431381225586,,176416.546875, Bachelors,,,,,,,,,,,
45.91818618774414,,, Bachelors,,,,,,,,226.58731079101562,,,
,,,,,,, Wife,,,,,, United-States,
,,,,,,,,,,,-15.311454772949219,,, >50K
31.529949188232422,,, HS-grad,,,,,,,,,, United-States,
,,,,,,,, White,,,,,,
,,167088.125,,,,, Not-in-family,,,1415.373046875,100.75479888916016,,,
,,, Bachelors,,,,,,,,,,, >50K
48.04313659667969,,218795.953125,,,,, Husband, White, Male,,,, United-States,
,,,,,,, Own-child,,,,,, United-States,
,,,,10.510546684265137,, ?, Husband, White,,,77.28137969970703,,,
,,188167.390625,,,,, Husband,,,,,46.23398971557617, United-States,
,,, Some-college,9.633296966552734,,,, White, Male,,62.473243713378906,, United-States,
,,,,,,,,,,,,, United-States,
36.536808013916016,,, HS-grad,,,, Not-in-family, White,,,-54.66143798828125,, United-States, <=50K
, Private,,,,,,, White,,,82.5333480834961,, United-States,
, Private,, Some-college,,,,, White,,,,44.46692657470703,,
,,,,12.478080749511719, Married-civ-spouse,,, White,,,175.21963500976562,,,
, Private,,,,,,,,,,63.277584075927734,,,
,,,,,,,,,,-2991.978515625,,39.357276916503906,, <=50K
,,,,,,,,,,,,47.476287841796875,,
,,, Some-college,10.70842170715332,,,,,,,,,,
,,, HS-grad,,,,,,,-498.4193115234375,22.517593383789062,,,
, Private,,,11.153489112854004,,,,,,,,45.68585968017578,,
,,,,, Divorced,,,,,,,, United-States, <=50K
,,,,,,,,,,,,, United-States,
,,, Masters,,,, Wife,,,,,44.600364685058594,,
,,,,11.695686340332031, Married-civ-spouse,,,,,,,46.7200927734375,,
,,194360.59375,,, Never-married,,,,,,-103.91194152832031,,, <=50K
,,,,,,,,,,,,, United-States,
,,,,11.023314476013184,, Adm-clerical,, White,,,,, United-States,
34.160194396972656, Private,, HS-grad,,,, Not-in-family,,,,,,, <=50K
,,214438.1875,,,,,,,,,34.26060104370117,,,
40.00751876831055,,, HS-grad,,,,,,,,,,,
,,,,,,, Husband,,,,,,,
,,,,9.680536270141602,,,,,,,,, United-States,
,,, Some-college,9.411215782165527,, Adm-clerical,,,,,,32.980133056640625,, <=50K
33.577972412109375,,197587.84375,,,,,,,,,,,,
,,,,,,,, White,,,,,,
39.14435958862305,,190631.0,,,,,,,,36.7518310546875,,,,
,,191660.921875, HS-grad,,,,,, Female,-3208.34814453125,-69.03703308105469,,, <=50K
,,,,,,,, White,,,,,,
, Private,,,6.929088592529297,,,,,,-3539.41357421875,-68.00930786132812,, United-States, <=50K
, Private,,,,,,,,,,,,,
,,,,,, Adm-clerical,, White,,67.7537841796875,65.05535125732422,,,
,,,,, Married-civ-spouse,, Not-in-family,,,,,,,
43.659095764160156,,,,11.652969360351562,,,,,,3650.63671875,,,,
31.411684036254883, Private,196061.0,,,,,,,,,44.242191314697266,,,
,,,,,, Exec-managerial,, White,,,,,,
,,,,7.05865478515625,,, Unmarried,,,,,, United-States, <=50K
,,191951.390625,,11.42227840423584,,, Husband,,,,,, United-States,
,,, HS-grad,7.9731268882751465,,,,,,-6421.45947265625,,, United-States, >50K
30.534618377685547, Private,178090.171875,,,,,,,,,,,,
,,,,, Married-civ-spouse,,, White,,,,46.618568420410156, United-States,
, Private,, HS-grad,,,,,,,,,,, <=50K
, Private,188172.34375,,,,, Not-in-family,,,,52.36369705200195,,,
,,,,9.795500755310059,,,,, Male,3607.43359375,,, United-States,
38.63580322265625,,, HS-grad,,,, Husband, White,,,,,,
,,,,,,,,,,,,,,
,,,,, Divorced,,, White,,,,,, <=50K
,,,,,,,,,,117.7432861328125,,41.60774612426758, United-States,
,,,,,,,, White,,,,,,
,,,,,,,,, Male,4791.1728515625,,,,
,,,,, Married-civ-spouse,,,,,3695.810546875,,,,
27.641408920288086, Private,,,,,,,,,,,,,
,,189489.671875, HS-grad,,,,,,,,68.34654235839844,,,
,,,,,,, Not-in-family,,,630.4615478515625,81.9693603515625,40.004852294921875,,
41.70602035522461,,,,,,, Husband,,,,,,,
,,,,,,,,, Male,,94.93556213378906,49.64794921875, United-States,
, Private,,,,, Adm-clerical, Not-in-family,,,,,,,
, Private,,,,,,,, Female,,,42.38194274902344,, <=50K
32.398536682128906,,,,,,, Not-in-family, White,,,53.312110900878906,,,
, Private,,,7.469358444213867,,,,, Female,,,42.78379821777344,, <=50K
,,199052.8125, HS-grad,8.6309232711792,,,,, Male,,,,,
, Private,, HS-grad,9.88128662109375,,,,, Male,,,,,
21.049402236938477, Private,,,, Never-married,,,,,-2395.99365234375,,,, <=50K
,,,,, Never-married,, Own-child,,,,,36.590065002441406,, <=50K
33.817684173583984,,, HS-grad,,, Craft-repair,,, Female,,-51.95475769042969,44.201194763183594, United-States, <=50K
,,,,,,,,,,,,34.68042755126953, United-States,
,,, Some-college,11.888300895690918, Divorced, Adm-clerical,,,,555.702392578125,,,,
,,, 7th-8th,,,, Unmarried, White,,,,,, <=50K
,,,,,,,, White,,,,,,
,,170873.9375,,,,,,,,,,,,
,,,,,,,,,,,,,,
43.8097038269043,,205914.375,,,,,,, Male,,,49.361446380615234,,
43.09415817260742, Private,,,,,, Husband,,,,,,,
,,,,8.899739265441895,,,,,,,,39.574764251708984, United-States,
,,,,, Married-civ-spouse,,,,,,,43.150028228759766,,
,,,,,, Craft-repair,,, Male,,,,,
,,, HS-grad,,,, Husband,,,-416.26513671875,,,,
, Self-emp-inc,172339.203125,,10.958521842956543,,,, White, Male,,,52.459556579589844,,
,,,,,,,,,,,216.82179260253906,,,
, Private,,,, Never-married,,,,,,,39.734779357910156,, <=50K
, Private,, 7th-8th,,,, Husband,,,,,,,
,,,,,,, Own-child,,,,,, United-States,
, Private,,,,,,, White, Male,,,39.45587158203125,, <=50K
, Private,180093.28125, Some-college,9.423534393310547, Never-married, Adm-clerical,,,,-3419.12548828125,,,, <=50K
31.649192810058594,,180758.734375, Some-college,9.82546615600586,,,,,,5.8900146484375,,35.590248107910156,,
,,,,,,,,, Male,,235.5908203125,,,
,,,,, Married-civ-spouse,,,,,,,,,
,,, Masters,, Widowed,,,,,,,,, >50K
24.677692413330078,,185643.4375,,8.747977256774902, Never-married,,,,,,,,, <=50K
, Private,,,8.958806037902832,, Other-service,,,,,,, United-States, <=50K
50.91124725341797,,193333.140625,,12.326143264770508,,,,,,4623.49072265625,,,,
35.229637145996094, Private,,,, Married-civ-spouse, Craft-repair, Husband, White, Female,,,,,
, Private,,,, Married-civ-spouse,,,, Female,,,47.33259201049805,,
,,209267.46875,,,,,,,,,,,,
, Private,, Bachelors,,,,,,,-4818.78271484375,,, United-States, >50K
34.158546447753906,,, Some-college,,,,, White, Female,,61.597896575927734,, United-States,
, Private,,,9.900321960449219,,,,,,,,,,
,,,,,,,,,,,,, United-States,
,,,,, Married-civ-spouse, Craft-repair,,,,,,47.34711456298828, United-States,
,,,,8.305349349975586,,,,,,,,, United-States,
, Private,,,,,,, White,,,,,, <=50K
,,,,,, Other-service, Own-child,,,,-53.54615783691406,,, <=50K
43.938941955566406,,,,,, Other-service,,,,,,,,
, Private,,,,,,,, Male,,,,,
,,,,,, Adm-clerical,,,,270.39593505859375,36.10383605957031,,,
,,,,,, Craft-repair,,, Female,,,, United-States,
,,,,7.827419281005859,,,,, Female,,,,, <=50K
,,,,,,,,, Male,,,,,
46.24048614501953,,,,,, Craft-repair,,,,,203.78395080566406,,,
38.50672149658203,,173557.75,,,,,,,,,,,,
,,,,, Married-civ-spouse,,,,,,,,,
,,,,,,,,,,,,,, <=50K
43.93327713012695,,,,12.314621925354004,, Exec-managerial,,,,4422.56103515625,,, United-States,
,,,,,,,,, Female,,,,,
43.23733901977539,,,,,,,, White,,988.2670288085938,,,,
,,,,,,,,, Male,,,, United-States,
,,,,9.624828338623047,,,,,,,,,,
, Private,,,,,, Husband,, Male,-383.9986572265625,,,,
24.818702697753906, Private,,,, Married-civ-spouse,,,,,,,, United-States,
,,205151.53125,,,,,,, Male,,,,,
, Private,,,,,, Own-child,, Female,-3618.61474609375,,,, <=50K
,,,,8.075361251831055,,,,,,,,,, <=50K
,,, HS-grad,,,,, White, Male,,,48.25088119506836,,
,,203903.046875,,9.517066955566406, Never-married,,,,,,,,,
, Self-emp-not-inc,,,,, Prof-specialty,,, Female,-1088.9827880859375,,,, >50K
, Private,184454.140625,,,,,,,,,,,,
, Private,, Some-college,10.859783172607422,,,,,,,171.54165649414062,,,
, Private,,,,,,,,,,,,,
, Private,177702.859375,,,, Adm-clerical,,,,591.966552734375,,,,
,,,,,,,,,,,,,,
,,208969.9375,,, Married-civ-spouse,,,, Female,,,, United-States,
,,178327.6875, HS-grad,9.44921875,,,,,,,,,,
,,,,, Married-civ-spouse,, Not-in-family,,,,,,,
,,,,, Married-civ-spouse,,,,,,,,,
,,, Bachelors,,,,,,,3774.44580078125,,,,
,,,,,,,,,,280.48443603515625,,,,
,,,,, Never-married,, Not-in-family,,,,,,,
, Private,,,,,,,, Male,,,52.4189567565918, United-States,
,,, HS-grad,,,,,,,,,31.189363479614258,, <=50K
,,,,10.940694808959961,, Adm-clerical,,,,,,,,
,,, HS-grad,,,,, White,,934.99072265625,,,,
,,, HS-grad,,,,, White,,,,,,
,,,,,,,, White, Male,,,,,
,,, Bachelors,,,,,,,,,,,
,,,,8.173748970031738,,,, White,,,,,, <=50K
43.181915283203125,,,,,,,,,,,117.06719970703125,,,
42.218292236328125, Private,,,,, Exec-managerial, Husband, White,,,,,,
38.13916015625,,,,10.430886268615723,,,,,,,,38.22808837890625,,
,,,,10.553716659545898,,,,,,,,, United-States,
,,, Bachelors,,,,,,,,,, United-States,
,,, HS-grad,,,,,,,-345.437255859375,20.806732177734375,,,
,,,,11.565147399902344,,,,,,,,,,
34.576229095458984,,198224.71875,,, Married-civ-spouse, Craft-repair, Not-in-family, White,,,,,,
,,,,10.275547981262207,,,,,,,72.29911804199219,,,
45.11825180053711, Private,,,10.736257553100586,,, Husband,,,3671.25439453125,199.11968994140625,, United-States,
,,,,, Married-civ-spouse,,, White, Male,,74.55963134765625,,,
,,, Bachelors,,,,, White,,,,,, <=50K
, Private,,,,,,, White, Female,,,, United-States, <=50K
,,,,,,, Husband,, Male,,,, United-States,
38.97759246826172,,207034.5, 11th,,,,,, Female,,,,,
, Private,, Bachelors,, Never-married,,,,,536.8500366210938,,,,
28.3247127532959,,191364.21875,,, Never-married,,, White,,,,40.43302536010742, United-States, <=50K
,,,,,,, Husband, White,,,126.56998443603516,, United-States,
24.216651916503906, Private,,,8.791860580444336, Never-married,,,,,,26.77558135986328,,,
,,, Some-college,,, Sales,,,,,54.90530776977539,,,
,,,,, Married-civ-spouse,,,,,,,,,
, Private,,,,,,,,,1486.73095703125,,,,
,,190021.3125,,, Married-civ-spouse,,,,,,-178.8357696533203,,,
,,,,,,,,,,,,41.87176513671875,,
,,, Some-college,10.453279495239258,,,, White,,-91.5030517578125,,,,
,,,,10.651403427124023,,,,,,175.3612060546875,,,,
, Private,, HS-grad,, Married-civ-spouse,,,,,-20.130126953125,,,,
,,,,,,,,,,,,,,
,,189217.390625,,, Married-civ-spouse,,,, Male,,,53.229949951171875,,
22.46514129638672,,,,, Never-married,,,, Female,,-37.71947479248047,,, <=50K
37.050384521484375,,192947.265625,,,,,,,,-279.6488037109375,,, United-States,
,,,,,,,,,,,,,,
,,,,,,,,,,,,,,
,,,,,,,,,,,,,,
46.589271545410156,,189603.53125,,,,,,,,,,,,
,,, HS-grad,,,,,,,,,,,
,,,,,,,,,,,,,,
32.36100769042969,,,,,,,,,,,,35.716400146484375,,
, Private,,,,,, Own-child, White,,,,, United-States,
, Private,,,,,, Own-child, White,,,52.23225784301758,,,
, Private,,,8.936077117919922,,,,,,113.12554931640625,,,,
, Private,,,,, Craft-repair,,, Male,,66.0030517578125,,,
,,,,, Never-married,,,,,,,,, <=50K
41.07320022583008,,,,,, Transport-moving, Husband,,,,,,,
,,210174.75,,,,,,,,,,41.411964416503906,,
34.2149658203125,,, Some-college,,,,, White,,,,, United-States,
,,181231.90625,,12.51681900024414, Married-civ-spouse,,,,,,,,,
, Private,,,9.616361618041992, Never-married,,, White,,,,,,
,,,,,,,,,,,,,,
,,195009.765625,,,,,,,,,,,,
,,,,11.614733695983887,, Craft-repair,,, Male,,,, United-States,
,,172862.296875,,,,,,,,,,,,
,,,,,,, Husband,,,,,,,
39.92750930786133,,,,,, Craft-repair,,,,,,,,
41.63553237915039,,,,,,,,, Male,678.3565673828125,,, United-States,
,,,,,,,,,,,,,,
,,189205.265625,,,, Craft-repair, Husband,, Male,,,,,
,,,,, Married-civ-spouse, Craft-repair, Husband,, Male,,,, United-States,
,,,,,,,,, Male,662.0280151367188,,,,
,,194129.8125,,,,,,,,-3686.9814453125,,,, <=50K
,,194244.53125,,,,,,,,,,, United-States, <=50K
,,195036.609375, Some-college,,,,, White,,-201.9967041015625,,, United-States,
35.612735748291016,,,,,,,, White,,,77.99785614013672,,,
38.004249572753906,,,,,,,,, Female,,,, United-States, >50K
,,193919.515625,,,,, Not-in-family,,,-449.143310546875,,,,
23.666210174560547, Private,,,, Married-civ-spouse,,,,,,,37.679649353027344, United-States,
,,202002.421875,,,,,,, Male,-17.857421875,,43.6408805847168,,
,,,,,,,,, Male,,,43.489295959472656,,
,,,,9.093706130981445, Married-civ-spouse,,,, Male,,,,,
,,, HS-grad,,,, Husband, White,,,,,,
,,,,,,,,,,,,,,
,,187233.09375,,9.103385925292969,,, Not-in-family,,,,,,, <=50K
,,, HS-grad,,,,,,,-26.57275390625,,, United-States,
,,195739.46875, HS-grad,,,, Husband,, Male,,,,, <=50K
,,,,,,,, White,,,,, United-States,
, Private,,,8.288875579833984,,,,,,,,,,
,,172774.09375,,,,,,,,,,,,
, Private,,,,,,,, Male,,,,,
,,,,10.545600891113281,,,, White,,,,,,
, Private,220843.09375,,, Never-married, Craft-repair, Own-child, White, Female,,,,,
,,,,9.988518714904785,, Craft-repair,,, Male,,,,,
,,, HS-grad,,,,,,,,,, United-States,
,,173115.015625, Bachelors,,,,,,,,,,,
,,, HS-grad,, Divorced, Adm-clerical, Not-in-family,,,,,, United-States,
, Private,,,, Married-civ-spouse, Machine-op-inspct,,,,,,, United-States,
,,198961.203125,,8.625444412231445,,,,,,-361.3734130859375,,38.619266510009766, United-States,
,,,,11.206315994262695, Never-married, Adm-clerical,,,,,70.02789306640625,40.2164421081543,,
,,, Some-college,11.289974212646484, Married-civ-spouse,,,,,,,,,
,,,,,,, Husband,,,,,,,
,,174106.09375, HS-grad,, Married-civ-spouse, ?,, White,,,,,,
,,, HS-grad,,,,,,,63.3497314453125,,,,
,,,,,,,,,,,,,,
42.177513122558594,,,,,,, Not-in-family, White,,,,,,
,,, HS-grad,, Divorced,, Unmarried,,,,,, United-States, <=50K
,,,,,,,,, Male,,,45.32345962524414, United-States,
,,180316.765625,,, Married-civ-spouse,,,, Female,,,,, <=50K
,,, HS-grad,,,, Own-child,,,,,,,
,,,,, Never-married,,,,,,-79.97402954101562,,, <=50K
42.58328628540039,,,,,,, Husband,,,,,40.924415588378906,,
34.96630096435547,,,,,,,, White,,,,, United-States, <=50K
40.39223861694336,,,,9.678766250610352,,, Husband,, Male,910.8929443359375,,,,
,,,,, Never-married,,,,,,-91.89143371582031,,, <=50K
,,,,,,,, White,,,24.25595474243164,,,
,,,,,,,, White,,,45.400047302246094,,,
35.289737701416016,,,,,,, Unmarried, Asian-Pac-Islander,,-3937.37353515625,,,, <=50K
,,,,,,,,,,,,, United-States, <=50K
,,, Bachelors,,,,,, Female,,,,,
,,177543.03125,,,,,,,,,,,,
, Private,,,,,,,,,,208.30601501464844,,,
, Private,,,,, Adm-clerical, Own-child,,,,,,,
,,,,11.226583480834961,,, Own-child,,,,,38.75688171386719,,
,,,,,,,,,,,202.277099609375,,,
,,191211.0625,,, Married-civ-spouse,,,, Male,,,,,
,,,,,,,,,,,,,,
,,182594.0,,,,,,,,,,,,
, Private,,,,,,,,,,50.68947219848633,,,
, Private,, HS-grad,, Married-civ-spouse,,,,,,,,,
, Private,,,, Never-married,, Own-child, White,,129.989013671875,66.01754760742188,,,
,,,,,,,,,,,,39.10852813720703,,
,,,,,,,,,,,25.901302337646484,,,
,,188589.453125,,,,,,,,,,,,
29.817468643188477,,, Bachelors,,, Prof-specialty,,,,,47.59443664550781,,,
,,,,,,,, White, Male,,,,,
,,, Some-college,10.706168174743652,, Craft-repair,,,,,,,,
, Private,,,,,,,,,-137.8232421875,,, United-States,
, Private,, HS-grad,, Married-civ-spouse,,,,,,,,,
,,193752.484375, HS-grad,, Married-civ-spouse,, Not-in-family,,,,,43.913455963134766,,
,,195336.078125,,,, Craft-repair,, White,,,,, United-States,
,,,,9.072937965393066,,,,,,,-50.527099609375,,, <=50K
,,,,,,, Husband,, Female,,,,,
,,,,,,,,, Female,,,,, >50K
, Private,, 10th,, Divorced,,,,,-1326.7293701171875,,,,
, Private,,,, Married-civ-spouse,,,,,,,,,
,,,,,, Craft-repair, Husband,,,,,, United-States,
, Private,,,,,,,,,,,, United-States,
, Private,,,11.673641204833984,, Craft-repair,,,,3813.673828125,,,,
,,,,,,, Husband, White,,-118.169921875,,,,
,,,,7.078676223754883,,,,,,-3553.45751953125,,28.7736873626709,, <=50K
,,, HS-grad,9.246380805969238, Married-civ-spouse,,,,,439.135986328125,,,,
33.205543518066406,,,,7.229863166809082,,,,,,,,,, <=50K
,,,,7.594854831695557,,,,,,,,, United-States, <=50K
33.484039306640625,,194906.3125, Bachelors,, Married-civ-spouse,,, White, Male,4191.775390625,,,,
,,,,,,, Husband, White, Male,,170.02783203125,,,
,,,,,,, Not-in-family,,,-176.375,40.93125534057617,,,
,,, HS-grad,,,,, White, Male,-77.8651123046875,,,,
29.613460540771484,,, HS-grad,,,, Husband,, Female,,-70.71241760253906,,, <=50K
,,,,12.250874519348145,,,,,,,,,,
,,, Some-college,8.208200454711914,,,,,,-622.434326171875,,,,
,,,,,,,,, Male,,,44.713279724121094,,
, Private,186556.640625,,,,,,,,,,,, <=50K
,,,,,,,,, Male,,,,,
39.8464241027832,,,,,, Craft-repair,,, Female,-4267.84814453125,,,, >50K
,,190957.296875,,,,,, White,,,,,, <=50K
, Private,,,,,,,,,,,,,
,,,,,,,,,,,,, United-States,
,,198038.171875, HS-grad,,,,,,,,,,,
32.89447021484375,,, Bachelors,,,,,,,,,,,
, Private,,,,, Adm-clerical,,,,,33.568511962890625,, United-States,
, Private,,,,, Prof-specialty, Wife,,,,,,,
,,, HS-grad,,,,,, Male,,29.09003448486328,,,
,,199696.5,,,,,,,,,,38.39706802368164,,
,,, 11th,,,,,, Female,,27.549640655517578,,,
,,,,,,,,,,,,34.979820251464844, United-States,
,,,,,,,,,,,,,,
,,,,,,,,,,,,,,
,,, HS-grad,9.302370071411133,,,,, Male,623.748046875,,, United-States,
,,,,,, Craft-repair,,,,,,,,
,,, Bachelors,,,,,, Female,,73.25485229492188,,,
33.53242874145508,,, Some-college,9.654153823852539,,,,, Female,,,,,
,,,,,,,,,,,,,,
,,180442.015625,,,,,,,,,,, United-States,
, Private,,,,,,,,,,,,,
, Private,194613.359375,,,,,,,,76.95916748046875,,, United-States,
26.558349609375,,,,10.252127647399902, Married-civ-spouse,,,,,,,, United-States,
, Private,212511.0625,,,, Craft-repair, Husband,, Female,-5562.29150390625,,44.98713302612305,, <=50K
,,,,7.340493202209473,,,,,,,-62.31571960449219,,, <=50K
,,,,,,,,,,,,,, <=50K
28.127328872680664,,185493.96875, 11th,,,,,,,,,,, <=50K
30.310222625732422,,195770.59375,,10.614891052246094, Married-civ-spouse,,, White,,,73.2337875366211,44.01301193237305,,
,,,,, Never-married,, Own-child,,,,,,,
,,,,,,,,,,,,,,
,,,,,,,,,,,,,, <=50K
,,,,, Never-married,,,,,,,34.576873779296875, United-States, <=50K
,,,,,, Prof-specialty,,,,,,,,
23.623769760131836,,,,8.005508422851562, Married-civ-spouse,,, White, Female,,,,, <=50K
, Private,,,,, Craft-repair,,,,,,,,
,,,,,,,,,,,,,,
,,,,9.84031867980957,,,, White,,,,,,
,,, HS-grad,,,, Husband, White,,,55.482147216796875,,,
,,,,, Never-married,,,,,,3.1552200317382812,33.67295455932617,,
33.920936584472656,,, HS-grad,,,,,,,204.22119140625,,,,
,,,,,, Other-service,,,,,,,, <=50K
,,,,,,,,, Male,,,, United-States,
34.37833786010742,,,,,,,,,,,52.73653793334961,,,
41.81806182861328,,,,,,,,, Male,,,, United-States,
, Private,, Some-college,8.943672180175781, Married-civ-spouse,,,, Male,,,,,
, Private,, Some-college,10.005722999572754,, Craft-repair,,,,,,42.291934967041016,,
36.20790481567383, Private,184692.75,,10.119572639465332,,,,,,,,37.773780822753906,,
,,, Bachelors,,,,,,,,81.26395416259766,, United-States,
, Private,,,, Married-civ-spouse,,,,,,,,,
, Private,,,,,,, White, Male,,80.96172332763672,46.610294342041016, United-States,
,,,,,, Craft-repair,, White,,,,,,
, Private,,,,,,, Asian-Pac-Islander,,,73.40188598632812,42.02516174316406,,
,,,,,,,,, Male,,77.86650085449219,48.57425308227539,,
, Private,189373.703125, Some-college,,,,,,,,,,,
,,193228.1875, Some-college,, Married-civ-spouse,, Not-in-family, White,,,67.08879089355469,,,
,,,,12.553571701049805,,,,,,,,,,
,,222259.984375,,,,,, White, Male,,,,,
,,, Some-college,,,,,, Male,,,,,
35.046775817871094, Private,,,,,,,,,,,,,
36.38368606567383,,,,,,, Not-in-family,,,,,, United-States, >50K
,,,,, Married-civ-spouse, Craft-repair,,,,,174.5516815185547,,,
, Private,,,,,,,,,,,,,
,,,,,,, Own-child,,,,44.916481018066406,,,
,,,,,,,, White,,,,, United-States,
36.67866516113281,,,,,,,,,,,,, United-States,
,,,,,,,,,,,,,,
,,,,,,, Not-in-family, White,,,,,,
,,,,,,, Wife, White,,,,,,
,,,,,,,,, Male,,,44.65648651123047,,
,,,,, Divorced,,, White,,,,,,
,,,,, Widowed,, Unmarried,,,,-62.18333435058594,,, <=50K
, Private,200530.234375,,,,, Husband,, Male,3422.32470703125,206.33349609375,,,
, Private,167130.265625, Bachelors,,,,,,,,,,, >50K
, Private,,,10.225152015686035,,, Husband,,,,,44.498924255371094, United-States,
,,,,,,,, White,,,,40.0538330078125,, >50K
,,, HS-grad,,,,,, Male,,,,,
, Private,,,,,, Husband,, Male,,,,,
,,,,,,,,,,4877.82373046875,211.51881408691406,,,
,,203119.21875,,,,,, White, Female,,,,, <=50K
, Private,,,,, Craft-repair, Husband,, Male,,,,,
,,, 7th-8th,,,, Husband,,,,,,,
41.05447006225586,,, HS-grad,,,, Husband,,,,,, United-States,
,,,,6.859618663787842,,,,, Male,,,40.69081497192383,, <=50K
,,,,,, Craft-repair,,, Female,,90.98284912109375,,,
,,,,,,,,,,,,,,
, Private,190956.21875,,,,,, White,,,,42.338523864746094, United-States,
28.639915466308594, Private,, Some-college,10.498162269592285, Married-civ-spouse,,,,,,,,,
,,, HS-grad,,,,,,,,,,,
21.897371292114258,,,,, Never-married, Other-service,,,,,,,, <=50K
,,,,,,,, White,,,,,,
,,, HS-grad,,, Craft-repair,,,,120.10357666015625,,,,
,,,,11.95557689666748,, Craft-repair,,,,,,,,
,,, Bachelors,, Married-civ-spouse,,, White, Male,,98.21368408203125,50.37189865112305,,
,,202721.140625,,,,,, White,,,,37.614166259765625,,
38.92282485961914,,175630.3125, Some-college,,,, Not-in-family,,,65.1180419921875,,, United-States,
,,,,,,,,,,,,,, <=50K
,,193174.234375,,, Widowed,,,,,,,,, <=50K
38.75246810913086,,,,,,,,,,,,,,
,,,,,, Farming-fishing,,,,,-12.818397521972656,, United-States, >50K
33.03822708129883, Private,, HS-grad,,,,,,,,,,,
,,,,, Never-married,, Not-in-family,,,,,,,
37.70991134643555,,,,,,,,, Female,,,43.63446044921875, United-States, <=50K
,,194337.203125,,,,,, White,,,,,,
35.771148681640625,,,,, Married-civ-spouse,,,,,4384.47314453125,,,,
,,,,7.271515369415283,,,,,,-3604.28076171875,,, United-States, <=50K
41.92670440673828,,,,,,,,,,,,,,
,,,,, Never-married,,,,,,,,,
37.431034088134766,,,,,,,,,,,,40.42118835449219,,
,,, HS-grad,,, Craft-repair, Husband,, Male,,,, United-States,
,,,,,, Craft-repair,,, Female,,,48.13645935058594,,
,,,,11.626169204711914,,,,,,,,,,
43.14973831176758,,212289.09375,,,,,, White, Male,,73.57041931152344,47.780906677246094,,
,,,,, Divorced, Prof-specialty,,,,,,40.8800163269043,,
,,182289.078125, Some-college,, Married-civ-spouse,,,,,305.02557373046875,,43.811859130859375,,
,,,,10.157666206359863,,,, White,,,42.40806198120117,,,
, Private,,,, Never-married,,,,,,,, United-States, <=50K
,,175413.15625, Bachelors,, Divorced,,, White,,-5076.20361328125,,,, >50K
49.558738708496094,,,,,,,,,,,,,,
,,,,10.940741539001465,, ?,, White,,,65.91783142089844,, United-States,
, Private,, Some-college,11.771845817565918,,,, White,,,194.64816284179688,,,
,,, HS-grad,,,,,,,-451.0330810546875,,,,
,,,,,,,,,,,,,,
,,,,8.615666389465332,,,,,,,48.694705963134766,38.416751861572266,,
,,,,,,,,,,,,, United-States,
,,202804.421875,,,,,,,,-697.1748046875,,,,
29.429378509521484,,,,, Married-civ-spouse,,,,,,,,,
38.17045593261719,,,,,, Other-service,,,,,,,,
, Private,,,,,, Own-child, White,,-3984.2265625,,34.44330596923828,, <=50K
, Private,,,,,,,,,,40.36264419555664,,,
54.261409759521484,,,,,,, Husband,, Male,,,,,
,,,,8.654698371887207,,,, White,,,,,,
, Private,,,,,,,,,,,, United-States, <=50K
,,,,,,,, White,,,,,, >50K
37.26884460449219, Private,, HS-grad,,,, Husband,, Male,,,,,
,,, HS-grad,8.337281227111816,,, Not-in-family, White,,,-42.344085693359375,, United-States, <=50K
,,,,9.807196617126465,,,, White,,,,,,
30.015594482421875,,206037.828125,,, Married-civ-spouse,,, White,,,,,,
35.055110931396484,,,,,,,,,,-2799.53076171875,,,, <=50K
,,,,, Never-married,,, White,,-2836.771484375,,35.204734802246094,, <=50K
, Private,,,,, Other-service,,,,,,,,
,,,,, Never-married,,, White,,,,,, <=50K
,,, HS-grad,10.594010353088379,,,, White, Male,,,,,
,,,,, Married-civ-spouse,,,,,,,,,
,,, HS-grad,,,, Not-in-family,,,,,,,
,,,,,,,,,,1084.442626953125,,34.427001953125,,
, Private,,,,,, Not-in-family,,,,,,, <=50K
, Private,186528.25,,,,,, White,,,,41.53361892700195, United-States,
40.84751892089844,,,,13.275187492370605, Married-civ-spouse,,,,,,,,,
,,191682.375,,7.020503044128418,,,,,,,,,, <=50K
28.153507232666016,,,,7.353163719177246,,,, White,,,,29.403011322021484,, <=50K
,,, Some-college,9.25678825378418, Never-married, Other-service,,,,,,40.16767501831055,, <=50K
,,208934.796875,,,, Craft-repair, Husband,, Male,,,,,
,,,,,, Exec-managerial,,,,4565.65673828125,,,,
34.78312683105469,,191628.640625,,8.250785827636719,,, Not-in-family,,,-3286.6787109375,,,, <=50K
, Private,,,,,,, White,,,,39.701141357421875,,
,,205004.453125,,9.536632537841797, Never-married,, Own-child,,,,,,,
,,,,,,,,,,-2866.09521484375,,32.47493362426758,, <=50K
,,,,,,, Not-in-family,,,,,,, >50K
, Private,, HS-grad,,, Other-service, Not-in-family,,,,,, United-States,
, Private,,,9.83142375946045,,,,,,152.2430419921875,,,,
27.429243087768555,,,,8.199095726013184,,,,,,,,,, <=50K
,,,,, Never-married,,,,,,,,,
,,,,9.832830429077148, Never-married,,,,,,,,,
,,,,,,,,, Female,,,, United-States,
,,,,8.98367691040039,,,,,,,,,,
,,176453.734375, Bachelors,,,,,,,277.220458984375,,, United-States,
, Private,168187.734375, HS-grad,,,,,,,,,,,
,,,,8.657493591308594, Divorced,,,,,,,,, <=50K
,,,,,,, Husband,, Male,,,,,
,,,,,, Prof-specialty,,, Male,2758.056884765625,,,,
,,,,8.249767303466797,,,,,,,-64.67213439941406,, United-States, <=50K
, Private,,,,,,,,,,,,,
,,,,,,,,,,326.949951171875,,35.108551025390625,,
, Private,,,,,,,,,,,,,
,,,,, Never-married,, Not-in-family,,,-2848.29052734375,,,, <=50K
36.49903869628906,,191817.296875,,, Married-civ-spouse,,,,,4530.4599609375,199.78567504882812,,,
, Private,,,,,, Own-child, White,,,,,, <=50K
,,,,,, Craft-repair,,, Male,,,,,
,,,,,,,, White,,,,,,
,,,,, Married-civ-spouse,,, White, Female,,,,,
40.85113525390625,,,,10.945915222167969,,,,,,,,,,
, Private,,,8.397680282592773,,,,,,,,,, <=50K
36.93964385986328,,191820.21875,,,,,,,,,50.36056900024414,,,
, Private,,,,, Craft-repair,,,,,63.51356887817383,,,
,,,,,,, Not-in-family,,,427.10723876953125,,,,
,,,,,,,,,,,,,,
,,,,,,,,,,216.775390625,,,,
,,,,,,,,,,,,35.28059768676758, United-States,
,,174154.046875, Masters,, Married-civ-spouse,, Not-in-family,,,,,, United-States,
,,,,,,, Not-in-family, White,,,-18.496780395507812,33.62335968017578,, <=50K
,,195544.296875,,9.074309349060059,,, Own-child, White,,-3849.96826171875,,,, <=50K
,,,,,,,,,,-83.10693359375,51.68428039550781,39.06354522705078,,
,,, Bachelors,,,,,,,,,,,
24.3945255279541, Private,,,, Married-civ-spouse,,, White,,,,,,
,,, HS-grad,, Never-married,,,, Female,,-83.31874084472656,,, <=50K
,,,,10.977569580078125,,, Own-child,,,,,,,
61.03260040283203,,,,,, Prof-specialty, Husband,,,,,51.62071990966797,,
,,,,,,,,,,-2409.349609375,,, United-States, >50K
, Private,, HS-grad,,,,,, Male,-504.7025146484375,,,,
,,,,,,, Own-child,,,,,35.67595672607422,,
,,,,,,, Husband,, Male,,,47.167388916015625,,
, Private,,,,,,,,,,,, United-States, <=50K
,,,,,,,,,,,,,, <=50K
44.89190673828125,,186749.171875,,10.990447998046875,, ?,,,,,,,,
, Private,, HS-grad,11.223139762878418,,, Husband,, Male,,,,,
,,194222.609375,,,, Craft-repair,,, Female,,102.87211608886719,,,
, Private,,,9.213871955871582, Married-civ-spouse,, Husband,, Male,1029.9619140625,,,,
,,, Bachelors,, Never-married,,,,,,,,,
43.093727111816406,,,,11.641756057739258,, Adm-clerical,, White,,,,, United-States,
,,,,,,, Not-in-family,,,,,44.928611755371094,,
,,,,8.74257755279541,,, Husband,,,255.83251953125,,,,
,,,,,,, Own-child,,,-4511.015625,,,, <=50K
,,,,,, Craft-repair, Own-child,,,,,45.55809020996094,,
,,, Some-college,,,,,,,,18.937576293945312,,,
,,,,,, Craft-repair,,,,,,, United-States,
,,,,,,,,,,,221.56167602539062,,,
,,,,,,,,,,-3527.54345703125,,34.62017059326172,, <=50K
45.56474304199219,,203077.90625,,11.470009803771973,,,,,,,205.6666259765625,, United-States,
,,,,, Never-married,,,,,,,, United-States,
, Private,177018.296875,,,, Adm-clerical,,,,,,,,
,,,,,, Other-service,,,,,,, United-States, <=50K
,,186031.859375, HS-grad,,,,, White,,,,,,
,,,,9.934159278869629,,,, White, Female,-177.79541015625,,,,
,,, Some-college,,,,,,,,,,,
,,,,,,,,, Female,,-83.67381286621094,, United-States, <=50K
29.969425201416016,,201618.421875,,, Married-civ-spouse,,, White,,,,,,
,,,,,,,,,,,-67.3204345703125,, United-States, <=50K
,,205841.546875,,,,,,,,,52.529178619384766,,,
,,192795.59375,,9.199503898620605,,,,,,,,,,
28.071369171142578, Private,192100.609375,,,,,,,,,,32.59587860107422,,
,,,,10.70718765258789,,,,,,,0.6946029663085938,,,
,,,,,,,,,,1037.6014404296875,,,,
48.27183151245117, Private,,,,,, Wife,,,,,,,
,,,,,,,, White,,,,,, <=50K
43.0677490234375,,192495.828125, HS-grad,,,,,, Male,3970.517578125,,, United-States,
,,,,,,,,,,,,,,
, Private,172555.21875, HS-grad,9.291772842407227,,,,,,135.17535400390625,,,,
36.8254508972168,,,,9.270310401916504,,,,,,13.3631591796875,,,,
, Private,,,,,,,,,,,,,
,,165389.390625, Bachelors,,,,,,,,,,,
32.80137252807617,,188485.578125,,,,,,,,,,, United-States,
,,,,8.65338134765625,,, Unmarried,,,,,,, <=50K
27.90053939819336,,181703.1875,,,,,,,,,,33.552581787109375,,
33.64793395996094,,,,,,,,,,,41.28230285644531,,,
,,,,7.4152936935424805, Never-married,,,, Female,-3031.96728515625,,,, <=50K
, Private,203207.71875,,,,,,,,,,,,
,,204955.125,,,,,,,,,,,,
,,187891.09375,,7.499367713928223,,,,,,,,,, <=50K
,,172877.5625,,, Married-civ-spouse,,, White,,,,,,
,,,,,,,,,,703.4760131835938,,,,
50.257198333740234,,187513.0,,,,,,,,,,42.23217010498047,,
43.1869010925293,,,,11.549418449401855,,,,,,,,,,
,,, Some-college,,, Other-service,,,,,-44.76585388183594,, United-States, <=50K
,,, HS-grad,,,, Not-in-family,,,,,,,
38.97934341430664,,198466.71875,,8.355867385864258,, Craft-repair,,, Female,-2465.4541015625,,,, >50K
,,,,, Never-married,,,, Female,-27.4036865234375,,,,
,,,,,,, Unmarried,,,,,37.00495529174805,,
,,,,, Never-married,,,,,,,, United-States, <=50K
32.25507354736328,,,,8.869039535522461,,,, White, Male,,,,,
,,,,,, Prof-specialty,, White,,452.036376953125,,,,
, Private,, HS-grad,9.109540939331055, Married-civ-spouse,,,,,-155.1798095703125,,,,
,,,,,,,,,,,,,,
, Private,, HS-grad,,,,,,,,,,,
,,,,,,, Own-child,,,,,, United-States, <=50K
,,,,,,,,,,89.717529296875,67.27212524414062,,,
, Private,,,,, Craft-repair,,, Male,-91.84326171875,,,,
,,,,,,,, White,,,,36.57065963745117, United-States,
,,210266.71875, HS-grad,,,,,, Male,,,,,
,,188441.015625,,,,,,,,,,,,
,,190322.078125,,, Divorced,, Not-in-family,,,,,, United-States,
34.90391159057617,,,,,,,,,,1315.6396484375,,,,
36.00217056274414,,,,,, Adm-clerical,,,,,20.745704650878906,,,
,,,,,,,,,,3982.9052734375,,, United-States,
,,,,,,, Husband,,,,,,,
,,,,,,,, White,,,,,,
,,,,,,, Husband,,,,,,,
,,,,,,,, White,,,,,, <=50K
,,,,,,,,,,,,,,
,,183813.84375,,,,,,,,5470.8291015625,248.77984619140625,,,
, Private,,,,,,,, Male,,50.2418327331543,,,
,,,,,, Craft-repair, Husband,, Female,,,,, >50K
,,,,,,, Not-in-family,,,,-32.805625915527344,,, <=50K
,,,,8.374373435974121,,, Not-in-family, White,,,,,, <=50K
,,,,,,,,,,-3450.76806640625,,33.320560455322266, United-States, <=50K
,,, HS-grad,,,,,, Female,,,37.59273910522461,, <=50K
,,,,8.522408485412598,,,,,,,,,, <=50K
,,,,,,, Unmarried,,,,72.26835632324219,,,
,,,,,,, Husband,,,,214.7122802734375,, United-States,
, Private,, Bachelors,,,, Not-in-family,,,,,,,
,,,,,,, Not-in-family, White,,,,,, <=50K
36.21882247924805,,, HS-grad,9.554601669311523,,,,,,,,,,
,,,,,,, Husband,, Female,,,,, <=50K
,,,,,,,,,,,,,,
40.05401611328125,,,,,,, Husband,, Female,,83.48273468017578,,,
,,193269.28125,,11.932395935058594,,, Husband,, Male,,,,,
, Private,,,,,, Husband,,,,,,,
,,,,,,,,, Male,,47.42436218261719,,,
33.42448425292969,,194937.46875,,,,,,, Female,,68.91504669189453,,,
,,176832.65625, Some-college,,,,,,,,,,,
50.92333984375,,,,,,,, White, Male,,,,,
27.422801971435547,,,,,,,, White,,,,,, <=50K
,,,,,,, Not-in-family,,,,,,,
32.81380081176758, Private,,,,,,,,,,47.848052978515625,40.688865661621094,,
, Private,,,,,,,,,,,,,
,,190959.40625, Some-college,,,, Husband,, Male,,,,,
,,,,,, Exec-managerial,,,,,,,,
,,,,9.134697914123535,,,,,,,60.39558410644531,39.477821350097656,,
28.708477020263672,,,,, Married-civ-spouse, Craft-repair,,, Female,,,, United-States,
,,,,, Married-civ-spouse,,,,,,,,,
,,,,,, Adm-clerical, Not-in-family,,,,,,,
,,, HS-grad,,,,,,,,54.51170349121094,39.19221496582031,,
,,,,,,, Not-in-family, White,,,,,,
,,, Some-college,8.018569946289062, Never-married,,,,,,,,, <=50K
, Private,, HS-grad,,,,,,,,,, United-States, <=50K
,,,,,, Adm-clerical,, White,,-285.447265625,,36.58111572265625,,
42.93006896972656, Private,,,,,,, White,,,,,,
,,191125.796875, HS-grad,, Never-married, Other-service,,,,,,38.6082649230957, United-States, <=50K
32.82521057128906,,,,, Never-married,, Unmarried,,,,,,,
,,180645.671875,,,, Craft-repair,,,,,,,,
,,192600.09375,,,,,,,,,,,,
,,,,, Never-married,, Own-child,,,,,, United-States,
,,,,,, Craft-repair,,,,89.49853515625,,45.227840423583984,,
,,190326.828125, HS-grad,,,,,,,,,,,
,,,,,,,,,,,,,, <=50K
,,,,, Never-married,,,,,693.9657592773438,,,,
,,,,, Never-married,,, White,,,,,,
,,,,,,, Husband,,,,261.2913513183594,,,
, Private,213856.78125,,,,,, White, Male,,,,,
38.83949661254883,,, HS-grad,,, Craft-repair,,, Male,-155.5177001953125,73.1151351928711,50.0013313293457,,
, Private,206000.46875, HS-grad,,,,,,,,,,, <=50K
,,, HS-grad,9.871516227722168,,, Husband,,,,,,,
,,,,, Married-civ-spouse,, Own-child,, Female,,,,,
37.93581008911133,,, HS-grad,,, Craft-repair,,, Male,,,50.11357498168945,,
,,, 7th-8th,,,,, White,,,,,, <=50K
,,,,,,,, White,,,,,,
, Private,, HS-grad,,,,,, Male,,,, United-States,
,,,,,,, Not-in-family,,,,,,,
,,,,10.88111686706543,, Craft-repair,, White,,,,,,
,,,,, Married-civ-spouse, Prof-specialty,,,,,,, United-States,
,,,,,,, Own-child,,,,,,,
, Private,,,, Never-married, Craft-repair,,, Female,,-31.40990447998047,,, <=50K
,,,,,,,,,,,205.20742797851562,47.55985641479492,,
,,, HS-grad,,, Craft-repair,,,,,,,,
36.017662048339844,,, Bachelors,,,, Husband, White, Male,,,49.31407165527344,,
,,,,,,,,,,5292.5029296875,246.20042419433594,, United-States,
,,, HS-grad,, Never-married,, Unmarried,,,,7.171714782714844,,,
,,207833.859375, HS-grad,,,,, White, Male,-4107.33251953125,-65.09271240234375,, United-States, <=50K
,,202110.75,,9.281485557556152,,,,, Male,1406.7587890625,,,,
, Private,,,,,,,,,,,,,
,,209704.109375,,,,,,, Male,,,,,
,,,,,,,,,,,,, United-States,
,,,,,,,,,,,62.6436767578125,41.256629943847656,,
,,,,,,,, White,,,,, United-States,
30.889413833618164,,,,, Never-married,,,,,,,,,
,,, Bachelors,,, Prof-specialty,,,,,,,, >50K
30.022817611694336,,,,, Married-civ-spouse,,,, Female,,,49.78557205200195,,
46.360599517822266,,197874.359375,,,, Craft-repair, Husband,, Male,,,49.977935791015625,,
,,, 7th-8th,, Widowed,, Not-in-family,,,,,,, <=50K
, Private,206028.265625,,9.97037124633789,, Other-service,,,,,,,,
,,,,, Married-civ-spouse,,,, Male,,64.49531555175781,, United-States,
,,,,, Never-married,, Own-child,,,,,, United-States,
38.0654182434082,,183393.59375,,10.574846267700195,,, Not-in-family,,,335.21337890625,,, United-States,
,,, 7th-8th,,,,, White,,,,,, <=50K
,,,,,,, Husband,, Male,,,,,
,,,,,,,, White,,782.4708251953125,,,,
,,,,, Never-married, Craft-repair, Own-child,, Female,-99.48388671875,,,,
,,,,,,,,,,,,41.75429916381836,,
41.99681854248047, Private,,,,,, Husband,,,,,, United-States,
,,165831.921875,,,, Adm-clerical,,,,,,,,
28.055500030517578,,178839.328125,,, Never-married, Prof-specialty,,,,,-20.882797241210938,,, <=50K
, Private,, HS-grad,,,,,,,,,,,
,,,,,,,, White,,,,, United-States,
,,,,10.835029602050781, Never-married,,,, Female,,,, United-States,
,,,,,, Prof-specialty,,,,,,,,
,,,,,,,,,,,,43.708683013916016,,
,,,,,,,,, Male,-416.48828125,,,,
36.472476959228516,,,,,,,,,,,,38.42816162109375,,
,,,,,,,,, Male,,,,,
,,, HS-grad,,,, Husband,, Male,322.71429443359375,,,,
,,196446.0625,,,,,,, Female,-3315.72314453125,,,, <=50K
,,,,,,,,,,,-2.3026046752929688,,, >50K
25.022964477539062, Private,,,6.793642997741699,,,,,,-3309.2373046875,,34.41474914550781,, <=50K
,,,,,,,, White,,,,,,
, Private,,,7.569474220275879,,,,,,,,, United-States, <=50K
36.74491500854492,,, Some-college,10.465653419494629,,,,,,,49.906917572021484,,,
,,181704.421875,,, Divorced,,,,,,,,, <=50K
, Private,,,9.97548770904541,,,,,,,,38.068397521972656, United-States,
,,, Bachelors,,,,,,,,-42.52937316894531,, United-States, <=50K
33.807186126708984,,,,,,,, White,,,,,,
, Private,,,,,,,,,,,,, <=50K
,,,,9.34005069732666,,,,,,,,,,
,,,,, Never-married, Sales,,,,,60.108848571777344,,,
, Private,,,,,, Not-in-family,,,,,,,
37.69963836669922,,,,, Married-civ-spouse,,,,,,,,,
,,197592.03125,,,, Other-service,,,,,,,, <=50K
,,, HS-grad,,,,, White,,,,,,
,,170952.90625,,,,,,,,,,38.792179107666016,,
,,, Bachelors,, Married-civ-spouse,,,, Female,,,,,
,,,,,,,, White, Male,4016.72607421875,,52.892059326171875,,
32.89678955078125,,, HS-grad,, Divorced, Adm-clerical, Not-in-family,,,,,40.45189666748047,,
,,,,,,,,,,3478.2724609375,180.64816284179688,44.88460159301758,,
,,187831.375,,8.39503002166748,,,,,,,,,, <=50K
,,,,,,,,,,,,,, <=50K
,,,,10.159092903137207,,,,,,,,,,
32.186649322509766,,, HS-grad,,,,,,,-127.35107421875,,34.40925979614258,,
,,209548.46875,,,,, Own-child,,,,,,,
,,174424.609375,,, Divorced,,,,,,-38.446746826171875,,, <=50K
,,178636.421875,,, Divorced,,,,,,,,, <=50K
,,,,,,,,,,,,,, <=50K
,,,,,,,,,,,53.17855453491211,,,
40.03841018676758,,200238.03125,,10.299962043762207,,, Husband, White, Male,,,,,
,,,,,,,,, Male,,72.36239624023438,47.34176254272461,,
,,,,,,, Husband,,,,,45.21150207519531,,
,,,,,,,,,,-3564.853515625,-80.39015197753906,34.55371856689453,, <=50K
,,,,,,,,,,,52.996742248535156,,,
,,,,,,,, White,,-192.458251953125,,,,
,,194751.203125,,8.708141326904297, Never-married,,,,,-3204.71826171875,-81.6715087890625,,, <=50K
,,,,,,,,,,,,, United-States,
,,184050.65625,,,,,,,,,156.776611328125,,,
,,,,,,,,,,,,,,
42.0191535949707,,,,,,,,, Male,,,,,
32.01765441894531,,, Bachelors,,,,,,,,,,, <=50K
,,,,,,,,,,,,46.89365768432617,,
,,,,, Married-civ-spouse,,, White,,,,,,
,,, 10th,, Never-married,,,,,,,,,
,,,,,,,,,,3634.400390625,,,,
,,,,,, Craft-repair,,,,13.4835205078125,,,,
,,, Some-college,10.874933242797852, Married-civ-spouse, Craft-repair,, White, Female,,62.28520202636719,, United-States,
,,,,9.43368911743164, Never-married,,,,,281.44683837890625,,, United-States,
, Private,, Bachelors,,,,,,,4139.8876953125,,,,
,,,,9.408967018127441,,,,,,,,, United-States,
,,, Some-college,,,,,,,,,, United-States,
,,,,,,,, White,,257.6776123046875,,,,
, Private,,,,,,,,,3216.58837890625,172.73336791992188,,,
,,,,,,,,,,,,47.400455474853516, United-States,
,,,,,,, Husband,, Female,,,45.15740966796875,, >50K
,,201982.015625,,, Never-married,,,,,,,,,
,,,,7.818734645843506,,, Not-in-family,,,,-58.5316162109375,37.98160934448242,, <=50K
,,195747.265625,,10.809370040893555,,, Own-child,,,,,,,
,,,,,, Craft-repair,, White,,-269.7403564453125,,,,
,,190079.546875,,, Never-married,,,,,,-91.41801452636719,, United-States, <=50K
,,,,,,,,,,,,,,
47.88063049316406,,,,,,,,, Male,,,52.323516845703125,,
, Private,,,,,,,, Male,,,, United-States,
,,,,9.583024024963379,,,,,,,,,,
34.95310974121094,,,,,,,,,,,,,,
,,192774.109375, HS-grad,8.532470703125,,,, White,,,-54.680938720703125,,, <=50K
,,, Bachelors,,,,,,,307.3365478515625,,, United-States,
,,,,11.212578773498535, Divorced, Adm-clerical,,,,456.8729248046875,,,,
,,177843.578125,,9.879733085632324,,,,, Male,,,,,
,,,,,,,,,,,,,, <=50K
,,184137.859375,,,,,,,,711.318603515625,,, United-States,
,,, Some-college,,, Adm-clerical,, White,,,,,,
, Private,,,8.188262939453125,,,,, Male,,,43.955406188964844,,
,,, HS-grad,,,,, White,,,,,,
,,,,, Divorced,,, White,,,,,,
,,, HS-grad,,,,,,,,54.30765914916992,,,
,,189019.296875,,, Married-civ-spouse, Machine-op-inspct,,,,,,42.63710403442383,,
28.236404418945312,,,,, Married-civ-spouse,,,,,,,,,
,,,,10.42489242553711,,, Husband, White,,,,,,
34.46809387207031,,,,,,, Not-in-family, White,,,,41.47854232788086,, <=50K
,,213931.21875,,,,,, White, Female,,74.16265869140625,,,
,,,,10.671562194824219, Married-civ-spouse, Exec-managerial,,,,,,,,
,,,,,, Prof-specialty,, White,,,,,,
28.950288772583008,,, Bachelors,, Married-civ-spouse,,,,,,,43.88896179199219,,
,,,,9.799840927124023,,,,,,,62.02288055419922,,,
,,, HS-grad,, Married-civ-spouse,,,,,,,, United-States,
,,,,,,, Husband,,,,,,,
,,191883.796875,,12.614847183227539, Married-civ-spouse,, Not-in-family,,,,,46.69820022583008,,
,,,,10.127968788146973,, Craft-repair,,,,923.8349609375,76.96631622314453,,,
,,,,9.097840309143066,, Other-service,,,,,,,, <=50K
28.61624526977539,,196664.390625, Some-college,,,,,, Female,,48.49293518066406,,,
,,, HS-grad,,,,,,,,,39.28168487548828,,
,,,,,,, Husband,, Male,,,,,
37.210670471191406,,,,10.206594467163086,,,,,,116.5877685546875,,,,
,,,,,,,,, Male,,,,,
,,195609.265625,,, Never-married, Sales,,,,,66.8024673461914,,,
,,,,,,,,,,,,,,
, Private,191431.828125,,11.675663948059082,,, Husband,, Male,,,,,
,,, 10th,,,,, White,,-1463.1905517578125,,39.453887939453125, United-States,
36.3218994140625,,,,,,,, White,,,88.63436889648438,,,
, Private,,,,,,,,,,,,,
,,,,, Married-civ-spouse,,,,,,,,,
,,,,9.33156967163086,,,,,,,68.76872253417969,, United-States,
,,167364.203125, HS-grad,, Divorced,,,,,,,,, <=50K
, Private,, Some-college,,,,, White,,,,,,
,,,,,,, Own-child,,,,,,,
,,,,,,,,,,,,40.96172332763672,,
,,192700.875,,,,,,, Male,,244.144287109375,,,
,,,,, Married-civ-spouse,,,, Female,,,,,
, Private,166460.375,,8.333341598510742, Widowed,,,,,,,39.399356842041016,, <=50K
,,, HS-grad,,,,,,,,36.2635383605957,,,
,,,,, Never-married,,,,,,,38.115997314453125,,
,,201415.640625,,,,, Own-child,,,,,,,
,,,,9.165401458740234,,,,,,,,,, <=50K
,,193542.84375,,,,,,, Male,,,,,
,,, HS-grad,9.169265747070312,,,,,,,,,, <=50K
,,, HS-grad,,,,,,,-796.1273193359375,,32.00804138183594,,
31.86227798461914,,, HS-grad,,, Adm-clerical, Unmarried,,,,,,, <=50K
, Private,,,,,,, White,,,,,,
,,,,8.62830924987793,,,,, Male,,,44.699462890625,,
,,,,8.896377563476562,,, Not-in-family,,,,-3.7878265380859375,, United-States, <=50K
,,,,,,,, White, Male,,,47.50867462158203, United-States,
,,,,,, Prof-specialty,,,,,,,, <=50K
34.04342269897461,,,,,,,,,,,,,,
,,,,,,,,,,,,,, <=50K
39.66728973388672,,,,,,, Not-in-family,,,-2043.8621826171875,,,, >50K
, Private,191423.96875,,,, Craft-repair, Husband,, Female,,88.36885070800781,50.614288330078125,,
,,,,,,,,,,,164.46707153320312,,,
, Private,,,,,,,,,,,,,
27.76451873779297, Private,197521.625,,9.877922058105469, Married-civ-spouse,,,, Female,,,, United-States,
,,,,,,,, White,,,199.514892578125,, United-States,
,,,,,,,,,,-2314.26953125,,,, <=50K
,,, Some-college,,,,,,,,,,,
,,,,,,,, White,,,,,,
39.433387756347656,,,,,,, Not-in-family,,,,,40.18877410888672,,
,,,,8.152307510375977,,,,,,,,,, <=50K
,,,,,,,,,,,,,, <=50K
,,,,,, Farming-fishing,,,,,,,, >50K
,,,,,,,,, Female,,,,,
40.5013427734375,,,,,,, Not-in-family,,,,,,,
32.25334930419922,,,,9.278814315795898,,,,,,45.765869140625,,34.32015609741211,,
29.835983276367188, Private,,,,,,,,,,,,,
,,,,8.463066101074219,,,,,,,,,,
,,,,,, Adm-clerical,, White,,,,39.66682052612305,,
,,,,,,,,,,,,,, <=50K
34.783409118652344,,,,, Married-civ-spouse, Prof-specialty,,,,,,,,
,,,,10.870198249816895,,,,,,,,,,
,,,,,,,,,,,,37.43271255493164, United-States,
,,,,,,,,,,3942.64599609375,,,,
,,, HS-grad,9.034564971923828,,,, White,,,62.93248748779297,, United-States,
,,,,,,, Husband,, Male,203.79180908203125,,,,
,,177863.015625,,, Married-civ-spouse,,,, Female,,,48.73137664794922,,
,,,,13.350061416625977, Married-civ-spouse, Exec-managerial,,,,4498.90966796875,,48.412601470947266,,
,,,,,,, Husband,,,,189.72286987304688,, United-States,
,,173578.203125,,, Divorced,,,,,,30.865814208984375,32.57654571533203,,
,,,,11.985462188720703,, Exec-managerial,,,,,,42.80759811401367, United-States,
,,185138.09375,,,,, Husband,,,,,,,
, Private,,,,,,,, Male,,61.64537811279297,,,
28.68306541442871,,,,8.045445442199707,,,,,,,,38.01702880859375, United-States, <=50K
,,,,, Widowed,, Not-in-family,,,,,,, >50K
39.53384780883789,,,,,, Other-service,, White,,-146.844482421875,,34.99644088745117,,
, Private,,,9.995109558105469,,,,, Male,,,, United-States,
,,,,,,,,,,,32.97822570800781,,,
,,, HS-grad,,,,,,,,,,, <=50K
38.28883743286133,,,,,,,,,,,,, United-States,
,,,,,,,,,,,91.3448486328125,,,
, Private,,,,,,,,,-3759.5888671875,,,, <=50K
, Private,,,, Married-civ-spouse,,,,,,,,,
,,,,,,,,,,,-40.21623992919922,, United-States, <=50K
,,,,,,,,,,,,,,
,,, Bachelors,,,,,, Male,367.39581298828125,,, United-States,
,,,,, Married-civ-spouse,,,,,,,44.14740753173828, United-States,
, Private,,,,,,,,,,,,,
,,,,,,,, White,,,,,,
,,,,,,,,, Female,,-78.43048095703125,,, <=50K
29.635005950927734,,, HS-grad,, Divorced,, Not-in-family,,,,18.180862426757812,36.162109375,,
,,, HS-grad,, Divorced,,,,,,12.326789855957031,,,
, Private,,,, Never-married,,,,,,,37.78558349609375,,
,,174625.5625,,, Divorced,,,,,,44.417579650878906,,,
,,, Bachelors,,,,,,,,191.28248596191406,, United-States,
,,,,, Married-civ-spouse,,,, Male,,,,,
,,, Some-college,,, Adm-clerical,,,,-148.94091796875,,,,
,,,,,, Prof-specialty,, White,,,,, United-States,
,,, Some-college,10.292132377624512,,,,,,,,41.95180892944336,,
37.2469367980957,,, Some-college,,,,, White,,-133.61962890625,,34.36220169067383, United-States,
, Private,, HS-grad,, Married-civ-spouse,,, White,,,,,,
,,193402.078125,,, Married-civ-spouse,,,,,5049.228515625,,47.63693618774414,,
,,,,,,,,,,,,33.46516418457031,,
,,,,,,,,, Female,-708.99072265625,40.52601623535156,,,
,,,,,,,,,,,,,,
,,,,,,,, White,,,,,,
,,215458.125,,,,,,,,,,,,
,,,,,,,, White,,,,,,
,,, Bachelors,,,,,,,,,, United-States, <=50K
37.875099182128906,,,,,,,,, Male,-1785.2095947265625,,, United-States,
,,,,8.85035514831543,,,,,,,,, United-States,
,,, HS-grad,,,, Not-in-family,,,,,,, <=50K
, Private,,,,,, Husband, White,,1197.47412109375,,,,
,,,,,,,,,,,118.98536682128906,,,
,,, Bachelors,,,,,,,,,,,
,,,,,,,,,,,,,, <=50K
,,190149.875, HS-grad,,,,,,,,,,,
,,160767.984375,,7.210881233215332, Widowed,, Unmarried,,,,,,, <=50K
25.847801208496094,,,,, Married-civ-spouse,,,, Female,-2777.93212890625,,44.593406677246094,, <=50K
,,, Some-college,,, Adm-clerical,,,,,52.881343841552734,,,
,,, HS-grad,,, Other-service,,,,,,36.57649230957031, United-States, <=50K
,,, Bachelors,,,,,,,,59.09168243408203,,,
34.48260498046875,,,,,,,,,,,,,,
,,, Bachelors,,,, Husband,,,,,,,
35.37735366821289,,,,10.22301959991455,,, Not-in-family,,,,,,,
,,, HS-grad,,,,,,,,,, United-States,
,,,,,, Other-service, Not-in-family,,,-3108.9140625,,,, <=50K
,,, Some-college,12.143800735473633, Married-civ-spouse,,,,,,,,,
, Private,208200.265625,,10.349774360656738,, Craft-repair,, White, Female,,,,,
, Private,193124.46875,,8.715665817260742,,,, White,,-3330.5205078125,,,, <=50K
,,,,,,, Husband,, Male,,,,,
,,, HS-grad,,,,, White,,,14.854866027832031,,,
,,, HS-grad,,, Craft-repair,,,,,,42.2672004699707,,
,,187892.6875,,, Never-married,,,,,,,,, <=50K
,,189541.671875,,9.442520141601562,,,,,,,46.811805725097656,, United-States,
,,, Some-college,9.679205894470215,,,,,,,32.49061965942383,,,
34.9871711730957,,183907.203125,,,,,, White,,,14.561981201171875,, United-States, >50K
,,,,,,,,,,,,,,
33.1851692199707,,,,,, Craft-repair,,, Female,,,,,
,,,,10.818653106689453,,,,,,3836.56640625,191.37803649902344,,,
, Private,, HS-grad,, Never-married,,,,,,,,,
, Private,,,,,,,,,,,,,
,,,,,, Other-service,,,,,,,, <=50K
,,203658.96875, 11th,,,,,,,,,,,
,,192747.9375,,,, Prof-specialty,,,,,,,, >50K
,,178824.375,,, Divorced,,,,,,-71.86854553222656,,, <=50K
,,,,,,, Husband,,,,,44.084434509277344,,
,,, HS-grad,,,,,,,,,,, <=50K
,,,,,, Craft-repair,,,,,48.69858169555664,,,
,,,,9.904476165771484,,,, White, Female,-85.6143798828125,,47.6201286315918,,
, Private,182203.578125,,,, Craft-repair, Husband,,,,,,,
,,,,10.012816429138184,,,,,,,,,,
28.819366455078125,,,,10.035438537597656,,,,,,,,,,
, Private,,,, Married-civ-spouse,, Not-in-family,,,,,49.0047721862793,,
,,,,9.091187477111816,,, Husband,, Male,109.39447021484375,74.99444580078125,,,
,,,,,,,,, Male,,,,,
,,220537.734375,,,,,, White, Male,,,, United-States,
,,,,,,,,,,,,,, <=50K
,,187335.109375,,11.544654846191406, Married-civ-spouse,, Husband,, Male,,,,,
,,,,8.834792137145996,,, Own-child, White,,,,, United-States, <=50K
37.529151916503906, Private,,,,,, Not-in-family,,,,,, United-States,
, Private,,,,,,,,,,,, United-States,
,,207750.953125, 7th-8th,,,, Husband,,,,27.418296813964844,,,
38.22184753417969, Private,,,,,,,, Male,,,45.31623840332031,,
,,,,,,,, White,,3058.26025390625,173.4488525390625,42.09402084350586,,
,,,,,,,,,,,,,,
22.716388702392578, Private,,,,,,,,,,-106.09696960449219,,, <=50K
,,182615.078125, Some-college,7.720081329345703, Never-married,,,,,,,29.549976348876953,, <=50K
34.40203094482422,,184514.3125,,8.509858131408691,,, Unmarried,,,-3353.3076171875,,,, <=50K
48.32145690917969,,,,,,,,,,,173.61325073242188,,,
,,,,, Married-civ-spouse,,,, Male,,,,,
,,,,,,,,,,,,35.288875579833984,,
,,, Bachelors,,,, Husband,, Male,,,,,
,,200927.296875,,,,,,,,,,,,
36.122135162353516,,,,,,, Not-in-family,,,352.00390625,,, United-States,
,,, HS-grad,, Married-civ-spouse, Craft-repair, Not-in-family,,,,186.66586303710938,50.06558609008789,,
,,,,9.593292236328125,,,,, Male,,,47.65060806274414,,
,,, HS-grad,9.464174270629883,,, Husband,, Male,,83.65825653076172,,,
,,, HS-grad,,,,, White, Male,,204.71429443359375,,,
,,170373.09375, HS-grad,, Divorced,,,,,,,35.926395416259766,,
,,, Bachelors,,,,, White,,,-28.983871459960938,, United-States, >50K
,,176550.15625,,,, Other-service, Unmarried,,,,,39.1203727722168,,
,,,,,, Prof-specialty, Husband,,,,,50.22721862792969,,
, Private,,,,,,,,,,,,,
,,187767.671875, Some-college,,,,,,,-85.466796875,,,,
,,,,,,,,,,,,32.83028030395508,,
, Private,,,, Never-married, Adm-clerical, Own-child,,,,33.92304229736328,,,
,,,,,,,,,,,,39.662696838378906,,
,,,,,,,,,,,,33.92148971557617,,
30.8664608001709,,, HS-grad,,,,,, Male,-144.0076904296875,,, United-States,
,,166950.09375,,8.611614227294922, Married-civ-spouse,,,,,,,,,
,,, 7th-8th,,, Transport-moving,,,,2204.506103515625,145.96751403808594,, United-States,
,,,,, Divorced,,,,,733.7735595703125,,,,
,,,,,,, Husband,, Female,-453.62060546875,,,,
,,,,, Never-married, Craft-repair,,, Female,,,,, <=50K
35.01100158691406,,, HS-grad,, Married-civ-spouse,, Not-in-family, White,,,,,,
, Private,,,, Divorced,, Not-in-family,,,266.84783935546875,,, United-States,
, Private,,,,, Craft-repair,,,,,,, United-States,
,,,,,, Craft-repair,,,,,,, United-States,
,,188777.75, HS-grad,9.429397583007812,,, Not-in-family,,,,,,,
,,,,,, Craft-repair,, White, Male,,,,,
,,202034.046875, Some-college,,,, Own-child,,,,,,,
,,,,,,,,,,,71.54168701171875,,,
34.37839126586914,,180706.125, Some-college,,, Adm-clerical,,,,,,39.830299377441406,,
,,,,,,, Husband, White,,,,,,
,,, HS-grad,,,,,,,,,, United-States,
43.60337448120117,,193997.0625,,11.534758567810059,,,,,,,,,,
,,, Some-college,10.570995330810547, Married-civ-spouse, Craft-repair,,, Female,,,,,
28.66474151611328,,, HS-grad,, Married-civ-spouse,,,,,,,,,
32.79502487182617,,,,,, Prof-specialty,,,,,,,, <=50K
33.248741149902344,,,,9.686371803283691,,,, White,,-180.965087890625,,,,
35.95244216918945,,178259.109375,,,,,,,,,74.20587158203125,,,
38.206993103027344,,,,,,,,,,,,,,
37.819400787353516,,,,,, Other-service,,,,,,,, <=50K
,,,,9.768852233886719,,,,,,,,, United-States,
31.85187339782715,,188129.921875,,, Divorced,,, White,,,,, United-States,
,,, Some-college,11.740824699401855,,,,, Male,3812.79833984375,,,,
,,, Some-college,,,,,, Male,,,48.16839599609375, United-States,
, Private,,,,,,,, Female,,,,,
,,,,,,, Not-in-family, White,,,,40.8425407409668,,
,,,,,,,,,,,,, United-States,
,,, HS-grad,, Married-civ-spouse,,,, Female,,73.26020812988281,,,
,,,,,,,,, Female,-2762.494140625,-44.54624938964844,,, >50K
,,180467.921875, HS-grad,12.17762279510498,,, Husband,,,,,,,
,,,,, Married-civ-spouse,,,,,,72.13785552978516,,,
,,174706.703125, HS-grad,9.990720748901367,,,,,,317.05609130859375,59.38484191894531,,,
,,,,11.364351272583008,,,,,,4482.44140625,,,,
,,,,,, Craft-repair,,,,,,,, >50K
28.604774475097656,,,,, Never-married,, Unmarried,,,,,,, <=50K
,,184152.171875,,, Married-civ-spouse,,,,,,10.234817504882812,38.52663803100586, United-States,
,,,,9.192365646362305, Married-civ-spouse,,,,,,,39.77520751953125,,
,,,,,,, Unmarried, White,,,,34.60698699951172,, <=50K
,,,,,, Craft-repair, Husband,, Male,,,,,
,,,,,,, Husband,, Female,-2640.91064453125,,46.180816650390625,, >50K
,,,,9.722400665283203,,,,,,,,40.970855712890625,,
, Private,,,,,,,,,,189.46734619140625,,,
,,, Bachelors,, Married-civ-spouse,, Not-in-family,,,,,,,
,,,,,,,,,,-3221.11962890625,,,, <=50K
,,,,8.590761184692383, Divorced, Other-service,,,,,,,, <=50K
40.52497863769531,,,,,, Craft-repair,, White,,,,42.48450469970703,,
34.09727478027344, Private,,,,,,, White,,,,,,
,,,,,, Craft-repair, Husband,, Female,,,,, <=50K
,,,,9.723433494567871,,,,,,,,, United-States,
37.98838424682617,,,,,,,,,,,,,,
, Private,196429.59375,,,,,,,,-76.3642578125,,,,
32.74571228027344,,,,,,,,,,,,,,
27.06378936767578,,,,7.583426475524902, Never-married,, Not-in-family,,,,,,, <=50K
,,, HS-grad,, Married-civ-spouse,,,, Female,-3269.765625,,,, <=50K
,,,,13.4425048828125,, Sales,,,,,,, United-States,
,,198407.765625,,,,,,,,,,,,
,,,,10.172872543334961,,,,,,1676.539306640625,,40.1895637512207,,
,,208589.4375,,,,,,,,,,,,
,,,,,, Adm-clerical,, White,,132.36419677734375,,, United-States,
,,,,9.562801361083984,,,,, Female,,,,,
,,,,,,, Husband,,,,65.86283874511719,41.414329528808594,,
,,, Bachelors,,,, Husband,, Female,,,,, >50K
42.362876892089844,,199346.25,,,,,,,,,,41.49580001831055,,
, Private,,,, Never-married,,,,,,,,, >50K
, Private,201176.328125,,,,,,, Female,352.55340576171875,,,,
,,,,, Divorced,, Not-in-family,,,,,,, <=50K
, Private,,,,, Craft-repair,, White,,,,,, <=50K
40.86313247680664, Private,,,,,,,,,,46.85611343383789,, United-States,
,,202049.359375,,10.891937255859375,,, Own-child,,,,,,,
,,190405.96875,,, Never-married,,, White,,-2733.9716796875,,,, <=50K
,,,,, Married-civ-spouse,,,,,,,,,
, Private,207656.265625,,, Married-civ-spouse,,,, Female,-198.9334716796875,41.74845504760742,,,
,,,,,,,,, Male,,,,,
,,,,,, Exec-managerial, Husband, White, Male,,,,,
, Private,,,,,,,,,,54.67864227294922,,,
36.96131896972656,,191415.421875, Some-college,9.403937339782715,,, Not-in-family,,,,,,,
, Private,,,,, Craft-repair,,, Female,,91.84076690673828,,,
, Private,,,,,,,,,,,,,
,,, HS-grad,,,,,,,,,,,
,,,,, Divorced,,,,,,,,,
32.51667785644531,,,,, Divorced,,,,,-1908.3360595703125,,,,
,,,,,, Prof-specialty, Not-in-family,,,,,,,
,,,,,,,,,,-285.2481689453125,,, United-States,
33.659912109375,,,,,,, Not-in-family,,,-3578.93896484375,,, United-States, <=50K
,,,,7.446096897125244,,,, White,,,47.04582214355469,,,
,,,,10.989248275756836,,,,,,,,, United-States,
,,, 10th,,, Craft-repair,,, Male,-885.4188232421875,,, United-States,
, Private,, Some-college,, Never-married,, Not-in-family,,,,,,,
, Private,,,, Married-civ-spouse,,,,,,,, United-States,
,,,,, Married-civ-spouse, Craft-repair,, White,,,,,,
,,,,,, Craft-repair,,, Female,,,,, >50K
,,,,,,, Not-in-family, White,,,,,, <=50K
,,,,, Never-married,,, White,,,,,,
,,,,,,,,,,,246.22525024414062,,,
,,, Bachelors,, Married-civ-spouse, Exec-managerial,,,,,201.3491973876953,,,
, Private,,,,,, Husband,, Male,,,,,
,,,,,,, Own-child, White,,,,,,
,,,,9.921370506286621,,,,,,521.2691650390625,,,,
,,,,,,, Not-in-family,,,,,, United-States, <=50K
,,, Bachelors,, Married-civ-spouse,,, White,,,,,,
,,,,,,,,, Male,,,,,
, Self-emp-inc,176850.9375,,,,,,,,,,,,
,,175383.46875,,12.423466682434082,,,,,,,,,,
,,199234.28125,,,,,,,,,,35.203590393066406,,
38.0382080078125,,,,,,,,,,-553.18896484375,,, United-States,
,,170119.015625,,, Widowed,,,,,,,40.93710708618164, United-States, <=50K
, Private,202574.40625,,7.78075647354126,,,, White,,,,,, <=50K
,,,,,,,,,,,,, Mexico, <=50K
35.9348030090332,,,,,,,,,,,,,,
, Private,, Bachelors,,,,,,,,,,,
35.032127380371094,,197771.1875,,,,,,,,,,,, <=50K
,,, Some-college,,, ?,,,,,,,,
,,,,, Married-civ-spouse,,,,,,,,,
31.426902770996094,,, HS-grad,, Married-civ-spouse, Machine-op-inspct,,,,,,45.13867950439453,,
,,,,, Never-married,,,,,,,40.14845275878906, United-States,
44.92601013183594,,,,,,,,,,,244.55113220214844,,,
,,,,, Married-civ-spouse, Prof-specialty,,,,,,48.301395416259766,,
43.592018127441406,,211992.359375,,,,,,,,,,,,
,,192195.375,,,,, Husband,,,,,,,
,,,,,,,,,,,,,,
50.238685607910156,,197737.375,,,, Craft-repair,,, Male,,221.7109832763672,52.987457275390625,,
,,,,,, Craft-repair,,,,,,,,
, Private,193178.9375,,10.148536682128906, Never-married,,,,,801.8900146484375,51.34835433959961,,,
,,,,, Married-civ-spouse,,,,,,,,,
,,,,,,,,,,532.6820068359375,,35.8630485534668, United-States,
,,, Some-college,,,,,,,,47.99766540527344,37.20473098754883,,
, Private,,,7.022388458251953,,,,,,,-119.25624084472656,,, <=50K
35.29654312133789, Private,189419.34375,,10.71847915649414,,, Not-in-family,,,,,,,
,,,,9.317505836486816,, Adm-clerical,,,,-2842.04150390625,,35.84597396850586,, <=50K
,,,,,,,,,,,,, United-States,
,,,,12.014056205749512,, Craft-repair,,,,,,,,
,,190900.125,,8.49522590637207,,, Own-child,,,,,,, <=50K
,,,,10.612029075622559,,,,,,,,, United-States,
,,167295.15625, Bachelors,,,,,,,1453.803466796875,,,,
46.10382843017578, Private,,,,,, Husband,,,,242.9376983642578,,,
,,,,,,,,,,,66.21293640136719,,,
,,,,,,,,,,,,,,
,,,,,, Craft-repair,,,,725.7078857421875,,,,
,,,,,,,,,,,,36.099952697753906,,
,,,,,,,,,,,55.280696868896484,,,
,,,,,,,,, Male,,,52.997188568115234,,
32.168209075927734,,, Bachelors,, Never-married,,,,,,,, United-States,
,,,,, Married-civ-spouse,,,, Male,,,,,
,,191752.640625,,,,, Husband,,,,68.04612731933594,41.847190856933594,,
,,, HS-grad,8.97128963470459,,,, White,,-117.9068603515625,,39.860321044921875,,
38.84736251831055,,, Bachelors,,,, Not-in-family, White,,,,,,
33.43732833862305,,,,,,,,,,,,,, <=50K
,,201493.53125,,9.775134086608887,,,,, Male,176.1275634765625,,,,
,,,,, Married-civ-spouse,,, White,,,,,,
,,, HS-grad,,,,,, Female,,,42.205322265625,, <=50K
,,,,,,,, White,,-110.616455078125,47.325008392333984,37.76165771484375,,
, Private,,,10.096664428710938,,,,,,,,,,
,,,,9.197362899780273,,,,,,-3012.4072265625,,,, <=50K
,,,,,,,,,,5172.14599609375,,,,
36.75056838989258,,, HS-grad,,,,,,,38.0367431640625,,43.176841735839844,,
,,193295.859375,,, Never-married,,,,,,,32.1229133605957,, <=50K
41.23712921142578,,, HS-grad,,,, Own-child, White,,-656.9493408203125,58.811119079589844,,,
,,183300.65625,,,,,,,,,,,,
,,, Bachelors,,,,,,,,,,,
,,178766.265625,,, Never-married,,,,,,,,, <=50K
,,194157.28125,,,,,,, Male,,,,,
,,,,,,,,,,-3211.2939453125,,, United-States, <=50K
33.469154357910156, Private,,,,,,,, Female,676.2655029296875,,,,
,,, Bachelors,,,, Husband,,,298.33203125,,,,
,,,,, Never-married,,,,,,57.00984573364258,, United-States,
, Private,215225.59375,,, Never-married,,, White,,,3.2982406616210938,,,
, Private,174902.15625, HS-grad,8.689981460571289,,,,,,,,,, <=50K
47.991180419921875, Private,,,,,, Husband, White,,,,,,
,,,,, Never-married,,,,,,,41.650856018066406,,
,,,,9.8788423538208,,,,,,,,,,
,,,,,,,,,,,,, United-States,
, Private,,,10.331597328186035,,, Husband,,,,75.77214813232422,,,
,,182838.96875,,,,, Not-in-family,,,,,,, <=50K
,,, Bachelors,,, Exec-managerial,,,,,,,,
,,,,,,, Unmarried,,,,68.01293182373047,, United-States,
,,,,, Never-married,,,,,,,38.258575439453125,, <=50K
,,196734.421875,,,,,, White, Female,,,,, <=50K
, Private,,,8.250873565673828,,,,,,,,38.353851318359375, United-States,
37.424354553222656, Private,185459.453125,,,,,,,,,,,,
,,,,,,,,, Male,,,,,
,,,,,,,,,,,,,,
,,, HS-grad,,,,,,,211.807861328125,67.65217590332031,,,
,,,,, Married-civ-spouse,,,,,90.526611328125,,,,
,,,,,,,,,,,,,,
,,,,,,,,,,,62.75296401977539,,,
,,,,,, Craft-repair,,,,,,, United-States,
,,,,,, Exec-managerial,,,,,221.9066162109375,,,
40.62053298950195,,,,,, Craft-repair,, White, Male,,,,,
32.947208404541016,,,,,,,,,,,192.76658630371094,, United-States,
,,,,,, Craft-repair,,, Male,3810.29345703125,216.75633239746094,,,
,,,,,,,,,,,,43.50904083251953,,
,,,,,, Craft-repair,,,,,207.9876708984375,,,
,,,,,,,,,,-1407.9564208984375,,, United-States, >50K
35.20341491699219,,,,,,,,, Male,,67.24986267089844,46.95806884765625,,
,,, HS-grad,,, Craft-repair, Husband,,,,,,,
, Private,,,,,,, White,,,,,,
,,,,,,, Husband,,,,,,,
,,,,,,,,,,194.85272216796875,,,,
,,,,,,,,,,2320.501953125,,, United-States,
30.648630142211914,,,,10.365960121154785, Never-married,,,,,,,,,
,,,,,,,,,,,,,,
38.163490295410156,,,,8.255258560180664,,, Husband, White, Female,,-23.575950622558594,, United-States, >50K
, Private,,,,,,,,,,,,,
, Private,,,, Married-civ-spouse,, Not-in-family,,,,,,,
,,,,,,,,,,,,,, <=50K
,,,,, Never-married, Prof-specialty,,,,607.1292114257812,,40.41170883178711,,
33.145362854003906, Private,,,,, Craft-repair,,, Male,929.0148315429688,,50.14944839477539,,
,,,,,,,,,,,,,,
,,,,11.852392196655273,,,, White,,,,,,
,,,,,,, Unmarried,,,,,33.2375373840332,, <=50K
,,, Some-college,,,,, White, Male,,,48.302513122558594,,
38.151268005371094, Private,,,,,,,,,,,42.63163375854492,,
,,, Bachelors,,, Prof-specialty,,,,,,,,
,,,,, Never-married,, Own-child,,,,,, United-States,
,,, Bachelors,,,,,,,-3056.07958984375,-48.19073486328125,, United-States, >50K
39.65376281738281,,,,,,,,, Male,,,,,
,,,,9.423517227172852,,,,,,-88.5609130859375,,,,
,,179698.46875,,,,, Husband,, Male,4683.28662109375,,, United-States,
, Private,, Bachelors,, Married-civ-spouse,,, White,,,,48.05580139160156,,
33.981468200683594,,,,,,,,,,,,,,
,,181379.390625,,,,,, White,,,,,,
, Private,, Bachelors,,,,, White, Male,,,,,
,,,,,,,,, Female,-50.1827392578125,,,,
,,,,,,, Husband,,,1694.263427734375,,44.891021728515625,,
,,201737.5625,,,, Craft-repair,,, Male,,,, United-States,
30.12238121032715, Private,,,,,,,, Female,,76.81839752197266,46.5269660949707,,
,,,,,,, Not-in-family, White,,-280.429931640625,,39.359962463378906,,
,,, HS-grad,,,,,,,,,,,
, Private,,,10.023218154907227, Married-civ-spouse,,,,,,,,,
33.80792236328125, Private,,,,, Other-service,,,,-2959.24853515625,,,, <=50K
,,,,10.082758903503418,,,,,,,74.00819396972656,,,
38.826942443847656,,,,,,,, White,,,,,,
,,,,, Never-married,,,,,-498.472900390625,,,,
,,,,, Married-civ-spouse,,,, Female,,72.07625579833984,,,
,,,,,, Prof-specialty,,,,,121.62246704101562,,,
,,,,, Never-married,,, White,,,,44.79943084716797,,
,,,,, Never-married,, Not-in-family,, Female,,,,, <=50K
,,187258.296875,,, Married-civ-spouse, Craft-repair,, White, Female,,,, United-States,
,,, Some-college,11.98658275604248, Married-civ-spouse,,,, Male,,203.03543090820312,,,
, Private,175998.28125,,, Never-married, Other-service, Unmarried,,,-2963.8408203125,,41.88373947143555,, <=50K
,,,,8.225248336791992, Never-married,,,,,-3407.97705078125,,,, <=50K
,,197226.546875,,,,,,,,-134.5941162109375,32.136104583740234,,,
33.50171661376953,,,,, Married-civ-spouse,, Not-in-family,,,,,,,
,,,,10.417092323303223,, Adm-clerical,, White,,,,,,
,,, Bachelors,,,, Not-in-family, White,,,,,,
36.91777038574219,,,,,,, Not-in-family,,,,,39.420528411865234,,
, Private,,,8.338013648986816,,,,,,,,,,
, Private,190691.40625,,, Married-civ-spouse,,,, Male,,48.080039978027344,43.28270721435547, United-States,
,,,,11.689605712890625,, Craft-repair,, White, Male,,,52.6591796875,,
,,,,,,, Own-child,,,-612.167724609375,,,,
, Private,,,,,,,,,-2750.861328125,,,,
,,,,12.53442668914795,,,,,,,,,,
,,, HS-grad,7.2169294357299805,,, Own-child,,,,,,, <=50K
,,,,,,,,,,,,,,
,,, 7th-8th,, Married-civ-spouse,,,,,,39.44044876098633,, United-States,
,,,,, Never-married,, Own-child,,,-887.9649658203125,17.338035583496094,, United-States,
,,,,10.21131706237793, Never-married,,, White,,,,36.6988410949707,,
,,,,, Married-civ-spouse, Prof-specialty,,,,,,,,
28.00030517578125,,,,, Married-civ-spouse,, Not-in-family,, Female,,,,, <=50K
,,,,,,, Husband,,,,,,,
35.72771453857422, Private,194180.515625,,,,, Not-in-family,,,,,,,
,,, Some-college,, Married-civ-spouse, Exec-managerial,,,,,,,,
,,,,,,,,, Male,,,,,
,,,,,,,,,,,68.8055648803711,,,
,,,,, Married-civ-spouse, Adm-clerical,,,,,,,,
,,,,,, Craft-repair,,,,,61.447879791259766,, United-States,
,,,,,,,,,,,42.30055618286133,,,
,,, HS-grad,, Married-civ-spouse,,, White, Male,,,, United-States,
23.904029846191406,,, Bachelors,, Never-married,,,,,,,,, <=50K
,,,,, Married-civ-spouse, Craft-repair,,,,,,43.37326431274414,,
,,203317.0,,12.194913864135742,,, Husband, White,,,,,,
23.76416778564453,,, HS-grad,, Divorced,,,,,,,,,
,,,,,,,,,,,,,,
,,,,, Married-civ-spouse,,,, Male,,,, United-States,
,,,,,, Prof-specialty,,,,,,,,
,,173258.3125, Bachelors,,,,,,,,-25.64038848876953,,, >50K
,,,,9.725114822387695,,,,,,,,,,
,,, Some-college,,,,,,,,,,,
, Private,,,11.353474617004395,,, Husband,,,,,47.374595642089844, United-States,
,,,,,,,,,,,,37.5139274597168,,
,,,,, Married-civ-spouse, Craft-repair,,, Female,,,49.6963996887207,,
27.99319076538086,,,,,,,,,,,,,, <=50K
,,,,,,,,,,,,,, <=50K
,,,,,,,,,,,,, United-States,
,,,,,,,,, Female,983.1083984375,,,,
, Private,180902.375,,,,,,,,,,,,
,,,,,,, Husband,, Male,-4873.7080078125,,,, >50K
,,192518.796875,,,,,,,,,,,,
,,,,,,, Husband,,,,,,,
, Private,, HS-grad,,,,, White, Male,-535.136474609375,,44.96860122680664, United-States,
, Self-emp-not-inc,,,,,,, White, Male,,,,,
37.19103240966797,,,,8.653512001037598,,,,,,,,,,
,,170707.84375,,,,,,,,,,,,
,,,,,,,,,,,,37.683650970458984,,
,,190841.890625,,,,,,,,,,47.29906463623047,,
,,, HS-grad,,,, Husband,, Male,,,42.45903778076172,, <=50K
,,, Some-college,,, Other-service, Own-child,,,-3599.38427734375,,,, <=50K
,,, HS-grad,8.81101131439209,,,,, Male,,,,,
36.81163024902344, Private,,,, Married-civ-spouse, Prof-specialty,,, Male,,246.4066162109375,,,
,,,,, Divorced,,,,,53.0067138671875,,34.315189361572266,,
,,, Some-college,, Divorced,,,,,,,,,
30.331317901611328,,,,,,,,,,,-21.99767303466797,39.41357421875,, <=50K
, Private,,,, Never-married,, Not-in-family, White,,,,,,
, Private,193525.84375,,,,, Husband,, Male,,,,,
,,,,9.182496070861816,,,,, Male,602.3550415039062,,47.09713363647461, United-States,
,,203894.265625,,,,,,, Male,,,,,
, Private,211519.546875,,,,,, White, Male,-488.188720703125,47.180233001708984,,,
36.136756896972656,,,,,,,,, Male,,,,,
,,,,,,, Husband, White, Male,,,,,
,,180940.84375, Some-college,10.434006690979004,,,,,,,46.17767333984375,37.98358154296875,,
,,,,,,,, White, Male,393.88812255859375,,,,
,,, Bachelors,,,,,,,,,,,
,,,,, Married-civ-spouse,,,,,,38.614463806152344,,,
38.286659240722656,,168877.8125, Bachelors,,, Prof-specialty,,,,,,, United-States, >50K
