Length,Width,Size,Conc,Conc1,Asym,M3Long,M3Trans,Alpha,Dist,class
30.951251983642578,15.345952987670898,2.526252269744873,0.41494619846343994,0.2446025311946869,17.628219604492188,7.748835563659668,-0.4811289608478546,53.196693420410156,145.38632202148438,g
32.05000305175781,16.15020751953125,2.2667763233184814,0.5657129287719727,0.3654129207134247,2.074645519256592,-1.3593168258666992,-1.2030185461044312,49.66246795654297,156.7681884765625,h
14.197223663330078,4.402891159057617,2.2717597484588623,0.6247094869613647,0.376323938369751,12.727394104003906,-0.8207950592041016,0.45987966656684875,34.1638298034668,182.67037963867188,g
55.212371826171875,19.31422996520996,2.890732526779175,0.328838586807251,0.1635177731513977,-12.705718994140625,11.791542053222656,0.5722187757492065,14.89327335357666,196.3087921142578,g
19.515575408935547,12.763528823852539,2.4277806282043457,0.46650272607803345,0.26822102069854736,22.09881019592285,-3.616887092590332,0.5460150837898254,34.670413970947266,118.44583129882812,h
51.932952880859375,8.328322410583496,2.7970547676086426,0.3983573913574219,0.21896077692508698,2.479005813598633,5.816336154937744,0.3788541257381439,41.26087951660156,165.5584716796875,g
104.32969665527344,36.575828552246094,3.2022416591644287,0.2631961405277252,0.1295216679573059,1.4585533142089844,-37.13654327392578,2.2900478839874268,46.62099838256836,209.44259643554688,h
40.179649353027344,15.141691207885742,2.514509677886963,0.45437467098236084,0.2803264856338501,8.894716262817383,5.607855319976807,-0.24903437495231628,51.21632385253906,176.33358764648438,g
46.779361724853516,20.938499450683594,2.8505771160125732,0.3114718198776245,0.15992683172225952,-1.8614895343780518,24.28176498413086,0.14782565832138062,17.00384521484375,193.85507202148438,g
8.680557250976562,7.026881217956543,2.1299381256103516,0.6541879177093506,0.4068242907524109,-0.12702703475952148,-10.641270637512207,-0.10029378533363342,33.083763122558594,117.7217788696289,h
143.69349670410156,42.48088836669922,3.715555191040039,0.20483948290348053,0.09928123652935028,-29.69207000732422,-32.15718460083008,5.439247131347656,42.61516571044922,197.06069946289062,h
36.34606170654297,14.862701416015625,2.671062469482422,0.3548109829425812,0.20188209414482117,13.51821517944336,9.21226692199707,-0.10492661595344543,23.11983299255371,184.13644409179688,g
61.21233367919922,16.519081115722656,2.9689536094665527,0.2976382076740265,0.15651845932006836,10.462093353271484,8.460685729980469,1.2261559963226318,17.976266860961914,200.65296936035156,g
39.04452896118164,15.981172561645508,2.7704148292541504,0.377042293548584,0.20462793111801147,8.869037628173828,23.34341812133789,0.21676693856716156,18.681852340698242,191.10655212402344,g
38.83189010620117,11.674620628356934,2.689169406890869,0.42882609367370605,0.23138245940208435,5.996060848236084,8.10303783416748,1.254179835319519,25.98297691345215,179.17347717285156,g
295.82647705078125,72.97681427001953,5.271091461181641,0.061393529176712036,0.021765008568763733,-81.0012435913086,-181.86900329589844,21.857025146484375,122.13427734375,286.5709228515625,h
13.4981689453125,9.744548797607422,2.222144365310669,0.5997942090034485,0.349770188331604,9.131246566772461,-6.838557243347168,0.4337780177593231,36.879173278808594,155.94911193847656,g
32.255096435546875,10.565465927124023,2.6263182163238525,0.4540517330169678,0.24700848758220673,8.897262573242188,12.627623558044434,0.2566896378993988,20.98637580871582,185.1041717529297,g
57.105438232421875,17.689311981201172,2.9223480224609375,0.43942689895629883,0.22873836755752563,-10.918112754821777,13.508122444152832,0.8987168073654175,10.103286743164062,203.59356689453125,g
57.420257568359375,23.709325790405273,3.1280016899108887,0.22582688927650452,0.11798948049545288,0.37076711654663086,35.63348388671875,-0.06638777256011963,7.927850723266602,200.8013458251953,g
71.9391098022461,32.35420227050781,3.2197518348693848,0.14719362556934357,0.08498387038707733,20.96114158630371,42.992549896240234,0.09245681762695312,9.787181854248047,230.9296417236328,g
32.235267639160156,12.235458374023438,2.654813528060913,0.3976961672306061,0.23944434523582458,12.334991455078125,19.114702224731445,-0.20809122920036316,21.54669189453125,186.69012451171875,g
45.32255172729492,34.95122528076172,2.915147542953491,0.3167875111103058,0.18185600638389587,-21.431936264038086,15.00753402709961,-1.2796106338500977,45.57151794433594,182.646484375,h
43.379364013671875,23.043466567993164,3.0517399311065674,0.2939695715904236,0.14507471024990082,-6.201634407043457,25.000476837158203,-0.0034956932067871094,15.999853134155273,199.57012939453125,g
64.04179382324219,24.114328384399414,3.01731538772583,0.23377233743667603,0.10357402265071869,1.4307522773742676,12.903863906860352,0.8611944913864136,46.439666748046875,187.3131561279297,g
31.13953399658203,13.91209602355957,2.3130533695220947,0.5866325497627258,0.35849592089653015,-6.200375556945801,-4.4628143310546875,-0.7747550010681152,48.57132339477539,137.09588623046875,h
85.87710571289062,50.30072021484375,3.6597771644592285,0.09341758489608765,0.041090816259384155,-52.20817184448242,42.414737701416016,0.7683591842651367,37.50865173339844,218.31494140625,h
79.29743194580078,23.410531997680664,3.0222818851470947,0.24749313294887543,0.12004702538251877,-3.7812976837158203,-10.768576622009277,1.8356267213821411,49.68921661376953,187.42239379882812,g
21.457218170166016,10.7393798828125,2.3300561904907227,0.554044246673584,0.35077255964279175,3.772447109222412,8.457263946533203,-0.4158277213573456,25.99367332458496,169.34341430664062,g
133.70936584472656,45.632469177246094,3.637967348098755,0.1286226511001587,0.06436318159103394,-37.04316711425781,-30.50806427001953,2.03814697265625,34.36327362060547,265.65374755859375,h
90.33129119873047,46.154727935791016,3.488447666168213,0.069061279296875,0.060890957713127136,6.005053997039795,59.651084899902344,-0.8175392150878906,-1.1126155853271484,284.9192199707031,g
1.4756240844726562,4.290260314941406,2.043074369430542,0.6756068468093872,0.4503837823867798,3.6669259071350098,-1.1235809326171875,-0.908860445022583,34.61884307861328,169.19862365722656,g
2.9323577880859375,6.738608360290527,2.0554027557373047,0.7466573119163513,0.427295982837677,0.7838006019592285,-10.453877449035645,0.23143473267555237,35.53785705566406,142.52352905273438,h
24.08589744567871,10.117390632629395,2.527298927307129,0.4677262306213379,0.24823464453220367,8.16404914855957,-0.4765129089355469,0.5265066623687744,26.287681579589844,120.730712890625,h
53.28664016723633,20.94307518005371,2.9276983737945557,0.2820705473423004,0.15283085405826569,11.559850692749023,24.11681365966797,0.4403113126754761,16.49273109436035,200.17018127441406,g
45.72795867919922,18.401514053344727,2.9058868885040283,0.27859365940093994,0.1449735164642334,20.24501609802246,22.663532257080078,0.7619496583938599,21.875898361206055,167.54457092285156,g
12.054191589355469,9.489245414733887,2.2581052780151367,0.6856117844581604,0.3512973189353943,5.365171909332275,-3.031026840209961,1.019935965538025,32.98817825317383,150.6901092529297,h
25.597951889038086,16.935367584228516,2.2063446044921875,0.6546874046325684,0.40928566455841064,-11.02468204498291,2.936288833618164,-1.5241743326187134,46.581817626953125,151.2691650390625,h
23.98121452331543,11.866579055786133,2.6571991443634033,0.39324766397476196,0.22426794469356537,-5.633902072906494,25.53264808654785,-0.511529803276062,19.652477264404297,168.94549560546875,g
32.60749053955078,14.040531158447266,2.6689510345458984,0.4829428195953369,0.24056673049926758,10.370098114013672,19.81058692932129,0.6181675791740417,20.89990997314453,193.14892578125,g
26.47760009765625,12.561670303344727,2.6230545043945312,0.4772909879684448,0.2666485011577606,7.338353633880615,17.366580963134766,0.13761486113071442,23.697532653808594,184.07801818847656,g
36.43489074707031,27.457416534423828,2.7540550231933594,0.28288957476615906,0.14401480555534363,7.6583638191223145,18.112625122070312,-0.14720436930656433,24.65288734436035,143.0255126953125,h
53.865264892578125,18.833227157592773,2.9918367862701416,0.2994692623615265,0.17208316922187805,2.7043371200561523,28.058059692382812,0.20764462649822235,12.358063697814941,200.6491241455078,g
71.76675415039062,29.317636489868164,3.2399306297302246,0.184658944606781,0.05862396955490112,5.187417507171631,21.834712982177734,0.4340403378009796,36.86138916015625,191.28977966308594,g
35.291603088378906,13.704338073730469,2.5786707401275635,0.5038100481033325,0.24813076853752136,1.6941108703613281,-3.6013412475585938,1.2415862083435059,26.007347106933594,149.45924377441406,h
133.4520721435547,47.554161071777344,3.724752187728882,0.1114766001701355,0.07942867279052734,-19.93830680847168,15.733854293823242,2.093350887298584,29.92156982421875,264.78125,h
44.3164176940918,11.750837326049805,2.7725682258605957,0.39184385538101196,0.20607565343379974,-7.670906066894531,8.389452934265137,0.49414002895355225,15.174215316772461,167.78369140625,g
41.54756546020508,16.54950714111328,2.7694168090820312,0.3119250237941742,0.1794421374797821,24.65402603149414,18.10099983215332,0.49478375911712646,24.464380264282227,175.849365234375,g
28.643383026123047,11.096426963806152,2.373577117919922,0.6956545114517212,0.4003283679485321,-9.759834289550781,13.851237297058105,-0.9649747610092163,41.446128845214844,206.02584838867188,g
165.70547485351562,73.81304931640625,3.740403890609741,0.157160222530365,0.08562302589416504,-113.8197021484375,-61.1081428527832,4.887404441833496,50.176185607910156,285.3304748535156,h
45.107643127441406,16.53390121459961,2.8025240898132324,0.33409011363983154,0.17743782699108124,1.0985827445983887,16.638385772705078,0.3813309967517853,17.88846778869629,182.11801147460938,g
52.78386306762695,20.956968307495117,2.863511323928833,0.314079225063324,0.16932620108127594,11.681739807128906,4.891519546508789,0.11737385392189026,48.35564422607422,176.39239501953125,g
13.900810241699219,13.15062427520752,2.3232228755950928,0.4899232089519501,0.29973405599594116,13.704202651977539,5.96437931060791,-0.2488696277141571,34.287925720214844,150.07179260253906,g
29.500261306762695,7.988351821899414,2.22794246673584,0.8026247620582581,0.440357506275177,2.0597033500671387,-2.3147201538085938,0.702620267868042,51.662784576416016,202.16615295410156,g
143.58926391601562,60.86839294433594,3.7594125270843506,0.13039252161979675,0.06629599630832672,-79.32121276855469,-11.476334571838379,3.8016302585601807,42.09198760986328,229.34759521484375,h
40.552024841308594,16.63753318786621,2.6940417289733887,0.36680537462234497,0.23485293984413147,2.9562783241271973,18.847471237182617,-1.4398858547210693,40.25069046020508,169.0216064453125,g
44.46354293823242,11.91724967956543,2.7626254558563232,0.38803982734680176,0.20386561751365662,-2.0605826377868652,10.241439819335938,0.740738034248352,18.61172866821289,177.50767517089844,g
45.78581237792969,24.452754974365234,2.8691015243530273,0.2629667818546295,0.1274348944425583,-4.215995788574219,15.880317687988281,0.45041322708129883,22.726932525634766,167.0957489013672,g
59.60124206542969,24.819135665893555,3.0946273803710938,0.19281497597694397,0.10849752277135849,20.934709548950195,37.35517501831055,0.14690566062927246,13.914743423461914,215.81321716308594,g
52.082950592041016,20.907894134521484,2.902798891067505,0.33201053738594055,0.16273124516010284,21.427221298217773,24.149412155151367,1.0326687097549438,19.469818115234375,192.7030029296875,g
20.496517181396484,10.016219139099121,2.352846384048462,0.5275771617889404,0.3353484272956848,-2.5676071643829346,4.848900318145752,-0.44487759470939636,26.014497756958008,153.34812927246094,g
42.64564514160156,12.325108528137207,2.7486398220062256,0.35321834683418274,0.19417674839496613,3.1896791458129883,7.743059158325195,0.7901507616043091,22.715713500976562,176.30592346191406,g
69.03880310058594,30.12216567993164,3.115927219390869,0.1877998560667038,0.08801484107971191,-10.127220153808594,23.431411743164062,0.6538954973220825,13.148510932922363,209.46841430664062,g
13.682231903076172,13.572434425354004,2.2240843772888184,0.5613354444503784,0.3583758473396301,0.3481874465942383,0.5994529724121094,-0.7305266857147217,29.70918083190918,132.24111938476562,h
75.61613464355469,23.666851043701172,3.156482219696045,0.18867340683937073,0.08785639703273773,9.384899139404297,9.750916481018066,0.6030728220939636,9.34956169128418,220.6822052001953,g
64.98047637939453,38.76136779785156,3.3808934688568115,0.1520334631204605,0.09173273295164108,-9.694578170776367,58.66656494140625,-0.9449411630630493,2.2379627227783203,245.23475646972656,g
54.99338912963867,22.16485595703125,3.0550942420959473,0.2457600086927414,0.11539008468389511,-0.19680261611938477,29.11761474609375,-0.1003858745098114,9.10877799987793,201.21148681640625,g
52.46799850463867,22.536401748657227,2.882463216781616,0.2580377161502838,0.09546834230422974,10.431228637695312,6.076603889465332,0.18561245501041412,45.26096725463867,140.34490966796875,h
12.927410125732422,7.979201316833496,2.104724168777466,0.7203381061553955,0.4202882647514343,-0.3978710174560547,-2.308535575866699,-1.0500507354736328,52.46275329589844,165.76119995117188,h
58.371009826660156,18.079578399658203,2.9935078620910645,0.3017618954181671,0.15253765881061554,-0.9275875091552734,15.385663032531738,0.005808115005493164,36.14070129394531,160.62655639648438,g
17.956836700439453,8.95117473602295,2.3068721294403076,0.5536916851997375,0.34191685914993286,8.792503356933594,2.0364551544189453,-0.033542484045028687,30.755077362060547,159.73727416992188,g
143.86891174316406,46.69449996948242,3.5657057762145996,0.1592935472726822,0.0997338518500328,-39.79117965698242,-1.0441665649414062,2.502359390258789,29.382240295410156,279.1015930175781,h
19.606136322021484,5.812267303466797,2.400972843170166,0.5117638111114502,0.3101382851600647,0.0007576942443847656,1.1359481811523438,0.08214214444160461,28.784717559814453,154.21875,g
37.03105163574219,11.091283798217773,2.739682912826538,0.34395331144332886,0.17188230156898499,18.26085090637207,1.3116731643676758,1.1560232639312744,27.415027618408203,137.2141571044922,g
92.99799346923828,42.28266525268555,3.3584887981414795,0.14682918787002563,0.10346752405166626,-12.538324356079102,36.48259735107422,-0.37563082575798035,-0.8952789306640625,271.9195251464844,g
38.41203308105469,6.067155838012695,2.5568203926086426,0.43612658977508545,0.25268587470054626,11.43284797668457,-6.054169654846191,0.4873462915420532,54.78788757324219,169.17181396484375,g
107.61982727050781,47.90353775024414,3.5595450401306152,0.0640358030796051,0.05590739846229553,-1.7872068881988525,38.22538375854492,0.3175380229949951,0.15184593200683594,290.0838928222656,g
23.727506637573242,10.847970008850098,2.4069557189941406,0.6314005255699158,0.32047730684280396,3.743529796600342,5.761466026306152,1.1040427684783936,27.95120620727539,184.7064208984375,g
69.7386245727539,28.93369483947754,3.1625428199768066,0.20731320977210999,0.11855915188789368,17.894718170166016,40.38511276245117,0.1846025586128235,9.061090469360352,234.88816833496094,g
46.46375274658203,15.782476425170898,2.922297477722168,0.280537486076355,0.15072162449359894,12.698444366455078,24.0347843170166,0.14351725578308105,15.769180297851562,187.0420684814453,g
46.51284408569336,18.60923194885254,2.9471774101257324,0.3449246883392334,0.15697728097438812,12.808197021484375,28.336559295654297,0.9730948209762573,17.39975357055664,195.2125701904297,g
38.74842071533203,23.459335327148438,3.0429656505584717,0.3312768042087555,0.17691336572170258,-22.82488250732422,34.49900436401367,-0.8667490482330322,9.972570419311523,201.36911010742188,g
35.25255584716797,10.611231803894043,2.6260271072387695,0.4268181324005127,0.2460702657699585,11.441841125488281,8.767460823059082,0.4399789273738861,24.117469787597656,185.8778076171875,g
168.8731689453125,62.01446533203125,3.74969482421875,0.09542369842529297,0.06469516456127167,-50.16372299194336,-26.512462615966797,4.384764671325684,37.11753463745117,249.92623901367188,h
41.553489685058594,17.507694244384766,2.597805976867676,0.4454028308391571,0.2680899202823639,4.434044361114502,13.212400436401367,-1.0832693576812744,41.673736572265625,170.0777587890625,h
59.391788482666016,23.162395477294922,3.0830578804016113,0.2414301335811615,0.10563736408948898,-3.190074920654297,24.86502456665039,0.9835571050643921,14.350497245788574,175.95333862304688,g
50.01216125488281,20.063758850097656,2.9820494651794434,0.3037777543067932,0.14304913580417633,12.748235702514648,27.320056915283203,0.7900110483169556,16.729564666748047,195.8590545654297,g
101.67570495605469,37.32114791870117,3.110757350921631,0.32297998666763306,0.19607026875019073,-63.12812805175781,-17.02558135986328,1.2216119766235352,38.50447082519531,222.12490844726562,h
15.955310821533203,8.358281135559082,2.025756359100342,0.9958430528640747,0.5145204067230225,-7.407381057739258,-3.3138561248779297,0.5541951060295105,49.5294303894043,180.04779052734375,h
23.191526412963867,6.984890937805176,2.362969398498535,0.5860797166824341,0.34411346912384033,-4.134880542755127,-0.672419548034668,0.29655709862709045,27.046594619750977,173.59291076660156,g
46.20796585083008,15.811077117919922,2.954397678375244,0.3129764795303345,0.16218902170658112,5.348659038543701,26.888980865478516,0.31180059909820557,12.883443832397461,165.2142333984375,g
65.13387298583984,28.80354118347168,3.119863271713257,0.2512332797050476,0.1403520703315735,-9.579757690429688,35.38290786743164,-1.291741132736206,28.365270614624023,221.9258270263672,g
31.712045669555664,8.55894947052002,2.410334348678589,0.5014159679412842,0.29772600531578064,-2.8809094429016113,-10.36425495147705,-0.49817195534706116,51.336669921875,157.1940460205078,g
32.69487762451172,17.28430938720703,2.788848876953125,0.36678481101989746,0.18892954289913177,9.288520812988281,28.288562774658203,0.04758456349372864,19.257892608642578,173.35585021972656,g
33.58997344970703,10.407907485961914,2.284597158432007,0.6379541158676147,0.3919300436973572,-5.4893317222595215,-7.851723670959473,-0.44341155886650085,50.276668548583984,175.761962890625,g
25.534685134887695,11.119277954101562,2.392807960510254,0.49837759137153625,0.3177555203437805,2.7158923149108887,7.9088544845581055,-0.4294830858707428,25.935544967651367,187.81466674804688,g
70.67952728271484,30.492389678955078,3.136007308959961,0.22989864647388458,0.1325802505016327,-13.004465103149414,15.221857070922852,-0.500003457069397,7.134521484375,242.32473754882812,g
98.692138671875,51.807594299316406,3.609591007232666,0.10448101162910461,0.07031504809856415,-38.71745681762695,13.511518478393555,0.3673882782459259,41.12352752685547,274.63311767578125,h
47.62836456298828,27.44149398803711,2.825726270675659,0.3338436186313629,0.20784007012844086,-1.3144185543060303,16.319656372070312,-0.9012068510055542,46.75688934326172,193.7084197998047,h
52.4129524230957,24.664140701293945,3.0785107612609863,0.2169801890850067,0.12270313501358032,7.978362560272217,43.994754791259766,-0.5628824234008789,8.934301376342773,210.10484313964844,g
12.606555938720703,8.828953742980957,2.086059093475342,0.8426759243011475,0.45483559370040894,-3.3739168643951416,-10.351874351501465,0.9264096021652222,29.812047958374023,148.97726440429688,h
30.224946975708008,10.704646110534668,2.5147032737731934,0.4476463198661804,0.27391868829727173,6.517299175262451,2.7735276222229004,0.40950047969818115,29.146930694580078,176.69668579101562,g
113.49798583984375,29.66170883178711,3.397087335586548,0.24091972410678864,0.1277482807636261,-19.173376083374023,-32.02226638793945,2.4520418643951416,39.21412658691406,240.77793884277344,g
87.7202377319336,51.492706298828125,3.01641845703125,0.25343257188796997,0.176286518573761,-71.22067260742188,13.28710651397705,-2.0292999744415283,27.880407333374023,241.43910217285156,h
44.54901885986328,18.19219970703125,2.753458023071289,0.3522343337535858,0.20262368023395538,-0.2152256965637207,20.66995620727539,-0.041084349155426025,17.21798324584961,187.85536193847656,g
94.46002197265625,31.116682052612305,3.2907557487487793,0.1868925243616104,0.07263942062854767,-27.5288143157959,0.6089773178100586,2.0197741985321045,40.156890869140625,193.8219451904297,g
6.258506774902344,8.974803924560547,2.135441780090332,0.6124728918075562,0.3863371014595032,3.5075488090515137,-5.741120338439941,-0.8013443946838379,32.02057647705078,128.01583862304688,h
42.314605712890625,20.734437942504883,2.8950998783111572,0.30583655834198,0.17444464564323425,10.695072174072266,37.150787353515625,-0.5147539377212524,13.407612800598145,203.39724731445312,g
51.697025299072266,18.199565887451172,2.846635341644287,0.324678897857666,0.1758906990289688,1.2602887153625488,16.35733413696289,0.5511218905448914,16.468013763427734,183.4873046875,g
97.50785064697266,56.985130310058594,3.705526113510132,0.015805929899215698,0.03678438067436218,-3.2749271392822266,70.0322036743164,-0.14271166920661926,1.9698677062988281,293.0201416015625,g
145.59963989257812,60.99017333984375,4.052593231201172,-0.016261249780654907,0.02349996566772461,1.8502421379089355,34.26512145996094,4.052974700927734,15.861873626708984,307.1771240234375,h
40.22882080078125,14.44862174987793,2.862333297729492,0.4137641191482544,0.2086847424507141,-3.1032984256744385,18.029380798339844,0.7268190383911133,16.936935424804688,162.823486328125,g
29.576669692993164,10.564814567565918,2.6365749835968018,0.40533268451690674,0.23390920460224152,13.221992492675781,16.69930648803711,0.040196627378463745,22.863468170166016,178.8657989501953,g
6.772510528564453,5.095155715942383,2.1877503395080566,0.6626303195953369,0.4042074680328369,-2.548997163772583,0.737640380859375,-0.4956614673137665,28.388856887817383,149.9816131591797,g
68.57460021972656,18.5794677734375,2.7861597537994385,0.37416213750839233,0.22101862728595734,-1.0337440967559814,-7.631106376647949,1.3493473529815674,50.89192581176758,194.61959838867188,g
47.181663513183594,12.791130065917969,2.813458204269409,0.3363417387008667,0.17186258733272552,3.1327333450317383,4.572476387023926,0.9386687278747559,20.692461013793945,167.73077392578125,g
52.77699661254883,17.928878784179688,2.7347350120544434,0.5697615742683411,0.2979296147823334,-6.583966255187988,18.754600524902344,0.22939713299274445,36.51333236694336,216.49710083007812,g
59.91193389892578,26.362144470214844,3.014721155166626,0.23716582357883453,0.12014640122652054,-13.59980583190918,23.474258422851562,-0.0016132593154907227,12.017550468444824,208.12974548339844,g
42.49436569213867,15.377378463745117,2.5407114028930664,0.4911993145942688,0.2876766622066498,6.675793170928955,4.067436695098877,-0.28190383315086365,45.47863006591797,159.2520294189453,h
78.11676788330078,32.19220733642578,3.0336198806762695,0.31081652641296387,0.172987699508667,-44.77547836303711,0.01922321319580078,0.9303332567214966,13.657173156738281,222.2113800048828,g
85.84356689453125,37.406646728515625,3.1639602184295654,0.16491317749023438,0.09689577668905258,-14.090219497680664,11.493799209594727,0.6839163303375244,40.56233596801758,185.48057556152344,h
45.212100982666016,17.866958618164062,2.901186943054199,0.344476580619812,0.17876185476779938,5.148863315582275,24.96853256225586,0.16377267241477966,14.667088508605957,193.7909393310547,g
48.79551696777344,15.810354232788086,2.792907238006592,0.3076667785644531,0.17224520444869995,10.070322036743164,9.442575454711914,0.7633663415908813,23.647380828857422,190.68580627441406,g
62.16819381713867,30.04177474975586,2.748384475708008,0.37480178475379944,0.22528411448001862,-10.664012908935547,4.7760419845581055,-0.15847709774971008,42.945430755615234,160.66380310058594,h
28.980531692504883,14.085463523864746,2.52321457862854,0.550620973110199,0.3067876100540161,10.099529266357422,18.18512725830078,0.1291799545288086,22.006860733032227,196.60215759277344,g
45.48365783691406,12.991204261779785,2.6657919883728027,0.5265509486198425,0.2896918058395386,-1.7828669548034668,8.017845153808594,0.20251187682151794,42.271175384521484,182.68975830078125,g
63.333919525146484,28.962125778198242,3.1243996620178223,0.19636312127113342,0.10153356939554214,8.991735458374023,23.13409423828125,0.16724330186843872,44.232906341552734,196.1082305908203,g
30.14990234375,7.195888519287109,2.689272165298462,0.4033435881137848,0.2200344353914261,9.590232849121094,12.566036224365234,0.37165793776512146,21.86846923828125,168.7834014892578,g
45.20184326171875,19.074871063232422,2.7898337841033936,0.37296074628829956,0.19629649817943573,8.826292037963867,24.544750213623047,0.5528207421302795,18.727985382080078,194.134765625,g
46.01103210449219,15.557348251342773,2.90815806388855,0.30726784467697144,0.15993008017539978,9.357030868530273,26.165401458740234,0.1369255632162094,14.031161308288574,188.90037536621094,g
32.2848014831543,18.197404861450195,2.5759949684143066,0.3901611566543579,0.22415396571159363,21.082826614379883,7.480797290802002,0.6040416955947876,31.543354034423828,147.215576171875,h
35.85413360595703,5.77015495300293,2.3984947204589844,0.6882072687149048,0.3705042898654938,1.8573007583618164,-1.8200759887695312,0.9100866317749023,49.650413513183594,188.04129028320312,g
42.96151351928711,7.605068206787109,2.541773796081543,0.6284098625183105,0.32337602972984314,1.8241972923278809,-2.1325454711914062,1.0007469654083252,45.43194580078125,177.12033081054688,g
36.082489013671875,19.535730361938477,2.8600997924804688,0.3417870104312897,0.176108255982399,9.185474395751953,31.605823516845703,-0.17783501744270325,16.908823013305664,191.80235290527344,g
29.774812698364258,7.810873031616211,2.505167245864868,0.504198431968689,0.3148875832557678,-5.559422969818115,8.556010246276855,0.022656142711639404,22.85431480407715,177.2481689453125,g
146.89208984375,45.71113586425781,3.8672292232513428,0.1528104841709137,0.09345707297325134,-16.242807388305664,-10.465102195739746,5.082046031951904,40.5750732421875,226.16983032226562,h
9.805233001708984,5.862812042236328,2.1189775466918945,0.7047516107559204,0.4314812421798706,-1.0047023296356201,-6.508233070373535,0.07291412353515625,32.17939376831055,146.76797485351562,g
42.053932189941406,20.44420623779297,2.9266865253448486,0.3322245180606842,0.18573513627052307,3.8329787254333496,31.963455200195312,-0.6573994159698486,12.106999397277832,207.81614685058594,g
37.627994537353516,16.812267303466797,2.7271335124969482,0.33094164729118347,0.18902507424354553,21.191265106201172,16.967628479003906,0.4237613081932068,25.368206024169922,171.91775512695312,g
46.30552673339844,23.22010612487793,2.9764175415039062,0.2665309011936188,0.1528509259223938,6.406954288482666,39.73135757446289,-0.4904063045978546,13.227126121520996,208.75558471679688,g
5.308158874511719,1.6663322448730469,2.183713912963867,0.6869720220565796,0.40894851088523865,1.2500648498535156,-0.1146707534790039,0.0023861825466156006,31.73503303527832,171.34954833984375,g
64.3617935180664,22.28067398071289,2.9913413524627686,0.28545498847961426,0.16344283521175385,8.212608337402344,23.968669891357422,-0.05387347936630249,8.177831649780273,223.27532958984375,g
59.7985954284668,30.05052947998047,2.739400863647461,0.4129859507083893,0.21279269456863403,-29.93977928161621,4.503459930419922,-0.5949622392654419,38.52559280395508,191.13621520996094,h
38.579811096191406,19.337129592895508,2.710050344467163,0.3258102536201477,0.16110625863075256,12.925891876220703,4.984621047973633,0.7402498126029968,27.081966400146484,147.01055908203125,g
33.62933349609375,17.148061752319336,2.8668594360351562,0.3323616683483124,0.17514565587043762,7.1097798347473145,17.773029327392578,0.13661685585975647,22.09259796142578,176.61260986328125,g
146.59408569335938,54.1623649597168,3.5888283252716064,0.15111203491687775,0.08258886635303497,-71.41110229492188,-26.195690155029297,3.545733690261841,37.8719367980957,247.7767333984375,h
67.22703552246094,22.214689254760742,3.0851526260375977,0.2729800045490265,0.157460555434227,-0.7224807739257812,19.56555938720703,0.16231295466423035,8.191343307495117,223.9830780029297,g
32.281517028808594,11.6846923828125,2.6372251510620117,0.3962014615535736,0.24217873811721802,18.215316772460938,15.587333679199219,0.27875545620918274,25.985488891601562,172.6636505126953,g
116.34603881835938,41.7852783203125,3.2584879398345947,0.28460434079170227,0.15042650699615479,-56.378971099853516,-39.333160400390625,2.8573663234710693,43.577613830566406,212.63148498535156,h
6.416423797607422,3.3974266052246094,2.2058238983154297,0.6255906820297241,0.3894713819026947,-1.0463285446166992,-0.5704345703125,-0.5136407613754272,29.94472312927246,147.3157958984375,g
35.391029357910156,8.630709648132324,2.4959793090820312,0.6015339493751526,0.3461398482322693,5.62996244430542,11.694967269897461,-0.05351117253303528,45.31589126586914,195.47483825683594,g
66.26588439941406,26.242294311523438,3.041630983352661,0.26984700560569763,0.15393534302711487,-1.3289010524749756,26.52054214477539,-0.27875056862831116,5.952184677124023,232.12753295898438,g
88.37580871582031,45.14930725097656,3.0637576580047607,0.3713699281215668,0.17701582610607147,-74.00737762451172,-28.566566467285156,1.2540303468704224,16.43865203857422,244.06338500976562,h
9.613689422607422,8.294142723083496,2.1685099601745605,0.6707797050476074,0.4006189703941345,-5.022933006286621,-6.228377342224121,-0.48783013224601746,26.97889518737793,124.82747650146484,h
58.39567565917969,19.47771453857422,3.1109519004821777,0.24353043735027313,0.12168094515800476,4.594614505767822,26.43960952758789,0.641150712966919,11.253128051757812,191.49560546875,g
94.20478820800781,47.202823638916016,3.5299644470214844,0.06905591487884521,0.05876174569129944,-4.465829849243164,54.224693298339844,-0.4669899046421051,-1.4896926879882812,279.426025390625,g
43.862579345703125,8.460450172424316,2.5079808235168457,0.5859273672103882,0.3096301853656769,-18.393083572387695,-21.377521514892578,1.3421804904937744,54.193687438964844,179.55718994140625,g
42.77938461303711,17.93482208251953,2.796145439147949,0.30123335123062134,0.1564439982175827,14.751382827758789,11.670846939086914,0.973081111907959,26.98227882385254,165.5433807373047,g
52.543121337890625,21.25004005432129,2.917273998260498,0.2573961019515991,0.1322033405303955,3.179248332977295,20.774608612060547,0.33857977390289307,16.58698272705078,189.01832580566406,g
24.92182731628418,16.608739852905273,2.195132255554199,0.7096682786941528,0.4003368020057678,2.4627647399902344,-5.41347599029541,0.15552283823490143,57.80658721923828,165.9945831298828,h
77.28132629394531,29.040546417236328,2.904334783554077,0.3351183831691742,0.19379664957523346,-38.77452087402344,-6.844084739685059,0.04540255665779114,39.23382568359375,224.95101928710938,g
32.09400177001953,13.267949104309082,2.3729500770568848,0.6216952800750732,0.36252546310424805,0.2874622344970703,3.643322467803955,-0.37544962763786316,47.85535430908203,163.28561401367188,h
34.945526123046875,10.789546012878418,2.3976802825927734,0.5999175906181335,0.3692849576473236,3.073808193206787,8.450798034667969,-0.5856648683547974,47.41193771362305,201.9819793701172,g
76.14737701416016,42.19873046875,3.4296133518218994,0.13192518055438995,0.0820976048707962,0.7387089729309082,57.28347396850586,-0.48843732476234436,3.1133670806884766,260.1520080566406,g
68.07189178466797,31.105838775634766,3.3019449710845947,0.17044001817703247,0.09339603781700134,3.495392322540283,50.79125213623047,-0.5415923595428467,1.796243667602539,233.55316162109375,g
48.1033935546875,15.971697807312012,2.5784223079681396,0.4756026268005371,0.2679125666618347,0.13393735885620117,-7.849841117858887,0.5198268890380859,48.26750946044922,131.41558837890625,h
135.96803283691406,37.68434524536133,3.717824697494507,0.16671378910541534,0.08872427046298981,-11.686996459960938,-5.047589302062988,3.9984240531921387,35.97272872924805,249.13099670410156,g
114.44085693359375,63.788360595703125,3.3529911041259766,0.13829739391803741,0.09212694317102432,-82.2420425415039,-2.8989877700805664,-0.35895219445228577,31.04256820678711,246.75697326660156,h
65.46571350097656,31.059513092041016,3.1324079036712646,0.19350449740886688,0.1174120306968689,14.383298873901367,45.35890579223633,-0.6347630023956299,6.920764923095703,242.28131103515625,g
49.56926727294922,17.585289001464844,2.5915884971618652,0.5107696652412415,0.2837916612625122,3.502516269683838,6.1130595207214355,0.18931221961975098,44.0550537109375,173.87147521972656,h
51.820980072021484,20.60951042175293,3.001885175704956,0.26070207357406616,0.12921142578125,1.1148171424865723,26.958873748779297,-0.16143539547920227,10.438405990600586,200.97317504882812,g
209.3290252685547,79.41323852539062,4.719435691833496,0.10707339644432068,0.03407865762710571,-97.12354278564453,-98.15296173095703,13.984457969665527,90.87220764160156,220.63937377929688,h
46.401737213134766,13.098174095153809,2.698638916015625,0.3802003860473633,0.22486791014671326,13.812904357910156,8.747885704040527,0.0366290807723999,47.373939514160156,173.9952850341797,g
96.52568817138672,39.15330505371094,3.215394973754883,0.13966251909732819,0.056589603424072266,-11.750909805297852,0.05902099609375,0.9510948657989502,39.97781753540039,196.3983917236328,h
44.6165771484375,16.572128295898438,2.750803232192993,0.4115173816680908,0.2296583205461502,11.751522064208984,15.596532821655273,0.6210848093032837,19.52402687072754,174.78965759277344,g
47.02409362792969,19.705251693725586,2.9787564277648926,0.3101048469543457,0.13861039280891418,13.926607131958008,29.227664947509766,0.8705453872680664,17.521211624145508,192.31861877441406,g
80.28936004638672,29.791919708251953,3.226001501083374,0.16713744401931763,0.08840259909629822,4.153382778167725,25.067272186279297,0.11402642726898193,5.053436279296875,240.98828125,g
125.43978881835938,48.85803985595703,3.352301597595215,0.23433001339435577,0.17482224106788635,-68.75730895996094,2.1914520263671875,1.2465800046920776,30.505531311035156,269.3460693359375,h
24.93789291381836,17.229021072387695,2.3052568435668945,0.5035584568977356,0.3116922378540039,5.289371967315674,-2.3428001403808594,-1.0745128393173218,55.66362762451172,146.65919494628906,h
37.50502395629883,13.44290828704834,2.5498228073120117,0.48433366417884827,0.27635544538497925,-8.004648208618164,6.955691814422607,-0.6877710819244385,43.99708557128906,168.88638305664062,g
49.55717468261719,16.05559730529785,2.7466955184936523,0.3954383432865143,0.2067617028951645,5.12966775894165,3.335010051727295,0.25189849734306335,43.72084045410156,134.50628662109375,h
36.1842155456543,36.362266540527344,2.667137622833252,0.43717771768569946,0.24278505146503448,-42.942543029785156,29.21609115600586,-1.8285812139511108,40.396881103515625,159.07940673828125,h
29.264171600341797,12.32186222076416,2.520580530166626,0.6296348571777344,0.29876306653022766,11.794958114624023,3.003208637237549,1.8141921758651733,26.159282684326172,152.0228271484375,h
303.4283752441406,103.16776275634766,4.594573974609375,-0.07359784841537476,0.03227066993713379,-67.04175567626953,-139.7096405029297,12.92359733581543,79.77447509765625,379.40582275390625,h
72.59201049804688,25.58355712890625,3.112011671066284,0.21419912576675415,0.10655537247657776,0.9863510131835938,7.043363571166992,0.4118061661720276,10.607975006103516,227.00253295898438,g
80.99930572509766,33.14655685424805,3.222348928451538,0.31139686703681946,0.16067270934581757,-8.266606330871582,24.435585021972656,0.9867289066314697,6.295169830322266,251.44984436035156,g
6.224708557128906,8.740619659423828,2.0259785652160645,0.7268727421760559,0.46011942625045776,1.4791669845581055,-6.521039009094238,-0.4598354995250702,32.80418014526367,140.16087341308594,h
55.1430778503418,29.884078979492188,3.182112216949463,0.2312113493680954,0.12376372516155243,-10.563385009765625,41.07512664794922,-1.005758285522461,4.220172882080078,226.4424591064453,g
137.23193359375,56.61790466308594,3.4477744102478027,0.2810380458831787,0.12202129513025284,-94.61813354492188,-43.52894592285156,2.8021750450134277,36.26667785644531,231.60955810546875,h
19.843395233154297,8.265761375427246,2.526299238204956,0.5757012367248535,0.31328171491622925,-3.6244566440582275,17.77495002746582,-0.0808677077293396,20.02440643310547,184.9595184326172,g
26.032108306884766,5.981868743896484,2.394109010696411,0.5244846343994141,0.31602543592453003,14.595596313476562,-14.82633113861084,1.0561635494232178,35.99663543701172,152.82168579101562,g
49.86762619018555,12.915017127990723,2.866365432739258,0.3381553292274475,0.1881425529718399,8.871410369873047,12.774430274963379,0.7037183046340942,17.50197982788086,183.51007080078125,g
6.851230621337891,3.795217514038086,2.0958597660064697,0.8177988529205322,0.4429815411567688,7.4475932121276855,-8.004172325134277,1.255074143409729,36.3475227355957,166.5921630859375,g
73.70014953613281,42.219032287597656,2.9158308506011963,0.3643377721309662,0.2168569713830948,-48.363922119140625,19.713884353637695,-1.7321137189865112,28.43162727355957,247.7869110107422,h
21.70785903930664,15.600630760192871,2.4549367427825928,0.514153003692627,0.28016722202301025,13.134893417358398,8.217967987060547,0.041172176599502563,26.701736450195312,142.9512939453125,h
54.969825744628906,25.263633728027344,3.094783067703247,0.23956558108329773,0.1357230544090271,7.9982380867004395,37.619346618652344,-0.5132236480712891,9.271612167358398,220.2450408935547,g
33.86634826660156,14.221098899841309,2.8116631507873535,0.350240558385849,0.18462353944778442,7.292768955230713,24.935344696044922,-0.19348576664924622,17.155044555664062,178.79840087890625,g
43.02732467651367,16.010305404663086,2.5254738330841064,0.5133826732635498,0.2929893136024475,-0.7212555408477783,5.4468231201171875,-0.26351460814476013,46.78816223144531,202.50433349609375,g
11.886890411376953,12.808206558227539,2.2022461891174316,0.5504795908927917,0.35133787989616394,18.163999557495117,-4.594598770141602,-0.46319034695625305,35.18412780761719,136.00360107421875,h
53.459938049316406,18.750713348388672,2.9837207794189453,0.27156662940979004,0.13456575572490692,13.054344177246094,19.400928497314453,0.6080614328384399,16.037302017211914,184.9466552734375,g
5.126350402832031,5.368408203125,1.958860158920288,0.9396602511405945,0.5268048048019409,5.387598514556885,0.7857866287231445,0.7680884599685669,33.80161666870117,210.9773406982422,g
69.81556701660156,28.174043655395508,3.31697678565979,0.1947006732225418,0.09406822919845581,-14.300325393676758,29.488914489746094,0.23737289011478424,6.041236877441406,217.94712829589844,g
33.45106506347656,12.29320240020752,2.7570269107818604,0.38653308153152466,0.20632392168045044,-2.8684239387512207,10.20057201385498,0.404352605342865,21.67523193359375,155.3483123779297,g
13.222808837890625,9.28995418548584,2.2746670246124268,0.5693838000297546,0.3277576267719269,15.119026184082031,-2.3775367736816406,0.40941816568374634,35.79178237915039,147.46212768554688,g
71.81462097167969,22.32890510559082,3.1893622875213623,0.2855079174041748,0.15459203720092773,-11.257955551147461,12.31814956665039,0.5593666434288025,37.31212615966797,204.13986206054688,g
32.57902526855469,11.782879829406738,2.6032521724700928,0.44050920009613037,0.27801501750946045,9.525457382202148,18.21790885925293,-0.13441935181617737,21.805767059326172,178.83538818359375,g
53.86804962158203,21.94855308532715,3.0197701454162598,0.27366676926612854,0.1394098699092865,11.812402725219727,33.440574645996094,0.30453094840049744,12.303322792053223,202.02767944335938,g
101.60198974609375,29.462804794311523,3.43495512008667,0.1679585725069046,0.07476885616779327,-0.5462894439697266,-3.5986127853393555,2.5338399410247803,13.469270706176758,235.80479431152344,g
50.77090835571289,14.614177703857422,2.8273894786834717,0.38761192560195923,0.19967272877693176,15.846654891967773,13.009724617004395,0.5697296261787415,44.662879943847656,177.6659393310547,g
42.31855773925781,13.74362564086914,2.7711076736450195,0.3276691436767578,0.1745263785123825,5.7601637840271,8.1464262008667,0.750991702079773,24.445768356323242,179.74375915527344,g
60.732017517089844,29.539249420166016,3.1091701984405518,0.18034757673740387,0.10848112404346466,18.76616859436035,47.573768615722656,-0.0067109763622283936,12.733357429504395,221.3321533203125,g
44.019676208496094,21.691165924072266,2.816793441772461,0.4058794677257538,0.21223732829093933,-1.8187363147735596,31.25749969482422,-0.8956732749938965,37.09193801879883,189.8661346435547,g
47.061302185058594,20.76888084411621,2.8136351108551025,0.38612431287765503,0.18401822447776794,-15.978723526000977,9.280438423156738,0.9155234098434448,19.981502532958984,184.63531494140625,g
63.66495132446289,31.471176147460938,3.2609009742736816,0.21162080764770508,0.11406067758798599,-0.7849013805389404,48.79643249511719,-0.25319209694862366,6.193202972412109,232.42013549804688,g
33.88854217529297,9.035998344421387,2.6299612522125244,0.44333869218826294,0.2598907947540283,7.750956058502197,6.720965385437012,0.475419282913208,21.75934600830078,140.86215209960938,g
38.61875915527344,11.978915214538574,2.7149524688720703,0.3765316307544708,0.2015562504529953,2.0082449913024902,9.140496253967285,0.603650689125061,22.07628631591797,175.7429656982422,g
104.90974426269531,33.132083892822266,3.2577664852142334,0.2652912437915802,0.1512388288974762,-6.555246353149414,-11.202519416809082,2.2711713314056396,39.1306037902832,185.80078125,h
8.424373626708984,6.869243621826172,2.084223985671997,0.673221230506897,0.42094242572784424,-2.431305170059204,-8.940531730651855,-0.4407171905040741,32.97246170043945,158.83018493652344,g
42.26190948486328,22.011157989501953,2.9000890254974365,0.2840391993522644,0.17304380238056183,14.208795547485352,40.38576889038086,-0.6257894039154053,14.783609390258789,206.87283325195312,g
31.82147789001465,13.85132122039795,2.4256856441497803,0.5014828443527222,0.2810102701187134,16.539398193359375,-6.586173057556152,0.07168316841125488,55.50725555419922,132.76251220703125,h
33.99128341674805,17.4118595123291,2.636774778366089,0.41931140422821045,0.22278113663196564,21.8239688873291,9.6908540725708,0.6867561936378479,27.062246322631836,151.0366973876953,h
26.94940948486328,13.963700294494629,2.5828325748443604,0.3972398638725281,0.21691296994686127,18.252901077270508,6.552651882171631,0.8110102415084839,32.3806266784668,134.14842224121094,g
47.98837661743164,17.20431900024414,2.9041340351104736,0.26939529180526733,0.1263822317123413,20.891185760498047,12.10802173614502,1.1220389604568481,24.06472396850586,169.69664001464844,g
38.01734924316406,14.75283432006836,2.402167797088623,0.5363341569900513,0.3077535629272461,5.132727146148682,-17.563945770263672,0.7141798138618469,57.65978240966797,130.5890350341797,h
41.23413848876953,15.643458366394043,2.76741099357605,0.3663513958454132,0.21863090991973877,11.464704513549805,24.29895782470703,0.2025187462568283,19.327903747558594,179.21563720703125,g
176.84173583984375,66.34719848632812,4.06318998336792,0.06143355369567871,0.0700417011976242,-41.9481201171875,-28.738906860351562,5.520371437072754,42.56549835205078,255.72975158691406,h
39.559837341308594,10.687918663024902,2.613008975982666,0.42544734477996826,0.26062697172164917,2.4255456924438477,9.35554313659668,0.27872434258461,21.426254272460938,182.6883087158203,g
41.19215393066406,14.917938232421875,2.7324447631835938,0.38140353560447693,0.20458872616291046,-2.9295692443847656,11.0941743850708,0.6211059093475342,21.615203857421875,182.8321990966797,g
45.86625671386719,18.537460327148438,2.8600287437438965,0.30102986097335815,0.16336536407470703,8.233211517333984,20.50485610961914,0.15432137250900269,16.8734188079834,176.7294464111328,g
99.25227355957031,23.968835830688477,3.250502347946167,0.30619359016418457,0.15695109963417053,-6.179258346557617,-13.443278312683105,2.303910970687866,40.118228912353516,230.39773559570312,g
40.884830474853516,16.902568817138672,2.8470945358276367,0.3109179735183716,0.17060407996177673,-2.051654815673828,32.31461715698242,-0.22332659363746643,14.257102012634277,182.25196838378906,g
29.523866653442383,14.003374099731445,2.5070323944091797,0.4701976478099823,0.272168904542923,5.951867580413818,8.64228630065918,-0.008800655603408813,22.909440994262695,149.59295654296875,g
16.586925506591797,2.8652687072753906,2.2207844257354736,0.7204716205596924,0.42660218477249146,-2.8156495094299316,1.1136665344238281,0.4871658384799957,28.365339279174805,183.85923767089844,g
35.08930206298828,13.094589233398438,2.6254794597625732,0.45572495460510254,0.2548995614051819,14.76884651184082,5.895299434661865,0.8486588001251221,27.01757049560547,168.80459594726562,g
55.17828369140625,26.25346565246582,3.0224790573120117,0.2262468785047531,0.13226857781410217,16.452442169189453,45.747005462646484,-0.4592287838459015,10.216348648071289,213.77288818359375,g
31.558761596679688,10.20641803741455,2.5679214000701904,0.46825042366981506,0.27012985944747925,3.522456645965576,13.029463768005371,0.16068997979164124,21.400047302246094,170.98350524902344,g
25.632427215576172,8.996037483215332,2.4268598556518555,0.531384289264679,0.31349292397499084,1.0616092681884766,5.915184020996094,0.20356419682502747,26.767011642456055,183.27639770507812,g
160.90341186523438,61.564308166503906,3.720978260040283,0.14500603079795837,0.10414475947618484,-75.66165924072266,-21.129390716552734,4.0546555519104,37.52326965332031,254.1554718017578,h
76.12814331054688,40.42780685424805,3.055961847305298,0.4006706178188324,0.19248250126838684,-77.51397705078125,5.26593017578125,0.8349393606185913,9.009416580200195,235.3907928466797,h
98.24468994140625,45.920433044433594,3.2894651889801025,0.24165071547031403,0.1424737572669983,-41.16545486450195,3.377690315246582,-0.3555320203304291,30.2276611328125,272.529541015625,h
16.886234283447266,9.976381301879883,2.2915477752685547,0.5627300143241882,0.3432222604751587,5.6890950202941895,-4.24967098236084,-0.17373237013816833,28.951513290405273,124.21016693115234,h
36.22447967529297,19.13418960571289,2.58553147315979,0.38063108921051025,0.2175695300102234,13.224342346191406,2.2826528549194336,0.5615404844284058,29.572044372558594,150.25729370117188,h
35.636783599853516,13.257475852966309,2.6295979022979736,0.4160744547843933,0.2373882383108139,9.002466201782227,8.084722518920898,0.1757461279630661,21.640640258789062,158.14605712890625,g
8.38916015625,8.823086738586426,2.232062816619873,0.6529944539070129,0.3648267984390259,13.887659072875977,3.217334270477295,0.3166990280151367,33.708805084228516,159.46463012695312,g
28.371540069580078,19.525522232055664,2.5241758823394775,0.386211633682251,0.24344317615032196,24.90454864501953,16.597253799438477,-0.22638443112373352,29.221267700195312,162.9526824951172,g
45.617008209228516,19.63266372680664,2.6999576091766357,0.3719736933708191,0.20173051953315735,19.26616096496582,13.762670516967773,-0.5636134147644043,42.68608093261719,154.22445678710938,h
43.24946594238281,17.01882553100586,2.9905200004577637,0.2965339422225952,0.14663125574588776,-3.3724570274353027,29.332752227783203,-0.22674331068992615,10.324464797973633,184.56704711914062,g
15.129962921142578,6.273268699645996,2.2943789958953857,0.5602625608444214,0.32093989849090576,6.868648052215576,-9.651860237121582,0.5570740699768066,35.847835540771484,152.6310577392578,g
38.35768508911133,16.708110809326172,2.8458855152130127,0.29970812797546387,0.16967055201530457,11.089754104614258,29.777080535888672,-0.110505610704422,18.924510955810547,186.5910186767578,g
109.52897644042969,33.57252502441406,3.2333083152770996,0.25331246852874756,0.1650359332561493,-16.009815216064453,-30.998104095458984,0.8364944458007812,36.29544448852539,253.02391052246094,h
48.850791931152344,23.312427520751953,2.9424540996551514,0.26304155588150024,0.13087713718414307,-3.494314670562744,28.922534942626953,-0.2705117166042328,12.647852897644043,196.3208770751953,g
43.16275405883789,15.995380401611328,2.688046455383301,0.3809741735458374,0.2233346700668335,12.13388442993164,13.833527565002441,-0.4314204752445221,44.68528747558594,155.37286376953125,g
20.43051528930664,2.0646305084228516,2.4557595252990723,0.5032424926757812,0.3002839684486389,7.120270252227783,-0.8718509674072266,0.27612602710723877,28.27086639404297,161.5552520751953,g
42.94321060180664,15.159475326538086,2.822188138961792,0.36999833583831787,0.1953992247581482,10.848861694335938,22.19416046142578,0.3935902416706085,17.029457092285156,192.8997802734375,g
106.92568969726562,49.57197570800781,3.6215498447418213,0.05925267934799194,0.054602861404418945,-3.0376980304718018,48.12907409667969,0.3374585807323456,-0.9051132202148438,286.8157653808594,g
44.756072998046875,18.547319412231445,3.0136213302612305,0.29897356033325195,0.15598562359809875,-1.4584450721740723,29.96026611328125,-0.2096925675868988,11.14750862121582,196.90213012695312,g
41.006656646728516,14.82435417175293,2.6533122062683105,0.4687386155128479,0.2665548622608185,6.6840291023254395,19.161537170410156,-0.6740832328796387,39.90372848510742,167.4076690673828,g
49.35759353637695,25.7182559967041,2.8443071842193604,0.305772989988327,0.1596333086490631,8.374107360839844,14.557165145874023,1.1583672761917114,26.19187355041504,170.37730407714844,g
56.82722854614258,36.62305450439453,3.2571258544921875,0.18704700469970703,0.11881536990404129,-3.5571846961975098,58.35153579711914,-1.4173479080200195,3.8038806915283203,244.77529907226562,g
9.32326889038086,4.86277961730957,2.119966506958008,0.8198795318603516,0.44599416851997375,3.8474488258361816,-5.155982971191406,1.1127680540084839,32.961647033691406,169.0799560546875,g
44.751953125,16.831523895263672,2.5148799419403076,0.5304961204528809,0.3082132041454315,3.1427578926086426,2.854219436645508,-0.3463200032711029,43.56837463378906,166.5262451171875,h
44.09009552001953,20.532718658447266,2.9574737548828125,0.3060154914855957,0.16172288358211517,-2.4070229530334473,31.49618148803711,-0.7363079786300659,9.557729721069336,204.6539306640625,g
22.063112258911133,10.572491645812988,2.233699083328247,0.6921581029891968,0.4190783202648163,5.995108127593994,13.161524772644043,-0.9216094017028809,49.59105682373047,199.05223083496094,g
49.871315002441406,17.118379592895508,3.0507304668426514,0.2652079164981842,0.11873814463615417,8.20012092590332,31.27440643310547,0.8731296062469482,14.38214111328125,178.0159149169922,g
70.36044311523438,18.418048858642578,3.128943920135498,0.23463526368141174,0.11049166321754456,12.962623596191406,13.49669075012207,1.2271604537963867,39.9095458984375,159.2406005859375,g
41.68203353881836,26.836166381835938,2.7079546451568604,0.35189923644065857,0.1653863936662674,9.561729431152344,7.576970100402832,0.7353103160858154,26.90652847290039,144.33436584472656,h
106.70660400390625,33.73540115356445,3.465329170227051,0.2261289805173874,0.09688393771648407,-17.4925537109375,-0.5074520111083984,1.8103466033935547,31.717004776000977,213.65013122558594,h
51.86391830444336,21.527467727661133,3.049694299697876,0.2683531939983368,0.14173069596290588,-0.7313003540039062,31.161331176757812,-0.12675485014915466,11.01837158203125,204.59237670898438,g
48.40668869018555,18.733783721923828,2.9440722465515137,0.3062519133090973,0.16207191348075867,8.664953231811523,30.114551544189453,-0.02159595489501953,11.993769645690918,200.94607543945312,g
46.258941650390625,25.11101722717285,2.751884937286377,0.29904013872146606,0.19062937796115875,13.954996109008789,19.51303482055664,-1.591501235961914,42.2807731628418,182.90899658203125,h
43.092979431152344,19.704002380371094,2.915415048599243,0.3122450113296509,0.1748783439397812,9.314779281616211,38.42658615112305,-0.5331835746765137,11.468719482421875,205.11434936523438,g
11.228240966796875,3.9800662994384766,2.183668851852417,0.6487367749214172,0.3982350528240204,-0.427459716796875,-9.140652656555176,0.17265932261943817,32.625877380371094,132.16510009765625,g
60.87236785888672,26.809566497802734,3.1899325847625732,0.18469619750976562,0.09603454917669296,9.300806045532227,37.05746841430664,0.060104817152023315,10.669244766235352,218.67453002929688,g
4.609336853027344,8.164447784423828,2.030616044998169,0.765998125076294,0.4516369700431824,0.43378305435180664,-9.030194282531738,-0.18660202622413635,32.427406311035156,142.20663452148438,h
54.87984085083008,28.941757202148438,2.871441602706909,0.4048902094364166,0.2154504656791687,-25.97540855407715,25.909379959106445,-0.09507349133491516,41.71700668334961,215.33497619628906,g
5.280216217041016,2.7212066650390625,2.0951650142669678,0.7065178155899048,0.42175909876823425,6.2943339347839355,-11.064095497131348,0.6369001269340515,38.99829864501953,153.86212158203125,g
15.915599822998047,12.166237831115723,2.2650399208068848,0.6656721830368042,0.3839290738105774,0.7656612396240234,4.983615875244141,-0.23448768258094788,23.803770065307617,138.21884155273438,h
62.18801498413086,25.522653579711914,3.1167471408843994,0.17479795217514038,0.09481684118509293,23.400665283203125,34.999732971191406,0.5638800263404846,16.403610229492188,214.39207458496094,g
33.85021209716797,17.54310417175293,2.6837401390075684,0.4045824110507965,0.23084495961666107,12.905073165893555,28.455463409423828,-0.2576492130756378,19.11762046813965,191.0201873779297,g
3.6480026245117188,5.444896697998047,2.0658974647521973,0.6948810815811157,0.4520218074321747,-4.598618507385254,7.89974308013916,-1.6764143705368042,24.633808135986328,182.19537353515625,g
30.944435119628906,11.811903953552246,2.4598937034606934,0.4210810661315918,0.24340733885765076,15.408723831176758,-12.40981388092041,-0.157840758562088,56.441856384277344,120.62393188476562,h
35.50880432128906,13.346214294433594,2.5194966793060303,0.5946626663208008,0.33757567405700684,-6.579524993896484,19.835018157958984,-0.942943811416626,39.37149429321289,207.94580078125,g
57.75701904296875,17.381515502929688,2.7615914344787598,0.4213167726993561,0.21399465203285217,0.6355142593383789,1.002589225769043,0.9015610218048096,47.644649505615234,202.3062286376953,g
46.495391845703125,21.857696533203125,3.063255786895752,0.3250487148761749,0.1550906002521515,-1.9399466514587402,37.08092498779297,-0.19522133469581604,8.594707489013672,203.24708557128906,g
36.32978057861328,11.231846809387207,2.308053493499756,0.7029311656951904,0.4093184471130371,2.196615695953369,0.0016345977783203125,0.09042549133300781,48.132110595703125,192.98194885253906,g
105.84269714355469,45.774024963378906,3.5123848915100098,0.1087023913860321,0.08111295104026794,-14.184921264648438,34.200828552246094,0.5824195742607117,0.5088634490966797,275.5849304199219,g
49.45807647705078,17.653390884399414,2.8216917514801025,0.34417182207107544,0.20546603202819824,1.2574663162231445,16.066574096679688,-0.686924934387207,40.78449630737305,180.2587432861328,g
38.44782257080078,13.277350425720215,2.649430751800537,0.4071696102619171,0.22929321229457855,2.3664512634277344,3.8264102935791016,0.3856891691684723,20.41236686706543,141.7110137939453,g
59.63936996459961,25.663110733032227,3.2364611625671387,0.2520490288734436,0.11777657270431519,-8.73924446105957,20.089616775512695,0.9555675983428955,15.717055320739746,200.3682861328125,g
29.978551864624023,16.223108291625977,2.6038894653320312,0.46742090582847595,0.2506222724914551,22.264080047607422,21.417583465576172,0.3592626750469208,25.567020416259766,197.7658233642578,g
52.499412536621094,23.539493560791016,2.983126640319824,0.23466451466083527,0.13511019945144653,22.866477966308594,39.49043655395508,0.017285943031311035,15.906329154968262,210.88597106933594,g
67.46737670898438,21.54676055908203,3.001007080078125,0.2585405707359314,0.12464142590761185,21.494028091430664,3.916961193084717,1.2412997484207153,47.01017761230469,165.50172424316406,g
80.71907043457031,44.91277313232422,2.9978766441345215,0.2818094491958618,0.12703371047973633,-59.93315124511719,-15.381516456604004,0.4780542850494385,45.798187255859375,213.5010528564453,h
28.771686553955078,11.200201034545898,2.6248040199279785,0.42249858379364014,0.2353241741657257,3.9428744316101074,16.910625457763672,0.22215034067630768,23.341846466064453,173.4931640625,g
53.255897521972656,17.100448608398438,2.8081741333007812,0.430069237947464,0.23988646268844604,-18.081405639648438,-2.743088722229004,0.11478696763515472,12.086651802062988,204.3384246826172,g
78.04437255859375,32.15841293334961,3.2558677196502686,0.18706052005290985,0.09283062815666199,-6.920697212219238,27.12697982788086,-0.32148244976997375,1.8940773010253906,248.46136474609375,g
41.639339447021484,17.570457458496094,2.916609048843384,0.37864023447036743,0.18264907598495483,3.1657538414001465,28.186100006103516,0.4460406005382538,15.091972351074219,196.45480346679688,g
74.90753936767578,41.049461364746094,3.3837687969207764,0.09352585673332214,0.06067840754985809,13.14189338684082,53.36248016357422,-0.16551008820533752,8.895795822143555,255.56515502929688,g
62.14988327026367,30.815250396728516,3.189711332321167,0.17026107013225555,0.09507583826780319,11.381612777709961,48.47056579589844,-0.20487335324287415,9.435283660888672,227.19723510742188,g
27.13556480407715,15.696255683898926,2.6406266689300537,0.41613322496414185,0.2491973638534546,8.217523574829102,19.14026641845703,-0.410596638917923,23.67925453186035,188.2542266845703,g
86.68750762939453,19.079851150512695,3.1041653156280518,0.31152135133743286,0.16459806263446808,-1.0974438190460205,-10.711892127990723,1.2941398620605469,37.146080017089844,218.99166870117188,g
46.957149505615234,16.514995574951172,2.655808925628662,0.45301806926727295,0.23864561319351196,2.6447339057922363,-8.674332618713379,0.677562952041626,50.225975036621094,139.9362335205078,h
75.09071350097656,38.26890563964844,3.206521987915039,0.25720030069351196,0.14880606532096863,-22.419614791870117,39.466487884521484,-0.5697933435440063,1.2343120574951172,258.2647399902344,g
45.8859977722168,18.948049545288086,2.7991843223571777,0.40624478459358215,0.24452362954616547,-9.540870666503906,21.4398250579834,-0.8969086408615112,39.68597412109375,201.34231567382812,g
25.947250366210938,16.947834014892578,2.405022621154785,0.5401414632797241,0.3120845556259155,5.763979434967041,8.04971694946289,-0.04255804419517517,24.80723762512207,147.15618896484375,h
34.176937103271484,14.641921997070312,2.4127306938171387,0.5198847651481628,0.3128899931907654,7.502871036529541,3.541106700897217,-0.3933757245540619,52.11917495727539,167.73558044433594,g
70.34296417236328,37.71905517578125,3.311657428741455,0.16670766472816467,0.09942813217639923,-17.512340545654297,39.08722686767578,-1.1587809324264526,33.62734603881836,240.43995666503906,g
34.8795051574707,17.13911247253418,2.79587984085083,0.3602704107761383,0.18616166710853577,11.891048431396484,27.494060516357422,-0.03788787126541138,18.84920883178711,186.19351196289062,g
25.364906311035156,9.295491218566895,2.5446884632110596,0.4791494905948639,0.2737707793712616,9.730926513671875,14.070381164550781,0.0990804135799408,24.24073600769043,183.5994873046875,g
15.283794403076172,9.593376159667969,2.2248153686523438,0.5977993011474609,0.37914639711380005,-7.0242462158203125,-0.8114509582519531,-0.7149171829223633,27.610681533813477,162.5470428466797,g
35.14862823486328,5.195085525512695,2.3769657611846924,0.6780814528465271,0.3609120845794678,-5.4112868309021,-10.560275077819824,1.0433719158172607,52.672271728515625,188.67437744140625,g
46.14403533935547,20.845949172973633,2.9254159927368164,0.27947598695755005,0.15489372611045837,1.185880184173584,38.47454071044922,-0.13543260097503662,13.756998062133789,190.3284454345703,g
48.23169708251953,15.378263473510742,2.7848448753356934,0.37978610396385193,0.21024462580680847,17.015995025634766,17.343795776367188,0.8654896020889282,20.22522735595703,190.8896484375,g
121.90974426269531,65.691162109375,3.191176414489746,0.22846491634845734,0.15209941565990448,-122.87322235107422,-43.33089828491211,0.16682501137256622,37.33770751953125,254.5048370361328,h
77.7445068359375,35.12466049194336,3.2414934635162354,0.21302589774131775,0.11328985542058945,-6.086382865905762,32.45283508300781,-0.25914254784584045,2.4679336547851562,254.35147094726562,g
74.75074768066406,34.47816467285156,3.263843536376953,0.13333526253700256,0.08470827341079712,18.69774627685547,47.506805419921875,0.07267087697982788,9.532392501831055,245.0935516357422,g
66.81546783447266,25.40701675415039,3.151050090789795,0.23163612186908722,0.12746736407279968,-2.6134767532348633,27.431415557861328,-0.2072332799434662,4.428363800048828,220.6781005859375,g
63.437965393066406,31.2772216796875,3.1818623542785645,0.20162886381149292,0.12470608204603195,-2.55649995803833,43.419315338134766,-0.6917345523834229,5.501924514770508,234.12908935546875,g
23.510765075683594,4.546895980834961,2.423482894897461,0.5435357689857483,0.3084447383880615,3.5477709770202637,-1.4227399826049805,0.5534014105796814,27.676286697387695,169.29440307617188,g
62.22938919067383,13.389063835144043,2.8397886753082275,0.32505810260772705,0.17557673156261444,4.291615962982178,-11.256257057189941,1.146990180015564,48.166290283203125,160.23094177246094,g
74.6185302734375,43.714935302734375,3.4322569370269775,0.10774466395378113,0.07821886241436005,-5.665473937988281,62.99467086791992,-1.4271514415740967,-1.9396018981933594,268.80596923828125,g
40.81892013549805,17.828262329101562,2.831240653991699,0.3285963833332062,0.17194581031799316,5.770456790924072,28.641502380371094,0.1073487401008606,17.124439239501953,181.23736572265625,g
35.09095001220703,17.173110961914062,2.7087185382843018,0.4235721528530121,0.20109494030475616,16.161502838134766,11.90955924987793,0.809971809387207,22.06514549255371,141.43267822265625,h
39.09388732910156,8.83685302734375,2.7416529655456543,0.3797924220561981,0.20514580607414246,13.987747192382812,11.220878601074219,0.9677448272705078,23.451133728027344,174.7322998046875,g
33.66039276123047,14.613018035888672,2.5712690353393555,0.42458242177963257,0.2570306658744812,2.5963191986083984,13.847382545471191,-0.34106627106666565,20.326679229736328,175.19232177734375,g
20.954200744628906,5.250698089599609,2.2936582565307617,0.6924169063568115,0.3950808644294739,0.7451596260070801,-0.4231863021850586,0.6780115365982056,26.824291229248047,173.4182891845703,g
39.96079635620117,16.292789459228516,2.8766863346099854,0.30532804131507874,0.1714465320110321,7.411380290985107,26.21263885498047,-0.278004914522171,16.537906646728516,192.9344482421875,g
148.756591796875,62.062156677246094,3.4338951110839844,0.28228726983070374,0.1514422595500946,-118.63986206054688,-67.31924438476562,4.717624664306641,52.72234344482422,207.8175811767578,h
142.7244415283203,39.12022399902344,3.50632643699646,0.2623525857925415,0.1457982361316681,-25.155338287353516,-62.24467849731445,5.217148780822754,52.85875701904297,271.7920227050781,h
61.274269104003906,27.404075622558594,2.896599769592285,0.3395523130893707,0.13993602991104126,-27.47325897216797,-12.236538887023926,1.3683048486709595,52.69660186767578,172.83509826660156,h
14.98153305053711,10.662033081054688,2.280745267868042,0.70794677734375,0.3628469407558441,5.974868297576904,-1.960627555847168,0.784693717956543,27.818899154663086,143.30105590820312,h
60.76838684082031,27.33201789855957,3.1301112174987793,0.19571129977703094,0.09081845730543137,7.896548748016357,30.353057861328125,0.4075997471809387,13.062759399414062,203.36831665039062,g
139.67437744140625,67.89847564697266,3.5764224529266357,0.10154587030410767,0.06161808967590332,-58.381004333496094,2.4395151138305664,2.1882715225219727,35.001468658447266,239.37847900390625,h
27.283782958984375,23.21014976501465,2.898016929626465,0.38150909543037415,0.19622591137886047,-7.980861663818359,5.471945285797119,0.04376089572906494,28.061229705810547,192.05538940429688,h
56.880672454833984,17.567306518554688,2.8305444717407227,0.34496331214904785,0.194765105843544,3.8098502159118652,10.448817253112793,0.38397061824798584,42.58317947387695,154.5711212158203,g
28.846162796020508,13.198114395141602,2.4234261512756348,0.5222864151000977,0.3256359398365021,-14.046266555786133,6.834690093994141,-0.8455747365951538,20.096027374267578,198.74371337890625,g
61.191314697265625,26.165651321411133,3.117760181427002,0.29605579376220703,0.15139195322990417,-4.511367321014404,24.51205825805664,0.6451430320739746,11.589780807495117,210.64810180664062,g
17.748828887939453,5.119112014770508,2.316041946411133,0.6272541284561157,0.3537026047706604,12.139936447143555,-0.15183067321777344,0.7930318713188171,32.20582580566406,177.68699645996094,g
25.628890991210938,8.727823257446289,2.355477809906006,0.6616730690002441,0.3615341782569885,0.7014040946960449,3.37326717376709,0.9011451005935669,26.94868278503418,191.50607299804688,g
57.00212097167969,23.43844985961914,2.876145124435425,0.34718215465545654,0.19520708918571472,-5.355255603790283,21.51276206970215,-0.8786793947219849,34.41496276855469,188.2388153076172,g
32.51546859741211,13.223562240600586,2.6570799350738525,0.3996318578720093,0.2450920045375824,8.509490966796875,17.954246520996094,-0.09567761421203613,22.84836769104004,179.7822265625,g
47.68617248535156,19.341960906982422,2.8017544746398926,0.3530322313308716,0.20365720987319946,11.148443222045898,8.596829414367676,-0.40493521094322205,43.84065246582031,149.20297241210938,h
36.89954376220703,14.932769775390625,2.66914439201355,0.3754144608974457,0.2178775817155838,-0.3773045539855957,16.971364974975586,-0.3454045355319977,18.553916931152344,185.61502075195312,g
141.20916748046875,55.20298767089844,3.7408652305603027,0.05846601724624634,0.05789265036582947,-7.994840621948242,3.9344329833984375,2.554943561553955,38.939430236816406,263.2342224121094,h
41.15962600708008,18.364213943481445,2.7303829193115234,0.4169585704803467,0.20687834918498993,-2.3045051097869873,11.139310836791992,0.8073384761810303,21.763582229614258,181.16253662109375,g
27.31532859802246,10.294377326965332,2.2946114540100098,0.5321276783943176,0.3614106774330139,17.468183517456055,8.158617973327637,-1.1798909902572632,52.74156188964844,185.50314331054688,g
30.756410598754883,16.453994750976562,2.767235279083252,0.3518435060977936,0.208222433924675,5.667418956756592,30.551197052001953,-0.7916965484619141,16.82036590576172,188.34703063964844,g
42.29767990112305,19.338491439819336,2.9013969898223877,0.3068286180496216,0.18407712876796722,4.82562780380249,30.891864776611328,-0.8796995878219604,11.626785278320312,205.6710662841797,g
68.54283142089844,30.399700164794922,3.0424962043762207,0.2876775860786438,0.16629181802272797,-34.27943420410156,18.475576400756836,-0.0408516526222229,7.592334747314453,221.6175994873047,g
154.41702270507812,40.06267547607422,4.116524696350098,0.08324870467185974,0.03273443877696991,6.512547016143799,-33.55644607543945,8.418390274047852,68.92518615722656,240.05026245117188,h
63.155818939208984,29.91659164428711,3.077441453933716,0.19484785199165344,0.1150217056274414,0.24471330642700195,45.06114196777344,-0.2523624002933502,8.42127799987793,215.95364379882812,g
43.53339385986328,15.830438613891602,2.789304494857788,0.5253127813339233,0.27196311950683594,-5.405494689941406,14.986641883850098,1.006032943725586,16.254314422607422,198.11497497558594,g
9.973094940185547,4.16864013671875,2.0993521213531494,0.8994331359863281,0.471626877784729,-5.025490760803223,-3.2095088958740234,1.2397167682647705,29.553085327148438,191.5921630859375,g
23.62154197692871,3.8667259216308594,2.4621355533599854,0.5122705101966858,0.3099837005138397,-6.09609842300415,3.719639778137207,0.08305293321609497,24.429277420043945,163.29115295410156,g
37.93703079223633,8.059736251831055,2.741788625717163,0.3878266513347626,0.201963871717453,6.041478633880615,3.513667106628418,0.8146548271179199,20.91118049621582,145.66302490234375,g
25.511579513549805,11.296693801879883,2.4689643383026123,0.5626643300056458,0.2926463782787323,2.4961800575256348,3.535637855529785,0.6751565337181091,24.37872886657715,140.06668090820312,h
49.554630279541016,19.126815795898438,2.886261224746704,0.33000510931015015,0.17364662885665894,8.932661056518555,24.287067413330078,0.2410527616739273,14.563857078552246,204.9927520751953,g
20.318317413330078,6.781120300292969,2.3277554512023926,0.6839490532875061,0.358752965927124,15.403051376342773,-6.425786018371582,1.6884862184524536,34.7545051574707,167.78761291503906,g
30.52487564086914,13.703585624694824,2.368687391281128,0.5487507581710815,0.3113844096660614,4.076878070831299,-4.896882057189941,-0.17307612299919128,54.71071243286133,162.6435546875,h
93.81886291503906,38.868011474609375,3.3569436073303223,0.13693776726722717,0.03728532791137695,-17.001453399658203,8.681791305541992,1.7443209886550903,40.29193878173828,180.83363342285156,h
66.09086608886719,24.104101181030273,2.8685271739959717,0.3165518641471863,0.176880344748497,-16.64577865600586,2.662292957305908,0.23549209535121918,42.32251739501953,174.9790496826172,h
85.88993072509766,31.429258346557617,2.984639883041382,0.41026589274406433,0.24409648776054382,-34.07389450073242,-12.321333885192871,-0.3749223053455353,31.86948013305664,252.35609436035156,h
68.14895629882812,43.215965270996094,3.281480312347412,0.22655178606510162,0.12283246964216232,-14.324634552001953,27.571861267089844,-1.0405677556991577,36.333370208740234,221.95152282714844,h
66.20844268798828,32.9306526184082,2.743312120437622,0.36565589904785156,0.23734091222286224,-54.7436637878418,-6.285357475280762,-1.7683366537094116,36.330772399902344,231.13636779785156,h
39.550628662109375,8.779973030090332,2.7738547325134277,0.4392596483230591,0.22447329759597778,0.8134455680847168,7.743333339691162,1.061408281326294,18.35390853881836,155.00181579589844,g
31.75864028930664,6.005462646484375,2.3009047508239746,0.903118371963501,0.44518908858299255,-2.8283393383026123,-4.481488227844238,1.5441328287124634,46.572872161865234,192.86643981933594,g
24.750728607177734,17.13320541381836,2.397861957550049,0.5307414531707764,0.2962760031223297,10.754486083984375,1.5191755294799805,0.46077871322631836,29.69029426574707,133.67222595214844,h
23.061233520507812,10.306523323059082,2.2499279975891113,0.7336952686309814,0.3939613401889801,7.496657848358154,-1.5423622131347656,0.3106101453304291,53.62910461425781,170.30857849121094,h
23.04484748840332,9.436256408691406,2.5080840587615967,0.5065605640411377,0.2936323881149292,-8.345600128173828,13.80240249633789,-0.3469792902469635,20.615833282470703,174.76727294921875,g
153.42636108398438,53.788612365722656,3.8279876708984375,0.046641796827316284,0.04529188573360443,-12.272997856140137,-5.691191673278809,3.0046517848968506,35.96521759033203,292.4346923828125,h
78.89720916748047,40.11000442504883,3.3946585655212402,0.13125157356262207,0.04758898913860321,2.5139827728271484,15.636505126953125,0.9908422231674194,43.130855560302734,172.05592346191406,h
36.71377182006836,20.11359977722168,2.537966251373291,0.4218943417072296,0.24389532208442688,12.017133712768555,8.144807815551758,-1.07109797000885,47.13167953491211,160.2362518310547,h
72.00215148925781,38.43956756591797,3.1527884006500244,0.2027875930070877,0.11168542504310608,3.637686252593994,41.549522399902344,-1.362945795059204,29.147275924682617,227.68344116210938,h
96.61576080322266,40.96111297607422,3.2446584701538086,0.1547546237707138,0.07777483761310577,-22.790088653564453,19.589454650878906,0.07468968629837036,31.02198028564453,238.1050262451172,g
54.44537353515625,18.81389617919922,2.9115939140319824,0.294150710105896,0.1535632610321045,8.857364654541016,20.255327224731445,0.8715100288391113,17.816171646118164,183.59828186035156,g
103.10153198242188,45.793678283691406,3.486645221710205,0.12175053358078003,0.08231082558631897,-12.69082260131836,36.92930603027344,0.049075305461883545,-2.5155677795410156,281.07940673828125,g
13.856956481933594,0.8882865905761719,2.2095563411712646,0.7112966179847717,0.4189321994781494,-2.165395736694336,-4.413318634033203,0.670181393623352,31.0867977142334,171.13217163085938,g
5.951324462890625,8.75578784942627,2.0693836212158203,0.7547982931137085,0.4355989694595337,-4.506916046142578,-7.6026506423950195,-0.05957487225532532,31.073326110839844,138.1589813232422,h
79.62843322753906,56.163856506347656,3.359463930130005,0.20709967613220215,0.08918105065822601,-79.32842254638672,35.33036422729492,-0.31940779089927673,33.35798263549805,176.69073486328125,h
79.14327239990234,29.849937438964844,3.1721384525299072,0.25413253903388977,0.13463816046714783,-10.261030197143555,14.46988582611084,0.660500168800354,7.584295272827148,236.4086151123047,g
20.501842498779297,9.252667427062988,2.377819299697876,0.5662890672683716,0.32161110639572144,10.01258659362793,3.2762842178344727,0.2809033989906311,27.77741050720215,154.01632690429688,g
96.07463836669922,36.618743896484375,3.2718143463134766,0.25758662819862366,0.14057230949401855,-34.71615982055664,7.750746250152588,-0.16279998421669006,27.378828048706055,259.4288330078125,h
44.52764129638672,19.399646759033203,2.6590402126312256,0.3771418631076813,0.22664855420589447,1.0050091743469238,3.3471169471740723,-0.6606937646865845,45.00352478027344,140.8230438232422,h
73.23043823242188,26.304840087890625,3.1415412425994873,0.2297092080116272,0.12415962666273117,3.2557787895202637,21.667552947998047,0.4850156009197235,7.818553924560547,221.49195861816406,g
10.743488311767578,6.8308258056640625,2.2697486877441406,0.6646372675895691,0.36022841930389404,12.020275115966797,0.5453987121582031,0.701478123664856,32.73230743408203,155.75653076171875,g
74.15397644042969,63.940330505371094,2.553884983062744,0.5941696166992188,0.3872089684009552,-150.40850830078125,-16.99199676513672,-3.1158459186553955,33.07455825805664,297.0836486816406,h
56.168209075927734,22.581499099731445,3.0511040687561035,0.23846274614334106,0.12822985649108887,9.961223602294922,30.79290771484375,0.003925293684005737,11.001380920410156,205.31954956054688,g
63.73911666870117,20.843881607055664,3.1052565574645996,0.21768106520175934,0.11200527101755142,15.538585662841797,27.747474670410156,0.8678746223449707,13.35572338104248,198.14907836914062,g
100.83915710449219,38.24183654785156,3.2748069763183594,0.2525348663330078,0.11795756965875626,-53.41849136352539,-4.645684242248535,1.342807650566101,35.59021759033203,224.11434936523438,h
28.04062843322754,10.373883247375488,2.3274903297424316,0.5590495467185974,0.37021392583847046,-2.6292457580566406,5.79802131652832,-1.0920324325561523,50.964237213134766,190.48928833007812,g
71.9879150390625,28.71095085144043,3.1249945163726807,0.20666931569576263,0.12097153812646866,0.9912257194519043,24.055362701416016,-0.22963503003120422,6.434270858764648,235.34188842773438,g
28.279279708862305,12.002620697021484,2.2711613178253174,0.8224725127220154,0.4134223461151123,2.0993690490722656,0.6602029800415039,0.7738128900527954,48.38255310058594,180.69656372070312,h
14.257759094238281,6.919938087463379,2.283278465270996,0.6658132076263428,0.3901524543762207,2.0758185386657715,8.508549690246582,-0.1169789731502533,26.33755111694336,189.85394287109375,g
55.77082443237305,18.74277687072754,2.8081905841827393,0.35977548360824585,0.19360406696796417,-5.623794078826904,12.164139747619629,-0.27226462960243225,37.60508346557617,157.25869750976562,g
3.285175323486328,2.8050079345703125,2.029764175415039,0.7035089135169983,0.4444175362586975,9.666280746459961,-9.509110450744629,0.18117958307266235,40.95124816894531,165.5237274169922,g
46.08523941040039,19.065523147583008,2.6064963340759277,0.5111943483352661,0.2750849723815918,4.376098155975342,7.982929229736328,0.031920284032821655,43.205711364746094,154.803466796875,h
46.553348541259766,16.177654266357422,2.815049648284912,0.30676549673080444,0.15872186422348022,18.40869903564453,5.341559886932373,1.2685600519180298,25.975116729736328,162.86337280273438,g
41.530029296875,19.11376953125,2.758739471435547,0.3400888442993164,0.16645744442939758,21.006624221801758,9.494917869567871,0.7539901733398438,23.43567657470703,140.093505859375,h
55.079410552978516,14.812856674194336,2.7036004066467285,0.3999842405319214,0.23095321655273438,4.568604946136475,3.2848730087280273,0.4494088292121887,47.26416778564453,188.6550750732422,g
156.60238647460938,41.572547912597656,3.7115516662597656,0.18805834650993347,0.09127062559127808,-24.86435317993164,-45.89906311035156,4.411932468414307,36.319854736328125,251.65130615234375,h
34.38740158081055,15.656330108642578,2.3966124057769775,0.5817834734916687,0.3247501254081726,12.240697860717773,3.5989108085632324,-0.2074890434741974,50.369667053222656,177.92437744140625,h
75.8829574584961,29.702177047729492,3.2089645862579346,0.16972611844539642,0.07822124660015106,-6.513530731201172,31.095600128173828,0.6184401512145996,7.830028533935547,216.2460174560547,g
96.58935546875,41.028011322021484,3.430450677871704,0.15208998322486877,0.08763481676578522,-13.913272857666016,29.976306915283203,-0.21772661805152893,-2.5113372802734375,279.2427062988281,g
49.93130111694336,25.20848846435547,3.021759033203125,0.2644592225551605,0.13425806164741516,13.895807266235352,44.83163070678711,-0.15060332417488098,11.416337966918945,208.52023315429688,g
65.48457336425781,31.871593475341797,3.1941933631896973,0.18428665399551392,0.12005560845136642,13.059398651123047,53.69021224975586,-0.5998409986495972,6.170963287353516,241.09414672851562,g
38.29672622680664,11.784022331237793,2.678105592727661,0.375713050365448,0.2075226753950119,4.0007500648498535,4.011508464813232,0.7072209715843201,25.22581672668457,166.68710327148438,g
70.42672729492188,35.652366638183594,3.3982951641082764,0.12738236784934998,0.07079295814037323,2.198423385620117,53.68035125732422,-0.054281264543533325,5.345062255859375,232.68435668945312,g
64.88198852539062,19.654212951660156,2.911618232727051,0.3097417950630188,0.18024969100952148,2.8472065925598145,16.55976104736328,-0.5306383371353149,33.695899963378906,187.36912536621094,g
18.477603912353516,5.48188591003418,2.350611686706543,0.5737348794937134,0.3344406485557556,12.953775405883789,1.3117284774780273,0.5441514253616333,31.691001892089844,174.80914306640625,g
63.92970657348633,27.80500602722168,3.1066036224365234,0.21157050132751465,0.09087222814559937,0.006613254547119141,26.355945587158203,0.6961426734924316,12.602143287658691,193.4846649169922,g
73.96511840820312,39.808502197265625,3.3275299072265625,0.11740946769714355,0.08109167218208313,5.872328281402588,58.35186004638672,-0.7775806188583374,3.0022850036621094,253.51254272460938,g
45.66802978515625,21.619386672973633,2.931868076324463,0.3144501745700836,0.1848181188106537,5.107456684112549,40.42873764038086,-0.7599437236785889,8.796745300292969,205.77835083007812,g
50.9533805847168,13.355810165405273,2.736989974975586,0.44480496644973755,0.23838713765144348,6.1332478523254395,11.639849662780762,0.303756982088089,41.370208740234375,180.77215576171875,g
24.47610855102539,8.481529235839844,2.237771987915039,0.8748021125793457,0.4307153820991516,4.337026119232178,-0.4160022735595703,1.2383428812026978,51.61375427246094,196.28939819335938,g
121.44039916992188,52.958160400390625,3.3109130859375,0.20360738039016724,0.14766348898410797,-71.10494995117188,2.392815589904785,0.7512786984443665,33.61949157714844,276.39825439453125,h
79.75326538085938,32.59735870361328,3.2454371452331543,0.25193941593170166,0.14674457907676697,-4.816493034362793,-2.3444137573242188,1.6848137378692627,52.27976608276367,210.43414306640625,h
36.59761047363281,16.687122344970703,2.405294895172119,0.5317315459251404,0.324176162481308,0.6441841125488281,3.2304677963256836,-1.3224289417266846,42.861454010009766,155.83709716796875,h
13.808246612548828,1.9547195434570312,2.2116549015045166,0.6142105460166931,0.39436018466949463,-5.9809746742248535,-7.035025596618652,-0.4193234145641327,28.964807510375977,170.28582763671875,g
44.34998321533203,20.20416259765625,2.8280344009399414,0.3069080710411072,0.16575497388839722,24.711484909057617,20.178184509277344,0.6188712120056152,23.489810943603516,181.87490844726562,g
38.35001754760742,23.548782348632812,2.7107300758361816,0.41009238362312317,0.2161058932542801,2.9749016761779785,24.7918701171875,-1.2244023084640503,39.374794006347656,162.61029052734375,h
37.17804718017578,14.01639461517334,2.493537425994873,0.47794753313064575,0.2985113263130188,8.923929214477539,8.469413757324219,-0.8950382471084595,46.0419807434082,168.1064910888672,g
42.1449089050293,17.564149856567383,2.652081251144409,0.4063491225242615,0.2470705658197403,3.2560315132141113,21.056007385253906,-0.11702868342399597,18.877395629882812,199.12869262695312,g
24.864578247070312,15.396819114685059,2.4877443313598633,0.4765360951423645,0.2567928433418274,12.370365142822266,6.442717552185059,0.28060781955718994,26.627914428710938,134.02032470703125,h
75.01399230957031,41.91053009033203,3.4100141525268555,0.09475085139274597,0.053650349378585815,2.9562950134277344,61.908016204833984,-0.29728057980537415,4.883451461791992,247.67649841308594,g
20.836193084716797,9.22351360321045,2.384458065032959,0.49662527441978455,0.2905787229537964,6.905493259429932,-6.0764875411987305,0.08179408311843872,29.000911712646484,126.30498504638672,h
33.443233489990234,9.908535957336426,2.6409294605255127,0.529607892036438,0.2610836923122406,14.292400360107422,13.128795623779297,1.481594443321228,24.772663116455078,180.9087677001953,g
64.72705078125,17.524826049804688,3.0648396015167236,0.2988676130771637,0.15727390348911285,5.138382434844971,10.368992805480957,0.6819573640823364,40.051780700683594,168.48106384277344,g
97.54733276367188,35.017189025878906,3.1177456378936768,0.3695555329322815,0.245139017701149,-58.31550598144531,-36.274620056152344,-0.2781178653240204,33.47586441040039,279.41192626953125,h
19.131175994873047,11.899250984191895,2.38348126411438,0.6386795043945312,0.3364505469799042,5.738626003265381,5.8884196281433105,0.4296054244041443,24.553911209106445,150.85626220703125,h
38.226234436035156,18.760576248168945,2.68399977684021,0.4174653887748718,0.21480365097522736,-15.452354431152344,10.143674850463867,0.2542608976364136,20.59455108642578,178.74417114257812,g
81.99703216552734,36.17953872680664,3.197381019592285,0.2472771406173706,0.12022761255502701,-32.22746276855469,21.442520141601562,0.676038384437561,6.648141860961914,233.87722778320312,g
128.4228973388672,64.69513702392578,3.4192705154418945,0.19695207476615906,0.09412325173616409,-91.06395721435547,-28.000530242919922,0.9341994524002075,33.82792663574219,244.49082946777344,h
53.19453430175781,31.21181869506836,2.867067813873291,0.2668682932853699,0.13109125196933746,20.009023666381836,17.821144104003906,0.803190290927887,23.638954162597656,158.3526153564453,h
14.582233428955078,4.478771209716797,2.265515089035034,0.7562729120254517,0.39113983511924744,6.51710844039917,-0.6348915100097656,1.2314459085464478,30.20523452758789,184.27696228027344,g
49.859317779541016,17.24153709411621,2.933248519897461,0.2822592854499817,0.1532047539949417,9.196434020996094,22.621631622314453,0.4630548059940338,16.97335433959961,185.1436309814453,g
44.52350616455078,17.33660888671875,2.8281030654907227,0.3615485429763794,0.18543784320354462,13.290260314941406,25.333332061767578,0.4908180236816406,17.18999671936035,194.04672241210938,g
21.17279052734375,21.166440963745117,2.416712522506714,0.43186068534851074,0.261220246553421,9.164020538330078,8.55845832824707,-0.5825748443603516,29.66146469116211,137.36090087890625,h
3.7798690795898438,8.84771728515625,1.9872820377349854,0.8506158590316772,0.4501921534538269,8.810338973999023,-17.22293472290039,1.3168623447418213,39.90098571777344,141.34466552734375,h
44.76804733276367,18.536907196044922,2.8474862575531006,0.34131577610969543,0.18299220502376556,4.82616662979126,26.36318588256836,-0.08362722396850586,14.079691886901855,198.052001953125,g
67.075439453125,25.531967163085938,3.17659330368042,0.26848095655441284,0.1319478452205658,-12.327177047729492,19.81269073486328,0.3064013123512268,5.9749603271484375,210.87083435058594,g
23.68722152709961,10.036134719848633,2.3143463134765625,0.5811754465103149,0.3408467173576355,15.37022590637207,2.652444362640381,-0.48974284529685974,52.78131103515625,148.47943115234375,h
24.063356399536133,15.198490142822266,2.310947895050049,0.6036196947097778,0.337871253490448,8.120569229125977,0.47643375396728516,-0.5192756652832031,53.05250549316406,153.377197265625,h
91.72624206542969,47.83180236816406,3.105125665664673,0.20213410258293152,0.09339442849159241,-63.578468322753906,-2.4767112731933594,-0.9477715492248535,32.207496643066406,254.67135620117188,h
75.1036605834961,34.255027770996094,3.3178672790527344,0.12807044386863708,0.0734097957611084,11.912776947021484,41.63407897949219,0.1385490745306015,8.236106872558594,242.3150634765625,g
60.34431838989258,25.294626235961914,3.143418788909912,0.19309788942337036,0.09011509269475937,8.964546203613281,34.07249069213867,0.41364985704421997,12.579236030578613,199.46170043945312,g
23.15265655517578,11.300238609313965,2.381180763244629,0.5306769609451294,0.3075817823410034,-0.7131814956665039,-4.749333381652832,-0.13221651315689087,24.221826553344727,117.420166015625,h
55.15995788574219,28.845396041870117,3.0798404216766357,0.30216550827026367,0.18591968715190887,-16.371137619018555,26.959537506103516,-1.2320897579193115,37.607643127441406,226.04183959960938,g
27.67522621154785,15.691814422607422,2.6427273750305176,0.39715468883514404,0.22512538731098175,13.055219650268555,15.414092063903809,0.29632827639579773,27.13033103942871,155.79916381835938,g
109.99299621582031,64.5106430053711,3.124298095703125,0.29701778292655945,0.1570790410041809,-128.80970764160156,-36.7787971496582,0.07128021121025085,39.98652648925781,273.31304931640625,h
154.0860137939453,81.81004333496094,3.5500998497009277,0.0824556052684784,0.04949299991130829,-116.92819213867188,-41.52297592163086,1.0343542098999023,35.77595901489258,281.8173522949219,h
40.26338577270508,17.53386688232422,2.6745364665985107,0.40845611691474915,0.22323983907699585,19.107471466064453,9.640355110168457,0.8953372240066528,25.85916519165039,167.67364501953125,g
77.00144958496094,26.29459571838379,3.22086238861084,0.21533940732479095,0.10628676414489746,-4.523462295532227,11.251664161682129,0.8127619028091431,8.229183197021484,218.8340301513672,g
52.53338623046875,19.647876739501953,2.9135842323303223,0.26965802907943726,0.13914915919303894,24.972442626953125,16.654281616210938,0.9971612691879272,22.319252014160156,179.34213256835938,g
37.586856842041016,13.05449390411377,2.733670711517334,0.3734550178050995,0.20107071101665497,4.9710469245910645,6.876392364501953,0.9811568260192871,26.43686866760254,157.7189178466797,g
36.93601989746094,13.694025039672852,2.707413673400879,0.38397645950317383,0.21793438494205475,7.69877290725708,20.998790740966797,0.19754040241241455,20.523731231689453,183.1104278564453,g
8.739089965820312,9.468064308166504,2.2019131183624268,0.6130411624908447,0.3879169821739197,-5.257640361785889,1.558145523071289,-1.1329525709152222,24.96638298034668,119.15330505371094,h
190.28668212890625,86.70748901367188,3.776813507080078,0.05904892086982727,0.05983339250087738,-147.10694885253906,-52.97209167480469,4.002470016479492,44.727928161621094,317.8413391113281,h
42.55244445800781,15.89607048034668,2.5548911094665527,0.49302858114242554,0.2953074276447296,5.691840648651123,7.854396820068359,-0.43650761246681213,44.9867057800293,172.68763732910156,g
46.68524932861328,18.2030029296875,2.892052173614502,0.31780603528022766,0.16688469052314758,16.15815544128418,23.940662384033203,0.7786976099014282,21.043481826782227,190.6471405029297,g
27.582935333251953,7.439026832580566,2.5622763633728027,0.4997275769710541,0.27289098501205444,7.21097993850708,3.677748203277588,0.7515429258346558,25.806291580200195,156.22694396972656,g
54.04202651977539,18.500436782836914,2.9685685634613037,0.2815655767917633,0.14204207062721252,4.31776762008667,19.97613525390625,1.09903883934021,17.436796188354492,172.52122497558594,g
53.66200256347656,11.124578475952148,2.7123281955718994,0.38596758246421814,0.23090209066867828,0.31500959396362305,0.3535490036010742,0.12032875418663025,44.55394744873047,189.6937713623047,g
36.321067810058594,18.303081512451172,2.63796067237854,0.4340322017669678,0.2685675323009491,-9.842900276184082,12.799797058105469,-1.7004660367965698,39.831356048583984,162.3115234375,h
113.2120361328125,48.279937744140625,3.2653675079345703,0.23667331039905548,0.14840072393417358,-47.898529052734375,-5.471585273742676,1.7020087242126465,39.095062255859375,227.9254150390625,h
29.396820068359375,11.036482810974121,2.514432907104492,0.541297972202301,0.2825937867164612,9.36567497253418,6.006749153137207,1.1173675060272217,28.26621437072754,180.5893096923828,g
22.931232452392578,2.8265419006347656,2.3876891136169434,0.5297507643699646,0.3268502354621887,1.2925004959106445,-3.6118736267089844,0.22299045324325562,28.227216720581055,168.99105834960938,g
46.95140838623047,20.873491287231445,2.939918279647827,0.30833783745765686,0.16831143200397491,9.761608123779297,36.55921173095703,-0.2811826169490814,12.151604652404785,208.73777770996094,g
12.686538696289062,9.679303169250488,2.0412404537200928,0.7979178428649902,0.47109517455101013,-2.444066047668457,-6.858183860778809,0.08338221907615662,30.009056091308594,159.34860229492188,h
48.484901428222656,20.266576766967773,2.8356802463531494,0.27307194471359253,0.1666455864906311,29.76441192626953,25.565275192260742,0.5392451882362366,24.097644805908203,204.21539306640625,g
63.365455627441406,20.141494750976562,2.9839584827423096,0.2829839587211609,0.14022129774093628,9.703807830810547,3.5475525856018066,0.485129714012146,42.404239654541016,178.6621551513672,g
35.8381233215332,13.224895477294922,2.612027406692505,0.4427143335342407,0.2409646213054657,6.8351521492004395,7.190702438354492,0.6492176651954651,24.343074798583984,166.75282287597656,g
27.484798431396484,10.14427661895752,2.2863850593566895,0.5757714509963989,0.350801557302475,16.34959602355957,-11.350110054016113,-0.06514143943786621,58.014286041259766,150.14833068847656,h
32.600624084472656,11.476648330688477,2.7620935440063477,0.37763282656669617,0.20174694061279297,9.231678009033203,24.339496612548828,-0.0019369721412658691,18.079496383666992,178.82569885253906,g
65.55220031738281,26.044189453125,3.027533531188965,0.3147122859954834,0.17549854516983032,-2.4739089012145996,19.399593353271484,0.03695404529571533,8.337453842163086,234.78732299804688,g
5.9064788818359375,4.349851608276367,2.0522830486297607,0.8516247272491455,0.4688481390476227,5.9388651847839355,-6.598761558532715,1.0965782403945923,35.48163604736328,175.86822509765625,g
49.21266174316406,20.404808044433594,2.98081111907959,0.28163981437683105,0.13285791873931885,2.1888670921325684,32.99822235107422,0.5313076376914978,14.483484268188477,187.30612182617188,g
46.0267333984375,15.160499572753906,2.8082802295684814,0.34118932485580444,0.19267229735851288,4.961689472198486,17.160207748413086,0.11486810445785522,16.14995765686035,194.36451721191406,g
44.13316345214844,11.010014533996582,2.5440940856933594,0.43472820520401,0.2753918766975403,6.647807598114014,5.059035778045654,-0.8430644273757935,42.860443115234375,170.3543701171875,g
42.22256088256836,20.226062774658203,2.85345721244812,0.3431433141231537,0.17224600911140442,16.1995849609375,22.632003784179688,0.40884265303611755,19.2928466796875,174.41842651367188,g
45.933258056640625,20.846834182739258,3.009784698486328,0.2694280743598938,0.1496884524822235,0.06819534301757812,34.23580551147461,-0.46442845463752747,11.744677543640137,196.82936096191406,g
35.76610565185547,18.77804183959961,2.889148712158203,0.3966767191886902,0.20383569598197937,-4.59279727935791,26.94898223876953,-0.5305112600326538,12.896353721618652,205.1252899169922,g
52.28961181640625,23.499744415283203,3.1250736713409424,0.25377729535102844,0.13075461983680725,0.22850656509399414,39.021278381347656,0.10388213396072388,10.684202194213867,203.60491943359375,g
45.61479187011719,17.279640197753906,2.7769453525543213,0.3601823151111603,0.2128128856420517,7.889079570770264,18.524641036987305,0.2759191393852234,17.12485694885254,163.15573120117188,g
100.45585632324219,33.878719329833984,3.2834203243255615,0.16113099455833435,0.0747261643409729,-3.4950172901153564,-6.061495780944824,1.0237113237380981,35.5163688659668,217.2015838623047,h
41.92189025878906,13.857352256774902,2.7634103298187256,0.40646564960479736,0.21233421564102173,16.58002281188965,15.83340835571289,0.9846286773681641,21.454570770263672,173.9189910888672,g
14.671310424804688,10.109712600708008,2.2424845695495605,0.6300655603408813,0.3668040335178375,7.790537357330322,-2.957991600036621,0.10736672580242157,30.314105987548828,142.3931884765625,h
56.72735595703125,26.5246639251709,2.8675708770751953,0.27986279129981995,0.1449631303548813,-4.082884788513184,13.990409851074219,-0.44122979044914246,41.671653747558594,167.9703369140625,h
30.399703979492188,10.531296730041504,2.3766543865203857,0.5593331456184387,0.34910768270492554,8.269411087036133,7.97653865814209,-0.7400678396224976,51.03754425048828,205.65650939941406,g
51.89402770996094,19.23521614074707,3.039666175842285,0.24307572841644287,0.12981468439102173,15.798137664794922,24.678184509277344,0.5652923583984375,18.53182601928711,198.2708282470703,g
46.81147384643555,19.3035888671875,2.9237496852874756,0.29304641485214233,0.14301154017448425,-0.7779755592346191,26.03498649597168,0.40613001585006714,15.222153663635254,177.5611572265625,g
38.069007873535156,11.50316333770752,2.737781286239624,0.4656101167201996,0.24922296404838562,5.189915180206299,22.976543426513672,0.5567396879196167,16.955867767333984,190.27517700195312,g
71.34078216552734,29.517566680908203,3.1782686710357666,0.17006435990333557,0.07808436453342438,24.90483283996582,15.797089576721191,1.5989136695861816,19.889516830444336,183.44334411621094,g
8.941665649414062,7.09593391418457,2.2900502681732178,0.546471118927002,0.340507447719574,9.8370361328125,5.732513904571533,-0.47721853852272034,32.48406219482422,169.92636108398438,g
49.131996154785156,16.9102783203125,2.7073419094085693,0.4260350465774536,0.23748265206813812,4.302900791168213,10.008489608764648,-0.4874819815158844,39.06587600708008,162.86550903320312,h
50.737098693847656,20.37819480895996,3.0467944145202637,0.27019941806793213,0.13331858813762665,7.985615253448486,33.582210540771484,0.4031740725040436,13.11654281616211,192.9549102783203,g
52.91458511352539,23.33711051940918,2.8548216819763184,0.3357616066932678,0.16407643258571625,1.4728679656982422,15.275481224060059,0.2201768308877945,43.00967788696289,136.08721923828125,h
108.07550811767578,38.78351593017578,3.4007933139801025,0.266640305519104,0.15560436248779297,-20.31800079345703,16.46354103088379,1.2262580394744873,31.10910415649414,260.2389831542969,h
45.784385681152344,21.188884735107422,2.6591310501098633,0.3682567775249481,0.21963874995708466,-2.361567497253418,12.572507858276367,-0.9566043615341187,42.98622131347656,161.14845275878906,h
63.49677276611328,36.63023376464844,2.9890031814575195,0.2773173451423645,0.16347438097000122,-60.891021728515625,17.065086364746094,-1.0397875308990479,6.687273025512695,226.23728942871094,h
83.14730834960938,29.793476104736328,2.962364673614502,0.3212186396121979,0.20534232258796692,-21.306968688964844,10.98678970336914,-0.048063427209854126,34.707740783691406,237.59776306152344,g
55.645591735839844,24.17049217224121,3.098944664001465,0.2179918736219406,0.09673603624105453,-11.977341651916504,33.11726760864258,0.10736101865768433,10.017236709594727,190.2305450439453,g
90.03024291992188,44.79505920410156,3.465883255004883,0.07122090458869934,0.05807782709598541,22.94733428955078,43.50886535644531,0.7893776893615723,12.940834045410156,261.5648193359375,g
43.41149139404297,14.806083679199219,2.905480146408081,0.28997188806533813,0.14885643124580383,12.091861724853516,22.33418083190918,0.522108793258667,18.09955596923828,172.15940856933594,g
34.40874481201172,13.908186912536621,2.549874782562256,0.4793058931827545,0.28014206886291504,-2.214566946029663,11.536886215209961,-0.10023954510688782,18.921283721923828,171.6220703125,g
61.16446304321289,45.82860565185547,2.6601502895355225,0.3921666443347931,0.22729046642780304,-73.96271514892578,-13.417208671569824,-1.177601933479309,45.23699951171875,182.50808715820312,h
32.02190399169922,10.63390827178955,2.344280958175659,0.7291674613952637,0.4017546772956848,0.20412969589233398,1.8210697174072266,0.4962407350540161,51.3353157043457,206.32696533203125,g
36.33260726928711,13.217913627624512,2.775726556777954,0.4597404897212982,0.22649221122264862,-0.8053607940673828,21.609708786010742,0.36980512738227844,14.926128387451172,192.2501220703125,g
30.49278450012207,13.629048347473145,2.6633315086364746,0.43022871017456055,0.2630155682563782,-3.0745186805725098,27.256202697753906,-1.111135721206665,12.37869930267334,184.58258056640625,g
55.67219924926758,25.169031143188477,2.976752996444702,0.29134976863861084,0.15159852802753448,-13.547313690185547,1.9894657135009766,-0.8197237253189087,9.145471572875977,211.32498168945312,g
36.374168395996094,12.15888786315918,2.664726495742798,0.45961812138557434,0.23321500420570374,-11.178915023803711,3.913384437561035,0.6233774423599243,20.81109619140625,176.34405517578125,g
78.09033966064453,27.814308166503906,3.0149075984954834,0.30608415603637695,0.18781086802482605,-21.770774841308594,1.3005437850952148,-0.3635586202144623,34.114280700683594,213.6311492919922,h
36.379737854003906,18.598745346069336,2.7437493801116943,0.34843429923057556,0.20427721738815308,20.212106704711914,21.66567611694336,0.19578498601913452,24.818328857421875,186.1671142578125,g
80.47257232666016,39.626731872558594,3.2750589847564697,0.18676318228244781,0.1356399655342102,-17.906906127929688,47.048492431640625,-1.1655902862548828,-2.1220035552978516,263.9659423828125,g
62.004859924316406,27.744121551513672,3.3398709297180176,0.20856693387031555,0.10040722787380219,-7.9804368019104,41.1353874206543,-0.08928415179252625,5.036825180053711,218.29345703125,g
38.998348236083984,20.125526428222656,2.6895534992218018,0.3410660922527313,0.20182520151138306,2.0216212272644043,23.963186264038086,-1.20792818069458,44.45299530029297,181.23455810546875,g
35.834136962890625,17.107385635375977,2.6158559322357178,0.4253080487251282,0.2486231029033661,8.784486770629883,14.483907699584961,-0.8642497062683105,47.05943298339844,183.43661499023438,g
92.5582275390625,46.978389739990234,3.1979737281799316,0.17231915891170502,0.07381054759025574,-30.622787475585938,20.668903350830078,-0.4652072489261627,28.794343948364258,200.58670043945312,h
15.490615844726562,9.200077056884766,2.1099205017089844,0.766201913356781,0.4514533281326294,-5.242010593414307,-7.320834159851074,0.10958768427371979,27.137361526489258,149.987548828125,h
71.29464721679688,28.700090408325195,3.082495927810669,0.23108375072479248,0.1501137614250183,2.95205020904541,27.729568481445312,-0.35831424593925476,6.5749053955078125,241.44288635253906,g
74.380859375,26.201650619506836,3.1831209659576416,0.2760666608810425,0.13465169072151184,-2.9569613933563232,20.08017349243164,0.8514928817749023,7.576318740844727,221.74636840820312,g
23.878023147583008,5.410139083862305,2.448704719543457,0.5948123335838318,0.3316676914691925,0.5407233238220215,5.300797939300537,0.388871967792511,22.148502349853516,172.93568420410156,g
38.24404525756836,14.672773361206055,2.834514856338501,0.33750754594802856,0.18416893482208252,14.050416946411133,23.7247257232666,0.40629035234451294,20.799598693847656,184.21954345703125,g
61.205814361572266,27.39142608642578,3.1366724967956543,0.22999994456768036,0.11382319033145905,20.49225616455078,33.8242073059082,0.6917116641998291,15.847967147827148,215.53652954101562,g
70.169921875,26.199127197265625,3.1753997802734375,0.19182978570461273,0.08928869664669037,-3.8571465015411377,18.217130661010742,0.4413481056690216,10.309438705444336,219.09857177734375,g
20.906761169433594,8.617100715637207,2.47039532661438,0.49516886472702026,0.30751025676727295,5.768397808074951,12.740228652954102,-0.48173800110816956,23.92189598083496,167.28050231933594,g
10.07686996459961,0.8783416748046875,2.206963539123535,0.6338549852371216,0.4009150266647339,-3.5960235595703125,-5.384801864624023,-0.35260382294654846,29.4036808013916,161.73333740234375,g
70.89602661132812,29.903581619262695,3.025420665740967,0.3047565221786499,0.16759371757507324,-25.612701416015625,2.560473918914795,-0.5395574569702148,6.57611083984375,249.22679138183594,g
11.209251403808594,5.563871383666992,2.116410732269287,0.6733913421630859,0.4143827259540558,4.409839153289795,-16.533870697021484,0.0996675193309784,34.003448486328125,125.59782409667969,h
20.943897247314453,12.92351245880127,2.403947114944458,0.5784658193588257,0.2997475862503052,5.417148113250732,6.516197681427002,0.5862136483192444,28.336755752563477,170.7422332763672,g
42.84428405761719,16.564815521240234,2.7405800819396973,0.35535043478012085,0.18862774968147278,5.769437313079834,6.457832336425781,0.7503464221954346,22.909908294677734,161.4616241455078,g
39.64189147949219,21.52444839477539,2.622521162033081,0.3830159306526184,0.24025291204452515,11.602266311645508,19.484838485717773,-1.419772982597351,43.34370422363281,166.6553955078125,h
84.33891296386719,22.788423538208008,3.1422691345214844,0.3781281113624573,0.1733912229537964,-6.949151039123535,0.6444501876831055,1.7376259565353394,35.020469665527344,209.5472412109375,g
50.03789520263672,23.428451538085938,3.0834290981292725,0.2797278165817261,0.135425865650177,0.8589382171630859,45.465919494628906,-0.18142619729042053,7.084482192993164,203.60586547851562,g
32.38713073730469,18.238401412963867,2.485539436340332,0.4320281147956848,0.2661621570587158,11.011188507080078,9.369131088256836,-1.3354663848876953,48.655982971191406,165.27859497070312,h
37.00157165527344,14.490965843200684,2.865495443344116,0.3635570704936981,0.2001631259918213,-2.227466344833374,27.905567169189453,-0.5141769647598267,12.08753776550293,190.35379028320312,g
115.95392608642578,51.77669906616211,3.4898581504821777,0.10521820187568665,0.08089695870876312,-38.57653045654297,31.33531951904297,0.8086632490158081,-0.7359619140625,275.2218017578125,g
75.42426300048828,37.202247619628906,3.2935876846313477,0.14080867171287537,0.0906243845820427,15.767501831054688,50.6467399597168,-0.07648476958274841,7.539281845092773,239.93203735351562,g
19.644947052001953,5.0386810302734375,2.3985488414764404,0.6628486514091492,0.3582194745540619,3.6641430854797363,8.17427921295166,0.6771649122238159,24.7459716796875,182.5387420654297,g
47.873146057128906,20.04810333251953,2.936582088470459,0.294146865606308,0.15426258742809296,8.116716384887695,30.60293197631836,0.01770806312561035,13.781698226928711,202.51461791992188,g
89.85580444335938,40.14179992675781,3.4392318725585938,0.08559581637382507,0.05504731833934784,17.224849700927734,42.1473388671875,0.8033424019813538,10.306171417236328,252.8203887939453,g
23.44674301147461,10.973030090332031,2.4651570320129395,0.569452702999115,0.3382088541984558,-1.3907272815704346,14.525764465332031,-0.15691480040550232,22.62456512451172,189.95181274414062,g
27.4999942779541,17.668819427490234,2.606985569000244,0.37145745754241943,0.20901577174663544,24.22759246826172,11.220703125,0.18681462109088898,28.96889305114746,131.7771453857422,h
21.811365127563477,5.815956115722656,2.3648412227630615,0.554293692111969,0.3485064208507538,3.817060947418213,3.3075037002563477,-0.20771929621696472,25.565385818481445,167.1723175048828,g
61.41419219970703,35.02325439453125,3.369504928588867,0.16335304081439972,0.07961961627006531,-2.9207894802093506,48.407196044921875,-0.5471742153167725,6.289546966552734,228.0819091796875,g
62.059234619140625,25.37995719909668,3.116786003112793,0.24268603324890137,0.1392717808485031,4.465811252593994,35.20244216918945,0.47456812858581543,11.035865783691406,201.45504760742188,g
56.93368148803711,30.53529930114746,2.8200695514678955,0.3965308964252472,0.23715364933013916,-47.46294403076172,5.725098133087158,-0.4131043255329132,13.645859718322754,226.7601776123047,h
17.639328002929688,7.378532409667969,2.2982256412506104,0.5587152242660522,0.35681846737861633,10.858283996582031,5.3443284034729,-0.3223361670970917,29.943063735961914,180.2993927001953,g
57.6525993347168,21.53011131286621,2.8267109394073486,0.4180077314376831,0.2180669754743576,-18.05810546875,12.687447547912598,0.5202751159667969,12.52439022064209,211.8110809326172,g
63.59993362426758,28.203834533691406,3.1628735065460205,0.18279419839382172,0.09240665286779404,7.509667873382568,37.921226501464844,0.04789939522743225,10.160074234008789,217.06407165527344,g
49.64580154418945,16.232528686523438,2.908220052719116,0.28421539068222046,0.14607933163642883,6.132748126983643,19.463871002197266,0.6935642957687378,17.836322784423828,174.51011657714844,g
35.95995330810547,16.009763717651367,2.7408783435821533,0.38468071818351746,0.22822205722332,6.287583827972412,28.773170471191406,-0.5075033903121948,15.53014087677002,184.83245849609375,g
188.85484313964844,62.61207580566406,3.789046287536621,0.16597089171409607,0.10740227997303009,-109.079345703125,-102.7601318359375,7.654731273651123,67.09801483154297,267.6276550292969,h
40.24139404296875,10.452154159545898,2.6696949005126953,0.4290408194065094,0.23654404282569885,1.9800267219543457,6.431157112121582,0.7148932814598083,20.838056564331055,166.97117614746094,g
41.84245300292969,18.897462844848633,2.762596368789673,0.38002946972846985,0.21353541314601898,14.212213516235352,29.798046112060547,0.032753050327301025,16.935813903808594,193.2862091064453,g
33.95191192626953,13.040445327758789,2.5801897048950195,0.45022934675216675,0.2323565036058426,7.28071928024292,-4.634982109069824,1.052712321281433,28.388065338134766,145.0054168701172,g
65.57308959960938,36.29290771484375,3.2759060859680176,0.15274827182292938,0.09199856966733932,4.334499835968018,47.90589141845703,-0.6897681951522827,6.353843688964844,233.77874755859375,g
43.658477783203125,21.62726402282715,3.053657054901123,0.2513895630836487,0.1267736852169037,0.044843196868896484,42.83403396606445,-0.585688591003418,9.195507049560547,195.68797302246094,g
61.07624816894531,28.27490997314453,3.1728477478027344,0.21757084131240845,0.1303834617137909,7.298861980438232,47.68088150024414,-0.13653051853179932,9.474777221679688,225.07275390625,g
18.342365264892578,8.903096199035645,2.3054938316345215,0.6810981035232544,0.36549311876296997,4.472370624542236,2.340456962585449,0.7376680374145508,27.629085540771484,166.77023315429688,g
39.2928466796875,16.10352897644043,2.867973804473877,0.368775874376297,0.18630391359329224,8.828561782836914,23.815963745117188,0.4301103353500366,18.406227111816406,192.770263671875,g
52.785850524902344,21.597482681274414,2.9118592739105225,0.27575868368148804,0.15794214606285095,7.093702793121338,24.380962371826172,-0.9370836019515991,38.944480895996094,199.56723022460938,g
42.47673034667969,21.380552291870117,2.7295329570770264,0.3835383951663971,0.17937007546424866,12.653268814086914,3.5155744552612305,1.4401354789733887,27.157564163208008,137.4764404296875,h
106.33889770507812,57.03028106689453,3.1717529296875,0.1498607099056244,0.09908289462327957,-57.64440155029297,5.541848659515381,-0.11872655153274536,36.94383239746094,249.86434936523438,h
32.26154708862305,14.707695960998535,2.720733404159546,0.3909004330635071,0.20591972768306732,3.2011499404907227,27.81570053100586,-0.06470835208892822,18.37296485900879,184.86705017089844,g
60.237186431884766,24.70226287841797,3.161818265914917,0.21588850021362305,0.11255284398794174,2.578052520751953,38.52595138549805,-0.21082672476768494,6.990257263183594,216.03564453125,g
14.817703247070312,10.02005672454834,2.286435604095459,0.5487353205680847,0.3567504286766052,9.367420196533203,5.8244757652282715,-0.710868239402771,28.947898864746094,154.97279357910156,g
45.968807220458984,22.618793487548828,2.864508628845215,0.26257649064064026,0.15950718522071838,20.184843063354492,31.942962646484375,-0.30319491028785706,18.648780822753906,202.33441162109375,g
57.437015533447266,20.875661849975586,2.6967339515686035,0.4221789240837097,0.251555472612381,-9.227282524108887,9.478891372680664,-0.34194889664649963,39.117469787597656,178.4064483642578,g
45.63355255126953,23.406309127807617,2.8279941082000732,0.2929486036300659,0.15690363943576813,22.691617965698242,14.156621932983398,0.4886611998081207,23.22066879272461,151.28236389160156,h
85.93782806396484,29.277639389038086,3.2401533126831055,0.17017078399658203,0.08286385238170624,0.014629364013671875,3.005342960357666,0.5687873363494873,7.90123176574707,239.01446533203125,g
81.04486083984375,28.178733825683594,3.2330048084259033,0.1986408680677414,0.09733735024929047,-6.294372081756592,8.401031494140625,0.4565354883670807,5.724390029907227,233.97731018066406,g
79.689453125,43.31324005126953,2.837895393371582,0.4086337089538574,0.2416049987077713,-84.12775421142578,-20.99850845336914,0.5660609602928162,47.018192291259766,210.69972229003906,h
27.286014556884766,11.183638572692871,2.4877400398254395,0.488407164812088,0.2791675329208374,1.6555161476135254,-0.6340360641479492,0.48148638010025024,26.859119415283203,133.66873168945312,g
55.96851348876953,16.157224655151367,2.891923189163208,0.33325329422950745,0.18464821577072144,-3.8977057933807373,4.840453624725342,0.46137410402297974,13.297993659973145,185.93423461914062,g
76.71459197998047,34.0977897644043,3.3994252681732178,0.12877929210662842,0.061239615082740784,5.098334789276123,35.129940032958984,0.7980487942695618,10.125017166137695,230.01304626464844,g
8.259403228759766,8.665727615356445,2.113133430480957,0.7387405633926392,0.4172191619873047,2.3250632286071777,-8.736750602722168,0.539969801902771,33.5865364074707,129.25311279296875,h
55.985225677490234,23.388282775878906,2.776831865310669,0.43413087725639343,0.23858918249607086,-20.571308135986328,11.694141387939453,0.21665622293949127,12.39179515838623,219.7504119873047,g
16.49356460571289,5.73497200012207,2.1420047283172607,0.6492874622344971,0.40717583894729614,-13.916543960571289,-10.303311347961426,-1.2656517028808594,54.303993225097656,183.00784301757812,g
84.70448303222656,34.04880905151367,3.238873243331909,0.19773748517036438,0.13814881443977356,3.851166248321533,33.31727600097656,-0.008535206317901611,4.952791213989258,258.7208557128906,g
106.86431884765625,48.826507568359375,3.3722805976867676,0.15056733787059784,0.07694518566131592,-67.1755599975586,6.973604202270508,0.2419225424528122,29.299072265625,246.37510681152344,h
38.07062530517578,13.984100341796875,2.667522430419922,0.39584532380104065,0.22897344827651978,7.622064113616943,12.524288177490234,0.0994856059551239,19.604557037353516,159.25454711914062,g
68.51785278320312,27.09609603881836,3.1007704734802246,0.2347787618637085,0.12856724858283997,-1.0685276985168457,24.19240951538086,-0.21349510550498962,6.513280868530273,225.84921264648438,g
56.900386810302734,21.868022918701172,3.028498649597168,0.24169360101222992,0.11343501508235931,14.600191116333008,26.118619918823242,0.558623194694519,14.428497314453125,191.49119567871094,g
61.961387634277344,28.29210090637207,3.1571996212005615,0.2461676150560379,0.16014446318149567,-14.776493072509766,39.791805267333984,-1.9162646532058716,26.46886444091797,221.87371826171875,g
74.63186645507812,35.52554702758789,3.393117904663086,0.149241104722023,0.07865239679813385,-13.469831466674805,36.997657775878906,-0.4591083824634552,1.7569904327392578,242.2961883544922,g
34.54694366455078,9.347999572753906,2.7301700115203857,0.3453712463378906,0.1878529042005539,22.893905639648438,9.647656440734863,1.1232002973556519,28.843891143798828,162.22242736816406,g
29.426023483276367,14.706697463989258,2.625525712966919,0.4244667589664459,0.23729084432125092,14.632173538208008,11.642091751098633,0.3845394253730774,28.170381546020508,178.5595245361328,g
30.23345375061035,12.270292282104492,2.449411630630493,0.5162694454193115,0.3123890161514282,-4.063212871551514,6.481359004974365,-0.26992908120155334,22.89631462097168,191.71304321289062,g
49.28904724121094,23.83171272277832,2.8364827632904053,0.315157026052475,0.15959051251411438,2.0092921257019043,16.753448486328125,0.29567739367485046,17.768569946289062,171.4554901123047,g
25.353681564331055,8.061284065246582,2.3824779987335205,0.5684114694595337,0.3380816578865051,-2.739119052886963,2.1005325317382812,0.2047557383775711,25.62103271484375,177.67523193359375,g
14.825695037841797,8.982596397399902,2.306574821472168,0.5598829984664917,0.33562979102134705,-3.1427969932556152,2.3978538513183594,-0.4354029595851898,28.152334213256836,162.08602905273438,g
30.166160583496094,10.201974868774414,2.5752217769622803,0.47501838207244873,0.2739638388156891,10.85467529296875,13.95199203491211,0.2783980369567871,23.388450622558594,187.0214080810547,g
61.51511764526367,27.774551391601562,3.0096867084503174,0.31975480914115906,0.1619250625371933,-30.868305206298828,0.11107444763183594,-0.12379521131515503,11.55981159210205,222.40269470214844,g
106.56185150146484,36.176856994628906,3.322143316268921,0.22050271928310394,0.13027969002723694,-29.980913162231445,-24.883800506591797,0.4780793786048889,34.62630844116211,270.133056640625,h
94.76216888427734,42.214012145996094,3.3795745372772217,0.12965863943099976,0.08985762298107147,-15.566394805908203,27.72893524169922,-0.5633413791656494,-0.23316192626953125,278.98516845703125,g
105.41908264160156,37.807899475097656,3.396026611328125,0.2327355295419693,0.11888875812292099,-36.907405853271484,-17.79729461669922,1.2228811979293823,36.348426818847656,245.96763610839844,h
80.46037292480469,35.86042022705078,3.2632219791412354,0.24034999310970306,0.13076838850975037,-5.285984516143799,38.24578094482422,-0.07710593938827515,1.5488166809082031,258.09130859375,g
49.2615966796875,19.39196014404297,2.6785993576049805,0.3778155744075775,0.22169457376003265,-9.453472137451172,7.045930862426758,-0.6689846515655518,41.99677276611328,166.10507202148438,g
21.32337188720703,2.6729183197021484,2.4922025203704834,0.5652462244033813,0.31557929515838623,-0.72371506690979,5.488687038421631,0.38828715682029724,22.58356285095215,157.43592834472656,g
43.53765106201172,16.650365829467773,2.9074785709381104,0.32605212926864624,0.16798196732997894,9.546854019165039,29.848907470703125,0.29365238547325134,15.155315399169922,189.23532104492188,g
51.18124008178711,19.99427032470703,2.880678415298462,0.2836047112941742,0.15091432631015778,-2.440581798553467,15.46064567565918,0.28001153469085693,16.403640747070312,185.45298767089844,g
38.13333511352539,13.031411170959473,2.8601386547088623,0.3334868252277374,0.1701825112104416,12.23635482788086,23.118249893188477,0.5214649438858032,19.31637191772461,165.4009552001953,g
69.63252258300781,44.554603576660156,3.50882625579834,0.1456088274717331,0.08598779141902924,-26.63786506652832,44.40093231201172,-0.37256208062171936,9.45831298828125,255.32916259765625,h
84.61050415039062,43.58282470703125,3.2478652000427246,0.16254740953445435,0.08274930715560913,-28.846435546875,5.935896873474121,-0.7091100215911865,4.027505874633789,233.45947265625,h
55.43789291381836,27.769271850585938,3.165687084197998,0.192191019654274,0.09980850666761398,4.7522807121276855,49.31095504760742,-0.7627805471420288,6.066658020019531,219.21658325195312,g
64.20845031738281,31.952075958251953,3.1856892108917236,0.17192140221595764,0.08107635378837585,-7.541842460632324,43.31325149536133,0.06432241201400757,8.442224502563477,206.87400817871094,g
42.20240020751953,14.3370361328125,2.556820869445801,0.4652039408683777,0.30578097701072693,3.5812573432922363,21.9633731842041,-1.385239601135254,40.08598709106445,207.41766357421875,g
81.04991149902344,28.359325408935547,3.0658037662506104,0.3106781840324402,0.17999766767024994,-14.487045288085938,14.675585746765137,-0.6713502407073975,27.444074630737305,232.36663818359375,g
16.104583740234375,7.140711784362793,2.2650365829467773,0.6131963729858398,0.37047964334487915,-4.469003200531006,0.6192541122436523,-0.13220465183258057,29.212818145751953,182.63381958007812,g
-1.428680419921875,3.958110809326172,2.1093311309814453,0.6991485953330994,0.4267391562461853,-2.726166248321533,9.174765586853027,-1.1609441041946411,27.298063278198242,172.5830535888672,g
76.80038452148438,40.01036071777344,3.358729839324951,0.1156817078590393,0.08168001472949982,9.956382751464844,57.99837875366211,-0.5727773904800415,3.402376174926758,258.9762268066406,g
29.578632354736328,10.457535743713379,2.3740315437316895,0.5211874842643738,0.32408177852630615,18.91651153564453,6.64993143081665,-0.5566741228103638,53.71188735961914,185.02410888671875,g
53.03094482421875,21.602216720581055,3.0938398838043213,0.3267822861671448,0.15003043413162231,-3.6556849479675293,32.95283508300781,0.4450110197067261,8.212635040283203,198.44337463378906,g
160.94729614257812,101.54606628417969,3.4581785202026367,0.06436395645141602,0.06154237687587738,-190.54066467285156,-60.30393600463867,-0.6825226545333862,37.698944091796875,375.93804931640625,h
59.45191192626953,27.350624084472656,3.142662286758423,0.19646716117858887,0.09727228432893753,8.565803527832031,45.74354553222656,-0.10963079333305359,8.84388542175293,215.18463134765625,g
82.34822082519531,34.932342529296875,3.1485304832458496,0.20766685903072357,0.10347229242324829,-34.363128662109375,10.382054328918457,-0.008749127388000488,34.56782150268555,214.7517852783203,g
110.09788513183594,47.08833694458008,3.1131856441497803,0.4801468253135681,0.22718670964241028,-70.46063232421875,-31.84809112548828,3.0650601387023926,44.680503845214844,262.9004211425781,h
46.736572265625,20.796859741210938,2.9153785705566406,0.2566789388656616,0.13626815378665924,6.379915714263916,29.03237533569336,0.12478499114513397,17.988800048828125,190.99302673339844,g
53.33667755126953,28.828725814819336,3.1372976303100586,0.23617875576019287,0.13380709290504456,0.3360161781311035,42.28599548339844,-0.7159088850021362,9.079719543457031,224.68572998046875,g
14.510871887207031,8.484781265258789,2.3496522903442383,0.6228740215301514,0.3417404294013977,0.030651569366455078,3.904378890991211,-0.06703773140907288,24.391775131225586,148.69850158691406,h
69.32475280761719,37.17381286621094,3.398756980895996,0.1207171082496643,0.07036297023296356,-4.70083475112915,56.48765182495117,-0.9575372934341431,1.2976646423339844,245.43060302734375,g
79.1218490600586,39.800682067871094,3.3918440341949463,0.10535204410552979,0.07219277322292328,13.250272750854492,55.67880630493164,-0.1125732958316803,5.436025619506836,254.1111602783203,g
15.070423126220703,6.726839065551758,2.3585503101348877,0.5557631254196167,0.3134748339653015,11.516586303710938,-3.265674591064453,0.3788380026817322,31.398164749145508,145.86056518554688,g
80.24443054199219,30.59783935546875,3.1590499877929688,0.2052733302116394,0.10800472646951675,-7.855197429656982,-18.883785247802734,-0.05130356550216675,11.358757019042969,260.55169677734375,g
32.402809143066406,14.694662094116211,2.796882390975952,0.33572033047676086,0.18957531452178955,8.694450378417969,28.653827667236328,-0.27265867590904236,18.54026985168457,179.1422576904297,g
21.36162757873535,6.059812545776367,2.3414201736450195,0.5406643152236938,0.3345855176448822,2.2213282585144043,-3.6057024002075195,-0.007959365844726562,28.523853302001953,158.51596069335938,g
14.291481018066406,3.9397449493408203,2.0499472618103027,0.7266460657119751,0.45776891708374023,1.1812844276428223,-11.978514671325684,-0.43779560923576355,60.55775833129883,179.5732421875,g
114.14321899414062,40.616294860839844,3.3847098350524902,0.12122493982315063,0.08104662597179413,-9.623274803161621,-27.372142791748047,0.9584647417068481,38.31873321533203,248.4238739013672,h
100.22119140625,42.648189544677734,3.3693490028381348,0.1628832221031189,0.08780072629451752,-7.518080711364746,2.0498428344726562,0.890724778175354,36.17729187011719,205.67181396484375,h
106.45560455322266,51.42913818359375,3.7296371459960938,0.12535697221755981,0.07493411004543304,-34.85536193847656,15.543980598449707,1.2200367450714111,35.851158142089844,244.53659057617188,h
18.17132568359375,17.389495849609375,2.4035584926605225,0.46642154455184937,0.2811600863933563,24.050138473510742,11.57611083984375,-0.3918757736682892,31.226093292236328,147.44862365722656,h
31.626127243041992,9.095791816711426,2.683319330215454,0.42381665110588074,0.23204293847084045,4.056681156158447,16.591657638549805,0.24128654599189758,20.175495147705078,175.6892547607422,g
53.96818923950195,29.44906997680664,2.7526907920837402,0.32745787501335144,0.16589154303073883,-12.593351364135742,2.578113555908203,-0.7241619825363159,42.519691467285156,154.30294799804688,h
43.90563201904297,14.155976295471191,2.5947768688201904,0.4300278425216675,0.26055532693862915,19.926837921142578,9.099161148071289,0.23080550134181976,52.52558898925781,192.86318969726562,g
48.8542366027832,24.995790481567383,3.174227237701416,0.2610483765602112,0.1303723156452179,-10.37982177734375,32.99009323120117,-0.034760504961013794,11.636638641357422,202.3227996826172,g
78.88365936279297,32.84100341796875,3.2444188594818115,0.20386755466461182,0.12796272337436676,-2.0430009365081787,34.30034637451172,-0.25105980038642883,3.531240463256836,251.9215850830078,g
45.00644302368164,37.55732727050781,2.6613235473632812,0.42379963397979736,0.19697099924087524,-49.07670211791992,0.4738349914550781,-1.3879612684249878,42.39122009277344,182.4130096435547,h
18.04428482055664,10.34278678894043,2.3939881324768066,0.6371840834617615,0.31909334659576416,12.748197555541992,4.563045501708984,0.9011238813400269,28.528038024902344,161.2835693359375,g
28.04252815246582,9.459024429321289,2.605956554412842,0.4331134855747223,0.24694252014160156,8.982769012451172,11.831087112426758,0.12008897960186005,23.15612030029297,168.40660095214844,g
55.28268051147461,26.161251068115234,2.9679839611053467,0.22928035259246826,0.13541534543037415,9.698265075683594,33.3952751159668,-1.384729027748108,37.23832321166992,215.9033660888672,g
5.559299468994141,6.876477241516113,2.0689666271209717,0.77437424659729,0.4321959614753723,4.056204319000244,-11.702271461486816,0.7630609273910522,36.260475158691406,132.94569396972656,h
17.16144561767578,9.490954399108887,2.4151129722595215,0.50259929895401,0.2959767282009125,11.786840438842773,4.540817737579346,-0.08358103036880493,28.480995178222656,141.51087951660156,g
40.28506088256836,9.314741134643555,2.5958495140075684,0.4946092367172241,0.2729707360267639,8.166696548461914,2.70367431640625,0.36262047290802,48.923648834228516,175.24713134765625,g
63.531829833984375,29.530311584472656,3.1627542972564697,0.1908612698316574,0.113280288875103,15.274072647094727,37.36030960083008,-0.09321942925453186,11.487167358398438,232.98390197753906,g
30.844026565551758,11.375409126281738,2.5760629177093506,0.41300880908966064,0.23955266177654266,16.430051803588867,9.367137908935547,0.5789762735366821,29.062788009643555,170.3896942138672,g
146.2481231689453,51.71723175048828,3.591327428817749,0.15398339927196503,0.10962258279323578,-57.55860137939453,-11.417983055114746,2.7739784717559814,33.82325744628906,251.1138916015625,h
62.96702575683594,24.85573387145996,3.138704776763916,0.24862469732761383,0.12460596114397049,5.583944797515869,36.324588775634766,0.504868745803833,8.993043899536133,211.22007751464844,g
47.26923751831055,16.452791213989258,2.7326321601867676,0.4597807824611664,0.21059435606002808,6.377872943878174,7.163314342498779,0.27179235219955444,39.98263168334961,150.08926391601562,h
41.25658416748047,16.08553695678711,2.9114062786102295,0.3251032531261444,0.1591283679008484,-8.388087272644043,19.36603355407715,0.8267084360122681,19.181671142578125,156.68798828125,g
21.78658676147461,9.451236724853516,2.3697996139526367,0.5361894369125366,0.35215771198272705,11.824718475341797,10.678078651428223,-0.32146933674812317,28.760337829589844,190.3989715576172,g
69.92034912109375,31.039508819580078,3.234473466873169,0.1603803038597107,0.09309826791286469,15.736358642578125,43.29319381713867,0.13422688841819763,9.747356414794922,227.16941833496094,g
22.24629020690918,7.149348258972168,2.421980619430542,0.5087477564811707,0.3073781728744507,2.4172797203063965,1.9012384414672852,-0.03923216462135315,25.585140228271484,144.0120391845703,g
41.31197738647461,17.44460678100586,2.8052985668182373,0.3261692523956299,0.17415282130241394,19.344499588012695,15.870874404907227,0.6920664310455322,23.74181365966797,161.402587890625,g
39.7421875,37.43002700805664,2.7446882724761963,0.3532496690750122,0.2312096506357193,-48.21828079223633,24.492918014526367,-1.686635136604309,48.27081298828125,198.16064453125,h
44.33599853515625,19.7304630279541,2.9333081245422363,0.2607109546661377,0.14397016167640686,13.310356140136719,37.22245788574219,-0.11116912961006165,15.631291389465332,190.51470947265625,g
34.56598663330078,13.381843566894531,2.714491128921509,0.505126953125,0.24657489359378815,7.157653331756592,14.627204895019531,0.9851193428039551,20.3685302734375,174.75753784179688,g
31.333816528320312,14.667072296142578,2.429152011871338,0.6427563428878784,0.3529510498046875,-1.406400203704834,8.847549438476562,-0.1931222379207611,47.064666748046875,187.09275817871094,g
26.979175567626953,11.036840438842773,2.4490151405334473,0.5584568977355957,0.3148652911186218,-5.670740127563477,7.553850173950195,0.1670844703912735,22.466049194335938,172.17630004882812,g
31.866296768188477,17.200326919555664,2.49755859375,0.4747679829597473,0.2850115895271301,5.859175205230713,10.437820434570312,-0.11611321568489075,22.3289794921875,145.8600311279297,h
41.31278991699219,14.463847160339355,2.893929958343506,0.30594927072525024,0.1564897894859314,8.604547500610352,24.545406341552734,0.20777848362922668,15.75615119934082,166.7576904296875,g
49.47914505004883,25.634565353393555,2.8682048320770264,0.3295723497867584,0.17783252894878387,4.40700101852417,38.8310661315918,-0.05883896350860596,13.665706634521484,211.67007446289062,g
44.054473876953125,17.389421463012695,2.84578013420105,0.32860714197158813,0.17829479277133942,15.830856323242188,10.773514747619629,0.6265268325805664,23.29076385498047,178.81890869140625,g
67.7113037109375,33.69402313232422,3.050279378890991,0.19040066003799438,0.09371974319219589,6.675974369049072,19.958423614501953,0.9253494739532471,18.339996337890625,169.5813446044922,h
45.1736946105957,24.418212890625,3.0613720417022705,0.3062286972999573,0.17351573705673218,-23.061079025268555,33.87535095214844,-0.8872798681259155,8.214677810668945,204.22708129882812,g
77.07279968261719,30.397363662719727,2.768876552581787,0.6369569301605225,0.31382477283477783,-37.19690704345703,-1.976151466369629,1.6541296243667603,38.270179748535156,215.64419555664062,h
45.55845642089844,21.209243774414062,2.8476009368896484,0.3019654154777527,0.15983693301677704,-7.959403991699219,18.787368774414062,0.11891674995422363,18.471603393554688,189.0179443359375,g
60.806427001953125,32.236968994140625,2.8207666873931885,0.45844003558158875,0.2102026343345642,-50.84431457519531,-2.2710609436035156,-0.36490538716316223,38.27516174316406,234.12985229492188,h
14.229774475097656,6.549679756164551,2.1101579666137695,0.6506385207176208,0.43284618854522705,8.706504821777344,-4.310408592224121,-0.4086698591709137,33.561187744140625,177.0237579345703,g
23.80982780456543,11.026634216308594,2.631387710571289,0.4584827721118927,0.2547704875469208,2.5033206939697266,20.771587371826172,-0.24791011214256287,20.036550521850586,173.79835510253906,g
44.492530822753906,20.696290969848633,3.0155117511749268,0.2295491248369217,0.11610954999923706,10.181493759155273,37.14643096923828,0.09491196274757385,16.696298599243164,187.14625549316406,g
75.08158874511719,17.604503631591797,3.0537922382354736,0.26709452271461487,0.113133005797863,11.589746475219727,-0.18178749084472656,2.1961965560913086,48.71643829345703,186.56057739257812,g
47.60621643066406,22.901994705200195,2.6434085369110107,0.43718308210372925,0.2192084640264511,-0.7453546524047852,2.7496285438537598,-0.19991150498390198,44.700069427490234,157.01895141601562,h
47.441349029541016,16.831327438354492,2.968984603881836,0.2764008045196533,0.13170918822288513,18.04876136779785,24.78185272216797,0.8980145454406738,19.424964904785156,186.60897827148438,g
84.04794311523438,38.39128494262695,3.445441722869873,0.12829530239105225,0.07826235890388489,-1.124509334564209,43.85589599609375,0.6604714393615723,5.889827728271484,243.2652587890625,g
4.828495025634766,6.336457252502441,1.9671330451965332,0.767040491104126,0.4979470670223236,-4.027244567871094,0.15475177764892578,-0.7993180751800537,32.68592834472656,190.8125,g
54.69408416748047,21.659225463867188,2.8426218032836914,0.3486022651195526,0.21299223601818085,-20.232759475708008,15.76960563659668,-0.1867533028125763,12.119335174560547,206.38453674316406,g
56.13779067993164,31.982044219970703,2.8468282222747803,0.4470634460449219,0.2648351788520813,-53.162288665771484,-4.14007568359375,-1.554311990737915,7.5691375732421875,265.51629638671875,h
60.09915542602539,22.482444763183594,3.088214874267578,0.23545388877391815,0.1055886372923851,-8.749053955078125,23.876304626464844,0.4327782094478607,9.06199836730957,181.93800354003906,g
79.49712371826172,38.76418685913086,3.1790754795074463,0.33431127667427063,0.17863844335079193,-57.534183502197266,-12.738545417785645,-0.42502424120903015,6.062305450439453,275.29583740234375,h
77.68634796142578,27.34556007385254,3.143625497817993,0.3084682822227478,0.16043005883693695,-1.912663459777832,19.14737319946289,1.1845874786376953,8.414798736572266,230.6536102294922,g
69.38432312011719,29.615306854248047,3.251802682876587,0.1425413191318512,0.07142159342765808,9.214851379394531,38.15386962890625,0.03219035267829895,8.54134750366211,226.62184143066406,g
23.532651901245117,12.791217803955078,2.3911876678466797,0.5498356819152832,0.32183322310447693,12.897573471069336,7.541237831115723,0.09569892287254333,27.012134552001953,164.4600372314453,g
36.49803924560547,13.75438404083252,2.8507914543151855,0.31409528851509094,0.17035311460494995,8.854230880737305,27.832088470458984,-0.23251530528068542,16.187725067138672,182.5882568359375,g
195.8115997314453,72.45026397705078,3.9248032569885254,0.07139641046524048,0.06315095722675323,-82.31234741210938,-51.310176849365234,6.327495098114014,47.0947380065918,286.375244140625,h
70.97465515136719,38.214996337890625,2.9845199584960938,0.33204367756843567,0.18985684216022491,-53.95817947387695,17.908702850341797,-0.7999736070632935,3.6302757263183594,248.05789184570312,h
23.25984001159668,7.374597549438477,2.5057387351989746,0.5442400574684143,0.2995127737522125,5.590147495269775,10.021021842956543,0.3377998471260071,23.26439666748047,170.73643493652344,g
-8.059608459472656,8.021893501281738,1.8978049755096436,0.7383164763450623,0.4640065133571625,3.1819205284118652,-1.4013147354125977,-1.3250646591186523,35.46356964111328,159.37266540527344,h
27.626941680908203,12.189643859863281,2.5163815021514893,0.49749189615249634,0.3006061613559723,-2.2053098678588867,14.0669584274292,-0.12918522953987122,22.25127601623535,163.8710174560547,g
50.80519485473633,19.603322982788086,2.9498696327209473,0.2968728244304657,0.16000552475452423,4.8144659996032715,26.442129135131836,0.45834338665008545,15.906752586364746,192.61903381347656,g
31.629789352416992,11.742873191833496,2.6430652141571045,0.4379047155380249,0.25408440828323364,7.1200480461120605,19.70492172241211,-0.1511537730693817,19.07586669921875,177.9980010986328,g
76.14236450195312,34.3717041015625,3.1655914783477783,0.2754400968551636,0.14341837167739868,-8.358108520507812,34.09160232543945,-0.2121756374835968,2.271390914916992,259.21063232421875,g
23.11963653564453,10.94666576385498,2.6216206550598145,0.40148499608039856,0.22637471556663513,14.224918365478516,17.288249969482422,0.0351681113243103,25.69112777709961,161.64144897460938,g
61.11558151245117,23.610151290893555,3.0860540866851807,0.2593929171562195,0.12246912717819214,-12.387523651123047,30.37497329711914,0.4252944886684418,8.606830596923828,196.98379516601562,g
109.55228424072266,46.14989471435547,3.1039717197418213,0.29096686840057373,0.18845884501934052,-75.40560913085938,-16.605152130126953,0.03823047876358032,31.776063919067383,252.84567260742188,h
134.20196533203125,34.184024810791016,3.4437713623046875,0.1872165948152542,0.09732385724782944,-40.81206130981445,-42.25871658325195,4.585691452026367,51.04553985595703,227.34031677246094,g
61.515106201171875,26.868907928466797,3.123840093612671,0.21946343779563904,0.12993192672729492,8.4588623046875,43.87404251098633,-0.22506889700889587,8.121877670288086,220.114501953125,g
34.247344970703125,8.78288745880127,2.5757787227630615,0.46323204040527344,0.2782650589942932,-2.516101837158203,5.766762733459473,0.09061089158058167,21.03094482421875,179.2025909423828,g
43.92198944091797,27.448284149169922,2.862537145614624,0.2774472236633301,0.14364436268806458,11.338838577270508,25.117053985595703,-1.0403704643249512,42.9749870300293,160.78372192382812,h
29.538488388061523,10.301651000976562,2.336820125579834,0.6733160018920898,0.35231298208236694,5.007050037384033,-11.098675727844238,0.7581451535224915,53.39350891113281,135.3928985595703,h
112.47538757324219,43.85029602050781,3.688546895980835,0.12799257040023804,0.06058363616466522,-4.086128234863281,2.6334304809570312,1.2279921770095825,31.81257438659668,224.66555786132812,h
98.54438781738281,28.2788143157959,3.0769126415252686,0.401680588722229,0.20812225341796875,-20.841148376464844,-19.64086151123047,2.7622227668762207,42.52173614501953,187.29270935058594,h
33.68564224243164,15.563106536865234,2.741650104522705,0.39571213722229004,0.22525329887866974,12.513360977172852,27.736522674560547,-0.0773760974407196,20.236787796020508,195.17840576171875,g
77.83348846435547,39.19941329956055,3.451491355895996,0.11786207556724548,0.06772482395172119,-2.58481502532959,48.47239685058594,-0.2508595883846283,3.087493896484375,250.91537475585938,g
43.17321014404297,18.454538345336914,2.6783506870269775,0.4255881905555725,0.2217940390110016,8.14202880859375,22.806655883789062,-0.4766979515552521,42.63534927368164,194.8248291015625,g
56.33636474609375,28.15243911743164,2.961412191390991,0.3383646011352539,0.17166990041732788,-2.021960735321045,23.07625961303711,-0.2736556828022003,38.35502243041992,178.19937133789062,h
82.15843200683594,33.99628448486328,3.1862289905548096,0.17910148203372955,0.11195184290409088,0.6469540596008301,24.6466064453125,-0.2284301221370697,4.443286895751953,255.29222106933594,g
42.25250244140625,14.14016056060791,2.8413517475128174,0.3419249653816223,0.17198437452316284,4.8183674812316895,17.115575790405273,1.061793565750122,21.961406707763672,174.58470153808594,g
90.4420166015625,32.88812255859375,3.0834155082702637,0.2901294231414795,0.15428891777992249,-8.061163902282715,-17.479896545410156,3.5915284156799316,60.74714279174805,206.06092834472656,g
49.67278289794922,21.017927169799805,2.9600296020507812,0.29140883684158325,0.1534675806760788,10.46095085144043,34.32817077636719,0.26449674367904663,13.855363845825195,194.29171752929688,g
88.61840057373047,29.45925521850586,3.1973865032196045,0.17576740682125092,0.08375652134418488,-6.920006275177002,10.291488647460938,1.2392239570617676,40.676387786865234,205.13528442382812,g
29.530261993408203,11.216084480285645,2.5663414001464844,0.42236143350601196,0.24147354066371918,10.417972564697266,9.439297676086426,0.5230234861373901,29.03481674194336,178.78707885742188,g
63.56306457519531,35.438941955566406,3.352510929107666,0.14257018268108368,0.07608313858509064,-2.4477391242980957,52.37501907348633,-0.6316659450531006,4.201837539672852,224.861328125,g
15.560340881347656,12.689325332641602,2.2292332649230957,0.6901019811630249,0.39268556237220764,6.661363124847412,1.0853004455566406,0.08955144882202148,27.66756248474121,142.8687744140625,h
75.87287902832031,36.33041763305664,3.3165764808654785,0.11825010180473328,0.07735340297222137,16.3710994720459,54.292720794677734,-0.14112430810928345,6.84014892578125,248.36158752441406,g
12.952217102050781,6.733811378479004,2.2872602939605713,0.5592156648635864,0.3546724319458008,-3.7845866680145264,4.228375434875488,-0.5991878509521484,29.04355812072754,168.51321411132812,g
13.58712387084961,11.238903045654297,2.1535732746124268,0.6249892711639404,0.39832043647766113,-8.319538116455078,-6.444846153259277,-1.0456488132476807,25.626554489135742,128.53298950195312,h
24.296480178833008,11.126164436340332,2.509058713912964,0.5377504229545593,0.2888987958431244,6.627247333526611,9.797725677490234,0.23595014214515686,22.029094696044922,151.48374938964844,g
19.813255310058594,8.073537826538086,2.3134829998016357,0.607519805431366,0.34571701288223267,6.38799524307251,1.4848213195800781,0.42696815729141235,30.098751068115234,184.19215393066406,g
97.3686294555664,50.37352752685547,3.6165261268615723,0.16912095248699188,0.08556847274303436,-48.887630462646484,21.806800842285156,0.518980860710144,31.53072738647461,203.75498962402344,h
40.33039093017578,12.185752868652344,2.8851542472839355,0.3480874300003052,0.17444461584091187,8.657840728759766,16.704456329345703,1.0951969623565674,21.28350830078125,168.56301879882812,g
44.93809127807617,18.27714729309082,2.851039409637451,0.31301718950271606,0.1697729378938675,19.6710205078125,21.71017837524414,0.6040893793106079,21.067913055419922,170.25067138671875,g
57.12422561645508,22.103744506835938,2.9637162685394287,0.2512946128845215,0.13302969932556152,0.25455188751220703,24.40327262878418,0.4191870093345642,15.09794807434082,194.42123413085938,g
69.66004180908203,29.136274337768555,3.073162078857422,0.2538483738899231,0.1620664894580841,-6.953734874725342,25.759658813476562,-0.5988057851791382,5.011684417724609,240.6194305419922,g
16.084091186523438,15.07577133178711,2.2747042179107666,0.5416522026062012,0.3221646845340729,13.335166931152344,-2.165360450744629,0.1628427952528,35.592994689941406,130.27963256835938,h
42.980743408203125,24.93343734741211,3.023467779159546,0.24752944707870483,0.12236769497394562,3.7696566581726074,44.40951919555664,-0.49777939915657043,12.052842140197754,186.1822509765625,g
44.283546447753906,11.756166458129883,2.608274459838867,0.6701943278312683,0.32340312004089355,-3.9340481758117676,7.697138786315918,0.8961877822875977,40.04657745361328,188.1179656982422,g
81.16322326660156,32.871826171875,3.127420663833618,0.2457958459854126,0.14597028493881226,-17.022268295288086,13.056541442871094,-1.2920111417770386,27.638660430908203,261.05023193359375,g
33.24696350097656,14.193093299865723,2.601374387741089,0.4949868321418762,0.27082163095474243,15.336227416992188,11.299958229064941,0.8690290451049805,26.616140365600586,188.04249572753906,g
134.5958709716797,42.62398147583008,3.6345419883728027,0.1610356718301773,0.07272480428218842,-16.004066467285156,-13.303971290588379,2.971165895462036,36.25643539428711,261.221923828125,h
23.969043731689453,12.04545783996582,2.5363872051239014,0.545879602432251,0.30814865231513977,-2.428471803665161,24.390018463134766,-0.44709041714668274,16.762798309326172,185.40550231933594,g
64.2558364868164,26.420944213867188,2.9936540126800537,0.245504692196846,0.1284084916114807,7.938974857330322,20.09693717956543,0.8556818962097168,15.350955963134766,182.62725830078125,g
21.713497161865234,5.136556625366211,2.3142685890197754,0.7320930361747742,0.4027629792690277,-0.03301572799682617,3.860065460205078,0.7729040384292603,24.060949325561523,195.40817260742188,g
58.22853088378906,20.05960464477539,2.942657709121704,0.3610384464263916,0.16185778379440308,-3.8295373916625977,16.365028381347656,1.3325221538543701,14.104930877685547,190.33958435058594,g
14.757919311523438,10.557395935058594,2.338620901107788,0.5197863578796387,0.32486164569854736,1.732731819152832,8.002052307128906,-0.5492099523544312,28.463489532470703,145.36061096191406,g
38.58104705810547,10.772233963012695,2.470402479171753,0.6962642669677734,0.33398979902267456,5.14639139175415,-2.8352184295654297,1.703033685684204,50.82746887207031,175.5447540283203,g
40.094635009765625,12.15640640258789,2.7946810722351074,0.3426475524902344,0.1849737912416458,11.108039855957031,14.819318771362305,0.7170659303665161,21.2930908203125,163.73117065429688,g
62.26530838012695,21.435211181640625,3.0037155151367188,0.35246190428733826,0.18580175936222076,-0.11133384704589844,2.1563148498535156,1.57733952999115,51.75480651855469,201.298095703125,g
42.91807174682617,20.552160263061523,2.8907134532928467,0.28461161255836487,0.15104803442955017,21.467355728149414,23.89208984375,0.5651823878288269,24.012596130371094,195.48817443847656,g
29.962726593017578,12.146369934082031,2.5196690559387207,0.5287057757377625,0.28383517265319824,5.983195781707764,8.31640911102295,0.749163031578064,24.673460006713867,165.2063446044922,g
33.334556579589844,9.208303451538086,2.3305068016052246,0.5947676301002502,0.34594130516052246,7.723158359527588,-8.835762977600098,0.4110718369483948,56.84482955932617,186.9467010498047,g
34.452903747558594,8.274907112121582,2.5846900939941406,0.5138834714889526,0.2817787230014801,-2.2877514362335205,6.656811714172363,0.7184151411056519,21.481857299804688,178.04751586914062,g
54.032901763916016,26.287616729736328,3.173778533935547,0.20222999155521393,0.09904041886329651,4.741958141326904,49.55681228637695,-0.39863261580467224,7.265880584716797,206.00244140625,g
37.5676383972168,11.805801391601562,2.451171875,0.5028397440910339,0.31543463468551636,12.040578842163086,-3.4050893783569336,-0.26941677927970886,50.13783645629883,145.11788940429688,h
142.0554962158203,45.55929946899414,3.8846025466918945,0.14998209476470947,0.0742989331483841,-11.920768737792969,-35.44098663330078,6.554288387298584,58.53740692138672,225.71058654785156,h
30.54931640625,13.730820655822754,2.372844696044922,0.659401535987854,0.3443536162376404,9.98188591003418,-5.018520355224609,0.6144368648529053,53.20500183105469,146.64840698242188,h
78.11519622802734,31.70238494873047,3.1261661052703857,0.236082062125206,0.13791289925575256,-16.77939224243164,16.848262786865234,-1.0889263153076172,28.105892181396484,219.1968994140625,h
54.839454650878906,18.472389221191406,2.7828757762908936,0.36690375208854675,0.20403264462947845,-2.0547232627868652,-3.3091373443603516,0.5736739635467529,46.168209075927734,134.44325256347656,h
40.49119186401367,11.917618751525879,2.693321466445923,0.38446924090385437,0.22077415883541107,15.544891357421875,4.519072532653809,0.718023419380188,23.945127487182617,159.7978057861328,g
66.66146850585938,33.42523193359375,3.266228437423706,0.1782657355070114,0.11306393891572952,0.17889165878295898,48.19058609008789,-1.014404535293579,2.8110904693603516,247.10340881347656,g
26.441186904907227,7.068552017211914,2.45292329788208,0.5093167424201965,0.2913097143173218,7.474884510040283,-0.22366905212402344,0.6612187027931213,29.727394104003906,175.12550354003906,g
82.0504150390625,38.655372619628906,3.0185632705688477,0.4510316252708435,0.2511192858219147,-58.247642517089844,-13.255209922790527,-1.097994089126587,28.503385543823242,267.5211181640625,h
24.638874053955078,11.550328254699707,2.583559274673462,0.4005511999130249,0.24280349910259247,16.582059860229492,21.344877243041992,-0.13939186930656433,26.35939598083496,181.1636962890625,g
43.71263885498047,16.198976516723633,2.809627056121826,0.3305780291557312,0.18502572178840637,-3.286569595336914,21.338062286376953,-0.05908548831939697,15.61050796508789,183.83349609375,g
85.38333129882812,37.485347747802734,3.151801586151123,0.18690787255764008,0.0859566479921341,-26.479259490966797,12.872185707092285,0.44311508536338806,37.23994445800781,206.20738220214844,h
30.330551147460938,17.874313354492188,2.5523269176483154,0.5182493925094604,0.24664437770843506,22.327157974243164,1.9808855056762695,1.4841630458831787,31.412097930908203,141.7986602783203,h
42.08238220214844,14.316439628601074,2.795919418334961,0.3624229431152344,0.1948280930519104,19.482210159301758,17.154870986938477,0.8325727581977844,23.604480743408203,192.07846069335938,g
111.52703857421875,43.57810974121094,3.412903308868408,0.1572873294353485,0.1287807822227478,-8.884660720825195,24.04779815673828,-0.027767449617385864,26.587539672851562,253.46963500976562,h
101.58782196044922,26.268552780151367,3.3044064044952393,0.2557799220085144,0.1450030654668808,-6.4669694900512695,-10.816588401794434,2.4574756622314453,39.92377853393555,207.7100372314453,g
56.63396072387695,26.070863723754883,3.2141706943511963,0.19438832998275757,0.09631462395191193,-0.30072784423828125,46.08373260498047,-0.2237347662448883,6.244558334350586,204.1038818359375,g
56.76644515991211,24.666519165039062,3.0248537063598633,0.21718615293502808,0.10473182797431946,-3.8192827701568604,23.30030059814453,0.2257525473833084,14.987544059753418,198.09133911132812,g
100.93628692626953,42.33003234863281,3.2120754718780518,0.29193466901779175,0.17394834756851196,-57.52091979980469,6.977243423461914,1.4222551584243774,36.779205322265625,224.49884033203125,h
10.797416687011719,7.170337677001953,2.1671559810638428,0.6032141447067261,0.3883397579193115,8.852499008178711,-2.9196863174438477,-0.1516854465007782,35.48823547363281,149.33328247070312,g
54.72733688354492,21.66330909729004,3.0704965591430664,0.2229589819908142,0.10941728949546814,10.695674896240234,30.940967559814453,0.06961813569068909,12.314603805541992,205.12965393066406,g
42.789024353027344,22.14202117919922,2.730952739715576,0.4851415157318115,0.21974323689937592,-11.65187931060791,9.983053207397461,0.20529355108737946,43.04771423339844,150.71246337890625,h
51.1273307800293,20.244647979736328,2.6436431407928467,0.3206396698951721,0.20356032252311707,10.1051025390625,-8.71359920501709,0.34012970328330994,57.957725524902344,164.27658081054688,g
88.37882232666016,21.028976440429688,3.147388458251953,0.3440610468387604,0.19891352951526642,-17.63717269897461,7.121172904968262,1.2206220626831055,31.43758201599121,214.28965759277344,g
47.6981086730957,20.733184814453125,2.8256988525390625,0.37311404943466187,0.21868303418159485,-14.68966293334961,12.98382568359375,-0.8156458139419556,10.588895797729492,212.887939453125,g
39.349334716796875,12.419336318969727,2.67716908454895,0.3866787850856781,0.23420481383800507,8.8824462890625,16.10614585876465,0.33235618472099304,21.549989700317383,183.2576446533203,g
46.7318000793457,30.788509368896484,2.7153985500335693,0.32157963514328003,0.18586818873882294,-3.1140952110290527,19.873531341552734,-1.5425035953521729,41.647361755371094,170.3043975830078,h
77.75603485107422,34.42499923706055,2.931549549102783,0.2665276527404785,0.156026691198349,-12.867990493774414,-5.757946968078613,0.8258389234542847,48.036705017089844,166.82296752929688,h
142.64385986328125,51.02891540527344,3.6775364875793457,0.08719345927238464,0.06611351668834686,-34.82280731201172,4.034829139709473,2.5780489444732666,32.59256362915039,253.48138427734375,h
91.12129974365234,32.63212585449219,3.3635048866271973,0.1880902647972107,0.07273788750171661,-5.959537982940674,0.36029624938964844,2.1758930683135986,41.92161178588867,174.07595825195312,h
69.56505584716797,26.319625854492188,3.066042423248291,0.27372822165489197,0.13830675184726715,12.298410415649414,29.593074798583984,0.12749163806438446,35.594539642333984,209.00038146972656,g
119.17959594726562,55.58799743652344,3.308910369873047,0.1130538284778595,0.05536164343357086,-49.236141204833984,-26.148067474365234,1.4664523601531982,45.22296905517578,238.946044921875,h
33.85836410522461,13.681382179260254,2.473456859588623,0.4732418954372406,0.28696516156196594,10.477285385131836,2.2701292037963867,-0.5024311542510986,50.42788314819336,140.3502960205078,h
55.85007095336914,14.92802619934082,2.686159610748291,0.4410759210586548,0.24544668197631836,-3.523127555847168,-1.356679916381836,0.5099486708641052,45.57637023925781,183.65469360351562,g
11.574653625488281,2.7465133666992188,2.200082778930664,0.6255457997322083,0.39393579959869385,3.814882755279541,-5.069500923156738,0.23746341466903687,34.46589660644531,159.24951171875,g
54.23741149902344,24.80035972595215,2.871591567993164,0.4414637088775635,0.20527182519435883,-38.60568618774414,11.976800918579102,0.2576751112937927,9.574840545654297,213.62258911132812,g
180.83560180664062,62.592323303222656,3.869892120361328,0.13110333681106567,0.08366213738918304,-59.56435775756836,-43.35216522216797,5.959134578704834,43.91838073730469,257.138671875,h
64.04571533203125,25.538631439208984,3.0932974815368652,0.23519861698150635,0.12438932061195374,-2.437350034713745,28.068157196044922,-0.7962251901626587,31.076156616210938,186.2218475341797,g
10.113388061523438,4.935710906982422,2.15028715133667,0.6791889667510986,0.4102223515510559,4.157312870025635,-6.028029441833496,0.3210044801235199,34.64412307739258,151.93960571289062,g
47.31379318237305,23.630176544189453,3.1043245792388916,0.28706955909729004,0.15404105186462402,-10.381486892700195,30.91667938232422,0.09896346926689148,13.486628532409668,192.46435546875,g
32.49767303466797,12.448341369628906,2.3346595764160156,0.636232852935791,0.3598800003528595,0.7735371589660645,-4.750082969665527,-0.4214388430118561,47.71962356567383,165.1139373779297,h
37.562828063964844,22.013675689697266,2.7178823947906494,0.40190601348876953,0.21850717067718506,2.769094944000244,32.25698471069336,-1.6476181745529175,35.56353759765625,159.89056396484375,h
38.57366943359375,8.677392959594727,2.3687713146209717,0.6202517151832581,0.3687450885772705,12.097587585449219,-1.8188858032226562,0.3020670711994171,52.10382080078125,200.4551239013672,g
121.79960632324219,40.367820739746094,3.340505599975586,0.3149866461753845,0.16754364967346191,-25.547868728637695,-54.08571243286133,2.6736934185028076,45.5692138671875,265.5622253417969,h
40.80653762817383,14.514928817749023,2.839456081390381,0.33732086420059204,0.18461205065250397,13.526403427124023,24.92369842529297,0.18711790442466736,17.6845760345459,183.6660919189453,g
59.48813247680664,30.48394012451172,3.1975958347320557,0.2370758056640625,0.12044654786586761,2.671748161315918,39.32548904418945,-0.10609424114227295,9.034688949584961,227.68304443359375,g
96.83432006835938,43.931671142578125,3.7452378273010254,0.11739107966423035,0.06076139211654663,-20.430118560791016,21.19668197631836,1.7274738550186157,40.06155014038086,240.83221435546875,h
27.041505813598633,15.49666976928711,2.424987554550171,0.5429431200027466,0.2998228669166565,5.378261089324951,-1.8047113418579102,0.7041561603546143,29.252349853515625,127.75940704345703,h
53.816558837890625,29.95062255859375,3.2211663722991943,0.24313482642173767,0.12905195355415344,-19.230031967163086,48.06437301635742,-0.952498197555542,2.811023712158203,221.82693481445312,g
75.60822296142578,27.851016998291016,3.1655428409576416,0.26861289143562317,0.12743055820465088,5.558857440948486,12.956174850463867,1.3147836923599243,43.29644012451172,208.79676818847656,g
161.47865295410156,78.05620574951172,3.6942577362060547,0.03657624125480652,0.03778602182865143,-71.27007293701172,-15.173583030700684,2.2894227504730225,34.759185791015625,271.3222961425781,h
141.39508056640625,72.35226440429688,3.566420793533325,0.045568615198135376,0.024906694889068604,-93.82645416259766,-28.505699157714844,1.368964433670044,39.4112434387207,296.9918212890625,h
73.98793029785156,36.00872802734375,3.2491698265075684,0.18045054376125336,0.10457126051187515,-4.2073445320129395,41.65882873535156,-0.4189341366291046,4.928310394287109,249.169677734375,g
6.58892822265625,2.1372013092041016,2.1316614151000977,0.7291463613510132,0.4469214379787445,-2.606478452682495,0.5849409103393555,-0.29019203782081604,29.533245086669922,177.30908203125,g
63.12730026245117,35.25096130371094,3.3034164905548096,0.1308894157409668,0.07212226092815399,6.552984714508057,60.846710205078125,-1.193948745727539,1.9927749633789062,242.12521362304688,g
87.53746795654297,42.759857177734375,3.472421884536743,0.11043831706047058,0.08177244663238525,-4.468807697296143,58.40316390991211,-0.6943874359130859,-2.6297073364257812,269.70269775390625,g
151.7089080810547,40.191070556640625,3.739774465560913,0.2400158792734146,0.08782406151294708,-57.546592712402344,-57.89126205444336,7.134887218475342,53.957366943359375,224.1085662841797,h
42.97029113769531,18.40789794921875,2.848783016204834,0.31670141220092773,0.15163984894752502,4.945131778717041,21.41500473022461,0.6240643262863159,20.1131534576416,179.64920043945312,g
47.23295211791992,17.54404067993164,2.753861904144287,0.36123111844062805,0.20853498578071594,3.9380602836608887,13.450323104858398,0.2886713147163391,17.223403930664062,166.17218017578125,g
18.616287231445312,10.068368911743164,2.342985153198242,0.6489142775535583,0.34077173471450806,10.551631927490234,2.572031021118164,0.9067034721374512,29.66109275817871,166.49266052246094,g
217.41053771972656,48.204219818115234,4.075446605682373,0.19885888695716858,0.09166372567415237,-25.284164428710938,-143.7384490966797,10.56003475189209,68.86865234375,274.71990966796875,h
41.07936096191406,17.123859405517578,2.7332966327667236,0.3396168053150177,0.1971433460712433,23.652740478515625,13.776432037353516,0.8659487962722778,28.605125427246094,173.0789337158203,g
40.9027099609375,10.46087646484375,2.790412425994873,0.42878320813179016,0.21601524949073792,2.2781524658203125,18.49449348449707,0.5492861270904541,13.879157066345215,181.92799377441406,g
30.79643440246582,13.565048217773438,2.617906093597412,0.40995022654533386,0.2522434592247009,16.344676971435547,20.756364822387695,-0.16911420226097107,24.275053024291992,192.51010131835938,g
78.53780364990234,20.463884353637695,3.0039944648742676,0.44840529561042786,0.22754403948783875,-11.143196105957031,5.922913074493408,1.5991454124450684,36.76123046875,205.98875427246094,g
29.809276580810547,20.87322998046875,2.778355836868286,0.29664766788482666,0.15799131989479065,2.354485511779785,32.69523620605469,-0.46579036116600037,21.83035659790039,175.08799743652344,g
67.73847961425781,18.90219497680664,3.0849294662475586,0.2471819669008255,0.1150759756565094,11.81440544128418,5.330415725708008,1.4105912446975708,45.46771240234375,171.51841735839844,g
48.831790924072266,21.082172393798828,2.9176225662231445,0.3042658269405365,0.1739574521780014,11.914827346801758,36.41895294189453,-0.3874846398830414,11.060731887817383,209.7250518798828,g
59.68046569824219,27.32322883605957,3.0516581535339355,0.21318933367729187,0.1350681483745575,12.864511489868164,44.98652648925781,-0.5412123203277588,9.14599609375,223.5757293701172,g
47.4022102355957,28.912330627441406,2.7961244583129883,0.333988755941391,0.17634345591068268,-15.40327262878418,15.06537914276123,0.45033159852027893,23.008169174194336,184.45008850097656,h
23.56500244140625,11.443161010742188,2.1782774925231934,0.7287237644195557,0.4029363989830017,11.527776718139648,-1.4527063369750977,0.004073619842529297,52.957210540771484,165.61102294921875,h
51.092506408691406,11.221978187561035,2.712602376937866,0.45460793375968933,0.2724488377571106,5.713097095489502,17.492130279541016,-0.23257681727409363,38.29301452636719,194.4525146484375,g
29.712446212768555,10.755851745605469,2.1701955795288086,0.7129824161529541,0.4373570382595062,-1.5702979564666748,-11.520182609558105,-0.408456951379776,50.621681213378906,154.05929565429688,h
57.49625778198242,24.92715072631836,3.1864051818847656,0.23430705070495605,0.11406577378511429,-5.58317756652832,32.46489334106445,0.03700324892997742,8.674713134765625,203.6693115234375,g
44.39934539794922,20.256601333618164,2.84682559967041,0.3579314649105072,0.18766233325004578,14.277599334716797,31.24151611328125,0.33754825592041016,17.39708137512207,196.73196411132812,g
20.51590347290039,8.577149391174316,2.1100988388061523,0.6596999764442444,0.4215503931045532,-13.65080451965332,-17.974571228027344,-1.1379302740097046,53.76106262207031,145.26060485839844,h
28.483734130859375,5.097257614135742,2.568920135498047,0.47229698300361633,0.2707127034664154,12.830917358398438,0.7550182342529297,1.0072388648986816,28.763195037841797,160.97634887695312,g
70.50829315185547,35.50067138671875,2.79329514503479,0.6056979894638062,0.28167855739593506,-66.1836166381836,-1.4144659042358398,0.553741455078125,33.43110656738281,227.8479461669922,h
64.11128997802734,27.67969512939453,2.9052515029907227,0.23340517282485962,0.1370416283607483,3.587855815887451,4.125952243804932,0.5470816493034363,49.49711608886719,155.82275390625,h
59.66346740722656,32.99896240234375,3.229426145553589,0.17484387755393982,0.09815368056297302,4.109780788421631,47.85696029663086,-0.9797524213790894,5.048179626464844,230.6549072265625,g
45.597198486328125,14.66136360168457,2.778817653656006,0.41664403676986694,0.19915220141410828,4.799973964691162,5.937572479248047,1.7177881002426147,24.126737594604492,160.7339324951172,g
63.623958587646484,22.205644607543945,3.0461854934692383,0.3043273389339447,0.1507762372493744,-5.633119106292725,15.720775604248047,0.4189962148666382,8.372116088867188,214.03675842285156,g
60.66529083251953,22.071741104125977,3.165086269378662,0.2349429875612259,0.11350683122873306,8.046466827392578,31.206092834472656,0.6947305202484131,11.090469360351562,192.25880432128906,g
88.53596496582031,38.36012268066406,3.294050931930542,0.20769929885864258,0.12572413682937622,-33.413963317871094,30.165294647216797,0.7316207885742188,6.153938293457031,238.7261505126953,g
67.4656753540039,28.30137062072754,3.2129359245300293,0.2492022067308426,0.13292285799980164,-21.510114669799805,21.97561264038086,0.014665544033050537,5.70747184753418,223.79022216796875,g
48.7935791015625,14.512540817260742,2.942917823791504,0.32122254371643066,0.17620402574539185,-0.7832598686218262,23.30099868774414,0.15608350932598114,11.7096529006958,185.08529663085938,g
77.19904327392578,27.15772819519043,3.132854461669922,0.2878960967063904,0.1535811871290207,-18.549102783203125,-7.049185752868652,0.8864486217498779,13.171419143676758,232.8635711669922,g
22.19852638244629,3.8223114013671875,2.447730541229248,0.5680713653564453,0.3269421458244324,2.86220645904541,0.892176628112793,0.6454623937606812,27.25273323059082,168.99366760253906,g
29.053781509399414,16.69867706298828,2.48173189163208,0.4966432452201843,0.26324963569641113,11.814802169799805,1.3853588104248047,0.7199759483337402,28.9880428314209,138.86212158203125,h
38.667259216308594,13.123289108276367,2.7574493885040283,0.41787683963775635,0.21050012111663818,-0.028800010681152344,18.94928741455078,0.6471555233001709,17.299678802490234,171.1765899658203,g
97.53584289550781,38.960514068603516,3.6827127933502197,0.11140340566635132,0.013894796371459961,-8.74789810180664,10.99854850769043,2.362399101257324,42.58509826660156,207.22628784179688,h
46.535804748535156,17.029823303222656,2.9323794841766357,0.330127477645874,0.17393188178539276,8.952165603637695,29.41571807861328,0.12604649364948273,12.86945915222168,192.99879455566406,g
36.60151672363281,13.690858840942383,2.884164333343506,0.32206934690475464,0.16972476243972778,0.8265175819396973,29.582576751708984,-0.2615097463130951,13.258301734924316,176.82835388183594,g
28.304750442504883,13.420353889465332,2.4452157020568848,0.5288216471672058,0.3107771575450897,1.3494577407836914,6.429962635040283,-0.9681189060211182,46.42308044433594,142.7274932861328,h
49.691123962402344,19.354955673217773,2.7817001342773438,0.3574749231338501,0.2249918133020401,3.722817897796631,24.76093292236328,-1.5449942350387573,34.9755744934082,198.22567749023438,g
35.170074462890625,14.08984375,2.5762295722961426,0.48999711871147156,0.25253453850746155,3.5520262718200684,2.5501604080200195,0.786811113357544,22.75218963623047,147.63868713378906,h
33.87809753417969,7.450310707092285,2.359227180480957,0.6193294525146484,0.36632877588272095,5.764638423919678,-2.513957977294922,0.18574611842632294,51.814334869384766,185.9550018310547,g
34.380165100097656,11.144083023071289,2.4527699947357178,0.5588472485542297,0.3251149654388428,8.855098724365234,8.443899154663086,-0.3550170958042145,48.43102264404297,193.77529907226562,g
94.93319702148438,41.009010314941406,3.4627010822296143,0.16674575209617615,0.10447609424591064,-16.129175186157227,40.76621627807617,0.13669134676456451,-0.9870109558105469,268.65484619140625,g
44.24335861206055,15.934165954589844,2.7799899578094482,0.3427499830722809,0.1980116218328476,17.90599822998047,15.27128791809082,0.5973118543624878,21.531211853027344,172.71157836914062,g
18.92618179321289,8.910078048706055,2.3510100841522217,0.5358863472938538,0.3294842839241028,2.8287277221679688,5.263137340545654,-0.08044302463531494,29.162254333496094,166.380615234375,g
54.458404541015625,64.78070068359375,3.201294422149658,0.1750849038362503,0.09789559245109558,-98.29145812988281,59.90410232543945,-2.7739858627319336,33.495025634765625,204.05860900878906,h
40.62455749511719,18.972618103027344,2.7008092403411865,0.39433467388153076,0.23084962368011475,6.6801323890686035,27.056232452392578,-0.03682529926300049,19.453861236572266,201.18614196777344,g
14.729591369628906,7.297245025634766,2.274803400039673,0.6701993942260742,0.3848416209220886,4.875072002410889,5.2493486404418945,0.1806030422449112,27.500558853149414,167.01100158691406,g
23.326480865478516,12.591421127319336,2.5408847332000732,0.49157828092575073,0.271120548248291,-4.907157897949219,18.057218551635742,-0.2021995484828949,21.40904426574707,172.86032104492188,g
52.56216049194336,20.557376861572266,2.970524311065674,0.2560901343822479,0.13786593079566956,5.919121265411377,28.113868713378906,0.7621265649795532,18.536693572998047,184.21511840820312,g
23.47175407409668,6.360637664794922,2.0960776805877686,0.7423772811889648,0.44876402616500854,1.3031411170959473,-10.697299003601074,-0.2737308442592621,54.37546157836914,178.73219299316406,g
56.70734405517578,26.098590850830078,3.2015585899353027,0.22818847000598907,0.11090362071990967,4.411628246307373,40.663475036621094,0.2481767237186432,11.359550476074219,213.30154418945312,g
50.27937698364258,21.291522979736328,3.008476734161377,0.2967795729637146,0.16066434979438782,8.090412139892578,35.47453689575195,-0.10009908676147461,11.061004638671875,209.71661376953125,g
69.03076171875,34.734100341796875,2.9107933044433594,0.37800630927085876,0.20557114481925964,-76.42977905273438,-22.58008575439453,-0.02816036343574524,13.290759086608887,230.11862182617188,h
59.890846252441406,19.55851173400879,2.954174280166626,0.42964106798171997,0.20120872557163239,-12.493730545043945,16.004194259643555,1.0210775136947632,9.487663269042969,211.94456481933594,g
134.0371856689453,61.77024841308594,3.293632984161377,0.30853432416915894,0.20654138922691345,-113.38471984863281,-33.3188362121582,1.741499900817871,38.09961700439453,294.31976318359375,h
74.9714126586914,35.838592529296875,3.268639326095581,0.25498950481414795,0.12400564551353455,-21.433673858642578,29.100292205810547,-0.15858396887779236,1.8204898834228516,248.2227783203125,g
86.39344024658203,34.52082824707031,3.2662837505340576,0.15924899280071259,0.10136152058839798,4.944108486175537,24.473190307617188,0.05667814612388611,6.027111053466797,257.27264404296875,g
57.2623176574707,18.9079647064209,2.9300944805145264,0.3176731765270233,0.15719588100910187,-16.473007202148438,7.2092790603637695,0.6526204347610474,13.062935829162598,183.03109741210938,g
52.08021926879883,14.736745834350586,2.8196842670440674,0.4293650686740875,0.23038248717784882,1.1218256950378418,19.4390811920166,-0.21331074833869934,36.70670700073242,195.78062438964844,g
68.0435791015625,22.035430908203125,3.2369439601898193,0.23557864129543304,0.11318989098072052,-7.571468353271484,18.67843246459961,1.2804794311523438,11.455638885498047,198.71408081054688,g
147.3602752685547,36.686317443847656,3.6789796352386475,0.18717679381370544,0.08802777528762817,-14.646135330200195,-57.1098518371582,4.949305057525635,42.724971771240234,230.1982879638672,h
55.3990478515625,27.86306381225586,2.931169033050537,0.31511688232421875,0.17041434347629547,-5.293973922729492,32.82713317871094,0.19142113626003265,13.98093318939209,213.91763305664062,g
210.63272094726562,89.96050262451172,4.018750190734863,-0.01568177342414856,0.04750475287437439,-122.57369232177734,-54.184879302978516,5.554044723510742,50.10242462158203,313.76416015625,h
48.511680603027344,14.566933631896973,2.9586379528045654,0.29518455266952515,0.15720203518867493,12.393869400024414,27.16577911376953,0.5223810076713562,14.986560821533203,181.3600616455078,g
33.700523376464844,10.08663558959961,2.63535213470459,0.468092679977417,0.25114405155181885,8.411096572875977,-1.1459436416625977,1.1757005453109741,24.971328735351562,128.39556884765625,g
49.92003631591797,13.046806335449219,2.7472751140594482,0.44877564907073975,0.25046390295028687,5.760499477386475,17.47283363342285,0.04453277587890625,40.192020416259766,194.29444885253906,g
19.308483123779297,8.337076187133789,2.3653807640075684,0.5202707052230835,0.2983987331390381,5.469449520111084,-8.142312049865723,0.19736355543136597,29.51567268371582,124.5020523071289,h
0.8530616760253906,8.237081527709961,1.9913920164108276,0.6826475858688354,0.43403324484825134,8.30531120300293,-13.562203407287598,-0.2286204993724823,40.27013397216797,122.26790618896484,h
52.74607849121094,17.849084854125977,2.78664231300354,0.3874954283237457,0.23168006539344788,1.5582084655761719,17.311288833618164,-0.1425822377204895,11.92566204071045,216.12554931640625,g
88.52740478515625,24.36573028564453,3.2908339500427246,0.19840450584888458,0.09246654808521271,12.22840690612793,15.111518859863281,1.8386123180389404,39.39455795288086,193.52294921875,g
68.75575256347656,24.98611831665039,3.1653714179992676,0.249294713139534,0.14203599095344543,-3.0470452308654785,27.834228515625,-0.3860268294811249,33.16757583618164,222.33314514160156,g
54.7984733581543,21.804826736450195,2.7540628910064697,0.3546859920024872,0.2074679732322693,1.6138172149658203,8.77949047088623,0.04129993915557861,44.008819580078125,145.7977294921875,h
69.5916748046875,31.27154541015625,3.212103843688965,0.18213626742362976,0.07775688171386719,-18.45305824279785,31.301437377929688,0.4043307602405548,8.633583068847656,204.37945556640625,g
77.66654205322266,40.571353912353516,3.0138540267944336,0.2059391438961029,0.12565229833126068,-39.19813537597656,12.990387916564941,-0.6171548366546631,40.233978271484375,237.5611572265625,g
26.870336532592773,11.802286148071289,2.2911741733551025,0.6039800643920898,0.35167908668518066,5.810618877410889,-5.456941604614258,-0.29684117436408997,54.74962615966797,164.373779296875,h
125.00279235839844,52.069454193115234,3.3886191844940186,0.1703699827194214,0.11282481998205185,-57.64797592163086,4.003854751586914,0.808318018913269,28.473011016845703,247.36572265625,h
29.539342880249023,12.352004051208496,2.598794460296631,0.41528385877609253,0.25950372219085693,14.75925064086914,21.309946060180664,-0.17470750212669373,24.266315460205078,185.56878662109375,g
55.16164779663086,23.01756477355957,2.910660982131958,0.2947692275047302,0.16046418249607086,9.582250595092773,19.095531463623047,-0.4892664849758148,37.803470611572266,147.85296630859375,h
92.97098541259766,45.860843658447266,3.484562397003174,0.09473612904548645,0.05291390419006348,0.9978442192077637,23.54416275024414,-0.3907908499240875,33.623130798339844,244.051025390625,h
21.90109634399414,8.129487037658691,2.115192174911499,0.7782430648803711,0.45499464869499207,-0.8948001861572266,-11.884562492370605,0.08883997797966003,54.84510040283203,154.75027465820312,h
28.761966705322266,5.543100357055664,2.293928623199463,0.5461482405662537,0.3590708374977112,20.302270889282227,-9.667067527770996,-0.20153197646141052,60.33334732055664,187.48797607421875,g
32.824546813964844,8.87193775177002,2.6780035495758057,0.3964587152004242,0.22366297245025635,9.125682830810547,9.486815452575684,0.5708142518997192,23.740312576293945,161.22509765625,g
67.77281951904297,26.13923454284668,3.150336980819702,0.326252281665802,0.1698664128780365,-14.076921463012695,28.581554412841797,0.2967994809150696,3.483358383178711,228.6050262451172,g
53.81517791748047,17.736431121826172,2.731889009475708,0.3999664783477783,0.2162763923406601,3.5973238945007324,0.5603122711181641,-0.18763211369514465,40.105323791503906,147.1990966796875,h
53.3859977722168,26.45003890991211,3.0854063034057617,0.2607143223285675,0.13393384218215942,8.671173095703125,43.865562438964844,-0.1546720564365387,9.808731079101562,217.4404754638672,g
51.568359375,19.240772247314453,3.1057841777801514,0.27580726146698,0.1286894977092743,-1.0265357494354248,24.349842071533203,0.5676616430282593,12.474040985107422,174.91281127929688,g
64.40222930908203,24.275104522705078,2.987154960632324,0.37002357840538025,0.2386353313922882,-17.69078254699707,16.409618377685547,-0.21815714240074158,37.710960388183594,215.41648864746094,g
38.73517608642578,15.637635231018066,2.8401124477386475,0.36854684352874756,0.1931987702846527,9.420103073120117,30.822776794433594,0.2118726670742035,16.290056228637695,188.59861755371094,g
24.04649543762207,9.265828132629395,2.5172982215881348,0.5242874622344971,0.2794327437877655,7.0233683586120605,5.2734456062316895,0.5136964321136475,24.065439224243164,136.73634338378906,g
60.85457992553711,22.438182830810547,2.9917805194854736,0.2596435844898224,0.1526896357536316,30.361713409423828,7.155695915222168,1.9299031496047974,30.6821231842041,201.54107666015625,g
21.67633819580078,12.21037483215332,2.4699761867523193,0.4419170916080475,0.24740390479564667,4.676924228668213,-0.40490055084228516,0.04125317931175232,28.25245475769043,126.8309555053711,h
65.25291442871094,31.91925811767578,3.0084431171417236,0.264259934425354,0.11424887925386429,-36.485565185546875,13.09087085723877,-0.2672325670719147,39.43698501586914,211.95462036132812,g
70.62715911865234,18.940265655517578,2.947561740875244,0.48393335938453674,0.23196318745613098,0.7230815887451172,-4.381991386413574,2.449895143508911,47.84559631347656,219.51217651367188,g
64.54316711425781,27.834083557128906,2.8879809379577637,0.3768793046474457,0.2232506424188614,-35.99192810058594,-5.272427558898926,-0.34518179297447205,10.754646301269531,241.19647216796875,g
80.69662475585938,29.76723861694336,2.9138927459716797,0.5140714645385742,0.27212682366371155,-37.84426498413086,8.590653419494629,0.3602135479450226,25.8743896484375,182.36180114746094,h
24.8388614654541,6.709948539733887,2.4935078620910645,0.6229079961776733,0.31947562098503113,5.58672571182251,8.327689170837402,1.1096519231796265,23.8282527923584,176.41091918945312,g
57.299015045166016,22.045066833496094,3.026402711868286,0.2226634919643402,0.12260688841342926,12.818645477294922,30.909889221191406,0.03573411703109741,12.156025886535645,209.080810546875,g
0.09938812255859375,8.864228248596191,2.0238595008850098,0.695555567741394,0.44379985332489014,-8.73845100402832,3.0246219635009766,-1.7427340745925903,25.69876480102539,148.057861328125,h
46.572975158691406,13.65214729309082,2.624028444290161,0.4322139024734497,0.2688337564468384,6.423579692840576,-0.7902040481567383,-0.08332651853561401,47.84955596923828,157.97744750976562,g
44.52498245239258,22.866130828857422,2.6871137619018555,0.4714989960193634,0.2521354556083679,6.101459980010986,18.211898803710938,-0.42668649554252625,42.26366424560547,181.15599060058594,h
41.44824981689453,21.633207321166992,2.769028425216675,0.31415489315986633,0.15745192766189575,1.0743613243103027,20.24921417236328,-0.880455732345581,42.275264739990234,145.89520263671875,h
41.98847961425781,15.44655990600586,2.8652682304382324,0.3153373599052429,0.1510685682296753,10.03812026977539,18.277868270874023,1.1963001489639282,23.81062126159668,168.48922729492188,g
116.85311889648438,40.10794448852539,3.440453052520752,0.1868913322687149,0.09524723887443542,-27.09657859802246,-10.546813011169434,3.278109312057495,44.6342658996582,182.66859436035156,h
100.815673828125,55.09416961669922,3.1375293731689453,0.23049744963645935,0.1717613935470581,-81.69664764404297,17.514726638793945,-1.1406131982803345,30.031360626220703,266.5959777832031,h
42.443870544433594,15.824518203735352,2.684562921524048,0.3453626036643982,0.23281390964984894,6.118662357330322,23.527820587158203,-1.207973837852478,42.332340240478516,181.35777282714844,g
71.39248657226562,40.082611083984375,3.0349178314208984,0.24900314211845398,0.13289621472358704,-23.205459594726562,18.631183624267578,-0.166843444108963,40.27037048339844,171.71539306640625,h
72.88859558105469,34.840213775634766,3.262270212173462,0.15321876108646393,0.10081955045461655,9.464086532592773,43.939666748046875,-0.41035088896751404,6.450687408447266,247.73046875,g
73.52420043945312,32.64217758178711,3.1747748851776123,0.14567947387695312,0.09084992855787277,28.63162612915039,35.377262115478516,0.9758561849594116,19.80246353149414,234.7426300048828,g
8.147743225097656,4.92596435546875,2.0483150482177734,0.7108510732650757,0.45030122995376587,-2.554715156555176,-6.317139625549316,-0.36200687289237976,33.95003890991211,186.85752868652344,g
33.29033660888672,9.562506675720215,2.5837137699127197,0.44221174716949463,0.2545704245567322,6.394859790802002,3.6748266220092773,0.26557302474975586,22.018842697143555,158.61244201660156,g
26.6463680267334,10.590973854064941,2.428774356842041,0.5052657127380371,0.3063175678253174,-0.35952091217041016,-7.421809196472168,-0.08607572317123413,26.230186462402344,147.6323699951172,g
61.689334869384766,33.61830139160156,3.2983710765838623,0.12261578440666199,0.059101447463035583,4.5804009437561035,50.29750061035156,-0.4775662124156952,7.925806045532227,225.9416961669922,g
93.4674072265625,38.360191345214844,3.167417049407959,0.23938801884651184,0.13137421011924744,-47.11453628540039,-11.17404842376709,1.1256141662597656,10.787185668945312,236.75143432617188,h
63.18564224243164,35.58571243286133,3.317824125289917,0.1545291244983673,0.08978702127933502,0.26019811630249023,52.92053985595703,-0.7628129720687866,5.973485946655273,239.7402801513672,g
173.6864776611328,68.99398803710938,4.325904846191406,0.08223560452461243,0.05713711678981781,-68.84783935546875,-56.348026275634766,7.469682693481445,58.706626892089844,255.03622436523438,h
32.969566345214844,13.313854217529297,2.5597963333129883,0.5223885774612427,0.2660652995109558,0.504523754119873,1.104701042175293,1.1302248239517212,24.56920051574707,146.2712860107422,g
38.49477767944336,14.19741153717041,2.7014849185943604,0.4481004476547241,0.23075124621391296,-0.4636220932006836,16.285804748535156,0.5623917579650879,19.073993682861328,186.34164428710938,g
57.64431381225586,23.004714965820312,2.9917404651641846,0.2306465059518814,0.11936939507722855,19.628643035888672,18.99996566772461,0.9091655015945435,19.794876098632812,187.66661071777344,g
51.438682556152344,40.058990478515625,2.522806167602539,0.4290845990180969,0.2718481421470642,-79.65847778320312,-13.617510795593262,-2.452266216278076,39.95735549926758,175.98129272460938,h
79.8153076171875,28.91738510131836,3.102689266204834,0.3212279975414276,0.1594938039779663,-38.268184661865234,-1.3445549011230469,1.6103883981704712,11.689507484436035,212.34959411621094,g
70.00590515136719,25.803361892700195,3.2660045623779297,0.27866822481155396,0.14305970072746277,-15.510446548461914,28.60417938232422,0.8419075012207031,7.248451232910156,216.81301879882812,g
50.49357986450195,32.274925231933594,2.6610312461853027,0.414777010679245,0.23073576390743256,-54.56483840942383,3.5195436477661133,-1.2842903137207031,40.548439025878906,185.3399658203125,h
12.016456604003906,11.473906517028809,2.051736354827881,0.6725869178771973,0.4150571823120117,6.429934024810791,-6.466305732727051,-1.2516424655914307,57.17314910888672,138.84371948242188,h
29.57259750366211,12.24587345123291,2.4782161712646484,0.4513370394706726,0.2918948829174042,8.629159927368164,13.480500221252441,-0.35181185603141785,25.13842010498047,193.1401824951172,g
23.70705223083496,12.08414363861084,2.4161019325256348,0.5005158185958862,0.33357951045036316,11.996793746948242,15.111310958862305,-0.6422834396362305,26.350522994995117,196.4544219970703,g
40.86440658569336,14.609782218933105,2.8675730228424072,0.3190017342567444,0.165704146027565,8.817276000976562,18.80001449584961,0.612764298915863,21.143224716186523,175.80804443359375,g
129.44447326660156,47.93152618408203,3.469684600830078,0.14668437838554382,0.07938876748085022,-36.420352935791016,-37.067054748535156,0.780436635017395,31.44692611694336,272.9666748046875,h
19.589027404785156,7.415205955505371,2.3143293857574463,0.5870087146759033,0.36508285999298096,-2.969013214111328,5.580200672149658,-0.22359266877174377,26.719825744628906,173.50674438476562,g
41.18279266357422,17.763717651367188,2.9004621505737305,0.36506813764572144,0.18669694662094116,4.985256671905518,29.963558197021484,0.13045549392700195,13.385475158691406,184.13677978515625,g
42.090179443359375,13.667950630187988,2.7424964904785156,0.3412758409976959,0.20073075592517853,22.15593719482422,13.881210327148438,0.6246224641799927,25.322322845458984,193.78001403808594,g
33.98381805419922,10.907352447509766,2.468630790710449,0.4710462689399719,0.30415743589401245,11.750211715698242,7.047670364379883,-0.8126487731933594,50.18468475341797,188.9186553955078,g
39.39800262451172,17.725566864013672,2.8194801807403564,0.3304877281188965,0.16899846494197845,19.22150421142578,21.712955474853516,0.500950813293457,21.99291229248047,170.4108123779297,g
20.221420288085938,8.403721809387207,2.434983968734741,0.5348426103591919,0.33201658725738525,2.4767236709594727,13.231752395629883,-0.5278785228729248,23.372596740722656,178.29307556152344,g
66.21501922607422,20.125839233398438,2.9394590854644775,0.2871430814266205,0.15024331212043762,1.783860683441162,16.959976196289062,-0.02911946177482605,34.87673568725586,181.08111572265625,g
66.94449615478516,30.06317710876465,3.155221700668335,0.28476735949516296,0.15723678469657898,-39.828250885009766,18.67209243774414,-0.04849746823310852,7.491449356079102,223.6110382080078,g
66.06793212890625,27.406572341918945,3.188732147216797,0.1714126616716385,0.08111816644668579,12.72956657409668,35.89189529418945,0.5523136854171753,12.18567180633545,209.0075225830078,g
245.28561401367188,92.04286193847656,4.146450042724609,0.031335651874542236,0.03982841968536377,-122.24669647216797,-98.24385070800781,7.238259315490723,48.71234893798828,334.82000732421875,h
68.10381317138672,27.29303550720215,3.0962717533111572,0.19731609523296356,0.11762480437755585,20.40381622314453,34.53813171386719,0.3969201147556305,13.2131929397583,220.8627471923828,g
39.12227249145508,12.65566635131836,2.794296979904175,0.38205334544181824,0.18384402990341187,17.08726692199707,14.963887214660645,1.0289279222488403,23.347352981567383,185.11370849609375,g
144.75711059570312,60.49903106689453,3.604928731918335,0.07834500074386597,0.02571740746498108,-50.681331634521484,-31.422569274902344,3.8779938220977783,45.76335525512695,227.48434448242188,h
54.03529739379883,24.079343795776367,3.006714344024658,0.24305720627307892,0.1281452178955078,-7.267325401306152,32.83991241455078,-0.2125817835330963,10.463479995727539,200.08755493164062,g
16.799476623535156,11.113382339477539,2.0206730365753174,0.7632771730422974,0.48238036036491394,-4.3837103843688965,-3.876828193664551,-1.647910714149475,50.943511962890625,185.92660522460938,h
66.1748046875,30.526159286499023,3.2414591312408447,0.15667985379695892,0.08079607784748077,11.819509506225586,43.79267883300781,0.1847146600484848,9.219352722167969,218.66104125976562,g
27.87060546875,11.73714828491211,2.4926564693450928,0.5382403135299683,0.29504749178886414,11.668170928955078,0.47600555419921875,0.9441627264022827,27.862350463867188,139.74378967285156,h
33.376739501953125,8.895601272583008,2.4136364459991455,0.530417799949646,0.34151315689086914,-1.326878547668457,-4.811016082763672,-0.2588382661342621,52.301856994628906,147.69793701171875,g
32.591819763183594,17.604454040527344,2.5975723266601562,0.39661747217178345,0.2214924842119217,23.070404052734375,2.9049906730651855,0.6846864819526672,30.700435638427734,134.45468139648438,h
93.94189453125,34.198997497558594,3.3513619899749756,0.17812955379486084,0.08951122313737869,-16.479537963867188,6.940095901489258,1.14396333694458,7.663393020629883,247.2059326171875,g
32.152244567871094,10.893532752990723,2.449463129043579,0.534443736076355,0.3304447829723358,9.570636749267578,11.877161026000977,-0.6216992139816284,49.601356506347656,201.45379638671875,g
36.766029357910156,7.6978960037231445,2.5332565307617188,0.6093978881835938,0.31295233964920044,7.144606113433838,2.692920684814453,1.0188069343566895,50.778564453125,193.36328125,g
34.27661895751953,12.888083457946777,2.7803690433502197,0.4021342992782593,0.19984205067157745,12.748586654663086,22.872230529785156,0.5905444025993347,20.726337432861328,181.9431610107422,g
82.09466552734375,25.362796783447266,3.143134117126465,0.19903983175754547,0.08198176324367523,-0.4262681007385254,-0.4928398132324219,1.6940662860870361,44.18643569946289,175.97381591796875,g
68.45978546142578,35.71504211425781,3.3308815956115723,0.14825698733329773,0.09131680428981781,5.856719493865967,59.7086067199707,-0.8058538436889648,2.2502384185791016,245.32350158691406,g
69.15113830566406,32.70677947998047,3.214959144592285,0.16484101116657257,0.09966696798801422,21.08634376525879,40.41836166381836,0.6228487491607666,15.116414070129395,232.54998779296875,g
46.91054153442383,13.696852684020996,2.8002877235412598,0.35391148924827576,0.17409229278564453,0.5314068794250488,-4.672774314880371,1.6807197332382202,27.801239013671875,166.13882446289062,g
104.39262390136719,43.35634994506836,3.3508851528167725,0.09720894694328308,0.05762682855129242,7.665320873260498,18.71588897705078,1.5216618776321411,44.76235580444336,237.51434326171875,h
48.97748947143555,22.0211238861084,3.0772557258605957,0.22198577225208282,0.10212100297212601,19.59476661682129,33.538909912109375,0.6432081460952759,19.612667083740234,200.43373107910156,g
72.814697265625,25.62763214111328,3.0719001293182373,0.28239813446998596,0.1544698029756546,-13.004343032836914,8.229071617126465,0.12413287162780762,6.269710540771484,232.63182067871094,g
22.031522750854492,15.186881065368652,2.4525201320648193,0.46974918246269226,0.28636208176612854,7.436540126800537,15.084376335144043,-0.7820478677749634,21.581222534179688,130.58352661132812,h
36.44932556152344,20.15570640563965,2.572422504425049,0.43763402104377747,0.2593275308609009,6.38205099105835,22.530521392822266,-1.406247854232788,41.96031188964844,175.8308563232422,h
22.773088455200195,17.81793212890625,2.533442974090576,0.4030640125274658,0.23635908961296082,18.943317413330078,15.675294876098633,-0.28088322281837463,29.042354583740234,155.35336303710938,g
52.13435363769531,16.718225479125977,2.841799736022949,0.32781416177749634,0.188198521733284,5.9414849281311035,14.861645698547363,0.1639491766691208,14.820573806762695,193.37644958496094,g
68.18827819824219,30.42060089111328,3.220658540725708,0.20611199736595154,0.09687045216560364,4.905974864959717,41.18155288696289,0.13277959823608398,6.996496200561523,230.86309814453125,g
81.58312225341797,40.01373291015625,3.35434627532959,0.0958268940448761,0.06289021670818329,14.042083740234375,47.7667350769043,0.15534727275371552,8.17459487915039,255.46835327148438,g
96.95846557617188,30.38634490966797,3.200805425643921,0.2119302749633789,0.11405055224895477,2.8313241004943848,-3.3167619705200195,0.4921097457408905,32.57251739501953,220.47755432128906,h
34.488014221191406,20.241506576538086,2.609161853790283,0.4120582938194275,0.22689056396484375,10.884721755981445,12.280945777893066,0.2302531898021698,22.756946563720703,130.983642578125,h
48.260528564453125,16.282033920288086,2.935062885284424,0.313222736120224,0.16002172231674194,9.147985458374023,26.301559448242188,0.24408003687858582,13.324485778808594,195.17855834960938,g
38.416282653808594,12.223724365234375,2.6546032428741455,0.5049546360969543,0.25989699363708496,-3.866133451461792,5.473970413208008,0.21952244639396667,44.23569107055664,142.83018493652344,h
8.899871826171875,8.962217330932617,2.078805446624756,0.6543467044830322,0.4297627806663513,5.822971820831299,-3.109799385070801,-0.5758768320083618,34.23067092895508,148.11474609375,h
246.2617950439453,68.9755859375,5.154612064361572,0.10645449161529541,0.018209248781204224,-80.21424102783203,-128.53219604492188,17.693208694458008,100.64213562011719,242.3754119873047,h
47.74216079711914,19.472970962524414,2.921271324157715,0.3165472149848938,0.16940848529338837,15.079122543334961,29.274986267089844,0.413308322429657,17.662822723388672,201.7473907470703,g
62.57701873779297,32.919700622558594,3.228983163833618,0.16354034841060638,0.08991645276546478,3.879828929901123,55.9655876159668,-0.9116858243942261,2.3403873443603516,229.12258911132812,g
74.64581298828125,46.38166046142578,3.4920969009399414,0.09173288941383362,0.06294144690036774,-7.0042924880981445,60.739532470703125,-0.6449459791183472,5.323413848876953,261.8874816894531,g
60.40190124511719,21.92285919189453,2.983363389968872,0.2626814544200897,0.1394176483154297,15.760128021240234,18.3258056640625,0.8671935796737671,17.014312744140625,179.81503295898438,g
22.794370651245117,7.700329780578613,2.3882365226745605,0.6477664113044739,0.3606446087360382,2.1671180725097656,4.578163146972656,0.47844281792640686,23.20096778869629,163.3431396484375,g
28.190025329589844,14.13465690612793,2.7263736724853516,0.40338268876075745,0.22207818925380707,0.779172420501709,29.271263122558594,-0.579216480255127,16.40422821044922,182.13571166992188,g
84.705810546875,27.783878326416016,2.9246206283569336,0.35001373291015625,0.23072826862335205,-40.176292419433594,-1.9150381088256836,-0.06434011459350586,34.95616912841797,232.6999053955078,g
26.946571350097656,9.2830171585083,2.264946460723877,0.6573245525360107,0.3774585723876953,0.2623105049133301,-7.290139198303223,0.12162582576274872,54.97710418701172,164.86032104492188,g
101.65560913085938,30.0028018951416,3.4678843021392822,0.13402223587036133,0.051960647106170654,-2.0240278244018555,1.4241743087768555,2.7483372688293457,45.85022735595703,219.92466735839844,g
50.90461730957031,18.6069278717041,2.8529012203216553,0.32365602254867554,0.18464481830596924,-2.289346694946289,22.73773193359375,0.3930659890174866,16.561201095581055,191.64402770996094,g
67.69410705566406,25.61501121520996,3.137753486633301,0.24551180005073547,0.13084417581558228,-3.5993456840515137,14.905152320861816,0.2949110269546509,8.377378463745117,206.1988525390625,g
26.645305633544922,11.360880851745605,2.2166450023651123,0.6054261922836304,0.405411958694458,2.966549873352051,4.167669773101807,-1.5943388938903809,48.12239074707031,168.79493713378906,h
97.49615478515625,40.455169677734375,3.177800416946411,0.32192397117614746,0.17870254814624786,-51.06556701660156,-40.76367950439453,-0.4413622319698334,35.80926513671875,305.2135314941406,h
91.66032409667969,41.08284378051758,3.2916746139526367,0.21160447597503662,0.12324202060699463,-28.91738510131836,11.08704948425293,-0.7969905138015747,28.218290328979492,263.47088623046875,h
28.73501205444336,10.71196174621582,2.6615564823150635,0.4816722869873047,0.2317124903202057,13.39738655090332,13.378957748413086,1.0181574821472168,24.07842254638672,159.89564514160156,g
53.59410858154297,17.221372604370117,2.6919679641723633,0.5430688261985779,0.25788071751594543,-17.491039276123047,2.3646240234375,0.6013740301132202,38.21394348144531,168.21165466308594,h
108.4218978881836,53.51514434814453,3.1549739837646484,0.4397547245025635,0.24576056003570557,-69.60133361816406,-61.56306838989258,-0.5513225793838501,35.78313446044922,337.26300048828125,h
69.02286529541016,25.203807830810547,3.1037182807922363,0.28586632013320923,0.14201095700263977,-5.631054878234863,14.05881404876709,0.5414686799049377,8.515506744384766,223.27267456054688,g
34.77738952636719,14.127114295959473,2.828400135040283,0.33818063139915466,0.17915044724941254,11.32491683959961,27.99392318725586,0.18463930487632751,19.279769897460938,179.88453674316406,g
29.92997169494629,15.48104190826416,2.5893611907958984,0.47315555810928345,0.23728729784488678,18.91002655029297,5.271854877471924,1.0618104934692383,27.318328857421875,130.05795288085938,h
28.21492576599121,16.162601470947266,2.553011417388916,0.4280613660812378,0.23841136693954468,21.06829261779785,7.6371660232543945,0.5513420104980469,31.057758331298828,153.9001007080078,g
100.87066650390625,46.929039001464844,3.059643507003784,0.25986185669898987,0.19000110030174255,-66.90853118896484,-3.3907251358032227,-1.1994937658309937,29.544504165649414,266.5070495605469,h
37.659610748291016,16.119115829467773,2.7934560775756836,0.38663846254348755,0.19645875692367554,13.100351333618164,25.375957489013672,0.25275787711143494,18.155057907104492,187.61277770996094,g
44.44557189941406,19.131595611572266,2.7445108890533447,0.36600589752197266,0.2208023965358734,7.5344462394714355,27.561355590820312,-1.1345698833465576,39.500205993652344,181.99392700195312,g
25.0122127532959,10.732144355773926,2.545888900756836,0.4421045780181885,0.26129886507987976,11.048652648925781,12.587584495544434,-0.10970044136047363,24.775781631469727,157.93023681640625,g
62.08631896972656,25.015050888061523,3.165562868118286,0.2558898627758026,0.13354361057281494,-0.24341678619384766,29.735767364501953,0.4397471249103546,9.884054183959961,202.89952087402344,g
53.33659362792969,26.234453201293945,3.2225418090820312,0.2186371237039566,0.09767493605613708,6.693361759185791,43.32948684692383,-0.023853331804275513,9.942022323608398,210.72801208496094,g
47.69902038574219,18.30583381652832,2.730987071990967,0.4422094523906708,0.24664999544620514,-13.393131256103516,7.851401329040527,-0.28710493445396423,12.823331832885742,212.38848876953125,g
31.787492752075195,5.540773391723633,2.4252049922943115,0.5122387409210205,0.3200899362564087,6.823620319366455,-6.542353630065918,-0.26322969794273376,52.474361419677734,164.54319763183594,g
39.08865737915039,13.131071090698242,2.7563791275024414,0.41046297550201416,0.22492492198944092,10.212350845336914,21.048542022705078,0.5384001135826111,18.896427154541016,180.60061645507812,g
26.736005783081055,11.68979263305664,2.2146713733673096,0.6174087524414062,0.3754338026046753,4.793629169464111,-9.755520820617676,-0.4378296434879303,56.21559143066406,164.842529296875,h
71.70510864257812,32.26678466796875,3.244016647338867,0.1553276628255844,0.08765816688537598,16.842811584472656,45.435035705566406,0.3931754231452942,9.770788192749023,227.1139678955078,g
57.85221481323242,24.343679428100586,2.9717111587524414,0.28713953495025635,0.1612711399793625,-3.520200729370117,21.332889556884766,-0.9298443794250488,6.280935287475586,230.13641357421875,g
70.9341049194336,29.198678970336914,3.3360798358917236,0.21728381514549255,0.11644560843706131,-13.003755569458008,27.490192413330078,0.5651870965957642,7.181221008300781,222.54013061523438,g
62.81090545654297,22.995386123657227,3.1364097595214844,0.22784188389778137,0.11506564170122147,4.748635768890381,25.670486450195312,0.4309205412864685,10.036714553833008,202.62330627441406,g
2.496723175048828,3.244810104370117,1.9908567667007446,0.6484286785125732,0.43157780170440674,8.021829605102539,-15.493830680847168,-1.166696548461914,65.55325317382812,141.2959442138672,g
30.169076919555664,8.284505844116211,2.5052576065063477,0.5241992473602295,0.2836377024650574,18.408693313598633,11.276795387268066,-0.06370469927787781,48.55907440185547,165.08045959472656,g
97.59359741210938,41.726829528808594,3.3740930557250977,0.11825507879257202,0.08267749845981598,0.9748101234436035,32.864192962646484,-0.2888980805873871,-1.0164642333984375,279.85223388671875,g
45.30352783203125,18.805572509765625,2.8157408237457275,0.31293514370918274,0.19122378528118134,7.232115268707275,22.880481719970703,-1.2871601581573486,41.512733459472656,209.39210510253906,g
92.60371398925781,50.71120071411133,3.2018465995788574,0.2162405252456665,0.13872984051704407,-73.35472869873047,18.90155792236328,-1.2303273677825928,28.617036819458008,257.5920715332031,h
70.70594024658203,27.275711059570312,3.008579730987549,0.29997703433036804,0.17231425642967224,-17.09603500366211,20.416004180908203,0.1778113842010498,8.037593841552734,224.7298126220703,g
20.32663345336914,5.308601379394531,2.4350879192352295,0.5252698659896851,0.3248932957649231,7.259138584136963,8.983556747436523,-0.07236292958259583,26.01746368408203,174.47103881835938,g
67.59480285644531,30.673471450805664,3.2016115188598633,0.17344245314598083,0.10666069388389587,11.167842864990234,47.87844467163086,-0.26007363200187683,7.268871307373047,229.29933166503906,g
146.34695434570312,58.587982177734375,3.6796042919158936,0.12791681289672852,0.07907210290431976,-41.40267562866211,-33.733680725097656,0.9661469459533691,28.002538681030273,302.9744567871094,h
37.174625396728516,12.805411338806152,2.5564379692077637,0.5530006289482117,0.31781530380249023,4.832494258880615,9.512138366699219,-0.088298499584198,48.59894561767578,205.4576416015625,g
41.50178146362305,14.372878074645996,2.790161609649658,0.37236806750297546,0.19260333478450775,0.7218589782714844,16.51573944091797,0.508102297782898,16.673114776611328,149.27821350097656,g
38.87528991699219,20.475921630859375,2.817814588546753,0.2748263478279114,0.13730373978614807,-0.4192824363708496,16.644901275634766,-0.06457021832466125,21.228647232055664,175.65310668945312,g
40.6304931640625,14.943811416625977,2.8673975467681885,0.3015614151954651,0.15411080420017242,11.429162979125977,18.702482223510742,0.27469295263290405,17.857925415039062,163.67022705078125,g
51.50579833984375,18.56717872619629,2.794034719467163,0.3730841875076294,0.17896448075771332,12.381063461303711,-0.4301471710205078,0.5733761787414551,45.80641174316406,137.17596435546875,h
25.618125915527344,18.45393943786621,2.4331400394439697,0.46847712993621826,0.2800036370754242,19.198619842529297,11.722721099853516,0.05558893084526062,31.351173400878906,167.43875122070312,g
37.29377746582031,15.166961669921875,2.7588295936584473,0.37171995639801025,0.17461568117141724,15.898700714111328,6.909914493560791,0.9915673732757568,23.41230010986328,136.9186553955078,g
39.9116096496582,11.886758804321289,2.760103464126587,0.37833675742149353,0.21618904173374176,13.597627639770508,20.212501525878906,0.7216973900794983,22.308725357055664,182.9742431640625,g
51.37974548339844,15.43093490600586,2.726212501525879,0.5421947836875916,0.2536446452140808,2.7106690406799316,-0.4721202850341797,1.4958314895629883,46.03277587890625,161.9805908203125,h
28.94156837463379,12.500650405883789,2.5832254886627197,0.49293485283851624,0.2586715817451477,14.070760726928711,11.829607009887695,0.8854959011077881,26.051651000976562,161.06143188476562,g
38.55112075805664,10.814443588256836,2.573117256164551,0.46923258900642395,0.2698820233345032,2.845278263092041,-0.8670368194580078,0.7006610631942749,55.75933837890625,163.7235565185547,g
44.4344482421875,13.458830833435059,2.7858457565307617,0.3338039219379425,0.17496182024478912,13.747478485107422,3.3564038276672363,0.6564210653305054,20.576976776123047,158.47015380859375,g
46.374576568603516,20.52411651611328,2.847271203994751,0.29911887645721436,0.16533228754997253,23.85712432861328,23.783824920654297,0.44575172662734985,21.169517517089844,182.423583984375,g
2.447998046875,2.789266586303711,2.1018993854522705,0.8048446178436279,0.4419175386428833,5.810554027557373,-1.8968620300292969,0.68381667137146,34.635032653808594,181.82168579101562,g
47.830013275146484,25.070011138916016,2.797305107116699,0.32209229469299316,0.15846526622772217,4.637930393218994,12.743413925170898,0.7988086938858032,25.070756912231445,181.74806213378906,g
29.466745376586914,18.836679458618164,2.371657609939575,0.5059362649917603,0.3555971086025238,-2.9505021572113037,5.721318244934082,-2.034189462661743,48.286888122558594,166.7163848876953,h
88.09228515625,37.48256301879883,3.243262529373169,0.2858831584453583,0.1431303173303604,-26.97810935974121,-22.79519271850586,1.33688223361969,43.28569030761719,193.09616088867188,h
133.8904266357422,49.12922668457031,3.532928466796875,0.11310967803001404,0.08983732759952545,-34.88272476196289,1.7708864212036133,2.006415605545044,35.5360221862793,260.0850524902344,h
56.922874450683594,36.47721481323242,3.1855759620666504,0.1740104705095291,0.12167938798666,-22.309385299682617,50.640541076660156,-2.4289329051971436,29.92454719543457,228.80380249023438,g
79.6102066040039,37.94877624511719,3.0863261222839355,0.214756041765213,0.10166587680578232,-49.25584411621094,3.6326112747192383,0.23104500770568848,41.146148681640625,211.96185302734375,h
26.397397994995117,12.524164199829102,2.3827874660491943,0.6095806956291199,0.3178563117980957,9.705202102661133,-8.08155345916748,1.5947226285934448,34.313270568847656,151.49989318847656,h
86.32078552246094,40.086307525634766,3.4167709350585938,0.13985037803649902,0.0705232173204422,-0.036174774169921875,23.948837280273438,0.19355100393295288,35.089012145996094,202.7686767578125,h
17.647979736328125,7.941579818725586,2.3896992206573486,0.5409680604934692,0.3266374170780182,7.716524600982666,5.781754970550537,0.13227222859859467,30.056344985961914,164.70330810546875,g
40.86766815185547,21.425586700439453,3.0077085494995117,0.248127281665802,0.11680911481380463,-11.972513198852539,38.87388229370117,-0.10862112045288086,13.600172996520996,175.53665161132812,g
39.68730545043945,12.467350006103516,2.566873550415039,0.43453821539878845,0.24501994252204895,6.439774990081787,-8.066018104553223,0.6931182146072388,57.33948516845703,150.94338989257812,g
23.483884811401367,10.114476203918457,2.1196186542510986,0.8969776034355164,0.4721425771713257,-4.082206726074219,-10.911486625671387,0.7811741828918457,50.94169616699219,153.09292602539062,h
11.938640594482422,8.30873966217041,2.2066574096679688,0.5960887670516968,0.3946724534034729,-4.183279514312744,7.633030891418457,-0.9658503532409668,28.778568267822266,184.4622344970703,g
30.91573715209961,10.4163179397583,2.4797821044921875,0.577389657497406,0.30032020807266235,9.101400375366211,-6.474030494689941,1.473854422569275,28.549968719482422,152.8015899658203,g
102.38357543945312,50.141361236572266,3.5866241455078125,0.05874454975128174,0.054773569107055664,-9.984728813171387,48.44426345825195,-0.48238882422447205,-3.8843631744384766,293.4668884277344,g
20.093551635742188,8.556267738342285,2.2428970336914062,0.626188337802887,0.37184691429138184,11.496994018554688,-3.735215187072754,-0.22490349411964417,58.040008544921875,164.50955200195312,g
53.51725387573242,20.31194305419922,2.971928834915161,0.2755824327468872,0.12652353942394257,17.503286361694336,8.566927909851074,1.6259303092956543,22.880212783813477,129.28375244140625,h
43.727787017822266,18.306303024291992,2.53889536857605,0.4067346453666687,0.2595009505748749,14.577119827270508,7.4257636070251465,-0.20968613028526306,52.62397766113281,172.43165588378906,g
63.16394805908203,33.68101119995117,3.21124529838562,0.16450031101703644,0.09816116094589233,-11.80093765258789,36.58473205566406,-1.9607497453689575,27.779277801513672,195.69851684570312,h
53.90250015258789,25.891948699951172,3.1592540740966797,0.24751755595207214,0.13448704779148102,-4.759523868560791,46.027610778808594,-0.28631195425987244,6.956438064575195,209.7238006591797,g
16.54608917236328,3.0168285369873047,2.2380077838897705,0.6312659978866577,0.4041849374771118,0.6275472640991211,1.4914178848266602,0.003192216157913208,29.99993133544922,178.0026397705078,g
40.39842987060547,12.175209999084473,2.8264496326446533,0.4208486080169678,0.19925622642040253,10.542823791503906,19.075885772705078,1.1435933113098145,19.15076446533203,185.92666625976562,g
193.08779907226562,79.19873809814453,4.185506343841553,0.009408831596374512,0.027289971709251404,-36.99595642089844,-28.25827407836914,4.8558149337768555,36.79364013671875,306.9397888183594,h
68.60173797607422,21.74620819091797,3.0015599727630615,0.3135450780391693,0.16094692051410675,3.3928918838500977,8.748842239379883,0.7221966981887817,38.13661193847656,152.626220703125,h
75.05204772949219,32.50423812866211,3.18162202835083,0.20891904830932617,0.12307452410459518,-7.41923713684082,28.441112518310547,-0.47683361172676086,3.9834861755371094,249.35560607910156,g
91.63484191894531,39.25585174560547,3.403900146484375,0.1584961861371994,0.09103474020957947,-24.14691162109375,22.291000366210938,-0.09776008129119873,0.8363857269287109,264.63275146484375,g
88.95297241210938,41.579952239990234,3.374126434326172,0.13676193356513977,0.09340329468250275,-4.773738384246826,43.249141693115234,-0.5895932912826538,-0.476837158203125,275.1238098144531,g
5.8636474609375,3.4947433471679688,2.1887662410736084,0.6086893081665039,0.39102399349212646,-6.589717388153076,8.728845596313477,-1.3857847452163696,24.921751022338867,177.70567321777344,g
32.448829650878906,15.370990753173828,2.7128098011016846,0.4036608636379242,0.23203693330287933,9.11983871459961,17.894214630126953,0.026582390069961548,22.014039993286133,168.6721954345703,g
124.61802673339844,66.03791046142578,3.345473051071167,0.17006996273994446,0.1152052953839302,-93.6103744506836,-23.48792266845703,-0.0022753775119781494,33.825462341308594,249.24905395507812,h
59.7702522277832,24.20635986328125,2.659909248352051,0.5111232995986938,0.256473571062088,-20.32131004333496,-23.968502044677734,1.3026776313781738,52.40923309326172,177.47157287597656,h
31.270544052124023,14.453123092651367,2.818772554397583,0.39677518606185913,0.20189239084720612,2.3011422157287598,19.24770164489746,0.14747712016105652,20.380043029785156,186.8091278076172,g
6.740623474121094,5.744241714477539,2.149569034576416,0.686546802520752,0.4242383539676666,3.118867874145508,5.335435390472412,-0.4842585027217865,30.284574508666992,179.44956970214844,g
21.51987075805664,10.966529846191406,2.4834930896759033,0.5564088821411133,0.28180718421936035,12.422380447387695,1.292048454284668,0.9745054244995117,28.150644302368164,128.2947998046875,h
35.956878662109375,18.435199737548828,2.5674633979797363,0.471979022026062,0.265596479177475,7.919116497039795,16.07050895690918,-0.8244850635528564,44.827091217041016,174.47113037109375,g
5.805030822753906,7.805519104003906,2.069645404815674,0.7007178664207458,0.424990177154541,3.6441197395324707,-10.372355461120605,0.09487852454185486,35.916175842285156,129.00819396972656,h
27.29269790649414,7.959650993347168,2.1131746768951416,0.7057925462722778,0.4575250744819641,-0.2967262268066406,-11.579646110534668,-0.6332007646560669,54.16797637939453,173.7899627685547,g
39.42818832397461,15.724668502807617,2.6967806816101074,0.3684867322444916,0.2164803445339203,-3.9159655570983887,12.312533378601074,-0.06614577770233154,19.982585906982422,185.80496215820312,g
86.27263641357422,31.58233642578125,3.190350294113159,0.3288210928440094,0.15591080486774445,-19.31314468383789,13.256336212158203,2.059576988220215,10.971637725830078,221.2366180419922,g
53.18231964111328,11.155739784240723,3.009247303009033,0.2980395555496216,0.14256951212882996,6.944823741912842,10.93038558959961,1.5385798215866089,17.871421813964844,171.59353637695312,g
12.370410919189453,3.1468029022216797,2.137925863265991,0.7285617589950562,0.44798022508621216,-2.9052774906158447,-3.1431779861450195,0.11946424841880798,30.311450958251953,170.47988891601562,g
78.60617065429688,23.011789321899414,3.1307270526885986,0.28244322538375854,0.16839121282100677,-6.073878288269043,19.577117919921875,0.09934398531913757,31.16535186767578,219.8023223876953,g
66.23841857910156,33.18917465209961,2.882472038269043,0.2866242825984955,0.14680664241313934,-30.115581512451172,-9.544520378112793,-0.06998920440673828,45.49034881591797,177.24496459960938,h
31.167253494262695,10.18851089477539,2.6970396041870117,0.37552839517593384,0.20646503567695618,11.550642013549805,14.754518508911133,0.0019100606441497803,21.01746940612793,174.84951782226562,g
78.08183288574219,29.609737396240234,3.2763686180114746,0.29529303312301636,0.1348569393157959,-19.313188552856445,12.69894790649414,1.1427874565124512,6.085407257080078,227.13710021972656,g
85.55683898925781,52.04615020751953,3.5383081436157227,0.08357787132263184,0.057456523180007935,-12.862443923950195,55.870025634765625,-1.2416377067565918,28.006467819213867,244.141845703125,h
78.85559844970703,17.776649475097656,3.114178419113159,0.3018803298473358,0.14446748793125153,5.134714603424072,6.0825090408325195,1.3395276069641113,37.54161834716797,206.22503662109375,g
136.60939025878906,51.695228576660156,3.5000762939453125,0.1343047320842743,0.0733419805765152,-63.269161224365234,-26.929759979248047,2.820622682571411,42.58104705810547,255.4167938232422,h
67.27549743652344,38.45719909667969,2.9696943759918213,0.21125322580337524,0.10444259643554688,-13.635881423950195,19.41409683227539,-1.0644539594650269,36.26569366455078,171.61839294433594,h
68.61903381347656,38.2275276184082,3.3876638412475586,0.1648181974887848,0.08319658041000366,-3.594316244125366,39.420921325683594,0.44461020827293396,12.473090171813965,238.5367889404297,g
68.24946594238281,38.960105895996094,3.362607479095459,0.12219572067260742,0.07750661671161652,0.43082714080810547,58.51911544799805,-1.4883768558502197,0.2991504669189453,260.7964782714844,g
45.99197006225586,14.371245384216309,2.8011934757232666,0.38139426708221436,0.20881754159927368,14.092597961425781,17.94497299194336,1.039236307144165,20.92677116394043,189.1129608154297,g
67.4875717163086,25.29529571533203,2.962291955947876,0.35836440324783325,0.17289799451828003,2.070230007171631,8.878470420837402,0.731212854385376,37.4683837890625,151.2352294921875,h
38.297996520996094,18.34769630432129,2.7715537548065186,0.4401640295982361,0.22080861032009125,5.694026470184326,31.32636260986328,0.039628177881240845,14.012626647949219,204.21957397460938,g
52.886043548583984,16.795284271240234,2.9101221561431885,0.331284761428833,0.18808194994926453,8.824506759643555,23.4417724609375,0.5909842252731323,15.397741317749023,192.10107421875,g
15.334789276123047,3.4824676513671875,2.3259458541870117,0.6800586581230164,0.3730565905570984,4.0913987159729,3.585789680480957,0.7233260869979858,27.88976287841797,174.59461975097656,g
8.3359375,4.302389144897461,2.0382375717163086,0.7722907066345215,0.45466169714927673,3.9407248497009277,-14.009516716003418,0.5989283919334412,36.91331100463867,161.5175018310547,g
76.55012512207031,24.634004592895508,3.126312494277954,0.3012199401855469,0.1745423972606659,0.7427167892456055,13.789841651916504,1.073310375213623,40.428627014160156,209.1162872314453,g
159.71022033691406,43.75688934326172,3.9339427947998047,0.09648469090461731,0.04601815342903137,-6.957776069641113,-17.606189727783203,4.8296613693237305,39.98325729370117,291.9134521484375,g
76.5044937133789,82.43311309814453,3.5829148292541504,0.21766693890094757,0.09339108318090439,-154.09083557128906,47.17498016357422,0.8265604376792908,50.53771209716797,236.14859008789062,h
32.38355255126953,11.611844062805176,2.548008680343628,0.4900463819503784,0.2635481357574463,12.633613586425781,4.838892936706543,1.0913017988204956,28.688186645507812,169.0013885498047,g
87.58015441894531,34.37938690185547,3.3800806999206543,0.22120894491672516,0.10931520164012909,-18.013275146484375,16.109344482421875,1.2494451999664307,7.234148025512695,239.67733764648438,g
61.50542449951172,24.322256088256836,2.909900426864624,0.3404814302921295,0.17578557133674622,-9.450572967529297,6.780539035797119,0.5479176044464111,42.44963455200195,137.21229553222656,h
55.34778594970703,19.151248931884766,2.811189889907837,0.3615938723087311,0.18573206663131714,-6.387281894683838,5.600895404815674,0.3129969537258148,42.535072326660156,159.4392547607422,g
83.8741455078125,36.07514190673828,3.2723388671875,0.17468029260635376,0.10617628693580627,-0.3509840965270996,31.495304107666016,-0.1781703531742096,2.921712875366211,260.8694152832031,g
38.36238098144531,16.43076515197754,2.7518882751464844,0.38584792613983154,0.20448943972587585,16.170808792114258,19.276071548461914,0.6228802800178528,22.024259567260742,176.56871032714844,g
98.99739074707031,42.58758544921875,3.435438632965088,0.10682570934295654,0.07642890512943268,-5.1775803565979,36.68490982055664,-0.266350120306015,-1.5051918029785156,280.1059875488281,g
59.47863006591797,27.68467140197754,3.2171292304992676,0.19349518418312073,0.09233088046312332,-0.8923187255859375,46.58184051513672,-0.06255921721458435,7.218729019165039,208.96238708496094,g
58.704463958740234,17.445892333984375,2.9633145332336426,0.3143541216850281,0.1579510122537613,8.588741302490234,17.53369140625,0.4284985363483429,39.34003829956055,164.0156707763672,g
62.708404541015625,20.1397762298584,2.8389525413513184,0.3417382836341858,0.18420463800430298,-16.571243286132812,-1.6544914245605469,0.1026163101196289,40.028831481933594,176.73582458496094,g
38.924339294433594,19.224817276000977,2.5200998783111572,0.5336567759513855,0.27326732873916626,-2.5733718872070312,-0.3548927307128906,0.11055637896060944,48.4285774230957,153.77032470703125,h
25.276939392089844,6.234131813049316,2.5203499794006348,0.5263633728027344,0.30501002073287964,2.7126784324645996,9.740276336669922,0.27893370389938354,22.387807846069336,164.95184326171875,g
5.080982208251953,9.199836730957031,2.0855295658111572,0.7453291416168213,0.4175250232219696,-2.1528048515319824,-10.054469108581543,0.12765778601169586,32.031795501708984,124.85858917236328,h
26.105609893798828,10.442943572998047,2.4935288429260254,0.48503533005714417,0.26830968260765076,3.4611783027648926,-0.234771728515625,0.41769251227378845,27.444793701171875,151.70648193359375,g
53.24875259399414,23.971736907958984,3.1829400062561035,0.19964729249477386,0.0945468544960022,6.427822589874268,40.184391021728516,-0.10261130332946777,9.680976867675781,205.2544403076172,g
45.1195068359375,14.354673385620117,2.690674304962158,0.49785903096199036,0.2285693883895874,-7.685383319854736,9.064003944396973,0.33199042081832886,40.77494812011719,179.05950927734375,g
41.73185348510742,21.952054977416992,2.713200092315674,0.39978131651878357,0.21366813778877258,-13.401676177978516,17.71485137939453,-0.16101589798927307,17.17685317993164,198.2216033935547,g
40.64045333862305,11.212294578552246,2.391397714614868,0.5860151052474976,0.34600991010665894,-4.955068588256836,-7.993161201477051,0.10904163122177124,49.75006103515625,178.2461395263672,g
18.008644104003906,11.869492530822754,2.3558263778686523,0.4757584035396576,0.2920214533805847,14.090999603271484,-1.262624740600586,0.2538953423500061,36.197792053222656,143.70265197753906,g
33.917991638183594,10.902558326721191,2.383894681930542,0.539842963218689,0.35220277309417725,7.756079196929932,12.76959228515625,-1.2610549926757812,44.96772766113281,193.69935607910156,g
50.8369026184082,24.32559585571289,2.9925191402435303,0.2380085289478302,0.12595579028129578,-2.7041239738464355,36.92795181274414,-0.07052034139633179,13.18322467803955,195.2050323486328,g
32.28589630126953,17.43693733215332,2.437314510345459,0.617512047290802,0.30831223726272583,9.633413314819336,3.1959495544433594,0.1303894817829132,49.120201110839844,163.8565673828125,h
56.16463851928711,19.373729705810547,2.9396812915802,0.2754819989204407,0.1472337245941162,8.814140319824219,21.106246948242188,0.6317451000213623,15.830493927001953,183.32640075683594,g
26.239782333374023,7.274209022521973,2.561004877090454,0.4897167682647705,0.27833881974220276,5.890267848968506,11.903663635253906,0.13410206139087677,21.59933853149414,168.66920471191406,g
46.940433502197266,13.249317169189453,2.879138708114624,0.3528045415878296,0.1857670694589615,5.482156276702881,19.493518829345703,0.48705223202705383,14.1005220413208,187.7907257080078,g
45.80949401855469,21.339059829711914,2.8324403762817383,0.29579025506973267,0.16954411566257477,-2.4312219619750977,25.72814178466797,-0.4655872881412506,14.635798454284668,190.31851196289062,g
38.69955825805664,11.84570026397705,2.498631477355957,0.6679512858390808,0.3288448452949524,3.282433032989502,0.8103199005126953,0.967147707939148,45.49675369262695,162.2669677734375,h
18.300357818603516,2.306497573852539,2.453794002532959,0.5205449461936951,0.30727219581604004,5.100656986236572,6.530439376831055,0.22506986558437347,26.95214080810547,163.29843139648438,g
45.6456184387207,18.679929733276367,2.830673933029175,0.3830353319644928,0.18273082375526428,-11.817998886108398,19.623504638671875,0.3672514259815216,14.447938919067383,191.702392578125,g
38.66278839111328,12.976638793945312,2.532900810241699,0.5196996927261353,0.30009618401527405,3.5049405097961426,6.220929145812988,-0.34945252537727356,44.37949752807617,150.31927490234375,h
91.7913818359375,36.60570526123047,3.3435206413269043,0.22259588539600372,0.11384701728820801,-7.907809257507324,28.002174377441406,0.7223076820373535,2.8838157653808594,263.59844970703125,g
29.633447647094727,13.679190635681152,2.757486343383789,0.3638426959514618,0.19013993442058563,9.116613388061523,24.034465789794922,-0.12855497002601624,20.227842330932617,178.98248291015625,g
113.66893005371094,42.765113830566406,3.510150909423828,0.1284448802471161,0.08781766891479492,-16.553916931152344,19.37128448486328,0.7257936000823975,-0.9381523132324219,283.04718017578125,g
48.660133361816406,10.065984725952148,2.8317325115203857,0.3970526456832886,0.2129487693309784,-3.034728527069092,11.86094856262207,0.38853126764297485,42.63312911987305,174.19717407226562,g
81.41568756103516,34.20225143432617,3.28121280670166,0.28785425424575806,0.1509333699941635,-14.03080940246582,32.11078643798828,0.5337924957275391,1.8496131896972656,249.59368896484375,g
39.51973342895508,16.45121955871582,2.689486265182495,0.36132392287254333,0.21333982050418854,6.144670009613037,17.28776741027832,0.12245647609233856,22.170366287231445,187.53456115722656,g
24.135372161865234,10.901941299438477,2.485750436782837,0.4868772625923157,0.29350030422210693,7.69592809677124,11.579763412475586,-0.2375423014163971,23.242671966552734,153.09951782226562,g
49.80242919921875,24.31614112854004,2.878815174102783,0.30480122566223145,0.15248268842697144,6.418949604034424,18.4439697265625,0.3411991596221924,49.572364807128906,179.064208984375,g
16.53493881225586,8.987504959106445,2.2727112770080566,0.5486259460449219,0.35747987031936646,4.230855464935303,5.061956882476807,-0.4379315674304962,31.26390266418457,176.392333984375,g
46.64821243286133,20.192834854125977,3.074324131011963,0.209380641579628,0.10061612725257874,13.406776428222656,38.63648223876953,0.06765949726104736,14.007098197937012,190.3310546875,g
27.131980895996094,8.627147674560547,2.398653030395508,0.5733355283737183,0.3359578549861908,2.7199249267578125,4.724967956542969,0.398829847574234,26.480710983276367,187.8808135986328,g
19.08544158935547,5.000133514404297,2.122349977493286,0.7109451293945312,0.42497745156288147,3.354783058166504,-17.471263885498047,0.24683159589767456,60.92348861694336,146.17947387695312,h
61.24692153930664,26.564870834350586,3.1641340255737305,0.18362446129322052,0.09016269445419312,11.14781379699707,43.0540657043457,-0.004107236862182617,8.636804580688477,207.3227996826172,g
22.51572608947754,6.448507308959961,2.4341049194335938,0.49885329604148865,0.3052369952201843,1.8566536903381348,3.9650321006774902,-0.11020568013191223,25.30561065673828,153.19375610351562,g
28.27903175354004,14.937870025634766,2.4839861392974854,0.468949556350708,0.2514961063861847,12.176813125610352,-0.5412464141845703,0.8032721281051636,32.47348403930664,162.69461059570312,g
8.778480529785156,2.5160293579101562,2.1974105834960938,0.6357333064079285,0.3899887204170227,-0.9284272193908691,-5.183720588684082,-0.1545451581478119,31.546222686767578,159.6216583251953,g
18.565547943115234,3.9275379180908203,2.4119255542755127,0.6227262020111084,0.3280622959136963,8.831064224243164,-1.5921173095703125,1.251197338104248,31.225616455078125,166.75889587402344,g
147.0360107421875,87.61894226074219,3.4168951511383057,0.09237474203109741,0.08361592888832092,-151.45162963867188,-19.077808380126953,-1.2126437425613403,26.127822875976562,332.4364318847656,h
66.32884216308594,26.026748657226562,2.7467312812805176,0.48751163482666016,0.2778264284133911,-22.70042610168457,-28.41192626953125,-0.5654109716415405,40.4943733215332,229.06939697265625,h
54.63611602783203,20.35066795349121,2.938812732696533,0.2929362654685974,0.14425425231456757,-3.8669018745422363,22.506290435791016,0.39256757497787476,12.481749534606934,194.01522827148438,g
58.05160140991211,24.849050521850586,3.027841329574585,0.24942855536937714,0.14780840277671814,20.986886978149414,32.99229431152344,0.5028375387191772,17.74420738220215,210.24227905273438,g
24.68790054321289,13.348196029663086,2.681954860687256,0.3946927487850189,0.24192644655704498,8.079488754272461,22.47538948059082,-0.6232378482818604,23.178234100341797,193.04493713378906,g
43.704776763916016,19.288005828857422,2.679774284362793,0.39765268564224243,0.2218092381954193,8.603404998779297,15.718267440795898,-0.7303123474121094,44.326995849609375,192.29904174804688,g
81.43690490722656,31.810823440551758,3.290660858154297,0.16872723400592804,0.10053792595863342,3.8165030479431152,31.378204345703125,0.17096245288848877,3.9017791748046875,243.49203491210938,g
51.6353759765625,20.25153350830078,2.9330406188964844,0.2861021161079407,0.13769224286079407,19.889406204223633,22.042524337768555,1.0948296785354614,20.306838989257812,179.70530700683594,g
95.12673950195312,47.3092041015625,3.7720537185668945,0.14880502223968506,0.06749585270881653,-45.158470153808594,-2.2765636444091797,1.4477334022521973,42.52821350097656,221.5880584716797,h
2.197887420654297,3.0462703704833984,2.1407113075256348,0.7023828029632568,0.4087292551994324,5.120697498321533,-3.1570281982421875,0.14463138580322266,34.63713836669922,160.48355102539062,g
37.44541931152344,13.474920272827148,2.5277066230773926,0.5563013553619385,0.2976241111755371,6.225276470184326,6.487680435180664,0.12419775128364563,46.24754333496094,156.80555725097656,h
92.06634521484375,34.48322296142578,3.353921413421631,0.14391203224658966,0.07288184762001038,0.6207613945007324,28.50726318359375,0.7208218574523926,4.215492248535156,249.36077880859375,g
15.753532409667969,8.633131980895996,2.264967679977417,0.656542181968689,0.368683397769928,13.015867233276367,-0.10857105255126953,0.5484493970870972,31.648340225219727,172.51800537109375,g
21.414764404296875,9.437193870544434,2.3729770183563232,0.5075653195381165,0.3195917010307312,13.834356307983398,2.21407413482666,-0.09091630578041077,30.05755615234375,158.0683135986328,g
23.41936683654785,10.429278373718262,2.597588300704956,0.39254292845726013,0.22188800573349,20.423124313354492,10.810226440429688,0.3133993148803711,29.49410629272461,150.40248107910156,g
128.48887634277344,36.91294860839844,3.6810874938964844,0.17388303577899933,0.08510234951972961,4.212630748748779,-41.60948944091797,5.385143756866455,57.041473388671875,189.40354919433594,h
28.46384048461914,11.435128211975098,2.7184083461761475,0.4031626284122467,0.22388865053653717,8.579854965209961,25.655736923217773,-0.2502709925174713,19.001224517822266,184.16014099121094,g
16.134723663330078,2.339151382446289,2.169825553894043,0.7731940150260925,0.44175589084625244,-1.9039645195007324,-9.18554973602295,0.8069241046905518,29.3720760345459,171.1302490234375,g
62.31035614013672,24.36965560913086,3.1842527389526367,0.22959746420383453,0.1180960088968277,8.188638687133789,32.903663635253906,0.885528564453125,13.07253646850586,207.72080993652344,g
53.72141647338867,20.598154067993164,3.104548215866089,0.253145694732666,0.11725622415542603,2.4776840209960938,31.36597442626953,0.4573940336704254,10.851612091064453,188.62977600097656,g
15.55978775024414,9.95352840423584,2.385624647140503,0.5740442872047424,0.32963091135025024,8.387575149536133,10.479116439819336,-0.10187724232673645,26.87961196899414,164.84996032714844,g
14.785900115966797,3.336162567138672,2.3771257400512695,0.6168774366378784,0.33641403913497925,8.922704696655273,5.112363338470459,0.7479985952377319,29.794099807739258,174.21925354003906,g
170.14022827148438,92.21052551269531,3.677943706512451,0.1488659679889679,0.10487840324640274,-165.57943725585938,-60.11885452270508,4.04075813293457,52.06504821777344,293.2694091796875,h
35.24395751953125,14.208727836608887,2.4458231925964355,0.6112666130065918,0.3288220763206482,0.8843441009521484,-0.13955116271972656,-0.11070969700813293,44.64954376220703,145.50489807128906,h
46.019290924072266,22.130159378051758,3.0490715503692627,0.2965787649154663,0.16576476395130157,-14.272687911987305,36.87529373168945,-0.7817180156707764,7.554708480834961,202.54403686523438,g
38.25492477416992,14.886377334594727,2.4143483638763428,0.5037167072296143,0.32815906405448914,-5.041968822479248,5.321849346160889,-1.0422931909561157,47.84535217285156,191.1873779296875,g
12.433403015136719,3.810199737548828,2.1754369735717773,0.6327657699584961,0.4004780352115631,-2.074747085571289,-4.9804487228393555,-0.32623377442359924,31.2343807220459,179.66485595703125,g
15.591259002685547,5.057695388793945,2.3651413917541504,0.5800912380218506,0.34120994806289673,7.253015041351318,8.165548324584961,0.12135490775108337,28.146827697753906,173.91368103027344,g
107.13648986816406,41.756072998046875,3.3282926082611084,0.17364443838596344,0.06810157001018524,-32.90704345703125,-22.18020248413086,2.071958303451538,44.231300354003906,208.44261169433594,h
56.89420700073242,24.00542449951172,2.7115604877471924,0.41920945048332214,0.21293708682060242,-0.9615993499755859,1.1223630905151367,0.43124860525131226,45.54701232910156,163.77427673339844,h
162.06024169921875,89.97211456298828,3.7701568603515625,0.03392273187637329,0.045839786529541016,-118.2920913696289,-2.504152297973633,0.9201517105102539,28.181461334228516,294.15606689453125,h
30.74275016784668,12.382997512817383,2.6890363693237305,0.49525707960128784,0.24353298544883728,7.852924823760986,22.47955322265625,0.5269400477409363,18.476303100585938,187.57925415039062,g
54.191368103027344,23.081525802612305,3.0899882316589355,0.19541071355342865,0.10184372961521149,16.066171646118164,40.78655242919922,-0.028679072856903076,12.365570068359375,205.14181518554688,g
19.450180053710938,6.8460893630981445,2.360121726989746,0.5384409427642822,0.3371063470840454,11.174795150756836,5.453329086303711,-0.1825326383113861,28.96476173400879,180.91636657714844,g
60.383949279785156,24.244796752929688,3.052273750305176,0.19462986290454865,0.10541532933712006,20.6522159576416,28.943824768066406,0.6427002549171448,18.503128051757812,210.2160186767578,g
46.314453125,22.06944465637207,3.0135912895202637,0.21529987454414368,0.11221786588430405,21.49887466430664,37.60404586791992,0.13781878352165222,18.022403717041016,198.06103515625,g
26.14007568359375,8.663884162902832,2.3355636596679688,0.5616456270217896,0.36078521609306335,3.9922995567321777,-8.047245979309082,0.10640467703342438,28.4073543548584,155.86865234375,g
94.22883605957031,40.49684143066406,3.4301981925964355,0.15323546528816223,0.10479391366243362,-5.674036502838135,40.59807586669922,0.16560544073581696,-0.406494140625,266.401611328125,g
86.77432250976562,41.32633972167969,3.2339658737182617,0.19954584538936615,0.11135619133710861,-30.566303253173828,4.4396281242370605,-1.1521286964416504,28.319921493530273,236.26031494140625,h
57.923553466796875,36.063201904296875,2.7821600437164307,0.36250028014183044,0.16160057485103607,-32.241756439208984,-1.1498222351074219,-0.5416533946990967,42.0890998840332,177.4823760986328,h
51.25022506713867,11.928160667419434,2.81923770904541,0.3256244659423828,0.194542795419693,14.514320373535156,18.463611602783203,-0.12019902467727661,42.18484878540039,180.1143035888672,g
36.64051055908203,11.438775062561035,2.799805164337158,0.37056973576545715,0.19741927087306976,5.525110721588135,15.4320068359375,0.491616427898407,20.35370445251465,170.2686004638672,g
39.019832611083984,16.569841384887695,2.7895984649658203,0.37256506085395813,0.20917311310768127,9.663856506347656,24.865734100341797,-0.09273043274879456,17.355493545532227,194.66685485839844,g
152.50123596191406,53.29541778564453,3.5858237743377686,0.23877008259296417,0.15707990527153015,-90.83839416503906,-52.90749740600586,5.232814788818359,50.66712188720703,247.46510314941406,h
43.73503875732422,12.587080955505371,2.450277805328369,0.5716121196746826,0.34314361214637756,2.7491159439086914,2.694037914276123,0.25540173053741455,50.68457794189453,204.6716766357422,g
33.30790328979492,11.728647232055664,2.692499876022339,0.3968345522880554,0.2388928383588791,4.6857991218566895,22.981361389160156,-0.3200438916683197,17.091053009033203,176.60299682617188,g
51.20866012573242,21.27943992614746,2.875274181365967,0.2890684902667999,0.1593858301639557,12.487760543823242,22.498016357421875,0.7341934442520142,21.955280303955078,195.08071899414062,g
19.380905151367188,6.943606376647949,2.262611150741577,0.7139924764633179,0.3926469683647156,-4.71462345123291,-0.051758766174316406,0.5950870513916016,26.579748153686523,186.5236053466797,g
41.58199691772461,14.546940803527832,2.6399178504943848,0.44834738969802856,0.23188191652297974,-1.3227832317352295,-1.563307762145996,-0.3063131868839264,45.36592102050781,173.6776580810547,g
90.25546264648438,37.28449249267578,3.198547124862671,0.23559147119522095,0.10114756226539612,-66.18756866455078,-5.439725875854492,0.4607558250427246,34.961708068847656,218.8666534423828,h
69.77021789550781,32.126102447509766,3.3319971561431885,0.13475404679775238,0.06938628852367401,14.416263580322266,46.92838668823242,0.4219224750995636,10.74099349975586,221.03622436523438,g
35.66297149658203,13.27334213256836,2.839935302734375,0.3483492434024811,0.17397697269916534,5.2751336097717285,24.213211059570312,0.1636521816253662,16.438552856445312,171.0026092529297,g
71.17617797851562,36.798946380615234,3.350886106491089,0.13801176846027374,0.0832635909318924,-1.6927905082702637,46.870540618896484,-0.8126654624938965,2.6645469665527344,249.51170349121094,g
22.555328369140625,11.622957229614258,2.438476085662842,0.538887619972229,0.31816521286964417,6.368051052093506,10.203943252563477,-0.10210666060447693,23.943565368652344,153.01234436035156,g
47.10158920288086,20.664306640625,2.7862093448638916,0.30903199315071106,0.19064073264598846,6.360461711883545,27.547496795654297,-0.2583671510219574,17.05069923400879,201.5474853515625,g
76.22740936279297,41.53270721435547,3.449723958969116,0.08100652694702148,0.04192633926868439,0.5369086265563965,51.27590560913086,-0.32820770144462585,4.838474273681641,247.47093200683594,g
161.70703125,65.41645812988281,3.80610728263855,0.08124417066574097,0.064943328499794,-74.99432373046875,-6.271946907043457,3.9782166481018066,37.67585754394531,275.6619873046875,h
48.87323760986328,26.47418212890625,3.1127235889434814,0.2707386612892151,0.14842766523361206,-7.53096866607666,47.70280075073242,-0.773310661315918,6.934244155883789,212.16189575195312,g
52.88229751586914,31.23639488220215,3.286827802658081,0.20160607993602753,0.10481439530849457,-11.886861801147461,47.25474166870117,-0.9781454801559448,4.8526153564453125,226.91143798828125,g
51.18149185180664,22.723752975463867,3.0864903926849365,0.2230379432439804,0.09963025152683258,8.654594421386719,32.0103759765625,0.6029595136642456,16.016765594482422,182.7310333251953,g
29.370210647583008,9.036020278930664,2.616184711456299,0.47345978021621704,0.25494226813316345,11.292631149291992,13.921825408935547,0.43783077597618103,22.814498901367188,181.25302124023438,g
29.057252883911133,17.45218276977539,2.5717387199401855,0.39682725071907043,0.23323333263397217,21.584123611450195,9.486477851867676,0.2646293640136719,30.238502502441406,147.72555541992188,h
73.26233673095703,31.122379302978516,3.2570478916168213,0.26530763506889343,0.1335221827030182,-14.083789825439453,33.65052795410156,0.13397282361984253,1.8535881042480469,237.67237854003906,g
73.42210388183594,28.87933349609375,3.131988048553467,0.24309654533863068,0.15188586711883545,-3.2283596992492676,11.499242782592773,-0.05292510986328125,39.05235290527344,213.21864318847656,g
56.95072555541992,23.377233505249023,3.0505690574645996,0.2618599534034729,0.145180806517601,3.70058012008667,35.440223693847656,-0.05980563163757324,9.354564666748047,211.1172332763672,g
229.37051391601562,71.63807678222656,4.090818881988525,0.1626819521188736,0.08166724443435669,-118.56944274902344,-124.32861328125,11.19482135772705,72.09766387939453,240.84567260742188,h
39.10505294799805,14.095487594604492,2.771888017654419,0.3793845474720001,0.21497857570648193,6.3698906898498535,21.110794067382812,0.24104154109954834,18.536537170410156,172.2197265625,g
31.610036849975586,13.492721557617188,2.5602731704711914,0.4461669325828552,0.26121360063552856,7.292177677154541,13.918030738830566,0.08330121636390686,23.19635772705078,170.87843322753906,g
56.64818572998047,13.062029838562012,2.7333319187164307,0.4849068820476532,0.2551175355911255,1.6714491844177246,6.3758463859558105,0.7185225486755371,40.64021301269531,193.37413024902344,g
53.322601318359375,34.29309844970703,2.59780216217041,0.3823389708995819,0.22287485003471375,-35.156768798828125,-11.461884498596191,-0.7104871273040771,50.482398986816406,168.24913024902344,h
45.77122116088867,19.798383712768555,2.9880526065826416,0.2785583436489105,0.14731982350349426,7.229874134063721,27.32494354248047,-0.13592800498008728,13.571367263793945,191.47116088867188,g
53.68942642211914,28.07440757751465,3.198374032974243,0.18239623308181763,0.09248103946447372,7.869558811187744,49.642330169677734,-0.3880392611026764,9.816936492919922,212.13475036621094,g
17.300750732421875,5.754156112670898,2.067119598388672,0.7758674621582031,0.4593472480773926,-4.280240058898926,-13.648282051086426,-0.11232221126556396,57.509559631347656,169.0800323486328,g
47.362369537353516,19.884483337402344,2.711177349090576,0.3827792704105377,0.23143887519836426,2.9055519104003906,9.42278003692627,-0.1116078794002533,18.76559066772461,193.9073028564453,g
47.606712341308594,24.092546463012695,2.8193488121032715,0.2874915599822998,0.18152719736099243,25.748693466186523,33.41750717163086,-0.15380743145942688,20.5423583984375,213.40335083007812,g
49.87289810180664,19.14634895324707,2.866408586502075,0.3605881929397583,0.1903804987668991,0.5979070663452148,27.340381622314453,-0.8741079568862915,35.73841094970703,204.45285034179688,g
18.035900115966797,10.378378868103027,2.2953600883483887,0.6473910808563232,0.3544660806655884,6.470422267913818,0.1538257598876953,0.5865680575370789,29.252714157104492,149.01461791992188,h
20.116924285888672,24.131874084472656,2.7485263347625732,0.4250456988811493,0.22440510988235474,-9.784038543701172,10.946426391601562,-0.8582648038864136,24.170421600341797,174.1333465576172,h
26.221166610717773,12.244767189025879,2.5349819660186768,0.45358288288116455,0.28005439043045044,5.394524097442627,16.773826599121094,-0.7742384672164917,20.97881317138672,196.16433715820312,g
32.0352783203125,11.24162769317627,2.6604769229888916,0.4304404854774475,0.23965123295783997,12.677242279052734,14.770602226257324,0.286620557308197,23.34092140197754,190.63125610351562,g
60.164215087890625,20.407957077026367,3.132362127304077,0.22026948630809784,0.10964703559875488,8.599952697753906,29.48754119873047,0.441592276096344,10.559125900268555,196.44017028808594,g
116.13494873046875,35.55159378051758,3.3844823837280273,0.23818963766098022,0.11699512600898743,0.05744743347167969,-33.233848571777344,4.662474632263184,55.3276252746582,195.412841796875,h
36.80859375,17.892406463623047,2.7294294834136963,0.3925229012966156,0.20473572611808777,22.83457374572754,24.209196090698242,0.541445255279541,23.706253051757812,190.04481506347656,g
4.325954437255859,3.2921600341796875,2.081782817840576,0.6656128168106079,0.42560991644859314,5.564411640167236,-7.2950849533081055,-0.42441460490226746,35.795654296875,165.16261291503906,g
41.1407356262207,20.806564331054688,2.781508445739746,0.3123832941055298,0.18552184104919434,22.29175567626953,25.594058990478516,0.13605672121047974,22.783798217773438,184.99862670898438,g
50.98270034790039,16.73968505859375,2.9850640296936035,0.3070579171180725,0.15166418254375458,9.513111114501953,20.36592674255371,0.857837438583374,15.49185562133789,178.49365234375,g
30.293066024780273,8.23005485534668,2.6519553661346436,0.4121308922767639,0.22793790698051453,9.563886642456055,10.963220596313477,0.8795961141586304,26.962419509887695,165.69439697265625,g
30.48039436340332,21.553369522094727,2.4908523559570312,0.5314667820930481,0.3304249346256256,-32.53706359863281,7.29172420501709,-0.858385443687439,53.057373046875,194.7406463623047,h
58.496376037597656,24.0465087890625,3.0616073608398438,0.21991027891635895,0.12325165420770645,17.751808166503906,30.729209899902344,0.6054743528366089,17.870498657226562,207.10015869140625,g
47.21908187866211,14.771682739257812,2.532120943069458,0.6321332454681396,0.33560910820961,11.939105987548828,-4.849390983581543,1.463853359222412,52.935340881347656,183.79638671875,h
24.85799789428711,14.120790481567383,2.523787021636963,0.4349435269832611,0.2246357500553131,22.85300064086914,-2.4254961013793945,0.9088302850723267,32.963233947753906,117.22943115234375,h
69.47734069824219,52.19375991821289,2.907038450241089,0.244306281208992,0.14178156852722168,-78.07584381103516,-7.967347145080566,-2.476107358932495,37.51213836669922,229.89923095703125,h
111.33694458007812,41.94135284423828,3.1427323818206787,0.3243299722671509,0.21328185498714447,-70.0549087524414,-17.750972747802734,1.5483143329620361,36.536033630371094,226.94705200195312,h
38.416053771972656,9.958261489868164,2.6832830905914307,0.4386349320411682,0.23519077897071838,-7.882089138031006,7.39439582824707,0.5124287009239197,18.277565002441406,175.40164184570312,g
34.92921447753906,13.216060638427734,2.5818567276000977,0.4250716269016266,0.26474785804748535,15.147851943969727,16.18716049194336,-0.7604657411575317,49.51427459716797,193.9352264404297,g
168.65652465820312,63.998130798339844,3.78239107131958,0.155861496925354,0.08741039037704468,-82.51826477050781,-39.00149154663086,5.602634906768799,43.33274459838867,228.08419799804688,h
33.767799377441406,14.0904541015625,2.6210713386535645,0.47409605979919434,0.24899862706661224,-16.470062255859375,3.6211400032043457,0.32642894983291626,21.818042755126953,186.74826049804688,g
16.301124572753906,4.35145378112793,2.1647448539733887,0.7903350591659546,0.44481414556503296,-5.788402557373047,-9.697033882141113,0.764912486076355,27.22453498840332,158.8027801513672,g
3.355945587158203,4.593217849731445,2.090306043624878,0.684893012046814,0.4138376712799072,4.368506908416748,-10.332873344421387,-0.10723745822906494,35.61045837402344,145.49073791503906,g
61.34809112548828,31.31094741821289,2.723170518875122,0.43660768866539,0.23633712530136108,-49.421791076660156,-11.93420124053955,0.6184693574905396,51.22520446777344,209.84173583984375,h
26.9704532623291,7.790233612060547,2.4882919788360596,0.6436259150505066,0.3202700614929199,9.905464172363281,3.185145854949951,1.5905197858810425,27.315279006958008,179.67730712890625,g
32.55624771118164,9.517309188842773,2.395609140396118,0.6103273630142212,0.3368782699108124,3.9336981773376465,-3.7316246032714844,0.09805560111999512,48.59379577636719,152.77806091308594,h
17.726016998291016,10.718064308166504,2.481865406036377,0.6161924004554749,0.3147246241569519,3.5323262214660645,7.361985206604004,0.7020362615585327,27.804931640625,184.97142028808594,g
61.53983688354492,23.093534469604492,3.0392210483551025,0.26413846015930176,0.14383795857429504,-8.104691505432129,14.385315895080566,-0.3837797939777374,8.258279800415039,220.29769897460938,g
28.315914154052734,12.653557777404785,2.5639796257019043,0.4651489853858948,0.2547442317008972,3.6034293174743652,11.185198783874512,0.10492900013923645,22.779632568359375,160.49685668945312,g
38.7177734375,11.882522583007812,2.4746928215026855,0.5213017463684082,0.31202268600463867,3.488682270050049,6.833468914031982,-0.5910296440124512,45.386940002441406,186.07281494140625,g
28.70711898803711,11.6229248046875,2.5207417011260986,0.49640047550201416,0.26825565099716187,22.038036346435547,9.145712852478027,1.006386399269104,30.573171615600586,185.064697265625,g
53.01450729370117,17.87013816833496,2.8618228435516357,0.34167030453681946,0.17404131591320038,2.4216341972351074,13.47623348236084,0.8330132961273193,16.767196655273438,188.61785888671875,g
80.52680969238281,35.33387756347656,3.3071556091308594,0.19173027575016022,0.10122518986463547,-16.77178955078125,26.540542602539062,-0.8632203340530396,26.279560089111328,217.72625732421875,h
65.28417205810547,38.98392105102539,3.0680906772613525,0.24583765864372253,0.13532468676567078,-9.025028228759766,22.11988067626953,-1.2877168655395508,37.70420455932617,225.4915313720703,h
54.933204650878906,22.213375091552734,3.0628387928009033,0.2854807376861572,0.148718923330307,4.771411418914795,37.95358657836914,-0.13693562150001526,6.717021942138672,209.01280212402344,g
25.04657554626465,10.74617862701416,2.1788034439086914,0.7838077545166016,0.4403547942638397,-7.076003074645996,-11.163500785827637,0.458335280418396,53.77903747558594,141.44691467285156,h
73.16639709472656,34.315067291259766,3.310795783996582,0.13886335492134094,0.079763263463974,8.001138687133789,45.71669387817383,-0.3382962644100189,5.341182708740234,242.734375,g
75.51333618164062,29.25815773010254,3.1010305881500244,0.2770582139492035,0.17285487055778503,-9.052206039428711,25.67951202392578,0.30077341198921204,6.6168212890625,234.2059326171875,g
55.18118667602539,32.57917785644531,3.110383987426758,0.27353376150131226,0.14710086584091187,-11.268392562866211,16.22407341003418,-0.6140751838684082,41.93880081176758,189.107421875,h
21.333595275878906,3.646455764770508,2.4296951293945312,0.5153975486755371,0.3093770146369934,9.022125244140625,2.0485458374023438,0.30520233511924744,28.534162521362305,166.90127563476562,g
36.250999450683594,9.642915725708008,2.5132102966308594,0.4965207874774933,0.30319103598594666,6.897915363311768,11.204071998596191,-0.5161296129226685,46.3201904296875,179.19192504882812,g
46.67689514160156,18.76215934753418,2.9010891914367676,0.2845351994037628,0.14833971858024597,-2.6692569255828857,23.6126708984375,0.2779245972633362,16.185062408447266,178.58534240722656,g
49.267913818359375,21.089752197265625,2.87638258934021,0.3195935785770416,0.16957232356071472,-2.939058303833008,6.5045905113220215,0.20305679738521576,19.002487182617188,194.66554260253906,g
28.824764251708984,17.43092918395996,2.4575517177581787,0.4788026809692383,0.27963531017303467,3.081484794616699,7.8198933601379395,-0.8520328998565674,51.279052734375,154.13807678222656,h
21.359668731689453,9.05738639831543,2.4130687713623047,0.4721943438053131,0.29964399337768555,15.20431137084961,6.180694103240967,-0.2917362153530121,29.457612991333008,179.6536102294922,g
48.71577453613281,42.82872009277344,3.3999648094177246,0.2624680995941162,0.11928721517324448,-39.83820343017578,28.024402618408203,-1.7975002527236938,36.78556823730469,253.3463134765625,h
25.010547637939453,11.499190330505371,2.612672805786133,0.434307724237442,0.2332332730293274,-1.8644969463348389,9.022400856018066,0.5149384140968323,26.068269729614258,138.9553680419922,g
50.937068939208984,31.511932373046875,2.992277145385742,0.37351006269454956,0.18480388820171356,-22.03773307800293,-3.3943967819213867,-0.38042744994163513,44.44470977783203,182.6785430908203,h
36.992767333984375,16.361658096313477,2.756556272506714,0.3802478611469269,0.19839408993721008,12.073684692382812,22.502765655517578,0.30830612778663635,20.483367919921875,190.68411254882812,g
24.273324966430664,7.389731407165527,2.6932291984558105,0.4096165895462036,0.22932729125022888,-0.021416664123535156,13.314603805541992,0.06459715962409973,22.794452667236328,160.2997283935547,g
45.316627502441406,13.390695571899414,2.7404448986053467,0.4034828543663025,0.23348157107830048,1.984649658203125,9.781394958496094,-0.09499406814575195,44.40202713012695,161.51107788085938,g
69.21257781982422,40.20225524902344,3.0136985778808594,0.1758837252855301,0.1000835970044136,18.622024536132812,24.143020629882812,0.9499373435974121,22.30228042602539,174.8720703125,h
88.22199249267578,37.689178466796875,3.3554582595825195,0.1493498533964157,0.0966043770313263,-3.6040544509887695,35.259822845458984,-0.22566041350364685,1.6212100982666016,265.3514709472656,g
45.273780822753906,30.400177001953125,3.04536771774292,0.2118980884552002,0.08945497870445251,17.48915672302246,33.08574676513672,-0.07907593250274658,17.74746322631836,171.08950805664062,h
31.89202880859375,9.469367027282715,2.6588938236236572,0.4713316559791565,0.2412690669298172,13.51826286315918,9.603044509887695,1.1547588109970093,26.0299072265625,180.85646057128906,g
81.58448028564453,27.870208740234375,2.9482102394104004,0.4140155613422394,0.22827912867069244,-34.22797393798828,6.927858352661133,0.30533522367477417,32.750858306884766,237.53512573242188,g
84.00051879882812,36.12116241455078,2.9775636196136475,0.37963056564331055,0.23421090841293335,-54.400516510009766,-11.743998527526855,-1.1776864528656006,29.670949935913086,266.3753662109375,h
58.8065071105957,23.68726348876953,2.9931480884552,0.2611861228942871,0.1355675905942917,2.713536262512207,25.789705276489258,0.776803195476532,16.977352142333984,197.3000946044922,g
20.061016082763672,7.51698112487793,2.539486885070801,0.4841933846473694,0.26955246925354004,9.621210098266602,14.431365966796875,0.06489771604537964,24.724990844726562,164.79061889648438,g
95.24514770507812,29.103729248046875,3.346851348876953,0.27172309160232544,0.1541627198457718,-24.540130615234375,0.09648799896240234,1.3379346132278442,35.23141860961914,223.40292358398438,g
48.78953170776367,10.383430480957031,2.893425464630127,0.33337798714637756,0.17107388377189636,9.70362663269043,10.989554405212402,1.1923493146896362,19.236408233642578,173.97451782226562,g
42.829498291015625,13.672933578491211,2.633511543273926,0.4488729238510132,0.24474364519119263,11.917713165283203,-1.8459882736206055,0.516255259513855,49.819236755371094,142.40496826171875,h
67.33769226074219,27.752546310424805,3.082040786743164,0.2455560714006424,0.14371444284915924,-7.668251991271973,15.223104476928711,-0.2029024064540863,8.84554672241211,228.4879913330078,g
123.63717651367188,57.44435119628906,3.4674925804138184,0.17052727937698364,0.10943429172039032,-79.46128845214844,-11.260855674743652,1.664949655532837,38.303340911865234,265.5098571777344,h
30.955543518066406,7.145798683166504,2.2921767234802246,0.6701297760009766,0.40698254108428955,2.461459159851074,0.958338737487793,-0.21547946333885193,50.15936279296875,192.5019073486328,g
51.134830474853516,40.67021560668945,2.7468392848968506,0.43754076957702637,0.20536842942237854,-69.31422424316406,-6.955304145812988,0.4784012734889984,23.08135223388672,195.47833251953125,h
74.48368072509766,45.970558166503906,3.221389055252075,0.13930357992649078,0.08623778820037842,-19.857057571411133,49.89625549316406,-0.7107090950012207,6.195341110229492,247.12969970703125,g
61.24765396118164,24.7631778717041,3.155219554901123,0.2255067676305771,0.10460270941257477,-0.28695249557495117,23.832218170166016,0.11230805516242981,9.78610610961914,210.36264038085938,g
48.552494049072266,9.076208114624023,2.66011905670166,0.61207115650177,0.3001922070980072,1.718888282775879,6.0604705810546875,1.2845500707626343,41.774417877197266,189.442138671875,g
61.22531509399414,24.333837509155273,2.892076253890991,0.3011544942855835,0.16000036895275116,-4.189873218536377,6.207991123199463,0.1405353993177414,41.90992736816406,154.66824340820312,h
52.155696868896484,15.264604568481445,2.9017488956451416,0.3228178024291992,0.1520606279373169,10.680831909179688,12.465181350708008,1.612054705619812,21.616615295410156,180.4475555419922,g
47.615394592285156,19.41915512084961,2.8853323459625244,0.30895352363586426,0.14687839150428772,-7.609947204589844,19.35716438293457,0.3446938097476959,16.237564086914062,188.73194885253906,g
163.63763427734375,72.1434555053711,3.5803489685058594,0.07526230812072754,0.04152098298072815,-96.3609390258789,-47.10807418823242,2.4148459434509277,39.75703048706055,299.24298095703125,h
2.118915557861328,1.1455745697021484,2.1338415145874023,0.6270480155944824,0.4084843397140503,3.2800612449645996,-3.6829261779785156,-0.5295109748840332,35.02842330932617,159.11427307128906,g
122.73153686523438,81.74629974365234,3.3595845699310303,0.20294161140918732,0.13257820904254913,-166.50331115722656,-8.063103675842285,0.22531631588935852,37.05669403076172,281.5583801269531,h
73.24993133544922,32.45272445678711,3.1216206550598145,0.27274179458618164,0.15764133632183075,-29.207508087158203,2.72324275970459,-0.41359958052635193,6.875520706176758,242.96168518066406,g
37.00324630737305,17.524057388305664,2.741425037384033,0.3719339072704315,0.19515734910964966,17.766948699951172,18.884532928466797,0.46327829360961914,22.14438247680664,165.6423797607422,g
17.12692642211914,12.933300971984863,2.222266912460327,0.715264081954956,0.3967468738555908,-1.5527756214141846,-0.023754119873046875,0.26413097977638245,25.680143356323242,140.54046630859375,h
79.90414428710938,31.28658103942871,3.150430202484131,0.24412813782691956,0.14171186089515686,-8.880006790161133,11.410812377929688,0.7302482724189758,10.54939079284668,228.58877563476562,g
75.47135162353516,29.392414093017578,3.2806007862091064,0.19468313455581665,0.10458266735076904,9.289466857910156,40.81180191040039,0.5072801113128662,6.781867980957031,233.587646484375,g
10.361492156982422,3.5921764373779297,2.297154426574707,0.6682711839675903,0.36071622371673584,11.332258224487305,-0.42369651794433594,0.9726574420928955,33.7977294921875,172.7765655517578,g
33.350563049316406,15.877071380615234,2.8076605796813965,0.35833778977394104,0.19787269830703735,2.5534400939941406,28.822307586669922,-0.3011338412761688,17.56130599975586,188.47256469726562,g
174.86680603027344,78.6291732788086,3.6679184436798096,0.16330252587795258,0.08753621578216553,-127.93396759033203,-89.66354370117188,3.7510783672332764,48.586952209472656,311.9669189453125,h
60.366737365722656,15.204011917114258,2.859436273574829,0.35047411918640137,0.19010604918003082,13.561321258544922,-2.762754440307617,1.0573458671569824,47.05284881591797,154.5427703857422,g
48.969512939453125,20.890422821044922,2.8479692935943604,0.29474595189094543,0.16565173864364624,22.822032928466797,22.47698402404785,0.5105689167976379,21.614171981811523,191.56515502929688,g
56.45907211303711,25.997844696044922,3.0094573497772217,0.29943734407424927,0.16898253560066223,-10.492792129516602,31.828994750976562,-1.2279239892959595,31.462745666503906,195.78207397460938,g
38.75389099121094,12.29801082611084,2.5603246688842773,0.4723285734653473,0.262570321559906,15.820354461669922,5.212337493896484,-0.12688741087913513,47.18056869506836,152.4542236328125,g
36.113197326660156,10.066523551940918,2.53249192237854,0.5194425582885742,0.3022839426994324,6.736541271209717,6.708512306213379,-0.1841064989566803,47.71482849121094,173.68824768066406,g
100.39561462402344,36.18270492553711,3.448206901550293,0.1817411184310913,0.07429586350917816,-19.59865951538086,19.142412185668945,0.49067556858062744,26.380779266357422,250.34927368164062,g
33.86296081542969,9.451666831970215,2.6751465797424316,0.4634043872356415,0.2384248524904251,4.220016002655029,10.294572830200195,1.2437899112701416,23.84263801574707,160.81614685058594,g
83.14352416992188,36.4279899597168,3.2952682971954346,0.19809575378894806,0.12228869646787643,-5.111578941345215,37.11000442504883,-0.18951508402824402,1.5782451629638672,261.1013488769531,g
98.54132080078125,39.09181213378906,3.1982369422912598,0.35837090015411377,0.1536000669002533,-45.10641860961914,-24.25629425048828,0.8281216621398926,34.86818313598633,276.2139587402344,h
43.219905853271484,18.26093864440918,2.84475040435791,0.321948766708374,0.1682891547679901,2.3119120597839355,27.451583862304688,0.22821255028247833,16.95649528503418,188.1650848388672,g
53.00254821777344,22.95816993713379,2.7122809886932373,0.4213995933532715,0.21142138540744781,-20.974720001220703,-7.706301689147949,0.3993253707885742,49.47074890136719,191.21630859375,h
31.5118408203125,12.70537281036377,2.5867130756378174,0.42763322591781616,0.2553584575653076,15.258243560791016,15.099637985229492,0.03217250108718872,23.976600646972656,176.62315368652344,g
65.10775756835938,36.55595016479492,3.045696496963501,0.15153075754642487,0.10825634002685547,21.43450927734375,31.41930389404297,-0.753258466720581,44.32410430908203,201.97817993164062,h
76.62345123291016,29.256725311279297,3.2269206047058105,0.2118457555770874,0.12026932090520859,-2.8571057319641113,22.445289611816406,0.6087732315063477,38.81388473510742,207.7049560546875,g
54.419437408447266,19.96449851989746,3.1121232509613037,0.24068869650363922,0.11668477952480316,3.991464138031006,33.86376953125,0.10817454755306244,9.079771041870117,196.90066528320312,g
45.0682258605957,25.229150772094727,2.607114791870117,0.3876328468322754,0.23411259055137634,-8.31889820098877,10.392566680908203,-1.3544859886169434,41.577171325683594,153.3978729248047,h
95.2115249633789,48.790122985839844,3.2216646671295166,0.25789642333984375,0.17279298603534698,-75.06314849853516,-39.23637008666992,-1.0972297191619873,37.167640686035156,282.42333984375,h
45.91652297973633,16.195507049560547,2.8474457263946533,0.3307527005672455,0.18671298027038574,9.559158325195312,23.580102920532227,0.15839453041553497,16.112659454345703,186.91119384765625,g
32.45592498779297,12.045221328735352,2.468414306640625,0.6446220874786377,0.3413276672363281,-2.1320223808288574,9.586016654968262,-0.16168799996376038,43.2768440246582,174.9364471435547,h
25.830598831176758,8.690674781799316,2.1610794067382812,0.6981257200241089,0.4480532705783844,0.9971227645874023,1.5667724609375,-0.9466965198516846,51.43073272705078,207.6510009765625,g
42.98396301269531,15.890121459960938,2.7716917991638184,0.3473842740058899,0.2047756165266037,21.429109573364258,19.601016998291016,0.7541075944900513,24.357418060302734,187.3319549560547,g
48.37559127807617,15.711444854736328,2.8083128929138184,0.3413533866405487,0.17844271659851074,7.288452625274658,9.872946739196777,1.0180115699768066,20.540245056152344,163.60772705078125,g
61.93883514404297,28.757259368896484,3.042250394821167,0.31804314255714417,0.17135363817214966,-42.05127716064453,-8.535792350769043,-1.1142116785049438,6.53248405456543,244.37353515625,h
69.05777740478516,32.06527328491211,3.2677252292633057,0.14083029329776764,0.07786208391189575,17.33187484741211,48.98887252807617,0.17553265392780304,9.234649658203125,231.54588317871094,g
89.69641876220703,45.642730712890625,3.2018232345581055,0.25135573744773865,0.12656253576278687,-81.06189727783203,-17.734176635742188,0.46911299228668213,11.011478424072266,253.75570678710938,h
96.54332733154297,39.373435974121094,3.3314621448516846,0.14410559833049774,0.0960049256682396,2.2476658821105957,28.38903045654297,0.4701874852180481,5.558387756347656,267.8852233886719,g
61.03562927246094,17.686908721923828,3.0210020542144775,0.2786164879798889,0.13089656829833984,2.280697822570801,13.944171905517578,0.3781142234802246,9.009370803833008,201.72494506835938,g
16.933853149414062,1.4913616180419922,2.2037582397460938,0.6527371406555176,0.40413427352905273,1.7578635215759277,-8.4159574508667,-0.39449867606163025,57.250572204589844,169.18658447265625,g
36.160831451416016,13.506515502929688,2.2798726558685303,0.5556135177612305,0.3614431619644165,9.843582153320312,-14.908148765563965,-0.4900331199169159,54.29868698120117,145.6646270751953,h
35.922119140625,13.983811378479004,2.749715566635132,0.3928198218345642,0.21734708547592163,6.697750568389893,21.02792739868164,0.08744698762893677,17.87975311279297,176.05136108398438,g
68.0035629272461,33.824424743652344,3.062403440475464,0.3817814886569977,0.21580447256565094,-25.362712860107422,34.358123779296875,-0.13820049166679382,3.802419662475586,249.33522033691406,g
75.7437973022461,29.364198684692383,3.095773696899414,0.32513707876205444,0.1611352562904358,-29.222412109375,9.438094139099121,1.5610840320587158,12.358749389648438,211.68402099609375,g
104.85324096679688,45.898155212402344,3.534487247467041,0.0692729651927948,0.06131339073181152,2.3146181106567383,43.20923614501953,0.0045649707317352295,-2.189800262451172,287.3475341796875,g
29.59040069580078,9.396635055541992,2.3194386959075928,0.6226447820663452,0.3544597029685974,6.264587879180908,-6.1675004959106445,0.23620933294296265,54.546531677246094,162.22592163085938,g
33.23728942871094,17.48312759399414,2.37434720993042,0.4812439978122711,0.31987476348876953,16.64523696899414,5.287137508392334,-1.121148943901062,51.78258514404297,155.9829864501953,h
38.79902267456055,11.373538970947266,2.863034963607788,0.34674516320228577,0.17470401525497437,4.7592339515686035,19.289691925048828,0.5148063898086548,16.952980041503906,168.50990295410156,g
34.13007736206055,14.394271850585938,2.3960084915161133,0.5134752988815308,0.34029513597488403,5.796507358551025,1.9492712020874023,-1.1553553342819214,47.61949157714844,144.92788696289062,h
47.868534088134766,19.70111656188965,3.0199947357177734,0.2565668821334839,0.11499233543872833,12.173107147216797,29.89792251586914,0.4667688012123108,15.382821083068848,187.02696228027344,g
173.69410705566406,83.12208557128906,3.643663167953491,0.1998525708913803,0.08691711723804474,-149.77020263671875,-81.66146850585938,4.246358871459961,46.268524169921875,283.530517578125,h
155.1118621826172,65.51813507080078,3.5168652534484863,0.21069839596748352,0.10251030325889587,-128.61810302734375,-64.44648742675781,3.439204216003418,43.420413970947266,256.8641052246094,h
50.09016036987305,11.156715393066406,2.6622018814086914,0.4762667119503021,0.2896467447280884,3.693167209625244,5.693136692047119,0.46997445821762085,46.6617546081543,177.27621459960938,g
79.65792846679688,26.72494125366211,3.0246071815490723,0.25877854228019714,0.12147308140993118,-13.427745819091797,-18.979339599609375,2.1820688247680664,51.690887451171875,168.1114501953125,h
69.00721740722656,27.927867889404297,2.9929873943328857,0.3326733112335205,0.1942543238401413,-11.142000198364258,25.96112060546875,-1.6521273851394653,25.175697326660156,247.05055236816406,g
43.94708251953125,26.96326446533203,2.8409340381622314,0.28883227705955505,0.1801520586013794,2.9741368293762207,33.8306770324707,-1.6727756261825562,40.86564636230469,194.911376953125,g
18.298316955566406,10.73226261138916,2.374403953552246,0.5429680943489075,0.3219960331916809,2.9865760803222656,-0.9982519149780273,-0.09838679432868958,27.417715072631836,122.4422836303711,h
30.874916076660156,13.071683883666992,2.6385490894317627,0.40081608295440674,0.22961047291755676,4.5438666343688965,17.52049446105957,0.16035407781600952,23.310787200927734,169.79441833496094,g
55.34225082397461,17.124799728393555,2.9634828567504883,0.2546544671058655,0.12179054319858551,15.937337875366211,10.698992729187012,0.41554737091064453,45.21422576904297,172.12094116210938,g
14.055168151855469,10.341084480285645,2.1895334720611572,0.5877351760864258,0.39217305183410645,-1.6642663478851318,3.8517913818359375,-1.1300195455551147,28.21735954284668,174.00149536132812,g
15.073371887207031,10.297645568847656,2.337301731109619,0.5540653467178345,0.3333955407142639,4.136115550994873,4.529485702514648,-0.4309386909008026,25.947734832763672,127.94152069091797,h
45.78044891357422,18.642187118530273,2.862661838531494,0.34102997183799744,0.17308920621871948,3.104114055633545,17.993995666503906,0.025781244039535522,14.124380111694336,190.01254272460938,g
96.000244140625,36.22751998901367,3.2613940238952637,0.20847821235656738,0.11615792661905289,-31.366228103637695,0.6282730102539062,-0.37585529685020447,28.508222579956055,246.53756713867188,h
55.651451110839844,21.855422973632812,2.95713210105896,0.2578694820404053,0.1253085434436798,8.64280891418457,19.712570190429688,0.8129596710205078,18.340051651000977,181.60107421875,g
118.42095947265625,59.512977600097656,3.2607595920562744,0.2632565498352051,0.1696828305721283,-114.39612579345703,-18.643199920654297,0.6251732110977173,33.800537109375,252.2161102294922,h
8.582698822021484,7.502861976623535,2.1251232624053955,0.7021682262420654,0.4215601682662964,-1.578244924545288,-5.294149398803711,-0.38492974638938904,29.204730987548828,143.25527954101562,h
11.69124984741211,2.9108448028564453,2.0790014266967773,0.7072576284408569,0.45466381311416626,0.9189152717590332,-9.324509620666504,-0.0033498406410217285,34.01962661743164,179.04486083984375,g
78.83163452148438,39.28003692626953,3.435304880142212,0.11740228533744812,0.06898646056652069,-8.83026123046875,46.717002868652344,-0.608649492263794,0.09138870239257812,253.3114776611328,g
38.125274658203125,13.046080589294434,2.641834020614624,0.4182144105434418,0.2625088691711426,7.417809009552002,16.832849502563477,-0.17783448100090027,20.151369094848633,196.98709106445312,g
30.76430320739746,9.982669830322266,2.2701048851013184,0.6148160696029663,0.3918653130531311,-0.8724992275238037,-2.5246591567993164,-0.6459063291549683,51.123111724853516,169.78634643554688,g
146.32998657226562,62.295249938964844,3.848700761795044,0.03935426473617554,0.05078674852848053,-24.07520866394043,12.523231506347656,1.660597801208496,28.963668823242188,276.3514709472656,h
35.29983139038086,8.70656967163086,2.386359930038452,0.7035402059555054,0.37531778216362,6.564572811126709,1.7528533935546875,0.6747821569442749,49.577308654785156,206.46243286132812,g
35.80767059326172,15.538759231567383,2.670680284500122,0.3821354806423187,0.2044139951467514,24.682281494140625,8.29187297821045,0.8574744462966919,28.253990173339844,153.2096405029297,g
46.55472183227539,26.280790328979492,2.635446071624756,0.3559173047542572,0.19921648502349854,-7.1153435707092285,4.329409122467041,-0.9808021783828735,45.455474853515625,156.40713500976562,h
29.818389892578125,11.467642784118652,2.5903263092041016,0.4906907081604004,0.27180901169776917,7.46164083480835,17.310352325439453,0.04923805594444275,19.411474227905273,182.12933349609375,g
57.9024658203125,27.688386917114258,2.9237682819366455,0.2539668083190918,0.13753584027290344,8.612627029418945,19.01102066040039,-0.858566403388977,37.06987380981445,155.5990447998047,h
53.699462890625,18.645492553710938,2.866436243057251,0.31601881980895996,0.17065414786338806,2.069434642791748,6.723679542541504,-0.09759336709976196,41.342411041259766,147.9933319091797,h
29.052379608154297,8.82198715209961,2.249032974243164,0.6946309804916382,0.4030040502548218,0.15085983276367188,-7.294568061828613,-0.009869396686553955,51.9764404296875,172.22958374023438,g
7.580242156982422,7.7391767501831055,2.1415205001831055,0.6540477275848389,0.39848873019218445,-2.4203405380249023,-5.732155799865723,-0.45644035935401917,30.74452018737793,137.26458740234375,h
62.132240295410156,20.994409561157227,2.921656370162964,0.316236674785614,0.14431479573249817,22.748836517333984,-1.3049840927124023,1.466256856918335,51.162750244140625,160.52439880371094,h
37.30156707763672,12.719029426574707,2.661081314086914,0.38490334153175354,0.2136886715888977,0.7590827941894531,6.2653398513793945,0.1259370595216751,21.400949478149414,175.8616943359375,g
24.662864685058594,13.62805461883545,2.5961313247680664,0.5434472560882568,0.28803133964538574,0.23388242721557617,17.370718002319336,0.31278640031814575,22.574329376220703,188.53091430664062,g
52.093406677246094,24.774227142333984,2.7659668922424316,0.4693423807621002,0.2517511546611786,-44.667423248291016,4.480076789855957,-0.27783456444740295,10.897369384765625,220.91407775878906,g
16.977203369140625,7.3292436599731445,2.3856253623962402,0.5029706358909607,0.30353671312332153,0.8628196716308594,4.9811787605285645,-0.362350195646286,28.284717559814453,173.71463012695312,g
52.302738189697266,34.00627517700195,2.8446362018585205,0.27856501936912537,0.1471930593252182,-11.909849166870117,26.68958282470703,-1.6389366388320923,35.96345520019531,163.0287628173828,h
32.80079650878906,17.548221588134766,2.6317574977874756,0.40273216366767883,0.20921634137630463,17.288543701171875,5.499256134033203,0.7348666191101074,28.05415916442871,133.30181884765625,h
54.9932975769043,29.668560028076172,3.263134479522705,0.2128572165966034,0.11067318916320801,-8.694952964782715,46.002899169921875,-0.8404436111450195,5.261348724365234,228.12332153320312,g
42.11907196044922,12.451435089111328,2.4499258995056152,0.5168556571006775,0.3164808750152588,-2.5663437843322754,-8.32460880279541,-0.0919455885887146,48.873504638671875,149.9402313232422,h
30.309160232543945,15.819167137145996,2.6106467247009277,0.45059043169021606,0.2224937528371811,13.699424743652344,8.417781829833984,1.1115286350250244,28.959300994873047,144.73561096191406,g
30.693824768066406,11.29331111907959,2.5529563426971436,0.4219271242618561,0.2415538877248764,8.999164581298828,-1.0655632019042969,-0.4909839332103729,50.71969223022461,137.80052185058594,g
17.297256469726562,10.214994430541992,2.3334381580352783,0.6092538833618164,0.35402539372444153,5.845813274383545,8.95502758026123,-0.142644464969635,25.229854583740234,155.9155731201172,g
65.69137573242188,36.54890441894531,3.334639072418213,0.11743280291557312,0.06754648685455322,-0.6952462196350098,55.33842468261719,-1.3261041641235352,1.35687255859375,247.60125732421875,g
44.48916244506836,23.72416877746582,2.6098835468292236,0.42833179235458374,0.25312843918800354,-6.385211944580078,17.885826110839844,-1.3541730642318726,38.36370086669922,154.24847412109375,h
58.86953353881836,17.5068359375,2.939088821411133,0.3185633420944214,0.1453976333141327,20.47358512878418,9.856916427612305,1.2455066442489624,47.6793212890625,186.27749633789062,g
10.136943817138672,2.2878036499023438,2.162339925765991,0.6099339723587036,0.39384832978248596,0.28226184844970703,-8.595088005065918,-0.32665929198265076,33.84571838378906,172.78707885742188,g
91.24375915527344,37.77057647705078,3.3428306579589844,0.1951284110546112,0.09723281860351562,6.889403820037842,32.04147720336914,0.38626566529273987,30.048599243164062,213.52633666992188,h
63.78861999511719,18.841083526611328,2.774606227874756,0.4005739092826843,0.21492524445056915,-12.194515228271484,-5.2978315353393555,0.7472765445709229,43.813385009765625,169.56585693359375,g
29.902158737182617,11.063827514648438,2.61120343208313,0.5243726968765259,0.27197298407554626,8.26805305480957,11.610745429992676,0.6821943521499634,22.898237228393555,183.20668029785156,g
60.92795181274414,25.26260757446289,2.8289999961853027,0.24316295981407166,0.1615595519542694,-8.948348999023438,10.324894905090332,-0.8622043132781982,42.79895782470703,204.59507751464844,g
37.81071090698242,9.80501651763916,2.750976324081421,0.4161784052848816,0.2163105607032776,10.595298767089844,13.49351978302002,0.9446320533752441,21.644336700439453,173.450439453125,g
58.46642303466797,22.2575626373291,2.998919725418091,0.24719233810901642,0.13121286034584045,3.7689623832702637,27.19330596923828,0.5024768114089966,13.720880508422852,196.0518798828125,g
21.279468536376953,9.979032516479492,2.4355204105377197,0.6713858842849731,0.33110082149505615,6.234220027923584,7.556164741516113,1.1222538948059082,24.922618865966797,162.22329711914062,g
82.82654571533203,40.28858947753906,3.398688793182373,0.10123232007026672,0.0725855827331543,8.636898040771484,52.86174011230469,-0.7083945274353027,1.234395980834961,269.09954833984375,g
26.302570343017578,7.746498107910156,2.4573562145233154,0.5828808546066284,0.30116796493530273,4.3379693031311035,-0.43612194061279297,1.203508734703064,28.026443481445312,166.63885498046875,g
55.54816818237305,23.389862060546875,2.947899103164673,0.24932248890399933,0.13781827688217163,-3.4915194511413574,27.934814453125,-0.2655702531337738,11.747084617614746,205.6304931640625,g
150.50355529785156,51.850738525390625,3.5846612453460693,0.11648061871528625,0.05679738521575928,-41.483123779296875,-37.060218811035156,4.089293003082275,45.90580749511719,241.90489196777344,h
34.931461334228516,20.699077606201172,2.5840437412261963,0.4232887327671051,0.23644518852233887,18.00943946838379,13.902679443359375,0.6077252626419067,28.729724884033203,172.10635375976562,g
26.980045318603516,17.583797454833984,2.166837215423584,0.5892258286476135,0.4067240059375763,4.66027307510376,4.988295078277588,-1.8249090909957886,51.97117233276367,179.99276733398438,h
72.2158432006836,48.18608856201172,3.275477409362793,0.2620401382446289,0.13692639768123627,-79.65621948242188,28.054027557373047,-0.000586390495300293,41.34658432006836,230.0571746826172,h
35.33946990966797,13.52988052368164,2.344374656677246,0.7468929290771484,0.37133702635765076,-10.727231979370117,-7.781210899353027,0.6373878717422485,44.474632263183594,144.64036560058594,h
30.60054588317871,16.724191665649414,2.5204834938049316,0.5343091487884521,0.260701984167099,12.631891250610352,1.3273324966430664,1.3895673751831055,28.752798080444336,137.01443481445312,h
61.11583709716797,20.468050003051758,2.96720027923584,0.32100576162338257,0.18510201573371887,-6.228622913360596,12.641931533813477,-0.11615657806396484,9.280017852783203,216.8873748779297,g
42.76411819458008,14.03164291381836,2.8643975257873535,0.32810816168785095,0.1680355668067932,17.140098571777344,22.906600952148438,0.648658037185669,19.309974670410156,186.56399536132812,g
61.281227111816406,24.770719528198242,2.854471445083618,0.42457327246665955,0.22501413524150848,-11.393444061279297,-18.355236053466797,2.1129021644592285,26.74909210205078,177.83721923828125,h
96.34355163574219,50.25286102294922,2.94875431060791,0.3443114459514618,0.22883911430835724,-91.85713958740234,-5.538142204284668,-1.6695579290390015,25.9832706451416,271.0549011230469,h
44.518585205078125,16.68457794189453,2.963653564453125,0.29186058044433594,0.14129438996315002,0.1392383575439453,20.710830688476562,0.3205479085445404,15.43285083770752,178.38125610351562,g
36.08531951904297,10.27855396270752,2.3720901012420654,0.5766533613204956,0.3650631308555603,5.76597261428833,1.4006223678588867,-0.5877307653427124,48.250701904296875,187.2471160888672,g
182.43853759765625,93.71589660644531,3.825246810913086,0.049452513456344604,0.0409105122089386,-144.64874267578125,-55.187984466552734,2.2725467681884766,37.298553466796875,315.0132751464844,h
35.224830627441406,12.271674156188965,2.70609712600708,0.36752215027809143,0.20494265854358673,10.655059814453125,14.209957122802734,0.02797606587409973,21.362682342529297,185.7490234375,g
34.32238006591797,20.34244155883789,2.8228914737701416,0.3175813853740692,0.16742664575576782,3.6289734840393066,13.56051254272461,-0.6205705404281616,49.25590133666992,154.3228302001953,h
16.846641540527344,13.661478042602539,2.212049961090088,0.5912874341011047,0.37078040838241577,13.522066116333008,-2.2326536178588867,0.3465037941932678,38.566436767578125,171.1738739013672,g
80.08491516113281,33.130401611328125,2.913928270339966,0.3915806710720062,0.24476024508476257,-71.36652374267578,-7.930758476257324,-0.1503884494304657,35.6159782409668,218.55409240722656,h
66.57659149169922,45.43672180175781,2.8428635597229004,0.3372255861759186,0.17177273333072662,-86.78675079345703,-17.098861694335938,-0.5774039030075073,48.50367736816406,230.60928344726562,h
15.588302612304688,7.772005081176758,2.0050230026245117,0.721459150314331,0.4815378189086914,5.6766676902771,-9.652735710144043,-1.2225574254989624,56.66459274291992,151.4519805908203,h
48.25197982788086,20.418508529663086,2.5124833583831787,0.7175251245498657,0.37970322370529175,-43.07952117919922,-24.49166488647461,-0.39847126603126526,39.294410705566406,223.3436737060547,h
61.55391311645508,24.814476013183594,2.8893346786499023,0.3188973367214203,0.17030787467956543,-10.046732902526855,16.03711700439453,-0.5552904605865479,34.93042755126953,165.08885192871094,h
168.65652465820312,63.998130798339844,3.78239107131958,0.155861496925354,0.08741039037704468,-82.51826477050781,-39.00149154663086,5.602634906768799,43.33274459838867,228.08419799804688,h
105.31106567382812,51.96486282348633,3.272412061691284,0.2254704087972641,0.1578112095594406,-75.7001953125,18.531808853149414,-0.05712565779685974,29.518911361694336,256.3009948730469,h
67.07483673095703,26.808712005615234,3.1082077026367188,0.2696040868759155,0.1462695300579071,-1.196502685546875,17.80553436279297,-0.2303788959980011,36.68638229370117,209.29017639160156,g
72.52528381347656,31.081218719482422,3.142035484313965,0.24059148132801056,0.14709198474884033,-5.30048942565918,32.333980560302734,-0.5640370845794678,2.4423980712890625,246.89425659179688,g
51.181427001953125,24.580257415771484,2.919062614440918,0.3056736886501312,0.17603830993175507,0.23407554626464844,34.25929641723633,-1.366451621055603,33.80339050292969,181.76409912109375,g
52.31840515136719,23.27161979675293,2.9523115158081055,0.32547709345817566,0.14073985815048218,2.5200576782226562,24.232177734375,-0.7669330835342407,32.50749969482422,164.81427001953125,h
60.949066162109375,31.753341674804688,3.116027355194092,0.2109939604997635,0.12678641080856323,11.892024993896484,49.18257141113281,-0.730913519859314,7.015176773071289,240.28640747070312,g
14.742733001708984,1.3542327880859375,2.2141530513763428,0.6999366879463196,0.42352479696273804,-6.835865020751953,-4.541172027587891,0.38205134868621826,28.53714942932129,163.8403778076172,g
-4.722862243652344,6.267001152038574,1.9897077083587646,0.7516973614692688,0.4399808645248413,4.126213550567627,0.9645557403564453,-0.67481529712677,35.028804779052734,176.36813354492188,g
132.88107299804688,38.65684509277344,3.5283825397491455,0.2063959687948227,0.13103139400482178,-31.21007537841797,-32.28317642211914,3.7154669761657715,42.402549743652344,239.96568298339844,h
35.54302978515625,9.233531951904297,2.687948226928711,0.4796243906021118,0.2397850900888443,13.928714752197266,9.884047508239746,1.4030168056488037,24.470857620239258,171.3464813232422,g
33.680179595947266,6.286707878112793,2.3241705894470215,0.6273301243782043,0.40681126713752747,4.276240825653076,5.615138053894043,-0.7074954509735107,46.65184783935547,202.9275360107422,g
51.2601318359375,21.033058166503906,2.8076534271240234,0.344723641872406,0.21881234645843506,0.8369803428649902,24.183177947998047,-1.4388827085494995,36.393592834472656,210.8272705078125,g
17.078643798828125,9.818617820739746,2.3233070373535156,0.6240885853767395,0.3352371156215668,1.2725872993469238,-4.931486129760742,0.5475828647613525,27.72878646850586,121.46854400634766,h
37.34081268310547,15.787298202514648,2.6203067302703857,0.4554516673088074,0.2581733167171478,15.230447769165039,16.379207611083984,0.5190992951393127,23.984575271606445,192.7279052734375,g
88.55213928222656,35.51768493652344,3.321479320526123,0.16748550534248352,0.10188069194555283,-1.087827444076538,31.014461517333984,0.5794839859008789,4.672687530517578,249.38372802734375,g
27.478532791137695,15.184833526611328,2.603388547897339,0.402811735868454,0.2114037424325943,21.0108585357666,7.091653823852539,0.5923300385475159,29.074167251586914,128.8114013671875,h
34.628501892089844,12.490781784057617,2.3977696895599365,0.619452714920044,0.3458317220211029,12.539207458496094,2.3070859909057617,0.33211714029312134,51.601993560791016,179.49903869628906,g
85.36714172363281,35.24713134765625,3.3849925994873047,0.13605286180973053,0.08875894546508789,8.682352066040039,44.41652297973633,0.306199312210083,4.3150787353515625,248.86175537109375,g
65.79365539550781,32.221832275390625,3.160720109939575,0.36447033286094666,0.1723407804965973,-13.079479217529297,10.826956748962402,1.3920105695724487,48.461883544921875,227.5760498046875,h
99.25176239013672,51.28430938720703,3.188852310180664,0.12317419052124023,0.08162298798561096,-21.64739990234375,21.89787483215332,-0.1859513223171234,36.1020393371582,247.5245361328125,h
32.73686981201172,9.933176040649414,2.6480484008789062,0.49439388513565063,0.2552856206893921,8.137187957763672,13.131566047668457,0.7905737161636353,21.187618255615234,171.1472625732422,g
23.91632652282715,12.935486793518066,2.1161787509918213,0.7120174169540405,0.42966586351394653,-3.456724166870117,-7.597031593322754,-0.7332383394241333,53.29584503173828,173.03688049316406,h
91.72003173828125,54.984619140625,3.141148090362549,0.15544046461582184,0.07977516949176788,-61.37075424194336,9.3303804397583,-1.128129482269287,30.599224090576172,202.70858764648438,h
51.18074417114258,16.939067840576172,2.830380916595459,0.3381638526916504,0.1808314323425293,-0.34072446823120117,11.376282691955566,0.815569281578064,19.720712661743164,192.1980743408203,g
31.03331756591797,12.582799911499023,2.591028928756714,0.5407267808914185,0.2755013108253479,-8.251920700073242,17.33696746826172,0.30549004673957825,17.454002380371094,184.8462371826172,g
71.02194213867188,32.41105651855469,3.3009867668151855,0.1644006222486496,0.09625883400440216,7.073549747467041,52.375675201416016,-0.40356746315956116,3.063711166381836,239.17529296875,g
41.009674072265625,20.433523178100586,2.616176128387451,0.4204895496368408,0.25899553298950195,-6.003448486328125,19.807348251342773,-1.6086583137512207,37.43574523925781,157.3897247314453,h
78.58524322509766,29.290082931518555,3.2145309448242188,0.20635578036308289,0.1050981730222702,-13.977903366088867,11.051454544067383,0.3040711283683777,7.351884841918945,235.50546264648438,g
62.9190673828125,32.32413101196289,3.0042381286621094,0.3442063629627228,0.25428009033203125,-26.167869567871094,4.28545618057251,-0.9509011507034302,43.16252517700195,210.33642578125,h
57.478729248046875,24.1262149810791,3.0919129848480225,0.23078741133213043,0.13436636328697205,9.748235702514648,41.91669845581055,-0.09113383293151855,10.428668975830078,213.44070434570312,g
63.13459777832031,30.783357620239258,3.278640031814575,0.1727999448776245,0.09435079246759415,0.14443540573120117,45.43943786621094,-0.4819554388523102,5.723222732543945,224.34756469726562,g
19.02704620361328,9.867319107055664,2.310488700866699,0.6955888271331787,0.3714293837547302,-2.7218987941741943,6.32750940322876,0.5998026132583618,25.220993041992188,175.56378173828125,g
38.21950912475586,23.797046661376953,2.9484071731567383,0.3079400062561035,0.16223378479480743,7.752910137176514,29.516460418701172,-0.45426204800605774,18.173234939575195,217.47012329101562,g
46.39828872680664,13.084437370300293,2.922390937805176,0.31594187021255493,0.16130921244621277,11.336946487426758,23.69106674194336,0.7397674322128296,16.85357093811035,181.61143493652344,g
21.22420883178711,10.078140258789062,2.0299882888793945,0.7975916862487793,0.47045934200286865,-0.3330221176147461,-17.692657470703125,0.04146599769592285,57.713783264160156,155.78567504882812,h
27.071800231933594,9.618121147155762,2.2506537437438965,0.5805601477622986,0.4107450246810913,0.6522464752197266,6.66190242767334,-1.8063970804214478,49.34290313720703,210.33462524414062,g
10.171329498291016,5.377220153808594,2.123608112335205,0.6833323836326599,0.4146338701248169,-3.603425979614258,-8.40352725982666,-0.17851796746253967,31.893115997314453,163.63668823242188,g
10.059955596923828,7.799389839172363,2.2753992080688477,0.5934532284736633,0.37761953473091125,3.4227261543273926,13.443552017211914,-0.9635779857635498,26.78169059753418,183.69833374023438,g
19.447898864746094,7.409272193908691,2.340543746948242,0.5900881290435791,0.3478752374649048,-0.2649879455566406,4.318779468536377,0.1669672280550003,27.881877899169922,169.11219787597656,g
37.62639617919922,14.048470497131348,2.564117431640625,0.48851388692855835,0.28502634167671204,9.872762680053711,8.267242431640625,-0.17675092816352844,49.8980712890625,180.0454559326172,g
69.85678100585938,32.800567626953125,3.089998483657837,0.2691662311553955,0.15600791573524475,-46.36069869995117,25.070125579833984,-0.38380321860313416,4.444414138793945,220.50543212890625,g
62.227020263671875,30.546960830688477,3.2395641803741455,0.17432385683059692,0.08745065331459045,-1.7459337711334229,35.32732009887695,-0.516021728515625,6.682277679443359,221.5390625,g
80.41873931884766,31.010896682739258,3.2364461421966553,0.1761806458234787,0.09585528820753098,0.1222529411315918,15.538064002990723,0.08789411187171936,7.475589752197266,249.96820068359375,g
77.9797592163086,34.54151916503906,2.8742549419403076,0.36160439252853394,0.19108456373214722,-17.257667541503906,-10.83862590789795,1.5382989645004272,48.804893493652344,170.53219604492188,h
36.24742889404297,13.118363380432129,2.780336380004883,0.3458370864391327,0.18668049573898315,19.054813385009766,19.26126480102539,0.6896899938583374,24.525381088256836,170.39865112304688,g
79.24363708496094,35.59660339355469,3.127978801727295,0.20911651849746704,0.0760091096162796,0.9329290390014648,0.2591514587402344,0.2571125626564026,38.39162063598633,195.5020294189453,h
12.667343139648438,6.977211952209473,2.3228368759155273,0.6732496023178101,0.3558773398399353,7.993008136749268,2.99552059173584,0.7635494470596313,29.717546463012695,163.7098388671875,g
59.777286529541016,48.11585235595703,3.4604365825653076,0.16254615783691406,0.08164025843143463,-31.647855758666992,32.9364128112793,-1.0777850151062012,41.640010833740234,240.2330322265625,h
141.16632080078125,34.144554138183594,3.5416531562805176,0.2940221130847931,0.17059656977653503,-39.48778533935547,-90.6775131225586,4.99140739440918,52.81963348388672,273.73443603515625,h
70.65542602539062,36.28913879394531,3.407193660736084,0.10765185952186584,0.04990376532077789,3.822692394256592,54.03827667236328,0.030094444751739502,6.28657341003418,228.17349243164062,g
56.62174987792969,19.64697265625,2.994321584701538,0.27116572856903076,0.14522811770439148,17.22759437561035,23.607595443725586,0.8734781742095947,18.071701049804688,199.20628356933594,g
57.36941146850586,30.465579986572266,3.2208499908447266,0.18894410133361816,0.10054470598697662,0.5061473846435547,47.303504943847656,-0.4563703238964081,7.58778190612793,217.18411254882812,g
37.895263671875,17.072988510131836,2.720963478088379,0.3719596862792969,0.18517732620239258,0.5571794509887695,14.388555526733398,0.32250499725341797,21.623497009277344,185.43402099609375,g
48.74380111694336,19.3079891204834,2.997694730758667,0.30202746391296387,0.14967170357704163,2.547563076019287,27.059391021728516,0.1523463875055313,11.200183868408203,182.58245849609375,g
59.3632698059082,16.76141929626465,2.763448715209961,0.36479651927948,0.24421460926532745,12.54969596862793,4.53590726852417,0.3911563754081726,47.688446044921875,184.205810546875,g
69.52608489990234,29.491092681884766,3.2228505611419678,0.15732261538505554,0.07950791716575623,11.837394714355469,43.5478515625,0.25404462218284607,8.835535049438477,223.6278533935547,g
58.0786247253418,27.053565979003906,3.046267509460449,0.2521378993988037,0.1267222762107849,-0.37007570266723633,34.105533599853516,-1.1901310682296753,30.28972816467285,180.70497131347656,h
89.37873840332031,29.833759307861328,2.878349542617798,0.4271114766597748,0.2744448482990265,-40.55108642578125,-17.92047119140625,1.3951219320297241,46.014923095703125,234.94422912597656,h
27.583454132080078,8.858367919921875,2.5574557781219482,0.5313011407852173,0.27895453572273254,7.090906620025635,9.062538146972656,0.679320216178894,22.320722579956055,154.60494995117188,g
77.42619323730469,31.30416488647461,3.1530556678771973,0.16942338645458221,0.0800347775220871,-12.580621719360352,17.038904190063477,0.23356440663337708,8.028778076171875,227.1009979248047,g
127.87771606445312,59.5164794921875,3.4598498344421387,0.1629922240972519,0.09618798643350601,-56.35855484008789,-12.28773021697998,2.027766466140747,36.938560485839844,219.12574768066406,h
4.111972808837891,4.917013168334961,2.274505615234375,0.6572154760360718,0.3529764413833618,5.861690044403076,11.1792631149292,-0.25590965151786804,27.534093856811523,184.42196655273438,g
57.78155517578125,23.940765380859375,3.0273401737213135,0.26609736680984497,0.13552245497703552,18.622100830078125,28.174137115478516,0.9249842166900635,17.36394500732422,203.5286865234375,g
39.35337829589844,10.902619361877441,2.766517162322998,0.4122031331062317,0.2192467749118805,5.048710346221924,13.535888671875,0.5935778021812439,19.005428314208984,181.90928649902344,g
11.907649993896484,7.605462074279785,2.3143222332000732,0.5257019996643066,0.3256082832813263,15.021184921264648,1.4923629760742188,-0.17549189925193787,33.570472717285156,149.70526123046875,g
18.59325408935547,7.436648368835449,2.236187696456909,0.5999224781990051,0.3853414058685303,-0.957430362701416,-1.3228874206542969,-0.20891836285591125,30.362041473388672,179.83665466308594,g
43.87281799316406,21.275365829467773,2.775850296020508,0.3688739836215973,0.19546808302402496,8.397872924804688,35.40473556518555,-1.278649926185608,34.29524230957031,171.90087890625,g
29.52088737487793,14.051079750061035,2.5635032653808594,0.41579771041870117,0.21892397105693817,13.360118865966797,-0.151580810546875,0.7914577722549438,30.736190795898438,139.42669677734375,g
21.8826961517334,8.00711727142334,2.4640207290649414,0.5353278517723083,0.2905488908290863,13.230915069580078,1.3684167861938477,0.8667975664138794,31.355541229248047,163.58880615234375,g
37.126705169677734,16.025604248046875,2.618558406829834,0.42234671115875244,0.24900180101394653,6.579965114593506,17.782346725463867,-0.08114424347877502,20.03658103942871,177.24696350097656,g
37.91481399536133,12.179020881652832,2.7016968727111816,0.39306193590164185,0.2077573835849762,5.433181285858154,11.204988479614258,0.8189083337783813,24.283931732177734,177.927734375,g
22.896259307861328,9.722330093383789,2.45206356048584,0.5082686543464661,0.3105355203151703,1.9175124168395996,12.364843368530273,-0.13756486773490906,25.37787437438965,168.3898468017578,g
23.476350784301758,13.016629219055176,2.3321571350097656,0.5737470388412476,0.34023669362068176,1.3843741416931152,3.219515800476074,-0.2500183880329132,24.46885108947754,155.71278381347656,h
42.182952880859375,10.501197814941406,2.7431623935699463,0.37465864419937134,0.20634950697422028,8.74955940246582,3.3359079360961914,0.9188846349716187,23.191600799560547,176.54367065429688,g
42.6317138671875,19.36378288269043,2.6676156520843506,0.3920012414455414,0.23171564936637878,-0.900923490524292,16.041776657104492,-0.8379055261611938,42.62882995605469,156.69781494140625,h
10.84463119506836,2.742593765258789,2.1213581562042236,0.650478720664978,0.42605897784233093,-5.833911895751953,-7.758940696716309,-0.5378283262252808,31.51940155029297,176.2619171142578,g
23.897682189941406,10.685072898864746,2.421311140060425,0.5879207849502563,0.30517446994781494,12.550535202026367,-6.659771919250488,1.1376219987869263,29.742549896240234,127.63519287109375,h
60.96231460571289,25.08820915222168,3.144519805908203,0.20819556713104248,0.1025538295507431,8.769598007202148,32.82661437988281,0.06636619567871094,9.592435836791992,205.5900115966797,g
51.40912628173828,24.752140045166016,3.098660469055176,0.25899603962898254,0.12390876561403275,1.752873420715332,41.45466613769531,-0.453784316778183,6.68653678894043,211.35769653320312,g
41.689300537109375,10.685327529907227,2.7700014114379883,0.3991619348526001,0.20574086904525757,5.180302143096924,9.33198070526123,0.5876020789146423,17.928451538085938,177.8606719970703,g
37.47688293457031,16.880958557128906,2.681795597076416,0.4041217863559723,0.2207954376935959,-6.890844821929932,18.378276824951172,-0.16454491019248962,17.53345489501953,191.84368896484375,g
41.32968521118164,14.57492446899414,2.437375545501709,0.5307460427284241,0.3102536201477051,-1.4698593616485596,-12.774197578430176,0.22446642816066742,51.07324981689453,133.9930419921875,h
45.35930633544922,17.164005279541016,2.7981491088867188,0.3368309438228607,0.19571834802627563,7.925072193145752,23.946048736572266,-0.9563671350479126,38.80757141113281,172.2185516357422,g
60.67262268066406,17.788616180419922,3.0291008949279785,0.2828931212425232,0.14112943410873413,-0.3803110122680664,10.898004531860352,0.20249100029468536,39.39191436767578,184.35202026367188,g
14.46059799194336,11.261313438415527,2.199441909790039,0.6079535484313965,0.36849844455718994,4.385818958282471,-2.142995834350586,-0.1630745232105255,32.90512466430664,169.34616088867188,g
74.75181579589844,17.40662384033203,3.0755198001861572,0.32711806893348694,0.156389519572258,1.8112945556640625,0.7817153930664062,1.4364051818847656,38.7189826965332,183.98599243164062,g
208.3579559326172,86.64116668701172,3.956700563430786,0.014135152101516724,0.03729826211929321,-94.56221771240234,-54.22343063354492,4.887293338775635,42.20866012573242,320.945068359375,h
34.64094543457031,8.02614974975586,2.631782054901123,0.44057154655456543,0.24674473702907562,4.977833271026611,5.296008110046387,0.25350791215896606,20.918798446655273,183.81358337402344,g
33.979957580566406,6.365847587585449,2.611879825592041,0.4385254979133606,0.2504599392414093,6.676589488983154,3.042137622833252,0.4415610432624817,22.209049224853516,165.24972534179688,g
52.34598922729492,21.817352294921875,3.030118703842163,0.2879672050476074,0.135250523686409,-4.582738876342773,25.327436447143555,0.09911075234413147,11.179723739624023,199.95201110839844,g
40.40509033203125,12.062080383300781,2.822964668273926,0.3212836980819702,0.1672201156616211,8.894134521484375,10.583099365234375,1.2309855222702026,26.972301483154297,165.11940002441406,g
39.79103088378906,10.904205322265625,2.8267786502838135,0.423031210899353,0.2153489738702774,-0.27851009368896484,20.28640365600586,0.6092696189880371,15.190723419189453,178.0306396484375,g
7.417377471923828,2.6559066772460938,2.138638973236084,0.6569758653640747,0.4146903157234192,-2.8791322708129883,-4.736880302429199,-0.3069697916507721,32.77191162109375,169.2450714111328,g
127.82467651367188,42.580596923828125,3.703340530395508,0.09110280871391296,0.03317880630493164,8.259380340576172,-15.273161888122559,3.758535861968994,47.52653503417969,224.0919189453125,h
42.00905227661133,16.2233943939209,2.5596675872802734,0.4300140142440796,0.262587308883667,12.483287811279297,6.215691566467285,-0.7329586744308472,47.21657180786133,179.31883239746094,g
20.413551330566406,13.134292602539062,2.460231065750122,0.5396697521209717,0.28203052282333374,7.031199932098389,2.82009220123291,0.16884161531925201,24.656034469604492,125.43476867675781,h
20.790081024169922,11.445504188537598,2.3254270553588867,0.5313318371772766,0.3215462863445282,2.0007710456848145,-5.908791542053223,-0.27193501591682434,27.03521728515625,120.1008071899414,h
38.858314514160156,10.983352661132812,2.6033246517181396,0.4831710755825043,0.27798688411712646,8.848072052001953,10.607439994812012,-0.3913075029850006,43.57610321044922,165.9652862548828,g
77.55520629882812,31.37084197998047,3.364732027053833,0.1477392464876175,0.061322107911109924,3.900783061981201,25.931930541992188,0.8837243318557739,9.8223876953125,215.3188934326172,g
61.05754470825195,25.91939926147461,3.0299317836761475,0.21301712095737457,0.10928076505661011,2.781116485595703,28.28845977783203,0.18757735192775726,12.558577537536621,196.7270050048828,g
39.71642303466797,14.419797897338867,2.4974794387817383,0.5656901597976685,0.30310961604118347,-10.989982604980469,-1.2154245376586914,-0.13743823766708374,42.362876892089844,140.03948974609375,h
26.943336486816406,15.48493480682373,2.6715564727783203,0.40455392003059387,0.2242467701435089,7.595794200897217,30.03321075439453,-0.39547380805015564,19.727449417114258,180.8383026123047,g
51.807533264160156,22.42085075378418,2.7587409019470215,0.32232779264450073,0.1812097132205963,23.310955047607422,10.863923072814941,0.25103849172592163,50.330955505371094,158.03794860839844,h
56.810401916503906,16.714033126831055,2.9233243465423584,0.3122705817222595,0.16779159009456635,6.952332973480225,18.726581573486328,-0.13104203343391418,37.4006233215332,166.52345275878906,g
46.894752502441406,15.965997695922852,2.865506410598755,0.3570910692214966,0.18461014330387115,-1.896313190460205,22.939517974853516,0.6392126679420471,15.243255615234375,181.10643005371094,g
54.871212005615234,25.551740646362305,2.9314944744110107,0.31634995341300964,0.18057172000408173,0.40302419662475586,16.47848129272461,-0.4913225471973419,40.230194091796875,171.1804656982422,h
51.174312591552734,15.414119720458984,2.8485171794891357,0.3216545283794403,0.17730969190597534,5.146352291107178,10.053420066833496,0.3303517997264862,47.87152862548828,183.99778747558594,g
42.73181915283203,21.730546951293945,2.7047433853149414,0.33329081535339355,0.17763613164424896,12.656869888305664,7.227622985839844,0.4980219304561615,25.06916618347168,152.44015502929688,h
55.116851806640625,33.17036437988281,2.7121031284332275,0.4706915318965912,0.2676735520362854,-93.63358306884766,-9.212836265563965,-1.5043209791183472,6.433755874633789,233.1645965576172,h
62.06399154663086,26.671831130981445,3.1297879219055176,0.20853964984416962,0.10071779787540436,4.9481682777404785,31.587772369384766,0.001367717981338501,9.585397720336914,214.02816772460938,g
84.88407897949219,27.154624938964844,3.093897819519043,0.3079615533351898,0.15369001030921936,1.207883358001709,3.236347198486328,1.3527883291244507,36.81735610961914,159.83714294433594,h
43.29096221923828,17.5653076171875,2.6607275009155273,0.49697867035865784,0.2643636167049408,4.348892688751221,17.425992965698242,-0.19919535517692566,41.4638557434082,180.55328369140625,g
72.751708984375,37.09111785888672,3.3642544746398926,0.1696016788482666,0.09889264404773712,1.6767377853393555,57.43162155151367,-0.30701497197151184,3.1147212982177734,249.15420532226562,g
68.86802673339844,22.957395553588867,3.046060800552368,0.25285804271698,0.14770597219467163,2.5320005416870117,19.47584342956543,0.31320083141326904,8.990488052368164,216.06253051757812,g
41.36485290527344,15.347850799560547,2.7592852115631104,0.35166749358177185,0.19148468971252441,22.705001831054688,11.949579238891602,1.1624281406402588,27.826736450195312,180.55838012695312,g
44.618064880371094,16.480663299560547,2.9854092597961426,0.25203174352645874,0.11533396691083908,8.548551559448242,22.419174194335938,1.2813973426818848,23.303253173828125,166.6497344970703,g
176.2492218017578,58.81181335449219,3.6719605922698975,0.23161454498767853,0.16374722123146057,-96.49658966064453,-58.88563919067383,5.72695779800415,48.55113220214844,255.93716430664062,h
48.092567443847656,22.097280502319336,2.979782819747925,0.27980902791023254,0.1405668556690216,13.14588737487793,34.304527282714844,0.07243731617927551,14.19275951385498,205.0518341064453,g
52.828521728515625,27.78582763671875,3.048738718032837,0.2660578191280365,0.16096730530261993,-6.267125129699707,38.846458435058594,-0.9340591430664062,7.284528732299805,220.5390625,g
41.81062698364258,19.029361724853516,2.5720953941345215,0.42301130294799805,0.2391023486852646,12.726358413696289,0.6024036407470703,-0.5501307249069214,47.17147445678711,148.47857666015625,h
44.4814567565918,19.534170150756836,2.855865240097046,0.31830519437789917,0.1615857481956482,5.698919773101807,17.295265197753906,0.8585175275802612,21.069438934326172,150.65626525878906,g
38.815032958984375,19.74207305908203,2.822962522506714,0.3029894232749939,0.16366194188594818,-3.3752493858337402,29.778564453125,-0.477998286485672,14.878177642822266,176.11679077148438,g
42.81946563720703,12.798247337341309,2.757875680923462,0.3430907726287842,0.18697574734687805,6.19811487197876,8.768165588378906,0.6881294846534729,21.89674186706543,174.78857421875,g
17.29227066040039,5.264719009399414,2.3506813049316406,0.5458711981773376,0.3537691831588745,3.529798984527588,8.20025634765625,-0.4653650224208832,26.266305923461914,169.3267364501953,g
35.50905227661133,13.364391326904297,2.6375248432159424,0.5337828397750854,0.28617358207702637,5.132272243499756,21.823802947998047,0.4498772621154785,16.824132919311523,192.33004760742188,g
70.695556640625,43.47918701171875,3.083838939666748,0.1569984257221222,0.10583212971687317,-19.50051498413086,23.61265754699707,-2.335406541824341,29.301786422729492,196.57369995117188,h
105.94129943847656,50.415313720703125,3.215738534927368,0.31837669014930725,0.1988307684659958,-62.88405990600586,-20.522289276123047,-0.6680134534835815,29.507781982421875,280.3697204589844,h
10.079017639160156,7.215262413024902,2.1514899730682373,0.770829439163208,0.42226308584213257,-4.0295915603637695,-4.880804061889648,0.3934333622455597,28.291990280151367,149.35337829589844,h
46.11046600341797,15.971631050109863,2.837938070297241,0.35215747356414795,0.1795342117547989,-9.99155044555664,14.62271499633789,0.5513129234313965,17.22543716430664,179.32847595214844,g
53.37092971801758,11.554190635681152,2.8052029609680176,0.41929712891578674,0.22162222862243652,-0.3888101577758789,7.548480033874512,0.3992081582546234,38.63930130004883,158.58160400390625,g
17.58786392211914,7.3563947677612305,2.3066158294677734,0.571523904800415,0.35885584354400635,-5.621519565582275,2.2964658737182617,-0.6531888246536255,24.99312973022461,167.83360290527344,g
41.946292877197266,12.709824562072754,2.7385380268096924,0.4010803699493408,0.23190531134605408,8.297050476074219,17.13433074951172,0.4714770019054413,19.422359466552734,183.85093688964844,g
18.58995819091797,12.502191543579102,2.4008007049560547,0.5276381969451904,0.2853405475616455,17.130966186523438,1.2904329299926758,0.4781806468963623,31.273582458496094,140.14727783203125,h
52.11638641357422,25.266971588134766,2.947382926940918,0.29085826873779297,0.1389530897140503,7.268202304840088,34.06403350830078,0.41462987661361694,15.436930656433105,203.72402954101562,g
29.122268676757812,7.488687515258789,2.4337756633758545,0.5581139326095581,0.3163596987724304,11.294879913330078,-12.546500205993652,1.2322436571121216,31.82189178466797,151.19772338867188,g
25.068016052246094,5.109346389770508,2.383350133895874,0.5935377478599548,0.3371428847312927,8.931312561035156,-13.389899253845215,1.2751327753067017,32.85282897949219,159.48281860351562,g
59.30904006958008,22.812318801879883,3.147470474243164,0.19590899348258972,0.09483844041824341,15.619674682617188,31.603313446044922,0.6311842203140259,14.796416282653809,204.42984008789062,g
54.94046401977539,28.92068099975586,3.022228479385376,0.28785669803619385,0.12864823639392853,18.389684677124023,27.16488265991211,0.936272382736206,17.41455841064453,171.77139282226562,h
34.211029052734375,8.577818870544434,2.699082374572754,0.4140990972518921,0.23166780173778534,7.696030139923096,11.603767395019531,0.6372524499893188,21.645835876464844,158.05886840820312,g
54.29026794433594,15.033145904541016,2.8475916385650635,0.2745104730129242,0.16045333445072174,14.206024169921875,18.75773811340332,-0.1181381344795227,43.4914665222168,179.4989013671875,g
21.494461059570312,7.373753547668457,2.328371524810791,0.5765732526779175,0.3496602773666382,-3.1374638080596924,-2.0291261672973633,-0.16093793511390686,25.378257751464844,158.8592987060547,g
80.7221450805664,34.99085235595703,3.1694507598876953,0.2108135223388672,0.09510526806116104,-41.36726379394531,11.110352516174316,0.6869769096374512,8.182735443115234,218.76634216308594,g
36.67573547363281,11.145977020263672,2.7370896339416504,0.37942638993263245,0.2019064575433731,11.92329216003418,7.784537315368652,0.704156756401062,22.75432777404785,159.77487182617188,g
34.679893493652344,10.061455726623535,2.7263407707214355,0.41541290283203125,0.22915150225162506,7.670411586761475,17.028797149658203,0.43746453523635864,19.93012046813965,170.36705017089844,g
50.83944320678711,20.562501907348633,2.8995752334594727,0.29616954922676086,0.15718787908554077,2.5504403114318848,27.145191192626953,0.2620159387588501,14.953288078308105,198.14706420898438,g
32.68389129638672,19.249778747558594,2.7401421070098877,0.31026360392570496,0.16200552880764008,22.2142391204834,16.1429500579834,0.24109449982643127,26.1920223236084,151.6114959716797,g
19.073307037353516,6.17408561706543,2.404728412628174,0.5335121750831604,0.3291349411010742,7.229441165924072,10.652562141418457,-0.16613635420799255,26.184337615966797,172.06907653808594,g
63.89663314819336,27.681283950805664,3.0843698978424072,0.26569774746894836,0.13540422916412354,0.5632071495056152,16.525726318359375,0.039651334285736084,39.074676513671875,161.87278747558594,h
48.059608459472656,21.341602325439453,2.783907890319824,0.31309840083122253,0.1923898309469223,10.457744598388672,23.197912216186523,-1.2582777738571167,40.17558288574219,190.74366760253906,g
12.882545471191406,5.882892608642578,2.216247797012329,0.6825782656669617,0.42798489332199097,-4.546004772186279,10.651507377624512,-0.7406073808670044,23.51721954345703,187.2607879638672,g
42.072792053222656,15.776567459106445,2.8989880084991455,0.3188798725605011,0.15346358716487885,-2.983768939971924,26.509315490722656,0.2676454782485962,13.754623413085938,167.10011291503906,g
83.74766540527344,34.0054817199707,3.3366081714630127,0.17232464253902435,0.09905639290809631,-1.6292307376861572,33.12759017944336,0.06866773962974548,2.300901412963867,247.3045196533203,g
103.93907165527344,58.37260437011719,3.5398573875427246,0.06774362921714783,0.049841225147247314,-42.793479919433594,10.51634407043457,-0.576755166053772,35.990875244140625,279.1061706542969,h
54.459747314453125,13.364399909973145,2.8121984004974365,0.38325610756874084,0.19412396848201752,14.584831237792969,1.0904159545898438,1.0793532133102417,49.73713684082031,192.9497833251953,g
36.032127380371094,15.027610778808594,2.6120128631591797,0.4112371504306793,0.23632964491844177,6.988769054412842,12.079973220825195,0.129023939371109,22.909608840942383,182.1602020263672,g
75.14984893798828,22.092269897460938,2.9925646781921387,0.3548312187194824,0.19659028947353363,-4.43239164352417,2.1623010635375977,0.005308210849761963,34.178993225097656,224.93960571289062,g
36.59416961669922,12.051609992980957,2.529707670211792,0.4344720244407654,0.2797378897666931,16.397064208984375,12.02259635925293,-0.5149945020675659,50.956581115722656,185.49986267089844,g
18.828960418701172,10.258816719055176,2.3926339149475098,0.5349446535110474,0.2956014573574066,18.670095443725586,2.0268383026123047,0.5539213418960571,32.58159637451172,154.84811401367188,g
100.30384826660156,30.41751480102539,3.3178980350494385,0.17310677468776703,0.08865629136562347,-2.9140424728393555,9.020389556884766,0.9395171403884888,32.670650482177734,234.1514892578125,g
55.6330451965332,21.28412437438965,2.928159236907959,0.24167203903198242,0.14441600441932678,25.43924903869629,27.324703216552734,0.3727700114250183,18.974834442138672,211.7279052734375,g
24.142366409301758,10.95986270904541,2.1619603633880615,0.7272059917449951,0.41782769560813904,8.700384140014648,-11.37279987335205,0.08688557147979736,56.63756561279297,161.19384765625,h
185.94207763671875,74.86774444580078,3.8267464637756348,0.020350992679595947,0.027765363454818726,-43.023921966552734,-48.19342041015625,6.050551414489746,59.65269088745117,270.86572265625,h
70.93431091308594,35.42152404785156,3.139026165008545,0.25816240906715393,0.14811083674430847,-54.56665802001953,23.532840728759766,0.032362550497055054,7.34080696105957,214.48529052734375,g
87.406494140625,43.57320785522461,3.441530227661133,0.07420650124549866,0.058024197816848755,22.928455352783203,48.618804931640625,0.6645438075065613,11.566279411315918,263.73907470703125,g
91.21199035644531,34.39949035644531,3.496986150741577,0.10966065526008606,0.06174854934215546,9.387840270996094,16.932655334472656,1.0389974117279053,41.087730407714844,236.90328979492188,g
89.18828582763672,42.54433059692383,3.1077587604522705,0.23719167709350586,0.13197997212409973,-58.826019287109375,9.998390197753906,-0.5940179824829102,31.320533752441406,233.07638549804688,h
41.766929626464844,11.050378799438477,2.747779130935669,0.37297263741493225,0.2045900523662567,-0.5020709037780762,11.767393112182617,0.2908732295036316,17.433452606201172,178.48056030273438,g
118.1749267578125,50.95720672607422,3.7110214233398438,0.03922301530838013,0.04297153651714325,-3.953831195831299,40.90679931640625,0.8145862221717834,-0.1803131103515625,298.1507873535156,g
51.896934509277344,23.314966201782227,2.9707226753234863,0.23186133801937103,0.12619464099407196,27.4685115814209,33.06678009033203,0.4933818578720093,19.94882583618164,204.76788330078125,g
69.46365356445312,29.963199615478516,3.26753830909729,0.16898775100708008,0.09031893312931061,7.629307270050049,44.331424713134766,0.08325496315956116,6.175758361816406,225.42503356933594,g
165.35272216796875,69.97498321533203,3.603151559829712,0.1643613874912262,0.09673909097909927,-97.72300720214844,-73.12687683105469,4.166240692138672,44.58163070678711,251.3076171875,h
84.405517578125,39.42835235595703,3.320700168609619,0.2003020942211151,0.12563496828079224,-11.300191879272461,40.96604919433594,-0.5180221796035767,-1.23114013671875,269.7915344238281,g
19.183143615722656,6.6475419998168945,2.3716323375701904,0.5124561786651611,0.3173143267631531,6.570192813873291,2.2766971588134766,-0.03309410810470581,29.5379695892334,157.3927001953125,g
40.17021942138672,13.293397903442383,2.7125353813171387,0.3689887523651123,0.2013915777206421,3.9414124488830566,11.281079292297363,0.39604541659355164,21.509939193725586,184.9676971435547,g
46.26465606689453,18.72509002685547,2.7949814796447754,0.34292227029800415,0.17686744034290314,-4.712194919586182,11.959506034851074,0.4396072030067444,18.444461822509766,174.75584411621094,g
38.61521911621094,12.697992324829102,2.452629804611206,0.592587411403656,0.33582764863967896,-1.8917906284332275,4.933019161224365,-0.206400066614151,43.60700607299805,158.07696533203125,h
73.71656036376953,34.85524368286133,3.1951093673706055,0.30758532881736755,0.16495159268379211,-44.43913269042969,36.432674407958984,0.0853184163570404,1.8313884735107422,229.49935913085938,g
105.822998046875,32.926109313964844,3.20422625541687,0.40568915009498596,0.21521441638469696,-24.949344635009766,-29.255142211914062,2.663522958755493,42.470516204833984,219.86129760742188,h
34.15026092529297,17.245275497436523,2.8224291801452637,0.40202924609184265,0.2118486911058426,1.582167148590088,27.508609771728516,0.07548785209655762,18.130504608154297,193.93003845214844,g
91.73961639404297,48.794189453125,3.0496344566345215,0.30433905124664307,0.18391720950603485,-76.43617248535156,5.124119281768799,-0.958627462387085,31.030080795288086,257.6739501953125,h
43.31172180175781,22.928546905517578,2.7123022079467773,0.3681648075580597,0.1927172839641571,2.197026252746582,13.645606994628906,-0.47103384137153625,44.77947998046875,146.6505584716797,h
53.59062194824219,29.05400848388672,2.847348690032959,0.30761289596557617,0.17540597915649414,-3.3616323471069336,13.145713806152344,0.3628908395767212,53.5395622253418,174.4705047607422,h
-1.3933753967285156,4.238075256347656,2.124922752380371,0.6858058571815491,0.41382503509521484,-1.2392823696136475,8.379073143005371,-1.1022368669509888,27.35328483581543,163.7763671875,g
59.72647476196289,24.8617000579834,3.1252756118774414,0.22214564681053162,0.12068594992160797,9.302824020385742,36.94347381591797,-0.031165331602096558,8.944448471069336,214.0555877685547,g
30.721399307250977,8.3340482711792,2.7540295124053955,0.3748878538608551,0.20634253323078156,3.7570204734802246,21.637454986572266,0.0802280604839325,18.163410186767578,165.41636657714844,g
51.1442756652832,19.997900009155273,2.856454372406006,0.27678775787353516,0.15253229439258575,24.641332626342773,15.702079772949219,0.7159492373466492,22.856483459472656,186.34487915039062,g
80.35931396484375,35.98126983642578,3.273408889770508,0.20627231895923615,0.12274322658777237,-7.633279800415039,36.504417419433594,-0.32556405663490295,2.002065658569336,258.07049560546875,g
40.11018753051758,28.175777435302734,2.6775734424591064,0.33647555112838745,0.2038104236125946,5.965259075164795,17.75379180908203,-1.598026990890503,45.997459411621094,172.6533203125,h
46.66080856323242,12.439895629882812,2.8266873359680176,0.35938411951065063,0.18252678215503693,4.635310649871826,13.093159675598145,1.0636566877365112,19.374095916748047,173.80715942382812,g
37.975616455078125,11.649674415588379,2.699324131011963,0.3884643018245697,0.22490376234054565,2.92708158493042,7.3134942054748535,0.00865200161933899,20.020503997802734,183.8634796142578,g
81.29817962646484,46.65166473388672,3.5407443046569824,0.06013992428779602,0.05200476944446564,6.324038982391357,68.2137680053711,-0.4508412778377533,3.2339725494384766,267.888427734375,g
15.451534271240234,3.8699073791503906,2.1840786933898926,0.6918082237243652,0.4246346354484558,-14.113590240478516,-5.778376579284668,-0.3146991431713104,25.183547973632812,168.52426147460938,g
31.06075668334961,11.215860366821289,2.509197950363159,0.5075360536575317,0.290891170501709,11.91372299194336,5.111330986022949,0.8276268243789673,27.604097366333008,169.92042541503906,g
155.38397216796875,65.25180053710938,3.5646934509277344,0.1566789299249649,0.08602643013000488,-98.5051040649414,-64.44854736328125,3.316997766494751,46.755455017089844,265.36749267578125,h
75.69000244140625,30.64365005493164,3.1852035522460938,0.2885156273841858,0.14691025018692017,-9.312129020690918,25.829065322875977,0.39462101459503174,5.513782501220703,246.05870056152344,g
31.533342361450195,12.403791427612305,2.6274328231811523,0.4467811584472656,0.2487965226173401,18.270442962646484,14.097160339355469,0.6509420871734619,26.7734432220459,178.5511016845703,g
122.48886108398438,47.7630615234375,3.396852731704712,0.1783379763364792,0.09989085793495178,-40.319698333740234,-3.0191774368286133,1.9443174600601196,35.78629684448242,220.7035369873047,h
52.757904052734375,21.614871978759766,2.6677350997924805,0.4942800998687744,0.3014028072357178,-37.21088790893555,2.33538818359375,0.01743030548095703,14.029874801635742,210.02102661132812,g
33.996524810791016,15.496054649353027,2.411222457885742,0.5707947015762329,0.33298784494400024,8.058713912963867,5.564373016357422,-0.4405460059642792,47.8206672668457,156.5876007080078,h
47.059322357177734,25.97612953186035,3.1062965393066406,0.2849797308444977,0.15864677727222443,-10.356521606445312,36.438751220703125,-1.0977096557617188,7.286113739013672,224.10092163085938,g
34.912208557128906,15.33657455444336,2.554006338119507,0.4189615547657013,0.2580931484699249,-1.3706161975860596,10.356000900268555,-0.41769102215766907,22.332990646362305,193.48419189453125,g
80.8058853149414,39.24152374267578,3.268982172012329,0.18142837285995483,0.11614950001239777,-27.93113136291504,28.687213897705078,-0.8615641593933105,1.8437385559082031,261.7963562011719,g
55.3671989440918,25.423540115356445,2.9138317108154297,0.2804794907569885,0.1839328408241272,-2.8718106746673584,26.13519287109375,-1.8198174238204956,34.831382751464844,220.85000610351562,g
23.829771041870117,11.219444274902344,2.4517581462860107,0.6349145174026489,0.32673847675323486,12.20663070678711,12.98370361328125,0.997395396232605,26.265884399414062,192.55506896972656,g
130.85662841796875,44.00016784667969,3.5413126945495605,0.17900347709655762,0.1210290864109993,-35.71497344970703,0.017877578735351562,3.051868200302124,38.01454162597656,240.18345642089844,h
101.94032287597656,72.0711669921875,3.086162567138672,0.41328132152557373,0.2104356586933136,-154.3551025390625,-33.705326080322266,-1.2488113641738892,32.93526077270508,299.9858703613281,h
65.28514099121094,22.532390594482422,3.1847500801086426,0.2587321102619171,0.13583904504776,-11.867707252502441,15.809883117675781,0.30006369948387146,7.292901992797852,211.46766662597656,g
35.5521240234375,13.262020111083984,2.404590368270874,0.563668429851532,0.3377704620361328,-5.155797004699707,-5.862259864807129,-0.4365643560886383,49.13031005859375,166.81484985351562,h
13.349681854248047,5.586093902587891,2.112745761871338,0.8054791688919067,0.4501858949661255,-4.407623767852783,-11.471539497375488,0.8211062550544739,30.027259826660156,154.8416748046875,h
31.916963577270508,16.71938705444336,2.6244471073150635,0.37464359402656555,0.23007868230342865,18.10210609436035,19.03073501586914,-0.10524535179138184,26.5079345703125,192.2001953125,g
16.269222259521484,5.0021514892578125,2.1566717624664307,0.7308856248855591,0.43631377816200256,1.9660396575927734,-6.482817649841309,0.34243157505989075,29.87390899658203,170.53939819335938,g
127.33480834960938,81.90263366699219,3.418339252471924,0.08294457197189331,0.054641738533973694,-123.69349670410156,-22.85152816772461,-1.663704752922058,28.594884872436523,292.0060729980469,h
35.200477600097656,10.835553169250488,2.536029100418091,0.5023242235183716,0.28658199310302734,3.8342814445495605,6.485149383544922,0.7175025343894958,24.486068725585938,184.70858764648438,g
28.23619842529297,9.72128963470459,2.4566659927368164,0.5140116810798645,0.2984924912452698,2.504119396209717,1.0795936584472656,0.4025704860687256,26.949417114257812,173.69110107421875,g
62.31291961669922,28.46004867553711,3.123974084854126,0.18706883490085602,0.099348284304142,29.931072235107422,37.89500045776367,0.9177541732788086,19.821521759033203,212.94859313964844,g
12.135017395019531,3.5981178283691406,2.1719274520874023,0.7099676132202148,0.4112696945667267,-4.844578742980957,-5.858399391174316,0.2958082854747772,30.719818115234375,182.2307891845703,g
59.46342086791992,21.61638641357422,3.0475010871887207,0.2213992476463318,0.12047023326158524,24.19542121887207,28.215343475341797,0.9350231885910034,19.142257690429688,206.32301330566406,g
33.135650634765625,10.922080993652344,2.6876142024993896,0.38299280405044556,0.21381652355194092,16.292396545410156,16.459806442260742,0.47248613834381104,24.42243194580078,179.15008544921875,g
31.3332576751709,11.1519136428833,2.5618910789489746,0.49364134669303894,0.2659802734851837,8.154403686523438,3.0845985412597656,0.081560879945755,51.181182861328125,149.39834594726562,g
32.12730407714844,14.517998695373535,2.5696394443511963,0.4539383351802826,0.2668200731277466,26.063526153564453,13.133155822753906,0.7644821405410767,31.19878578186035,190.67274475097656,g
30.94393539428711,12.52961254119873,2.412402391433716,0.5265110731124878,0.3227632939815521,12.822444915771484,6.683338165283203,-0.5858873128890991,52.31221008300781,191.9190216064453,g
113.25440979003906,48.419883728027344,3.6654605865478516,0.05723336338996887,0.05093584954738617,-4.17694091796875,39.79343032836914,1.1063435077667236,3.352876663208008,281.0003662109375,g
27.123292922973633,10.60538387298584,2.680102586746216,0.5085461735725403,0.2536744475364685,-2.2816083431243896,18.456579208374023,0.1945655792951584,17.5042724609375,182.4466552734375,g
23.142545700073242,12.026979446411133,2.525988817214966,0.49707818031311035,0.28370779752731323,3.849494457244873,10.482255935668945,-0.17670568823814392,22.204063415527344,146.80621337890625,g
37.178977966308594,13.989825248718262,2.5456533432006836,0.5027653574943542,0.29768818616867065,5.899941921234131,15.618857383728027,-0.6906367540359497,44.12152099609375,181.19827270507812,g
46.65142059326172,19.38613510131836,2.799222946166992,0.3854408264160156,0.21871507167816162,3.175381660461426,26.64718246459961,-0.9792793989181519,37.624412536621094,198.14080810546875,g
49.983421325683594,18.601707458496094,2.929786205291748,0.3180726170539856,0.16133610904216766,16.1377010345459,27.449542999267578,0.7448350787162781,16.619029998779297,195.01539611816406,g
63.90486526489258,17.857210159301758,3.0059211254119873,0.3099152445793152,0.165501207113266,14.271913528442383,9.3522310256958,0.8949178457260132,43.32966613769531,161.38766479492188,g
21.637550354003906,10.79366683959961,2.3790407180786133,0.5431061387062073,0.3275643587112427,-1.985276222229004,6.8262224197387695,-0.29116252064704895,24.575885772705078,158.51832580566406,g
56.27153778076172,26.046836853027344,2.7515411376953125,0.4176962673664093,0.2703692317008972,-28.89958381652832,17.424053192138672,-0.2728363573551178,12.860736846923828,219.4357147216797,g
21.63531494140625,4.409687042236328,2.4219255447387695,0.5120806097984314,0.31557604670524597,3.325441360473633,4.89568567276001,-0.012875586748123169,26.670127868652344,171.3769989013672,g
69.77031707763672,33.71666717529297,3.3182106018066406,0.14440704882144928,0.0789005309343338,10.169809341430664,46.17228698730469,0.14087353646755219,7.98872184753418,224.64132690429688,g
39.4119873046875,11.901795387268066,2.5627408027648926,0.5209580659866333,0.2927621304988861,9.775421142578125,13.499544143676758,0.04362848401069641,46.56223678588867,191.83697509765625,g
60.280433654785156,19.35691261291504,2.992680549621582,0.3710443675518036,0.18180681765079498,-4.087164878845215,-6.308409690856934,1.3679906129837036,45.26885223388672,138.59967041015625,h
9.791458129882812,6.338603973388672,2.1229054927825928,0.7565970420837402,0.43169644474983215,4.252603054046631,-3.5356063842773438,0.6910175085067749,33.88947677612305,166.91983032226562,g
62.19747543334961,42.55296325683594,2.7333602905273438,0.3529093265533447,0.211290180683136,-64.65809631347656,-1.0488052368164062,-1.811524510383606,39.58708190917969,212.10687255859375,h
59.71808624267578,26.97904396057129,3.111614942550659,0.21463486552238464,0.11295552551746368,14.937273025512695,36.19662094116211,0.2766581177711487,13.425103187561035,220.63267517089844,g
55.75284194946289,22.66236686706543,2.738725185394287,0.473629891872406,0.2828006446361542,-17.762571334838867,1.2071247100830078,0.03745269775390625,14.506354331970215,233.36001586914062,g
67.9825439453125,29.942668914794922,3.252405881881714,0.19476839900016785,0.10424667596817017,4.277541637420654,43.54447555541992,0.18901589512825012,6.5571746826171875,221.37301635742188,g
91.99681854248047,41.44977569580078,3.3932926654815674,0.15337134897708893,0.10746347904205322,-14.073055267333984,35.98220443725586,0.12890997529029846,1.9751510620117188,260.6649169921875,g
30.63080406188965,8.841675758361816,2.4703991413116455,0.4818892478942871,0.2971891164779663,3.722827434539795,0.2210988998413086,0.4092501103878021,27.61178970336914,169.9170379638672,g
13.64053726196289,6.789983749389648,2.37142014503479,0.5505479574203491,0.3183937668800354,10.048608779907227,1.9997940063476562,0.16753165423870087,30.205984115600586,144.65435791015625,g
87.82733154296875,28.63222885131836,3.143763780593872,0.23498214781284332,0.11641518026590347,-5.071271896362305,4.498933792114258,1.6344881057739258,40.72962951660156,164.4938201904297,h
33.263916015625,10.866080284118652,2.5930211544036865,0.5016341805458069,0.2712499499320984,-7.1455912590026855,9.088478088378906,0.20986004173755646,17.13827896118164,158.27734375,g
78.83988952636719,34.115020751953125,3.2211227416992188,0.20085684955120087,0.12521687150001526,-2.130779981613159,34.77876663208008,-0.25164905190467834,3.4833927154541016,252.20025634765625,g
35.049720764160156,18.154708862304688,2.4476635456085205,0.4944838881492615,0.27252453565597534,12.537651062011719,5.922605991363525,-0.463593989610672,49.52408218383789,159.79269409179688,h
122.88594055175781,39.657958984375,3.556074380874634,0.1745748370885849,0.07625052332878113,-50.132225036621094,-7.884743690490723,2.9663801193237305,36.90052795410156,230.12173461914062,h
20.336135864257812,4.197229385375977,2.244676113128662,0.6585431098937988,0.40589433908462524,6.0567498207092285,-1.5882883071899414,0.2546549439430237,29.01219940185547,185.98045349121094,g
22.823810577392578,9.078668594360352,2.4544219970703125,0.5304777026176453,0.2882785201072693,10.685295104980469,5.180777072906494,0.8024424910545349,30.459577560424805,174.09280395507812,g
4.9494781494140625,8.509989738464355,2.0248100757598877,0.801949143409729,0.460467666387558,2.7025694847106934,-9.729657173156738,0.35962310433387756,33.86513137817383,135.64453125,h
48.569358825683594,22.128129959106445,2.8648760318756104,0.3396582007408142,0.1525975912809372,-10.086190223693848,14.892810821533203,0.7480462789535522,19.374038696289062,193.22872924804688,g
56.81134796142578,30.433073043823242,3.131993055343628,0.1731807142496109,0.08283793926239014,20.90632438659668,34.45418167114258,0.10594865679740906,15.084078788757324,184.3205108642578,g
25.298917770385742,12.136012077331543,2.478431463241577,0.4745730757713318,0.2982998490333557,1.0780630111694336,18.93545150756836,-0.5403800010681152,23.19187355041504,184.2017822265625,g
17.293052673339844,1.5022830963134766,2.2148826122283936,0.641380250453949,0.40736544132232666,4.175074100494385,-8.464369773864746,0.1892538219690323,31.404890060424805,169.68597412109375,g
29.14995765686035,10.543675422668457,2.5154731273651123,0.5350807309150696,0.2930009365081787,-6.262358665466309,4.327503204345703,0.5441514253616333,24.517047882080078,184.77684020996094,g
82.46061706542969,39.426475524902344,3.275266647338867,0.17941062152385712,0.11409731954336166,-11.067485809326172,33.685638427734375,-0.7885270118713379,0.29351234436035156,270.6103515625,g
65.82228088378906,24.91530418395996,3.1279361248016357,0.27568215131759644,0.14057686924934387,-7.9387431144714355,25.74446678161621,-0.057489603757858276,4.889230728149414,226.1958770751953,g
55.09178161621094,23.355831146240234,2.8044674396514893,0.32824060320854187,0.17656195163726807,-9.650981903076172,5.9891791343688965,-0.21581056714057922,44.4384765625,178.30360412597656,g
127.93199157714844,44.14490509033203,3.4641332626342773,0.20456701517105103,0.13243485987186432,-36.66323471069336,-60.5631217956543,1.8342721462249756,44.47157287597656,295.9690856933594,h
30.876327514648438,12.816872596740723,2.5671629905700684,0.5527193546295166,0.2835279107093811,6.086898326873779,12.808104515075684,0.6782529354095459,21.55498504638672,179.938720703125,g
53.23432159423828,11.225618362426758,2.831207275390625,0.3902762234210968,0.19864366948604584,6.10368013381958,8.72283935546875,0.5416364669799805,42.31103515625,180.27798461914062,g
51.64530563354492,15.99801254272461,2.7597692012786865,0.45597344636917114,0.2221011370420456,-5.974438667297363,8.501618385314941,0.6087131500244141,41.45326614379883,169.5520782470703,g
88.98772430419922,37.829429626464844,3.2198233604431152,0.17688798904418945,0.08255907893180847,-16.47671890258789,8.801162719726562,1.1964713335037231,40.04023742675781,180.79737854003906,h
77.9151611328125,25.05735969543457,3.2545125484466553,0.19400475919246674,0.08566905558109283,-5.720828533172607,-2.094696044921875,0.8959910869598389,11.199197769165039,225.1681365966797,g
33.601531982421875,14.981256484985352,2.7191038131713867,0.39943230152130127,0.19415198266506195,0.516993522644043,14.086889266967773,0.5544404983520508,21.56222915649414,160.206787109375,g
55.67100524902344,24.861478805541992,2.920409679412842,0.26756349205970764,0.14470389485359192,8.700294494628906,25.431095123291016,0.3182622194290161,16.296886444091797,189.23452758789062,g
31.02245330810547,10.817319869995117,2.3799033164978027,0.5378789305686951,0.31326133012771606,-11.433820724487305,-5.0306854248046875,-1.1132830381393433,44.19868469238281,144.50631713867188,h
44.130165100097656,11.363617897033691,2.818047285079956,0.3549983501434326,0.20192565023899078,12.355369567871094,18.012184143066406,0.8827307224273682,20.301074981689453,178.21697998046875,g
49.850730895996094,17.801769256591797,2.9451119899749756,0.2735334634780884,0.13113190233707428,-4.349893093109131,17.399723052978516,0.5807791352272034,16.152515411376953,179.7584228515625,g
22.478673934936523,9.381474494934082,2.3689627647399902,0.5580322742462158,0.35638242959976196,4.657995700836182,8.94000244140625,-0.6091680526733398,24.120819091796875,184.5858612060547,g
66.3787841796875,31.702497482299805,3.095818042755127,0.16864435374736786,0.0951390340924263,29.371414184570312,26.820446014404297,0.9369665384292603,20.83367919921875,203.07569885253906,g
28.71175193786621,9.706502914428711,2.5473930835723877,0.4442552924156189,0.2483481615781784,5.608307361602783,0.007050514221191406,0.4107775390148163,25.07416343688965,136.1600341796875,g
45.49455642700195,20.360891342163086,2.8043863773345947,0.3659556210041046,0.1706876903772354,7.682775974273682,13.10265064239502,1.085523009300232,20.540700912475586,144.78179931640625,h
115.18556213378906,34.78989791870117,3.5238029956817627,0.22530589997768402,0.10490132868289948,-31.035449981689453,-17.917678833007812,2.9646012783050537,39.306427001953125,237.27481079101562,h
67.05609893798828,32.903221130371094,2.9990577697753906,0.18109628558158875,0.12033844739198685,23.27237319946289,20.909215927124023,-0.6347593069076538,42.8753662109375,182.87481689453125,h
23.94463539123535,11.852627754211426,2.470318555831909,0.5344229936599731,0.29605239629745483,14.21677017211914,11.745569229125977,0.34941112995147705,26.10750961303711,164.47360229492188,g
63.0720100402832,28.143205642700195,3.2452259063720703,0.16458426415920258,0.07748432457447052,10.782567977905273,41.60615539550781,0.07127374410629272,9.329299926757812,216.05392456054688,g
128.43736267089844,71.8769302368164,3.2866616249084473,0.23160792887210846,0.14757826924324036,-138.4352264404297,-39.76448059082031,0.5017458200454712,37.387107849121094,251.599365234375,h
55.54685592651367,26.55605125427246,2.948688507080078,0.26919281482696533,0.14838188886642456,-0.231781005859375,37.134620666503906,-0.0837450921535492,12.658649444580078,210.53208923339844,g
45.844017028808594,23.787939071655273,2.384504795074463,0.6132537722587585,0.3808273673057556,-59.3197021484375,-14.294941902160645,-1.5721417665481567,40.672706604003906,208.9949951171875,h
29.60902976989746,7.717761039733887,2.3669934272766113,0.712122917175293,0.3882215619087219,-2.31546688079834,5.74906063079834,0.2155229151248932,47.18310546875,197.56491088867188,g
45.67243194580078,19.46780776977539,2.830193519592285,0.3086121082305908,0.1705520898103714,10.20428466796875,22.68497657775879,0.6296429634094238,22.135087966918945,187.52976989746094,g
50.081932067871094,17.773704528808594,2.6153299808502197,0.48816758394241333,0.2787678837776184,5.272679805755615,7.553055763244629,-0.04394039511680603,42.45741271972656,166.18511962890625,h
25.45651626586914,12.831279754638672,2.5128328800201416,0.5201123952865601,0.27582022547721863,16.118694305419922,8.077588081359863,0.7487937211990356,27.63640785217285,157.00450134277344,g
35.96522903442383,10.359000205993652,2.8020193576812744,0.3926166594028473,0.2016669660806656,2.40994930267334,15.650856018066406,0.4298623502254486,17.502506256103516,171.99977111816406,g
35.94544982910156,13.588507652282715,2.5258395671844482,0.4865121841430664,0.28255006670951843,-2.971646308898926,2.885601043701172,-0.8152369260787964,44.26209259033203,151.86679077148438,h
9.406684875488281,8.03294849395752,2.1328372955322266,0.6514382362365723,0.405235230922699,4.945136547088623,-5.488181114196777,-0.04560655355453491,34.400352478027344,139.89697265625,h
18.13802719116211,8.00871753692627,2.2148187160491943,0.860798716545105,0.4198246896266937,4.426235675811768,-4.80577278137207,2.2476961612701416,32.7608757019043,184.17518615722656,g
25.152307510375977,8.836386680603027,2.247666597366333,0.5546689629554749,0.33565324544906616,8.4619140625,-16.568126678466797,0.11462883651256561,62.06708908081055,141.46485900878906,g
39.13991928100586,16.234760284423828,2.488771677017212,0.4490151107311249,0.2733389735221863,12.606193542480469,1.5268611907958984,-0.2945198118686676,52.70790481567383,165.68190002441406,g
36.14569091796875,17.877416610717773,2.766706943511963,0.37413492798805237,0.21696564555168152,-0.7467782497406006,29.179141998291016,-0.5471608638763428,16.270662307739258,198.17120361328125,g
29.563871383666992,9.85368537902832,2.5763418674468994,0.5760324597358704,0.269860178232193,14.270549774169922,2.9089674949645996,1.788822889328003,26.934499740600586,150.41433715820312,g
84.56656646728516,47.182884216308594,3.555666923522949,0.06291601061820984,0.05601075291633606,-0.49606752395629883,72.36219024658203,-0.6857273578643799,-0.9816741943359375,268.8577880859375,g
45.636009216308594,16.71563720703125,2.8040754795074463,0.37097588181495667,0.2009660303592682,12.225509643554688,24.36983871459961,0.2922697067260742,16.359649658203125,195.6777801513672,g
35.10707473754883,15.571783065795898,2.5076842308044434,0.4967591166496277,0.3100992441177368,2.6347060203552246,19.488550186157227,-1.202744960784912,43.40987014770508,182.66204833984375,g
42.92071533203125,14.965209007263184,2.8413937091827393,0.36962568759918213,0.19464494287967682,10.318065643310547,25.482223510742188,0.49374866485595703,16.473512649536133,179.53981018066406,g
37.76445007324219,17.734472274780273,2.430180788040161,0.5418698191642761,0.3143784999847412,-4.8819379806518555,2.971370220184326,-0.7594510316848755,45.02544021606445,154.790771484375,h
11.99178695678711,10.567936897277832,2.3079891204833984,0.5735260844230652,0.3304332196712494,2.029949188232422,4.682224273681641,-0.2627449929714203,29.761476516723633,154.9448699951172,g
57.73062515258789,21.19684410095215,2.7173409461975098,0.39867743849754333,0.23155467212200165,-6.0893144607543945,9.105865478515625,-0.5463697910308838,37.758853912353516,168.50698852539062,h
56.19491958618164,17.822832107543945,3.0806188583374023,0.27120181918144226,0.12535905838012695,11.289461135864258,22.67316436767578,1.0509159564971924,15.411040306091309,190.5038299560547,g
44.893653869628906,19.493324279785156,2.469559907913208,0.5274926424026489,0.32606908679008484,4.345704555511475,3.84043550491333,-0.571076512336731,44.819610595703125,163.59214782714844,h
70.33152770996094,28.11302947998047,3.210951805114746,0.20521511137485504,0.10643599927425385,12.337358474731445,40.724388122558594,0.455005019903183,8.498266220092773,227.28814697265625,g
54.312294006347656,26.956541061401367,3.109283447265625,0.19304099678993225,0.11244338005781174,11.617195129394531,49.365474700927734,-0.7292907238006592,7.801868438720703,217.9690704345703,g
32.978572845458984,11.356868743896484,2.6048223972320557,0.5062302350997925,0.26670193672180176,12.519309997558594,10.04788589477539,1.0554605722427368,25.562034606933594,178.0189971923828,g
115.87747192382812,47.45703887939453,3.6005663871765137,0.06790110468864441,0.05327361822128296,-8.565726280212402,26.184490203857422,0.7774408459663391,1.2899551391601562,291.3287658691406,g
30.935819625854492,15.484369277954102,2.349766492843628,0.5332736372947693,0.33585456013679504,1.0670990943908691,4.212122440338135,-0.9691548347473145,50.331260681152344,164.73097229003906,h
53.73973846435547,21.212129592895508,2.95151424407959,0.2896873354911804,0.14366251230239868,4.702348232269287,27.086959838867188,0.8035120964050293,16.41305160522461,193.94090270996094,g
30.445354461669922,14.190693855285645,2.448847770690918,0.6220446228981018,0.31299498677253723,7.669044017791748,-3.8552732467651367,1.8568035364151,32.39302062988281,163.95846557617188,h
44.086036682128906,15.427251815795898,2.7813475131988525,0.33372262120246887,0.19451548159122467,9.145418167114258,11.298110008239746,0.10386353731155396,20.49980354309082,195.78173828125,g
30.24945640563965,15.853897094726562,2.55491042137146,0.4373738169670105,0.24527721107006073,8.611799240112305,4.060423851013184,0.6605710983276367,28.791051864624023,138.36956787109375,h
40.03683853149414,13.199127197265625,2.4745726585388184,0.6729923486709595,0.34481263160705566,1.5694408416748047,2.4752464294433594,0.6577688455581665,43.911659240722656,165.3675079345703,h
7.195747375488281,4.566350936889648,2.075850009918213,0.6900100708007812,0.44722527265548706,-0.3106107711791992,-5.0150041580200195,-0.7185802459716797,31.44349479675293,166.34266662597656,g
32.6885986328125,9.057502746582031,2.456186294555664,0.5249139666557312,0.3281523585319519,-0.7737672328948975,5.5411248207092285,-0.8379546403884888,46.545997619628906,172.7139892578125,g
58.5285758972168,25.275001525878906,3.082831621170044,0.2546232342720032,0.1392226368188858,7.498627185821533,40.828643798828125,-0.19596931338310242,6.908733367919922,209.54063415527344,g
77.76715850830078,37.214683532714844,3.2349512577056885,0.11757349967956543,0.07413992285728455,28.375797271728516,42.572235107421875,0.47011688351631165,15.061301231384277,255.805419921875,g
57.086429595947266,22.87688446044922,2.937128782272339,0.24208225309848785,0.12994906306266785,26.815486907958984,17.255237579345703,1.0631355047225952,23.11739730834961,177.16580200195312,g
37.53352355957031,14.093664169311523,2.7259976863861084,0.38465362787246704,0.20867766439914703,23.416658401489258,16.782011032104492,0.8671067953109741,26.716670989990234,188.45223999023438,g
59.18006896972656,19.45379066467285,3.027186632156372,0.2747335731983185,0.14445288479328156,2.6304574012756348,20.783428192138672,0.8636511564254761,13.507209777832031,186.18057250976562,g
12.091014862060547,9.691171646118164,2.349903106689453,0.6658645868301392,0.3597191274166107,-1.5672001838684082,12.782065391540527,-0.22670862078666687,23.59181022644043,188.4136962890625,g
17.895191192626953,9.212586402893066,2.3012778759002686,0.7247620224952698,0.3750460147857666,-9.055872917175293,2.1616086959838867,0.6002771854400635,23.8164005279541,170.63137817382812,g
60.351009368896484,21.633159637451172,3.0454864501953125,0.29682815074920654,0.14514616131782532,1.9003276824951172,16.636594772338867,0.652042031288147,12.458107948303223,203.65682983398438,g
80.85902404785156,35.349483489990234,3.311100721359253,0.14357951283454895,0.08315598964691162,14.315637588500977,35.40486145019531,0.6300355195999146,9.189043045043945,233.4232177734375,g
89.66368103027344,26.60666847229004,3.07180118560791,0.2561407685279846,0.1706235110759735,-13.57000732421875,-13.55112361907959,0.41626858711242676,38.96902847290039,218.35906982421875,g
218.41343688964844,99.4754867553711,3.9965882301330566,0.20586760342121124,0.10480327904224396,-220.4139404296875,-132.83251953125,8.803333282470703,66.11287689208984,287.83984375,h
54.272987365722656,16.273292541503906,3.004696846008301,0.26059553027153015,0.1206701397895813,3.412041187286377,15.106088638305664,1.468918800354004,20.1632137298584,174.02891540527344,g
25.398902893066406,11.026711463928223,2.2804746627807617,0.7930152416229248,0.40118929743766785,0.07987403869628906,-1.1870193481445312,0.3636986017227173,46.792510986328125,164.0973663330078,h
57.12816619873047,27.269886016845703,2.997694253921509,0.3512592613697052,0.18372967839241028,-24.293859481811523,13.893589973449707,-0.48659375309944153,8.011224746704102,232.877197265625,g
129.5334014892578,52.30677032470703,3.7291557788848877,0.07807964086532593,0.0439135879278183,-7.006239891052246,4.484155178070068,2.5692501068115234,35.80903244018555,231.4309539794922,h
30.806367874145508,7.312055587768555,2.655548334121704,0.47587379813194275,0.24587079882621765,12.038959503173828,11.900097846984863,1.144715666770935,24.668596267700195,173.7393798828125,g
48.807559967041016,25.9768009185791,2.7774147987365723,0.29943615198135376,0.16615551710128784,5.654752254486084,13.350647926330566,-0.1812366545200348,49.010780334472656,143.6132354736328,h
23.182621002197266,9.500724792480469,2.4260001182556152,0.586301326751709,0.30568593740463257,3.286618709564209,3.8561344146728516,0.9604443311691284,29.106197357177734,181.0352325439453,g
67.61148071289062,21.548242568969727,3.1541876792907715,0.21821089088916779,0.1090235784649849,8.973426818847656,22.19011688232422,0.44409120082855225,39.862483978271484,202.26950073242188,g
26.862812042236328,10.06539535522461,2.4959561824798584,0.5997826457023621,0.2934410572052002,-8.854028701782227,1.5597305297851562,1.1620458364486694,26.068859100341797,182.46717834472656,g
81.05165100097656,32.82279586791992,3.3445687294006348,0.17852216958999634,0.10278313606977463,3.8899550437927246,36.91196823120117,0.6112266778945923,5.682395935058594,240.73927307128906,g
32.70008087158203,17.960041046142578,2.749937057495117,0.32613053917884827,0.18889568746089935,3.4636788368225098,28.219623565673828,-0.0988551676273346,22.76125717163086,181.57838439941406,g
44.274139404296875,14.47414779663086,2.630025625228882,0.44920092821121216,0.26694896817207336,11.349695205688477,10.760149002075195,-0.10729217529296875,46.30144500732422,177.5297393798828,g
57.935665130615234,21.597932815551758,3.0936381816864014,0.2743614912033081,0.1387750506401062,8.464195251464844,37.7781867980957,0.26943570375442505,8.391780853271484,206.4215087890625,g
70.92756652832031,34.05522918701172,3.169295072555542,0.1970837563276291,0.08475367724895477,23.475767135620117,18.993408203125,1.652988314628601,21.632125854492188,179.50991821289062,h
20.993995666503906,11.765653610229492,2.185094118118286,0.5904345512390137,0.37819480895996094,5.609485149383545,-3.073942184448242,-1.148844838142395,54.53733825683594,143.41578674316406,h
76.05398559570312,35.49264907836914,3.0852880477905273,0.3546982407569885,0.1860671043395996,-50.71944046020508,19.322772979736328,0.49893221259117126,6.064098358154297,229.0616912841797,h
73.0232162475586,31.473766326904297,3.269005298614502,0.1664702445268631,0.09683609753847122,11.781438827514648,38.52765655517578,0.8625638484954834,11.5137939453125,220.4075469970703,g
44.63803482055664,22.10921859741211,2.913477897644043,0.2800981402397156,0.1388719081878662,22.5793399810791,25.089862823486328,0.6507306098937988,22.785539627075195,174.97637939453125,g
80.59063720703125,31.701541900634766,3.245554208755493,0.22574396431446075,0.1358667016029358,-3.459909439086914,33.705291748046875,-0.019439697265625,2.254467010498047,248.28472900390625,g
31.853872299194336,20.163288116455078,2.6599395275115967,0.33356979489326477,0.17794114351272583,6.8859944343566895,13.431108474731445,-0.06288984417915344,26.22353172302246,168.36087036132812,g
29.715438842773438,10.326925277709961,2.482945203781128,0.4931631088256836,0.2870445251464844,3.1613845825195312,3.1332106590270996,0.16589222848415375,24.43770408630371,164.7451629638672,g
121.89079284667969,53.45074462890625,3.32065749168396,0.21297402679920197,0.12236354500055313,-81.26632690429688,-7.678099632263184,0.5033789873123169,27.94669532775879,257.4482421875,h
56.008140563964844,28.21527862548828,3.1596016883850098,0.1918172687292099,0.10325399786233902,12.473146438598633,51.71330642700195,-0.4871552884578705,8.601648330688477,222.75184631347656,g
52.687477111816406,19.966182708740234,2.783112049102783,0.4138029217720032,0.19082720577716827,11.447845458984375,5.596632480621338,0.7494807839393616,46.20592498779297,178.66653442382812,g
17.35089111328125,5.2123260498046875,2.3540027141571045,0.5640106797218323,0.3531116843223572,2.7645959854125977,6.758306503295898,-0.30926796793937683,25.900360107421875,162.6698760986328,g
63.72321319580078,28.73164176940918,3.2399141788482666,0.17474517226219177,0.09088818728923798,8.397932052612305,48.92699432373047,-0.3395806849002838,4.908306121826172,220.1842498779297,g
38.345035552978516,16.34487533569336,2.698054552078247,0.34821105003356934,0.20483608543872833,23.55596351623535,13.763108253479004,0.5106043219566345,26.659568786621094,167.6549530029297,g
130.6568145751953,49.75859832763672,3.64813494682312,0.028363943099975586,0.0370790958404541,11.595979690551758,14.255878448486328,2.004650115966797,8.90689468383789,305.8546142578125,g
36.45433807373047,10.638727188110352,2.6408238410949707,0.4622173011302948,0.2540595531463623,-1.5544769763946533,12.62797737121582,0.5621909499168396,20.530990600585938,180.70428466796875,g
55.62260055541992,23.19134521484375,2.846750497817993,0.323668897151947,0.18563212454319,3.4475197792053223,17.196916580200195,-0.8447884321212769,35.380714416503906,150.24227905273438,h
69.67234802246094,26.489728927612305,3.2019193172454834,0.19527049362659454,0.09265609085559845,20.489055633544922,22.466358184814453,1.831067442893982,19.469411849975586,193.28811645507812,g
56.61237716674805,25.279821395874023,3.0498385429382324,0.260469913482666,0.14157989621162415,17.369129180908203,39.416839599609375,0.12763546407222748,12.090728759765625,219.61724853515625,g
94.83213806152344,42.47369384765625,3.388352870941162,0.08967438340187073,0.07015469670295715,7.74827241897583,41.32412338256836,-0.6377362012863159,-0.5802688598632812,283.7057189941406,g
37.325706481933594,13.596031188964844,2.800170421600342,0.37081247568130493,0.1829925924539566,14.156719207763672,19.808795928955078,0.8333951234817505,21.71294593811035,173.49368286132812,g
38.26793670654297,16.078519821166992,2.6373727321624756,0.44487428665161133,0.2387496531009674,-18.131996154785156,2.163083076477051,0.11156529188156128,19.107364654541016,176.59751892089844,g
57.70519256591797,23.721513748168945,2.814690113067627,0.3319140076637268,0.17261631786823273,12.179412841796875,18.723567962646484,-0.010395616292953491,40.616539001464844,162.86489868164062,h
56.406837463378906,16.014678955078125,2.9820163249969482,0.26954302191734314,0.12286154180765152,12.568412780761719,8.32571029663086,1.5551867485046387,20.689823150634766,167.54183959960938,g
46.30476760864258,28.63538932800293,2.623359441757202,0.35434627532958984,0.21146829426288605,-39.122249603271484,-7.647204399108887,-1.1400928497314453,50.39525604248047,199.87461853027344,h
27.607141494750977,12.602677345275879,2.457874059677124,0.5116659998893738,0.30357807874679565,-4.643413543701172,5.776904582977295,-1.2299293279647827,43.717864990234375,125.87303924560547,h
58.284637451171875,24.96324348449707,3.027434825897217,0.21927860379219055,0.11096246540546417,7.003195285797119,26.7596435546875,-0.3715471923351288,37.446441650390625,151.1363983154297,h
12.647533416748047,2.409526824951172,2.0032083988189697,0.6096220016479492,0.4485618472099304,11.536216735839844,-13.806153297424316,-1.4330514669418335,63.96295166015625,175.537353515625,g
36.950035095214844,18.07119369506836,2.7214231491088867,0.35718658566474915,0.1993326097726822,4.78648042678833,22.288558959960938,0.13489559292793274,22.243818283081055,187.52224731445312,g
50.42607879638672,20.327770233154297,2.894763946533203,0.3183099329471588,0.15073555707931519,23.035554885864258,18.668384552001953,1.2460683584213257,22.188804626464844,177.9114990234375,g
42.14442443847656,17.825679779052734,2.6019341945648193,0.4885919988155365,0.24915653467178345,8.817840576171875,0.3469533920288086,0.24601563811302185,47.47547149658203,150.88265991210938,h
35.46089172363281,13.000618934631348,2.701833724975586,0.3933316469192505,0.2150905877351761,-0.4765777587890625,18.787933349609375,0.11386783421039581,19.15749740600586,176.51535034179688,g
46.915767669677734,14.896193504333496,2.836331844329834,0.3409932851791382,0.17451849579811096,8.855398178100586,8.647201538085938,0.8514948487281799,20.32136344909668,171.1376495361328,g
38.960899353027344,14.979043006896973,2.6927151679992676,0.39605531096458435,0.19428910315036774,13.231687545776367,6.398457050323486,1.2228832244873047,27.59427833557129,172.09193420410156,g
24.228229522705078,8.089019775390625,2.453491687774658,0.6332759857177734,0.33473294973373413,5.739718914031982,11.95324993133545,0.6350440382957458,22.75094985961914,191.14378356933594,g
45.601158142089844,15.047703742980957,2.8650286197662354,0.3444289565086365,0.16275042295455933,6.56005334854126,11.889148712158203,1.4053508043289185,22.741918563842773,172.09097290039062,g
40.706573486328125,13.216676712036133,2.4015560150146484,0.683880090713501,0.40872645378112793,-15.424341201782227,-15.041851997375488,0.834503173828125,20.127044677734375,148.167236328125,h
73.9351806640625,29.0756893157959,2.946950912475586,0.38802722096443176,0.20507262647151947,-19.55580711364746,-15.505404472351074,0.355210542678833,41.203125,211.22540283203125,h
59.53349304199219,27.37454605102539,3.0401628017425537,0.24679940938949585,0.12527571618556976,-12.692657470703125,33.97242736816406,-0.10416215658187866,9.462114334106445,210.0372772216797,g
47.69094467163086,9.6989107131958,2.6989612579345703,0.4220942258834839,0.22701983153820038,15.846382141113281,0.05736732482910156,0.8220953941345215,48.739280700683594,161.05133056640625,g
166.92002868652344,56.35803985595703,3.7554636001586914,0.22334016859531403,0.1420472413301468,-78.09624481201172,-56.99594497680664,6.8198089599609375,54.262123107910156,235.39321899414062,h
11.222850799560547,1.099721908569336,2.1534788608551025,0.6506956815719604,0.42747342586517334,-0.26653003692626953,-5.816834449768066,-0.15485092997550964,32.87760543823242,163.299072265625,g
94.0584716796875,40.37336730957031,3.346160411834717,0.2697688639163971,0.1301785111427307,-57.02600860595703,-10.579197883605957,3.367053747177124,56.977970123291016,197.00311279296875,h
33.67902374267578,10.717015266418457,2.651855707168579,0.5507131814956665,0.2817463278770447,2.894458770751953,14.436440467834473,0.7537826299667358,18.89293670654297,194.09024047851562,g
75.3891830444336,36.51687240600586,3.2974987030029297,0.17094141244888306,0.11280257999897003,5.453710079193115,51.19530487060547,-0.36465510725975037,3.4769821166992188,251.64321899414062,g
143.05198669433594,85.88758850097656,4.118767738342285,0.14339140057563782,0.04367567598819733,-136.6616973876953,-35.76083755493164,7.7308349609375,75.86424255371094,212.37965393066406,h
44.42230224609375,19.341684341430664,2.7964184284210205,0.3164443373680115,0.17482811212539673,20.423446655273438,17.585140228271484,0.44950711727142334,21.775222778320312,172.72860717773438,g
37.39619827270508,14.292060852050781,2.366337776184082,0.5119310617446899,0.3355256915092468,4.5962748527526855,0.19455718994140625,-0.9329593181610107,49.03398132324219,169.89166259765625,g
90.56210327148438,34.49494171142578,3.3475353717803955,0.17619793117046356,0.09300956130027771,1.641463279724121,0.508784294128418,1.0962107181549072,41.71733093261719,203.8948974609375,h
-0.9910926818847656,10.268134117126465,2.0425307750701904,0.6493106484413147,0.41154390573501587,-1.607431411743164,2.458064079284668,-1.7480887174606323,28.347034454345703,134.59454345703125,h
25.60494041442871,8.911996841430664,2.4894113540649414,0.5847800970077515,0.3043912649154663,17.30498695373535,8.483688354492188,1.3159918785095215,29.340124130249023,184.5562286376953,g
83.77092742919922,27.07436752319336,3.2340521812438965,0.24436339735984802,0.13275662064552307,-25.1911563873291,7.3453369140625,0.43257755041122437,2.8476619720458984,228.21014404296875,g
37.27577209472656,15.195734024047852,2.6313164234161377,0.41518622636795044,0.24152910709381104,11.385513305664062,15.502715110778809,-0.7392876148223877,45.56037139892578,173.36270141601562,g
45.30581283569336,14.266843795776367,2.8874237537384033,0.31964296102523804,0.17650052905082703,7.588159084320068,23.14240264892578,0.3628137707710266,15.393177032470703,178.60231018066406,g
37.971824645996094,10.49162769317627,2.7316677570343018,0.3891703188419342,0.20707683265209198,-3.171280860900879,3.1819381713867188,-0.03936737775802612,17.20585060119629,185.87937927246094,g
67.94491577148438,17.509262084960938,3.014897108078003,0.35036927461624146,0.1953185349702835,-2.1654796600341797,4.105389595031738,1.7855916023254395,15.723633766174316,194.17845153808594,g
32.485443115234375,13.877641677856445,2.5407919883728027,0.46154922246932983,0.27985894680023193,17.821008682250977,11.526325225830078,0.18249407410621643,25.998361587524414,178.5570526123047,g
45.73307418823242,24.584928512573242,2.7059826850891113,0.37873563170433044,0.21111755073070526,11.067527770996094,20.288793563842773,-1.1129658222198486,42.143272399902344,191.136474609375,h
27.711320877075195,13.206178665161133,2.464667797088623,0.5410842299461365,0.293601393699646,0.00878763198852539,-0.8648252487182617,0.627623438835144,25.144519805908203,121.43047332763672,h
26.211669921875,12.182692527770996,2.313350200653076,0.4977262616157532,0.35753345489501953,9.327688217163086,9.41246509552002,-1.6372605562210083,51.71237564086914,177.05728149414062,g
29.707551956176758,14.307988166809082,2.786314010620117,0.32632771134376526,0.17137554287910461,9.237018585205078,25.780311584472656,-0.240433007478714,19.44633674621582,166.96275329589844,g
37.653076171875,16.24104881286621,2.396430253982544,0.5696995258331299,0.3309144675731659,-5.179177284240723,2.306049346923828,-0.7696471214294434,43.15385818481445,147.9714813232422,h
97.48509216308594,37.07807922363281,3.2794322967529297,0.20137245953083038,0.1227751076221466,-20.245689392089844,4.196480751037598,-0.1948850452899933,29.21566390991211,252.46304321289062,h
134.9547119140625,59.77857208251953,3.4005753993988037,0.1499335616827011,0.09977632761001587,-71.94154357910156,-5.673352241516113,0.41572105884552,27.10855484008789,292.66796875,h
41.16761779785156,14.628454208374023,2.8578412532806396,0.31306350231170654,0.15640060603618622,4.800573825836182,15.535330772399902,0.27178892493247986,17.848876953125,167.05108642578125,g
53.152610778808594,25.24556541442871,2.758009672164917,0.3321545422077179,0.19740352034568787,-10.577685356140137,18.41902732849121,-1.3510334491729736,37.69200134277344,190.12539672851562,g
30.29513931274414,12.39304256439209,2.5764262676239014,0.4923318326473236,0.27266648411750793,3.4247817993164062,14.415223121643066,-0.021341770887374878,18.730358123779297,160.97427368164062,g
47.99322509765625,19.6131591796875,2.9154834747314453,0.43652665615081787,0.21894849836826324,-0.10341835021972656,28.20264434814453,0.45915502309799194,11.389554977416992,204.25048828125,g
30.022336959838867,8.122676849365234,2.5457913875579834,0.47601568698883057,0.2785590887069702,13.54629898071289,8.256706237792969,0.5606896877288818,26.947980880737305,182.51023864746094,g
19.965320587158203,8.849509239196777,2.4825901985168457,0.4775976240634918,0.29624754190444946,11.783407211303711,17.123605728149414,-0.387228399515152,25.857709884643555,183.61219787597656,g
60.54786682128906,21.21915054321289,2.953460216522217,0.3546382486820221,0.21215710043907166,-18.442535400390625,15.486141204833984,0.04653868079185486,9.822158813476562,213.4391632080078,g
59.495208740234375,30.308134078979492,2.869262933731079,0.2796404957771301,0.1649208515882492,3.792717456817627,21.562297821044922,0.2587931156158447,15.752575874328613,164.16619873046875,h
51.37105178833008,33.06700134277344,2.6169426441192627,0.3685719966888428,0.2259312868118286,-42.89238739013672,-12.935406684875488,-1.1066970825195312,50.036109924316406,181.4611358642578,h
42.099151611328125,21.528661727905273,2.5512008666992188,0.47362932562828064,0.2867841124534607,-3.793246269226074,19.28250503540039,-1.1505919694900513,42.80018615722656,201.89874267578125,g
38.93833541870117,15.482060432434082,2.658104181289673,0.42896562814712524,0.24640637636184692,11.254972457885742,19.412887573242188,-0.623207688331604,44.47257995605469,183.7784423828125,g
25.630430221557617,5.914640426635742,2.5162339210510254,0.6115630269050598,0.3139127492904663,2.6615381240844727,8.746991157531738,0.9181368350982666,21.67605209350586,180.5089111328125,g
24.408233642578125,8.742806434631348,2.217092514038086,0.7474626302719116,0.3916822671890259,11.579780578613281,-13.96666431427002,1.1173675060272217,59.4310302734375,156.88479614257812,h
60.282257080078125,17.17556381225586,2.9382126331329346,0.35404157638549805,0.14255796372890472,8.046014785766602,-1.9572620391845703,1.2397942543029785,42.21586608886719,130.48268127441406,h
19.991561889648438,9.044914245605469,2.4027583599090576,0.5210696458816528,0.3101119101047516,-10.788314819335938,-0.03591346740722656,-0.3398418724536896,26.47824478149414,174.16015625,g
19.077163696289062,5.846160888671875,2.4416041374206543,0.5265173316001892,0.3108035624027252,8.232776641845703,6.513298988342285,0.07000496983528137,26.76611328125,157.79261779785156,g
50.968910217285156,18.30694007873535,2.985499620437622,0.3134980797767639,0.15602055191993713,8.90237808227539,26.179519653320312,0.8351367115974426,15.523659706115723,179.05149841308594,g
128.2097930908203,52.475006103515625,3.459764003753662,0.17001572251319885,0.11074218153953552,-44.688697814941406,4.727541446685791,1.8753687143325806,33.34356689453125,255.0602569580078,h
125.979248046875,58.853477478027344,3.729444742202759,0.10906875133514404,0.05019088089466095,-59.34320831298828,-5.8666276931762695,5.247824192047119,63.36476516723633,200.24375915527344,h
47.950347900390625,20.853845596313477,2.9007022380828857,0.26889342069625854,0.15314602851867676,5.362048625946045,34.46440887451172,-0.2222597301006317,13.679193496704102,197.0581817626953,g
49.88945388793945,15.942978858947754,2.842550754547119,0.3162969648838043,0.16945333778858185,22.999591827392578,4.442512035369873,1.5058703422546387,27.463293075561523,165.42068481445312,g
115.39491271972656,43.70652389526367,3.428673267364502,0.16624246537685394,0.08906228840351105,-30.920536041259766,-1.0162954330444336,3.229609727859497,46.16530227661133,220.91542053222656,h
59.318153381347656,16.735992431640625,2.918943405151367,0.34256404638290405,0.16138851642608643,2.3490161895751953,6.226047039031982,0.7934187650680542,40.39970016479492,142.2337188720703,g
133.3485565185547,40.562957763671875,3.561938524246216,0.12557530403137207,0.05627281963825226,9.025697708129883,-17.11510467529297,3.2026495933532715,38.916439056396484,254.87864685058594,h
47.61024856567383,17.53421974182129,2.8940272331237793,0.32476383447647095,0.1506151258945465,5.380971431732178,15.497349739074707,1.4878736734390259,23.274078369140625,175.50765991210938,g
35.48193359375,13.613937377929688,2.718689441680908,0.4013395309448242,0.19929245114326477,6.7357964515686035,12.248104095458984,0.9703243970870972,23.67375373840332,153.6930389404297,g
82.30021667480469,34.111839294433594,3.3121581077575684,0.18270635604858398,0.11511284857988358,-3.0143985748291016,39.71465301513672,-0.38621786236763,-0.1774749755859375,254.22561645507812,g
36.439613342285156,14.204057693481445,2.8364977836608887,0.35945603251457214,0.18817244470119476,7.612965106964111,30.009796142578125,-0.0903421938419342,14.417768478393555,182.39317321777344,g
27.981689453125,8.09015941619873,2.50719952583313,0.5152615904808044,0.2995285391807556,7.015858173370361,7.650586128234863,0.7213066220283508,27.749441146850586,171.0276336669922,g
16.335121154785156,15.637828826904297,2.341174840927124,0.5871514081954956,0.3319935202598572,8.217103958129883,8.817381858825684,-0.233102947473526,25.91411018371582,135.8770751953125,h
72.27629089355469,35.17744445800781,3.1385836601257324,0.2021549493074417,0.14179596304893494,-2.4645016193389893,39.228309631347656,-1.3899312019348145,1.776296615600586,264.4844665527344,g
45.329811096191406,19.881437301635742,3.027669906616211,0.25642216205596924,0.1100405678153038,3.314204216003418,27.882709503173828,1.0437352657318115,20.671730041503906,177.1203155517578,g
33.39476013183594,22.67731475830078,2.6100351810455322,0.38953912258148193,0.22634956240653992,10.517494201660156,14.896397590637207,-1.324487328529358,48.26002502441406,168.31118774414062,h
129.73562622070312,92.01963806152344,3.8715224266052246,0.14217518270015717,0.10741959512233734,-162.65975952148438,-4.237432479858398,4.542459964752197,64.49152374267578,223.4761199951172,h
16.630996704101562,4.532983779907227,2.3208234310150146,0.5707114934921265,0.3512645959854126,-2.037839651107788,0.6711044311523438,-0.01824033260345459,29.264137268066406,172.97671508789062,g
29.07509422302246,11.636794090270996,2.614196300506592,0.401704877614975,0.2373662143945694,2.595792293548584,17.011865615844727,-0.19438549876213074,21.987777709960938,172.15292358398438,g
131.7467498779297,55.20667266845703,3.81191349029541,0.021672159433364868,0.03977327048778534,-3.129619598388672,33.86425018310547,2.145521402359009,4.332469940185547,303.4052734375,g
41.76020050048828,13.186635971069336,2.777921676635742,0.42582201957702637,0.2132146954536438,4.468019008636475,17.51869010925293,-0.11658602952957153,42.17256546020508,183.74774169921875,g
40.156124114990234,16.388601303100586,2.7104790210723877,0.3405892550945282,0.18840977549552917,15.607442855834961,7.930355072021484,0.3827284872531891,23.602331161499023,164.6804656982422,g
37.3109130859375,14.978370666503906,2.6807944774627686,0.42636385560035706,0.22750183939933777,10.024744033813477,11.100240707397461,0.4520590901374817,19.852115631103516,144.47813415527344,h
51.59651565551758,16.797319412231445,2.704540252685547,0.3830092251300812,0.24061962962150574,-1.5632877349853516,15.02470588684082,-1.3167906999588013,36.87046813964844,213.12689208984375,g
78.93109130859375,34.84453201293945,3.188494920730591,0.18882687389850616,0.11699617654085159,2.226175308227539,33.01502227783203,-0.48908689618110657,3.4929065704345703,259.65301513671875,g
67.97638702392578,33.02497863769531,3.36723256111145,0.15070442855358124,0.08201979100704193,-0.015364646911621094,48.873779296875,-0.2815403640270233,4.230649948120117,233.5440673828125,g
58.705474853515625,21.00600242614746,2.74642014503479,0.34935230016708374,0.19576837122440338,2.8256278038024902,-4.876049995422363,0.5059917569160461,49.35314178466797,166.27915954589844,h
35.41860580444336,12.804072380065918,2.593383312225342,0.4747842848300934,0.28299638628959656,-5.134706497192383,8.83035945892334,-0.9702324867248535,43.94361877441406,186.23745727539062,g
14.67898178100586,3.1192474365234375,2.1272644996643066,0.7898627519607544,0.45327186584472656,-0.5768530368804932,-7.313185691833496,0.8211840987205505,31.50203514099121,184.9443817138672,g
117.1707763671875,49.31829071044922,3.6488351821899414,0.035487860441207886,0.0383731871843338,12.353260040283203,31.83316421508789,1.941149115562439,8.464845657348633,284.2664489746094,g
2.7664108276367188,5.870718002319336,2.006927013397217,0.9759939908981323,0.4797430634498596,10.292181015014648,-9.57938289642334,2.107417583465576,37.726539611816406,170.77130126953125,h
34.77360534667969,7.783243179321289,2.7022922039031982,0.3902216851711273,0.21183153986930847,11.109720230102539,6.71346378326416,0.6125001907348633,23.619556427001953,173.99526977539062,g
39.680938720703125,16.01483917236328,2.7441272735595703,0.41008034348487854,0.2145691215991974,-12.246712684631348,17.377254486083984,0.19402745366096497,16.218854904174805,182.21617126464844,g
56.06254577636719,18.317625045776367,3.015723466873169,0.237960547208786,0.1154479905962944,19.700429916381836,16.542407989501953,1.2791656255722046,20.65605926513672,182.22215270996094,g
28.21829605102539,10.691240310668945,2.2972335815429688,0.5656229257583618,0.38250213861465454,6.9040446281433105,11.621476173400879,-1.5222253799438477,48.123497009277344,197.36061096191406,g
13.054801940917969,-0.3595561981201172,2.198460578918457,0.6642017364501953,0.39686667919158936,9.78093147277832,-13.537514686584473,0.8562935590744019,36.4927864074707,167.3486328125,g
11.081809997558594,6.016077041625977,2.1625335216522217,0.618781328201294,0.4158775508403778,11.416494369506836,2.9547038078308105,-0.5527505874633789,33.98237991333008,186.02587890625,g
10.84466552734375,1.6133193969726562,2.211263656616211,0.626876711845398,0.3983047306537628,0.10668754577636719,-1.6769208908081055,-0.3726653754711151,30.191570281982422,175.36070251464844,g
67.41959381103516,26.049055099487305,3.0125999450683594,0.34188151359558105,0.17957362532615662,-12.553810119628906,-1.0615129470825195,0.4234378933906555,13.135719299316406,235.49691772460938,g
52.37810134887695,20.505756378173828,2.930952787399292,0.2826138436794281,0.16611357033252716,14.659736633300781,34.271446228027344,-0.1251668632030487,13.112409591674805,210.75338745117188,g
39.50849151611328,19.121150970458984,2.8429384231567383,0.319559246301651,0.17652130126953125,-0.9941544532775879,36.5023307800293,-0.4543206989765167,13.803642272949219,188.20834350585938,g
152.43008422851562,64.38107299804688,3.6338682174682617,0.1191076934337616,0.06587524712085724,-86.31759643554688,-28.399749755859375,2.6194984912872314,32.1410026550293,245.76400756835938,h
28.94542694091797,9.277722358703613,2.3148105144500732,0.6503568887710571,0.3549618124961853,5.049600124359131,-13.010663032531738,0.4859775900840759,53.905235290527344,134.45346069335938,h
28.36675262451172,14.393623352050781,2.500107765197754,0.4438369572162628,0.2590096592903137,7.429861545562744,2.760714054107666,-0.06869888305664062,24.3763370513916,129.7029571533203,h
31.415203094482422,10.547531127929688,2.7222652435302734,0.3762800395488739,0.19873538613319397,6.990636348724365,14.85502815246582,0.19343262910842896,19.291370391845703,143.650146484375,g
39.577083587646484,12.979496002197266,2.717548131942749,0.43803107738494873,0.2138788253068924,6.826690196990967,14.63227367401123,1.0884710550308228,21.729537963867188,183.55955505371094,g
45.32341003417969,20.9506778717041,2.636047124862671,0.4243727922439575,0.22888831794261932,9.077262878417969,8.16441822052002,-0.43513986468315125,44.37690353393555,159.45553588867188,h
71.84346771240234,33.636009216308594,3.3087034225463867,0.13249032199382782,0.0671822726726532,1.8442201614379883,37.82341384887695,-0.6108802556991577,33.575355529785156,205.6974334716797,g
156.99456787109375,69.64328002929688,3.7050445079803467,0.13630548119544983,0.0829576849937439,-112.06536102294922,-46.8193473815918,3.249711036682129,44.86846923828125,279.9639587402344,h
67.46598815917969,19.39539909362793,2.800236701965332,0.44687095284461975,0.25629541277885437,-9.431791305541992,-4.713191986083984,0.18036644160747528,38.673561096191406,212.72494506835938,g
40.89556884765625,22.322181701660156,2.921164035797119,0.3183901607990265,0.17313581705093384,7.218103885650635,38.89109802246094,-0.4780080020427704,14.038092613220215,207.5775604248047,g
62.86595153808594,33.077552795410156,3.2598161697387695,0.1929791122674942,0.11412253975868225,4.686131000518799,52.536006927490234,-0.6893744468688965,4.403907775878906,239.2024688720703,g
82.62388610839844,36.95588302612305,3.2718966007232666,0.2666647434234619,0.15008234977722168,-12.650318145751953,33.051551818847656,0.4772292971611023,3.6772212982177734,255.74671936035156,g
40.966583251953125,13.034883499145508,2.84177303314209,0.34827524423599243,0.18338903784751892,-1.2089216709136963,23.50999641418457,0.3892812430858612,16.026901245117188,166.862060546875,g
96.03366088867188,43.87498474121094,3.068934440612793,0.3391175866127014,0.19796597957611084,-78.69175720214844,-9.89484691619873,0.08810710906982422,33.09444808959961,242.21051025390625,h
38.63948059082031,14.360902786254883,2.509376287460327,0.5781658887863159,0.3211284577846527,3.722224712371826,9.320161819458008,-0.26864174008369446,43.733367919921875,176.40237426757812,h
43.50478744506836,15.29095458984375,2.756521701812744,0.43657585978507996,0.1939728856086731,10.312826156616211,5.17669153213501,2.0710794925689697,26.237306594848633,161.60623168945312,g
99.22699737548828,52.989288330078125,3.043217420578003,0.32803428173065186,0.2004397064447403,-99.00042724609375,-16.18260955810547,0.03632152080535889,38.63121032714844,269.7211608886719,h
-0.1468658447265625,9.25600814819336,2.077326536178589,0.6301101446151733,0.3975646495819092,-1.8890342712402344,4.0197553634643555,-1.5737615823745728,28.857669830322266,144.8560028076172,h
76.20013427734375,29.54270362854004,3.1996397972106934,0.20146401226520538,0.10715683549642563,-6.093564987182617,14.422567367553711,0.29193374514579773,8.168355941772461,232.08587646484375,g
47.738372802734375,36.27423858642578,3.115426778793335,0.23213830590248108,0.11823733150959015,-42.640663146972656,48.60348892211914,-1.0216153860092163,8.378667831420898,205.2960662841797,g
68.33639526367188,28.658920288085938,2.9980413913726807,0.30994921922683716,0.1784457564353943,-37.61844253540039,1.3363752365112305,0.5648425221443176,14.524576187133789,216.3200225830078,g
20.900463104248047,9.075532913208008,2.1118922233581543,0.818352997303009,0.4430365562438965,-3.234832286834717,-6.7694902420043945,-0.09594300389289856,49.24794006347656,155.92556762695312,h
67.24227905273438,45.299346923828125,2.7826807498931885,0.31846991181373596,0.20100124180316925,-87.70103454589844,-26.003292083740234,-0.9306132793426514,52.51435852050781,237.43548583984375,h
52.6900520324707,20.831478118896484,2.97605299949646,0.24471236765384674,0.1047486737370491,19.71449851989746,8.184562683105469,1.0762354135513306,21.268733978271484,154.9805450439453,g
17.790576934814453,3.9539737701416016,2.188591957092285,0.7165849208831787,0.4298316240310669,-0.2884054183959961,-6.923018455505371,0.3301384747028351,28.41131019592285,167.5703582763672,g
46.814613342285156,17.861066818237305,2.6448147296905518,0.4233936071395874,0.23985172808170319,-17.168842315673828,4.192187786102295,-0.8330148458480835,39.82109832763672,166.54168701171875,g
166.76597595214844,38.766597747802734,3.7868154048919678,0.22666580975055695,0.12172399461269379,-30.046329498291016,-83.2514419555664,6.613763332366943,49.316123962402344,269.40667724609375,h
34.38172912597656,16.484071731567383,2.5541722774505615,0.4531508982181549,0.2681286036968231,6.935196399688721,14.911909103393555,0.09379798173904419,23.643674850463867,175.2757568359375,g
57.012977600097656,21.51479721069336,3.0061275959014893,0.2749437093734741,0.13529488444328308,-0.45902442932128906,28.64404296875,0.5523951053619385,12.370452880859375,191.23733520507812,g
54.707618713378906,20.852079391479492,2.975266695022583,0.2564988136291504,0.13107085227966309,-2.8441805839538574,20.40395736694336,0.5172644257545471,16.22625160217285,188.12071228027344,g
80.76409912109375,26.48542594909668,3.160799264907837,0.19454282522201538,0.08827047049999237,0.5701766014099121,-11.863972663879395,1.118880033493042,15.2893648147583,222.20755004882812,g
9.185626983642578,1.0457839965820312,2.0743470191955566,0.6959090828895569,0.44164901971817017,8.46946907043457,-12.962189674377441,0.28554901480674744,38.38230895996094,175.41043090820312,g
40.69491195678711,16.047199249267578,2.7305376529693604,0.38506343960762024,0.2103303223848343,19.588430404663086,18.016950607299805,0.8251321911811829,25.30998420715332,192.19142150878906,g
85.12496948242188,36.322105407714844,3.252794027328491,0.12390947341918945,0.0826924592256546,33.11967468261719,26.74402618408203,1.8210631608963013,24.016475677490234,235.74417114257812,g
33.235450744628906,12.126263618469238,2.482877016067505,0.5480538606643677,0.3001667559146881,5.95741605758667,19.858585357666016,-1.1150120496749878,38.20166015625,173.2898406982422,g
69.15511322021484,31.448749542236328,3.1002182960510254,0.2628718614578247,0.1624024212360382,-2.6145825386047363,32.31864547729492,-0.7275876998901367,4.063203811645508,254.35870361328125,g
